{
  "id" : "11314c00-50ef-11e9-9b8e-4bc9d96d3dde-2",
  "name" : "WD57-Page-522.txt",
  "createdDate" : 1553732332736,
  "version" : 3,
  "text" : ". we, Henry C.Parker and wife, Cathaleen Parker,have bargained and sold,and by these presents do transfer and convey unto the said James Tinnell and wife, Audrey Tinnell, Tennessee, as follows: ",
  "docLength" : 0,
  "language" : "EN",
  "status" : "SUBMITTED",
  "modifiedDate" : 1553733116224,
  "documentSet" : [ ],
  "preannotation" : [ ],
  "sentences" : [ {
    "id" : "s0",
    "begin" : 0,
    "end" : 1,
    "text" : ".",
    "tokens" : [ {
      "id" : "s0-t0",
      "begin" : 0,
      "end" : 1,
      "text" : ".",
      "whiteSpace" : false
    } ]
  }, {
    "id" : "s1",
    "begin" : 2,
    "end" : 193,
    "text" : "we, Henry C.Parker and wife, Cathaleen Parker,have bargained and sold,and by these presents do transfer and convey unto the said James Tinnell and wife, Audrey Tinnell, Tennessee, as follows:",
    "tokens" : [ {
      "id" : "s1-t0",
      "begin" : 2,
      "end" : 4,
      "text" : "we",
      "whiteSpace" : false
    }, {
      "id" : "s1-t1",
      "begin" : 4,
      "end" : 5,
      "text" : ",",
      "whiteSpace" : false
    }, {
      "id" : "s1-t2",
      "begin" : 6,
      "end" : 11,
      "text" : "Henry",
      "whiteSpace" : false
    }, {
      "id" : "s1-t3",
      "begin" : 12,
      "end" : 20,
      "text" : "C.Parker",
      "whiteSpace" : false
    }, {
      "id" : "s1-t4",
      "begin" : 21,
      "end" : 24,
      "text" : "and",
      "whiteSpace" : false
    }, {
      "id" : "s1-t5",
      "begin" : 25,
      "end" : 29,
      "text" : "wife",
      "whiteSpace" : false
    }, {
      "id" : "s1-t6",
      "begin" : 29,
      "end" : 30,
      "text" : ",",
      "whiteSpace" : false
    }, {
      "id" : "s1-t7",
      "begin" : 31,
      "end" : 40,
      "text" : "Cathaleen",
      "whiteSpace" : false
    }, {
      "id" : "s1-t8",
      "begin" : 41,
      "end" : 47,
      "text" : "Parker",
      "whiteSpace" : false
    }, {
      "id" : "s1-t9",
      "begin" : 47,
      "end" : 48,
      "text" : ",",
      "whiteSpace" : false
    }, {
      "id" : "s1-t10",
      "begin" : 48,
      "end" : 52,
      "text" : "have",
      "whiteSpace" : false
    }, {
      "id" : "s1-t11",
      "begin" : 53,
      "end" : 62,
      "text" : "bargained",
      "whiteSpace" : false
    }, {
      "id" : "s1-t12",
      "begin" : 63,
      "end" : 66,
      "text" : "and",
      "whiteSpace" : false
    }, {
      "id" : "s1-t13",
      "begin" : 67,
      "end" : 71,
      "text" : "sold",
      "whiteSpace" : false
    }, {
      "id" : "s1-t14",
      "begin" : 71,
      "end" : 72,
      "text" : ",",
      "whiteSpace" : false
    }, {
      "id" : "s1-t15",
      "begin" : 72,
      "end" : 75,
      "text" : "and",
      "whiteSpace" : false
    }, {
      "id" : "s1-t16",
      "begin" : 76,
      "end" : 78,
      "text" : "by",
      "whiteSpace" : false
    }, {
      "id" : "s1-t17",
      "begin" : 79,
      "end" : 84,
      "text" : "these",
      "whiteSpace" : false
    }, {
      "id" : "s1-t18",
      "begin" : 85,
      "end" : 93,
      "text" : "presents",
      "whiteSpace" : false
    }, {
      "id" : "s1-t19",
      "begin" : 94,
      "end" : 96,
      "text" : "do",
      "whiteSpace" : false
    }, {
      "id" : "s1-t20",
      "begin" : 97,
      "end" : 105,
      "text" : "transfer",
      "whiteSpace" : false
    }, {
      "id" : "s1-t21",
      "begin" : 106,
      "end" : 109,
      "text" : "and",
      "whiteSpace" : false
    }, {
      "id" : "s1-t22",
      "begin" : 110,
      "end" : 116,
      "text" : "convey",
      "whiteSpace" : false
    }, {
      "id" : "s1-t23",
      "begin" : 117,
      "end" : 121,
      "text" : "unto",
      "whiteSpace" : false
    }, {
      "id" : "s1-t24",
      "begin" : 122,
      "end" : 125,
      "text" : "the",
      "whiteSpace" : false
    }, {
      "id" : "s1-t25",
      "begin" : 126,
      "end" : 130,
      "text" : "said",
      "whiteSpace" : false
    }, {
      "id" : "s1-t26",
      "begin" : 131,
      "end" : 136,
      "text" : "James",
      "whiteSpace" : false
    }, {
      "id" : "s1-t27",
      "begin" : 137,
      "end" : 144,
      "text" : "Tinnell",
      "whiteSpace" : false
    }, {
      "id" : "s1-t28",
      "begin" : 145,
      "end" : 148,
      "text" : "and",
      "whiteSpace" : false
    }, {
      "id" : "s1-t29",
      "begin" : 149,
      "end" : 153,
      "text" : "wife",
      "whiteSpace" : false
    }, {
      "id" : "s1-t30",
      "begin" : 153,
      "end" : 154,
      "text" : ",",
      "whiteSpace" : false
    }, {
      "id" : "s1-t31",
      "begin" : 155,
      "end" : 161,
      "text" : "Audrey",
      "whiteSpace" : false
    }, {
      "id" : "s1-t32",
      "begin" : 162,
      "end" : 169,
      "text" : "Tinnell",
      "whiteSpace" : false
    }, {
      "id" : "s1-t33",
      "begin" : 169,
      "end" : 170,
      "text" : ",",
      "whiteSpace" : false
    }, {
      "id" : "s1-t34",
      "begin" : 171,
      "end" : 180,
      "text" : "Tennessee",
      "whiteSpace" : false
    }, {
      "id" : "s1-t35",
      "begin" : 180,
      "end" : 181,
      "text" : ",",
      "whiteSpace" : false
    }, {
      "id" : "s1-t36",
      "begin" : 182,
      "end" : 184,
      "text" : "as",
      "whiteSpace" : false
    }, {
      "id" : "s1-t37",
      "begin" : 185,
      "end" : 192,
      "text" : "follows",
      "whiteSpace" : false
    }, {
      "id" : "s1-t38",
      "begin" : 192,
      "end" : 193,
      "text" : ":",
      "whiteSpace" : false
    } ]
  } ],
  "mentions" : [ {
    "id" : "s1-m1",
    "properties" : {
      "SIRE_MENTION_ROLE" : "Grantor",
      "SIRE_ENTITY_SUBTYPE" : "NONE",
      "SIRE_MENTION_TYPE" : "NONE",
      "SIRE_MENTION_CLASS" : "SPC"
    },
    "type" : "Grantor",
    "begin" : 6,
    "end" : 20,
    "inCoref" : false
  }, {
    "id" : "s1-m2",
    "properties" : {
      "SIRE_MENTION_ROLE" : "Grantor",
      "SIRE_ENTITY_SUBTYPE" : "NONE",
      "SIRE_MENTION_TYPE" : "NONE",
      "SIRE_MENTION_CLASS" : "SPC"
    },
    "type" : "Grantor",
    "begin" : 31,
    "end" : 47,
    "inCoref" : false
  }, {
    "id" : "s1-m3",
    "properties" : {
      "SIRE_MENTION_ROLE" : "Grantee",
      "SIRE_ENTITY_SUBTYPE" : "NONE",
      "SIRE_MENTION_TYPE" : "NONE",
      "SIRE_MENTION_CLASS" : "SPC"
    },
    "type" : "Grantee",
    "begin" : 131,
    "end" : 144,
    "inCoref" : false
  }, {
    "id" : "s1-m4",
    "properties" : {
      "SIRE_MENTION_ROLE" : "Grantee",
      "SIRE_ENTITY_SUBTYPE" : "NONE",
      "SIRE_MENTION_TYPE" : "NONE",
      "SIRE_MENTION_CLASS" : "SPC"
    },
    "type" : "Grantee",
    "begin" : 155,
    "end" : 169,
    "inCoref" : false
  } ],
  "relations" : [ ],
  "corefs" : [ ],
  "typeResolved" : true,
  "userResolved" : false
}