{
  "id" : "267f8d10-50ef-11e9-9b8e-4bc9d96d3dde-2",
  "name" : "WD98-99.txt",
  "createdDate" : 1553732368481,
  "version" : 3,
  "text" : " For and in Consideration of the sum of One ( $1 . 00) and NO/ 100 ---------- i- (in: L??) $21: ??? .. .. - -Dollars. fl!) a and love and affection for our daughter and son-in-law,we, Herbert James and wife, Dorothy James, a have bargained and sold, and by these presents do transfer and convey unto the said g; Charles Miles and wife, Gayle James Miles, their rmnsmMasmm,acummtma f: or parcel of land in Third D1 st , , Humphreyg County, State of Tennessee, as follows ",
  "docLength" : 0,
  "language" : "EN",
  "status" : "SUBMITTED",
  "modifiedDate" : 1553734931619,
  "documentSet" : [ ],
  "preannotation" : [ ],
  "sentences" : [ {
    "id" : "s0",
    "begin" : 1,
    "end" : 50,
    "text" : "For and in Consideration of the sum of One ( $1 .",
    "tokens" : [ {
      "id" : "s0-t0",
      "begin" : 1,
      "end" : 4,
      "text" : "For",
      "whiteSpace" : false
    }, {
      "id" : "s0-t1",
      "begin" : 5,
      "end" : 8,
      "text" : "and",
      "whiteSpace" : false
    }, {
      "id" : "s0-t2",
      "begin" : 9,
      "end" : 11,
      "text" : "in",
      "whiteSpace" : false
    }, {
      "id" : "s0-t3",
      "begin" : 12,
      "end" : 25,
      "text" : "Consideration",
      "whiteSpace" : false
    }, {
      "id" : "s0-t4",
      "begin" : 26,
      "end" : 28,
      "text" : "of",
      "whiteSpace" : false
    }, {
      "id" : "s0-t5",
      "begin" : 29,
      "end" : 32,
      "text" : "the",
      "whiteSpace" : false
    }, {
      "id" : "s0-t6",
      "begin" : 33,
      "end" : 36,
      "text" : "sum",
      "whiteSpace" : false
    }, {
      "id" : "s0-t7",
      "begin" : 37,
      "end" : 39,
      "text" : "of",
      "whiteSpace" : false
    }, {
      "id" : "s0-t8",
      "begin" : 40,
      "end" : 43,
      "text" : "One",
      "whiteSpace" : false
    }, {
      "id" : "s0-t9",
      "begin" : 44,
      "end" : 45,
      "text" : "(",
      "whiteSpace" : false
    }, {
      "id" : "s0-t10",
      "begin" : 46,
      "end" : 47,
      "text" : "$",
      "whiteSpace" : false
    }, {
      "id" : "s0-t11",
      "begin" : 47,
      "end" : 48,
      "text" : "1",
      "whiteSpace" : false
    }, {
      "id" : "s0-t12",
      "begin" : 49,
      "end" : 50,
      "text" : ".",
      "whiteSpace" : false
    } ]
  }, {
    "id" : "s1",
    "begin" : 51,
    "end" : 97,
    "text" : "00) and NO/ 100 ---------- i- (in: L??) $21: ?",
    "tokens" : [ {
      "id" : "s1-t0",
      "begin" : 51,
      "end" : 53,
      "text" : "00",
      "whiteSpace" : false
    }, {
      "id" : "s1-t1",
      "begin" : 53,
      "end" : 54,
      "text" : ")",
      "whiteSpace" : false
    }, {
      "id" : "s1-t2",
      "begin" : 55,
      "end" : 58,
      "text" : "and",
      "whiteSpace" : false
    }, {
      "id" : "s1-t3",
      "begin" : 59,
      "end" : 62,
      "text" : "NO/",
      "whiteSpace" : false
    }, {
      "id" : "s1-t4",
      "begin" : 63,
      "end" : 66,
      "text" : "100",
      "whiteSpace" : false
    }, {
      "id" : "s1-t5",
      "begin" : 67,
      "end" : 77,
      "text" : "----------",
      "whiteSpace" : false
    }, {
      "id" : "s1-t6",
      "begin" : 78,
      "end" : 79,
      "text" : "i",
      "whiteSpace" : false
    }, {
      "id" : "s1-t7",
      "begin" : 79,
      "end" : 80,
      "text" : "-",
      "whiteSpace" : false
    }, {
      "id" : "s1-t8",
      "begin" : 81,
      "end" : 82,
      "text" : "(",
      "whiteSpace" : false
    }, {
      "id" : "s1-t9",
      "begin" : 82,
      "end" : 84,
      "text" : "in",
      "whiteSpace" : false
    }, {
      "id" : "s1-t10",
      "begin" : 84,
      "end" : 85,
      "text" : ":",
      "whiteSpace" : false
    }, {
      "id" : "s1-t11",
      "begin" : 86,
      "end" : 89,
      "text" : "L??",
      "whiteSpace" : false
    }, {
      "id" : "s1-t12",
      "begin" : 89,
      "end" : 90,
      "text" : ")",
      "whiteSpace" : false
    }, {
      "id" : "s1-t13",
      "begin" : 91,
      "end" : 92,
      "text" : "$",
      "whiteSpace" : false
    }, {
      "id" : "s1-t14",
      "begin" : 92,
      "end" : 94,
      "text" : "21",
      "whiteSpace" : false
    }, {
      "id" : "s1-t15",
      "begin" : 94,
      "end" : 95,
      "text" : ":",
      "whiteSpace" : false
    }, {
      "id" : "s1-t16",
      "begin" : 96,
      "end" : 97,
      "text" : "?",
      "whiteSpace" : false
    } ]
  }, {
    "id" : "s2",
    "begin" : 97,
    "end" : 99,
    "text" : "??",
    "tokens" : [ {
      "id" : "s2-t0",
      "begin" : 97,
      "end" : 98,
      "text" : "?",
      "whiteSpace" : false
    }, {
      "id" : "s2-t1",
      "begin" : 98,
      "end" : 99,
      "text" : "?",
      "whiteSpace" : false
    } ]
  }, {
    "id" : "s3",
    "begin" : 100,
    "end" : 117,
    "text" : ".. .. - -Dollars.",
    "tokens" : [ {
      "id" : "s3-t0",
      "begin" : 100,
      "end" : 102,
      "text" : "..",
      "whiteSpace" : false
    }, {
      "id" : "s3-t1",
      "begin" : 103,
      "end" : 105,
      "text" : "..",
      "whiteSpace" : false
    }, {
      "id" : "s3-t2",
      "begin" : 106,
      "end" : 107,
      "text" : "-",
      "whiteSpace" : false
    }, {
      "id" : "s3-t3",
      "begin" : 108,
      "end" : 116,
      "text" : "-Dollars",
      "whiteSpace" : false
    }, {
      "id" : "s3-t4",
      "begin" : 116,
      "end" : 117,
      "text" : ".",
      "whiteSpace" : false
    } ]
  }, {
    "id" : "s4",
    "begin" : 118,
    "end" : 121,
    "text" : "fl!",
    "tokens" : [ {
      "id" : "s4-t0",
      "begin" : 118,
      "end" : 120,
      "text" : "fl",
      "whiteSpace" : false
    }, {
      "id" : "s4-t1",
      "begin" : 120,
      "end" : 121,
      "text" : "!",
      "whiteSpace" : false
    } ]
  }, {
    "id" : "s5",
    "begin" : 121,
    "end" : 469,
    "text" : ") a and love and affection for our daughter and son-in-law,we, Herbert James and wife, Dorothy James, a have bargained and sold, and by these presents do transfer and convey unto the said g; Charles Miles and wife, Gayle James Miles, their rmnsmMasmm,acummtma f: or parcel of land in Third D1 st , , Humphreyg County, State of Tennessee, as follows",
    "tokens" : [ {
      "id" : "s5-t0",
      "begin" : 121,
      "end" : 122,
      "text" : ")",
      "whiteSpace" : false
    }, {
      "id" : "s5-t1",
      "begin" : 123,
      "end" : 124,
      "text" : "a",
      "whiteSpace" : false
    }, {
      "id" : "s5-t2",
      "begin" : 125,
      "end" : 128,
      "text" : "and",
      "whiteSpace" : false
    }, {
      "id" : "s5-t3",
      "begin" : 129,
      "end" : 133,
      "text" : "love",
      "whiteSpace" : false
    }, {
      "id" : "s5-t4",
      "begin" : 134,
      "end" : 137,
      "text" : "and",
      "whiteSpace" : false
    }, {
      "id" : "s5-t5",
      "begin" : 138,
      "end" : 147,
      "text" : "affection",
      "whiteSpace" : false
    }, {
      "id" : "s5-t6",
      "begin" : 148,
      "end" : 151,
      "text" : "for",
      "whiteSpace" : false
    }, {
      "id" : "s5-t7",
      "begin" : 152,
      "end" : 155,
      "text" : "our",
      "whiteSpace" : false
    }, {
      "id" : "s5-t8",
      "begin" : 156,
      "end" : 164,
      "text" : "daughter",
      "whiteSpace" : false
    }, {
      "id" : "s5-t9",
      "begin" : 165,
      "end" : 168,
      "text" : "and",
      "whiteSpace" : false
    }, {
      "id" : "s5-t10",
      "begin" : 169,
      "end" : 172,
      "text" : "son",
      "whiteSpace" : false
    }, {
      "id" : "s5-t11",
      "begin" : 172,
      "end" : 173,
      "text" : "-",
      "whiteSpace" : false
    }, {
      "id" : "s5-t12",
      "begin" : 173,
      "end" : 175,
      "text" : "in",
      "whiteSpace" : false
    }, {
      "id" : "s5-t13",
      "begin" : 175,
      "end" : 176,
      "text" : "-",
      "whiteSpace" : false
    }, {
      "id" : "s5-t14",
      "begin" : 176,
      "end" : 179,
      "text" : "law",
      "whiteSpace" : false
    }, {
      "id" : "s5-t15",
      "begin" : 179,
      "end" : 180,
      "text" : ",",
      "whiteSpace" : false
    }, {
      "id" : "s5-t16",
      "begin" : 180,
      "end" : 182,
      "text" : "we",
      "whiteSpace" : false
    }, {
      "id" : "s5-t17",
      "begin" : 182,
      "end" : 183,
      "text" : ",",
      "whiteSpace" : false
    }, {
      "id" : "s5-t18",
      "begin" : 184,
      "end" : 191,
      "text" : "Herbert",
      "whiteSpace" : false
    }, {
      "id" : "s5-t19",
      "begin" : 192,
      "end" : 197,
      "text" : "James",
      "whiteSpace" : false
    }, {
      "id" : "s5-t20",
      "begin" : 198,
      "end" : 201,
      "text" : "and",
      "whiteSpace" : false
    }, {
      "id" : "s5-t21",
      "begin" : 202,
      "end" : 206,
      "text" : "wife",
      "whiteSpace" : false
    }, {
      "id" : "s5-t22",
      "begin" : 206,
      "end" : 207,
      "text" : ",",
      "whiteSpace" : false
    }, {
      "id" : "s5-t23",
      "begin" : 208,
      "end" : 215,
      "text" : "Dorothy",
      "whiteSpace" : false
    }, {
      "id" : "s5-t24",
      "begin" : 216,
      "end" : 221,
      "text" : "James",
      "whiteSpace" : false
    }, {
      "id" : "s5-t25",
      "begin" : 221,
      "end" : 222,
      "text" : ",",
      "whiteSpace" : false
    }, {
      "id" : "s5-t26",
      "begin" : 223,
      "end" : 224,
      "text" : "a",
      "whiteSpace" : false
    }, {
      "id" : "s5-t27",
      "begin" : 225,
      "end" : 229,
      "text" : "have",
      "whiteSpace" : false
    }, {
      "id" : "s5-t28",
      "begin" : 230,
      "end" : 239,
      "text" : "bargained",
      "whiteSpace" : false
    }, {
      "id" : "s5-t29",
      "begin" : 240,
      "end" : 243,
      "text" : "and",
      "whiteSpace" : false
    }, {
      "id" : "s5-t30",
      "begin" : 244,
      "end" : 248,
      "text" : "sold",
      "whiteSpace" : false
    }, {
      "id" : "s5-t31",
      "begin" : 248,
      "end" : 249,
      "text" : ",",
      "whiteSpace" : false
    }, {
      "id" : "s5-t32",
      "begin" : 250,
      "end" : 253,
      "text" : "and",
      "whiteSpace" : false
    }, {
      "id" : "s5-t33",
      "begin" : 254,
      "end" : 256,
      "text" : "by",
      "whiteSpace" : false
    }, {
      "id" : "s5-t34",
      "begin" : 257,
      "end" : 262,
      "text" : "these",
      "whiteSpace" : false
    }, {
      "id" : "s5-t35",
      "begin" : 263,
      "end" : 271,
      "text" : "presents",
      "whiteSpace" : false
    }, {
      "id" : "s5-t36",
      "begin" : 272,
      "end" : 274,
      "text" : "do",
      "whiteSpace" : false
    }, {
      "id" : "s5-t37",
      "begin" : 275,
      "end" : 283,
      "text" : "transfer",
      "whiteSpace" : false
    }, {
      "id" : "s5-t38",
      "begin" : 284,
      "end" : 287,
      "text" : "and",
      "whiteSpace" : false
    }, {
      "id" : "s5-t39",
      "begin" : 288,
      "end" : 294,
      "text" : "convey",
      "whiteSpace" : false
    }, {
      "id" : "s5-t40",
      "begin" : 295,
      "end" : 299,
      "text" : "unto",
      "whiteSpace" : false
    }, {
      "id" : "s5-t41",
      "begin" : 300,
      "end" : 303,
      "text" : "the",
      "whiteSpace" : false
    }, {
      "id" : "s5-t42",
      "begin" : 304,
      "end" : 308,
      "text" : "said",
      "whiteSpace" : false
    }, {
      "id" : "s5-t43",
      "begin" : 309,
      "end" : 310,
      "text" : "g",
      "whiteSpace" : false
    }, {
      "id" : "s5-t44",
      "begin" : 310,
      "end" : 311,
      "text" : ";",
      "whiteSpace" : false
    }, {
      "id" : "s5-t45",
      "begin" : 312,
      "end" : 319,
      "text" : "Charles",
      "whiteSpace" : false
    }, {
      "id" : "s5-t46",
      "begin" : 320,
      "end" : 325,
      "text" : "Miles",
      "whiteSpace" : false
    }, {
      "id" : "s5-t47",
      "begin" : 326,
      "end" : 329,
      "text" : "and",
      "whiteSpace" : false
    }, {
      "id" : "s5-t48",
      "begin" : 330,
      "end" : 334,
      "text" : "wife",
      "whiteSpace" : false
    }, {
      "id" : "s5-t49",
      "begin" : 334,
      "end" : 335,
      "text" : ",",
      "whiteSpace" : false
    }, {
      "id" : "s5-t50",
      "begin" : 336,
      "end" : 341,
      "text" : "Gayle",
      "whiteSpace" : false
    }, {
      "id" : "s5-t51",
      "begin" : 342,
      "end" : 347,
      "text" : "James",
      "whiteSpace" : false
    }, {
      "id" : "s5-t52",
      "begin" : 348,
      "end" : 353,
      "text" : "Miles",
      "whiteSpace" : false
    }, {
      "id" : "s5-t53",
      "begin" : 353,
      "end" : 354,
      "text" : ",",
      "whiteSpace" : false
    }, {
      "id" : "s5-t54",
      "begin" : 355,
      "end" : 360,
      "text" : "their",
      "whiteSpace" : false
    }, {
      "id" : "s5-t55",
      "begin" : 361,
      "end" : 371,
      "text" : "rmnsmMasmm",
      "whiteSpace" : false
    }, {
      "id" : "s5-t56",
      "begin" : 371,
      "end" : 372,
      "text" : ",",
      "whiteSpace" : false
    }, {
      "id" : "s5-t57",
      "begin" : 372,
      "end" : 380,
      "text" : "acummtma",
      "whiteSpace" : false
    }, {
      "id" : "s5-t58",
      "begin" : 381,
      "end" : 382,
      "text" : "f",
      "whiteSpace" : false
    }, {
      "id" : "s5-t59",
      "begin" : 382,
      "end" : 383,
      "text" : ":",
      "whiteSpace" : false
    }, {
      "id" : "s5-t60",
      "begin" : 384,
      "end" : 386,
      "text" : "or",
      "whiteSpace" : false
    }, {
      "id" : "s5-t61",
      "begin" : 387,
      "end" : 393,
      "text" : "parcel",
      "whiteSpace" : false
    }, {
      "id" : "s5-t62",
      "begin" : 394,
      "end" : 396,
      "text" : "of",
      "whiteSpace" : false
    }, {
      "id" : "s5-t63",
      "begin" : 397,
      "end" : 401,
      "text" : "land",
      "whiteSpace" : false
    }, {
      "id" : "s5-t64",
      "begin" : 402,
      "end" : 404,
      "text" : "in",
      "whiteSpace" : false
    }, {
      "id" : "s5-t65",
      "begin" : 405,
      "end" : 410,
      "text" : "Third",
      "whiteSpace" : false
    }, {
      "id" : "s5-t66",
      "begin" : 411,
      "end" : 413,
      "text" : "D1",
      "whiteSpace" : false
    }, {
      "id" : "s5-t67",
      "begin" : 414,
      "end" : 416,
      "text" : "st",
      "whiteSpace" : false
    }, {
      "id" : "s5-t68",
      "begin" : 417,
      "end" : 418,
      "text" : ",",
      "whiteSpace" : false
    }, {
      "id" : "s5-t69",
      "begin" : 419,
      "end" : 420,
      "text" : ",",
      "whiteSpace" : false
    }, {
      "id" : "s5-t70",
      "begin" : 421,
      "end" : 430,
      "text" : "Humphreyg",
      "whiteSpace" : false
    }, {
      "id" : "s5-t71",
      "begin" : 431,
      "end" : 437,
      "text" : "County",
      "whiteSpace" : false
    }, {
      "id" : "s5-t72",
      "begin" : 437,
      "end" : 438,
      "text" : ",",
      "whiteSpace" : false
    }, {
      "id" : "s5-t73",
      "begin" : 439,
      "end" : 444,
      "text" : "State",
      "whiteSpace" : false
    }, {
      "id" : "s5-t74",
      "begin" : 445,
      "end" : 447,
      "text" : "of",
      "whiteSpace" : false
    }, {
      "id" : "s5-t75",
      "begin" : 448,
      "end" : 457,
      "text" : "Tennessee",
      "whiteSpace" : false
    }, {
      "id" : "s5-t76",
      "begin" : 457,
      "end" : 458,
      "text" : ",",
      "whiteSpace" : false
    }, {
      "id" : "s5-t77",
      "begin" : 459,
      "end" : 461,
      "text" : "as",
      "whiteSpace" : false
    }, {
      "id" : "s5-t78",
      "begin" : 462,
      "end" : 469,
      "text" : "follows",
      "whiteSpace" : false
    } ]
  } ],
  "mentions" : [ {
    "id" : "s5-m1",
    "properties" : {
      "SIRE_MENTION_ROLE" : "Grantor",
      "SIRE_ENTITY_SUBTYPE" : "NONE",
      "SIRE_MENTION_TYPE" : "NONE",
      "SIRE_MENTION_CLASS" : "SPC"
    },
    "type" : "Grantor",
    "begin" : 208,
    "end" : 221,
    "inCoref" : false
  }, {
    "id" : "s5-m2",
    "properties" : {
      "SIRE_MENTION_ROLE" : "Grantee",
      "SIRE_ENTITY_SUBTYPE" : "NONE",
      "SIRE_MENTION_TYPE" : "NONE",
      "SIRE_MENTION_CLASS" : "SPC"
    },
    "type" : "Grantee",
    "begin" : 312,
    "end" : 325,
    "inCoref" : false
  }, {
    "id" : "s5-m3",
    "properties" : {
      "SIRE_MENTION_ROLE" : "Grantee",
      "SIRE_ENTITY_SUBTYPE" : "NONE",
      "SIRE_MENTION_TYPE" : "NONE",
      "SIRE_MENTION_CLASS" : "SPC"
    },
    "type" : "Grantee",
    "begin" : 336,
    "end" : 353,
    "inCoref" : false
  } ],
  "relations" : [ ],
  "corefs" : [ ],
  "typeResolved" : true,
  "userResolved" : false
}