{
  "id" : "267f8d10-50ef-11e9-9b8e-4bc9d96d3dde-3",
  "name" : "WD120-1.txt",
  "createdDate" : 1553732368481,
  "version" : 3,
  "text" : "NOW, THEREFORE, WE DAVID STEPHENSON ET UX PEGGY STEPHENSON will, i . } Re Book No.1,. Page New Register /?? have bargained and sold, and by these presents do transfer and??? convey unto the said . ??? RONALD W. GI LLIAM ET UX JULIE A. GI LLIAM, their heirs and assigns, a. certain tract : In 01' P311391 0f land in Humphreys County, State of Tennessee, as follow",
  "docLength" : 0,
  "language" : "EN",
  "status" : "SUBMITTED",
  "modifiedDate" : 1553734950136,
  "documentSet" : [ ],
  "preannotation" : [ ],
  "sentences" : [ {
    "id" : "s0",
    "begin" : 0,
    "end" : 68,
    "text" : "NOW, THEREFORE, WE DAVID STEPHENSON ET UX PEGGY STEPHENSON will, i .",
    "tokens" : [ {
      "id" : "s0-t0",
      "begin" : 0,
      "end" : 3,
      "text" : "NOW",
      "whiteSpace" : false
    }, {
      "id" : "s0-t1",
      "begin" : 3,
      "end" : 4,
      "text" : ",",
      "whiteSpace" : false
    }, {
      "id" : "s0-t2",
      "begin" : 5,
      "end" : 14,
      "text" : "THEREFORE",
      "whiteSpace" : false
    }, {
      "id" : "s0-t3",
      "begin" : 14,
      "end" : 15,
      "text" : ",",
      "whiteSpace" : false
    }, {
      "id" : "s0-t4",
      "begin" : 16,
      "end" : 18,
      "text" : "WE",
      "whiteSpace" : false
    }, {
      "id" : "s0-t5",
      "begin" : 19,
      "end" : 24,
      "text" : "DAVID",
      "whiteSpace" : false
    }, {
      "id" : "s0-t6",
      "begin" : 25,
      "end" : 35,
      "text" : "STEPHENSON",
      "whiteSpace" : false
    }, {
      "id" : "s0-t7",
      "begin" : 36,
      "end" : 38,
      "text" : "ET",
      "whiteSpace" : false
    }, {
      "id" : "s0-t8",
      "begin" : 39,
      "end" : 41,
      "text" : "UX",
      "whiteSpace" : false
    }, {
      "id" : "s0-t9",
      "begin" : 42,
      "end" : 47,
      "text" : "PEGGY",
      "whiteSpace" : false
    }, {
      "id" : "s0-t10",
      "begin" : 48,
      "end" : 58,
      "text" : "STEPHENSON",
      "whiteSpace" : false
    }, {
      "id" : "s0-t11",
      "begin" : 59,
      "end" : 63,
      "text" : "will",
      "whiteSpace" : false
    }, {
      "id" : "s0-t12",
      "begin" : 63,
      "end" : 64,
      "text" : ",",
      "whiteSpace" : false
    }, {
      "id" : "s0-t13",
      "begin" : 65,
      "end" : 66,
      "text" : "i",
      "whiteSpace" : false
    }, {
      "id" : "s0-t14",
      "begin" : 67,
      "end" : 68,
      "text" : ".",
      "whiteSpace" : false
    } ]
  }, {
    "id" : "s1",
    "begin" : 69,
    "end" : 85,
    "text" : "} Re Book No.1,.",
    "tokens" : [ {
      "id" : "s1-t0",
      "begin" : 69,
      "end" : 70,
      "text" : "}",
      "whiteSpace" : false
    }, {
      "id" : "s1-t1",
      "begin" : 71,
      "end" : 73,
      "text" : "Re",
      "whiteSpace" : false
    }, {
      "id" : "s1-t2",
      "begin" : 74,
      "end" : 78,
      "text" : "Book",
      "whiteSpace" : false
    }, {
      "id" : "s1-t3",
      "begin" : 79,
      "end" : 83,
      "text" : "No.1",
      "whiteSpace" : false
    }, {
      "id" : "s1-t4",
      "begin" : 83,
      "end" : 84,
      "text" : ",",
      "whiteSpace" : false
    }, {
      "id" : "s1-t5",
      "begin" : 84,
      "end" : 85,
      "text" : ".",
      "whiteSpace" : false
    } ]
  }, {
    "id" : "s2",
    "begin" : 86,
    "end" : 107,
    "text" : "Page New Register /??",
    "tokens" : [ {
      "id" : "s2-t0",
      "begin" : 86,
      "end" : 90,
      "text" : "Page",
      "whiteSpace" : false
    }, {
      "id" : "s2-t1",
      "begin" : 91,
      "end" : 94,
      "text" : "New",
      "whiteSpace" : false
    }, {
      "id" : "s2-t2",
      "begin" : 95,
      "end" : 103,
      "text" : "Register",
      "whiteSpace" : false
    }, {
      "id" : "s2-t3",
      "begin" : 104,
      "end" : 105,
      "text" : "/",
      "whiteSpace" : false
    }, {
      "id" : "s2-t4",
      "begin" : 105,
      "end" : 106,
      "text" : "?",
      "whiteSpace" : false
    }, {
      "id" : "s2-t5",
      "begin" : 106,
      "end" : 107,
      "text" : "?",
      "whiteSpace" : false
    } ]
  }, {
    "id" : "s3",
    "begin" : 108,
    "end" : 171,
    "text" : "have bargained and sold, and by these presents do transfer and?",
    "tokens" : [ {
      "id" : "s3-t0",
      "begin" : 108,
      "end" : 112,
      "text" : "have",
      "whiteSpace" : false
    }, {
      "id" : "s3-t1",
      "begin" : 113,
      "end" : 122,
      "text" : "bargained",
      "whiteSpace" : false
    }, {
      "id" : "s3-t2",
      "begin" : 123,
      "end" : 126,
      "text" : "and",
      "whiteSpace" : false
    }, {
      "id" : "s3-t3",
      "begin" : 127,
      "end" : 131,
      "text" : "sold",
      "whiteSpace" : false
    }, {
      "id" : "s3-t4",
      "begin" : 131,
      "end" : 132,
      "text" : ",",
      "whiteSpace" : false
    }, {
      "id" : "s3-t5",
      "begin" : 133,
      "end" : 136,
      "text" : "and",
      "whiteSpace" : false
    }, {
      "id" : "s3-t6",
      "begin" : 137,
      "end" : 139,
      "text" : "by",
      "whiteSpace" : false
    }, {
      "id" : "s3-t7",
      "begin" : 140,
      "end" : 145,
      "text" : "these",
      "whiteSpace" : false
    }, {
      "id" : "s3-t8",
      "begin" : 146,
      "end" : 154,
      "text" : "presents",
      "whiteSpace" : false
    }, {
      "id" : "s3-t9",
      "begin" : 155,
      "end" : 157,
      "text" : "do",
      "whiteSpace" : false
    }, {
      "id" : "s3-t10",
      "begin" : 158,
      "end" : 166,
      "text" : "transfer",
      "whiteSpace" : false
    }, {
      "id" : "s3-t11",
      "begin" : 167,
      "end" : 170,
      "text" : "and",
      "whiteSpace" : false
    }, {
      "id" : "s3-t12",
      "begin" : 170,
      "end" : 171,
      "text" : "?",
      "whiteSpace" : false
    } ]
  }, {
    "id" : "s4",
    "begin" : 171,
    "end" : 173,
    "text" : "??",
    "tokens" : [ {
      "id" : "s4-t0",
      "begin" : 171,
      "end" : 172,
      "text" : "?",
      "whiteSpace" : false
    }, {
      "id" : "s4-t1",
      "begin" : 172,
      "end" : 173,
      "text" : "?",
      "whiteSpace" : false
    } ]
  }, {
    "id" : "s5",
    "begin" : 174,
    "end" : 198,
    "text" : "convey unto the said . ?",
    "tokens" : [ {
      "id" : "s5-t0",
      "begin" : 174,
      "end" : 180,
      "text" : "convey",
      "whiteSpace" : false
    }, {
      "id" : "s5-t1",
      "begin" : 181,
      "end" : 185,
      "text" : "unto",
      "whiteSpace" : false
    }, {
      "id" : "s5-t2",
      "begin" : 186,
      "end" : 189,
      "text" : "the",
      "whiteSpace" : false
    }, {
      "id" : "s5-t3",
      "begin" : 190,
      "end" : 194,
      "text" : "said",
      "whiteSpace" : false
    }, {
      "id" : "s5-t4",
      "begin" : 195,
      "end" : 196,
      "text" : ".",
      "whiteSpace" : false
    }, {
      "id" : "s5-t5",
      "begin" : 197,
      "end" : 198,
      "text" : "?",
      "whiteSpace" : false
    } ]
  }, {
    "id" : "s6",
    "begin" : 198,
    "end" : 200,
    "text" : "??",
    "tokens" : [ {
      "id" : "s6-t0",
      "begin" : 198,
      "end" : 199,
      "text" : "?",
      "whiteSpace" : false
    }, {
      "id" : "s6-t1",
      "begin" : 199,
      "end" : 200,
      "text" : "?",
      "whiteSpace" : false
    } ]
  }, {
    "id" : "s7",
    "begin" : 201,
    "end" : 272,
    "text" : "RONALD W. GI LLIAM ET UX JULIE A. GI LLIAM, their heirs and assigns, a.",
    "tokens" : [ {
      "id" : "s7-t0",
      "begin" : 201,
      "end" : 207,
      "text" : "RONALD",
      "whiteSpace" : false
    }, {
      "id" : "s7-t1",
      "begin" : 208,
      "end" : 210,
      "text" : "W.",
      "whiteSpace" : false
    }, {
      "id" : "s7-t2",
      "begin" : 211,
      "end" : 213,
      "text" : "GI",
      "whiteSpace" : false
    }, {
      "id" : "s7-t3",
      "begin" : 214,
      "end" : 219,
      "text" : "LLIAM",
      "whiteSpace" : false
    }, {
      "id" : "s7-t4",
      "begin" : 220,
      "end" : 222,
      "text" : "ET",
      "whiteSpace" : false
    }, {
      "id" : "s7-t5",
      "begin" : 223,
      "end" : 225,
      "text" : "UX",
      "whiteSpace" : false
    }, {
      "id" : "s7-t6",
      "begin" : 226,
      "end" : 231,
      "text" : "JULIE",
      "whiteSpace" : false
    }, {
      "id" : "s7-t7",
      "begin" : 232,
      "end" : 234,
      "text" : "A.",
      "whiteSpace" : false
    }, {
      "id" : "s7-t8",
      "begin" : 235,
      "end" : 237,
      "text" : "GI",
      "whiteSpace" : false
    }, {
      "id" : "s7-t9",
      "begin" : 238,
      "end" : 243,
      "text" : "LLIAM",
      "whiteSpace" : false
    }, {
      "id" : "s7-t10",
      "begin" : 243,
      "end" : 244,
      "text" : ",",
      "whiteSpace" : false
    }, {
      "id" : "s7-t11",
      "begin" : 245,
      "end" : 250,
      "text" : "their",
      "whiteSpace" : false
    }, {
      "id" : "s7-t12",
      "begin" : 251,
      "end" : 256,
      "text" : "heirs",
      "whiteSpace" : false
    }, {
      "id" : "s7-t13",
      "begin" : 257,
      "end" : 260,
      "text" : "and",
      "whiteSpace" : false
    }, {
      "id" : "s7-t14",
      "begin" : 261,
      "end" : 268,
      "text" : "assigns",
      "whiteSpace" : false
    }, {
      "id" : "s7-t15",
      "begin" : 268,
      "end" : 269,
      "text" : ",",
      "whiteSpace" : false
    }, {
      "id" : "s7-t16",
      "begin" : 270,
      "end" : 271,
      "text" : "a",
      "whiteSpace" : false
    }, {
      "id" : "s7-t17",
      "begin" : 271,
      "end" : 272,
      "text" : ".",
      "whiteSpace" : false
    } ]
  }, {
    "id" : "s8",
    "begin" : 273,
    "end" : 362,
    "text" : "certain tract : In 01' P311391 0f land in Humphreys County, State of Tennessee, as follow",
    "tokens" : [ {
      "id" : "s8-t0",
      "begin" : 273,
      "end" : 280,
      "text" : "certain",
      "whiteSpace" : false
    }, {
      "id" : "s8-t1",
      "begin" : 281,
      "end" : 286,
      "text" : "tract",
      "whiteSpace" : false
    }, {
      "id" : "s8-t2",
      "begin" : 287,
      "end" : 288,
      "text" : ":",
      "whiteSpace" : false
    }, {
      "id" : "s8-t3",
      "begin" : 289,
      "end" : 291,
      "text" : "In",
      "whiteSpace" : false
    }, {
      "id" : "s8-t4",
      "begin" : 292,
      "end" : 294,
      "text" : "01",
      "whiteSpace" : false
    }, {
      "id" : "s8-t5",
      "begin" : 294,
      "end" : 295,
      "text" : "'",
      "whiteSpace" : false
    }, {
      "id" : "s8-t6",
      "begin" : 296,
      "end" : 303,
      "text" : "P311391",
      "whiteSpace" : false
    }, {
      "id" : "s8-t7",
      "begin" : 304,
      "end" : 306,
      "text" : "0f",
      "whiteSpace" : false
    }, {
      "id" : "s8-t8",
      "begin" : 307,
      "end" : 311,
      "text" : "land",
      "whiteSpace" : false
    }, {
      "id" : "s8-t9",
      "begin" : 312,
      "end" : 314,
      "text" : "in",
      "whiteSpace" : false
    }, {
      "id" : "s8-t10",
      "begin" : 315,
      "end" : 324,
      "text" : "Humphreys",
      "whiteSpace" : false
    }, {
      "id" : "s8-t11",
      "begin" : 325,
      "end" : 331,
      "text" : "County",
      "whiteSpace" : false
    }, {
      "id" : "s8-t12",
      "begin" : 331,
      "end" : 332,
      "text" : ",",
      "whiteSpace" : false
    }, {
      "id" : "s8-t13",
      "begin" : 333,
      "end" : 338,
      "text" : "State",
      "whiteSpace" : false
    }, {
      "id" : "s8-t14",
      "begin" : 339,
      "end" : 341,
      "text" : "of",
      "whiteSpace" : false
    }, {
      "id" : "s8-t15",
      "begin" : 342,
      "end" : 351,
      "text" : "Tennessee",
      "whiteSpace" : false
    }, {
      "id" : "s8-t16",
      "begin" : 351,
      "end" : 352,
      "text" : ",",
      "whiteSpace" : false
    }, {
      "id" : "s8-t17",
      "begin" : 353,
      "end" : 355,
      "text" : "as",
      "whiteSpace" : false
    }, {
      "id" : "s8-t18",
      "begin" : 356,
      "end" : 362,
      "text" : "follow",
      "whiteSpace" : false
    } ]
  } ],
  "mentions" : [ {
    "id" : "s0-m1",
    "properties" : {
      "SIRE_MENTION_ROLE" : "Grantor",
      "SIRE_ENTITY_SUBTYPE" : "NONE",
      "SIRE_MENTION_TYPE" : "NONE",
      "SIRE_MENTION_CLASS" : "SPC"
    },
    "type" : "Grantor",
    "begin" : 19,
    "end" : 35,
    "inCoref" : false
  }, {
    "id" : "s0-m2",
    "properties" : {
      "SIRE_MENTION_ROLE" : "Grantor",
      "SIRE_ENTITY_SUBTYPE" : "NONE",
      "SIRE_MENTION_TYPE" : "NONE",
      "SIRE_MENTION_CLASS" : "SPC"
    },
    "type" : "Grantor",
    "begin" : 42,
    "end" : 58,
    "inCoref" : false
  }, {
    "id" : "s7-m1",
    "properties" : {
      "SIRE_MENTION_ROLE" : "Grantor",
      "SIRE_ENTITY_SUBTYPE" : "NONE",
      "SIRE_MENTION_TYPE" : "NONE",
      "SIRE_MENTION_CLASS" : "SPC"
    },
    "type" : "Grantor",
    "begin" : 201,
    "end" : 219,
    "inCoref" : false
  }, {
    "id" : "s7-m2",
    "properties" : {
      "SIRE_MENTION_ROLE" : "Grantor",
      "SIRE_ENTITY_SUBTYPE" : "NONE",
      "SIRE_MENTION_TYPE" : "NONE",
      "SIRE_MENTION_CLASS" : "SPC"
    },
    "type" : "Grantor",
    "begin" : 226,
    "end" : 243,
    "inCoref" : false
  } ],
  "relations" : [ ],
  "corefs" : [ ],
  "typeResolved" : true,
  "userResolved" : false
}