{
  "id" : "267f8d10-50ef-11e9-9b8e-4bc9d96d3dde-4",
  "name" : "WD154-1.txt",
  "createdDate" : 1553732368481,
  "version" : 3,
  "text" : " For and in consideration of the sum of TEN AND NO/lOO ($10.00) DOLLARS, cash in hand paid, and other good and valuable considerations, the receipt of which is hereby acknowledged, we, EUGENE P. MADECK and wife, HELEN G. MADECK, this date have bargained and sold, and by these presents do transfer and convey unto WILLIAM HOWARD HORTON and wife, LORRIE ANN HORTON, their heirs and assigns, a certain tract or parcel of land in the Second Civil District of Humphreys County, Tennessee, as v follows:",
  "docLength" : 0,
  "language" : "EN",
  "status" : "SUBMITTED",
  "modifiedDate" : 1553734963623,
  "documentSet" : [ ],
  "preannotation" : [ ],
  "sentences" : [ {
    "id" : "s0",
    "begin" : 1,
    "end" : 498,
    "text" : "For and in consideration of the sum of TEN AND NO/lOO ($10.00) DOLLARS, cash in hand paid, and other good and valuable considerations, the receipt of which is hereby acknowledged, we, EUGENE P. MADECK and wife, HELEN G. MADECK, this date have bargained and sold, and by these presents do transfer and convey unto WILLIAM HOWARD HORTON and wife, LORRIE ANN HORTON, their heirs and assigns, a certain tract or parcel of land in the Second Civil District of Humphreys County, Tennessee, as v follows:",
    "tokens" : [ {
      "id" : "s0-t0",
      "begin" : 1,
      "end" : 4,
      "text" : "For",
      "whiteSpace" : false
    }, {
      "id" : "s0-t1",
      "begin" : 5,
      "end" : 8,
      "text" : "and",
      "whiteSpace" : false
    }, {
      "id" : "s0-t2",
      "begin" : 9,
      "end" : 11,
      "text" : "in",
      "whiteSpace" : false
    }, {
      "id" : "s0-t3",
      "begin" : 12,
      "end" : 25,
      "text" : "consideration",
      "whiteSpace" : false
    }, {
      "id" : "s0-t4",
      "begin" : 26,
      "end" : 28,
      "text" : "of",
      "whiteSpace" : false
    }, {
      "id" : "s0-t5",
      "begin" : 29,
      "end" : 32,
      "text" : "the",
      "whiteSpace" : false
    }, {
      "id" : "s0-t6",
      "begin" : 33,
      "end" : 36,
      "text" : "sum",
      "whiteSpace" : false
    }, {
      "id" : "s0-t7",
      "begin" : 37,
      "end" : 39,
      "text" : "of",
      "whiteSpace" : false
    }, {
      "id" : "s0-t8",
      "begin" : 40,
      "end" : 43,
      "text" : "TEN",
      "whiteSpace" : false
    }, {
      "id" : "s0-t9",
      "begin" : 44,
      "end" : 47,
      "text" : "AND",
      "whiteSpace" : false
    }, {
      "id" : "s0-t10",
      "begin" : 48,
      "end" : 54,
      "text" : "NO/lOO",
      "whiteSpace" : false
    }, {
      "id" : "s0-t11",
      "begin" : 55,
      "end" : 56,
      "text" : "(",
      "whiteSpace" : false
    }, {
      "id" : "s0-t12",
      "begin" : 56,
      "end" : 57,
      "text" : "$",
      "whiteSpace" : false
    }, {
      "id" : "s0-t13",
      "begin" : 57,
      "end" : 62,
      "text" : "10.00",
      "whiteSpace" : false
    }, {
      "id" : "s0-t14",
      "begin" : 62,
      "end" : 63,
      "text" : ")",
      "whiteSpace" : false
    }, {
      "id" : "s0-t15",
      "begin" : 64,
      "end" : 71,
      "text" : "DOLLARS",
      "whiteSpace" : false
    }, {
      "id" : "s0-t16",
      "begin" : 71,
      "end" : 72,
      "text" : ",",
      "whiteSpace" : false
    }, {
      "id" : "s0-t17",
      "begin" : 73,
      "end" : 77,
      "text" : "cash",
      "whiteSpace" : false
    }, {
      "id" : "s0-t18",
      "begin" : 78,
      "end" : 80,
      "text" : "in",
      "whiteSpace" : false
    }, {
      "id" : "s0-t19",
      "begin" : 81,
      "end" : 85,
      "text" : "hand",
      "whiteSpace" : false
    }, {
      "id" : "s0-t20",
      "begin" : 86,
      "end" : 90,
      "text" : "paid",
      "whiteSpace" : false
    }, {
      "id" : "s0-t21",
      "begin" : 90,
      "end" : 91,
      "text" : ",",
      "whiteSpace" : false
    }, {
      "id" : "s0-t22",
      "begin" : 92,
      "end" : 95,
      "text" : "and",
      "whiteSpace" : false
    }, {
      "id" : "s0-t23",
      "begin" : 96,
      "end" : 101,
      "text" : "other",
      "whiteSpace" : false
    }, {
      "id" : "s0-t24",
      "begin" : 102,
      "end" : 106,
      "text" : "good",
      "whiteSpace" : false
    }, {
      "id" : "s0-t25",
      "begin" : 107,
      "end" : 110,
      "text" : "and",
      "whiteSpace" : false
    }, {
      "id" : "s0-t26",
      "begin" : 111,
      "end" : 119,
      "text" : "valuable",
      "whiteSpace" : false
    }, {
      "id" : "s0-t27",
      "begin" : 120,
      "end" : 134,
      "text" : "considerations",
      "whiteSpace" : false
    }, {
      "id" : "s0-t28",
      "begin" : 134,
      "end" : 135,
      "text" : ",",
      "whiteSpace" : false
    }, {
      "id" : "s0-t29",
      "begin" : 136,
      "end" : 139,
      "text" : "the",
      "whiteSpace" : false
    }, {
      "id" : "s0-t30",
      "begin" : 140,
      "end" : 147,
      "text" : "receipt",
      "whiteSpace" : false
    }, {
      "id" : "s0-t31",
      "begin" : 148,
      "end" : 150,
      "text" : "of",
      "whiteSpace" : false
    }, {
      "id" : "s0-t32",
      "begin" : 151,
      "end" : 156,
      "text" : "which",
      "whiteSpace" : false
    }, {
      "id" : "s0-t33",
      "begin" : 157,
      "end" : 159,
      "text" : "is",
      "whiteSpace" : false
    }, {
      "id" : "s0-t34",
      "begin" : 160,
      "end" : 166,
      "text" : "hereby",
      "whiteSpace" : false
    }, {
      "id" : "s0-t35",
      "begin" : 167,
      "end" : 179,
      "text" : "acknowledged",
      "whiteSpace" : false
    }, {
      "id" : "s0-t36",
      "begin" : 179,
      "end" : 180,
      "text" : ",",
      "whiteSpace" : false
    }, {
      "id" : "s0-t37",
      "begin" : 181,
      "end" : 183,
      "text" : "we",
      "whiteSpace" : false
    }, {
      "id" : "s0-t38",
      "begin" : 183,
      "end" : 184,
      "text" : ",",
      "whiteSpace" : false
    }, {
      "id" : "s0-t39",
      "begin" : 185,
      "end" : 191,
      "text" : "EUGENE",
      "whiteSpace" : false
    }, {
      "id" : "s0-t40",
      "begin" : 192,
      "end" : 194,
      "text" : "P.",
      "whiteSpace" : false
    }, {
      "id" : "s0-t41",
      "begin" : 195,
      "end" : 201,
      "text" : "MADECK",
      "whiteSpace" : false
    }, {
      "id" : "s0-t42",
      "begin" : 202,
      "end" : 205,
      "text" : "and",
      "whiteSpace" : false
    }, {
      "id" : "s0-t43",
      "begin" : 206,
      "end" : 210,
      "text" : "wife",
      "whiteSpace" : false
    }, {
      "id" : "s0-t44",
      "begin" : 210,
      "end" : 211,
      "text" : ",",
      "whiteSpace" : false
    }, {
      "id" : "s0-t45",
      "begin" : 212,
      "end" : 217,
      "text" : "HELEN",
      "whiteSpace" : false
    }, {
      "id" : "s0-t46",
      "begin" : 218,
      "end" : 220,
      "text" : "G.",
      "whiteSpace" : false
    }, {
      "id" : "s0-t47",
      "begin" : 221,
      "end" : 227,
      "text" : "MADECK",
      "whiteSpace" : false
    }, {
      "id" : "s0-t48",
      "begin" : 227,
      "end" : 228,
      "text" : ",",
      "whiteSpace" : false
    }, {
      "id" : "s0-t49",
      "begin" : 229,
      "end" : 233,
      "text" : "this",
      "whiteSpace" : false
    }, {
      "id" : "s0-t50",
      "begin" : 234,
      "end" : 238,
      "text" : "date",
      "whiteSpace" : false
    }, {
      "id" : "s0-t51",
      "begin" : 239,
      "end" : 243,
      "text" : "have",
      "whiteSpace" : false
    }, {
      "id" : "s0-t52",
      "begin" : 244,
      "end" : 253,
      "text" : "bargained",
      "whiteSpace" : false
    }, {
      "id" : "s0-t53",
      "begin" : 254,
      "end" : 257,
      "text" : "and",
      "whiteSpace" : false
    }, {
      "id" : "s0-t54",
      "begin" : 258,
      "end" : 262,
      "text" : "sold",
      "whiteSpace" : false
    }, {
      "id" : "s0-t55",
      "begin" : 262,
      "end" : 263,
      "text" : ",",
      "whiteSpace" : false
    }, {
      "id" : "s0-t56",
      "begin" : 264,
      "end" : 267,
      "text" : "and",
      "whiteSpace" : false
    }, {
      "id" : "s0-t57",
      "begin" : 268,
      "end" : 270,
      "text" : "by",
      "whiteSpace" : false
    }, {
      "id" : "s0-t58",
      "begin" : 271,
      "end" : 276,
      "text" : "these",
      "whiteSpace" : false
    }, {
      "id" : "s0-t59",
      "begin" : 277,
      "end" : 285,
      "text" : "presents",
      "whiteSpace" : false
    }, {
      "id" : "s0-t60",
      "begin" : 286,
      "end" : 288,
      "text" : "do",
      "whiteSpace" : false
    }, {
      "id" : "s0-t61",
      "begin" : 289,
      "end" : 297,
      "text" : "transfer",
      "whiteSpace" : false
    }, {
      "id" : "s0-t62",
      "begin" : 298,
      "end" : 301,
      "text" : "and",
      "whiteSpace" : false
    }, {
      "id" : "s0-t63",
      "begin" : 302,
      "end" : 308,
      "text" : "convey",
      "whiteSpace" : false
    }, {
      "id" : "s0-t64",
      "begin" : 309,
      "end" : 313,
      "text" : "unto",
      "whiteSpace" : false
    }, {
      "id" : "s0-t65",
      "begin" : 314,
      "end" : 321,
      "text" : "WILLIAM",
      "whiteSpace" : false
    }, {
      "id" : "s0-t66",
      "begin" : 322,
      "end" : 328,
      "text" : "HOWARD",
      "whiteSpace" : false
    }, {
      "id" : "s0-t67",
      "begin" : 329,
      "end" : 335,
      "text" : "HORTON",
      "whiteSpace" : false
    }, {
      "id" : "s0-t68",
      "begin" : 336,
      "end" : 339,
      "text" : "and",
      "whiteSpace" : false
    }, {
      "id" : "s0-t69",
      "begin" : 340,
      "end" : 344,
      "text" : "wife",
      "whiteSpace" : false
    }, {
      "id" : "s0-t70",
      "begin" : 344,
      "end" : 345,
      "text" : ",",
      "whiteSpace" : false
    }, {
      "id" : "s0-t71",
      "begin" : 346,
      "end" : 352,
      "text" : "LORRIE",
      "whiteSpace" : false
    }, {
      "id" : "s0-t72",
      "begin" : 353,
      "end" : 356,
      "text" : "ANN",
      "whiteSpace" : false
    }, {
      "id" : "s0-t73",
      "begin" : 357,
      "end" : 363,
      "text" : "HORTON",
      "whiteSpace" : false
    }, {
      "id" : "s0-t74",
      "begin" : 363,
      "end" : 364,
      "text" : ",",
      "whiteSpace" : false
    }, {
      "id" : "s0-t75",
      "begin" : 365,
      "end" : 370,
      "text" : "their",
      "whiteSpace" : false
    }, {
      "id" : "s0-t76",
      "begin" : 371,
      "end" : 376,
      "text" : "heirs",
      "whiteSpace" : false
    }, {
      "id" : "s0-t77",
      "begin" : 377,
      "end" : 380,
      "text" : "and",
      "whiteSpace" : false
    }, {
      "id" : "s0-t78",
      "begin" : 381,
      "end" : 388,
      "text" : "assigns",
      "whiteSpace" : false
    }, {
      "id" : "s0-t79",
      "begin" : 388,
      "end" : 389,
      "text" : ",",
      "whiteSpace" : false
    }, {
      "id" : "s0-t80",
      "begin" : 390,
      "end" : 391,
      "text" : "a",
      "whiteSpace" : false
    }, {
      "id" : "s0-t81",
      "begin" : 392,
      "end" : 399,
      "text" : "certain",
      "whiteSpace" : false
    }, {
      "id" : "s0-t82",
      "begin" : 400,
      "end" : 405,
      "text" : "tract",
      "whiteSpace" : false
    }, {
      "id" : "s0-t83",
      "begin" : 406,
      "end" : 408,
      "text" : "or",
      "whiteSpace" : false
    }, {
      "id" : "s0-t84",
      "begin" : 409,
      "end" : 415,
      "text" : "parcel",
      "whiteSpace" : false
    }, {
      "id" : "s0-t85",
      "begin" : 416,
      "end" : 418,
      "text" : "of",
      "whiteSpace" : false
    }, {
      "id" : "s0-t86",
      "begin" : 419,
      "end" : 423,
      "text" : "land",
      "whiteSpace" : false
    }, {
      "id" : "s0-t87",
      "begin" : 424,
      "end" : 426,
      "text" : "in",
      "whiteSpace" : false
    }, {
      "id" : "s0-t88",
      "begin" : 427,
      "end" : 430,
      "text" : "the",
      "whiteSpace" : false
    }, {
      "id" : "s0-t89",
      "begin" : 431,
      "end" : 437,
      "text" : "Second",
      "whiteSpace" : false
    }, {
      "id" : "s0-t90",
      "begin" : 438,
      "end" : 443,
      "text" : "Civil",
      "whiteSpace" : false
    }, {
      "id" : "s0-t91",
      "begin" : 444,
      "end" : 452,
      "text" : "District",
      "whiteSpace" : false
    }, {
      "id" : "s0-t92",
      "begin" : 453,
      "end" : 455,
      "text" : "of",
      "whiteSpace" : false
    }, {
      "id" : "s0-t93",
      "begin" : 456,
      "end" : 465,
      "text" : "Humphreys",
      "whiteSpace" : false
    }, {
      "id" : "s0-t94",
      "begin" : 466,
      "end" : 472,
      "text" : "County",
      "whiteSpace" : false
    }, {
      "id" : "s0-t95",
      "begin" : 472,
      "end" : 473,
      "text" : ",",
      "whiteSpace" : false
    }, {
      "id" : "s0-t96",
      "begin" : 474,
      "end" : 483,
      "text" : "Tennessee",
      "whiteSpace" : false
    }, {
      "id" : "s0-t97",
      "begin" : 483,
      "end" : 484,
      "text" : ",",
      "whiteSpace" : false
    }, {
      "id" : "s0-t98",
      "begin" : 485,
      "end" : 487,
      "text" : "as",
      "whiteSpace" : false
    }, {
      "id" : "s0-t99",
      "begin" : 488,
      "end" : 489,
      "text" : "v",
      "whiteSpace" : false
    }, {
      "id" : "s0-t100",
      "begin" : 490,
      "end" : 497,
      "text" : "follows",
      "whiteSpace" : false
    }, {
      "id" : "s0-t101",
      "begin" : 497,
      "end" : 498,
      "text" : ":",
      "whiteSpace" : false
    } ]
  } ],
  "mentions" : [ {
    "id" : "s0-m1",
    "properties" : {
      "SIRE_MENTION_ROLE" : "Grantor",
      "SIRE_ENTITY_SUBTYPE" : "NONE",
      "SIRE_MENTION_TYPE" : "NONE",
      "SIRE_MENTION_CLASS" : "SPC"
    },
    "type" : "Grantor",
    "begin" : 185,
    "end" : 201,
    "inCoref" : false
  }, {
    "id" : "s0-m2",
    "properties" : {
      "SIRE_MENTION_ROLE" : "Grantor",
      "SIRE_ENTITY_SUBTYPE" : "NONE",
      "SIRE_MENTION_TYPE" : "NONE",
      "SIRE_MENTION_CLASS" : "SPC"
    },
    "type" : "Grantor",
    "begin" : 212,
    "end" : 227,
    "inCoref" : false
  }, {
    "id" : "s0-m3",
    "properties" : {
      "SIRE_MENTION_ROLE" : "Grantee",
      "SIRE_ENTITY_SUBTYPE" : "NONE",
      "SIRE_MENTION_TYPE" : "NONE",
      "SIRE_MENTION_CLASS" : "SPC"
    },
    "type" : "Grantee",
    "begin" : 314,
    "end" : 335,
    "inCoref" : false
  }, {
    "id" : "s0-m4",
    "properties" : {
      "SIRE_MENTION_ROLE" : "Grantee",
      "SIRE_ENTITY_SUBTYPE" : "NONE",
      "SIRE_MENTION_TYPE" : "NONE",
      "SIRE_MENTION_CLASS" : "SPC"
    },
    "type" : "Grantee",
    "begin" : 346,
    "end" : 363,
    "inCoref" : false
  } ],
  "relations" : [ ],
  "corefs" : [ ],
  "typeResolved" : true,
  "userResolved" : false
}