{
  "id" : "3a6dc8f0-50ef-11e9-9b8e-4bc9d96d3dde-8",
  "name" : "WD187-98.txt",
  "createdDate" : 1553732401919,
  "version" : 3,
  "text" : "WARRANTY DEED FOR AND IN CONSIDERATION of the sum of FIFTY FOUR THOUSAND AND 00/ 100 ($54,000.00) DOLLARS, cash in hand paid by RAYMAN WARTHAN also known as RAYMAN L. WARTHAN and wife, SANDRA L. WARTHAN , receipt of which is hereby acknowledged, I, BILLY HUNT, married, also known as BILLY RAY HUNT, have bargained and sold, and by these presents do transfer and convey unto the said RAYMAN WARTHAN and wife, SANDRA L. WARTHAN, their heirs and assigns, a certain tract or parcel of land as follows",
  "docLength" : 0,
  "language" : "EN",
  "status" : "SUBMITTED",
  "modifiedDate" : 1553735811657,
  "documentSet" : [ ],
  "preannotation" : [ ],
  "sentences" : [ {
    "id" : "s0",
    "begin" : 0,
    "end" : 497,
    "text" : "WARRANTY DEED FOR AND IN CONSIDERATION of the sum of FIFTY FOUR THOUSAND AND 00/ 100 ($54,000.00) DOLLARS, cash in hand paid by RAYMAN WARTHAN also known as RAYMAN L. WARTHAN and wife, SANDRA L. WARTHAN , receipt of which is hereby acknowledged, I, BILLY HUNT, married, also known as BILLY RAY HUNT, have bargained and sold, and by these presents do transfer and convey unto the said RAYMAN WARTHAN and wife, SANDRA L. WARTHAN, their heirs and assigns, a certain tract or parcel of land as follows",
    "tokens" : [ {
      "id" : "s0-t0",
      "begin" : 0,
      "end" : 8,
      "text" : "WARRANTY",
      "whiteSpace" : false
    }, {
      "id" : "s0-t1",
      "begin" : 9,
      "end" : 13,
      "text" : "DEED",
      "whiteSpace" : false
    }, {
      "id" : "s0-t2",
      "begin" : 14,
      "end" : 17,
      "text" : "FOR",
      "whiteSpace" : false
    }, {
      "id" : "s0-t3",
      "begin" : 18,
      "end" : 21,
      "text" : "AND",
      "whiteSpace" : false
    }, {
      "id" : "s0-t4",
      "begin" : 22,
      "end" : 24,
      "text" : "IN",
      "whiteSpace" : false
    }, {
      "id" : "s0-t5",
      "begin" : 25,
      "end" : 38,
      "text" : "CONSIDERATION",
      "whiteSpace" : false
    }, {
      "id" : "s0-t6",
      "begin" : 39,
      "end" : 41,
      "text" : "of",
      "whiteSpace" : false
    }, {
      "id" : "s0-t7",
      "begin" : 42,
      "end" : 45,
      "text" : "the",
      "whiteSpace" : false
    }, {
      "id" : "s0-t8",
      "begin" : 46,
      "end" : 49,
      "text" : "sum",
      "whiteSpace" : false
    }, {
      "id" : "s0-t9",
      "begin" : 50,
      "end" : 52,
      "text" : "of",
      "whiteSpace" : false
    }, {
      "id" : "s0-t10",
      "begin" : 53,
      "end" : 58,
      "text" : "FIFTY",
      "whiteSpace" : false
    }, {
      "id" : "s0-t11",
      "begin" : 59,
      "end" : 63,
      "text" : "FOUR",
      "whiteSpace" : false
    }, {
      "id" : "s0-t12",
      "begin" : 64,
      "end" : 72,
      "text" : "THOUSAND",
      "whiteSpace" : false
    }, {
      "id" : "s0-t13",
      "begin" : 73,
      "end" : 76,
      "text" : "AND",
      "whiteSpace" : false
    }, {
      "id" : "s0-t14",
      "begin" : 77,
      "end" : 79,
      "text" : "00",
      "whiteSpace" : false
    }, {
      "id" : "s0-t15",
      "begin" : 79,
      "end" : 80,
      "text" : "/",
      "whiteSpace" : false
    }, {
      "id" : "s0-t16",
      "begin" : 81,
      "end" : 84,
      "text" : "100",
      "whiteSpace" : false
    }, {
      "id" : "s0-t17",
      "begin" : 85,
      "end" : 86,
      "text" : "(",
      "whiteSpace" : false
    }, {
      "id" : "s0-t18",
      "begin" : 86,
      "end" : 87,
      "text" : "$",
      "whiteSpace" : false
    }, {
      "id" : "s0-t19",
      "begin" : 87,
      "end" : 96,
      "text" : "54,000.00",
      "whiteSpace" : false
    }, {
      "id" : "s0-t20",
      "begin" : 96,
      "end" : 97,
      "text" : ")",
      "whiteSpace" : false
    }, {
      "id" : "s0-t21",
      "begin" : 98,
      "end" : 105,
      "text" : "DOLLARS",
      "whiteSpace" : false
    }, {
      "id" : "s0-t22",
      "begin" : 105,
      "end" : 106,
      "text" : ",",
      "whiteSpace" : false
    }, {
      "id" : "s0-t23",
      "begin" : 107,
      "end" : 111,
      "text" : "cash",
      "whiteSpace" : false
    }, {
      "id" : "s0-t24",
      "begin" : 112,
      "end" : 114,
      "text" : "in",
      "whiteSpace" : false
    }, {
      "id" : "s0-t25",
      "begin" : 115,
      "end" : 119,
      "text" : "hand",
      "whiteSpace" : false
    }, {
      "id" : "s0-t26",
      "begin" : 120,
      "end" : 124,
      "text" : "paid",
      "whiteSpace" : false
    }, {
      "id" : "s0-t27",
      "begin" : 125,
      "end" : 127,
      "text" : "by",
      "whiteSpace" : false
    }, {
      "id" : "s0-t28",
      "begin" : 128,
      "end" : 134,
      "text" : "RAYMAN",
      "whiteSpace" : false
    }, {
      "id" : "s0-t29",
      "begin" : 135,
      "end" : 142,
      "text" : "WARTHAN",
      "whiteSpace" : false
    }, {
      "id" : "s0-t30",
      "begin" : 143,
      "end" : 147,
      "text" : "also",
      "whiteSpace" : false
    }, {
      "id" : "s0-t31",
      "begin" : 148,
      "end" : 153,
      "text" : "known",
      "whiteSpace" : false
    }, {
      "id" : "s0-t32",
      "begin" : 154,
      "end" : 156,
      "text" : "as",
      "whiteSpace" : false
    }, {
      "id" : "s0-t33",
      "begin" : 157,
      "end" : 163,
      "text" : "RAYMAN",
      "whiteSpace" : false
    }, {
      "id" : "s0-t34",
      "begin" : 164,
      "end" : 166,
      "text" : "L.",
      "whiteSpace" : false
    }, {
      "id" : "s0-t35",
      "begin" : 167,
      "end" : 174,
      "text" : "WARTHAN",
      "whiteSpace" : false
    }, {
      "id" : "s0-t36",
      "begin" : 175,
      "end" : 178,
      "text" : "and",
      "whiteSpace" : false
    }, {
      "id" : "s0-t37",
      "begin" : 179,
      "end" : 183,
      "text" : "wife",
      "whiteSpace" : false
    }, {
      "id" : "s0-t38",
      "begin" : 183,
      "end" : 184,
      "text" : ",",
      "whiteSpace" : false
    }, {
      "id" : "s0-t39",
      "begin" : 185,
      "end" : 191,
      "text" : "SANDRA",
      "whiteSpace" : false
    }, {
      "id" : "s0-t40",
      "begin" : 192,
      "end" : 194,
      "text" : "L.",
      "whiteSpace" : false
    }, {
      "id" : "s0-t41",
      "begin" : 195,
      "end" : 202,
      "text" : "WARTHAN",
      "whiteSpace" : false
    }, {
      "id" : "s0-t42",
      "begin" : 203,
      "end" : 204,
      "text" : ",",
      "whiteSpace" : false
    }, {
      "id" : "s0-t43",
      "begin" : 205,
      "end" : 212,
      "text" : "receipt",
      "whiteSpace" : false
    }, {
      "id" : "s0-t44",
      "begin" : 213,
      "end" : 215,
      "text" : "of",
      "whiteSpace" : false
    }, {
      "id" : "s0-t45",
      "begin" : 216,
      "end" : 221,
      "text" : "which",
      "whiteSpace" : false
    }, {
      "id" : "s0-t46",
      "begin" : 222,
      "end" : 224,
      "text" : "is",
      "whiteSpace" : false
    }, {
      "id" : "s0-t47",
      "begin" : 225,
      "end" : 231,
      "text" : "hereby",
      "whiteSpace" : false
    }, {
      "id" : "s0-t48",
      "begin" : 232,
      "end" : 244,
      "text" : "acknowledged",
      "whiteSpace" : false
    }, {
      "id" : "s0-t49",
      "begin" : 244,
      "end" : 245,
      "text" : ",",
      "whiteSpace" : false
    }, {
      "id" : "s0-t50",
      "begin" : 246,
      "end" : 247,
      "text" : "I",
      "whiteSpace" : false
    }, {
      "id" : "s0-t51",
      "begin" : 247,
      "end" : 248,
      "text" : ",",
      "whiteSpace" : false
    }, {
      "id" : "s0-t52",
      "begin" : 249,
      "end" : 254,
      "text" : "BILLY",
      "whiteSpace" : false
    }, {
      "id" : "s0-t53",
      "begin" : 255,
      "end" : 259,
      "text" : "HUNT",
      "whiteSpace" : false
    }, {
      "id" : "s0-t54",
      "begin" : 259,
      "end" : 260,
      "text" : ",",
      "whiteSpace" : false
    }, {
      "id" : "s0-t55",
      "begin" : 261,
      "end" : 268,
      "text" : "married",
      "whiteSpace" : false
    }, {
      "id" : "s0-t56",
      "begin" : 268,
      "end" : 269,
      "text" : ",",
      "whiteSpace" : false
    }, {
      "id" : "s0-t57",
      "begin" : 270,
      "end" : 274,
      "text" : "also",
      "whiteSpace" : false
    }, {
      "id" : "s0-t58",
      "begin" : 275,
      "end" : 280,
      "text" : "known",
      "whiteSpace" : false
    }, {
      "id" : "s0-t59",
      "begin" : 281,
      "end" : 283,
      "text" : "as",
      "whiteSpace" : false
    }, {
      "id" : "s0-t60",
      "begin" : 284,
      "end" : 289,
      "text" : "BILLY",
      "whiteSpace" : false
    }, {
      "id" : "s0-t61",
      "begin" : 290,
      "end" : 293,
      "text" : "RAY",
      "whiteSpace" : false
    }, {
      "id" : "s0-t62",
      "begin" : 294,
      "end" : 298,
      "text" : "HUNT",
      "whiteSpace" : false
    }, {
      "id" : "s0-t63",
      "begin" : 298,
      "end" : 299,
      "text" : ",",
      "whiteSpace" : false
    }, {
      "id" : "s0-t64",
      "begin" : 300,
      "end" : 304,
      "text" : "have",
      "whiteSpace" : false
    }, {
      "id" : "s0-t65",
      "begin" : 305,
      "end" : 314,
      "text" : "bargained",
      "whiteSpace" : false
    }, {
      "id" : "s0-t66",
      "begin" : 315,
      "end" : 318,
      "text" : "and",
      "whiteSpace" : false
    }, {
      "id" : "s0-t67",
      "begin" : 319,
      "end" : 323,
      "text" : "sold",
      "whiteSpace" : false
    }, {
      "id" : "s0-t68",
      "begin" : 323,
      "end" : 324,
      "text" : ",",
      "whiteSpace" : false
    }, {
      "id" : "s0-t69",
      "begin" : 325,
      "end" : 328,
      "text" : "and",
      "whiteSpace" : false
    }, {
      "id" : "s0-t70",
      "begin" : 329,
      "end" : 331,
      "text" : "by",
      "whiteSpace" : false
    }, {
      "id" : "s0-t71",
      "begin" : 332,
      "end" : 337,
      "text" : "these",
      "whiteSpace" : false
    }, {
      "id" : "s0-t72",
      "begin" : 338,
      "end" : 346,
      "text" : "presents",
      "whiteSpace" : false
    }, {
      "id" : "s0-t73",
      "begin" : 347,
      "end" : 349,
      "text" : "do",
      "whiteSpace" : false
    }, {
      "id" : "s0-t74",
      "begin" : 350,
      "end" : 358,
      "text" : "transfer",
      "whiteSpace" : false
    }, {
      "id" : "s0-t75",
      "begin" : 359,
      "end" : 362,
      "text" : "and",
      "whiteSpace" : false
    }, {
      "id" : "s0-t76",
      "begin" : 363,
      "end" : 369,
      "text" : "convey",
      "whiteSpace" : false
    }, {
      "id" : "s0-t77",
      "begin" : 370,
      "end" : 374,
      "text" : "unto",
      "whiteSpace" : false
    }, {
      "id" : "s0-t78",
      "begin" : 375,
      "end" : 378,
      "text" : "the",
      "whiteSpace" : false
    }, {
      "id" : "s0-t79",
      "begin" : 379,
      "end" : 383,
      "text" : "said",
      "whiteSpace" : false
    }, {
      "id" : "s0-t80",
      "begin" : 384,
      "end" : 390,
      "text" : "RAYMAN",
      "whiteSpace" : false
    }, {
      "id" : "s0-t81",
      "begin" : 391,
      "end" : 398,
      "text" : "WARTHAN",
      "whiteSpace" : false
    }, {
      "id" : "s0-t82",
      "begin" : 399,
      "end" : 402,
      "text" : "and",
      "whiteSpace" : false
    }, {
      "id" : "s0-t83",
      "begin" : 403,
      "end" : 407,
      "text" : "wife",
      "whiteSpace" : false
    }, {
      "id" : "s0-t84",
      "begin" : 407,
      "end" : 408,
      "text" : ",",
      "whiteSpace" : false
    }, {
      "id" : "s0-t85",
      "begin" : 409,
      "end" : 415,
      "text" : "SANDRA",
      "whiteSpace" : false
    }, {
      "id" : "s0-t86",
      "begin" : 416,
      "end" : 418,
      "text" : "L.",
      "whiteSpace" : false
    }, {
      "id" : "s0-t87",
      "begin" : 419,
      "end" : 426,
      "text" : "WARTHAN",
      "whiteSpace" : false
    }, {
      "id" : "s0-t88",
      "begin" : 426,
      "end" : 427,
      "text" : ",",
      "whiteSpace" : false
    }, {
      "id" : "s0-t89",
      "begin" : 428,
      "end" : 433,
      "text" : "their",
      "whiteSpace" : false
    }, {
      "id" : "s0-t90",
      "begin" : 434,
      "end" : 439,
      "text" : "heirs",
      "whiteSpace" : false
    }, {
      "id" : "s0-t91",
      "begin" : 440,
      "end" : 443,
      "text" : "and",
      "whiteSpace" : false
    }, {
      "id" : "s0-t92",
      "begin" : 444,
      "end" : 451,
      "text" : "assigns",
      "whiteSpace" : false
    }, {
      "id" : "s0-t93",
      "begin" : 451,
      "end" : 452,
      "text" : ",",
      "whiteSpace" : false
    }, {
      "id" : "s0-t94",
      "begin" : 453,
      "end" : 454,
      "text" : "a",
      "whiteSpace" : false
    }, {
      "id" : "s0-t95",
      "begin" : 455,
      "end" : 462,
      "text" : "certain",
      "whiteSpace" : false
    }, {
      "id" : "s0-t96",
      "begin" : 463,
      "end" : 468,
      "text" : "tract",
      "whiteSpace" : false
    }, {
      "id" : "s0-t97",
      "begin" : 469,
      "end" : 471,
      "text" : "or",
      "whiteSpace" : false
    }, {
      "id" : "s0-t98",
      "begin" : 472,
      "end" : 478,
      "text" : "parcel",
      "whiteSpace" : false
    }, {
      "id" : "s0-t99",
      "begin" : 479,
      "end" : 481,
      "text" : "of",
      "whiteSpace" : false
    }, {
      "id" : "s0-t100",
      "begin" : 482,
      "end" : 486,
      "text" : "land",
      "whiteSpace" : false
    }, {
      "id" : "s0-t101",
      "begin" : 487,
      "end" : 489,
      "text" : "as",
      "whiteSpace" : false
    }, {
      "id" : "s0-t102",
      "begin" : 490,
      "end" : 497,
      "text" : "follows",
      "whiteSpace" : false
    } ]
  } ],
  "mentions" : [ {
    "id" : "s0-m5",
    "properties" : {
      "SIRE_MENTION_ROLE" : "Grantee",
      "SIRE_ENTITY_SUBTYPE" : "NONE",
      "SIRE_MENTION_TYPE" : "NONE",
      "SIRE_MENTION_CLASS" : "SPC"
    },
    "type" : "Grantee",
    "begin" : 128,
    "end" : 142,
    "inCoref" : false
  }, {
    "id" : "s0-m6",
    "properties" : {
      "SIRE_MENTION_ROLE" : "Grantee",
      "SIRE_ENTITY_SUBTYPE" : "NONE",
      "SIRE_MENTION_TYPE" : "NONE",
      "SIRE_MENTION_CLASS" : "SPC"
    },
    "type" : "Grantee",
    "begin" : 157,
    "end" : 174,
    "inCoref" : false
  }, {
    "id" : "s0-m7",
    "properties" : {
      "SIRE_MENTION_ROLE" : "Grantee",
      "SIRE_ENTITY_SUBTYPE" : "NONE",
      "SIRE_MENTION_TYPE" : "NONE",
      "SIRE_MENTION_CLASS" : "SPC"
    },
    "type" : "Grantee",
    "begin" : 185,
    "end" : 202,
    "inCoref" : false
  }, {
    "id" : "s0-m1",
    "properties" : {
      "SIRE_MENTION_ROLE" : "Grantor",
      "SIRE_ENTITY_SUBTYPE" : "NONE",
      "SIRE_MENTION_TYPE" : "NONE",
      "SIRE_MENTION_CLASS" : "SPC"
    },
    "type" : "Grantor",
    "begin" : 249,
    "end" : 259,
    "inCoref" : false
  }, {
    "id" : "s0-m2",
    "properties" : {
      "SIRE_MENTION_ROLE" : "Grantor",
      "SIRE_ENTITY_SUBTYPE" : "NONE",
      "SIRE_MENTION_TYPE" : "NONE",
      "SIRE_MENTION_CLASS" : "SPC"
    },
    "type" : "Grantor",
    "begin" : 284,
    "end" : 298,
    "inCoref" : false
  }, {
    "id" : "s0-m3",
    "properties" : {
      "SIRE_MENTION_ROLE" : "Grantee",
      "SIRE_ENTITY_SUBTYPE" : "NONE",
      "SIRE_MENTION_TYPE" : "NONE",
      "SIRE_MENTION_CLASS" : "SPC"
    },
    "type" : "Grantee",
    "begin" : 384,
    "end" : 398,
    "inCoref" : false
  }, {
    "id" : "s0-m4",
    "properties" : {
      "SIRE_MENTION_ROLE" : "Grantee",
      "SIRE_ENTITY_SUBTYPE" : "NONE",
      "SIRE_MENTION_TYPE" : "NONE",
      "SIRE_MENTION_CLASS" : "SPC"
    },
    "type" : "Grantee",
    "begin" : 409,
    "end" : 426,
    "inCoref" : false
  } ],
  "relations" : [ ],
  "corefs" : [ ],
  "typeResolved" : true,
  "userResolved" : false
}