{
  "id" : "3a6dc8f0-50ef-11e9-9b8e-4bc9d96d3dde-11",
  "name" : "WD194-1125.txt",
  "createdDate" : 1553732401919,
  "version" : 3,
  "text" : "WARRANTY DEED For and in consideration of the sum of TEN DOLLARS ($10.00), cash in hand paid, and other good and valuable consideration. the receipt and sufficiency of which is hereby acknowledged, PEGGY HARGIS WOOLUM, et vir, EDWARD L. WOOLUM, subject to our Life Estate rPetainetll herein. this date have bargained and sold and by these presents do transfer and convey unto ENE. a m; GRIGGS. her heirs and assigns, certain tract or parcel of land in the lst Civil District of Humphrey???s County. State of Tennessee, as follows",
  "docLength" : 0,
  "language" : "EN",
  "status" : "SUBMITTED",
  "modifiedDate" : 1553735594721,
  "documentSet" : [ ],
  "preannotation" : [ ],
  "sentences" : [ {
    "id" : "s0",
    "begin" : 0,
    "end" : 136,
    "text" : "WARRANTY DEED For and in consideration of the sum of TEN DOLLARS ($10.00), cash in hand paid, and other good and valuable consideration.",
    "tokens" : [ {
      "id" : "s0-t0",
      "begin" : 0,
      "end" : 8,
      "text" : "WARRANTY",
      "whiteSpace" : false
    }, {
      "id" : "s0-t1",
      "begin" : 9,
      "end" : 13,
      "text" : "DEED",
      "whiteSpace" : false
    }, {
      "id" : "s0-t2",
      "begin" : 14,
      "end" : 17,
      "text" : "For",
      "whiteSpace" : false
    }, {
      "id" : "s0-t3",
      "begin" : 18,
      "end" : 21,
      "text" : "and",
      "whiteSpace" : false
    }, {
      "id" : "s0-t4",
      "begin" : 22,
      "end" : 24,
      "text" : "in",
      "whiteSpace" : false
    }, {
      "id" : "s0-t5",
      "begin" : 25,
      "end" : 38,
      "text" : "consideration",
      "whiteSpace" : false
    }, {
      "id" : "s0-t6",
      "begin" : 39,
      "end" : 41,
      "text" : "of",
      "whiteSpace" : false
    }, {
      "id" : "s0-t7",
      "begin" : 42,
      "end" : 45,
      "text" : "the",
      "whiteSpace" : false
    }, {
      "id" : "s0-t8",
      "begin" : 46,
      "end" : 49,
      "text" : "sum",
      "whiteSpace" : false
    }, {
      "id" : "s0-t9",
      "begin" : 50,
      "end" : 52,
      "text" : "of",
      "whiteSpace" : false
    }, {
      "id" : "s0-t10",
      "begin" : 53,
      "end" : 56,
      "text" : "TEN",
      "whiteSpace" : false
    }, {
      "id" : "s0-t11",
      "begin" : 57,
      "end" : 64,
      "text" : "DOLLARS",
      "whiteSpace" : false
    }, {
      "id" : "s0-t12",
      "begin" : 65,
      "end" : 66,
      "text" : "(",
      "whiteSpace" : false
    }, {
      "id" : "s0-t13",
      "begin" : 66,
      "end" : 67,
      "text" : "$",
      "whiteSpace" : false
    }, {
      "id" : "s0-t14",
      "begin" : 67,
      "end" : 72,
      "text" : "10.00",
      "whiteSpace" : false
    }, {
      "id" : "s0-t15",
      "begin" : 72,
      "end" : 73,
      "text" : ")",
      "whiteSpace" : false
    }, {
      "id" : "s0-t16",
      "begin" : 73,
      "end" : 74,
      "text" : ",",
      "whiteSpace" : false
    }, {
      "id" : "s0-t17",
      "begin" : 75,
      "end" : 79,
      "text" : "cash",
      "whiteSpace" : false
    }, {
      "id" : "s0-t18",
      "begin" : 80,
      "end" : 82,
      "text" : "in",
      "whiteSpace" : false
    }, {
      "id" : "s0-t19",
      "begin" : 83,
      "end" : 87,
      "text" : "hand",
      "whiteSpace" : false
    }, {
      "id" : "s0-t20",
      "begin" : 88,
      "end" : 92,
      "text" : "paid",
      "whiteSpace" : false
    }, {
      "id" : "s0-t21",
      "begin" : 92,
      "end" : 93,
      "text" : ",",
      "whiteSpace" : false
    }, {
      "id" : "s0-t22",
      "begin" : 94,
      "end" : 97,
      "text" : "and",
      "whiteSpace" : false
    }, {
      "id" : "s0-t23",
      "begin" : 98,
      "end" : 103,
      "text" : "other",
      "whiteSpace" : false
    }, {
      "id" : "s0-t24",
      "begin" : 104,
      "end" : 108,
      "text" : "good",
      "whiteSpace" : false
    }, {
      "id" : "s0-t25",
      "begin" : 109,
      "end" : 112,
      "text" : "and",
      "whiteSpace" : false
    }, {
      "id" : "s0-t26",
      "begin" : 113,
      "end" : 121,
      "text" : "valuable",
      "whiteSpace" : false
    }, {
      "id" : "s0-t27",
      "begin" : 122,
      "end" : 135,
      "text" : "consideration",
      "whiteSpace" : false
    }, {
      "id" : "s0-t28",
      "begin" : 135,
      "end" : 136,
      "text" : ".",
      "whiteSpace" : false
    } ]
  }, {
    "id" : "s1",
    "begin" : 137,
    "end" : 291,
    "text" : "the receipt and sufficiency of which is hereby acknowledged, PEGGY HARGIS WOOLUM, et vir, EDWARD L. WOOLUM, subject to our Life Estate rPetainetll herein.",
    "tokens" : [ {
      "id" : "s1-t0",
      "begin" : 137,
      "end" : 140,
      "text" : "the",
      "whiteSpace" : false
    }, {
      "id" : "s1-t1",
      "begin" : 141,
      "end" : 148,
      "text" : "receipt",
      "whiteSpace" : false
    }, {
      "id" : "s1-t2",
      "begin" : 149,
      "end" : 152,
      "text" : "and",
      "whiteSpace" : false
    }, {
      "id" : "s1-t3",
      "begin" : 153,
      "end" : 164,
      "text" : "sufficiency",
      "whiteSpace" : false
    }, {
      "id" : "s1-t4",
      "begin" : 165,
      "end" : 167,
      "text" : "of",
      "whiteSpace" : false
    }, {
      "id" : "s1-t5",
      "begin" : 168,
      "end" : 173,
      "text" : "which",
      "whiteSpace" : false
    }, {
      "id" : "s1-t6",
      "begin" : 174,
      "end" : 176,
      "text" : "is",
      "whiteSpace" : false
    }, {
      "id" : "s1-t7",
      "begin" : 177,
      "end" : 183,
      "text" : "hereby",
      "whiteSpace" : false
    }, {
      "id" : "s1-t8",
      "begin" : 184,
      "end" : 196,
      "text" : "acknowledged",
      "whiteSpace" : false
    }, {
      "id" : "s1-t9",
      "begin" : 196,
      "end" : 197,
      "text" : ",",
      "whiteSpace" : false
    }, {
      "id" : "s1-t10",
      "begin" : 198,
      "end" : 203,
      "text" : "PEGGY",
      "whiteSpace" : false
    }, {
      "id" : "s1-t11",
      "begin" : 204,
      "end" : 210,
      "text" : "HARGIS",
      "whiteSpace" : false
    }, {
      "id" : "s1-t12",
      "begin" : 211,
      "end" : 217,
      "text" : "WOOLUM",
      "whiteSpace" : false
    }, {
      "id" : "s1-t13",
      "begin" : 217,
      "end" : 218,
      "text" : ",",
      "whiteSpace" : false
    }, {
      "id" : "s1-t14",
      "begin" : 219,
      "end" : 221,
      "text" : "et",
      "whiteSpace" : false
    }, {
      "id" : "s1-t15",
      "begin" : 222,
      "end" : 225,
      "text" : "vir",
      "whiteSpace" : false
    }, {
      "id" : "s1-t16",
      "begin" : 225,
      "end" : 226,
      "text" : ",",
      "whiteSpace" : false
    }, {
      "id" : "s1-t17",
      "begin" : 227,
      "end" : 233,
      "text" : "EDWARD",
      "whiteSpace" : false
    }, {
      "id" : "s1-t18",
      "begin" : 234,
      "end" : 236,
      "text" : "L.",
      "whiteSpace" : false
    }, {
      "id" : "s1-t19",
      "begin" : 237,
      "end" : 243,
      "text" : "WOOLUM",
      "whiteSpace" : false
    }, {
      "id" : "s1-t20",
      "begin" : 243,
      "end" : 244,
      "text" : ",",
      "whiteSpace" : false
    }, {
      "id" : "s1-t21",
      "begin" : 245,
      "end" : 252,
      "text" : "subject",
      "whiteSpace" : false
    }, {
      "id" : "s1-t22",
      "begin" : 253,
      "end" : 255,
      "text" : "to",
      "whiteSpace" : false
    }, {
      "id" : "s1-t23",
      "begin" : 256,
      "end" : 259,
      "text" : "our",
      "whiteSpace" : false
    }, {
      "id" : "s1-t24",
      "begin" : 260,
      "end" : 264,
      "text" : "Life",
      "whiteSpace" : false
    }, {
      "id" : "s1-t25",
      "begin" : 265,
      "end" : 271,
      "text" : "Estate",
      "whiteSpace" : false
    }, {
      "id" : "s1-t26",
      "begin" : 272,
      "end" : 283,
      "text" : "rPetainetll",
      "whiteSpace" : false
    }, {
      "id" : "s1-t27",
      "begin" : 284,
      "end" : 290,
      "text" : "herein",
      "whiteSpace" : false
    }, {
      "id" : "s1-t28",
      "begin" : 290,
      "end" : 291,
      "text" : ".",
      "whiteSpace" : false
    } ]
  }, {
    "id" : "s2",
    "begin" : 292,
    "end" : 380,
    "text" : "this date have bargained and sold and by these presents do transfer and convey unto ENE.",
    "tokens" : [ {
      "id" : "s2-t0",
      "begin" : 292,
      "end" : 296,
      "text" : "this",
      "whiteSpace" : false
    }, {
      "id" : "s2-t1",
      "begin" : 297,
      "end" : 301,
      "text" : "date",
      "whiteSpace" : false
    }, {
      "id" : "s2-t2",
      "begin" : 302,
      "end" : 306,
      "text" : "have",
      "whiteSpace" : false
    }, {
      "id" : "s2-t3",
      "begin" : 307,
      "end" : 316,
      "text" : "bargained",
      "whiteSpace" : false
    }, {
      "id" : "s2-t4",
      "begin" : 317,
      "end" : 320,
      "text" : "and",
      "whiteSpace" : false
    }, {
      "id" : "s2-t5",
      "begin" : 321,
      "end" : 325,
      "text" : "sold",
      "whiteSpace" : false
    }, {
      "id" : "s2-t6",
      "begin" : 326,
      "end" : 329,
      "text" : "and",
      "whiteSpace" : false
    }, {
      "id" : "s2-t7",
      "begin" : 330,
      "end" : 332,
      "text" : "by",
      "whiteSpace" : false
    }, {
      "id" : "s2-t8",
      "begin" : 333,
      "end" : 338,
      "text" : "these",
      "whiteSpace" : false
    }, {
      "id" : "s2-t9",
      "begin" : 339,
      "end" : 347,
      "text" : "presents",
      "whiteSpace" : false
    }, {
      "id" : "s2-t10",
      "begin" : 348,
      "end" : 350,
      "text" : "do",
      "whiteSpace" : false
    }, {
      "id" : "s2-t11",
      "begin" : 351,
      "end" : 359,
      "text" : "transfer",
      "whiteSpace" : false
    }, {
      "id" : "s2-t12",
      "begin" : 360,
      "end" : 363,
      "text" : "and",
      "whiteSpace" : false
    }, {
      "id" : "s2-t13",
      "begin" : 364,
      "end" : 370,
      "text" : "convey",
      "whiteSpace" : false
    }, {
      "id" : "s2-t14",
      "begin" : 371,
      "end" : 375,
      "text" : "unto",
      "whiteSpace" : false
    }, {
      "id" : "s2-t15",
      "begin" : 376,
      "end" : 379,
      "text" : "ENE",
      "whiteSpace" : false
    }, {
      "id" : "s2-t16",
      "begin" : 379,
      "end" : 380,
      "text" : ".",
      "whiteSpace" : false
    } ]
  }, {
    "id" : "s3",
    "begin" : 381,
    "end" : 393,
    "text" : "a m; GRIGGS.",
    "tokens" : [ {
      "id" : "s3-t0",
      "begin" : 381,
      "end" : 382,
      "text" : "a",
      "whiteSpace" : false
    }, {
      "id" : "s3-t1",
      "begin" : 383,
      "end" : 384,
      "text" : "m",
      "whiteSpace" : false
    }, {
      "id" : "s3-t2",
      "begin" : 384,
      "end" : 385,
      "text" : ";",
      "whiteSpace" : false
    }, {
      "id" : "s3-t3",
      "begin" : 386,
      "end" : 392,
      "text" : "GRIGGS",
      "whiteSpace" : false
    }, {
      "id" : "s3-t4",
      "begin" : 392,
      "end" : 393,
      "text" : ".",
      "whiteSpace" : false
    } ]
  }, {
    "id" : "s4",
    "begin" : 394,
    "end" : 487,
    "text" : "her heirs and assigns, certain tract or parcel of land in the lst Civil District of Humphrey?",
    "tokens" : [ {
      "id" : "s4-t0",
      "begin" : 394,
      "end" : 397,
      "text" : "her",
      "whiteSpace" : false
    }, {
      "id" : "s4-t1",
      "begin" : 398,
      "end" : 403,
      "text" : "heirs",
      "whiteSpace" : false
    }, {
      "id" : "s4-t2",
      "begin" : 404,
      "end" : 407,
      "text" : "and",
      "whiteSpace" : false
    }, {
      "id" : "s4-t3",
      "begin" : 408,
      "end" : 415,
      "text" : "assigns",
      "whiteSpace" : false
    }, {
      "id" : "s4-t4",
      "begin" : 415,
      "end" : 416,
      "text" : ",",
      "whiteSpace" : false
    }, {
      "id" : "s4-t5",
      "begin" : 417,
      "end" : 424,
      "text" : "certain",
      "whiteSpace" : false
    }, {
      "id" : "s4-t6",
      "begin" : 425,
      "end" : 430,
      "text" : "tract",
      "whiteSpace" : false
    }, {
      "id" : "s4-t7",
      "begin" : 431,
      "end" : 433,
      "text" : "or",
      "whiteSpace" : false
    }, {
      "id" : "s4-t8",
      "begin" : 434,
      "end" : 440,
      "text" : "parcel",
      "whiteSpace" : false
    }, {
      "id" : "s4-t9",
      "begin" : 441,
      "end" : 443,
      "text" : "of",
      "whiteSpace" : false
    }, {
      "id" : "s4-t10",
      "begin" : 444,
      "end" : 448,
      "text" : "land",
      "whiteSpace" : false
    }, {
      "id" : "s4-t11",
      "begin" : 449,
      "end" : 451,
      "text" : "in",
      "whiteSpace" : false
    }, {
      "id" : "s4-t12",
      "begin" : 452,
      "end" : 455,
      "text" : "the",
      "whiteSpace" : false
    }, {
      "id" : "s4-t13",
      "begin" : 456,
      "end" : 459,
      "text" : "lst",
      "whiteSpace" : false
    }, {
      "id" : "s4-t14",
      "begin" : 460,
      "end" : 465,
      "text" : "Civil",
      "whiteSpace" : false
    }, {
      "id" : "s4-t15",
      "begin" : 466,
      "end" : 474,
      "text" : "District",
      "whiteSpace" : false
    }, {
      "id" : "s4-t16",
      "begin" : 475,
      "end" : 477,
      "text" : "of",
      "whiteSpace" : false
    }, {
      "id" : "s4-t17",
      "begin" : 478,
      "end" : 486,
      "text" : "Humphrey",
      "whiteSpace" : false
    }, {
      "id" : "s4-t18",
      "begin" : 486,
      "end" : 487,
      "text" : "?",
      "whiteSpace" : false
    } ]
  }, {
    "id" : "s5",
    "begin" : 487,
    "end" : 498,
    "text" : "??s County.",
    "tokens" : [ {
      "id" : "s5-t0",
      "begin" : 487,
      "end" : 490,
      "text" : "??s",
      "whiteSpace" : false
    }, {
      "id" : "s5-t1",
      "begin" : 491,
      "end" : 497,
      "text" : "County",
      "whiteSpace" : false
    }, {
      "id" : "s5-t2",
      "begin" : 497,
      "end" : 498,
      "text" : ".",
      "whiteSpace" : false
    } ]
  }, {
    "id" : "s6",
    "begin" : 499,
    "end" : 529,
    "text" : "State of Tennessee, as follows",
    "tokens" : [ {
      "id" : "s6-t0",
      "begin" : 499,
      "end" : 504,
      "text" : "State",
      "whiteSpace" : false
    }, {
      "id" : "s6-t1",
      "begin" : 505,
      "end" : 507,
      "text" : "of",
      "whiteSpace" : false
    }, {
      "id" : "s6-t2",
      "begin" : 508,
      "end" : 517,
      "text" : "Tennessee",
      "whiteSpace" : false
    }, {
      "id" : "s6-t3",
      "begin" : 517,
      "end" : 518,
      "text" : ",",
      "whiteSpace" : false
    }, {
      "id" : "s6-t4",
      "begin" : 519,
      "end" : 521,
      "text" : "as",
      "whiteSpace" : false
    }, {
      "id" : "s6-t5",
      "begin" : 522,
      "end" : 529,
      "text" : "follows",
      "whiteSpace" : false
    } ]
  } ],
  "mentions" : [ {
    "id" : "s1-m1",
    "properties" : {
      "SIRE_MENTION_ROLE" : "Grantor",
      "SIRE_ENTITY_SUBTYPE" : "NONE",
      "SIRE_MENTION_TYPE" : "NONE",
      "SIRE_MENTION_CLASS" : "SPC"
    },
    "type" : "Grantor",
    "begin" : 198,
    "end" : 217,
    "inCoref" : false
  }, {
    "id" : "s1-m2",
    "properties" : {
      "SIRE_MENTION_ROLE" : "Grantor",
      "SIRE_ENTITY_SUBTYPE" : "NONE",
      "SIRE_MENTION_TYPE" : "NONE",
      "SIRE_MENTION_CLASS" : "SPC"
    },
    "type" : "Grantor",
    "begin" : 227,
    "end" : 243,
    "inCoref" : false
  }, {
    "id" : "s2-m1",
    "properties" : {
      "SIRE_MENTION_ROLE" : "Grantee",
      "SIRE_ENTITY_SUBTYPE" : "NONE",
      "SIRE_MENTION_TYPE" : "NONE",
      "SIRE_MENTION_CLASS" : "SPC"
    },
    "type" : "Grantee",
    "begin" : 376,
    "end" : 379,
    "inCoref" : false
  }, {
    "id" : "s3-m1",
    "properties" : {
      "SIRE_MENTION_ROLE" : "Grantee",
      "SIRE_ENTITY_SUBTYPE" : "NONE",
      "SIRE_MENTION_TYPE" : "NONE",
      "SIRE_MENTION_CLASS" : "SPC"
    },
    "type" : "Grantee",
    "begin" : 381,
    "end" : 392,
    "inCoref" : false
  } ],
  "relations" : [ ],
  "corefs" : [ ],
  "typeResolved" : true,
  "userResolved" : false
}