{
  "id" : "3a6dc8f0-50ef-11e9-9b8e-4bc9d96d3dde-3",
  "name" : "WD177-1365.txt",
  "createdDate" : 1553732401919,
  "version" : 3,
  "text" : "For and in consideration of the sum of Six Thousand Nine Hundred Dollars ($6,900.00), cash in hand paid, and other good and valuable considerations, the receipt of which is hereby acknowledged, we, JOHN TINNELL and wife, GRACE TINNELL, this date have bargained and sold, and by these presents do transfer and convey unto TAMMY FLOWERS, her heirs and assigns, a certain tract or parcel of land in the Third Civil District of Humphreys County, Tennessee, as followsng Tarpy???s northeast corner, continuing with Tarpy???s north boundary, along a painted line and fence, in all 1,060.63 ft. to the point of beginning, containing an area by computation of 3.00 acres. Survey made by Thomas C. White &amp; Associates, Waverly, Tennessee. All bearings given in reference to Magnetic meridian, approximate declination at time of survey 1 degree 28' East., BEING the same property conveyed to John Tinnell et ux, Grace Tinnell by deed of record in Deed Book 170, page 781, Register???s Of???ce of Humphreys County, Tennessee., 277%]\n",
  "docLength" : 0,
  "language" : "EN",
  "status" : "SUBMITTED",
  "modifiedDate" : 1553735723636,
  "documentSet" : [ ],
  "preannotation" : [ ],
  "sentences" : [ {
    "id" : "s0",
    "begin" : 0,
    "end" : 472,
    "text" : "For and in consideration of the sum of Six Thousand Nine Hundred Dollars ($6,900.00), cash in hand paid, and other good and valuable considerations, the receipt of which is hereby acknowledged, we, JOHN TINNELL and wife, GRACE TINNELL, this date have bargained and sold, and by these presents do transfer and convey unto TAMMY FLOWERS, her heirs and assigns, a certain tract or parcel of land in the Third Civil District of Humphreys County, Tennessee, as followsng Tarpy?",
    "tokens" : [ {
      "id" : "s0-t0",
      "begin" : 0,
      "end" : 3,
      "text" : "For",
      "whiteSpace" : false
    }, {
      "id" : "s0-t1",
      "begin" : 4,
      "end" : 7,
      "text" : "and",
      "whiteSpace" : false
    }, {
      "id" : "s0-t2",
      "begin" : 8,
      "end" : 10,
      "text" : "in",
      "whiteSpace" : false
    }, {
      "id" : "s0-t3",
      "begin" : 11,
      "end" : 24,
      "text" : "consideration",
      "whiteSpace" : false
    }, {
      "id" : "s0-t4",
      "begin" : 25,
      "end" : 27,
      "text" : "of",
      "whiteSpace" : false
    }, {
      "id" : "s0-t5",
      "begin" : 28,
      "end" : 31,
      "text" : "the",
      "whiteSpace" : false
    }, {
      "id" : "s0-t6",
      "begin" : 32,
      "end" : 35,
      "text" : "sum",
      "whiteSpace" : false
    }, {
      "id" : "s0-t7",
      "begin" : 36,
      "end" : 38,
      "text" : "of",
      "whiteSpace" : false
    }, {
      "id" : "s0-t8",
      "begin" : 39,
      "end" : 42,
      "text" : "Six",
      "whiteSpace" : false
    }, {
      "id" : "s0-t9",
      "begin" : 43,
      "end" : 51,
      "text" : "Thousand",
      "whiteSpace" : false
    }, {
      "id" : "s0-t10",
      "begin" : 52,
      "end" : 56,
      "text" : "Nine",
      "whiteSpace" : false
    }, {
      "id" : "s0-t11",
      "begin" : 57,
      "end" : 64,
      "text" : "Hundred",
      "whiteSpace" : false
    }, {
      "id" : "s0-t12",
      "begin" : 65,
      "end" : 72,
      "text" : "Dollars",
      "whiteSpace" : false
    }, {
      "id" : "s0-t13",
      "begin" : 73,
      "end" : 74,
      "text" : "(",
      "whiteSpace" : false
    }, {
      "id" : "s0-t14",
      "begin" : 74,
      "end" : 75,
      "text" : "$",
      "whiteSpace" : false
    }, {
      "id" : "s0-t15",
      "begin" : 75,
      "end" : 83,
      "text" : "6,900.00",
      "whiteSpace" : false
    }, {
      "id" : "s0-t16",
      "begin" : 83,
      "end" : 84,
      "text" : ")",
      "whiteSpace" : false
    }, {
      "id" : "s0-t17",
      "begin" : 84,
      "end" : 85,
      "text" : ",",
      "whiteSpace" : false
    }, {
      "id" : "s0-t18",
      "begin" : 86,
      "end" : 90,
      "text" : "cash",
      "whiteSpace" : false
    }, {
      "id" : "s0-t19",
      "begin" : 91,
      "end" : 93,
      "text" : "in",
      "whiteSpace" : false
    }, {
      "id" : "s0-t20",
      "begin" : 94,
      "end" : 98,
      "text" : "hand",
      "whiteSpace" : false
    }, {
      "id" : "s0-t21",
      "begin" : 99,
      "end" : 103,
      "text" : "paid",
      "whiteSpace" : false
    }, {
      "id" : "s0-t22",
      "begin" : 103,
      "end" : 104,
      "text" : ",",
      "whiteSpace" : false
    }, {
      "id" : "s0-t23",
      "begin" : 105,
      "end" : 108,
      "text" : "and",
      "whiteSpace" : false
    }, {
      "id" : "s0-t24",
      "begin" : 109,
      "end" : 114,
      "text" : "other",
      "whiteSpace" : false
    }, {
      "id" : "s0-t25",
      "begin" : 115,
      "end" : 119,
      "text" : "good",
      "whiteSpace" : false
    }, {
      "id" : "s0-t26",
      "begin" : 120,
      "end" : 123,
      "text" : "and",
      "whiteSpace" : false
    }, {
      "id" : "s0-t27",
      "begin" : 124,
      "end" : 132,
      "text" : "valuable",
      "whiteSpace" : false
    }, {
      "id" : "s0-t28",
      "begin" : 133,
      "end" : 147,
      "text" : "considerations",
      "whiteSpace" : false
    }, {
      "id" : "s0-t29",
      "begin" : 147,
      "end" : 148,
      "text" : ",",
      "whiteSpace" : false
    }, {
      "id" : "s0-t30",
      "begin" : 149,
      "end" : 152,
      "text" : "the",
      "whiteSpace" : false
    }, {
      "id" : "s0-t31",
      "begin" : 153,
      "end" : 160,
      "text" : "receipt",
      "whiteSpace" : false
    }, {
      "id" : "s0-t32",
      "begin" : 161,
      "end" : 163,
      "text" : "of",
      "whiteSpace" : false
    }, {
      "id" : "s0-t33",
      "begin" : 164,
      "end" : 169,
      "text" : "which",
      "whiteSpace" : false
    }, {
      "id" : "s0-t34",
      "begin" : 170,
      "end" : 172,
      "text" : "is",
      "whiteSpace" : false
    }, {
      "id" : "s0-t35",
      "begin" : 173,
      "end" : 179,
      "text" : "hereby",
      "whiteSpace" : false
    }, {
      "id" : "s0-t36",
      "begin" : 180,
      "end" : 192,
      "text" : "acknowledged",
      "whiteSpace" : false
    }, {
      "id" : "s0-t37",
      "begin" : 192,
      "end" : 193,
      "text" : ",",
      "whiteSpace" : false
    }, {
      "id" : "s0-t38",
      "begin" : 194,
      "end" : 196,
      "text" : "we",
      "whiteSpace" : false
    }, {
      "id" : "s0-t39",
      "begin" : 196,
      "end" : 197,
      "text" : ",",
      "whiteSpace" : false
    }, {
      "id" : "s0-t40",
      "begin" : 198,
      "end" : 202,
      "text" : "JOHN",
      "whiteSpace" : false
    }, {
      "id" : "s0-t41",
      "begin" : 203,
      "end" : 210,
      "text" : "TINNELL",
      "whiteSpace" : false
    }, {
      "id" : "s0-t42",
      "begin" : 211,
      "end" : 214,
      "text" : "and",
      "whiteSpace" : false
    }, {
      "id" : "s0-t43",
      "begin" : 215,
      "end" : 219,
      "text" : "wife",
      "whiteSpace" : false
    }, {
      "id" : "s0-t44",
      "begin" : 219,
      "end" : 220,
      "text" : ",",
      "whiteSpace" : false
    }, {
      "id" : "s0-t45",
      "begin" : 221,
      "end" : 226,
      "text" : "GRACE",
      "whiteSpace" : false
    }, {
      "id" : "s0-t46",
      "begin" : 227,
      "end" : 234,
      "text" : "TINNELL",
      "whiteSpace" : false
    }, {
      "id" : "s0-t47",
      "begin" : 234,
      "end" : 235,
      "text" : ",",
      "whiteSpace" : false
    }, {
      "id" : "s0-t48",
      "begin" : 236,
      "end" : 240,
      "text" : "this",
      "whiteSpace" : false
    }, {
      "id" : "s0-t49",
      "begin" : 241,
      "end" : 245,
      "text" : "date",
      "whiteSpace" : false
    }, {
      "id" : "s0-t50",
      "begin" : 246,
      "end" : 250,
      "text" : "have",
      "whiteSpace" : false
    }, {
      "id" : "s0-t51",
      "begin" : 251,
      "end" : 260,
      "text" : "bargained",
      "whiteSpace" : false
    }, {
      "id" : "s0-t52",
      "begin" : 261,
      "end" : 264,
      "text" : "and",
      "whiteSpace" : false
    }, {
      "id" : "s0-t53",
      "begin" : 265,
      "end" : 269,
      "text" : "sold",
      "whiteSpace" : false
    }, {
      "id" : "s0-t54",
      "begin" : 269,
      "end" : 270,
      "text" : ",",
      "whiteSpace" : false
    }, {
      "id" : "s0-t55",
      "begin" : 271,
      "end" : 274,
      "text" : "and",
      "whiteSpace" : false
    }, {
      "id" : "s0-t56",
      "begin" : 275,
      "end" : 277,
      "text" : "by",
      "whiteSpace" : false
    }, {
      "id" : "s0-t57",
      "begin" : 278,
      "end" : 283,
      "text" : "these",
      "whiteSpace" : false
    }, {
      "id" : "s0-t58",
      "begin" : 284,
      "end" : 292,
      "text" : "presents",
      "whiteSpace" : false
    }, {
      "id" : "s0-t59",
      "begin" : 293,
      "end" : 295,
      "text" : "do",
      "whiteSpace" : false
    }, {
      "id" : "s0-t60",
      "begin" : 296,
      "end" : 304,
      "text" : "transfer",
      "whiteSpace" : false
    }, {
      "id" : "s0-t61",
      "begin" : 305,
      "end" : 308,
      "text" : "and",
      "whiteSpace" : false
    }, {
      "id" : "s0-t62",
      "begin" : 309,
      "end" : 315,
      "text" : "convey",
      "whiteSpace" : false
    }, {
      "id" : "s0-t63",
      "begin" : 316,
      "end" : 320,
      "text" : "unto",
      "whiteSpace" : false
    }, {
      "id" : "s0-t64",
      "begin" : 321,
      "end" : 326,
      "text" : "TAMMY",
      "whiteSpace" : false
    }, {
      "id" : "s0-t65",
      "begin" : 327,
      "end" : 334,
      "text" : "FLOWERS",
      "whiteSpace" : false
    }, {
      "id" : "s0-t66",
      "begin" : 334,
      "end" : 335,
      "text" : ",",
      "whiteSpace" : false
    }, {
      "id" : "s0-t67",
      "begin" : 336,
      "end" : 339,
      "text" : "her",
      "whiteSpace" : false
    }, {
      "id" : "s0-t68",
      "begin" : 340,
      "end" : 345,
      "text" : "heirs",
      "whiteSpace" : false
    }, {
      "id" : "s0-t69",
      "begin" : 346,
      "end" : 349,
      "text" : "and",
      "whiteSpace" : false
    }, {
      "id" : "s0-t70",
      "begin" : 350,
      "end" : 357,
      "text" : "assigns",
      "whiteSpace" : false
    }, {
      "id" : "s0-t71",
      "begin" : 357,
      "end" : 358,
      "text" : ",",
      "whiteSpace" : false
    }, {
      "id" : "s0-t72",
      "begin" : 359,
      "end" : 360,
      "text" : "a",
      "whiteSpace" : false
    }, {
      "id" : "s0-t73",
      "begin" : 361,
      "end" : 368,
      "text" : "certain",
      "whiteSpace" : false
    }, {
      "id" : "s0-t74",
      "begin" : 369,
      "end" : 374,
      "text" : "tract",
      "whiteSpace" : false
    }, {
      "id" : "s0-t75",
      "begin" : 375,
      "end" : 377,
      "text" : "or",
      "whiteSpace" : false
    }, {
      "id" : "s0-t76",
      "begin" : 378,
      "end" : 384,
      "text" : "parcel",
      "whiteSpace" : false
    }, {
      "id" : "s0-t77",
      "begin" : 385,
      "end" : 387,
      "text" : "of",
      "whiteSpace" : false
    }, {
      "id" : "s0-t78",
      "begin" : 388,
      "end" : 392,
      "text" : "land",
      "whiteSpace" : false
    }, {
      "id" : "s0-t79",
      "begin" : 393,
      "end" : 395,
      "text" : "in",
      "whiteSpace" : false
    }, {
      "id" : "s0-t80",
      "begin" : 396,
      "end" : 399,
      "text" : "the",
      "whiteSpace" : false
    }, {
      "id" : "s0-t81",
      "begin" : 400,
      "end" : 405,
      "text" : "Third",
      "whiteSpace" : false
    }, {
      "id" : "s0-t82",
      "begin" : 406,
      "end" : 411,
      "text" : "Civil",
      "whiteSpace" : false
    }, {
      "id" : "s0-t83",
      "begin" : 412,
      "end" : 420,
      "text" : "District",
      "whiteSpace" : false
    }, {
      "id" : "s0-t84",
      "begin" : 421,
      "end" : 423,
      "text" : "of",
      "whiteSpace" : false
    }, {
      "id" : "s0-t85",
      "begin" : 424,
      "end" : 433,
      "text" : "Humphreys",
      "whiteSpace" : false
    }, {
      "id" : "s0-t86",
      "begin" : 434,
      "end" : 440,
      "text" : "County",
      "whiteSpace" : false
    }, {
      "id" : "s0-t87",
      "begin" : 440,
      "end" : 441,
      "text" : ",",
      "whiteSpace" : false
    }, {
      "id" : "s0-t88",
      "begin" : 442,
      "end" : 451,
      "text" : "Tennessee",
      "whiteSpace" : false
    }, {
      "id" : "s0-t89",
      "begin" : 451,
      "end" : 452,
      "text" : ",",
      "whiteSpace" : false
    }, {
      "id" : "s0-t90",
      "begin" : 453,
      "end" : 455,
      "text" : "as",
      "whiteSpace" : false
    }, {
      "id" : "s0-t91",
      "begin" : 456,
      "end" : 465,
      "text" : "followsng",
      "whiteSpace" : false
    }, {
      "id" : "s0-t92",
      "begin" : 466,
      "end" : 471,
      "text" : "Tarpy",
      "whiteSpace" : false
    }, {
      "id" : "s0-t93",
      "begin" : 471,
      "end" : 472,
      "text" : "?",
      "whiteSpace" : false
    } ]
  }, {
    "id" : "s1",
    "begin" : 472,
    "end" : 516,
    "text" : "??s northeast corner, continuing with Tarpy?",
    "tokens" : [ {
      "id" : "s1-t0",
      "begin" : 472,
      "end" : 475,
      "text" : "??s",
      "whiteSpace" : false
    }, {
      "id" : "s1-t1",
      "begin" : 476,
      "end" : 485,
      "text" : "northeast",
      "whiteSpace" : false
    }, {
      "id" : "s1-t2",
      "begin" : 486,
      "end" : 492,
      "text" : "corner",
      "whiteSpace" : false
    }, {
      "id" : "s1-t3",
      "begin" : 492,
      "end" : 493,
      "text" : ",",
      "whiteSpace" : false
    }, {
      "id" : "s1-t4",
      "begin" : 494,
      "end" : 504,
      "text" : "continuing",
      "whiteSpace" : false
    }, {
      "id" : "s1-t5",
      "begin" : 505,
      "end" : 509,
      "text" : "with",
      "whiteSpace" : false
    }, {
      "id" : "s1-t6",
      "begin" : 510,
      "end" : 515,
      "text" : "Tarpy",
      "whiteSpace" : false
    }, {
      "id" : "s1-t7",
      "begin" : 515,
      "end" : 516,
      "text" : "?",
      "whiteSpace" : false
    } ]
  }, {
    "id" : "s2",
    "begin" : 516,
    "end" : 663,
    "text" : "??s north boundary, along a painted line and fence, in all 1,060.63 ft. to the point of beginning, containing an area by computation of 3.00 acres.",
    "tokens" : [ {
      "id" : "s2-t0",
      "begin" : 516,
      "end" : 519,
      "text" : "??s",
      "whiteSpace" : false
    }, {
      "id" : "s2-t1",
      "begin" : 520,
      "end" : 525,
      "text" : "north",
      "whiteSpace" : false
    }, {
      "id" : "s2-t2",
      "begin" : 526,
      "end" : 534,
      "text" : "boundary",
      "whiteSpace" : false
    }, {
      "id" : "s2-t3",
      "begin" : 534,
      "end" : 535,
      "text" : ",",
      "whiteSpace" : false
    }, {
      "id" : "s2-t4",
      "begin" : 536,
      "end" : 541,
      "text" : "along",
      "whiteSpace" : false
    }, {
      "id" : "s2-t5",
      "begin" : 542,
      "end" : 543,
      "text" : "a",
      "whiteSpace" : false
    }, {
      "id" : "s2-t6",
      "begin" : 544,
      "end" : 551,
      "text" : "painted",
      "whiteSpace" : false
    }, {
      "id" : "s2-t7",
      "begin" : 552,
      "end" : 556,
      "text" : "line",
      "whiteSpace" : false
    }, {
      "id" : "s2-t8",
      "begin" : 557,
      "end" : 560,
      "text" : "and",
      "whiteSpace" : false
    }, {
      "id" : "s2-t9",
      "begin" : 561,
      "end" : 566,
      "text" : "fence",
      "whiteSpace" : false
    }, {
      "id" : "s2-t10",
      "begin" : 566,
      "end" : 567,
      "text" : ",",
      "whiteSpace" : false
    }, {
      "id" : "s2-t11",
      "begin" : 568,
      "end" : 570,
      "text" : "in",
      "whiteSpace" : false
    }, {
      "id" : "s2-t12",
      "begin" : 571,
      "end" : 574,
      "text" : "all",
      "whiteSpace" : false
    }, {
      "id" : "s2-t13",
      "begin" : 575,
      "end" : 583,
      "text" : "1,060.63",
      "whiteSpace" : false
    }, {
      "id" : "s2-t14",
      "begin" : 584,
      "end" : 587,
      "text" : "ft.",
      "whiteSpace" : false
    }, {
      "id" : "s2-t15",
      "begin" : 588,
      "end" : 590,
      "text" : "to",
      "whiteSpace" : false
    }, {
      "id" : "s2-t16",
      "begin" : 591,
      "end" : 594,
      "text" : "the",
      "whiteSpace" : false
    }, {
      "id" : "s2-t17",
      "begin" : 595,
      "end" : 600,
      "text" : "point",
      "whiteSpace" : false
    }, {
      "id" : "s2-t18",
      "begin" : 601,
      "end" : 603,
      "text" : "of",
      "whiteSpace" : false
    }, {
      "id" : "s2-t19",
      "begin" : 604,
      "end" : 613,
      "text" : "beginning",
      "whiteSpace" : false
    }, {
      "id" : "s2-t20",
      "begin" : 613,
      "end" : 614,
      "text" : ",",
      "whiteSpace" : false
    }, {
      "id" : "s2-t21",
      "begin" : 615,
      "end" : 625,
      "text" : "containing",
      "whiteSpace" : false
    }, {
      "id" : "s2-t22",
      "begin" : 626,
      "end" : 628,
      "text" : "an",
      "whiteSpace" : false
    }, {
      "id" : "s2-t23",
      "begin" : 629,
      "end" : 633,
      "text" : "area",
      "whiteSpace" : false
    }, {
      "id" : "s2-t24",
      "begin" : 634,
      "end" : 636,
      "text" : "by",
      "whiteSpace" : false
    }, {
      "id" : "s2-t25",
      "begin" : 637,
      "end" : 648,
      "text" : "computation",
      "whiteSpace" : false
    }, {
      "id" : "s2-t26",
      "begin" : 649,
      "end" : 651,
      "text" : "of",
      "whiteSpace" : false
    }, {
      "id" : "s2-t27",
      "begin" : 652,
      "end" : 656,
      "text" : "3.00",
      "whiteSpace" : false
    }, {
      "id" : "s2-t28",
      "begin" : 657,
      "end" : 662,
      "text" : "acres",
      "whiteSpace" : false
    }, {
      "id" : "s2-t29",
      "begin" : 662,
      "end" : 663,
      "text" : ".",
      "whiteSpace" : false
    } ]
  }, {
    "id" : "s3",
    "begin" : 664,
    "end" : 732,
    "text" : "Survey made by Thomas C. White &amp; Associates, Waverly, Tennessee.",
    "tokens" : [ {
      "id" : "s3-t0",
      "begin" : 664,
      "end" : 670,
      "text" : "Survey",
      "whiteSpace" : false
    }, {
      "id" : "s3-t1",
      "begin" : 671,
      "end" : 675,
      "text" : "made",
      "whiteSpace" : false
    }, {
      "id" : "s3-t2",
      "begin" : 676,
      "end" : 678,
      "text" : "by",
      "whiteSpace" : false
    }, {
      "id" : "s3-t3",
      "begin" : 679,
      "end" : 685,
      "text" : "Thomas",
      "whiteSpace" : false
    }, {
      "id" : "s3-t4",
      "begin" : 686,
      "end" : 688,
      "text" : "C.",
      "whiteSpace" : false
    }, {
      "id" : "s3-t5",
      "begin" : 689,
      "end" : 694,
      "text" : "White",
      "whiteSpace" : false
    }, {
      "id" : "s3-t6",
      "begin" : 695,
      "end" : 700,
      "text" : "&amp;",
      "whiteSpace" : false
    }, {
      "id" : "s3-t7",
      "begin" : 701,
      "end" : 711,
      "text" : "Associates",
      "whiteSpace" : false
    }, {
      "id" : "s3-t8",
      "begin" : 711,
      "end" : 712,
      "text" : ",",
      "whiteSpace" : false
    }, {
      "id" : "s3-t9",
      "begin" : 713,
      "end" : 720,
      "text" : "Waverly",
      "whiteSpace" : false
    }, {
      "id" : "s3-t10",
      "begin" : 720,
      "end" : 721,
      "text" : ",",
      "whiteSpace" : false
    }, {
      "id" : "s3-t11",
      "begin" : 722,
      "end" : 731,
      "text" : "Tennessee",
      "whiteSpace" : false
    }, {
      "id" : "s3-t12",
      "begin" : 731,
      "end" : 732,
      "text" : ".",
      "whiteSpace" : false
    } ]
  }, {
    "id" : "s4",
    "begin" : 733,
    "end" : 974,
    "text" : "All bearings given in reference to Magnetic meridian, approximate declination at time of survey 1 degree 28' East., BEING the same property conveyed to John Tinnell et ux, Grace Tinnell by deed of record in Deed Book 170, page 781, Register?",
    "tokens" : [ {
      "id" : "s4-t0",
      "begin" : 733,
      "end" : 736,
      "text" : "All",
      "whiteSpace" : false
    }, {
      "id" : "s4-t1",
      "begin" : 737,
      "end" : 745,
      "text" : "bearings",
      "whiteSpace" : false
    }, {
      "id" : "s4-t2",
      "begin" : 746,
      "end" : 751,
      "text" : "given",
      "whiteSpace" : false
    }, {
      "id" : "s4-t3",
      "begin" : 752,
      "end" : 754,
      "text" : "in",
      "whiteSpace" : false
    }, {
      "id" : "s4-t4",
      "begin" : 755,
      "end" : 764,
      "text" : "reference",
      "whiteSpace" : false
    }, {
      "id" : "s4-t5",
      "begin" : 765,
      "end" : 767,
      "text" : "to",
      "whiteSpace" : false
    }, {
      "id" : "s4-t6",
      "begin" : 768,
      "end" : 776,
      "text" : "Magnetic",
      "whiteSpace" : false
    }, {
      "id" : "s4-t7",
      "begin" : 777,
      "end" : 785,
      "text" : "meridian",
      "whiteSpace" : false
    }, {
      "id" : "s4-t8",
      "begin" : 785,
      "end" : 786,
      "text" : ",",
      "whiteSpace" : false
    }, {
      "id" : "s4-t9",
      "begin" : 787,
      "end" : 798,
      "text" : "approximate",
      "whiteSpace" : false
    }, {
      "id" : "s4-t10",
      "begin" : 799,
      "end" : 810,
      "text" : "declination",
      "whiteSpace" : false
    }, {
      "id" : "s4-t11",
      "begin" : 811,
      "end" : 813,
      "text" : "at",
      "whiteSpace" : false
    }, {
      "id" : "s4-t12",
      "begin" : 814,
      "end" : 818,
      "text" : "time",
      "whiteSpace" : false
    }, {
      "id" : "s4-t13",
      "begin" : 819,
      "end" : 821,
      "text" : "of",
      "whiteSpace" : false
    }, {
      "id" : "s4-t14",
      "begin" : 822,
      "end" : 828,
      "text" : "survey",
      "whiteSpace" : false
    }, {
      "id" : "s4-t15",
      "begin" : 829,
      "end" : 830,
      "text" : "1",
      "whiteSpace" : false
    }, {
      "id" : "s4-t16",
      "begin" : 831,
      "end" : 837,
      "text" : "degree",
      "whiteSpace" : false
    }, {
      "id" : "s4-t17",
      "begin" : 838,
      "end" : 840,
      "text" : "28",
      "whiteSpace" : false
    }, {
      "id" : "s4-t18",
      "begin" : 840,
      "end" : 841,
      "text" : "'",
      "whiteSpace" : false
    }, {
      "id" : "s4-t19",
      "begin" : 842,
      "end" : 847,
      "text" : "East.",
      "whiteSpace" : false
    }, {
      "id" : "s4-t20",
      "begin" : 847,
      "end" : 848,
      "text" : ",",
      "whiteSpace" : false
    }, {
      "id" : "s4-t21",
      "begin" : 849,
      "end" : 854,
      "text" : "BEING",
      "whiteSpace" : false
    }, {
      "id" : "s4-t22",
      "begin" : 855,
      "end" : 858,
      "text" : "the",
      "whiteSpace" : false
    }, {
      "id" : "s4-t23",
      "begin" : 859,
      "end" : 863,
      "text" : "same",
      "whiteSpace" : false
    }, {
      "id" : "s4-t24",
      "begin" : 864,
      "end" : 872,
      "text" : "property",
      "whiteSpace" : false
    }, {
      "id" : "s4-t25",
      "begin" : 873,
      "end" : 881,
      "text" : "conveyed",
      "whiteSpace" : false
    }, {
      "id" : "s4-t26",
      "begin" : 882,
      "end" : 884,
      "text" : "to",
      "whiteSpace" : false
    }, {
      "id" : "s4-t27",
      "begin" : 885,
      "end" : 889,
      "text" : "John",
      "whiteSpace" : false
    }, {
      "id" : "s4-t28",
      "begin" : 890,
      "end" : 897,
      "text" : "Tinnell",
      "whiteSpace" : false
    }, {
      "id" : "s4-t29",
      "begin" : 898,
      "end" : 900,
      "text" : "et",
      "whiteSpace" : false
    }, {
      "id" : "s4-t30",
      "begin" : 901,
      "end" : 903,
      "text" : "ux",
      "whiteSpace" : false
    }, {
      "id" : "s4-t31",
      "begin" : 903,
      "end" : 904,
      "text" : ",",
      "whiteSpace" : false
    }, {
      "id" : "s4-t32",
      "begin" : 905,
      "end" : 910,
      "text" : "Grace",
      "whiteSpace" : false
    }, {
      "id" : "s4-t33",
      "begin" : 911,
      "end" : 918,
      "text" : "Tinnell",
      "whiteSpace" : false
    }, {
      "id" : "s4-t34",
      "begin" : 919,
      "end" : 921,
      "text" : "by",
      "whiteSpace" : false
    }, {
      "id" : "s4-t35",
      "begin" : 922,
      "end" : 926,
      "text" : "deed",
      "whiteSpace" : false
    }, {
      "id" : "s4-t36",
      "begin" : 927,
      "end" : 929,
      "text" : "of",
      "whiteSpace" : false
    }, {
      "id" : "s4-t37",
      "begin" : 930,
      "end" : 936,
      "text" : "record",
      "whiteSpace" : false
    }, {
      "id" : "s4-t38",
      "begin" : 937,
      "end" : 939,
      "text" : "in",
      "whiteSpace" : false
    }, {
      "id" : "s4-t39",
      "begin" : 940,
      "end" : 944,
      "text" : "Deed",
      "whiteSpace" : false
    }, {
      "id" : "s4-t40",
      "begin" : 945,
      "end" : 949,
      "text" : "Book",
      "whiteSpace" : false
    }, {
      "id" : "s4-t41",
      "begin" : 950,
      "end" : 953,
      "text" : "170",
      "whiteSpace" : false
    }, {
      "id" : "s4-t42",
      "begin" : 953,
      "end" : 954,
      "text" : ",",
      "whiteSpace" : false
    }, {
      "id" : "s4-t43",
      "begin" : 955,
      "end" : 959,
      "text" : "page",
      "whiteSpace" : false
    }, {
      "id" : "s4-t44",
      "begin" : 960,
      "end" : 963,
      "text" : "781",
      "whiteSpace" : false
    }, {
      "id" : "s4-t45",
      "begin" : 963,
      "end" : 964,
      "text" : ",",
      "whiteSpace" : false
    }, {
      "id" : "s4-t46",
      "begin" : 965,
      "end" : 973,
      "text" : "Register",
      "whiteSpace" : false
    }, {
      "id" : "s4-t47",
      "begin" : 973,
      "end" : 974,
      "text" : "?",
      "whiteSpace" : false
    } ]
  }, {
    "id" : "s5",
    "begin" : 974,
    "end" : 981,
    "text" : "??s Of?",
    "tokens" : [ {
      "id" : "s5-t0",
      "begin" : 974,
      "end" : 977,
      "text" : "??s",
      "whiteSpace" : false
    }, {
      "id" : "s5-t1",
      "begin" : 978,
      "end" : 980,
      "text" : "Of",
      "whiteSpace" : false
    }, {
      "id" : "s5-t2",
      "begin" : 980,
      "end" : 981,
      "text" : "?",
      "whiteSpace" : false
    } ]
  }, {
    "id" : "s6",
    "begin" : 981,
    "end" : 1024,
    "text" : "??ce of Humphreys County, Tennessee., 277%]",
    "tokens" : [ {
      "id" : "s6-t0",
      "begin" : 981,
      "end" : 985,
      "text" : "??ce",
      "whiteSpace" : false
    }, {
      "id" : "s6-t1",
      "begin" : 986,
      "end" : 988,
      "text" : "of",
      "whiteSpace" : false
    }, {
      "id" : "s6-t2",
      "begin" : 989,
      "end" : 998,
      "text" : "Humphreys",
      "whiteSpace" : false
    }, {
      "id" : "s6-t3",
      "begin" : 999,
      "end" : 1005,
      "text" : "County",
      "whiteSpace" : false
    }, {
      "id" : "s6-t4",
      "begin" : 1005,
      "end" : 1006,
      "text" : ",",
      "whiteSpace" : false
    }, {
      "id" : "s6-t5",
      "begin" : 1007,
      "end" : 1017,
      "text" : "Tennessee.",
      "whiteSpace" : false
    }, {
      "id" : "s6-t6",
      "begin" : 1017,
      "end" : 1018,
      "text" : ",",
      "whiteSpace" : false
    }, {
      "id" : "s6-t7",
      "begin" : 1019,
      "end" : 1022,
      "text" : "277",
      "whiteSpace" : false
    }, {
      "id" : "s6-t8",
      "begin" : 1022,
      "end" : 1023,
      "text" : "%",
      "whiteSpace" : false
    }, {
      "id" : "s6-t9",
      "begin" : 1023,
      "end" : 1024,
      "text" : "]",
      "whiteSpace" : false
    } ]
  } ],
  "mentions" : [ {
    "id" : "s0-m1",
    "properties" : {
      "SIRE_MENTION_ROLE" : "Grantor",
      "SIRE_ENTITY_SUBTYPE" : "NONE",
      "SIRE_MENTION_TYPE" : "NONE",
      "SIRE_MENTION_CLASS" : "SPC"
    },
    "type" : "Grantor",
    "begin" : 198,
    "end" : 210,
    "inCoref" : false
  }, {
    "id" : "s0-m2",
    "properties" : {
      "SIRE_MENTION_ROLE" : "Grantor",
      "SIRE_ENTITY_SUBTYPE" : "NONE",
      "SIRE_MENTION_TYPE" : "NONE",
      "SIRE_MENTION_CLASS" : "SPC"
    },
    "type" : "Grantor",
    "begin" : 221,
    "end" : 234,
    "inCoref" : false
  }, {
    "id" : "s0-m3",
    "properties" : {
      "SIRE_MENTION_ROLE" : "Grantee",
      "SIRE_ENTITY_SUBTYPE" : "NONE",
      "SIRE_MENTION_TYPE" : "NONE",
      "SIRE_MENTION_CLASS" : "SPC"
    },
    "type" : "Grantee",
    "begin" : 321,
    "end" : 334,
    "inCoref" : false
  }, {
    "id" : "s4-m1",
    "properties" : {
      "SIRE_MENTION_ROLE" : "Grantor",
      "SIRE_ENTITY_SUBTYPE" : "NONE",
      "SIRE_MENTION_TYPE" : "NONE",
      "SIRE_MENTION_CLASS" : "SPC"
    },
    "type" : "Grantor",
    "begin" : 885,
    "end" : 897,
    "inCoref" : false
  }, {
    "id" : "s4-m2",
    "properties" : {
      "SIRE_MENTION_ROLE" : "Grantor",
      "SIRE_ENTITY_SUBTYPE" : "NONE",
      "SIRE_MENTION_TYPE" : "NONE",
      "SIRE_MENTION_CLASS" : "SPC"
    },
    "type" : "Grantor",
    "begin" : 905,
    "end" : 918,
    "inCoref" : false
  } ],
  "relations" : [ ],
  "corefs" : [ ],
  "typeResolved" : true,
  "userResolved" : false
}