{
  "id" : "3a6dc8f0-50ef-11e9-9b8e-4bc9d96d3dde-16",
  "name" : "WD206-34.txt",
  "createdDate" : 1553732401919,
  "version" : 3,
  "text" : "WARRANTY DEED FOR AND IN CONSIDERATION OF THE SUM OF TEN DOLLARS, CASH IN HAND PAID BY THE HEREINAFl'ER NAMED GRANTEES, AND OTHER GOOD AND VALUABLE CONSIDERATIONS, THE RECEIPT OF WHICH IS HEREBY ACKNOWLEDGED, I/WE, Jerry E. Wallace and Joseph E. Wallace HEREINAFI'ER REFERRED TO AS THE GRANTORS, HAVE BARGAINED AND SOLD, AND BY THESE PRESENTS DO TRANSFER AND CONVEY UNTO Joshua C. Stafford and wife, Alexa Stafford HEREINAFTER CALLED THE GRANTEES, THEIR HEIRS AND ASSIGNS, A CERTAIN TRACT OR PARCEL OF LAND IN Humphreys COUNTY, STATE OF TENNESSEE, DESCRIBED AS FOLLOWS",
  "docLength" : 0,
  "language" : "EN",
  "status" : "SUBMITTED",
  "modifiedDate" : 1553735675556,
  "documentSet" : [ ],
  "preannotation" : [ ],
  "sentences" : [ {
    "id" : "s0",
    "begin" : 0,
    "end" : 568,
    "text" : "WARRANTY DEED FOR AND IN CONSIDERATION OF THE SUM OF TEN DOLLARS, CASH IN HAND PAID BY THE HEREINAFl'ER NAMED GRANTEES, AND OTHER GOOD AND VALUABLE CONSIDERATIONS, THE RECEIPT OF WHICH IS HEREBY ACKNOWLEDGED, I/WE, Jerry E. Wallace and Joseph E. Wallace HEREINAFI'ER REFERRED TO AS THE GRANTORS, HAVE BARGAINED AND SOLD, AND BY THESE PRESENTS DO TRANSFER AND CONVEY UNTO Joshua C. Stafford and wife, Alexa Stafford HEREINAFTER CALLED THE GRANTEES, THEIR HEIRS AND ASSIGNS, A CERTAIN TRACT OR PARCEL OF LAND IN Humphreys COUNTY, STATE OF TENNESSEE, DESCRIBED AS FOLLOWS",
    "tokens" : [ {
      "id" : "s0-t0",
      "begin" : 0,
      "end" : 8,
      "text" : "WARRANTY",
      "whiteSpace" : false
    }, {
      "id" : "s0-t1",
      "begin" : 9,
      "end" : 13,
      "text" : "DEED",
      "whiteSpace" : false
    }, {
      "id" : "s0-t2",
      "begin" : 14,
      "end" : 17,
      "text" : "FOR",
      "whiteSpace" : false
    }, {
      "id" : "s0-t3",
      "begin" : 18,
      "end" : 21,
      "text" : "AND",
      "whiteSpace" : false
    }, {
      "id" : "s0-t4",
      "begin" : 22,
      "end" : 24,
      "text" : "IN",
      "whiteSpace" : false
    }, {
      "id" : "s0-t5",
      "begin" : 25,
      "end" : 38,
      "text" : "CONSIDERATION",
      "whiteSpace" : false
    }, {
      "id" : "s0-t6",
      "begin" : 39,
      "end" : 41,
      "text" : "OF",
      "whiteSpace" : false
    }, {
      "id" : "s0-t7",
      "begin" : 42,
      "end" : 45,
      "text" : "THE",
      "whiteSpace" : false
    }, {
      "id" : "s0-t8",
      "begin" : 46,
      "end" : 49,
      "text" : "SUM",
      "whiteSpace" : false
    }, {
      "id" : "s0-t9",
      "begin" : 50,
      "end" : 52,
      "text" : "OF",
      "whiteSpace" : false
    }, {
      "id" : "s0-t10",
      "begin" : 53,
      "end" : 56,
      "text" : "TEN",
      "whiteSpace" : false
    }, {
      "id" : "s0-t11",
      "begin" : 57,
      "end" : 64,
      "text" : "DOLLARS",
      "whiteSpace" : false
    }, {
      "id" : "s0-t12",
      "begin" : 64,
      "end" : 65,
      "text" : ",",
      "whiteSpace" : false
    }, {
      "id" : "s0-t13",
      "begin" : 66,
      "end" : 70,
      "text" : "CASH",
      "whiteSpace" : false
    }, {
      "id" : "s0-t14",
      "begin" : 71,
      "end" : 73,
      "text" : "IN",
      "whiteSpace" : false
    }, {
      "id" : "s0-t15",
      "begin" : 74,
      "end" : 78,
      "text" : "HAND",
      "whiteSpace" : false
    }, {
      "id" : "s0-t16",
      "begin" : 79,
      "end" : 83,
      "text" : "PAID",
      "whiteSpace" : false
    }, {
      "id" : "s0-t17",
      "begin" : 84,
      "end" : 86,
      "text" : "BY",
      "whiteSpace" : false
    }, {
      "id" : "s0-t18",
      "begin" : 87,
      "end" : 90,
      "text" : "THE",
      "whiteSpace" : false
    }, {
      "id" : "s0-t19",
      "begin" : 91,
      "end" : 100,
      "text" : "HEREINAFl",
      "whiteSpace" : false
    }, {
      "id" : "s0-t20",
      "begin" : 100,
      "end" : 101,
      "text" : "'",
      "whiteSpace" : false
    }, {
      "id" : "s0-t21",
      "begin" : 101,
      "end" : 103,
      "text" : "ER",
      "whiteSpace" : false
    }, {
      "id" : "s0-t22",
      "begin" : 104,
      "end" : 109,
      "text" : "NAMED",
      "whiteSpace" : false
    }, {
      "id" : "s0-t23",
      "begin" : 110,
      "end" : 118,
      "text" : "GRANTEES",
      "whiteSpace" : false
    }, {
      "id" : "s0-t24",
      "begin" : 118,
      "end" : 119,
      "text" : ",",
      "whiteSpace" : false
    }, {
      "id" : "s0-t25",
      "begin" : 120,
      "end" : 123,
      "text" : "AND",
      "whiteSpace" : false
    }, {
      "id" : "s0-t26",
      "begin" : 124,
      "end" : 129,
      "text" : "OTHER",
      "whiteSpace" : false
    }, {
      "id" : "s0-t27",
      "begin" : 130,
      "end" : 134,
      "text" : "GOOD",
      "whiteSpace" : false
    }, {
      "id" : "s0-t28",
      "begin" : 135,
      "end" : 138,
      "text" : "AND",
      "whiteSpace" : false
    }, {
      "id" : "s0-t29",
      "begin" : 139,
      "end" : 147,
      "text" : "VALUABLE",
      "whiteSpace" : false
    }, {
      "id" : "s0-t30",
      "begin" : 148,
      "end" : 162,
      "text" : "CONSIDERATIONS",
      "whiteSpace" : false
    }, {
      "id" : "s0-t31",
      "begin" : 162,
      "end" : 163,
      "text" : ",",
      "whiteSpace" : false
    }, {
      "id" : "s0-t32",
      "begin" : 164,
      "end" : 167,
      "text" : "THE",
      "whiteSpace" : false
    }, {
      "id" : "s0-t33",
      "begin" : 168,
      "end" : 175,
      "text" : "RECEIPT",
      "whiteSpace" : false
    }, {
      "id" : "s0-t34",
      "begin" : 176,
      "end" : 178,
      "text" : "OF",
      "whiteSpace" : false
    }, {
      "id" : "s0-t35",
      "begin" : 179,
      "end" : 184,
      "text" : "WHICH",
      "whiteSpace" : false
    }, {
      "id" : "s0-t36",
      "begin" : 185,
      "end" : 187,
      "text" : "IS",
      "whiteSpace" : false
    }, {
      "id" : "s0-t37",
      "begin" : 188,
      "end" : 194,
      "text" : "HEREBY",
      "whiteSpace" : false
    }, {
      "id" : "s0-t38",
      "begin" : 195,
      "end" : 207,
      "text" : "ACKNOWLEDGED",
      "whiteSpace" : false
    }, {
      "id" : "s0-t39",
      "begin" : 207,
      "end" : 208,
      "text" : ",",
      "whiteSpace" : false
    }, {
      "id" : "s0-t40",
      "begin" : 209,
      "end" : 213,
      "text" : "I/WE",
      "whiteSpace" : false
    }, {
      "id" : "s0-t41",
      "begin" : 213,
      "end" : 214,
      "text" : ",",
      "whiteSpace" : false
    }, {
      "id" : "s0-t42",
      "begin" : 215,
      "end" : 220,
      "text" : "Jerry",
      "whiteSpace" : false
    }, {
      "id" : "s0-t43",
      "begin" : 221,
      "end" : 223,
      "text" : "E.",
      "whiteSpace" : false
    }, {
      "id" : "s0-t44",
      "begin" : 224,
      "end" : 231,
      "text" : "Wallace",
      "whiteSpace" : false
    }, {
      "id" : "s0-t45",
      "begin" : 232,
      "end" : 235,
      "text" : "and",
      "whiteSpace" : false
    }, {
      "id" : "s0-t46",
      "begin" : 236,
      "end" : 242,
      "text" : "Joseph",
      "whiteSpace" : false
    }, {
      "id" : "s0-t47",
      "begin" : 243,
      "end" : 245,
      "text" : "E.",
      "whiteSpace" : false
    }, {
      "id" : "s0-t48",
      "begin" : 246,
      "end" : 253,
      "text" : "Wallace",
      "whiteSpace" : false
    }, {
      "id" : "s0-t49",
      "begin" : 254,
      "end" : 263,
      "text" : "HEREINAFI",
      "whiteSpace" : false
    }, {
      "id" : "s0-t50",
      "begin" : 263,
      "end" : 264,
      "text" : "'",
      "whiteSpace" : false
    }, {
      "id" : "s0-t51",
      "begin" : 264,
      "end" : 266,
      "text" : "ER",
      "whiteSpace" : false
    }, {
      "id" : "s0-t52",
      "begin" : 267,
      "end" : 275,
      "text" : "REFERRED",
      "whiteSpace" : false
    }, {
      "id" : "s0-t53",
      "begin" : 276,
      "end" : 278,
      "text" : "TO",
      "whiteSpace" : false
    }, {
      "id" : "s0-t54",
      "begin" : 279,
      "end" : 281,
      "text" : "AS",
      "whiteSpace" : false
    }, {
      "id" : "s0-t55",
      "begin" : 282,
      "end" : 285,
      "text" : "THE",
      "whiteSpace" : false
    }, {
      "id" : "s0-t56",
      "begin" : 286,
      "end" : 294,
      "text" : "GRANTORS",
      "whiteSpace" : false
    }, {
      "id" : "s0-t57",
      "begin" : 294,
      "end" : 295,
      "text" : ",",
      "whiteSpace" : false
    }, {
      "id" : "s0-t58",
      "begin" : 296,
      "end" : 300,
      "text" : "HAVE",
      "whiteSpace" : false
    }, {
      "id" : "s0-t59",
      "begin" : 301,
      "end" : 310,
      "text" : "BARGAINED",
      "whiteSpace" : false
    }, {
      "id" : "s0-t60",
      "begin" : 311,
      "end" : 314,
      "text" : "AND",
      "whiteSpace" : false
    }, {
      "id" : "s0-t61",
      "begin" : 315,
      "end" : 319,
      "text" : "SOLD",
      "whiteSpace" : false
    }, {
      "id" : "s0-t62",
      "begin" : 319,
      "end" : 320,
      "text" : ",",
      "whiteSpace" : false
    }, {
      "id" : "s0-t63",
      "begin" : 321,
      "end" : 324,
      "text" : "AND",
      "whiteSpace" : false
    }, {
      "id" : "s0-t64",
      "begin" : 325,
      "end" : 327,
      "text" : "BY",
      "whiteSpace" : false
    }, {
      "id" : "s0-t65",
      "begin" : 328,
      "end" : 333,
      "text" : "THESE",
      "whiteSpace" : false
    }, {
      "id" : "s0-t66",
      "begin" : 334,
      "end" : 342,
      "text" : "PRESENTS",
      "whiteSpace" : false
    }, {
      "id" : "s0-t67",
      "begin" : 343,
      "end" : 345,
      "text" : "DO",
      "whiteSpace" : false
    }, {
      "id" : "s0-t68",
      "begin" : 346,
      "end" : 354,
      "text" : "TRANSFER",
      "whiteSpace" : false
    }, {
      "id" : "s0-t69",
      "begin" : 355,
      "end" : 358,
      "text" : "AND",
      "whiteSpace" : false
    }, {
      "id" : "s0-t70",
      "begin" : 359,
      "end" : 365,
      "text" : "CONVEY",
      "whiteSpace" : false
    }, {
      "id" : "s0-t71",
      "begin" : 366,
      "end" : 370,
      "text" : "UNTO",
      "whiteSpace" : false
    }, {
      "id" : "s0-t72",
      "begin" : 371,
      "end" : 377,
      "text" : "Joshua",
      "whiteSpace" : false
    }, {
      "id" : "s0-t73",
      "begin" : 378,
      "end" : 380,
      "text" : "C.",
      "whiteSpace" : false
    }, {
      "id" : "s0-t74",
      "begin" : 381,
      "end" : 389,
      "text" : "Stafford",
      "whiteSpace" : false
    }, {
      "id" : "s0-t75",
      "begin" : 390,
      "end" : 393,
      "text" : "and",
      "whiteSpace" : false
    }, {
      "id" : "s0-t76",
      "begin" : 394,
      "end" : 398,
      "text" : "wife",
      "whiteSpace" : false
    }, {
      "id" : "s0-t77",
      "begin" : 398,
      "end" : 399,
      "text" : ",",
      "whiteSpace" : false
    }, {
      "id" : "s0-t78",
      "begin" : 400,
      "end" : 405,
      "text" : "Alexa",
      "whiteSpace" : false
    }, {
      "id" : "s0-t79",
      "begin" : 406,
      "end" : 414,
      "text" : "Stafford",
      "whiteSpace" : false
    }, {
      "id" : "s0-t80",
      "begin" : 415,
      "end" : 426,
      "text" : "HEREINAFTER",
      "whiteSpace" : false
    }, {
      "id" : "s0-t81",
      "begin" : 427,
      "end" : 433,
      "text" : "CALLED",
      "whiteSpace" : false
    }, {
      "id" : "s0-t82",
      "begin" : 434,
      "end" : 437,
      "text" : "THE",
      "whiteSpace" : false
    }, {
      "id" : "s0-t83",
      "begin" : 438,
      "end" : 446,
      "text" : "GRANTEES",
      "whiteSpace" : false
    }, {
      "id" : "s0-t84",
      "begin" : 446,
      "end" : 447,
      "text" : ",",
      "whiteSpace" : false
    }, {
      "id" : "s0-t85",
      "begin" : 448,
      "end" : 453,
      "text" : "THEIR",
      "whiteSpace" : false
    }, {
      "id" : "s0-t86",
      "begin" : 454,
      "end" : 459,
      "text" : "HEIRS",
      "whiteSpace" : false
    }, {
      "id" : "s0-t87",
      "begin" : 460,
      "end" : 463,
      "text" : "AND",
      "whiteSpace" : false
    }, {
      "id" : "s0-t88",
      "begin" : 464,
      "end" : 471,
      "text" : "ASSIGNS",
      "whiteSpace" : false
    }, {
      "id" : "s0-t89",
      "begin" : 471,
      "end" : 472,
      "text" : ",",
      "whiteSpace" : false
    }, {
      "id" : "s0-t90",
      "begin" : 473,
      "end" : 474,
      "text" : "A",
      "whiteSpace" : false
    }, {
      "id" : "s0-t91",
      "begin" : 475,
      "end" : 482,
      "text" : "CERTAIN",
      "whiteSpace" : false
    }, {
      "id" : "s0-t92",
      "begin" : 483,
      "end" : 488,
      "text" : "TRACT",
      "whiteSpace" : false
    }, {
      "id" : "s0-t93",
      "begin" : 489,
      "end" : 491,
      "text" : "OR",
      "whiteSpace" : false
    }, {
      "id" : "s0-t94",
      "begin" : 492,
      "end" : 498,
      "text" : "PARCEL",
      "whiteSpace" : false
    }, {
      "id" : "s0-t95",
      "begin" : 499,
      "end" : 501,
      "text" : "OF",
      "whiteSpace" : false
    }, {
      "id" : "s0-t96",
      "begin" : 502,
      "end" : 506,
      "text" : "LAND",
      "whiteSpace" : false
    }, {
      "id" : "s0-t97",
      "begin" : 507,
      "end" : 509,
      "text" : "IN",
      "whiteSpace" : false
    }, {
      "id" : "s0-t98",
      "begin" : 510,
      "end" : 519,
      "text" : "Humphreys",
      "whiteSpace" : false
    }, {
      "id" : "s0-t99",
      "begin" : 520,
      "end" : 526,
      "text" : "COUNTY",
      "whiteSpace" : false
    }, {
      "id" : "s0-t100",
      "begin" : 526,
      "end" : 527,
      "text" : ",",
      "whiteSpace" : false
    }, {
      "id" : "s0-t101",
      "begin" : 528,
      "end" : 533,
      "text" : "STATE",
      "whiteSpace" : false
    }, {
      "id" : "s0-t102",
      "begin" : 534,
      "end" : 536,
      "text" : "OF",
      "whiteSpace" : false
    }, {
      "id" : "s0-t103",
      "begin" : 537,
      "end" : 546,
      "text" : "TENNESSEE",
      "whiteSpace" : false
    }, {
      "id" : "s0-t104",
      "begin" : 546,
      "end" : 547,
      "text" : ",",
      "whiteSpace" : false
    }, {
      "id" : "s0-t105",
      "begin" : 548,
      "end" : 557,
      "text" : "DESCRIBED",
      "whiteSpace" : false
    }, {
      "id" : "s0-t106",
      "begin" : 558,
      "end" : 560,
      "text" : "AS",
      "whiteSpace" : false
    }, {
      "id" : "s0-t107",
      "begin" : 561,
      "end" : 568,
      "text" : "FOLLOWS",
      "whiteSpace" : false
    } ]
  } ],
  "mentions" : [ {
    "id" : "s0-m1",
    "properties" : {
      "SIRE_MENTION_ROLE" : "Grantor",
      "SIRE_ENTITY_SUBTYPE" : "NONE",
      "SIRE_MENTION_TYPE" : "NONE",
      "SIRE_MENTION_CLASS" : "SPC"
    },
    "type" : "Grantor",
    "begin" : 215,
    "end" : 231,
    "inCoref" : false
  }, {
    "id" : "s0-m2",
    "properties" : {
      "SIRE_MENTION_ROLE" : "Grantor",
      "SIRE_ENTITY_SUBTYPE" : "NONE",
      "SIRE_MENTION_TYPE" : "NONE",
      "SIRE_MENTION_CLASS" : "SPC"
    },
    "type" : "Grantor",
    "begin" : 236,
    "end" : 253,
    "inCoref" : false
  }, {
    "id" : "s0-m3",
    "properties" : {
      "SIRE_MENTION_ROLE" : "Grantee",
      "SIRE_ENTITY_SUBTYPE" : "NONE",
      "SIRE_MENTION_TYPE" : "NONE",
      "SIRE_MENTION_CLASS" : "SPC"
    },
    "type" : "Grantee",
    "begin" : 371,
    "end" : 389,
    "inCoref" : false
  }, {
    "id" : "s0-m4",
    "properties" : {
      "SIRE_MENTION_ROLE" : "Grantee",
      "SIRE_ENTITY_SUBTYPE" : "NONE",
      "SIRE_MENTION_TYPE" : "NONE",
      "SIRE_MENTION_CLASS" : "SPC"
    },
    "type" : "Grantee",
    "begin" : 400,
    "end" : 414,
    "inCoref" : false
  } ],
  "relations" : [ ],
  "corefs" : [ ],
  "typeResolved" : true,
  "userResolved" : false
}