{
  "id" : "49632170-50ef-11e9-9b8e-4bc9d96d3dde-11",
  "name" : "WD163-8.txt",
  "createdDate" : 1553732427015,
  "version" : 3,
  "text" : "For and in consideration of the sum of TEN AND NO/lOO ($10.00) DOLLARS, cash in hand paid, and other good and valuable considerations, the receipt of which is hereby acknowledged, we, EDWARD LEWIS CURTIS, JR. and Wife, MARGARET M. CURTIS, and NANCY H. CURTIS, this date have bargained and sold, and by these presents do transfer and convey unto MONICA G. SMITH, her heirs and assigns, certain tracts or parcels of land in the First Civil District of Humphreys County, Tennessee, and being more particularly described as follows",
  "docLength" : 0,
  "language" : "EN",
  "status" : "SUBMITTED",
  "modifiedDate" : 1553736054613,
  "documentSet" : [ ],
  "preannotation" : [ ],
  "sentences" : [ {
    "id" : "s0",
    "begin" : 0,
    "end" : 527,
    "text" : "For and in consideration of the sum of TEN AND NO/lOO ($10.00) DOLLARS, cash in hand paid, and other good and valuable considerations, the receipt of which is hereby acknowledged, we, EDWARD LEWIS CURTIS, JR. and Wife, MARGARET M. CURTIS, and NANCY H. CURTIS, this date have bargained and sold, and by these presents do transfer and convey unto MONICA G. SMITH, her heirs and assigns, certain tracts or parcels of land in the First Civil District of Humphreys County, Tennessee, and being more particularly described as follows",
    "tokens" : [ {
      "id" : "s0-t0",
      "begin" : 0,
      "end" : 3,
      "text" : "For",
      "whiteSpace" : false
    }, {
      "id" : "s0-t1",
      "begin" : 4,
      "end" : 7,
      "text" : "and",
      "whiteSpace" : false
    }, {
      "id" : "s0-t2",
      "begin" : 8,
      "end" : 10,
      "text" : "in",
      "whiteSpace" : false
    }, {
      "id" : "s0-t3",
      "begin" : 11,
      "end" : 24,
      "text" : "consideration",
      "whiteSpace" : false
    }, {
      "id" : "s0-t4",
      "begin" : 25,
      "end" : 27,
      "text" : "of",
      "whiteSpace" : false
    }, {
      "id" : "s0-t5",
      "begin" : 28,
      "end" : 31,
      "text" : "the",
      "whiteSpace" : false
    }, {
      "id" : "s0-t6",
      "begin" : 32,
      "end" : 35,
      "text" : "sum",
      "whiteSpace" : false
    }, {
      "id" : "s0-t7",
      "begin" : 36,
      "end" : 38,
      "text" : "of",
      "whiteSpace" : false
    }, {
      "id" : "s0-t8",
      "begin" : 39,
      "end" : 42,
      "text" : "TEN",
      "whiteSpace" : false
    }, {
      "id" : "s0-t9",
      "begin" : 43,
      "end" : 46,
      "text" : "AND",
      "whiteSpace" : false
    }, {
      "id" : "s0-t10",
      "begin" : 47,
      "end" : 53,
      "text" : "NO/lOO",
      "whiteSpace" : false
    }, {
      "id" : "s0-t11",
      "begin" : 54,
      "end" : 55,
      "text" : "(",
      "whiteSpace" : false
    }, {
      "id" : "s0-t12",
      "begin" : 55,
      "end" : 56,
      "text" : "$",
      "whiteSpace" : false
    }, {
      "id" : "s0-t13",
      "begin" : 56,
      "end" : 61,
      "text" : "10.00",
      "whiteSpace" : false
    }, {
      "id" : "s0-t14",
      "begin" : 61,
      "end" : 62,
      "text" : ")",
      "whiteSpace" : false
    }, {
      "id" : "s0-t15",
      "begin" : 63,
      "end" : 70,
      "text" : "DOLLARS",
      "whiteSpace" : false
    }, {
      "id" : "s0-t16",
      "begin" : 70,
      "end" : 71,
      "text" : ",",
      "whiteSpace" : false
    }, {
      "id" : "s0-t17",
      "begin" : 72,
      "end" : 76,
      "text" : "cash",
      "whiteSpace" : false
    }, {
      "id" : "s0-t18",
      "begin" : 77,
      "end" : 79,
      "text" : "in",
      "whiteSpace" : false
    }, {
      "id" : "s0-t19",
      "begin" : 80,
      "end" : 84,
      "text" : "hand",
      "whiteSpace" : false
    }, {
      "id" : "s0-t20",
      "begin" : 85,
      "end" : 89,
      "text" : "paid",
      "whiteSpace" : false
    }, {
      "id" : "s0-t21",
      "begin" : 89,
      "end" : 90,
      "text" : ",",
      "whiteSpace" : false
    }, {
      "id" : "s0-t22",
      "begin" : 91,
      "end" : 94,
      "text" : "and",
      "whiteSpace" : false
    }, {
      "id" : "s0-t23",
      "begin" : 95,
      "end" : 100,
      "text" : "other",
      "whiteSpace" : false
    }, {
      "id" : "s0-t24",
      "begin" : 101,
      "end" : 105,
      "text" : "good",
      "whiteSpace" : false
    }, {
      "id" : "s0-t25",
      "begin" : 106,
      "end" : 109,
      "text" : "and",
      "whiteSpace" : false
    }, {
      "id" : "s0-t26",
      "begin" : 110,
      "end" : 118,
      "text" : "valuable",
      "whiteSpace" : false
    }, {
      "id" : "s0-t27",
      "begin" : 119,
      "end" : 133,
      "text" : "considerations",
      "whiteSpace" : false
    }, {
      "id" : "s0-t28",
      "begin" : 133,
      "end" : 134,
      "text" : ",",
      "whiteSpace" : false
    }, {
      "id" : "s0-t29",
      "begin" : 135,
      "end" : 138,
      "text" : "the",
      "whiteSpace" : false
    }, {
      "id" : "s0-t30",
      "begin" : 139,
      "end" : 146,
      "text" : "receipt",
      "whiteSpace" : false
    }, {
      "id" : "s0-t31",
      "begin" : 147,
      "end" : 149,
      "text" : "of",
      "whiteSpace" : false
    }, {
      "id" : "s0-t32",
      "begin" : 150,
      "end" : 155,
      "text" : "which",
      "whiteSpace" : false
    }, {
      "id" : "s0-t33",
      "begin" : 156,
      "end" : 158,
      "text" : "is",
      "whiteSpace" : false
    }, {
      "id" : "s0-t34",
      "begin" : 159,
      "end" : 165,
      "text" : "hereby",
      "whiteSpace" : false
    }, {
      "id" : "s0-t35",
      "begin" : 166,
      "end" : 178,
      "text" : "acknowledged",
      "whiteSpace" : false
    }, {
      "id" : "s0-t36",
      "begin" : 178,
      "end" : 179,
      "text" : ",",
      "whiteSpace" : false
    }, {
      "id" : "s0-t37",
      "begin" : 180,
      "end" : 182,
      "text" : "we",
      "whiteSpace" : false
    }, {
      "id" : "s0-t38",
      "begin" : 182,
      "end" : 183,
      "text" : ",",
      "whiteSpace" : false
    }, {
      "id" : "s0-t39",
      "begin" : 184,
      "end" : 190,
      "text" : "EDWARD",
      "whiteSpace" : false
    }, {
      "id" : "s0-t40",
      "begin" : 191,
      "end" : 196,
      "text" : "LEWIS",
      "whiteSpace" : false
    }, {
      "id" : "s0-t41",
      "begin" : 197,
      "end" : 203,
      "text" : "CURTIS",
      "whiteSpace" : false
    }, {
      "id" : "s0-t42",
      "begin" : 203,
      "end" : 204,
      "text" : ",",
      "whiteSpace" : false
    }, {
      "id" : "s0-t43",
      "begin" : 205,
      "end" : 208,
      "text" : "JR.",
      "whiteSpace" : false
    }, {
      "id" : "s0-t44",
      "begin" : 209,
      "end" : 212,
      "text" : "and",
      "whiteSpace" : false
    }, {
      "id" : "s0-t45",
      "begin" : 213,
      "end" : 217,
      "text" : "Wife",
      "whiteSpace" : false
    }, {
      "id" : "s0-t46",
      "begin" : 217,
      "end" : 218,
      "text" : ",",
      "whiteSpace" : false
    }, {
      "id" : "s0-t47",
      "begin" : 219,
      "end" : 227,
      "text" : "MARGARET",
      "whiteSpace" : false
    }, {
      "id" : "s0-t48",
      "begin" : 228,
      "end" : 230,
      "text" : "M.",
      "whiteSpace" : false
    }, {
      "id" : "s0-t49",
      "begin" : 231,
      "end" : 237,
      "text" : "CURTIS",
      "whiteSpace" : false
    }, {
      "id" : "s0-t50",
      "begin" : 237,
      "end" : 238,
      "text" : ",",
      "whiteSpace" : false
    }, {
      "id" : "s0-t51",
      "begin" : 239,
      "end" : 242,
      "text" : "and",
      "whiteSpace" : false
    }, {
      "id" : "s0-t52",
      "begin" : 243,
      "end" : 248,
      "text" : "NANCY",
      "whiteSpace" : false
    }, {
      "id" : "s0-t53",
      "begin" : 249,
      "end" : 251,
      "text" : "H.",
      "whiteSpace" : false
    }, {
      "id" : "s0-t54",
      "begin" : 252,
      "end" : 258,
      "text" : "CURTIS",
      "whiteSpace" : false
    }, {
      "id" : "s0-t55",
      "begin" : 258,
      "end" : 259,
      "text" : ",",
      "whiteSpace" : false
    }, {
      "id" : "s0-t56",
      "begin" : 260,
      "end" : 264,
      "text" : "this",
      "whiteSpace" : false
    }, {
      "id" : "s0-t57",
      "begin" : 265,
      "end" : 269,
      "text" : "date",
      "whiteSpace" : false
    }, {
      "id" : "s0-t58",
      "begin" : 270,
      "end" : 274,
      "text" : "have",
      "whiteSpace" : false
    }, {
      "id" : "s0-t59",
      "begin" : 275,
      "end" : 284,
      "text" : "bargained",
      "whiteSpace" : false
    }, {
      "id" : "s0-t60",
      "begin" : 285,
      "end" : 288,
      "text" : "and",
      "whiteSpace" : false
    }, {
      "id" : "s0-t61",
      "begin" : 289,
      "end" : 293,
      "text" : "sold",
      "whiteSpace" : false
    }, {
      "id" : "s0-t62",
      "begin" : 293,
      "end" : 294,
      "text" : ",",
      "whiteSpace" : false
    }, {
      "id" : "s0-t63",
      "begin" : 295,
      "end" : 298,
      "text" : "and",
      "whiteSpace" : false
    }, {
      "id" : "s0-t64",
      "begin" : 299,
      "end" : 301,
      "text" : "by",
      "whiteSpace" : false
    }, {
      "id" : "s0-t65",
      "begin" : 302,
      "end" : 307,
      "text" : "these",
      "whiteSpace" : false
    }, {
      "id" : "s0-t66",
      "begin" : 308,
      "end" : 316,
      "text" : "presents",
      "whiteSpace" : false
    }, {
      "id" : "s0-t67",
      "begin" : 317,
      "end" : 319,
      "text" : "do",
      "whiteSpace" : false
    }, {
      "id" : "s0-t68",
      "begin" : 320,
      "end" : 328,
      "text" : "transfer",
      "whiteSpace" : false
    }, {
      "id" : "s0-t69",
      "begin" : 329,
      "end" : 332,
      "text" : "and",
      "whiteSpace" : false
    }, {
      "id" : "s0-t70",
      "begin" : 333,
      "end" : 339,
      "text" : "convey",
      "whiteSpace" : false
    }, {
      "id" : "s0-t71",
      "begin" : 340,
      "end" : 344,
      "text" : "unto",
      "whiteSpace" : false
    }, {
      "id" : "s0-t72",
      "begin" : 345,
      "end" : 351,
      "text" : "MONICA",
      "whiteSpace" : false
    }, {
      "id" : "s0-t73",
      "begin" : 352,
      "end" : 354,
      "text" : "G.",
      "whiteSpace" : false
    }, {
      "id" : "s0-t74",
      "begin" : 355,
      "end" : 360,
      "text" : "SMITH",
      "whiteSpace" : false
    }, {
      "id" : "s0-t75",
      "begin" : 360,
      "end" : 361,
      "text" : ",",
      "whiteSpace" : false
    }, {
      "id" : "s0-t76",
      "begin" : 362,
      "end" : 365,
      "text" : "her",
      "whiteSpace" : false
    }, {
      "id" : "s0-t77",
      "begin" : 366,
      "end" : 371,
      "text" : "heirs",
      "whiteSpace" : false
    }, {
      "id" : "s0-t78",
      "begin" : 372,
      "end" : 375,
      "text" : "and",
      "whiteSpace" : false
    }, {
      "id" : "s0-t79",
      "begin" : 376,
      "end" : 383,
      "text" : "assigns",
      "whiteSpace" : false
    }, {
      "id" : "s0-t80",
      "begin" : 383,
      "end" : 384,
      "text" : ",",
      "whiteSpace" : false
    }, {
      "id" : "s0-t81",
      "begin" : 385,
      "end" : 392,
      "text" : "certain",
      "whiteSpace" : false
    }, {
      "id" : "s0-t82",
      "begin" : 393,
      "end" : 399,
      "text" : "tracts",
      "whiteSpace" : false
    }, {
      "id" : "s0-t83",
      "begin" : 400,
      "end" : 402,
      "text" : "or",
      "whiteSpace" : false
    }, {
      "id" : "s0-t84",
      "begin" : 403,
      "end" : 410,
      "text" : "parcels",
      "whiteSpace" : false
    }, {
      "id" : "s0-t85",
      "begin" : 411,
      "end" : 413,
      "text" : "of",
      "whiteSpace" : false
    }, {
      "id" : "s0-t86",
      "begin" : 414,
      "end" : 418,
      "text" : "land",
      "whiteSpace" : false
    }, {
      "id" : "s0-t87",
      "begin" : 419,
      "end" : 421,
      "text" : "in",
      "whiteSpace" : false
    }, {
      "id" : "s0-t88",
      "begin" : 422,
      "end" : 425,
      "text" : "the",
      "whiteSpace" : false
    }, {
      "id" : "s0-t89",
      "begin" : 426,
      "end" : 431,
      "text" : "First",
      "whiteSpace" : false
    }, {
      "id" : "s0-t90",
      "begin" : 432,
      "end" : 437,
      "text" : "Civil",
      "whiteSpace" : false
    }, {
      "id" : "s0-t91",
      "begin" : 438,
      "end" : 446,
      "text" : "District",
      "whiteSpace" : false
    }, {
      "id" : "s0-t92",
      "begin" : 447,
      "end" : 449,
      "text" : "of",
      "whiteSpace" : false
    }, {
      "id" : "s0-t93",
      "begin" : 450,
      "end" : 459,
      "text" : "Humphreys",
      "whiteSpace" : false
    }, {
      "id" : "s0-t94",
      "begin" : 460,
      "end" : 466,
      "text" : "County",
      "whiteSpace" : false
    }, {
      "id" : "s0-t95",
      "begin" : 466,
      "end" : 467,
      "text" : ",",
      "whiteSpace" : false
    }, {
      "id" : "s0-t96",
      "begin" : 468,
      "end" : 477,
      "text" : "Tennessee",
      "whiteSpace" : false
    }, {
      "id" : "s0-t97",
      "begin" : 477,
      "end" : 478,
      "text" : ",",
      "whiteSpace" : false
    }, {
      "id" : "s0-t98",
      "begin" : 479,
      "end" : 482,
      "text" : "and",
      "whiteSpace" : false
    }, {
      "id" : "s0-t99",
      "begin" : 483,
      "end" : 488,
      "text" : "being",
      "whiteSpace" : false
    }, {
      "id" : "s0-t100",
      "begin" : 489,
      "end" : 493,
      "text" : "more",
      "whiteSpace" : false
    }, {
      "id" : "s0-t101",
      "begin" : 494,
      "end" : 506,
      "text" : "particularly",
      "whiteSpace" : false
    }, {
      "id" : "s0-t102",
      "begin" : 507,
      "end" : 516,
      "text" : "described",
      "whiteSpace" : false
    }, {
      "id" : "s0-t103",
      "begin" : 517,
      "end" : 519,
      "text" : "as",
      "whiteSpace" : false
    }, {
      "id" : "s0-t104",
      "begin" : 520,
      "end" : 527,
      "text" : "follows",
      "whiteSpace" : false
    } ]
  } ],
  "mentions" : [ {
    "id" : "s0-m1",
    "properties" : {
      "SIRE_MENTION_ROLE" : "Grantor",
      "SIRE_ENTITY_SUBTYPE" : "NONE",
      "SIRE_MENTION_TYPE" : "NONE",
      "SIRE_MENTION_CLASS" : "SPC"
    },
    "type" : "Grantor",
    "begin" : 184,
    "end" : 208,
    "inCoref" : false
  }, {
    "id" : "s0-m2",
    "properties" : {
      "SIRE_MENTION_ROLE" : "Grantor",
      "SIRE_ENTITY_SUBTYPE" : "NONE",
      "SIRE_MENTION_TYPE" : "NONE",
      "SIRE_MENTION_CLASS" : "SPC"
    },
    "type" : "Grantor",
    "begin" : 219,
    "end" : 237,
    "inCoref" : false
  }, {
    "id" : "s0-m3",
    "properties" : {
      "SIRE_MENTION_ROLE" : "Grantor",
      "SIRE_ENTITY_SUBTYPE" : "NONE",
      "SIRE_MENTION_TYPE" : "NONE",
      "SIRE_MENTION_CLASS" : "SPC"
    },
    "type" : "Grantor",
    "begin" : 243,
    "end" : 258,
    "inCoref" : false
  }, {
    "id" : "s0-m4",
    "properties" : {
      "SIRE_MENTION_ROLE" : "Grantee",
      "SIRE_ENTITY_SUBTYPE" : "NONE",
      "SIRE_MENTION_TYPE" : "NONE",
      "SIRE_MENTION_CLASS" : "SPC"
    },
    "type" : "Grantee",
    "begin" : 345,
    "end" : 360,
    "inCoref" : false
  } ],
  "relations" : [ ],
  "corefs" : [ ],
  "typeResolved" : true,
  "userResolved" : false
}