{
  "id" : "49632170-50ef-11e9-9b8e-4bc9d96d3dde-2",
  "name" : "WD161-7.txt",
  "createdDate" : 1553732427015,
  "version" : 3,
  "text" : "For and in consideration of the sum of TEN AND NO/lOO ($10.00) DOLLARS, cash in hand paid, and other good and valuable considerations, the receipt of which is hereby acknowledged, I, MILDRED MAY MARKLEY HOLSINGER, the same person as Mildred M. Holsinger, this date have bargained and sold, and by these presents do transfer and convey unto EDWARD J. BOLES and wife, MARY J. BOLES, their heirs and assigns, a certain tract or parcel of land in the First Civil District of Humphreys County, Tennessee, and being more particularly described as follows",
  "docLength" : 0,
  "language" : "EN",
  "status" : "SUBMITTED",
  "modifiedDate" : 1553736270662,
  "documentSet" : [ ],
  "preannotation" : [ ],
  "sentences" : [ {
    "id" : "s0",
    "begin" : 0,
    "end" : 548,
    "text" : "For and in consideration of the sum of TEN AND NO/lOO ($10.00) DOLLARS, cash in hand paid, and other good and valuable considerations, the receipt of which is hereby acknowledged, I, MILDRED MAY MARKLEY HOLSINGER, the same person as Mildred M. Holsinger, this date have bargained and sold, and by these presents do transfer and convey unto EDWARD J. BOLES and wife, MARY J. BOLES, their heirs and assigns, a certain tract or parcel of land in the First Civil District of Humphreys County, Tennessee, and being more particularly described as follows",
    "tokens" : [ {
      "id" : "s0-t0",
      "begin" : 0,
      "end" : 3,
      "text" : "For",
      "whiteSpace" : false
    }, {
      "id" : "s0-t1",
      "begin" : 4,
      "end" : 7,
      "text" : "and",
      "whiteSpace" : false
    }, {
      "id" : "s0-t2",
      "begin" : 8,
      "end" : 10,
      "text" : "in",
      "whiteSpace" : false
    }, {
      "id" : "s0-t3",
      "begin" : 11,
      "end" : 24,
      "text" : "consideration",
      "whiteSpace" : false
    }, {
      "id" : "s0-t4",
      "begin" : 25,
      "end" : 27,
      "text" : "of",
      "whiteSpace" : false
    }, {
      "id" : "s0-t5",
      "begin" : 28,
      "end" : 31,
      "text" : "the",
      "whiteSpace" : false
    }, {
      "id" : "s0-t6",
      "begin" : 32,
      "end" : 35,
      "text" : "sum",
      "whiteSpace" : false
    }, {
      "id" : "s0-t7",
      "begin" : 36,
      "end" : 38,
      "text" : "of",
      "whiteSpace" : false
    }, {
      "id" : "s0-t8",
      "begin" : 39,
      "end" : 42,
      "text" : "TEN",
      "whiteSpace" : false
    }, {
      "id" : "s0-t9",
      "begin" : 43,
      "end" : 46,
      "text" : "AND",
      "whiteSpace" : false
    }, {
      "id" : "s0-t10",
      "begin" : 47,
      "end" : 53,
      "text" : "NO/lOO",
      "whiteSpace" : false
    }, {
      "id" : "s0-t11",
      "begin" : 54,
      "end" : 55,
      "text" : "(",
      "whiteSpace" : false
    }, {
      "id" : "s0-t12",
      "begin" : 55,
      "end" : 56,
      "text" : "$",
      "whiteSpace" : false
    }, {
      "id" : "s0-t13",
      "begin" : 56,
      "end" : 61,
      "text" : "10.00",
      "whiteSpace" : false
    }, {
      "id" : "s0-t14",
      "begin" : 61,
      "end" : 62,
      "text" : ")",
      "whiteSpace" : false
    }, {
      "id" : "s0-t15",
      "begin" : 63,
      "end" : 70,
      "text" : "DOLLARS",
      "whiteSpace" : false
    }, {
      "id" : "s0-t16",
      "begin" : 70,
      "end" : 71,
      "text" : ",",
      "whiteSpace" : false
    }, {
      "id" : "s0-t17",
      "begin" : 72,
      "end" : 76,
      "text" : "cash",
      "whiteSpace" : false
    }, {
      "id" : "s0-t18",
      "begin" : 77,
      "end" : 79,
      "text" : "in",
      "whiteSpace" : false
    }, {
      "id" : "s0-t19",
      "begin" : 80,
      "end" : 84,
      "text" : "hand",
      "whiteSpace" : false
    }, {
      "id" : "s0-t20",
      "begin" : 85,
      "end" : 89,
      "text" : "paid",
      "whiteSpace" : false
    }, {
      "id" : "s0-t21",
      "begin" : 89,
      "end" : 90,
      "text" : ",",
      "whiteSpace" : false
    }, {
      "id" : "s0-t22",
      "begin" : 91,
      "end" : 94,
      "text" : "and",
      "whiteSpace" : false
    }, {
      "id" : "s0-t23",
      "begin" : 95,
      "end" : 100,
      "text" : "other",
      "whiteSpace" : false
    }, {
      "id" : "s0-t24",
      "begin" : 101,
      "end" : 105,
      "text" : "good",
      "whiteSpace" : false
    }, {
      "id" : "s0-t25",
      "begin" : 106,
      "end" : 109,
      "text" : "and",
      "whiteSpace" : false
    }, {
      "id" : "s0-t26",
      "begin" : 110,
      "end" : 118,
      "text" : "valuable",
      "whiteSpace" : false
    }, {
      "id" : "s0-t27",
      "begin" : 119,
      "end" : 133,
      "text" : "considerations",
      "whiteSpace" : false
    }, {
      "id" : "s0-t28",
      "begin" : 133,
      "end" : 134,
      "text" : ",",
      "whiteSpace" : false
    }, {
      "id" : "s0-t29",
      "begin" : 135,
      "end" : 138,
      "text" : "the",
      "whiteSpace" : false
    }, {
      "id" : "s0-t30",
      "begin" : 139,
      "end" : 146,
      "text" : "receipt",
      "whiteSpace" : false
    }, {
      "id" : "s0-t31",
      "begin" : 147,
      "end" : 149,
      "text" : "of",
      "whiteSpace" : false
    }, {
      "id" : "s0-t32",
      "begin" : 150,
      "end" : 155,
      "text" : "which",
      "whiteSpace" : false
    }, {
      "id" : "s0-t33",
      "begin" : 156,
      "end" : 158,
      "text" : "is",
      "whiteSpace" : false
    }, {
      "id" : "s0-t34",
      "begin" : 159,
      "end" : 165,
      "text" : "hereby",
      "whiteSpace" : false
    }, {
      "id" : "s0-t35",
      "begin" : 166,
      "end" : 178,
      "text" : "acknowledged",
      "whiteSpace" : false
    }, {
      "id" : "s0-t36",
      "begin" : 178,
      "end" : 179,
      "text" : ",",
      "whiteSpace" : false
    }, {
      "id" : "s0-t37",
      "begin" : 180,
      "end" : 181,
      "text" : "I",
      "whiteSpace" : false
    }, {
      "id" : "s0-t38",
      "begin" : 181,
      "end" : 182,
      "text" : ",",
      "whiteSpace" : false
    }, {
      "id" : "s0-t39",
      "begin" : 183,
      "end" : 190,
      "text" : "MILDRED",
      "whiteSpace" : false
    }, {
      "id" : "s0-t40",
      "begin" : 191,
      "end" : 194,
      "text" : "MAY",
      "whiteSpace" : false
    }, {
      "id" : "s0-t41",
      "begin" : 195,
      "end" : 202,
      "text" : "MARKLEY",
      "whiteSpace" : false
    }, {
      "id" : "s0-t42",
      "begin" : 203,
      "end" : 212,
      "text" : "HOLSINGER",
      "whiteSpace" : false
    }, {
      "id" : "s0-t43",
      "begin" : 212,
      "end" : 213,
      "text" : ",",
      "whiteSpace" : false
    }, {
      "id" : "s0-t44",
      "begin" : 214,
      "end" : 217,
      "text" : "the",
      "whiteSpace" : false
    }, {
      "id" : "s0-t45",
      "begin" : 218,
      "end" : 222,
      "text" : "same",
      "whiteSpace" : false
    }, {
      "id" : "s0-t46",
      "begin" : 223,
      "end" : 229,
      "text" : "person",
      "whiteSpace" : false
    }, {
      "id" : "s0-t47",
      "begin" : 230,
      "end" : 232,
      "text" : "as",
      "whiteSpace" : false
    }, {
      "id" : "s0-t48",
      "begin" : 233,
      "end" : 240,
      "text" : "Mildred",
      "whiteSpace" : false
    }, {
      "id" : "s0-t49",
      "begin" : 241,
      "end" : 243,
      "text" : "M.",
      "whiteSpace" : false
    }, {
      "id" : "s0-t50",
      "begin" : 244,
      "end" : 253,
      "text" : "Holsinger",
      "whiteSpace" : false
    }, {
      "id" : "s0-t51",
      "begin" : 253,
      "end" : 254,
      "text" : ",",
      "whiteSpace" : false
    }, {
      "id" : "s0-t52",
      "begin" : 255,
      "end" : 259,
      "text" : "this",
      "whiteSpace" : false
    }, {
      "id" : "s0-t53",
      "begin" : 260,
      "end" : 264,
      "text" : "date",
      "whiteSpace" : false
    }, {
      "id" : "s0-t54",
      "begin" : 265,
      "end" : 269,
      "text" : "have",
      "whiteSpace" : false
    }, {
      "id" : "s0-t55",
      "begin" : 270,
      "end" : 279,
      "text" : "bargained",
      "whiteSpace" : false
    }, {
      "id" : "s0-t56",
      "begin" : 280,
      "end" : 283,
      "text" : "and",
      "whiteSpace" : false
    }, {
      "id" : "s0-t57",
      "begin" : 284,
      "end" : 288,
      "text" : "sold",
      "whiteSpace" : false
    }, {
      "id" : "s0-t58",
      "begin" : 288,
      "end" : 289,
      "text" : ",",
      "whiteSpace" : false
    }, {
      "id" : "s0-t59",
      "begin" : 290,
      "end" : 293,
      "text" : "and",
      "whiteSpace" : false
    }, {
      "id" : "s0-t60",
      "begin" : 294,
      "end" : 296,
      "text" : "by",
      "whiteSpace" : false
    }, {
      "id" : "s0-t61",
      "begin" : 297,
      "end" : 302,
      "text" : "these",
      "whiteSpace" : false
    }, {
      "id" : "s0-t62",
      "begin" : 303,
      "end" : 311,
      "text" : "presents",
      "whiteSpace" : false
    }, {
      "id" : "s0-t63",
      "begin" : 312,
      "end" : 314,
      "text" : "do",
      "whiteSpace" : false
    }, {
      "id" : "s0-t64",
      "begin" : 315,
      "end" : 323,
      "text" : "transfer",
      "whiteSpace" : false
    }, {
      "id" : "s0-t65",
      "begin" : 324,
      "end" : 327,
      "text" : "and",
      "whiteSpace" : false
    }, {
      "id" : "s0-t66",
      "begin" : 328,
      "end" : 334,
      "text" : "convey",
      "whiteSpace" : false
    }, {
      "id" : "s0-t67",
      "begin" : 335,
      "end" : 339,
      "text" : "unto",
      "whiteSpace" : false
    }, {
      "id" : "s0-t68",
      "begin" : 340,
      "end" : 346,
      "text" : "EDWARD",
      "whiteSpace" : false
    }, {
      "id" : "s0-t69",
      "begin" : 347,
      "end" : 349,
      "text" : "J.",
      "whiteSpace" : false
    }, {
      "id" : "s0-t70",
      "begin" : 350,
      "end" : 355,
      "text" : "BOLES",
      "whiteSpace" : false
    }, {
      "id" : "s0-t71",
      "begin" : 356,
      "end" : 359,
      "text" : "and",
      "whiteSpace" : false
    }, {
      "id" : "s0-t72",
      "begin" : 360,
      "end" : 364,
      "text" : "wife",
      "whiteSpace" : false
    }, {
      "id" : "s0-t73",
      "begin" : 364,
      "end" : 365,
      "text" : ",",
      "whiteSpace" : false
    }, {
      "id" : "s0-t74",
      "begin" : 366,
      "end" : 370,
      "text" : "MARY",
      "whiteSpace" : false
    }, {
      "id" : "s0-t75",
      "begin" : 371,
      "end" : 373,
      "text" : "J.",
      "whiteSpace" : false
    }, {
      "id" : "s0-t76",
      "begin" : 374,
      "end" : 379,
      "text" : "BOLES",
      "whiteSpace" : false
    }, {
      "id" : "s0-t77",
      "begin" : 379,
      "end" : 380,
      "text" : ",",
      "whiteSpace" : false
    }, {
      "id" : "s0-t78",
      "begin" : 381,
      "end" : 386,
      "text" : "their",
      "whiteSpace" : false
    }, {
      "id" : "s0-t79",
      "begin" : 387,
      "end" : 392,
      "text" : "heirs",
      "whiteSpace" : false
    }, {
      "id" : "s0-t80",
      "begin" : 393,
      "end" : 396,
      "text" : "and",
      "whiteSpace" : false
    }, {
      "id" : "s0-t81",
      "begin" : 397,
      "end" : 404,
      "text" : "assigns",
      "whiteSpace" : false
    }, {
      "id" : "s0-t82",
      "begin" : 404,
      "end" : 405,
      "text" : ",",
      "whiteSpace" : false
    }, {
      "id" : "s0-t83",
      "begin" : 406,
      "end" : 407,
      "text" : "a",
      "whiteSpace" : false
    }, {
      "id" : "s0-t84",
      "begin" : 408,
      "end" : 415,
      "text" : "certain",
      "whiteSpace" : false
    }, {
      "id" : "s0-t85",
      "begin" : 416,
      "end" : 421,
      "text" : "tract",
      "whiteSpace" : false
    }, {
      "id" : "s0-t86",
      "begin" : 422,
      "end" : 424,
      "text" : "or",
      "whiteSpace" : false
    }, {
      "id" : "s0-t87",
      "begin" : 425,
      "end" : 431,
      "text" : "parcel",
      "whiteSpace" : false
    }, {
      "id" : "s0-t88",
      "begin" : 432,
      "end" : 434,
      "text" : "of",
      "whiteSpace" : false
    }, {
      "id" : "s0-t89",
      "begin" : 435,
      "end" : 439,
      "text" : "land",
      "whiteSpace" : false
    }, {
      "id" : "s0-t90",
      "begin" : 440,
      "end" : 442,
      "text" : "in",
      "whiteSpace" : false
    }, {
      "id" : "s0-t91",
      "begin" : 443,
      "end" : 446,
      "text" : "the",
      "whiteSpace" : false
    }, {
      "id" : "s0-t92",
      "begin" : 447,
      "end" : 452,
      "text" : "First",
      "whiteSpace" : false
    }, {
      "id" : "s0-t93",
      "begin" : 453,
      "end" : 458,
      "text" : "Civil",
      "whiteSpace" : false
    }, {
      "id" : "s0-t94",
      "begin" : 459,
      "end" : 467,
      "text" : "District",
      "whiteSpace" : false
    }, {
      "id" : "s0-t95",
      "begin" : 468,
      "end" : 470,
      "text" : "of",
      "whiteSpace" : false
    }, {
      "id" : "s0-t96",
      "begin" : 471,
      "end" : 480,
      "text" : "Humphreys",
      "whiteSpace" : false
    }, {
      "id" : "s0-t97",
      "begin" : 481,
      "end" : 487,
      "text" : "County",
      "whiteSpace" : false
    }, {
      "id" : "s0-t98",
      "begin" : 487,
      "end" : 488,
      "text" : ",",
      "whiteSpace" : false
    }, {
      "id" : "s0-t99",
      "begin" : 489,
      "end" : 498,
      "text" : "Tennessee",
      "whiteSpace" : false
    }, {
      "id" : "s0-t100",
      "begin" : 498,
      "end" : 499,
      "text" : ",",
      "whiteSpace" : false
    }, {
      "id" : "s0-t101",
      "begin" : 500,
      "end" : 503,
      "text" : "and",
      "whiteSpace" : false
    }, {
      "id" : "s0-t102",
      "begin" : 504,
      "end" : 509,
      "text" : "being",
      "whiteSpace" : false
    }, {
      "id" : "s0-t103",
      "begin" : 510,
      "end" : 514,
      "text" : "more",
      "whiteSpace" : false
    }, {
      "id" : "s0-t104",
      "begin" : 515,
      "end" : 527,
      "text" : "particularly",
      "whiteSpace" : false
    }, {
      "id" : "s0-t105",
      "begin" : 528,
      "end" : 537,
      "text" : "described",
      "whiteSpace" : false
    }, {
      "id" : "s0-t106",
      "begin" : 538,
      "end" : 540,
      "text" : "as",
      "whiteSpace" : false
    }, {
      "id" : "s0-t107",
      "begin" : 541,
      "end" : 548,
      "text" : "follows",
      "whiteSpace" : false
    } ]
  } ],
  "mentions" : [ {
    "id" : "s0-m1",
    "properties" : {
      "SIRE_MENTION_ROLE" : "Grantor",
      "SIRE_ENTITY_SUBTYPE" : "NONE",
      "SIRE_MENTION_TYPE" : "NONE",
      "SIRE_MENTION_CLASS" : "SPC"
    },
    "type" : "Grantor",
    "begin" : 183,
    "end" : 212,
    "inCoref" : false
  }, {
    "id" : "s0-m2",
    "properties" : {
      "SIRE_MENTION_ROLE" : "Grantor",
      "SIRE_ENTITY_SUBTYPE" : "NONE",
      "SIRE_MENTION_TYPE" : "NONE",
      "SIRE_MENTION_CLASS" : "SPC"
    },
    "type" : "Grantor",
    "begin" : 233,
    "end" : 253,
    "inCoref" : false
  }, {
    "id" : "s0-m3",
    "properties" : {
      "SIRE_MENTION_ROLE" : "Grantee",
      "SIRE_ENTITY_SUBTYPE" : "NONE",
      "SIRE_MENTION_TYPE" : "NONE",
      "SIRE_MENTION_CLASS" : "SPC"
    },
    "type" : "Grantee",
    "begin" : 340,
    "end" : 355,
    "inCoref" : false
  }, {
    "id" : "s0-m4",
    "properties" : {
      "SIRE_MENTION_ROLE" : "Grantee",
      "SIRE_ENTITY_SUBTYPE" : "NONE",
      "SIRE_MENTION_TYPE" : "NONE",
      "SIRE_MENTION_CLASS" : "SPC"
    },
    "type" : "Grantee",
    "begin" : 366,
    "end" : 379,
    "inCoref" : false
  } ],
  "relations" : [ ],
  "corefs" : [ ],
  "typeResolved" : true,
  "userResolved" : false
}