{
  "id" : "49632170-50ef-11e9-9b8e-4bc9d96d3dde-9",
  "name" : "WD163-1.txt",
  "createdDate" : 1553732427015,
  "version" : 3,
  "text" : "FOR AND IN CONSIDERATION of the sum of Ten and No/loo ($10.00) Dollars, cash in hand pabd by JOY DENISE JOHNSON and other good and valuable considerations, the receipt and sufficiency of all of which are hereby acknowledged, I, RANDALL A. BAKER, have bargained and sold and by these presents do transfer unto JOY DENISE JOHNSON, her heirs and assigns, a certain tract or parcel of land in the Second Civil District of Humphreys County, ???Tennessee, as follows",
  "docLength" : 0,
  "language" : "EN",
  "status" : "SUBMITTED",
  "modifiedDate" : 1553736368163,
  "documentSet" : [ ],
  "preannotation" : [ ],
  "sentences" : [ {
    "id" : "s0",
    "begin" : 0,
    "end" : 437,
    "text" : "FOR AND IN CONSIDERATION of the sum of Ten and No/loo ($10.00) Dollars, cash in hand pabd by JOY DENISE JOHNSON and other good and valuable considerations, the receipt and sufficiency of all of which are hereby acknowledged, I, RANDALL A. BAKER, have bargained and sold and by these presents do transfer unto JOY DENISE JOHNSON, her heirs and assigns, a certain tract or parcel of land in the Second Civil District of Humphreys County, ?",
    "tokens" : [ {
      "id" : "s0-t0",
      "begin" : 0,
      "end" : 3,
      "text" : "FOR",
      "whiteSpace" : false
    }, {
      "id" : "s0-t1",
      "begin" : 4,
      "end" : 7,
      "text" : "AND",
      "whiteSpace" : false
    }, {
      "id" : "s0-t2",
      "begin" : 8,
      "end" : 10,
      "text" : "IN",
      "whiteSpace" : false
    }, {
      "id" : "s0-t3",
      "begin" : 11,
      "end" : 24,
      "text" : "CONSIDERATION",
      "whiteSpace" : false
    }, {
      "id" : "s0-t4",
      "begin" : 25,
      "end" : 27,
      "text" : "of",
      "whiteSpace" : false
    }, {
      "id" : "s0-t5",
      "begin" : 28,
      "end" : 31,
      "text" : "the",
      "whiteSpace" : false
    }, {
      "id" : "s0-t6",
      "begin" : 32,
      "end" : 35,
      "text" : "sum",
      "whiteSpace" : false
    }, {
      "id" : "s0-t7",
      "begin" : 36,
      "end" : 38,
      "text" : "of",
      "whiteSpace" : false
    }, {
      "id" : "s0-t8",
      "begin" : 39,
      "end" : 42,
      "text" : "Ten",
      "whiteSpace" : false
    }, {
      "id" : "s0-t9",
      "begin" : 43,
      "end" : 46,
      "text" : "and",
      "whiteSpace" : false
    }, {
      "id" : "s0-t10",
      "begin" : 47,
      "end" : 49,
      "text" : "No",
      "whiteSpace" : false
    }, {
      "id" : "s0-t11",
      "begin" : 49,
      "end" : 50,
      "text" : "/",
      "whiteSpace" : false
    }, {
      "id" : "s0-t12",
      "begin" : 50,
      "end" : 53,
      "text" : "loo",
      "whiteSpace" : false
    }, {
      "id" : "s0-t13",
      "begin" : 54,
      "end" : 55,
      "text" : "(",
      "whiteSpace" : false
    }, {
      "id" : "s0-t14",
      "begin" : 55,
      "end" : 56,
      "text" : "$",
      "whiteSpace" : false
    }, {
      "id" : "s0-t15",
      "begin" : 56,
      "end" : 61,
      "text" : "10.00",
      "whiteSpace" : false
    }, {
      "id" : "s0-t16",
      "begin" : 61,
      "end" : 62,
      "text" : ")",
      "whiteSpace" : false
    }, {
      "id" : "s0-t17",
      "begin" : 63,
      "end" : 70,
      "text" : "Dollars",
      "whiteSpace" : false
    }, {
      "id" : "s0-t18",
      "begin" : 70,
      "end" : 71,
      "text" : ",",
      "whiteSpace" : false
    }, {
      "id" : "s0-t19",
      "begin" : 72,
      "end" : 76,
      "text" : "cash",
      "whiteSpace" : false
    }, {
      "id" : "s0-t20",
      "begin" : 77,
      "end" : 79,
      "text" : "in",
      "whiteSpace" : false
    }, {
      "id" : "s0-t21",
      "begin" : 80,
      "end" : 84,
      "text" : "hand",
      "whiteSpace" : false
    }, {
      "id" : "s0-t22",
      "begin" : 85,
      "end" : 89,
      "text" : "pabd",
      "whiteSpace" : false
    }, {
      "id" : "s0-t23",
      "begin" : 90,
      "end" : 92,
      "text" : "by",
      "whiteSpace" : false
    }, {
      "id" : "s0-t24",
      "begin" : 93,
      "end" : 96,
      "text" : "JOY",
      "whiteSpace" : false
    }, {
      "id" : "s0-t25",
      "begin" : 97,
      "end" : 103,
      "text" : "DENISE",
      "whiteSpace" : false
    }, {
      "id" : "s0-t26",
      "begin" : 104,
      "end" : 111,
      "text" : "JOHNSON",
      "whiteSpace" : false
    }, {
      "id" : "s0-t27",
      "begin" : 112,
      "end" : 115,
      "text" : "and",
      "whiteSpace" : false
    }, {
      "id" : "s0-t28",
      "begin" : 116,
      "end" : 121,
      "text" : "other",
      "whiteSpace" : false
    }, {
      "id" : "s0-t29",
      "begin" : 122,
      "end" : 126,
      "text" : "good",
      "whiteSpace" : false
    }, {
      "id" : "s0-t30",
      "begin" : 127,
      "end" : 130,
      "text" : "and",
      "whiteSpace" : false
    }, {
      "id" : "s0-t31",
      "begin" : 131,
      "end" : 139,
      "text" : "valuable",
      "whiteSpace" : false
    }, {
      "id" : "s0-t32",
      "begin" : 140,
      "end" : 154,
      "text" : "considerations",
      "whiteSpace" : false
    }, {
      "id" : "s0-t33",
      "begin" : 154,
      "end" : 155,
      "text" : ",",
      "whiteSpace" : false
    }, {
      "id" : "s0-t34",
      "begin" : 156,
      "end" : 159,
      "text" : "the",
      "whiteSpace" : false
    }, {
      "id" : "s0-t35",
      "begin" : 160,
      "end" : 167,
      "text" : "receipt",
      "whiteSpace" : false
    }, {
      "id" : "s0-t36",
      "begin" : 168,
      "end" : 171,
      "text" : "and",
      "whiteSpace" : false
    }, {
      "id" : "s0-t37",
      "begin" : 172,
      "end" : 183,
      "text" : "sufficiency",
      "whiteSpace" : false
    }, {
      "id" : "s0-t38",
      "begin" : 184,
      "end" : 186,
      "text" : "of",
      "whiteSpace" : false
    }, {
      "id" : "s0-t39",
      "begin" : 187,
      "end" : 190,
      "text" : "all",
      "whiteSpace" : false
    }, {
      "id" : "s0-t40",
      "begin" : 191,
      "end" : 193,
      "text" : "of",
      "whiteSpace" : false
    }, {
      "id" : "s0-t41",
      "begin" : 194,
      "end" : 199,
      "text" : "which",
      "whiteSpace" : false
    }, {
      "id" : "s0-t42",
      "begin" : 200,
      "end" : 203,
      "text" : "are",
      "whiteSpace" : false
    }, {
      "id" : "s0-t43",
      "begin" : 204,
      "end" : 210,
      "text" : "hereby",
      "whiteSpace" : false
    }, {
      "id" : "s0-t44",
      "begin" : 211,
      "end" : 223,
      "text" : "acknowledged",
      "whiteSpace" : false
    }, {
      "id" : "s0-t45",
      "begin" : 223,
      "end" : 224,
      "text" : ",",
      "whiteSpace" : false
    }, {
      "id" : "s0-t46",
      "begin" : 225,
      "end" : 226,
      "text" : "I",
      "whiteSpace" : false
    }, {
      "id" : "s0-t47",
      "begin" : 226,
      "end" : 227,
      "text" : ",",
      "whiteSpace" : false
    }, {
      "id" : "s0-t48",
      "begin" : 228,
      "end" : 235,
      "text" : "RANDALL",
      "whiteSpace" : false
    }, {
      "id" : "s0-t49",
      "begin" : 236,
      "end" : 238,
      "text" : "A.",
      "whiteSpace" : false
    }, {
      "id" : "s0-t50",
      "begin" : 239,
      "end" : 244,
      "text" : "BAKER",
      "whiteSpace" : false
    }, {
      "id" : "s0-t51",
      "begin" : 244,
      "end" : 245,
      "text" : ",",
      "whiteSpace" : false
    }, {
      "id" : "s0-t52",
      "begin" : 246,
      "end" : 250,
      "text" : "have",
      "whiteSpace" : false
    }, {
      "id" : "s0-t53",
      "begin" : 251,
      "end" : 260,
      "text" : "bargained",
      "whiteSpace" : false
    }, {
      "id" : "s0-t54",
      "begin" : 261,
      "end" : 264,
      "text" : "and",
      "whiteSpace" : false
    }, {
      "id" : "s0-t55",
      "begin" : 265,
      "end" : 269,
      "text" : "sold",
      "whiteSpace" : false
    }, {
      "id" : "s0-t56",
      "begin" : 270,
      "end" : 273,
      "text" : "and",
      "whiteSpace" : false
    }, {
      "id" : "s0-t57",
      "begin" : 274,
      "end" : 276,
      "text" : "by",
      "whiteSpace" : false
    }, {
      "id" : "s0-t58",
      "begin" : 277,
      "end" : 282,
      "text" : "these",
      "whiteSpace" : false
    }, {
      "id" : "s0-t59",
      "begin" : 283,
      "end" : 291,
      "text" : "presents",
      "whiteSpace" : false
    }, {
      "id" : "s0-t60",
      "begin" : 292,
      "end" : 294,
      "text" : "do",
      "whiteSpace" : false
    }, {
      "id" : "s0-t61",
      "begin" : 295,
      "end" : 303,
      "text" : "transfer",
      "whiteSpace" : false
    }, {
      "id" : "s0-t62",
      "begin" : 304,
      "end" : 308,
      "text" : "unto",
      "whiteSpace" : false
    }, {
      "id" : "s0-t63",
      "begin" : 309,
      "end" : 312,
      "text" : "JOY",
      "whiteSpace" : false
    }, {
      "id" : "s0-t64",
      "begin" : 313,
      "end" : 319,
      "text" : "DENISE",
      "whiteSpace" : false
    }, {
      "id" : "s0-t65",
      "begin" : 320,
      "end" : 327,
      "text" : "JOHNSON",
      "whiteSpace" : false
    }, {
      "id" : "s0-t66",
      "begin" : 327,
      "end" : 328,
      "text" : ",",
      "whiteSpace" : false
    }, {
      "id" : "s0-t67",
      "begin" : 329,
      "end" : 332,
      "text" : "her",
      "whiteSpace" : false
    }, {
      "id" : "s0-t68",
      "begin" : 333,
      "end" : 338,
      "text" : "heirs",
      "whiteSpace" : false
    }, {
      "id" : "s0-t69",
      "begin" : 339,
      "end" : 342,
      "text" : "and",
      "whiteSpace" : false
    }, {
      "id" : "s0-t70",
      "begin" : 343,
      "end" : 350,
      "text" : "assigns",
      "whiteSpace" : false
    }, {
      "id" : "s0-t71",
      "begin" : 350,
      "end" : 351,
      "text" : ",",
      "whiteSpace" : false
    }, {
      "id" : "s0-t72",
      "begin" : 352,
      "end" : 353,
      "text" : "a",
      "whiteSpace" : false
    }, {
      "id" : "s0-t73",
      "begin" : 354,
      "end" : 361,
      "text" : "certain",
      "whiteSpace" : false
    }, {
      "id" : "s0-t74",
      "begin" : 362,
      "end" : 367,
      "text" : "tract",
      "whiteSpace" : false
    }, {
      "id" : "s0-t75",
      "begin" : 368,
      "end" : 370,
      "text" : "or",
      "whiteSpace" : false
    }, {
      "id" : "s0-t76",
      "begin" : 371,
      "end" : 377,
      "text" : "parcel",
      "whiteSpace" : false
    }, {
      "id" : "s0-t77",
      "begin" : 378,
      "end" : 380,
      "text" : "of",
      "whiteSpace" : false
    }, {
      "id" : "s0-t78",
      "begin" : 381,
      "end" : 385,
      "text" : "land",
      "whiteSpace" : false
    }, {
      "id" : "s0-t79",
      "begin" : 386,
      "end" : 388,
      "text" : "in",
      "whiteSpace" : false
    }, {
      "id" : "s0-t80",
      "begin" : 389,
      "end" : 392,
      "text" : "the",
      "whiteSpace" : false
    }, {
      "id" : "s0-t81",
      "begin" : 393,
      "end" : 399,
      "text" : "Second",
      "whiteSpace" : false
    }, {
      "id" : "s0-t82",
      "begin" : 400,
      "end" : 405,
      "text" : "Civil",
      "whiteSpace" : false
    }, {
      "id" : "s0-t83",
      "begin" : 406,
      "end" : 414,
      "text" : "District",
      "whiteSpace" : false
    }, {
      "id" : "s0-t84",
      "begin" : 415,
      "end" : 417,
      "text" : "of",
      "whiteSpace" : false
    }, {
      "id" : "s0-t85",
      "begin" : 418,
      "end" : 427,
      "text" : "Humphreys",
      "whiteSpace" : false
    }, {
      "id" : "s0-t86",
      "begin" : 428,
      "end" : 434,
      "text" : "County",
      "whiteSpace" : false
    }, {
      "id" : "s0-t87",
      "begin" : 434,
      "end" : 435,
      "text" : ",",
      "whiteSpace" : false
    }, {
      "id" : "s0-t88",
      "begin" : 436,
      "end" : 437,
      "text" : "?",
      "whiteSpace" : false
    } ]
  }, {
    "id" : "s1",
    "begin" : 437,
    "end" : 460,
    "text" : "??Tennessee, as follows",
    "tokens" : [ {
      "id" : "s1-t0",
      "begin" : 437,
      "end" : 448,
      "text" : "??Tennessee",
      "whiteSpace" : false
    }, {
      "id" : "s1-t1",
      "begin" : 448,
      "end" : 449,
      "text" : ",",
      "whiteSpace" : false
    }, {
      "id" : "s1-t2",
      "begin" : 450,
      "end" : 452,
      "text" : "as",
      "whiteSpace" : false
    }, {
      "id" : "s1-t3",
      "begin" : 453,
      "end" : 460,
      "text" : "follows",
      "whiteSpace" : false
    } ]
  } ],
  "mentions" : [ {
    "id" : "s0-m2",
    "properties" : {
      "SIRE_MENTION_ROLE" : "Grantee",
      "SIRE_ENTITY_SUBTYPE" : "NONE",
      "SIRE_MENTION_TYPE" : "NONE",
      "SIRE_MENTION_CLASS" : "SPC"
    },
    "type" : "Grantee",
    "begin" : 93,
    "end" : 111,
    "inCoref" : false
  }, {
    "id" : "s0-m1",
    "properties" : {
      "SIRE_MENTION_ROLE" : "Grantor",
      "SIRE_ENTITY_SUBTYPE" : "NONE",
      "SIRE_MENTION_TYPE" : "NONE",
      "SIRE_MENTION_CLASS" : "SPC"
    },
    "type" : "Grantor",
    "begin" : 228,
    "end" : 244,
    "inCoref" : false
  }, {
    "id" : "s0-m3",
    "properties" : {
      "SIRE_MENTION_ROLE" : "Grantee",
      "SIRE_ENTITY_SUBTYPE" : "NONE",
      "SIRE_MENTION_TYPE" : "NONE",
      "SIRE_MENTION_CLASS" : "SPC"
    },
    "type" : "Grantee",
    "begin" : 309,
    "end" : 327,
    "inCoref" : false
  } ],
  "relations" : [ ],
  "corefs" : [ ],
  "typeResolved" : true,
  "userResolved" : false
}