{
  "id" : "558f95f0-50ef-11e9-9b8e-4bc9d96d3dde-3",
  "name" : "WD167-1.txt",
  "createdDate" : 1553732447439,
  "version" : 3,
  "text" : "For and in consideration of the sum of TEN AND NO/ 100 ($10.00) DOLLARS, cash in hand paid, and other good and valuable considerations, the receipt of which is hereby acknowledged, I, PATTI J. WELLS (formerly Patti J. Bowles), this date have bargained and sold, and by these presents do transfer and convey unto JOHN THEODORE RICE, his heirs and assigns, a certain tract or parcel of land in the Second Civil District of Humphreys County, Tennessee, and being more particularly described as follows",
  "docLength" : 0,
  "language" : "EN",
  "status" : "SUBMITTED",
  "modifiedDate" : 1553736565242,
  "documentSet" : [ ],
  "preannotation" : [ ],
  "sentences" : [ {
    "id" : "s0",
    "begin" : 0,
    "end" : 498,
    "text" : "For and in consideration of the sum of TEN AND NO/ 100 ($10.00) DOLLARS, cash in hand paid, and other good and valuable considerations, the receipt of which is hereby acknowledged, I, PATTI J. WELLS (formerly Patti J. Bowles), this date have bargained and sold, and by these presents do transfer and convey unto JOHN THEODORE RICE, his heirs and assigns, a certain tract or parcel of land in the Second Civil District of Humphreys County, Tennessee, and being more particularly described as follows",
    "tokens" : [ {
      "id" : "s0-t0",
      "begin" : 0,
      "end" : 3,
      "text" : "For",
      "whiteSpace" : false
    }, {
      "id" : "s0-t1",
      "begin" : 4,
      "end" : 7,
      "text" : "and",
      "whiteSpace" : false
    }, {
      "id" : "s0-t2",
      "begin" : 8,
      "end" : 10,
      "text" : "in",
      "whiteSpace" : false
    }, {
      "id" : "s0-t3",
      "begin" : 11,
      "end" : 24,
      "text" : "consideration",
      "whiteSpace" : false
    }, {
      "id" : "s0-t4",
      "begin" : 25,
      "end" : 27,
      "text" : "of",
      "whiteSpace" : false
    }, {
      "id" : "s0-t5",
      "begin" : 28,
      "end" : 31,
      "text" : "the",
      "whiteSpace" : false
    }, {
      "id" : "s0-t6",
      "begin" : 32,
      "end" : 35,
      "text" : "sum",
      "whiteSpace" : false
    }, {
      "id" : "s0-t7",
      "begin" : 36,
      "end" : 38,
      "text" : "of",
      "whiteSpace" : false
    }, {
      "id" : "s0-t8",
      "begin" : 39,
      "end" : 42,
      "text" : "TEN",
      "whiteSpace" : false
    }, {
      "id" : "s0-t9",
      "begin" : 43,
      "end" : 46,
      "text" : "AND",
      "whiteSpace" : false
    }, {
      "id" : "s0-t10",
      "begin" : 47,
      "end" : 50,
      "text" : "NO/",
      "whiteSpace" : false
    }, {
      "id" : "s0-t11",
      "begin" : 51,
      "end" : 54,
      "text" : "100",
      "whiteSpace" : false
    }, {
      "id" : "s0-t12",
      "begin" : 55,
      "end" : 56,
      "text" : "(",
      "whiteSpace" : false
    }, {
      "id" : "s0-t13",
      "begin" : 56,
      "end" : 57,
      "text" : "$",
      "whiteSpace" : false
    }, {
      "id" : "s0-t14",
      "begin" : 57,
      "end" : 62,
      "text" : "10.00",
      "whiteSpace" : false
    }, {
      "id" : "s0-t15",
      "begin" : 62,
      "end" : 63,
      "text" : ")",
      "whiteSpace" : false
    }, {
      "id" : "s0-t16",
      "begin" : 64,
      "end" : 71,
      "text" : "DOLLARS",
      "whiteSpace" : false
    }, {
      "id" : "s0-t17",
      "begin" : 71,
      "end" : 72,
      "text" : ",",
      "whiteSpace" : false
    }, {
      "id" : "s0-t18",
      "begin" : 73,
      "end" : 77,
      "text" : "cash",
      "whiteSpace" : false
    }, {
      "id" : "s0-t19",
      "begin" : 78,
      "end" : 80,
      "text" : "in",
      "whiteSpace" : false
    }, {
      "id" : "s0-t20",
      "begin" : 81,
      "end" : 85,
      "text" : "hand",
      "whiteSpace" : false
    }, {
      "id" : "s0-t21",
      "begin" : 86,
      "end" : 90,
      "text" : "paid",
      "whiteSpace" : false
    }, {
      "id" : "s0-t22",
      "begin" : 90,
      "end" : 91,
      "text" : ",",
      "whiteSpace" : false
    }, {
      "id" : "s0-t23",
      "begin" : 92,
      "end" : 95,
      "text" : "and",
      "whiteSpace" : false
    }, {
      "id" : "s0-t24",
      "begin" : 96,
      "end" : 101,
      "text" : "other",
      "whiteSpace" : false
    }, {
      "id" : "s0-t25",
      "begin" : 102,
      "end" : 106,
      "text" : "good",
      "whiteSpace" : false
    }, {
      "id" : "s0-t26",
      "begin" : 107,
      "end" : 110,
      "text" : "and",
      "whiteSpace" : false
    }, {
      "id" : "s0-t27",
      "begin" : 111,
      "end" : 119,
      "text" : "valuable",
      "whiteSpace" : false
    }, {
      "id" : "s0-t28",
      "begin" : 120,
      "end" : 134,
      "text" : "considerations",
      "whiteSpace" : false
    }, {
      "id" : "s0-t29",
      "begin" : 134,
      "end" : 135,
      "text" : ",",
      "whiteSpace" : false
    }, {
      "id" : "s0-t30",
      "begin" : 136,
      "end" : 139,
      "text" : "the",
      "whiteSpace" : false
    }, {
      "id" : "s0-t31",
      "begin" : 140,
      "end" : 147,
      "text" : "receipt",
      "whiteSpace" : false
    }, {
      "id" : "s0-t32",
      "begin" : 148,
      "end" : 150,
      "text" : "of",
      "whiteSpace" : false
    }, {
      "id" : "s0-t33",
      "begin" : 151,
      "end" : 156,
      "text" : "which",
      "whiteSpace" : false
    }, {
      "id" : "s0-t34",
      "begin" : 157,
      "end" : 159,
      "text" : "is",
      "whiteSpace" : false
    }, {
      "id" : "s0-t35",
      "begin" : 160,
      "end" : 166,
      "text" : "hereby",
      "whiteSpace" : false
    }, {
      "id" : "s0-t36",
      "begin" : 167,
      "end" : 179,
      "text" : "acknowledged",
      "whiteSpace" : false
    }, {
      "id" : "s0-t37",
      "begin" : 179,
      "end" : 180,
      "text" : ",",
      "whiteSpace" : false
    }, {
      "id" : "s0-t38",
      "begin" : 181,
      "end" : 182,
      "text" : "I",
      "whiteSpace" : false
    }, {
      "id" : "s0-t39",
      "begin" : 182,
      "end" : 183,
      "text" : ",",
      "whiteSpace" : false
    }, {
      "id" : "s0-t40",
      "begin" : 184,
      "end" : 189,
      "text" : "PATTI",
      "whiteSpace" : false
    }, {
      "id" : "s0-t41",
      "begin" : 190,
      "end" : 192,
      "text" : "J.",
      "whiteSpace" : false
    }, {
      "id" : "s0-t42",
      "begin" : 193,
      "end" : 198,
      "text" : "WELLS",
      "whiteSpace" : false
    }, {
      "id" : "s0-t43",
      "begin" : 199,
      "end" : 200,
      "text" : "(",
      "whiteSpace" : false
    }, {
      "id" : "s0-t44",
      "begin" : 200,
      "end" : 208,
      "text" : "formerly",
      "whiteSpace" : false
    }, {
      "id" : "s0-t45",
      "begin" : 209,
      "end" : 214,
      "text" : "Patti",
      "whiteSpace" : false
    }, {
      "id" : "s0-t46",
      "begin" : 215,
      "end" : 217,
      "text" : "J.",
      "whiteSpace" : false
    }, {
      "id" : "s0-t47",
      "begin" : 218,
      "end" : 224,
      "text" : "Bowles",
      "whiteSpace" : false
    }, {
      "id" : "s0-t48",
      "begin" : 224,
      "end" : 225,
      "text" : ")",
      "whiteSpace" : false
    }, {
      "id" : "s0-t49",
      "begin" : 225,
      "end" : 226,
      "text" : ",",
      "whiteSpace" : false
    }, {
      "id" : "s0-t50",
      "begin" : 227,
      "end" : 231,
      "text" : "this",
      "whiteSpace" : false
    }, {
      "id" : "s0-t51",
      "begin" : 232,
      "end" : 236,
      "text" : "date",
      "whiteSpace" : false
    }, {
      "id" : "s0-t52",
      "begin" : 237,
      "end" : 241,
      "text" : "have",
      "whiteSpace" : false
    }, {
      "id" : "s0-t53",
      "begin" : 242,
      "end" : 251,
      "text" : "bargained",
      "whiteSpace" : false
    }, {
      "id" : "s0-t54",
      "begin" : 252,
      "end" : 255,
      "text" : "and",
      "whiteSpace" : false
    }, {
      "id" : "s0-t55",
      "begin" : 256,
      "end" : 260,
      "text" : "sold",
      "whiteSpace" : false
    }, {
      "id" : "s0-t56",
      "begin" : 260,
      "end" : 261,
      "text" : ",",
      "whiteSpace" : false
    }, {
      "id" : "s0-t57",
      "begin" : 262,
      "end" : 265,
      "text" : "and",
      "whiteSpace" : false
    }, {
      "id" : "s0-t58",
      "begin" : 266,
      "end" : 268,
      "text" : "by",
      "whiteSpace" : false
    }, {
      "id" : "s0-t59",
      "begin" : 269,
      "end" : 274,
      "text" : "these",
      "whiteSpace" : false
    }, {
      "id" : "s0-t60",
      "begin" : 275,
      "end" : 283,
      "text" : "presents",
      "whiteSpace" : false
    }, {
      "id" : "s0-t61",
      "begin" : 284,
      "end" : 286,
      "text" : "do",
      "whiteSpace" : false
    }, {
      "id" : "s0-t62",
      "begin" : 287,
      "end" : 295,
      "text" : "transfer",
      "whiteSpace" : false
    }, {
      "id" : "s0-t63",
      "begin" : 296,
      "end" : 299,
      "text" : "and",
      "whiteSpace" : false
    }, {
      "id" : "s0-t64",
      "begin" : 300,
      "end" : 306,
      "text" : "convey",
      "whiteSpace" : false
    }, {
      "id" : "s0-t65",
      "begin" : 307,
      "end" : 311,
      "text" : "unto",
      "whiteSpace" : false
    }, {
      "id" : "s0-t66",
      "begin" : 312,
      "end" : 316,
      "text" : "JOHN",
      "whiteSpace" : false
    }, {
      "id" : "s0-t67",
      "begin" : 317,
      "end" : 325,
      "text" : "THEODORE",
      "whiteSpace" : false
    }, {
      "id" : "s0-t68",
      "begin" : 326,
      "end" : 330,
      "text" : "RICE",
      "whiteSpace" : false
    }, {
      "id" : "s0-t69",
      "begin" : 330,
      "end" : 331,
      "text" : ",",
      "whiteSpace" : false
    }, {
      "id" : "s0-t70",
      "begin" : 332,
      "end" : 335,
      "text" : "his",
      "whiteSpace" : false
    }, {
      "id" : "s0-t71",
      "begin" : 336,
      "end" : 341,
      "text" : "heirs",
      "whiteSpace" : false
    }, {
      "id" : "s0-t72",
      "begin" : 342,
      "end" : 345,
      "text" : "and",
      "whiteSpace" : false
    }, {
      "id" : "s0-t73",
      "begin" : 346,
      "end" : 353,
      "text" : "assigns",
      "whiteSpace" : false
    }, {
      "id" : "s0-t74",
      "begin" : 353,
      "end" : 354,
      "text" : ",",
      "whiteSpace" : false
    }, {
      "id" : "s0-t75",
      "begin" : 355,
      "end" : 356,
      "text" : "a",
      "whiteSpace" : false
    }, {
      "id" : "s0-t76",
      "begin" : 357,
      "end" : 364,
      "text" : "certain",
      "whiteSpace" : false
    }, {
      "id" : "s0-t77",
      "begin" : 365,
      "end" : 370,
      "text" : "tract",
      "whiteSpace" : false
    }, {
      "id" : "s0-t78",
      "begin" : 371,
      "end" : 373,
      "text" : "or",
      "whiteSpace" : false
    }, {
      "id" : "s0-t79",
      "begin" : 374,
      "end" : 380,
      "text" : "parcel",
      "whiteSpace" : false
    }, {
      "id" : "s0-t80",
      "begin" : 381,
      "end" : 383,
      "text" : "of",
      "whiteSpace" : false
    }, {
      "id" : "s0-t81",
      "begin" : 384,
      "end" : 388,
      "text" : "land",
      "whiteSpace" : false
    }, {
      "id" : "s0-t82",
      "begin" : 389,
      "end" : 391,
      "text" : "in",
      "whiteSpace" : false
    }, {
      "id" : "s0-t83",
      "begin" : 392,
      "end" : 395,
      "text" : "the",
      "whiteSpace" : false
    }, {
      "id" : "s0-t84",
      "begin" : 396,
      "end" : 402,
      "text" : "Second",
      "whiteSpace" : false
    }, {
      "id" : "s0-t85",
      "begin" : 403,
      "end" : 408,
      "text" : "Civil",
      "whiteSpace" : false
    }, {
      "id" : "s0-t86",
      "begin" : 409,
      "end" : 417,
      "text" : "District",
      "whiteSpace" : false
    }, {
      "id" : "s0-t87",
      "begin" : 418,
      "end" : 420,
      "text" : "of",
      "whiteSpace" : false
    }, {
      "id" : "s0-t88",
      "begin" : 421,
      "end" : 430,
      "text" : "Humphreys",
      "whiteSpace" : false
    }, {
      "id" : "s0-t89",
      "begin" : 431,
      "end" : 437,
      "text" : "County",
      "whiteSpace" : false
    }, {
      "id" : "s0-t90",
      "begin" : 437,
      "end" : 438,
      "text" : ",",
      "whiteSpace" : false
    }, {
      "id" : "s0-t91",
      "begin" : 439,
      "end" : 448,
      "text" : "Tennessee",
      "whiteSpace" : false
    }, {
      "id" : "s0-t92",
      "begin" : 448,
      "end" : 449,
      "text" : ",",
      "whiteSpace" : false
    }, {
      "id" : "s0-t93",
      "begin" : 450,
      "end" : 453,
      "text" : "and",
      "whiteSpace" : false
    }, {
      "id" : "s0-t94",
      "begin" : 454,
      "end" : 459,
      "text" : "being",
      "whiteSpace" : false
    }, {
      "id" : "s0-t95",
      "begin" : 460,
      "end" : 464,
      "text" : "more",
      "whiteSpace" : false
    }, {
      "id" : "s0-t96",
      "begin" : 465,
      "end" : 477,
      "text" : "particularly",
      "whiteSpace" : false
    }, {
      "id" : "s0-t97",
      "begin" : 478,
      "end" : 487,
      "text" : "described",
      "whiteSpace" : false
    }, {
      "id" : "s0-t98",
      "begin" : 488,
      "end" : 490,
      "text" : "as",
      "whiteSpace" : false
    }, {
      "id" : "s0-t99",
      "begin" : 491,
      "end" : 498,
      "text" : "follows",
      "whiteSpace" : false
    } ]
  } ],
  "mentions" : [ {
    "id" : "s0-m1",
    "properties" : {
      "SIRE_MENTION_ROLE" : "Grantor",
      "SIRE_ENTITY_SUBTYPE" : "NONE",
      "SIRE_MENTION_TYPE" : "NONE",
      "SIRE_MENTION_CLASS" : "SPC"
    },
    "type" : "Grantor",
    "begin" : 184,
    "end" : 198,
    "inCoref" : false
  }, {
    "id" : "s0-m2",
    "properties" : {
      "SIRE_MENTION_ROLE" : "Grantor",
      "SIRE_ENTITY_SUBTYPE" : "NONE",
      "SIRE_MENTION_TYPE" : "NONE",
      "SIRE_MENTION_CLASS" : "SPC"
    },
    "type" : "Grantor",
    "begin" : 209,
    "end" : 224,
    "inCoref" : false
  }, {
    "id" : "s0-m3",
    "properties" : {
      "SIRE_MENTION_ROLE" : "Grantee",
      "SIRE_ENTITY_SUBTYPE" : "NONE",
      "SIRE_MENTION_TYPE" : "NONE",
      "SIRE_MENTION_CLASS" : "SPC"
    },
    "type" : "Grantee",
    "begin" : 312,
    "end" : 330,
    "inCoref" : false
  } ],
  "relations" : [ ],
  "corefs" : [ ],
  "typeResolved" : true,
  "userResolved" : false
}