{
  "id" : "558f95f0-50ef-11e9-9b8e-4bc9d96d3dde-9",
  "name" : "WD169-1.txt",
  "createdDate" : 1553732447439,
  "version" : 3,
  "text" : "For and in consideration of the sum'af???TEN???AND NO/IOO ($10???00) DOLLARS, cash in hand paid, and other good and valuable considerations, the receipt of which is hereby acknowledged, WE, ROBERTA ANDREWS AND HUSBAND DAN ANDREWS, this date have bargained and sold, and by these presents do transfer and convey unto JOHN W. HUBBARD, his heirs and assigns, a certain tract or parcel of land located in the Second Civil District of Humphreys County, State of Tennessee, as follows",
  "docLength" : 0,
  "language" : "EN",
  "status" : "SUBMITTED",
  "modifiedDate" : 1553736759314,
  "documentSet" : [ ],
  "preannotation" : [ ],
  "sentences" : [ {
    "id" : "s0",
    "begin" : 0,
    "end" : 39,
    "text" : "For and in consideration of the sum'af?",
    "tokens" : [ {
      "id" : "s0-t0",
      "begin" : 0,
      "end" : 3,
      "text" : "For",
      "whiteSpace" : false
    }, {
      "id" : "s0-t1",
      "begin" : 4,
      "end" : 7,
      "text" : "and",
      "whiteSpace" : false
    }, {
      "id" : "s0-t2",
      "begin" : 8,
      "end" : 10,
      "text" : "in",
      "whiteSpace" : false
    }, {
      "id" : "s0-t3",
      "begin" : 11,
      "end" : 24,
      "text" : "consideration",
      "whiteSpace" : false
    }, {
      "id" : "s0-t4",
      "begin" : 25,
      "end" : 27,
      "text" : "of",
      "whiteSpace" : false
    }, {
      "id" : "s0-t5",
      "begin" : 28,
      "end" : 31,
      "text" : "the",
      "whiteSpace" : false
    }, {
      "id" : "s0-t6",
      "begin" : 32,
      "end" : 38,
      "text" : "sum'af",
      "whiteSpace" : false
    }, {
      "id" : "s0-t7",
      "begin" : 38,
      "end" : 39,
      "text" : "?",
      "whiteSpace" : false
    } ]
  }, {
    "id" : "s1",
    "begin" : 39,
    "end" : 478,
    "text" : "??TEN???AND NO/IOO ($10???00) DOLLARS, cash in hand paid, and other good and valuable considerations, the receipt of which is hereby acknowledged, WE, ROBERTA ANDREWS AND HUSBAND DAN ANDREWS, this date have bargained and sold, and by these presents do transfer and convey unto JOHN W. HUBBARD, his heirs and assigns, a certain tract or parcel of land located in the Second Civil District of Humphreys County, State of Tennessee, as follows",
    "tokens" : [ {
      "id" : "s1-t0",
      "begin" : 39,
      "end" : 50,
      "text" : "??TEN???AND",
      "whiteSpace" : false
    }, {
      "id" : "s1-t1",
      "begin" : 51,
      "end" : 57,
      "text" : "NO/IOO",
      "whiteSpace" : false
    }, {
      "id" : "s1-t2",
      "begin" : 58,
      "end" : 59,
      "text" : "(",
      "whiteSpace" : false
    }, {
      "id" : "s1-t3",
      "begin" : 59,
      "end" : 60,
      "text" : "$",
      "whiteSpace" : false
    }, {
      "id" : "s1-t4",
      "begin" : 60,
      "end" : 67,
      "text" : "10???00",
      "whiteSpace" : false
    }, {
      "id" : "s1-t5",
      "begin" : 67,
      "end" : 68,
      "text" : ")",
      "whiteSpace" : false
    }, {
      "id" : "s1-t6",
      "begin" : 69,
      "end" : 76,
      "text" : "DOLLARS",
      "whiteSpace" : false
    }, {
      "id" : "s1-t7",
      "begin" : 76,
      "end" : 77,
      "text" : ",",
      "whiteSpace" : false
    }, {
      "id" : "s1-t8",
      "begin" : 78,
      "end" : 82,
      "text" : "cash",
      "whiteSpace" : false
    }, {
      "id" : "s1-t9",
      "begin" : 83,
      "end" : 85,
      "text" : "in",
      "whiteSpace" : false
    }, {
      "id" : "s1-t10",
      "begin" : 86,
      "end" : 90,
      "text" : "hand",
      "whiteSpace" : false
    }, {
      "id" : "s1-t11",
      "begin" : 91,
      "end" : 95,
      "text" : "paid",
      "whiteSpace" : false
    }, {
      "id" : "s1-t12",
      "begin" : 95,
      "end" : 96,
      "text" : ",",
      "whiteSpace" : false
    }, {
      "id" : "s1-t13",
      "begin" : 97,
      "end" : 100,
      "text" : "and",
      "whiteSpace" : false
    }, {
      "id" : "s1-t14",
      "begin" : 101,
      "end" : 106,
      "text" : "other",
      "whiteSpace" : false
    }, {
      "id" : "s1-t15",
      "begin" : 107,
      "end" : 111,
      "text" : "good",
      "whiteSpace" : false
    }, {
      "id" : "s1-t16",
      "begin" : 112,
      "end" : 115,
      "text" : "and",
      "whiteSpace" : false
    }, {
      "id" : "s1-t17",
      "begin" : 116,
      "end" : 124,
      "text" : "valuable",
      "whiteSpace" : false
    }, {
      "id" : "s1-t18",
      "begin" : 125,
      "end" : 139,
      "text" : "considerations",
      "whiteSpace" : false
    }, {
      "id" : "s1-t19",
      "begin" : 139,
      "end" : 140,
      "text" : ",",
      "whiteSpace" : false
    }, {
      "id" : "s1-t20",
      "begin" : 141,
      "end" : 144,
      "text" : "the",
      "whiteSpace" : false
    }, {
      "id" : "s1-t21",
      "begin" : 145,
      "end" : 152,
      "text" : "receipt",
      "whiteSpace" : false
    }, {
      "id" : "s1-t22",
      "begin" : 153,
      "end" : 155,
      "text" : "of",
      "whiteSpace" : false
    }, {
      "id" : "s1-t23",
      "begin" : 156,
      "end" : 161,
      "text" : "which",
      "whiteSpace" : false
    }, {
      "id" : "s1-t24",
      "begin" : 162,
      "end" : 164,
      "text" : "is",
      "whiteSpace" : false
    }, {
      "id" : "s1-t25",
      "begin" : 165,
      "end" : 171,
      "text" : "hereby",
      "whiteSpace" : false
    }, {
      "id" : "s1-t26",
      "begin" : 172,
      "end" : 184,
      "text" : "acknowledged",
      "whiteSpace" : false
    }, {
      "id" : "s1-t27",
      "begin" : 184,
      "end" : 185,
      "text" : ",",
      "whiteSpace" : false
    }, {
      "id" : "s1-t28",
      "begin" : 186,
      "end" : 188,
      "text" : "WE",
      "whiteSpace" : false
    }, {
      "id" : "s1-t29",
      "begin" : 188,
      "end" : 189,
      "text" : ",",
      "whiteSpace" : false
    }, {
      "id" : "s1-t30",
      "begin" : 190,
      "end" : 197,
      "text" : "ROBERTA",
      "whiteSpace" : false
    }, {
      "id" : "s1-t31",
      "begin" : 198,
      "end" : 205,
      "text" : "ANDREWS",
      "whiteSpace" : false
    }, {
      "id" : "s1-t32",
      "begin" : 206,
      "end" : 209,
      "text" : "AND",
      "whiteSpace" : false
    }, {
      "id" : "s1-t33",
      "begin" : 210,
      "end" : 217,
      "text" : "HUSBAND",
      "whiteSpace" : false
    }, {
      "id" : "s1-t34",
      "begin" : 218,
      "end" : 221,
      "text" : "DAN",
      "whiteSpace" : false
    }, {
      "id" : "s1-t35",
      "begin" : 222,
      "end" : 229,
      "text" : "ANDREWS",
      "whiteSpace" : false
    }, {
      "id" : "s1-t36",
      "begin" : 229,
      "end" : 230,
      "text" : ",",
      "whiteSpace" : false
    }, {
      "id" : "s1-t37",
      "begin" : 231,
      "end" : 235,
      "text" : "this",
      "whiteSpace" : false
    }, {
      "id" : "s1-t38",
      "begin" : 236,
      "end" : 240,
      "text" : "date",
      "whiteSpace" : false
    }, {
      "id" : "s1-t39",
      "begin" : 241,
      "end" : 245,
      "text" : "have",
      "whiteSpace" : false
    }, {
      "id" : "s1-t40",
      "begin" : 246,
      "end" : 255,
      "text" : "bargained",
      "whiteSpace" : false
    }, {
      "id" : "s1-t41",
      "begin" : 256,
      "end" : 259,
      "text" : "and",
      "whiteSpace" : false
    }, {
      "id" : "s1-t42",
      "begin" : 260,
      "end" : 264,
      "text" : "sold",
      "whiteSpace" : false
    }, {
      "id" : "s1-t43",
      "begin" : 264,
      "end" : 265,
      "text" : ",",
      "whiteSpace" : false
    }, {
      "id" : "s1-t44",
      "begin" : 266,
      "end" : 269,
      "text" : "and",
      "whiteSpace" : false
    }, {
      "id" : "s1-t45",
      "begin" : 270,
      "end" : 272,
      "text" : "by",
      "whiteSpace" : false
    }, {
      "id" : "s1-t46",
      "begin" : 273,
      "end" : 278,
      "text" : "these",
      "whiteSpace" : false
    }, {
      "id" : "s1-t47",
      "begin" : 279,
      "end" : 287,
      "text" : "presents",
      "whiteSpace" : false
    }, {
      "id" : "s1-t48",
      "begin" : 288,
      "end" : 290,
      "text" : "do",
      "whiteSpace" : false
    }, {
      "id" : "s1-t49",
      "begin" : 291,
      "end" : 299,
      "text" : "transfer",
      "whiteSpace" : false
    }, {
      "id" : "s1-t50",
      "begin" : 300,
      "end" : 303,
      "text" : "and",
      "whiteSpace" : false
    }, {
      "id" : "s1-t51",
      "begin" : 304,
      "end" : 310,
      "text" : "convey",
      "whiteSpace" : false
    }, {
      "id" : "s1-t52",
      "begin" : 311,
      "end" : 315,
      "text" : "unto",
      "whiteSpace" : false
    }, {
      "id" : "s1-t53",
      "begin" : 316,
      "end" : 320,
      "text" : "JOHN",
      "whiteSpace" : false
    }, {
      "id" : "s1-t54",
      "begin" : 321,
      "end" : 323,
      "text" : "W.",
      "whiteSpace" : false
    }, {
      "id" : "s1-t55",
      "begin" : 324,
      "end" : 331,
      "text" : "HUBBARD",
      "whiteSpace" : false
    }, {
      "id" : "s1-t56",
      "begin" : 331,
      "end" : 332,
      "text" : ",",
      "whiteSpace" : false
    }, {
      "id" : "s1-t57",
      "begin" : 333,
      "end" : 336,
      "text" : "his",
      "whiteSpace" : false
    }, {
      "id" : "s1-t58",
      "begin" : 337,
      "end" : 342,
      "text" : "heirs",
      "whiteSpace" : false
    }, {
      "id" : "s1-t59",
      "begin" : 343,
      "end" : 346,
      "text" : "and",
      "whiteSpace" : false
    }, {
      "id" : "s1-t60",
      "begin" : 347,
      "end" : 354,
      "text" : "assigns",
      "whiteSpace" : false
    }, {
      "id" : "s1-t61",
      "begin" : 354,
      "end" : 355,
      "text" : ",",
      "whiteSpace" : false
    }, {
      "id" : "s1-t62",
      "begin" : 356,
      "end" : 357,
      "text" : "a",
      "whiteSpace" : false
    }, {
      "id" : "s1-t63",
      "begin" : 358,
      "end" : 365,
      "text" : "certain",
      "whiteSpace" : false
    }, {
      "id" : "s1-t64",
      "begin" : 366,
      "end" : 371,
      "text" : "tract",
      "whiteSpace" : false
    }, {
      "id" : "s1-t65",
      "begin" : 372,
      "end" : 374,
      "text" : "or",
      "whiteSpace" : false
    }, {
      "id" : "s1-t66",
      "begin" : 375,
      "end" : 381,
      "text" : "parcel",
      "whiteSpace" : false
    }, {
      "id" : "s1-t67",
      "begin" : 382,
      "end" : 384,
      "text" : "of",
      "whiteSpace" : false
    }, {
      "id" : "s1-t68",
      "begin" : 385,
      "end" : 389,
      "text" : "land",
      "whiteSpace" : false
    }, {
      "id" : "s1-t69",
      "begin" : 390,
      "end" : 397,
      "text" : "located",
      "whiteSpace" : false
    }, {
      "id" : "s1-t70",
      "begin" : 398,
      "end" : 400,
      "text" : "in",
      "whiteSpace" : false
    }, {
      "id" : "s1-t71",
      "begin" : 401,
      "end" : 404,
      "text" : "the",
      "whiteSpace" : false
    }, {
      "id" : "s1-t72",
      "begin" : 405,
      "end" : 411,
      "text" : "Second",
      "whiteSpace" : false
    }, {
      "id" : "s1-t73",
      "begin" : 412,
      "end" : 417,
      "text" : "Civil",
      "whiteSpace" : false
    }, {
      "id" : "s1-t74",
      "begin" : 418,
      "end" : 426,
      "text" : "District",
      "whiteSpace" : false
    }, {
      "id" : "s1-t75",
      "begin" : 427,
      "end" : 429,
      "text" : "of",
      "whiteSpace" : false
    }, {
      "id" : "s1-t76",
      "begin" : 430,
      "end" : 439,
      "text" : "Humphreys",
      "whiteSpace" : false
    }, {
      "id" : "s1-t77",
      "begin" : 440,
      "end" : 446,
      "text" : "County",
      "whiteSpace" : false
    }, {
      "id" : "s1-t78",
      "begin" : 446,
      "end" : 447,
      "text" : ",",
      "whiteSpace" : false
    }, {
      "id" : "s1-t79",
      "begin" : 448,
      "end" : 453,
      "text" : "State",
      "whiteSpace" : false
    }, {
      "id" : "s1-t80",
      "begin" : 454,
      "end" : 456,
      "text" : "of",
      "whiteSpace" : false
    }, {
      "id" : "s1-t81",
      "begin" : 457,
      "end" : 466,
      "text" : "Tennessee",
      "whiteSpace" : false
    }, {
      "id" : "s1-t82",
      "begin" : 466,
      "end" : 467,
      "text" : ",",
      "whiteSpace" : false
    }, {
      "id" : "s1-t83",
      "begin" : 468,
      "end" : 470,
      "text" : "as",
      "whiteSpace" : false
    }, {
      "id" : "s1-t84",
      "begin" : 471,
      "end" : 478,
      "text" : "follows",
      "whiteSpace" : false
    } ]
  } ],
  "mentions" : [ {
    "id" : "s1-m1",
    "properties" : {
      "SIRE_MENTION_ROLE" : "Grantor",
      "SIRE_ENTITY_SUBTYPE" : "NONE",
      "SIRE_MENTION_TYPE" : "NONE",
      "SIRE_MENTION_CLASS" : "SPC"
    },
    "type" : "Grantor",
    "begin" : 190,
    "end" : 205,
    "inCoref" : false
  }, {
    "id" : "s1-m2",
    "properties" : {
      "SIRE_MENTION_ROLE" : "Grantor",
      "SIRE_ENTITY_SUBTYPE" : "NONE",
      "SIRE_MENTION_TYPE" : "NONE",
      "SIRE_MENTION_CLASS" : "SPC"
    },
    "type" : "Grantor",
    "begin" : 218,
    "end" : 229,
    "inCoref" : false
  }, {
    "id" : "s1-m3",
    "properties" : {
      "SIRE_MENTION_ROLE" : "Grantee",
      "SIRE_ENTITY_SUBTYPE" : "NONE",
      "SIRE_MENTION_TYPE" : "NONE",
      "SIRE_MENTION_CLASS" : "SPC"
    },
    "type" : "Grantee",
    "begin" : 316,
    "end" : 331,
    "inCoref" : false
  } ],
  "relations" : [ ],
  "corefs" : [ ],
  "typeResolved" : true,
  "userResolved" : false
}