{
  "id" : "7321edc0-50ef-11e9-864f-311976351dcc-12",
  "name" : "WD177-10.txt",
  "createdDate" : 1553732497052,
  "version" : 3,
  "text" : "FOR AND IN CONSIDERATION OF THE SUM OF SEVEN THOUSAND FIVE HUNDRED AND 00/100 ($7,500.00) DOLLARS, cash, in hand paid, the receipt and sufficiency of which is hereby acknowledged, NOW, THEREFORE, WE, WILSON ROURK AND WIFE, KATHY ROURK, ' Formerly known as Kathy Ross, THIS DAY have bargained and sold and by these presents do transfer and convey unto JOHN GARLAND, his heirs and assigns, the following described property, to???wit: Lying and being in the Third Civil District of Humphreys County, Tennessee and being Tract 3 of Ridgeway Acres Subdivision and being of record at Plat Cabinet B, Slide 159, Including a right of ingress and egress over a private road designated as Ridgeway Lane which is referred to as follows",
  "docLength" : 0,
  "language" : "EN",
  "status" : "SUBMITTED",
  "modifiedDate" : 1553736917312,
  "documentSet" : [ ],
  "preannotation" : [ ],
  "sentences" : [ {
    "id" : "s0",
    "begin" : 0,
    "end" : 425,
    "text" : "FOR AND IN CONSIDERATION OF THE SUM OF SEVEN THOUSAND FIVE HUNDRED AND 00/100 ($7,500.00) DOLLARS, cash, in hand paid, the receipt and sufficiency of which is hereby acknowledged, NOW, THEREFORE, WE, WILSON ROURK AND WIFE, KATHY ROURK, ' Formerly known as Kathy Ross, THIS DAY have bargained and sold and by these presents do transfer and convey unto JOHN GARLAND, his heirs and assigns, the following described property, to?",
    "tokens" : [ {
      "id" : "s0-t0",
      "begin" : 0,
      "end" : 3,
      "text" : "FOR",
      "whiteSpace" : false
    }, {
      "id" : "s0-t1",
      "begin" : 4,
      "end" : 7,
      "text" : "AND",
      "whiteSpace" : false
    }, {
      "id" : "s0-t2",
      "begin" : 8,
      "end" : 10,
      "text" : "IN",
      "whiteSpace" : false
    }, {
      "id" : "s0-t3",
      "begin" : 11,
      "end" : 24,
      "text" : "CONSIDERATION",
      "whiteSpace" : false
    }, {
      "id" : "s0-t4",
      "begin" : 25,
      "end" : 27,
      "text" : "OF",
      "whiteSpace" : false
    }, {
      "id" : "s0-t5",
      "begin" : 28,
      "end" : 31,
      "text" : "THE",
      "whiteSpace" : false
    }, {
      "id" : "s0-t6",
      "begin" : 32,
      "end" : 35,
      "text" : "SUM",
      "whiteSpace" : false
    }, {
      "id" : "s0-t7",
      "begin" : 36,
      "end" : 38,
      "text" : "OF",
      "whiteSpace" : false
    }, {
      "id" : "s0-t8",
      "begin" : 39,
      "end" : 44,
      "text" : "SEVEN",
      "whiteSpace" : false
    }, {
      "id" : "s0-t9",
      "begin" : 45,
      "end" : 53,
      "text" : "THOUSAND",
      "whiteSpace" : false
    }, {
      "id" : "s0-t10",
      "begin" : 54,
      "end" : 58,
      "text" : "FIVE",
      "whiteSpace" : false
    }, {
      "id" : "s0-t11",
      "begin" : 59,
      "end" : 66,
      "text" : "HUNDRED",
      "whiteSpace" : false
    }, {
      "id" : "s0-t12",
      "begin" : 67,
      "end" : 70,
      "text" : "AND",
      "whiteSpace" : false
    }, {
      "id" : "s0-t13",
      "begin" : 71,
      "end" : 77,
      "text" : "00/100",
      "whiteSpace" : false
    }, {
      "id" : "s0-t14",
      "begin" : 78,
      "end" : 79,
      "text" : "(",
      "whiteSpace" : false
    }, {
      "id" : "s0-t15",
      "begin" : 79,
      "end" : 80,
      "text" : "$",
      "whiteSpace" : false
    }, {
      "id" : "s0-t16",
      "begin" : 80,
      "end" : 88,
      "text" : "7,500.00",
      "whiteSpace" : false
    }, {
      "id" : "s0-t17",
      "begin" : 88,
      "end" : 89,
      "text" : ")",
      "whiteSpace" : false
    }, {
      "id" : "s0-t18",
      "begin" : 90,
      "end" : 97,
      "text" : "DOLLARS",
      "whiteSpace" : false
    }, {
      "id" : "s0-t19",
      "begin" : 97,
      "end" : 98,
      "text" : ",",
      "whiteSpace" : false
    }, {
      "id" : "s0-t20",
      "begin" : 99,
      "end" : 103,
      "text" : "cash",
      "whiteSpace" : false
    }, {
      "id" : "s0-t21",
      "begin" : 103,
      "end" : 104,
      "text" : ",",
      "whiteSpace" : false
    }, {
      "id" : "s0-t22",
      "begin" : 105,
      "end" : 107,
      "text" : "in",
      "whiteSpace" : false
    }, {
      "id" : "s0-t23",
      "begin" : 108,
      "end" : 112,
      "text" : "hand",
      "whiteSpace" : false
    }, {
      "id" : "s0-t24",
      "begin" : 113,
      "end" : 117,
      "text" : "paid",
      "whiteSpace" : false
    }, {
      "id" : "s0-t25",
      "begin" : 117,
      "end" : 118,
      "text" : ",",
      "whiteSpace" : false
    }, {
      "id" : "s0-t26",
      "begin" : 119,
      "end" : 122,
      "text" : "the",
      "whiteSpace" : false
    }, {
      "id" : "s0-t27",
      "begin" : 123,
      "end" : 130,
      "text" : "receipt",
      "whiteSpace" : false
    }, {
      "id" : "s0-t28",
      "begin" : 131,
      "end" : 134,
      "text" : "and",
      "whiteSpace" : false
    }, {
      "id" : "s0-t29",
      "begin" : 135,
      "end" : 146,
      "text" : "sufficiency",
      "whiteSpace" : false
    }, {
      "id" : "s0-t30",
      "begin" : 147,
      "end" : 149,
      "text" : "of",
      "whiteSpace" : false
    }, {
      "id" : "s0-t31",
      "begin" : 150,
      "end" : 155,
      "text" : "which",
      "whiteSpace" : false
    }, {
      "id" : "s0-t32",
      "begin" : 156,
      "end" : 158,
      "text" : "is",
      "whiteSpace" : false
    }, {
      "id" : "s0-t33",
      "begin" : 159,
      "end" : 165,
      "text" : "hereby",
      "whiteSpace" : false
    }, {
      "id" : "s0-t34",
      "begin" : 166,
      "end" : 178,
      "text" : "acknowledged",
      "whiteSpace" : false
    }, {
      "id" : "s0-t35",
      "begin" : 178,
      "end" : 179,
      "text" : ",",
      "whiteSpace" : false
    }, {
      "id" : "s0-t36",
      "begin" : 180,
      "end" : 183,
      "text" : "NOW",
      "whiteSpace" : false
    }, {
      "id" : "s0-t37",
      "begin" : 183,
      "end" : 184,
      "text" : ",",
      "whiteSpace" : false
    }, {
      "id" : "s0-t38",
      "begin" : 185,
      "end" : 194,
      "text" : "THEREFORE",
      "whiteSpace" : false
    }, {
      "id" : "s0-t39",
      "begin" : 194,
      "end" : 195,
      "text" : ",",
      "whiteSpace" : false
    }, {
      "id" : "s0-t40",
      "begin" : 196,
      "end" : 198,
      "text" : "WE",
      "whiteSpace" : false
    }, {
      "id" : "s0-t41",
      "begin" : 198,
      "end" : 199,
      "text" : ",",
      "whiteSpace" : false
    }, {
      "id" : "s0-t42",
      "begin" : 200,
      "end" : 206,
      "text" : "WILSON",
      "whiteSpace" : false
    }, {
      "id" : "s0-t43",
      "begin" : 207,
      "end" : 212,
      "text" : "ROURK",
      "whiteSpace" : false
    }, {
      "id" : "s0-t44",
      "begin" : 213,
      "end" : 216,
      "text" : "AND",
      "whiteSpace" : false
    }, {
      "id" : "s0-t45",
      "begin" : 217,
      "end" : 221,
      "text" : "WIFE",
      "whiteSpace" : false
    }, {
      "id" : "s0-t46",
      "begin" : 221,
      "end" : 222,
      "text" : ",",
      "whiteSpace" : false
    }, {
      "id" : "s0-t47",
      "begin" : 223,
      "end" : 228,
      "text" : "KATHY",
      "whiteSpace" : false
    }, {
      "id" : "s0-t48",
      "begin" : 229,
      "end" : 234,
      "text" : "ROURK",
      "whiteSpace" : false
    }, {
      "id" : "s0-t49",
      "begin" : 234,
      "end" : 235,
      "text" : ",",
      "whiteSpace" : false
    }, {
      "id" : "s0-t50",
      "begin" : 236,
      "end" : 237,
      "text" : "'",
      "whiteSpace" : false
    }, {
      "id" : "s0-t51",
      "begin" : 238,
      "end" : 246,
      "text" : "Formerly",
      "whiteSpace" : false
    }, {
      "id" : "s0-t52",
      "begin" : 247,
      "end" : 252,
      "text" : "known",
      "whiteSpace" : false
    }, {
      "id" : "s0-t53",
      "begin" : 253,
      "end" : 255,
      "text" : "as",
      "whiteSpace" : false
    }, {
      "id" : "s0-t54",
      "begin" : 256,
      "end" : 261,
      "text" : "Kathy",
      "whiteSpace" : false
    }, {
      "id" : "s0-t55",
      "begin" : 262,
      "end" : 266,
      "text" : "Ross",
      "whiteSpace" : false
    }, {
      "id" : "s0-t56",
      "begin" : 266,
      "end" : 267,
      "text" : ",",
      "whiteSpace" : false
    }, {
      "id" : "s0-t57",
      "begin" : 268,
      "end" : 272,
      "text" : "THIS",
      "whiteSpace" : false
    }, {
      "id" : "s0-t58",
      "begin" : 273,
      "end" : 276,
      "text" : "DAY",
      "whiteSpace" : false
    }, {
      "id" : "s0-t59",
      "begin" : 277,
      "end" : 281,
      "text" : "have",
      "whiteSpace" : false
    }, {
      "id" : "s0-t60",
      "begin" : 282,
      "end" : 291,
      "text" : "bargained",
      "whiteSpace" : false
    }, {
      "id" : "s0-t61",
      "begin" : 292,
      "end" : 295,
      "text" : "and",
      "whiteSpace" : false
    }, {
      "id" : "s0-t62",
      "begin" : 296,
      "end" : 300,
      "text" : "sold",
      "whiteSpace" : false
    }, {
      "id" : "s0-t63",
      "begin" : 301,
      "end" : 304,
      "text" : "and",
      "whiteSpace" : false
    }, {
      "id" : "s0-t64",
      "begin" : 305,
      "end" : 307,
      "text" : "by",
      "whiteSpace" : false
    }, {
      "id" : "s0-t65",
      "begin" : 308,
      "end" : 313,
      "text" : "these",
      "whiteSpace" : false
    }, {
      "id" : "s0-t66",
      "begin" : 314,
      "end" : 322,
      "text" : "presents",
      "whiteSpace" : false
    }, {
      "id" : "s0-t67",
      "begin" : 323,
      "end" : 325,
      "text" : "do",
      "whiteSpace" : false
    }, {
      "id" : "s0-t68",
      "begin" : 326,
      "end" : 334,
      "text" : "transfer",
      "whiteSpace" : false
    }, {
      "id" : "s0-t69",
      "begin" : 335,
      "end" : 338,
      "text" : "and",
      "whiteSpace" : false
    }, {
      "id" : "s0-t70",
      "begin" : 339,
      "end" : 345,
      "text" : "convey",
      "whiteSpace" : false
    }, {
      "id" : "s0-t71",
      "begin" : 346,
      "end" : 350,
      "text" : "unto",
      "whiteSpace" : false
    }, {
      "id" : "s0-t72",
      "begin" : 351,
      "end" : 355,
      "text" : "JOHN",
      "whiteSpace" : false
    }, {
      "id" : "s0-t73",
      "begin" : 356,
      "end" : 363,
      "text" : "GARLAND",
      "whiteSpace" : false
    }, {
      "id" : "s0-t74",
      "begin" : 363,
      "end" : 364,
      "text" : ",",
      "whiteSpace" : false
    }, {
      "id" : "s0-t75",
      "begin" : 365,
      "end" : 368,
      "text" : "his",
      "whiteSpace" : false
    }, {
      "id" : "s0-t76",
      "begin" : 369,
      "end" : 374,
      "text" : "heirs",
      "whiteSpace" : false
    }, {
      "id" : "s0-t77",
      "begin" : 375,
      "end" : 378,
      "text" : "and",
      "whiteSpace" : false
    }, {
      "id" : "s0-t78",
      "begin" : 379,
      "end" : 386,
      "text" : "assigns",
      "whiteSpace" : false
    }, {
      "id" : "s0-t79",
      "begin" : 386,
      "end" : 387,
      "text" : ",",
      "whiteSpace" : false
    }, {
      "id" : "s0-t80",
      "begin" : 388,
      "end" : 391,
      "text" : "the",
      "whiteSpace" : false
    }, {
      "id" : "s0-t81",
      "begin" : 392,
      "end" : 401,
      "text" : "following",
      "whiteSpace" : false
    }, {
      "id" : "s0-t82",
      "begin" : 402,
      "end" : 411,
      "text" : "described",
      "whiteSpace" : false
    }, {
      "id" : "s0-t83",
      "begin" : 412,
      "end" : 420,
      "text" : "property",
      "whiteSpace" : false
    }, {
      "id" : "s0-t84",
      "begin" : 420,
      "end" : 421,
      "text" : ",",
      "whiteSpace" : false
    }, {
      "id" : "s0-t85",
      "begin" : 422,
      "end" : 424,
      "text" : "to",
      "whiteSpace" : false
    }, {
      "id" : "s0-t86",
      "begin" : 424,
      "end" : 425,
      "text" : "?",
      "whiteSpace" : false
    } ]
  }, {
    "id" : "s1",
    "begin" : 425,
    "end" : 724,
    "text" : "??wit: Lying and being in the Third Civil District of Humphreys County, Tennessee and being Tract 3 of Ridgeway Acres Subdivision and being of record at Plat Cabinet B, Slide 159, Including a right of ingress and egress over a private road designated as Ridgeway Lane which is referred to as follows",
    "tokens" : [ {
      "id" : "s1-t0",
      "begin" : 425,
      "end" : 430,
      "text" : "??wit",
      "whiteSpace" : false
    }, {
      "id" : "s1-t1",
      "begin" : 430,
      "end" : 431,
      "text" : ":",
      "whiteSpace" : false
    }, {
      "id" : "s1-t2",
      "begin" : 432,
      "end" : 437,
      "text" : "Lying",
      "whiteSpace" : false
    }, {
      "id" : "s1-t3",
      "begin" : 438,
      "end" : 441,
      "text" : "and",
      "whiteSpace" : false
    }, {
      "id" : "s1-t4",
      "begin" : 442,
      "end" : 447,
      "text" : "being",
      "whiteSpace" : false
    }, {
      "id" : "s1-t5",
      "begin" : 448,
      "end" : 450,
      "text" : "in",
      "whiteSpace" : false
    }, {
      "id" : "s1-t6",
      "begin" : 451,
      "end" : 454,
      "text" : "the",
      "whiteSpace" : false
    }, {
      "id" : "s1-t7",
      "begin" : 455,
      "end" : 460,
      "text" : "Third",
      "whiteSpace" : false
    }, {
      "id" : "s1-t8",
      "begin" : 461,
      "end" : 466,
      "text" : "Civil",
      "whiteSpace" : false
    }, {
      "id" : "s1-t9",
      "begin" : 467,
      "end" : 475,
      "text" : "District",
      "whiteSpace" : false
    }, {
      "id" : "s1-t10",
      "begin" : 476,
      "end" : 478,
      "text" : "of",
      "whiteSpace" : false
    }, {
      "id" : "s1-t11",
      "begin" : 479,
      "end" : 488,
      "text" : "Humphreys",
      "whiteSpace" : false
    }, {
      "id" : "s1-t12",
      "begin" : 489,
      "end" : 495,
      "text" : "County",
      "whiteSpace" : false
    }, {
      "id" : "s1-t13",
      "begin" : 495,
      "end" : 496,
      "text" : ",",
      "whiteSpace" : false
    }, {
      "id" : "s1-t14",
      "begin" : 497,
      "end" : 506,
      "text" : "Tennessee",
      "whiteSpace" : false
    }, {
      "id" : "s1-t15",
      "begin" : 507,
      "end" : 510,
      "text" : "and",
      "whiteSpace" : false
    }, {
      "id" : "s1-t16",
      "begin" : 511,
      "end" : 516,
      "text" : "being",
      "whiteSpace" : false
    }, {
      "id" : "s1-t17",
      "begin" : 517,
      "end" : 522,
      "text" : "Tract",
      "whiteSpace" : false
    }, {
      "id" : "s1-t18",
      "begin" : 523,
      "end" : 524,
      "text" : "3",
      "whiteSpace" : false
    }, {
      "id" : "s1-t19",
      "begin" : 525,
      "end" : 527,
      "text" : "of",
      "whiteSpace" : false
    }, {
      "id" : "s1-t20",
      "begin" : 528,
      "end" : 536,
      "text" : "Ridgeway",
      "whiteSpace" : false
    }, {
      "id" : "s1-t21",
      "begin" : 537,
      "end" : 542,
      "text" : "Acres",
      "whiteSpace" : false
    }, {
      "id" : "s1-t22",
      "begin" : 543,
      "end" : 554,
      "text" : "Subdivision",
      "whiteSpace" : false
    }, {
      "id" : "s1-t23",
      "begin" : 555,
      "end" : 558,
      "text" : "and",
      "whiteSpace" : false
    }, {
      "id" : "s1-t24",
      "begin" : 559,
      "end" : 564,
      "text" : "being",
      "whiteSpace" : false
    }, {
      "id" : "s1-t25",
      "begin" : 565,
      "end" : 567,
      "text" : "of",
      "whiteSpace" : false
    }, {
      "id" : "s1-t26",
      "begin" : 568,
      "end" : 574,
      "text" : "record",
      "whiteSpace" : false
    }, {
      "id" : "s1-t27",
      "begin" : 575,
      "end" : 577,
      "text" : "at",
      "whiteSpace" : false
    }, {
      "id" : "s1-t28",
      "begin" : 578,
      "end" : 582,
      "text" : "Plat",
      "whiteSpace" : false
    }, {
      "id" : "s1-t29",
      "begin" : 583,
      "end" : 590,
      "text" : "Cabinet",
      "whiteSpace" : false
    }, {
      "id" : "s1-t30",
      "begin" : 591,
      "end" : 592,
      "text" : "B",
      "whiteSpace" : false
    }, {
      "id" : "s1-t31",
      "begin" : 592,
      "end" : 593,
      "text" : ",",
      "whiteSpace" : false
    }, {
      "id" : "s1-t32",
      "begin" : 594,
      "end" : 599,
      "text" : "Slide",
      "whiteSpace" : false
    }, {
      "id" : "s1-t33",
      "begin" : 600,
      "end" : 603,
      "text" : "159",
      "whiteSpace" : false
    }, {
      "id" : "s1-t34",
      "begin" : 603,
      "end" : 604,
      "text" : ",",
      "whiteSpace" : false
    }, {
      "id" : "s1-t35",
      "begin" : 605,
      "end" : 614,
      "text" : "Including",
      "whiteSpace" : false
    }, {
      "id" : "s1-t36",
      "begin" : 615,
      "end" : 616,
      "text" : "a",
      "whiteSpace" : false
    }, {
      "id" : "s1-t37",
      "begin" : 617,
      "end" : 622,
      "text" : "right",
      "whiteSpace" : false
    }, {
      "id" : "s1-t38",
      "begin" : 623,
      "end" : 625,
      "text" : "of",
      "whiteSpace" : false
    }, {
      "id" : "s1-t39",
      "begin" : 626,
      "end" : 633,
      "text" : "ingress",
      "whiteSpace" : false
    }, {
      "id" : "s1-t40",
      "begin" : 634,
      "end" : 637,
      "text" : "and",
      "whiteSpace" : false
    }, {
      "id" : "s1-t41",
      "begin" : 638,
      "end" : 644,
      "text" : "egress",
      "whiteSpace" : false
    }, {
      "id" : "s1-t42",
      "begin" : 645,
      "end" : 649,
      "text" : "over",
      "whiteSpace" : false
    }, {
      "id" : "s1-t43",
      "begin" : 650,
      "end" : 651,
      "text" : "a",
      "whiteSpace" : false
    }, {
      "id" : "s1-t44",
      "begin" : 652,
      "end" : 659,
      "text" : "private",
      "whiteSpace" : false
    }, {
      "id" : "s1-t45",
      "begin" : 660,
      "end" : 664,
      "text" : "road",
      "whiteSpace" : false
    }, {
      "id" : "s1-t46",
      "begin" : 665,
      "end" : 675,
      "text" : "designated",
      "whiteSpace" : false
    }, {
      "id" : "s1-t47",
      "begin" : 676,
      "end" : 678,
      "text" : "as",
      "whiteSpace" : false
    }, {
      "id" : "s1-t48",
      "begin" : 679,
      "end" : 687,
      "text" : "Ridgeway",
      "whiteSpace" : false
    }, {
      "id" : "s1-t49",
      "begin" : 688,
      "end" : 692,
      "text" : "Lane",
      "whiteSpace" : false
    }, {
      "id" : "s1-t50",
      "begin" : 693,
      "end" : 698,
      "text" : "which",
      "whiteSpace" : false
    }, {
      "id" : "s1-t51",
      "begin" : 699,
      "end" : 701,
      "text" : "is",
      "whiteSpace" : false
    }, {
      "id" : "s1-t52",
      "begin" : 702,
      "end" : 710,
      "text" : "referred",
      "whiteSpace" : false
    }, {
      "id" : "s1-t53",
      "begin" : 711,
      "end" : 713,
      "text" : "to",
      "whiteSpace" : false
    }, {
      "id" : "s1-t54",
      "begin" : 714,
      "end" : 716,
      "text" : "as",
      "whiteSpace" : false
    }, {
      "id" : "s1-t55",
      "begin" : 717,
      "end" : 724,
      "text" : "follows",
      "whiteSpace" : false
    } ]
  } ],
  "mentions" : [ {
    "id" : "s0-m1",
    "properties" : {
      "SIRE_MENTION_ROLE" : "Grantor",
      "SIRE_ENTITY_SUBTYPE" : "NONE",
      "SIRE_MENTION_TYPE" : "NONE",
      "SIRE_MENTION_CLASS" : "SPC"
    },
    "type" : "Grantor",
    "begin" : 200,
    "end" : 212,
    "inCoref" : false
  }, {
    "id" : "s0-m2",
    "properties" : {
      "SIRE_MENTION_ROLE" : "Grantor",
      "SIRE_ENTITY_SUBTYPE" : "NONE",
      "SIRE_MENTION_TYPE" : "NONE",
      "SIRE_MENTION_CLASS" : "SPC"
    },
    "type" : "Grantor",
    "begin" : 223,
    "end" : 234,
    "inCoref" : false
  }, {
    "id" : "s0-m3",
    "properties" : {
      "SIRE_MENTION_ROLE" : "Grantee",
      "SIRE_ENTITY_SUBTYPE" : "NONE",
      "SIRE_MENTION_TYPE" : "NONE",
      "SIRE_MENTION_CLASS" : "SPC"
    },
    "type" : "Grantee",
    "begin" : 351,
    "end" : 363,
    "inCoref" : false
  } ],
  "relations" : [ ],
  "corefs" : [ ],
  "typeResolved" : true,
  "userResolved" : false
}