{
  "id" : "7321edc0-50ef-11e9-864f-311976351dcc-5",
  "name" : "WD173-7.txt",
  "createdDate" : 1553732497052,
  "version" : 3,
  "text" : "THIS INSTRUMENT PREPARED BY: WARRANTY DEED FOR AND IN CONSIDERATION of the sum of FIFTY???SEVEN THOUSAND FIVE HUNDRED. AND 00/100 ($57,500.00) DOLLARS, cash in hand paid by PALMER E. HOBSON, JR. and wife, LAURIE HOBSON, receipt of which is hereby acknowledged, we, RONALD L. HOBSON and CANDACE R. HOBSON, have bargained and sold, and by these presents do transfer and convey unto the said PALMER E. HOBSON, JR. and wife, LAURIE HOBSON, their heirs and assigns, a certain tract or parcel of land as follows",
  "docLength" : 0,
  "language" : "EN",
  "status" : "SUBMITTED",
  "modifiedDate" : 1553737110265,
  "documentSet" : [ ],
  "preannotation" : [ ],
  "sentences" : [ {
    "id" : "s0",
    "begin" : 0,
    "end" : 118,
    "text" : "THIS INSTRUMENT PREPARED BY: WARRANTY DEED FOR AND IN CONSIDERATION of the sum of FIFTY???SEVEN THOUSAND FIVE HUNDRED.",
    "tokens" : [ {
      "id" : "s0-t0",
      "begin" : 0,
      "end" : 4,
      "text" : "THIS",
      "whiteSpace" : false
    }, {
      "id" : "s0-t1",
      "begin" : 5,
      "end" : 15,
      "text" : "INSTRUMENT",
      "whiteSpace" : false
    }, {
      "id" : "s0-t2",
      "begin" : 16,
      "end" : 24,
      "text" : "PREPARED",
      "whiteSpace" : false
    }, {
      "id" : "s0-t3",
      "begin" : 25,
      "end" : 27,
      "text" : "BY",
      "whiteSpace" : false
    }, {
      "id" : "s0-t4",
      "begin" : 27,
      "end" : 28,
      "text" : ":",
      "whiteSpace" : false
    }, {
      "id" : "s0-t5",
      "begin" : 29,
      "end" : 37,
      "text" : "WARRANTY",
      "whiteSpace" : false
    }, {
      "id" : "s0-t6",
      "begin" : 38,
      "end" : 42,
      "text" : "DEED",
      "whiteSpace" : false
    }, {
      "id" : "s0-t7",
      "begin" : 43,
      "end" : 46,
      "text" : "FOR",
      "whiteSpace" : false
    }, {
      "id" : "s0-t8",
      "begin" : 47,
      "end" : 50,
      "text" : "AND",
      "whiteSpace" : false
    }, {
      "id" : "s0-t9",
      "begin" : 51,
      "end" : 53,
      "text" : "IN",
      "whiteSpace" : false
    }, {
      "id" : "s0-t10",
      "begin" : 54,
      "end" : 67,
      "text" : "CONSIDERATION",
      "whiteSpace" : false
    }, {
      "id" : "s0-t11",
      "begin" : 68,
      "end" : 70,
      "text" : "of",
      "whiteSpace" : false
    }, {
      "id" : "s0-t12",
      "begin" : 71,
      "end" : 74,
      "text" : "the",
      "whiteSpace" : false
    }, {
      "id" : "s0-t13",
      "begin" : 75,
      "end" : 78,
      "text" : "sum",
      "whiteSpace" : false
    }, {
      "id" : "s0-t14",
      "begin" : 79,
      "end" : 81,
      "text" : "of",
      "whiteSpace" : false
    }, {
      "id" : "s0-t15",
      "begin" : 82,
      "end" : 95,
      "text" : "FIFTY???SEVEN",
      "whiteSpace" : false
    }, {
      "id" : "s0-t16",
      "begin" : 96,
      "end" : 104,
      "text" : "THOUSAND",
      "whiteSpace" : false
    }, {
      "id" : "s0-t17",
      "begin" : 105,
      "end" : 109,
      "text" : "FIVE",
      "whiteSpace" : false
    }, {
      "id" : "s0-t18",
      "begin" : 110,
      "end" : 117,
      "text" : "HUNDRED",
      "whiteSpace" : false
    }, {
      "id" : "s0-t19",
      "begin" : 117,
      "end" : 118,
      "text" : ".",
      "whiteSpace" : false
    } ]
  }, {
    "id" : "s1",
    "begin" : 119,
    "end" : 505,
    "text" : "AND 00/100 ($57,500.00) DOLLARS, cash in hand paid by PALMER E. HOBSON, JR. and wife, LAURIE HOBSON, receipt of which is hereby acknowledged, we, RONALD L. HOBSON and CANDACE R. HOBSON, have bargained and sold, and by these presents do transfer and convey unto the said PALMER E. HOBSON, JR. and wife, LAURIE HOBSON, their heirs and assigns, a certain tract or parcel of land as follows",
    "tokens" : [ {
      "id" : "s1-t0",
      "begin" : 119,
      "end" : 122,
      "text" : "AND",
      "whiteSpace" : false
    }, {
      "id" : "s1-t1",
      "begin" : 123,
      "end" : 129,
      "text" : "00/100",
      "whiteSpace" : false
    }, {
      "id" : "s1-t2",
      "begin" : 130,
      "end" : 131,
      "text" : "(",
      "whiteSpace" : false
    }, {
      "id" : "s1-t3",
      "begin" : 131,
      "end" : 132,
      "text" : "$",
      "whiteSpace" : false
    }, {
      "id" : "s1-t4",
      "begin" : 132,
      "end" : 141,
      "text" : "57,500.00",
      "whiteSpace" : false
    }, {
      "id" : "s1-t5",
      "begin" : 141,
      "end" : 142,
      "text" : ")",
      "whiteSpace" : false
    }, {
      "id" : "s1-t6",
      "begin" : 143,
      "end" : 150,
      "text" : "DOLLARS",
      "whiteSpace" : false
    }, {
      "id" : "s1-t7",
      "begin" : 150,
      "end" : 151,
      "text" : ",",
      "whiteSpace" : false
    }, {
      "id" : "s1-t8",
      "begin" : 152,
      "end" : 156,
      "text" : "cash",
      "whiteSpace" : false
    }, {
      "id" : "s1-t9",
      "begin" : 157,
      "end" : 159,
      "text" : "in",
      "whiteSpace" : false
    }, {
      "id" : "s1-t10",
      "begin" : 160,
      "end" : 164,
      "text" : "hand",
      "whiteSpace" : false
    }, {
      "id" : "s1-t11",
      "begin" : 165,
      "end" : 169,
      "text" : "paid",
      "whiteSpace" : false
    }, {
      "id" : "s1-t12",
      "begin" : 170,
      "end" : 172,
      "text" : "by",
      "whiteSpace" : false
    }, {
      "id" : "s1-t13",
      "begin" : 173,
      "end" : 179,
      "text" : "PALMER",
      "whiteSpace" : false
    }, {
      "id" : "s1-t14",
      "begin" : 180,
      "end" : 182,
      "text" : "E.",
      "whiteSpace" : false
    }, {
      "id" : "s1-t15",
      "begin" : 183,
      "end" : 189,
      "text" : "HOBSON",
      "whiteSpace" : false
    }, {
      "id" : "s1-t16",
      "begin" : 189,
      "end" : 190,
      "text" : ",",
      "whiteSpace" : false
    }, {
      "id" : "s1-t17",
      "begin" : 191,
      "end" : 194,
      "text" : "JR.",
      "whiteSpace" : false
    }, {
      "id" : "s1-t18",
      "begin" : 195,
      "end" : 198,
      "text" : "and",
      "whiteSpace" : false
    }, {
      "id" : "s1-t19",
      "begin" : 199,
      "end" : 203,
      "text" : "wife",
      "whiteSpace" : false
    }, {
      "id" : "s1-t20",
      "begin" : 203,
      "end" : 204,
      "text" : ",",
      "whiteSpace" : false
    }, {
      "id" : "s1-t21",
      "begin" : 205,
      "end" : 211,
      "text" : "LAURIE",
      "whiteSpace" : false
    }, {
      "id" : "s1-t22",
      "begin" : 212,
      "end" : 218,
      "text" : "HOBSON",
      "whiteSpace" : false
    }, {
      "id" : "s1-t23",
      "begin" : 218,
      "end" : 219,
      "text" : ",",
      "whiteSpace" : false
    }, {
      "id" : "s1-t24",
      "begin" : 220,
      "end" : 227,
      "text" : "receipt",
      "whiteSpace" : false
    }, {
      "id" : "s1-t25",
      "begin" : 228,
      "end" : 230,
      "text" : "of",
      "whiteSpace" : false
    }, {
      "id" : "s1-t26",
      "begin" : 231,
      "end" : 236,
      "text" : "which",
      "whiteSpace" : false
    }, {
      "id" : "s1-t27",
      "begin" : 237,
      "end" : 239,
      "text" : "is",
      "whiteSpace" : false
    }, {
      "id" : "s1-t28",
      "begin" : 240,
      "end" : 246,
      "text" : "hereby",
      "whiteSpace" : false
    }, {
      "id" : "s1-t29",
      "begin" : 247,
      "end" : 259,
      "text" : "acknowledged",
      "whiteSpace" : false
    }, {
      "id" : "s1-t30",
      "begin" : 259,
      "end" : 260,
      "text" : ",",
      "whiteSpace" : false
    }, {
      "id" : "s1-t31",
      "begin" : 261,
      "end" : 263,
      "text" : "we",
      "whiteSpace" : false
    }, {
      "id" : "s1-t32",
      "begin" : 263,
      "end" : 264,
      "text" : ",",
      "whiteSpace" : false
    }, {
      "id" : "s1-t33",
      "begin" : 265,
      "end" : 271,
      "text" : "RONALD",
      "whiteSpace" : false
    }, {
      "id" : "s1-t34",
      "begin" : 272,
      "end" : 274,
      "text" : "L.",
      "whiteSpace" : false
    }, {
      "id" : "s1-t35",
      "begin" : 275,
      "end" : 281,
      "text" : "HOBSON",
      "whiteSpace" : false
    }, {
      "id" : "s1-t36",
      "begin" : 282,
      "end" : 285,
      "text" : "and",
      "whiteSpace" : false
    }, {
      "id" : "s1-t37",
      "begin" : 286,
      "end" : 293,
      "text" : "CANDACE",
      "whiteSpace" : false
    }, {
      "id" : "s1-t38",
      "begin" : 294,
      "end" : 296,
      "text" : "R.",
      "whiteSpace" : false
    }, {
      "id" : "s1-t39",
      "begin" : 297,
      "end" : 303,
      "text" : "HOBSON",
      "whiteSpace" : false
    }, {
      "id" : "s1-t40",
      "begin" : 303,
      "end" : 304,
      "text" : ",",
      "whiteSpace" : false
    }, {
      "id" : "s1-t41",
      "begin" : 305,
      "end" : 309,
      "text" : "have",
      "whiteSpace" : false
    }, {
      "id" : "s1-t42",
      "begin" : 310,
      "end" : 319,
      "text" : "bargained",
      "whiteSpace" : false
    }, {
      "id" : "s1-t43",
      "begin" : 320,
      "end" : 323,
      "text" : "and",
      "whiteSpace" : false
    }, {
      "id" : "s1-t44",
      "begin" : 324,
      "end" : 328,
      "text" : "sold",
      "whiteSpace" : false
    }, {
      "id" : "s1-t45",
      "begin" : 328,
      "end" : 329,
      "text" : ",",
      "whiteSpace" : false
    }, {
      "id" : "s1-t46",
      "begin" : 330,
      "end" : 333,
      "text" : "and",
      "whiteSpace" : false
    }, {
      "id" : "s1-t47",
      "begin" : 334,
      "end" : 336,
      "text" : "by",
      "whiteSpace" : false
    }, {
      "id" : "s1-t48",
      "begin" : 337,
      "end" : 342,
      "text" : "these",
      "whiteSpace" : false
    }, {
      "id" : "s1-t49",
      "begin" : 343,
      "end" : 351,
      "text" : "presents",
      "whiteSpace" : false
    }, {
      "id" : "s1-t50",
      "begin" : 352,
      "end" : 354,
      "text" : "do",
      "whiteSpace" : false
    }, {
      "id" : "s1-t51",
      "begin" : 355,
      "end" : 363,
      "text" : "transfer",
      "whiteSpace" : false
    }, {
      "id" : "s1-t52",
      "begin" : 364,
      "end" : 367,
      "text" : "and",
      "whiteSpace" : false
    }, {
      "id" : "s1-t53",
      "begin" : 368,
      "end" : 374,
      "text" : "convey",
      "whiteSpace" : false
    }, {
      "id" : "s1-t54",
      "begin" : 375,
      "end" : 379,
      "text" : "unto",
      "whiteSpace" : false
    }, {
      "id" : "s1-t55",
      "begin" : 380,
      "end" : 383,
      "text" : "the",
      "whiteSpace" : false
    }, {
      "id" : "s1-t56",
      "begin" : 384,
      "end" : 388,
      "text" : "said",
      "whiteSpace" : false
    }, {
      "id" : "s1-t57",
      "begin" : 389,
      "end" : 395,
      "text" : "PALMER",
      "whiteSpace" : false
    }, {
      "id" : "s1-t58",
      "begin" : 396,
      "end" : 398,
      "text" : "E.",
      "whiteSpace" : false
    }, {
      "id" : "s1-t59",
      "begin" : 399,
      "end" : 405,
      "text" : "HOBSON",
      "whiteSpace" : false
    }, {
      "id" : "s1-t60",
      "begin" : 405,
      "end" : 406,
      "text" : ",",
      "whiteSpace" : false
    }, {
      "id" : "s1-t61",
      "begin" : 407,
      "end" : 410,
      "text" : "JR.",
      "whiteSpace" : false
    }, {
      "id" : "s1-t62",
      "begin" : 411,
      "end" : 414,
      "text" : "and",
      "whiteSpace" : false
    }, {
      "id" : "s1-t63",
      "begin" : 415,
      "end" : 419,
      "text" : "wife",
      "whiteSpace" : false
    }, {
      "id" : "s1-t64",
      "begin" : 419,
      "end" : 420,
      "text" : ",",
      "whiteSpace" : false
    }, {
      "id" : "s1-t65",
      "begin" : 421,
      "end" : 427,
      "text" : "LAURIE",
      "whiteSpace" : false
    }, {
      "id" : "s1-t66",
      "begin" : 428,
      "end" : 434,
      "text" : "HOBSON",
      "whiteSpace" : false
    }, {
      "id" : "s1-t67",
      "begin" : 434,
      "end" : 435,
      "text" : ",",
      "whiteSpace" : false
    }, {
      "id" : "s1-t68",
      "begin" : 436,
      "end" : 441,
      "text" : "their",
      "whiteSpace" : false
    }, {
      "id" : "s1-t69",
      "begin" : 442,
      "end" : 447,
      "text" : "heirs",
      "whiteSpace" : false
    }, {
      "id" : "s1-t70",
      "begin" : 448,
      "end" : 451,
      "text" : "and",
      "whiteSpace" : false
    }, {
      "id" : "s1-t71",
      "begin" : 452,
      "end" : 459,
      "text" : "assigns",
      "whiteSpace" : false
    }, {
      "id" : "s1-t72",
      "begin" : 459,
      "end" : 460,
      "text" : ",",
      "whiteSpace" : false
    }, {
      "id" : "s1-t73",
      "begin" : 461,
      "end" : 462,
      "text" : "a",
      "whiteSpace" : false
    }, {
      "id" : "s1-t74",
      "begin" : 463,
      "end" : 470,
      "text" : "certain",
      "whiteSpace" : false
    }, {
      "id" : "s1-t75",
      "begin" : 471,
      "end" : 476,
      "text" : "tract",
      "whiteSpace" : false
    }, {
      "id" : "s1-t76",
      "begin" : 477,
      "end" : 479,
      "text" : "or",
      "whiteSpace" : false
    }, {
      "id" : "s1-t77",
      "begin" : 480,
      "end" : 486,
      "text" : "parcel",
      "whiteSpace" : false
    }, {
      "id" : "s1-t78",
      "begin" : 487,
      "end" : 489,
      "text" : "of",
      "whiteSpace" : false
    }, {
      "id" : "s1-t79",
      "begin" : 490,
      "end" : 494,
      "text" : "land",
      "whiteSpace" : false
    }, {
      "id" : "s1-t80",
      "begin" : 495,
      "end" : 497,
      "text" : "as",
      "whiteSpace" : false
    }, {
      "id" : "s1-t81",
      "begin" : 498,
      "end" : 505,
      "text" : "follows",
      "whiteSpace" : false
    } ]
  } ],
  "mentions" : [ {
    "id" : "s1-m1",
    "properties" : {
      "SIRE_MENTION_ROLE" : "Grantee",
      "SIRE_ENTITY_SUBTYPE" : "NONE",
      "SIRE_MENTION_TYPE" : "NONE",
      "SIRE_MENTION_CLASS" : "SPC"
    },
    "type" : "Grantee",
    "begin" : 173,
    "end" : 194,
    "inCoref" : false
  }, {
    "id" : "s1-m2",
    "properties" : {
      "SIRE_MENTION_ROLE" : "Grantee",
      "SIRE_ENTITY_SUBTYPE" : "NONE",
      "SIRE_MENTION_TYPE" : "NONE",
      "SIRE_MENTION_CLASS" : "SPC"
    },
    "type" : "Grantee",
    "begin" : 205,
    "end" : 218,
    "inCoref" : false
  }, {
    "id" : "s1-m3",
    "properties" : {
      "SIRE_MENTION_ROLE" : "Grantor",
      "SIRE_ENTITY_SUBTYPE" : "NONE",
      "SIRE_MENTION_TYPE" : "NONE",
      "SIRE_MENTION_CLASS" : "SPC"
    },
    "type" : "Grantor",
    "begin" : 265,
    "end" : 281,
    "inCoref" : false
  }, {
    "id" : "s1-m4",
    "properties" : {
      "SIRE_MENTION_ROLE" : "Grantor",
      "SIRE_ENTITY_SUBTYPE" : "NONE",
      "SIRE_MENTION_TYPE" : "NONE",
      "SIRE_MENTION_CLASS" : "SPC"
    },
    "type" : "Grantor",
    "begin" : 286,
    "end" : 303,
    "inCoref" : false
  }, {
    "id" : "s1-m5",
    "properties" : {
      "SIRE_MENTION_ROLE" : "Grantee",
      "SIRE_ENTITY_SUBTYPE" : "NONE",
      "SIRE_MENTION_TYPE" : "NONE",
      "SIRE_MENTION_CLASS" : "SPC"
    },
    "type" : "Grantee",
    "begin" : 389,
    "end" : 410,
    "inCoref" : false
  }, {
    "id" : "s1-m6",
    "properties" : {
      "SIRE_MENTION_ROLE" : "Grantee",
      "SIRE_ENTITY_SUBTYPE" : "NONE",
      "SIRE_MENTION_TYPE" : "NONE",
      "SIRE_MENTION_CLASS" : "SPC"
    },
    "type" : "Grantee",
    "begin" : 421,
    "end" : 434,
    "inCoref" : false
  } ],
  "relations" : [ ],
  "corefs" : [ ],
  "typeResolved" : true,
  "userResolved" : false
}