{
  "id" : "7321edc0-50ef-11e9-864f-311976351dcc-13",
  "name" : "WD177-13.txt",
  "createdDate" : 1553732497052,
  "version" : 3,
  "text" : "For and in consideration of the sum of Ten Dollars, cash in hand paid, and other good and valuable considerations, the receipt of which is hereby acknowledged, 1, ROBERT M. BONE a/k/a BOB BONE, this date have bargained and sold, and by these presents do transfer and convey unto WILLIAM T. BREWER, his heirs and assigns, a certain tract or parcel of land in the Fifth Civil District of Humphreys County, Tennessee, as follows",
  "docLength" : 0,
  "language" : "EN",
  "status" : "SUBMITTED",
  "modifiedDate" : 1553736900675,
  "documentSet" : [ ],
  "preannotation" : [ ],
  "sentences" : [ {
    "id" : "s0",
    "begin" : 0,
    "end" : 425,
    "text" : "For and in consideration of the sum of Ten Dollars, cash in hand paid, and other good and valuable considerations, the receipt of which is hereby acknowledged, 1, ROBERT M. BONE a/k/a BOB BONE, this date have bargained and sold, and by these presents do transfer and convey unto WILLIAM T. BREWER, his heirs and assigns, a certain tract or parcel of land in the Fifth Civil District of Humphreys County, Tennessee, as follows",
    "tokens" : [ {
      "id" : "s0-t0",
      "begin" : 0,
      "end" : 3,
      "text" : "For",
      "whiteSpace" : false
    }, {
      "id" : "s0-t1",
      "begin" : 4,
      "end" : 7,
      "text" : "and",
      "whiteSpace" : false
    }, {
      "id" : "s0-t2",
      "begin" : 8,
      "end" : 10,
      "text" : "in",
      "whiteSpace" : false
    }, {
      "id" : "s0-t3",
      "begin" : 11,
      "end" : 24,
      "text" : "consideration",
      "whiteSpace" : false
    }, {
      "id" : "s0-t4",
      "begin" : 25,
      "end" : 27,
      "text" : "of",
      "whiteSpace" : false
    }, {
      "id" : "s0-t5",
      "begin" : 28,
      "end" : 31,
      "text" : "the",
      "whiteSpace" : false
    }, {
      "id" : "s0-t6",
      "begin" : 32,
      "end" : 35,
      "text" : "sum",
      "whiteSpace" : false
    }, {
      "id" : "s0-t7",
      "begin" : 36,
      "end" : 38,
      "text" : "of",
      "whiteSpace" : false
    }, {
      "id" : "s0-t8",
      "begin" : 39,
      "end" : 42,
      "text" : "Ten",
      "whiteSpace" : false
    }, {
      "id" : "s0-t9",
      "begin" : 43,
      "end" : 50,
      "text" : "Dollars",
      "whiteSpace" : false
    }, {
      "id" : "s0-t10",
      "begin" : 50,
      "end" : 51,
      "text" : ",",
      "whiteSpace" : false
    }, {
      "id" : "s0-t11",
      "begin" : 52,
      "end" : 56,
      "text" : "cash",
      "whiteSpace" : false
    }, {
      "id" : "s0-t12",
      "begin" : 57,
      "end" : 59,
      "text" : "in",
      "whiteSpace" : false
    }, {
      "id" : "s0-t13",
      "begin" : 60,
      "end" : 64,
      "text" : "hand",
      "whiteSpace" : false
    }, {
      "id" : "s0-t14",
      "begin" : 65,
      "end" : 69,
      "text" : "paid",
      "whiteSpace" : false
    }, {
      "id" : "s0-t15",
      "begin" : 69,
      "end" : 70,
      "text" : ",",
      "whiteSpace" : false
    }, {
      "id" : "s0-t16",
      "begin" : 71,
      "end" : 74,
      "text" : "and",
      "whiteSpace" : false
    }, {
      "id" : "s0-t17",
      "begin" : 75,
      "end" : 80,
      "text" : "other",
      "whiteSpace" : false
    }, {
      "id" : "s0-t18",
      "begin" : 81,
      "end" : 85,
      "text" : "good",
      "whiteSpace" : false
    }, {
      "id" : "s0-t19",
      "begin" : 86,
      "end" : 89,
      "text" : "and",
      "whiteSpace" : false
    }, {
      "id" : "s0-t20",
      "begin" : 90,
      "end" : 98,
      "text" : "valuable",
      "whiteSpace" : false
    }, {
      "id" : "s0-t21",
      "begin" : 99,
      "end" : 113,
      "text" : "considerations",
      "whiteSpace" : false
    }, {
      "id" : "s0-t22",
      "begin" : 113,
      "end" : 114,
      "text" : ",",
      "whiteSpace" : false
    }, {
      "id" : "s0-t23",
      "begin" : 115,
      "end" : 118,
      "text" : "the",
      "whiteSpace" : false
    }, {
      "id" : "s0-t24",
      "begin" : 119,
      "end" : 126,
      "text" : "receipt",
      "whiteSpace" : false
    }, {
      "id" : "s0-t25",
      "begin" : 127,
      "end" : 129,
      "text" : "of",
      "whiteSpace" : false
    }, {
      "id" : "s0-t26",
      "begin" : 130,
      "end" : 135,
      "text" : "which",
      "whiteSpace" : false
    }, {
      "id" : "s0-t27",
      "begin" : 136,
      "end" : 138,
      "text" : "is",
      "whiteSpace" : false
    }, {
      "id" : "s0-t28",
      "begin" : 139,
      "end" : 145,
      "text" : "hereby",
      "whiteSpace" : false
    }, {
      "id" : "s0-t29",
      "begin" : 146,
      "end" : 158,
      "text" : "acknowledged",
      "whiteSpace" : false
    }, {
      "id" : "s0-t30",
      "begin" : 158,
      "end" : 159,
      "text" : ",",
      "whiteSpace" : false
    }, {
      "id" : "s0-t31",
      "begin" : 160,
      "end" : 161,
      "text" : "1",
      "whiteSpace" : false
    }, {
      "id" : "s0-t32",
      "begin" : 161,
      "end" : 162,
      "text" : ",",
      "whiteSpace" : false
    }, {
      "id" : "s0-t33",
      "begin" : 163,
      "end" : 169,
      "text" : "ROBERT",
      "whiteSpace" : false
    }, {
      "id" : "s0-t34",
      "begin" : 170,
      "end" : 172,
      "text" : "M.",
      "whiteSpace" : false
    }, {
      "id" : "s0-t35",
      "begin" : 173,
      "end" : 177,
      "text" : "BONE",
      "whiteSpace" : false
    }, {
      "id" : "s0-t36",
      "begin" : 178,
      "end" : 183,
      "text" : "a/k/a",
      "whiteSpace" : false
    }, {
      "id" : "s0-t37",
      "begin" : 184,
      "end" : 187,
      "text" : "BOB",
      "whiteSpace" : false
    }, {
      "id" : "s0-t38",
      "begin" : 188,
      "end" : 192,
      "text" : "BONE",
      "whiteSpace" : false
    }, {
      "id" : "s0-t39",
      "begin" : 192,
      "end" : 193,
      "text" : ",",
      "whiteSpace" : false
    }, {
      "id" : "s0-t40",
      "begin" : 194,
      "end" : 198,
      "text" : "this",
      "whiteSpace" : false
    }, {
      "id" : "s0-t41",
      "begin" : 199,
      "end" : 203,
      "text" : "date",
      "whiteSpace" : false
    }, {
      "id" : "s0-t42",
      "begin" : 204,
      "end" : 208,
      "text" : "have",
      "whiteSpace" : false
    }, {
      "id" : "s0-t43",
      "begin" : 209,
      "end" : 218,
      "text" : "bargained",
      "whiteSpace" : false
    }, {
      "id" : "s0-t44",
      "begin" : 219,
      "end" : 222,
      "text" : "and",
      "whiteSpace" : false
    }, {
      "id" : "s0-t45",
      "begin" : 223,
      "end" : 227,
      "text" : "sold",
      "whiteSpace" : false
    }, {
      "id" : "s0-t46",
      "begin" : 227,
      "end" : 228,
      "text" : ",",
      "whiteSpace" : false
    }, {
      "id" : "s0-t47",
      "begin" : 229,
      "end" : 232,
      "text" : "and",
      "whiteSpace" : false
    }, {
      "id" : "s0-t48",
      "begin" : 233,
      "end" : 235,
      "text" : "by",
      "whiteSpace" : false
    }, {
      "id" : "s0-t49",
      "begin" : 236,
      "end" : 241,
      "text" : "these",
      "whiteSpace" : false
    }, {
      "id" : "s0-t50",
      "begin" : 242,
      "end" : 250,
      "text" : "presents",
      "whiteSpace" : false
    }, {
      "id" : "s0-t51",
      "begin" : 251,
      "end" : 253,
      "text" : "do",
      "whiteSpace" : false
    }, {
      "id" : "s0-t52",
      "begin" : 254,
      "end" : 262,
      "text" : "transfer",
      "whiteSpace" : false
    }, {
      "id" : "s0-t53",
      "begin" : 263,
      "end" : 266,
      "text" : "and",
      "whiteSpace" : false
    }, {
      "id" : "s0-t54",
      "begin" : 267,
      "end" : 273,
      "text" : "convey",
      "whiteSpace" : false
    }, {
      "id" : "s0-t55",
      "begin" : 274,
      "end" : 278,
      "text" : "unto",
      "whiteSpace" : false
    }, {
      "id" : "s0-t56",
      "begin" : 279,
      "end" : 286,
      "text" : "WILLIAM",
      "whiteSpace" : false
    }, {
      "id" : "s0-t57",
      "begin" : 287,
      "end" : 289,
      "text" : "T.",
      "whiteSpace" : false
    }, {
      "id" : "s0-t58",
      "begin" : 290,
      "end" : 296,
      "text" : "BREWER",
      "whiteSpace" : false
    }, {
      "id" : "s0-t59",
      "begin" : 296,
      "end" : 297,
      "text" : ",",
      "whiteSpace" : false
    }, {
      "id" : "s0-t60",
      "begin" : 298,
      "end" : 301,
      "text" : "his",
      "whiteSpace" : false
    }, {
      "id" : "s0-t61",
      "begin" : 302,
      "end" : 307,
      "text" : "heirs",
      "whiteSpace" : false
    }, {
      "id" : "s0-t62",
      "begin" : 308,
      "end" : 311,
      "text" : "and",
      "whiteSpace" : false
    }, {
      "id" : "s0-t63",
      "begin" : 312,
      "end" : 319,
      "text" : "assigns",
      "whiteSpace" : false
    }, {
      "id" : "s0-t64",
      "begin" : 319,
      "end" : 320,
      "text" : ",",
      "whiteSpace" : false
    }, {
      "id" : "s0-t65",
      "begin" : 321,
      "end" : 322,
      "text" : "a",
      "whiteSpace" : false
    }, {
      "id" : "s0-t66",
      "begin" : 323,
      "end" : 330,
      "text" : "certain",
      "whiteSpace" : false
    }, {
      "id" : "s0-t67",
      "begin" : 331,
      "end" : 336,
      "text" : "tract",
      "whiteSpace" : false
    }, {
      "id" : "s0-t68",
      "begin" : 337,
      "end" : 339,
      "text" : "or",
      "whiteSpace" : false
    }, {
      "id" : "s0-t69",
      "begin" : 340,
      "end" : 346,
      "text" : "parcel",
      "whiteSpace" : false
    }, {
      "id" : "s0-t70",
      "begin" : 347,
      "end" : 349,
      "text" : "of",
      "whiteSpace" : false
    }, {
      "id" : "s0-t71",
      "begin" : 350,
      "end" : 354,
      "text" : "land",
      "whiteSpace" : false
    }, {
      "id" : "s0-t72",
      "begin" : 355,
      "end" : 357,
      "text" : "in",
      "whiteSpace" : false
    }, {
      "id" : "s0-t73",
      "begin" : 358,
      "end" : 361,
      "text" : "the",
      "whiteSpace" : false
    }, {
      "id" : "s0-t74",
      "begin" : 362,
      "end" : 367,
      "text" : "Fifth",
      "whiteSpace" : false
    }, {
      "id" : "s0-t75",
      "begin" : 368,
      "end" : 373,
      "text" : "Civil",
      "whiteSpace" : false
    }, {
      "id" : "s0-t76",
      "begin" : 374,
      "end" : 382,
      "text" : "District",
      "whiteSpace" : false
    }, {
      "id" : "s0-t77",
      "begin" : 383,
      "end" : 385,
      "text" : "of",
      "whiteSpace" : false
    }, {
      "id" : "s0-t78",
      "begin" : 386,
      "end" : 395,
      "text" : "Humphreys",
      "whiteSpace" : false
    }, {
      "id" : "s0-t79",
      "begin" : 396,
      "end" : 402,
      "text" : "County",
      "whiteSpace" : false
    }, {
      "id" : "s0-t80",
      "begin" : 402,
      "end" : 403,
      "text" : ",",
      "whiteSpace" : false
    }, {
      "id" : "s0-t81",
      "begin" : 404,
      "end" : 413,
      "text" : "Tennessee",
      "whiteSpace" : false
    }, {
      "id" : "s0-t82",
      "begin" : 413,
      "end" : 414,
      "text" : ",",
      "whiteSpace" : false
    }, {
      "id" : "s0-t83",
      "begin" : 415,
      "end" : 417,
      "text" : "as",
      "whiteSpace" : false
    }, {
      "id" : "s0-t84",
      "begin" : 418,
      "end" : 425,
      "text" : "follows",
      "whiteSpace" : false
    } ]
  } ],
  "mentions" : [ {
    "id" : "s0-m3",
    "properties" : {
      "SIRE_MENTION_ROLE" : "Grantor",
      "SIRE_ENTITY_SUBTYPE" : "NONE",
      "SIRE_MENTION_TYPE" : "NONE",
      "SIRE_MENTION_CLASS" : "SPC"
    },
    "type" : "Grantor",
    "begin" : 163,
    "end" : 177,
    "inCoref" : false
  }, {
    "id" : "s0-m2",
    "properties" : {
      "SIRE_MENTION_ROLE" : "Grantor",
      "SIRE_ENTITY_SUBTYPE" : "NONE",
      "SIRE_MENTION_TYPE" : "NONE",
      "SIRE_MENTION_CLASS" : "SPC"
    },
    "type" : "Grantor",
    "begin" : 184,
    "end" : 192,
    "inCoref" : false
  }, {
    "id" : "s0-m1",
    "properties" : {
      "SIRE_MENTION_ROLE" : "Grantee",
      "SIRE_ENTITY_SUBTYPE" : "NONE",
      "SIRE_MENTION_TYPE" : "NONE",
      "SIRE_MENTION_CLASS" : "SPC"
    },
    "type" : "Grantee",
    "begin" : 279,
    "end" : 296,
    "inCoref" : false
  } ],
  "relations" : [ ],
  "corefs" : [ ],
  "typeResolved" : true,
  "userResolved" : false
}