{
  "id" : "7321edc0-50ef-11e9-864f-311976351dcc-9",
  "name" : "WD174-16.txt",
  "createdDate" : 1553732497052,
  "version" : 3,
  "text" : "For and in consideration of the sum of ONE HUNDRED TWENTY FIVE THOUSAND DOLLARS ($125,000.00), cash in hand paid, and other good and valuable considerations, the receipt of which is hereby acknowledged, 1, JAMES H. STEWART, this date have bargained and sold, and by these presents do transfer and convey unto DARRYL OVERTON, his heirs and assigns, a certain tract or parcel of land in the First Civil District of Humphreys County, Tennessee, and being more particularly described as follows",
  "docLength" : 0,
  "language" : "EN",
  "status" : "SUBMITTED",
  "modifiedDate" : 1553737164115,
  "documentSet" : [ ],
  "preannotation" : [ ],
  "sentences" : [ {
    "id" : "s0",
    "begin" : 0,
    "end" : 490,
    "text" : "For and in consideration of the sum of ONE HUNDRED TWENTY FIVE THOUSAND DOLLARS ($125,000.00), cash in hand paid, and other good and valuable considerations, the receipt of which is hereby acknowledged, 1, JAMES H. STEWART, this date have bargained and sold, and by these presents do transfer and convey unto DARRYL OVERTON, his heirs and assigns, a certain tract or parcel of land in the First Civil District of Humphreys County, Tennessee, and being more particularly described as follows",
    "tokens" : [ {
      "id" : "s0-t0",
      "begin" : 0,
      "end" : 3,
      "text" : "For",
      "whiteSpace" : false
    }, {
      "id" : "s0-t1",
      "begin" : 4,
      "end" : 7,
      "text" : "and",
      "whiteSpace" : false
    }, {
      "id" : "s0-t2",
      "begin" : 8,
      "end" : 10,
      "text" : "in",
      "whiteSpace" : false
    }, {
      "id" : "s0-t3",
      "begin" : 11,
      "end" : 24,
      "text" : "consideration",
      "whiteSpace" : false
    }, {
      "id" : "s0-t4",
      "begin" : 25,
      "end" : 27,
      "text" : "of",
      "whiteSpace" : false
    }, {
      "id" : "s0-t5",
      "begin" : 28,
      "end" : 31,
      "text" : "the",
      "whiteSpace" : false
    }, {
      "id" : "s0-t6",
      "begin" : 32,
      "end" : 35,
      "text" : "sum",
      "whiteSpace" : false
    }, {
      "id" : "s0-t7",
      "begin" : 36,
      "end" : 38,
      "text" : "of",
      "whiteSpace" : false
    }, {
      "id" : "s0-t8",
      "begin" : 39,
      "end" : 42,
      "text" : "ONE",
      "whiteSpace" : false
    }, {
      "id" : "s0-t9",
      "begin" : 43,
      "end" : 50,
      "text" : "HUNDRED",
      "whiteSpace" : false
    }, {
      "id" : "s0-t10",
      "begin" : 51,
      "end" : 57,
      "text" : "TWENTY",
      "whiteSpace" : false
    }, {
      "id" : "s0-t11",
      "begin" : 58,
      "end" : 62,
      "text" : "FIVE",
      "whiteSpace" : false
    }, {
      "id" : "s0-t12",
      "begin" : 63,
      "end" : 71,
      "text" : "THOUSAND",
      "whiteSpace" : false
    }, {
      "id" : "s0-t13",
      "begin" : 72,
      "end" : 79,
      "text" : "DOLLARS",
      "whiteSpace" : false
    }, {
      "id" : "s0-t14",
      "begin" : 80,
      "end" : 81,
      "text" : "(",
      "whiteSpace" : false
    }, {
      "id" : "s0-t15",
      "begin" : 81,
      "end" : 82,
      "text" : "$",
      "whiteSpace" : false
    }, {
      "id" : "s0-t16",
      "begin" : 82,
      "end" : 92,
      "text" : "125,000.00",
      "whiteSpace" : false
    }, {
      "id" : "s0-t17",
      "begin" : 92,
      "end" : 93,
      "text" : ")",
      "whiteSpace" : false
    }, {
      "id" : "s0-t18",
      "begin" : 93,
      "end" : 94,
      "text" : ",",
      "whiteSpace" : false
    }, {
      "id" : "s0-t19",
      "begin" : 95,
      "end" : 99,
      "text" : "cash",
      "whiteSpace" : false
    }, {
      "id" : "s0-t20",
      "begin" : 100,
      "end" : 102,
      "text" : "in",
      "whiteSpace" : false
    }, {
      "id" : "s0-t21",
      "begin" : 103,
      "end" : 107,
      "text" : "hand",
      "whiteSpace" : false
    }, {
      "id" : "s0-t22",
      "begin" : 108,
      "end" : 112,
      "text" : "paid",
      "whiteSpace" : false
    }, {
      "id" : "s0-t23",
      "begin" : 112,
      "end" : 113,
      "text" : ",",
      "whiteSpace" : false
    }, {
      "id" : "s0-t24",
      "begin" : 114,
      "end" : 117,
      "text" : "and",
      "whiteSpace" : false
    }, {
      "id" : "s0-t25",
      "begin" : 118,
      "end" : 123,
      "text" : "other",
      "whiteSpace" : false
    }, {
      "id" : "s0-t26",
      "begin" : 124,
      "end" : 128,
      "text" : "good",
      "whiteSpace" : false
    }, {
      "id" : "s0-t27",
      "begin" : 129,
      "end" : 132,
      "text" : "and",
      "whiteSpace" : false
    }, {
      "id" : "s0-t28",
      "begin" : 133,
      "end" : 141,
      "text" : "valuable",
      "whiteSpace" : false
    }, {
      "id" : "s0-t29",
      "begin" : 142,
      "end" : 156,
      "text" : "considerations",
      "whiteSpace" : false
    }, {
      "id" : "s0-t30",
      "begin" : 156,
      "end" : 157,
      "text" : ",",
      "whiteSpace" : false
    }, {
      "id" : "s0-t31",
      "begin" : 158,
      "end" : 161,
      "text" : "the",
      "whiteSpace" : false
    }, {
      "id" : "s0-t32",
      "begin" : 162,
      "end" : 169,
      "text" : "receipt",
      "whiteSpace" : false
    }, {
      "id" : "s0-t33",
      "begin" : 170,
      "end" : 172,
      "text" : "of",
      "whiteSpace" : false
    }, {
      "id" : "s0-t34",
      "begin" : 173,
      "end" : 178,
      "text" : "which",
      "whiteSpace" : false
    }, {
      "id" : "s0-t35",
      "begin" : 179,
      "end" : 181,
      "text" : "is",
      "whiteSpace" : false
    }, {
      "id" : "s0-t36",
      "begin" : 182,
      "end" : 188,
      "text" : "hereby",
      "whiteSpace" : false
    }, {
      "id" : "s0-t37",
      "begin" : 189,
      "end" : 201,
      "text" : "acknowledged",
      "whiteSpace" : false
    }, {
      "id" : "s0-t38",
      "begin" : 201,
      "end" : 202,
      "text" : ",",
      "whiteSpace" : false
    }, {
      "id" : "s0-t39",
      "begin" : 203,
      "end" : 204,
      "text" : "1",
      "whiteSpace" : false
    }, {
      "id" : "s0-t40",
      "begin" : 204,
      "end" : 205,
      "text" : ",",
      "whiteSpace" : false
    }, {
      "id" : "s0-t41",
      "begin" : 206,
      "end" : 211,
      "text" : "JAMES",
      "whiteSpace" : false
    }, {
      "id" : "s0-t42",
      "begin" : 212,
      "end" : 214,
      "text" : "H.",
      "whiteSpace" : false
    }, {
      "id" : "s0-t43",
      "begin" : 215,
      "end" : 222,
      "text" : "STEWART",
      "whiteSpace" : false
    }, {
      "id" : "s0-t44",
      "begin" : 222,
      "end" : 223,
      "text" : ",",
      "whiteSpace" : false
    }, {
      "id" : "s0-t45",
      "begin" : 224,
      "end" : 228,
      "text" : "this",
      "whiteSpace" : false
    }, {
      "id" : "s0-t46",
      "begin" : 229,
      "end" : 233,
      "text" : "date",
      "whiteSpace" : false
    }, {
      "id" : "s0-t47",
      "begin" : 234,
      "end" : 238,
      "text" : "have",
      "whiteSpace" : false
    }, {
      "id" : "s0-t48",
      "begin" : 239,
      "end" : 248,
      "text" : "bargained",
      "whiteSpace" : false
    }, {
      "id" : "s0-t49",
      "begin" : 249,
      "end" : 252,
      "text" : "and",
      "whiteSpace" : false
    }, {
      "id" : "s0-t50",
      "begin" : 253,
      "end" : 257,
      "text" : "sold",
      "whiteSpace" : false
    }, {
      "id" : "s0-t51",
      "begin" : 257,
      "end" : 258,
      "text" : ",",
      "whiteSpace" : false
    }, {
      "id" : "s0-t52",
      "begin" : 259,
      "end" : 262,
      "text" : "and",
      "whiteSpace" : false
    }, {
      "id" : "s0-t53",
      "begin" : 263,
      "end" : 265,
      "text" : "by",
      "whiteSpace" : false
    }, {
      "id" : "s0-t54",
      "begin" : 266,
      "end" : 271,
      "text" : "these",
      "whiteSpace" : false
    }, {
      "id" : "s0-t55",
      "begin" : 272,
      "end" : 280,
      "text" : "presents",
      "whiteSpace" : false
    }, {
      "id" : "s0-t56",
      "begin" : 281,
      "end" : 283,
      "text" : "do",
      "whiteSpace" : false
    }, {
      "id" : "s0-t57",
      "begin" : 284,
      "end" : 292,
      "text" : "transfer",
      "whiteSpace" : false
    }, {
      "id" : "s0-t58",
      "begin" : 293,
      "end" : 296,
      "text" : "and",
      "whiteSpace" : false
    }, {
      "id" : "s0-t59",
      "begin" : 297,
      "end" : 303,
      "text" : "convey",
      "whiteSpace" : false
    }, {
      "id" : "s0-t60",
      "begin" : 304,
      "end" : 308,
      "text" : "unto",
      "whiteSpace" : false
    }, {
      "id" : "s0-t61",
      "begin" : 309,
      "end" : 315,
      "text" : "DARRYL",
      "whiteSpace" : false
    }, {
      "id" : "s0-t62",
      "begin" : 316,
      "end" : 323,
      "text" : "OVERTON",
      "whiteSpace" : false
    }, {
      "id" : "s0-t63",
      "begin" : 323,
      "end" : 324,
      "text" : ",",
      "whiteSpace" : false
    }, {
      "id" : "s0-t64",
      "begin" : 325,
      "end" : 328,
      "text" : "his",
      "whiteSpace" : false
    }, {
      "id" : "s0-t65",
      "begin" : 329,
      "end" : 334,
      "text" : "heirs",
      "whiteSpace" : false
    }, {
      "id" : "s0-t66",
      "begin" : 335,
      "end" : 338,
      "text" : "and",
      "whiteSpace" : false
    }, {
      "id" : "s0-t67",
      "begin" : 339,
      "end" : 346,
      "text" : "assigns",
      "whiteSpace" : false
    }, {
      "id" : "s0-t68",
      "begin" : 346,
      "end" : 347,
      "text" : ",",
      "whiteSpace" : false
    }, {
      "id" : "s0-t69",
      "begin" : 348,
      "end" : 349,
      "text" : "a",
      "whiteSpace" : false
    }, {
      "id" : "s0-t70",
      "begin" : 350,
      "end" : 357,
      "text" : "certain",
      "whiteSpace" : false
    }, {
      "id" : "s0-t71",
      "begin" : 358,
      "end" : 363,
      "text" : "tract",
      "whiteSpace" : false
    }, {
      "id" : "s0-t72",
      "begin" : 364,
      "end" : 366,
      "text" : "or",
      "whiteSpace" : false
    }, {
      "id" : "s0-t73",
      "begin" : 367,
      "end" : 373,
      "text" : "parcel",
      "whiteSpace" : false
    }, {
      "id" : "s0-t74",
      "begin" : 374,
      "end" : 376,
      "text" : "of",
      "whiteSpace" : false
    }, {
      "id" : "s0-t75",
      "begin" : 377,
      "end" : 381,
      "text" : "land",
      "whiteSpace" : false
    }, {
      "id" : "s0-t76",
      "begin" : 382,
      "end" : 384,
      "text" : "in",
      "whiteSpace" : false
    }, {
      "id" : "s0-t77",
      "begin" : 385,
      "end" : 388,
      "text" : "the",
      "whiteSpace" : false
    }, {
      "id" : "s0-t78",
      "begin" : 389,
      "end" : 394,
      "text" : "First",
      "whiteSpace" : false
    }, {
      "id" : "s0-t79",
      "begin" : 395,
      "end" : 400,
      "text" : "Civil",
      "whiteSpace" : false
    }, {
      "id" : "s0-t80",
      "begin" : 401,
      "end" : 409,
      "text" : "District",
      "whiteSpace" : false
    }, {
      "id" : "s0-t81",
      "begin" : 410,
      "end" : 412,
      "text" : "of",
      "whiteSpace" : false
    }, {
      "id" : "s0-t82",
      "begin" : 413,
      "end" : 422,
      "text" : "Humphreys",
      "whiteSpace" : false
    }, {
      "id" : "s0-t83",
      "begin" : 423,
      "end" : 429,
      "text" : "County",
      "whiteSpace" : false
    }, {
      "id" : "s0-t84",
      "begin" : 429,
      "end" : 430,
      "text" : ",",
      "whiteSpace" : false
    }, {
      "id" : "s0-t85",
      "begin" : 431,
      "end" : 440,
      "text" : "Tennessee",
      "whiteSpace" : false
    }, {
      "id" : "s0-t86",
      "begin" : 440,
      "end" : 441,
      "text" : ",",
      "whiteSpace" : false
    }, {
      "id" : "s0-t87",
      "begin" : 442,
      "end" : 445,
      "text" : "and",
      "whiteSpace" : false
    }, {
      "id" : "s0-t88",
      "begin" : 446,
      "end" : 451,
      "text" : "being",
      "whiteSpace" : false
    }, {
      "id" : "s0-t89",
      "begin" : 452,
      "end" : 456,
      "text" : "more",
      "whiteSpace" : false
    }, {
      "id" : "s0-t90",
      "begin" : 457,
      "end" : 469,
      "text" : "particularly",
      "whiteSpace" : false
    }, {
      "id" : "s0-t91",
      "begin" : 470,
      "end" : 479,
      "text" : "described",
      "whiteSpace" : false
    }, {
      "id" : "s0-t92",
      "begin" : 480,
      "end" : 482,
      "text" : "as",
      "whiteSpace" : false
    }, {
      "id" : "s0-t93",
      "begin" : 483,
      "end" : 490,
      "text" : "follows",
      "whiteSpace" : false
    } ]
  } ],
  "mentions" : [ {
    "id" : "s0-m1",
    "properties" : {
      "SIRE_MENTION_ROLE" : "Grantor",
      "SIRE_ENTITY_SUBTYPE" : "NONE",
      "SIRE_MENTION_TYPE" : "NONE",
      "SIRE_MENTION_CLASS" : "SPC"
    },
    "type" : "Grantor",
    "begin" : 206,
    "end" : 222,
    "inCoref" : false
  }, {
    "id" : "s0-m2",
    "properties" : {
      "SIRE_MENTION_ROLE" : "Grantee",
      "SIRE_ENTITY_SUBTYPE" : "NONE",
      "SIRE_MENTION_TYPE" : "NONE",
      "SIRE_MENTION_CLASS" : "SPC"
    },
    "type" : "Grantee",
    "begin" : 309,
    "end" : 323,
    "inCoref" : false
  } ],
  "relations" : [ ],
  "corefs" : [ ],
  "typeResolved" : true,
  "userResolved" : false
}