{
  "id" : "7321edc0-50ef-11e9-864f-311976351dcc-4",
  "name" : "WD173-4.txt",
  "createdDate" : 1553732497052,
  "version" : 3,
  "text" : "For and in consideration of the sum of Twenty???nine Thousand Nine Hundred and No/ 100 Dollars, cash in hand paid, and other good and valuable considerations, the receipt of which is hereby acknowledged, I, SALLY CREEL, this date have bargained and sold, and by these presents d0 transfer and convey unto GERALD T. CRAWFORD, his heirs and assigns, a certain tract or parcel of land in the Third Civil District of Humphreys County, Tennessee, as follows:",
  "docLength" : 0,
  "language" : "EN",
  "status" : "SUBMITTED",
  "modifiedDate" : 1553737055232,
  "documentSet" : [ ],
  "preannotation" : [ ],
  "sentences" : [ {
    "id" : "s0",
    "begin" : 0,
    "end" : 46,
    "text" : "For and in consideration of the sum of Twenty?",
    "tokens" : [ {
      "id" : "s0-t0",
      "begin" : 0,
      "end" : 3,
      "text" : "For",
      "whiteSpace" : false
    }, {
      "id" : "s0-t1",
      "begin" : 4,
      "end" : 7,
      "text" : "and",
      "whiteSpace" : false
    }, {
      "id" : "s0-t2",
      "begin" : 8,
      "end" : 10,
      "text" : "in",
      "whiteSpace" : false
    }, {
      "id" : "s0-t3",
      "begin" : 11,
      "end" : 24,
      "text" : "consideration",
      "whiteSpace" : false
    }, {
      "id" : "s0-t4",
      "begin" : 25,
      "end" : 27,
      "text" : "of",
      "whiteSpace" : false
    }, {
      "id" : "s0-t5",
      "begin" : 28,
      "end" : 31,
      "text" : "the",
      "whiteSpace" : false
    }, {
      "id" : "s0-t6",
      "begin" : 32,
      "end" : 35,
      "text" : "sum",
      "whiteSpace" : false
    }, {
      "id" : "s0-t7",
      "begin" : 36,
      "end" : 38,
      "text" : "of",
      "whiteSpace" : false
    }, {
      "id" : "s0-t8",
      "begin" : 39,
      "end" : 45,
      "text" : "Twenty",
      "whiteSpace" : false
    }, {
      "id" : "s0-t9",
      "begin" : 45,
      "end" : 46,
      "text" : "?",
      "whiteSpace" : false
    } ]
  }, {
    "id" : "s1",
    "begin" : 46,
    "end" : 453,
    "text" : "??nine Thousand Nine Hundred and No/ 100 Dollars, cash in hand paid, and other good and valuable considerations, the receipt of which is hereby acknowledged, I, SALLY CREEL, this date have bargained and sold, and by these presents d0 transfer and convey unto GERALD T. CRAWFORD, his heirs and assigns, a certain tract or parcel of land in the Third Civil District of Humphreys County, Tennessee, as follows:",
    "tokens" : [ {
      "id" : "s1-t0",
      "begin" : 46,
      "end" : 52,
      "text" : "??nine",
      "whiteSpace" : false
    }, {
      "id" : "s1-t1",
      "begin" : 53,
      "end" : 61,
      "text" : "Thousand",
      "whiteSpace" : false
    }, {
      "id" : "s1-t2",
      "begin" : 62,
      "end" : 66,
      "text" : "Nine",
      "whiteSpace" : false
    }, {
      "id" : "s1-t3",
      "begin" : 67,
      "end" : 74,
      "text" : "Hundred",
      "whiteSpace" : false
    }, {
      "id" : "s1-t4",
      "begin" : 75,
      "end" : 78,
      "text" : "and",
      "whiteSpace" : false
    }, {
      "id" : "s1-t5",
      "begin" : 79,
      "end" : 82,
      "text" : "No/",
      "whiteSpace" : false
    }, {
      "id" : "s1-t6",
      "begin" : 83,
      "end" : 86,
      "text" : "100",
      "whiteSpace" : false
    }, {
      "id" : "s1-t7",
      "begin" : 87,
      "end" : 94,
      "text" : "Dollars",
      "whiteSpace" : false
    }, {
      "id" : "s1-t8",
      "begin" : 94,
      "end" : 95,
      "text" : ",",
      "whiteSpace" : false
    }, {
      "id" : "s1-t9",
      "begin" : 96,
      "end" : 100,
      "text" : "cash",
      "whiteSpace" : false
    }, {
      "id" : "s1-t10",
      "begin" : 101,
      "end" : 103,
      "text" : "in",
      "whiteSpace" : false
    }, {
      "id" : "s1-t11",
      "begin" : 104,
      "end" : 108,
      "text" : "hand",
      "whiteSpace" : false
    }, {
      "id" : "s1-t12",
      "begin" : 109,
      "end" : 113,
      "text" : "paid",
      "whiteSpace" : false
    }, {
      "id" : "s1-t13",
      "begin" : 113,
      "end" : 114,
      "text" : ",",
      "whiteSpace" : false
    }, {
      "id" : "s1-t14",
      "begin" : 115,
      "end" : 118,
      "text" : "and",
      "whiteSpace" : false
    }, {
      "id" : "s1-t15",
      "begin" : 119,
      "end" : 124,
      "text" : "other",
      "whiteSpace" : false
    }, {
      "id" : "s1-t16",
      "begin" : 125,
      "end" : 129,
      "text" : "good",
      "whiteSpace" : false
    }, {
      "id" : "s1-t17",
      "begin" : 130,
      "end" : 133,
      "text" : "and",
      "whiteSpace" : false
    }, {
      "id" : "s1-t18",
      "begin" : 134,
      "end" : 142,
      "text" : "valuable",
      "whiteSpace" : false
    }, {
      "id" : "s1-t19",
      "begin" : 143,
      "end" : 157,
      "text" : "considerations",
      "whiteSpace" : false
    }, {
      "id" : "s1-t20",
      "begin" : 157,
      "end" : 158,
      "text" : ",",
      "whiteSpace" : false
    }, {
      "id" : "s1-t21",
      "begin" : 159,
      "end" : 162,
      "text" : "the",
      "whiteSpace" : false
    }, {
      "id" : "s1-t22",
      "begin" : 163,
      "end" : 170,
      "text" : "receipt",
      "whiteSpace" : false
    }, {
      "id" : "s1-t23",
      "begin" : 171,
      "end" : 173,
      "text" : "of",
      "whiteSpace" : false
    }, {
      "id" : "s1-t24",
      "begin" : 174,
      "end" : 179,
      "text" : "which",
      "whiteSpace" : false
    }, {
      "id" : "s1-t25",
      "begin" : 180,
      "end" : 182,
      "text" : "is",
      "whiteSpace" : false
    }, {
      "id" : "s1-t26",
      "begin" : 183,
      "end" : 189,
      "text" : "hereby",
      "whiteSpace" : false
    }, {
      "id" : "s1-t27",
      "begin" : 190,
      "end" : 202,
      "text" : "acknowledged",
      "whiteSpace" : false
    }, {
      "id" : "s1-t28",
      "begin" : 202,
      "end" : 203,
      "text" : ",",
      "whiteSpace" : false
    }, {
      "id" : "s1-t29",
      "begin" : 204,
      "end" : 205,
      "text" : "I",
      "whiteSpace" : false
    }, {
      "id" : "s1-t30",
      "begin" : 205,
      "end" : 206,
      "text" : ",",
      "whiteSpace" : false
    }, {
      "id" : "s1-t31",
      "begin" : 207,
      "end" : 212,
      "text" : "SALLY",
      "whiteSpace" : false
    }, {
      "id" : "s1-t32",
      "begin" : 213,
      "end" : 218,
      "text" : "CREEL",
      "whiteSpace" : false
    }, {
      "id" : "s1-t33",
      "begin" : 218,
      "end" : 219,
      "text" : ",",
      "whiteSpace" : false
    }, {
      "id" : "s1-t34",
      "begin" : 220,
      "end" : 224,
      "text" : "this",
      "whiteSpace" : false
    }, {
      "id" : "s1-t35",
      "begin" : 225,
      "end" : 229,
      "text" : "date",
      "whiteSpace" : false
    }, {
      "id" : "s1-t36",
      "begin" : 230,
      "end" : 234,
      "text" : "have",
      "whiteSpace" : false
    }, {
      "id" : "s1-t37",
      "begin" : 235,
      "end" : 244,
      "text" : "bargained",
      "whiteSpace" : false
    }, {
      "id" : "s1-t38",
      "begin" : 245,
      "end" : 248,
      "text" : "and",
      "whiteSpace" : false
    }, {
      "id" : "s1-t39",
      "begin" : 249,
      "end" : 253,
      "text" : "sold",
      "whiteSpace" : false
    }, {
      "id" : "s1-t40",
      "begin" : 253,
      "end" : 254,
      "text" : ",",
      "whiteSpace" : false
    }, {
      "id" : "s1-t41",
      "begin" : 255,
      "end" : 258,
      "text" : "and",
      "whiteSpace" : false
    }, {
      "id" : "s1-t42",
      "begin" : 259,
      "end" : 261,
      "text" : "by",
      "whiteSpace" : false
    }, {
      "id" : "s1-t43",
      "begin" : 262,
      "end" : 267,
      "text" : "these",
      "whiteSpace" : false
    }, {
      "id" : "s1-t44",
      "begin" : 268,
      "end" : 276,
      "text" : "presents",
      "whiteSpace" : false
    }, {
      "id" : "s1-t45",
      "begin" : 277,
      "end" : 279,
      "text" : "d0",
      "whiteSpace" : false
    }, {
      "id" : "s1-t46",
      "begin" : 280,
      "end" : 288,
      "text" : "transfer",
      "whiteSpace" : false
    }, {
      "id" : "s1-t47",
      "begin" : 289,
      "end" : 292,
      "text" : "and",
      "whiteSpace" : false
    }, {
      "id" : "s1-t48",
      "begin" : 293,
      "end" : 299,
      "text" : "convey",
      "whiteSpace" : false
    }, {
      "id" : "s1-t49",
      "begin" : 300,
      "end" : 304,
      "text" : "unto",
      "whiteSpace" : false
    }, {
      "id" : "s1-t50",
      "begin" : 305,
      "end" : 311,
      "text" : "GERALD",
      "whiteSpace" : false
    }, {
      "id" : "s1-t51",
      "begin" : 312,
      "end" : 314,
      "text" : "T.",
      "whiteSpace" : false
    }, {
      "id" : "s1-t52",
      "begin" : 315,
      "end" : 323,
      "text" : "CRAWFORD",
      "whiteSpace" : false
    }, {
      "id" : "s1-t53",
      "begin" : 323,
      "end" : 324,
      "text" : ",",
      "whiteSpace" : false
    }, {
      "id" : "s1-t54",
      "begin" : 325,
      "end" : 328,
      "text" : "his",
      "whiteSpace" : false
    }, {
      "id" : "s1-t55",
      "begin" : 329,
      "end" : 334,
      "text" : "heirs",
      "whiteSpace" : false
    }, {
      "id" : "s1-t56",
      "begin" : 335,
      "end" : 338,
      "text" : "and",
      "whiteSpace" : false
    }, {
      "id" : "s1-t57",
      "begin" : 339,
      "end" : 346,
      "text" : "assigns",
      "whiteSpace" : false
    }, {
      "id" : "s1-t58",
      "begin" : 346,
      "end" : 347,
      "text" : ",",
      "whiteSpace" : false
    }, {
      "id" : "s1-t59",
      "begin" : 348,
      "end" : 349,
      "text" : "a",
      "whiteSpace" : false
    }, {
      "id" : "s1-t60",
      "begin" : 350,
      "end" : 357,
      "text" : "certain",
      "whiteSpace" : false
    }, {
      "id" : "s1-t61",
      "begin" : 358,
      "end" : 363,
      "text" : "tract",
      "whiteSpace" : false
    }, {
      "id" : "s1-t62",
      "begin" : 364,
      "end" : 366,
      "text" : "or",
      "whiteSpace" : false
    }, {
      "id" : "s1-t63",
      "begin" : 367,
      "end" : 373,
      "text" : "parcel",
      "whiteSpace" : false
    }, {
      "id" : "s1-t64",
      "begin" : 374,
      "end" : 376,
      "text" : "of",
      "whiteSpace" : false
    }, {
      "id" : "s1-t65",
      "begin" : 377,
      "end" : 381,
      "text" : "land",
      "whiteSpace" : false
    }, {
      "id" : "s1-t66",
      "begin" : 382,
      "end" : 384,
      "text" : "in",
      "whiteSpace" : false
    }, {
      "id" : "s1-t67",
      "begin" : 385,
      "end" : 388,
      "text" : "the",
      "whiteSpace" : false
    }, {
      "id" : "s1-t68",
      "begin" : 389,
      "end" : 394,
      "text" : "Third",
      "whiteSpace" : false
    }, {
      "id" : "s1-t69",
      "begin" : 395,
      "end" : 400,
      "text" : "Civil",
      "whiteSpace" : false
    }, {
      "id" : "s1-t70",
      "begin" : 401,
      "end" : 409,
      "text" : "District",
      "whiteSpace" : false
    }, {
      "id" : "s1-t71",
      "begin" : 410,
      "end" : 412,
      "text" : "of",
      "whiteSpace" : false
    }, {
      "id" : "s1-t72",
      "begin" : 413,
      "end" : 422,
      "text" : "Humphreys",
      "whiteSpace" : false
    }, {
      "id" : "s1-t73",
      "begin" : 423,
      "end" : 429,
      "text" : "County",
      "whiteSpace" : false
    }, {
      "id" : "s1-t74",
      "begin" : 429,
      "end" : 430,
      "text" : ",",
      "whiteSpace" : false
    }, {
      "id" : "s1-t75",
      "begin" : 431,
      "end" : 440,
      "text" : "Tennessee",
      "whiteSpace" : false
    }, {
      "id" : "s1-t76",
      "begin" : 440,
      "end" : 441,
      "text" : ",",
      "whiteSpace" : false
    }, {
      "id" : "s1-t77",
      "begin" : 442,
      "end" : 444,
      "text" : "as",
      "whiteSpace" : false
    }, {
      "id" : "s1-t78",
      "begin" : 445,
      "end" : 452,
      "text" : "follows",
      "whiteSpace" : false
    }, {
      "id" : "s1-t79",
      "begin" : 452,
      "end" : 453,
      "text" : ":",
      "whiteSpace" : false
    } ]
  } ],
  "mentions" : [ {
    "id" : "s1-m2",
    "properties" : {
      "SIRE_MENTION_ROLE" : "Grantor",
      "SIRE_ENTITY_SUBTYPE" : "NONE",
      "SIRE_MENTION_TYPE" : "NONE",
      "SIRE_MENTION_CLASS" : "SPC"
    },
    "type" : "Grantor",
    "begin" : 207,
    "end" : 218,
    "inCoref" : false
  }, {
    "id" : "s1-m1",
    "properties" : {
      "SIRE_MENTION_ROLE" : "Grantor",
      "SIRE_ENTITY_SUBTYPE" : "NONE",
      "SIRE_MENTION_TYPE" : "NONE",
      "SIRE_MENTION_CLASS" : "SPC"
    },
    "type" : "Grantor",
    "begin" : 305,
    "end" : 323,
    "inCoref" : false
  } ],
  "relations" : [ ],
  "corefs" : [ ],
  "typeResolved" : true,
  "userResolved" : false
}