{
  "id" : "85d52ef0-54dc-11e9-864f-311976351dcc-0",
  "name" : "WD129-Page-1198.txt",
  "createdDate" : 0,
  "version" : 3,
  "text" : "Being a part of the same property that was conveyed to the grantors herein by deed of record in Deed Book 57, page 522, Register's Office of Humphreys County, Tennessee. ",
  "docLength" : 0,
  "language" : "EN",
  "status" : "SUBMITTED",
  "modifiedDate" : 1554166762071,
  "documentSet" : [ ],
  "preannotation" : [ ],
  "sentences" : [ {
    "id" : "s0",
    "begin" : 0,
    "end" : 169,
    "text" : "Being a part of the same property that was conveyed to the grantors herein by deed of record in Deed Book 57, page 522, Register's Office of Humphreys County, Tennessee.",
    "tokens" : [ {
      "id" : "s0-t0",
      "begin" : 0,
      "end" : 5,
      "text" : "Being",
      "whiteSpace" : false
    }, {
      "id" : "s0-t1",
      "begin" : 6,
      "end" : 7,
      "text" : "a",
      "whiteSpace" : false
    }, {
      "id" : "s0-t2",
      "begin" : 8,
      "end" : 12,
      "text" : "part",
      "whiteSpace" : false
    }, {
      "id" : "s0-t3",
      "begin" : 13,
      "end" : 15,
      "text" : "of",
      "whiteSpace" : false
    }, {
      "id" : "s0-t4",
      "begin" : 16,
      "end" : 19,
      "text" : "the",
      "whiteSpace" : false
    }, {
      "id" : "s0-t5",
      "begin" : 20,
      "end" : 24,
      "text" : "same",
      "whiteSpace" : false
    }, {
      "id" : "s0-t6",
      "begin" : 25,
      "end" : 33,
      "text" : "property",
      "whiteSpace" : false
    }, {
      "id" : "s0-t7",
      "begin" : 34,
      "end" : 38,
      "text" : "that",
      "whiteSpace" : false
    }, {
      "id" : "s0-t8",
      "begin" : 39,
      "end" : 42,
      "text" : "was",
      "whiteSpace" : false
    }, {
      "id" : "s0-t9",
      "begin" : 43,
      "end" : 51,
      "text" : "conveyed",
      "whiteSpace" : false
    }, {
      "id" : "s0-t10",
      "begin" : 52,
      "end" : 54,
      "text" : "to",
      "whiteSpace" : false
    }, {
      "id" : "s0-t11",
      "begin" : 55,
      "end" : 58,
      "text" : "the",
      "whiteSpace" : false
    }, {
      "id" : "s0-t12",
      "begin" : 59,
      "end" : 67,
      "text" : "grantors",
      "whiteSpace" : false
    }, {
      "id" : "s0-t13",
      "begin" : 68,
      "end" : 74,
      "text" : "herein",
      "whiteSpace" : false
    }, {
      "id" : "s0-t14",
      "begin" : 75,
      "end" : 77,
      "text" : "by",
      "whiteSpace" : false
    }, {
      "id" : "s0-t15",
      "begin" : 78,
      "end" : 82,
      "text" : "deed",
      "whiteSpace" : false
    }, {
      "id" : "s0-t16",
      "begin" : 83,
      "end" : 85,
      "text" : "of",
      "whiteSpace" : false
    }, {
      "id" : "s0-t17",
      "begin" : 86,
      "end" : 92,
      "text" : "record",
      "whiteSpace" : false
    }, {
      "id" : "s0-t18",
      "begin" : 93,
      "end" : 95,
      "text" : "in",
      "whiteSpace" : false
    }, {
      "id" : "s0-t19",
      "begin" : 96,
      "end" : 100,
      "text" : "Deed",
      "whiteSpace" : false
    }, {
      "id" : "s0-t20",
      "begin" : 101,
      "end" : 105,
      "text" : "Book",
      "whiteSpace" : false
    }, {
      "id" : "s0-t21",
      "begin" : 106,
      "end" : 108,
      "text" : "57",
      "whiteSpace" : false
    }, {
      "id" : "s0-t22",
      "begin" : 108,
      "end" : 109,
      "text" : ",",
      "whiteSpace" : false
    }, {
      "id" : "s0-t23",
      "begin" : 110,
      "end" : 114,
      "text" : "page",
      "whiteSpace" : false
    }, {
      "id" : "s0-t24",
      "begin" : 115,
      "end" : 118,
      "text" : "522",
      "whiteSpace" : false
    }, {
      "id" : "s0-t25",
      "begin" : 118,
      "end" : 119,
      "text" : ",",
      "whiteSpace" : false
    }, {
      "id" : "s0-t26",
      "begin" : 120,
      "end" : 128,
      "text" : "Register",
      "whiteSpace" : false
    }, {
      "id" : "s0-t27",
      "begin" : 128,
      "end" : 130,
      "text" : "'s",
      "whiteSpace" : false
    }, {
      "id" : "s0-t28",
      "begin" : 131,
      "end" : 137,
      "text" : "Office",
      "whiteSpace" : false
    }, {
      "id" : "s0-t29",
      "begin" : 138,
      "end" : 140,
      "text" : "of",
      "whiteSpace" : false
    }, {
      "id" : "s0-t30",
      "begin" : 141,
      "end" : 150,
      "text" : "Humphreys",
      "whiteSpace" : false
    }, {
      "id" : "s0-t31",
      "begin" : 151,
      "end" : 157,
      "text" : "County",
      "whiteSpace" : false
    }, {
      "id" : "s0-t32",
      "begin" : 157,
      "end" : 158,
      "text" : ",",
      "whiteSpace" : false
    }, {
      "id" : "s0-t33",
      "begin" : 159,
      "end" : 168,
      "text" : "Tennessee",
      "whiteSpace" : false
    }, {
      "id" : "s0-t34",
      "begin" : 168,
      "end" : 169,
      "text" : ".",
      "whiteSpace" : false
    } ]
  } ],
  "mentions" : [ {
    "id" : "s0-m1",
    "properties" : {
      "SIRE_MENTION_ROLE" : "WarrDeedBookNum",
      "SIRE_ENTITY_SUBTYPE" : "NONE",
      "SIRE_MENTION_TYPE" : "NONE",
      "SIRE_MENTION_CLASS" : "SPC"
    },
    "type" : "WarrDeedBookNum",
    "begin" : 106,
    "end" : 108,
    "inCoref" : false
  }, {
    "id" : "s0-m2",
    "properties" : {
      "SIRE_MENTION_ROLE" : "WarrDeedPageNum",
      "SIRE_ENTITY_SUBTYPE" : "NONE",
      "SIRE_MENTION_TYPE" : "NONE",
      "SIRE_MENTION_CLASS" : "SPC"
    },
    "type" : "WarrDeedPageNum",
    "begin" : 115,
    "end" : 118,
    "inCoref" : false
  } ],
  "relations" : [ ],
  "corefs" : [ ],
  "typeResolved" : true,
  "userResolved" : false
}