{
  "id" : "8d46da80-54dc-11e9-91aa-93fcd1ae955b-2",
  "name" : "WD98-99.txt",
  "createdDate" : 0,
  "version" : 3,
  "text" : " thence North 7h degrees East 237 feet to an iron stake; 3 thence North 19 degrees West 212'feet to an iron stake; thence South 1/53; 1??) t x 1:;086 _. .. 71 degrees West 21 feet to an iron stake in the said branch and in ? gNRay Stringers' East Boundary Line; thence with the said line and branch.???? (6 7???South 12 degrees East 200 feet to the beginning. Containing one acre 1 be the sane more or less, according to a survey made by Sam Long, County Surveyor for Humphreys County, Tennessee. ??? HA5:HFL V H Included but excluded from this conveyance is the said road. s???. ??w A??? ..Being a portion of the land conveyed to the Grantors herein by deed of ;,record in Deed Book 60, page 387-388, of the Register's Office of Humphreys County, Tennessee. 1;. .??? terms so wr???y???gyv???jr TEFYV'Wgijrwyr_rrrxlg. ... . r 01??? rw Elyvf???qQ/TT :1... win 5??va- v&lt;~. 7.???.v???..,_, T . . 34??? 3 . WNW-M???WEWF???: V ???W??? \"??? \"??? 9 \"??? :??? ??? v ~ , A, 4 ,: a ,. ??~A 1..., a. v- \" A.../.. ???/L.. ,4.m j???,ws~??? ~??;V~Q~??M. 99 L, .1' [, ,x, 47??? ???. :. . ,5 .' ,, DI? L?, L. .3 t?), 1:7 ???YY'V???TV???F'tTW H yr, \"g 1., I1, m G: a e m (r, (t' 3-???4 5;, EEBEGINNING on an iron stake in the branch, running South from the said, a calmly that State lax Is Pan $3.5m Tau, ~]\n",
  "docLength" : 0,
  "language" : "EN",
  "status" : "SUBMITTED",
  "modifiedDate" : 1554165726960,
  "documentSet" : [ ],
  "preannotation" : [ ],
  "sentences" : [ {
    "id" : "s0",
    "begin" : 1,
    "end" : 152,
    "text" : "thence North 7h degrees East 237 feet to an iron stake; 3 thence North 19 degrees West 212'feet to an iron stake; thence South 1/53; 1??) t x 1:;086 _.",
    "tokens" : [ {
      "id" : "s0-t0",
      "begin" : 1,
      "end" : 7,
      "text" : "thence",
      "whiteSpace" : false
    }, {
      "id" : "s0-t1",
      "begin" : 8,
      "end" : 13,
      "text" : "North",
      "whiteSpace" : false
    }, {
      "id" : "s0-t2",
      "begin" : 14,
      "end" : 16,
      "text" : "7h",
      "whiteSpace" : false
    }, {
      "id" : "s0-t3",
      "begin" : 17,
      "end" : 24,
      "text" : "degrees",
      "whiteSpace" : false
    }, {
      "id" : "s0-t4",
      "begin" : 25,
      "end" : 29,
      "text" : "East",
      "whiteSpace" : false
    }, {
      "id" : "s0-t5",
      "begin" : 30,
      "end" : 33,
      "text" : "237",
      "whiteSpace" : false
    }, {
      "id" : "s0-t6",
      "begin" : 34,
      "end" : 38,
      "text" : "feet",
      "whiteSpace" : false
    }, {
      "id" : "s0-t7",
      "begin" : 39,
      "end" : 41,
      "text" : "to",
      "whiteSpace" : false
    }, {
      "id" : "s0-t8",
      "begin" : 42,
      "end" : 44,
      "text" : "an",
      "whiteSpace" : false
    }, {
      "id" : "s0-t9",
      "begin" : 45,
      "end" : 49,
      "text" : "iron",
      "whiteSpace" : false
    }, {
      "id" : "s0-t10",
      "begin" : 50,
      "end" : 55,
      "text" : "stake",
      "whiteSpace" : false
    }, {
      "id" : "s0-t11",
      "begin" : 55,
      "end" : 56,
      "text" : ";",
      "whiteSpace" : false
    }, {
      "id" : "s0-t12",
      "begin" : 57,
      "end" : 58,
      "text" : "3",
      "whiteSpace" : false
    }, {
      "id" : "s0-t13",
      "begin" : 59,
      "end" : 65,
      "text" : "thence",
      "whiteSpace" : false
    }, {
      "id" : "s0-t14",
      "begin" : 66,
      "end" : 71,
      "text" : "North",
      "whiteSpace" : false
    }, {
      "id" : "s0-t15",
      "begin" : 72,
      "end" : 74,
      "text" : "19",
      "whiteSpace" : false
    }, {
      "id" : "s0-t16",
      "begin" : 75,
      "end" : 82,
      "text" : "degrees",
      "whiteSpace" : false
    }, {
      "id" : "s0-t17",
      "begin" : 83,
      "end" : 87,
      "text" : "West",
      "whiteSpace" : false
    }, {
      "id" : "s0-t18",
      "begin" : 88,
      "end" : 91,
      "text" : "212",
      "whiteSpace" : false
    }, {
      "id" : "s0-t19",
      "begin" : 91,
      "end" : 96,
      "text" : "'feet",
      "whiteSpace" : false
    }, {
      "id" : "s0-t20",
      "begin" : 97,
      "end" : 99,
      "text" : "to",
      "whiteSpace" : false
    }, {
      "id" : "s0-t21",
      "begin" : 100,
      "end" : 102,
      "text" : "an",
      "whiteSpace" : false
    }, {
      "id" : "s0-t22",
      "begin" : 103,
      "end" : 107,
      "text" : "iron",
      "whiteSpace" : false
    }, {
      "id" : "s0-t23",
      "begin" : 108,
      "end" : 113,
      "text" : "stake",
      "whiteSpace" : false
    }, {
      "id" : "s0-t24",
      "begin" : 113,
      "end" : 114,
      "text" : ";",
      "whiteSpace" : false
    }, {
      "id" : "s0-t25",
      "begin" : 115,
      "end" : 121,
      "text" : "thence",
      "whiteSpace" : false
    }, {
      "id" : "s0-t26",
      "begin" : 122,
      "end" : 127,
      "text" : "South",
      "whiteSpace" : false
    }, {
      "id" : "s0-t27",
      "begin" : 128,
      "end" : 132,
      "text" : "1/53",
      "whiteSpace" : false
    }, {
      "id" : "s0-t28",
      "begin" : 132,
      "end" : 133,
      "text" : ";",
      "whiteSpace" : false
    }, {
      "id" : "s0-t29",
      "begin" : 134,
      "end" : 135,
      "text" : "1",
      "whiteSpace" : false
    }, {
      "id" : "s0-t30",
      "begin" : 135,
      "end" : 137,
      "text" : "??",
      "whiteSpace" : false
    }, {
      "id" : "s0-t31",
      "begin" : 137,
      "end" : 138,
      "text" : ")",
      "whiteSpace" : false
    }, {
      "id" : "s0-t32",
      "begin" : 139,
      "end" : 140,
      "text" : "t",
      "whiteSpace" : false
    }, {
      "id" : "s0-t33",
      "begin" : 141,
      "end" : 142,
      "text" : "x",
      "whiteSpace" : false
    }, {
      "id" : "s0-t34",
      "begin" : 143,
      "end" : 144,
      "text" : "1",
      "whiteSpace" : false
    }, {
      "id" : "s0-t35",
      "begin" : 144,
      "end" : 145,
      "text" : ":",
      "whiteSpace" : false
    }, {
      "id" : "s0-t36",
      "begin" : 145,
      "end" : 146,
      "text" : ";",
      "whiteSpace" : false
    }, {
      "id" : "s0-t37",
      "begin" : 146,
      "end" : 149,
      "text" : "086",
      "whiteSpace" : false
    }, {
      "id" : "s0-t38",
      "begin" : 150,
      "end" : 151,
      "text" : "_",
      "whiteSpace" : false
    }, {
      "id" : "s0-t39",
      "begin" : 151,
      "end" : 152,
      "text" : ".",
      "whiteSpace" : false
    } ]
  }, {
    "id" : "s1",
    "begin" : 153,
    "end" : 224,
    "text" : ".. 71 degrees West 21 feet to an iron stake in the said branch and in ?",
    "tokens" : [ {
      "id" : "s1-t0",
      "begin" : 153,
      "end" : 155,
      "text" : "..",
      "whiteSpace" : false
    }, {
      "id" : "s1-t1",
      "begin" : 156,
      "end" : 158,
      "text" : "71",
      "whiteSpace" : false
    }, {
      "id" : "s1-t2",
      "begin" : 159,
      "end" : 166,
      "text" : "degrees",
      "whiteSpace" : false
    }, {
      "id" : "s1-t3",
      "begin" : 167,
      "end" : 171,
      "text" : "West",
      "whiteSpace" : false
    }, {
      "id" : "s1-t4",
      "begin" : 172,
      "end" : 174,
      "text" : "21",
      "whiteSpace" : false
    }, {
      "id" : "s1-t5",
      "begin" : 175,
      "end" : 179,
      "text" : "feet",
      "whiteSpace" : false
    }, {
      "id" : "s1-t6",
      "begin" : 180,
      "end" : 182,
      "text" : "to",
      "whiteSpace" : false
    }, {
      "id" : "s1-t7",
      "begin" : 183,
      "end" : 185,
      "text" : "an",
      "whiteSpace" : false
    }, {
      "id" : "s1-t8",
      "begin" : 186,
      "end" : 190,
      "text" : "iron",
      "whiteSpace" : false
    }, {
      "id" : "s1-t9",
      "begin" : 191,
      "end" : 196,
      "text" : "stake",
      "whiteSpace" : false
    }, {
      "id" : "s1-t10",
      "begin" : 197,
      "end" : 199,
      "text" : "in",
      "whiteSpace" : false
    }, {
      "id" : "s1-t11",
      "begin" : 200,
      "end" : 203,
      "text" : "the",
      "whiteSpace" : false
    }, {
      "id" : "s1-t12",
      "begin" : 204,
      "end" : 208,
      "text" : "said",
      "whiteSpace" : false
    }, {
      "id" : "s1-t13",
      "begin" : 209,
      "end" : 215,
      "text" : "branch",
      "whiteSpace" : false
    }, {
      "id" : "s1-t14",
      "begin" : 216,
      "end" : 219,
      "text" : "and",
      "whiteSpace" : false
    }, {
      "id" : "s1-t15",
      "begin" : 220,
      "end" : 222,
      "text" : "in",
      "whiteSpace" : false
    }, {
      "id" : "s1-t16",
      "begin" : 223,
      "end" : 224,
      "text" : "?",
      "whiteSpace" : false
    } ]
  }, {
    "id" : "s2",
    "begin" : 225,
    "end" : 299,
    "text" : "gNRay Stringers' East Boundary Line; thence with the said line and branch.",
    "tokens" : [ {
      "id" : "s2-t0",
      "begin" : 225,
      "end" : 230,
      "text" : "gNRay",
      "whiteSpace" : false
    }, {
      "id" : "s2-t1",
      "begin" : 231,
      "end" : 240,
      "text" : "Stringers",
      "whiteSpace" : false
    }, {
      "id" : "s2-t2",
      "begin" : 240,
      "end" : 241,
      "text" : "'",
      "whiteSpace" : false
    }, {
      "id" : "s2-t3",
      "begin" : 242,
      "end" : 246,
      "text" : "East",
      "whiteSpace" : false
    }, {
      "id" : "s2-t4",
      "begin" : 247,
      "end" : 255,
      "text" : "Boundary",
      "whiteSpace" : false
    }, {
      "id" : "s2-t5",
      "begin" : 256,
      "end" : 260,
      "text" : "Line",
      "whiteSpace" : false
    }, {
      "id" : "s2-t6",
      "begin" : 260,
      "end" : 261,
      "text" : ";",
      "whiteSpace" : false
    }, {
      "id" : "s2-t7",
      "begin" : 262,
      "end" : 268,
      "text" : "thence",
      "whiteSpace" : false
    }, {
      "id" : "s2-t8",
      "begin" : 269,
      "end" : 273,
      "text" : "with",
      "whiteSpace" : false
    }, {
      "id" : "s2-t9",
      "begin" : 274,
      "end" : 277,
      "text" : "the",
      "whiteSpace" : false
    }, {
      "id" : "s2-t10",
      "begin" : 278,
      "end" : 282,
      "text" : "said",
      "whiteSpace" : false
    }, {
      "id" : "s2-t11",
      "begin" : 283,
      "end" : 287,
      "text" : "line",
      "whiteSpace" : false
    }, {
      "id" : "s2-t12",
      "begin" : 288,
      "end" : 291,
      "text" : "and",
      "whiteSpace" : false
    }, {
      "id" : "s2-t13",
      "begin" : 292,
      "end" : 298,
      "text" : "branch",
      "whiteSpace" : false
    }, {
      "id" : "s2-t14",
      "begin" : 298,
      "end" : 299,
      "text" : ".",
      "whiteSpace" : false
    } ]
  }, {
    "id" : "s3",
    "begin" : 299,
    "end" : 303,
    "text" : "????",
    "tokens" : [ {
      "id" : "s3-t0",
      "begin" : 299,
      "end" : 302,
      "text" : "???",
      "whiteSpace" : false
    }, {
      "id" : "s3-t1",
      "begin" : 302,
      "end" : 303,
      "text" : "?",
      "whiteSpace" : false
    } ]
  }, {
    "id" : "s4",
    "begin" : 304,
    "end" : 359,
    "text" : "(6 7???South 12 degrees East 200 feet to the beginning.",
    "tokens" : [ {
      "id" : "s4-t0",
      "begin" : 304,
      "end" : 305,
      "text" : "(",
      "whiteSpace" : false
    }, {
      "id" : "s4-t1",
      "begin" : 305,
      "end" : 306,
      "text" : "6",
      "whiteSpace" : false
    }, {
      "id" : "s4-t2",
      "begin" : 307,
      "end" : 308,
      "text" : "7",
      "whiteSpace" : false
    }, {
      "id" : "s4-t3",
      "begin" : 308,
      "end" : 316,
      "text" : "???South",
      "whiteSpace" : false
    }, {
      "id" : "s4-t4",
      "begin" : 317,
      "end" : 319,
      "text" : "12",
      "whiteSpace" : false
    }, {
      "id" : "s4-t5",
      "begin" : 320,
      "end" : 327,
      "text" : "degrees",
      "whiteSpace" : false
    }, {
      "id" : "s4-t6",
      "begin" : 328,
      "end" : 332,
      "text" : "East",
      "whiteSpace" : false
    }, {
      "id" : "s4-t7",
      "begin" : 333,
      "end" : 336,
      "text" : "200",
      "whiteSpace" : false
    }, {
      "id" : "s4-t8",
      "begin" : 337,
      "end" : 341,
      "text" : "feet",
      "whiteSpace" : false
    }, {
      "id" : "s4-t9",
      "begin" : 342,
      "end" : 344,
      "text" : "to",
      "whiteSpace" : false
    }, {
      "id" : "s4-t10",
      "begin" : 345,
      "end" : 348,
      "text" : "the",
      "whiteSpace" : false
    }, {
      "id" : "s4-t11",
      "begin" : 349,
      "end" : 358,
      "text" : "beginning",
      "whiteSpace" : false
    }, {
      "id" : "s4-t12",
      "begin" : 358,
      "end" : 359,
      "text" : ".",
      "whiteSpace" : false
    } ]
  }, {
    "id" : "s5",
    "begin" : 360,
    "end" : 498,
    "text" : "Containing one acre 1 be the sane more or less, according to a survey made by Sam Long, County Surveyor for Humphreys County, Tennessee. ?",
    "tokens" : [ {
      "id" : "s5-t0",
      "begin" : 360,
      "end" : 370,
      "text" : "Containing",
      "whiteSpace" : false
    }, {
      "id" : "s5-t1",
      "begin" : 371,
      "end" : 374,
      "text" : "one",
      "whiteSpace" : false
    }, {
      "id" : "s5-t2",
      "begin" : 375,
      "end" : 379,
      "text" : "acre",
      "whiteSpace" : false
    }, {
      "id" : "s5-t3",
      "begin" : 380,
      "end" : 381,
      "text" : "1",
      "whiteSpace" : false
    }, {
      "id" : "s5-t4",
      "begin" : 382,
      "end" : 384,
      "text" : "be",
      "whiteSpace" : false
    }, {
      "id" : "s5-t5",
      "begin" : 385,
      "end" : 388,
      "text" : "the",
      "whiteSpace" : false
    }, {
      "id" : "s5-t6",
      "begin" : 389,
      "end" : 393,
      "text" : "sane",
      "whiteSpace" : false
    }, {
      "id" : "s5-t7",
      "begin" : 394,
      "end" : 398,
      "text" : "more",
      "whiteSpace" : false
    }, {
      "id" : "s5-t8",
      "begin" : 399,
      "end" : 401,
      "text" : "or",
      "whiteSpace" : false
    }, {
      "id" : "s5-t9",
      "begin" : 402,
      "end" : 406,
      "text" : "less",
      "whiteSpace" : false
    }, {
      "id" : "s5-t10",
      "begin" : 406,
      "end" : 407,
      "text" : ",",
      "whiteSpace" : false
    }, {
      "id" : "s5-t11",
      "begin" : 408,
      "end" : 417,
      "text" : "according",
      "whiteSpace" : false
    }, {
      "id" : "s5-t12",
      "begin" : 418,
      "end" : 420,
      "text" : "to",
      "whiteSpace" : false
    }, {
      "id" : "s5-t13",
      "begin" : 421,
      "end" : 422,
      "text" : "a",
      "whiteSpace" : false
    }, {
      "id" : "s5-t14",
      "begin" : 423,
      "end" : 429,
      "text" : "survey",
      "whiteSpace" : false
    }, {
      "id" : "s5-t15",
      "begin" : 430,
      "end" : 434,
      "text" : "made",
      "whiteSpace" : false
    }, {
      "id" : "s5-t16",
      "begin" : 435,
      "end" : 437,
      "text" : "by",
      "whiteSpace" : false
    }, {
      "id" : "s5-t17",
      "begin" : 438,
      "end" : 441,
      "text" : "Sam",
      "whiteSpace" : false
    }, {
      "id" : "s5-t18",
      "begin" : 442,
      "end" : 446,
      "text" : "Long",
      "whiteSpace" : false
    }, {
      "id" : "s5-t19",
      "begin" : 446,
      "end" : 447,
      "text" : ",",
      "whiteSpace" : false
    }, {
      "id" : "s5-t20",
      "begin" : 448,
      "end" : 454,
      "text" : "County",
      "whiteSpace" : false
    }, {
      "id" : "s5-t21",
      "begin" : 455,
      "end" : 463,
      "text" : "Surveyor",
      "whiteSpace" : false
    }, {
      "id" : "s5-t22",
      "begin" : 464,
      "end" : 467,
      "text" : "for",
      "whiteSpace" : false
    }, {
      "id" : "s5-t23",
      "begin" : 468,
      "end" : 477,
      "text" : "Humphreys",
      "whiteSpace" : false
    }, {
      "id" : "s5-t24",
      "begin" : 478,
      "end" : 484,
      "text" : "County",
      "whiteSpace" : false
    }, {
      "id" : "s5-t25",
      "begin" : 484,
      "end" : 485,
      "text" : ",",
      "whiteSpace" : false
    }, {
      "id" : "s5-t26",
      "begin" : 486,
      "end" : 495,
      "text" : "Tennessee",
      "whiteSpace" : false
    }, {
      "id" : "s5-t27",
      "begin" : 495,
      "end" : 496,
      "text" : ".",
      "whiteSpace" : false
    }, {
      "id" : "s5-t28",
      "begin" : 497,
      "end" : 498,
      "text" : "?",
      "whiteSpace" : false
    } ]
  }, {
    "id" : "s6",
    "begin" : 498,
    "end" : 500,
    "text" : "??",
    "tokens" : [ {
      "id" : "s6-t0",
      "begin" : 498,
      "end" : 499,
      "text" : "?",
      "whiteSpace" : false
    }, {
      "id" : "s6-t1",
      "begin" : 499,
      "end" : 500,
      "text" : "?",
      "whiteSpace" : false
    } ]
  }, {
    "id" : "s7",
    "begin" : 501,
    "end" : 573,
    "text" : "HA5:HFL V H Included but excluded from this conveyance is the said road.",
    "tokens" : [ {
      "id" : "s7-t0",
      "begin" : 501,
      "end" : 504,
      "text" : "HA5",
      "whiteSpace" : false
    }, {
      "id" : "s7-t1",
      "begin" : 504,
      "end" : 508,
      "text" : ":HFL",
      "whiteSpace" : false
    }, {
      "id" : "s7-t2",
      "begin" : 509,
      "end" : 510,
      "text" : "V",
      "whiteSpace" : false
    }, {
      "id" : "s7-t3",
      "begin" : 511,
      "end" : 512,
      "text" : "H",
      "whiteSpace" : false
    }, {
      "id" : "s7-t4",
      "begin" : 513,
      "end" : 521,
      "text" : "Included",
      "whiteSpace" : false
    }, {
      "id" : "s7-t5",
      "begin" : 522,
      "end" : 525,
      "text" : "but",
      "whiteSpace" : false
    }, {
      "id" : "s7-t6",
      "begin" : 526,
      "end" : 534,
      "text" : "excluded",
      "whiteSpace" : false
    }, {
      "id" : "s7-t7",
      "begin" : 535,
      "end" : 539,
      "text" : "from",
      "whiteSpace" : false
    }, {
      "id" : "s7-t8",
      "begin" : 540,
      "end" : 544,
      "text" : "this",
      "whiteSpace" : false
    }, {
      "id" : "s7-t9",
      "begin" : 545,
      "end" : 555,
      "text" : "conveyance",
      "whiteSpace" : false
    }, {
      "id" : "s7-t10",
      "begin" : 556,
      "end" : 558,
      "text" : "is",
      "whiteSpace" : false
    }, {
      "id" : "s7-t11",
      "begin" : 559,
      "end" : 562,
      "text" : "the",
      "whiteSpace" : false
    }, {
      "id" : "s7-t12",
      "begin" : 563,
      "end" : 567,
      "text" : "said",
      "whiteSpace" : false
    }, {
      "id" : "s7-t13",
      "begin" : 568,
      "end" : 572,
      "text" : "road",
      "whiteSpace" : false
    }, {
      "id" : "s7-t14",
      "begin" : 572,
      "end" : 573,
      "text" : ".",
      "whiteSpace" : false
    } ]
  }, {
    "id" : "s8",
    "begin" : 574,
    "end" : 576,
    "text" : "s?",
    "tokens" : [ {
      "id" : "s8-t0",
      "begin" : 574,
      "end" : 575,
      "text" : "s",
      "whiteSpace" : false
    }, {
      "id" : "s8-t1",
      "begin" : 575,
      "end" : 576,
      "text" : "?",
      "whiteSpace" : false
    } ]
  }, {
    "id" : "s9",
    "begin" : 576,
    "end" : 581,
    "text" : "??. ?",
    "tokens" : [ {
      "id" : "s9-t0",
      "begin" : 576,
      "end" : 578,
      "text" : "??",
      "whiteSpace" : false
    }, {
      "id" : "s9-t1",
      "begin" : 578,
      "end" : 579,
      "text" : ".",
      "whiteSpace" : false
    }, {
      "id" : "s9-t2",
      "begin" : 580,
      "end" : 581,
      "text" : "?",
      "whiteSpace" : false
    } ]
  }, {
    "id" : "s10",
    "begin" : 581,
    "end" : 588,
    "text" : "?w A???",
    "tokens" : [ {
      "id" : "s10-t0",
      "begin" : 581,
      "end" : 583,
      "text" : "?w",
      "whiteSpace" : false
    }, {
      "id" : "s10-t1",
      "begin" : 584,
      "end" : 587,
      "text" : "A??",
      "whiteSpace" : false
    }, {
      "id" : "s10-t2",
      "begin" : 587,
      "end" : 588,
      "text" : "?",
      "whiteSpace" : false
    } ]
  }, {
    "id" : "s11",
    "begin" : 589,
    "end" : 758,
    "text" : "..Being a portion of the land conveyed to the Grantors herein by deed of ;,record in Deed Book 60, page 387-388, of the Register's Office of Humphreys County, Tennessee.",
    "tokens" : [ {
      "id" : "s11-t0",
      "begin" : 589,
      "end" : 591,
      "text" : "..",
      "whiteSpace" : false
    }, {
      "id" : "s11-t1",
      "begin" : 591,
      "end" : 596,
      "text" : "Being",
      "whiteSpace" : false
    }, {
      "id" : "s11-t2",
      "begin" : 597,
      "end" : 598,
      "text" : "a",
      "whiteSpace" : false
    }, {
      "id" : "s11-t3",
      "begin" : 599,
      "end" : 606,
      "text" : "portion",
      "whiteSpace" : false
    }, {
      "id" : "s11-t4",
      "begin" : 607,
      "end" : 609,
      "text" : "of",
      "whiteSpace" : false
    }, {
      "id" : "s11-t5",
      "begin" : 610,
      "end" : 613,
      "text" : "the",
      "whiteSpace" : false
    }, {
      "id" : "s11-t6",
      "begin" : 614,
      "end" : 618,
      "text" : "land",
      "whiteSpace" : false
    }, {
      "id" : "s11-t7",
      "begin" : 619,
      "end" : 627,
      "text" : "conveyed",
      "whiteSpace" : false
    }, {
      "id" : "s11-t8",
      "begin" : 628,
      "end" : 630,
      "text" : "to",
      "whiteSpace" : false
    }, {
      "id" : "s11-t9",
      "begin" : 631,
      "end" : 634,
      "text" : "the",
      "whiteSpace" : false
    }, {
      "id" : "s11-t10",
      "begin" : 635,
      "end" : 643,
      "text" : "Grantors",
      "whiteSpace" : false
    }, {
      "id" : "s11-t11",
      "begin" : 644,
      "end" : 650,
      "text" : "herein",
      "whiteSpace" : false
    }, {
      "id" : "s11-t12",
      "begin" : 651,
      "end" : 653,
      "text" : "by",
      "whiteSpace" : false
    }, {
      "id" : "s11-t13",
      "begin" : 654,
      "end" : 658,
      "text" : "deed",
      "whiteSpace" : false
    }, {
      "id" : "s11-t14",
      "begin" : 659,
      "end" : 661,
      "text" : "of",
      "whiteSpace" : false
    }, {
      "id" : "s11-t15",
      "begin" : 662,
      "end" : 663,
      "text" : ";",
      "whiteSpace" : false
    }, {
      "id" : "s11-t16",
      "begin" : 663,
      "end" : 664,
      "text" : ",",
      "whiteSpace" : false
    }, {
      "id" : "s11-t17",
      "begin" : 664,
      "end" : 670,
      "text" : "record",
      "whiteSpace" : false
    }, {
      "id" : "s11-t18",
      "begin" : 671,
      "end" : 673,
      "text" : "in",
      "whiteSpace" : false
    }, {
      "id" : "s11-t19",
      "begin" : 674,
      "end" : 678,
      "text" : "Deed",
      "whiteSpace" : false
    }, {
      "id" : "s11-t20",
      "begin" : 679,
      "end" : 683,
      "text" : "Book",
      "whiteSpace" : false
    }, {
      "id" : "s11-t21",
      "begin" : 684,
      "end" : 686,
      "text" : "60",
      "whiteSpace" : false
    }, {
      "id" : "s11-t22",
      "begin" : 686,
      "end" : 687,
      "text" : ",",
      "whiteSpace" : false
    }, {
      "id" : "s11-t23",
      "begin" : 688,
      "end" : 692,
      "text" : "page",
      "whiteSpace" : false
    }, {
      "id" : "s11-t24",
      "begin" : 693,
      "end" : 700,
      "text" : "387-388",
      "whiteSpace" : false
    }, {
      "id" : "s11-t25",
      "begin" : 700,
      "end" : 701,
      "text" : ",",
      "whiteSpace" : false
    }, {
      "id" : "s11-t26",
      "begin" : 702,
      "end" : 704,
      "text" : "of",
      "whiteSpace" : false
    }, {
      "id" : "s11-t27",
      "begin" : 705,
      "end" : 708,
      "text" : "the",
      "whiteSpace" : false
    }, {
      "id" : "s11-t28",
      "begin" : 709,
      "end" : 717,
      "text" : "Register",
      "whiteSpace" : false
    }, {
      "id" : "s11-t29",
      "begin" : 717,
      "end" : 719,
      "text" : "'s",
      "whiteSpace" : false
    }, {
      "id" : "s11-t30",
      "begin" : 720,
      "end" : 726,
      "text" : "Office",
      "whiteSpace" : false
    }, {
      "id" : "s11-t31",
      "begin" : 727,
      "end" : 729,
      "text" : "of",
      "whiteSpace" : false
    }, {
      "id" : "s11-t32",
      "begin" : 730,
      "end" : 739,
      "text" : "Humphreys",
      "whiteSpace" : false
    }, {
      "id" : "s11-t33",
      "begin" : 740,
      "end" : 746,
      "text" : "County",
      "whiteSpace" : false
    }, {
      "id" : "s11-t34",
      "begin" : 746,
      "end" : 747,
      "text" : ",",
      "whiteSpace" : false
    }, {
      "id" : "s11-t35",
      "begin" : 748,
      "end" : 757,
      "text" : "Tennessee",
      "whiteSpace" : false
    }, {
      "id" : "s11-t36",
      "begin" : 757,
      "end" : 758,
      "text" : ".",
      "whiteSpace" : false
    } ]
  }, {
    "id" : "s12",
    "begin" : 759,
    "end" : 764,
    "text" : "1;. .",
    "tokens" : [ {
      "id" : "s12-t0",
      "begin" : 759,
      "end" : 760,
      "text" : "1",
      "whiteSpace" : false
    }, {
      "id" : "s12-t1",
      "begin" : 760,
      "end" : 761,
      "text" : ";",
      "whiteSpace" : false
    }, {
      "id" : "s12-t2",
      "begin" : 761,
      "end" : 762,
      "text" : ".",
      "whiteSpace" : false
    }, {
      "id" : "s12-t3",
      "begin" : 763,
      "end" : 764,
      "text" : ".",
      "whiteSpace" : false
    } ]
  }, {
    "id" : "s13",
    "begin" : 764,
    "end" : 767,
    "text" : "???",
    "tokens" : [ {
      "id" : "s13-t0",
      "begin" : 764,
      "end" : 766,
      "text" : "??",
      "whiteSpace" : false
    }, {
      "id" : "s13-t1",
      "begin" : 766,
      "end" : 767,
      "text" : "?",
      "whiteSpace" : false
    } ]
  }, {
    "id" : "s14",
    "begin" : 768,
    "end" : 780,
    "text" : "terms so wr?",
    "tokens" : [ {
      "id" : "s14-t0",
      "begin" : 768,
      "end" : 773,
      "text" : "terms",
      "whiteSpace" : false
    }, {
      "id" : "s14-t1",
      "begin" : 774,
      "end" : 776,
      "text" : "so",
      "whiteSpace" : false
    }, {
      "id" : "s14-t2",
      "begin" : 777,
      "end" : 779,
      "text" : "wr",
      "whiteSpace" : false
    }, {
      "id" : "s14-t3",
      "begin" : 779,
      "end" : 780,
      "text" : "?",
      "whiteSpace" : false
    } ]
  }, {
    "id" : "s15",
    "begin" : 780,
    "end" : 784,
    "text" : "??y?",
    "tokens" : [ {
      "id" : "s15-t0",
      "begin" : 780,
      "end" : 783,
      "text" : "??y",
      "whiteSpace" : false
    }, {
      "id" : "s15-t1",
      "begin" : 783,
      "end" : 784,
      "text" : "?",
      "whiteSpace" : false
    } ]
  }, {
    "id" : "s16",
    "begin" : 784,
    "end" : 790,
    "text" : "??gyv?",
    "tokens" : [ {
      "id" : "s16-t0",
      "begin" : 784,
      "end" : 789,
      "text" : "??gyv",
      "whiteSpace" : false
    }, {
      "id" : "s16-t1",
      "begin" : 789,
      "end" : 790,
      "text" : "?",
      "whiteSpace" : false
    } ]
  }, {
    "id" : "s17",
    "begin" : 790,
    "end" : 817,
    "text" : "??jr TEFYV'Wgijrwyr_rrrxlg.",
    "tokens" : [ {
      "id" : "s17-t0",
      "begin" : 790,
      "end" : 794,
      "text" : "??jr",
      "whiteSpace" : false
    }, {
      "id" : "s17-t1",
      "begin" : 795,
      "end" : 800,
      "text" : "TEFYV",
      "whiteSpace" : false
    }, {
      "id" : "s17-t2",
      "begin" : 800,
      "end" : 801,
      "text" : "'",
      "whiteSpace" : false
    }, {
      "id" : "s17-t3",
      "begin" : 801,
      "end" : 816,
      "text" : "Wgijrwyr_rrrxlg",
      "whiteSpace" : false
    }, {
      "id" : "s17-t4",
      "begin" : 816,
      "end" : 817,
      "text" : ".",
      "whiteSpace" : false
    } ]
  }, {
    "id" : "s18",
    "begin" : 818,
    "end" : 823,
    "text" : "... .",
    "tokens" : [ {
      "id" : "s18-t0",
      "begin" : 818,
      "end" : 821,
      "text" : "...",
      "whiteSpace" : false
    }, {
      "id" : "s18-t1",
      "begin" : 822,
      "end" : 823,
      "text" : ".",
      "whiteSpace" : false
    } ]
  }, {
    "id" : "s19",
    "begin" : 824,
    "end" : 831,
    "text" : "r 01???",
    "tokens" : [ {
      "id" : "s19-t0",
      "begin" : 824,
      "end" : 825,
      "text" : "r",
      "whiteSpace" : false
    }, {
      "id" : "s19-t1",
      "begin" : 826,
      "end" : 828,
      "text" : "01",
      "whiteSpace" : false
    }, {
      "id" : "s19-t2",
      "begin" : 828,
      "end" : 830,
      "text" : "??",
      "whiteSpace" : false
    }, {
      "id" : "s19-t3",
      "begin" : 830,
      "end" : 831,
      "text" : "?",
      "whiteSpace" : false
    } ]
  }, {
    "id" : "s20",
    "begin" : 832,
    "end" : 841,
    "text" : "rw Elyvf?",
    "tokens" : [ {
      "id" : "s20-t0",
      "begin" : 832,
      "end" : 834,
      "text" : "rw",
      "whiteSpace" : false
    }, {
      "id" : "s20-t1",
      "begin" : 835,
      "end" : 840,
      "text" : "Elyvf",
      "whiteSpace" : false
    }, {
      "id" : "s20-t2",
      "begin" : 840,
      "end" : 841,
      "text" : "?",
      "whiteSpace" : false
    } ]
  }, {
    "id" : "s21",
    "begin" : 841,
    "end" : 873,
    "text" : "??qQ/TT :1... win 5??va- v&lt;~.",
    "tokens" : [ {
      "id" : "s21-t0",
      "begin" : 841,
      "end" : 848,
      "text" : "??qQ/TT",
      "whiteSpace" : false
    }, {
      "id" : "s21-t1",
      "begin" : 849,
      "end" : 850,
      "text" : ":",
      "whiteSpace" : false
    }, {
      "id" : "s21-t2",
      "begin" : 850,
      "end" : 851,
      "text" : "1",
      "whiteSpace" : false
    }, {
      "id" : "s21-t3",
      "begin" : 851,
      "end" : 854,
      "text" : "...",
      "whiteSpace" : false
    }, {
      "id" : "s21-t4",
      "begin" : 855,
      "end" : 858,
      "text" : "win",
      "whiteSpace" : false
    }, {
      "id" : "s21-t5",
      "begin" : 859,
      "end" : 860,
      "text" : "5",
      "whiteSpace" : false
    }, {
      "id" : "s21-t6",
      "begin" : 860,
      "end" : 864,
      "text" : "??va",
      "whiteSpace" : false
    }, {
      "id" : "s21-t7",
      "begin" : 864,
      "end" : 865,
      "text" : "-",
      "whiteSpace" : false
    }, {
      "id" : "s21-t8",
      "begin" : 866,
      "end" : 867,
      "text" : "v",
      "whiteSpace" : false
    }, {
      "id" : "s21-t9",
      "begin" : 867,
      "end" : 871,
      "text" : "&lt;",
      "whiteSpace" : false
    }, {
      "id" : "s21-t10",
      "begin" : 871,
      "end" : 872,
      "text" : "~",
      "whiteSpace" : false
    }, {
      "id" : "s21-t11",
      "begin" : 872,
      "end" : 873,
      "text" : ".",
      "whiteSpace" : false
    } ]
  }, {
    "id" : "s22",
    "begin" : 874,
    "end" : 882,
    "text" : "7.???.v?",
    "tokens" : [ {
      "id" : "s22-t0",
      "begin" : 874,
      "end" : 876,
      "text" : "7.",
      "whiteSpace" : false
    }, {
      "id" : "s22-t1",
      "begin" : 876,
      "end" : 881,
      "text" : "???.v",
      "whiteSpace" : false
    }, {
      "id" : "s22-t2",
      "begin" : 881,
      "end" : 882,
      "text" : "?",
      "whiteSpace" : false
    } ]
  }, {
    "id" : "s23",
    "begin" : 882,
    "end" : 895,
    "text" : "??..,_, T . .",
    "tokens" : [ {
      "id" : "s23-t0",
      "begin" : 882,
      "end" : 884,
      "text" : "??",
      "whiteSpace" : false
    }, {
      "id" : "s23-t1",
      "begin" : 884,
      "end" : 886,
      "text" : "..",
      "whiteSpace" : false
    }, {
      "id" : "s23-t2",
      "begin" : 886,
      "end" : 887,
      "text" : ",",
      "whiteSpace" : false
    }, {
      "id" : "s23-t3",
      "begin" : 887,
      "end" : 888,
      "text" : "_",
      "whiteSpace" : false
    }, {
      "id" : "s23-t4",
      "begin" : 888,
      "end" : 889,
      "text" : ",",
      "whiteSpace" : false
    }, {
      "id" : "s23-t5",
      "begin" : 890,
      "end" : 891,
      "text" : "T",
      "whiteSpace" : false
    }, {
      "id" : "s23-t6",
      "begin" : 892,
      "end" : 893,
      "text" : ".",
      "whiteSpace" : false
    }, {
      "id" : "s23-t7",
      "begin" : 894,
      "end" : 895,
      "text" : ".",
      "whiteSpace" : false
    } ]
  }, {
    "id" : "s24",
    "begin" : 896,
    "end" : 901,
    "text" : "34???",
    "tokens" : [ {
      "id" : "s24-t0",
      "begin" : 896,
      "end" : 898,
      "text" : "34",
      "whiteSpace" : false
    }, {
      "id" : "s24-t1",
      "begin" : 898,
      "end" : 900,
      "text" : "??",
      "whiteSpace" : false
    }, {
      "id" : "s24-t2",
      "begin" : 900,
      "end" : 901,
      "text" : "?",
      "whiteSpace" : false
    } ]
  }, {
    "id" : "s25",
    "begin" : 902,
    "end" : 905,
    "text" : "3 .",
    "tokens" : [ {
      "id" : "s25-t0",
      "begin" : 902,
      "end" : 903,
      "text" : "3",
      "whiteSpace" : false
    }, {
      "id" : "s25-t1",
      "begin" : 904,
      "end" : 905,
      "text" : ".",
      "whiteSpace" : false
    } ]
  }, {
    "id" : "s26",
    "begin" : 906,
    "end" : 926,
    "text" : "WNW-M???WEWF???: V ?",
    "tokens" : [ {
      "id" : "s26-t0",
      "begin" : 906,
      "end" : 921,
      "text" : "WNW-M???WEWF???",
      "whiteSpace" : false
    }, {
      "id" : "s26-t1",
      "begin" : 921,
      "end" : 922,
      "text" : ":",
      "whiteSpace" : false
    }, {
      "id" : "s26-t2",
      "begin" : 923,
      "end" : 924,
      "text" : "V",
      "whiteSpace" : false
    }, {
      "id" : "s26-t3",
      "begin" : 925,
      "end" : 926,
      "text" : "?",
      "whiteSpace" : false
    } ]
  }, {
    "id" : "s27",
    "begin" : 926,
    "end" : 932,
    "text" : "??W???",
    "tokens" : [ {
      "id" : "s27-t0",
      "begin" : 926,
      "end" : 931,
      "text" : "??W??",
      "whiteSpace" : false
    }, {
      "id" : "s27-t1",
      "begin" : 931,
      "end" : 932,
      "text" : "?",
      "whiteSpace" : false
    } ]
  }, {
    "id" : "s28",
    "begin" : 933,
    "end" : 937,
    "text" : "\"???",
    "tokens" : [ {
      "id" : "s28-t0",
      "begin" : 933,
      "end" : 934,
      "text" : "\"",
      "whiteSpace" : false
    }, {
      "id" : "s28-t1",
      "begin" : 934,
      "end" : 936,
      "text" : "??",
      "whiteSpace" : false
    }, {
      "id" : "s28-t2",
      "begin" : 936,
      "end" : 937,
      "text" : "?",
      "whiteSpace" : false
    } ]
  }, {
    "id" : "s29",
    "begin" : 938,
    "end" : 942,
    "text" : "\"???",
    "tokens" : [ {
      "id" : "s29-t0",
      "begin" : 938,
      "end" : 939,
      "text" : "\"",
      "whiteSpace" : false
    }, {
      "id" : "s29-t1",
      "begin" : 939,
      "end" : 941,
      "text" : "??",
      "whiteSpace" : false
    }, {
      "id" : "s29-t2",
      "begin" : 941,
      "end" : 942,
      "text" : "?",
      "whiteSpace" : false
    } ]
  }, {
    "id" : "s30",
    "begin" : 943,
    "end" : 949,
    "text" : "9 \"???",
    "tokens" : [ {
      "id" : "s30-t0",
      "begin" : 943,
      "end" : 944,
      "text" : "9",
      "whiteSpace" : false
    }, {
      "id" : "s30-t1",
      "begin" : 945,
      "end" : 946,
      "text" : "\"",
      "whiteSpace" : false
    }, {
      "id" : "s30-t2",
      "begin" : 946,
      "end" : 948,
      "text" : "??",
      "whiteSpace" : false
    }, {
      "id" : "s30-t3",
      "begin" : 948,
      "end" : 949,
      "text" : "?",
      "whiteSpace" : false
    } ]
  }, {
    "id" : "s31",
    "begin" : 950,
    "end" : 956,
    "text" : ":??? ?",
    "tokens" : [ {
      "id" : "s31-t0",
      "begin" : 950,
      "end" : 951,
      "text" : ":",
      "whiteSpace" : false
    }, {
      "id" : "s31-t1",
      "begin" : 951,
      "end" : 953,
      "text" : "??",
      "whiteSpace" : false
    }, {
      "id" : "s31-t2",
      "begin" : 953,
      "end" : 954,
      "text" : "?",
      "whiteSpace" : false
    }, {
      "id" : "s31-t3",
      "begin" : 955,
      "end" : 956,
      "text" : "?",
      "whiteSpace" : false
    } ]
  }, {
    "id" : "s32",
    "begin" : 956,
    "end" : 958,
    "text" : "??",
    "tokens" : [ {
      "id" : "s32-t0",
      "begin" : 956,
      "end" : 957,
      "text" : "?",
      "whiteSpace" : false
    }, {
      "id" : "s32-t1",
      "begin" : 957,
      "end" : 958,
      "text" : "?",
      "whiteSpace" : false
    } ]
  }, {
    "id" : "s33",
    "begin" : 959,
    "end" : 979,
    "text" : "v ~ , A, 4 ,: a ,. ?",
    "tokens" : [ {
      "id" : "s33-t0",
      "begin" : 959,
      "end" : 960,
      "text" : "v",
      "whiteSpace" : false
    }, {
      "id" : "s33-t1",
      "begin" : 961,
      "end" : 962,
      "text" : "~",
      "whiteSpace" : false
    }, {
      "id" : "s33-t2",
      "begin" : 963,
      "end" : 964,
      "text" : ",",
      "whiteSpace" : false
    }, {
      "id" : "s33-t3",
      "begin" : 965,
      "end" : 966,
      "text" : "A",
      "whiteSpace" : false
    }, {
      "id" : "s33-t4",
      "begin" : 966,
      "end" : 967,
      "text" : ",",
      "whiteSpace" : false
    }, {
      "id" : "s33-t5",
      "begin" : 968,
      "end" : 969,
      "text" : "4",
      "whiteSpace" : false
    }, {
      "id" : "s33-t6",
      "begin" : 970,
      "end" : 971,
      "text" : ",",
      "whiteSpace" : false
    }, {
      "id" : "s33-t7",
      "begin" : 971,
      "end" : 972,
      "text" : ":",
      "whiteSpace" : false
    }, {
      "id" : "s33-t8",
      "begin" : 973,
      "end" : 974,
      "text" : "a",
      "whiteSpace" : false
    }, {
      "id" : "s33-t9",
      "begin" : 975,
      "end" : 976,
      "text" : ",",
      "whiteSpace" : false
    }, {
      "id" : "s33-t10",
      "begin" : 976,
      "end" : 977,
      "text" : ".",
      "whiteSpace" : false
    }, {
      "id" : "s33-t11",
      "begin" : 978,
      "end" : 979,
      "text" : "?",
      "whiteSpace" : false
    } ]
  }, {
    "id" : "s34",
    "begin" : 979,
    "end" : 991,
    "text" : "?~A 1..., a.",
    "tokens" : [ {
      "id" : "s34-t0",
      "begin" : 979,
      "end" : 980,
      "text" : "?",
      "whiteSpace" : false
    }, {
      "id" : "s34-t1",
      "begin" : 980,
      "end" : 981,
      "text" : "~",
      "whiteSpace" : false
    }, {
      "id" : "s34-t2",
      "begin" : 981,
      "end" : 982,
      "text" : "A",
      "whiteSpace" : false
    }, {
      "id" : "s34-t3",
      "begin" : 983,
      "end" : 984,
      "text" : "1",
      "whiteSpace" : false
    }, {
      "id" : "s34-t4",
      "begin" : 984,
      "end" : 987,
      "text" : "...",
      "whiteSpace" : false
    }, {
      "id" : "s34-t5",
      "begin" : 987,
      "end" : 988,
      "text" : ",",
      "whiteSpace" : false
    }, {
      "id" : "s34-t6",
      "begin" : 989,
      "end" : 990,
      "text" : "a",
      "whiteSpace" : false
    }, {
      "id" : "s34-t7",
      "begin" : 990,
      "end" : 991,
      "text" : ".",
      "whiteSpace" : false
    } ]
  }, {
    "id" : "s35",
    "begin" : 992,
    "end" : 1006,
    "text" : "v- \" A.../.. ?",
    "tokens" : [ {
      "id" : "s35-t0",
      "begin" : 992,
      "end" : 993,
      "text" : "v",
      "whiteSpace" : false
    }, {
      "id" : "s35-t1",
      "begin" : 993,
      "end" : 994,
      "text" : "-",
      "whiteSpace" : false
    }, {
      "id" : "s35-t2",
      "begin" : 995,
      "end" : 996,
      "text" : "\"",
      "whiteSpace" : false
    }, {
      "id" : "s35-t3",
      "begin" : 997,
      "end" : 1004,
      "text" : "A.../..",
      "whiteSpace" : false
    }, {
      "id" : "s35-t4",
      "begin" : 1005,
      "end" : 1006,
      "text" : "?",
      "whiteSpace" : false
    } ]
  }, {
    "id" : "s36",
    "begin" : 1006,
    "end" : 1020,
    "text" : "??/L.. ,4.m j?",
    "tokens" : [ {
      "id" : "s36-t0",
      "begin" : 1006,
      "end" : 1012,
      "text" : "??/L..",
      "whiteSpace" : false
    }, {
      "id" : "s36-t1",
      "begin" : 1013,
      "end" : 1014,
      "text" : ",",
      "whiteSpace" : false
    }, {
      "id" : "s36-t2",
      "begin" : 1014,
      "end" : 1017,
      "text" : "4.m",
      "whiteSpace" : false
    }, {
      "id" : "s36-t3",
      "begin" : 1018,
      "end" : 1019,
      "text" : "j",
      "whiteSpace" : false
    }, {
      "id" : "s36-t4",
      "begin" : 1019,
      "end" : 1020,
      "text" : "?",
      "whiteSpace" : false
    } ]
  }, {
    "id" : "s37",
    "begin" : 1020,
    "end" : 1029,
    "text" : "??,ws~???",
    "tokens" : [ {
      "id" : "s37-t0",
      "begin" : 1020,
      "end" : 1022,
      "text" : "??",
      "whiteSpace" : false
    }, {
      "id" : "s37-t1",
      "begin" : 1022,
      "end" : 1023,
      "text" : ",",
      "whiteSpace" : false
    }, {
      "id" : "s37-t2",
      "begin" : 1023,
      "end" : 1025,
      "text" : "ws",
      "whiteSpace" : false
    }, {
      "id" : "s37-t3",
      "begin" : 1025,
      "end" : 1026,
      "text" : "~",
      "whiteSpace" : false
    }, {
      "id" : "s37-t4",
      "begin" : 1026,
      "end" : 1028,
      "text" : "??",
      "whiteSpace" : false
    }, {
      "id" : "s37-t5",
      "begin" : 1028,
      "end" : 1029,
      "text" : "?",
      "whiteSpace" : false
    } ]
  }, {
    "id" : "s38",
    "begin" : 1030,
    "end" : 1067,
    "text" : "~??;V~Q~??M. 99 L, .1' [, ,x, 47??? ?",
    "tokens" : [ {
      "id" : "s38-t0",
      "begin" : 1030,
      "end" : 1031,
      "text" : "~",
      "whiteSpace" : false
    }, {
      "id" : "s38-t1",
      "begin" : 1031,
      "end" : 1033,
      "text" : "??",
      "whiteSpace" : false
    }, {
      "id" : "s38-t2",
      "begin" : 1033,
      "end" : 1034,
      "text" : ";",
      "whiteSpace" : false
    }, {
      "id" : "s38-t3",
      "begin" : 1034,
      "end" : 1035,
      "text" : "V",
      "whiteSpace" : false
    }, {
      "id" : "s38-t4",
      "begin" : 1035,
      "end" : 1036,
      "text" : "~",
      "whiteSpace" : false
    }, {
      "id" : "s38-t5",
      "begin" : 1036,
      "end" : 1037,
      "text" : "Q",
      "whiteSpace" : false
    }, {
      "id" : "s38-t6",
      "begin" : 1037,
      "end" : 1038,
      "text" : "~",
      "whiteSpace" : false
    }, {
      "id" : "s38-t7",
      "begin" : 1038,
      "end" : 1042,
      "text" : "??M.",
      "whiteSpace" : false
    }, {
      "id" : "s38-t8",
      "begin" : 1043,
      "end" : 1045,
      "text" : "99",
      "whiteSpace" : false
    }, {
      "id" : "s38-t9",
      "begin" : 1046,
      "end" : 1047,
      "text" : "L",
      "whiteSpace" : false
    }, {
      "id" : "s38-t10",
      "begin" : 1047,
      "end" : 1048,
      "text" : ",",
      "whiteSpace" : false
    }, {
      "id" : "s38-t11",
      "begin" : 1049,
      "end" : 1051,
      "text" : ".1",
      "whiteSpace" : false
    }, {
      "id" : "s38-t12",
      "begin" : 1051,
      "end" : 1052,
      "text" : "'",
      "whiteSpace" : false
    }, {
      "id" : "s38-t13",
      "begin" : 1053,
      "end" : 1054,
      "text" : "[",
      "whiteSpace" : false
    }, {
      "id" : "s38-t14",
      "begin" : 1054,
      "end" : 1055,
      "text" : ",",
      "whiteSpace" : false
    }, {
      "id" : "s38-t15",
      "begin" : 1056,
      "end" : 1057,
      "text" : ",",
      "whiteSpace" : false
    }, {
      "id" : "s38-t16",
      "begin" : 1057,
      "end" : 1058,
      "text" : "x",
      "whiteSpace" : false
    }, {
      "id" : "s38-t17",
      "begin" : 1058,
      "end" : 1059,
      "text" : ",",
      "whiteSpace" : false
    }, {
      "id" : "s38-t18",
      "begin" : 1060,
      "end" : 1062,
      "text" : "47",
      "whiteSpace" : false
    }, {
      "id" : "s38-t19",
      "begin" : 1062,
      "end" : 1064,
      "text" : "??",
      "whiteSpace" : false
    }, {
      "id" : "s38-t20",
      "begin" : 1064,
      "end" : 1065,
      "text" : "?",
      "whiteSpace" : false
    }, {
      "id" : "s38-t21",
      "begin" : 1066,
      "end" : 1067,
      "text" : "?",
      "whiteSpace" : false
    } ]
  }, {
    "id" : "s39",
    "begin" : 1067,
    "end" : 1070,
    "text" : "??.",
    "tokens" : [ {
      "id" : "s39-t0",
      "begin" : 1067,
      "end" : 1069,
      "text" : "??",
      "whiteSpace" : false
    }, {
      "id" : "s39-t1",
      "begin" : 1069,
      "end" : 1070,
      "text" : ".",
      "whiteSpace" : false
    } ]
  }, {
    "id" : "s40",
    "begin" : 1071,
    "end" : 1075,
    "text" : ":. .",
    "tokens" : [ {
      "id" : "s40-t0",
      "begin" : 1071,
      "end" : 1072,
      "text" : ":",
      "whiteSpace" : false
    }, {
      "id" : "s40-t1",
      "begin" : 1072,
      "end" : 1073,
      "text" : ".",
      "whiteSpace" : false
    }, {
      "id" : "s40-t2",
      "begin" : 1074,
      "end" : 1075,
      "text" : ".",
      "whiteSpace" : false
    } ]
  }, {
    "id" : "s41",
    "begin" : 1076,
    "end" : 1080,
    "text" : ",5 .",
    "tokens" : [ {
      "id" : "s41-t0",
      "begin" : 1076,
      "end" : 1077,
      "text" : ",",
      "whiteSpace" : false
    }, {
      "id" : "s41-t1",
      "begin" : 1077,
      "end" : 1078,
      "text" : "5",
      "whiteSpace" : false
    }, {
      "id" : "s41-t2",
      "begin" : 1079,
      "end" : 1080,
      "text" : ".",
      "whiteSpace" : false
    } ]
  }, {
    "id" : "s42",
    "begin" : 1080,
    "end" : 1088,
    "text" : "' ,, DI?",
    "tokens" : [ {
      "id" : "s42-t0",
      "begin" : 1080,
      "end" : 1081,
      "text" : "'",
      "whiteSpace" : false
    }, {
      "id" : "s42-t1",
      "begin" : 1082,
      "end" : 1083,
      "text" : ",",
      "whiteSpace" : false
    }, {
      "id" : "s42-t2",
      "begin" : 1083,
      "end" : 1084,
      "text" : ",",
      "whiteSpace" : false
    }, {
      "id" : "s42-t3",
      "begin" : 1085,
      "end" : 1087,
      "text" : "DI",
      "whiteSpace" : false
    }, {
      "id" : "s42-t4",
      "begin" : 1087,
      "end" : 1088,
      "text" : "?",
      "whiteSpace" : false
    } ]
  }, {
    "id" : "s43",
    "begin" : 1089,
    "end" : 1109,
    "text" : "L?, L. .3 t?), 1:7 ?",
    "tokens" : [ {
      "id" : "s43-t0",
      "begin" : 1089,
      "end" : 1091,
      "text" : "L?",
      "whiteSpace" : false
    }, {
      "id" : "s43-t1",
      "begin" : 1091,
      "end" : 1092,
      "text" : ",",
      "whiteSpace" : false
    }, {
      "id" : "s43-t2",
      "begin" : 1093,
      "end" : 1095,
      "text" : "L.",
      "whiteSpace" : false
    }, {
      "id" : "s43-t3",
      "begin" : 1096,
      "end" : 1098,
      "text" : ".3",
      "whiteSpace" : false
    }, {
      "id" : "s43-t4",
      "begin" : 1099,
      "end" : 1101,
      "text" : "t?",
      "whiteSpace" : false
    }, {
      "id" : "s43-t5",
      "begin" : 1101,
      "end" : 1102,
      "text" : ")",
      "whiteSpace" : false
    }, {
      "id" : "s43-t6",
      "begin" : 1102,
      "end" : 1103,
      "text" : ",",
      "whiteSpace" : false
    }, {
      "id" : "s43-t7",
      "begin" : 1104,
      "end" : 1106,
      "text" : "1:",
      "whiteSpace" : false
    }, {
      "id" : "s43-t8",
      "begin" : 1106,
      "end" : 1107,
      "text" : "7",
      "whiteSpace" : false
    }, {
      "id" : "s43-t9",
      "begin" : 1108,
      "end" : 1109,
      "text" : "?",
      "whiteSpace" : false
    } ]
  }, {
    "id" : "s44",
    "begin" : 1109,
    "end" : 1293,
    "text" : "??YY'V???TV???F'tTW H yr, \"g 1., I1, m G: a e m (r, (t' 3-???4 5;, EEBEGINNING on an iron stake in the branch, running South from the said, a calmly that State lax Is Pan $3.5m Tau, ~]",
    "tokens" : [ {
      "id" : "s44-t0",
      "begin" : 1109,
      "end" : 1113,
      "text" : "??YY",
      "whiteSpace" : false
    }, {
      "id" : "s44-t1",
      "begin" : 1113,
      "end" : 1114,
      "text" : "'",
      "whiteSpace" : false
    }, {
      "id" : "s44-t2",
      "begin" : 1114,
      "end" : 1124,
      "text" : "V???TV???F",
      "whiteSpace" : false
    }, {
      "id" : "s44-t3",
      "begin" : 1124,
      "end" : 1125,
      "text" : "'",
      "whiteSpace" : false
    }, {
      "id" : "s44-t4",
      "begin" : 1125,
      "end" : 1128,
      "text" : "tTW",
      "whiteSpace" : false
    }, {
      "id" : "s44-t5",
      "begin" : 1129,
      "end" : 1130,
      "text" : "H",
      "whiteSpace" : false
    }, {
      "id" : "s44-t6",
      "begin" : 1131,
      "end" : 1133,
      "text" : "yr",
      "whiteSpace" : false
    }, {
      "id" : "s44-t7",
      "begin" : 1133,
      "end" : 1134,
      "text" : ",",
      "whiteSpace" : false
    }, {
      "id" : "s44-t8",
      "begin" : 1135,
      "end" : 1136,
      "text" : "\"",
      "whiteSpace" : false
    }, {
      "id" : "s44-t9",
      "begin" : 1136,
      "end" : 1137,
      "text" : "g",
      "whiteSpace" : false
    }, {
      "id" : "s44-t10",
      "begin" : 1138,
      "end" : 1140,
      "text" : "1.",
      "whiteSpace" : false
    }, {
      "id" : "s44-t11",
      "begin" : 1140,
      "end" : 1141,
      "text" : ",",
      "whiteSpace" : false
    }, {
      "id" : "s44-t12",
      "begin" : 1142,
      "end" : 1144,
      "text" : "I1",
      "whiteSpace" : false
    }, {
      "id" : "s44-t13",
      "begin" : 1144,
      "end" : 1145,
      "text" : ",",
      "whiteSpace" : false
    }, {
      "id" : "s44-t14",
      "begin" : 1146,
      "end" : 1147,
      "text" : "m",
      "whiteSpace" : false
    }, {
      "id" : "s44-t15",
      "begin" : 1148,
      "end" : 1149,
      "text" : "G",
      "whiteSpace" : false
    }, {
      "id" : "s44-t16",
      "begin" : 1149,
      "end" : 1150,
      "text" : ":",
      "whiteSpace" : false
    }, {
      "id" : "s44-t17",
      "begin" : 1151,
      "end" : 1152,
      "text" : "a",
      "whiteSpace" : false
    }, {
      "id" : "s44-t18",
      "begin" : 1153,
      "end" : 1154,
      "text" : "e",
      "whiteSpace" : false
    }, {
      "id" : "s44-t19",
      "begin" : 1155,
      "end" : 1156,
      "text" : "m",
      "whiteSpace" : false
    }, {
      "id" : "s44-t20",
      "begin" : 1157,
      "end" : 1158,
      "text" : "(",
      "whiteSpace" : false
    }, {
      "id" : "s44-t21",
      "begin" : 1158,
      "end" : 1159,
      "text" : "r",
      "whiteSpace" : false
    }, {
      "id" : "s44-t22",
      "begin" : 1159,
      "end" : 1160,
      "text" : ",",
      "whiteSpace" : false
    }, {
      "id" : "s44-t23",
      "begin" : 1161,
      "end" : 1162,
      "text" : "(",
      "whiteSpace" : false
    }, {
      "id" : "s44-t24",
      "begin" : 1162,
      "end" : 1163,
      "text" : "t",
      "whiteSpace" : false
    }, {
      "id" : "s44-t25",
      "begin" : 1163,
      "end" : 1164,
      "text" : "'",
      "whiteSpace" : false
    }, {
      "id" : "s44-t26",
      "begin" : 1165,
      "end" : 1166,
      "text" : "3",
      "whiteSpace" : false
    }, {
      "id" : "s44-t27",
      "begin" : 1166,
      "end" : 1167,
      "text" : "-",
      "whiteSpace" : false
    }, {
      "id" : "s44-t28",
      "begin" : 1167,
      "end" : 1171,
      "text" : "???4",
      "whiteSpace" : false
    }, {
      "id" : "s44-t29",
      "begin" : 1172,
      "end" : 1173,
      "text" : "5",
      "whiteSpace" : false
    }, {
      "id" : "s44-t30",
      "begin" : 1173,
      "end" : 1174,
      "text" : ";",
      "whiteSpace" : false
    }, {
      "id" : "s44-t31",
      "begin" : 1174,
      "end" : 1175,
      "text" : ",",
      "whiteSpace" : false
    }, {
      "id" : "s44-t32",
      "begin" : 1176,
      "end" : 1187,
      "text" : "EEBEGINNING",
      "whiteSpace" : false
    }, {
      "id" : "s44-t33",
      "begin" : 1188,
      "end" : 1190,
      "text" : "on",
      "whiteSpace" : false
    }, {
      "id" : "s44-t34",
      "begin" : 1191,
      "end" : 1193,
      "text" : "an",
      "whiteSpace" : false
    }, {
      "id" : "s44-t35",
      "begin" : 1194,
      "end" : 1198,
      "text" : "iron",
      "whiteSpace" : false
    }, {
      "id" : "s44-t36",
      "begin" : 1199,
      "end" : 1204,
      "text" : "stake",
      "whiteSpace" : false
    }, {
      "id" : "s44-t37",
      "begin" : 1205,
      "end" : 1207,
      "text" : "in",
      "whiteSpace" : false
    }, {
      "id" : "s44-t38",
      "begin" : 1208,
      "end" : 1211,
      "text" : "the",
      "whiteSpace" : false
    }, {
      "id" : "s44-t39",
      "begin" : 1212,
      "end" : 1218,
      "text" : "branch",
      "whiteSpace" : false
    }, {
      "id" : "s44-t40",
      "begin" : 1218,
      "end" : 1219,
      "text" : ",",
      "whiteSpace" : false
    }, {
      "id" : "s44-t41",
      "begin" : 1220,
      "end" : 1227,
      "text" : "running",
      "whiteSpace" : false
    }, {
      "id" : "s44-t42",
      "begin" : 1228,
      "end" : 1233,
      "text" : "South",
      "whiteSpace" : false
    }, {
      "id" : "s44-t43",
      "begin" : 1234,
      "end" : 1238,
      "text" : "from",
      "whiteSpace" : false
    }, {
      "id" : "s44-t44",
      "begin" : 1239,
      "end" : 1242,
      "text" : "the",
      "whiteSpace" : false
    }, {
      "id" : "s44-t45",
      "begin" : 1243,
      "end" : 1247,
      "text" : "said",
      "whiteSpace" : false
    }, {
      "id" : "s44-t46",
      "begin" : 1247,
      "end" : 1248,
      "text" : ",",
      "whiteSpace" : false
    }, {
      "id" : "s44-t47",
      "begin" : 1249,
      "end" : 1250,
      "text" : "a",
      "whiteSpace" : false
    }, {
      "id" : "s44-t48",
      "begin" : 1251,
      "end" : 1257,
      "text" : "calmly",
      "whiteSpace" : false
    }, {
      "id" : "s44-t49",
      "begin" : 1258,
      "end" : 1262,
      "text" : "that",
      "whiteSpace" : false
    }, {
      "id" : "s44-t50",
      "begin" : 1263,
      "end" : 1268,
      "text" : "State",
      "whiteSpace" : false
    }, {
      "id" : "s44-t51",
      "begin" : 1269,
      "end" : 1272,
      "text" : "lax",
      "whiteSpace" : false
    }, {
      "id" : "s44-t52",
      "begin" : 1273,
      "end" : 1275,
      "text" : "Is",
      "whiteSpace" : false
    }, {
      "id" : "s44-t53",
      "begin" : 1276,
      "end" : 1279,
      "text" : "Pan",
      "whiteSpace" : false
    }, {
      "id" : "s44-t54",
      "begin" : 1280,
      "end" : 1281,
      "text" : "$",
      "whiteSpace" : false
    }, {
      "id" : "s44-t55",
      "begin" : 1281,
      "end" : 1285,
      "text" : "3.5m",
      "whiteSpace" : false
    }, {
      "id" : "s44-t56",
      "begin" : 1286,
      "end" : 1289,
      "text" : "Tau",
      "whiteSpace" : false
    }, {
      "id" : "s44-t57",
      "begin" : 1289,
      "end" : 1290,
      "text" : ",",
      "whiteSpace" : false
    }, {
      "id" : "s44-t58",
      "begin" : 1291,
      "end" : 1292,
      "text" : "~",
      "whiteSpace" : false
    }, {
      "id" : "s44-t59",
      "begin" : 1292,
      "end" : 1293,
      "text" : "]",
      "whiteSpace" : false
    } ]
  } ],
  "mentions" : [ {
    "id" : "s11-m1",
    "properties" : {
      "SIRE_MENTION_ROLE" : "WarrDeedBookNum",
      "SIRE_ENTITY_SUBTYPE" : "NONE",
      "SIRE_MENTION_TYPE" : "NONE",
      "SIRE_MENTION_CLASS" : "SPC"
    },
    "type" : "WarrDeedBookNum",
    "begin" : 684,
    "end" : 686,
    "inCoref" : false
  }, {
    "id" : "s11-m2",
    "properties" : {
      "SIRE_MENTION_ROLE" : "WarrDeedPageNum",
      "SIRE_ENTITY_SUBTYPE" : "NONE",
      "SIRE_MENTION_TYPE" : "NONE",
      "SIRE_MENTION_CLASS" : "SPC"
    },
    "type" : "WarrDeedPageNum",
    "begin" : 693,
    "end" : 700,
    "inCoref" : false
  } ],
  "relations" : [ ],
  "corefs" : [ ],
  "typeResolved" : true,
  "userResolved" : false
}