{
  "id" : "8d46da80-54dc-11e9-91aa-93fcd1ae955b-0",
  "name" : "WD42-29.txt",
  "createdDate" : 0,
  "version" : 3,
  "text" : "therein expressed- 192. My CommiSsion expires Sept, 1927. (N0 RIAL) (EAL) lam Personally vauainted and acknowledged that they executed the above instrument Mumss my hand and official seal at office in Waverly,Tenn this 29 day of June??? MNV???OF TENNESSEE) negist rs office:Waverly,*enn. June 50???1925, I ,W. R Warden, HUMHREYS COUNTY )Register df said County,do certifythat the foregoing Deed wd??? 5 Page 235. certificate attached are registered in said officein Book No 42 page 29 % they Were received June 29???1925 at 6 oclock P.N.and entered in Note Book No mks/4M Regis ter. ??? [Allie Nolan Fowlkes, W.B.Nolan, Sara Mai Handwerker,, E.G.Collier, Notary Public.]\n",
  "docLength" : 0,
  "language" : "EN",
  "status" : "SUBMITTED",
  "modifiedDate" : 1554165704827,
  "documentSet" : [ ],
  "preannotation" : [ ],
  "sentences" : [ {
    "id" : "s0",
    "begin" : 0,
    "end" : 23,
    "text" : "therein expressed- 192.",
    "tokens" : [ {
      "id" : "s0-t0",
      "begin" : 0,
      "end" : 7,
      "text" : "therein",
      "whiteSpace" : false
    }, {
      "id" : "s0-t1",
      "begin" : 8,
      "end" : 17,
      "text" : "expressed",
      "whiteSpace" : false
    }, {
      "id" : "s0-t2",
      "begin" : 17,
      "end" : 18,
      "text" : "-",
      "whiteSpace" : false
    }, {
      "id" : "s0-t3",
      "begin" : 19,
      "end" : 22,
      "text" : "192",
      "whiteSpace" : false
    }, {
      "id" : "s0-t4",
      "begin" : 22,
      "end" : 23,
      "text" : ".",
      "whiteSpace" : false
    } ]
  }, {
    "id" : "s1",
    "begin" : 24,
    "end" : 57,
    "text" : "My CommiSsion expires Sept, 1927.",
    "tokens" : [ {
      "id" : "s1-t0",
      "begin" : 24,
      "end" : 26,
      "text" : "My",
      "whiteSpace" : false
    }, {
      "id" : "s1-t1",
      "begin" : 27,
      "end" : 37,
      "text" : "CommiSsion",
      "whiteSpace" : false
    }, {
      "id" : "s1-t2",
      "begin" : 38,
      "end" : 45,
      "text" : "expires",
      "whiteSpace" : false
    }, {
      "id" : "s1-t3",
      "begin" : 46,
      "end" : 50,
      "text" : "Sept",
      "whiteSpace" : false
    }, {
      "id" : "s1-t4",
      "begin" : 50,
      "end" : 51,
      "text" : ",",
      "whiteSpace" : false
    }, {
      "id" : "s1-t5",
      "begin" : 52,
      "end" : 56,
      "text" : "1927",
      "whiteSpace" : false
    }, {
      "id" : "s1-t6",
      "begin" : 56,
      "end" : 57,
      "text" : ".",
      "whiteSpace" : false
    } ]
  }, {
    "id" : "s2",
    "begin" : 58,
    "end" : 234,
    "text" : "(N0 RIAL) (EAL) lam Personally vauainted and acknowledged that they executed the above instrument Mumss my hand and official seal at office in Waverly,Tenn this 29 day of June?",
    "tokens" : [ {
      "id" : "s2-t0",
      "begin" : 58,
      "end" : 59,
      "text" : "(",
      "whiteSpace" : false
    }, {
      "id" : "s2-t1",
      "begin" : 59,
      "end" : 61,
      "text" : "N0",
      "whiteSpace" : false
    }, {
      "id" : "s2-t2",
      "begin" : 62,
      "end" : 66,
      "text" : "RIAL",
      "whiteSpace" : false
    }, {
      "id" : "s2-t3",
      "begin" : 66,
      "end" : 67,
      "text" : ")",
      "whiteSpace" : false
    }, {
      "id" : "s2-t4",
      "begin" : 68,
      "end" : 69,
      "text" : "(",
      "whiteSpace" : false
    }, {
      "id" : "s2-t5",
      "begin" : 69,
      "end" : 72,
      "text" : "EAL",
      "whiteSpace" : false
    }, {
      "id" : "s2-t6",
      "begin" : 72,
      "end" : 73,
      "text" : ")",
      "whiteSpace" : false
    }, {
      "id" : "s2-t7",
      "begin" : 74,
      "end" : 77,
      "text" : "lam",
      "whiteSpace" : false
    }, {
      "id" : "s2-t8",
      "begin" : 78,
      "end" : 88,
      "text" : "Personally",
      "whiteSpace" : false
    }, {
      "id" : "s2-t9",
      "begin" : 89,
      "end" : 98,
      "text" : "vauainted",
      "whiteSpace" : false
    }, {
      "id" : "s2-t10",
      "begin" : 99,
      "end" : 102,
      "text" : "and",
      "whiteSpace" : false
    }, {
      "id" : "s2-t11",
      "begin" : 103,
      "end" : 115,
      "text" : "acknowledged",
      "whiteSpace" : false
    }, {
      "id" : "s2-t12",
      "begin" : 116,
      "end" : 120,
      "text" : "that",
      "whiteSpace" : false
    }, {
      "id" : "s2-t13",
      "begin" : 121,
      "end" : 125,
      "text" : "they",
      "whiteSpace" : false
    }, {
      "id" : "s2-t14",
      "begin" : 126,
      "end" : 134,
      "text" : "executed",
      "whiteSpace" : false
    }, {
      "id" : "s2-t15",
      "begin" : 135,
      "end" : 138,
      "text" : "the",
      "whiteSpace" : false
    }, {
      "id" : "s2-t16",
      "begin" : 139,
      "end" : 144,
      "text" : "above",
      "whiteSpace" : false
    }, {
      "id" : "s2-t17",
      "begin" : 145,
      "end" : 155,
      "text" : "instrument",
      "whiteSpace" : false
    }, {
      "id" : "s2-t18",
      "begin" : 156,
      "end" : 161,
      "text" : "Mumss",
      "whiteSpace" : false
    }, {
      "id" : "s2-t19",
      "begin" : 162,
      "end" : 164,
      "text" : "my",
      "whiteSpace" : false
    }, {
      "id" : "s2-t20",
      "begin" : 165,
      "end" : 169,
      "text" : "hand",
      "whiteSpace" : false
    }, {
      "id" : "s2-t21",
      "begin" : 170,
      "end" : 173,
      "text" : "and",
      "whiteSpace" : false
    }, {
      "id" : "s2-t22",
      "begin" : 174,
      "end" : 182,
      "text" : "official",
      "whiteSpace" : false
    }, {
      "id" : "s2-t23",
      "begin" : 183,
      "end" : 187,
      "text" : "seal",
      "whiteSpace" : false
    }, {
      "id" : "s2-t24",
      "begin" : 188,
      "end" : 190,
      "text" : "at",
      "whiteSpace" : false
    }, {
      "id" : "s2-t25",
      "begin" : 191,
      "end" : 197,
      "text" : "office",
      "whiteSpace" : false
    }, {
      "id" : "s2-t26",
      "begin" : 198,
      "end" : 200,
      "text" : "in",
      "whiteSpace" : false
    }, {
      "id" : "s2-t27",
      "begin" : 201,
      "end" : 208,
      "text" : "Waverly",
      "whiteSpace" : false
    }, {
      "id" : "s2-t28",
      "begin" : 208,
      "end" : 209,
      "text" : ",",
      "whiteSpace" : false
    }, {
      "id" : "s2-t29",
      "begin" : 209,
      "end" : 213,
      "text" : "Tenn",
      "whiteSpace" : false
    }, {
      "id" : "s2-t30",
      "begin" : 214,
      "end" : 218,
      "text" : "this",
      "whiteSpace" : false
    }, {
      "id" : "s2-t31",
      "begin" : 219,
      "end" : 221,
      "text" : "29",
      "whiteSpace" : false
    }, {
      "id" : "s2-t32",
      "begin" : 222,
      "end" : 225,
      "text" : "day",
      "whiteSpace" : false
    }, {
      "id" : "s2-t33",
      "begin" : 226,
      "end" : 228,
      "text" : "of",
      "whiteSpace" : false
    }, {
      "id" : "s2-t34",
      "begin" : 229,
      "end" : 233,
      "text" : "June",
      "whiteSpace" : false
    }, {
      "id" : "s2-t35",
      "begin" : 233,
      "end" : 234,
      "text" : "?",
      "whiteSpace" : false
    } ]
  }, {
    "id" : "s3",
    "begin" : 234,
    "end" : 236,
    "text" : "??",
    "tokens" : [ {
      "id" : "s3-t0",
      "begin" : 234,
      "end" : 235,
      "text" : "?",
      "whiteSpace" : false
    }, {
      "id" : "s3-t1",
      "begin" : 235,
      "end" : 236,
      "text" : "?",
      "whiteSpace" : false
    } ]
  }, {
    "id" : "s4",
    "begin" : 237,
    "end" : 287,
    "text" : "MNV???OF TENNESSEE) negist rs office:Waverly,*enn.",
    "tokens" : [ {
      "id" : "s4-t0",
      "begin" : 237,
      "end" : 245,
      "text" : "MNV???OF",
      "whiteSpace" : false
    }, {
      "id" : "s4-t1",
      "begin" : 246,
      "end" : 255,
      "text" : "TENNESSEE",
      "whiteSpace" : false
    }, {
      "id" : "s4-t2",
      "begin" : 255,
      "end" : 256,
      "text" : ")",
      "whiteSpace" : false
    }, {
      "id" : "s4-t3",
      "begin" : 257,
      "end" : 263,
      "text" : "negist",
      "whiteSpace" : false
    }, {
      "id" : "s4-t4",
      "begin" : 264,
      "end" : 266,
      "text" : "rs",
      "whiteSpace" : false
    }, {
      "id" : "s4-t5",
      "begin" : 267,
      "end" : 273,
      "text" : "office",
      "whiteSpace" : false
    }, {
      "id" : "s4-t6",
      "begin" : 273,
      "end" : 274,
      "text" : ":",
      "whiteSpace" : false
    }, {
      "id" : "s4-t7",
      "begin" : 274,
      "end" : 281,
      "text" : "Waverly",
      "whiteSpace" : false
    }, {
      "id" : "s4-t8",
      "begin" : 281,
      "end" : 282,
      "text" : ",",
      "whiteSpace" : false
    }, {
      "id" : "s4-t9",
      "begin" : 282,
      "end" : 283,
      "text" : "*",
      "whiteSpace" : false
    }, {
      "id" : "s4-t10",
      "begin" : 283,
      "end" : 286,
      "text" : "enn",
      "whiteSpace" : false
    }, {
      "id" : "s4-t11",
      "begin" : 286,
      "end" : 287,
      "text" : ".",
      "whiteSpace" : false
    } ]
  }, {
    "id" : "s5",
    "begin" : 288,
    "end" : 398,
    "text" : "June 50???1925, I ,W. R Warden, HUMHREYS COUNTY )Register df said County,do certifythat the foregoing Deed wd?",
    "tokens" : [ {
      "id" : "s5-t0",
      "begin" : 288,
      "end" : 292,
      "text" : "June",
      "whiteSpace" : false
    }, {
      "id" : "s5-t1",
      "begin" : 293,
      "end" : 302,
      "text" : "50???1925",
      "whiteSpace" : false
    }, {
      "id" : "s5-t2",
      "begin" : 302,
      "end" : 303,
      "text" : ",",
      "whiteSpace" : false
    }, {
      "id" : "s5-t3",
      "begin" : 304,
      "end" : 305,
      "text" : "I",
      "whiteSpace" : false
    }, {
      "id" : "s5-t4",
      "begin" : 306,
      "end" : 307,
      "text" : ",",
      "whiteSpace" : false
    }, {
      "id" : "s5-t5",
      "begin" : 307,
      "end" : 309,
      "text" : "W.",
      "whiteSpace" : false
    }, {
      "id" : "s5-t6",
      "begin" : 310,
      "end" : 311,
      "text" : "R",
      "whiteSpace" : false
    }, {
      "id" : "s5-t7",
      "begin" : 312,
      "end" : 318,
      "text" : "Warden",
      "whiteSpace" : false
    }, {
      "id" : "s5-t8",
      "begin" : 318,
      "end" : 319,
      "text" : ",",
      "whiteSpace" : false
    }, {
      "id" : "s5-t9",
      "begin" : 320,
      "end" : 328,
      "text" : "HUMHREYS",
      "whiteSpace" : false
    }, {
      "id" : "s5-t10",
      "begin" : 329,
      "end" : 335,
      "text" : "COUNTY",
      "whiteSpace" : false
    }, {
      "id" : "s5-t11",
      "begin" : 336,
      "end" : 337,
      "text" : ")",
      "whiteSpace" : false
    }, {
      "id" : "s5-t12",
      "begin" : 337,
      "end" : 345,
      "text" : "Register",
      "whiteSpace" : false
    }, {
      "id" : "s5-t13",
      "begin" : 346,
      "end" : 348,
      "text" : "df",
      "whiteSpace" : false
    }, {
      "id" : "s5-t14",
      "begin" : 349,
      "end" : 353,
      "text" : "said",
      "whiteSpace" : false
    }, {
      "id" : "s5-t15",
      "begin" : 354,
      "end" : 360,
      "text" : "County",
      "whiteSpace" : false
    }, {
      "id" : "s5-t16",
      "begin" : 360,
      "end" : 361,
      "text" : ",",
      "whiteSpace" : false
    }, {
      "id" : "s5-t17",
      "begin" : 361,
      "end" : 363,
      "text" : "do",
      "whiteSpace" : false
    }, {
      "id" : "s5-t18",
      "begin" : 364,
      "end" : 375,
      "text" : "certifythat",
      "whiteSpace" : false
    }, {
      "id" : "s5-t19",
      "begin" : 376,
      "end" : 379,
      "text" : "the",
      "whiteSpace" : false
    }, {
      "id" : "s5-t20",
      "begin" : 380,
      "end" : 389,
      "text" : "foregoing",
      "whiteSpace" : false
    }, {
      "id" : "s5-t21",
      "begin" : 390,
      "end" : 394,
      "text" : "Deed",
      "whiteSpace" : false
    }, {
      "id" : "s5-t22",
      "begin" : 395,
      "end" : 397,
      "text" : "wd",
      "whiteSpace" : false
    }, {
      "id" : "s5-t23",
      "begin" : 397,
      "end" : 398,
      "text" : "?",
      "whiteSpace" : false
    } ]
  }, {
    "id" : "s6",
    "begin" : 398,
    "end" : 400,
    "text" : "??",
    "tokens" : [ {
      "id" : "s6-t0",
      "begin" : 398,
      "end" : 399,
      "text" : "?",
      "whiteSpace" : false
    }, {
      "id" : "s6-t1",
      "begin" : 399,
      "end" : 400,
      "text" : "?",
      "whiteSpace" : false
    } ]
  }, {
    "id" : "s7",
    "begin" : 401,
    "end" : 412,
    "text" : "5 Page 235.",
    "tokens" : [ {
      "id" : "s7-t0",
      "begin" : 401,
      "end" : 402,
      "text" : "5",
      "whiteSpace" : false
    }, {
      "id" : "s7-t1",
      "begin" : 403,
      "end" : 407,
      "text" : "Page",
      "whiteSpace" : false
    }, {
      "id" : "s7-t2",
      "begin" : 408,
      "end" : 411,
      "text" : "235",
      "whiteSpace" : false
    }, {
      "id" : "s7-t3",
      "begin" : 411,
      "end" : 412,
      "text" : ".",
      "whiteSpace" : false
    } ]
  }, {
    "id" : "s8",
    "begin" : 413,
    "end" : 584,
    "text" : "certificate attached are registered in said officein Book No 42 page 29 % they Were received June 29???1925 at 6 oclock P.N.and entered in Note Book No mks/4M Regis ter. ?",
    "tokens" : [ {
      "id" : "s8-t0",
      "begin" : 413,
      "end" : 424,
      "text" : "certificate",
      "whiteSpace" : false
    }, {
      "id" : "s8-t1",
      "begin" : 425,
      "end" : 433,
      "text" : "attached",
      "whiteSpace" : false
    }, {
      "id" : "s8-t2",
      "begin" : 434,
      "end" : 437,
      "text" : "are",
      "whiteSpace" : false
    }, {
      "id" : "s8-t3",
      "begin" : 438,
      "end" : 448,
      "text" : "registered",
      "whiteSpace" : false
    }, {
      "id" : "s8-t4",
      "begin" : 449,
      "end" : 451,
      "text" : "in",
      "whiteSpace" : false
    }, {
      "id" : "s8-t5",
      "begin" : 452,
      "end" : 456,
      "text" : "said",
      "whiteSpace" : false
    }, {
      "id" : "s8-t6",
      "begin" : 457,
      "end" : 465,
      "text" : "officein",
      "whiteSpace" : false
    }, {
      "id" : "s8-t7",
      "begin" : 466,
      "end" : 470,
      "text" : "Book",
      "whiteSpace" : false
    }, {
      "id" : "s8-t8",
      "begin" : 471,
      "end" : 473,
      "text" : "No",
      "whiteSpace" : false
    }, {
      "id" : "s8-t9",
      "begin" : 474,
      "end" : 476,
      "text" : "42",
      "whiteSpace" : false
    }, {
      "id" : "s8-t10",
      "begin" : 477,
      "end" : 481,
      "text" : "page",
      "whiteSpace" : false
    }, {
      "id" : "s8-t11",
      "begin" : 482,
      "end" : 484,
      "text" : "29",
      "whiteSpace" : false
    }, {
      "id" : "s8-t12",
      "begin" : 485,
      "end" : 486,
      "text" : "%",
      "whiteSpace" : false
    }, {
      "id" : "s8-t13",
      "begin" : 487,
      "end" : 491,
      "text" : "they",
      "whiteSpace" : false
    }, {
      "id" : "s8-t14",
      "begin" : 492,
      "end" : 496,
      "text" : "Were",
      "whiteSpace" : false
    }, {
      "id" : "s8-t15",
      "begin" : 497,
      "end" : 505,
      "text" : "received",
      "whiteSpace" : false
    }, {
      "id" : "s8-t16",
      "begin" : 506,
      "end" : 510,
      "text" : "June",
      "whiteSpace" : false
    }, {
      "id" : "s8-t17",
      "begin" : 511,
      "end" : 520,
      "text" : "29???1925",
      "whiteSpace" : false
    }, {
      "id" : "s8-t18",
      "begin" : 521,
      "end" : 523,
      "text" : "at",
      "whiteSpace" : false
    }, {
      "id" : "s8-t19",
      "begin" : 524,
      "end" : 525,
      "text" : "6",
      "whiteSpace" : false
    }, {
      "id" : "s8-t20",
      "begin" : 526,
      "end" : 532,
      "text" : "oclock",
      "whiteSpace" : false
    }, {
      "id" : "s8-t21",
      "begin" : 533,
      "end" : 540,
      "text" : "P.N.and",
      "whiteSpace" : false
    }, {
      "id" : "s8-t22",
      "begin" : 541,
      "end" : 548,
      "text" : "entered",
      "whiteSpace" : false
    }, {
      "id" : "s8-t23",
      "begin" : 549,
      "end" : 551,
      "text" : "in",
      "whiteSpace" : false
    }, {
      "id" : "s8-t24",
      "begin" : 552,
      "end" : 556,
      "text" : "Note",
      "whiteSpace" : false
    }, {
      "id" : "s8-t25",
      "begin" : 557,
      "end" : 561,
      "text" : "Book",
      "whiteSpace" : false
    }, {
      "id" : "s8-t26",
      "begin" : 562,
      "end" : 564,
      "text" : "No",
      "whiteSpace" : false
    }, {
      "id" : "s8-t27",
      "begin" : 565,
      "end" : 568,
      "text" : "mks",
      "whiteSpace" : false
    }, {
      "id" : "s8-t28",
      "begin" : 568,
      "end" : 569,
      "text" : "/",
      "whiteSpace" : false
    }, {
      "id" : "s8-t29",
      "begin" : 569,
      "end" : 571,
      "text" : "4M",
      "whiteSpace" : false
    }, {
      "id" : "s8-t30",
      "begin" : 572,
      "end" : 577,
      "text" : "Regis",
      "whiteSpace" : false
    }, {
      "id" : "s8-t31",
      "begin" : 578,
      "end" : 581,
      "text" : "ter",
      "whiteSpace" : false
    }, {
      "id" : "s8-t32",
      "begin" : 581,
      "end" : 582,
      "text" : ".",
      "whiteSpace" : false
    }, {
      "id" : "s8-t33",
      "begin" : 583,
      "end" : 584,
      "text" : "?",
      "whiteSpace" : false
    } ]
  }, {
    "id" : "s9",
    "begin" : 584,
    "end" : 586,
    "text" : "??",
    "tokens" : [ {
      "id" : "s9-t0",
      "begin" : 584,
      "end" : 585,
      "text" : "?",
      "whiteSpace" : false
    }, {
      "id" : "s9-t1",
      "begin" : 585,
      "end" : 586,
      "text" : "?",
      "whiteSpace" : false
    } ]
  }, {
    "id" : "s10",
    "begin" : 587,
    "end" : 670,
    "text" : "[Allie Nolan Fowlkes, W.B.Nolan, Sara Mai Handwerker,, E.G.Collier, Notary Public.]",
    "tokens" : [ {
      "id" : "s10-t0",
      "begin" : 587,
      "end" : 588,
      "text" : "[",
      "whiteSpace" : false
    }, {
      "id" : "s10-t1",
      "begin" : 588,
      "end" : 593,
      "text" : "Allie",
      "whiteSpace" : false
    }, {
      "id" : "s10-t2",
      "begin" : 594,
      "end" : 599,
      "text" : "Nolan",
      "whiteSpace" : false
    }, {
      "id" : "s10-t3",
      "begin" : 600,
      "end" : 607,
      "text" : "Fowlkes",
      "whiteSpace" : false
    }, {
      "id" : "s10-t4",
      "begin" : 607,
      "end" : 608,
      "text" : ",",
      "whiteSpace" : false
    }, {
      "id" : "s10-t5",
      "begin" : 609,
      "end" : 618,
      "text" : "W.B.Nolan",
      "whiteSpace" : false
    }, {
      "id" : "s10-t6",
      "begin" : 618,
      "end" : 619,
      "text" : ",",
      "whiteSpace" : false
    }, {
      "id" : "s10-t7",
      "begin" : 620,
      "end" : 624,
      "text" : "Sara",
      "whiteSpace" : false
    }, {
      "id" : "s10-t8",
      "begin" : 625,
      "end" : 628,
      "text" : "Mai",
      "whiteSpace" : false
    }, {
      "id" : "s10-t9",
      "begin" : 629,
      "end" : 639,
      "text" : "Handwerker",
      "whiteSpace" : false
    }, {
      "id" : "s10-t10",
      "begin" : 639,
      "end" : 640,
      "text" : ",",
      "whiteSpace" : false
    }, {
      "id" : "s10-t11",
      "begin" : 640,
      "end" : 641,
      "text" : ",",
      "whiteSpace" : false
    }, {
      "id" : "s10-t12",
      "begin" : 642,
      "end" : 653,
      "text" : "E.G.Collier",
      "whiteSpace" : false
    }, {
      "id" : "s10-t13",
      "begin" : 653,
      "end" : 654,
      "text" : ",",
      "whiteSpace" : false
    }, {
      "id" : "s10-t14",
      "begin" : 655,
      "end" : 661,
      "text" : "Notary",
      "whiteSpace" : false
    }, {
      "id" : "s10-t15",
      "begin" : 662,
      "end" : 668,
      "text" : "Public",
      "whiteSpace" : false
    }, {
      "id" : "s10-t16",
      "begin" : 668,
      "end" : 669,
      "text" : ".",
      "whiteSpace" : false
    }, {
      "id" : "s10-t17",
      "begin" : 669,
      "end" : 670,
      "text" : "]",
      "whiteSpace" : false
    } ]
  } ],
  "mentions" : [ ],
  "relations" : [ ],
  "corefs" : [ ],
  "typeResolved" : true,
  "userResolved" : false
}