{
  "id" : "8d46da80-54dc-11e9-91aa-93fcd1ae955b-5",
  "name" : "WD164-20.txt",
  "createdDate" : 0,
  "version" : 3,
  "text" : "thence North 1 deg. West 105 feet to a stake; thence East 283 feet to a stake; thence South 3% deg. West 105 feet to a stake, the same being the NEC of Lot No. 58; thence West, portion of Lot No. 59 of Cedar Hill Subdivision, a plat of which is of record in Plat Book 2, page 84, Register's Office of Humphreys County, Tennessee., Lying and being situated in the City of Waverly, in the Second Civil District of said County and State and more fully described as follows: BEGINNING on a stake in the east margin of Cedar Hill Drive, the same being the NWC of the Emmert lot, running thence with-said Drive North 1 deg. West 30 feet to a stake; thence North 11 deg. West 35 feet to a stake, the same being the SEC of Lot No. 60; thence East 288 feet to a stake, the same being the SEC of Lot No. 60; thence South 3% deg. West 65 feet to a stake, the same being Emmert's NEC; thence West with Emmert???s NBL, 283 feet to the point of beginning, and being the northern portion of Lot No. 59 of Cedar Hill Subdivision, a plat of which is of record in Plat Book 2, page 84, Register's Office of Humphreys County, Tennessee., The above tracts are being conveyed subject to certain restrictions and protective covenants for Cedar??? Hill Subdivision,, Register???s Office of Humphreys County, Tennessee., BEING a portion of the same property conveyed to J. Doyle Dillingham (now deceased), and J. L. Bradley, Jr. by deed of record in Deed Book 141, page 725, Register???s Office of Humphreys County, Tennessee., TO HAVE AND TO HOLD the said tracts or parcels of land, with, of the Estate of J. Doyle Dillingham NATIONSBANK OF TENNESSEE, N.A., By Mom ???. M??? Thomas K. Allen, Co-Executor of the Estate of J. Doyle Dillingham 9% ma ???t L'. 'B???radlgy, 12?. ) ) ), Witness my hand and official seal at Waverly, Tennessee, this, P335]\n",
  "docLength" : 0,
  "language" : "EN",
  "status" : "SUBMITTED",
  "modifiedDate" : 1554165765546,
  "documentSet" : [ ],
  "preannotation" : [ ],
  "sentences" : [ {
    "id" : "s0",
    "begin" : 0,
    "end" : 19,
    "text" : "thence North 1 deg.",
    "tokens" : [ {
      "id" : "s0-t0",
      "begin" : 0,
      "end" : 6,
      "text" : "thence",
      "whiteSpace" : false
    }, {
      "id" : "s0-t1",
      "begin" : 7,
      "end" : 12,
      "text" : "North",
      "whiteSpace" : false
    }, {
      "id" : "s0-t2",
      "begin" : 13,
      "end" : 14,
      "text" : "1",
      "whiteSpace" : false
    }, {
      "id" : "s0-t3",
      "begin" : 15,
      "end" : 18,
      "text" : "deg",
      "whiteSpace" : false
    }, {
      "id" : "s0-t4",
      "begin" : 18,
      "end" : 19,
      "text" : ".",
      "whiteSpace" : false
    } ]
  }, {
    "id" : "s1",
    "begin" : 20,
    "end" : 99,
    "text" : "West 105 feet to a stake; thence East 283 feet to a stake; thence South 3% deg.",
    "tokens" : [ {
      "id" : "s1-t0",
      "begin" : 20,
      "end" : 24,
      "text" : "West",
      "whiteSpace" : false
    }, {
      "id" : "s1-t1",
      "begin" : 25,
      "end" : 28,
      "text" : "105",
      "whiteSpace" : false
    }, {
      "id" : "s1-t2",
      "begin" : 29,
      "end" : 33,
      "text" : "feet",
      "whiteSpace" : false
    }, {
      "id" : "s1-t3",
      "begin" : 34,
      "end" : 36,
      "text" : "to",
      "whiteSpace" : false
    }, {
      "id" : "s1-t4",
      "begin" : 37,
      "end" : 38,
      "text" : "a",
      "whiteSpace" : false
    }, {
      "id" : "s1-t5",
      "begin" : 39,
      "end" : 44,
      "text" : "stake",
      "whiteSpace" : false
    }, {
      "id" : "s1-t6",
      "begin" : 44,
      "end" : 45,
      "text" : ";",
      "whiteSpace" : false
    }, {
      "id" : "s1-t7",
      "begin" : 46,
      "end" : 52,
      "text" : "thence",
      "whiteSpace" : false
    }, {
      "id" : "s1-t8",
      "begin" : 53,
      "end" : 57,
      "text" : "East",
      "whiteSpace" : false
    }, {
      "id" : "s1-t9",
      "begin" : 58,
      "end" : 61,
      "text" : "283",
      "whiteSpace" : false
    }, {
      "id" : "s1-t10",
      "begin" : 62,
      "end" : 66,
      "text" : "feet",
      "whiteSpace" : false
    }, {
      "id" : "s1-t11",
      "begin" : 67,
      "end" : 69,
      "text" : "to",
      "whiteSpace" : false
    }, {
      "id" : "s1-t12",
      "begin" : 70,
      "end" : 71,
      "text" : "a",
      "whiteSpace" : false
    }, {
      "id" : "s1-t13",
      "begin" : 72,
      "end" : 77,
      "text" : "stake",
      "whiteSpace" : false
    }, {
      "id" : "s1-t14",
      "begin" : 77,
      "end" : 78,
      "text" : ";",
      "whiteSpace" : false
    }, {
      "id" : "s1-t15",
      "begin" : 79,
      "end" : 85,
      "text" : "thence",
      "whiteSpace" : false
    }, {
      "id" : "s1-t16",
      "begin" : 86,
      "end" : 91,
      "text" : "South",
      "whiteSpace" : false
    }, {
      "id" : "s1-t17",
      "begin" : 92,
      "end" : 93,
      "text" : "3",
      "whiteSpace" : false
    }, {
      "id" : "s1-t18",
      "begin" : 93,
      "end" : 94,
      "text" : "%",
      "whiteSpace" : false
    }, {
      "id" : "s1-t19",
      "begin" : 95,
      "end" : 98,
      "text" : "deg",
      "whiteSpace" : false
    }, {
      "id" : "s1-t20",
      "begin" : 98,
      "end" : 99,
      "text" : ".",
      "whiteSpace" : false
    } ]
  }, {
    "id" : "s2",
    "begin" : 100,
    "end" : 617,
    "text" : "West 105 feet to a stake, the same being the NEC of Lot No. 58; thence West, portion of Lot No. 59 of Cedar Hill Subdivision, a plat of which is of record in Plat Book 2, page 84, Register's Office of Humphreys County, Tennessee., Lying and being situated in the City of Waverly, in the Second Civil District of said County and State and more fully described as follows: BEGINNING on a stake in the east margin of Cedar Hill Drive, the same being the NWC of the Emmert lot, running thence with-said Drive North 1 deg.",
    "tokens" : [ {
      "id" : "s2-t0",
      "begin" : 100,
      "end" : 104,
      "text" : "West",
      "whiteSpace" : false
    }, {
      "id" : "s2-t1",
      "begin" : 105,
      "end" : 108,
      "text" : "105",
      "whiteSpace" : false
    }, {
      "id" : "s2-t2",
      "begin" : 109,
      "end" : 113,
      "text" : "feet",
      "whiteSpace" : false
    }, {
      "id" : "s2-t3",
      "begin" : 114,
      "end" : 116,
      "text" : "to",
      "whiteSpace" : false
    }, {
      "id" : "s2-t4",
      "begin" : 117,
      "end" : 118,
      "text" : "a",
      "whiteSpace" : false
    }, {
      "id" : "s2-t5",
      "begin" : 119,
      "end" : 124,
      "text" : "stake",
      "whiteSpace" : false
    }, {
      "id" : "s2-t6",
      "begin" : 124,
      "end" : 125,
      "text" : ",",
      "whiteSpace" : false
    }, {
      "id" : "s2-t7",
      "begin" : 126,
      "end" : 129,
      "text" : "the",
      "whiteSpace" : false
    }, {
      "id" : "s2-t8",
      "begin" : 130,
      "end" : 134,
      "text" : "same",
      "whiteSpace" : false
    }, {
      "id" : "s2-t9",
      "begin" : 135,
      "end" : 140,
      "text" : "being",
      "whiteSpace" : false
    }, {
      "id" : "s2-t10",
      "begin" : 141,
      "end" : 144,
      "text" : "the",
      "whiteSpace" : false
    }, {
      "id" : "s2-t11",
      "begin" : 145,
      "end" : 148,
      "text" : "NEC",
      "whiteSpace" : false
    }, {
      "id" : "s2-t12",
      "begin" : 149,
      "end" : 151,
      "text" : "of",
      "whiteSpace" : false
    }, {
      "id" : "s2-t13",
      "begin" : 152,
      "end" : 155,
      "text" : "Lot",
      "whiteSpace" : false
    }, {
      "id" : "s2-t14",
      "begin" : 156,
      "end" : 159,
      "text" : "No.",
      "whiteSpace" : false
    }, {
      "id" : "s2-t15",
      "begin" : 160,
      "end" : 162,
      "text" : "58",
      "whiteSpace" : false
    }, {
      "id" : "s2-t16",
      "begin" : 162,
      "end" : 163,
      "text" : ";",
      "whiteSpace" : false
    }, {
      "id" : "s2-t17",
      "begin" : 164,
      "end" : 170,
      "text" : "thence",
      "whiteSpace" : false
    }, {
      "id" : "s2-t18",
      "begin" : 171,
      "end" : 175,
      "text" : "West",
      "whiteSpace" : false
    }, {
      "id" : "s2-t19",
      "begin" : 175,
      "end" : 176,
      "text" : ",",
      "whiteSpace" : false
    }, {
      "id" : "s2-t20",
      "begin" : 177,
      "end" : 184,
      "text" : "portion",
      "whiteSpace" : false
    }, {
      "id" : "s2-t21",
      "begin" : 185,
      "end" : 187,
      "text" : "of",
      "whiteSpace" : false
    }, {
      "id" : "s2-t22",
      "begin" : 188,
      "end" : 191,
      "text" : "Lot",
      "whiteSpace" : false
    }, {
      "id" : "s2-t23",
      "begin" : 192,
      "end" : 195,
      "text" : "No.",
      "whiteSpace" : false
    }, {
      "id" : "s2-t24",
      "begin" : 196,
      "end" : 198,
      "text" : "59",
      "whiteSpace" : false
    }, {
      "id" : "s2-t25",
      "begin" : 199,
      "end" : 201,
      "text" : "of",
      "whiteSpace" : false
    }, {
      "id" : "s2-t26",
      "begin" : 202,
      "end" : 207,
      "text" : "Cedar",
      "whiteSpace" : false
    }, {
      "id" : "s2-t27",
      "begin" : 208,
      "end" : 212,
      "text" : "Hill",
      "whiteSpace" : false
    }, {
      "id" : "s2-t28",
      "begin" : 213,
      "end" : 224,
      "text" : "Subdivision",
      "whiteSpace" : false
    }, {
      "id" : "s2-t29",
      "begin" : 224,
      "end" : 225,
      "text" : ",",
      "whiteSpace" : false
    }, {
      "id" : "s2-t30",
      "begin" : 226,
      "end" : 227,
      "text" : "a",
      "whiteSpace" : false
    }, {
      "id" : "s2-t31",
      "begin" : 228,
      "end" : 232,
      "text" : "plat",
      "whiteSpace" : false
    }, {
      "id" : "s2-t32",
      "begin" : 233,
      "end" : 235,
      "text" : "of",
      "whiteSpace" : false
    }, {
      "id" : "s2-t33",
      "begin" : 236,
      "end" : 241,
      "text" : "which",
      "whiteSpace" : false
    }, {
      "id" : "s2-t34",
      "begin" : 242,
      "end" : 244,
      "text" : "is",
      "whiteSpace" : false
    }, {
      "id" : "s2-t35",
      "begin" : 245,
      "end" : 247,
      "text" : "of",
      "whiteSpace" : false
    }, {
      "id" : "s2-t36",
      "begin" : 248,
      "end" : 254,
      "text" : "record",
      "whiteSpace" : false
    }, {
      "id" : "s2-t37",
      "begin" : 255,
      "end" : 257,
      "text" : "in",
      "whiteSpace" : false
    }, {
      "id" : "s2-t38",
      "begin" : 258,
      "end" : 262,
      "text" : "Plat",
      "whiteSpace" : false
    }, {
      "id" : "s2-t39",
      "begin" : 263,
      "end" : 267,
      "text" : "Book",
      "whiteSpace" : false
    }, {
      "id" : "s2-t40",
      "begin" : 268,
      "end" : 269,
      "text" : "2",
      "whiteSpace" : false
    }, {
      "id" : "s2-t41",
      "begin" : 269,
      "end" : 270,
      "text" : ",",
      "whiteSpace" : false
    }, {
      "id" : "s2-t42",
      "begin" : 271,
      "end" : 275,
      "text" : "page",
      "whiteSpace" : false
    }, {
      "id" : "s2-t43",
      "begin" : 276,
      "end" : 278,
      "text" : "84",
      "whiteSpace" : false
    }, {
      "id" : "s2-t44",
      "begin" : 278,
      "end" : 279,
      "text" : ",",
      "whiteSpace" : false
    }, {
      "id" : "s2-t45",
      "begin" : 280,
      "end" : 288,
      "text" : "Register",
      "whiteSpace" : false
    }, {
      "id" : "s2-t46",
      "begin" : 288,
      "end" : 290,
      "text" : "'s",
      "whiteSpace" : false
    }, {
      "id" : "s2-t47",
      "begin" : 291,
      "end" : 297,
      "text" : "Office",
      "whiteSpace" : false
    }, {
      "id" : "s2-t48",
      "begin" : 298,
      "end" : 300,
      "text" : "of",
      "whiteSpace" : false
    }, {
      "id" : "s2-t49",
      "begin" : 301,
      "end" : 310,
      "text" : "Humphreys",
      "whiteSpace" : false
    }, {
      "id" : "s2-t50",
      "begin" : 311,
      "end" : 317,
      "text" : "County",
      "whiteSpace" : false
    }, {
      "id" : "s2-t51",
      "begin" : 317,
      "end" : 318,
      "text" : ",",
      "whiteSpace" : false
    }, {
      "id" : "s2-t52",
      "begin" : 319,
      "end" : 329,
      "text" : "Tennessee.",
      "whiteSpace" : false
    }, {
      "id" : "s2-t53",
      "begin" : 329,
      "end" : 330,
      "text" : ",",
      "whiteSpace" : false
    }, {
      "id" : "s2-t54",
      "begin" : 331,
      "end" : 336,
      "text" : "Lying",
      "whiteSpace" : false
    }, {
      "id" : "s2-t55",
      "begin" : 337,
      "end" : 340,
      "text" : "and",
      "whiteSpace" : false
    }, {
      "id" : "s2-t56",
      "begin" : 341,
      "end" : 346,
      "text" : "being",
      "whiteSpace" : false
    }, {
      "id" : "s2-t57",
      "begin" : 347,
      "end" : 355,
      "text" : "situated",
      "whiteSpace" : false
    }, {
      "id" : "s2-t58",
      "begin" : 356,
      "end" : 358,
      "text" : "in",
      "whiteSpace" : false
    }, {
      "id" : "s2-t59",
      "begin" : 359,
      "end" : 362,
      "text" : "the",
      "whiteSpace" : false
    }, {
      "id" : "s2-t60",
      "begin" : 363,
      "end" : 367,
      "text" : "City",
      "whiteSpace" : false
    }, {
      "id" : "s2-t61",
      "begin" : 368,
      "end" : 370,
      "text" : "of",
      "whiteSpace" : false
    }, {
      "id" : "s2-t62",
      "begin" : 371,
      "end" : 378,
      "text" : "Waverly",
      "whiteSpace" : false
    }, {
      "id" : "s2-t63",
      "begin" : 378,
      "end" : 379,
      "text" : ",",
      "whiteSpace" : false
    }, {
      "id" : "s2-t64",
      "begin" : 380,
      "end" : 382,
      "text" : "in",
      "whiteSpace" : false
    }, {
      "id" : "s2-t65",
      "begin" : 383,
      "end" : 386,
      "text" : "the",
      "whiteSpace" : false
    }, {
      "id" : "s2-t66",
      "begin" : 387,
      "end" : 393,
      "text" : "Second",
      "whiteSpace" : false
    }, {
      "id" : "s2-t67",
      "begin" : 394,
      "end" : 399,
      "text" : "Civil",
      "whiteSpace" : false
    }, {
      "id" : "s2-t68",
      "begin" : 400,
      "end" : 408,
      "text" : "District",
      "whiteSpace" : false
    }, {
      "id" : "s2-t69",
      "begin" : 409,
      "end" : 411,
      "text" : "of",
      "whiteSpace" : false
    }, {
      "id" : "s2-t70",
      "begin" : 412,
      "end" : 416,
      "text" : "said",
      "whiteSpace" : false
    }, {
      "id" : "s2-t71",
      "begin" : 417,
      "end" : 423,
      "text" : "County",
      "whiteSpace" : false
    }, {
      "id" : "s2-t72",
      "begin" : 424,
      "end" : 427,
      "text" : "and",
      "whiteSpace" : false
    }, {
      "id" : "s2-t73",
      "begin" : 428,
      "end" : 433,
      "text" : "State",
      "whiteSpace" : false
    }, {
      "id" : "s2-t74",
      "begin" : 434,
      "end" : 437,
      "text" : "and",
      "whiteSpace" : false
    }, {
      "id" : "s2-t75",
      "begin" : 438,
      "end" : 442,
      "text" : "more",
      "whiteSpace" : false
    }, {
      "id" : "s2-t76",
      "begin" : 443,
      "end" : 448,
      "text" : "fully",
      "whiteSpace" : false
    }, {
      "id" : "s2-t77",
      "begin" : 449,
      "end" : 458,
      "text" : "described",
      "whiteSpace" : false
    }, {
      "id" : "s2-t78",
      "begin" : 459,
      "end" : 461,
      "text" : "as",
      "whiteSpace" : false
    }, {
      "id" : "s2-t79",
      "begin" : 462,
      "end" : 469,
      "text" : "follows",
      "whiteSpace" : false
    }, {
      "id" : "s2-t80",
      "begin" : 469,
      "end" : 470,
      "text" : ":",
      "whiteSpace" : false
    }, {
      "id" : "s2-t81",
      "begin" : 471,
      "end" : 480,
      "text" : "BEGINNING",
      "whiteSpace" : false
    }, {
      "id" : "s2-t82",
      "begin" : 481,
      "end" : 483,
      "text" : "on",
      "whiteSpace" : false
    }, {
      "id" : "s2-t83",
      "begin" : 484,
      "end" : 485,
      "text" : "a",
      "whiteSpace" : false
    }, {
      "id" : "s2-t84",
      "begin" : 486,
      "end" : 491,
      "text" : "stake",
      "whiteSpace" : false
    }, {
      "id" : "s2-t85",
      "begin" : 492,
      "end" : 494,
      "text" : "in",
      "whiteSpace" : false
    }, {
      "id" : "s2-t86",
      "begin" : 495,
      "end" : 498,
      "text" : "the",
      "whiteSpace" : false
    }, {
      "id" : "s2-t87",
      "begin" : 499,
      "end" : 503,
      "text" : "east",
      "whiteSpace" : false
    }, {
      "id" : "s2-t88",
      "begin" : 504,
      "end" : 510,
      "text" : "margin",
      "whiteSpace" : false
    }, {
      "id" : "s2-t89",
      "begin" : 511,
      "end" : 513,
      "text" : "of",
      "whiteSpace" : false
    }, {
      "id" : "s2-t90",
      "begin" : 514,
      "end" : 519,
      "text" : "Cedar",
      "whiteSpace" : false
    }, {
      "id" : "s2-t91",
      "begin" : 520,
      "end" : 524,
      "text" : "Hill",
      "whiteSpace" : false
    }, {
      "id" : "s2-t92",
      "begin" : 525,
      "end" : 530,
      "text" : "Drive",
      "whiteSpace" : false
    }, {
      "id" : "s2-t93",
      "begin" : 530,
      "end" : 531,
      "text" : ",",
      "whiteSpace" : false
    }, {
      "id" : "s2-t94",
      "begin" : 532,
      "end" : 535,
      "text" : "the",
      "whiteSpace" : false
    }, {
      "id" : "s2-t95",
      "begin" : 536,
      "end" : 540,
      "text" : "same",
      "whiteSpace" : false
    }, {
      "id" : "s2-t96",
      "begin" : 541,
      "end" : 546,
      "text" : "being",
      "whiteSpace" : false
    }, {
      "id" : "s2-t97",
      "begin" : 547,
      "end" : 550,
      "text" : "the",
      "whiteSpace" : false
    }, {
      "id" : "s2-t98",
      "begin" : 551,
      "end" : 554,
      "text" : "NWC",
      "whiteSpace" : false
    }, {
      "id" : "s2-t99",
      "begin" : 555,
      "end" : 557,
      "text" : "of",
      "whiteSpace" : false
    }, {
      "id" : "s2-t100",
      "begin" : 558,
      "end" : 561,
      "text" : "the",
      "whiteSpace" : false
    }, {
      "id" : "s2-t101",
      "begin" : 562,
      "end" : 568,
      "text" : "Emmert",
      "whiteSpace" : false
    }, {
      "id" : "s2-t102",
      "begin" : 569,
      "end" : 572,
      "text" : "lot",
      "whiteSpace" : false
    }, {
      "id" : "s2-t103",
      "begin" : 572,
      "end" : 573,
      "text" : ",",
      "whiteSpace" : false
    }, {
      "id" : "s2-t104",
      "begin" : 574,
      "end" : 581,
      "text" : "running",
      "whiteSpace" : false
    }, {
      "id" : "s2-t105",
      "begin" : 582,
      "end" : 588,
      "text" : "thence",
      "whiteSpace" : false
    }, {
      "id" : "s2-t106",
      "begin" : 589,
      "end" : 593,
      "text" : "with",
      "whiteSpace" : false
    }, {
      "id" : "s2-t107",
      "begin" : 593,
      "end" : 594,
      "text" : "-",
      "whiteSpace" : false
    }, {
      "id" : "s2-t108",
      "begin" : 594,
      "end" : 598,
      "text" : "said",
      "whiteSpace" : false
    }, {
      "id" : "s2-t109",
      "begin" : 599,
      "end" : 604,
      "text" : "Drive",
      "whiteSpace" : false
    }, {
      "id" : "s2-t110",
      "begin" : 605,
      "end" : 610,
      "text" : "North",
      "whiteSpace" : false
    }, {
      "id" : "s2-t111",
      "begin" : 611,
      "end" : 612,
      "text" : "1",
      "whiteSpace" : false
    }, {
      "id" : "s2-t112",
      "begin" : 613,
      "end" : 616,
      "text" : "deg",
      "whiteSpace" : false
    }, {
      "id" : "s2-t113",
      "begin" : 616,
      "end" : 617,
      "text" : ".",
      "whiteSpace" : false
    } ]
  }, {
    "id" : "s3",
    "begin" : 618,
    "end" : 663,
    "text" : "West 30 feet to a stake; thence North 11 deg.",
    "tokens" : [ {
      "id" : "s3-t0",
      "begin" : 618,
      "end" : 622,
      "text" : "West",
      "whiteSpace" : false
    }, {
      "id" : "s3-t1",
      "begin" : 623,
      "end" : 625,
      "text" : "30",
      "whiteSpace" : false
    }, {
      "id" : "s3-t2",
      "begin" : 626,
      "end" : 630,
      "text" : "feet",
      "whiteSpace" : false
    }, {
      "id" : "s3-t3",
      "begin" : 631,
      "end" : 633,
      "text" : "to",
      "whiteSpace" : false
    }, {
      "id" : "s3-t4",
      "begin" : 634,
      "end" : 635,
      "text" : "a",
      "whiteSpace" : false
    }, {
      "id" : "s3-t5",
      "begin" : 636,
      "end" : 641,
      "text" : "stake",
      "whiteSpace" : false
    }, {
      "id" : "s3-t6",
      "begin" : 641,
      "end" : 642,
      "text" : ";",
      "whiteSpace" : false
    }, {
      "id" : "s3-t7",
      "begin" : 643,
      "end" : 649,
      "text" : "thence",
      "whiteSpace" : false
    }, {
      "id" : "s3-t8",
      "begin" : 650,
      "end" : 655,
      "text" : "North",
      "whiteSpace" : false
    }, {
      "id" : "s3-t9",
      "begin" : 656,
      "end" : 658,
      "text" : "11",
      "whiteSpace" : false
    }, {
      "id" : "s3-t10",
      "begin" : 659,
      "end" : 662,
      "text" : "deg",
      "whiteSpace" : false
    }, {
      "id" : "s3-t11",
      "begin" : 662,
      "end" : 663,
      "text" : ".",
      "whiteSpace" : false
    } ]
  }, {
    "id" : "s4",
    "begin" : 664,
    "end" : 818,
    "text" : "West 35 feet to a stake, the same being the SEC of Lot No. 60; thence East 288 feet to a stake, the same being the SEC of Lot No. 60; thence South 3% deg.",
    "tokens" : [ {
      "id" : "s4-t0",
      "begin" : 664,
      "end" : 668,
      "text" : "West",
      "whiteSpace" : false
    }, {
      "id" : "s4-t1",
      "begin" : 669,
      "end" : 671,
      "text" : "35",
      "whiteSpace" : false
    }, {
      "id" : "s4-t2",
      "begin" : 672,
      "end" : 676,
      "text" : "feet",
      "whiteSpace" : false
    }, {
      "id" : "s4-t3",
      "begin" : 677,
      "end" : 679,
      "text" : "to",
      "whiteSpace" : false
    }, {
      "id" : "s4-t4",
      "begin" : 680,
      "end" : 681,
      "text" : "a",
      "whiteSpace" : false
    }, {
      "id" : "s4-t5",
      "begin" : 682,
      "end" : 687,
      "text" : "stake",
      "whiteSpace" : false
    }, {
      "id" : "s4-t6",
      "begin" : 687,
      "end" : 688,
      "text" : ",",
      "whiteSpace" : false
    }, {
      "id" : "s4-t7",
      "begin" : 689,
      "end" : 692,
      "text" : "the",
      "whiteSpace" : false
    }, {
      "id" : "s4-t8",
      "begin" : 693,
      "end" : 697,
      "text" : "same",
      "whiteSpace" : false
    }, {
      "id" : "s4-t9",
      "begin" : 698,
      "end" : 703,
      "text" : "being",
      "whiteSpace" : false
    }, {
      "id" : "s4-t10",
      "begin" : 704,
      "end" : 707,
      "text" : "the",
      "whiteSpace" : false
    }, {
      "id" : "s4-t11",
      "begin" : 708,
      "end" : 711,
      "text" : "SEC",
      "whiteSpace" : false
    }, {
      "id" : "s4-t12",
      "begin" : 712,
      "end" : 714,
      "text" : "of",
      "whiteSpace" : false
    }, {
      "id" : "s4-t13",
      "begin" : 715,
      "end" : 718,
      "text" : "Lot",
      "whiteSpace" : false
    }, {
      "id" : "s4-t14",
      "begin" : 719,
      "end" : 722,
      "text" : "No.",
      "whiteSpace" : false
    }, {
      "id" : "s4-t15",
      "begin" : 723,
      "end" : 725,
      "text" : "60",
      "whiteSpace" : false
    }, {
      "id" : "s4-t16",
      "begin" : 725,
      "end" : 726,
      "text" : ";",
      "whiteSpace" : false
    }, {
      "id" : "s4-t17",
      "begin" : 727,
      "end" : 733,
      "text" : "thence",
      "whiteSpace" : false
    }, {
      "id" : "s4-t18",
      "begin" : 734,
      "end" : 738,
      "text" : "East",
      "whiteSpace" : false
    }, {
      "id" : "s4-t19",
      "begin" : 739,
      "end" : 742,
      "text" : "288",
      "whiteSpace" : false
    }, {
      "id" : "s4-t20",
      "begin" : 743,
      "end" : 747,
      "text" : "feet",
      "whiteSpace" : false
    }, {
      "id" : "s4-t21",
      "begin" : 748,
      "end" : 750,
      "text" : "to",
      "whiteSpace" : false
    }, {
      "id" : "s4-t22",
      "begin" : 751,
      "end" : 752,
      "text" : "a",
      "whiteSpace" : false
    }, {
      "id" : "s4-t23",
      "begin" : 753,
      "end" : 758,
      "text" : "stake",
      "whiteSpace" : false
    }, {
      "id" : "s4-t24",
      "begin" : 758,
      "end" : 759,
      "text" : ",",
      "whiteSpace" : false
    }, {
      "id" : "s4-t25",
      "begin" : 760,
      "end" : 763,
      "text" : "the",
      "whiteSpace" : false
    }, {
      "id" : "s4-t26",
      "begin" : 764,
      "end" : 768,
      "text" : "same",
      "whiteSpace" : false
    }, {
      "id" : "s4-t27",
      "begin" : 769,
      "end" : 774,
      "text" : "being",
      "whiteSpace" : false
    }, {
      "id" : "s4-t28",
      "begin" : 775,
      "end" : 778,
      "text" : "the",
      "whiteSpace" : false
    }, {
      "id" : "s4-t29",
      "begin" : 779,
      "end" : 782,
      "text" : "SEC",
      "whiteSpace" : false
    }, {
      "id" : "s4-t30",
      "begin" : 783,
      "end" : 785,
      "text" : "of",
      "whiteSpace" : false
    }, {
      "id" : "s4-t31",
      "begin" : 786,
      "end" : 789,
      "text" : "Lot",
      "whiteSpace" : false
    }, {
      "id" : "s4-t32",
      "begin" : 790,
      "end" : 793,
      "text" : "No.",
      "whiteSpace" : false
    }, {
      "id" : "s4-t33",
      "begin" : 794,
      "end" : 796,
      "text" : "60",
      "whiteSpace" : false
    }, {
      "id" : "s4-t34",
      "begin" : 796,
      "end" : 797,
      "text" : ";",
      "whiteSpace" : false
    }, {
      "id" : "s4-t35",
      "begin" : 798,
      "end" : 804,
      "text" : "thence",
      "whiteSpace" : false
    }, {
      "id" : "s4-t36",
      "begin" : 805,
      "end" : 810,
      "text" : "South",
      "whiteSpace" : false
    }, {
      "id" : "s4-t37",
      "begin" : 811,
      "end" : 812,
      "text" : "3",
      "whiteSpace" : false
    }, {
      "id" : "s4-t38",
      "begin" : 812,
      "end" : 813,
      "text" : "%",
      "whiteSpace" : false
    }, {
      "id" : "s4-t39",
      "begin" : 814,
      "end" : 817,
      "text" : "deg",
      "whiteSpace" : false
    }, {
      "id" : "s4-t40",
      "begin" : 817,
      "end" : 818,
      "text" : ".",
      "whiteSpace" : false
    } ]
  }, {
    "id" : "s5",
    "begin" : 819,
    "end" : 897,
    "text" : "West 65 feet to a stake, the same being Emmert's NEC; thence West with Emmert?",
    "tokens" : [ {
      "id" : "s5-t0",
      "begin" : 819,
      "end" : 823,
      "text" : "West",
      "whiteSpace" : false
    }, {
      "id" : "s5-t1",
      "begin" : 824,
      "end" : 826,
      "text" : "65",
      "whiteSpace" : false
    }, {
      "id" : "s5-t2",
      "begin" : 827,
      "end" : 831,
      "text" : "feet",
      "whiteSpace" : false
    }, {
      "id" : "s5-t3",
      "begin" : 832,
      "end" : 834,
      "text" : "to",
      "whiteSpace" : false
    }, {
      "id" : "s5-t4",
      "begin" : 835,
      "end" : 836,
      "text" : "a",
      "whiteSpace" : false
    }, {
      "id" : "s5-t5",
      "begin" : 837,
      "end" : 842,
      "text" : "stake",
      "whiteSpace" : false
    }, {
      "id" : "s5-t6",
      "begin" : 842,
      "end" : 843,
      "text" : ",",
      "whiteSpace" : false
    }, {
      "id" : "s5-t7",
      "begin" : 844,
      "end" : 847,
      "text" : "the",
      "whiteSpace" : false
    }, {
      "id" : "s5-t8",
      "begin" : 848,
      "end" : 852,
      "text" : "same",
      "whiteSpace" : false
    }, {
      "id" : "s5-t9",
      "begin" : 853,
      "end" : 858,
      "text" : "being",
      "whiteSpace" : false
    }, {
      "id" : "s5-t10",
      "begin" : 859,
      "end" : 865,
      "text" : "Emmert",
      "whiteSpace" : false
    }, {
      "id" : "s5-t11",
      "begin" : 865,
      "end" : 867,
      "text" : "'s",
      "whiteSpace" : false
    }, {
      "id" : "s5-t12",
      "begin" : 868,
      "end" : 871,
      "text" : "NEC",
      "whiteSpace" : false
    }, {
      "id" : "s5-t13",
      "begin" : 871,
      "end" : 872,
      "text" : ";",
      "whiteSpace" : false
    }, {
      "id" : "s5-t14",
      "begin" : 873,
      "end" : 879,
      "text" : "thence",
      "whiteSpace" : false
    }, {
      "id" : "s5-t15",
      "begin" : 880,
      "end" : 884,
      "text" : "West",
      "whiteSpace" : false
    }, {
      "id" : "s5-t16",
      "begin" : 885,
      "end" : 889,
      "text" : "with",
      "whiteSpace" : false
    }, {
      "id" : "s5-t17",
      "begin" : 890,
      "end" : 896,
      "text" : "Emmert",
      "whiteSpace" : false
    }, {
      "id" : "s5-t18",
      "begin" : 896,
      "end" : 897,
      "text" : "?",
      "whiteSpace" : false
    } ]
  }, {
    "id" : "s6",
    "begin" : 897,
    "end" : 1222,
    "text" : "??s NBL, 283 feet to the point of beginning, and being the northern portion of Lot No. 59 of Cedar Hill Subdivision, a plat of which is of record in Plat Book 2, page 84, Register's Office of Humphreys County, Tennessee., The above tracts are being conveyed subject to certain restrictions and protective covenants for Cedar?",
    "tokens" : [ {
      "id" : "s6-t0",
      "begin" : 897,
      "end" : 900,
      "text" : "??s",
      "whiteSpace" : false
    }, {
      "id" : "s6-t1",
      "begin" : 901,
      "end" : 904,
      "text" : "NBL",
      "whiteSpace" : false
    }, {
      "id" : "s6-t2",
      "begin" : 904,
      "end" : 905,
      "text" : ",",
      "whiteSpace" : false
    }, {
      "id" : "s6-t3",
      "begin" : 906,
      "end" : 909,
      "text" : "283",
      "whiteSpace" : false
    }, {
      "id" : "s6-t4",
      "begin" : 910,
      "end" : 914,
      "text" : "feet",
      "whiteSpace" : false
    }, {
      "id" : "s6-t5",
      "begin" : 915,
      "end" : 917,
      "text" : "to",
      "whiteSpace" : false
    }, {
      "id" : "s6-t6",
      "begin" : 918,
      "end" : 921,
      "text" : "the",
      "whiteSpace" : false
    }, {
      "id" : "s6-t7",
      "begin" : 922,
      "end" : 927,
      "text" : "point",
      "whiteSpace" : false
    }, {
      "id" : "s6-t8",
      "begin" : 928,
      "end" : 930,
      "text" : "of",
      "whiteSpace" : false
    }, {
      "id" : "s6-t9",
      "begin" : 931,
      "end" : 940,
      "text" : "beginning",
      "whiteSpace" : false
    }, {
      "id" : "s6-t10",
      "begin" : 940,
      "end" : 941,
      "text" : ",",
      "whiteSpace" : false
    }, {
      "id" : "s6-t11",
      "begin" : 942,
      "end" : 945,
      "text" : "and",
      "whiteSpace" : false
    }, {
      "id" : "s6-t12",
      "begin" : 946,
      "end" : 951,
      "text" : "being",
      "whiteSpace" : false
    }, {
      "id" : "s6-t13",
      "begin" : 952,
      "end" : 955,
      "text" : "the",
      "whiteSpace" : false
    }, {
      "id" : "s6-t14",
      "begin" : 956,
      "end" : 964,
      "text" : "northern",
      "whiteSpace" : false
    }, {
      "id" : "s6-t15",
      "begin" : 965,
      "end" : 972,
      "text" : "portion",
      "whiteSpace" : false
    }, {
      "id" : "s6-t16",
      "begin" : 973,
      "end" : 975,
      "text" : "of",
      "whiteSpace" : false
    }, {
      "id" : "s6-t17",
      "begin" : 976,
      "end" : 979,
      "text" : "Lot",
      "whiteSpace" : false
    }, {
      "id" : "s6-t18",
      "begin" : 980,
      "end" : 983,
      "text" : "No.",
      "whiteSpace" : false
    }, {
      "id" : "s6-t19",
      "begin" : 984,
      "end" : 986,
      "text" : "59",
      "whiteSpace" : false
    }, {
      "id" : "s6-t20",
      "begin" : 987,
      "end" : 989,
      "text" : "of",
      "whiteSpace" : false
    }, {
      "id" : "s6-t21",
      "begin" : 990,
      "end" : 995,
      "text" : "Cedar",
      "whiteSpace" : false
    }, {
      "id" : "s6-t22",
      "begin" : 996,
      "end" : 1000,
      "text" : "Hill",
      "whiteSpace" : false
    }, {
      "id" : "s6-t23",
      "begin" : 1001,
      "end" : 1012,
      "text" : "Subdivision",
      "whiteSpace" : false
    }, {
      "id" : "s6-t24",
      "begin" : 1012,
      "end" : 1013,
      "text" : ",",
      "whiteSpace" : false
    }, {
      "id" : "s6-t25",
      "begin" : 1014,
      "end" : 1015,
      "text" : "a",
      "whiteSpace" : false
    }, {
      "id" : "s6-t26",
      "begin" : 1016,
      "end" : 1020,
      "text" : "plat",
      "whiteSpace" : false
    }, {
      "id" : "s6-t27",
      "begin" : 1021,
      "end" : 1023,
      "text" : "of",
      "whiteSpace" : false
    }, {
      "id" : "s6-t28",
      "begin" : 1024,
      "end" : 1029,
      "text" : "which",
      "whiteSpace" : false
    }, {
      "id" : "s6-t29",
      "begin" : 1030,
      "end" : 1032,
      "text" : "is",
      "whiteSpace" : false
    }, {
      "id" : "s6-t30",
      "begin" : 1033,
      "end" : 1035,
      "text" : "of",
      "whiteSpace" : false
    }, {
      "id" : "s6-t31",
      "begin" : 1036,
      "end" : 1042,
      "text" : "record",
      "whiteSpace" : false
    }, {
      "id" : "s6-t32",
      "begin" : 1043,
      "end" : 1045,
      "text" : "in",
      "whiteSpace" : false
    }, {
      "id" : "s6-t33",
      "begin" : 1046,
      "end" : 1050,
      "text" : "Plat",
      "whiteSpace" : false
    }, {
      "id" : "s6-t34",
      "begin" : 1051,
      "end" : 1055,
      "text" : "Book",
      "whiteSpace" : false
    }, {
      "id" : "s6-t35",
      "begin" : 1056,
      "end" : 1057,
      "text" : "2",
      "whiteSpace" : false
    }, {
      "id" : "s6-t36",
      "begin" : 1057,
      "end" : 1058,
      "text" : ",",
      "whiteSpace" : false
    }, {
      "id" : "s6-t37",
      "begin" : 1059,
      "end" : 1063,
      "text" : "page",
      "whiteSpace" : false
    }, {
      "id" : "s6-t38",
      "begin" : 1064,
      "end" : 1066,
      "text" : "84",
      "whiteSpace" : false
    }, {
      "id" : "s6-t39",
      "begin" : 1066,
      "end" : 1067,
      "text" : ",",
      "whiteSpace" : false
    }, {
      "id" : "s6-t40",
      "begin" : 1068,
      "end" : 1076,
      "text" : "Register",
      "whiteSpace" : false
    }, {
      "id" : "s6-t41",
      "begin" : 1076,
      "end" : 1078,
      "text" : "'s",
      "whiteSpace" : false
    }, {
      "id" : "s6-t42",
      "begin" : 1079,
      "end" : 1085,
      "text" : "Office",
      "whiteSpace" : false
    }, {
      "id" : "s6-t43",
      "begin" : 1086,
      "end" : 1088,
      "text" : "of",
      "whiteSpace" : false
    }, {
      "id" : "s6-t44",
      "begin" : 1089,
      "end" : 1098,
      "text" : "Humphreys",
      "whiteSpace" : false
    }, {
      "id" : "s6-t45",
      "begin" : 1099,
      "end" : 1105,
      "text" : "County",
      "whiteSpace" : false
    }, {
      "id" : "s6-t46",
      "begin" : 1105,
      "end" : 1106,
      "text" : ",",
      "whiteSpace" : false
    }, {
      "id" : "s6-t47",
      "begin" : 1107,
      "end" : 1117,
      "text" : "Tennessee.",
      "whiteSpace" : false
    }, {
      "id" : "s6-t48",
      "begin" : 1117,
      "end" : 1118,
      "text" : ",",
      "whiteSpace" : false
    }, {
      "id" : "s6-t49",
      "begin" : 1119,
      "end" : 1122,
      "text" : "The",
      "whiteSpace" : false
    }, {
      "id" : "s6-t50",
      "begin" : 1123,
      "end" : 1128,
      "text" : "above",
      "whiteSpace" : false
    }, {
      "id" : "s6-t51",
      "begin" : 1129,
      "end" : 1135,
      "text" : "tracts",
      "whiteSpace" : false
    }, {
      "id" : "s6-t52",
      "begin" : 1136,
      "end" : 1139,
      "text" : "are",
      "whiteSpace" : false
    }, {
      "id" : "s6-t53",
      "begin" : 1140,
      "end" : 1145,
      "text" : "being",
      "whiteSpace" : false
    }, {
      "id" : "s6-t54",
      "begin" : 1146,
      "end" : 1154,
      "text" : "conveyed",
      "whiteSpace" : false
    }, {
      "id" : "s6-t55",
      "begin" : 1155,
      "end" : 1162,
      "text" : "subject",
      "whiteSpace" : false
    }, {
      "id" : "s6-t56",
      "begin" : 1163,
      "end" : 1165,
      "text" : "to",
      "whiteSpace" : false
    }, {
      "id" : "s6-t57",
      "begin" : 1166,
      "end" : 1173,
      "text" : "certain",
      "whiteSpace" : false
    }, {
      "id" : "s6-t58",
      "begin" : 1174,
      "end" : 1186,
      "text" : "restrictions",
      "whiteSpace" : false
    }, {
      "id" : "s6-t59",
      "begin" : 1187,
      "end" : 1190,
      "text" : "and",
      "whiteSpace" : false
    }, {
      "id" : "s6-t60",
      "begin" : 1191,
      "end" : 1201,
      "text" : "protective",
      "whiteSpace" : false
    }, {
      "id" : "s6-t61",
      "begin" : 1202,
      "end" : 1211,
      "text" : "covenants",
      "whiteSpace" : false
    }, {
      "id" : "s6-t62",
      "begin" : 1212,
      "end" : 1215,
      "text" : "for",
      "whiteSpace" : false
    }, {
      "id" : "s6-t63",
      "begin" : 1216,
      "end" : 1221,
      "text" : "Cedar",
      "whiteSpace" : false
    }, {
      "id" : "s6-t64",
      "begin" : 1221,
      "end" : 1222,
      "text" : "?",
      "whiteSpace" : false
    } ]
  }, {
    "id" : "s7",
    "begin" : 1222,
    "end" : 1224,
    "text" : "??",
    "tokens" : [ {
      "id" : "s7-t0",
      "begin" : 1222,
      "end" : 1223,
      "text" : "?",
      "whiteSpace" : false
    }, {
      "id" : "s7-t1",
      "begin" : 1223,
      "end" : 1224,
      "text" : "?",
      "whiteSpace" : false
    } ]
  }, {
    "id" : "s8",
    "begin" : 1225,
    "end" : 1253,
    "text" : "Hill Subdivision,, Register?",
    "tokens" : [ {
      "id" : "s8-t0",
      "begin" : 1225,
      "end" : 1229,
      "text" : "Hill",
      "whiteSpace" : false
    }, {
      "id" : "s8-t1",
      "begin" : 1230,
      "end" : 1241,
      "text" : "Subdivision",
      "whiteSpace" : false
    }, {
      "id" : "s8-t2",
      "begin" : 1241,
      "end" : 1242,
      "text" : ",",
      "whiteSpace" : false
    }, {
      "id" : "s8-t3",
      "begin" : 1242,
      "end" : 1243,
      "text" : ",",
      "whiteSpace" : false
    }, {
      "id" : "s8-t4",
      "begin" : 1244,
      "end" : 1252,
      "text" : "Register",
      "whiteSpace" : false
    }, {
      "id" : "s8-t5",
      "begin" : 1252,
      "end" : 1253,
      "text" : "?",
      "whiteSpace" : false
    } ]
  }, {
    "id" : "s9",
    "begin" : 1253,
    "end" : 1460,
    "text" : "??s Office of Humphreys County, Tennessee., BEING a portion of the same property conveyed to J. Doyle Dillingham (now deceased), and J. L. Bradley, Jr. by deed of record in Deed Book 141, page 725, Register?",
    "tokens" : [ {
      "id" : "s9-t0",
      "begin" : 1253,
      "end" : 1256,
      "text" : "??s",
      "whiteSpace" : false
    }, {
      "id" : "s9-t1",
      "begin" : 1257,
      "end" : 1263,
      "text" : "Office",
      "whiteSpace" : false
    }, {
      "id" : "s9-t2",
      "begin" : 1264,
      "end" : 1266,
      "text" : "of",
      "whiteSpace" : false
    }, {
      "id" : "s9-t3",
      "begin" : 1267,
      "end" : 1276,
      "text" : "Humphreys",
      "whiteSpace" : false
    }, {
      "id" : "s9-t4",
      "begin" : 1277,
      "end" : 1283,
      "text" : "County",
      "whiteSpace" : false
    }, {
      "id" : "s9-t5",
      "begin" : 1283,
      "end" : 1284,
      "text" : ",",
      "whiteSpace" : false
    }, {
      "id" : "s9-t6",
      "begin" : 1285,
      "end" : 1295,
      "text" : "Tennessee.",
      "whiteSpace" : false
    }, {
      "id" : "s9-t7",
      "begin" : 1295,
      "end" : 1296,
      "text" : ",",
      "whiteSpace" : false
    }, {
      "id" : "s9-t8",
      "begin" : 1297,
      "end" : 1302,
      "text" : "BEING",
      "whiteSpace" : false
    }, {
      "id" : "s9-t9",
      "begin" : 1303,
      "end" : 1304,
      "text" : "a",
      "whiteSpace" : false
    }, {
      "id" : "s9-t10",
      "begin" : 1305,
      "end" : 1312,
      "text" : "portion",
      "whiteSpace" : false
    }, {
      "id" : "s9-t11",
      "begin" : 1313,
      "end" : 1315,
      "text" : "of",
      "whiteSpace" : false
    }, {
      "id" : "s9-t12",
      "begin" : 1316,
      "end" : 1319,
      "text" : "the",
      "whiteSpace" : false
    }, {
      "id" : "s9-t13",
      "begin" : 1320,
      "end" : 1324,
      "text" : "same",
      "whiteSpace" : false
    }, {
      "id" : "s9-t14",
      "begin" : 1325,
      "end" : 1333,
      "text" : "property",
      "whiteSpace" : false
    }, {
      "id" : "s9-t15",
      "begin" : 1334,
      "end" : 1342,
      "text" : "conveyed",
      "whiteSpace" : false
    }, {
      "id" : "s9-t16",
      "begin" : 1343,
      "end" : 1345,
      "text" : "to",
      "whiteSpace" : false
    }, {
      "id" : "s9-t17",
      "begin" : 1346,
      "end" : 1348,
      "text" : "J.",
      "whiteSpace" : false
    }, {
      "id" : "s9-t18",
      "begin" : 1349,
      "end" : 1354,
      "text" : "Doyle",
      "whiteSpace" : false
    }, {
      "id" : "s9-t19",
      "begin" : 1355,
      "end" : 1365,
      "text" : "Dillingham",
      "whiteSpace" : false
    }, {
      "id" : "s9-t20",
      "begin" : 1366,
      "end" : 1367,
      "text" : "(",
      "whiteSpace" : false
    }, {
      "id" : "s9-t21",
      "begin" : 1367,
      "end" : 1370,
      "text" : "now",
      "whiteSpace" : false
    }, {
      "id" : "s9-t22",
      "begin" : 1371,
      "end" : 1379,
      "text" : "deceased",
      "whiteSpace" : false
    }, {
      "id" : "s9-t23",
      "begin" : 1379,
      "end" : 1380,
      "text" : ")",
      "whiteSpace" : false
    }, {
      "id" : "s9-t24",
      "begin" : 1380,
      "end" : 1381,
      "text" : ",",
      "whiteSpace" : false
    }, {
      "id" : "s9-t25",
      "begin" : 1382,
      "end" : 1385,
      "text" : "and",
      "whiteSpace" : false
    }, {
      "id" : "s9-t26",
      "begin" : 1386,
      "end" : 1388,
      "text" : "J.",
      "whiteSpace" : false
    }, {
      "id" : "s9-t27",
      "begin" : 1389,
      "end" : 1391,
      "text" : "L.",
      "whiteSpace" : false
    }, {
      "id" : "s9-t28",
      "begin" : 1392,
      "end" : 1399,
      "text" : "Bradley",
      "whiteSpace" : false
    }, {
      "id" : "s9-t29",
      "begin" : 1399,
      "end" : 1400,
      "text" : ",",
      "whiteSpace" : false
    }, {
      "id" : "s9-t30",
      "begin" : 1401,
      "end" : 1404,
      "text" : "Jr.",
      "whiteSpace" : false
    }, {
      "id" : "s9-t31",
      "begin" : 1405,
      "end" : 1407,
      "text" : "by",
      "whiteSpace" : false
    }, {
      "id" : "s9-t32",
      "begin" : 1408,
      "end" : 1412,
      "text" : "deed",
      "whiteSpace" : false
    }, {
      "id" : "s9-t33",
      "begin" : 1413,
      "end" : 1415,
      "text" : "of",
      "whiteSpace" : false
    }, {
      "id" : "s9-t34",
      "begin" : 1416,
      "end" : 1422,
      "text" : "record",
      "whiteSpace" : false
    }, {
      "id" : "s9-t35",
      "begin" : 1423,
      "end" : 1425,
      "text" : "in",
      "whiteSpace" : false
    }, {
      "id" : "s9-t36",
      "begin" : 1426,
      "end" : 1430,
      "text" : "Deed",
      "whiteSpace" : false
    }, {
      "id" : "s9-t37",
      "begin" : 1431,
      "end" : 1435,
      "text" : "Book",
      "whiteSpace" : false
    }, {
      "id" : "s9-t38",
      "begin" : 1436,
      "end" : 1439,
      "text" : "141",
      "whiteSpace" : false
    }, {
      "id" : "s9-t39",
      "begin" : 1439,
      "end" : 1440,
      "text" : ",",
      "whiteSpace" : false
    }, {
      "id" : "s9-t40",
      "begin" : 1441,
      "end" : 1445,
      "text" : "page",
      "whiteSpace" : false
    }, {
      "id" : "s9-t41",
      "begin" : 1446,
      "end" : 1449,
      "text" : "725",
      "whiteSpace" : false
    }, {
      "id" : "s9-t42",
      "begin" : 1449,
      "end" : 1450,
      "text" : ",",
      "whiteSpace" : false
    }, {
      "id" : "s9-t43",
      "begin" : 1451,
      "end" : 1459,
      "text" : "Register",
      "whiteSpace" : false
    }, {
      "id" : "s9-t44",
      "begin" : 1459,
      "end" : 1460,
      "text" : "?",
      "whiteSpace" : false
    } ]
  }, {
    "id" : "s10",
    "begin" : 1460,
    "end" : 1643,
    "text" : "??s Office of Humphreys County, Tennessee., TO HAVE AND TO HOLD the said tracts or parcels of land, with, of the Estate of J. Doyle Dillingham NATIONSBANK OF TENNESSEE, N.A., By Mom ?",
    "tokens" : [ {
      "id" : "s10-t0",
      "begin" : 1460,
      "end" : 1463,
      "text" : "??s",
      "whiteSpace" : false
    }, {
      "id" : "s10-t1",
      "begin" : 1464,
      "end" : 1470,
      "text" : "Office",
      "whiteSpace" : false
    }, {
      "id" : "s10-t2",
      "begin" : 1471,
      "end" : 1473,
      "text" : "of",
      "whiteSpace" : false
    }, {
      "id" : "s10-t3",
      "begin" : 1474,
      "end" : 1483,
      "text" : "Humphreys",
      "whiteSpace" : false
    }, {
      "id" : "s10-t4",
      "begin" : 1484,
      "end" : 1490,
      "text" : "County",
      "whiteSpace" : false
    }, {
      "id" : "s10-t5",
      "begin" : 1490,
      "end" : 1491,
      "text" : ",",
      "whiteSpace" : false
    }, {
      "id" : "s10-t6",
      "begin" : 1492,
      "end" : 1502,
      "text" : "Tennessee.",
      "whiteSpace" : false
    }, {
      "id" : "s10-t7",
      "begin" : 1502,
      "end" : 1503,
      "text" : ",",
      "whiteSpace" : false
    }, {
      "id" : "s10-t8",
      "begin" : 1504,
      "end" : 1506,
      "text" : "TO",
      "whiteSpace" : false
    }, {
      "id" : "s10-t9",
      "begin" : 1507,
      "end" : 1511,
      "text" : "HAVE",
      "whiteSpace" : false
    }, {
      "id" : "s10-t10",
      "begin" : 1512,
      "end" : 1515,
      "text" : "AND",
      "whiteSpace" : false
    }, {
      "id" : "s10-t11",
      "begin" : 1516,
      "end" : 1518,
      "text" : "TO",
      "whiteSpace" : false
    }, {
      "id" : "s10-t12",
      "begin" : 1519,
      "end" : 1523,
      "text" : "HOLD",
      "whiteSpace" : false
    }, {
      "id" : "s10-t13",
      "begin" : 1524,
      "end" : 1527,
      "text" : "the",
      "whiteSpace" : false
    }, {
      "id" : "s10-t14",
      "begin" : 1528,
      "end" : 1532,
      "text" : "said",
      "whiteSpace" : false
    }, {
      "id" : "s10-t15",
      "begin" : 1533,
      "end" : 1539,
      "text" : "tracts",
      "whiteSpace" : false
    }, {
      "id" : "s10-t16",
      "begin" : 1540,
      "end" : 1542,
      "text" : "or",
      "whiteSpace" : false
    }, {
      "id" : "s10-t17",
      "begin" : 1543,
      "end" : 1550,
      "text" : "parcels",
      "whiteSpace" : false
    }, {
      "id" : "s10-t18",
      "begin" : 1551,
      "end" : 1553,
      "text" : "of",
      "whiteSpace" : false
    }, {
      "id" : "s10-t19",
      "begin" : 1554,
      "end" : 1558,
      "text" : "land",
      "whiteSpace" : false
    }, {
      "id" : "s10-t20",
      "begin" : 1558,
      "end" : 1559,
      "text" : ",",
      "whiteSpace" : false
    }, {
      "id" : "s10-t21",
      "begin" : 1560,
      "end" : 1564,
      "text" : "with",
      "whiteSpace" : false
    }, {
      "id" : "s10-t22",
      "begin" : 1564,
      "end" : 1565,
      "text" : ",",
      "whiteSpace" : false
    }, {
      "id" : "s10-t23",
      "begin" : 1566,
      "end" : 1568,
      "text" : "of",
      "whiteSpace" : false
    }, {
      "id" : "s10-t24",
      "begin" : 1569,
      "end" : 1572,
      "text" : "the",
      "whiteSpace" : false
    }, {
      "id" : "s10-t25",
      "begin" : 1573,
      "end" : 1579,
      "text" : "Estate",
      "whiteSpace" : false
    }, {
      "id" : "s10-t26",
      "begin" : 1580,
      "end" : 1582,
      "text" : "of",
      "whiteSpace" : false
    }, {
      "id" : "s10-t27",
      "begin" : 1583,
      "end" : 1585,
      "text" : "J.",
      "whiteSpace" : false
    }, {
      "id" : "s10-t28",
      "begin" : 1586,
      "end" : 1591,
      "text" : "Doyle",
      "whiteSpace" : false
    }, {
      "id" : "s10-t29",
      "begin" : 1592,
      "end" : 1602,
      "text" : "Dillingham",
      "whiteSpace" : false
    }, {
      "id" : "s10-t30",
      "begin" : 1603,
      "end" : 1614,
      "text" : "NATIONSBANK",
      "whiteSpace" : false
    }, {
      "id" : "s10-t31",
      "begin" : 1615,
      "end" : 1617,
      "text" : "OF",
      "whiteSpace" : false
    }, {
      "id" : "s10-t32",
      "begin" : 1618,
      "end" : 1627,
      "text" : "TENNESSEE",
      "whiteSpace" : false
    }, {
      "id" : "s10-t33",
      "begin" : 1627,
      "end" : 1628,
      "text" : ",",
      "whiteSpace" : false
    }, {
      "id" : "s10-t34",
      "begin" : 1629,
      "end" : 1633,
      "text" : "N.A.",
      "whiteSpace" : false
    }, {
      "id" : "s10-t35",
      "begin" : 1633,
      "end" : 1634,
      "text" : ",",
      "whiteSpace" : false
    }, {
      "id" : "s10-t36",
      "begin" : 1635,
      "end" : 1637,
      "text" : "By",
      "whiteSpace" : false
    }, {
      "id" : "s10-t37",
      "begin" : 1638,
      "end" : 1641,
      "text" : "Mom",
      "whiteSpace" : false
    }, {
      "id" : "s10-t38",
      "begin" : 1642,
      "end" : 1643,
      "text" : "?",
      "whiteSpace" : false
    } ]
  }, {
    "id" : "s11",
    "begin" : 1643,
    "end" : 1646,
    "text" : "??.",
    "tokens" : [ {
      "id" : "s11-t0",
      "begin" : 1643,
      "end" : 1645,
      "text" : "??",
      "whiteSpace" : false
    }, {
      "id" : "s11-t1",
      "begin" : 1645,
      "end" : 1646,
      "text" : ".",
      "whiteSpace" : false
    } ]
  }, {
    "id" : "s12",
    "begin" : 1647,
    "end" : 1651,
    "text" : "M???",
    "tokens" : [ {
      "id" : "s12-t0",
      "begin" : 1647,
      "end" : 1650,
      "text" : "M??",
      "whiteSpace" : false
    }, {
      "id" : "s12-t1",
      "begin" : 1650,
      "end" : 1651,
      "text" : "?",
      "whiteSpace" : false
    } ]
  }, {
    "id" : "s13",
    "begin" : 1652,
    "end" : 1725,
    "text" : "Thomas K. Allen, Co-Executor of the Estate of J. Doyle Dillingham 9% ma ?",
    "tokens" : [ {
      "id" : "s13-t0",
      "begin" : 1652,
      "end" : 1658,
      "text" : "Thomas",
      "whiteSpace" : false
    }, {
      "id" : "s13-t1",
      "begin" : 1659,
      "end" : 1661,
      "text" : "K.",
      "whiteSpace" : false
    }, {
      "id" : "s13-t2",
      "begin" : 1662,
      "end" : 1667,
      "text" : "Allen",
      "whiteSpace" : false
    }, {
      "id" : "s13-t3",
      "begin" : 1667,
      "end" : 1668,
      "text" : ",",
      "whiteSpace" : false
    }, {
      "id" : "s13-t4",
      "begin" : 1669,
      "end" : 1671,
      "text" : "Co",
      "whiteSpace" : false
    }, {
      "id" : "s13-t5",
      "begin" : 1671,
      "end" : 1672,
      "text" : "-",
      "whiteSpace" : false
    }, {
      "id" : "s13-t6",
      "begin" : 1672,
      "end" : 1680,
      "text" : "Executor",
      "whiteSpace" : false
    }, {
      "id" : "s13-t7",
      "begin" : 1681,
      "end" : 1683,
      "text" : "of",
      "whiteSpace" : false
    }, {
      "id" : "s13-t8",
      "begin" : 1684,
      "end" : 1687,
      "text" : "the",
      "whiteSpace" : false
    }, {
      "id" : "s13-t9",
      "begin" : 1688,
      "end" : 1694,
      "text" : "Estate",
      "whiteSpace" : false
    }, {
      "id" : "s13-t10",
      "begin" : 1695,
      "end" : 1697,
      "text" : "of",
      "whiteSpace" : false
    }, {
      "id" : "s13-t11",
      "begin" : 1698,
      "end" : 1700,
      "text" : "J.",
      "whiteSpace" : false
    }, {
      "id" : "s13-t12",
      "begin" : 1701,
      "end" : 1706,
      "text" : "Doyle",
      "whiteSpace" : false
    }, {
      "id" : "s13-t13",
      "begin" : 1707,
      "end" : 1717,
      "text" : "Dillingham",
      "whiteSpace" : false
    }, {
      "id" : "s13-t14",
      "begin" : 1718,
      "end" : 1719,
      "text" : "9",
      "whiteSpace" : false
    }, {
      "id" : "s13-t15",
      "begin" : 1719,
      "end" : 1720,
      "text" : "%",
      "whiteSpace" : false
    }, {
      "id" : "s13-t16",
      "begin" : 1721,
      "end" : 1723,
      "text" : "ma",
      "whiteSpace" : false
    }, {
      "id" : "s13-t17",
      "begin" : 1724,
      "end" : 1725,
      "text" : "?",
      "whiteSpace" : false
    } ]
  }, {
    "id" : "s14",
    "begin" : 1725,
    "end" : 1732,
    "text" : "??t L'.",
    "tokens" : [ {
      "id" : "s14-t0",
      "begin" : 1725,
      "end" : 1728,
      "text" : "??t",
      "whiteSpace" : false
    }, {
      "id" : "s14-t1",
      "begin" : 1729,
      "end" : 1731,
      "text" : "L'",
      "whiteSpace" : false
    }, {
      "id" : "s14-t2",
      "begin" : 1731,
      "end" : 1732,
      "text" : ".",
      "whiteSpace" : false
    } ]
  }, {
    "id" : "s15",
    "begin" : 1733,
    "end" : 1750,
    "text" : "'B???radlgy, 12?.",
    "tokens" : [ {
      "id" : "s15-t0",
      "begin" : 1733,
      "end" : 1734,
      "text" : "'",
      "whiteSpace" : false
    }, {
      "id" : "s15-t1",
      "begin" : 1734,
      "end" : 1744,
      "text" : "B???radlgy",
      "whiteSpace" : false
    }, {
      "id" : "s15-t2",
      "begin" : 1744,
      "end" : 1745,
      "text" : ",",
      "whiteSpace" : false
    }, {
      "id" : "s15-t3",
      "begin" : 1746,
      "end" : 1748,
      "text" : "12",
      "whiteSpace" : false
    }, {
      "id" : "s15-t4",
      "begin" : 1748,
      "end" : 1749,
      "text" : "?",
      "whiteSpace" : false
    }, {
      "id" : "s15-t5",
      "begin" : 1749,
      "end" : 1750,
      "text" : ".",
      "whiteSpace" : false
    } ]
  }, {
    "id" : "s16",
    "begin" : 1751,
    "end" : 1826,
    "text" : ") ) ), Witness my hand and official seal at Waverly, Tennessee, this, P335]",
    "tokens" : [ {
      "id" : "s16-t0",
      "begin" : 1751,
      "end" : 1752,
      "text" : ")",
      "whiteSpace" : false
    }, {
      "id" : "s16-t1",
      "begin" : 1753,
      "end" : 1754,
      "text" : ")",
      "whiteSpace" : false
    }, {
      "id" : "s16-t2",
      "begin" : 1755,
      "end" : 1756,
      "text" : ")",
      "whiteSpace" : false
    }, {
      "id" : "s16-t3",
      "begin" : 1756,
      "end" : 1757,
      "text" : ",",
      "whiteSpace" : false
    }, {
      "id" : "s16-t4",
      "begin" : 1758,
      "end" : 1765,
      "text" : "Witness",
      "whiteSpace" : false
    }, {
      "id" : "s16-t5",
      "begin" : 1766,
      "end" : 1768,
      "text" : "my",
      "whiteSpace" : false
    }, {
      "id" : "s16-t6",
      "begin" : 1769,
      "end" : 1773,
      "text" : "hand",
      "whiteSpace" : false
    }, {
      "id" : "s16-t7",
      "begin" : 1774,
      "end" : 1777,
      "text" : "and",
      "whiteSpace" : false
    }, {
      "id" : "s16-t8",
      "begin" : 1778,
      "end" : 1786,
      "text" : "official",
      "whiteSpace" : false
    }, {
      "id" : "s16-t9",
      "begin" : 1787,
      "end" : 1791,
      "text" : "seal",
      "whiteSpace" : false
    }, {
      "id" : "s16-t10",
      "begin" : 1792,
      "end" : 1794,
      "text" : "at",
      "whiteSpace" : false
    }, {
      "id" : "s16-t11",
      "begin" : 1795,
      "end" : 1802,
      "text" : "Waverly",
      "whiteSpace" : false
    }, {
      "id" : "s16-t12",
      "begin" : 1802,
      "end" : 1803,
      "text" : ",",
      "whiteSpace" : false
    }, {
      "id" : "s16-t13",
      "begin" : 1804,
      "end" : 1813,
      "text" : "Tennessee",
      "whiteSpace" : false
    }, {
      "id" : "s16-t14",
      "begin" : 1813,
      "end" : 1814,
      "text" : ",",
      "whiteSpace" : false
    }, {
      "id" : "s16-t15",
      "begin" : 1815,
      "end" : 1819,
      "text" : "this",
      "whiteSpace" : false
    }, {
      "id" : "s16-t16",
      "begin" : 1819,
      "end" : 1820,
      "text" : ",",
      "whiteSpace" : false
    }, {
      "id" : "s16-t17",
      "begin" : 1821,
      "end" : 1825,
      "text" : "P335",
      "whiteSpace" : false
    }, {
      "id" : "s16-t18",
      "begin" : 1825,
      "end" : 1826,
      "text" : "]",
      "whiteSpace" : false
    } ]
  } ],
  "mentions" : [ {
    "id" : "s9-m1",
    "properties" : {
      "SIRE_MENTION_ROLE" : "WarrDeedBookNum",
      "SIRE_ENTITY_SUBTYPE" : "NONE",
      "SIRE_MENTION_TYPE" : "NONE",
      "SIRE_MENTION_CLASS" : "SPC"
    },
    "type" : "WarrDeedBookNum",
    "begin" : 1436,
    "end" : 1439,
    "inCoref" : false
  }, {
    "id" : "s9-m2",
    "properties" : {
      "SIRE_MENTION_ROLE" : "WarrDeedPageNum",
      "SIRE_ENTITY_SUBTYPE" : "NONE",
      "SIRE_MENTION_TYPE" : "NONE",
      "SIRE_MENTION_CLASS" : "SPC"
    },
    "type" : "WarrDeedPageNum",
    "begin" : 1446,
    "end" : 1449,
    "inCoref" : false
  } ],
  "relations" : [ ],
  "corefs" : [ ],
  "typeResolved" : true,
  "userResolved" : false
}