{
  "id" : "8d46da80-54dc-11e9-91aa-93fcd1ae955b-8",
  "name" : "WD165-770.txt",
  "createdDate" : 0,
  "version" : 3,
  "text" : "This description is subject to any ???ood easements of record in favor of Being a part of the same property conveyed to Raymond L. Mason, Gracie E. Lynn, Harold Mitchell, Edgar Trent Winstead, Lyndell L. Carroll, and Robert E. Caldwell, by deed of record in Deed Book 158 at page 1296 in the Register???s Of???ce of Humphreys County, Tennessee. - 12??29L T7G- 7T4 Rotebcek 25 Page 22??? State Tax 5 129.50 Clerks Fee $ 1.00 Recurdina $ 26.00: Total $ 150.50: BK 16132165 PS 774 [.,, -! , ???, ........, ???. l, Marker No. 129???44; and runs thence with the south right of way of the Turkey Creek Road, chord bearings and distances as follows: South 69 degrees 20 minutes 26 seconds East 67.82 feet; South 73 degrees 53 minutes 47 seconds East 67.25 feet; South 85 degrees 21 minutes 51 seconds East 5.49 feet to a 1/2 inch diameter re-bar pin with cap (stamped \"R18 #69 &amp; #1569 \") set on the west side of an old road or drive; thence leaving the road, runs with the west side of the old road or drive, chord bearings and distances as follows: 80th 29 degrees 46 minutes 21 seconds West 68.33 feet; South 37 degrees 20 minutes 31 seconds West 43.22 feet; South 46 degrees 17 minutes 10 seconds West 117.84 feet to a 1/2 inch diameter re-bar pin with cap (stamped \"RLS #69 &amp; #1569 \") set, one of the corners to the Winstead &amp; Carroll 1.00 acre parcel; thence runs with a new line and the east boundary to the 1.00 acre parcel, North 03 degrees 05 minutes 21 seconds West 218.46 feet to the point of beginning, containing an area by computation of 0.34 acre., the Tennessee Valley Authority and the use of the existing drive across the rear of the herein described parcel for the 1.00 acre parcel adjoining on the west, all as shown on Thomas C., White &amp; Associates Drawing No. 165-15494., Received fur record the 20 clay of HECEHBER 1?93 at 10:25 Ah. CREEK, State of Tennessee: Caunty m??? HUHPHRE/E Recorded in official recards Book H5165 Paae, Register if ???eeds SHIRLEY l FIELB Benny Register 74% j. fag/C]\n",
  "docLength" : 0,
  "language" : "EN",
  "status" : "SUBMITTED",
  "modifiedDate" : 1554165799550,
  "documentSet" : [ ],
  "preannotation" : [ ],
  "sentences" : [ {
    "id" : "s0",
    "begin" : 0,
    "end" : 36,
    "text" : "This description is subject to any ?",
    "tokens" : [ {
      "id" : "s0-t0",
      "begin" : 0,
      "end" : 4,
      "text" : "This",
      "whiteSpace" : false
    }, {
      "id" : "s0-t1",
      "begin" : 5,
      "end" : 16,
      "text" : "description",
      "whiteSpace" : false
    }, {
      "id" : "s0-t2",
      "begin" : 17,
      "end" : 19,
      "text" : "is",
      "whiteSpace" : false
    }, {
      "id" : "s0-t3",
      "begin" : 20,
      "end" : 27,
      "text" : "subject",
      "whiteSpace" : false
    }, {
      "id" : "s0-t4",
      "begin" : 28,
      "end" : 30,
      "text" : "to",
      "whiteSpace" : false
    }, {
      "id" : "s0-t5",
      "begin" : 31,
      "end" : 34,
      "text" : "any",
      "whiteSpace" : false
    }, {
      "id" : "s0-t6",
      "begin" : 35,
      "end" : 36,
      "text" : "?",
      "whiteSpace" : false
    } ]
  }, {
    "id" : "s1",
    "begin" : 36,
    "end" : 301,
    "text" : "??ood easements of record in favor of Being a part of the same property conveyed to Raymond L. Mason, Gracie E. Lynn, Harold Mitchell, Edgar Trent Winstead, Lyndell L. Carroll, and Robert E. Caldwell, by deed of record in Deed Book 158 at page 1296 in the Register?",
    "tokens" : [ {
      "id" : "s1-t0",
      "begin" : 36,
      "end" : 41,
      "text" : "??ood",
      "whiteSpace" : false
    }, {
      "id" : "s1-t1",
      "begin" : 42,
      "end" : 51,
      "text" : "easements",
      "whiteSpace" : false
    }, {
      "id" : "s1-t2",
      "begin" : 52,
      "end" : 54,
      "text" : "of",
      "whiteSpace" : false
    }, {
      "id" : "s1-t3",
      "begin" : 55,
      "end" : 61,
      "text" : "record",
      "whiteSpace" : false
    }, {
      "id" : "s1-t4",
      "begin" : 62,
      "end" : 64,
      "text" : "in",
      "whiteSpace" : false
    }, {
      "id" : "s1-t5",
      "begin" : 65,
      "end" : 70,
      "text" : "favor",
      "whiteSpace" : false
    }, {
      "id" : "s1-t6",
      "begin" : 71,
      "end" : 73,
      "text" : "of",
      "whiteSpace" : false
    }, {
      "id" : "s1-t7",
      "begin" : 74,
      "end" : 79,
      "text" : "Being",
      "whiteSpace" : false
    }, {
      "id" : "s1-t8",
      "begin" : 80,
      "end" : 81,
      "text" : "a",
      "whiteSpace" : false
    }, {
      "id" : "s1-t9",
      "begin" : 82,
      "end" : 86,
      "text" : "part",
      "whiteSpace" : false
    }, {
      "id" : "s1-t10",
      "begin" : 87,
      "end" : 89,
      "text" : "of",
      "whiteSpace" : false
    }, {
      "id" : "s1-t11",
      "begin" : 90,
      "end" : 93,
      "text" : "the",
      "whiteSpace" : false
    }, {
      "id" : "s1-t12",
      "begin" : 94,
      "end" : 98,
      "text" : "same",
      "whiteSpace" : false
    }, {
      "id" : "s1-t13",
      "begin" : 99,
      "end" : 107,
      "text" : "property",
      "whiteSpace" : false
    }, {
      "id" : "s1-t14",
      "begin" : 108,
      "end" : 116,
      "text" : "conveyed",
      "whiteSpace" : false
    }, {
      "id" : "s1-t15",
      "begin" : 117,
      "end" : 119,
      "text" : "to",
      "whiteSpace" : false
    }, {
      "id" : "s1-t16",
      "begin" : 120,
      "end" : 127,
      "text" : "Raymond",
      "whiteSpace" : false
    }, {
      "id" : "s1-t17",
      "begin" : 128,
      "end" : 130,
      "text" : "L.",
      "whiteSpace" : false
    }, {
      "id" : "s1-t18",
      "begin" : 131,
      "end" : 136,
      "text" : "Mason",
      "whiteSpace" : false
    }, {
      "id" : "s1-t19",
      "begin" : 136,
      "end" : 137,
      "text" : ",",
      "whiteSpace" : false
    }, {
      "id" : "s1-t20",
      "begin" : 138,
      "end" : 144,
      "text" : "Gracie",
      "whiteSpace" : false
    }, {
      "id" : "s1-t21",
      "begin" : 145,
      "end" : 147,
      "text" : "E.",
      "whiteSpace" : false
    }, {
      "id" : "s1-t22",
      "begin" : 148,
      "end" : 152,
      "text" : "Lynn",
      "whiteSpace" : false
    }, {
      "id" : "s1-t23",
      "begin" : 152,
      "end" : 153,
      "text" : ",",
      "whiteSpace" : false
    }, {
      "id" : "s1-t24",
      "begin" : 154,
      "end" : 160,
      "text" : "Harold",
      "whiteSpace" : false
    }, {
      "id" : "s1-t25",
      "begin" : 161,
      "end" : 169,
      "text" : "Mitchell",
      "whiteSpace" : false
    }, {
      "id" : "s1-t26",
      "begin" : 169,
      "end" : 170,
      "text" : ",",
      "whiteSpace" : false
    }, {
      "id" : "s1-t27",
      "begin" : 171,
      "end" : 176,
      "text" : "Edgar",
      "whiteSpace" : false
    }, {
      "id" : "s1-t28",
      "begin" : 177,
      "end" : 182,
      "text" : "Trent",
      "whiteSpace" : false
    }, {
      "id" : "s1-t29",
      "begin" : 183,
      "end" : 191,
      "text" : "Winstead",
      "whiteSpace" : false
    }, {
      "id" : "s1-t30",
      "begin" : 191,
      "end" : 192,
      "text" : ",",
      "whiteSpace" : false
    }, {
      "id" : "s1-t31",
      "begin" : 193,
      "end" : 200,
      "text" : "Lyndell",
      "whiteSpace" : false
    }, {
      "id" : "s1-t32",
      "begin" : 201,
      "end" : 203,
      "text" : "L.",
      "whiteSpace" : false
    }, {
      "id" : "s1-t33",
      "begin" : 204,
      "end" : 211,
      "text" : "Carroll",
      "whiteSpace" : false
    }, {
      "id" : "s1-t34",
      "begin" : 211,
      "end" : 212,
      "text" : ",",
      "whiteSpace" : false
    }, {
      "id" : "s1-t35",
      "begin" : 213,
      "end" : 216,
      "text" : "and",
      "whiteSpace" : false
    }, {
      "id" : "s1-t36",
      "begin" : 217,
      "end" : 223,
      "text" : "Robert",
      "whiteSpace" : false
    }, {
      "id" : "s1-t37",
      "begin" : 224,
      "end" : 226,
      "text" : "E.",
      "whiteSpace" : false
    }, {
      "id" : "s1-t38",
      "begin" : 227,
      "end" : 235,
      "text" : "Caldwell",
      "whiteSpace" : false
    }, {
      "id" : "s1-t39",
      "begin" : 235,
      "end" : 236,
      "text" : ",",
      "whiteSpace" : false
    }, {
      "id" : "s1-t40",
      "begin" : 237,
      "end" : 239,
      "text" : "by",
      "whiteSpace" : false
    }, {
      "id" : "s1-t41",
      "begin" : 240,
      "end" : 244,
      "text" : "deed",
      "whiteSpace" : false
    }, {
      "id" : "s1-t42",
      "begin" : 245,
      "end" : 247,
      "text" : "of",
      "whiteSpace" : false
    }, {
      "id" : "s1-t43",
      "begin" : 248,
      "end" : 254,
      "text" : "record",
      "whiteSpace" : false
    }, {
      "id" : "s1-t44",
      "begin" : 255,
      "end" : 257,
      "text" : "in",
      "whiteSpace" : false
    }, {
      "id" : "s1-t45",
      "begin" : 258,
      "end" : 262,
      "text" : "Deed",
      "whiteSpace" : false
    }, {
      "id" : "s1-t46",
      "begin" : 263,
      "end" : 267,
      "text" : "Book",
      "whiteSpace" : false
    }, {
      "id" : "s1-t47",
      "begin" : 268,
      "end" : 271,
      "text" : "158",
      "whiteSpace" : false
    }, {
      "id" : "s1-t48",
      "begin" : 272,
      "end" : 274,
      "text" : "at",
      "whiteSpace" : false
    }, {
      "id" : "s1-t49",
      "begin" : 275,
      "end" : 279,
      "text" : "page",
      "whiteSpace" : false
    }, {
      "id" : "s1-t50",
      "begin" : 280,
      "end" : 284,
      "text" : "1296",
      "whiteSpace" : false
    }, {
      "id" : "s1-t51",
      "begin" : 285,
      "end" : 287,
      "text" : "in",
      "whiteSpace" : false
    }, {
      "id" : "s1-t52",
      "begin" : 288,
      "end" : 291,
      "text" : "the",
      "whiteSpace" : false
    }, {
      "id" : "s1-t53",
      "begin" : 292,
      "end" : 300,
      "text" : "Register",
      "whiteSpace" : false
    }, {
      "id" : "s1-t54",
      "begin" : 300,
      "end" : 301,
      "text" : "?",
      "whiteSpace" : false
    } ]
  }, {
    "id" : "s2",
    "begin" : 301,
    "end" : 308,
    "text" : "??s Of?",
    "tokens" : [ {
      "id" : "s2-t0",
      "begin" : 301,
      "end" : 304,
      "text" : "??s",
      "whiteSpace" : false
    }, {
      "id" : "s2-t1",
      "begin" : 305,
      "end" : 307,
      "text" : "Of",
      "whiteSpace" : false
    }, {
      "id" : "s2-t2",
      "begin" : 307,
      "end" : 308,
      "text" : "?",
      "whiteSpace" : false
    } ]
  }, {
    "id" : "s3",
    "begin" : 308,
    "end" : 344,
    "text" : "??ce of Humphreys County, Tennessee.",
    "tokens" : [ {
      "id" : "s3-t0",
      "begin" : 308,
      "end" : 312,
      "text" : "??ce",
      "whiteSpace" : false
    }, {
      "id" : "s3-t1",
      "begin" : 313,
      "end" : 315,
      "text" : "of",
      "whiteSpace" : false
    }, {
      "id" : "s3-t2",
      "begin" : 316,
      "end" : 325,
      "text" : "Humphreys",
      "whiteSpace" : false
    }, {
      "id" : "s3-t3",
      "begin" : 326,
      "end" : 332,
      "text" : "County",
      "whiteSpace" : false
    }, {
      "id" : "s3-t4",
      "begin" : 332,
      "end" : 333,
      "text" : ",",
      "whiteSpace" : false
    }, {
      "id" : "s3-t5",
      "begin" : 334,
      "end" : 343,
      "text" : "Tennessee",
      "whiteSpace" : false
    }, {
      "id" : "s3-t6",
      "begin" : 343,
      "end" : 344,
      "text" : ".",
      "whiteSpace" : false
    } ]
  }, {
    "id" : "s4",
    "begin" : 345,
    "end" : 386,
    "text" : "- 12??29L T7G- 7T4 Rotebcek 25 Page 22???",
    "tokens" : [ {
      "id" : "s4-t0",
      "begin" : 345,
      "end" : 346,
      "text" : "-",
      "whiteSpace" : false
    }, {
      "id" : "s4-t1",
      "begin" : 347,
      "end" : 349,
      "text" : "12",
      "whiteSpace" : false
    }, {
      "id" : "s4-t2",
      "begin" : 349,
      "end" : 354,
      "text" : "??29L",
      "whiteSpace" : false
    }, {
      "id" : "s4-t3",
      "begin" : 355,
      "end" : 358,
      "text" : "T7G",
      "whiteSpace" : false
    }, {
      "id" : "s4-t4",
      "begin" : 358,
      "end" : 359,
      "text" : "-",
      "whiteSpace" : false
    }, {
      "id" : "s4-t5",
      "begin" : 360,
      "end" : 363,
      "text" : "7T4",
      "whiteSpace" : false
    }, {
      "id" : "s4-t6",
      "begin" : 364,
      "end" : 372,
      "text" : "Rotebcek",
      "whiteSpace" : false
    }, {
      "id" : "s4-t7",
      "begin" : 373,
      "end" : 375,
      "text" : "25",
      "whiteSpace" : false
    }, {
      "id" : "s4-t8",
      "begin" : 376,
      "end" : 380,
      "text" : "Page",
      "whiteSpace" : false
    }, {
      "id" : "s4-t9",
      "begin" : 381,
      "end" : 383,
      "text" : "22",
      "whiteSpace" : false
    }, {
      "id" : "s4-t10",
      "begin" : 383,
      "end" : 385,
      "text" : "??",
      "whiteSpace" : false
    }, {
      "id" : "s4-t11",
      "begin" : 385,
      "end" : 386,
      "text" : "?",
      "whiteSpace" : false
    } ]
  }, {
    "id" : "s5",
    "begin" : 387,
    "end" : 485,
    "text" : "State Tax 5 129.50 Clerks Fee $ 1.00 Recurdina $ 26.00: Total $ 150.50: BK 16132165 PS 774 [.,, -!",
    "tokens" : [ {
      "id" : "s5-t0",
      "begin" : 387,
      "end" : 392,
      "text" : "State",
      "whiteSpace" : false
    }, {
      "id" : "s5-t1",
      "begin" : 393,
      "end" : 396,
      "text" : "Tax",
      "whiteSpace" : false
    }, {
      "id" : "s5-t2",
      "begin" : 397,
      "end" : 398,
      "text" : "5",
      "whiteSpace" : false
    }, {
      "id" : "s5-t3",
      "begin" : 399,
      "end" : 405,
      "text" : "129.50",
      "whiteSpace" : false
    }, {
      "id" : "s5-t4",
      "begin" : 406,
      "end" : 412,
      "text" : "Clerks",
      "whiteSpace" : false
    }, {
      "id" : "s5-t5",
      "begin" : 413,
      "end" : 416,
      "text" : "Fee",
      "whiteSpace" : false
    }, {
      "id" : "s5-t6",
      "begin" : 417,
      "end" : 418,
      "text" : "$",
      "whiteSpace" : false
    }, {
      "id" : "s5-t7",
      "begin" : 419,
      "end" : 423,
      "text" : "1.00",
      "whiteSpace" : false
    }, {
      "id" : "s5-t8",
      "begin" : 424,
      "end" : 433,
      "text" : "Recurdina",
      "whiteSpace" : false
    }, {
      "id" : "s5-t9",
      "begin" : 434,
      "end" : 435,
      "text" : "$",
      "whiteSpace" : false
    }, {
      "id" : "s5-t10",
      "begin" : 436,
      "end" : 441,
      "text" : "26.00",
      "whiteSpace" : false
    }, {
      "id" : "s5-t11",
      "begin" : 441,
      "end" : 442,
      "text" : ":",
      "whiteSpace" : false
    }, {
      "id" : "s5-t12",
      "begin" : 443,
      "end" : 448,
      "text" : "Total",
      "whiteSpace" : false
    }, {
      "id" : "s5-t13",
      "begin" : 449,
      "end" : 450,
      "text" : "$",
      "whiteSpace" : false
    }, {
      "id" : "s5-t14",
      "begin" : 451,
      "end" : 457,
      "text" : "150.50",
      "whiteSpace" : false
    }, {
      "id" : "s5-t15",
      "begin" : 457,
      "end" : 458,
      "text" : ":",
      "whiteSpace" : false
    }, {
      "id" : "s5-t16",
      "begin" : 459,
      "end" : 461,
      "text" : "BK",
      "whiteSpace" : false
    }, {
      "id" : "s5-t17",
      "begin" : 462,
      "end" : 470,
      "text" : "16132165",
      "whiteSpace" : false
    }, {
      "id" : "s5-t18",
      "begin" : 471,
      "end" : 473,
      "text" : "PS",
      "whiteSpace" : false
    }, {
      "id" : "s5-t19",
      "begin" : 474,
      "end" : 477,
      "text" : "774",
      "whiteSpace" : false
    }, {
      "id" : "s5-t20",
      "begin" : 478,
      "end" : 479,
      "text" : "[",
      "whiteSpace" : false
    }, {
      "id" : "s5-t21",
      "begin" : 479,
      "end" : 480,
      "text" : ".",
      "whiteSpace" : false
    }, {
      "id" : "s5-t22",
      "begin" : 480,
      "end" : 481,
      "text" : ",",
      "whiteSpace" : false
    }, {
      "id" : "s5-t23",
      "begin" : 481,
      "end" : 482,
      "text" : ",",
      "whiteSpace" : false
    }, {
      "id" : "s5-t24",
      "begin" : 483,
      "end" : 484,
      "text" : "-",
      "whiteSpace" : false
    }, {
      "id" : "s5-t25",
      "begin" : 484,
      "end" : 485,
      "text" : "!",
      "whiteSpace" : false
    } ]
  }, {
    "id" : "s6",
    "begin" : 486,
    "end" : 489,
    "text" : ", ?",
    "tokens" : [ {
      "id" : "s6-t0",
      "begin" : 486,
      "end" : 487,
      "text" : ",",
      "whiteSpace" : false
    }, {
      "id" : "s6-t1",
      "begin" : 488,
      "end" : 489,
      "text" : "?",
      "whiteSpace" : false
    } ]
  }, {
    "id" : "s7",
    "begin" : 489,
    "end" : 504,
    "text" : "??, ........, ?",
    "tokens" : [ {
      "id" : "s7-t0",
      "begin" : 489,
      "end" : 491,
      "text" : "??",
      "whiteSpace" : false
    }, {
      "id" : "s7-t1",
      "begin" : 491,
      "end" : 492,
      "text" : ",",
      "whiteSpace" : false
    }, {
      "id" : "s7-t2",
      "begin" : 493,
      "end" : 501,
      "text" : "........",
      "whiteSpace" : false
    }, {
      "id" : "s7-t3",
      "begin" : 501,
      "end" : 502,
      "text" : ",",
      "whiteSpace" : false
    }, {
      "id" : "s7-t4",
      "begin" : 503,
      "end" : 504,
      "text" : "?",
      "whiteSpace" : false
    } ]
  }, {
    "id" : "s8",
    "begin" : 504,
    "end" : 507,
    "text" : "??.",
    "tokens" : [ {
      "id" : "s8-t0",
      "begin" : 504,
      "end" : 506,
      "text" : "??",
      "whiteSpace" : false
    }, {
      "id" : "s8-t1",
      "begin" : 506,
      "end" : 507,
      "text" : ".",
      "whiteSpace" : false
    } ]
  }, {
    "id" : "s9",
    "begin" : 508,
    "end" : 1568,
    "text" : "l, Marker No. 129???44; and runs thence with the south right of way of the Turkey Creek Road, chord bearings and distances as follows: South 69 degrees 20 minutes 26 seconds East 67.82 feet; South 73 degrees 53 minutes 47 seconds East 67.25 feet; South 85 degrees 21 minutes 51 seconds East 5.49 feet to a 1/2 inch diameter re-bar pin with cap (stamped \"R18 #69 &amp; #1569 \") set on the west side of an old road or drive; thence leaving the road, runs with the west side of the old road or drive, chord bearings and distances as follows: 80th 29 degrees 46 minutes 21 seconds West 68.33 feet; South 37 degrees 20 minutes 31 seconds West 43.22 feet; South 46 degrees 17 minutes 10 seconds West 117.84 feet to a 1/2 inch diameter re-bar pin with cap (stamped \"RLS #69 &amp; #1569 \") set, one of the corners to the Winstead &amp; Carroll 1.00 acre parcel; thence runs with a new line and the east boundary to the 1.00 acre parcel, North 03 degrees 05 minutes 21 seconds West 218.46 feet to the point of beginning, containing an area by computation of 0.34 acre.,",
    "tokens" : [ {
      "id" : "s9-t0",
      "begin" : 508,
      "end" : 509,
      "text" : "l",
      "whiteSpace" : false
    }, {
      "id" : "s9-t1",
      "begin" : 509,
      "end" : 510,
      "text" : ",",
      "whiteSpace" : false
    }, {
      "id" : "s9-t2",
      "begin" : 511,
      "end" : 517,
      "text" : "Marker",
      "whiteSpace" : false
    }, {
      "id" : "s9-t3",
      "begin" : 518,
      "end" : 521,
      "text" : "No.",
      "whiteSpace" : false
    }, {
      "id" : "s9-t4",
      "begin" : 522,
      "end" : 530,
      "text" : "129???44",
      "whiteSpace" : false
    }, {
      "id" : "s9-t5",
      "begin" : 530,
      "end" : 531,
      "text" : ";",
      "whiteSpace" : false
    }, {
      "id" : "s9-t6",
      "begin" : 532,
      "end" : 535,
      "text" : "and",
      "whiteSpace" : false
    }, {
      "id" : "s9-t7",
      "begin" : 536,
      "end" : 540,
      "text" : "runs",
      "whiteSpace" : false
    }, {
      "id" : "s9-t8",
      "begin" : 541,
      "end" : 547,
      "text" : "thence",
      "whiteSpace" : false
    }, {
      "id" : "s9-t9",
      "begin" : 548,
      "end" : 552,
      "text" : "with",
      "whiteSpace" : false
    }, {
      "id" : "s9-t10",
      "begin" : 553,
      "end" : 556,
      "text" : "the",
      "whiteSpace" : false
    }, {
      "id" : "s9-t11",
      "begin" : 557,
      "end" : 562,
      "text" : "south",
      "whiteSpace" : false
    }, {
      "id" : "s9-t12",
      "begin" : 563,
      "end" : 568,
      "text" : "right",
      "whiteSpace" : false
    }, {
      "id" : "s9-t13",
      "begin" : 569,
      "end" : 571,
      "text" : "of",
      "whiteSpace" : false
    }, {
      "id" : "s9-t14",
      "begin" : 572,
      "end" : 575,
      "text" : "way",
      "whiteSpace" : false
    }, {
      "id" : "s9-t15",
      "begin" : 576,
      "end" : 578,
      "text" : "of",
      "whiteSpace" : false
    }, {
      "id" : "s9-t16",
      "begin" : 579,
      "end" : 582,
      "text" : "the",
      "whiteSpace" : false
    }, {
      "id" : "s9-t17",
      "begin" : 583,
      "end" : 589,
      "text" : "Turkey",
      "whiteSpace" : false
    }, {
      "id" : "s9-t18",
      "begin" : 590,
      "end" : 595,
      "text" : "Creek",
      "whiteSpace" : false
    }, {
      "id" : "s9-t19",
      "begin" : 596,
      "end" : 600,
      "text" : "Road",
      "whiteSpace" : false
    }, {
      "id" : "s9-t20",
      "begin" : 600,
      "end" : 601,
      "text" : ",",
      "whiteSpace" : false
    }, {
      "id" : "s9-t21",
      "begin" : 602,
      "end" : 607,
      "text" : "chord",
      "whiteSpace" : false
    }, {
      "id" : "s9-t22",
      "begin" : 608,
      "end" : 616,
      "text" : "bearings",
      "whiteSpace" : false
    }, {
      "id" : "s9-t23",
      "begin" : 617,
      "end" : 620,
      "text" : "and",
      "whiteSpace" : false
    }, {
      "id" : "s9-t24",
      "begin" : 621,
      "end" : 630,
      "text" : "distances",
      "whiteSpace" : false
    }, {
      "id" : "s9-t25",
      "begin" : 631,
      "end" : 633,
      "text" : "as",
      "whiteSpace" : false
    }, {
      "id" : "s9-t26",
      "begin" : 634,
      "end" : 641,
      "text" : "follows",
      "whiteSpace" : false
    }, {
      "id" : "s9-t27",
      "begin" : 641,
      "end" : 642,
      "text" : ":",
      "whiteSpace" : false
    }, {
      "id" : "s9-t28",
      "begin" : 643,
      "end" : 648,
      "text" : "South",
      "whiteSpace" : false
    }, {
      "id" : "s9-t29",
      "begin" : 649,
      "end" : 651,
      "text" : "69",
      "whiteSpace" : false
    }, {
      "id" : "s9-t30",
      "begin" : 652,
      "end" : 659,
      "text" : "degrees",
      "whiteSpace" : false
    }, {
      "id" : "s9-t31",
      "begin" : 660,
      "end" : 662,
      "text" : "20",
      "whiteSpace" : false
    }, {
      "id" : "s9-t32",
      "begin" : 663,
      "end" : 670,
      "text" : "minutes",
      "whiteSpace" : false
    }, {
      "id" : "s9-t33",
      "begin" : 671,
      "end" : 673,
      "text" : "26",
      "whiteSpace" : false
    }, {
      "id" : "s9-t34",
      "begin" : 674,
      "end" : 681,
      "text" : "seconds",
      "whiteSpace" : false
    }, {
      "id" : "s9-t35",
      "begin" : 682,
      "end" : 686,
      "text" : "East",
      "whiteSpace" : false
    }, {
      "id" : "s9-t36",
      "begin" : 687,
      "end" : 692,
      "text" : "67.82",
      "whiteSpace" : false
    }, {
      "id" : "s9-t37",
      "begin" : 693,
      "end" : 697,
      "text" : "feet",
      "whiteSpace" : false
    }, {
      "id" : "s9-t38",
      "begin" : 697,
      "end" : 698,
      "text" : ";",
      "whiteSpace" : false
    }, {
      "id" : "s9-t39",
      "begin" : 699,
      "end" : 704,
      "text" : "South",
      "whiteSpace" : false
    }, {
      "id" : "s9-t40",
      "begin" : 705,
      "end" : 707,
      "text" : "73",
      "whiteSpace" : false
    }, {
      "id" : "s9-t41",
      "begin" : 708,
      "end" : 715,
      "text" : "degrees",
      "whiteSpace" : false
    }, {
      "id" : "s9-t42",
      "begin" : 716,
      "end" : 718,
      "text" : "53",
      "whiteSpace" : false
    }, {
      "id" : "s9-t43",
      "begin" : 719,
      "end" : 726,
      "text" : "minutes",
      "whiteSpace" : false
    }, {
      "id" : "s9-t44",
      "begin" : 727,
      "end" : 729,
      "text" : "47",
      "whiteSpace" : false
    }, {
      "id" : "s9-t45",
      "begin" : 730,
      "end" : 737,
      "text" : "seconds",
      "whiteSpace" : false
    }, {
      "id" : "s9-t46",
      "begin" : 738,
      "end" : 742,
      "text" : "East",
      "whiteSpace" : false
    }, {
      "id" : "s9-t47",
      "begin" : 743,
      "end" : 748,
      "text" : "67.25",
      "whiteSpace" : false
    }, {
      "id" : "s9-t48",
      "begin" : 749,
      "end" : 753,
      "text" : "feet",
      "whiteSpace" : false
    }, {
      "id" : "s9-t49",
      "begin" : 753,
      "end" : 754,
      "text" : ";",
      "whiteSpace" : false
    }, {
      "id" : "s9-t50",
      "begin" : 755,
      "end" : 760,
      "text" : "South",
      "whiteSpace" : false
    }, {
      "id" : "s9-t51",
      "begin" : 761,
      "end" : 763,
      "text" : "85",
      "whiteSpace" : false
    }, {
      "id" : "s9-t52",
      "begin" : 764,
      "end" : 771,
      "text" : "degrees",
      "whiteSpace" : false
    }, {
      "id" : "s9-t53",
      "begin" : 772,
      "end" : 774,
      "text" : "21",
      "whiteSpace" : false
    }, {
      "id" : "s9-t54",
      "begin" : 775,
      "end" : 782,
      "text" : "minutes",
      "whiteSpace" : false
    }, {
      "id" : "s9-t55",
      "begin" : 783,
      "end" : 785,
      "text" : "51",
      "whiteSpace" : false
    }, {
      "id" : "s9-t56",
      "begin" : 786,
      "end" : 793,
      "text" : "seconds",
      "whiteSpace" : false
    }, {
      "id" : "s9-t57",
      "begin" : 794,
      "end" : 798,
      "text" : "East",
      "whiteSpace" : false
    }, {
      "id" : "s9-t58",
      "begin" : 799,
      "end" : 803,
      "text" : "5.49",
      "whiteSpace" : false
    }, {
      "id" : "s9-t59",
      "begin" : 804,
      "end" : 808,
      "text" : "feet",
      "whiteSpace" : false
    }, {
      "id" : "s9-t60",
      "begin" : 809,
      "end" : 811,
      "text" : "to",
      "whiteSpace" : false
    }, {
      "id" : "s9-t61",
      "begin" : 812,
      "end" : 813,
      "text" : "a",
      "whiteSpace" : false
    }, {
      "id" : "s9-t62",
      "begin" : 814,
      "end" : 817,
      "text" : "1/2",
      "whiteSpace" : false
    }, {
      "id" : "s9-t63",
      "begin" : 818,
      "end" : 822,
      "text" : "inch",
      "whiteSpace" : false
    }, {
      "id" : "s9-t64",
      "begin" : 823,
      "end" : 831,
      "text" : "diameter",
      "whiteSpace" : false
    }, {
      "id" : "s9-t65",
      "begin" : 832,
      "end" : 834,
      "text" : "re",
      "whiteSpace" : false
    }, {
      "id" : "s9-t66",
      "begin" : 834,
      "end" : 835,
      "text" : "-",
      "whiteSpace" : false
    }, {
      "id" : "s9-t67",
      "begin" : 835,
      "end" : 838,
      "text" : "bar",
      "whiteSpace" : false
    }, {
      "id" : "s9-t68",
      "begin" : 839,
      "end" : 842,
      "text" : "pin",
      "whiteSpace" : false
    }, {
      "id" : "s9-t69",
      "begin" : 843,
      "end" : 847,
      "text" : "with",
      "whiteSpace" : false
    }, {
      "id" : "s9-t70",
      "begin" : 848,
      "end" : 851,
      "text" : "cap",
      "whiteSpace" : false
    }, {
      "id" : "s9-t71",
      "begin" : 852,
      "end" : 853,
      "text" : "(",
      "whiteSpace" : false
    }, {
      "id" : "s9-t72",
      "begin" : 853,
      "end" : 860,
      "text" : "stamped",
      "whiteSpace" : false
    }, {
      "id" : "s9-t73",
      "begin" : 861,
      "end" : 862,
      "text" : "\"",
      "whiteSpace" : false
    }, {
      "id" : "s9-t74",
      "begin" : 862,
      "end" : 865,
      "text" : "R18",
      "whiteSpace" : false
    }, {
      "id" : "s9-t75",
      "begin" : 866,
      "end" : 869,
      "text" : "#69",
      "whiteSpace" : false
    }, {
      "id" : "s9-t76",
      "begin" : 870,
      "end" : 875,
      "text" : "&amp;",
      "whiteSpace" : false
    }, {
      "id" : "s9-t77",
      "begin" : 876,
      "end" : 881,
      "text" : "#1569",
      "whiteSpace" : false
    }, {
      "id" : "s9-t78",
      "begin" : 882,
      "end" : 883,
      "text" : "\"",
      "whiteSpace" : false
    }, {
      "id" : "s9-t79",
      "begin" : 883,
      "end" : 884,
      "text" : ")",
      "whiteSpace" : false
    }, {
      "id" : "s9-t80",
      "begin" : 885,
      "end" : 888,
      "text" : "set",
      "whiteSpace" : false
    }, {
      "id" : "s9-t81",
      "begin" : 889,
      "end" : 891,
      "text" : "on",
      "whiteSpace" : false
    }, {
      "id" : "s9-t82",
      "begin" : 892,
      "end" : 895,
      "text" : "the",
      "whiteSpace" : false
    }, {
      "id" : "s9-t83",
      "begin" : 896,
      "end" : 900,
      "text" : "west",
      "whiteSpace" : false
    }, {
      "id" : "s9-t84",
      "begin" : 901,
      "end" : 905,
      "text" : "side",
      "whiteSpace" : false
    }, {
      "id" : "s9-t85",
      "begin" : 906,
      "end" : 908,
      "text" : "of",
      "whiteSpace" : false
    }, {
      "id" : "s9-t86",
      "begin" : 909,
      "end" : 911,
      "text" : "an",
      "whiteSpace" : false
    }, {
      "id" : "s9-t87",
      "begin" : 912,
      "end" : 915,
      "text" : "old",
      "whiteSpace" : false
    }, {
      "id" : "s9-t88",
      "begin" : 916,
      "end" : 920,
      "text" : "road",
      "whiteSpace" : false
    }, {
      "id" : "s9-t89",
      "begin" : 921,
      "end" : 923,
      "text" : "or",
      "whiteSpace" : false
    }, {
      "id" : "s9-t90",
      "begin" : 924,
      "end" : 929,
      "text" : "drive",
      "whiteSpace" : false
    }, {
      "id" : "s9-t91",
      "begin" : 929,
      "end" : 930,
      "text" : ";",
      "whiteSpace" : false
    }, {
      "id" : "s9-t92",
      "begin" : 931,
      "end" : 937,
      "text" : "thence",
      "whiteSpace" : false
    }, {
      "id" : "s9-t93",
      "begin" : 938,
      "end" : 945,
      "text" : "leaving",
      "whiteSpace" : false
    }, {
      "id" : "s9-t94",
      "begin" : 946,
      "end" : 949,
      "text" : "the",
      "whiteSpace" : false
    }, {
      "id" : "s9-t95",
      "begin" : 950,
      "end" : 954,
      "text" : "road",
      "whiteSpace" : false
    }, {
      "id" : "s9-t96",
      "begin" : 954,
      "end" : 955,
      "text" : ",",
      "whiteSpace" : false
    }, {
      "id" : "s9-t97",
      "begin" : 956,
      "end" : 960,
      "text" : "runs",
      "whiteSpace" : false
    }, {
      "id" : "s9-t98",
      "begin" : 961,
      "end" : 965,
      "text" : "with",
      "whiteSpace" : false
    }, {
      "id" : "s9-t99",
      "begin" : 966,
      "end" : 969,
      "text" : "the",
      "whiteSpace" : false
    }, {
      "id" : "s9-t100",
      "begin" : 970,
      "end" : 974,
      "text" : "west",
      "whiteSpace" : false
    }, {
      "id" : "s9-t101",
      "begin" : 975,
      "end" : 979,
      "text" : "side",
      "whiteSpace" : false
    }, {
      "id" : "s9-t102",
      "begin" : 980,
      "end" : 982,
      "text" : "of",
      "whiteSpace" : false
    }, {
      "id" : "s9-t103",
      "begin" : 983,
      "end" : 986,
      "text" : "the",
      "whiteSpace" : false
    }, {
      "id" : "s9-t104",
      "begin" : 987,
      "end" : 990,
      "text" : "old",
      "whiteSpace" : false
    }, {
      "id" : "s9-t105",
      "begin" : 991,
      "end" : 995,
      "text" : "road",
      "whiteSpace" : false
    }, {
      "id" : "s9-t106",
      "begin" : 996,
      "end" : 998,
      "text" : "or",
      "whiteSpace" : false
    }, {
      "id" : "s9-t107",
      "begin" : 999,
      "end" : 1004,
      "text" : "drive",
      "whiteSpace" : false
    }, {
      "id" : "s9-t108",
      "begin" : 1004,
      "end" : 1005,
      "text" : ",",
      "whiteSpace" : false
    }, {
      "id" : "s9-t109",
      "begin" : 1006,
      "end" : 1011,
      "text" : "chord",
      "whiteSpace" : false
    }, {
      "id" : "s9-t110",
      "begin" : 1012,
      "end" : 1020,
      "text" : "bearings",
      "whiteSpace" : false
    }, {
      "id" : "s9-t111",
      "begin" : 1021,
      "end" : 1024,
      "text" : "and",
      "whiteSpace" : false
    }, {
      "id" : "s9-t112",
      "begin" : 1025,
      "end" : 1034,
      "text" : "distances",
      "whiteSpace" : false
    }, {
      "id" : "s9-t113",
      "begin" : 1035,
      "end" : 1037,
      "text" : "as",
      "whiteSpace" : false
    }, {
      "id" : "s9-t114",
      "begin" : 1038,
      "end" : 1045,
      "text" : "follows",
      "whiteSpace" : false
    }, {
      "id" : "s9-t115",
      "begin" : 1045,
      "end" : 1046,
      "text" : ":",
      "whiteSpace" : false
    }, {
      "id" : "s9-t116",
      "begin" : 1047,
      "end" : 1051,
      "text" : "80th",
      "whiteSpace" : false
    }, {
      "id" : "s9-t117",
      "begin" : 1052,
      "end" : 1054,
      "text" : "29",
      "whiteSpace" : false
    }, {
      "id" : "s9-t118",
      "begin" : 1055,
      "end" : 1062,
      "text" : "degrees",
      "whiteSpace" : false
    }, {
      "id" : "s9-t119",
      "begin" : 1063,
      "end" : 1065,
      "text" : "46",
      "whiteSpace" : false
    }, {
      "id" : "s9-t120",
      "begin" : 1066,
      "end" : 1073,
      "text" : "minutes",
      "whiteSpace" : false
    }, {
      "id" : "s9-t121",
      "begin" : 1074,
      "end" : 1076,
      "text" : "21",
      "whiteSpace" : false
    }, {
      "id" : "s9-t122",
      "begin" : 1077,
      "end" : 1084,
      "text" : "seconds",
      "whiteSpace" : false
    }, {
      "id" : "s9-t123",
      "begin" : 1085,
      "end" : 1089,
      "text" : "West",
      "whiteSpace" : false
    }, {
      "id" : "s9-t124",
      "begin" : 1090,
      "end" : 1095,
      "text" : "68.33",
      "whiteSpace" : false
    }, {
      "id" : "s9-t125",
      "begin" : 1096,
      "end" : 1100,
      "text" : "feet",
      "whiteSpace" : false
    }, {
      "id" : "s9-t126",
      "begin" : 1100,
      "end" : 1101,
      "text" : ";",
      "whiteSpace" : false
    }, {
      "id" : "s9-t127",
      "begin" : 1102,
      "end" : 1107,
      "text" : "South",
      "whiteSpace" : false
    }, {
      "id" : "s9-t128",
      "begin" : 1108,
      "end" : 1110,
      "text" : "37",
      "whiteSpace" : false
    }, {
      "id" : "s9-t129",
      "begin" : 1111,
      "end" : 1118,
      "text" : "degrees",
      "whiteSpace" : false
    }, {
      "id" : "s9-t130",
      "begin" : 1119,
      "end" : 1121,
      "text" : "20",
      "whiteSpace" : false
    }, {
      "id" : "s9-t131",
      "begin" : 1122,
      "end" : 1129,
      "text" : "minutes",
      "whiteSpace" : false
    }, {
      "id" : "s9-t132",
      "begin" : 1130,
      "end" : 1132,
      "text" : "31",
      "whiteSpace" : false
    }, {
      "id" : "s9-t133",
      "begin" : 1133,
      "end" : 1140,
      "text" : "seconds",
      "whiteSpace" : false
    }, {
      "id" : "s9-t134",
      "begin" : 1141,
      "end" : 1145,
      "text" : "West",
      "whiteSpace" : false
    }, {
      "id" : "s9-t135",
      "begin" : 1146,
      "end" : 1151,
      "text" : "43.22",
      "whiteSpace" : false
    }, {
      "id" : "s9-t136",
      "begin" : 1152,
      "end" : 1156,
      "text" : "feet",
      "whiteSpace" : false
    }, {
      "id" : "s9-t137",
      "begin" : 1156,
      "end" : 1157,
      "text" : ";",
      "whiteSpace" : false
    }, {
      "id" : "s9-t138",
      "begin" : 1158,
      "end" : 1163,
      "text" : "South",
      "whiteSpace" : false
    }, {
      "id" : "s9-t139",
      "begin" : 1164,
      "end" : 1166,
      "text" : "46",
      "whiteSpace" : false
    }, {
      "id" : "s9-t140",
      "begin" : 1167,
      "end" : 1174,
      "text" : "degrees",
      "whiteSpace" : false
    }, {
      "id" : "s9-t141",
      "begin" : 1175,
      "end" : 1177,
      "text" : "17",
      "whiteSpace" : false
    }, {
      "id" : "s9-t142",
      "begin" : 1178,
      "end" : 1185,
      "text" : "minutes",
      "whiteSpace" : false
    }, {
      "id" : "s9-t143",
      "begin" : 1186,
      "end" : 1188,
      "text" : "10",
      "whiteSpace" : false
    }, {
      "id" : "s9-t144",
      "begin" : 1189,
      "end" : 1196,
      "text" : "seconds",
      "whiteSpace" : false
    }, {
      "id" : "s9-t145",
      "begin" : 1197,
      "end" : 1201,
      "text" : "West",
      "whiteSpace" : false
    }, {
      "id" : "s9-t146",
      "begin" : 1202,
      "end" : 1208,
      "text" : "117.84",
      "whiteSpace" : false
    }, {
      "id" : "s9-t147",
      "begin" : 1209,
      "end" : 1213,
      "text" : "feet",
      "whiteSpace" : false
    }, {
      "id" : "s9-t148",
      "begin" : 1214,
      "end" : 1216,
      "text" : "to",
      "whiteSpace" : false
    }, {
      "id" : "s9-t149",
      "begin" : 1217,
      "end" : 1218,
      "text" : "a",
      "whiteSpace" : false
    }, {
      "id" : "s9-t150",
      "begin" : 1219,
      "end" : 1222,
      "text" : "1/2",
      "whiteSpace" : false
    }, {
      "id" : "s9-t151",
      "begin" : 1223,
      "end" : 1227,
      "text" : "inch",
      "whiteSpace" : false
    }, {
      "id" : "s9-t152",
      "begin" : 1228,
      "end" : 1236,
      "text" : "diameter",
      "whiteSpace" : false
    }, {
      "id" : "s9-t153",
      "begin" : 1237,
      "end" : 1239,
      "text" : "re",
      "whiteSpace" : false
    }, {
      "id" : "s9-t154",
      "begin" : 1239,
      "end" : 1240,
      "text" : "-",
      "whiteSpace" : false
    }, {
      "id" : "s9-t155",
      "begin" : 1240,
      "end" : 1243,
      "text" : "bar",
      "whiteSpace" : false
    }, {
      "id" : "s9-t156",
      "begin" : 1244,
      "end" : 1247,
      "text" : "pin",
      "whiteSpace" : false
    }, {
      "id" : "s9-t157",
      "begin" : 1248,
      "end" : 1252,
      "text" : "with",
      "whiteSpace" : false
    }, {
      "id" : "s9-t158",
      "begin" : 1253,
      "end" : 1256,
      "text" : "cap",
      "whiteSpace" : false
    }, {
      "id" : "s9-t159",
      "begin" : 1257,
      "end" : 1258,
      "text" : "(",
      "whiteSpace" : false
    }, {
      "id" : "s9-t160",
      "begin" : 1258,
      "end" : 1265,
      "text" : "stamped",
      "whiteSpace" : false
    }, {
      "id" : "s9-t161",
      "begin" : 1266,
      "end" : 1267,
      "text" : "\"",
      "whiteSpace" : false
    }, {
      "id" : "s9-t162",
      "begin" : 1267,
      "end" : 1270,
      "text" : "RLS",
      "whiteSpace" : false
    }, {
      "id" : "s9-t163",
      "begin" : 1271,
      "end" : 1274,
      "text" : "#69",
      "whiteSpace" : false
    }, {
      "id" : "s9-t164",
      "begin" : 1275,
      "end" : 1280,
      "text" : "&amp;",
      "whiteSpace" : false
    }, {
      "id" : "s9-t165",
      "begin" : 1281,
      "end" : 1286,
      "text" : "#1569",
      "whiteSpace" : false
    }, {
      "id" : "s9-t166",
      "begin" : 1287,
      "end" : 1288,
      "text" : "\"",
      "whiteSpace" : false
    }, {
      "id" : "s9-t167",
      "begin" : 1288,
      "end" : 1289,
      "text" : ")",
      "whiteSpace" : false
    }, {
      "id" : "s9-t168",
      "begin" : 1290,
      "end" : 1293,
      "text" : "set",
      "whiteSpace" : false
    }, {
      "id" : "s9-t169",
      "begin" : 1293,
      "end" : 1294,
      "text" : ",",
      "whiteSpace" : false
    }, {
      "id" : "s9-t170",
      "begin" : 1295,
      "end" : 1298,
      "text" : "one",
      "whiteSpace" : false
    }, {
      "id" : "s9-t171",
      "begin" : 1299,
      "end" : 1301,
      "text" : "of",
      "whiteSpace" : false
    }, {
      "id" : "s9-t172",
      "begin" : 1302,
      "end" : 1305,
      "text" : "the",
      "whiteSpace" : false
    }, {
      "id" : "s9-t173",
      "begin" : 1306,
      "end" : 1313,
      "text" : "corners",
      "whiteSpace" : false
    }, {
      "id" : "s9-t174",
      "begin" : 1314,
      "end" : 1316,
      "text" : "to",
      "whiteSpace" : false
    }, {
      "id" : "s9-t175",
      "begin" : 1317,
      "end" : 1320,
      "text" : "the",
      "whiteSpace" : false
    }, {
      "id" : "s9-t176",
      "begin" : 1321,
      "end" : 1329,
      "text" : "Winstead",
      "whiteSpace" : false
    }, {
      "id" : "s9-t177",
      "begin" : 1330,
      "end" : 1335,
      "text" : "&amp;",
      "whiteSpace" : false
    }, {
      "id" : "s9-t178",
      "begin" : 1336,
      "end" : 1343,
      "text" : "Carroll",
      "whiteSpace" : false
    }, {
      "id" : "s9-t179",
      "begin" : 1344,
      "end" : 1348,
      "text" : "1.00",
      "whiteSpace" : false
    }, {
      "id" : "s9-t180",
      "begin" : 1349,
      "end" : 1353,
      "text" : "acre",
      "whiteSpace" : false
    }, {
      "id" : "s9-t181",
      "begin" : 1354,
      "end" : 1360,
      "text" : "parcel",
      "whiteSpace" : false
    }, {
      "id" : "s9-t182",
      "begin" : 1360,
      "end" : 1361,
      "text" : ";",
      "whiteSpace" : false
    }, {
      "id" : "s9-t183",
      "begin" : 1362,
      "end" : 1368,
      "text" : "thence",
      "whiteSpace" : false
    }, {
      "id" : "s9-t184",
      "begin" : 1369,
      "end" : 1373,
      "text" : "runs",
      "whiteSpace" : false
    }, {
      "id" : "s9-t185",
      "begin" : 1374,
      "end" : 1378,
      "text" : "with",
      "whiteSpace" : false
    }, {
      "id" : "s9-t186",
      "begin" : 1379,
      "end" : 1380,
      "text" : "a",
      "whiteSpace" : false
    }, {
      "id" : "s9-t187",
      "begin" : 1381,
      "end" : 1384,
      "text" : "new",
      "whiteSpace" : false
    }, {
      "id" : "s9-t188",
      "begin" : 1385,
      "end" : 1389,
      "text" : "line",
      "whiteSpace" : false
    }, {
      "id" : "s9-t189",
      "begin" : 1390,
      "end" : 1393,
      "text" : "and",
      "whiteSpace" : false
    }, {
      "id" : "s9-t190",
      "begin" : 1394,
      "end" : 1397,
      "text" : "the",
      "whiteSpace" : false
    }, {
      "id" : "s9-t191",
      "begin" : 1398,
      "end" : 1402,
      "text" : "east",
      "whiteSpace" : false
    }, {
      "id" : "s9-t192",
      "begin" : 1403,
      "end" : 1411,
      "text" : "boundary",
      "whiteSpace" : false
    }, {
      "id" : "s9-t193",
      "begin" : 1412,
      "end" : 1414,
      "text" : "to",
      "whiteSpace" : false
    }, {
      "id" : "s9-t194",
      "begin" : 1415,
      "end" : 1418,
      "text" : "the",
      "whiteSpace" : false
    }, {
      "id" : "s9-t195",
      "begin" : 1419,
      "end" : 1423,
      "text" : "1.00",
      "whiteSpace" : false
    }, {
      "id" : "s9-t196",
      "begin" : 1424,
      "end" : 1428,
      "text" : "acre",
      "whiteSpace" : false
    }, {
      "id" : "s9-t197",
      "begin" : 1429,
      "end" : 1435,
      "text" : "parcel",
      "whiteSpace" : false
    }, {
      "id" : "s9-t198",
      "begin" : 1435,
      "end" : 1436,
      "text" : ",",
      "whiteSpace" : false
    }, {
      "id" : "s9-t199",
      "begin" : 1437,
      "end" : 1442,
      "text" : "North",
      "whiteSpace" : false
    }, {
      "id" : "s9-t200",
      "begin" : 1443,
      "end" : 1445,
      "text" : "03",
      "whiteSpace" : false
    }, {
      "id" : "s9-t201",
      "begin" : 1446,
      "end" : 1453,
      "text" : "degrees",
      "whiteSpace" : false
    }, {
      "id" : "s9-t202",
      "begin" : 1454,
      "end" : 1456,
      "text" : "05",
      "whiteSpace" : false
    }, {
      "id" : "s9-t203",
      "begin" : 1457,
      "end" : 1464,
      "text" : "minutes",
      "whiteSpace" : false
    }, {
      "id" : "s9-t204",
      "begin" : 1465,
      "end" : 1467,
      "text" : "21",
      "whiteSpace" : false
    }, {
      "id" : "s9-t205",
      "begin" : 1468,
      "end" : 1475,
      "text" : "seconds",
      "whiteSpace" : false
    }, {
      "id" : "s9-t206",
      "begin" : 1476,
      "end" : 1480,
      "text" : "West",
      "whiteSpace" : false
    }, {
      "id" : "s9-t207",
      "begin" : 1481,
      "end" : 1487,
      "text" : "218.46",
      "whiteSpace" : false
    }, {
      "id" : "s9-t208",
      "begin" : 1488,
      "end" : 1492,
      "text" : "feet",
      "whiteSpace" : false
    }, {
      "id" : "s9-t209",
      "begin" : 1493,
      "end" : 1495,
      "text" : "to",
      "whiteSpace" : false
    }, {
      "id" : "s9-t210",
      "begin" : 1496,
      "end" : 1499,
      "text" : "the",
      "whiteSpace" : false
    }, {
      "id" : "s9-t211",
      "begin" : 1500,
      "end" : 1505,
      "text" : "point",
      "whiteSpace" : false
    }, {
      "id" : "s9-t212",
      "begin" : 1506,
      "end" : 1508,
      "text" : "of",
      "whiteSpace" : false
    }, {
      "id" : "s9-t213",
      "begin" : 1509,
      "end" : 1518,
      "text" : "beginning",
      "whiteSpace" : false
    }, {
      "id" : "s9-t214",
      "begin" : 1518,
      "end" : 1519,
      "text" : ",",
      "whiteSpace" : false
    }, {
      "id" : "s9-t215",
      "begin" : 1520,
      "end" : 1530,
      "text" : "containing",
      "whiteSpace" : false
    }, {
      "id" : "s9-t216",
      "begin" : 1531,
      "end" : 1533,
      "text" : "an",
      "whiteSpace" : false
    }, {
      "id" : "s9-t217",
      "begin" : 1534,
      "end" : 1538,
      "text" : "area",
      "whiteSpace" : false
    }, {
      "id" : "s9-t218",
      "begin" : 1539,
      "end" : 1541,
      "text" : "by",
      "whiteSpace" : false
    }, {
      "id" : "s9-t219",
      "begin" : 1542,
      "end" : 1553,
      "text" : "computation",
      "whiteSpace" : false
    }, {
      "id" : "s9-t220",
      "begin" : 1554,
      "end" : 1556,
      "text" : "of",
      "whiteSpace" : false
    }, {
      "id" : "s9-t221",
      "begin" : 1557,
      "end" : 1561,
      "text" : "0.34",
      "whiteSpace" : false
    }, {
      "id" : "s9-t222",
      "begin" : 1562,
      "end" : 1567,
      "text" : "acre.",
      "whiteSpace" : false
    }, {
      "id" : "s9-t223",
      "begin" : 1567,
      "end" : 1568,
      "text" : ",",
      "whiteSpace" : false
    } ]
  }, {
    "id" : "s10",
    "begin" : 1569,
    "end" : 1864,
    "text" : "the Tennessee Valley Authority and the use of the existing drive across the rear of the herein described parcel for the 1.00 acre parcel adjoining on the west, all as shown on Thomas C., White &amp; Associates Drawing No. 165-15494., Received fur record the 20 clay of HECEHBER 1?93 at 10:25 Ah.",
    "tokens" : [ {
      "id" : "s10-t0",
      "begin" : 1569,
      "end" : 1572,
      "text" : "the",
      "whiteSpace" : false
    }, {
      "id" : "s10-t1",
      "begin" : 1573,
      "end" : 1582,
      "text" : "Tennessee",
      "whiteSpace" : false
    }, {
      "id" : "s10-t2",
      "begin" : 1583,
      "end" : 1589,
      "text" : "Valley",
      "whiteSpace" : false
    }, {
      "id" : "s10-t3",
      "begin" : 1590,
      "end" : 1599,
      "text" : "Authority",
      "whiteSpace" : false
    }, {
      "id" : "s10-t4",
      "begin" : 1600,
      "end" : 1603,
      "text" : "and",
      "whiteSpace" : false
    }, {
      "id" : "s10-t5",
      "begin" : 1604,
      "end" : 1607,
      "text" : "the",
      "whiteSpace" : false
    }, {
      "id" : "s10-t6",
      "begin" : 1608,
      "end" : 1611,
      "text" : "use",
      "whiteSpace" : false
    }, {
      "id" : "s10-t7",
      "begin" : 1612,
      "end" : 1614,
      "text" : "of",
      "whiteSpace" : false
    }, {
      "id" : "s10-t8",
      "begin" : 1615,
      "end" : 1618,
      "text" : "the",
      "whiteSpace" : false
    }, {
      "id" : "s10-t9",
      "begin" : 1619,
      "end" : 1627,
      "text" : "existing",
      "whiteSpace" : false
    }, {
      "id" : "s10-t10",
      "begin" : 1628,
      "end" : 1633,
      "text" : "drive",
      "whiteSpace" : false
    }, {
      "id" : "s10-t11",
      "begin" : 1634,
      "end" : 1640,
      "text" : "across",
      "whiteSpace" : false
    }, {
      "id" : "s10-t12",
      "begin" : 1641,
      "end" : 1644,
      "text" : "the",
      "whiteSpace" : false
    }, {
      "id" : "s10-t13",
      "begin" : 1645,
      "end" : 1649,
      "text" : "rear",
      "whiteSpace" : false
    }, {
      "id" : "s10-t14",
      "begin" : 1650,
      "end" : 1652,
      "text" : "of",
      "whiteSpace" : false
    }, {
      "id" : "s10-t15",
      "begin" : 1653,
      "end" : 1656,
      "text" : "the",
      "whiteSpace" : false
    }, {
      "id" : "s10-t16",
      "begin" : 1657,
      "end" : 1663,
      "text" : "herein",
      "whiteSpace" : false
    }, {
      "id" : "s10-t17",
      "begin" : 1664,
      "end" : 1673,
      "text" : "described",
      "whiteSpace" : false
    }, {
      "id" : "s10-t18",
      "begin" : 1674,
      "end" : 1680,
      "text" : "parcel",
      "whiteSpace" : false
    }, {
      "id" : "s10-t19",
      "begin" : 1681,
      "end" : 1684,
      "text" : "for",
      "whiteSpace" : false
    }, {
      "id" : "s10-t20",
      "begin" : 1685,
      "end" : 1688,
      "text" : "the",
      "whiteSpace" : false
    }, {
      "id" : "s10-t21",
      "begin" : 1689,
      "end" : 1693,
      "text" : "1.00",
      "whiteSpace" : false
    }, {
      "id" : "s10-t22",
      "begin" : 1694,
      "end" : 1698,
      "text" : "acre",
      "whiteSpace" : false
    }, {
      "id" : "s10-t23",
      "begin" : 1699,
      "end" : 1705,
      "text" : "parcel",
      "whiteSpace" : false
    }, {
      "id" : "s10-t24",
      "begin" : 1706,
      "end" : 1715,
      "text" : "adjoining",
      "whiteSpace" : false
    }, {
      "id" : "s10-t25",
      "begin" : 1716,
      "end" : 1718,
      "text" : "on",
      "whiteSpace" : false
    }, {
      "id" : "s10-t26",
      "begin" : 1719,
      "end" : 1722,
      "text" : "the",
      "whiteSpace" : false
    }, {
      "id" : "s10-t27",
      "begin" : 1723,
      "end" : 1727,
      "text" : "west",
      "whiteSpace" : false
    }, {
      "id" : "s10-t28",
      "begin" : 1727,
      "end" : 1728,
      "text" : ",",
      "whiteSpace" : false
    }, {
      "id" : "s10-t29",
      "begin" : 1729,
      "end" : 1732,
      "text" : "all",
      "whiteSpace" : false
    }, {
      "id" : "s10-t30",
      "begin" : 1733,
      "end" : 1735,
      "text" : "as",
      "whiteSpace" : false
    }, {
      "id" : "s10-t31",
      "begin" : 1736,
      "end" : 1741,
      "text" : "shown",
      "whiteSpace" : false
    }, {
      "id" : "s10-t32",
      "begin" : 1742,
      "end" : 1744,
      "text" : "on",
      "whiteSpace" : false
    }, {
      "id" : "s10-t33",
      "begin" : 1745,
      "end" : 1751,
      "text" : "Thomas",
      "whiteSpace" : false
    }, {
      "id" : "s10-t34",
      "begin" : 1752,
      "end" : 1754,
      "text" : "C.",
      "whiteSpace" : false
    }, {
      "id" : "s10-t35",
      "begin" : 1754,
      "end" : 1755,
      "text" : ",",
      "whiteSpace" : false
    }, {
      "id" : "s10-t36",
      "begin" : 1756,
      "end" : 1761,
      "text" : "White",
      "whiteSpace" : false
    }, {
      "id" : "s10-t37",
      "begin" : 1762,
      "end" : 1767,
      "text" : "&amp;",
      "whiteSpace" : false
    }, {
      "id" : "s10-t38",
      "begin" : 1768,
      "end" : 1778,
      "text" : "Associates",
      "whiteSpace" : false
    }, {
      "id" : "s10-t39",
      "begin" : 1779,
      "end" : 1786,
      "text" : "Drawing",
      "whiteSpace" : false
    }, {
      "id" : "s10-t40",
      "begin" : 1787,
      "end" : 1790,
      "text" : "No.",
      "whiteSpace" : false
    }, {
      "id" : "s10-t41",
      "begin" : 1791,
      "end" : 1800,
      "text" : "165-15494",
      "whiteSpace" : false
    }, {
      "id" : "s10-t42",
      "begin" : 1800,
      "end" : 1801,
      "text" : ".",
      "whiteSpace" : false
    }, {
      "id" : "s10-t43",
      "begin" : 1801,
      "end" : 1802,
      "text" : ",",
      "whiteSpace" : false
    }, {
      "id" : "s10-t44",
      "begin" : 1803,
      "end" : 1811,
      "text" : "Received",
      "whiteSpace" : false
    }, {
      "id" : "s10-t45",
      "begin" : 1812,
      "end" : 1815,
      "text" : "fur",
      "whiteSpace" : false
    }, {
      "id" : "s10-t46",
      "begin" : 1816,
      "end" : 1822,
      "text" : "record",
      "whiteSpace" : false
    }, {
      "id" : "s10-t47",
      "begin" : 1823,
      "end" : 1826,
      "text" : "the",
      "whiteSpace" : false
    }, {
      "id" : "s10-t48",
      "begin" : 1827,
      "end" : 1829,
      "text" : "20",
      "whiteSpace" : false
    }, {
      "id" : "s10-t49",
      "begin" : 1830,
      "end" : 1834,
      "text" : "clay",
      "whiteSpace" : false
    }, {
      "id" : "s10-t50",
      "begin" : 1835,
      "end" : 1837,
      "text" : "of",
      "whiteSpace" : false
    }, {
      "id" : "s10-t51",
      "begin" : 1838,
      "end" : 1846,
      "text" : "HECEHBER",
      "whiteSpace" : false
    }, {
      "id" : "s10-t52",
      "begin" : 1847,
      "end" : 1851,
      "text" : "1?93",
      "whiteSpace" : false
    }, {
      "id" : "s10-t53",
      "begin" : 1852,
      "end" : 1854,
      "text" : "at",
      "whiteSpace" : false
    }, {
      "id" : "s10-t54",
      "begin" : 1855,
      "end" : 1860,
      "text" : "10:25",
      "whiteSpace" : false
    }, {
      "id" : "s10-t55",
      "begin" : 1861,
      "end" : 1863,
      "text" : "Ah",
      "whiteSpace" : false
    }, {
      "id" : "s10-t56",
      "begin" : 1863,
      "end" : 1864,
      "text" : ".",
      "whiteSpace" : false
    } ]
  }, {
    "id" : "s11",
    "begin" : 1865,
    "end" : 1901,
    "text" : "CREEK, State of Tennessee: Caunty m?",
    "tokens" : [ {
      "id" : "s11-t0",
      "begin" : 1865,
      "end" : 1870,
      "text" : "CREEK",
      "whiteSpace" : false
    }, {
      "id" : "s11-t1",
      "begin" : 1870,
      "end" : 1871,
      "text" : ",",
      "whiteSpace" : false
    }, {
      "id" : "s11-t2",
      "begin" : 1872,
      "end" : 1877,
      "text" : "State",
      "whiteSpace" : false
    }, {
      "id" : "s11-t3",
      "begin" : 1878,
      "end" : 1880,
      "text" : "of",
      "whiteSpace" : false
    }, {
      "id" : "s11-t4",
      "begin" : 1881,
      "end" : 1890,
      "text" : "Tennessee",
      "whiteSpace" : false
    }, {
      "id" : "s11-t5",
      "begin" : 1890,
      "end" : 1891,
      "text" : ":",
      "whiteSpace" : false
    }, {
      "id" : "s11-t6",
      "begin" : 1892,
      "end" : 1898,
      "text" : "Caunty",
      "whiteSpace" : false
    }, {
      "id" : "s11-t7",
      "begin" : 1899,
      "end" : 1900,
      "text" : "m",
      "whiteSpace" : false
    }, {
      "id" : "s11-t8",
      "begin" : 1900,
      "end" : 1901,
      "text" : "?",
      "whiteSpace" : false
    } ]
  }, {
    "id" : "s12",
    "begin" : 1901,
    "end" : 1903,
    "text" : "??",
    "tokens" : [ {
      "id" : "s12-t0",
      "begin" : 1901,
      "end" : 1902,
      "text" : "?",
      "whiteSpace" : false
    }, {
      "id" : "s12-t1",
      "begin" : 1902,
      "end" : 1903,
      "text" : "?",
      "whiteSpace" : false
    } ]
  }, {
    "id" : "s13",
    "begin" : 1904,
    "end" : 1973,
    "text" : "HUHPHRE/E Recorded in official recards Book H5165 Paae, Register if ?",
    "tokens" : [ {
      "id" : "s13-t0",
      "begin" : 1904,
      "end" : 1913,
      "text" : "HUHPHRE/E",
      "whiteSpace" : false
    }, {
      "id" : "s13-t1",
      "begin" : 1914,
      "end" : 1922,
      "text" : "Recorded",
      "whiteSpace" : false
    }, {
      "id" : "s13-t2",
      "begin" : 1923,
      "end" : 1925,
      "text" : "in",
      "whiteSpace" : false
    }, {
      "id" : "s13-t3",
      "begin" : 1926,
      "end" : 1934,
      "text" : "official",
      "whiteSpace" : false
    }, {
      "id" : "s13-t4",
      "begin" : 1935,
      "end" : 1942,
      "text" : "recards",
      "whiteSpace" : false
    }, {
      "id" : "s13-t5",
      "begin" : 1943,
      "end" : 1947,
      "text" : "Book",
      "whiteSpace" : false
    }, {
      "id" : "s13-t6",
      "begin" : 1948,
      "end" : 1953,
      "text" : "H5165",
      "whiteSpace" : false
    }, {
      "id" : "s13-t7",
      "begin" : 1954,
      "end" : 1958,
      "text" : "Paae",
      "whiteSpace" : false
    }, {
      "id" : "s13-t8",
      "begin" : 1958,
      "end" : 1959,
      "text" : ",",
      "whiteSpace" : false
    }, {
      "id" : "s13-t9",
      "begin" : 1960,
      "end" : 1968,
      "text" : "Register",
      "whiteSpace" : false
    }, {
      "id" : "s13-t10",
      "begin" : 1969,
      "end" : 1971,
      "text" : "if",
      "whiteSpace" : false
    }, {
      "id" : "s13-t11",
      "begin" : 1972,
      "end" : 1973,
      "text" : "?",
      "whiteSpace" : false
    } ]
  }, {
    "id" : "s14",
    "begin" : 1973,
    "end" : 2017,
    "text" : "??eeds SHIRLEY l FIELB Benny Register 74% j.",
    "tokens" : [ {
      "id" : "s14-t0",
      "begin" : 1973,
      "end" : 1979,
      "text" : "??eeds",
      "whiteSpace" : false
    }, {
      "id" : "s14-t1",
      "begin" : 1980,
      "end" : 1987,
      "text" : "SHIRLEY",
      "whiteSpace" : false
    }, {
      "id" : "s14-t2",
      "begin" : 1988,
      "end" : 1989,
      "text" : "l",
      "whiteSpace" : false
    }, {
      "id" : "s14-t3",
      "begin" : 1990,
      "end" : 1995,
      "text" : "FIELB",
      "whiteSpace" : false
    }, {
      "id" : "s14-t4",
      "begin" : 1996,
      "end" : 2001,
      "text" : "Benny",
      "whiteSpace" : false
    }, {
      "id" : "s14-t5",
      "begin" : 2002,
      "end" : 2010,
      "text" : "Register",
      "whiteSpace" : false
    }, {
      "id" : "s14-t6",
      "begin" : 2011,
      "end" : 2013,
      "text" : "74",
      "whiteSpace" : false
    }, {
      "id" : "s14-t7",
      "begin" : 2013,
      "end" : 2014,
      "text" : "%",
      "whiteSpace" : false
    }, {
      "id" : "s14-t8",
      "begin" : 2015,
      "end" : 2016,
      "text" : "j",
      "whiteSpace" : false
    }, {
      "id" : "s14-t9",
      "begin" : 2016,
      "end" : 2017,
      "text" : ".",
      "whiteSpace" : false
    } ]
  }, {
    "id" : "s15",
    "begin" : 2018,
    "end" : 2024,
    "text" : "fag/C]",
    "tokens" : [ {
      "id" : "s15-t0",
      "begin" : 2018,
      "end" : 2023,
      "text" : "fag/C",
      "whiteSpace" : false
    }, {
      "id" : "s15-t1",
      "begin" : 2023,
      "end" : 2024,
      "text" : "]",
      "whiteSpace" : false
    } ]
  } ],
  "mentions" : [ {
    "id" : "s1-m1",
    "properties" : {
      "SIRE_MENTION_ROLE" : "WarrDeedBookNum",
      "SIRE_ENTITY_SUBTYPE" : "NONE",
      "SIRE_MENTION_TYPE" : "NONE",
      "SIRE_MENTION_CLASS" : "SPC"
    },
    "type" : "WarrDeedBookNum",
    "begin" : 268,
    "end" : 271,
    "inCoref" : false
  }, {
    "id" : "s1-m2",
    "properties" : {
      "SIRE_MENTION_ROLE" : "WarrDeedPageNum",
      "SIRE_ENTITY_SUBTYPE" : "NONE",
      "SIRE_MENTION_TYPE" : "NONE",
      "SIRE_MENTION_CLASS" : "SPC"
    },
    "type" : "WarrDeedPageNum",
    "begin" : 280,
    "end" : 284,
    "inCoref" : false
  } ],
  "relations" : [ ],
  "corefs" : [ ],
  "typeResolved" : true,
  "userResolved" : false
}