{
  "id" : "8d46da80-54dc-11e9-91aa-93fcd1ae955b-1",
  "name" : "WD84-45.txt",
  "createdDate" : 0,
  "version" : 3,
  "text" : "thence north 87?? west with the Miller line 12-1/4 poles to the beginning, containing 0.8 acres be the same more or less Being a portion of the old S. W. Rogers farm and a portion of tract No. 2 of the land conveyed to the undersigned by deed of record in Deed Book No. 50, page 181 of the Register's Office of Humphreys County, Tennessee. To Have and to Hold the said tract or parcel of land, with the appurtenances, estate, title, and interest thereto belonging, to the said Charles B. Gentry, Jr., his heirs and assigns, forever. And we do covenant with the said Charles B. Gentry, Jr. that we are lawfully seized and possessed of said land in Fee Simple; have a good right to convey it, and the same is unincumbered. And we do further covenant and bind ourselves and our heirs and representatives to warrant and forever defend the title to said land to the said Charles B. Gentry, Jr. His heirs and assigns, against the lawful claims of all persons whomsoever. Witness our hands, this 20th day of September, 1962. Bethel Gentry /s/ Zoreta Gentry /s/ ACKNOWLEDGMENT BEFORE NOTARY PUBLIC. STATE-OF TENNESSEE, HUMPHREYS COUNTY Personally appeared before me, Jelema Dotson (Baker), a Notary Public in and for said County and State, the within named Bethel Gentry and wife Zoreta Gentry, the bargainors, with whom I am personally acquainted, and who acknowledged that they executed the within instrument for thepurposes therein contained. Witness my hand and official seal, at McEwen, Tenn., Tennessee, thisZ???th day of September, 1962. (SEAL) My Commission Expires Jan. 7, 1964. Jelema Dotson (Baker) /s/ Notary Public STATE OF TENNESSEE, HUMPHREYS COUNTY. ... Register's Office, November 9, 1962 I, Anne P. Westbrook, Register of said County, do certify that the foregoing Deed and Certificate are registered in said office, in Bohk No. 84, Pages 45-46; that ! N Cfi \n",
  "docLength" : 0,
  "language" : "EN",
  "status" : "SUBMITTED",
  "modifiedDate" : 1554165715110,
  "documentSet" : [ ],
  "preannotation" : [ ],
  "sentences" : [ {
    "id" : "s0",
    "begin" : 0,
    "end" : 17,
    "text" : "thence north 87??",
    "tokens" : [ {
      "id" : "s0-t0",
      "begin" : 0,
      "end" : 6,
      "text" : "thence",
      "whiteSpace" : false
    }, {
      "id" : "s0-t1",
      "begin" : 7,
      "end" : 12,
      "text" : "north",
      "whiteSpace" : false
    }, {
      "id" : "s0-t2",
      "begin" : 13,
      "end" : 15,
      "text" : "87",
      "whiteSpace" : false
    }, {
      "id" : "s0-t3",
      "begin" : 15,
      "end" : 16,
      "text" : "?",
      "whiteSpace" : false
    }, {
      "id" : "s0-t4",
      "begin" : 16,
      "end" : 17,
      "text" : "?",
      "whiteSpace" : false
    } ]
  }, {
    "id" : "s1",
    "begin" : 18,
    "end" : 339,
    "text" : "west with the Miller line 12-1/4 poles to the beginning, containing 0.8 acres be the same more or less Being a portion of the old S. W. Rogers farm and a portion of tract No. 2 of the land conveyed to the undersigned by deed of record in Deed Book No. 50, page 181 of the Register's Office of Humphreys County, Tennessee.",
    "tokens" : [ {
      "id" : "s1-t0",
      "begin" : 18,
      "end" : 22,
      "text" : "west",
      "whiteSpace" : false
    }, {
      "id" : "s1-t1",
      "begin" : 23,
      "end" : 27,
      "text" : "with",
      "whiteSpace" : false
    }, {
      "id" : "s1-t2",
      "begin" : 28,
      "end" : 31,
      "text" : "the",
      "whiteSpace" : false
    }, {
      "id" : "s1-t3",
      "begin" : 32,
      "end" : 38,
      "text" : "Miller",
      "whiteSpace" : false
    }, {
      "id" : "s1-t4",
      "begin" : 39,
      "end" : 43,
      "text" : "line",
      "whiteSpace" : false
    }, {
      "id" : "s1-t5",
      "begin" : 44,
      "end" : 50,
      "text" : "12-1/4",
      "whiteSpace" : false
    }, {
      "id" : "s1-t6",
      "begin" : 51,
      "end" : 56,
      "text" : "poles",
      "whiteSpace" : false
    }, {
      "id" : "s1-t7",
      "begin" : 57,
      "end" : 59,
      "text" : "to",
      "whiteSpace" : false
    }, {
      "id" : "s1-t8",
      "begin" : 60,
      "end" : 63,
      "text" : "the",
      "whiteSpace" : false
    }, {
      "id" : "s1-t9",
      "begin" : 64,
      "end" : 73,
      "text" : "beginning",
      "whiteSpace" : false
    }, {
      "id" : "s1-t10",
      "begin" : 73,
      "end" : 74,
      "text" : ",",
      "whiteSpace" : false
    }, {
      "id" : "s1-t11",
      "begin" : 75,
      "end" : 85,
      "text" : "containing",
      "whiteSpace" : false
    }, {
      "id" : "s1-t12",
      "begin" : 86,
      "end" : 89,
      "text" : "0.8",
      "whiteSpace" : false
    }, {
      "id" : "s1-t13",
      "begin" : 90,
      "end" : 95,
      "text" : "acres",
      "whiteSpace" : false
    }, {
      "id" : "s1-t14",
      "begin" : 96,
      "end" : 98,
      "text" : "be",
      "whiteSpace" : false
    }, {
      "id" : "s1-t15",
      "begin" : 99,
      "end" : 102,
      "text" : "the",
      "whiteSpace" : false
    }, {
      "id" : "s1-t16",
      "begin" : 103,
      "end" : 107,
      "text" : "same",
      "whiteSpace" : false
    }, {
      "id" : "s1-t17",
      "begin" : 108,
      "end" : 112,
      "text" : "more",
      "whiteSpace" : false
    }, {
      "id" : "s1-t18",
      "begin" : 113,
      "end" : 115,
      "text" : "or",
      "whiteSpace" : false
    }, {
      "id" : "s1-t19",
      "begin" : 116,
      "end" : 120,
      "text" : "less",
      "whiteSpace" : false
    }, {
      "id" : "s1-t20",
      "begin" : 121,
      "end" : 126,
      "text" : "Being",
      "whiteSpace" : false
    }, {
      "id" : "s1-t21",
      "begin" : 127,
      "end" : 128,
      "text" : "a",
      "whiteSpace" : false
    }, {
      "id" : "s1-t22",
      "begin" : 129,
      "end" : 136,
      "text" : "portion",
      "whiteSpace" : false
    }, {
      "id" : "s1-t23",
      "begin" : 137,
      "end" : 139,
      "text" : "of",
      "whiteSpace" : false
    }, {
      "id" : "s1-t24",
      "begin" : 140,
      "end" : 143,
      "text" : "the",
      "whiteSpace" : false
    }, {
      "id" : "s1-t25",
      "begin" : 144,
      "end" : 147,
      "text" : "old",
      "whiteSpace" : false
    }, {
      "id" : "s1-t26",
      "begin" : 148,
      "end" : 150,
      "text" : "S.",
      "whiteSpace" : false
    }, {
      "id" : "s1-t27",
      "begin" : 151,
      "end" : 153,
      "text" : "W.",
      "whiteSpace" : false
    }, {
      "id" : "s1-t28",
      "begin" : 154,
      "end" : 160,
      "text" : "Rogers",
      "whiteSpace" : false
    }, {
      "id" : "s1-t29",
      "begin" : 161,
      "end" : 165,
      "text" : "farm",
      "whiteSpace" : false
    }, {
      "id" : "s1-t30",
      "begin" : 166,
      "end" : 169,
      "text" : "and",
      "whiteSpace" : false
    }, {
      "id" : "s1-t31",
      "begin" : 170,
      "end" : 171,
      "text" : "a",
      "whiteSpace" : false
    }, {
      "id" : "s1-t32",
      "begin" : 172,
      "end" : 179,
      "text" : "portion",
      "whiteSpace" : false
    }, {
      "id" : "s1-t33",
      "begin" : 180,
      "end" : 182,
      "text" : "of",
      "whiteSpace" : false
    }, {
      "id" : "s1-t34",
      "begin" : 183,
      "end" : 188,
      "text" : "tract",
      "whiteSpace" : false
    }, {
      "id" : "s1-t35",
      "begin" : 189,
      "end" : 192,
      "text" : "No.",
      "whiteSpace" : false
    }, {
      "id" : "s1-t36",
      "begin" : 193,
      "end" : 194,
      "text" : "2",
      "whiteSpace" : false
    }, {
      "id" : "s1-t37",
      "begin" : 195,
      "end" : 197,
      "text" : "of",
      "whiteSpace" : false
    }, {
      "id" : "s1-t38",
      "begin" : 198,
      "end" : 201,
      "text" : "the",
      "whiteSpace" : false
    }, {
      "id" : "s1-t39",
      "begin" : 202,
      "end" : 206,
      "text" : "land",
      "whiteSpace" : false
    }, {
      "id" : "s1-t40",
      "begin" : 207,
      "end" : 215,
      "text" : "conveyed",
      "whiteSpace" : false
    }, {
      "id" : "s1-t41",
      "begin" : 216,
      "end" : 218,
      "text" : "to",
      "whiteSpace" : false
    }, {
      "id" : "s1-t42",
      "begin" : 219,
      "end" : 222,
      "text" : "the",
      "whiteSpace" : false
    }, {
      "id" : "s1-t43",
      "begin" : 223,
      "end" : 234,
      "text" : "undersigned",
      "whiteSpace" : false
    }, {
      "id" : "s1-t44",
      "begin" : 235,
      "end" : 237,
      "text" : "by",
      "whiteSpace" : false
    }, {
      "id" : "s1-t45",
      "begin" : 238,
      "end" : 242,
      "text" : "deed",
      "whiteSpace" : false
    }, {
      "id" : "s1-t46",
      "begin" : 243,
      "end" : 245,
      "text" : "of",
      "whiteSpace" : false
    }, {
      "id" : "s1-t47",
      "begin" : 246,
      "end" : 252,
      "text" : "record",
      "whiteSpace" : false
    }, {
      "id" : "s1-t48",
      "begin" : 253,
      "end" : 255,
      "text" : "in",
      "whiteSpace" : false
    }, {
      "id" : "s1-t49",
      "begin" : 256,
      "end" : 260,
      "text" : "Deed",
      "whiteSpace" : false
    }, {
      "id" : "s1-t50",
      "begin" : 261,
      "end" : 265,
      "text" : "Book",
      "whiteSpace" : false
    }, {
      "id" : "s1-t51",
      "begin" : 266,
      "end" : 269,
      "text" : "No.",
      "whiteSpace" : false
    }, {
      "id" : "s1-t52",
      "begin" : 270,
      "end" : 272,
      "text" : "50",
      "whiteSpace" : false
    }, {
      "id" : "s1-t53",
      "begin" : 272,
      "end" : 273,
      "text" : ",",
      "whiteSpace" : false
    }, {
      "id" : "s1-t54",
      "begin" : 274,
      "end" : 278,
      "text" : "page",
      "whiteSpace" : false
    }, {
      "id" : "s1-t55",
      "begin" : 279,
      "end" : 282,
      "text" : "181",
      "whiteSpace" : false
    }, {
      "id" : "s1-t56",
      "begin" : 283,
      "end" : 285,
      "text" : "of",
      "whiteSpace" : false
    }, {
      "id" : "s1-t57",
      "begin" : 286,
      "end" : 289,
      "text" : "the",
      "whiteSpace" : false
    }, {
      "id" : "s1-t58",
      "begin" : 290,
      "end" : 298,
      "text" : "Register",
      "whiteSpace" : false
    }, {
      "id" : "s1-t59",
      "begin" : 298,
      "end" : 300,
      "text" : "'s",
      "whiteSpace" : false
    }, {
      "id" : "s1-t60",
      "begin" : 301,
      "end" : 307,
      "text" : "Office",
      "whiteSpace" : false
    }, {
      "id" : "s1-t61",
      "begin" : 308,
      "end" : 310,
      "text" : "of",
      "whiteSpace" : false
    }, {
      "id" : "s1-t62",
      "begin" : 311,
      "end" : 320,
      "text" : "Humphreys",
      "whiteSpace" : false
    }, {
      "id" : "s1-t63",
      "begin" : 321,
      "end" : 327,
      "text" : "County",
      "whiteSpace" : false
    }, {
      "id" : "s1-t64",
      "begin" : 327,
      "end" : 328,
      "text" : ",",
      "whiteSpace" : false
    }, {
      "id" : "s1-t65",
      "begin" : 329,
      "end" : 338,
      "text" : "Tennessee",
      "whiteSpace" : false
    }, {
      "id" : "s1-t66",
      "begin" : 338,
      "end" : 339,
      "text" : ".",
      "whiteSpace" : false
    } ]
  }, {
    "id" : "s2",
    "begin" : 340,
    "end" : 532,
    "text" : "To Have and to Hold the said tract or parcel of land, with the appurtenances, estate, title, and interest thereto belonging, to the said Charles B. Gentry, Jr., his heirs and assigns, forever.",
    "tokens" : [ {
      "id" : "s2-t0",
      "begin" : 340,
      "end" : 342,
      "text" : "To",
      "whiteSpace" : false
    }, {
      "id" : "s2-t1",
      "begin" : 343,
      "end" : 347,
      "text" : "Have",
      "whiteSpace" : false
    }, {
      "id" : "s2-t2",
      "begin" : 348,
      "end" : 351,
      "text" : "and",
      "whiteSpace" : false
    }, {
      "id" : "s2-t3",
      "begin" : 352,
      "end" : 354,
      "text" : "to",
      "whiteSpace" : false
    }, {
      "id" : "s2-t4",
      "begin" : 355,
      "end" : 359,
      "text" : "Hold",
      "whiteSpace" : false
    }, {
      "id" : "s2-t5",
      "begin" : 360,
      "end" : 363,
      "text" : "the",
      "whiteSpace" : false
    }, {
      "id" : "s2-t6",
      "begin" : 364,
      "end" : 368,
      "text" : "said",
      "whiteSpace" : false
    }, {
      "id" : "s2-t7",
      "begin" : 369,
      "end" : 374,
      "text" : "tract",
      "whiteSpace" : false
    }, {
      "id" : "s2-t8",
      "begin" : 375,
      "end" : 377,
      "text" : "or",
      "whiteSpace" : false
    }, {
      "id" : "s2-t9",
      "begin" : 378,
      "end" : 384,
      "text" : "parcel",
      "whiteSpace" : false
    }, {
      "id" : "s2-t10",
      "begin" : 385,
      "end" : 387,
      "text" : "of",
      "whiteSpace" : false
    }, {
      "id" : "s2-t11",
      "begin" : 388,
      "end" : 392,
      "text" : "land",
      "whiteSpace" : false
    }, {
      "id" : "s2-t12",
      "begin" : 392,
      "end" : 393,
      "text" : ",",
      "whiteSpace" : false
    }, {
      "id" : "s2-t13",
      "begin" : 394,
      "end" : 398,
      "text" : "with",
      "whiteSpace" : false
    }, {
      "id" : "s2-t14",
      "begin" : 399,
      "end" : 402,
      "text" : "the",
      "whiteSpace" : false
    }, {
      "id" : "s2-t15",
      "begin" : 403,
      "end" : 416,
      "text" : "appurtenances",
      "whiteSpace" : false
    }, {
      "id" : "s2-t16",
      "begin" : 416,
      "end" : 417,
      "text" : ",",
      "whiteSpace" : false
    }, {
      "id" : "s2-t17",
      "begin" : 418,
      "end" : 424,
      "text" : "estate",
      "whiteSpace" : false
    }, {
      "id" : "s2-t18",
      "begin" : 424,
      "end" : 425,
      "text" : ",",
      "whiteSpace" : false
    }, {
      "id" : "s2-t19",
      "begin" : 426,
      "end" : 431,
      "text" : "title",
      "whiteSpace" : false
    }, {
      "id" : "s2-t20",
      "begin" : 431,
      "end" : 432,
      "text" : ",",
      "whiteSpace" : false
    }, {
      "id" : "s2-t21",
      "begin" : 433,
      "end" : 436,
      "text" : "and",
      "whiteSpace" : false
    }, {
      "id" : "s2-t22",
      "begin" : 437,
      "end" : 445,
      "text" : "interest",
      "whiteSpace" : false
    }, {
      "id" : "s2-t23",
      "begin" : 446,
      "end" : 453,
      "text" : "thereto",
      "whiteSpace" : false
    }, {
      "id" : "s2-t24",
      "begin" : 454,
      "end" : 463,
      "text" : "belonging",
      "whiteSpace" : false
    }, {
      "id" : "s2-t25",
      "begin" : 463,
      "end" : 464,
      "text" : ",",
      "whiteSpace" : false
    }, {
      "id" : "s2-t26",
      "begin" : 465,
      "end" : 467,
      "text" : "to",
      "whiteSpace" : false
    }, {
      "id" : "s2-t27",
      "begin" : 468,
      "end" : 471,
      "text" : "the",
      "whiteSpace" : false
    }, {
      "id" : "s2-t28",
      "begin" : 472,
      "end" : 476,
      "text" : "said",
      "whiteSpace" : false
    }, {
      "id" : "s2-t29",
      "begin" : 477,
      "end" : 484,
      "text" : "Charles",
      "whiteSpace" : false
    }, {
      "id" : "s2-t30",
      "begin" : 485,
      "end" : 487,
      "text" : "B.",
      "whiteSpace" : false
    }, {
      "id" : "s2-t31",
      "begin" : 488,
      "end" : 494,
      "text" : "Gentry",
      "whiteSpace" : false
    }, {
      "id" : "s2-t32",
      "begin" : 494,
      "end" : 495,
      "text" : ",",
      "whiteSpace" : false
    }, {
      "id" : "s2-t33",
      "begin" : 496,
      "end" : 499,
      "text" : "Jr.",
      "whiteSpace" : false
    }, {
      "id" : "s2-t34",
      "begin" : 499,
      "end" : 500,
      "text" : ",",
      "whiteSpace" : false
    }, {
      "id" : "s2-t35",
      "begin" : 501,
      "end" : 504,
      "text" : "his",
      "whiteSpace" : false
    }, {
      "id" : "s2-t36",
      "begin" : 505,
      "end" : 510,
      "text" : "heirs",
      "whiteSpace" : false
    }, {
      "id" : "s2-t37",
      "begin" : 511,
      "end" : 514,
      "text" : "and",
      "whiteSpace" : false
    }, {
      "id" : "s2-t38",
      "begin" : 515,
      "end" : 522,
      "text" : "assigns",
      "whiteSpace" : false
    }, {
      "id" : "s2-t39",
      "begin" : 522,
      "end" : 523,
      "text" : ",",
      "whiteSpace" : false
    }, {
      "id" : "s2-t40",
      "begin" : 524,
      "end" : 531,
      "text" : "forever",
      "whiteSpace" : false
    }, {
      "id" : "s2-t41",
      "begin" : 531,
      "end" : 532,
      "text" : ".",
      "whiteSpace" : false
    } ]
  }, {
    "id" : "s3",
    "begin" : 533,
    "end" : 720,
    "text" : "And we do covenant with the said Charles B. Gentry, Jr. that we are lawfully seized and possessed of said land in Fee Simple; have a good right to convey it, and the same is unincumbered.",
    "tokens" : [ {
      "id" : "s3-t0",
      "begin" : 533,
      "end" : 536,
      "text" : "And",
      "whiteSpace" : false
    }, {
      "id" : "s3-t1",
      "begin" : 537,
      "end" : 539,
      "text" : "we",
      "whiteSpace" : false
    }, {
      "id" : "s3-t2",
      "begin" : 540,
      "end" : 542,
      "text" : "do",
      "whiteSpace" : false
    }, {
      "id" : "s3-t3",
      "begin" : 543,
      "end" : 551,
      "text" : "covenant",
      "whiteSpace" : false
    }, {
      "id" : "s3-t4",
      "begin" : 552,
      "end" : 556,
      "text" : "with",
      "whiteSpace" : false
    }, {
      "id" : "s3-t5",
      "begin" : 557,
      "end" : 560,
      "text" : "the",
      "whiteSpace" : false
    }, {
      "id" : "s3-t6",
      "begin" : 561,
      "end" : 565,
      "text" : "said",
      "whiteSpace" : false
    }, {
      "id" : "s3-t7",
      "begin" : 566,
      "end" : 573,
      "text" : "Charles",
      "whiteSpace" : false
    }, {
      "id" : "s3-t8",
      "begin" : 574,
      "end" : 576,
      "text" : "B.",
      "whiteSpace" : false
    }, {
      "id" : "s3-t9",
      "begin" : 577,
      "end" : 583,
      "text" : "Gentry",
      "whiteSpace" : false
    }, {
      "id" : "s3-t10",
      "begin" : 583,
      "end" : 584,
      "text" : ",",
      "whiteSpace" : false
    }, {
      "id" : "s3-t11",
      "begin" : 585,
      "end" : 588,
      "text" : "Jr.",
      "whiteSpace" : false
    }, {
      "id" : "s3-t12",
      "begin" : 589,
      "end" : 593,
      "text" : "that",
      "whiteSpace" : false
    }, {
      "id" : "s3-t13",
      "begin" : 594,
      "end" : 596,
      "text" : "we",
      "whiteSpace" : false
    }, {
      "id" : "s3-t14",
      "begin" : 597,
      "end" : 600,
      "text" : "are",
      "whiteSpace" : false
    }, {
      "id" : "s3-t15",
      "begin" : 601,
      "end" : 609,
      "text" : "lawfully",
      "whiteSpace" : false
    }, {
      "id" : "s3-t16",
      "begin" : 610,
      "end" : 616,
      "text" : "seized",
      "whiteSpace" : false
    }, {
      "id" : "s3-t17",
      "begin" : 617,
      "end" : 620,
      "text" : "and",
      "whiteSpace" : false
    }, {
      "id" : "s3-t18",
      "begin" : 621,
      "end" : 630,
      "text" : "possessed",
      "whiteSpace" : false
    }, {
      "id" : "s3-t19",
      "begin" : 631,
      "end" : 633,
      "text" : "of",
      "whiteSpace" : false
    }, {
      "id" : "s3-t20",
      "begin" : 634,
      "end" : 638,
      "text" : "said",
      "whiteSpace" : false
    }, {
      "id" : "s3-t21",
      "begin" : 639,
      "end" : 643,
      "text" : "land",
      "whiteSpace" : false
    }, {
      "id" : "s3-t22",
      "begin" : 644,
      "end" : 646,
      "text" : "in",
      "whiteSpace" : false
    }, {
      "id" : "s3-t23",
      "begin" : 647,
      "end" : 650,
      "text" : "Fee",
      "whiteSpace" : false
    }, {
      "id" : "s3-t24",
      "begin" : 651,
      "end" : 657,
      "text" : "Simple",
      "whiteSpace" : false
    }, {
      "id" : "s3-t25",
      "begin" : 657,
      "end" : 658,
      "text" : ";",
      "whiteSpace" : false
    }, {
      "id" : "s3-t26",
      "begin" : 659,
      "end" : 663,
      "text" : "have",
      "whiteSpace" : false
    }, {
      "id" : "s3-t27",
      "begin" : 664,
      "end" : 665,
      "text" : "a",
      "whiteSpace" : false
    }, {
      "id" : "s3-t28",
      "begin" : 666,
      "end" : 670,
      "text" : "good",
      "whiteSpace" : false
    }, {
      "id" : "s3-t29",
      "begin" : 671,
      "end" : 676,
      "text" : "right",
      "whiteSpace" : false
    }, {
      "id" : "s3-t30",
      "begin" : 677,
      "end" : 679,
      "text" : "to",
      "whiteSpace" : false
    }, {
      "id" : "s3-t31",
      "begin" : 680,
      "end" : 686,
      "text" : "convey",
      "whiteSpace" : false
    }, {
      "id" : "s3-t32",
      "begin" : 687,
      "end" : 689,
      "text" : "it",
      "whiteSpace" : false
    }, {
      "id" : "s3-t33",
      "begin" : 689,
      "end" : 690,
      "text" : ",",
      "whiteSpace" : false
    }, {
      "id" : "s3-t34",
      "begin" : 691,
      "end" : 694,
      "text" : "and",
      "whiteSpace" : false
    }, {
      "id" : "s3-t35",
      "begin" : 695,
      "end" : 698,
      "text" : "the",
      "whiteSpace" : false
    }, {
      "id" : "s3-t36",
      "begin" : 699,
      "end" : 703,
      "text" : "same",
      "whiteSpace" : false
    }, {
      "id" : "s3-t37",
      "begin" : 704,
      "end" : 706,
      "text" : "is",
      "whiteSpace" : false
    }, {
      "id" : "s3-t38",
      "begin" : 707,
      "end" : 719,
      "text" : "unincumbered",
      "whiteSpace" : false
    }, {
      "id" : "s3-t39",
      "begin" : 719,
      "end" : 720,
      "text" : ".",
      "whiteSpace" : false
    } ]
  }, {
    "id" : "s4",
    "begin" : 721,
    "end" : 964,
    "text" : "And we do further covenant and bind ourselves and our heirs and representatives to warrant and forever defend the title to said land to the said Charles B. Gentry, Jr. His heirs and assigns, against the lawful claims of all persons whomsoever.",
    "tokens" : [ {
      "id" : "s4-t0",
      "begin" : 721,
      "end" : 724,
      "text" : "And",
      "whiteSpace" : false
    }, {
      "id" : "s4-t1",
      "begin" : 725,
      "end" : 727,
      "text" : "we",
      "whiteSpace" : false
    }, {
      "id" : "s4-t2",
      "begin" : 728,
      "end" : 730,
      "text" : "do",
      "whiteSpace" : false
    }, {
      "id" : "s4-t3",
      "begin" : 731,
      "end" : 738,
      "text" : "further",
      "whiteSpace" : false
    }, {
      "id" : "s4-t4",
      "begin" : 739,
      "end" : 747,
      "text" : "covenant",
      "whiteSpace" : false
    }, {
      "id" : "s4-t5",
      "begin" : 748,
      "end" : 751,
      "text" : "and",
      "whiteSpace" : false
    }, {
      "id" : "s4-t6",
      "begin" : 752,
      "end" : 756,
      "text" : "bind",
      "whiteSpace" : false
    }, {
      "id" : "s4-t7",
      "begin" : 757,
      "end" : 766,
      "text" : "ourselves",
      "whiteSpace" : false
    }, {
      "id" : "s4-t8",
      "begin" : 767,
      "end" : 770,
      "text" : "and",
      "whiteSpace" : false
    }, {
      "id" : "s4-t9",
      "begin" : 771,
      "end" : 774,
      "text" : "our",
      "whiteSpace" : false
    }, {
      "id" : "s4-t10",
      "begin" : 775,
      "end" : 780,
      "text" : "heirs",
      "whiteSpace" : false
    }, {
      "id" : "s4-t11",
      "begin" : 781,
      "end" : 784,
      "text" : "and",
      "whiteSpace" : false
    }, {
      "id" : "s4-t12",
      "begin" : 785,
      "end" : 800,
      "text" : "representatives",
      "whiteSpace" : false
    }, {
      "id" : "s4-t13",
      "begin" : 801,
      "end" : 803,
      "text" : "to",
      "whiteSpace" : false
    }, {
      "id" : "s4-t14",
      "begin" : 804,
      "end" : 811,
      "text" : "warrant",
      "whiteSpace" : false
    }, {
      "id" : "s4-t15",
      "begin" : 812,
      "end" : 815,
      "text" : "and",
      "whiteSpace" : false
    }, {
      "id" : "s4-t16",
      "begin" : 816,
      "end" : 823,
      "text" : "forever",
      "whiteSpace" : false
    }, {
      "id" : "s4-t17",
      "begin" : 824,
      "end" : 830,
      "text" : "defend",
      "whiteSpace" : false
    }, {
      "id" : "s4-t18",
      "begin" : 831,
      "end" : 834,
      "text" : "the",
      "whiteSpace" : false
    }, {
      "id" : "s4-t19",
      "begin" : 835,
      "end" : 840,
      "text" : "title",
      "whiteSpace" : false
    }, {
      "id" : "s4-t20",
      "begin" : 841,
      "end" : 843,
      "text" : "to",
      "whiteSpace" : false
    }, {
      "id" : "s4-t21",
      "begin" : 844,
      "end" : 848,
      "text" : "said",
      "whiteSpace" : false
    }, {
      "id" : "s4-t22",
      "begin" : 849,
      "end" : 853,
      "text" : "land",
      "whiteSpace" : false
    }, {
      "id" : "s4-t23",
      "begin" : 854,
      "end" : 856,
      "text" : "to",
      "whiteSpace" : false
    }, {
      "id" : "s4-t24",
      "begin" : 857,
      "end" : 860,
      "text" : "the",
      "whiteSpace" : false
    }, {
      "id" : "s4-t25",
      "begin" : 861,
      "end" : 865,
      "text" : "said",
      "whiteSpace" : false
    }, {
      "id" : "s4-t26",
      "begin" : 866,
      "end" : 873,
      "text" : "Charles",
      "whiteSpace" : false
    }, {
      "id" : "s4-t27",
      "begin" : 874,
      "end" : 876,
      "text" : "B.",
      "whiteSpace" : false
    }, {
      "id" : "s4-t28",
      "begin" : 877,
      "end" : 883,
      "text" : "Gentry",
      "whiteSpace" : false
    }, {
      "id" : "s4-t29",
      "begin" : 883,
      "end" : 884,
      "text" : ",",
      "whiteSpace" : false
    }, {
      "id" : "s4-t30",
      "begin" : 885,
      "end" : 888,
      "text" : "Jr.",
      "whiteSpace" : false
    }, {
      "id" : "s4-t31",
      "begin" : 889,
      "end" : 892,
      "text" : "His",
      "whiteSpace" : false
    }, {
      "id" : "s4-t32",
      "begin" : 893,
      "end" : 898,
      "text" : "heirs",
      "whiteSpace" : false
    }, {
      "id" : "s4-t33",
      "begin" : 899,
      "end" : 902,
      "text" : "and",
      "whiteSpace" : false
    }, {
      "id" : "s4-t34",
      "begin" : 903,
      "end" : 910,
      "text" : "assigns",
      "whiteSpace" : false
    }, {
      "id" : "s4-t35",
      "begin" : 910,
      "end" : 911,
      "text" : ",",
      "whiteSpace" : false
    }, {
      "id" : "s4-t36",
      "begin" : 912,
      "end" : 919,
      "text" : "against",
      "whiteSpace" : false
    }, {
      "id" : "s4-t37",
      "begin" : 920,
      "end" : 923,
      "text" : "the",
      "whiteSpace" : false
    }, {
      "id" : "s4-t38",
      "begin" : 924,
      "end" : 930,
      "text" : "lawful",
      "whiteSpace" : false
    }, {
      "id" : "s4-t39",
      "begin" : 931,
      "end" : 937,
      "text" : "claims",
      "whiteSpace" : false
    }, {
      "id" : "s4-t40",
      "begin" : 938,
      "end" : 940,
      "text" : "of",
      "whiteSpace" : false
    }, {
      "id" : "s4-t41",
      "begin" : 941,
      "end" : 944,
      "text" : "all",
      "whiteSpace" : false
    }, {
      "id" : "s4-t42",
      "begin" : 945,
      "end" : 952,
      "text" : "persons",
      "whiteSpace" : false
    }, {
      "id" : "s4-t43",
      "begin" : 953,
      "end" : 963,
      "text" : "whomsoever",
      "whiteSpace" : false
    }, {
      "id" : "s4-t44",
      "begin" : 963,
      "end" : 964,
      "text" : ".",
      "whiteSpace" : false
    } ]
  }, {
    "id" : "s5",
    "begin" : 965,
    "end" : 1017,
    "text" : "Witness our hands, this 20th day of September, 1962.",
    "tokens" : [ {
      "id" : "s5-t0",
      "begin" : 965,
      "end" : 972,
      "text" : "Witness",
      "whiteSpace" : false
    }, {
      "id" : "s5-t1",
      "begin" : 973,
      "end" : 976,
      "text" : "our",
      "whiteSpace" : false
    }, {
      "id" : "s5-t2",
      "begin" : 977,
      "end" : 982,
      "text" : "hands",
      "whiteSpace" : false
    }, {
      "id" : "s5-t3",
      "begin" : 982,
      "end" : 983,
      "text" : ",",
      "whiteSpace" : false
    }, {
      "id" : "s5-t4",
      "begin" : 984,
      "end" : 988,
      "text" : "this",
      "whiteSpace" : false
    }, {
      "id" : "s5-t5",
      "begin" : 989,
      "end" : 993,
      "text" : "20th",
      "whiteSpace" : false
    }, {
      "id" : "s5-t6",
      "begin" : 994,
      "end" : 997,
      "text" : "day",
      "whiteSpace" : false
    }, {
      "id" : "s5-t7",
      "begin" : 998,
      "end" : 1000,
      "text" : "of",
      "whiteSpace" : false
    }, {
      "id" : "s5-t8",
      "begin" : 1001,
      "end" : 1010,
      "text" : "September",
      "whiteSpace" : false
    }, {
      "id" : "s5-t9",
      "begin" : 1010,
      "end" : 1011,
      "text" : ",",
      "whiteSpace" : false
    }, {
      "id" : "s5-t10",
      "begin" : 1012,
      "end" : 1016,
      "text" : "1962",
      "whiteSpace" : false
    }, {
      "id" : "s5-t11",
      "begin" : 1016,
      "end" : 1017,
      "text" : ".",
      "whiteSpace" : false
    } ]
  }, {
    "id" : "s6",
    "begin" : 1018,
    "end" : 1090,
    "text" : "Bethel Gentry /s/ Zoreta Gentry /s/ ACKNOWLEDGMENT BEFORE NOTARY PUBLIC.",
    "tokens" : [ {
      "id" : "s6-t0",
      "begin" : 1018,
      "end" : 1024,
      "text" : "Bethel",
      "whiteSpace" : false
    }, {
      "id" : "s6-t1",
      "begin" : 1025,
      "end" : 1031,
      "text" : "Gentry",
      "whiteSpace" : false
    }, {
      "id" : "s6-t2",
      "begin" : 1032,
      "end" : 1035,
      "text" : "/s/",
      "whiteSpace" : false
    }, {
      "id" : "s6-t3",
      "begin" : 1036,
      "end" : 1042,
      "text" : "Zoreta",
      "whiteSpace" : false
    }, {
      "id" : "s6-t4",
      "begin" : 1043,
      "end" : 1049,
      "text" : "Gentry",
      "whiteSpace" : false
    }, {
      "id" : "s6-t5",
      "begin" : 1050,
      "end" : 1053,
      "text" : "/s/",
      "whiteSpace" : false
    }, {
      "id" : "s6-t6",
      "begin" : 1054,
      "end" : 1068,
      "text" : "ACKNOWLEDGMENT",
      "whiteSpace" : false
    }, {
      "id" : "s6-t7",
      "begin" : 1069,
      "end" : 1075,
      "text" : "BEFORE",
      "whiteSpace" : false
    }, {
      "id" : "s6-t8",
      "begin" : 1076,
      "end" : 1082,
      "text" : "NOTARY",
      "whiteSpace" : false
    }, {
      "id" : "s6-t9",
      "begin" : 1083,
      "end" : 1089,
      "text" : "PUBLIC",
      "whiteSpace" : false
    }, {
      "id" : "s6-t10",
      "begin" : 1089,
      "end" : 1090,
      "text" : ".",
      "whiteSpace" : false
    } ]
  }, {
    "id" : "s7",
    "begin" : 1091,
    "end" : 1437,
    "text" : "STATE-OF TENNESSEE, HUMPHREYS COUNTY Personally appeared before me, Jelema Dotson (Baker), a Notary Public in and for said County and State, the within named Bethel Gentry and wife Zoreta Gentry, the bargainors, with whom I am personally acquainted, and who acknowledged that they executed the within instrument for thepurposes therein contained.",
    "tokens" : [ {
      "id" : "s7-t0",
      "begin" : 1091,
      "end" : 1096,
      "text" : "STATE",
      "whiteSpace" : false
    }, {
      "id" : "s7-t1",
      "begin" : 1096,
      "end" : 1097,
      "text" : "-",
      "whiteSpace" : false
    }, {
      "id" : "s7-t2",
      "begin" : 1097,
      "end" : 1099,
      "text" : "OF",
      "whiteSpace" : false
    }, {
      "id" : "s7-t3",
      "begin" : 1100,
      "end" : 1109,
      "text" : "TENNESSEE",
      "whiteSpace" : false
    }, {
      "id" : "s7-t4",
      "begin" : 1109,
      "end" : 1110,
      "text" : ",",
      "whiteSpace" : false
    }, {
      "id" : "s7-t5",
      "begin" : 1111,
      "end" : 1120,
      "text" : "HUMPHREYS",
      "whiteSpace" : false
    }, {
      "id" : "s7-t6",
      "begin" : 1121,
      "end" : 1127,
      "text" : "COUNTY",
      "whiteSpace" : false
    }, {
      "id" : "s7-t7",
      "begin" : 1128,
      "end" : 1138,
      "text" : "Personally",
      "whiteSpace" : false
    }, {
      "id" : "s7-t8",
      "begin" : 1139,
      "end" : 1147,
      "text" : "appeared",
      "whiteSpace" : false
    }, {
      "id" : "s7-t9",
      "begin" : 1148,
      "end" : 1154,
      "text" : "before",
      "whiteSpace" : false
    }, {
      "id" : "s7-t10",
      "begin" : 1155,
      "end" : 1157,
      "text" : "me",
      "whiteSpace" : false
    }, {
      "id" : "s7-t11",
      "begin" : 1157,
      "end" : 1158,
      "text" : ",",
      "whiteSpace" : false
    }, {
      "id" : "s7-t12",
      "begin" : 1159,
      "end" : 1165,
      "text" : "Jelema",
      "whiteSpace" : false
    }, {
      "id" : "s7-t13",
      "begin" : 1166,
      "end" : 1172,
      "text" : "Dotson",
      "whiteSpace" : false
    }, {
      "id" : "s7-t14",
      "begin" : 1173,
      "end" : 1174,
      "text" : "(",
      "whiteSpace" : false
    }, {
      "id" : "s7-t15",
      "begin" : 1174,
      "end" : 1179,
      "text" : "Baker",
      "whiteSpace" : false
    }, {
      "id" : "s7-t16",
      "begin" : 1179,
      "end" : 1180,
      "text" : ")",
      "whiteSpace" : false
    }, {
      "id" : "s7-t17",
      "begin" : 1180,
      "end" : 1181,
      "text" : ",",
      "whiteSpace" : false
    }, {
      "id" : "s7-t18",
      "begin" : 1182,
      "end" : 1183,
      "text" : "a",
      "whiteSpace" : false
    }, {
      "id" : "s7-t19",
      "begin" : 1184,
      "end" : 1190,
      "text" : "Notary",
      "whiteSpace" : false
    }, {
      "id" : "s7-t20",
      "begin" : 1191,
      "end" : 1197,
      "text" : "Public",
      "whiteSpace" : false
    }, {
      "id" : "s7-t21",
      "begin" : 1198,
      "end" : 1200,
      "text" : "in",
      "whiteSpace" : false
    }, {
      "id" : "s7-t22",
      "begin" : 1201,
      "end" : 1204,
      "text" : "and",
      "whiteSpace" : false
    }, {
      "id" : "s7-t23",
      "begin" : 1205,
      "end" : 1208,
      "text" : "for",
      "whiteSpace" : false
    }, {
      "id" : "s7-t24",
      "begin" : 1209,
      "end" : 1213,
      "text" : "said",
      "whiteSpace" : false
    }, {
      "id" : "s7-t25",
      "begin" : 1214,
      "end" : 1220,
      "text" : "County",
      "whiteSpace" : false
    }, {
      "id" : "s7-t26",
      "begin" : 1221,
      "end" : 1224,
      "text" : "and",
      "whiteSpace" : false
    }, {
      "id" : "s7-t27",
      "begin" : 1225,
      "end" : 1230,
      "text" : "State",
      "whiteSpace" : false
    }, {
      "id" : "s7-t28",
      "begin" : 1230,
      "end" : 1231,
      "text" : ",",
      "whiteSpace" : false
    }, {
      "id" : "s7-t29",
      "begin" : 1232,
      "end" : 1235,
      "text" : "the",
      "whiteSpace" : false
    }, {
      "id" : "s7-t30",
      "begin" : 1236,
      "end" : 1242,
      "text" : "within",
      "whiteSpace" : false
    }, {
      "id" : "s7-t31",
      "begin" : 1243,
      "end" : 1248,
      "text" : "named",
      "whiteSpace" : false
    }, {
      "id" : "s7-t32",
      "begin" : 1249,
      "end" : 1255,
      "text" : "Bethel",
      "whiteSpace" : false
    }, {
      "id" : "s7-t33",
      "begin" : 1256,
      "end" : 1262,
      "text" : "Gentry",
      "whiteSpace" : false
    }, {
      "id" : "s7-t34",
      "begin" : 1263,
      "end" : 1266,
      "text" : "and",
      "whiteSpace" : false
    }, {
      "id" : "s7-t35",
      "begin" : 1267,
      "end" : 1271,
      "text" : "wife",
      "whiteSpace" : false
    }, {
      "id" : "s7-t36",
      "begin" : 1272,
      "end" : 1278,
      "text" : "Zoreta",
      "whiteSpace" : false
    }, {
      "id" : "s7-t37",
      "begin" : 1279,
      "end" : 1285,
      "text" : "Gentry",
      "whiteSpace" : false
    }, {
      "id" : "s7-t38",
      "begin" : 1285,
      "end" : 1286,
      "text" : ",",
      "whiteSpace" : false
    }, {
      "id" : "s7-t39",
      "begin" : 1287,
      "end" : 1290,
      "text" : "the",
      "whiteSpace" : false
    }, {
      "id" : "s7-t40",
      "begin" : 1291,
      "end" : 1301,
      "text" : "bargainors",
      "whiteSpace" : false
    }, {
      "id" : "s7-t41",
      "begin" : 1301,
      "end" : 1302,
      "text" : ",",
      "whiteSpace" : false
    }, {
      "id" : "s7-t42",
      "begin" : 1303,
      "end" : 1307,
      "text" : "with",
      "whiteSpace" : false
    }, {
      "id" : "s7-t43",
      "begin" : 1308,
      "end" : 1312,
      "text" : "whom",
      "whiteSpace" : false
    }, {
      "id" : "s7-t44",
      "begin" : 1313,
      "end" : 1314,
      "text" : "I",
      "whiteSpace" : false
    }, {
      "id" : "s7-t45",
      "begin" : 1315,
      "end" : 1317,
      "text" : "am",
      "whiteSpace" : false
    }, {
      "id" : "s7-t46",
      "begin" : 1318,
      "end" : 1328,
      "text" : "personally",
      "whiteSpace" : false
    }, {
      "id" : "s7-t47",
      "begin" : 1329,
      "end" : 1339,
      "text" : "acquainted",
      "whiteSpace" : false
    }, {
      "id" : "s7-t48",
      "begin" : 1339,
      "end" : 1340,
      "text" : ",",
      "whiteSpace" : false
    }, {
      "id" : "s7-t49",
      "begin" : 1341,
      "end" : 1344,
      "text" : "and",
      "whiteSpace" : false
    }, {
      "id" : "s7-t50",
      "begin" : 1345,
      "end" : 1348,
      "text" : "who",
      "whiteSpace" : false
    }, {
      "id" : "s7-t51",
      "begin" : 1349,
      "end" : 1361,
      "text" : "acknowledged",
      "whiteSpace" : false
    }, {
      "id" : "s7-t52",
      "begin" : 1362,
      "end" : 1366,
      "text" : "that",
      "whiteSpace" : false
    }, {
      "id" : "s7-t53",
      "begin" : 1367,
      "end" : 1371,
      "text" : "they",
      "whiteSpace" : false
    }, {
      "id" : "s7-t54",
      "begin" : 1372,
      "end" : 1380,
      "text" : "executed",
      "whiteSpace" : false
    }, {
      "id" : "s7-t55",
      "begin" : 1381,
      "end" : 1384,
      "text" : "the",
      "whiteSpace" : false
    }, {
      "id" : "s7-t56",
      "begin" : 1385,
      "end" : 1391,
      "text" : "within",
      "whiteSpace" : false
    }, {
      "id" : "s7-t57",
      "begin" : 1392,
      "end" : 1402,
      "text" : "instrument",
      "whiteSpace" : false
    }, {
      "id" : "s7-t58",
      "begin" : 1403,
      "end" : 1406,
      "text" : "for",
      "whiteSpace" : false
    }, {
      "id" : "s7-t59",
      "begin" : 1407,
      "end" : 1418,
      "text" : "thepurposes",
      "whiteSpace" : false
    }, {
      "id" : "s7-t60",
      "begin" : 1419,
      "end" : 1426,
      "text" : "therein",
      "whiteSpace" : false
    }, {
      "id" : "s7-t61",
      "begin" : 1427,
      "end" : 1436,
      "text" : "contained",
      "whiteSpace" : false
    }, {
      "id" : "s7-t62",
      "begin" : 1436,
      "end" : 1437,
      "text" : ".",
      "whiteSpace" : false
    } ]
  }, {
    "id" : "s8",
    "begin" : 1438,
    "end" : 1536,
    "text" : "Witness my hand and official seal, at McEwen, Tenn., Tennessee, thisZ???th day of September, 1962.",
    "tokens" : [ {
      "id" : "s8-t0",
      "begin" : 1438,
      "end" : 1445,
      "text" : "Witness",
      "whiteSpace" : false
    }, {
      "id" : "s8-t1",
      "begin" : 1446,
      "end" : 1448,
      "text" : "my",
      "whiteSpace" : false
    }, {
      "id" : "s8-t2",
      "begin" : 1449,
      "end" : 1453,
      "text" : "hand",
      "whiteSpace" : false
    }, {
      "id" : "s8-t3",
      "begin" : 1454,
      "end" : 1457,
      "text" : "and",
      "whiteSpace" : false
    }, {
      "id" : "s8-t4",
      "begin" : 1458,
      "end" : 1466,
      "text" : "official",
      "whiteSpace" : false
    }, {
      "id" : "s8-t5",
      "begin" : 1467,
      "end" : 1471,
      "text" : "seal",
      "whiteSpace" : false
    }, {
      "id" : "s8-t6",
      "begin" : 1471,
      "end" : 1472,
      "text" : ",",
      "whiteSpace" : false
    }, {
      "id" : "s8-t7",
      "begin" : 1473,
      "end" : 1475,
      "text" : "at",
      "whiteSpace" : false
    }, {
      "id" : "s8-t8",
      "begin" : 1476,
      "end" : 1482,
      "text" : "McEwen",
      "whiteSpace" : false
    }, {
      "id" : "s8-t9",
      "begin" : 1482,
      "end" : 1483,
      "text" : ",",
      "whiteSpace" : false
    }, {
      "id" : "s8-t10",
      "begin" : 1484,
      "end" : 1489,
      "text" : "Tenn.",
      "whiteSpace" : false
    }, {
      "id" : "s8-t11",
      "begin" : 1489,
      "end" : 1490,
      "text" : ",",
      "whiteSpace" : false
    }, {
      "id" : "s8-t12",
      "begin" : 1491,
      "end" : 1500,
      "text" : "Tennessee",
      "whiteSpace" : false
    }, {
      "id" : "s8-t13",
      "begin" : 1500,
      "end" : 1501,
      "text" : ",",
      "whiteSpace" : false
    }, {
      "id" : "s8-t14",
      "begin" : 1502,
      "end" : 1512,
      "text" : "thisZ???th",
      "whiteSpace" : false
    }, {
      "id" : "s8-t15",
      "begin" : 1513,
      "end" : 1516,
      "text" : "day",
      "whiteSpace" : false
    }, {
      "id" : "s8-t16",
      "begin" : 1517,
      "end" : 1519,
      "text" : "of",
      "whiteSpace" : false
    }, {
      "id" : "s8-t17",
      "begin" : 1520,
      "end" : 1529,
      "text" : "September",
      "whiteSpace" : false
    }, {
      "id" : "s8-t18",
      "begin" : 1529,
      "end" : 1530,
      "text" : ",",
      "whiteSpace" : false
    }, {
      "id" : "s8-t19",
      "begin" : 1531,
      "end" : 1535,
      "text" : "1962",
      "whiteSpace" : false
    }, {
      "id" : "s8-t20",
      "begin" : 1535,
      "end" : 1536,
      "text" : ".",
      "whiteSpace" : false
    } ]
  }, {
    "id" : "s9",
    "begin" : 1537,
    "end" : 1579,
    "text" : "(SEAL) My Commission Expires Jan. 7, 1964.",
    "tokens" : [ {
      "id" : "s9-t0",
      "begin" : 1537,
      "end" : 1538,
      "text" : "(",
      "whiteSpace" : false
    }, {
      "id" : "s9-t1",
      "begin" : 1538,
      "end" : 1542,
      "text" : "SEAL",
      "whiteSpace" : false
    }, {
      "id" : "s9-t2",
      "begin" : 1542,
      "end" : 1543,
      "text" : ")",
      "whiteSpace" : false
    }, {
      "id" : "s9-t3",
      "begin" : 1544,
      "end" : 1546,
      "text" : "My",
      "whiteSpace" : false
    }, {
      "id" : "s9-t4",
      "begin" : 1547,
      "end" : 1557,
      "text" : "Commission",
      "whiteSpace" : false
    }, {
      "id" : "s9-t5",
      "begin" : 1558,
      "end" : 1565,
      "text" : "Expires",
      "whiteSpace" : false
    }, {
      "id" : "s9-t6",
      "begin" : 1566,
      "end" : 1570,
      "text" : "Jan.",
      "whiteSpace" : false
    }, {
      "id" : "s9-t7",
      "begin" : 1571,
      "end" : 1572,
      "text" : "7",
      "whiteSpace" : false
    }, {
      "id" : "s9-t8",
      "begin" : 1572,
      "end" : 1573,
      "text" : ",",
      "whiteSpace" : false
    }, {
      "id" : "s9-t9",
      "begin" : 1574,
      "end" : 1578,
      "text" : "1964",
      "whiteSpace" : false
    }, {
      "id" : "s9-t10",
      "begin" : 1578,
      "end" : 1579,
      "text" : ".",
      "whiteSpace" : false
    } ]
  }, {
    "id" : "s10",
    "begin" : 1580,
    "end" : 1657,
    "text" : "Jelema Dotson (Baker) /s/ Notary Public STATE OF TENNESSEE, HUMPHREYS COUNTY.",
    "tokens" : [ {
      "id" : "s10-t0",
      "begin" : 1580,
      "end" : 1586,
      "text" : "Jelema",
      "whiteSpace" : false
    }, {
      "id" : "s10-t1",
      "begin" : 1587,
      "end" : 1593,
      "text" : "Dotson",
      "whiteSpace" : false
    }, {
      "id" : "s10-t2",
      "begin" : 1594,
      "end" : 1595,
      "text" : "(",
      "whiteSpace" : false
    }, {
      "id" : "s10-t3",
      "begin" : 1595,
      "end" : 1600,
      "text" : "Baker",
      "whiteSpace" : false
    }, {
      "id" : "s10-t4",
      "begin" : 1600,
      "end" : 1601,
      "text" : ")",
      "whiteSpace" : false
    }, {
      "id" : "s10-t5",
      "begin" : 1602,
      "end" : 1605,
      "text" : "/s/",
      "whiteSpace" : false
    }, {
      "id" : "s10-t6",
      "begin" : 1606,
      "end" : 1612,
      "text" : "Notary",
      "whiteSpace" : false
    }, {
      "id" : "s10-t7",
      "begin" : 1613,
      "end" : 1619,
      "text" : "Public",
      "whiteSpace" : false
    }, {
      "id" : "s10-t8",
      "begin" : 1620,
      "end" : 1625,
      "text" : "STATE",
      "whiteSpace" : false
    }, {
      "id" : "s10-t9",
      "begin" : 1626,
      "end" : 1628,
      "text" : "OF",
      "whiteSpace" : false
    }, {
      "id" : "s10-t10",
      "begin" : 1629,
      "end" : 1638,
      "text" : "TENNESSEE",
      "whiteSpace" : false
    }, {
      "id" : "s10-t11",
      "begin" : 1638,
      "end" : 1639,
      "text" : ",",
      "whiteSpace" : false
    }, {
      "id" : "s10-t12",
      "begin" : 1640,
      "end" : 1649,
      "text" : "HUMPHREYS",
      "whiteSpace" : false
    }, {
      "id" : "s10-t13",
      "begin" : 1650,
      "end" : 1656,
      "text" : "COUNTY",
      "whiteSpace" : false
    }, {
      "id" : "s10-t14",
      "begin" : 1656,
      "end" : 1657,
      "text" : ".",
      "whiteSpace" : false
    } ]
  }, {
    "id" : "s11",
    "begin" : 1658,
    "end" : 1862,
    "text" : "... Register's Office, November 9, 1962 I, Anne P. Westbrook, Register of said County, do certify that the foregoing Deed and Certificate are registered in said office, in Bohk No. 84, Pages 45-46; that !",
    "tokens" : [ {
      "id" : "s11-t0",
      "begin" : 1658,
      "end" : 1661,
      "text" : "...",
      "whiteSpace" : false
    }, {
      "id" : "s11-t1",
      "begin" : 1662,
      "end" : 1670,
      "text" : "Register",
      "whiteSpace" : false
    }, {
      "id" : "s11-t2",
      "begin" : 1670,
      "end" : 1672,
      "text" : "'s",
      "whiteSpace" : false
    }, {
      "id" : "s11-t3",
      "begin" : 1673,
      "end" : 1679,
      "text" : "Office",
      "whiteSpace" : false
    }, {
      "id" : "s11-t4",
      "begin" : 1679,
      "end" : 1680,
      "text" : ",",
      "whiteSpace" : false
    }, {
      "id" : "s11-t5",
      "begin" : 1681,
      "end" : 1689,
      "text" : "November",
      "whiteSpace" : false
    }, {
      "id" : "s11-t6",
      "begin" : 1690,
      "end" : 1691,
      "text" : "9",
      "whiteSpace" : false
    }, {
      "id" : "s11-t7",
      "begin" : 1691,
      "end" : 1692,
      "text" : ",",
      "whiteSpace" : false
    }, {
      "id" : "s11-t8",
      "begin" : 1693,
      "end" : 1697,
      "text" : "1962",
      "whiteSpace" : false
    }, {
      "id" : "s11-t9",
      "begin" : 1698,
      "end" : 1699,
      "text" : "I",
      "whiteSpace" : false
    }, {
      "id" : "s11-t10",
      "begin" : 1699,
      "end" : 1700,
      "text" : ",",
      "whiteSpace" : false
    }, {
      "id" : "s11-t11",
      "begin" : 1701,
      "end" : 1705,
      "text" : "Anne",
      "whiteSpace" : false
    }, {
      "id" : "s11-t12",
      "begin" : 1706,
      "end" : 1708,
      "text" : "P.",
      "whiteSpace" : false
    }, {
      "id" : "s11-t13",
      "begin" : 1709,
      "end" : 1718,
      "text" : "Westbrook",
      "whiteSpace" : false
    }, {
      "id" : "s11-t14",
      "begin" : 1718,
      "end" : 1719,
      "text" : ",",
      "whiteSpace" : false
    }, {
      "id" : "s11-t15",
      "begin" : 1720,
      "end" : 1728,
      "text" : "Register",
      "whiteSpace" : false
    }, {
      "id" : "s11-t16",
      "begin" : 1729,
      "end" : 1731,
      "text" : "of",
      "whiteSpace" : false
    }, {
      "id" : "s11-t17",
      "begin" : 1732,
      "end" : 1736,
      "text" : "said",
      "whiteSpace" : false
    }, {
      "id" : "s11-t18",
      "begin" : 1737,
      "end" : 1743,
      "text" : "County",
      "whiteSpace" : false
    }, {
      "id" : "s11-t19",
      "begin" : 1743,
      "end" : 1744,
      "text" : ",",
      "whiteSpace" : false
    }, {
      "id" : "s11-t20",
      "begin" : 1745,
      "end" : 1747,
      "text" : "do",
      "whiteSpace" : false
    }, {
      "id" : "s11-t21",
      "begin" : 1748,
      "end" : 1755,
      "text" : "certify",
      "whiteSpace" : false
    }, {
      "id" : "s11-t22",
      "begin" : 1756,
      "end" : 1760,
      "text" : "that",
      "whiteSpace" : false
    }, {
      "id" : "s11-t23",
      "begin" : 1761,
      "end" : 1764,
      "text" : "the",
      "whiteSpace" : false
    }, {
      "id" : "s11-t24",
      "begin" : 1765,
      "end" : 1774,
      "text" : "foregoing",
      "whiteSpace" : false
    }, {
      "id" : "s11-t25",
      "begin" : 1775,
      "end" : 1779,
      "text" : "Deed",
      "whiteSpace" : false
    }, {
      "id" : "s11-t26",
      "begin" : 1780,
      "end" : 1783,
      "text" : "and",
      "whiteSpace" : false
    }, {
      "id" : "s11-t27",
      "begin" : 1784,
      "end" : 1795,
      "text" : "Certificate",
      "whiteSpace" : false
    }, {
      "id" : "s11-t28",
      "begin" : 1796,
      "end" : 1799,
      "text" : "are",
      "whiteSpace" : false
    }, {
      "id" : "s11-t29",
      "begin" : 1800,
      "end" : 1810,
      "text" : "registered",
      "whiteSpace" : false
    }, {
      "id" : "s11-t30",
      "begin" : 1811,
      "end" : 1813,
      "text" : "in",
      "whiteSpace" : false
    }, {
      "id" : "s11-t31",
      "begin" : 1814,
      "end" : 1818,
      "text" : "said",
      "whiteSpace" : false
    }, {
      "id" : "s11-t32",
      "begin" : 1819,
      "end" : 1825,
      "text" : "office",
      "whiteSpace" : false
    }, {
      "id" : "s11-t33",
      "begin" : 1825,
      "end" : 1826,
      "text" : ",",
      "whiteSpace" : false
    }, {
      "id" : "s11-t34",
      "begin" : 1827,
      "end" : 1829,
      "text" : "in",
      "whiteSpace" : false
    }, {
      "id" : "s11-t35",
      "begin" : 1830,
      "end" : 1834,
      "text" : "Bohk",
      "whiteSpace" : false
    }, {
      "id" : "s11-t36",
      "begin" : 1835,
      "end" : 1838,
      "text" : "No.",
      "whiteSpace" : false
    }, {
      "id" : "s11-t37",
      "begin" : 1839,
      "end" : 1841,
      "text" : "84",
      "whiteSpace" : false
    }, {
      "id" : "s11-t38",
      "begin" : 1841,
      "end" : 1842,
      "text" : ",",
      "whiteSpace" : false
    }, {
      "id" : "s11-t39",
      "begin" : 1843,
      "end" : 1848,
      "text" : "Pages",
      "whiteSpace" : false
    }, {
      "id" : "s11-t40",
      "begin" : 1849,
      "end" : 1854,
      "text" : "45-46",
      "whiteSpace" : false
    }, {
      "id" : "s11-t41",
      "begin" : 1854,
      "end" : 1855,
      "text" : ";",
      "whiteSpace" : false
    }, {
      "id" : "s11-t42",
      "begin" : 1856,
      "end" : 1860,
      "text" : "that",
      "whiteSpace" : false
    }, {
      "id" : "s11-t43",
      "begin" : 1861,
      "end" : 1862,
      "text" : "!",
      "whiteSpace" : false
    } ]
  }, {
    "id" : "s12",
    "begin" : 1863,
    "end" : 1868,
    "text" : "N Cfi",
    "tokens" : [ {
      "id" : "s12-t0",
      "begin" : 1863,
      "end" : 1864,
      "text" : "N",
      "whiteSpace" : false
    }, {
      "id" : "s12-t1",
      "begin" : 1865,
      "end" : 1868,
      "text" : "Cfi",
      "whiteSpace" : false
    } ]
  } ],
  "mentions" : [ {
    "id" : "s1-m1",
    "properties" : {
      "SIRE_MENTION_ROLE" : "WarrDeedBookNum",
      "SIRE_ENTITY_SUBTYPE" : "NONE",
      "SIRE_MENTION_TYPE" : "NONE",
      "SIRE_MENTION_CLASS" : "SPC"
    },
    "type" : "WarrDeedBookNum",
    "begin" : 270,
    "end" : 272,
    "inCoref" : false
  }, {
    "id" : "s1-m2",
    "properties" : {
      "SIRE_MENTION_ROLE" : "WarrDeedPageNum",
      "SIRE_ENTITY_SUBTYPE" : "NONE",
      "SIRE_MENTION_TYPE" : "NONE",
      "SIRE_MENTION_CLASS" : "SPC"
    },
    "type" : "WarrDeedPageNum",
    "begin" : 279,
    "end" : 282,
    "inCoref" : false
  } ],
  "relations" : [ ],
  "corefs" : [ ],
  "typeResolved" : true,
  "userResolved" : false
}