{
  "id" : "977b2880-54dc-11e9-b3f1-919b26b254ae-8",
  "name" : "WD187-98.txt",
  "createdDate" : 0,
  "version" : 3,
  "text" : "thence North 200 feet to the beginning corner joined on West by Ottie Franklin and wife, Eva Franklin. Being the same property conveyed to Billy Hunt by deed from Opal Wiles, dated December 13, ??989, and of record in Deed Book 153, Page 1211, in the Register???s Office of Humphreys County, Tennessee. Also being the same property conveyed to Billy Ray Hunt by Quitclaim Deed from Michelle Renae Hunt, pursuant to Divorce Decree, said deed dated June 24, 1997, and of record in Deed Book 171, Page 1272, in the Register???s ",
  "docLength" : 0,
  "language" : "EN",
  "status" : "SUBMITTED",
  "modifiedDate" : 1554166520572,
  "documentSet" : [ ],
  "preannotation" : [ ],
  "sentences" : [ {
    "id" : "s0",
    "begin" : 0,
    "end" : 102,
    "text" : "thence North 200 feet to the beginning corner joined on West by Ottie Franklin and wife, Eva Franklin.",
    "tokens" : [ {
      "id" : "s0-t0",
      "begin" : 0,
      "end" : 6,
      "text" : "thence",
      "whiteSpace" : false
    }, {
      "id" : "s0-t1",
      "begin" : 7,
      "end" : 12,
      "text" : "North",
      "whiteSpace" : false
    }, {
      "id" : "s0-t2",
      "begin" : 13,
      "end" : 16,
      "text" : "200",
      "whiteSpace" : false
    }, {
      "id" : "s0-t3",
      "begin" : 17,
      "end" : 21,
      "text" : "feet",
      "whiteSpace" : false
    }, {
      "id" : "s0-t4",
      "begin" : 22,
      "end" : 24,
      "text" : "to",
      "whiteSpace" : false
    }, {
      "id" : "s0-t5",
      "begin" : 25,
      "end" : 28,
      "text" : "the",
      "whiteSpace" : false
    }, {
      "id" : "s0-t6",
      "begin" : 29,
      "end" : 38,
      "text" : "beginning",
      "whiteSpace" : false
    }, {
      "id" : "s0-t7",
      "begin" : 39,
      "end" : 45,
      "text" : "corner",
      "whiteSpace" : false
    }, {
      "id" : "s0-t8",
      "begin" : 46,
      "end" : 52,
      "text" : "joined",
      "whiteSpace" : false
    }, {
      "id" : "s0-t9",
      "begin" : 53,
      "end" : 55,
      "text" : "on",
      "whiteSpace" : false
    }, {
      "id" : "s0-t10",
      "begin" : 56,
      "end" : 60,
      "text" : "West",
      "whiteSpace" : false
    }, {
      "id" : "s0-t11",
      "begin" : 61,
      "end" : 63,
      "text" : "by",
      "whiteSpace" : false
    }, {
      "id" : "s0-t12",
      "begin" : 64,
      "end" : 69,
      "text" : "Ottie",
      "whiteSpace" : false
    }, {
      "id" : "s0-t13",
      "begin" : 70,
      "end" : 78,
      "text" : "Franklin",
      "whiteSpace" : false
    }, {
      "id" : "s0-t14",
      "begin" : 79,
      "end" : 82,
      "text" : "and",
      "whiteSpace" : false
    }, {
      "id" : "s0-t15",
      "begin" : 83,
      "end" : 87,
      "text" : "wife",
      "whiteSpace" : false
    }, {
      "id" : "s0-t16",
      "begin" : 87,
      "end" : 88,
      "text" : ",",
      "whiteSpace" : false
    }, {
      "id" : "s0-t17",
      "begin" : 89,
      "end" : 92,
      "text" : "Eva",
      "whiteSpace" : false
    }, {
      "id" : "s0-t18",
      "begin" : 93,
      "end" : 101,
      "text" : "Franklin",
      "whiteSpace" : false
    }, {
      "id" : "s0-t19",
      "begin" : 101,
      "end" : 102,
      "text" : ".",
      "whiteSpace" : false
    } ]
  }, {
    "id" : "s1",
    "begin" : 103,
    "end" : 195,
    "text" : "Being the same property conveyed to Billy Hunt by deed from Opal Wiles, dated December 13, ?",
    "tokens" : [ {
      "id" : "s1-t0",
      "begin" : 103,
      "end" : 108,
      "text" : "Being",
      "whiteSpace" : false
    }, {
      "id" : "s1-t1",
      "begin" : 109,
      "end" : 112,
      "text" : "the",
      "whiteSpace" : false
    }, {
      "id" : "s1-t2",
      "begin" : 113,
      "end" : 117,
      "text" : "same",
      "whiteSpace" : false
    }, {
      "id" : "s1-t3",
      "begin" : 118,
      "end" : 126,
      "text" : "property",
      "whiteSpace" : false
    }, {
      "id" : "s1-t4",
      "begin" : 127,
      "end" : 135,
      "text" : "conveyed",
      "whiteSpace" : false
    }, {
      "id" : "s1-t5",
      "begin" : 136,
      "end" : 138,
      "text" : "to",
      "whiteSpace" : false
    }, {
      "id" : "s1-t6",
      "begin" : 139,
      "end" : 144,
      "text" : "Billy",
      "whiteSpace" : false
    }, {
      "id" : "s1-t7",
      "begin" : 145,
      "end" : 149,
      "text" : "Hunt",
      "whiteSpace" : false
    }, {
      "id" : "s1-t8",
      "begin" : 150,
      "end" : 152,
      "text" : "by",
      "whiteSpace" : false
    }, {
      "id" : "s1-t9",
      "begin" : 153,
      "end" : 157,
      "text" : "deed",
      "whiteSpace" : false
    }, {
      "id" : "s1-t10",
      "begin" : 158,
      "end" : 162,
      "text" : "from",
      "whiteSpace" : false
    }, {
      "id" : "s1-t11",
      "begin" : 163,
      "end" : 167,
      "text" : "Opal",
      "whiteSpace" : false
    }, {
      "id" : "s1-t12",
      "begin" : 168,
      "end" : 173,
      "text" : "Wiles",
      "whiteSpace" : false
    }, {
      "id" : "s1-t13",
      "begin" : 173,
      "end" : 174,
      "text" : ",",
      "whiteSpace" : false
    }, {
      "id" : "s1-t14",
      "begin" : 175,
      "end" : 180,
      "text" : "dated",
      "whiteSpace" : false
    }, {
      "id" : "s1-t15",
      "begin" : 181,
      "end" : 189,
      "text" : "December",
      "whiteSpace" : false
    }, {
      "id" : "s1-t16",
      "begin" : 190,
      "end" : 192,
      "text" : "13",
      "whiteSpace" : false
    }, {
      "id" : "s1-t17",
      "begin" : 192,
      "end" : 193,
      "text" : ",",
      "whiteSpace" : false
    }, {
      "id" : "s1-t18",
      "begin" : 194,
      "end" : 195,
      "text" : "?",
      "whiteSpace" : false
    } ]
  }, {
    "id" : "s2",
    "begin" : 195,
    "end" : 260,
    "text" : "?989, and of record in Deed Book 153, Page 1211, in the Register?",
    "tokens" : [ {
      "id" : "s2-t0",
      "begin" : 195,
      "end" : 199,
      "text" : "?989",
      "whiteSpace" : false
    }, {
      "id" : "s2-t1",
      "begin" : 199,
      "end" : 200,
      "text" : ",",
      "whiteSpace" : false
    }, {
      "id" : "s2-t2",
      "begin" : 201,
      "end" : 204,
      "text" : "and",
      "whiteSpace" : false
    }, {
      "id" : "s2-t3",
      "begin" : 205,
      "end" : 207,
      "text" : "of",
      "whiteSpace" : false
    }, {
      "id" : "s2-t4",
      "begin" : 208,
      "end" : 214,
      "text" : "record",
      "whiteSpace" : false
    }, {
      "id" : "s2-t5",
      "begin" : 215,
      "end" : 217,
      "text" : "in",
      "whiteSpace" : false
    }, {
      "id" : "s2-t6",
      "begin" : 218,
      "end" : 222,
      "text" : "Deed",
      "whiteSpace" : false
    }, {
      "id" : "s2-t7",
      "begin" : 223,
      "end" : 227,
      "text" : "Book",
      "whiteSpace" : false
    }, {
      "id" : "s2-t8",
      "begin" : 228,
      "end" : 231,
      "text" : "153",
      "whiteSpace" : false
    }, {
      "id" : "s2-t9",
      "begin" : 231,
      "end" : 232,
      "text" : ",",
      "whiteSpace" : false
    }, {
      "id" : "s2-t10",
      "begin" : 233,
      "end" : 237,
      "text" : "Page",
      "whiteSpace" : false
    }, {
      "id" : "s2-t11",
      "begin" : 238,
      "end" : 242,
      "text" : "1211",
      "whiteSpace" : false
    }, {
      "id" : "s2-t12",
      "begin" : 242,
      "end" : 243,
      "text" : ",",
      "whiteSpace" : false
    }, {
      "id" : "s2-t13",
      "begin" : 244,
      "end" : 246,
      "text" : "in",
      "whiteSpace" : false
    }, {
      "id" : "s2-t14",
      "begin" : 247,
      "end" : 250,
      "text" : "the",
      "whiteSpace" : false
    }, {
      "id" : "s2-t15",
      "begin" : 251,
      "end" : 259,
      "text" : "Register",
      "whiteSpace" : false
    }, {
      "id" : "s2-t16",
      "begin" : 259,
      "end" : 260,
      "text" : "?",
      "whiteSpace" : false
    } ]
  }, {
    "id" : "s3",
    "begin" : 260,
    "end" : 302,
    "text" : "??s Office of Humphreys County, Tennessee.",
    "tokens" : [ {
      "id" : "s3-t0",
      "begin" : 260,
      "end" : 263,
      "text" : "??s",
      "whiteSpace" : false
    }, {
      "id" : "s3-t1",
      "begin" : 264,
      "end" : 270,
      "text" : "Office",
      "whiteSpace" : false
    }, {
      "id" : "s3-t2",
      "begin" : 271,
      "end" : 273,
      "text" : "of",
      "whiteSpace" : false
    }, {
      "id" : "s3-t3",
      "begin" : 274,
      "end" : 283,
      "text" : "Humphreys",
      "whiteSpace" : false
    }, {
      "id" : "s3-t4",
      "begin" : 284,
      "end" : 290,
      "text" : "County",
      "whiteSpace" : false
    }, {
      "id" : "s3-t5",
      "begin" : 290,
      "end" : 291,
      "text" : ",",
      "whiteSpace" : false
    }, {
      "id" : "s3-t6",
      "begin" : 292,
      "end" : 301,
      "text" : "Tennessee",
      "whiteSpace" : false
    }, {
      "id" : "s3-t7",
      "begin" : 301,
      "end" : 302,
      "text" : ".",
      "whiteSpace" : false
    } ]
  }, {
    "id" : "s4",
    "begin" : 303,
    "end" : 521,
    "text" : "Also being the same property conveyed to Billy Ray Hunt by Quitclaim Deed from Michelle Renae Hunt, pursuant to Divorce Decree, said deed dated June 24, 1997, and of record in Deed Book 171, Page 1272, in the Register?",
    "tokens" : [ {
      "id" : "s4-t0",
      "begin" : 303,
      "end" : 307,
      "text" : "Also",
      "whiteSpace" : false
    }, {
      "id" : "s4-t1",
      "begin" : 308,
      "end" : 313,
      "text" : "being",
      "whiteSpace" : false
    }, {
      "id" : "s4-t2",
      "begin" : 314,
      "end" : 317,
      "text" : "the",
      "whiteSpace" : false
    }, {
      "id" : "s4-t3",
      "begin" : 318,
      "end" : 322,
      "text" : "same",
      "whiteSpace" : false
    }, {
      "id" : "s4-t4",
      "begin" : 323,
      "end" : 331,
      "text" : "property",
      "whiteSpace" : false
    }, {
      "id" : "s4-t5",
      "begin" : 332,
      "end" : 340,
      "text" : "conveyed",
      "whiteSpace" : false
    }, {
      "id" : "s4-t6",
      "begin" : 341,
      "end" : 343,
      "text" : "to",
      "whiteSpace" : false
    }, {
      "id" : "s4-t7",
      "begin" : 344,
      "end" : 349,
      "text" : "Billy",
      "whiteSpace" : false
    }, {
      "id" : "s4-t8",
      "begin" : 350,
      "end" : 353,
      "text" : "Ray",
      "whiteSpace" : false
    }, {
      "id" : "s4-t9",
      "begin" : 354,
      "end" : 358,
      "text" : "Hunt",
      "whiteSpace" : false
    }, {
      "id" : "s4-t10",
      "begin" : 359,
      "end" : 361,
      "text" : "by",
      "whiteSpace" : false
    }, {
      "id" : "s4-t11",
      "begin" : 362,
      "end" : 371,
      "text" : "Quitclaim",
      "whiteSpace" : false
    }, {
      "id" : "s4-t12",
      "begin" : 372,
      "end" : 376,
      "text" : "Deed",
      "whiteSpace" : false
    }, {
      "id" : "s4-t13",
      "begin" : 377,
      "end" : 381,
      "text" : "from",
      "whiteSpace" : false
    }, {
      "id" : "s4-t14",
      "begin" : 382,
      "end" : 390,
      "text" : "Michelle",
      "whiteSpace" : false
    }, {
      "id" : "s4-t15",
      "begin" : 391,
      "end" : 396,
      "text" : "Renae",
      "whiteSpace" : false
    }, {
      "id" : "s4-t16",
      "begin" : 397,
      "end" : 401,
      "text" : "Hunt",
      "whiteSpace" : false
    }, {
      "id" : "s4-t17",
      "begin" : 401,
      "end" : 402,
      "text" : ",",
      "whiteSpace" : false
    }, {
      "id" : "s4-t18",
      "begin" : 403,
      "end" : 411,
      "text" : "pursuant",
      "whiteSpace" : false
    }, {
      "id" : "s4-t19",
      "begin" : 412,
      "end" : 414,
      "text" : "to",
      "whiteSpace" : false
    }, {
      "id" : "s4-t20",
      "begin" : 415,
      "end" : 422,
      "text" : "Divorce",
      "whiteSpace" : false
    }, {
      "id" : "s4-t21",
      "begin" : 423,
      "end" : 429,
      "text" : "Decree",
      "whiteSpace" : false
    }, {
      "id" : "s4-t22",
      "begin" : 429,
      "end" : 430,
      "text" : ",",
      "whiteSpace" : false
    }, {
      "id" : "s4-t23",
      "begin" : 431,
      "end" : 435,
      "text" : "said",
      "whiteSpace" : false
    }, {
      "id" : "s4-t24",
      "begin" : 436,
      "end" : 440,
      "text" : "deed",
      "whiteSpace" : false
    }, {
      "id" : "s4-t25",
      "begin" : 441,
      "end" : 446,
      "text" : "dated",
      "whiteSpace" : false
    }, {
      "id" : "s4-t26",
      "begin" : 447,
      "end" : 451,
      "text" : "June",
      "whiteSpace" : false
    }, {
      "id" : "s4-t27",
      "begin" : 452,
      "end" : 454,
      "text" : "24",
      "whiteSpace" : false
    }, {
      "id" : "s4-t28",
      "begin" : 454,
      "end" : 455,
      "text" : ",",
      "whiteSpace" : false
    }, {
      "id" : "s4-t29",
      "begin" : 456,
      "end" : 460,
      "text" : "1997",
      "whiteSpace" : false
    }, {
      "id" : "s4-t30",
      "begin" : 460,
      "end" : 461,
      "text" : ",",
      "whiteSpace" : false
    }, {
      "id" : "s4-t31",
      "begin" : 462,
      "end" : 465,
      "text" : "and",
      "whiteSpace" : false
    }, {
      "id" : "s4-t32",
      "begin" : 466,
      "end" : 468,
      "text" : "of",
      "whiteSpace" : false
    }, {
      "id" : "s4-t33",
      "begin" : 469,
      "end" : 475,
      "text" : "record",
      "whiteSpace" : false
    }, {
      "id" : "s4-t34",
      "begin" : 476,
      "end" : 478,
      "text" : "in",
      "whiteSpace" : false
    }, {
      "id" : "s4-t35",
      "begin" : 479,
      "end" : 483,
      "text" : "Deed",
      "whiteSpace" : false
    }, {
      "id" : "s4-t36",
      "begin" : 484,
      "end" : 488,
      "text" : "Book",
      "whiteSpace" : false
    }, {
      "id" : "s4-t37",
      "begin" : 489,
      "end" : 492,
      "text" : "171",
      "whiteSpace" : false
    }, {
      "id" : "s4-t38",
      "begin" : 492,
      "end" : 493,
      "text" : ",",
      "whiteSpace" : false
    }, {
      "id" : "s4-t39",
      "begin" : 494,
      "end" : 498,
      "text" : "Page",
      "whiteSpace" : false
    }, {
      "id" : "s4-t40",
      "begin" : 499,
      "end" : 503,
      "text" : "1272",
      "whiteSpace" : false
    }, {
      "id" : "s4-t41",
      "begin" : 503,
      "end" : 504,
      "text" : ",",
      "whiteSpace" : false
    }, {
      "id" : "s4-t42",
      "begin" : 505,
      "end" : 507,
      "text" : "in",
      "whiteSpace" : false
    }, {
      "id" : "s4-t43",
      "begin" : 508,
      "end" : 511,
      "text" : "the",
      "whiteSpace" : false
    }, {
      "id" : "s4-t44",
      "begin" : 512,
      "end" : 520,
      "text" : "Register",
      "whiteSpace" : false
    }, {
      "id" : "s4-t45",
      "begin" : 520,
      "end" : 521,
      "text" : "?",
      "whiteSpace" : false
    } ]
  }, {
    "id" : "s5",
    "begin" : 521,
    "end" : 524,
    "text" : "??s",
    "tokens" : [ {
      "id" : "s5-t0",
      "begin" : 521,
      "end" : 524,
      "text" : "??s",
      "whiteSpace" : false
    } ]
  } ],
  "mentions" : [ {
    "id" : "s2-m1",
    "properties" : {
      "SIRE_MENTION_ROLE" : "WarrDeedBookNum",
      "SIRE_ENTITY_SUBTYPE" : "NONE",
      "SIRE_MENTION_TYPE" : "NONE",
      "SIRE_MENTION_CLASS" : "SPC"
    },
    "type" : "WarrDeedBookNum",
    "begin" : 228,
    "end" : 231,
    "inCoref" : false
  }, {
    "id" : "s2-m2",
    "properties" : {
      "SIRE_MENTION_ROLE" : "WarrDeedPageNum",
      "SIRE_ENTITY_SUBTYPE" : "NONE",
      "SIRE_MENTION_TYPE" : "NONE",
      "SIRE_MENTION_CLASS" : "SPC"
    },
    "type" : "WarrDeedPageNum",
    "begin" : 238,
    "end" : 242,
    "inCoref" : false
  }, {
    "id" : "s4-m1",
    "properties" : {
      "SIRE_MENTION_ROLE" : "WarrDeedBookNum",
      "SIRE_ENTITY_SUBTYPE" : "NONE",
      "SIRE_MENTION_TYPE" : "NONE",
      "SIRE_MENTION_CLASS" : "SPC"
    },
    "type" : "WarrDeedBookNum",
    "begin" : 489,
    "end" : 492,
    "inCoref" : false
  }, {
    "id" : "s4-m2",
    "properties" : {
      "SIRE_MENTION_ROLE" : "WarrDeedPageNum",
      "SIRE_ENTITY_SUBTYPE" : "NONE",
      "SIRE_MENTION_TYPE" : "NONE",
      "SIRE_MENTION_CLASS" : "SPC"
    },
    "type" : "WarrDeedPageNum",
    "begin" : 499,
    "end" : 503,
    "inCoref" : false
  } ],
  "relations" : [ ],
  "corefs" : [ ],
  "typeResolved" : true,
  "userResolved" : false
}