{
  "id" : "977b2880-54dc-11e9-b3f1-919b26b254ae-4",
  "name" : "WD179-16.txt",
  "createdDate" : 0,
  "version" : 3,
  "text" : " all times to cross over the now or formerly owned by Brown Rochelle and wife for any maintenance and repairs to such septic tank or tanks, and sewer line, it being agreed that the maintenance of said septic tank or tanks, and/or sewer line, shall be on a prorata basis; and TOGETHER WITH AN BASEMENT across the land now or formerly owned by Brown Rochelle and wife to construct, maintain and replace wires, serving the high rise sign located on the easement above described., BEING the same property conveyed Edward G. Rochelle by deed of record in Deed Book 164, page 171, Register???s Of???ce of Humphreys County, Tennessee., STATE or TENN omcmi. sei???ESEE]\n",
  "docLength" : 0,
  "language" : "EN",
  "status" : "SUBMITTED",
  "modifiedDate" : 1554166474579,
  "documentSet" : [ ],
  "preannotation" : [ ],
  "sentences" : [ {
    "id" : "s0",
    "begin" : 1,
    "end" : 584,
    "text" : "all times to cross over the now or formerly owned by Brown Rochelle and wife for any maintenance and repairs to such septic tank or tanks, and sewer line, it being agreed that the maintenance of said septic tank or tanks, and/or sewer line, shall be on a prorata basis; and TOGETHER WITH AN BASEMENT across the land now or formerly owned by Brown Rochelle and wife to construct, maintain and replace wires, serving the high rise sign located on the easement above described., BEING the same property conveyed Edward G. Rochelle by deed of record in Deed Book 164, page 171, Register?",
    "tokens" : [ {
      "id" : "s0-t0",
      "begin" : 1,
      "end" : 4,
      "text" : "all",
      "whiteSpace" : false
    }, {
      "id" : "s0-t1",
      "begin" : 5,
      "end" : 10,
      "text" : "times",
      "whiteSpace" : false
    }, {
      "id" : "s0-t2",
      "begin" : 11,
      "end" : 13,
      "text" : "to",
      "whiteSpace" : false
    }, {
      "id" : "s0-t3",
      "begin" : 14,
      "end" : 19,
      "text" : "cross",
      "whiteSpace" : false
    }, {
      "id" : "s0-t4",
      "begin" : 20,
      "end" : 24,
      "text" : "over",
      "whiteSpace" : false
    }, {
      "id" : "s0-t5",
      "begin" : 25,
      "end" : 28,
      "text" : "the",
      "whiteSpace" : false
    }, {
      "id" : "s0-t6",
      "begin" : 29,
      "end" : 32,
      "text" : "now",
      "whiteSpace" : false
    }, {
      "id" : "s0-t7",
      "begin" : 33,
      "end" : 35,
      "text" : "or",
      "whiteSpace" : false
    }, {
      "id" : "s0-t8",
      "begin" : 36,
      "end" : 44,
      "text" : "formerly",
      "whiteSpace" : false
    }, {
      "id" : "s0-t9",
      "begin" : 45,
      "end" : 50,
      "text" : "owned",
      "whiteSpace" : false
    }, {
      "id" : "s0-t10",
      "begin" : 51,
      "end" : 53,
      "text" : "by",
      "whiteSpace" : false
    }, {
      "id" : "s0-t11",
      "begin" : 54,
      "end" : 59,
      "text" : "Brown",
      "whiteSpace" : false
    }, {
      "id" : "s0-t12",
      "begin" : 60,
      "end" : 68,
      "text" : "Rochelle",
      "whiteSpace" : false
    }, {
      "id" : "s0-t13",
      "begin" : 69,
      "end" : 72,
      "text" : "and",
      "whiteSpace" : false
    }, {
      "id" : "s0-t14",
      "begin" : 73,
      "end" : 77,
      "text" : "wife",
      "whiteSpace" : false
    }, {
      "id" : "s0-t15",
      "begin" : 78,
      "end" : 81,
      "text" : "for",
      "whiteSpace" : false
    }, {
      "id" : "s0-t16",
      "begin" : 82,
      "end" : 85,
      "text" : "any",
      "whiteSpace" : false
    }, {
      "id" : "s0-t17",
      "begin" : 86,
      "end" : 97,
      "text" : "maintenance",
      "whiteSpace" : false
    }, {
      "id" : "s0-t18",
      "begin" : 98,
      "end" : 101,
      "text" : "and",
      "whiteSpace" : false
    }, {
      "id" : "s0-t19",
      "begin" : 102,
      "end" : 109,
      "text" : "repairs",
      "whiteSpace" : false
    }, {
      "id" : "s0-t20",
      "begin" : 110,
      "end" : 112,
      "text" : "to",
      "whiteSpace" : false
    }, {
      "id" : "s0-t21",
      "begin" : 113,
      "end" : 117,
      "text" : "such",
      "whiteSpace" : false
    }, {
      "id" : "s0-t22",
      "begin" : 118,
      "end" : 124,
      "text" : "septic",
      "whiteSpace" : false
    }, {
      "id" : "s0-t23",
      "begin" : 125,
      "end" : 129,
      "text" : "tank",
      "whiteSpace" : false
    }, {
      "id" : "s0-t24",
      "begin" : 130,
      "end" : 132,
      "text" : "or",
      "whiteSpace" : false
    }, {
      "id" : "s0-t25",
      "begin" : 133,
      "end" : 138,
      "text" : "tanks",
      "whiteSpace" : false
    }, {
      "id" : "s0-t26",
      "begin" : 138,
      "end" : 139,
      "text" : ",",
      "whiteSpace" : false
    }, {
      "id" : "s0-t27",
      "begin" : 140,
      "end" : 143,
      "text" : "and",
      "whiteSpace" : false
    }, {
      "id" : "s0-t28",
      "begin" : 144,
      "end" : 149,
      "text" : "sewer",
      "whiteSpace" : false
    }, {
      "id" : "s0-t29",
      "begin" : 150,
      "end" : 154,
      "text" : "line",
      "whiteSpace" : false
    }, {
      "id" : "s0-t30",
      "begin" : 154,
      "end" : 155,
      "text" : ",",
      "whiteSpace" : false
    }, {
      "id" : "s0-t31",
      "begin" : 156,
      "end" : 158,
      "text" : "it",
      "whiteSpace" : false
    }, {
      "id" : "s0-t32",
      "begin" : 159,
      "end" : 164,
      "text" : "being",
      "whiteSpace" : false
    }, {
      "id" : "s0-t33",
      "begin" : 165,
      "end" : 171,
      "text" : "agreed",
      "whiteSpace" : false
    }, {
      "id" : "s0-t34",
      "begin" : 172,
      "end" : 176,
      "text" : "that",
      "whiteSpace" : false
    }, {
      "id" : "s0-t35",
      "begin" : 177,
      "end" : 180,
      "text" : "the",
      "whiteSpace" : false
    }, {
      "id" : "s0-t36",
      "begin" : 181,
      "end" : 192,
      "text" : "maintenance",
      "whiteSpace" : false
    }, {
      "id" : "s0-t37",
      "begin" : 193,
      "end" : 195,
      "text" : "of",
      "whiteSpace" : false
    }, {
      "id" : "s0-t38",
      "begin" : 196,
      "end" : 200,
      "text" : "said",
      "whiteSpace" : false
    }, {
      "id" : "s0-t39",
      "begin" : 201,
      "end" : 207,
      "text" : "septic",
      "whiteSpace" : false
    }, {
      "id" : "s0-t40",
      "begin" : 208,
      "end" : 212,
      "text" : "tank",
      "whiteSpace" : false
    }, {
      "id" : "s0-t41",
      "begin" : 213,
      "end" : 215,
      "text" : "or",
      "whiteSpace" : false
    }, {
      "id" : "s0-t42",
      "begin" : 216,
      "end" : 221,
      "text" : "tanks",
      "whiteSpace" : false
    }, {
      "id" : "s0-t43",
      "begin" : 221,
      "end" : 222,
      "text" : ",",
      "whiteSpace" : false
    }, {
      "id" : "s0-t44",
      "begin" : 223,
      "end" : 226,
      "text" : "and",
      "whiteSpace" : false
    }, {
      "id" : "s0-t45",
      "begin" : 226,
      "end" : 227,
      "text" : "/",
      "whiteSpace" : false
    }, {
      "id" : "s0-t46",
      "begin" : 227,
      "end" : 229,
      "text" : "or",
      "whiteSpace" : false
    }, {
      "id" : "s0-t47",
      "begin" : 230,
      "end" : 235,
      "text" : "sewer",
      "whiteSpace" : false
    }, {
      "id" : "s0-t48",
      "begin" : 236,
      "end" : 240,
      "text" : "line",
      "whiteSpace" : false
    }, {
      "id" : "s0-t49",
      "begin" : 240,
      "end" : 241,
      "text" : ",",
      "whiteSpace" : false
    }, {
      "id" : "s0-t50",
      "begin" : 242,
      "end" : 247,
      "text" : "shall",
      "whiteSpace" : false
    }, {
      "id" : "s0-t51",
      "begin" : 248,
      "end" : 250,
      "text" : "be",
      "whiteSpace" : false
    }, {
      "id" : "s0-t52",
      "begin" : 251,
      "end" : 253,
      "text" : "on",
      "whiteSpace" : false
    }, {
      "id" : "s0-t53",
      "begin" : 254,
      "end" : 255,
      "text" : "a",
      "whiteSpace" : false
    }, {
      "id" : "s0-t54",
      "begin" : 256,
      "end" : 263,
      "text" : "prorata",
      "whiteSpace" : false
    }, {
      "id" : "s0-t55",
      "begin" : 264,
      "end" : 269,
      "text" : "basis",
      "whiteSpace" : false
    }, {
      "id" : "s0-t56",
      "begin" : 269,
      "end" : 270,
      "text" : ";",
      "whiteSpace" : false
    }, {
      "id" : "s0-t57",
      "begin" : 271,
      "end" : 274,
      "text" : "and",
      "whiteSpace" : false
    }, {
      "id" : "s0-t58",
      "begin" : 275,
      "end" : 283,
      "text" : "TOGETHER",
      "whiteSpace" : false
    }, {
      "id" : "s0-t59",
      "begin" : 284,
      "end" : 288,
      "text" : "WITH",
      "whiteSpace" : false
    }, {
      "id" : "s0-t60",
      "begin" : 289,
      "end" : 291,
      "text" : "AN",
      "whiteSpace" : false
    }, {
      "id" : "s0-t61",
      "begin" : 292,
      "end" : 300,
      "text" : "BASEMENT",
      "whiteSpace" : false
    }, {
      "id" : "s0-t62",
      "begin" : 301,
      "end" : 307,
      "text" : "across",
      "whiteSpace" : false
    }, {
      "id" : "s0-t63",
      "begin" : 308,
      "end" : 311,
      "text" : "the",
      "whiteSpace" : false
    }, {
      "id" : "s0-t64",
      "begin" : 312,
      "end" : 316,
      "text" : "land",
      "whiteSpace" : false
    }, {
      "id" : "s0-t65",
      "begin" : 317,
      "end" : 320,
      "text" : "now",
      "whiteSpace" : false
    }, {
      "id" : "s0-t66",
      "begin" : 321,
      "end" : 323,
      "text" : "or",
      "whiteSpace" : false
    }, {
      "id" : "s0-t67",
      "begin" : 324,
      "end" : 332,
      "text" : "formerly",
      "whiteSpace" : false
    }, {
      "id" : "s0-t68",
      "begin" : 333,
      "end" : 338,
      "text" : "owned",
      "whiteSpace" : false
    }, {
      "id" : "s0-t69",
      "begin" : 339,
      "end" : 341,
      "text" : "by",
      "whiteSpace" : false
    }, {
      "id" : "s0-t70",
      "begin" : 342,
      "end" : 347,
      "text" : "Brown",
      "whiteSpace" : false
    }, {
      "id" : "s0-t71",
      "begin" : 348,
      "end" : 356,
      "text" : "Rochelle",
      "whiteSpace" : false
    }, {
      "id" : "s0-t72",
      "begin" : 357,
      "end" : 360,
      "text" : "and",
      "whiteSpace" : false
    }, {
      "id" : "s0-t73",
      "begin" : 361,
      "end" : 365,
      "text" : "wife",
      "whiteSpace" : false
    }, {
      "id" : "s0-t74",
      "begin" : 366,
      "end" : 368,
      "text" : "to",
      "whiteSpace" : false
    }, {
      "id" : "s0-t75",
      "begin" : 369,
      "end" : 378,
      "text" : "construct",
      "whiteSpace" : false
    }, {
      "id" : "s0-t76",
      "begin" : 378,
      "end" : 379,
      "text" : ",",
      "whiteSpace" : false
    }, {
      "id" : "s0-t77",
      "begin" : 380,
      "end" : 388,
      "text" : "maintain",
      "whiteSpace" : false
    }, {
      "id" : "s0-t78",
      "begin" : 389,
      "end" : 392,
      "text" : "and",
      "whiteSpace" : false
    }, {
      "id" : "s0-t79",
      "begin" : 393,
      "end" : 400,
      "text" : "replace",
      "whiteSpace" : false
    }, {
      "id" : "s0-t80",
      "begin" : 401,
      "end" : 406,
      "text" : "wires",
      "whiteSpace" : false
    }, {
      "id" : "s0-t81",
      "begin" : 406,
      "end" : 407,
      "text" : ",",
      "whiteSpace" : false
    }, {
      "id" : "s0-t82",
      "begin" : 408,
      "end" : 415,
      "text" : "serving",
      "whiteSpace" : false
    }, {
      "id" : "s0-t83",
      "begin" : 416,
      "end" : 419,
      "text" : "the",
      "whiteSpace" : false
    }, {
      "id" : "s0-t84",
      "begin" : 420,
      "end" : 424,
      "text" : "high",
      "whiteSpace" : false
    }, {
      "id" : "s0-t85",
      "begin" : 425,
      "end" : 429,
      "text" : "rise",
      "whiteSpace" : false
    }, {
      "id" : "s0-t86",
      "begin" : 430,
      "end" : 434,
      "text" : "sign",
      "whiteSpace" : false
    }, {
      "id" : "s0-t87",
      "begin" : 435,
      "end" : 442,
      "text" : "located",
      "whiteSpace" : false
    }, {
      "id" : "s0-t88",
      "begin" : 443,
      "end" : 445,
      "text" : "on",
      "whiteSpace" : false
    }, {
      "id" : "s0-t89",
      "begin" : 446,
      "end" : 449,
      "text" : "the",
      "whiteSpace" : false
    }, {
      "id" : "s0-t90",
      "begin" : 450,
      "end" : 458,
      "text" : "easement",
      "whiteSpace" : false
    }, {
      "id" : "s0-t91",
      "begin" : 459,
      "end" : 464,
      "text" : "above",
      "whiteSpace" : false
    }, {
      "id" : "s0-t92",
      "begin" : 465,
      "end" : 475,
      "text" : "described.",
      "whiteSpace" : false
    }, {
      "id" : "s0-t93",
      "begin" : 475,
      "end" : 476,
      "text" : ",",
      "whiteSpace" : false
    }, {
      "id" : "s0-t94",
      "begin" : 477,
      "end" : 482,
      "text" : "BEING",
      "whiteSpace" : false
    }, {
      "id" : "s0-t95",
      "begin" : 483,
      "end" : 486,
      "text" : "the",
      "whiteSpace" : false
    }, {
      "id" : "s0-t96",
      "begin" : 487,
      "end" : 491,
      "text" : "same",
      "whiteSpace" : false
    }, {
      "id" : "s0-t97",
      "begin" : 492,
      "end" : 500,
      "text" : "property",
      "whiteSpace" : false
    }, {
      "id" : "s0-t98",
      "begin" : 501,
      "end" : 509,
      "text" : "conveyed",
      "whiteSpace" : false
    }, {
      "id" : "s0-t99",
      "begin" : 510,
      "end" : 516,
      "text" : "Edward",
      "whiteSpace" : false
    }, {
      "id" : "s0-t100",
      "begin" : 517,
      "end" : 519,
      "text" : "G.",
      "whiteSpace" : false
    }, {
      "id" : "s0-t101",
      "begin" : 520,
      "end" : 528,
      "text" : "Rochelle",
      "whiteSpace" : false
    }, {
      "id" : "s0-t102",
      "begin" : 529,
      "end" : 531,
      "text" : "by",
      "whiteSpace" : false
    }, {
      "id" : "s0-t103",
      "begin" : 532,
      "end" : 536,
      "text" : "deed",
      "whiteSpace" : false
    }, {
      "id" : "s0-t104",
      "begin" : 537,
      "end" : 539,
      "text" : "of",
      "whiteSpace" : false
    }, {
      "id" : "s0-t105",
      "begin" : 540,
      "end" : 546,
      "text" : "record",
      "whiteSpace" : false
    }, {
      "id" : "s0-t106",
      "begin" : 547,
      "end" : 549,
      "text" : "in",
      "whiteSpace" : false
    }, {
      "id" : "s0-t107",
      "begin" : 550,
      "end" : 554,
      "text" : "Deed",
      "whiteSpace" : false
    }, {
      "id" : "s0-t108",
      "begin" : 555,
      "end" : 559,
      "text" : "Book",
      "whiteSpace" : false
    }, {
      "id" : "s0-t109",
      "begin" : 560,
      "end" : 563,
      "text" : "164",
      "whiteSpace" : false
    }, {
      "id" : "s0-t110",
      "begin" : 563,
      "end" : 564,
      "text" : ",",
      "whiteSpace" : false
    }, {
      "id" : "s0-t111",
      "begin" : 565,
      "end" : 569,
      "text" : "page",
      "whiteSpace" : false
    }, {
      "id" : "s0-t112",
      "begin" : 570,
      "end" : 573,
      "text" : "171",
      "whiteSpace" : false
    }, {
      "id" : "s0-t113",
      "begin" : 573,
      "end" : 574,
      "text" : ",",
      "whiteSpace" : false
    }, {
      "id" : "s0-t114",
      "begin" : 575,
      "end" : 583,
      "text" : "Register",
      "whiteSpace" : false
    }, {
      "id" : "s0-t115",
      "begin" : 583,
      "end" : 584,
      "text" : "?",
      "whiteSpace" : false
    } ]
  }, {
    "id" : "s1",
    "begin" : 584,
    "end" : 591,
    "text" : "??s Of?",
    "tokens" : [ {
      "id" : "s1-t0",
      "begin" : 584,
      "end" : 587,
      "text" : "??s",
      "whiteSpace" : false
    }, {
      "id" : "s1-t1",
      "begin" : 588,
      "end" : 590,
      "text" : "Of",
      "whiteSpace" : false
    }, {
      "id" : "s1-t2",
      "begin" : 590,
      "end" : 591,
      "text" : "?",
      "whiteSpace" : false
    } ]
  }, {
    "id" : "s2",
    "begin" : 591,
    "end" : 649,
    "text" : "??ce of Humphreys County, Tennessee., STATE or TENN omcmi.",
    "tokens" : [ {
      "id" : "s2-t0",
      "begin" : 591,
      "end" : 595,
      "text" : "??ce",
      "whiteSpace" : false
    }, {
      "id" : "s2-t1",
      "begin" : 596,
      "end" : 598,
      "text" : "of",
      "whiteSpace" : false
    }, {
      "id" : "s2-t2",
      "begin" : 599,
      "end" : 608,
      "text" : "Humphreys",
      "whiteSpace" : false
    }, {
      "id" : "s2-t3",
      "begin" : 609,
      "end" : 615,
      "text" : "County",
      "whiteSpace" : false
    }, {
      "id" : "s2-t4",
      "begin" : 615,
      "end" : 616,
      "text" : ",",
      "whiteSpace" : false
    }, {
      "id" : "s2-t5",
      "begin" : 617,
      "end" : 627,
      "text" : "Tennessee.",
      "whiteSpace" : false
    }, {
      "id" : "s2-t6",
      "begin" : 627,
      "end" : 628,
      "text" : ",",
      "whiteSpace" : false
    }, {
      "id" : "s2-t7",
      "begin" : 629,
      "end" : 634,
      "text" : "STATE",
      "whiteSpace" : false
    }, {
      "id" : "s2-t8",
      "begin" : 635,
      "end" : 637,
      "text" : "or",
      "whiteSpace" : false
    }, {
      "id" : "s2-t9",
      "begin" : 638,
      "end" : 642,
      "text" : "TENN",
      "whiteSpace" : false
    }, {
      "id" : "s2-t10",
      "begin" : 643,
      "end" : 648,
      "text" : "omcmi",
      "whiteSpace" : false
    }, {
      "id" : "s2-t11",
      "begin" : 648,
      "end" : 649,
      "text" : ".",
      "whiteSpace" : false
    } ]
  }, {
    "id" : "s3",
    "begin" : 650,
    "end" : 654,
    "text" : "sei?",
    "tokens" : [ {
      "id" : "s3-t0",
      "begin" : 650,
      "end" : 653,
      "text" : "sei",
      "whiteSpace" : false
    }, {
      "id" : "s3-t1",
      "begin" : 653,
      "end" : 654,
      "text" : "?",
      "whiteSpace" : false
    } ]
  }, {
    "id" : "s4",
    "begin" : 654,
    "end" : 661,
    "text" : "??ESEE]",
    "tokens" : [ {
      "id" : "s4-t0",
      "begin" : 654,
      "end" : 660,
      "text" : "??ESEE",
      "whiteSpace" : false
    }, {
      "id" : "s4-t1",
      "begin" : 660,
      "end" : 661,
      "text" : "]",
      "whiteSpace" : false
    } ]
  } ],
  "mentions" : [ {
    "id" : "s0-m1",
    "properties" : {
      "SIRE_MENTION_ROLE" : "WarrDeedBookNum",
      "SIRE_ENTITY_SUBTYPE" : "NONE",
      "SIRE_MENTION_TYPE" : "NONE",
      "SIRE_MENTION_CLASS" : "SPC"
    },
    "type" : "WarrDeedBookNum",
    "begin" : 560,
    "end" : 563,
    "inCoref" : false
  }, {
    "id" : "s0-m2",
    "properties" : {
      "SIRE_MENTION_ROLE" : "WarrDeedPageNum",
      "SIRE_ENTITY_SUBTYPE" : "NONE",
      "SIRE_MENTION_TYPE" : "NONE",
      "SIRE_MENTION_CLASS" : "SPC"
    },
    "type" : "WarrDeedPageNum",
    "begin" : 570,
    "end" : 573,
    "inCoref" : false
  } ],
  "relations" : [ ],
  "corefs" : [ ],
  "typeResolved" : true,
  "userResolved" : false
}