{
  "id" : "977b2880-54dc-11e9-b3f1-919b26b254ae-12",
  "name" : "WD195-1166.txt",
  "createdDate" : 0,
  "version" : 3,
  "text" : "This being a part of the original J.B. Patterson land. This being the same roperty conveyed to me by Mrs. Florence Patterson et al, hy deed dated Nov. 17, 19E9, and recorded in Deed Book 23, page Of the Regist- ! er's office of Houston County, Tenn.,",
  "docLength" : 0,
  "language" : "EN",
  "status" : "SUBMITTED",
  "modifiedDate" : 1554166050475,
  "documentSet" : [ ],
  "preannotation" : [ ],
  "sentences" : [ {
    "id" : "s0",
    "begin" : 0,
    "end" : 54,
    "text" : "This being a part of the original J.B. Patterson land.",
    "tokens" : [ {
      "id" : "s0-t0",
      "begin" : 0,
      "end" : 4,
      "text" : "This",
      "whiteSpace" : false
    }, {
      "id" : "s0-t1",
      "begin" : 5,
      "end" : 10,
      "text" : "being",
      "whiteSpace" : false
    }, {
      "id" : "s0-t2",
      "begin" : 11,
      "end" : 12,
      "text" : "a",
      "whiteSpace" : false
    }, {
      "id" : "s0-t3",
      "begin" : 13,
      "end" : 17,
      "text" : "part",
      "whiteSpace" : false
    }, {
      "id" : "s0-t4",
      "begin" : 18,
      "end" : 20,
      "text" : "of",
      "whiteSpace" : false
    }, {
      "id" : "s0-t5",
      "begin" : 21,
      "end" : 24,
      "text" : "the",
      "whiteSpace" : false
    }, {
      "id" : "s0-t6",
      "begin" : 25,
      "end" : 33,
      "text" : "original",
      "whiteSpace" : false
    }, {
      "id" : "s0-t7",
      "begin" : 34,
      "end" : 38,
      "text" : "J.B.",
      "whiteSpace" : false
    }, {
      "id" : "s0-t8",
      "begin" : 39,
      "end" : 48,
      "text" : "Patterson",
      "whiteSpace" : false
    }, {
      "id" : "s0-t9",
      "begin" : 49,
      "end" : 53,
      "text" : "land",
      "whiteSpace" : false
    }, {
      "id" : "s0-t10",
      "begin" : 53,
      "end" : 54,
      "text" : ".",
      "whiteSpace" : false
    } ]
  }, {
    "id" : "s1",
    "begin" : 55,
    "end" : 212,
    "text" : "This being the same roperty conveyed to me by Mrs. Florence Patterson et al, hy deed dated Nov. 17, 19E9, and recorded in Deed Book 23, page Of the Regist- !",
    "tokens" : [ {
      "id" : "s1-t0",
      "begin" : 55,
      "end" : 59,
      "text" : "This",
      "whiteSpace" : false
    }, {
      "id" : "s1-t1",
      "begin" : 60,
      "end" : 65,
      "text" : "being",
      "whiteSpace" : false
    }, {
      "id" : "s1-t2",
      "begin" : 66,
      "end" : 69,
      "text" : "the",
      "whiteSpace" : false
    }, {
      "id" : "s1-t3",
      "begin" : 70,
      "end" : 74,
      "text" : "same",
      "whiteSpace" : false
    }, {
      "id" : "s1-t4",
      "begin" : 75,
      "end" : 82,
      "text" : "roperty",
      "whiteSpace" : false
    }, {
      "id" : "s1-t5",
      "begin" : 83,
      "end" : 91,
      "text" : "conveyed",
      "whiteSpace" : false
    }, {
      "id" : "s1-t6",
      "begin" : 92,
      "end" : 94,
      "text" : "to",
      "whiteSpace" : false
    }, {
      "id" : "s1-t7",
      "begin" : 95,
      "end" : 97,
      "text" : "me",
      "whiteSpace" : false
    }, {
      "id" : "s1-t8",
      "begin" : 98,
      "end" : 100,
      "text" : "by",
      "whiteSpace" : false
    }, {
      "id" : "s1-t9",
      "begin" : 101,
      "end" : 105,
      "text" : "Mrs.",
      "whiteSpace" : false
    }, {
      "id" : "s1-t10",
      "begin" : 106,
      "end" : 114,
      "text" : "Florence",
      "whiteSpace" : false
    }, {
      "id" : "s1-t11",
      "begin" : 115,
      "end" : 124,
      "text" : "Patterson",
      "whiteSpace" : false
    }, {
      "id" : "s1-t12",
      "begin" : 125,
      "end" : 127,
      "text" : "et",
      "whiteSpace" : false
    }, {
      "id" : "s1-t13",
      "begin" : 128,
      "end" : 130,
      "text" : "al",
      "whiteSpace" : false
    }, {
      "id" : "s1-t14",
      "begin" : 130,
      "end" : 131,
      "text" : ",",
      "whiteSpace" : false
    }, {
      "id" : "s1-t15",
      "begin" : 132,
      "end" : 134,
      "text" : "hy",
      "whiteSpace" : false
    }, {
      "id" : "s1-t16",
      "begin" : 135,
      "end" : 139,
      "text" : "deed",
      "whiteSpace" : false
    }, {
      "id" : "s1-t17",
      "begin" : 140,
      "end" : 145,
      "text" : "dated",
      "whiteSpace" : false
    }, {
      "id" : "s1-t18",
      "begin" : 146,
      "end" : 150,
      "text" : "Nov.",
      "whiteSpace" : false
    }, {
      "id" : "s1-t19",
      "begin" : 151,
      "end" : 153,
      "text" : "17",
      "whiteSpace" : false
    }, {
      "id" : "s1-t20",
      "begin" : 153,
      "end" : 154,
      "text" : ",",
      "whiteSpace" : false
    }, {
      "id" : "s1-t21",
      "begin" : 155,
      "end" : 159,
      "text" : "19E9",
      "whiteSpace" : false
    }, {
      "id" : "s1-t22",
      "begin" : 159,
      "end" : 160,
      "text" : ",",
      "whiteSpace" : false
    }, {
      "id" : "s1-t23",
      "begin" : 161,
      "end" : 164,
      "text" : "and",
      "whiteSpace" : false
    }, {
      "id" : "s1-t24",
      "begin" : 165,
      "end" : 173,
      "text" : "recorded",
      "whiteSpace" : false
    }, {
      "id" : "s1-t25",
      "begin" : 174,
      "end" : 176,
      "text" : "in",
      "whiteSpace" : false
    }, {
      "id" : "s1-t26",
      "begin" : 177,
      "end" : 181,
      "text" : "Deed",
      "whiteSpace" : false
    }, {
      "id" : "s1-t27",
      "begin" : 182,
      "end" : 186,
      "text" : "Book",
      "whiteSpace" : false
    }, {
      "id" : "s1-t28",
      "begin" : 187,
      "end" : 189,
      "text" : "23",
      "whiteSpace" : false
    }, {
      "id" : "s1-t29",
      "begin" : 189,
      "end" : 190,
      "text" : ",",
      "whiteSpace" : false
    }, {
      "id" : "s1-t30",
      "begin" : 191,
      "end" : 195,
      "text" : "page",
      "whiteSpace" : false
    }, {
      "id" : "s1-t31",
      "begin" : 196,
      "end" : 198,
      "text" : "Of",
      "whiteSpace" : false
    }, {
      "id" : "s1-t32",
      "begin" : 199,
      "end" : 202,
      "text" : "the",
      "whiteSpace" : false
    }, {
      "id" : "s1-t33",
      "begin" : 203,
      "end" : 209,
      "text" : "Regist",
      "whiteSpace" : false
    }, {
      "id" : "s1-t34",
      "begin" : 209,
      "end" : 210,
      "text" : "-",
      "whiteSpace" : false
    }, {
      "id" : "s1-t35",
      "begin" : 211,
      "end" : 212,
      "text" : "!",
      "whiteSpace" : false
    } ]
  }, {
    "id" : "s2",
    "begin" : 213,
    "end" : 250,
    "text" : "er's office of Houston County, Tenn.,",
    "tokens" : [ {
      "id" : "s2-t0",
      "begin" : 213,
      "end" : 215,
      "text" : "er",
      "whiteSpace" : false
    }, {
      "id" : "s2-t1",
      "begin" : 215,
      "end" : 217,
      "text" : "'s",
      "whiteSpace" : false
    }, {
      "id" : "s2-t2",
      "begin" : 218,
      "end" : 224,
      "text" : "office",
      "whiteSpace" : false
    }, {
      "id" : "s2-t3",
      "begin" : 225,
      "end" : 227,
      "text" : "of",
      "whiteSpace" : false
    }, {
      "id" : "s2-t4",
      "begin" : 228,
      "end" : 235,
      "text" : "Houston",
      "whiteSpace" : false
    }, {
      "id" : "s2-t5",
      "begin" : 236,
      "end" : 242,
      "text" : "County",
      "whiteSpace" : false
    }, {
      "id" : "s2-t6",
      "begin" : 242,
      "end" : 243,
      "text" : ",",
      "whiteSpace" : false
    }, {
      "id" : "s2-t7",
      "begin" : 244,
      "end" : 249,
      "text" : "Tenn.",
      "whiteSpace" : false
    }, {
      "id" : "s2-t8",
      "begin" : 249,
      "end" : 250,
      "text" : ",",
      "whiteSpace" : false
    } ]
  } ],
  "mentions" : [ {
    "id" : "s1-m1",
    "properties" : {
      "SIRE_MENTION_ROLE" : "WarrDeedBookNum",
      "SIRE_ENTITY_SUBTYPE" : "NONE",
      "SIRE_MENTION_TYPE" : "NONE",
      "SIRE_MENTION_CLASS" : "SPC"
    },
    "type" : "WarrDeedBookNum",
    "begin" : 187,
    "end" : 189,
    "inCoref" : false
  } ],
  "relations" : [ ],
  "corefs" : [ ],
  "typeResolved" : true,
  "userResolved" : false
}