{
  "id" : "977b2880-54dc-11e9-b3f1-919b26b254ae-16",
  "name" : "WD206-34.txt",
  "createdDate" : 0,
  "version" : 3,
  "text" : "This being a certain tract or parcel of land lying and being situated in the Third degree 52' East. Book WD206 Page 35 Being a portion of the same property conveyed to Jerry E. Wallace, Constance E. Wallace and Joseph E. Wallace, as joint tenants with right of survivorship and not Being a portion of the same property conveyed to Jerry E. Wallace by Quitclaim May 11, 2011. (Value or consideration as shown in aforementioned deed $0.00.) Being also known as 40 Tom Wheeler Ln McEwen, TN 37101. AND TRACT II: PART OF 119-03304 Land in Humphreys County, Tennessee, being Lot No. 1 on the Plan of Jerry Being the same property conveyed to Joseph E. Wallace and Jerry E. Wallace by Quitclaim Deed from Sarah Jane Pewitt Wallace in Book 200, , Page of record in Humphreys County, Tennessee. Being also known as a portion of Map/Parcel 119-03304 in McEwen, Tennessee 37101. All bearings are given in reference to magnetic meridian, approximate declination at time of survey, 1, as tenants in common by Special Warranty deed from AmSouth Bank, a Banking Corporation Organized and existing under the laws of the United States of America of record in Book WD190, page 1634 Register's Of???ce for Humphreys County , Tennessee, dated October 04, 2006 and recorded on October 05, 2006. (Value or consideration as shown in aforementioned deed $67,500.00.), deed from Constance Eugenia Wallace of record in Book WD196, page 5 Register's Of???ce for Humphreys County , Tennessee, dated May 09, 2011 and recorded on, Wallace Subdivision of record in Plat Book C, Page 200, in the Register's Of???ce for Humphreys County, Tennessee, to which Plan reference is hereby made for a more complete description of the property.]\n",
  "docLength" : 0,
  "language" : "EN",
  "status" : "SUBMITTED",
  "modifiedDate" : 1554166253437,
  "documentSet" : [ ],
  "preannotation" : [ ],
  "sentences" : [ {
    "id" : "s0",
    "begin" : 0,
    "end" : 99,
    "text" : "This being a certain tract or parcel of land lying and being situated in the Third degree 52' East.",
    "tokens" : [ {
      "id" : "s0-t0",
      "begin" : 0,
      "end" : 4,
      "text" : "This",
      "whiteSpace" : false
    }, {
      "id" : "s0-t1",
      "begin" : 5,
      "end" : 10,
      "text" : "being",
      "whiteSpace" : false
    }, {
      "id" : "s0-t2",
      "begin" : 11,
      "end" : 12,
      "text" : "a",
      "whiteSpace" : false
    }, {
      "id" : "s0-t3",
      "begin" : 13,
      "end" : 20,
      "text" : "certain",
      "whiteSpace" : false
    }, {
      "id" : "s0-t4",
      "begin" : 21,
      "end" : 26,
      "text" : "tract",
      "whiteSpace" : false
    }, {
      "id" : "s0-t5",
      "begin" : 27,
      "end" : 29,
      "text" : "or",
      "whiteSpace" : false
    }, {
      "id" : "s0-t6",
      "begin" : 30,
      "end" : 36,
      "text" : "parcel",
      "whiteSpace" : false
    }, {
      "id" : "s0-t7",
      "begin" : 37,
      "end" : 39,
      "text" : "of",
      "whiteSpace" : false
    }, {
      "id" : "s0-t8",
      "begin" : 40,
      "end" : 44,
      "text" : "land",
      "whiteSpace" : false
    }, {
      "id" : "s0-t9",
      "begin" : 45,
      "end" : 50,
      "text" : "lying",
      "whiteSpace" : false
    }, {
      "id" : "s0-t10",
      "begin" : 51,
      "end" : 54,
      "text" : "and",
      "whiteSpace" : false
    }, {
      "id" : "s0-t11",
      "begin" : 55,
      "end" : 60,
      "text" : "being",
      "whiteSpace" : false
    }, {
      "id" : "s0-t12",
      "begin" : 61,
      "end" : 69,
      "text" : "situated",
      "whiteSpace" : false
    }, {
      "id" : "s0-t13",
      "begin" : 70,
      "end" : 72,
      "text" : "in",
      "whiteSpace" : false
    }, {
      "id" : "s0-t14",
      "begin" : 73,
      "end" : 76,
      "text" : "the",
      "whiteSpace" : false
    }, {
      "id" : "s0-t15",
      "begin" : 77,
      "end" : 82,
      "text" : "Third",
      "whiteSpace" : false
    }, {
      "id" : "s0-t16",
      "begin" : 83,
      "end" : 89,
      "text" : "degree",
      "whiteSpace" : false
    }, {
      "id" : "s0-t17",
      "begin" : 90,
      "end" : 92,
      "text" : "52",
      "whiteSpace" : false
    }, {
      "id" : "s0-t18",
      "begin" : 92,
      "end" : 93,
      "text" : "'",
      "whiteSpace" : false
    }, {
      "id" : "s0-t19",
      "begin" : 94,
      "end" : 98,
      "text" : "East",
      "whiteSpace" : false
    }, {
      "id" : "s0-t20",
      "begin" : 98,
      "end" : 99,
      "text" : ".",
      "whiteSpace" : false
    } ]
  }, {
    "id" : "s1",
    "begin" : 100,
    "end" : 374,
    "text" : "Book WD206 Page 35 Being a portion of the same property conveyed to Jerry E. Wallace, Constance E. Wallace and Joseph E. Wallace, as joint tenants with right of survivorship and not Being a portion of the same property conveyed to Jerry E. Wallace by Quitclaim May 11, 2011.",
    "tokens" : [ {
      "id" : "s1-t0",
      "begin" : 100,
      "end" : 104,
      "text" : "Book",
      "whiteSpace" : false
    }, {
      "id" : "s1-t1",
      "begin" : 105,
      "end" : 110,
      "text" : "WD206",
      "whiteSpace" : false
    }, {
      "id" : "s1-t2",
      "begin" : 111,
      "end" : 115,
      "text" : "Page",
      "whiteSpace" : false
    }, {
      "id" : "s1-t3",
      "begin" : 116,
      "end" : 118,
      "text" : "35",
      "whiteSpace" : false
    }, {
      "id" : "s1-t4",
      "begin" : 119,
      "end" : 124,
      "text" : "Being",
      "whiteSpace" : false
    }, {
      "id" : "s1-t5",
      "begin" : 125,
      "end" : 126,
      "text" : "a",
      "whiteSpace" : false
    }, {
      "id" : "s1-t6",
      "begin" : 127,
      "end" : 134,
      "text" : "portion",
      "whiteSpace" : false
    }, {
      "id" : "s1-t7",
      "begin" : 135,
      "end" : 137,
      "text" : "of",
      "whiteSpace" : false
    }, {
      "id" : "s1-t8",
      "begin" : 138,
      "end" : 141,
      "text" : "the",
      "whiteSpace" : false
    }, {
      "id" : "s1-t9",
      "begin" : 142,
      "end" : 146,
      "text" : "same",
      "whiteSpace" : false
    }, {
      "id" : "s1-t10",
      "begin" : 147,
      "end" : 155,
      "text" : "property",
      "whiteSpace" : false
    }, {
      "id" : "s1-t11",
      "begin" : 156,
      "end" : 164,
      "text" : "conveyed",
      "whiteSpace" : false
    }, {
      "id" : "s1-t12",
      "begin" : 165,
      "end" : 167,
      "text" : "to",
      "whiteSpace" : false
    }, {
      "id" : "s1-t13",
      "begin" : 168,
      "end" : 173,
      "text" : "Jerry",
      "whiteSpace" : false
    }, {
      "id" : "s1-t14",
      "begin" : 174,
      "end" : 176,
      "text" : "E.",
      "whiteSpace" : false
    }, {
      "id" : "s1-t15",
      "begin" : 177,
      "end" : 184,
      "text" : "Wallace",
      "whiteSpace" : false
    }, {
      "id" : "s1-t16",
      "begin" : 184,
      "end" : 185,
      "text" : ",",
      "whiteSpace" : false
    }, {
      "id" : "s1-t17",
      "begin" : 186,
      "end" : 195,
      "text" : "Constance",
      "whiteSpace" : false
    }, {
      "id" : "s1-t18",
      "begin" : 196,
      "end" : 198,
      "text" : "E.",
      "whiteSpace" : false
    }, {
      "id" : "s1-t19",
      "begin" : 199,
      "end" : 206,
      "text" : "Wallace",
      "whiteSpace" : false
    }, {
      "id" : "s1-t20",
      "begin" : 207,
      "end" : 210,
      "text" : "and",
      "whiteSpace" : false
    }, {
      "id" : "s1-t21",
      "begin" : 211,
      "end" : 217,
      "text" : "Joseph",
      "whiteSpace" : false
    }, {
      "id" : "s1-t22",
      "begin" : 218,
      "end" : 220,
      "text" : "E.",
      "whiteSpace" : false
    }, {
      "id" : "s1-t23",
      "begin" : 221,
      "end" : 228,
      "text" : "Wallace",
      "whiteSpace" : false
    }, {
      "id" : "s1-t24",
      "begin" : 228,
      "end" : 229,
      "text" : ",",
      "whiteSpace" : false
    }, {
      "id" : "s1-t25",
      "begin" : 230,
      "end" : 232,
      "text" : "as",
      "whiteSpace" : false
    }, {
      "id" : "s1-t26",
      "begin" : 233,
      "end" : 238,
      "text" : "joint",
      "whiteSpace" : false
    }, {
      "id" : "s1-t27",
      "begin" : 239,
      "end" : 246,
      "text" : "tenants",
      "whiteSpace" : false
    }, {
      "id" : "s1-t28",
      "begin" : 247,
      "end" : 251,
      "text" : "with",
      "whiteSpace" : false
    }, {
      "id" : "s1-t29",
      "begin" : 252,
      "end" : 257,
      "text" : "right",
      "whiteSpace" : false
    }, {
      "id" : "s1-t30",
      "begin" : 258,
      "end" : 260,
      "text" : "of",
      "whiteSpace" : false
    }, {
      "id" : "s1-t31",
      "begin" : 261,
      "end" : 273,
      "text" : "survivorship",
      "whiteSpace" : false
    }, {
      "id" : "s1-t32",
      "begin" : 274,
      "end" : 277,
      "text" : "and",
      "whiteSpace" : false
    }, {
      "id" : "s1-t33",
      "begin" : 278,
      "end" : 281,
      "text" : "not",
      "whiteSpace" : false
    }, {
      "id" : "s1-t34",
      "begin" : 282,
      "end" : 287,
      "text" : "Being",
      "whiteSpace" : false
    }, {
      "id" : "s1-t35",
      "begin" : 288,
      "end" : 289,
      "text" : "a",
      "whiteSpace" : false
    }, {
      "id" : "s1-t36",
      "begin" : 290,
      "end" : 297,
      "text" : "portion",
      "whiteSpace" : false
    }, {
      "id" : "s1-t37",
      "begin" : 298,
      "end" : 300,
      "text" : "of",
      "whiteSpace" : false
    }, {
      "id" : "s1-t38",
      "begin" : 301,
      "end" : 304,
      "text" : "the",
      "whiteSpace" : false
    }, {
      "id" : "s1-t39",
      "begin" : 305,
      "end" : 309,
      "text" : "same",
      "whiteSpace" : false
    }, {
      "id" : "s1-t40",
      "begin" : 310,
      "end" : 318,
      "text" : "property",
      "whiteSpace" : false
    }, {
      "id" : "s1-t41",
      "begin" : 319,
      "end" : 327,
      "text" : "conveyed",
      "whiteSpace" : false
    }, {
      "id" : "s1-t42",
      "begin" : 328,
      "end" : 330,
      "text" : "to",
      "whiteSpace" : false
    }, {
      "id" : "s1-t43",
      "begin" : 331,
      "end" : 336,
      "text" : "Jerry",
      "whiteSpace" : false
    }, {
      "id" : "s1-t44",
      "begin" : 337,
      "end" : 339,
      "text" : "E.",
      "whiteSpace" : false
    }, {
      "id" : "s1-t45",
      "begin" : 340,
      "end" : 347,
      "text" : "Wallace",
      "whiteSpace" : false
    }, {
      "id" : "s1-t46",
      "begin" : 348,
      "end" : 350,
      "text" : "by",
      "whiteSpace" : false
    }, {
      "id" : "s1-t47",
      "begin" : 351,
      "end" : 360,
      "text" : "Quitclaim",
      "whiteSpace" : false
    }, {
      "id" : "s1-t48",
      "begin" : 361,
      "end" : 364,
      "text" : "May",
      "whiteSpace" : false
    }, {
      "id" : "s1-t49",
      "begin" : 365,
      "end" : 367,
      "text" : "11",
      "whiteSpace" : false
    }, {
      "id" : "s1-t50",
      "begin" : 367,
      "end" : 368,
      "text" : ",",
      "whiteSpace" : false
    }, {
      "id" : "s1-t51",
      "begin" : 369,
      "end" : 373,
      "text" : "2011",
      "whiteSpace" : false
    }, {
      "id" : "s1-t52",
      "begin" : 373,
      "end" : 374,
      "text" : ".",
      "whiteSpace" : false
    } ]
  }, {
    "id" : "s2",
    "begin" : 375,
    "end" : 437,
    "text" : "(Value or consideration as shown in aforementioned deed $0.00.",
    "tokens" : [ {
      "id" : "s2-t0",
      "begin" : 375,
      "end" : 376,
      "text" : "(",
      "whiteSpace" : false
    }, {
      "id" : "s2-t1",
      "begin" : 376,
      "end" : 381,
      "text" : "Value",
      "whiteSpace" : false
    }, {
      "id" : "s2-t2",
      "begin" : 382,
      "end" : 384,
      "text" : "or",
      "whiteSpace" : false
    }, {
      "id" : "s2-t3",
      "begin" : 385,
      "end" : 398,
      "text" : "consideration",
      "whiteSpace" : false
    }, {
      "id" : "s2-t4",
      "begin" : 399,
      "end" : 401,
      "text" : "as",
      "whiteSpace" : false
    }, {
      "id" : "s2-t5",
      "begin" : 402,
      "end" : 407,
      "text" : "shown",
      "whiteSpace" : false
    }, {
      "id" : "s2-t6",
      "begin" : 408,
      "end" : 410,
      "text" : "in",
      "whiteSpace" : false
    }, {
      "id" : "s2-t7",
      "begin" : 411,
      "end" : 425,
      "text" : "aforementioned",
      "whiteSpace" : false
    }, {
      "id" : "s2-t8",
      "begin" : 426,
      "end" : 430,
      "text" : "deed",
      "whiteSpace" : false
    }, {
      "id" : "s2-t9",
      "begin" : 431,
      "end" : 432,
      "text" : "$",
      "whiteSpace" : false
    }, {
      "id" : "s2-t10",
      "begin" : 432,
      "end" : 436,
      "text" : "0.00",
      "whiteSpace" : false
    }, {
      "id" : "s2-t11",
      "begin" : 436,
      "end" : 437,
      "text" : ".",
      "whiteSpace" : false
    } ]
  }, {
    "id" : "s3",
    "begin" : 437,
    "end" : 494,
    "text" : ") Being also known as 40 Tom Wheeler Ln McEwen, TN 37101.",
    "tokens" : [ {
      "id" : "s3-t0",
      "begin" : 437,
      "end" : 438,
      "text" : ")",
      "whiteSpace" : false
    }, {
      "id" : "s3-t1",
      "begin" : 439,
      "end" : 444,
      "text" : "Being",
      "whiteSpace" : false
    }, {
      "id" : "s3-t2",
      "begin" : 445,
      "end" : 449,
      "text" : "also",
      "whiteSpace" : false
    }, {
      "id" : "s3-t3",
      "begin" : 450,
      "end" : 455,
      "text" : "known",
      "whiteSpace" : false
    }, {
      "id" : "s3-t4",
      "begin" : 456,
      "end" : 458,
      "text" : "as",
      "whiteSpace" : false
    }, {
      "id" : "s3-t5",
      "begin" : 459,
      "end" : 461,
      "text" : "40",
      "whiteSpace" : false
    }, {
      "id" : "s3-t6",
      "begin" : 462,
      "end" : 465,
      "text" : "Tom",
      "whiteSpace" : false
    }, {
      "id" : "s3-t7",
      "begin" : 466,
      "end" : 473,
      "text" : "Wheeler",
      "whiteSpace" : false
    }, {
      "id" : "s3-t8",
      "begin" : 474,
      "end" : 476,
      "text" : "Ln",
      "whiteSpace" : false
    }, {
      "id" : "s3-t9",
      "begin" : 477,
      "end" : 483,
      "text" : "McEwen",
      "whiteSpace" : false
    }, {
      "id" : "s3-t10",
      "begin" : 483,
      "end" : 484,
      "text" : ",",
      "whiteSpace" : false
    }, {
      "id" : "s3-t11",
      "begin" : 485,
      "end" : 487,
      "text" : "TN",
      "whiteSpace" : false
    }, {
      "id" : "s3-t12",
      "begin" : 488,
      "end" : 493,
      "text" : "37101",
      "whiteSpace" : false
    }, {
      "id" : "s3-t13",
      "begin" : 493,
      "end" : 494,
      "text" : ".",
      "whiteSpace" : false
    } ]
  }, {
    "id" : "s4",
    "begin" : 495,
    "end" : 786,
    "text" : "AND TRACT II: PART OF 119-03304 Land in Humphreys County, Tennessee, being Lot No. 1 on the Plan of Jerry Being the same property conveyed to Joseph E. Wallace and Jerry E. Wallace by Quitclaim Deed from Sarah Jane Pewitt Wallace in Book 200, , Page of record in Humphreys County, Tennessee.",
    "tokens" : [ {
      "id" : "s4-t0",
      "begin" : 495,
      "end" : 498,
      "text" : "AND",
      "whiteSpace" : false
    }, {
      "id" : "s4-t1",
      "begin" : 499,
      "end" : 504,
      "text" : "TRACT",
      "whiteSpace" : false
    }, {
      "id" : "s4-t2",
      "begin" : 505,
      "end" : 507,
      "text" : "II",
      "whiteSpace" : false
    }, {
      "id" : "s4-t3",
      "begin" : 507,
      "end" : 508,
      "text" : ":",
      "whiteSpace" : false
    }, {
      "id" : "s4-t4",
      "begin" : 509,
      "end" : 513,
      "text" : "PART",
      "whiteSpace" : false
    }, {
      "id" : "s4-t5",
      "begin" : 514,
      "end" : 516,
      "text" : "OF",
      "whiteSpace" : false
    }, {
      "id" : "s4-t6",
      "begin" : 517,
      "end" : 526,
      "text" : "119-03304",
      "whiteSpace" : false
    }, {
      "id" : "s4-t7",
      "begin" : 527,
      "end" : 531,
      "text" : "Land",
      "whiteSpace" : false
    }, {
      "id" : "s4-t8",
      "begin" : 532,
      "end" : 534,
      "text" : "in",
      "whiteSpace" : false
    }, {
      "id" : "s4-t9",
      "begin" : 535,
      "end" : 544,
      "text" : "Humphreys",
      "whiteSpace" : false
    }, {
      "id" : "s4-t10",
      "begin" : 545,
      "end" : 551,
      "text" : "County",
      "whiteSpace" : false
    }, {
      "id" : "s4-t11",
      "begin" : 551,
      "end" : 552,
      "text" : ",",
      "whiteSpace" : false
    }, {
      "id" : "s4-t12",
      "begin" : 553,
      "end" : 562,
      "text" : "Tennessee",
      "whiteSpace" : false
    }, {
      "id" : "s4-t13",
      "begin" : 562,
      "end" : 563,
      "text" : ",",
      "whiteSpace" : false
    }, {
      "id" : "s4-t14",
      "begin" : 564,
      "end" : 569,
      "text" : "being",
      "whiteSpace" : false
    }, {
      "id" : "s4-t15",
      "begin" : 570,
      "end" : 573,
      "text" : "Lot",
      "whiteSpace" : false
    }, {
      "id" : "s4-t16",
      "begin" : 574,
      "end" : 577,
      "text" : "No.",
      "whiteSpace" : false
    }, {
      "id" : "s4-t17",
      "begin" : 578,
      "end" : 579,
      "text" : "1",
      "whiteSpace" : false
    }, {
      "id" : "s4-t18",
      "begin" : 580,
      "end" : 582,
      "text" : "on",
      "whiteSpace" : false
    }, {
      "id" : "s4-t19",
      "begin" : 583,
      "end" : 586,
      "text" : "the",
      "whiteSpace" : false
    }, {
      "id" : "s4-t20",
      "begin" : 587,
      "end" : 591,
      "text" : "Plan",
      "whiteSpace" : false
    }, {
      "id" : "s4-t21",
      "begin" : 592,
      "end" : 594,
      "text" : "of",
      "whiteSpace" : false
    }, {
      "id" : "s4-t22",
      "begin" : 595,
      "end" : 600,
      "text" : "Jerry",
      "whiteSpace" : false
    }, {
      "id" : "s4-t23",
      "begin" : 601,
      "end" : 606,
      "text" : "Being",
      "whiteSpace" : false
    }, {
      "id" : "s4-t24",
      "begin" : 607,
      "end" : 610,
      "text" : "the",
      "whiteSpace" : false
    }, {
      "id" : "s4-t25",
      "begin" : 611,
      "end" : 615,
      "text" : "same",
      "whiteSpace" : false
    }, {
      "id" : "s4-t26",
      "begin" : 616,
      "end" : 624,
      "text" : "property",
      "whiteSpace" : false
    }, {
      "id" : "s4-t27",
      "begin" : 625,
      "end" : 633,
      "text" : "conveyed",
      "whiteSpace" : false
    }, {
      "id" : "s4-t28",
      "begin" : 634,
      "end" : 636,
      "text" : "to",
      "whiteSpace" : false
    }, {
      "id" : "s4-t29",
      "begin" : 637,
      "end" : 643,
      "text" : "Joseph",
      "whiteSpace" : false
    }, {
      "id" : "s4-t30",
      "begin" : 644,
      "end" : 646,
      "text" : "E.",
      "whiteSpace" : false
    }, {
      "id" : "s4-t31",
      "begin" : 647,
      "end" : 654,
      "text" : "Wallace",
      "whiteSpace" : false
    }, {
      "id" : "s4-t32",
      "begin" : 655,
      "end" : 658,
      "text" : "and",
      "whiteSpace" : false
    }, {
      "id" : "s4-t33",
      "begin" : 659,
      "end" : 664,
      "text" : "Jerry",
      "whiteSpace" : false
    }, {
      "id" : "s4-t34",
      "begin" : 665,
      "end" : 667,
      "text" : "E.",
      "whiteSpace" : false
    }, {
      "id" : "s4-t35",
      "begin" : 668,
      "end" : 675,
      "text" : "Wallace",
      "whiteSpace" : false
    }, {
      "id" : "s4-t36",
      "begin" : 676,
      "end" : 678,
      "text" : "by",
      "whiteSpace" : false
    }, {
      "id" : "s4-t37",
      "begin" : 679,
      "end" : 688,
      "text" : "Quitclaim",
      "whiteSpace" : false
    }, {
      "id" : "s4-t38",
      "begin" : 689,
      "end" : 693,
      "text" : "Deed",
      "whiteSpace" : false
    }, {
      "id" : "s4-t39",
      "begin" : 694,
      "end" : 698,
      "text" : "from",
      "whiteSpace" : false
    }, {
      "id" : "s4-t40",
      "begin" : 699,
      "end" : 704,
      "text" : "Sarah",
      "whiteSpace" : false
    }, {
      "id" : "s4-t41",
      "begin" : 705,
      "end" : 709,
      "text" : "Jane",
      "whiteSpace" : false
    }, {
      "id" : "s4-t42",
      "begin" : 710,
      "end" : 716,
      "text" : "Pewitt",
      "whiteSpace" : false
    }, {
      "id" : "s4-t43",
      "begin" : 717,
      "end" : 724,
      "text" : "Wallace",
      "whiteSpace" : false
    }, {
      "id" : "s4-t44",
      "begin" : 725,
      "end" : 727,
      "text" : "in",
      "whiteSpace" : false
    }, {
      "id" : "s4-t45",
      "begin" : 728,
      "end" : 732,
      "text" : "Book",
      "whiteSpace" : false
    }, {
      "id" : "s4-t46",
      "begin" : 733,
      "end" : 736,
      "text" : "200",
      "whiteSpace" : false
    }, {
      "id" : "s4-t47",
      "begin" : 736,
      "end" : 737,
      "text" : ",",
      "whiteSpace" : false
    }, {
      "id" : "s4-t48",
      "begin" : 738,
      "end" : 739,
      "text" : ",",
      "whiteSpace" : false
    }, {
      "id" : "s4-t49",
      "begin" : 740,
      "end" : 744,
      "text" : "Page",
      "whiteSpace" : false
    }, {
      "id" : "s4-t50",
      "begin" : 745,
      "end" : 747,
      "text" : "of",
      "whiteSpace" : false
    }, {
      "id" : "s4-t51",
      "begin" : 748,
      "end" : 754,
      "text" : "record",
      "whiteSpace" : false
    }, {
      "id" : "s4-t52",
      "begin" : 755,
      "end" : 757,
      "text" : "in",
      "whiteSpace" : false
    }, {
      "id" : "s4-t53",
      "begin" : 758,
      "end" : 767,
      "text" : "Humphreys",
      "whiteSpace" : false
    }, {
      "id" : "s4-t54",
      "begin" : 768,
      "end" : 774,
      "text" : "County",
      "whiteSpace" : false
    }, {
      "id" : "s4-t55",
      "begin" : 774,
      "end" : 775,
      "text" : ",",
      "whiteSpace" : false
    }, {
      "id" : "s4-t56",
      "begin" : 776,
      "end" : 785,
      "text" : "Tennessee",
      "whiteSpace" : false
    }, {
      "id" : "s4-t57",
      "begin" : 785,
      "end" : 786,
      "text" : ".",
      "whiteSpace" : false
    } ]
  }, {
    "id" : "s5",
    "begin" : 787,
    "end" : 868,
    "text" : "Being also known as a portion of Map/Parcel 119-03304 in McEwen, Tennessee 37101.",
    "tokens" : [ {
      "id" : "s5-t0",
      "begin" : 787,
      "end" : 792,
      "text" : "Being",
      "whiteSpace" : false
    }, {
      "id" : "s5-t1",
      "begin" : 793,
      "end" : 797,
      "text" : "also",
      "whiteSpace" : false
    }, {
      "id" : "s5-t2",
      "begin" : 798,
      "end" : 803,
      "text" : "known",
      "whiteSpace" : false
    }, {
      "id" : "s5-t3",
      "begin" : 804,
      "end" : 806,
      "text" : "as",
      "whiteSpace" : false
    }, {
      "id" : "s5-t4",
      "begin" : 807,
      "end" : 808,
      "text" : "a",
      "whiteSpace" : false
    }, {
      "id" : "s5-t5",
      "begin" : 809,
      "end" : 816,
      "text" : "portion",
      "whiteSpace" : false
    }, {
      "id" : "s5-t6",
      "begin" : 817,
      "end" : 819,
      "text" : "of",
      "whiteSpace" : false
    }, {
      "id" : "s5-t7",
      "begin" : 820,
      "end" : 823,
      "text" : "Map",
      "whiteSpace" : false
    }, {
      "id" : "s5-t8",
      "begin" : 823,
      "end" : 824,
      "text" : "/",
      "whiteSpace" : false
    }, {
      "id" : "s5-t9",
      "begin" : 824,
      "end" : 830,
      "text" : "Parcel",
      "whiteSpace" : false
    }, {
      "id" : "s5-t10",
      "begin" : 831,
      "end" : 840,
      "text" : "119-03304",
      "whiteSpace" : false
    }, {
      "id" : "s5-t11",
      "begin" : 841,
      "end" : 843,
      "text" : "in",
      "whiteSpace" : false
    }, {
      "id" : "s5-t12",
      "begin" : 844,
      "end" : 850,
      "text" : "McEwen",
      "whiteSpace" : false
    }, {
      "id" : "s5-t13",
      "begin" : 850,
      "end" : 851,
      "text" : ",",
      "whiteSpace" : false
    }, {
      "id" : "s5-t14",
      "begin" : 852,
      "end" : 861,
      "text" : "Tennessee",
      "whiteSpace" : false
    }, {
      "id" : "s5-t15",
      "begin" : 862,
      "end" : 867,
      "text" : "37101",
      "whiteSpace" : false
    }, {
      "id" : "s5-t16",
      "begin" : 867,
      "end" : 868,
      "text" : ".",
      "whiteSpace" : false
    } ]
  }, {
    "id" : "s6",
    "begin" : 869,
    "end" : 1179,
    "text" : "All bearings are given in reference to magnetic meridian, approximate declination at time of survey, 1, as tenants in common by Special Warranty deed from AmSouth Bank, a Banking Corporation Organized and existing under the laws of the United States of America of record in Book WD190, page 1634 Register's Of?",
    "tokens" : [ {
      "id" : "s6-t0",
      "begin" : 869,
      "end" : 872,
      "text" : "All",
      "whiteSpace" : false
    }, {
      "id" : "s6-t1",
      "begin" : 873,
      "end" : 881,
      "text" : "bearings",
      "whiteSpace" : false
    }, {
      "id" : "s6-t2",
      "begin" : 882,
      "end" : 885,
      "text" : "are",
      "whiteSpace" : false
    }, {
      "id" : "s6-t3",
      "begin" : 886,
      "end" : 891,
      "text" : "given",
      "whiteSpace" : false
    }, {
      "id" : "s6-t4",
      "begin" : 892,
      "end" : 894,
      "text" : "in",
      "whiteSpace" : false
    }, {
      "id" : "s6-t5",
      "begin" : 895,
      "end" : 904,
      "text" : "reference",
      "whiteSpace" : false
    }, {
      "id" : "s6-t6",
      "begin" : 905,
      "end" : 907,
      "text" : "to",
      "whiteSpace" : false
    }, {
      "id" : "s6-t7",
      "begin" : 908,
      "end" : 916,
      "text" : "magnetic",
      "whiteSpace" : false
    }, {
      "id" : "s6-t8",
      "begin" : 917,
      "end" : 925,
      "text" : "meridian",
      "whiteSpace" : false
    }, {
      "id" : "s6-t9",
      "begin" : 925,
      "end" : 926,
      "text" : ",",
      "whiteSpace" : false
    }, {
      "id" : "s6-t10",
      "begin" : 927,
      "end" : 938,
      "text" : "approximate",
      "whiteSpace" : false
    }, {
      "id" : "s6-t11",
      "begin" : 939,
      "end" : 950,
      "text" : "declination",
      "whiteSpace" : false
    }, {
      "id" : "s6-t12",
      "begin" : 951,
      "end" : 953,
      "text" : "at",
      "whiteSpace" : false
    }, {
      "id" : "s6-t13",
      "begin" : 954,
      "end" : 958,
      "text" : "time",
      "whiteSpace" : false
    }, {
      "id" : "s6-t14",
      "begin" : 959,
      "end" : 961,
      "text" : "of",
      "whiteSpace" : false
    }, {
      "id" : "s6-t15",
      "begin" : 962,
      "end" : 968,
      "text" : "survey",
      "whiteSpace" : false
    }, {
      "id" : "s6-t16",
      "begin" : 968,
      "end" : 969,
      "text" : ",",
      "whiteSpace" : false
    }, {
      "id" : "s6-t17",
      "begin" : 970,
      "end" : 971,
      "text" : "1",
      "whiteSpace" : false
    }, {
      "id" : "s6-t18",
      "begin" : 971,
      "end" : 972,
      "text" : ",",
      "whiteSpace" : false
    }, {
      "id" : "s6-t19",
      "begin" : 973,
      "end" : 975,
      "text" : "as",
      "whiteSpace" : false
    }, {
      "id" : "s6-t20",
      "begin" : 976,
      "end" : 983,
      "text" : "tenants",
      "whiteSpace" : false
    }, {
      "id" : "s6-t21",
      "begin" : 984,
      "end" : 986,
      "text" : "in",
      "whiteSpace" : false
    }, {
      "id" : "s6-t22",
      "begin" : 987,
      "end" : 993,
      "text" : "common",
      "whiteSpace" : false
    }, {
      "id" : "s6-t23",
      "begin" : 994,
      "end" : 996,
      "text" : "by",
      "whiteSpace" : false
    }, {
      "id" : "s6-t24",
      "begin" : 997,
      "end" : 1004,
      "text" : "Special",
      "whiteSpace" : false
    }, {
      "id" : "s6-t25",
      "begin" : 1005,
      "end" : 1013,
      "text" : "Warranty",
      "whiteSpace" : false
    }, {
      "id" : "s6-t26",
      "begin" : 1014,
      "end" : 1018,
      "text" : "deed",
      "whiteSpace" : false
    }, {
      "id" : "s6-t27",
      "begin" : 1019,
      "end" : 1023,
      "text" : "from",
      "whiteSpace" : false
    }, {
      "id" : "s6-t28",
      "begin" : 1024,
      "end" : 1031,
      "text" : "AmSouth",
      "whiteSpace" : false
    }, {
      "id" : "s6-t29",
      "begin" : 1032,
      "end" : 1036,
      "text" : "Bank",
      "whiteSpace" : false
    }, {
      "id" : "s6-t30",
      "begin" : 1036,
      "end" : 1037,
      "text" : ",",
      "whiteSpace" : false
    }, {
      "id" : "s6-t31",
      "begin" : 1038,
      "end" : 1039,
      "text" : "a",
      "whiteSpace" : false
    }, {
      "id" : "s6-t32",
      "begin" : 1040,
      "end" : 1047,
      "text" : "Banking",
      "whiteSpace" : false
    }, {
      "id" : "s6-t33",
      "begin" : 1048,
      "end" : 1059,
      "text" : "Corporation",
      "whiteSpace" : false
    }, {
      "id" : "s6-t34",
      "begin" : 1060,
      "end" : 1069,
      "text" : "Organized",
      "whiteSpace" : false
    }, {
      "id" : "s6-t35",
      "begin" : 1070,
      "end" : 1073,
      "text" : "and",
      "whiteSpace" : false
    }, {
      "id" : "s6-t36",
      "begin" : 1074,
      "end" : 1082,
      "text" : "existing",
      "whiteSpace" : false
    }, {
      "id" : "s6-t37",
      "begin" : 1083,
      "end" : 1088,
      "text" : "under",
      "whiteSpace" : false
    }, {
      "id" : "s6-t38",
      "begin" : 1089,
      "end" : 1092,
      "text" : "the",
      "whiteSpace" : false
    }, {
      "id" : "s6-t39",
      "begin" : 1093,
      "end" : 1097,
      "text" : "laws",
      "whiteSpace" : false
    }, {
      "id" : "s6-t40",
      "begin" : 1098,
      "end" : 1100,
      "text" : "of",
      "whiteSpace" : false
    }, {
      "id" : "s6-t41",
      "begin" : 1101,
      "end" : 1104,
      "text" : "the",
      "whiteSpace" : false
    }, {
      "id" : "s6-t42",
      "begin" : 1105,
      "end" : 1111,
      "text" : "United",
      "whiteSpace" : false
    }, {
      "id" : "s6-t43",
      "begin" : 1112,
      "end" : 1118,
      "text" : "States",
      "whiteSpace" : false
    }, {
      "id" : "s6-t44",
      "begin" : 1119,
      "end" : 1121,
      "text" : "of",
      "whiteSpace" : false
    }, {
      "id" : "s6-t45",
      "begin" : 1122,
      "end" : 1129,
      "text" : "America",
      "whiteSpace" : false
    }, {
      "id" : "s6-t46",
      "begin" : 1130,
      "end" : 1132,
      "text" : "of",
      "whiteSpace" : false
    }, {
      "id" : "s6-t47",
      "begin" : 1133,
      "end" : 1139,
      "text" : "record",
      "whiteSpace" : false
    }, {
      "id" : "s6-t48",
      "begin" : 1140,
      "end" : 1142,
      "text" : "in",
      "whiteSpace" : false
    }, {
      "id" : "s6-t49",
      "begin" : 1143,
      "end" : 1147,
      "text" : "Book",
      "whiteSpace" : false
    }, {
      "id" : "s6-t50",
      "begin" : 1148,
      "end" : 1153,
      "text" : "WD190",
      "whiteSpace" : false
    }, {
      "id" : "s6-t51",
      "begin" : 1153,
      "end" : 1154,
      "text" : ",",
      "whiteSpace" : false
    }, {
      "id" : "s6-t52",
      "begin" : 1155,
      "end" : 1159,
      "text" : "page",
      "whiteSpace" : false
    }, {
      "id" : "s6-t53",
      "begin" : 1160,
      "end" : 1164,
      "text" : "1634",
      "whiteSpace" : false
    }, {
      "id" : "s6-t54",
      "begin" : 1165,
      "end" : 1173,
      "text" : "Register",
      "whiteSpace" : false
    }, {
      "id" : "s6-t55",
      "begin" : 1173,
      "end" : 1175,
      "text" : "'s",
      "whiteSpace" : false
    }, {
      "id" : "s6-t56",
      "begin" : 1176,
      "end" : 1178,
      "text" : "Of",
      "whiteSpace" : false
    }, {
      "id" : "s6-t57",
      "begin" : 1178,
      "end" : 1179,
      "text" : "?",
      "whiteSpace" : false
    } ]
  }, {
    "id" : "s7",
    "begin" : 1179,
    "end" : 1274,
    "text" : "??ce for Humphreys County , Tennessee, dated October 04, 2006 and recorded on October 05, 2006.",
    "tokens" : [ {
      "id" : "s7-t0",
      "begin" : 1179,
      "end" : 1183,
      "text" : "??ce",
      "whiteSpace" : false
    }, {
      "id" : "s7-t1",
      "begin" : 1184,
      "end" : 1187,
      "text" : "for",
      "whiteSpace" : false
    }, {
      "id" : "s7-t2",
      "begin" : 1188,
      "end" : 1197,
      "text" : "Humphreys",
      "whiteSpace" : false
    }, {
      "id" : "s7-t3",
      "begin" : 1198,
      "end" : 1204,
      "text" : "County",
      "whiteSpace" : false
    }, {
      "id" : "s7-t4",
      "begin" : 1205,
      "end" : 1206,
      "text" : ",",
      "whiteSpace" : false
    }, {
      "id" : "s7-t5",
      "begin" : 1207,
      "end" : 1216,
      "text" : "Tennessee",
      "whiteSpace" : false
    }, {
      "id" : "s7-t6",
      "begin" : 1216,
      "end" : 1217,
      "text" : ",",
      "whiteSpace" : false
    }, {
      "id" : "s7-t7",
      "begin" : 1218,
      "end" : 1223,
      "text" : "dated",
      "whiteSpace" : false
    }, {
      "id" : "s7-t8",
      "begin" : 1224,
      "end" : 1231,
      "text" : "October",
      "whiteSpace" : false
    }, {
      "id" : "s7-t9",
      "begin" : 1232,
      "end" : 1234,
      "text" : "04",
      "whiteSpace" : false
    }, {
      "id" : "s7-t10",
      "begin" : 1234,
      "end" : 1235,
      "text" : ",",
      "whiteSpace" : false
    }, {
      "id" : "s7-t11",
      "begin" : 1236,
      "end" : 1240,
      "text" : "2006",
      "whiteSpace" : false
    }, {
      "id" : "s7-t12",
      "begin" : 1241,
      "end" : 1244,
      "text" : "and",
      "whiteSpace" : false
    }, {
      "id" : "s7-t13",
      "begin" : 1245,
      "end" : 1253,
      "text" : "recorded",
      "whiteSpace" : false
    }, {
      "id" : "s7-t14",
      "begin" : 1254,
      "end" : 1256,
      "text" : "on",
      "whiteSpace" : false
    }, {
      "id" : "s7-t15",
      "begin" : 1257,
      "end" : 1264,
      "text" : "October",
      "whiteSpace" : false
    }, {
      "id" : "s7-t16",
      "begin" : 1265,
      "end" : 1267,
      "text" : "05",
      "whiteSpace" : false
    }, {
      "id" : "s7-t17",
      "begin" : 1267,
      "end" : 1268,
      "text" : ",",
      "whiteSpace" : false
    }, {
      "id" : "s7-t18",
      "begin" : 1269,
      "end" : 1273,
      "text" : "2006",
      "whiteSpace" : false
    }, {
      "id" : "s7-t19",
      "begin" : 1273,
      "end" : 1274,
      "text" : ".",
      "whiteSpace" : false
    } ]
  }, {
    "id" : "s8",
    "begin" : 1275,
    "end" : 1342,
    "text" : "(Value or consideration as shown in aforementioned deed $67,500.00.",
    "tokens" : [ {
      "id" : "s8-t0",
      "begin" : 1275,
      "end" : 1276,
      "text" : "(",
      "whiteSpace" : false
    }, {
      "id" : "s8-t1",
      "begin" : 1276,
      "end" : 1281,
      "text" : "Value",
      "whiteSpace" : false
    }, {
      "id" : "s8-t2",
      "begin" : 1282,
      "end" : 1284,
      "text" : "or",
      "whiteSpace" : false
    }, {
      "id" : "s8-t3",
      "begin" : 1285,
      "end" : 1298,
      "text" : "consideration",
      "whiteSpace" : false
    }, {
      "id" : "s8-t4",
      "begin" : 1299,
      "end" : 1301,
      "text" : "as",
      "whiteSpace" : false
    }, {
      "id" : "s8-t5",
      "begin" : 1302,
      "end" : 1307,
      "text" : "shown",
      "whiteSpace" : false
    }, {
      "id" : "s8-t6",
      "begin" : 1308,
      "end" : 1310,
      "text" : "in",
      "whiteSpace" : false
    }, {
      "id" : "s8-t7",
      "begin" : 1311,
      "end" : 1325,
      "text" : "aforementioned",
      "whiteSpace" : false
    }, {
      "id" : "s8-t8",
      "begin" : 1326,
      "end" : 1330,
      "text" : "deed",
      "whiteSpace" : false
    }, {
      "id" : "s8-t9",
      "begin" : 1331,
      "end" : 1332,
      "text" : "$",
      "whiteSpace" : false
    }, {
      "id" : "s8-t10",
      "begin" : 1332,
      "end" : 1341,
      "text" : "67,500.00",
      "whiteSpace" : false
    }, {
      "id" : "s8-t11",
      "begin" : 1341,
      "end" : 1342,
      "text" : ".",
      "whiteSpace" : false
    } ]
  }, {
    "id" : "s9",
    "begin" : 1342,
    "end" : 1427,
    "text" : "), deed from Constance Eugenia Wallace of record in Book WD196, page 5 Register's Of?",
    "tokens" : [ {
      "id" : "s9-t0",
      "begin" : 1342,
      "end" : 1343,
      "text" : ")",
      "whiteSpace" : false
    }, {
      "id" : "s9-t1",
      "begin" : 1343,
      "end" : 1344,
      "text" : ",",
      "whiteSpace" : false
    }, {
      "id" : "s9-t2",
      "begin" : 1345,
      "end" : 1349,
      "text" : "deed",
      "whiteSpace" : false
    }, {
      "id" : "s9-t3",
      "begin" : 1350,
      "end" : 1354,
      "text" : "from",
      "whiteSpace" : false
    }, {
      "id" : "s9-t4",
      "begin" : 1355,
      "end" : 1364,
      "text" : "Constance",
      "whiteSpace" : false
    }, {
      "id" : "s9-t5",
      "begin" : 1365,
      "end" : 1372,
      "text" : "Eugenia",
      "whiteSpace" : false
    }, {
      "id" : "s9-t6",
      "begin" : 1373,
      "end" : 1380,
      "text" : "Wallace",
      "whiteSpace" : false
    }, {
      "id" : "s9-t7",
      "begin" : 1381,
      "end" : 1383,
      "text" : "of",
      "whiteSpace" : false
    }, {
      "id" : "s9-t8",
      "begin" : 1384,
      "end" : 1390,
      "text" : "record",
      "whiteSpace" : false
    }, {
      "id" : "s9-t9",
      "begin" : 1391,
      "end" : 1393,
      "text" : "in",
      "whiteSpace" : false
    }, {
      "id" : "s9-t10",
      "begin" : 1394,
      "end" : 1398,
      "text" : "Book",
      "whiteSpace" : false
    }, {
      "id" : "s9-t11",
      "begin" : 1399,
      "end" : 1404,
      "text" : "WD196",
      "whiteSpace" : false
    }, {
      "id" : "s9-t12",
      "begin" : 1404,
      "end" : 1405,
      "text" : ",",
      "whiteSpace" : false
    }, {
      "id" : "s9-t13",
      "begin" : 1406,
      "end" : 1410,
      "text" : "page",
      "whiteSpace" : false
    }, {
      "id" : "s9-t14",
      "begin" : 1411,
      "end" : 1412,
      "text" : "5",
      "whiteSpace" : false
    }, {
      "id" : "s9-t15",
      "begin" : 1413,
      "end" : 1421,
      "text" : "Register",
      "whiteSpace" : false
    }, {
      "id" : "s9-t16",
      "begin" : 1421,
      "end" : 1423,
      "text" : "'s",
      "whiteSpace" : false
    }, {
      "id" : "s9-t17",
      "begin" : 1424,
      "end" : 1426,
      "text" : "Of",
      "whiteSpace" : false
    }, {
      "id" : "s9-t18",
      "begin" : 1426,
      "end" : 1427,
      "text" : "?",
      "whiteSpace" : false
    } ]
  }, {
    "id" : "s10",
    "begin" : 1427,
    "end" : 1579,
    "text" : "??ce for Humphreys County , Tennessee, dated May 09, 2011 and recorded on, Wallace Subdivision of record in Plat Book C, Page 200, in the Register's Of?",
    "tokens" : [ {
      "id" : "s10-t0",
      "begin" : 1427,
      "end" : 1431,
      "text" : "??ce",
      "whiteSpace" : false
    }, {
      "id" : "s10-t1",
      "begin" : 1432,
      "end" : 1435,
      "text" : "for",
      "whiteSpace" : false
    }, {
      "id" : "s10-t2",
      "begin" : 1436,
      "end" : 1445,
      "text" : "Humphreys",
      "whiteSpace" : false
    }, {
      "id" : "s10-t3",
      "begin" : 1446,
      "end" : 1452,
      "text" : "County",
      "whiteSpace" : false
    }, {
      "id" : "s10-t4",
      "begin" : 1453,
      "end" : 1454,
      "text" : ",",
      "whiteSpace" : false
    }, {
      "id" : "s10-t5",
      "begin" : 1455,
      "end" : 1464,
      "text" : "Tennessee",
      "whiteSpace" : false
    }, {
      "id" : "s10-t6",
      "begin" : 1464,
      "end" : 1465,
      "text" : ",",
      "whiteSpace" : false
    }, {
      "id" : "s10-t7",
      "begin" : 1466,
      "end" : 1471,
      "text" : "dated",
      "whiteSpace" : false
    }, {
      "id" : "s10-t8",
      "begin" : 1472,
      "end" : 1475,
      "text" : "May",
      "whiteSpace" : false
    }, {
      "id" : "s10-t9",
      "begin" : 1476,
      "end" : 1478,
      "text" : "09",
      "whiteSpace" : false
    }, {
      "id" : "s10-t10",
      "begin" : 1478,
      "end" : 1479,
      "text" : ",",
      "whiteSpace" : false
    }, {
      "id" : "s10-t11",
      "begin" : 1480,
      "end" : 1484,
      "text" : "2011",
      "whiteSpace" : false
    }, {
      "id" : "s10-t12",
      "begin" : 1485,
      "end" : 1488,
      "text" : "and",
      "whiteSpace" : false
    }, {
      "id" : "s10-t13",
      "begin" : 1489,
      "end" : 1497,
      "text" : "recorded",
      "whiteSpace" : false
    }, {
      "id" : "s10-t14",
      "begin" : 1498,
      "end" : 1500,
      "text" : "on",
      "whiteSpace" : false
    }, {
      "id" : "s10-t15",
      "begin" : 1500,
      "end" : 1501,
      "text" : ",",
      "whiteSpace" : false
    }, {
      "id" : "s10-t16",
      "begin" : 1502,
      "end" : 1509,
      "text" : "Wallace",
      "whiteSpace" : false
    }, {
      "id" : "s10-t17",
      "begin" : 1510,
      "end" : 1521,
      "text" : "Subdivision",
      "whiteSpace" : false
    }, {
      "id" : "s10-t18",
      "begin" : 1522,
      "end" : 1524,
      "text" : "of",
      "whiteSpace" : false
    }, {
      "id" : "s10-t19",
      "begin" : 1525,
      "end" : 1531,
      "text" : "record",
      "whiteSpace" : false
    }, {
      "id" : "s10-t20",
      "begin" : 1532,
      "end" : 1534,
      "text" : "in",
      "whiteSpace" : false
    }, {
      "id" : "s10-t21",
      "begin" : 1535,
      "end" : 1539,
      "text" : "Plat",
      "whiteSpace" : false
    }, {
      "id" : "s10-t22",
      "begin" : 1540,
      "end" : 1544,
      "text" : "Book",
      "whiteSpace" : false
    }, {
      "id" : "s10-t23",
      "begin" : 1545,
      "end" : 1546,
      "text" : "C",
      "whiteSpace" : false
    }, {
      "id" : "s10-t24",
      "begin" : 1546,
      "end" : 1547,
      "text" : ",",
      "whiteSpace" : false
    }, {
      "id" : "s10-t25",
      "begin" : 1548,
      "end" : 1552,
      "text" : "Page",
      "whiteSpace" : false
    }, {
      "id" : "s10-t26",
      "begin" : 1553,
      "end" : 1556,
      "text" : "200",
      "whiteSpace" : false
    }, {
      "id" : "s10-t27",
      "begin" : 1556,
      "end" : 1557,
      "text" : ",",
      "whiteSpace" : false
    }, {
      "id" : "s10-t28",
      "begin" : 1558,
      "end" : 1560,
      "text" : "in",
      "whiteSpace" : false
    }, {
      "id" : "s10-t29",
      "begin" : 1561,
      "end" : 1564,
      "text" : "the",
      "whiteSpace" : false
    }, {
      "id" : "s10-t30",
      "begin" : 1565,
      "end" : 1573,
      "text" : "Register",
      "whiteSpace" : false
    }, {
      "id" : "s10-t31",
      "begin" : 1573,
      "end" : 1575,
      "text" : "'s",
      "whiteSpace" : false
    }, {
      "id" : "s10-t32",
      "begin" : 1576,
      "end" : 1578,
      "text" : "Of",
      "whiteSpace" : false
    }, {
      "id" : "s10-t33",
      "begin" : 1578,
      "end" : 1579,
      "text" : "?",
      "whiteSpace" : false
    } ]
  }, {
    "id" : "s11",
    "begin" : 1579,
    "end" : 1705,
    "text" : "??ce for Humphreys County, Tennessee, to which Plan reference is hereby made for a more complete description of the property.]",
    "tokens" : [ {
      "id" : "s11-t0",
      "begin" : 1579,
      "end" : 1583,
      "text" : "??ce",
      "whiteSpace" : false
    }, {
      "id" : "s11-t1",
      "begin" : 1584,
      "end" : 1587,
      "text" : "for",
      "whiteSpace" : false
    }, {
      "id" : "s11-t2",
      "begin" : 1588,
      "end" : 1597,
      "text" : "Humphreys",
      "whiteSpace" : false
    }, {
      "id" : "s11-t3",
      "begin" : 1598,
      "end" : 1604,
      "text" : "County",
      "whiteSpace" : false
    }, {
      "id" : "s11-t4",
      "begin" : 1604,
      "end" : 1605,
      "text" : ",",
      "whiteSpace" : false
    }, {
      "id" : "s11-t5",
      "begin" : 1606,
      "end" : 1615,
      "text" : "Tennessee",
      "whiteSpace" : false
    }, {
      "id" : "s11-t6",
      "begin" : 1615,
      "end" : 1616,
      "text" : ",",
      "whiteSpace" : false
    }, {
      "id" : "s11-t7",
      "begin" : 1617,
      "end" : 1619,
      "text" : "to",
      "whiteSpace" : false
    }, {
      "id" : "s11-t8",
      "begin" : 1620,
      "end" : 1625,
      "text" : "which",
      "whiteSpace" : false
    }, {
      "id" : "s11-t9",
      "begin" : 1626,
      "end" : 1630,
      "text" : "Plan",
      "whiteSpace" : false
    }, {
      "id" : "s11-t10",
      "begin" : 1631,
      "end" : 1640,
      "text" : "reference",
      "whiteSpace" : false
    }, {
      "id" : "s11-t11",
      "begin" : 1641,
      "end" : 1643,
      "text" : "is",
      "whiteSpace" : false
    }, {
      "id" : "s11-t12",
      "begin" : 1644,
      "end" : 1650,
      "text" : "hereby",
      "whiteSpace" : false
    }, {
      "id" : "s11-t13",
      "begin" : 1651,
      "end" : 1655,
      "text" : "made",
      "whiteSpace" : false
    }, {
      "id" : "s11-t14",
      "begin" : 1656,
      "end" : 1659,
      "text" : "for",
      "whiteSpace" : false
    }, {
      "id" : "s11-t15",
      "begin" : 1660,
      "end" : 1661,
      "text" : "a",
      "whiteSpace" : false
    }, {
      "id" : "s11-t16",
      "begin" : 1662,
      "end" : 1666,
      "text" : "more",
      "whiteSpace" : false
    }, {
      "id" : "s11-t17",
      "begin" : 1667,
      "end" : 1675,
      "text" : "complete",
      "whiteSpace" : false
    }, {
      "id" : "s11-t18",
      "begin" : 1676,
      "end" : 1687,
      "text" : "description",
      "whiteSpace" : false
    }, {
      "id" : "s11-t19",
      "begin" : 1688,
      "end" : 1690,
      "text" : "of",
      "whiteSpace" : false
    }, {
      "id" : "s11-t20",
      "begin" : 1691,
      "end" : 1694,
      "text" : "the",
      "whiteSpace" : false
    }, {
      "id" : "s11-t21",
      "begin" : 1695,
      "end" : 1703,
      "text" : "property",
      "whiteSpace" : false
    }, {
      "id" : "s11-t22",
      "begin" : 1703,
      "end" : 1704,
      "text" : ".",
      "whiteSpace" : false
    }, {
      "id" : "s11-t23",
      "begin" : 1704,
      "end" : 1705,
      "text" : "]",
      "whiteSpace" : false
    } ]
  } ],
  "mentions" : [ {
    "id" : "s4-m1",
    "properties" : {
      "SIRE_MENTION_ROLE" : "WarrDeedBookNum",
      "SIRE_ENTITY_SUBTYPE" : "NONE",
      "SIRE_MENTION_TYPE" : "NONE",
      "SIRE_MENTION_CLASS" : "SPC"
    },
    "type" : "WarrDeedBookNum",
    "begin" : 733,
    "end" : 736,
    "inCoref" : false
  } ],
  "relations" : [ ],
  "corefs" : [ ],
  "typeResolved" : true,
  "userResolved" : false
}