{
  "id" : "977b2880-54dc-11e9-b3f1-919b26b254ae-10",
  "name" : "WD191-34.txt",
  "createdDate" : 0,
  "version" : 3,
  "text" : " Subdivision of record in Plat Cabinet B, Slide 33 l, Register???s Of???ce of Humphreys County, Tennessee, to which reference is hereby made for a more complete description., Being the same property conveyed to Joseph Henson III and wife, Tracey D., Henson, by deed of record in Deed Book 189, page 1569, Register???s Of???ce of, Restrictions and protective covenants for East Ridge Subdivision as shown on the plat of record in Plat Cabinet A, Slide 105, Register???s Of???ce of Humphreys County, Tennessee; and, All matters pertaining to Lot 7 as shown on the amended plat for East Ridge Subdivision of record in Plat Cabinet B, Slide 331, Register???s Of???ce of Humphreys County, Tennessee., gna???, ) )]\n",
  "docLength" : 0,
  "language" : "EN",
  "status" : "SUBMITTED",
  "modifiedDate" : 1554166027505,
  "documentSet" : [ ],
  "preannotation" : [ ],
  "sentences" : [ {
    "id" : "s0",
    "begin" : 1,
    "end" : 63,
    "text" : "Subdivision of record in Plat Cabinet B, Slide 33 l, Register?",
    "tokens" : [ {
      "id" : "s0-t0",
      "begin" : 1,
      "end" : 12,
      "text" : "Subdivision",
      "whiteSpace" : false
    }, {
      "id" : "s0-t1",
      "begin" : 13,
      "end" : 15,
      "text" : "of",
      "whiteSpace" : false
    }, {
      "id" : "s0-t2",
      "begin" : 16,
      "end" : 22,
      "text" : "record",
      "whiteSpace" : false
    }, {
      "id" : "s0-t3",
      "begin" : 23,
      "end" : 25,
      "text" : "in",
      "whiteSpace" : false
    }, {
      "id" : "s0-t4",
      "begin" : 26,
      "end" : 30,
      "text" : "Plat",
      "whiteSpace" : false
    }, {
      "id" : "s0-t5",
      "begin" : 31,
      "end" : 38,
      "text" : "Cabinet",
      "whiteSpace" : false
    }, {
      "id" : "s0-t6",
      "begin" : 39,
      "end" : 40,
      "text" : "B",
      "whiteSpace" : false
    }, {
      "id" : "s0-t7",
      "begin" : 40,
      "end" : 41,
      "text" : ",",
      "whiteSpace" : false
    }, {
      "id" : "s0-t8",
      "begin" : 42,
      "end" : 47,
      "text" : "Slide",
      "whiteSpace" : false
    }, {
      "id" : "s0-t9",
      "begin" : 48,
      "end" : 50,
      "text" : "33",
      "whiteSpace" : false
    }, {
      "id" : "s0-t10",
      "begin" : 51,
      "end" : 52,
      "text" : "l",
      "whiteSpace" : false
    }, {
      "id" : "s0-t11",
      "begin" : 52,
      "end" : 53,
      "text" : ",",
      "whiteSpace" : false
    }, {
      "id" : "s0-t12",
      "begin" : 54,
      "end" : 62,
      "text" : "Register",
      "whiteSpace" : false
    }, {
      "id" : "s0-t13",
      "begin" : 62,
      "end" : 63,
      "text" : "?",
      "whiteSpace" : false
    } ]
  }, {
    "id" : "s1",
    "begin" : 63,
    "end" : 70,
    "text" : "??s Of?",
    "tokens" : [ {
      "id" : "s1-t0",
      "begin" : 63,
      "end" : 66,
      "text" : "??s",
      "whiteSpace" : false
    }, {
      "id" : "s1-t1",
      "begin" : 67,
      "end" : 69,
      "text" : "Of",
      "whiteSpace" : false
    }, {
      "id" : "s1-t2",
      "begin" : 69,
      "end" : 70,
      "text" : "?",
      "whiteSpace" : false
    } ]
  }, {
    "id" : "s2",
    "begin" : 70,
    "end" : 314,
    "text" : "??ce of Humphreys County, Tennessee, to which reference is hereby made for a more complete description., Being the same property conveyed to Joseph Henson III and wife, Tracey D., Henson, by deed of record in Deed Book 189, page 1569, Register?",
    "tokens" : [ {
      "id" : "s2-t0",
      "begin" : 70,
      "end" : 74,
      "text" : "??ce",
      "whiteSpace" : false
    }, {
      "id" : "s2-t1",
      "begin" : 75,
      "end" : 77,
      "text" : "of",
      "whiteSpace" : false
    }, {
      "id" : "s2-t2",
      "begin" : 78,
      "end" : 87,
      "text" : "Humphreys",
      "whiteSpace" : false
    }, {
      "id" : "s2-t3",
      "begin" : 88,
      "end" : 94,
      "text" : "County",
      "whiteSpace" : false
    }, {
      "id" : "s2-t4",
      "begin" : 94,
      "end" : 95,
      "text" : ",",
      "whiteSpace" : false
    }, {
      "id" : "s2-t5",
      "begin" : 96,
      "end" : 105,
      "text" : "Tennessee",
      "whiteSpace" : false
    }, {
      "id" : "s2-t6",
      "begin" : 105,
      "end" : 106,
      "text" : ",",
      "whiteSpace" : false
    }, {
      "id" : "s2-t7",
      "begin" : 107,
      "end" : 109,
      "text" : "to",
      "whiteSpace" : false
    }, {
      "id" : "s2-t8",
      "begin" : 110,
      "end" : 115,
      "text" : "which",
      "whiteSpace" : false
    }, {
      "id" : "s2-t9",
      "begin" : 116,
      "end" : 125,
      "text" : "reference",
      "whiteSpace" : false
    }, {
      "id" : "s2-t10",
      "begin" : 126,
      "end" : 128,
      "text" : "is",
      "whiteSpace" : false
    }, {
      "id" : "s2-t11",
      "begin" : 129,
      "end" : 135,
      "text" : "hereby",
      "whiteSpace" : false
    }, {
      "id" : "s2-t12",
      "begin" : 136,
      "end" : 140,
      "text" : "made",
      "whiteSpace" : false
    }, {
      "id" : "s2-t13",
      "begin" : 141,
      "end" : 144,
      "text" : "for",
      "whiteSpace" : false
    }, {
      "id" : "s2-t14",
      "begin" : 145,
      "end" : 146,
      "text" : "a",
      "whiteSpace" : false
    }, {
      "id" : "s2-t15",
      "begin" : 147,
      "end" : 151,
      "text" : "more",
      "whiteSpace" : false
    }, {
      "id" : "s2-t16",
      "begin" : 152,
      "end" : 160,
      "text" : "complete",
      "whiteSpace" : false
    }, {
      "id" : "s2-t17",
      "begin" : 161,
      "end" : 173,
      "text" : "description.",
      "whiteSpace" : false
    }, {
      "id" : "s2-t18",
      "begin" : 173,
      "end" : 174,
      "text" : ",",
      "whiteSpace" : false
    }, {
      "id" : "s2-t19",
      "begin" : 175,
      "end" : 180,
      "text" : "Being",
      "whiteSpace" : false
    }, {
      "id" : "s2-t20",
      "begin" : 181,
      "end" : 184,
      "text" : "the",
      "whiteSpace" : false
    }, {
      "id" : "s2-t21",
      "begin" : 185,
      "end" : 189,
      "text" : "same",
      "whiteSpace" : false
    }, {
      "id" : "s2-t22",
      "begin" : 190,
      "end" : 198,
      "text" : "property",
      "whiteSpace" : false
    }, {
      "id" : "s2-t23",
      "begin" : 199,
      "end" : 207,
      "text" : "conveyed",
      "whiteSpace" : false
    }, {
      "id" : "s2-t24",
      "begin" : 208,
      "end" : 210,
      "text" : "to",
      "whiteSpace" : false
    }, {
      "id" : "s2-t25",
      "begin" : 211,
      "end" : 217,
      "text" : "Joseph",
      "whiteSpace" : false
    }, {
      "id" : "s2-t26",
      "begin" : 218,
      "end" : 224,
      "text" : "Henson",
      "whiteSpace" : false
    }, {
      "id" : "s2-t27",
      "begin" : 225,
      "end" : 228,
      "text" : "III",
      "whiteSpace" : false
    }, {
      "id" : "s2-t28",
      "begin" : 229,
      "end" : 232,
      "text" : "and",
      "whiteSpace" : false
    }, {
      "id" : "s2-t29",
      "begin" : 233,
      "end" : 237,
      "text" : "wife",
      "whiteSpace" : false
    }, {
      "id" : "s2-t30",
      "begin" : 237,
      "end" : 238,
      "text" : ",",
      "whiteSpace" : false
    }, {
      "id" : "s2-t31",
      "begin" : 239,
      "end" : 245,
      "text" : "Tracey",
      "whiteSpace" : false
    }, {
      "id" : "s2-t32",
      "begin" : 246,
      "end" : 248,
      "text" : "D.",
      "whiteSpace" : false
    }, {
      "id" : "s2-t33",
      "begin" : 248,
      "end" : 249,
      "text" : ",",
      "whiteSpace" : false
    }, {
      "id" : "s2-t34",
      "begin" : 250,
      "end" : 256,
      "text" : "Henson",
      "whiteSpace" : false
    }, {
      "id" : "s2-t35",
      "begin" : 256,
      "end" : 257,
      "text" : ",",
      "whiteSpace" : false
    }, {
      "id" : "s2-t36",
      "begin" : 258,
      "end" : 260,
      "text" : "by",
      "whiteSpace" : false
    }, {
      "id" : "s2-t37",
      "begin" : 261,
      "end" : 265,
      "text" : "deed",
      "whiteSpace" : false
    }, {
      "id" : "s2-t38",
      "begin" : 266,
      "end" : 268,
      "text" : "of",
      "whiteSpace" : false
    }, {
      "id" : "s2-t39",
      "begin" : 269,
      "end" : 275,
      "text" : "record",
      "whiteSpace" : false
    }, {
      "id" : "s2-t40",
      "begin" : 276,
      "end" : 278,
      "text" : "in",
      "whiteSpace" : false
    }, {
      "id" : "s2-t41",
      "begin" : 279,
      "end" : 283,
      "text" : "Deed",
      "whiteSpace" : false
    }, {
      "id" : "s2-t42",
      "begin" : 284,
      "end" : 288,
      "text" : "Book",
      "whiteSpace" : false
    }, {
      "id" : "s2-t43",
      "begin" : 289,
      "end" : 292,
      "text" : "189",
      "whiteSpace" : false
    }, {
      "id" : "s2-t44",
      "begin" : 292,
      "end" : 293,
      "text" : ",",
      "whiteSpace" : false
    }, {
      "id" : "s2-t45",
      "begin" : 294,
      "end" : 298,
      "text" : "page",
      "whiteSpace" : false
    }, {
      "id" : "s2-t46",
      "begin" : 299,
      "end" : 303,
      "text" : "1569",
      "whiteSpace" : false
    }, {
      "id" : "s2-t47",
      "begin" : 303,
      "end" : 304,
      "text" : ",",
      "whiteSpace" : false
    }, {
      "id" : "s2-t48",
      "begin" : 305,
      "end" : 313,
      "text" : "Register",
      "whiteSpace" : false
    }, {
      "id" : "s2-t49",
      "begin" : 313,
      "end" : 314,
      "text" : "?",
      "whiteSpace" : false
    } ]
  }, {
    "id" : "s3",
    "begin" : 314,
    "end" : 321,
    "text" : "??s Of?",
    "tokens" : [ {
      "id" : "s3-t0",
      "begin" : 314,
      "end" : 317,
      "text" : "??s",
      "whiteSpace" : false
    }, {
      "id" : "s3-t1",
      "begin" : 318,
      "end" : 320,
      "text" : "Of",
      "whiteSpace" : false
    }, {
      "id" : "s3-t2",
      "begin" : 320,
      "end" : 321,
      "text" : "?",
      "whiteSpace" : false
    } ]
  }, {
    "id" : "s4",
    "begin" : 321,
    "end" : 465,
    "text" : "??ce of, Restrictions and protective covenants for East Ridge Subdivision as shown on the plat of record in Plat Cabinet A, Slide 105, Register?",
    "tokens" : [ {
      "id" : "s4-t0",
      "begin" : 321,
      "end" : 325,
      "text" : "??ce",
      "whiteSpace" : false
    }, {
      "id" : "s4-t1",
      "begin" : 326,
      "end" : 328,
      "text" : "of",
      "whiteSpace" : false
    }, {
      "id" : "s4-t2",
      "begin" : 328,
      "end" : 329,
      "text" : ",",
      "whiteSpace" : false
    }, {
      "id" : "s4-t3",
      "begin" : 330,
      "end" : 342,
      "text" : "Restrictions",
      "whiteSpace" : false
    }, {
      "id" : "s4-t4",
      "begin" : 343,
      "end" : 346,
      "text" : "and",
      "whiteSpace" : false
    }, {
      "id" : "s4-t5",
      "begin" : 347,
      "end" : 357,
      "text" : "protective",
      "whiteSpace" : false
    }, {
      "id" : "s4-t6",
      "begin" : 358,
      "end" : 367,
      "text" : "covenants",
      "whiteSpace" : false
    }, {
      "id" : "s4-t7",
      "begin" : 368,
      "end" : 371,
      "text" : "for",
      "whiteSpace" : false
    }, {
      "id" : "s4-t8",
      "begin" : 372,
      "end" : 376,
      "text" : "East",
      "whiteSpace" : false
    }, {
      "id" : "s4-t9",
      "begin" : 377,
      "end" : 382,
      "text" : "Ridge",
      "whiteSpace" : false
    }, {
      "id" : "s4-t10",
      "begin" : 383,
      "end" : 394,
      "text" : "Subdivision",
      "whiteSpace" : false
    }, {
      "id" : "s4-t11",
      "begin" : 395,
      "end" : 397,
      "text" : "as",
      "whiteSpace" : false
    }, {
      "id" : "s4-t12",
      "begin" : 398,
      "end" : 403,
      "text" : "shown",
      "whiteSpace" : false
    }, {
      "id" : "s4-t13",
      "begin" : 404,
      "end" : 406,
      "text" : "on",
      "whiteSpace" : false
    }, {
      "id" : "s4-t14",
      "begin" : 407,
      "end" : 410,
      "text" : "the",
      "whiteSpace" : false
    }, {
      "id" : "s4-t15",
      "begin" : 411,
      "end" : 415,
      "text" : "plat",
      "whiteSpace" : false
    }, {
      "id" : "s4-t16",
      "begin" : 416,
      "end" : 418,
      "text" : "of",
      "whiteSpace" : false
    }, {
      "id" : "s4-t17",
      "begin" : 419,
      "end" : 425,
      "text" : "record",
      "whiteSpace" : false
    }, {
      "id" : "s4-t18",
      "begin" : 426,
      "end" : 428,
      "text" : "in",
      "whiteSpace" : false
    }, {
      "id" : "s4-t19",
      "begin" : 429,
      "end" : 433,
      "text" : "Plat",
      "whiteSpace" : false
    }, {
      "id" : "s4-t20",
      "begin" : 434,
      "end" : 441,
      "text" : "Cabinet",
      "whiteSpace" : false
    }, {
      "id" : "s4-t21",
      "begin" : 442,
      "end" : 443,
      "text" : "A",
      "whiteSpace" : false
    }, {
      "id" : "s4-t22",
      "begin" : 443,
      "end" : 444,
      "text" : ",",
      "whiteSpace" : false
    }, {
      "id" : "s4-t23",
      "begin" : 445,
      "end" : 450,
      "text" : "Slide",
      "whiteSpace" : false
    }, {
      "id" : "s4-t24",
      "begin" : 451,
      "end" : 454,
      "text" : "105",
      "whiteSpace" : false
    }, {
      "id" : "s4-t25",
      "begin" : 454,
      "end" : 455,
      "text" : ",",
      "whiteSpace" : false
    }, {
      "id" : "s4-t26",
      "begin" : 456,
      "end" : 464,
      "text" : "Register",
      "whiteSpace" : false
    }, {
      "id" : "s4-t27",
      "begin" : 464,
      "end" : 465,
      "text" : "?",
      "whiteSpace" : false
    } ]
  }, {
    "id" : "s5",
    "begin" : 465,
    "end" : 472,
    "text" : "??s Of?",
    "tokens" : [ {
      "id" : "s5-t0",
      "begin" : 465,
      "end" : 468,
      "text" : "??s",
      "whiteSpace" : false
    }, {
      "id" : "s5-t1",
      "begin" : 469,
      "end" : 471,
      "text" : "Of",
      "whiteSpace" : false
    }, {
      "id" : "s5-t2",
      "begin" : 471,
      "end" : 472,
      "text" : "?",
      "whiteSpace" : false
    } ]
  }, {
    "id" : "s6",
    "begin" : 472,
    "end" : 651,
    "text" : "??ce of Humphreys County, Tennessee; and, All matters pertaining to Lot 7 as shown on the amended plat for East Ridge Subdivision of record in Plat Cabinet B, Slide 331, Register?",
    "tokens" : [ {
      "id" : "s6-t0",
      "begin" : 472,
      "end" : 476,
      "text" : "??ce",
      "whiteSpace" : false
    }, {
      "id" : "s6-t1",
      "begin" : 477,
      "end" : 479,
      "text" : "of",
      "whiteSpace" : false
    }, {
      "id" : "s6-t2",
      "begin" : 480,
      "end" : 489,
      "text" : "Humphreys",
      "whiteSpace" : false
    }, {
      "id" : "s6-t3",
      "begin" : 490,
      "end" : 496,
      "text" : "County",
      "whiteSpace" : false
    }, {
      "id" : "s6-t4",
      "begin" : 496,
      "end" : 497,
      "text" : ",",
      "whiteSpace" : false
    }, {
      "id" : "s6-t5",
      "begin" : 498,
      "end" : 507,
      "text" : "Tennessee",
      "whiteSpace" : false
    }, {
      "id" : "s6-t6",
      "begin" : 507,
      "end" : 508,
      "text" : ";",
      "whiteSpace" : false
    }, {
      "id" : "s6-t7",
      "begin" : 509,
      "end" : 512,
      "text" : "and",
      "whiteSpace" : false
    }, {
      "id" : "s6-t8",
      "begin" : 512,
      "end" : 513,
      "text" : ",",
      "whiteSpace" : false
    }, {
      "id" : "s6-t9",
      "begin" : 514,
      "end" : 517,
      "text" : "All",
      "whiteSpace" : false
    }, {
      "id" : "s6-t10",
      "begin" : 518,
      "end" : 525,
      "text" : "matters",
      "whiteSpace" : false
    }, {
      "id" : "s6-t11",
      "begin" : 526,
      "end" : 536,
      "text" : "pertaining",
      "whiteSpace" : false
    }, {
      "id" : "s6-t12",
      "begin" : 537,
      "end" : 539,
      "text" : "to",
      "whiteSpace" : false
    }, {
      "id" : "s6-t13",
      "begin" : 540,
      "end" : 543,
      "text" : "Lot",
      "whiteSpace" : false
    }, {
      "id" : "s6-t14",
      "begin" : 544,
      "end" : 545,
      "text" : "7",
      "whiteSpace" : false
    }, {
      "id" : "s6-t15",
      "begin" : 546,
      "end" : 548,
      "text" : "as",
      "whiteSpace" : false
    }, {
      "id" : "s6-t16",
      "begin" : 549,
      "end" : 554,
      "text" : "shown",
      "whiteSpace" : false
    }, {
      "id" : "s6-t17",
      "begin" : 555,
      "end" : 557,
      "text" : "on",
      "whiteSpace" : false
    }, {
      "id" : "s6-t18",
      "begin" : 558,
      "end" : 561,
      "text" : "the",
      "whiteSpace" : false
    }, {
      "id" : "s6-t19",
      "begin" : 562,
      "end" : 569,
      "text" : "amended",
      "whiteSpace" : false
    }, {
      "id" : "s6-t20",
      "begin" : 570,
      "end" : 574,
      "text" : "plat",
      "whiteSpace" : false
    }, {
      "id" : "s6-t21",
      "begin" : 575,
      "end" : 578,
      "text" : "for",
      "whiteSpace" : false
    }, {
      "id" : "s6-t22",
      "begin" : 579,
      "end" : 583,
      "text" : "East",
      "whiteSpace" : false
    }, {
      "id" : "s6-t23",
      "begin" : 584,
      "end" : 589,
      "text" : "Ridge",
      "whiteSpace" : false
    }, {
      "id" : "s6-t24",
      "begin" : 590,
      "end" : 601,
      "text" : "Subdivision",
      "whiteSpace" : false
    }, {
      "id" : "s6-t25",
      "begin" : 602,
      "end" : 604,
      "text" : "of",
      "whiteSpace" : false
    }, {
      "id" : "s6-t26",
      "begin" : 605,
      "end" : 611,
      "text" : "record",
      "whiteSpace" : false
    }, {
      "id" : "s6-t27",
      "begin" : 612,
      "end" : 614,
      "text" : "in",
      "whiteSpace" : false
    }, {
      "id" : "s6-t28",
      "begin" : 615,
      "end" : 619,
      "text" : "Plat",
      "whiteSpace" : false
    }, {
      "id" : "s6-t29",
      "begin" : 620,
      "end" : 627,
      "text" : "Cabinet",
      "whiteSpace" : false
    }, {
      "id" : "s6-t30",
      "begin" : 628,
      "end" : 629,
      "text" : "B",
      "whiteSpace" : false
    }, {
      "id" : "s6-t31",
      "begin" : 629,
      "end" : 630,
      "text" : ",",
      "whiteSpace" : false
    }, {
      "id" : "s6-t32",
      "begin" : 631,
      "end" : 636,
      "text" : "Slide",
      "whiteSpace" : false
    }, {
      "id" : "s6-t33",
      "begin" : 637,
      "end" : 640,
      "text" : "331",
      "whiteSpace" : false
    }, {
      "id" : "s6-t34",
      "begin" : 640,
      "end" : 641,
      "text" : ",",
      "whiteSpace" : false
    }, {
      "id" : "s6-t35",
      "begin" : 642,
      "end" : 650,
      "text" : "Register",
      "whiteSpace" : false
    }, {
      "id" : "s6-t36",
      "begin" : 650,
      "end" : 651,
      "text" : "?",
      "whiteSpace" : false
    } ]
  }, {
    "id" : "s7",
    "begin" : 651,
    "end" : 658,
    "text" : "??s Of?",
    "tokens" : [ {
      "id" : "s7-t0",
      "begin" : 651,
      "end" : 654,
      "text" : "??s",
      "whiteSpace" : false
    }, {
      "id" : "s7-t1",
      "begin" : 655,
      "end" : 657,
      "text" : "Of",
      "whiteSpace" : false
    }, {
      "id" : "s7-t2",
      "begin" : 657,
      "end" : 658,
      "text" : "?",
      "whiteSpace" : false
    } ]
  }, {
    "id" : "s8",
    "begin" : 658,
    "end" : 700,
    "text" : "??ce of Humphreys County, Tennessee., gna?",
    "tokens" : [ {
      "id" : "s8-t0",
      "begin" : 658,
      "end" : 662,
      "text" : "??ce",
      "whiteSpace" : false
    }, {
      "id" : "s8-t1",
      "begin" : 663,
      "end" : 665,
      "text" : "of",
      "whiteSpace" : false
    }, {
      "id" : "s8-t2",
      "begin" : 666,
      "end" : 675,
      "text" : "Humphreys",
      "whiteSpace" : false
    }, {
      "id" : "s8-t3",
      "begin" : 676,
      "end" : 682,
      "text" : "County",
      "whiteSpace" : false
    }, {
      "id" : "s8-t4",
      "begin" : 682,
      "end" : 683,
      "text" : ",",
      "whiteSpace" : false
    }, {
      "id" : "s8-t5",
      "begin" : 684,
      "end" : 694,
      "text" : "Tennessee.",
      "whiteSpace" : false
    }, {
      "id" : "s8-t6",
      "begin" : 694,
      "end" : 695,
      "text" : ",",
      "whiteSpace" : false
    }, {
      "id" : "s8-t7",
      "begin" : 696,
      "end" : 699,
      "text" : "gna",
      "whiteSpace" : false
    }, {
      "id" : "s8-t8",
      "begin" : 699,
      "end" : 700,
      "text" : "?",
      "whiteSpace" : false
    } ]
  }, {
    "id" : "s9",
    "begin" : 700,
    "end" : 708,
    "text" : "??, ) )]",
    "tokens" : [ {
      "id" : "s9-t0",
      "begin" : 700,
      "end" : 702,
      "text" : "??",
      "whiteSpace" : false
    }, {
      "id" : "s9-t1",
      "begin" : 702,
      "end" : 703,
      "text" : ",",
      "whiteSpace" : false
    }, {
      "id" : "s9-t2",
      "begin" : 704,
      "end" : 705,
      "text" : ")",
      "whiteSpace" : false
    }, {
      "id" : "s9-t3",
      "begin" : 706,
      "end" : 707,
      "text" : ")",
      "whiteSpace" : false
    }, {
      "id" : "s9-t4",
      "begin" : 707,
      "end" : 708,
      "text" : "]",
      "whiteSpace" : false
    } ]
  } ],
  "mentions" : [ {
    "id" : "s2-m1",
    "properties" : {
      "SIRE_MENTION_ROLE" : "WarrDeedBookNum",
      "SIRE_ENTITY_SUBTYPE" : "NONE",
      "SIRE_MENTION_TYPE" : "NONE",
      "SIRE_MENTION_CLASS" : "SPC"
    },
    "type" : "WarrDeedBookNum",
    "begin" : 289,
    "end" : 292,
    "inCoref" : false
  }, {
    "id" : "s2-m2",
    "properties" : {
      "SIRE_MENTION_ROLE" : "WarrDeedPageNum",
      "SIRE_ENTITY_SUBTYPE" : "NONE",
      "SIRE_MENTION_TYPE" : "NONE",
      "SIRE_MENTION_CLASS" : "SPC"
    },
    "type" : "WarrDeedPageNum",
    "begin" : 299,
    "end" : 303,
    "inCoref" : false
  } ],
  "relations" : [ ],
  "corefs" : [ ],
  "typeResolved" : true,
  "userResolved" : false
}