{
  "id" : "977b2880-54dc-11e9-b3f1-919b26b254ae-9",
  "name" : "WD189-21.txt",
  "createdDate" : 0,
  "version" : 3,
  "text" : "of beginning, containing an area by computation of 97.4 acres., October 9, 1973 by Thomas C. White, All bearing given in reference to Magnetic meridian, approximate declination at time of survey 2 degrees 22 minutes East., BEING the same property conveyed to Philip Douglas Parrish as Trustee of The Philip Douglas Parrish Revocable Declaration of Trust by deed of record in Deed Book 176, page 1211, Register???s Of???ce of Humphreys County, Tennessee.]\n",
  "docLength" : 0,
  "language" : "EN",
  "status" : "SUBMITTED",
  "modifiedDate" : 1554166528641,
  "documentSet" : [ ],
  "preannotation" : [ ],
  "sentences" : [ {
    "id" : "s0",
    "begin" : 0,
    "end" : 410,
    "text" : "of beginning, containing an area by computation of 97.4 acres., October 9, 1973 by Thomas C. White, All bearing given in reference to Magnetic meridian, approximate declination at time of survey 2 degrees 22 minutes East., BEING the same property conveyed to Philip Douglas Parrish as Trustee of The Philip Douglas Parrish Revocable Declaration of Trust by deed of record in Deed Book 176, page 1211, Register?",
    "tokens" : [ {
      "id" : "s0-t0",
      "begin" : 0,
      "end" : 2,
      "text" : "of",
      "whiteSpace" : false
    }, {
      "id" : "s0-t1",
      "begin" : 3,
      "end" : 12,
      "text" : "beginning",
      "whiteSpace" : false
    }, {
      "id" : "s0-t2",
      "begin" : 12,
      "end" : 13,
      "text" : ",",
      "whiteSpace" : false
    }, {
      "id" : "s0-t3",
      "begin" : 14,
      "end" : 24,
      "text" : "containing",
      "whiteSpace" : false
    }, {
      "id" : "s0-t4",
      "begin" : 25,
      "end" : 27,
      "text" : "an",
      "whiteSpace" : false
    }, {
      "id" : "s0-t5",
      "begin" : 28,
      "end" : 32,
      "text" : "area",
      "whiteSpace" : false
    }, {
      "id" : "s0-t6",
      "begin" : 33,
      "end" : 35,
      "text" : "by",
      "whiteSpace" : false
    }, {
      "id" : "s0-t7",
      "begin" : 36,
      "end" : 47,
      "text" : "computation",
      "whiteSpace" : false
    }, {
      "id" : "s0-t8",
      "begin" : 48,
      "end" : 50,
      "text" : "of",
      "whiteSpace" : false
    }, {
      "id" : "s0-t9",
      "begin" : 51,
      "end" : 55,
      "text" : "97.4",
      "whiteSpace" : false
    }, {
      "id" : "s0-t10",
      "begin" : 56,
      "end" : 62,
      "text" : "acres.",
      "whiteSpace" : false
    }, {
      "id" : "s0-t11",
      "begin" : 62,
      "end" : 63,
      "text" : ",",
      "whiteSpace" : false
    }, {
      "id" : "s0-t12",
      "begin" : 64,
      "end" : 71,
      "text" : "October",
      "whiteSpace" : false
    }, {
      "id" : "s0-t13",
      "begin" : 72,
      "end" : 73,
      "text" : "9",
      "whiteSpace" : false
    }, {
      "id" : "s0-t14",
      "begin" : 73,
      "end" : 74,
      "text" : ",",
      "whiteSpace" : false
    }, {
      "id" : "s0-t15",
      "begin" : 75,
      "end" : 79,
      "text" : "1973",
      "whiteSpace" : false
    }, {
      "id" : "s0-t16",
      "begin" : 80,
      "end" : 82,
      "text" : "by",
      "whiteSpace" : false
    }, {
      "id" : "s0-t17",
      "begin" : 83,
      "end" : 89,
      "text" : "Thomas",
      "whiteSpace" : false
    }, {
      "id" : "s0-t18",
      "begin" : 90,
      "end" : 92,
      "text" : "C.",
      "whiteSpace" : false
    }, {
      "id" : "s0-t19",
      "begin" : 93,
      "end" : 98,
      "text" : "White",
      "whiteSpace" : false
    }, {
      "id" : "s0-t20",
      "begin" : 98,
      "end" : 99,
      "text" : ",",
      "whiteSpace" : false
    }, {
      "id" : "s0-t21",
      "begin" : 100,
      "end" : 103,
      "text" : "All",
      "whiteSpace" : false
    }, {
      "id" : "s0-t22",
      "begin" : 104,
      "end" : 111,
      "text" : "bearing",
      "whiteSpace" : false
    }, {
      "id" : "s0-t23",
      "begin" : 112,
      "end" : 117,
      "text" : "given",
      "whiteSpace" : false
    }, {
      "id" : "s0-t24",
      "begin" : 118,
      "end" : 120,
      "text" : "in",
      "whiteSpace" : false
    }, {
      "id" : "s0-t25",
      "begin" : 121,
      "end" : 130,
      "text" : "reference",
      "whiteSpace" : false
    }, {
      "id" : "s0-t26",
      "begin" : 131,
      "end" : 133,
      "text" : "to",
      "whiteSpace" : false
    }, {
      "id" : "s0-t27",
      "begin" : 134,
      "end" : 142,
      "text" : "Magnetic",
      "whiteSpace" : false
    }, {
      "id" : "s0-t28",
      "begin" : 143,
      "end" : 151,
      "text" : "meridian",
      "whiteSpace" : false
    }, {
      "id" : "s0-t29",
      "begin" : 151,
      "end" : 152,
      "text" : ",",
      "whiteSpace" : false
    }, {
      "id" : "s0-t30",
      "begin" : 153,
      "end" : 164,
      "text" : "approximate",
      "whiteSpace" : false
    }, {
      "id" : "s0-t31",
      "begin" : 165,
      "end" : 176,
      "text" : "declination",
      "whiteSpace" : false
    }, {
      "id" : "s0-t32",
      "begin" : 177,
      "end" : 179,
      "text" : "at",
      "whiteSpace" : false
    }, {
      "id" : "s0-t33",
      "begin" : 180,
      "end" : 184,
      "text" : "time",
      "whiteSpace" : false
    }, {
      "id" : "s0-t34",
      "begin" : 185,
      "end" : 187,
      "text" : "of",
      "whiteSpace" : false
    }, {
      "id" : "s0-t35",
      "begin" : 188,
      "end" : 194,
      "text" : "survey",
      "whiteSpace" : false
    }, {
      "id" : "s0-t36",
      "begin" : 195,
      "end" : 196,
      "text" : "2",
      "whiteSpace" : false
    }, {
      "id" : "s0-t37",
      "begin" : 197,
      "end" : 204,
      "text" : "degrees",
      "whiteSpace" : false
    }, {
      "id" : "s0-t38",
      "begin" : 205,
      "end" : 207,
      "text" : "22",
      "whiteSpace" : false
    }, {
      "id" : "s0-t39",
      "begin" : 208,
      "end" : 215,
      "text" : "minutes",
      "whiteSpace" : false
    }, {
      "id" : "s0-t40",
      "begin" : 216,
      "end" : 221,
      "text" : "East.",
      "whiteSpace" : false
    }, {
      "id" : "s0-t41",
      "begin" : 221,
      "end" : 222,
      "text" : ",",
      "whiteSpace" : false
    }, {
      "id" : "s0-t42",
      "begin" : 223,
      "end" : 228,
      "text" : "BEING",
      "whiteSpace" : false
    }, {
      "id" : "s0-t43",
      "begin" : 229,
      "end" : 232,
      "text" : "the",
      "whiteSpace" : false
    }, {
      "id" : "s0-t44",
      "begin" : 233,
      "end" : 237,
      "text" : "same",
      "whiteSpace" : false
    }, {
      "id" : "s0-t45",
      "begin" : 238,
      "end" : 246,
      "text" : "property",
      "whiteSpace" : false
    }, {
      "id" : "s0-t46",
      "begin" : 247,
      "end" : 255,
      "text" : "conveyed",
      "whiteSpace" : false
    }, {
      "id" : "s0-t47",
      "begin" : 256,
      "end" : 258,
      "text" : "to",
      "whiteSpace" : false
    }, {
      "id" : "s0-t48",
      "begin" : 259,
      "end" : 265,
      "text" : "Philip",
      "whiteSpace" : false
    }, {
      "id" : "s0-t49",
      "begin" : 266,
      "end" : 273,
      "text" : "Douglas",
      "whiteSpace" : false
    }, {
      "id" : "s0-t50",
      "begin" : 274,
      "end" : 281,
      "text" : "Parrish",
      "whiteSpace" : false
    }, {
      "id" : "s0-t51",
      "begin" : 282,
      "end" : 284,
      "text" : "as",
      "whiteSpace" : false
    }, {
      "id" : "s0-t52",
      "begin" : 285,
      "end" : 292,
      "text" : "Trustee",
      "whiteSpace" : false
    }, {
      "id" : "s0-t53",
      "begin" : 293,
      "end" : 295,
      "text" : "of",
      "whiteSpace" : false
    }, {
      "id" : "s0-t54",
      "begin" : 296,
      "end" : 299,
      "text" : "The",
      "whiteSpace" : false
    }, {
      "id" : "s0-t55",
      "begin" : 300,
      "end" : 306,
      "text" : "Philip",
      "whiteSpace" : false
    }, {
      "id" : "s0-t56",
      "begin" : 307,
      "end" : 314,
      "text" : "Douglas",
      "whiteSpace" : false
    }, {
      "id" : "s0-t57",
      "begin" : 315,
      "end" : 322,
      "text" : "Parrish",
      "whiteSpace" : false
    }, {
      "id" : "s0-t58",
      "begin" : 323,
      "end" : 332,
      "text" : "Revocable",
      "whiteSpace" : false
    }, {
      "id" : "s0-t59",
      "begin" : 333,
      "end" : 344,
      "text" : "Declaration",
      "whiteSpace" : false
    }, {
      "id" : "s0-t60",
      "begin" : 345,
      "end" : 347,
      "text" : "of",
      "whiteSpace" : false
    }, {
      "id" : "s0-t61",
      "begin" : 348,
      "end" : 353,
      "text" : "Trust",
      "whiteSpace" : false
    }, {
      "id" : "s0-t62",
      "begin" : 354,
      "end" : 356,
      "text" : "by",
      "whiteSpace" : false
    }, {
      "id" : "s0-t63",
      "begin" : 357,
      "end" : 361,
      "text" : "deed",
      "whiteSpace" : false
    }, {
      "id" : "s0-t64",
      "begin" : 362,
      "end" : 364,
      "text" : "of",
      "whiteSpace" : false
    }, {
      "id" : "s0-t65",
      "begin" : 365,
      "end" : 371,
      "text" : "record",
      "whiteSpace" : false
    }, {
      "id" : "s0-t66",
      "begin" : 372,
      "end" : 374,
      "text" : "in",
      "whiteSpace" : false
    }, {
      "id" : "s0-t67",
      "begin" : 375,
      "end" : 379,
      "text" : "Deed",
      "whiteSpace" : false
    }, {
      "id" : "s0-t68",
      "begin" : 380,
      "end" : 384,
      "text" : "Book",
      "whiteSpace" : false
    }, {
      "id" : "s0-t69",
      "begin" : 385,
      "end" : 388,
      "text" : "176",
      "whiteSpace" : false
    }, {
      "id" : "s0-t70",
      "begin" : 388,
      "end" : 389,
      "text" : ",",
      "whiteSpace" : false
    }, {
      "id" : "s0-t71",
      "begin" : 390,
      "end" : 394,
      "text" : "page",
      "whiteSpace" : false
    }, {
      "id" : "s0-t72",
      "begin" : 395,
      "end" : 399,
      "text" : "1211",
      "whiteSpace" : false
    }, {
      "id" : "s0-t73",
      "begin" : 399,
      "end" : 400,
      "text" : ",",
      "whiteSpace" : false
    }, {
      "id" : "s0-t74",
      "begin" : 401,
      "end" : 409,
      "text" : "Register",
      "whiteSpace" : false
    }, {
      "id" : "s0-t75",
      "begin" : 409,
      "end" : 410,
      "text" : "?",
      "whiteSpace" : false
    } ]
  }, {
    "id" : "s1",
    "begin" : 410,
    "end" : 417,
    "text" : "??s Of?",
    "tokens" : [ {
      "id" : "s1-t0",
      "begin" : 410,
      "end" : 413,
      "text" : "??s",
      "whiteSpace" : false
    }, {
      "id" : "s1-t1",
      "begin" : 414,
      "end" : 416,
      "text" : "Of",
      "whiteSpace" : false
    }, {
      "id" : "s1-t2",
      "begin" : 416,
      "end" : 417,
      "text" : "?",
      "whiteSpace" : false
    } ]
  }, {
    "id" : "s2",
    "begin" : 417,
    "end" : 454,
    "text" : "??ce of Humphreys County, Tennessee.]",
    "tokens" : [ {
      "id" : "s2-t0",
      "begin" : 417,
      "end" : 421,
      "text" : "??ce",
      "whiteSpace" : false
    }, {
      "id" : "s2-t1",
      "begin" : 422,
      "end" : 424,
      "text" : "of",
      "whiteSpace" : false
    }, {
      "id" : "s2-t2",
      "begin" : 425,
      "end" : 434,
      "text" : "Humphreys",
      "whiteSpace" : false
    }, {
      "id" : "s2-t3",
      "begin" : 435,
      "end" : 441,
      "text" : "County",
      "whiteSpace" : false
    }, {
      "id" : "s2-t4",
      "begin" : 441,
      "end" : 442,
      "text" : ",",
      "whiteSpace" : false
    }, {
      "id" : "s2-t5",
      "begin" : 443,
      "end" : 452,
      "text" : "Tennessee",
      "whiteSpace" : false
    }, {
      "id" : "s2-t6",
      "begin" : 452,
      "end" : 453,
      "text" : ".",
      "whiteSpace" : false
    }, {
      "id" : "s2-t7",
      "begin" : 453,
      "end" : 454,
      "text" : "]",
      "whiteSpace" : false
    } ]
  } ],
  "mentions" : [ {
    "id" : "s0-m1",
    "properties" : {
      "SIRE_MENTION_ROLE" : "WarrDeedBookNum",
      "SIRE_ENTITY_SUBTYPE" : "NONE",
      "SIRE_MENTION_TYPE" : "NONE",
      "SIRE_MENTION_CLASS" : "SPC"
    },
    "type" : "WarrDeedBookNum",
    "begin" : 385,
    "end" : 388,
    "inCoref" : false
  }, {
    "id" : "s0-m2",
    "properties" : {
      "SIRE_MENTION_ROLE" : "WarrDeedPageNum",
      "SIRE_ENTITY_SUBTYPE" : "NONE",
      "SIRE_MENTION_TYPE" : "NONE",
      "SIRE_MENTION_CLASS" : "SPC"
    },
    "type" : "WarrDeedPageNum",
    "begin" : 395,
    "end" : 399,
    "inCoref" : false
  } ],
  "relations" : [ ],
  "corefs" : [ ],
  "typeResolved" : true,
  "userResolved" : false
}