{
  "id" : "977b2880-54dc-11e9-b3f1-919b26b254ae-7",
  "name" : "WD185-738.txt",
  "createdDate" : 0,
  "version" : 3,
  "text" : "Survey made by McBride Survey Co., Darrel R. McBride, Surveyor, dated June 23, 1999. BEING the same property conveyed to Charles F. Springman and wife, Joyce A. Springman, by deed dated October 1, 1999, from Sammy Rudolph, of record in unimproved ( ) ngsmmmwd(ntpmwn%hmwn??? 7275 Forks River Road, Hurricane Mills, TN 37078 (House Number) (Street) (PO. Address) (City or Town) **containing an area of 3.30 acres by calculation TO HAVE AND TO HOLD the said tract or parcel of land, with the appurtenances, estate, ",
  "docLength" : 0,
  "language" : "EN",
  "status" : "SUBMITTED",
  "modifiedDate" : 1554166505888,
  "documentSet" : [ ],
  "preannotation" : [ ],
  "sentences" : [ {
    "id" : "s0",
    "begin" : 0,
    "end" : 84,
    "text" : "Survey made by McBride Survey Co., Darrel R. McBride, Surveyor, dated June 23, 1999.",
    "tokens" : [ {
      "id" : "s0-t0",
      "begin" : 0,
      "end" : 6,
      "text" : "Survey",
      "whiteSpace" : false
    }, {
      "id" : "s0-t1",
      "begin" : 7,
      "end" : 11,
      "text" : "made",
      "whiteSpace" : false
    }, {
      "id" : "s0-t2",
      "begin" : 12,
      "end" : 14,
      "text" : "by",
      "whiteSpace" : false
    }, {
      "id" : "s0-t3",
      "begin" : 15,
      "end" : 22,
      "text" : "McBride",
      "whiteSpace" : false
    }, {
      "id" : "s0-t4",
      "begin" : 23,
      "end" : 29,
      "text" : "Survey",
      "whiteSpace" : false
    }, {
      "id" : "s0-t5",
      "begin" : 30,
      "end" : 33,
      "text" : "Co.",
      "whiteSpace" : false
    }, {
      "id" : "s0-t6",
      "begin" : 33,
      "end" : 34,
      "text" : ",",
      "whiteSpace" : false
    }, {
      "id" : "s0-t7",
      "begin" : 35,
      "end" : 41,
      "text" : "Darrel",
      "whiteSpace" : false
    }, {
      "id" : "s0-t8",
      "begin" : 42,
      "end" : 44,
      "text" : "R.",
      "whiteSpace" : false
    }, {
      "id" : "s0-t9",
      "begin" : 45,
      "end" : 52,
      "text" : "McBride",
      "whiteSpace" : false
    }, {
      "id" : "s0-t10",
      "begin" : 52,
      "end" : 53,
      "text" : ",",
      "whiteSpace" : false
    }, {
      "id" : "s0-t11",
      "begin" : 54,
      "end" : 62,
      "text" : "Surveyor",
      "whiteSpace" : false
    }, {
      "id" : "s0-t12",
      "begin" : 62,
      "end" : 63,
      "text" : ",",
      "whiteSpace" : false
    }, {
      "id" : "s0-t13",
      "begin" : 64,
      "end" : 69,
      "text" : "dated",
      "whiteSpace" : false
    }, {
      "id" : "s0-t14",
      "begin" : 70,
      "end" : 74,
      "text" : "June",
      "whiteSpace" : false
    }, {
      "id" : "s0-t15",
      "begin" : 75,
      "end" : 77,
      "text" : "23",
      "whiteSpace" : false
    }, {
      "id" : "s0-t16",
      "begin" : 77,
      "end" : 78,
      "text" : ",",
      "whiteSpace" : false
    }, {
      "id" : "s0-t17",
      "begin" : 79,
      "end" : 83,
      "text" : "1999",
      "whiteSpace" : false
    }, {
      "id" : "s0-t18",
      "begin" : 83,
      "end" : 84,
      "text" : ".",
      "whiteSpace" : false
    } ]
  }, {
    "id" : "s1",
    "begin" : 85,
    "end" : 272,
    "text" : "BEING the same property conveyed to Charles F. Springman and wife, Joyce A. Springman, by deed dated October 1, 1999, from Sammy Rudolph, of record in unimproved ( ) ngsmmmwd(ntpmwn%hmwn?",
    "tokens" : [ {
      "id" : "s1-t0",
      "begin" : 85,
      "end" : 90,
      "text" : "BEING",
      "whiteSpace" : false
    }, {
      "id" : "s1-t1",
      "begin" : 91,
      "end" : 94,
      "text" : "the",
      "whiteSpace" : false
    }, {
      "id" : "s1-t2",
      "begin" : 95,
      "end" : 99,
      "text" : "same",
      "whiteSpace" : false
    }, {
      "id" : "s1-t3",
      "begin" : 100,
      "end" : 108,
      "text" : "property",
      "whiteSpace" : false
    }, {
      "id" : "s1-t4",
      "begin" : 109,
      "end" : 117,
      "text" : "conveyed",
      "whiteSpace" : false
    }, {
      "id" : "s1-t5",
      "begin" : 118,
      "end" : 120,
      "text" : "to",
      "whiteSpace" : false
    }, {
      "id" : "s1-t6",
      "begin" : 121,
      "end" : 128,
      "text" : "Charles",
      "whiteSpace" : false
    }, {
      "id" : "s1-t7",
      "begin" : 129,
      "end" : 131,
      "text" : "F.",
      "whiteSpace" : false
    }, {
      "id" : "s1-t8",
      "begin" : 132,
      "end" : 141,
      "text" : "Springman",
      "whiteSpace" : false
    }, {
      "id" : "s1-t9",
      "begin" : 142,
      "end" : 145,
      "text" : "and",
      "whiteSpace" : false
    }, {
      "id" : "s1-t10",
      "begin" : 146,
      "end" : 150,
      "text" : "wife",
      "whiteSpace" : false
    }, {
      "id" : "s1-t11",
      "begin" : 150,
      "end" : 151,
      "text" : ",",
      "whiteSpace" : false
    }, {
      "id" : "s1-t12",
      "begin" : 152,
      "end" : 157,
      "text" : "Joyce",
      "whiteSpace" : false
    }, {
      "id" : "s1-t13",
      "begin" : 158,
      "end" : 160,
      "text" : "A.",
      "whiteSpace" : false
    }, {
      "id" : "s1-t14",
      "begin" : 161,
      "end" : 170,
      "text" : "Springman",
      "whiteSpace" : false
    }, {
      "id" : "s1-t15",
      "begin" : 170,
      "end" : 171,
      "text" : ",",
      "whiteSpace" : false
    }, {
      "id" : "s1-t16",
      "begin" : 172,
      "end" : 174,
      "text" : "by",
      "whiteSpace" : false
    }, {
      "id" : "s1-t17",
      "begin" : 175,
      "end" : 179,
      "text" : "deed",
      "whiteSpace" : false
    }, {
      "id" : "s1-t18",
      "begin" : 180,
      "end" : 185,
      "text" : "dated",
      "whiteSpace" : false
    }, {
      "id" : "s1-t19",
      "begin" : 186,
      "end" : 193,
      "text" : "October",
      "whiteSpace" : false
    }, {
      "id" : "s1-t20",
      "begin" : 194,
      "end" : 195,
      "text" : "1",
      "whiteSpace" : false
    }, {
      "id" : "s1-t21",
      "begin" : 195,
      "end" : 196,
      "text" : ",",
      "whiteSpace" : false
    }, {
      "id" : "s1-t22",
      "begin" : 197,
      "end" : 201,
      "text" : "1999",
      "whiteSpace" : false
    }, {
      "id" : "s1-t23",
      "begin" : 201,
      "end" : 202,
      "text" : ",",
      "whiteSpace" : false
    }, {
      "id" : "s1-t24",
      "begin" : 203,
      "end" : 207,
      "text" : "from",
      "whiteSpace" : false
    }, {
      "id" : "s1-t25",
      "begin" : 208,
      "end" : 213,
      "text" : "Sammy",
      "whiteSpace" : false
    }, {
      "id" : "s1-t26",
      "begin" : 214,
      "end" : 221,
      "text" : "Rudolph",
      "whiteSpace" : false
    }, {
      "id" : "s1-t27",
      "begin" : 221,
      "end" : 222,
      "text" : ",",
      "whiteSpace" : false
    }, {
      "id" : "s1-t28",
      "begin" : 223,
      "end" : 225,
      "text" : "of",
      "whiteSpace" : false
    }, {
      "id" : "s1-t29",
      "begin" : 226,
      "end" : 232,
      "text" : "record",
      "whiteSpace" : false
    }, {
      "id" : "s1-t30",
      "begin" : 233,
      "end" : 235,
      "text" : "in",
      "whiteSpace" : false
    }, {
      "id" : "s1-t31",
      "begin" : 236,
      "end" : 246,
      "text" : "unimproved",
      "whiteSpace" : false
    }, {
      "id" : "s1-t32",
      "begin" : 247,
      "end" : 248,
      "text" : "(",
      "whiteSpace" : false
    }, {
      "id" : "s1-t33",
      "begin" : 249,
      "end" : 250,
      "text" : ")",
      "whiteSpace" : false
    }, {
      "id" : "s1-t34",
      "begin" : 251,
      "end" : 259,
      "text" : "ngsmmmwd",
      "whiteSpace" : false
    }, {
      "id" : "s1-t35",
      "begin" : 259,
      "end" : 260,
      "text" : "(",
      "whiteSpace" : false
    }, {
      "id" : "s1-t36",
      "begin" : 260,
      "end" : 271,
      "text" : "ntpmwn%hmwn",
      "whiteSpace" : false
    }, {
      "id" : "s1-t37",
      "begin" : 271,
      "end" : 272,
      "text" : "?",
      "whiteSpace" : false
    } ]
  }, {
    "id" : "s2",
    "begin" : 272,
    "end" : 274,
    "text" : "??",
    "tokens" : [ {
      "id" : "s2-t0",
      "begin" : 272,
      "end" : 273,
      "text" : "?",
      "whiteSpace" : false
    }, {
      "id" : "s2-t1",
      "begin" : 273,
      "end" : 274,
      "text" : "?",
      "whiteSpace" : false
    } ]
  }, {
    "id" : "s3",
    "begin" : 275,
    "end" : 352,
    "text" : "7275 Forks River Road, Hurricane Mills, TN 37078 (House Number) (Street) (PO.",
    "tokens" : [ {
      "id" : "s3-t0",
      "begin" : 275,
      "end" : 279,
      "text" : "7275",
      "whiteSpace" : false
    }, {
      "id" : "s3-t1",
      "begin" : 280,
      "end" : 285,
      "text" : "Forks",
      "whiteSpace" : false
    }, {
      "id" : "s3-t2",
      "begin" : 286,
      "end" : 291,
      "text" : "River",
      "whiteSpace" : false
    }, {
      "id" : "s3-t3",
      "begin" : 292,
      "end" : 296,
      "text" : "Road",
      "whiteSpace" : false
    }, {
      "id" : "s3-t4",
      "begin" : 296,
      "end" : 297,
      "text" : ",",
      "whiteSpace" : false
    }, {
      "id" : "s3-t5",
      "begin" : 298,
      "end" : 307,
      "text" : "Hurricane",
      "whiteSpace" : false
    }, {
      "id" : "s3-t6",
      "begin" : 308,
      "end" : 313,
      "text" : "Mills",
      "whiteSpace" : false
    }, {
      "id" : "s3-t7",
      "begin" : 313,
      "end" : 314,
      "text" : ",",
      "whiteSpace" : false
    }, {
      "id" : "s3-t8",
      "begin" : 315,
      "end" : 317,
      "text" : "TN",
      "whiteSpace" : false
    }, {
      "id" : "s3-t9",
      "begin" : 318,
      "end" : 323,
      "text" : "37078",
      "whiteSpace" : false
    }, {
      "id" : "s3-t10",
      "begin" : 324,
      "end" : 325,
      "text" : "(",
      "whiteSpace" : false
    }, {
      "id" : "s3-t11",
      "begin" : 325,
      "end" : 330,
      "text" : "House",
      "whiteSpace" : false
    }, {
      "id" : "s3-t12",
      "begin" : 331,
      "end" : 337,
      "text" : "Number",
      "whiteSpace" : false
    }, {
      "id" : "s3-t13",
      "begin" : 337,
      "end" : 338,
      "text" : ")",
      "whiteSpace" : false
    }, {
      "id" : "s3-t14",
      "begin" : 339,
      "end" : 340,
      "text" : "(",
      "whiteSpace" : false
    }, {
      "id" : "s3-t15",
      "begin" : 340,
      "end" : 346,
      "text" : "Street",
      "whiteSpace" : false
    }, {
      "id" : "s3-t16",
      "begin" : 346,
      "end" : 347,
      "text" : ")",
      "whiteSpace" : false
    }, {
      "id" : "s3-t17",
      "begin" : 348,
      "end" : 349,
      "text" : "(",
      "whiteSpace" : false
    }, {
      "id" : "s3-t18",
      "begin" : 349,
      "end" : 351,
      "text" : "PO",
      "whiteSpace" : false
    }, {
      "id" : "s3-t19",
      "begin" : 351,
      "end" : 352,
      "text" : ".",
      "whiteSpace" : false
    } ]
  }, {
    "id" : "s4",
    "begin" : 353,
    "end" : 512,
    "text" : "Address) (City or Town) **containing an area of 3.30 acres by calculation TO HAVE AND TO HOLD the said tract or parcel of land, with the appurtenances, estate,",
    "tokens" : [ {
      "id" : "s4-t0",
      "begin" : 353,
      "end" : 360,
      "text" : "Address",
      "whiteSpace" : false
    }, {
      "id" : "s4-t1",
      "begin" : 360,
      "end" : 361,
      "text" : ")",
      "whiteSpace" : false
    }, {
      "id" : "s4-t2",
      "begin" : 362,
      "end" : 363,
      "text" : "(",
      "whiteSpace" : false
    }, {
      "id" : "s4-t3",
      "begin" : 363,
      "end" : 367,
      "text" : "City",
      "whiteSpace" : false
    }, {
      "id" : "s4-t4",
      "begin" : 368,
      "end" : 370,
      "text" : "or",
      "whiteSpace" : false
    }, {
      "id" : "s4-t5",
      "begin" : 371,
      "end" : 375,
      "text" : "Town",
      "whiteSpace" : false
    }, {
      "id" : "s4-t6",
      "begin" : 375,
      "end" : 376,
      "text" : ")",
      "whiteSpace" : false
    }, {
      "id" : "s4-t7",
      "begin" : 377,
      "end" : 379,
      "text" : "**",
      "whiteSpace" : false
    }, {
      "id" : "s4-t8",
      "begin" : 379,
      "end" : 389,
      "text" : "containing",
      "whiteSpace" : false
    }, {
      "id" : "s4-t9",
      "begin" : 390,
      "end" : 392,
      "text" : "an",
      "whiteSpace" : false
    }, {
      "id" : "s4-t10",
      "begin" : 393,
      "end" : 397,
      "text" : "area",
      "whiteSpace" : false
    }, {
      "id" : "s4-t11",
      "begin" : 398,
      "end" : 400,
      "text" : "of",
      "whiteSpace" : false
    }, {
      "id" : "s4-t12",
      "begin" : 401,
      "end" : 405,
      "text" : "3.30",
      "whiteSpace" : false
    }, {
      "id" : "s4-t13",
      "begin" : 406,
      "end" : 411,
      "text" : "acres",
      "whiteSpace" : false
    }, {
      "id" : "s4-t14",
      "begin" : 412,
      "end" : 414,
      "text" : "by",
      "whiteSpace" : false
    }, {
      "id" : "s4-t15",
      "begin" : 415,
      "end" : 426,
      "text" : "calculation",
      "whiteSpace" : false
    }, {
      "id" : "s4-t16",
      "begin" : 427,
      "end" : 429,
      "text" : "TO",
      "whiteSpace" : false
    }, {
      "id" : "s4-t17",
      "begin" : 430,
      "end" : 434,
      "text" : "HAVE",
      "whiteSpace" : false
    }, {
      "id" : "s4-t18",
      "begin" : 435,
      "end" : 438,
      "text" : "AND",
      "whiteSpace" : false
    }, {
      "id" : "s4-t19",
      "begin" : 439,
      "end" : 441,
      "text" : "TO",
      "whiteSpace" : false
    }, {
      "id" : "s4-t20",
      "begin" : 442,
      "end" : 446,
      "text" : "HOLD",
      "whiteSpace" : false
    }, {
      "id" : "s4-t21",
      "begin" : 447,
      "end" : 450,
      "text" : "the",
      "whiteSpace" : false
    }, {
      "id" : "s4-t22",
      "begin" : 451,
      "end" : 455,
      "text" : "said",
      "whiteSpace" : false
    }, {
      "id" : "s4-t23",
      "begin" : 456,
      "end" : 461,
      "text" : "tract",
      "whiteSpace" : false
    }, {
      "id" : "s4-t24",
      "begin" : 462,
      "end" : 464,
      "text" : "or",
      "whiteSpace" : false
    }, {
      "id" : "s4-t25",
      "begin" : 465,
      "end" : 471,
      "text" : "parcel",
      "whiteSpace" : false
    }, {
      "id" : "s4-t26",
      "begin" : 472,
      "end" : 474,
      "text" : "of",
      "whiteSpace" : false
    }, {
      "id" : "s4-t27",
      "begin" : 475,
      "end" : 479,
      "text" : "land",
      "whiteSpace" : false
    }, {
      "id" : "s4-t28",
      "begin" : 479,
      "end" : 480,
      "text" : ",",
      "whiteSpace" : false
    }, {
      "id" : "s4-t29",
      "begin" : 481,
      "end" : 485,
      "text" : "with",
      "whiteSpace" : false
    }, {
      "id" : "s4-t30",
      "begin" : 486,
      "end" : 489,
      "text" : "the",
      "whiteSpace" : false
    }, {
      "id" : "s4-t31",
      "begin" : 490,
      "end" : 503,
      "text" : "appurtenances",
      "whiteSpace" : false
    }, {
      "id" : "s4-t32",
      "begin" : 503,
      "end" : 504,
      "text" : ",",
      "whiteSpace" : false
    }, {
      "id" : "s4-t33",
      "begin" : 505,
      "end" : 511,
      "text" : "estate",
      "whiteSpace" : false
    }, {
      "id" : "s4-t34",
      "begin" : 511,
      "end" : 512,
      "text" : ",",
      "whiteSpace" : false
    } ]
  } ],
  "mentions" : [ ],
  "relations" : [ ],
  "corefs" : [ ],
  "typeResolved" : true,
  "userResolved" : false
}