{
  "id" : "977b2880-54dc-11e9-b3f1-919b26b254ae-14",
  "name" : "WD202-1874.txt",
  "createdDate" : 0,
  "version" : 3,
  "text" : " Being the same property conveyed to William A. Boswell and wife, Judy C. Boswell by deed from William E. Anderson and wife, Dorothy M. Anderson, dated June 21, 1996 and of record in Warranty Deed Book 169, Page 347, in the Register's Of???ce of Humphreys County, Tennessee. Also being the same property in which title vested in Judy C. Boswell, upon the death of her spouse, William A. Boswell, on September 15, 2015, by reason of tenancy by entirety. This conveyance is subject to the right???of???way of Honeysuckle Lane. This conveyance is subject to certain conditions and restrictions as set forth in Deed Book 66, Page 413, in the Register's Of???ce of Humphreys County, Tennessee. (See release of Flowage Easement by the United States of America, in Deed Book 71, Page 287, in the Register's Of???ce of Humphreys County, Tennessee.) This conveyance is subject to all matters shown on a plat of record???in Plat Book 1, Page 128, in the Register's Of???ce of Humphreys County, Tennessee. Book WD202 Page 1874 To Have and to Hold the said tract or parcel of land, with the appurtenances, estate, title, and interest thereto belonging, to the said as her free act and deed for the purposes therein contained. WITNESS MY HAND and of???cial seal at of???ce in said County this 22nd day of June, 2016. NOTARY PUBLIC My Commission Expires: )3 L HE (i, 10! 7 My Comm. Exp. 6-19-2017 Book WD202 Page 1875 I AFFIDAVIT l I hereby swear or af???rm that the actual consideration for this transfer or the value of the property transferred, whichever is greater, is $169,900.00, which amount is equal to or greater than the amount which the property transferred wo command at a fair voluntary sale. Emmy? AFFlANT Sworn to and subscribed to bef - ' 11 day of June 2016. @00A 0. ???0/ a jo 0: STATE 6% orSQY PUBLIC @252??? m My Commrssron Expires: ??? 4/ o 2} OF mete ************************************* COW!) -EXp.Jan2620 . 20 Tax Map 050 Parcel No. 070.00 Lee Mathis, Trustee et a1 m (UNA A???VSEY. W} Book WD202 Page 18",
  "docLength" : 0,
  "language" : "EN",
  "status" : "SUBMITTED",
  "modifiedDate" : 1554166124827,
  "documentSet" : [ ],
  "preannotation" : [ ],
  "sentences" : [ {
    "id" : "s0",
    "begin" : 1,
    "end" : 238,
    "text" : "Being the same property conveyed to William A. Boswell and wife, Judy C. Boswell by deed from William E. Anderson and wife, Dorothy M. Anderson, dated June 21, 1996 and of record in Warranty Deed Book 169, Page 347, in the Register's Of?",
    "tokens" : [ {
      "id" : "s0-t0",
      "begin" : 1,
      "end" : 6,
      "text" : "Being",
      "whiteSpace" : false
    }, {
      "id" : "s0-t1",
      "begin" : 7,
      "end" : 10,
      "text" : "the",
      "whiteSpace" : false
    }, {
      "id" : "s0-t2",
      "begin" : 11,
      "end" : 15,
      "text" : "same",
      "whiteSpace" : false
    }, {
      "id" : "s0-t3",
      "begin" : 16,
      "end" : 24,
      "text" : "property",
      "whiteSpace" : false
    }, {
      "id" : "s0-t4",
      "begin" : 25,
      "end" : 33,
      "text" : "conveyed",
      "whiteSpace" : false
    }, {
      "id" : "s0-t5",
      "begin" : 34,
      "end" : 36,
      "text" : "to",
      "whiteSpace" : false
    }, {
      "id" : "s0-t6",
      "begin" : 37,
      "end" : 44,
      "text" : "William",
      "whiteSpace" : false
    }, {
      "id" : "s0-t7",
      "begin" : 45,
      "end" : 47,
      "text" : "A.",
      "whiteSpace" : false
    }, {
      "id" : "s0-t8",
      "begin" : 48,
      "end" : 55,
      "text" : "Boswell",
      "whiteSpace" : false
    }, {
      "id" : "s0-t9",
      "begin" : 56,
      "end" : 59,
      "text" : "and",
      "whiteSpace" : false
    }, {
      "id" : "s0-t10",
      "begin" : 60,
      "end" : 64,
      "text" : "wife",
      "whiteSpace" : false
    }, {
      "id" : "s0-t11",
      "begin" : 64,
      "end" : 65,
      "text" : ",",
      "whiteSpace" : false
    }, {
      "id" : "s0-t12",
      "begin" : 66,
      "end" : 70,
      "text" : "Judy",
      "whiteSpace" : false
    }, {
      "id" : "s0-t13",
      "begin" : 71,
      "end" : 73,
      "text" : "C.",
      "whiteSpace" : false
    }, {
      "id" : "s0-t14",
      "begin" : 74,
      "end" : 81,
      "text" : "Boswell",
      "whiteSpace" : false
    }, {
      "id" : "s0-t15",
      "begin" : 82,
      "end" : 84,
      "text" : "by",
      "whiteSpace" : false
    }, {
      "id" : "s0-t16",
      "begin" : 85,
      "end" : 89,
      "text" : "deed",
      "whiteSpace" : false
    }, {
      "id" : "s0-t17",
      "begin" : 90,
      "end" : 94,
      "text" : "from",
      "whiteSpace" : false
    }, {
      "id" : "s0-t18",
      "begin" : 95,
      "end" : 102,
      "text" : "William",
      "whiteSpace" : false
    }, {
      "id" : "s0-t19",
      "begin" : 103,
      "end" : 105,
      "text" : "E.",
      "whiteSpace" : false
    }, {
      "id" : "s0-t20",
      "begin" : 106,
      "end" : 114,
      "text" : "Anderson",
      "whiteSpace" : false
    }, {
      "id" : "s0-t21",
      "begin" : 115,
      "end" : 118,
      "text" : "and",
      "whiteSpace" : false
    }, {
      "id" : "s0-t22",
      "begin" : 119,
      "end" : 123,
      "text" : "wife",
      "whiteSpace" : false
    }, {
      "id" : "s0-t23",
      "begin" : 123,
      "end" : 124,
      "text" : ",",
      "whiteSpace" : false
    }, {
      "id" : "s0-t24",
      "begin" : 125,
      "end" : 132,
      "text" : "Dorothy",
      "whiteSpace" : false
    }, {
      "id" : "s0-t25",
      "begin" : 133,
      "end" : 135,
      "text" : "M.",
      "whiteSpace" : false
    }, {
      "id" : "s0-t26",
      "begin" : 136,
      "end" : 144,
      "text" : "Anderson",
      "whiteSpace" : false
    }, {
      "id" : "s0-t27",
      "begin" : 144,
      "end" : 145,
      "text" : ",",
      "whiteSpace" : false
    }, {
      "id" : "s0-t28",
      "begin" : 146,
      "end" : 151,
      "text" : "dated",
      "whiteSpace" : false
    }, {
      "id" : "s0-t29",
      "begin" : 152,
      "end" : 156,
      "text" : "June",
      "whiteSpace" : false
    }, {
      "id" : "s0-t30",
      "begin" : 157,
      "end" : 159,
      "text" : "21",
      "whiteSpace" : false
    }, {
      "id" : "s0-t31",
      "begin" : 159,
      "end" : 160,
      "text" : ",",
      "whiteSpace" : false
    }, {
      "id" : "s0-t32",
      "begin" : 161,
      "end" : 165,
      "text" : "1996",
      "whiteSpace" : false
    }, {
      "id" : "s0-t33",
      "begin" : 166,
      "end" : 169,
      "text" : "and",
      "whiteSpace" : false
    }, {
      "id" : "s0-t34",
      "begin" : 170,
      "end" : 172,
      "text" : "of",
      "whiteSpace" : false
    }, {
      "id" : "s0-t35",
      "begin" : 173,
      "end" : 179,
      "text" : "record",
      "whiteSpace" : false
    }, {
      "id" : "s0-t36",
      "begin" : 180,
      "end" : 182,
      "text" : "in",
      "whiteSpace" : false
    }, {
      "id" : "s0-t37",
      "begin" : 183,
      "end" : 191,
      "text" : "Warranty",
      "whiteSpace" : false
    }, {
      "id" : "s0-t38",
      "begin" : 192,
      "end" : 196,
      "text" : "Deed",
      "whiteSpace" : false
    }, {
      "id" : "s0-t39",
      "begin" : 197,
      "end" : 201,
      "text" : "Book",
      "whiteSpace" : false
    }, {
      "id" : "s0-t40",
      "begin" : 202,
      "end" : 205,
      "text" : "169",
      "whiteSpace" : false
    }, {
      "id" : "s0-t41",
      "begin" : 205,
      "end" : 206,
      "text" : ",",
      "whiteSpace" : false
    }, {
      "id" : "s0-t42",
      "begin" : 207,
      "end" : 211,
      "text" : "Page",
      "whiteSpace" : false
    }, {
      "id" : "s0-t43",
      "begin" : 212,
      "end" : 215,
      "text" : "347",
      "whiteSpace" : false
    }, {
      "id" : "s0-t44",
      "begin" : 215,
      "end" : 216,
      "text" : ",",
      "whiteSpace" : false
    }, {
      "id" : "s0-t45",
      "begin" : 217,
      "end" : 219,
      "text" : "in",
      "whiteSpace" : false
    }, {
      "id" : "s0-t46",
      "begin" : 220,
      "end" : 223,
      "text" : "the",
      "whiteSpace" : false
    }, {
      "id" : "s0-t47",
      "begin" : 224,
      "end" : 232,
      "text" : "Register",
      "whiteSpace" : false
    }, {
      "id" : "s0-t48",
      "begin" : 232,
      "end" : 234,
      "text" : "'s",
      "whiteSpace" : false
    }, {
      "id" : "s0-t49",
      "begin" : 235,
      "end" : 237,
      "text" : "Of",
      "whiteSpace" : false
    }, {
      "id" : "s0-t50",
      "begin" : 237,
      "end" : 238,
      "text" : "?",
      "whiteSpace" : false
    } ]
  }, {
    "id" : "s1",
    "begin" : 238,
    "end" : 274,
    "text" : "??ce of Humphreys County, Tennessee.",
    "tokens" : [ {
      "id" : "s1-t0",
      "begin" : 238,
      "end" : 242,
      "text" : "??ce",
      "whiteSpace" : false
    }, {
      "id" : "s1-t1",
      "begin" : 243,
      "end" : 245,
      "text" : "of",
      "whiteSpace" : false
    }, {
      "id" : "s1-t2",
      "begin" : 246,
      "end" : 255,
      "text" : "Humphreys",
      "whiteSpace" : false
    }, {
      "id" : "s1-t3",
      "begin" : 256,
      "end" : 262,
      "text" : "County",
      "whiteSpace" : false
    }, {
      "id" : "s1-t4",
      "begin" : 262,
      "end" : 263,
      "text" : ",",
      "whiteSpace" : false
    }, {
      "id" : "s1-t5",
      "begin" : 264,
      "end" : 273,
      "text" : "Tennessee",
      "whiteSpace" : false
    }, {
      "id" : "s1-t6",
      "begin" : 273,
      "end" : 274,
      "text" : ".",
      "whiteSpace" : false
    } ]
  }, {
    "id" : "s2",
    "begin" : 275,
    "end" : 452,
    "text" : "Also being the same property in which title vested in Judy C. Boswell, upon the death of her spouse, William A. Boswell, on September 15, 2015, by reason of tenancy by entirety.",
    "tokens" : [ {
      "id" : "s2-t0",
      "begin" : 275,
      "end" : 279,
      "text" : "Also",
      "whiteSpace" : false
    }, {
      "id" : "s2-t1",
      "begin" : 280,
      "end" : 285,
      "text" : "being",
      "whiteSpace" : false
    }, {
      "id" : "s2-t2",
      "begin" : 286,
      "end" : 289,
      "text" : "the",
      "whiteSpace" : false
    }, {
      "id" : "s2-t3",
      "begin" : 290,
      "end" : 294,
      "text" : "same",
      "whiteSpace" : false
    }, {
      "id" : "s2-t4",
      "begin" : 295,
      "end" : 303,
      "text" : "property",
      "whiteSpace" : false
    }, {
      "id" : "s2-t5",
      "begin" : 304,
      "end" : 306,
      "text" : "in",
      "whiteSpace" : false
    }, {
      "id" : "s2-t6",
      "begin" : 307,
      "end" : 312,
      "text" : "which",
      "whiteSpace" : false
    }, {
      "id" : "s2-t7",
      "begin" : 313,
      "end" : 318,
      "text" : "title",
      "whiteSpace" : false
    }, {
      "id" : "s2-t8",
      "begin" : 319,
      "end" : 325,
      "text" : "vested",
      "whiteSpace" : false
    }, {
      "id" : "s2-t9",
      "begin" : 326,
      "end" : 328,
      "text" : "in",
      "whiteSpace" : false
    }, {
      "id" : "s2-t10",
      "begin" : 329,
      "end" : 333,
      "text" : "Judy",
      "whiteSpace" : false
    }, {
      "id" : "s2-t11",
      "begin" : 334,
      "end" : 336,
      "text" : "C.",
      "whiteSpace" : false
    }, {
      "id" : "s2-t12",
      "begin" : 337,
      "end" : 344,
      "text" : "Boswell",
      "whiteSpace" : false
    }, {
      "id" : "s2-t13",
      "begin" : 344,
      "end" : 345,
      "text" : ",",
      "whiteSpace" : false
    }, {
      "id" : "s2-t14",
      "begin" : 346,
      "end" : 350,
      "text" : "upon",
      "whiteSpace" : false
    }, {
      "id" : "s2-t15",
      "begin" : 351,
      "end" : 354,
      "text" : "the",
      "whiteSpace" : false
    }, {
      "id" : "s2-t16",
      "begin" : 355,
      "end" : 360,
      "text" : "death",
      "whiteSpace" : false
    }, {
      "id" : "s2-t17",
      "begin" : 361,
      "end" : 363,
      "text" : "of",
      "whiteSpace" : false
    }, {
      "id" : "s2-t18",
      "begin" : 364,
      "end" : 367,
      "text" : "her",
      "whiteSpace" : false
    }, {
      "id" : "s2-t19",
      "begin" : 368,
      "end" : 374,
      "text" : "spouse",
      "whiteSpace" : false
    }, {
      "id" : "s2-t20",
      "begin" : 374,
      "end" : 375,
      "text" : ",",
      "whiteSpace" : false
    }, {
      "id" : "s2-t21",
      "begin" : 376,
      "end" : 383,
      "text" : "William",
      "whiteSpace" : false
    }, {
      "id" : "s2-t22",
      "begin" : 384,
      "end" : 386,
      "text" : "A.",
      "whiteSpace" : false
    }, {
      "id" : "s2-t23",
      "begin" : 387,
      "end" : 394,
      "text" : "Boswell",
      "whiteSpace" : false
    }, {
      "id" : "s2-t24",
      "begin" : 394,
      "end" : 395,
      "text" : ",",
      "whiteSpace" : false
    }, {
      "id" : "s2-t25",
      "begin" : 396,
      "end" : 398,
      "text" : "on",
      "whiteSpace" : false
    }, {
      "id" : "s2-t26",
      "begin" : 399,
      "end" : 408,
      "text" : "September",
      "whiteSpace" : false
    }, {
      "id" : "s2-t27",
      "begin" : 409,
      "end" : 411,
      "text" : "15",
      "whiteSpace" : false
    }, {
      "id" : "s2-t28",
      "begin" : 411,
      "end" : 412,
      "text" : ",",
      "whiteSpace" : false
    }, {
      "id" : "s2-t29",
      "begin" : 413,
      "end" : 417,
      "text" : "2015",
      "whiteSpace" : false
    }, {
      "id" : "s2-t30",
      "begin" : 417,
      "end" : 418,
      "text" : ",",
      "whiteSpace" : false
    }, {
      "id" : "s2-t31",
      "begin" : 419,
      "end" : 421,
      "text" : "by",
      "whiteSpace" : false
    }, {
      "id" : "s2-t32",
      "begin" : 422,
      "end" : 428,
      "text" : "reason",
      "whiteSpace" : false
    }, {
      "id" : "s2-t33",
      "begin" : 429,
      "end" : 431,
      "text" : "of",
      "whiteSpace" : false
    }, {
      "id" : "s2-t34",
      "begin" : 432,
      "end" : 439,
      "text" : "tenancy",
      "whiteSpace" : false
    }, {
      "id" : "s2-t35",
      "begin" : 440,
      "end" : 442,
      "text" : "by",
      "whiteSpace" : false
    }, {
      "id" : "s2-t36",
      "begin" : 443,
      "end" : 451,
      "text" : "entirety",
      "whiteSpace" : false
    }, {
      "id" : "s2-t37",
      "begin" : 451,
      "end" : 452,
      "text" : ".",
      "whiteSpace" : false
    } ]
  }, {
    "id" : "s3",
    "begin" : 453,
    "end" : 493,
    "text" : "This conveyance is subject to the right?",
    "tokens" : [ {
      "id" : "s3-t0",
      "begin" : 453,
      "end" : 457,
      "text" : "This",
      "whiteSpace" : false
    }, {
      "id" : "s3-t1",
      "begin" : 458,
      "end" : 468,
      "text" : "conveyance",
      "whiteSpace" : false
    }, {
      "id" : "s3-t2",
      "begin" : 469,
      "end" : 471,
      "text" : "is",
      "whiteSpace" : false
    }, {
      "id" : "s3-t3",
      "begin" : 472,
      "end" : 479,
      "text" : "subject",
      "whiteSpace" : false
    }, {
      "id" : "s3-t4",
      "begin" : 480,
      "end" : 482,
      "text" : "to",
      "whiteSpace" : false
    }, {
      "id" : "s3-t5",
      "begin" : 483,
      "end" : 486,
      "text" : "the",
      "whiteSpace" : false
    }, {
      "id" : "s3-t6",
      "begin" : 487,
      "end" : 492,
      "text" : "right",
      "whiteSpace" : false
    }, {
      "id" : "s3-t7",
      "begin" : 492,
      "end" : 493,
      "text" : "?",
      "whiteSpace" : false
    } ]
  }, {
    "id" : "s4",
    "begin" : 493,
    "end" : 498,
    "text" : "??of?",
    "tokens" : [ {
      "id" : "s4-t0",
      "begin" : 493,
      "end" : 497,
      "text" : "??of",
      "whiteSpace" : false
    }, {
      "id" : "s4-t1",
      "begin" : 497,
      "end" : 498,
      "text" : "?",
      "whiteSpace" : false
    } ]
  }, {
    "id" : "s5",
    "begin" : 498,
    "end" : 524,
    "text" : "??way of Honeysuckle Lane.",
    "tokens" : [ {
      "id" : "s5-t0",
      "begin" : 498,
      "end" : 503,
      "text" : "??way",
      "whiteSpace" : false
    }, {
      "id" : "s5-t1",
      "begin" : 504,
      "end" : 506,
      "text" : "of",
      "whiteSpace" : false
    }, {
      "id" : "s5-t2",
      "begin" : 507,
      "end" : 518,
      "text" : "Honeysuckle",
      "whiteSpace" : false
    }, {
      "id" : "s5-t3",
      "begin" : 519,
      "end" : 523,
      "text" : "Lane",
      "whiteSpace" : false
    }, {
      "id" : "s5-t4",
      "begin" : 523,
      "end" : 524,
      "text" : ".",
      "whiteSpace" : false
    } ]
  }, {
    "id" : "s6",
    "begin" : 525,
    "end" : 652,
    "text" : "This conveyance is subject to certain conditions and restrictions as set forth in Deed Book 66, Page 413, in the Register's Of?",
    "tokens" : [ {
      "id" : "s6-t0",
      "begin" : 525,
      "end" : 529,
      "text" : "This",
      "whiteSpace" : false
    }, {
      "id" : "s6-t1",
      "begin" : 530,
      "end" : 540,
      "text" : "conveyance",
      "whiteSpace" : false
    }, {
      "id" : "s6-t2",
      "begin" : 541,
      "end" : 543,
      "text" : "is",
      "whiteSpace" : false
    }, {
      "id" : "s6-t3",
      "begin" : 544,
      "end" : 551,
      "text" : "subject",
      "whiteSpace" : false
    }, {
      "id" : "s6-t4",
      "begin" : 552,
      "end" : 554,
      "text" : "to",
      "whiteSpace" : false
    }, {
      "id" : "s6-t5",
      "begin" : 555,
      "end" : 562,
      "text" : "certain",
      "whiteSpace" : false
    }, {
      "id" : "s6-t6",
      "begin" : 563,
      "end" : 573,
      "text" : "conditions",
      "whiteSpace" : false
    }, {
      "id" : "s6-t7",
      "begin" : 574,
      "end" : 577,
      "text" : "and",
      "whiteSpace" : false
    }, {
      "id" : "s6-t8",
      "begin" : 578,
      "end" : 590,
      "text" : "restrictions",
      "whiteSpace" : false
    }, {
      "id" : "s6-t9",
      "begin" : 591,
      "end" : 593,
      "text" : "as",
      "whiteSpace" : false
    }, {
      "id" : "s6-t10",
      "begin" : 594,
      "end" : 597,
      "text" : "set",
      "whiteSpace" : false
    }, {
      "id" : "s6-t11",
      "begin" : 598,
      "end" : 603,
      "text" : "forth",
      "whiteSpace" : false
    }, {
      "id" : "s6-t12",
      "begin" : 604,
      "end" : 606,
      "text" : "in",
      "whiteSpace" : false
    }, {
      "id" : "s6-t13",
      "begin" : 607,
      "end" : 611,
      "text" : "Deed",
      "whiteSpace" : false
    }, {
      "id" : "s6-t14",
      "begin" : 612,
      "end" : 616,
      "text" : "Book",
      "whiteSpace" : false
    }, {
      "id" : "s6-t15",
      "begin" : 617,
      "end" : 619,
      "text" : "66",
      "whiteSpace" : false
    }, {
      "id" : "s6-t16",
      "begin" : 619,
      "end" : 620,
      "text" : ",",
      "whiteSpace" : false
    }, {
      "id" : "s6-t17",
      "begin" : 621,
      "end" : 625,
      "text" : "Page",
      "whiteSpace" : false
    }, {
      "id" : "s6-t18",
      "begin" : 626,
      "end" : 629,
      "text" : "413",
      "whiteSpace" : false
    }, {
      "id" : "s6-t19",
      "begin" : 629,
      "end" : 630,
      "text" : ",",
      "whiteSpace" : false
    }, {
      "id" : "s6-t20",
      "begin" : 631,
      "end" : 633,
      "text" : "in",
      "whiteSpace" : false
    }, {
      "id" : "s6-t21",
      "begin" : 634,
      "end" : 637,
      "text" : "the",
      "whiteSpace" : false
    }, {
      "id" : "s6-t22",
      "begin" : 638,
      "end" : 646,
      "text" : "Register",
      "whiteSpace" : false
    }, {
      "id" : "s6-t23",
      "begin" : 646,
      "end" : 648,
      "text" : "'s",
      "whiteSpace" : false
    }, {
      "id" : "s6-t24",
      "begin" : 649,
      "end" : 651,
      "text" : "Of",
      "whiteSpace" : false
    }, {
      "id" : "s6-t25",
      "begin" : 651,
      "end" : 652,
      "text" : "?",
      "whiteSpace" : false
    } ]
  }, {
    "id" : "s7",
    "begin" : 652,
    "end" : 688,
    "text" : "??ce of Humphreys County, Tennessee.",
    "tokens" : [ {
      "id" : "s7-t0",
      "begin" : 652,
      "end" : 656,
      "text" : "??ce",
      "whiteSpace" : false
    }, {
      "id" : "s7-t1",
      "begin" : 657,
      "end" : 659,
      "text" : "of",
      "whiteSpace" : false
    }, {
      "id" : "s7-t2",
      "begin" : 660,
      "end" : 669,
      "text" : "Humphreys",
      "whiteSpace" : false
    }, {
      "id" : "s7-t3",
      "begin" : 670,
      "end" : 676,
      "text" : "County",
      "whiteSpace" : false
    }, {
      "id" : "s7-t4",
      "begin" : 676,
      "end" : 677,
      "text" : ",",
      "whiteSpace" : false
    }, {
      "id" : "s7-t5",
      "begin" : 678,
      "end" : 687,
      "text" : "Tennessee",
      "whiteSpace" : false
    }, {
      "id" : "s7-t6",
      "begin" : 687,
      "end" : 688,
      "text" : ".",
      "whiteSpace" : false
    } ]
  }, {
    "id" : "s8",
    "begin" : 689,
    "end" : 803,
    "text" : "(See release of Flowage Easement by the United States of America, in Deed Book 71, Page 287, in the Register's Of?",
    "tokens" : [ {
      "id" : "s8-t0",
      "begin" : 689,
      "end" : 690,
      "text" : "(",
      "whiteSpace" : false
    }, {
      "id" : "s8-t1",
      "begin" : 690,
      "end" : 693,
      "text" : "See",
      "whiteSpace" : false
    }, {
      "id" : "s8-t2",
      "begin" : 694,
      "end" : 701,
      "text" : "release",
      "whiteSpace" : false
    }, {
      "id" : "s8-t3",
      "begin" : 702,
      "end" : 704,
      "text" : "of",
      "whiteSpace" : false
    }, {
      "id" : "s8-t4",
      "begin" : 705,
      "end" : 712,
      "text" : "Flowage",
      "whiteSpace" : false
    }, {
      "id" : "s8-t5",
      "begin" : 713,
      "end" : 721,
      "text" : "Easement",
      "whiteSpace" : false
    }, {
      "id" : "s8-t6",
      "begin" : 722,
      "end" : 724,
      "text" : "by",
      "whiteSpace" : false
    }, {
      "id" : "s8-t7",
      "begin" : 725,
      "end" : 728,
      "text" : "the",
      "whiteSpace" : false
    }, {
      "id" : "s8-t8",
      "begin" : 729,
      "end" : 735,
      "text" : "United",
      "whiteSpace" : false
    }, {
      "id" : "s8-t9",
      "begin" : 736,
      "end" : 742,
      "text" : "States",
      "whiteSpace" : false
    }, {
      "id" : "s8-t10",
      "begin" : 743,
      "end" : 745,
      "text" : "of",
      "whiteSpace" : false
    }, {
      "id" : "s8-t11",
      "begin" : 746,
      "end" : 753,
      "text" : "America",
      "whiteSpace" : false
    }, {
      "id" : "s8-t12",
      "begin" : 753,
      "end" : 754,
      "text" : ",",
      "whiteSpace" : false
    }, {
      "id" : "s8-t13",
      "begin" : 755,
      "end" : 757,
      "text" : "in",
      "whiteSpace" : false
    }, {
      "id" : "s8-t14",
      "begin" : 758,
      "end" : 762,
      "text" : "Deed",
      "whiteSpace" : false
    }, {
      "id" : "s8-t15",
      "begin" : 763,
      "end" : 767,
      "text" : "Book",
      "whiteSpace" : false
    }, {
      "id" : "s8-t16",
      "begin" : 768,
      "end" : 770,
      "text" : "71",
      "whiteSpace" : false
    }, {
      "id" : "s8-t17",
      "begin" : 770,
      "end" : 771,
      "text" : ",",
      "whiteSpace" : false
    }, {
      "id" : "s8-t18",
      "begin" : 772,
      "end" : 776,
      "text" : "Page",
      "whiteSpace" : false
    }, {
      "id" : "s8-t19",
      "begin" : 777,
      "end" : 780,
      "text" : "287",
      "whiteSpace" : false
    }, {
      "id" : "s8-t20",
      "begin" : 780,
      "end" : 781,
      "text" : ",",
      "whiteSpace" : false
    }, {
      "id" : "s8-t21",
      "begin" : 782,
      "end" : 784,
      "text" : "in",
      "whiteSpace" : false
    }, {
      "id" : "s8-t22",
      "begin" : 785,
      "end" : 788,
      "text" : "the",
      "whiteSpace" : false
    }, {
      "id" : "s8-t23",
      "begin" : 789,
      "end" : 797,
      "text" : "Register",
      "whiteSpace" : false
    }, {
      "id" : "s8-t24",
      "begin" : 797,
      "end" : 799,
      "text" : "'s",
      "whiteSpace" : false
    }, {
      "id" : "s8-t25",
      "begin" : 800,
      "end" : 802,
      "text" : "Of",
      "whiteSpace" : false
    }, {
      "id" : "s8-t26",
      "begin" : 802,
      "end" : 803,
      "text" : "?",
      "whiteSpace" : false
    } ]
  }, {
    "id" : "s9",
    "begin" : 803,
    "end" : 839,
    "text" : "??ce of Humphreys County, Tennessee.",
    "tokens" : [ {
      "id" : "s9-t0",
      "begin" : 803,
      "end" : 807,
      "text" : "??ce",
      "whiteSpace" : false
    }, {
      "id" : "s9-t1",
      "begin" : 808,
      "end" : 810,
      "text" : "of",
      "whiteSpace" : false
    }, {
      "id" : "s9-t2",
      "begin" : 811,
      "end" : 820,
      "text" : "Humphreys",
      "whiteSpace" : false
    }, {
      "id" : "s9-t3",
      "begin" : 821,
      "end" : 827,
      "text" : "County",
      "whiteSpace" : false
    }, {
      "id" : "s9-t4",
      "begin" : 827,
      "end" : 828,
      "text" : ",",
      "whiteSpace" : false
    }, {
      "id" : "s9-t5",
      "begin" : 829,
      "end" : 838,
      "text" : "Tennessee",
      "whiteSpace" : false
    }, {
      "id" : "s9-t6",
      "begin" : 838,
      "end" : 839,
      "text" : ".",
      "whiteSpace" : false
    } ]
  }, {
    "id" : "s10",
    "begin" : 839,
    "end" : 909,
    "text" : ") This conveyance is subject to all matters shown on a plat of record?",
    "tokens" : [ {
      "id" : "s10-t0",
      "begin" : 839,
      "end" : 840,
      "text" : ")",
      "whiteSpace" : false
    }, {
      "id" : "s10-t1",
      "begin" : 841,
      "end" : 845,
      "text" : "This",
      "whiteSpace" : false
    }, {
      "id" : "s10-t2",
      "begin" : 846,
      "end" : 856,
      "text" : "conveyance",
      "whiteSpace" : false
    }, {
      "id" : "s10-t3",
      "begin" : 857,
      "end" : 859,
      "text" : "is",
      "whiteSpace" : false
    }, {
      "id" : "s10-t4",
      "begin" : 860,
      "end" : 867,
      "text" : "subject",
      "whiteSpace" : false
    }, {
      "id" : "s10-t5",
      "begin" : 868,
      "end" : 870,
      "text" : "to",
      "whiteSpace" : false
    }, {
      "id" : "s10-t6",
      "begin" : 871,
      "end" : 874,
      "text" : "all",
      "whiteSpace" : false
    }, {
      "id" : "s10-t7",
      "begin" : 875,
      "end" : 882,
      "text" : "matters",
      "whiteSpace" : false
    }, {
      "id" : "s10-t8",
      "begin" : 883,
      "end" : 888,
      "text" : "shown",
      "whiteSpace" : false
    }, {
      "id" : "s10-t9",
      "begin" : 889,
      "end" : 891,
      "text" : "on",
      "whiteSpace" : false
    }, {
      "id" : "s10-t10",
      "begin" : 892,
      "end" : 893,
      "text" : "a",
      "whiteSpace" : false
    }, {
      "id" : "s10-t11",
      "begin" : 894,
      "end" : 898,
      "text" : "plat",
      "whiteSpace" : false
    }, {
      "id" : "s10-t12",
      "begin" : 899,
      "end" : 901,
      "text" : "of",
      "whiteSpace" : false
    }, {
      "id" : "s10-t13",
      "begin" : 902,
      "end" : 908,
      "text" : "record",
      "whiteSpace" : false
    }, {
      "id" : "s10-t14",
      "begin" : 908,
      "end" : 909,
      "text" : "?",
      "whiteSpace" : false
    } ]
  }, {
    "id" : "s11",
    "begin" : 909,
    "end" : 958,
    "text" : "??in Plat Book 1, Page 128, in the Register's Of?",
    "tokens" : [ {
      "id" : "s11-t0",
      "begin" : 909,
      "end" : 913,
      "text" : "??in",
      "whiteSpace" : false
    }, {
      "id" : "s11-t1",
      "begin" : 914,
      "end" : 918,
      "text" : "Plat",
      "whiteSpace" : false
    }, {
      "id" : "s11-t2",
      "begin" : 919,
      "end" : 923,
      "text" : "Book",
      "whiteSpace" : false
    }, {
      "id" : "s11-t3",
      "begin" : 924,
      "end" : 925,
      "text" : "1",
      "whiteSpace" : false
    }, {
      "id" : "s11-t4",
      "begin" : 925,
      "end" : 926,
      "text" : ",",
      "whiteSpace" : false
    }, {
      "id" : "s11-t5",
      "begin" : 927,
      "end" : 931,
      "text" : "Page",
      "whiteSpace" : false
    }, {
      "id" : "s11-t6",
      "begin" : 932,
      "end" : 935,
      "text" : "128",
      "whiteSpace" : false
    }, {
      "id" : "s11-t7",
      "begin" : 935,
      "end" : 936,
      "text" : ",",
      "whiteSpace" : false
    }, {
      "id" : "s11-t8",
      "begin" : 937,
      "end" : 939,
      "text" : "in",
      "whiteSpace" : false
    }, {
      "id" : "s11-t9",
      "begin" : 940,
      "end" : 943,
      "text" : "the",
      "whiteSpace" : false
    }, {
      "id" : "s11-t10",
      "begin" : 944,
      "end" : 952,
      "text" : "Register",
      "whiteSpace" : false
    }, {
      "id" : "s11-t11",
      "begin" : 952,
      "end" : 954,
      "text" : "'s",
      "whiteSpace" : false
    }, {
      "id" : "s11-t12",
      "begin" : 955,
      "end" : 957,
      "text" : "Of",
      "whiteSpace" : false
    }, {
      "id" : "s11-t13",
      "begin" : 957,
      "end" : 958,
      "text" : "?",
      "whiteSpace" : false
    } ]
  }, {
    "id" : "s12",
    "begin" : 958,
    "end" : 994,
    "text" : "??ce of Humphreys County, Tennessee.",
    "tokens" : [ {
      "id" : "s12-t0",
      "begin" : 958,
      "end" : 962,
      "text" : "??ce",
      "whiteSpace" : false
    }, {
      "id" : "s12-t1",
      "begin" : 963,
      "end" : 965,
      "text" : "of",
      "whiteSpace" : false
    }, {
      "id" : "s12-t2",
      "begin" : 966,
      "end" : 975,
      "text" : "Humphreys",
      "whiteSpace" : false
    }, {
      "id" : "s12-t3",
      "begin" : 976,
      "end" : 982,
      "text" : "County",
      "whiteSpace" : false
    }, {
      "id" : "s12-t4",
      "begin" : 982,
      "end" : 983,
      "text" : ",",
      "whiteSpace" : false
    }, {
      "id" : "s12-t5",
      "begin" : 984,
      "end" : 993,
      "text" : "Tennessee",
      "whiteSpace" : false
    }, {
      "id" : "s12-t6",
      "begin" : 993,
      "end" : 994,
      "text" : ".",
      "whiteSpace" : false
    } ]
  }, {
    "id" : "s13",
    "begin" : 995,
    "end" : 1213,
    "text" : "Book WD202 Page 1874 To Have and to Hold the said tract or parcel of land, with the appurtenances, estate, title, and interest thereto belonging, to the said as her free act and deed for the purposes therein contained.",
    "tokens" : [ {
      "id" : "s13-t0",
      "begin" : 995,
      "end" : 999,
      "text" : "Book",
      "whiteSpace" : false
    }, {
      "id" : "s13-t1",
      "begin" : 1000,
      "end" : 1005,
      "text" : "WD202",
      "whiteSpace" : false
    }, {
      "id" : "s13-t2",
      "begin" : 1006,
      "end" : 1010,
      "text" : "Page",
      "whiteSpace" : false
    }, {
      "id" : "s13-t3",
      "begin" : 1011,
      "end" : 1015,
      "text" : "1874",
      "whiteSpace" : false
    }, {
      "id" : "s13-t4",
      "begin" : 1016,
      "end" : 1018,
      "text" : "To",
      "whiteSpace" : false
    }, {
      "id" : "s13-t5",
      "begin" : 1019,
      "end" : 1023,
      "text" : "Have",
      "whiteSpace" : false
    }, {
      "id" : "s13-t6",
      "begin" : 1024,
      "end" : 1027,
      "text" : "and",
      "whiteSpace" : false
    }, {
      "id" : "s13-t7",
      "begin" : 1028,
      "end" : 1030,
      "text" : "to",
      "whiteSpace" : false
    }, {
      "id" : "s13-t8",
      "begin" : 1031,
      "end" : 1035,
      "text" : "Hold",
      "whiteSpace" : false
    }, {
      "id" : "s13-t9",
      "begin" : 1036,
      "end" : 1039,
      "text" : "the",
      "whiteSpace" : false
    }, {
      "id" : "s13-t10",
      "begin" : 1040,
      "end" : 1044,
      "text" : "said",
      "whiteSpace" : false
    }, {
      "id" : "s13-t11",
      "begin" : 1045,
      "end" : 1050,
      "text" : "tract",
      "whiteSpace" : false
    }, {
      "id" : "s13-t12",
      "begin" : 1051,
      "end" : 1053,
      "text" : "or",
      "whiteSpace" : false
    }, {
      "id" : "s13-t13",
      "begin" : 1054,
      "end" : 1060,
      "text" : "parcel",
      "whiteSpace" : false
    }, {
      "id" : "s13-t14",
      "begin" : 1061,
      "end" : 1063,
      "text" : "of",
      "whiteSpace" : false
    }, {
      "id" : "s13-t15",
      "begin" : 1064,
      "end" : 1068,
      "text" : "land",
      "whiteSpace" : false
    }, {
      "id" : "s13-t16",
      "begin" : 1068,
      "end" : 1069,
      "text" : ",",
      "whiteSpace" : false
    }, {
      "id" : "s13-t17",
      "begin" : 1070,
      "end" : 1074,
      "text" : "with",
      "whiteSpace" : false
    }, {
      "id" : "s13-t18",
      "begin" : 1075,
      "end" : 1078,
      "text" : "the",
      "whiteSpace" : false
    }, {
      "id" : "s13-t19",
      "begin" : 1079,
      "end" : 1092,
      "text" : "appurtenances",
      "whiteSpace" : false
    }, {
      "id" : "s13-t20",
      "begin" : 1092,
      "end" : 1093,
      "text" : ",",
      "whiteSpace" : false
    }, {
      "id" : "s13-t21",
      "begin" : 1094,
      "end" : 1100,
      "text" : "estate",
      "whiteSpace" : false
    }, {
      "id" : "s13-t22",
      "begin" : 1100,
      "end" : 1101,
      "text" : ",",
      "whiteSpace" : false
    }, {
      "id" : "s13-t23",
      "begin" : 1102,
      "end" : 1107,
      "text" : "title",
      "whiteSpace" : false
    }, {
      "id" : "s13-t24",
      "begin" : 1107,
      "end" : 1108,
      "text" : ",",
      "whiteSpace" : false
    }, {
      "id" : "s13-t25",
      "begin" : 1109,
      "end" : 1112,
      "text" : "and",
      "whiteSpace" : false
    }, {
      "id" : "s13-t26",
      "begin" : 1113,
      "end" : 1121,
      "text" : "interest",
      "whiteSpace" : false
    }, {
      "id" : "s13-t27",
      "begin" : 1122,
      "end" : 1129,
      "text" : "thereto",
      "whiteSpace" : false
    }, {
      "id" : "s13-t28",
      "begin" : 1130,
      "end" : 1139,
      "text" : "belonging",
      "whiteSpace" : false
    }, {
      "id" : "s13-t29",
      "begin" : 1139,
      "end" : 1140,
      "text" : ",",
      "whiteSpace" : false
    }, {
      "id" : "s13-t30",
      "begin" : 1141,
      "end" : 1143,
      "text" : "to",
      "whiteSpace" : false
    }, {
      "id" : "s13-t31",
      "begin" : 1144,
      "end" : 1147,
      "text" : "the",
      "whiteSpace" : false
    }, {
      "id" : "s13-t32",
      "begin" : 1148,
      "end" : 1152,
      "text" : "said",
      "whiteSpace" : false
    }, {
      "id" : "s13-t33",
      "begin" : 1153,
      "end" : 1155,
      "text" : "as",
      "whiteSpace" : false
    }, {
      "id" : "s13-t34",
      "begin" : 1156,
      "end" : 1159,
      "text" : "her",
      "whiteSpace" : false
    }, {
      "id" : "s13-t35",
      "begin" : 1160,
      "end" : 1164,
      "text" : "free",
      "whiteSpace" : false
    }, {
      "id" : "s13-t36",
      "begin" : 1165,
      "end" : 1168,
      "text" : "act",
      "whiteSpace" : false
    }, {
      "id" : "s13-t37",
      "begin" : 1169,
      "end" : 1172,
      "text" : "and",
      "whiteSpace" : false
    }, {
      "id" : "s13-t38",
      "begin" : 1173,
      "end" : 1177,
      "text" : "deed",
      "whiteSpace" : false
    }, {
      "id" : "s13-t39",
      "begin" : 1178,
      "end" : 1181,
      "text" : "for",
      "whiteSpace" : false
    }, {
      "id" : "s13-t40",
      "begin" : 1182,
      "end" : 1185,
      "text" : "the",
      "whiteSpace" : false
    }, {
      "id" : "s13-t41",
      "begin" : 1186,
      "end" : 1194,
      "text" : "purposes",
      "whiteSpace" : false
    }, {
      "id" : "s13-t42",
      "begin" : 1195,
      "end" : 1202,
      "text" : "therein",
      "whiteSpace" : false
    }, {
      "id" : "s13-t43",
      "begin" : 1203,
      "end" : 1212,
      "text" : "contained",
      "whiteSpace" : false
    }, {
      "id" : "s13-t44",
      "begin" : 1212,
      "end" : 1213,
      "text" : ".",
      "whiteSpace" : false
    } ]
  }, {
    "id" : "s14",
    "begin" : 1214,
    "end" : 1237,
    "text" : "WITNESS MY HAND and of?",
    "tokens" : [ {
      "id" : "s14-t0",
      "begin" : 1214,
      "end" : 1221,
      "text" : "WITNESS",
      "whiteSpace" : false
    }, {
      "id" : "s14-t1",
      "begin" : 1222,
      "end" : 1224,
      "text" : "MY",
      "whiteSpace" : false
    }, {
      "id" : "s14-t2",
      "begin" : 1225,
      "end" : 1229,
      "text" : "HAND",
      "whiteSpace" : false
    }, {
      "id" : "s14-t3",
      "begin" : 1230,
      "end" : 1233,
      "text" : "and",
      "whiteSpace" : false
    }, {
      "id" : "s14-t4",
      "begin" : 1234,
      "end" : 1236,
      "text" : "of",
      "whiteSpace" : false
    }, {
      "id" : "s14-t5",
      "begin" : 1236,
      "end" : 1237,
      "text" : "?",
      "whiteSpace" : false
    } ]
  }, {
    "id" : "s15",
    "begin" : 1237,
    "end" : 1255,
    "text" : "??cial seal at of?",
    "tokens" : [ {
      "id" : "s15-t0",
      "begin" : 1237,
      "end" : 1243,
      "text" : "??cial",
      "whiteSpace" : false
    }, {
      "id" : "s15-t1",
      "begin" : 1244,
      "end" : 1248,
      "text" : "seal",
      "whiteSpace" : false
    }, {
      "id" : "s15-t2",
      "begin" : 1249,
      "end" : 1251,
      "text" : "at",
      "whiteSpace" : false
    }, {
      "id" : "s15-t3",
      "begin" : 1252,
      "end" : 1254,
      "text" : "of",
      "whiteSpace" : false
    }, {
      "id" : "s15-t4",
      "begin" : 1254,
      "end" : 1255,
      "text" : "?",
      "whiteSpace" : false
    } ]
  }, {
    "id" : "s16",
    "begin" : 1255,
    "end" : 1303,
    "text" : "??ce in said County this 22nd day of June, 2016.",
    "tokens" : [ {
      "id" : "s16-t0",
      "begin" : 1255,
      "end" : 1259,
      "text" : "??ce",
      "whiteSpace" : false
    }, {
      "id" : "s16-t1",
      "begin" : 1260,
      "end" : 1262,
      "text" : "in",
      "whiteSpace" : false
    }, {
      "id" : "s16-t2",
      "begin" : 1263,
      "end" : 1267,
      "text" : "said",
      "whiteSpace" : false
    }, {
      "id" : "s16-t3",
      "begin" : 1268,
      "end" : 1274,
      "text" : "County",
      "whiteSpace" : false
    }, {
      "id" : "s16-t4",
      "begin" : 1275,
      "end" : 1279,
      "text" : "this",
      "whiteSpace" : false
    }, {
      "id" : "s16-t5",
      "begin" : 1280,
      "end" : 1284,
      "text" : "22nd",
      "whiteSpace" : false
    }, {
      "id" : "s16-t6",
      "begin" : 1285,
      "end" : 1288,
      "text" : "day",
      "whiteSpace" : false
    }, {
      "id" : "s16-t7",
      "begin" : 1289,
      "end" : 1291,
      "text" : "of",
      "whiteSpace" : false
    }, {
      "id" : "s16-t8",
      "begin" : 1292,
      "end" : 1296,
      "text" : "June",
      "whiteSpace" : false
    }, {
      "id" : "s16-t9",
      "begin" : 1296,
      "end" : 1297,
      "text" : ",",
      "whiteSpace" : false
    }, {
      "id" : "s16-t10",
      "begin" : 1298,
      "end" : 1302,
      "text" : "2016",
      "whiteSpace" : false
    }, {
      "id" : "s16-t11",
      "begin" : 1302,
      "end" : 1303,
      "text" : ".",
      "whiteSpace" : false
    } ]
  }, {
    "id" : "s17",
    "begin" : 1304,
    "end" : 1356,
    "text" : "NOTARY PUBLIC My Commission Expires: )3 L HE (i, 10!",
    "tokens" : [ {
      "id" : "s17-t0",
      "begin" : 1304,
      "end" : 1310,
      "text" : "NOTARY",
      "whiteSpace" : false
    }, {
      "id" : "s17-t1",
      "begin" : 1311,
      "end" : 1317,
      "text" : "PUBLIC",
      "whiteSpace" : false
    }, {
      "id" : "s17-t2",
      "begin" : 1318,
      "end" : 1320,
      "text" : "My",
      "whiteSpace" : false
    }, {
      "id" : "s17-t3",
      "begin" : 1321,
      "end" : 1331,
      "text" : "Commission",
      "whiteSpace" : false
    }, {
      "id" : "s17-t4",
      "begin" : 1332,
      "end" : 1339,
      "text" : "Expires",
      "whiteSpace" : false
    }, {
      "id" : "s17-t5",
      "begin" : 1339,
      "end" : 1340,
      "text" : ":",
      "whiteSpace" : false
    }, {
      "id" : "s17-t6",
      "begin" : 1341,
      "end" : 1342,
      "text" : ")",
      "whiteSpace" : false
    }, {
      "id" : "s17-t7",
      "begin" : 1342,
      "end" : 1343,
      "text" : "3",
      "whiteSpace" : false
    }, {
      "id" : "s17-t8",
      "begin" : 1344,
      "end" : 1345,
      "text" : "L",
      "whiteSpace" : false
    }, {
      "id" : "s17-t9",
      "begin" : 1346,
      "end" : 1348,
      "text" : "HE",
      "whiteSpace" : false
    }, {
      "id" : "s17-t10",
      "begin" : 1349,
      "end" : 1350,
      "text" : "(",
      "whiteSpace" : false
    }, {
      "id" : "s17-t11",
      "begin" : 1350,
      "end" : 1351,
      "text" : "i",
      "whiteSpace" : false
    }, {
      "id" : "s17-t12",
      "begin" : 1351,
      "end" : 1352,
      "text" : ",",
      "whiteSpace" : false
    }, {
      "id" : "s17-t13",
      "begin" : 1353,
      "end" : 1355,
      "text" : "10",
      "whiteSpace" : false
    }, {
      "id" : "s17-t14",
      "begin" : 1355,
      "end" : 1356,
      "text" : "!",
      "whiteSpace" : false
    } ]
  }, {
    "id" : "s18",
    "begin" : 1357,
    "end" : 1367,
    "text" : "7 My Comm.",
    "tokens" : [ {
      "id" : "s18-t0",
      "begin" : 1357,
      "end" : 1358,
      "text" : "7",
      "whiteSpace" : false
    }, {
      "id" : "s18-t1",
      "begin" : 1359,
      "end" : 1361,
      "text" : "My",
      "whiteSpace" : false
    }, {
      "id" : "s18-t2",
      "begin" : 1362,
      "end" : 1366,
      "text" : "Comm",
      "whiteSpace" : false
    }, {
      "id" : "s18-t3",
      "begin" : 1366,
      "end" : 1367,
      "text" : ".",
      "whiteSpace" : false
    } ]
  }, {
    "id" : "s19",
    "begin" : 1368,
    "end" : 1372,
    "text" : "Exp.",
    "tokens" : [ {
      "id" : "s19-t0",
      "begin" : 1368,
      "end" : 1371,
      "text" : "Exp",
      "whiteSpace" : false
    }, {
      "id" : "s19-t1",
      "begin" : 1371,
      "end" : 1372,
      "text" : ".",
      "whiteSpace" : false
    } ]
  }, {
    "id" : "s20",
    "begin" : 1373,
    "end" : 1439,
    "text" : "6-19-2017 Book WD202 Page 1875 I AFFIDAVIT l I hereby swear or af?",
    "tokens" : [ {
      "id" : "s20-t0",
      "begin" : 1373,
      "end" : 1382,
      "text" : "6-19-2017",
      "whiteSpace" : false
    }, {
      "id" : "s20-t1",
      "begin" : 1383,
      "end" : 1387,
      "text" : "Book",
      "whiteSpace" : false
    }, {
      "id" : "s20-t2",
      "begin" : 1388,
      "end" : 1393,
      "text" : "WD202",
      "whiteSpace" : false
    }, {
      "id" : "s20-t3",
      "begin" : 1394,
      "end" : 1398,
      "text" : "Page",
      "whiteSpace" : false
    }, {
      "id" : "s20-t4",
      "begin" : 1399,
      "end" : 1403,
      "text" : "1875",
      "whiteSpace" : false
    }, {
      "id" : "s20-t5",
      "begin" : 1404,
      "end" : 1405,
      "text" : "I",
      "whiteSpace" : false
    }, {
      "id" : "s20-t6",
      "begin" : 1406,
      "end" : 1415,
      "text" : "AFFIDAVIT",
      "whiteSpace" : false
    }, {
      "id" : "s20-t7",
      "begin" : 1416,
      "end" : 1417,
      "text" : "l",
      "whiteSpace" : false
    }, {
      "id" : "s20-t8",
      "begin" : 1418,
      "end" : 1419,
      "text" : "I",
      "whiteSpace" : false
    }, {
      "id" : "s20-t9",
      "begin" : 1420,
      "end" : 1426,
      "text" : "hereby",
      "whiteSpace" : false
    }, {
      "id" : "s20-t10",
      "begin" : 1427,
      "end" : 1432,
      "text" : "swear",
      "whiteSpace" : false
    }, {
      "id" : "s20-t11",
      "begin" : 1433,
      "end" : 1435,
      "text" : "or",
      "whiteSpace" : false
    }, {
      "id" : "s20-t12",
      "begin" : 1436,
      "end" : 1438,
      "text" : "af",
      "whiteSpace" : false
    }, {
      "id" : "s20-t13",
      "begin" : 1438,
      "end" : 1439,
      "text" : "?",
      "whiteSpace" : false
    } ]
  }, {
    "id" : "s21",
    "begin" : 1439,
    "end" : 1691,
    "text" : "??rm that the actual consideration for this transfer or the value of the property transferred, whichever is greater, is $169,900.00, which amount is equal to or greater than the amount which the property transferred wo command at a fair voluntary sale.",
    "tokens" : [ {
      "id" : "s21-t0",
      "begin" : 1439,
      "end" : 1443,
      "text" : "??rm",
      "whiteSpace" : false
    }, {
      "id" : "s21-t1",
      "begin" : 1444,
      "end" : 1448,
      "text" : "that",
      "whiteSpace" : false
    }, {
      "id" : "s21-t2",
      "begin" : 1449,
      "end" : 1452,
      "text" : "the",
      "whiteSpace" : false
    }, {
      "id" : "s21-t3",
      "begin" : 1453,
      "end" : 1459,
      "text" : "actual",
      "whiteSpace" : false
    }, {
      "id" : "s21-t4",
      "begin" : 1460,
      "end" : 1473,
      "text" : "consideration",
      "whiteSpace" : false
    }, {
      "id" : "s21-t5",
      "begin" : 1474,
      "end" : 1477,
      "text" : "for",
      "whiteSpace" : false
    }, {
      "id" : "s21-t6",
      "begin" : 1478,
      "end" : 1482,
      "text" : "this",
      "whiteSpace" : false
    }, {
      "id" : "s21-t7",
      "begin" : 1483,
      "end" : 1491,
      "text" : "transfer",
      "whiteSpace" : false
    }, {
      "id" : "s21-t8",
      "begin" : 1492,
      "end" : 1494,
      "text" : "or",
      "whiteSpace" : false
    }, {
      "id" : "s21-t9",
      "begin" : 1495,
      "end" : 1498,
      "text" : "the",
      "whiteSpace" : false
    }, {
      "id" : "s21-t10",
      "begin" : 1499,
      "end" : 1504,
      "text" : "value",
      "whiteSpace" : false
    }, {
      "id" : "s21-t11",
      "begin" : 1505,
      "end" : 1507,
      "text" : "of",
      "whiteSpace" : false
    }, {
      "id" : "s21-t12",
      "begin" : 1508,
      "end" : 1511,
      "text" : "the",
      "whiteSpace" : false
    }, {
      "id" : "s21-t13",
      "begin" : 1512,
      "end" : 1520,
      "text" : "property",
      "whiteSpace" : false
    }, {
      "id" : "s21-t14",
      "begin" : 1521,
      "end" : 1532,
      "text" : "transferred",
      "whiteSpace" : false
    }, {
      "id" : "s21-t15",
      "begin" : 1532,
      "end" : 1533,
      "text" : ",",
      "whiteSpace" : false
    }, {
      "id" : "s21-t16",
      "begin" : 1534,
      "end" : 1543,
      "text" : "whichever",
      "whiteSpace" : false
    }, {
      "id" : "s21-t17",
      "begin" : 1544,
      "end" : 1546,
      "text" : "is",
      "whiteSpace" : false
    }, {
      "id" : "s21-t18",
      "begin" : 1547,
      "end" : 1554,
      "text" : "greater",
      "whiteSpace" : false
    }, {
      "id" : "s21-t19",
      "begin" : 1554,
      "end" : 1555,
      "text" : ",",
      "whiteSpace" : false
    }, {
      "id" : "s21-t20",
      "begin" : 1556,
      "end" : 1558,
      "text" : "is",
      "whiteSpace" : false
    }, {
      "id" : "s21-t21",
      "begin" : 1559,
      "end" : 1560,
      "text" : "$",
      "whiteSpace" : false
    }, {
      "id" : "s21-t22",
      "begin" : 1560,
      "end" : 1570,
      "text" : "169,900.00",
      "whiteSpace" : false
    }, {
      "id" : "s21-t23",
      "begin" : 1570,
      "end" : 1571,
      "text" : ",",
      "whiteSpace" : false
    }, {
      "id" : "s21-t24",
      "begin" : 1572,
      "end" : 1577,
      "text" : "which",
      "whiteSpace" : false
    }, {
      "id" : "s21-t25",
      "begin" : 1578,
      "end" : 1584,
      "text" : "amount",
      "whiteSpace" : false
    }, {
      "id" : "s21-t26",
      "begin" : 1585,
      "end" : 1587,
      "text" : "is",
      "whiteSpace" : false
    }, {
      "id" : "s21-t27",
      "begin" : 1588,
      "end" : 1593,
      "text" : "equal",
      "whiteSpace" : false
    }, {
      "id" : "s21-t28",
      "begin" : 1594,
      "end" : 1596,
      "text" : "to",
      "whiteSpace" : false
    }, {
      "id" : "s21-t29",
      "begin" : 1597,
      "end" : 1599,
      "text" : "or",
      "whiteSpace" : false
    }, {
      "id" : "s21-t30",
      "begin" : 1600,
      "end" : 1607,
      "text" : "greater",
      "whiteSpace" : false
    }, {
      "id" : "s21-t31",
      "begin" : 1608,
      "end" : 1612,
      "text" : "than",
      "whiteSpace" : false
    }, {
      "id" : "s21-t32",
      "begin" : 1613,
      "end" : 1616,
      "text" : "the",
      "whiteSpace" : false
    }, {
      "id" : "s21-t33",
      "begin" : 1617,
      "end" : 1623,
      "text" : "amount",
      "whiteSpace" : false
    }, {
      "id" : "s21-t34",
      "begin" : 1624,
      "end" : 1629,
      "text" : "which",
      "whiteSpace" : false
    }, {
      "id" : "s21-t35",
      "begin" : 1630,
      "end" : 1633,
      "text" : "the",
      "whiteSpace" : false
    }, {
      "id" : "s21-t36",
      "begin" : 1634,
      "end" : 1642,
      "text" : "property",
      "whiteSpace" : false
    }, {
      "id" : "s21-t37",
      "begin" : 1643,
      "end" : 1654,
      "text" : "transferred",
      "whiteSpace" : false
    }, {
      "id" : "s21-t38",
      "begin" : 1655,
      "end" : 1657,
      "text" : "wo",
      "whiteSpace" : false
    }, {
      "id" : "s21-t39",
      "begin" : 1658,
      "end" : 1665,
      "text" : "command",
      "whiteSpace" : false
    }, {
      "id" : "s21-t40",
      "begin" : 1666,
      "end" : 1668,
      "text" : "at",
      "whiteSpace" : false
    }, {
      "id" : "s21-t41",
      "begin" : 1669,
      "end" : 1670,
      "text" : "a",
      "whiteSpace" : false
    }, {
      "id" : "s21-t42",
      "begin" : 1671,
      "end" : 1675,
      "text" : "fair",
      "whiteSpace" : false
    }, {
      "id" : "s21-t43",
      "begin" : 1676,
      "end" : 1685,
      "text" : "voluntary",
      "whiteSpace" : false
    }, {
      "id" : "s21-t44",
      "begin" : 1686,
      "end" : 1690,
      "text" : "sale",
      "whiteSpace" : false
    }, {
      "id" : "s21-t45",
      "begin" : 1690,
      "end" : 1691,
      "text" : ".",
      "whiteSpace" : false
    } ]
  }, {
    "id" : "s22",
    "begin" : 1692,
    "end" : 1697,
    "text" : "Emmy?",
    "tokens" : [ {
      "id" : "s22-t0",
      "begin" : 1692,
      "end" : 1696,
      "text" : "Emmy",
      "whiteSpace" : false
    }, {
      "id" : "s22-t1",
      "begin" : 1696,
      "end" : 1697,
      "text" : "?",
      "whiteSpace" : false
    } ]
  }, {
    "id" : "s23",
    "begin" : 1698,
    "end" : 1761,
    "text" : "AFFlANT Sworn to and subscribed to bef - ' 11 day of June 2016.",
    "tokens" : [ {
      "id" : "s23-t0",
      "begin" : 1698,
      "end" : 1705,
      "text" : "AFFlANT",
      "whiteSpace" : false
    }, {
      "id" : "s23-t1",
      "begin" : 1706,
      "end" : 1711,
      "text" : "Sworn",
      "whiteSpace" : false
    }, {
      "id" : "s23-t2",
      "begin" : 1712,
      "end" : 1714,
      "text" : "to",
      "whiteSpace" : false
    }, {
      "id" : "s23-t3",
      "begin" : 1715,
      "end" : 1718,
      "text" : "and",
      "whiteSpace" : false
    }, {
      "id" : "s23-t4",
      "begin" : 1719,
      "end" : 1729,
      "text" : "subscribed",
      "whiteSpace" : false
    }, {
      "id" : "s23-t5",
      "begin" : 1730,
      "end" : 1732,
      "text" : "to",
      "whiteSpace" : false
    }, {
      "id" : "s23-t6",
      "begin" : 1733,
      "end" : 1736,
      "text" : "bef",
      "whiteSpace" : false
    }, {
      "id" : "s23-t7",
      "begin" : 1737,
      "end" : 1738,
      "text" : "-",
      "whiteSpace" : false
    }, {
      "id" : "s23-t8",
      "begin" : 1739,
      "end" : 1740,
      "text" : "'",
      "whiteSpace" : false
    }, {
      "id" : "s23-t9",
      "begin" : 1741,
      "end" : 1743,
      "text" : "11",
      "whiteSpace" : false
    }, {
      "id" : "s23-t10",
      "begin" : 1744,
      "end" : 1747,
      "text" : "day",
      "whiteSpace" : false
    }, {
      "id" : "s23-t11",
      "begin" : 1748,
      "end" : 1750,
      "text" : "of",
      "whiteSpace" : false
    }, {
      "id" : "s23-t12",
      "begin" : 1751,
      "end" : 1755,
      "text" : "June",
      "whiteSpace" : false
    }, {
      "id" : "s23-t13",
      "begin" : 1756,
      "end" : 1760,
      "text" : "2016",
      "whiteSpace" : false
    }, {
      "id" : "s23-t14",
      "begin" : 1760,
      "end" : 1761,
      "text" : ".",
      "whiteSpace" : false
    } ]
  }, {
    "id" : "s24",
    "begin" : 1762,
    "end" : 1771,
    "text" : "@00A 0. ?",
    "tokens" : [ {
      "id" : "s24-t0",
      "begin" : 1762,
      "end" : 1766,
      "text" : "@00A",
      "whiteSpace" : false
    }, {
      "id" : "s24-t1",
      "begin" : 1767,
      "end" : 1768,
      "text" : "0",
      "whiteSpace" : false
    }, {
      "id" : "s24-t2",
      "begin" : 1768,
      "end" : 1769,
      "text" : ".",
      "whiteSpace" : false
    }, {
      "id" : "s24-t3",
      "begin" : 1770,
      "end" : 1771,
      "text" : "?",
      "whiteSpace" : false
    } ]
  }, {
    "id" : "s25",
    "begin" : 1771,
    "end" : 1813,
    "text" : "??0/ a jo 0: STATE 6% orSQY PUBLIC @252???",
    "tokens" : [ {
      "id" : "s25-t0",
      "begin" : 1771,
      "end" : 1774,
      "text" : "??0",
      "whiteSpace" : false
    }, {
      "id" : "s25-t1",
      "begin" : 1774,
      "end" : 1775,
      "text" : "/",
      "whiteSpace" : false
    }, {
      "id" : "s25-t2",
      "begin" : 1776,
      "end" : 1777,
      "text" : "a",
      "whiteSpace" : false
    }, {
      "id" : "s25-t3",
      "begin" : 1778,
      "end" : 1780,
      "text" : "jo",
      "whiteSpace" : false
    }, {
      "id" : "s25-t4",
      "begin" : 1781,
      "end" : 1782,
      "text" : "0",
      "whiteSpace" : false
    }, {
      "id" : "s25-t5",
      "begin" : 1782,
      "end" : 1783,
      "text" : ":",
      "whiteSpace" : false
    }, {
      "id" : "s25-t6",
      "begin" : 1784,
      "end" : 1789,
      "text" : "STATE",
      "whiteSpace" : false
    }, {
      "id" : "s25-t7",
      "begin" : 1790,
      "end" : 1791,
      "text" : "6",
      "whiteSpace" : false
    }, {
      "id" : "s25-t8",
      "begin" : 1791,
      "end" : 1792,
      "text" : "%",
      "whiteSpace" : false
    }, {
      "id" : "s25-t9",
      "begin" : 1793,
      "end" : 1798,
      "text" : "orSQY",
      "whiteSpace" : false
    }, {
      "id" : "s25-t10",
      "begin" : 1799,
      "end" : 1805,
      "text" : "PUBLIC",
      "whiteSpace" : false
    }, {
      "id" : "s25-t11",
      "begin" : 1806,
      "end" : 1810,
      "text" : "@252",
      "whiteSpace" : false
    }, {
      "id" : "s25-t12",
      "begin" : 1810,
      "end" : 1812,
      "text" : "??",
      "whiteSpace" : false
    }, {
      "id" : "s25-t13",
      "begin" : 1812,
      "end" : 1813,
      "text" : "?",
      "whiteSpace" : false
    } ]
  }, {
    "id" : "s26",
    "begin" : 1814,
    "end" : 1840,
    "text" : "m My Commrssron Expires: ?",
    "tokens" : [ {
      "id" : "s26-t0",
      "begin" : 1814,
      "end" : 1815,
      "text" : "m",
      "whiteSpace" : false
    }, {
      "id" : "s26-t1",
      "begin" : 1816,
      "end" : 1818,
      "text" : "My",
      "whiteSpace" : false
    }, {
      "id" : "s26-t2",
      "begin" : 1819,
      "end" : 1829,
      "text" : "Commrssron",
      "whiteSpace" : false
    }, {
      "id" : "s26-t3",
      "begin" : 1830,
      "end" : 1837,
      "text" : "Expires",
      "whiteSpace" : false
    }, {
      "id" : "s26-t4",
      "begin" : 1837,
      "end" : 1838,
      "text" : ":",
      "whiteSpace" : false
    }, {
      "id" : "s26-t5",
      "begin" : 1839,
      "end" : 1840,
      "text" : "?",
      "whiteSpace" : false
    } ]
  }, {
    "id" : "s27",
    "begin" : 1840,
    "end" : 1842,
    "text" : "??",
    "tokens" : [ {
      "id" : "s27-t0",
      "begin" : 1840,
      "end" : 1841,
      "text" : "?",
      "whiteSpace" : false
    }, {
      "id" : "s27-t1",
      "begin" : 1841,
      "end" : 1842,
      "text" : "?",
      "whiteSpace" : false
    } ]
  }, {
    "id" : "s28",
    "begin" : 1843,
    "end" : 1901,
    "text" : "4/ o 2} OF mete ************************************* COW!",
    "tokens" : [ {
      "id" : "s28-t0",
      "begin" : 1843,
      "end" : 1844,
      "text" : "4",
      "whiteSpace" : false
    }, {
      "id" : "s28-t1",
      "begin" : 1844,
      "end" : 1845,
      "text" : "/",
      "whiteSpace" : false
    }, {
      "id" : "s28-t2",
      "begin" : 1846,
      "end" : 1847,
      "text" : "o",
      "whiteSpace" : false
    }, {
      "id" : "s28-t3",
      "begin" : 1848,
      "end" : 1849,
      "text" : "2",
      "whiteSpace" : false
    }, {
      "id" : "s28-t4",
      "begin" : 1849,
      "end" : 1850,
      "text" : "}",
      "whiteSpace" : false
    }, {
      "id" : "s28-t5",
      "begin" : 1851,
      "end" : 1853,
      "text" : "OF",
      "whiteSpace" : false
    }, {
      "id" : "s28-t6",
      "begin" : 1854,
      "end" : 1858,
      "text" : "mete",
      "whiteSpace" : false
    }, {
      "id" : "s28-t7",
      "begin" : 1859,
      "end" : 1896,
      "text" : "*************************************",
      "whiteSpace" : false
    }, {
      "id" : "s28-t8",
      "begin" : 1897,
      "end" : 1900,
      "text" : "COW",
      "whiteSpace" : false
    }, {
      "id" : "s28-t9",
      "begin" : 1900,
      "end" : 1901,
      "text" : "!",
      "whiteSpace" : false
    } ]
  }, {
    "id" : "s29",
    "begin" : 1901,
    "end" : 1917,
    "text" : ") -EXp.Jan2620 .",
    "tokens" : [ {
      "id" : "s29-t0",
      "begin" : 1901,
      "end" : 1902,
      "text" : ")",
      "whiteSpace" : false
    }, {
      "id" : "s29-t1",
      "begin" : 1903,
      "end" : 1915,
      "text" : "-EXp.Jan2620",
      "whiteSpace" : false
    }, {
      "id" : "s29-t2",
      "begin" : 1916,
      "end" : 1917,
      "text" : ".",
      "whiteSpace" : false
    } ]
  }, {
    "id" : "s30",
    "begin" : 1918,
    "end" : 1993,
    "text" : "20 Tax Map 050 Parcel No. 070.00 Lee Mathis, Trustee et a1 m (UNA A???VSEY.",
    "tokens" : [ {
      "id" : "s30-t0",
      "begin" : 1918,
      "end" : 1920,
      "text" : "20",
      "whiteSpace" : false
    }, {
      "id" : "s30-t1",
      "begin" : 1921,
      "end" : 1924,
      "text" : "Tax",
      "whiteSpace" : false
    }, {
      "id" : "s30-t2",
      "begin" : 1925,
      "end" : 1928,
      "text" : "Map",
      "whiteSpace" : false
    }, {
      "id" : "s30-t3",
      "begin" : 1929,
      "end" : 1932,
      "text" : "050",
      "whiteSpace" : false
    }, {
      "id" : "s30-t4",
      "begin" : 1933,
      "end" : 1939,
      "text" : "Parcel",
      "whiteSpace" : false
    }, {
      "id" : "s30-t5",
      "begin" : 1940,
      "end" : 1943,
      "text" : "No.",
      "whiteSpace" : false
    }, {
      "id" : "s30-t6",
      "begin" : 1944,
      "end" : 1950,
      "text" : "070.00",
      "whiteSpace" : false
    }, {
      "id" : "s30-t7",
      "begin" : 1951,
      "end" : 1954,
      "text" : "Lee",
      "whiteSpace" : false
    }, {
      "id" : "s30-t8",
      "begin" : 1955,
      "end" : 1961,
      "text" : "Mathis",
      "whiteSpace" : false
    }, {
      "id" : "s30-t9",
      "begin" : 1961,
      "end" : 1962,
      "text" : ",",
      "whiteSpace" : false
    }, {
      "id" : "s30-t10",
      "begin" : 1963,
      "end" : 1970,
      "text" : "Trustee",
      "whiteSpace" : false
    }, {
      "id" : "s30-t11",
      "begin" : 1971,
      "end" : 1973,
      "text" : "et",
      "whiteSpace" : false
    }, {
      "id" : "s30-t12",
      "begin" : 1974,
      "end" : 1976,
      "text" : "a1",
      "whiteSpace" : false
    }, {
      "id" : "s30-t13",
      "begin" : 1977,
      "end" : 1978,
      "text" : "m",
      "whiteSpace" : false
    }, {
      "id" : "s30-t14",
      "begin" : 1979,
      "end" : 1980,
      "text" : "(",
      "whiteSpace" : false
    }, {
      "id" : "s30-t15",
      "begin" : 1980,
      "end" : 1983,
      "text" : "UNA",
      "whiteSpace" : false
    }, {
      "id" : "s30-t16",
      "begin" : 1984,
      "end" : 1992,
      "text" : "A???VSEY",
      "whiteSpace" : false
    }, {
      "id" : "s30-t17",
      "begin" : 1992,
      "end" : 1993,
      "text" : ".",
      "whiteSpace" : false
    } ]
  }, {
    "id" : "s31",
    "begin" : 1994,
    "end" : 2015,
    "text" : "W} Book WD202 Page 18",
    "tokens" : [ {
      "id" : "s31-t0",
      "begin" : 1994,
      "end" : 1995,
      "text" : "W",
      "whiteSpace" : false
    }, {
      "id" : "s31-t1",
      "begin" : 1995,
      "end" : 1996,
      "text" : "}",
      "whiteSpace" : false
    }, {
      "id" : "s31-t2",
      "begin" : 1997,
      "end" : 2001,
      "text" : "Book",
      "whiteSpace" : false
    }, {
      "id" : "s31-t3",
      "begin" : 2002,
      "end" : 2007,
      "text" : "WD202",
      "whiteSpace" : false
    }, {
      "id" : "s31-t4",
      "begin" : 2008,
      "end" : 2012,
      "text" : "Page",
      "whiteSpace" : false
    }, {
      "id" : "s31-t5",
      "begin" : 2013,
      "end" : 2015,
      "text" : "18",
      "whiteSpace" : false
    } ]
  } ],
  "mentions" : [ {
    "id" : "s0-m1",
    "properties" : {
      "SIRE_MENTION_ROLE" : "WarrDeedBookNum",
      "SIRE_ENTITY_SUBTYPE" : "NONE",
      "SIRE_MENTION_TYPE" : "NONE",
      "SIRE_MENTION_CLASS" : "SPC"
    },
    "type" : "WarrDeedBookNum",
    "begin" : 202,
    "end" : 205,
    "inCoref" : false
  }, {
    "id" : "s0-m2",
    "properties" : {
      "SIRE_MENTION_ROLE" : "WarrDeedPageNum",
      "SIRE_ENTITY_SUBTYPE" : "NONE",
      "SIRE_MENTION_TYPE" : "NONE",
      "SIRE_MENTION_CLASS" : "SPC"
    },
    "type" : "WarrDeedPageNum",
    "begin" : 212,
    "end" : 215,
    "inCoref" : false
  } ],
  "relations" : [ ],
  "corefs" : [ ],
  "typeResolved" : true,
  "userResolved" : false
}