{
  "id" : "977b2880-54dc-11e9-b3f1-919b26b254ae-3",
  "name" : "WD177-1365.txt",
  "createdDate" : 0,
  "version" : 3,
  "text" : " in all 1,060.63 ft. to the point of beginning, containing an area by computation of 3.00 acres. Survey made by Thomas C. White &amp; Associates, Waverly, Tennessee. All bearings given in reference to Magnetic meridian, approximate declination at time of survey 1 degree 28' East., BEING the same property conveyed to John Tinnell et ux, Grace Tinnell by deed of record in Deed Book 170, page 781, Register???s Of???ce of Humphreys County, Tennessee., 277%]\n",
  "docLength" : 0,
  "language" : "EN",
  "status" : "SUBMITTED",
  "modifiedDate" : 1554166468098,
  "documentSet" : [ ],
  "preannotation" : [ ],
  "sentences" : [ {
    "id" : "s0",
    "begin" : 1,
    "end" : 96,
    "text" : "in all 1,060.63 ft. to the point of beginning, containing an area by computation of 3.00 acres.",
    "tokens" : [ {
      "id" : "s0-t0",
      "begin" : 1,
      "end" : 3,
      "text" : "in",
      "whiteSpace" : false
    }, {
      "id" : "s0-t1",
      "begin" : 4,
      "end" : 7,
      "text" : "all",
      "whiteSpace" : false
    }, {
      "id" : "s0-t2",
      "begin" : 8,
      "end" : 16,
      "text" : "1,060.63",
      "whiteSpace" : false
    }, {
      "id" : "s0-t3",
      "begin" : 17,
      "end" : 20,
      "text" : "ft.",
      "whiteSpace" : false
    }, {
      "id" : "s0-t4",
      "begin" : 21,
      "end" : 23,
      "text" : "to",
      "whiteSpace" : false
    }, {
      "id" : "s0-t5",
      "begin" : 24,
      "end" : 27,
      "text" : "the",
      "whiteSpace" : false
    }, {
      "id" : "s0-t6",
      "begin" : 28,
      "end" : 33,
      "text" : "point",
      "whiteSpace" : false
    }, {
      "id" : "s0-t7",
      "begin" : 34,
      "end" : 36,
      "text" : "of",
      "whiteSpace" : false
    }, {
      "id" : "s0-t8",
      "begin" : 37,
      "end" : 46,
      "text" : "beginning",
      "whiteSpace" : false
    }, {
      "id" : "s0-t9",
      "begin" : 46,
      "end" : 47,
      "text" : ",",
      "whiteSpace" : false
    }, {
      "id" : "s0-t10",
      "begin" : 48,
      "end" : 58,
      "text" : "containing",
      "whiteSpace" : false
    }, {
      "id" : "s0-t11",
      "begin" : 59,
      "end" : 61,
      "text" : "an",
      "whiteSpace" : false
    }, {
      "id" : "s0-t12",
      "begin" : 62,
      "end" : 66,
      "text" : "area",
      "whiteSpace" : false
    }, {
      "id" : "s0-t13",
      "begin" : 67,
      "end" : 69,
      "text" : "by",
      "whiteSpace" : false
    }, {
      "id" : "s0-t14",
      "begin" : 70,
      "end" : 81,
      "text" : "computation",
      "whiteSpace" : false
    }, {
      "id" : "s0-t15",
      "begin" : 82,
      "end" : 84,
      "text" : "of",
      "whiteSpace" : false
    }, {
      "id" : "s0-t16",
      "begin" : 85,
      "end" : 89,
      "text" : "3.00",
      "whiteSpace" : false
    }, {
      "id" : "s0-t17",
      "begin" : 90,
      "end" : 95,
      "text" : "acres",
      "whiteSpace" : false
    }, {
      "id" : "s0-t18",
      "begin" : 95,
      "end" : 96,
      "text" : ".",
      "whiteSpace" : false
    } ]
  }, {
    "id" : "s1",
    "begin" : 97,
    "end" : 165,
    "text" : "Survey made by Thomas C. White &amp; Associates, Waverly, Tennessee.",
    "tokens" : [ {
      "id" : "s1-t0",
      "begin" : 97,
      "end" : 103,
      "text" : "Survey",
      "whiteSpace" : false
    }, {
      "id" : "s1-t1",
      "begin" : 104,
      "end" : 108,
      "text" : "made",
      "whiteSpace" : false
    }, {
      "id" : "s1-t2",
      "begin" : 109,
      "end" : 111,
      "text" : "by",
      "whiteSpace" : false
    }, {
      "id" : "s1-t3",
      "begin" : 112,
      "end" : 118,
      "text" : "Thomas",
      "whiteSpace" : false
    }, {
      "id" : "s1-t4",
      "begin" : 119,
      "end" : 121,
      "text" : "C.",
      "whiteSpace" : false
    }, {
      "id" : "s1-t5",
      "begin" : 122,
      "end" : 127,
      "text" : "White",
      "whiteSpace" : false
    }, {
      "id" : "s1-t6",
      "begin" : 128,
      "end" : 133,
      "text" : "&amp;",
      "whiteSpace" : false
    }, {
      "id" : "s1-t7",
      "begin" : 134,
      "end" : 144,
      "text" : "Associates",
      "whiteSpace" : false
    }, {
      "id" : "s1-t8",
      "begin" : 144,
      "end" : 145,
      "text" : ",",
      "whiteSpace" : false
    }, {
      "id" : "s1-t9",
      "begin" : 146,
      "end" : 153,
      "text" : "Waverly",
      "whiteSpace" : false
    }, {
      "id" : "s1-t10",
      "begin" : 153,
      "end" : 154,
      "text" : ",",
      "whiteSpace" : false
    }, {
      "id" : "s1-t11",
      "begin" : 155,
      "end" : 164,
      "text" : "Tennessee",
      "whiteSpace" : false
    }, {
      "id" : "s1-t12",
      "begin" : 164,
      "end" : 165,
      "text" : ".",
      "whiteSpace" : false
    } ]
  }, {
    "id" : "s2",
    "begin" : 166,
    "end" : 407,
    "text" : "All bearings given in reference to Magnetic meridian, approximate declination at time of survey 1 degree 28' East., BEING the same property conveyed to John Tinnell et ux, Grace Tinnell by deed of record in Deed Book 170, page 781, Register?",
    "tokens" : [ {
      "id" : "s2-t0",
      "begin" : 166,
      "end" : 169,
      "text" : "All",
      "whiteSpace" : false
    }, {
      "id" : "s2-t1",
      "begin" : 170,
      "end" : 178,
      "text" : "bearings",
      "whiteSpace" : false
    }, {
      "id" : "s2-t2",
      "begin" : 179,
      "end" : 184,
      "text" : "given",
      "whiteSpace" : false
    }, {
      "id" : "s2-t3",
      "begin" : 185,
      "end" : 187,
      "text" : "in",
      "whiteSpace" : false
    }, {
      "id" : "s2-t4",
      "begin" : 188,
      "end" : 197,
      "text" : "reference",
      "whiteSpace" : false
    }, {
      "id" : "s2-t5",
      "begin" : 198,
      "end" : 200,
      "text" : "to",
      "whiteSpace" : false
    }, {
      "id" : "s2-t6",
      "begin" : 201,
      "end" : 209,
      "text" : "Magnetic",
      "whiteSpace" : false
    }, {
      "id" : "s2-t7",
      "begin" : 210,
      "end" : 218,
      "text" : "meridian",
      "whiteSpace" : false
    }, {
      "id" : "s2-t8",
      "begin" : 218,
      "end" : 219,
      "text" : ",",
      "whiteSpace" : false
    }, {
      "id" : "s2-t9",
      "begin" : 220,
      "end" : 231,
      "text" : "approximate",
      "whiteSpace" : false
    }, {
      "id" : "s2-t10",
      "begin" : 232,
      "end" : 243,
      "text" : "declination",
      "whiteSpace" : false
    }, {
      "id" : "s2-t11",
      "begin" : 244,
      "end" : 246,
      "text" : "at",
      "whiteSpace" : false
    }, {
      "id" : "s2-t12",
      "begin" : 247,
      "end" : 251,
      "text" : "time",
      "whiteSpace" : false
    }, {
      "id" : "s2-t13",
      "begin" : 252,
      "end" : 254,
      "text" : "of",
      "whiteSpace" : false
    }, {
      "id" : "s2-t14",
      "begin" : 255,
      "end" : 261,
      "text" : "survey",
      "whiteSpace" : false
    }, {
      "id" : "s2-t15",
      "begin" : 262,
      "end" : 263,
      "text" : "1",
      "whiteSpace" : false
    }, {
      "id" : "s2-t16",
      "begin" : 264,
      "end" : 270,
      "text" : "degree",
      "whiteSpace" : false
    }, {
      "id" : "s2-t17",
      "begin" : 271,
      "end" : 273,
      "text" : "28",
      "whiteSpace" : false
    }, {
      "id" : "s2-t18",
      "begin" : 273,
      "end" : 274,
      "text" : "'",
      "whiteSpace" : false
    }, {
      "id" : "s2-t19",
      "begin" : 275,
      "end" : 280,
      "text" : "East.",
      "whiteSpace" : false
    }, {
      "id" : "s2-t20",
      "begin" : 280,
      "end" : 281,
      "text" : ",",
      "whiteSpace" : false
    }, {
      "id" : "s2-t21",
      "begin" : 282,
      "end" : 287,
      "text" : "BEING",
      "whiteSpace" : false
    }, {
      "id" : "s2-t22",
      "begin" : 288,
      "end" : 291,
      "text" : "the",
      "whiteSpace" : false
    }, {
      "id" : "s2-t23",
      "begin" : 292,
      "end" : 296,
      "text" : "same",
      "whiteSpace" : false
    }, {
      "id" : "s2-t24",
      "begin" : 297,
      "end" : 305,
      "text" : "property",
      "whiteSpace" : false
    }, {
      "id" : "s2-t25",
      "begin" : 306,
      "end" : 314,
      "text" : "conveyed",
      "whiteSpace" : false
    }, {
      "id" : "s2-t26",
      "begin" : 315,
      "end" : 317,
      "text" : "to",
      "whiteSpace" : false
    }, {
      "id" : "s2-t27",
      "begin" : 318,
      "end" : 322,
      "text" : "John",
      "whiteSpace" : false
    }, {
      "id" : "s2-t28",
      "begin" : 323,
      "end" : 330,
      "text" : "Tinnell",
      "whiteSpace" : false
    }, {
      "id" : "s2-t29",
      "begin" : 331,
      "end" : 333,
      "text" : "et",
      "whiteSpace" : false
    }, {
      "id" : "s2-t30",
      "begin" : 334,
      "end" : 336,
      "text" : "ux",
      "whiteSpace" : false
    }, {
      "id" : "s2-t31",
      "begin" : 336,
      "end" : 337,
      "text" : ",",
      "whiteSpace" : false
    }, {
      "id" : "s2-t32",
      "begin" : 338,
      "end" : 343,
      "text" : "Grace",
      "whiteSpace" : false
    }, {
      "id" : "s2-t33",
      "begin" : 344,
      "end" : 351,
      "text" : "Tinnell",
      "whiteSpace" : false
    }, {
      "id" : "s2-t34",
      "begin" : 352,
      "end" : 354,
      "text" : "by",
      "whiteSpace" : false
    }, {
      "id" : "s2-t35",
      "begin" : 355,
      "end" : 359,
      "text" : "deed",
      "whiteSpace" : false
    }, {
      "id" : "s2-t36",
      "begin" : 360,
      "end" : 362,
      "text" : "of",
      "whiteSpace" : false
    }, {
      "id" : "s2-t37",
      "begin" : 363,
      "end" : 369,
      "text" : "record",
      "whiteSpace" : false
    }, {
      "id" : "s2-t38",
      "begin" : 370,
      "end" : 372,
      "text" : "in",
      "whiteSpace" : false
    }, {
      "id" : "s2-t39",
      "begin" : 373,
      "end" : 377,
      "text" : "Deed",
      "whiteSpace" : false
    }, {
      "id" : "s2-t40",
      "begin" : 378,
      "end" : 382,
      "text" : "Book",
      "whiteSpace" : false
    }, {
      "id" : "s2-t41",
      "begin" : 383,
      "end" : 386,
      "text" : "170",
      "whiteSpace" : false
    }, {
      "id" : "s2-t42",
      "begin" : 386,
      "end" : 387,
      "text" : ",",
      "whiteSpace" : false
    }, {
      "id" : "s2-t43",
      "begin" : 388,
      "end" : 392,
      "text" : "page",
      "whiteSpace" : false
    }, {
      "id" : "s2-t44",
      "begin" : 393,
      "end" : 396,
      "text" : "781",
      "whiteSpace" : false
    }, {
      "id" : "s2-t45",
      "begin" : 396,
      "end" : 397,
      "text" : ",",
      "whiteSpace" : false
    }, {
      "id" : "s2-t46",
      "begin" : 398,
      "end" : 406,
      "text" : "Register",
      "whiteSpace" : false
    }, {
      "id" : "s2-t47",
      "begin" : 406,
      "end" : 407,
      "text" : "?",
      "whiteSpace" : false
    } ]
  }, {
    "id" : "s3",
    "begin" : 407,
    "end" : 414,
    "text" : "??s Of?",
    "tokens" : [ {
      "id" : "s3-t0",
      "begin" : 407,
      "end" : 410,
      "text" : "??s",
      "whiteSpace" : false
    }, {
      "id" : "s3-t1",
      "begin" : 411,
      "end" : 413,
      "text" : "Of",
      "whiteSpace" : false
    }, {
      "id" : "s3-t2",
      "begin" : 413,
      "end" : 414,
      "text" : "?",
      "whiteSpace" : false
    } ]
  }, {
    "id" : "s4",
    "begin" : 414,
    "end" : 457,
    "text" : "??ce of Humphreys County, Tennessee., 277%]",
    "tokens" : [ {
      "id" : "s4-t0",
      "begin" : 414,
      "end" : 418,
      "text" : "??ce",
      "whiteSpace" : false
    }, {
      "id" : "s4-t1",
      "begin" : 419,
      "end" : 421,
      "text" : "of",
      "whiteSpace" : false
    }, {
      "id" : "s4-t2",
      "begin" : 422,
      "end" : 431,
      "text" : "Humphreys",
      "whiteSpace" : false
    }, {
      "id" : "s4-t3",
      "begin" : 432,
      "end" : 438,
      "text" : "County",
      "whiteSpace" : false
    }, {
      "id" : "s4-t4",
      "begin" : 438,
      "end" : 439,
      "text" : ",",
      "whiteSpace" : false
    }, {
      "id" : "s4-t5",
      "begin" : 440,
      "end" : 450,
      "text" : "Tennessee.",
      "whiteSpace" : false
    }, {
      "id" : "s4-t6",
      "begin" : 450,
      "end" : 451,
      "text" : ",",
      "whiteSpace" : false
    }, {
      "id" : "s4-t7",
      "begin" : 452,
      "end" : 455,
      "text" : "277",
      "whiteSpace" : false
    }, {
      "id" : "s4-t8",
      "begin" : 455,
      "end" : 456,
      "text" : "%",
      "whiteSpace" : false
    }, {
      "id" : "s4-t9",
      "begin" : 456,
      "end" : 457,
      "text" : "]",
      "whiteSpace" : false
    } ]
  } ],
  "mentions" : [ {
    "id" : "s2-m1",
    "properties" : {
      "SIRE_MENTION_ROLE" : "WarrDeedBookNum",
      "SIRE_ENTITY_SUBTYPE" : "NONE",
      "SIRE_MENTION_TYPE" : "NONE",
      "SIRE_MENTION_CLASS" : "SPC"
    },
    "type" : "WarrDeedBookNum",
    "begin" : 383,
    "end" : 386,
    "inCoref" : false
  }, {
    "id" : "s2-m2",
    "properties" : {
      "SIRE_MENTION_ROLE" : "WarrDeedPageNum",
      "SIRE_ENTITY_SUBTYPE" : "NONE",
      "SIRE_MENTION_TYPE" : "NONE",
      "SIRE_MENTION_CLASS" : "SPC"
    },
    "type" : "WarrDeedPageNum",
    "begin" : 393,
    "end" : 396,
    "inCoref" : false
  } ],
  "relations" : [ ],
  "corefs" : [ ],
  "typeResolved" : true,
  "userResolved" : false
}