{
  "id" : "977b2880-54dc-11e9-b3f1-919b26b254ae-17",
  "name" : "WD207-712.txt",
  "createdDate" : 0,
  "version" : 3,
  "text" : " Being the same property conveyed to Jesse I. Turner and wife, Louise Turner, by Tennessee. Book WD207 Page 713 TRACT NO. 2: Lying and being in the Second Civil District of Humphreys County, Tennessee, about one mile north of Waverly, on the east side of the Highway #13, and bounded and described as follows: BEGINNING at a stake in the east margin of Highway #13 right???of-way, the same Summers, Collier heirs and Jesse I. Turner; thence in a northern direction with Jesse in a western direction with Turner's line 210 feet (approximately) to a stake in the east margin of Highway #13 right-of-way, another of Turner's corners; thence with the east margin of Highway #13 right-of-way in a southern direction approximately 210 feet to the beginning. Being the same property conveyed to Jesse I. Turner and wife, Katie L. Turner, by deed of record in Deed Book 101, page 242, Register??? s Of???ce of Humphreys County, TRACT NO. 3: About one mile north of Waverly, Tennessee, on the east side of Highway No. 13 in the Second Civil District of the aforementioned county and state, bounded as follows, BEGINNING at a black oak, the same being the SEC. of my Carnell tract, running thence East 70 yards to a stake with small hickory pointers; thence south 70 yards to north 70 yards to the beginning, by estimation one acre more or less. Being the same property conveyed to Jessie I. Turner and wife, Louise Turner, by deed of record in Deed Book 101, page 244, Register???s Of???ce of Humphreys County, Jesse I. Turner (being one and the same person as Jessie I. Turner) died January 17, 2005, thereby vesting title in each tract in Louise Turner (being one and the same Af???davit of Heirship of record in Deed Book a O L, page 1 l D , Register???s Of???ce of Humphreys County, Tennessee. TO HAVE AND TO HOLD the said tract or parcel of land, with the appurtenances, estate, title, and interest thereto belonging, to the said Grantees, as joint tenants with right of survivorship and not as tenants in common, their heirs and assigns, forever. Grantors covenant with the said Grantees that Grantors are lawfully seized and possessed of said land in Fee Simple, have a good right to convey it, and the same is unencumbered except for the lien of the ad valorem real property taxes assessed and levied on the property by Humphreys County, Tennessee for the year 2019 which will be prorated as of this date and paid by the Grantee when due. Grantors further covenant and bind themselves, their heirs and representatives, to warrant Book WD207 Page 714 and forever defend the title to said land to the said Grantees, their heirs and assigns, against the lawful claims of all persons whomsoever. IN WITNESS WHEREOF, Grantors have executed this instrument on this 2",
  "docLength" : 0,
  "language" : "EN",
  "status" : "SUBMITTED",
  "modifiedDate" : 1554166451771,
  "documentSet" : [ ],
  "preannotation" : [ ],
  "sentences" : [ {
    "id" : "s0",
    "begin" : 1,
    "end" : 91,
    "text" : "Being the same property conveyed to Jesse I. Turner and wife, Louise Turner, by Tennessee.",
    "tokens" : [ {
      "id" : "s0-t0",
      "begin" : 1,
      "end" : 6,
      "text" : "Being",
      "whiteSpace" : false
    }, {
      "id" : "s0-t1",
      "begin" : 7,
      "end" : 10,
      "text" : "the",
      "whiteSpace" : false
    }, {
      "id" : "s0-t2",
      "begin" : 11,
      "end" : 15,
      "text" : "same",
      "whiteSpace" : false
    }, {
      "id" : "s0-t3",
      "begin" : 16,
      "end" : 24,
      "text" : "property",
      "whiteSpace" : false
    }, {
      "id" : "s0-t4",
      "begin" : 25,
      "end" : 33,
      "text" : "conveyed",
      "whiteSpace" : false
    }, {
      "id" : "s0-t5",
      "begin" : 34,
      "end" : 36,
      "text" : "to",
      "whiteSpace" : false
    }, {
      "id" : "s0-t6",
      "begin" : 37,
      "end" : 42,
      "text" : "Jesse",
      "whiteSpace" : false
    }, {
      "id" : "s0-t7",
      "begin" : 43,
      "end" : 45,
      "text" : "I.",
      "whiteSpace" : false
    }, {
      "id" : "s0-t8",
      "begin" : 46,
      "end" : 52,
      "text" : "Turner",
      "whiteSpace" : false
    }, {
      "id" : "s0-t9",
      "begin" : 53,
      "end" : 56,
      "text" : "and",
      "whiteSpace" : false
    }, {
      "id" : "s0-t10",
      "begin" : 57,
      "end" : 61,
      "text" : "wife",
      "whiteSpace" : false
    }, {
      "id" : "s0-t11",
      "begin" : 61,
      "end" : 62,
      "text" : ",",
      "whiteSpace" : false
    }, {
      "id" : "s0-t12",
      "begin" : 63,
      "end" : 69,
      "text" : "Louise",
      "whiteSpace" : false
    }, {
      "id" : "s0-t13",
      "begin" : 70,
      "end" : 76,
      "text" : "Turner",
      "whiteSpace" : false
    }, {
      "id" : "s0-t14",
      "begin" : 76,
      "end" : 77,
      "text" : ",",
      "whiteSpace" : false
    }, {
      "id" : "s0-t15",
      "begin" : 78,
      "end" : 80,
      "text" : "by",
      "whiteSpace" : false
    }, {
      "id" : "s0-t16",
      "begin" : 81,
      "end" : 90,
      "text" : "Tennessee",
      "whiteSpace" : false
    }, {
      "id" : "s0-t17",
      "begin" : 90,
      "end" : 91,
      "text" : ".",
      "whiteSpace" : false
    } ]
  }, {
    "id" : "s1",
    "begin" : 92,
    "end" : 121,
    "text" : "Book WD207 Page 713 TRACT NO.",
    "tokens" : [ {
      "id" : "s1-t0",
      "begin" : 92,
      "end" : 96,
      "text" : "Book",
      "whiteSpace" : false
    }, {
      "id" : "s1-t1",
      "begin" : 97,
      "end" : 102,
      "text" : "WD207",
      "whiteSpace" : false
    }, {
      "id" : "s1-t2",
      "begin" : 103,
      "end" : 107,
      "text" : "Page",
      "whiteSpace" : false
    }, {
      "id" : "s1-t3",
      "begin" : 108,
      "end" : 111,
      "text" : "713",
      "whiteSpace" : false
    }, {
      "id" : "s1-t4",
      "begin" : 112,
      "end" : 117,
      "text" : "TRACT",
      "whiteSpace" : false
    }, {
      "id" : "s1-t5",
      "begin" : 118,
      "end" : 120,
      "text" : "NO",
      "whiteSpace" : false
    }, {
      "id" : "s1-t6",
      "begin" : 120,
      "end" : 121,
      "text" : ".",
      "whiteSpace" : false
    } ]
  }, {
    "id" : "s2",
    "begin" : 122,
    "end" : 371,
    "text" : "2: Lying and being in the Second Civil District of Humphreys County, Tennessee, about one mile north of Waverly, on the east side of the Highway #13, and bounded and described as follows: BEGINNING at a stake in the east margin of Highway #13 right?",
    "tokens" : [ {
      "id" : "s2-t0",
      "begin" : 122,
      "end" : 123,
      "text" : "2",
      "whiteSpace" : false
    }, {
      "id" : "s2-t1",
      "begin" : 123,
      "end" : 124,
      "text" : ":",
      "whiteSpace" : false
    }, {
      "id" : "s2-t2",
      "begin" : 125,
      "end" : 130,
      "text" : "Lying",
      "whiteSpace" : false
    }, {
      "id" : "s2-t3",
      "begin" : 131,
      "end" : 134,
      "text" : "and",
      "whiteSpace" : false
    }, {
      "id" : "s2-t4",
      "begin" : 135,
      "end" : 140,
      "text" : "being",
      "whiteSpace" : false
    }, {
      "id" : "s2-t5",
      "begin" : 141,
      "end" : 143,
      "text" : "in",
      "whiteSpace" : false
    }, {
      "id" : "s2-t6",
      "begin" : 144,
      "end" : 147,
      "text" : "the",
      "whiteSpace" : false
    }, {
      "id" : "s2-t7",
      "begin" : 148,
      "end" : 154,
      "text" : "Second",
      "whiteSpace" : false
    }, {
      "id" : "s2-t8",
      "begin" : 155,
      "end" : 160,
      "text" : "Civil",
      "whiteSpace" : false
    }, {
      "id" : "s2-t9",
      "begin" : 161,
      "end" : 169,
      "text" : "District",
      "whiteSpace" : false
    }, {
      "id" : "s2-t10",
      "begin" : 170,
      "end" : 172,
      "text" : "of",
      "whiteSpace" : false
    }, {
      "id" : "s2-t11",
      "begin" : 173,
      "end" : 182,
      "text" : "Humphreys",
      "whiteSpace" : false
    }, {
      "id" : "s2-t12",
      "begin" : 183,
      "end" : 189,
      "text" : "County",
      "whiteSpace" : false
    }, {
      "id" : "s2-t13",
      "begin" : 189,
      "end" : 190,
      "text" : ",",
      "whiteSpace" : false
    }, {
      "id" : "s2-t14",
      "begin" : 191,
      "end" : 200,
      "text" : "Tennessee",
      "whiteSpace" : false
    }, {
      "id" : "s2-t15",
      "begin" : 200,
      "end" : 201,
      "text" : ",",
      "whiteSpace" : false
    }, {
      "id" : "s2-t16",
      "begin" : 202,
      "end" : 207,
      "text" : "about",
      "whiteSpace" : false
    }, {
      "id" : "s2-t17",
      "begin" : 208,
      "end" : 211,
      "text" : "one",
      "whiteSpace" : false
    }, {
      "id" : "s2-t18",
      "begin" : 212,
      "end" : 216,
      "text" : "mile",
      "whiteSpace" : false
    }, {
      "id" : "s2-t19",
      "begin" : 217,
      "end" : 222,
      "text" : "north",
      "whiteSpace" : false
    }, {
      "id" : "s2-t20",
      "begin" : 223,
      "end" : 225,
      "text" : "of",
      "whiteSpace" : false
    }, {
      "id" : "s2-t21",
      "begin" : 226,
      "end" : 233,
      "text" : "Waverly",
      "whiteSpace" : false
    }, {
      "id" : "s2-t22",
      "begin" : 233,
      "end" : 234,
      "text" : ",",
      "whiteSpace" : false
    }, {
      "id" : "s2-t23",
      "begin" : 235,
      "end" : 237,
      "text" : "on",
      "whiteSpace" : false
    }, {
      "id" : "s2-t24",
      "begin" : 238,
      "end" : 241,
      "text" : "the",
      "whiteSpace" : false
    }, {
      "id" : "s2-t25",
      "begin" : 242,
      "end" : 246,
      "text" : "east",
      "whiteSpace" : false
    }, {
      "id" : "s2-t26",
      "begin" : 247,
      "end" : 251,
      "text" : "side",
      "whiteSpace" : false
    }, {
      "id" : "s2-t27",
      "begin" : 252,
      "end" : 254,
      "text" : "of",
      "whiteSpace" : false
    }, {
      "id" : "s2-t28",
      "begin" : 255,
      "end" : 258,
      "text" : "the",
      "whiteSpace" : false
    }, {
      "id" : "s2-t29",
      "begin" : 259,
      "end" : 266,
      "text" : "Highway",
      "whiteSpace" : false
    }, {
      "id" : "s2-t30",
      "begin" : 267,
      "end" : 270,
      "text" : "#13",
      "whiteSpace" : false
    }, {
      "id" : "s2-t31",
      "begin" : 270,
      "end" : 271,
      "text" : ",",
      "whiteSpace" : false
    }, {
      "id" : "s2-t32",
      "begin" : 272,
      "end" : 275,
      "text" : "and",
      "whiteSpace" : false
    }, {
      "id" : "s2-t33",
      "begin" : 276,
      "end" : 283,
      "text" : "bounded",
      "whiteSpace" : false
    }, {
      "id" : "s2-t34",
      "begin" : 284,
      "end" : 287,
      "text" : "and",
      "whiteSpace" : false
    }, {
      "id" : "s2-t35",
      "begin" : 288,
      "end" : 297,
      "text" : "described",
      "whiteSpace" : false
    }, {
      "id" : "s2-t36",
      "begin" : 298,
      "end" : 300,
      "text" : "as",
      "whiteSpace" : false
    }, {
      "id" : "s2-t37",
      "begin" : 301,
      "end" : 308,
      "text" : "follows",
      "whiteSpace" : false
    }, {
      "id" : "s2-t38",
      "begin" : 308,
      "end" : 309,
      "text" : ":",
      "whiteSpace" : false
    }, {
      "id" : "s2-t39",
      "begin" : 310,
      "end" : 319,
      "text" : "BEGINNING",
      "whiteSpace" : false
    }, {
      "id" : "s2-t40",
      "begin" : 320,
      "end" : 322,
      "text" : "at",
      "whiteSpace" : false
    }, {
      "id" : "s2-t41",
      "begin" : 323,
      "end" : 324,
      "text" : "a",
      "whiteSpace" : false
    }, {
      "id" : "s2-t42",
      "begin" : 325,
      "end" : 330,
      "text" : "stake",
      "whiteSpace" : false
    }, {
      "id" : "s2-t43",
      "begin" : 331,
      "end" : 333,
      "text" : "in",
      "whiteSpace" : false
    }, {
      "id" : "s2-t44",
      "begin" : 334,
      "end" : 337,
      "text" : "the",
      "whiteSpace" : false
    }, {
      "id" : "s2-t45",
      "begin" : 338,
      "end" : 342,
      "text" : "east",
      "whiteSpace" : false
    }, {
      "id" : "s2-t46",
      "begin" : 343,
      "end" : 349,
      "text" : "margin",
      "whiteSpace" : false
    }, {
      "id" : "s2-t47",
      "begin" : 350,
      "end" : 352,
      "text" : "of",
      "whiteSpace" : false
    }, {
      "id" : "s2-t48",
      "begin" : 353,
      "end" : 360,
      "text" : "Highway",
      "whiteSpace" : false
    }, {
      "id" : "s2-t49",
      "begin" : 361,
      "end" : 364,
      "text" : "#13",
      "whiteSpace" : false
    }, {
      "id" : "s2-t50",
      "begin" : 365,
      "end" : 370,
      "text" : "right",
      "whiteSpace" : false
    }, {
      "id" : "s2-t51",
      "begin" : 370,
      "end" : 371,
      "text" : "?",
      "whiteSpace" : false
    } ]
  }, {
    "id" : "s3",
    "begin" : 371,
    "end" : 751,
    "text" : "??of-way, the same Summers, Collier heirs and Jesse I. Turner; thence in a northern direction with Jesse in a western direction with Turner's line 210 feet (approximately) to a stake in the east margin of Highway #13 right-of-way, another of Turner's corners; thence with the east margin of Highway #13 right-of-way in a southern direction approximately 210 feet to the beginning.",
    "tokens" : [ {
      "id" : "s3-t0",
      "begin" : 371,
      "end" : 379,
      "text" : "??of-way",
      "whiteSpace" : false
    }, {
      "id" : "s3-t1",
      "begin" : 379,
      "end" : 380,
      "text" : ",",
      "whiteSpace" : false
    }, {
      "id" : "s3-t2",
      "begin" : 381,
      "end" : 384,
      "text" : "the",
      "whiteSpace" : false
    }, {
      "id" : "s3-t3",
      "begin" : 385,
      "end" : 389,
      "text" : "same",
      "whiteSpace" : false
    }, {
      "id" : "s3-t4",
      "begin" : 390,
      "end" : 397,
      "text" : "Summers",
      "whiteSpace" : false
    }, {
      "id" : "s3-t5",
      "begin" : 397,
      "end" : 398,
      "text" : ",",
      "whiteSpace" : false
    }, {
      "id" : "s3-t6",
      "begin" : 399,
      "end" : 406,
      "text" : "Collier",
      "whiteSpace" : false
    }, {
      "id" : "s3-t7",
      "begin" : 407,
      "end" : 412,
      "text" : "heirs",
      "whiteSpace" : false
    }, {
      "id" : "s3-t8",
      "begin" : 413,
      "end" : 416,
      "text" : "and",
      "whiteSpace" : false
    }, {
      "id" : "s3-t9",
      "begin" : 417,
      "end" : 422,
      "text" : "Jesse",
      "whiteSpace" : false
    }, {
      "id" : "s3-t10",
      "begin" : 423,
      "end" : 425,
      "text" : "I.",
      "whiteSpace" : false
    }, {
      "id" : "s3-t11",
      "begin" : 426,
      "end" : 432,
      "text" : "Turner",
      "whiteSpace" : false
    }, {
      "id" : "s3-t12",
      "begin" : 432,
      "end" : 433,
      "text" : ";",
      "whiteSpace" : false
    }, {
      "id" : "s3-t13",
      "begin" : 434,
      "end" : 440,
      "text" : "thence",
      "whiteSpace" : false
    }, {
      "id" : "s3-t14",
      "begin" : 441,
      "end" : 443,
      "text" : "in",
      "whiteSpace" : false
    }, {
      "id" : "s3-t15",
      "begin" : 444,
      "end" : 445,
      "text" : "a",
      "whiteSpace" : false
    }, {
      "id" : "s3-t16",
      "begin" : 446,
      "end" : 454,
      "text" : "northern",
      "whiteSpace" : false
    }, {
      "id" : "s3-t17",
      "begin" : 455,
      "end" : 464,
      "text" : "direction",
      "whiteSpace" : false
    }, {
      "id" : "s3-t18",
      "begin" : 465,
      "end" : 469,
      "text" : "with",
      "whiteSpace" : false
    }, {
      "id" : "s3-t19",
      "begin" : 470,
      "end" : 475,
      "text" : "Jesse",
      "whiteSpace" : false
    }, {
      "id" : "s3-t20",
      "begin" : 476,
      "end" : 478,
      "text" : "in",
      "whiteSpace" : false
    }, {
      "id" : "s3-t21",
      "begin" : 479,
      "end" : 480,
      "text" : "a",
      "whiteSpace" : false
    }, {
      "id" : "s3-t22",
      "begin" : 481,
      "end" : 488,
      "text" : "western",
      "whiteSpace" : false
    }, {
      "id" : "s3-t23",
      "begin" : 489,
      "end" : 498,
      "text" : "direction",
      "whiteSpace" : false
    }, {
      "id" : "s3-t24",
      "begin" : 499,
      "end" : 503,
      "text" : "with",
      "whiteSpace" : false
    }, {
      "id" : "s3-t25",
      "begin" : 504,
      "end" : 510,
      "text" : "Turner",
      "whiteSpace" : false
    }, {
      "id" : "s3-t26",
      "begin" : 510,
      "end" : 512,
      "text" : "'s",
      "whiteSpace" : false
    }, {
      "id" : "s3-t27",
      "begin" : 513,
      "end" : 517,
      "text" : "line",
      "whiteSpace" : false
    }, {
      "id" : "s3-t28",
      "begin" : 518,
      "end" : 521,
      "text" : "210",
      "whiteSpace" : false
    }, {
      "id" : "s3-t29",
      "begin" : 522,
      "end" : 526,
      "text" : "feet",
      "whiteSpace" : false
    }, {
      "id" : "s3-t30",
      "begin" : 527,
      "end" : 528,
      "text" : "(",
      "whiteSpace" : false
    }, {
      "id" : "s3-t31",
      "begin" : 528,
      "end" : 541,
      "text" : "approximately",
      "whiteSpace" : false
    }, {
      "id" : "s3-t32",
      "begin" : 541,
      "end" : 542,
      "text" : ")",
      "whiteSpace" : false
    }, {
      "id" : "s3-t33",
      "begin" : 543,
      "end" : 545,
      "text" : "to",
      "whiteSpace" : false
    }, {
      "id" : "s3-t34",
      "begin" : 546,
      "end" : 547,
      "text" : "a",
      "whiteSpace" : false
    }, {
      "id" : "s3-t35",
      "begin" : 548,
      "end" : 553,
      "text" : "stake",
      "whiteSpace" : false
    }, {
      "id" : "s3-t36",
      "begin" : 554,
      "end" : 556,
      "text" : "in",
      "whiteSpace" : false
    }, {
      "id" : "s3-t37",
      "begin" : 557,
      "end" : 560,
      "text" : "the",
      "whiteSpace" : false
    }, {
      "id" : "s3-t38",
      "begin" : 561,
      "end" : 565,
      "text" : "east",
      "whiteSpace" : false
    }, {
      "id" : "s3-t39",
      "begin" : 566,
      "end" : 572,
      "text" : "margin",
      "whiteSpace" : false
    }, {
      "id" : "s3-t40",
      "begin" : 573,
      "end" : 575,
      "text" : "of",
      "whiteSpace" : false
    }, {
      "id" : "s3-t41",
      "begin" : 576,
      "end" : 583,
      "text" : "Highway",
      "whiteSpace" : false
    }, {
      "id" : "s3-t42",
      "begin" : 584,
      "end" : 587,
      "text" : "#13",
      "whiteSpace" : false
    }, {
      "id" : "s3-t43",
      "begin" : 588,
      "end" : 593,
      "text" : "right",
      "whiteSpace" : false
    }, {
      "id" : "s3-t44",
      "begin" : 593,
      "end" : 594,
      "text" : "-",
      "whiteSpace" : false
    }, {
      "id" : "s3-t45",
      "begin" : 594,
      "end" : 596,
      "text" : "of",
      "whiteSpace" : false
    }, {
      "id" : "s3-t46",
      "begin" : 596,
      "end" : 597,
      "text" : "-",
      "whiteSpace" : false
    }, {
      "id" : "s3-t47",
      "begin" : 597,
      "end" : 600,
      "text" : "way",
      "whiteSpace" : false
    }, {
      "id" : "s3-t48",
      "begin" : 600,
      "end" : 601,
      "text" : ",",
      "whiteSpace" : false
    }, {
      "id" : "s3-t49",
      "begin" : 602,
      "end" : 609,
      "text" : "another",
      "whiteSpace" : false
    }, {
      "id" : "s3-t50",
      "begin" : 610,
      "end" : 612,
      "text" : "of",
      "whiteSpace" : false
    }, {
      "id" : "s3-t51",
      "begin" : 613,
      "end" : 619,
      "text" : "Turner",
      "whiteSpace" : false
    }, {
      "id" : "s3-t52",
      "begin" : 619,
      "end" : 621,
      "text" : "'s",
      "whiteSpace" : false
    }, {
      "id" : "s3-t53",
      "begin" : 622,
      "end" : 629,
      "text" : "corners",
      "whiteSpace" : false
    }, {
      "id" : "s3-t54",
      "begin" : 629,
      "end" : 630,
      "text" : ";",
      "whiteSpace" : false
    }, {
      "id" : "s3-t55",
      "begin" : 631,
      "end" : 637,
      "text" : "thence",
      "whiteSpace" : false
    }, {
      "id" : "s3-t56",
      "begin" : 638,
      "end" : 642,
      "text" : "with",
      "whiteSpace" : false
    }, {
      "id" : "s3-t57",
      "begin" : 643,
      "end" : 646,
      "text" : "the",
      "whiteSpace" : false
    }, {
      "id" : "s3-t58",
      "begin" : 647,
      "end" : 651,
      "text" : "east",
      "whiteSpace" : false
    }, {
      "id" : "s3-t59",
      "begin" : 652,
      "end" : 658,
      "text" : "margin",
      "whiteSpace" : false
    }, {
      "id" : "s3-t60",
      "begin" : 659,
      "end" : 661,
      "text" : "of",
      "whiteSpace" : false
    }, {
      "id" : "s3-t61",
      "begin" : 662,
      "end" : 669,
      "text" : "Highway",
      "whiteSpace" : false
    }, {
      "id" : "s3-t62",
      "begin" : 670,
      "end" : 673,
      "text" : "#13",
      "whiteSpace" : false
    }, {
      "id" : "s3-t63",
      "begin" : 674,
      "end" : 686,
      "text" : "right-of-way",
      "whiteSpace" : false
    }, {
      "id" : "s3-t64",
      "begin" : 687,
      "end" : 689,
      "text" : "in",
      "whiteSpace" : false
    }, {
      "id" : "s3-t65",
      "begin" : 690,
      "end" : 691,
      "text" : "a",
      "whiteSpace" : false
    }, {
      "id" : "s3-t66",
      "begin" : 692,
      "end" : 700,
      "text" : "southern",
      "whiteSpace" : false
    }, {
      "id" : "s3-t67",
      "begin" : 701,
      "end" : 710,
      "text" : "direction",
      "whiteSpace" : false
    }, {
      "id" : "s3-t68",
      "begin" : 711,
      "end" : 724,
      "text" : "approximately",
      "whiteSpace" : false
    }, {
      "id" : "s3-t69",
      "begin" : 725,
      "end" : 728,
      "text" : "210",
      "whiteSpace" : false
    }, {
      "id" : "s3-t70",
      "begin" : 729,
      "end" : 733,
      "text" : "feet",
      "whiteSpace" : false
    }, {
      "id" : "s3-t71",
      "begin" : 734,
      "end" : 736,
      "text" : "to",
      "whiteSpace" : false
    }, {
      "id" : "s3-t72",
      "begin" : 737,
      "end" : 740,
      "text" : "the",
      "whiteSpace" : false
    }, {
      "id" : "s3-t73",
      "begin" : 741,
      "end" : 750,
      "text" : "beginning",
      "whiteSpace" : false
    }, {
      "id" : "s3-t74",
      "begin" : 750,
      "end" : 751,
      "text" : ".",
      "whiteSpace" : false
    } ]
  }, {
    "id" : "s4",
    "begin" : 752,
    "end" : 886,
    "text" : "Being the same property conveyed to Jesse I. Turner and wife, Katie L. Turner, by deed of record in Deed Book 101, page 242, Register?",
    "tokens" : [ {
      "id" : "s4-t0",
      "begin" : 752,
      "end" : 757,
      "text" : "Being",
      "whiteSpace" : false
    }, {
      "id" : "s4-t1",
      "begin" : 758,
      "end" : 761,
      "text" : "the",
      "whiteSpace" : false
    }, {
      "id" : "s4-t2",
      "begin" : 762,
      "end" : 766,
      "text" : "same",
      "whiteSpace" : false
    }, {
      "id" : "s4-t3",
      "begin" : 767,
      "end" : 775,
      "text" : "property",
      "whiteSpace" : false
    }, {
      "id" : "s4-t4",
      "begin" : 776,
      "end" : 784,
      "text" : "conveyed",
      "whiteSpace" : false
    }, {
      "id" : "s4-t5",
      "begin" : 785,
      "end" : 787,
      "text" : "to",
      "whiteSpace" : false
    }, {
      "id" : "s4-t6",
      "begin" : 788,
      "end" : 793,
      "text" : "Jesse",
      "whiteSpace" : false
    }, {
      "id" : "s4-t7",
      "begin" : 794,
      "end" : 796,
      "text" : "I.",
      "whiteSpace" : false
    }, {
      "id" : "s4-t8",
      "begin" : 797,
      "end" : 803,
      "text" : "Turner",
      "whiteSpace" : false
    }, {
      "id" : "s4-t9",
      "begin" : 804,
      "end" : 807,
      "text" : "and",
      "whiteSpace" : false
    }, {
      "id" : "s4-t10",
      "begin" : 808,
      "end" : 812,
      "text" : "wife",
      "whiteSpace" : false
    }, {
      "id" : "s4-t11",
      "begin" : 812,
      "end" : 813,
      "text" : ",",
      "whiteSpace" : false
    }, {
      "id" : "s4-t12",
      "begin" : 814,
      "end" : 819,
      "text" : "Katie",
      "whiteSpace" : false
    }, {
      "id" : "s4-t13",
      "begin" : 820,
      "end" : 822,
      "text" : "L.",
      "whiteSpace" : false
    }, {
      "id" : "s4-t14",
      "begin" : 823,
      "end" : 829,
      "text" : "Turner",
      "whiteSpace" : false
    }, {
      "id" : "s4-t15",
      "begin" : 829,
      "end" : 830,
      "text" : ",",
      "whiteSpace" : false
    }, {
      "id" : "s4-t16",
      "begin" : 831,
      "end" : 833,
      "text" : "by",
      "whiteSpace" : false
    }, {
      "id" : "s4-t17",
      "begin" : 834,
      "end" : 838,
      "text" : "deed",
      "whiteSpace" : false
    }, {
      "id" : "s4-t18",
      "begin" : 839,
      "end" : 841,
      "text" : "of",
      "whiteSpace" : false
    }, {
      "id" : "s4-t19",
      "begin" : 842,
      "end" : 848,
      "text" : "record",
      "whiteSpace" : false
    }, {
      "id" : "s4-t20",
      "begin" : 849,
      "end" : 851,
      "text" : "in",
      "whiteSpace" : false
    }, {
      "id" : "s4-t21",
      "begin" : 852,
      "end" : 856,
      "text" : "Deed",
      "whiteSpace" : false
    }, {
      "id" : "s4-t22",
      "begin" : 857,
      "end" : 861,
      "text" : "Book",
      "whiteSpace" : false
    }, {
      "id" : "s4-t23",
      "begin" : 862,
      "end" : 865,
      "text" : "101",
      "whiteSpace" : false
    }, {
      "id" : "s4-t24",
      "begin" : 865,
      "end" : 866,
      "text" : ",",
      "whiteSpace" : false
    }, {
      "id" : "s4-t25",
      "begin" : 867,
      "end" : 871,
      "text" : "page",
      "whiteSpace" : false
    }, {
      "id" : "s4-t26",
      "begin" : 872,
      "end" : 875,
      "text" : "242",
      "whiteSpace" : false
    }, {
      "id" : "s4-t27",
      "begin" : 875,
      "end" : 876,
      "text" : ",",
      "whiteSpace" : false
    }, {
      "id" : "s4-t28",
      "begin" : 877,
      "end" : 885,
      "text" : "Register",
      "whiteSpace" : false
    }, {
      "id" : "s4-t29",
      "begin" : 885,
      "end" : 886,
      "text" : "?",
      "whiteSpace" : false
    } ]
  }, {
    "id" : "s5",
    "begin" : 886,
    "end" : 888,
    "text" : "??",
    "tokens" : [ {
      "id" : "s5-t0",
      "begin" : 886,
      "end" : 887,
      "text" : "?",
      "whiteSpace" : false
    }, {
      "id" : "s5-t1",
      "begin" : 887,
      "end" : 888,
      "text" : "?",
      "whiteSpace" : false
    } ]
  }, {
    "id" : "s6",
    "begin" : 889,
    "end" : 894,
    "text" : "s Of?",
    "tokens" : [ {
      "id" : "s6-t0",
      "begin" : 889,
      "end" : 890,
      "text" : "s",
      "whiteSpace" : false
    }, {
      "id" : "s6-t1",
      "begin" : 891,
      "end" : 893,
      "text" : "Of",
      "whiteSpace" : false
    }, {
      "id" : "s6-t2",
      "begin" : 893,
      "end" : 894,
      "text" : "?",
      "whiteSpace" : false
    } ]
  }, {
    "id" : "s7",
    "begin" : 894,
    "end" : 929,
    "text" : "??ce of Humphreys County, TRACT NO.",
    "tokens" : [ {
      "id" : "s7-t0",
      "begin" : 894,
      "end" : 898,
      "text" : "??ce",
      "whiteSpace" : false
    }, {
      "id" : "s7-t1",
      "begin" : 899,
      "end" : 901,
      "text" : "of",
      "whiteSpace" : false
    }, {
      "id" : "s7-t2",
      "begin" : 902,
      "end" : 911,
      "text" : "Humphreys",
      "whiteSpace" : false
    }, {
      "id" : "s7-t3",
      "begin" : 912,
      "end" : 918,
      "text" : "County",
      "whiteSpace" : false
    }, {
      "id" : "s7-t4",
      "begin" : 918,
      "end" : 919,
      "text" : ",",
      "whiteSpace" : false
    }, {
      "id" : "s7-t5",
      "begin" : 920,
      "end" : 925,
      "text" : "TRACT",
      "whiteSpace" : false
    }, {
      "id" : "s7-t6",
      "begin" : 926,
      "end" : 928,
      "text" : "NO",
      "whiteSpace" : false
    }, {
      "id" : "s7-t7",
      "begin" : 928,
      "end" : 929,
      "text" : ".",
      "whiteSpace" : false
    } ]
  }, {
    "id" : "s8",
    "begin" : 930,
    "end" : 1335,
    "text" : "3: About one mile north of Waverly, Tennessee, on the east side of Highway No. 13 in the Second Civil District of the aforementioned county and state, bounded as follows, BEGINNING at a black oak, the same being the SEC. of my Carnell tract, running thence East 70 yards to a stake with small hickory pointers; thence south 70 yards to north 70 yards to the beginning, by estimation one acre more or less.",
    "tokens" : [ {
      "id" : "s8-t0",
      "begin" : 930,
      "end" : 931,
      "text" : "3",
      "whiteSpace" : false
    }, {
      "id" : "s8-t1",
      "begin" : 931,
      "end" : 932,
      "text" : ":",
      "whiteSpace" : false
    }, {
      "id" : "s8-t2",
      "begin" : 933,
      "end" : 938,
      "text" : "About",
      "whiteSpace" : false
    }, {
      "id" : "s8-t3",
      "begin" : 939,
      "end" : 942,
      "text" : "one",
      "whiteSpace" : false
    }, {
      "id" : "s8-t4",
      "begin" : 943,
      "end" : 947,
      "text" : "mile",
      "whiteSpace" : false
    }, {
      "id" : "s8-t5",
      "begin" : 948,
      "end" : 953,
      "text" : "north",
      "whiteSpace" : false
    }, {
      "id" : "s8-t6",
      "begin" : 954,
      "end" : 956,
      "text" : "of",
      "whiteSpace" : false
    }, {
      "id" : "s8-t7",
      "begin" : 957,
      "end" : 964,
      "text" : "Waverly",
      "whiteSpace" : false
    }, {
      "id" : "s8-t8",
      "begin" : 964,
      "end" : 965,
      "text" : ",",
      "whiteSpace" : false
    }, {
      "id" : "s8-t9",
      "begin" : 966,
      "end" : 975,
      "text" : "Tennessee",
      "whiteSpace" : false
    }, {
      "id" : "s8-t10",
      "begin" : 975,
      "end" : 976,
      "text" : ",",
      "whiteSpace" : false
    }, {
      "id" : "s8-t11",
      "begin" : 977,
      "end" : 979,
      "text" : "on",
      "whiteSpace" : false
    }, {
      "id" : "s8-t12",
      "begin" : 980,
      "end" : 983,
      "text" : "the",
      "whiteSpace" : false
    }, {
      "id" : "s8-t13",
      "begin" : 984,
      "end" : 988,
      "text" : "east",
      "whiteSpace" : false
    }, {
      "id" : "s8-t14",
      "begin" : 989,
      "end" : 993,
      "text" : "side",
      "whiteSpace" : false
    }, {
      "id" : "s8-t15",
      "begin" : 994,
      "end" : 996,
      "text" : "of",
      "whiteSpace" : false
    }, {
      "id" : "s8-t16",
      "begin" : 997,
      "end" : 1004,
      "text" : "Highway",
      "whiteSpace" : false
    }, {
      "id" : "s8-t17",
      "begin" : 1005,
      "end" : 1008,
      "text" : "No.",
      "whiteSpace" : false
    }, {
      "id" : "s8-t18",
      "begin" : 1009,
      "end" : 1011,
      "text" : "13",
      "whiteSpace" : false
    }, {
      "id" : "s8-t19",
      "begin" : 1012,
      "end" : 1014,
      "text" : "in",
      "whiteSpace" : false
    }, {
      "id" : "s8-t20",
      "begin" : 1015,
      "end" : 1018,
      "text" : "the",
      "whiteSpace" : false
    }, {
      "id" : "s8-t21",
      "begin" : 1019,
      "end" : 1025,
      "text" : "Second",
      "whiteSpace" : false
    }, {
      "id" : "s8-t22",
      "begin" : 1026,
      "end" : 1031,
      "text" : "Civil",
      "whiteSpace" : false
    }, {
      "id" : "s8-t23",
      "begin" : 1032,
      "end" : 1040,
      "text" : "District",
      "whiteSpace" : false
    }, {
      "id" : "s8-t24",
      "begin" : 1041,
      "end" : 1043,
      "text" : "of",
      "whiteSpace" : false
    }, {
      "id" : "s8-t25",
      "begin" : 1044,
      "end" : 1047,
      "text" : "the",
      "whiteSpace" : false
    }, {
      "id" : "s8-t26",
      "begin" : 1048,
      "end" : 1062,
      "text" : "aforementioned",
      "whiteSpace" : false
    }, {
      "id" : "s8-t27",
      "begin" : 1063,
      "end" : 1069,
      "text" : "county",
      "whiteSpace" : false
    }, {
      "id" : "s8-t28",
      "begin" : 1070,
      "end" : 1073,
      "text" : "and",
      "whiteSpace" : false
    }, {
      "id" : "s8-t29",
      "begin" : 1074,
      "end" : 1079,
      "text" : "state",
      "whiteSpace" : false
    }, {
      "id" : "s8-t30",
      "begin" : 1079,
      "end" : 1080,
      "text" : ",",
      "whiteSpace" : false
    }, {
      "id" : "s8-t31",
      "begin" : 1081,
      "end" : 1088,
      "text" : "bounded",
      "whiteSpace" : false
    }, {
      "id" : "s8-t32",
      "begin" : 1089,
      "end" : 1091,
      "text" : "as",
      "whiteSpace" : false
    }, {
      "id" : "s8-t33",
      "begin" : 1092,
      "end" : 1099,
      "text" : "follows",
      "whiteSpace" : false
    }, {
      "id" : "s8-t34",
      "begin" : 1099,
      "end" : 1100,
      "text" : ",",
      "whiteSpace" : false
    }, {
      "id" : "s8-t35",
      "begin" : 1101,
      "end" : 1110,
      "text" : "BEGINNING",
      "whiteSpace" : false
    }, {
      "id" : "s8-t36",
      "begin" : 1111,
      "end" : 1113,
      "text" : "at",
      "whiteSpace" : false
    }, {
      "id" : "s8-t37",
      "begin" : 1114,
      "end" : 1115,
      "text" : "a",
      "whiteSpace" : false
    }, {
      "id" : "s8-t38",
      "begin" : 1116,
      "end" : 1121,
      "text" : "black",
      "whiteSpace" : false
    }, {
      "id" : "s8-t39",
      "begin" : 1122,
      "end" : 1125,
      "text" : "oak",
      "whiteSpace" : false
    }, {
      "id" : "s8-t40",
      "begin" : 1125,
      "end" : 1126,
      "text" : ",",
      "whiteSpace" : false
    }, {
      "id" : "s8-t41",
      "begin" : 1127,
      "end" : 1130,
      "text" : "the",
      "whiteSpace" : false
    }, {
      "id" : "s8-t42",
      "begin" : 1131,
      "end" : 1135,
      "text" : "same",
      "whiteSpace" : false
    }, {
      "id" : "s8-t43",
      "begin" : 1136,
      "end" : 1141,
      "text" : "being",
      "whiteSpace" : false
    }, {
      "id" : "s8-t44",
      "begin" : 1142,
      "end" : 1145,
      "text" : "the",
      "whiteSpace" : false
    }, {
      "id" : "s8-t45",
      "begin" : 1146,
      "end" : 1150,
      "text" : "SEC.",
      "whiteSpace" : false
    }, {
      "id" : "s8-t46",
      "begin" : 1151,
      "end" : 1153,
      "text" : "of",
      "whiteSpace" : false
    }, {
      "id" : "s8-t47",
      "begin" : 1154,
      "end" : 1156,
      "text" : "my",
      "whiteSpace" : false
    }, {
      "id" : "s8-t48",
      "begin" : 1157,
      "end" : 1164,
      "text" : "Carnell",
      "whiteSpace" : false
    }, {
      "id" : "s8-t49",
      "begin" : 1165,
      "end" : 1170,
      "text" : "tract",
      "whiteSpace" : false
    }, {
      "id" : "s8-t50",
      "begin" : 1170,
      "end" : 1171,
      "text" : ",",
      "whiteSpace" : false
    }, {
      "id" : "s8-t51",
      "begin" : 1172,
      "end" : 1179,
      "text" : "running",
      "whiteSpace" : false
    }, {
      "id" : "s8-t52",
      "begin" : 1180,
      "end" : 1186,
      "text" : "thence",
      "whiteSpace" : false
    }, {
      "id" : "s8-t53",
      "begin" : 1187,
      "end" : 1191,
      "text" : "East",
      "whiteSpace" : false
    }, {
      "id" : "s8-t54",
      "begin" : 1192,
      "end" : 1194,
      "text" : "70",
      "whiteSpace" : false
    }, {
      "id" : "s8-t55",
      "begin" : 1195,
      "end" : 1200,
      "text" : "yards",
      "whiteSpace" : false
    }, {
      "id" : "s8-t56",
      "begin" : 1201,
      "end" : 1203,
      "text" : "to",
      "whiteSpace" : false
    }, {
      "id" : "s8-t57",
      "begin" : 1204,
      "end" : 1205,
      "text" : "a",
      "whiteSpace" : false
    }, {
      "id" : "s8-t58",
      "begin" : 1206,
      "end" : 1211,
      "text" : "stake",
      "whiteSpace" : false
    }, {
      "id" : "s8-t59",
      "begin" : 1212,
      "end" : 1216,
      "text" : "with",
      "whiteSpace" : false
    }, {
      "id" : "s8-t60",
      "begin" : 1217,
      "end" : 1222,
      "text" : "small",
      "whiteSpace" : false
    }, {
      "id" : "s8-t61",
      "begin" : 1223,
      "end" : 1230,
      "text" : "hickory",
      "whiteSpace" : false
    }, {
      "id" : "s8-t62",
      "begin" : 1231,
      "end" : 1239,
      "text" : "pointers",
      "whiteSpace" : false
    }, {
      "id" : "s8-t63",
      "begin" : 1239,
      "end" : 1240,
      "text" : ";",
      "whiteSpace" : false
    }, {
      "id" : "s8-t64",
      "begin" : 1241,
      "end" : 1247,
      "text" : "thence",
      "whiteSpace" : false
    }, {
      "id" : "s8-t65",
      "begin" : 1248,
      "end" : 1253,
      "text" : "south",
      "whiteSpace" : false
    }, {
      "id" : "s8-t66",
      "begin" : 1254,
      "end" : 1256,
      "text" : "70",
      "whiteSpace" : false
    }, {
      "id" : "s8-t67",
      "begin" : 1257,
      "end" : 1262,
      "text" : "yards",
      "whiteSpace" : false
    }, {
      "id" : "s8-t68",
      "begin" : 1263,
      "end" : 1265,
      "text" : "to",
      "whiteSpace" : false
    }, {
      "id" : "s8-t69",
      "begin" : 1266,
      "end" : 1271,
      "text" : "north",
      "whiteSpace" : false
    }, {
      "id" : "s8-t70",
      "begin" : 1272,
      "end" : 1274,
      "text" : "70",
      "whiteSpace" : false
    }, {
      "id" : "s8-t71",
      "begin" : 1275,
      "end" : 1280,
      "text" : "yards",
      "whiteSpace" : false
    }, {
      "id" : "s8-t72",
      "begin" : 1281,
      "end" : 1283,
      "text" : "to",
      "whiteSpace" : false
    }, {
      "id" : "s8-t73",
      "begin" : 1284,
      "end" : 1287,
      "text" : "the",
      "whiteSpace" : false
    }, {
      "id" : "s8-t74",
      "begin" : 1288,
      "end" : 1297,
      "text" : "beginning",
      "whiteSpace" : false
    }, {
      "id" : "s8-t75",
      "begin" : 1297,
      "end" : 1298,
      "text" : ",",
      "whiteSpace" : false
    }, {
      "id" : "s8-t76",
      "begin" : 1299,
      "end" : 1301,
      "text" : "by",
      "whiteSpace" : false
    }, {
      "id" : "s8-t77",
      "begin" : 1302,
      "end" : 1312,
      "text" : "estimation",
      "whiteSpace" : false
    }, {
      "id" : "s8-t78",
      "begin" : 1313,
      "end" : 1316,
      "text" : "one",
      "whiteSpace" : false
    }, {
      "id" : "s8-t79",
      "begin" : 1317,
      "end" : 1321,
      "text" : "acre",
      "whiteSpace" : false
    }, {
      "id" : "s8-t80",
      "begin" : 1322,
      "end" : 1326,
      "text" : "more",
      "whiteSpace" : false
    }, {
      "id" : "s8-t81",
      "begin" : 1327,
      "end" : 1329,
      "text" : "or",
      "whiteSpace" : false
    }, {
      "id" : "s8-t82",
      "begin" : 1330,
      "end" : 1334,
      "text" : "less",
      "whiteSpace" : false
    }, {
      "id" : "s8-t83",
      "begin" : 1334,
      "end" : 1335,
      "text" : ".",
      "whiteSpace" : false
    } ]
  }, {
    "id" : "s9",
    "begin" : 1336,
    "end" : 1469,
    "text" : "Being the same property conveyed to Jessie I. Turner and wife, Louise Turner, by deed of record in Deed Book 101, page 244, Register?",
    "tokens" : [ {
      "id" : "s9-t0",
      "begin" : 1336,
      "end" : 1341,
      "text" : "Being",
      "whiteSpace" : false
    }, {
      "id" : "s9-t1",
      "begin" : 1342,
      "end" : 1345,
      "text" : "the",
      "whiteSpace" : false
    }, {
      "id" : "s9-t2",
      "begin" : 1346,
      "end" : 1350,
      "text" : "same",
      "whiteSpace" : false
    }, {
      "id" : "s9-t3",
      "begin" : 1351,
      "end" : 1359,
      "text" : "property",
      "whiteSpace" : false
    }, {
      "id" : "s9-t4",
      "begin" : 1360,
      "end" : 1368,
      "text" : "conveyed",
      "whiteSpace" : false
    }, {
      "id" : "s9-t5",
      "begin" : 1369,
      "end" : 1371,
      "text" : "to",
      "whiteSpace" : false
    }, {
      "id" : "s9-t6",
      "begin" : 1372,
      "end" : 1378,
      "text" : "Jessie",
      "whiteSpace" : false
    }, {
      "id" : "s9-t7",
      "begin" : 1379,
      "end" : 1381,
      "text" : "I.",
      "whiteSpace" : false
    }, {
      "id" : "s9-t8",
      "begin" : 1382,
      "end" : 1388,
      "text" : "Turner",
      "whiteSpace" : false
    }, {
      "id" : "s9-t9",
      "begin" : 1389,
      "end" : 1392,
      "text" : "and",
      "whiteSpace" : false
    }, {
      "id" : "s9-t10",
      "begin" : 1393,
      "end" : 1397,
      "text" : "wife",
      "whiteSpace" : false
    }, {
      "id" : "s9-t11",
      "begin" : 1397,
      "end" : 1398,
      "text" : ",",
      "whiteSpace" : false
    }, {
      "id" : "s9-t12",
      "begin" : 1399,
      "end" : 1405,
      "text" : "Louise",
      "whiteSpace" : false
    }, {
      "id" : "s9-t13",
      "begin" : 1406,
      "end" : 1412,
      "text" : "Turner",
      "whiteSpace" : false
    }, {
      "id" : "s9-t14",
      "begin" : 1412,
      "end" : 1413,
      "text" : ",",
      "whiteSpace" : false
    }, {
      "id" : "s9-t15",
      "begin" : 1414,
      "end" : 1416,
      "text" : "by",
      "whiteSpace" : false
    }, {
      "id" : "s9-t16",
      "begin" : 1417,
      "end" : 1421,
      "text" : "deed",
      "whiteSpace" : false
    }, {
      "id" : "s9-t17",
      "begin" : 1422,
      "end" : 1424,
      "text" : "of",
      "whiteSpace" : false
    }, {
      "id" : "s9-t18",
      "begin" : 1425,
      "end" : 1431,
      "text" : "record",
      "whiteSpace" : false
    }, {
      "id" : "s9-t19",
      "begin" : 1432,
      "end" : 1434,
      "text" : "in",
      "whiteSpace" : false
    }, {
      "id" : "s9-t20",
      "begin" : 1435,
      "end" : 1439,
      "text" : "Deed",
      "whiteSpace" : false
    }, {
      "id" : "s9-t21",
      "begin" : 1440,
      "end" : 1444,
      "text" : "Book",
      "whiteSpace" : false
    }, {
      "id" : "s9-t22",
      "begin" : 1445,
      "end" : 1448,
      "text" : "101",
      "whiteSpace" : false
    }, {
      "id" : "s9-t23",
      "begin" : 1448,
      "end" : 1449,
      "text" : ",",
      "whiteSpace" : false
    }, {
      "id" : "s9-t24",
      "begin" : 1450,
      "end" : 1454,
      "text" : "page",
      "whiteSpace" : false
    }, {
      "id" : "s9-t25",
      "begin" : 1455,
      "end" : 1458,
      "text" : "244",
      "whiteSpace" : false
    }, {
      "id" : "s9-t26",
      "begin" : 1458,
      "end" : 1459,
      "text" : ",",
      "whiteSpace" : false
    }, {
      "id" : "s9-t27",
      "begin" : 1460,
      "end" : 1468,
      "text" : "Register",
      "whiteSpace" : false
    }, {
      "id" : "s9-t28",
      "begin" : 1468,
      "end" : 1469,
      "text" : "?",
      "whiteSpace" : false
    } ]
  }, {
    "id" : "s10",
    "begin" : 1469,
    "end" : 1476,
    "text" : "??s Of?",
    "tokens" : [ {
      "id" : "s10-t0",
      "begin" : 1469,
      "end" : 1472,
      "text" : "??s",
      "whiteSpace" : false
    }, {
      "id" : "s10-t1",
      "begin" : 1473,
      "end" : 1475,
      "text" : "Of",
      "whiteSpace" : false
    }, {
      "id" : "s10-t2",
      "begin" : 1475,
      "end" : 1476,
      "text" : "?",
      "whiteSpace" : false
    } ]
  }, {
    "id" : "s11",
    "begin" : 1476,
    "end" : 1673,
    "text" : "??ce of Humphreys County, Jesse I. Turner (being one and the same person as Jessie I. Turner) died January 17, 2005, thereby vesting title in each tract in Louise Turner (being one and the same Af?",
    "tokens" : [ {
      "id" : "s11-t0",
      "begin" : 1476,
      "end" : 1480,
      "text" : "??ce",
      "whiteSpace" : false
    }, {
      "id" : "s11-t1",
      "begin" : 1481,
      "end" : 1483,
      "text" : "of",
      "whiteSpace" : false
    }, {
      "id" : "s11-t2",
      "begin" : 1484,
      "end" : 1493,
      "text" : "Humphreys",
      "whiteSpace" : false
    }, {
      "id" : "s11-t3",
      "begin" : 1494,
      "end" : 1500,
      "text" : "County",
      "whiteSpace" : false
    }, {
      "id" : "s11-t4",
      "begin" : 1500,
      "end" : 1501,
      "text" : ",",
      "whiteSpace" : false
    }, {
      "id" : "s11-t5",
      "begin" : 1502,
      "end" : 1507,
      "text" : "Jesse",
      "whiteSpace" : false
    }, {
      "id" : "s11-t6",
      "begin" : 1508,
      "end" : 1510,
      "text" : "I.",
      "whiteSpace" : false
    }, {
      "id" : "s11-t7",
      "begin" : 1511,
      "end" : 1517,
      "text" : "Turner",
      "whiteSpace" : false
    }, {
      "id" : "s11-t8",
      "begin" : 1518,
      "end" : 1519,
      "text" : "(",
      "whiteSpace" : false
    }, {
      "id" : "s11-t9",
      "begin" : 1519,
      "end" : 1524,
      "text" : "being",
      "whiteSpace" : false
    }, {
      "id" : "s11-t10",
      "begin" : 1525,
      "end" : 1528,
      "text" : "one",
      "whiteSpace" : false
    }, {
      "id" : "s11-t11",
      "begin" : 1529,
      "end" : 1532,
      "text" : "and",
      "whiteSpace" : false
    }, {
      "id" : "s11-t12",
      "begin" : 1533,
      "end" : 1536,
      "text" : "the",
      "whiteSpace" : false
    }, {
      "id" : "s11-t13",
      "begin" : 1537,
      "end" : 1541,
      "text" : "same",
      "whiteSpace" : false
    }, {
      "id" : "s11-t14",
      "begin" : 1542,
      "end" : 1548,
      "text" : "person",
      "whiteSpace" : false
    }, {
      "id" : "s11-t15",
      "begin" : 1549,
      "end" : 1551,
      "text" : "as",
      "whiteSpace" : false
    }, {
      "id" : "s11-t16",
      "begin" : 1552,
      "end" : 1558,
      "text" : "Jessie",
      "whiteSpace" : false
    }, {
      "id" : "s11-t17",
      "begin" : 1559,
      "end" : 1561,
      "text" : "I.",
      "whiteSpace" : false
    }, {
      "id" : "s11-t18",
      "begin" : 1562,
      "end" : 1568,
      "text" : "Turner",
      "whiteSpace" : false
    }, {
      "id" : "s11-t19",
      "begin" : 1568,
      "end" : 1569,
      "text" : ")",
      "whiteSpace" : false
    }, {
      "id" : "s11-t20",
      "begin" : 1570,
      "end" : 1574,
      "text" : "died",
      "whiteSpace" : false
    }, {
      "id" : "s11-t21",
      "begin" : 1575,
      "end" : 1582,
      "text" : "January",
      "whiteSpace" : false
    }, {
      "id" : "s11-t22",
      "begin" : 1583,
      "end" : 1585,
      "text" : "17",
      "whiteSpace" : false
    }, {
      "id" : "s11-t23",
      "begin" : 1585,
      "end" : 1586,
      "text" : ",",
      "whiteSpace" : false
    }, {
      "id" : "s11-t24",
      "begin" : 1587,
      "end" : 1591,
      "text" : "2005",
      "whiteSpace" : false
    }, {
      "id" : "s11-t25",
      "begin" : 1591,
      "end" : 1592,
      "text" : ",",
      "whiteSpace" : false
    }, {
      "id" : "s11-t26",
      "begin" : 1593,
      "end" : 1600,
      "text" : "thereby",
      "whiteSpace" : false
    }, {
      "id" : "s11-t27",
      "begin" : 1601,
      "end" : 1608,
      "text" : "vesting",
      "whiteSpace" : false
    }, {
      "id" : "s11-t28",
      "begin" : 1609,
      "end" : 1614,
      "text" : "title",
      "whiteSpace" : false
    }, {
      "id" : "s11-t29",
      "begin" : 1615,
      "end" : 1617,
      "text" : "in",
      "whiteSpace" : false
    }, {
      "id" : "s11-t30",
      "begin" : 1618,
      "end" : 1622,
      "text" : "each",
      "whiteSpace" : false
    }, {
      "id" : "s11-t31",
      "begin" : 1623,
      "end" : 1628,
      "text" : "tract",
      "whiteSpace" : false
    }, {
      "id" : "s11-t32",
      "begin" : 1629,
      "end" : 1631,
      "text" : "in",
      "whiteSpace" : false
    }, {
      "id" : "s11-t33",
      "begin" : 1632,
      "end" : 1638,
      "text" : "Louise",
      "whiteSpace" : false
    }, {
      "id" : "s11-t34",
      "begin" : 1639,
      "end" : 1645,
      "text" : "Turner",
      "whiteSpace" : false
    }, {
      "id" : "s11-t35",
      "begin" : 1646,
      "end" : 1647,
      "text" : "(",
      "whiteSpace" : false
    }, {
      "id" : "s11-t36",
      "begin" : 1647,
      "end" : 1652,
      "text" : "being",
      "whiteSpace" : false
    }, {
      "id" : "s11-t37",
      "begin" : 1653,
      "end" : 1656,
      "text" : "one",
      "whiteSpace" : false
    }, {
      "id" : "s11-t38",
      "begin" : 1657,
      "end" : 1660,
      "text" : "and",
      "whiteSpace" : false
    }, {
      "id" : "s11-t39",
      "begin" : 1661,
      "end" : 1664,
      "text" : "the",
      "whiteSpace" : false
    }, {
      "id" : "s11-t40",
      "begin" : 1665,
      "end" : 1669,
      "text" : "same",
      "whiteSpace" : false
    }, {
      "id" : "s11-t41",
      "begin" : 1670,
      "end" : 1672,
      "text" : "Af",
      "whiteSpace" : false
    }, {
      "id" : "s11-t42",
      "begin" : 1672,
      "end" : 1673,
      "text" : "?",
      "whiteSpace" : false
    } ]
  }, {
    "id" : "s12",
    "begin" : 1673,
    "end" : 1745,
    "text" : "??davit of Heirship of record in Deed Book a O L, page 1 l D , Register?",
    "tokens" : [ {
      "id" : "s12-t0",
      "begin" : 1673,
      "end" : 1680,
      "text" : "??davit",
      "whiteSpace" : false
    }, {
      "id" : "s12-t1",
      "begin" : 1681,
      "end" : 1683,
      "text" : "of",
      "whiteSpace" : false
    }, {
      "id" : "s12-t2",
      "begin" : 1684,
      "end" : 1692,
      "text" : "Heirship",
      "whiteSpace" : false
    }, {
      "id" : "s12-t3",
      "begin" : 1693,
      "end" : 1695,
      "text" : "of",
      "whiteSpace" : false
    }, {
      "id" : "s12-t4",
      "begin" : 1696,
      "end" : 1702,
      "text" : "record",
      "whiteSpace" : false
    }, {
      "id" : "s12-t5",
      "begin" : 1703,
      "end" : 1705,
      "text" : "in",
      "whiteSpace" : false
    }, {
      "id" : "s12-t6",
      "begin" : 1706,
      "end" : 1710,
      "text" : "Deed",
      "whiteSpace" : false
    }, {
      "id" : "s12-t7",
      "begin" : 1711,
      "end" : 1715,
      "text" : "Book",
      "whiteSpace" : false
    }, {
      "id" : "s12-t8",
      "begin" : 1716,
      "end" : 1717,
      "text" : "a",
      "whiteSpace" : false
    }, {
      "id" : "s12-t9",
      "begin" : 1718,
      "end" : 1719,
      "text" : "O",
      "whiteSpace" : false
    }, {
      "id" : "s12-t10",
      "begin" : 1720,
      "end" : 1721,
      "text" : "L",
      "whiteSpace" : false
    }, {
      "id" : "s12-t11",
      "begin" : 1721,
      "end" : 1722,
      "text" : ",",
      "whiteSpace" : false
    }, {
      "id" : "s12-t12",
      "begin" : 1723,
      "end" : 1727,
      "text" : "page",
      "whiteSpace" : false
    }, {
      "id" : "s12-t13",
      "begin" : 1728,
      "end" : 1729,
      "text" : "1",
      "whiteSpace" : false
    }, {
      "id" : "s12-t14",
      "begin" : 1730,
      "end" : 1731,
      "text" : "l",
      "whiteSpace" : false
    }, {
      "id" : "s12-t15",
      "begin" : 1732,
      "end" : 1733,
      "text" : "D",
      "whiteSpace" : false
    }, {
      "id" : "s12-t16",
      "begin" : 1734,
      "end" : 1735,
      "text" : ",",
      "whiteSpace" : false
    }, {
      "id" : "s12-t17",
      "begin" : 1736,
      "end" : 1744,
      "text" : "Register",
      "whiteSpace" : false
    }, {
      "id" : "s12-t18",
      "begin" : 1744,
      "end" : 1745,
      "text" : "?",
      "whiteSpace" : false
    } ]
  }, {
    "id" : "s13",
    "begin" : 1745,
    "end" : 1752,
    "text" : "??s Of?",
    "tokens" : [ {
      "id" : "s13-t0",
      "begin" : 1745,
      "end" : 1748,
      "text" : "??s",
      "whiteSpace" : false
    }, {
      "id" : "s13-t1",
      "begin" : 1749,
      "end" : 1751,
      "text" : "Of",
      "whiteSpace" : false
    }, {
      "id" : "s13-t2",
      "begin" : 1751,
      "end" : 1752,
      "text" : "?",
      "whiteSpace" : false
    } ]
  }, {
    "id" : "s14",
    "begin" : 1752,
    "end" : 1788,
    "text" : "??ce of Humphreys County, Tennessee.",
    "tokens" : [ {
      "id" : "s14-t0",
      "begin" : 1752,
      "end" : 1756,
      "text" : "??ce",
      "whiteSpace" : false
    }, {
      "id" : "s14-t1",
      "begin" : 1757,
      "end" : 1759,
      "text" : "of",
      "whiteSpace" : false
    }, {
      "id" : "s14-t2",
      "begin" : 1760,
      "end" : 1769,
      "text" : "Humphreys",
      "whiteSpace" : false
    }, {
      "id" : "s14-t3",
      "begin" : 1770,
      "end" : 1776,
      "text" : "County",
      "whiteSpace" : false
    }, {
      "id" : "s14-t4",
      "begin" : 1776,
      "end" : 1777,
      "text" : ",",
      "whiteSpace" : false
    }, {
      "id" : "s14-t5",
      "begin" : 1778,
      "end" : 1787,
      "text" : "Tennessee",
      "whiteSpace" : false
    }, {
      "id" : "s14-t6",
      "begin" : 1787,
      "end" : 1788,
      "text" : ".",
      "whiteSpace" : false
    } ]
  }, {
    "id" : "s15",
    "begin" : 1789,
    "end" : 2043,
    "text" : "TO HAVE AND TO HOLD the said tract or parcel of land, with the appurtenances, estate, title, and interest thereto belonging, to the said Grantees, as joint tenants with right of survivorship and not as tenants in common, their heirs and assigns, forever.",
    "tokens" : [ {
      "id" : "s15-t0",
      "begin" : 1789,
      "end" : 1791,
      "text" : "TO",
      "whiteSpace" : false
    }, {
      "id" : "s15-t1",
      "begin" : 1792,
      "end" : 1796,
      "text" : "HAVE",
      "whiteSpace" : false
    }, {
      "id" : "s15-t2",
      "begin" : 1797,
      "end" : 1800,
      "text" : "AND",
      "whiteSpace" : false
    }, {
      "id" : "s15-t3",
      "begin" : 1801,
      "end" : 1803,
      "text" : "TO",
      "whiteSpace" : false
    }, {
      "id" : "s15-t4",
      "begin" : 1804,
      "end" : 1808,
      "text" : "HOLD",
      "whiteSpace" : false
    }, {
      "id" : "s15-t5",
      "begin" : 1809,
      "end" : 1812,
      "text" : "the",
      "whiteSpace" : false
    }, {
      "id" : "s15-t6",
      "begin" : 1813,
      "end" : 1817,
      "text" : "said",
      "whiteSpace" : false
    }, {
      "id" : "s15-t7",
      "begin" : 1818,
      "end" : 1823,
      "text" : "tract",
      "whiteSpace" : false
    }, {
      "id" : "s15-t8",
      "begin" : 1824,
      "end" : 1826,
      "text" : "or",
      "whiteSpace" : false
    }, {
      "id" : "s15-t9",
      "begin" : 1827,
      "end" : 1833,
      "text" : "parcel",
      "whiteSpace" : false
    }, {
      "id" : "s15-t10",
      "begin" : 1834,
      "end" : 1836,
      "text" : "of",
      "whiteSpace" : false
    }, {
      "id" : "s15-t11",
      "begin" : 1837,
      "end" : 1841,
      "text" : "land",
      "whiteSpace" : false
    }, {
      "id" : "s15-t12",
      "begin" : 1841,
      "end" : 1842,
      "text" : ",",
      "whiteSpace" : false
    }, {
      "id" : "s15-t13",
      "begin" : 1843,
      "end" : 1847,
      "text" : "with",
      "whiteSpace" : false
    }, {
      "id" : "s15-t14",
      "begin" : 1848,
      "end" : 1851,
      "text" : "the",
      "whiteSpace" : false
    }, {
      "id" : "s15-t15",
      "begin" : 1852,
      "end" : 1865,
      "text" : "appurtenances",
      "whiteSpace" : false
    }, {
      "id" : "s15-t16",
      "begin" : 1865,
      "end" : 1866,
      "text" : ",",
      "whiteSpace" : false
    }, {
      "id" : "s15-t17",
      "begin" : 1867,
      "end" : 1873,
      "text" : "estate",
      "whiteSpace" : false
    }, {
      "id" : "s15-t18",
      "begin" : 1873,
      "end" : 1874,
      "text" : ",",
      "whiteSpace" : false
    }, {
      "id" : "s15-t19",
      "begin" : 1875,
      "end" : 1880,
      "text" : "title",
      "whiteSpace" : false
    }, {
      "id" : "s15-t20",
      "begin" : 1880,
      "end" : 1881,
      "text" : ",",
      "whiteSpace" : false
    }, {
      "id" : "s15-t21",
      "begin" : 1882,
      "end" : 1885,
      "text" : "and",
      "whiteSpace" : false
    }, {
      "id" : "s15-t22",
      "begin" : 1886,
      "end" : 1894,
      "text" : "interest",
      "whiteSpace" : false
    }, {
      "id" : "s15-t23",
      "begin" : 1895,
      "end" : 1902,
      "text" : "thereto",
      "whiteSpace" : false
    }, {
      "id" : "s15-t24",
      "begin" : 1903,
      "end" : 1912,
      "text" : "belonging",
      "whiteSpace" : false
    }, {
      "id" : "s15-t25",
      "begin" : 1912,
      "end" : 1913,
      "text" : ",",
      "whiteSpace" : false
    }, {
      "id" : "s15-t26",
      "begin" : 1914,
      "end" : 1916,
      "text" : "to",
      "whiteSpace" : false
    }, {
      "id" : "s15-t27",
      "begin" : 1917,
      "end" : 1920,
      "text" : "the",
      "whiteSpace" : false
    }, {
      "id" : "s15-t28",
      "begin" : 1921,
      "end" : 1925,
      "text" : "said",
      "whiteSpace" : false
    }, {
      "id" : "s15-t29",
      "begin" : 1926,
      "end" : 1934,
      "text" : "Grantees",
      "whiteSpace" : false
    }, {
      "id" : "s15-t30",
      "begin" : 1934,
      "end" : 1935,
      "text" : ",",
      "whiteSpace" : false
    }, {
      "id" : "s15-t31",
      "begin" : 1936,
      "end" : 1938,
      "text" : "as",
      "whiteSpace" : false
    }, {
      "id" : "s15-t32",
      "begin" : 1939,
      "end" : 1944,
      "text" : "joint",
      "whiteSpace" : false
    }, {
      "id" : "s15-t33",
      "begin" : 1945,
      "end" : 1952,
      "text" : "tenants",
      "whiteSpace" : false
    }, {
      "id" : "s15-t34",
      "begin" : 1953,
      "end" : 1957,
      "text" : "with",
      "whiteSpace" : false
    }, {
      "id" : "s15-t35",
      "begin" : 1958,
      "end" : 1963,
      "text" : "right",
      "whiteSpace" : false
    }, {
      "id" : "s15-t36",
      "begin" : 1964,
      "end" : 1966,
      "text" : "of",
      "whiteSpace" : false
    }, {
      "id" : "s15-t37",
      "begin" : 1967,
      "end" : 1979,
      "text" : "survivorship",
      "whiteSpace" : false
    }, {
      "id" : "s15-t38",
      "begin" : 1980,
      "end" : 1983,
      "text" : "and",
      "whiteSpace" : false
    }, {
      "id" : "s15-t39",
      "begin" : 1984,
      "end" : 1987,
      "text" : "not",
      "whiteSpace" : false
    }, {
      "id" : "s15-t40",
      "begin" : 1988,
      "end" : 1990,
      "text" : "as",
      "whiteSpace" : false
    }, {
      "id" : "s15-t41",
      "begin" : 1991,
      "end" : 1998,
      "text" : "tenants",
      "whiteSpace" : false
    }, {
      "id" : "s15-t42",
      "begin" : 1999,
      "end" : 2001,
      "text" : "in",
      "whiteSpace" : false
    }, {
      "id" : "s15-t43",
      "begin" : 2002,
      "end" : 2008,
      "text" : "common",
      "whiteSpace" : false
    }, {
      "id" : "s15-t44",
      "begin" : 2008,
      "end" : 2009,
      "text" : ",",
      "whiteSpace" : false
    }, {
      "id" : "s15-t45",
      "begin" : 2010,
      "end" : 2015,
      "text" : "their",
      "whiteSpace" : false
    }, {
      "id" : "s15-t46",
      "begin" : 2016,
      "end" : 2021,
      "text" : "heirs",
      "whiteSpace" : false
    }, {
      "id" : "s15-t47",
      "begin" : 2022,
      "end" : 2025,
      "text" : "and",
      "whiteSpace" : false
    }, {
      "id" : "s15-t48",
      "begin" : 2026,
      "end" : 2033,
      "text" : "assigns",
      "whiteSpace" : false
    }, {
      "id" : "s15-t49",
      "begin" : 2033,
      "end" : 2034,
      "text" : ",",
      "whiteSpace" : false
    }, {
      "id" : "s15-t50",
      "begin" : 2035,
      "end" : 2042,
      "text" : "forever",
      "whiteSpace" : false
    }, {
      "id" : "s15-t51",
      "begin" : 2042,
      "end" : 2043,
      "text" : ".",
      "whiteSpace" : false
    } ]
  }, {
    "id" : "s16",
    "begin" : 2044,
    "end" : 2437,
    "text" : "Grantors covenant with the said Grantees that Grantors are lawfully seized and possessed of said land in Fee Simple, have a good right to convey it, and the same is unencumbered except for the lien of the ad valorem real property taxes assessed and levied on the property by Humphreys County, Tennessee for the year 2019 which will be prorated as of this date and paid by the Grantee when due.",
    "tokens" : [ {
      "id" : "s16-t0",
      "begin" : 2044,
      "end" : 2052,
      "text" : "Grantors",
      "whiteSpace" : false
    }, {
      "id" : "s16-t1",
      "begin" : 2053,
      "end" : 2061,
      "text" : "covenant",
      "whiteSpace" : false
    }, {
      "id" : "s16-t2",
      "begin" : 2062,
      "end" : 2066,
      "text" : "with",
      "whiteSpace" : false
    }, {
      "id" : "s16-t3",
      "begin" : 2067,
      "end" : 2070,
      "text" : "the",
      "whiteSpace" : false
    }, {
      "id" : "s16-t4",
      "begin" : 2071,
      "end" : 2075,
      "text" : "said",
      "whiteSpace" : false
    }, {
      "id" : "s16-t5",
      "begin" : 2076,
      "end" : 2084,
      "text" : "Grantees",
      "whiteSpace" : false
    }, {
      "id" : "s16-t6",
      "begin" : 2085,
      "end" : 2089,
      "text" : "that",
      "whiteSpace" : false
    }, {
      "id" : "s16-t7",
      "begin" : 2090,
      "end" : 2098,
      "text" : "Grantors",
      "whiteSpace" : false
    }, {
      "id" : "s16-t8",
      "begin" : 2099,
      "end" : 2102,
      "text" : "are",
      "whiteSpace" : false
    }, {
      "id" : "s16-t9",
      "begin" : 2103,
      "end" : 2111,
      "text" : "lawfully",
      "whiteSpace" : false
    }, {
      "id" : "s16-t10",
      "begin" : 2112,
      "end" : 2118,
      "text" : "seized",
      "whiteSpace" : false
    }, {
      "id" : "s16-t11",
      "begin" : 2119,
      "end" : 2122,
      "text" : "and",
      "whiteSpace" : false
    }, {
      "id" : "s16-t12",
      "begin" : 2123,
      "end" : 2132,
      "text" : "possessed",
      "whiteSpace" : false
    }, {
      "id" : "s16-t13",
      "begin" : 2133,
      "end" : 2135,
      "text" : "of",
      "whiteSpace" : false
    }, {
      "id" : "s16-t14",
      "begin" : 2136,
      "end" : 2140,
      "text" : "said",
      "whiteSpace" : false
    }, {
      "id" : "s16-t15",
      "begin" : 2141,
      "end" : 2145,
      "text" : "land",
      "whiteSpace" : false
    }, {
      "id" : "s16-t16",
      "begin" : 2146,
      "end" : 2148,
      "text" : "in",
      "whiteSpace" : false
    }, {
      "id" : "s16-t17",
      "begin" : 2149,
      "end" : 2152,
      "text" : "Fee",
      "whiteSpace" : false
    }, {
      "id" : "s16-t18",
      "begin" : 2153,
      "end" : 2159,
      "text" : "Simple",
      "whiteSpace" : false
    }, {
      "id" : "s16-t19",
      "begin" : 2159,
      "end" : 2160,
      "text" : ",",
      "whiteSpace" : false
    }, {
      "id" : "s16-t20",
      "begin" : 2161,
      "end" : 2165,
      "text" : "have",
      "whiteSpace" : false
    }, {
      "id" : "s16-t21",
      "begin" : 2166,
      "end" : 2167,
      "text" : "a",
      "whiteSpace" : false
    }, {
      "id" : "s16-t22",
      "begin" : 2168,
      "end" : 2172,
      "text" : "good",
      "whiteSpace" : false
    }, {
      "id" : "s16-t23",
      "begin" : 2173,
      "end" : 2178,
      "text" : "right",
      "whiteSpace" : false
    }, {
      "id" : "s16-t24",
      "begin" : 2179,
      "end" : 2181,
      "text" : "to",
      "whiteSpace" : false
    }, {
      "id" : "s16-t25",
      "begin" : 2182,
      "end" : 2188,
      "text" : "convey",
      "whiteSpace" : false
    }, {
      "id" : "s16-t26",
      "begin" : 2189,
      "end" : 2191,
      "text" : "it",
      "whiteSpace" : false
    }, {
      "id" : "s16-t27",
      "begin" : 2191,
      "end" : 2192,
      "text" : ",",
      "whiteSpace" : false
    }, {
      "id" : "s16-t28",
      "begin" : 2193,
      "end" : 2196,
      "text" : "and",
      "whiteSpace" : false
    }, {
      "id" : "s16-t29",
      "begin" : 2197,
      "end" : 2200,
      "text" : "the",
      "whiteSpace" : false
    }, {
      "id" : "s16-t30",
      "begin" : 2201,
      "end" : 2205,
      "text" : "same",
      "whiteSpace" : false
    }, {
      "id" : "s16-t31",
      "begin" : 2206,
      "end" : 2208,
      "text" : "is",
      "whiteSpace" : false
    }, {
      "id" : "s16-t32",
      "begin" : 2209,
      "end" : 2221,
      "text" : "unencumbered",
      "whiteSpace" : false
    }, {
      "id" : "s16-t33",
      "begin" : 2222,
      "end" : 2228,
      "text" : "except",
      "whiteSpace" : false
    }, {
      "id" : "s16-t34",
      "begin" : 2229,
      "end" : 2232,
      "text" : "for",
      "whiteSpace" : false
    }, {
      "id" : "s16-t35",
      "begin" : 2233,
      "end" : 2236,
      "text" : "the",
      "whiteSpace" : false
    }, {
      "id" : "s16-t36",
      "begin" : 2237,
      "end" : 2241,
      "text" : "lien",
      "whiteSpace" : false
    }, {
      "id" : "s16-t37",
      "begin" : 2242,
      "end" : 2244,
      "text" : "of",
      "whiteSpace" : false
    }, {
      "id" : "s16-t38",
      "begin" : 2245,
      "end" : 2248,
      "text" : "the",
      "whiteSpace" : false
    }, {
      "id" : "s16-t39",
      "begin" : 2249,
      "end" : 2251,
      "text" : "ad",
      "whiteSpace" : false
    }, {
      "id" : "s16-t40",
      "begin" : 2252,
      "end" : 2259,
      "text" : "valorem",
      "whiteSpace" : false
    }, {
      "id" : "s16-t41",
      "begin" : 2260,
      "end" : 2264,
      "text" : "real",
      "whiteSpace" : false
    }, {
      "id" : "s16-t42",
      "begin" : 2265,
      "end" : 2273,
      "text" : "property",
      "whiteSpace" : false
    }, {
      "id" : "s16-t43",
      "begin" : 2274,
      "end" : 2279,
      "text" : "taxes",
      "whiteSpace" : false
    }, {
      "id" : "s16-t44",
      "begin" : 2280,
      "end" : 2288,
      "text" : "assessed",
      "whiteSpace" : false
    }, {
      "id" : "s16-t45",
      "begin" : 2289,
      "end" : 2292,
      "text" : "and",
      "whiteSpace" : false
    }, {
      "id" : "s16-t46",
      "begin" : 2293,
      "end" : 2299,
      "text" : "levied",
      "whiteSpace" : false
    }, {
      "id" : "s16-t47",
      "begin" : 2300,
      "end" : 2302,
      "text" : "on",
      "whiteSpace" : false
    }, {
      "id" : "s16-t48",
      "begin" : 2303,
      "end" : 2306,
      "text" : "the",
      "whiteSpace" : false
    }, {
      "id" : "s16-t49",
      "begin" : 2307,
      "end" : 2315,
      "text" : "property",
      "whiteSpace" : false
    }, {
      "id" : "s16-t50",
      "begin" : 2316,
      "end" : 2318,
      "text" : "by",
      "whiteSpace" : false
    }, {
      "id" : "s16-t51",
      "begin" : 2319,
      "end" : 2328,
      "text" : "Humphreys",
      "whiteSpace" : false
    }, {
      "id" : "s16-t52",
      "begin" : 2329,
      "end" : 2335,
      "text" : "County",
      "whiteSpace" : false
    }, {
      "id" : "s16-t53",
      "begin" : 2335,
      "end" : 2336,
      "text" : ",",
      "whiteSpace" : false
    }, {
      "id" : "s16-t54",
      "begin" : 2337,
      "end" : 2346,
      "text" : "Tennessee",
      "whiteSpace" : false
    }, {
      "id" : "s16-t55",
      "begin" : 2347,
      "end" : 2350,
      "text" : "for",
      "whiteSpace" : false
    }, {
      "id" : "s16-t56",
      "begin" : 2351,
      "end" : 2354,
      "text" : "the",
      "whiteSpace" : false
    }, {
      "id" : "s16-t57",
      "begin" : 2355,
      "end" : 2359,
      "text" : "year",
      "whiteSpace" : false
    }, {
      "id" : "s16-t58",
      "begin" : 2360,
      "end" : 2364,
      "text" : "2019",
      "whiteSpace" : false
    }, {
      "id" : "s16-t59",
      "begin" : 2365,
      "end" : 2370,
      "text" : "which",
      "whiteSpace" : false
    }, {
      "id" : "s16-t60",
      "begin" : 2371,
      "end" : 2375,
      "text" : "will",
      "whiteSpace" : false
    }, {
      "id" : "s16-t61",
      "begin" : 2376,
      "end" : 2378,
      "text" : "be",
      "whiteSpace" : false
    }, {
      "id" : "s16-t62",
      "begin" : 2379,
      "end" : 2387,
      "text" : "prorated",
      "whiteSpace" : false
    }, {
      "id" : "s16-t63",
      "begin" : 2388,
      "end" : 2390,
      "text" : "as",
      "whiteSpace" : false
    }, {
      "id" : "s16-t64",
      "begin" : 2391,
      "end" : 2393,
      "text" : "of",
      "whiteSpace" : false
    }, {
      "id" : "s16-t65",
      "begin" : 2394,
      "end" : 2398,
      "text" : "this",
      "whiteSpace" : false
    }, {
      "id" : "s16-t66",
      "begin" : 2399,
      "end" : 2403,
      "text" : "date",
      "whiteSpace" : false
    }, {
      "id" : "s16-t67",
      "begin" : 2404,
      "end" : 2407,
      "text" : "and",
      "whiteSpace" : false
    }, {
      "id" : "s16-t68",
      "begin" : 2408,
      "end" : 2412,
      "text" : "paid",
      "whiteSpace" : false
    }, {
      "id" : "s16-t69",
      "begin" : 2413,
      "end" : 2415,
      "text" : "by",
      "whiteSpace" : false
    }, {
      "id" : "s16-t70",
      "begin" : 2416,
      "end" : 2419,
      "text" : "the",
      "whiteSpace" : false
    }, {
      "id" : "s16-t71",
      "begin" : 2420,
      "end" : 2427,
      "text" : "Grantee",
      "whiteSpace" : false
    }, {
      "id" : "s16-t72",
      "begin" : 2428,
      "end" : 2432,
      "text" : "when",
      "whiteSpace" : false
    }, {
      "id" : "s16-t73",
      "begin" : 2433,
      "end" : 2436,
      "text" : "due",
      "whiteSpace" : false
    }, {
      "id" : "s16-t74",
      "begin" : 2436,
      "end" : 2437,
      "text" : ".",
      "whiteSpace" : false
    } ]
  }, {
    "id" : "s17",
    "begin" : 2438,
    "end" : 2690,
    "text" : "Grantors further covenant and bind themselves, their heirs and representatives, to warrant Book WD207 Page 714 and forever defend the title to said land to the said Grantees, their heirs and assigns, against the lawful claims of all persons whomsoever.",
    "tokens" : [ {
      "id" : "s17-t0",
      "begin" : 2438,
      "end" : 2446,
      "text" : "Grantors",
      "whiteSpace" : false
    }, {
      "id" : "s17-t1",
      "begin" : 2447,
      "end" : 2454,
      "text" : "further",
      "whiteSpace" : false
    }, {
      "id" : "s17-t2",
      "begin" : 2455,
      "end" : 2463,
      "text" : "covenant",
      "whiteSpace" : false
    }, {
      "id" : "s17-t3",
      "begin" : 2464,
      "end" : 2467,
      "text" : "and",
      "whiteSpace" : false
    }, {
      "id" : "s17-t4",
      "begin" : 2468,
      "end" : 2472,
      "text" : "bind",
      "whiteSpace" : false
    }, {
      "id" : "s17-t5",
      "begin" : 2473,
      "end" : 2483,
      "text" : "themselves",
      "whiteSpace" : false
    }, {
      "id" : "s17-t6",
      "begin" : 2483,
      "end" : 2484,
      "text" : ",",
      "whiteSpace" : false
    }, {
      "id" : "s17-t7",
      "begin" : 2485,
      "end" : 2490,
      "text" : "their",
      "whiteSpace" : false
    }, {
      "id" : "s17-t8",
      "begin" : 2491,
      "end" : 2496,
      "text" : "heirs",
      "whiteSpace" : false
    }, {
      "id" : "s17-t9",
      "begin" : 2497,
      "end" : 2500,
      "text" : "and",
      "whiteSpace" : false
    }, {
      "id" : "s17-t10",
      "begin" : 2501,
      "end" : 2516,
      "text" : "representatives",
      "whiteSpace" : false
    }, {
      "id" : "s17-t11",
      "begin" : 2516,
      "end" : 2517,
      "text" : ",",
      "whiteSpace" : false
    }, {
      "id" : "s17-t12",
      "begin" : 2518,
      "end" : 2520,
      "text" : "to",
      "whiteSpace" : false
    }, {
      "id" : "s17-t13",
      "begin" : 2521,
      "end" : 2528,
      "text" : "warrant",
      "whiteSpace" : false
    }, {
      "id" : "s17-t14",
      "begin" : 2529,
      "end" : 2533,
      "text" : "Book",
      "whiteSpace" : false
    }, {
      "id" : "s17-t15",
      "begin" : 2534,
      "end" : 2539,
      "text" : "WD207",
      "whiteSpace" : false
    }, {
      "id" : "s17-t16",
      "begin" : 2540,
      "end" : 2544,
      "text" : "Page",
      "whiteSpace" : false
    }, {
      "id" : "s17-t17",
      "begin" : 2545,
      "end" : 2548,
      "text" : "714",
      "whiteSpace" : false
    }, {
      "id" : "s17-t18",
      "begin" : 2549,
      "end" : 2552,
      "text" : "and",
      "whiteSpace" : false
    }, {
      "id" : "s17-t19",
      "begin" : 2553,
      "end" : 2560,
      "text" : "forever",
      "whiteSpace" : false
    }, {
      "id" : "s17-t20",
      "begin" : 2561,
      "end" : 2567,
      "text" : "defend",
      "whiteSpace" : false
    }, {
      "id" : "s17-t21",
      "begin" : 2568,
      "end" : 2571,
      "text" : "the",
      "whiteSpace" : false
    }, {
      "id" : "s17-t22",
      "begin" : 2572,
      "end" : 2577,
      "text" : "title",
      "whiteSpace" : false
    }, {
      "id" : "s17-t23",
      "begin" : 2578,
      "end" : 2580,
      "text" : "to",
      "whiteSpace" : false
    }, {
      "id" : "s17-t24",
      "begin" : 2581,
      "end" : 2585,
      "text" : "said",
      "whiteSpace" : false
    }, {
      "id" : "s17-t25",
      "begin" : 2586,
      "end" : 2590,
      "text" : "land",
      "whiteSpace" : false
    }, {
      "id" : "s17-t26",
      "begin" : 2591,
      "end" : 2593,
      "text" : "to",
      "whiteSpace" : false
    }, {
      "id" : "s17-t27",
      "begin" : 2594,
      "end" : 2597,
      "text" : "the",
      "whiteSpace" : false
    }, {
      "id" : "s17-t28",
      "begin" : 2598,
      "end" : 2602,
      "text" : "said",
      "whiteSpace" : false
    }, {
      "id" : "s17-t29",
      "begin" : 2603,
      "end" : 2611,
      "text" : "Grantees",
      "whiteSpace" : false
    }, {
      "id" : "s17-t30",
      "begin" : 2611,
      "end" : 2612,
      "text" : ",",
      "whiteSpace" : false
    }, {
      "id" : "s17-t31",
      "begin" : 2613,
      "end" : 2618,
      "text" : "their",
      "whiteSpace" : false
    }, {
      "id" : "s17-t32",
      "begin" : 2619,
      "end" : 2624,
      "text" : "heirs",
      "whiteSpace" : false
    }, {
      "id" : "s17-t33",
      "begin" : 2625,
      "end" : 2628,
      "text" : "and",
      "whiteSpace" : false
    }, {
      "id" : "s17-t34",
      "begin" : 2629,
      "end" : 2636,
      "text" : "assigns",
      "whiteSpace" : false
    }, {
      "id" : "s17-t35",
      "begin" : 2636,
      "end" : 2637,
      "text" : ",",
      "whiteSpace" : false
    }, {
      "id" : "s17-t36",
      "begin" : 2638,
      "end" : 2645,
      "text" : "against",
      "whiteSpace" : false
    }, {
      "id" : "s17-t37",
      "begin" : 2646,
      "end" : 2649,
      "text" : "the",
      "whiteSpace" : false
    }, {
      "id" : "s17-t38",
      "begin" : 2650,
      "end" : 2656,
      "text" : "lawful",
      "whiteSpace" : false
    }, {
      "id" : "s17-t39",
      "begin" : 2657,
      "end" : 2663,
      "text" : "claims",
      "whiteSpace" : false
    }, {
      "id" : "s17-t40",
      "begin" : 2664,
      "end" : 2666,
      "text" : "of",
      "whiteSpace" : false
    }, {
      "id" : "s17-t41",
      "begin" : 2667,
      "end" : 2670,
      "text" : "all",
      "whiteSpace" : false
    }, {
      "id" : "s17-t42",
      "begin" : 2671,
      "end" : 2678,
      "text" : "persons",
      "whiteSpace" : false
    }, {
      "id" : "s17-t43",
      "begin" : 2679,
      "end" : 2689,
      "text" : "whomsoever",
      "whiteSpace" : false
    }, {
      "id" : "s17-t44",
      "begin" : 2689,
      "end" : 2690,
      "text" : ".",
      "whiteSpace" : false
    } ]
  }, {
    "id" : "s18",
    "begin" : 2691,
    "end" : 2759,
    "text" : "IN WITNESS WHEREOF, Grantors have executed this instrument on this 2",
    "tokens" : [ {
      "id" : "s18-t0",
      "begin" : 2691,
      "end" : 2693,
      "text" : "IN",
      "whiteSpace" : false
    }, {
      "id" : "s18-t1",
      "begin" : 2694,
      "end" : 2701,
      "text" : "WITNESS",
      "whiteSpace" : false
    }, {
      "id" : "s18-t2",
      "begin" : 2702,
      "end" : 2709,
      "text" : "WHEREOF",
      "whiteSpace" : false
    }, {
      "id" : "s18-t3",
      "begin" : 2709,
      "end" : 2710,
      "text" : ",",
      "whiteSpace" : false
    }, {
      "id" : "s18-t4",
      "begin" : 2711,
      "end" : 2719,
      "text" : "Grantors",
      "whiteSpace" : false
    }, {
      "id" : "s18-t5",
      "begin" : 2720,
      "end" : 2724,
      "text" : "have",
      "whiteSpace" : false
    }, {
      "id" : "s18-t6",
      "begin" : 2725,
      "end" : 2733,
      "text" : "executed",
      "whiteSpace" : false
    }, {
      "id" : "s18-t7",
      "begin" : 2734,
      "end" : 2738,
      "text" : "this",
      "whiteSpace" : false
    }, {
      "id" : "s18-t8",
      "begin" : 2739,
      "end" : 2749,
      "text" : "instrument",
      "whiteSpace" : false
    }, {
      "id" : "s18-t9",
      "begin" : 2750,
      "end" : 2752,
      "text" : "on",
      "whiteSpace" : false
    }, {
      "id" : "s18-t10",
      "begin" : 2753,
      "end" : 2757,
      "text" : "this",
      "whiteSpace" : false
    }, {
      "id" : "s18-t11",
      "begin" : 2758,
      "end" : 2759,
      "text" : "2",
      "whiteSpace" : false
    } ]
  } ],
  "mentions" : [ {
    "id" : "s4-m1",
    "properties" : {
      "SIRE_MENTION_ROLE" : "WarrDeedBookNum",
      "SIRE_ENTITY_SUBTYPE" : "NONE",
      "SIRE_MENTION_TYPE" : "NONE",
      "SIRE_MENTION_CLASS" : "SPC"
    },
    "type" : "WarrDeedBookNum",
    "begin" : 862,
    "end" : 865,
    "inCoref" : false
  }, {
    "id" : "s4-m2",
    "properties" : {
      "SIRE_MENTION_ROLE" : "WarrDeedPageNum",
      "SIRE_ENTITY_SUBTYPE" : "NONE",
      "SIRE_MENTION_TYPE" : "NONE",
      "SIRE_MENTION_CLASS" : "SPC"
    },
    "type" : "WarrDeedPageNum",
    "begin" : 872,
    "end" : 875,
    "inCoref" : false
  }, {
    "id" : "s9-m1",
    "properties" : {
      "SIRE_MENTION_ROLE" : "WarrDeedBookNum",
      "SIRE_ENTITY_SUBTYPE" : "NONE",
      "SIRE_MENTION_TYPE" : "NONE",
      "SIRE_MENTION_CLASS" : "SPC"
    },
    "type" : "WarrDeedBookNum",
    "begin" : 1445,
    "end" : 1448,
    "inCoref" : false
  }, {
    "id" : "s9-m2",
    "properties" : {
      "SIRE_MENTION_ROLE" : "WarrDeedPageNum",
      "SIRE_ENTITY_SUBTYPE" : "NONE",
      "SIRE_MENTION_TYPE" : "NONE",
      "SIRE_MENTION_CLASS" : "SPC"
    },
    "type" : "WarrDeedPageNum",
    "begin" : 1455,
    "end" : 1458,
    "inCoref" : false
  } ],
  "relations" : [ ],
  "corefs" : [ ],
  "typeResolved" : true,
  "userResolved" : false
}