{
  "id" : "977b2880-54dc-11e9-b3f1-919b26b254ae-11",
  "name" : "WD194-1125.txt",
  "createdDate" : 0,
  "version" : 3,
  "text" : " E 594.83 feet; N 02??37'45 \" E 321.54 feet to the point of beginning containing an area of 95.33 acres more or less by calculation and being made subject to all existing rights-0f~way., Survey made by McBride Survey C0. 3/26/02., Being the same property conveyed to Peggy Hargis Woolum by deed recorded in Deed Book 128, Page 482 R.O.H.C. Edward L. Woolum joins in this conveyance as husband of Peggy Hargis Woolum for, the purpose of transferring any interest in and to said property to the Grantee, subject to the Life Estate retained herein., GRANTORS HEREIN RETAIN A LIFE ESTATE IN AND TO ALL OF THE ABOVE DESCRIBED PROPERTY.]\n",
  "docLength" : 0,
  "language" : "EN",
  "status" : "SUBMITTED",
  "modifiedDate" : 1554166036968,
  "documentSet" : [ ],
  "preannotation" : [ ],
  "sentences" : [ {
    "id" : "s0",
    "begin" : 1,
    "end" : 220,
    "text" : "E 594.83 feet; N 02??37'45 \" E 321.54 feet to the point of beginning containing an area of 95.33 acres more or less by calculation and being made subject to all existing rights-0f~way., Survey made by McBride Survey C0.",
    "tokens" : [ {
      "id" : "s0-t0",
      "begin" : 1,
      "end" : 2,
      "text" : "E",
      "whiteSpace" : false
    }, {
      "id" : "s0-t1",
      "begin" : 3,
      "end" : 9,
      "text" : "594.83",
      "whiteSpace" : false
    }, {
      "id" : "s0-t2",
      "begin" : 10,
      "end" : 14,
      "text" : "feet",
      "whiteSpace" : false
    }, {
      "id" : "s0-t3",
      "begin" : 14,
      "end" : 15,
      "text" : ";",
      "whiteSpace" : false
    }, {
      "id" : "s0-t4",
      "begin" : 16,
      "end" : 17,
      "text" : "N",
      "whiteSpace" : false
    }, {
      "id" : "s0-t5",
      "begin" : 18,
      "end" : 20,
      "text" : "02",
      "whiteSpace" : false
    }, {
      "id" : "s0-t6",
      "begin" : 20,
      "end" : 24,
      "text" : "??37",
      "whiteSpace" : false
    }, {
      "id" : "s0-t7",
      "begin" : 24,
      "end" : 25,
      "text" : "'",
      "whiteSpace" : false
    }, {
      "id" : "s0-t8",
      "begin" : 25,
      "end" : 27,
      "text" : "45",
      "whiteSpace" : false
    }, {
      "id" : "s0-t9",
      "begin" : 28,
      "end" : 29,
      "text" : "\"",
      "whiteSpace" : false
    }, {
      "id" : "s0-t10",
      "begin" : 30,
      "end" : 31,
      "text" : "E",
      "whiteSpace" : false
    }, {
      "id" : "s0-t11",
      "begin" : 32,
      "end" : 38,
      "text" : "321.54",
      "whiteSpace" : false
    }, {
      "id" : "s0-t12",
      "begin" : 39,
      "end" : 43,
      "text" : "feet",
      "whiteSpace" : false
    }, {
      "id" : "s0-t13",
      "begin" : 44,
      "end" : 46,
      "text" : "to",
      "whiteSpace" : false
    }, {
      "id" : "s0-t14",
      "begin" : 47,
      "end" : 50,
      "text" : "the",
      "whiteSpace" : false
    }, {
      "id" : "s0-t15",
      "begin" : 51,
      "end" : 56,
      "text" : "point",
      "whiteSpace" : false
    }, {
      "id" : "s0-t16",
      "begin" : 57,
      "end" : 59,
      "text" : "of",
      "whiteSpace" : false
    }, {
      "id" : "s0-t17",
      "begin" : 60,
      "end" : 69,
      "text" : "beginning",
      "whiteSpace" : false
    }, {
      "id" : "s0-t18",
      "begin" : 70,
      "end" : 80,
      "text" : "containing",
      "whiteSpace" : false
    }, {
      "id" : "s0-t19",
      "begin" : 81,
      "end" : 83,
      "text" : "an",
      "whiteSpace" : false
    }, {
      "id" : "s0-t20",
      "begin" : 84,
      "end" : 88,
      "text" : "area",
      "whiteSpace" : false
    }, {
      "id" : "s0-t21",
      "begin" : 89,
      "end" : 91,
      "text" : "of",
      "whiteSpace" : false
    }, {
      "id" : "s0-t22",
      "begin" : 92,
      "end" : 97,
      "text" : "95.33",
      "whiteSpace" : false
    }, {
      "id" : "s0-t23",
      "begin" : 98,
      "end" : 103,
      "text" : "acres",
      "whiteSpace" : false
    }, {
      "id" : "s0-t24",
      "begin" : 104,
      "end" : 108,
      "text" : "more",
      "whiteSpace" : false
    }, {
      "id" : "s0-t25",
      "begin" : 109,
      "end" : 111,
      "text" : "or",
      "whiteSpace" : false
    }, {
      "id" : "s0-t26",
      "begin" : 112,
      "end" : 116,
      "text" : "less",
      "whiteSpace" : false
    }, {
      "id" : "s0-t27",
      "begin" : 117,
      "end" : 119,
      "text" : "by",
      "whiteSpace" : false
    }, {
      "id" : "s0-t28",
      "begin" : 120,
      "end" : 131,
      "text" : "calculation",
      "whiteSpace" : false
    }, {
      "id" : "s0-t29",
      "begin" : 132,
      "end" : 135,
      "text" : "and",
      "whiteSpace" : false
    }, {
      "id" : "s0-t30",
      "begin" : 136,
      "end" : 141,
      "text" : "being",
      "whiteSpace" : false
    }, {
      "id" : "s0-t31",
      "begin" : 142,
      "end" : 146,
      "text" : "made",
      "whiteSpace" : false
    }, {
      "id" : "s0-t32",
      "begin" : 147,
      "end" : 154,
      "text" : "subject",
      "whiteSpace" : false
    }, {
      "id" : "s0-t33",
      "begin" : 155,
      "end" : 157,
      "text" : "to",
      "whiteSpace" : false
    }, {
      "id" : "s0-t34",
      "begin" : 158,
      "end" : 161,
      "text" : "all",
      "whiteSpace" : false
    }, {
      "id" : "s0-t35",
      "begin" : 162,
      "end" : 170,
      "text" : "existing",
      "whiteSpace" : false
    }, {
      "id" : "s0-t36",
      "begin" : 171,
      "end" : 177,
      "text" : "rights",
      "whiteSpace" : false
    }, {
      "id" : "s0-t37",
      "begin" : 177,
      "end" : 178,
      "text" : "-",
      "whiteSpace" : false
    }, {
      "id" : "s0-t38",
      "begin" : 178,
      "end" : 180,
      "text" : "0f",
      "whiteSpace" : false
    }, {
      "id" : "s0-t39",
      "begin" : 180,
      "end" : 181,
      "text" : "~",
      "whiteSpace" : false
    }, {
      "id" : "s0-t40",
      "begin" : 181,
      "end" : 185,
      "text" : "way.",
      "whiteSpace" : false
    }, {
      "id" : "s0-t41",
      "begin" : 185,
      "end" : 186,
      "text" : ",",
      "whiteSpace" : false
    }, {
      "id" : "s0-t42",
      "begin" : 187,
      "end" : 193,
      "text" : "Survey",
      "whiteSpace" : false
    }, {
      "id" : "s0-t43",
      "begin" : 194,
      "end" : 198,
      "text" : "made",
      "whiteSpace" : false
    }, {
      "id" : "s0-t44",
      "begin" : 199,
      "end" : 201,
      "text" : "by",
      "whiteSpace" : false
    }, {
      "id" : "s0-t45",
      "begin" : 202,
      "end" : 209,
      "text" : "McBride",
      "whiteSpace" : false
    }, {
      "id" : "s0-t46",
      "begin" : 210,
      "end" : 216,
      "text" : "Survey",
      "whiteSpace" : false
    }, {
      "id" : "s0-t47",
      "begin" : 217,
      "end" : 219,
      "text" : "C0",
      "whiteSpace" : false
    }, {
      "id" : "s0-t48",
      "begin" : 219,
      "end" : 220,
      "text" : ".",
      "whiteSpace" : false
    } ]
  }, {
    "id" : "s1",
    "begin" : 221,
    "end" : 631,
    "text" : "3/26/02., Being the same property conveyed to Peggy Hargis Woolum by deed recorded in Deed Book 128, Page 482 R.O.H.C. Edward L. Woolum joins in this conveyance as husband of Peggy Hargis Woolum for, the purpose of transferring any interest in and to said property to the Grantee, subject to the Life Estate retained herein., GRANTORS HEREIN RETAIN A LIFE ESTATE IN AND TO ALL OF THE ABOVE DESCRIBED PROPERTY.]",
    "tokens" : [ {
      "id" : "s1-t0",
      "begin" : 221,
      "end" : 228,
      "text" : "3/26/02",
      "whiteSpace" : false
    }, {
      "id" : "s1-t1",
      "begin" : 228,
      "end" : 229,
      "text" : ".",
      "whiteSpace" : false
    }, {
      "id" : "s1-t2",
      "begin" : 229,
      "end" : 230,
      "text" : ",",
      "whiteSpace" : false
    }, {
      "id" : "s1-t3",
      "begin" : 231,
      "end" : 236,
      "text" : "Being",
      "whiteSpace" : false
    }, {
      "id" : "s1-t4",
      "begin" : 237,
      "end" : 240,
      "text" : "the",
      "whiteSpace" : false
    }, {
      "id" : "s1-t5",
      "begin" : 241,
      "end" : 245,
      "text" : "same",
      "whiteSpace" : false
    }, {
      "id" : "s1-t6",
      "begin" : 246,
      "end" : 254,
      "text" : "property",
      "whiteSpace" : false
    }, {
      "id" : "s1-t7",
      "begin" : 255,
      "end" : 263,
      "text" : "conveyed",
      "whiteSpace" : false
    }, {
      "id" : "s1-t8",
      "begin" : 264,
      "end" : 266,
      "text" : "to",
      "whiteSpace" : false
    }, {
      "id" : "s1-t9",
      "begin" : 267,
      "end" : 272,
      "text" : "Peggy",
      "whiteSpace" : false
    }, {
      "id" : "s1-t10",
      "begin" : 273,
      "end" : 279,
      "text" : "Hargis",
      "whiteSpace" : false
    }, {
      "id" : "s1-t11",
      "begin" : 280,
      "end" : 286,
      "text" : "Woolum",
      "whiteSpace" : false
    }, {
      "id" : "s1-t12",
      "begin" : 287,
      "end" : 289,
      "text" : "by",
      "whiteSpace" : false
    }, {
      "id" : "s1-t13",
      "begin" : 290,
      "end" : 294,
      "text" : "deed",
      "whiteSpace" : false
    }, {
      "id" : "s1-t14",
      "begin" : 295,
      "end" : 303,
      "text" : "recorded",
      "whiteSpace" : false
    }, {
      "id" : "s1-t15",
      "begin" : 304,
      "end" : 306,
      "text" : "in",
      "whiteSpace" : false
    }, {
      "id" : "s1-t16",
      "begin" : 307,
      "end" : 311,
      "text" : "Deed",
      "whiteSpace" : false
    }, {
      "id" : "s1-t17",
      "begin" : 312,
      "end" : 316,
      "text" : "Book",
      "whiteSpace" : false
    }, {
      "id" : "s1-t18",
      "begin" : 317,
      "end" : 320,
      "text" : "128",
      "whiteSpace" : false
    }, {
      "id" : "s1-t19",
      "begin" : 320,
      "end" : 321,
      "text" : ",",
      "whiteSpace" : false
    }, {
      "id" : "s1-t20",
      "begin" : 322,
      "end" : 326,
      "text" : "Page",
      "whiteSpace" : false
    }, {
      "id" : "s1-t21",
      "begin" : 327,
      "end" : 330,
      "text" : "482",
      "whiteSpace" : false
    }, {
      "id" : "s1-t22",
      "begin" : 331,
      "end" : 339,
      "text" : "R.O.H.C.",
      "whiteSpace" : false
    }, {
      "id" : "s1-t23",
      "begin" : 340,
      "end" : 346,
      "text" : "Edward",
      "whiteSpace" : false
    }, {
      "id" : "s1-t24",
      "begin" : 347,
      "end" : 349,
      "text" : "L.",
      "whiteSpace" : false
    }, {
      "id" : "s1-t25",
      "begin" : 350,
      "end" : 356,
      "text" : "Woolum",
      "whiteSpace" : false
    }, {
      "id" : "s1-t26",
      "begin" : 357,
      "end" : 362,
      "text" : "joins",
      "whiteSpace" : false
    }, {
      "id" : "s1-t27",
      "begin" : 363,
      "end" : 365,
      "text" : "in",
      "whiteSpace" : false
    }, {
      "id" : "s1-t28",
      "begin" : 366,
      "end" : 370,
      "text" : "this",
      "whiteSpace" : false
    }, {
      "id" : "s1-t29",
      "begin" : 371,
      "end" : 381,
      "text" : "conveyance",
      "whiteSpace" : false
    }, {
      "id" : "s1-t30",
      "begin" : 382,
      "end" : 384,
      "text" : "as",
      "whiteSpace" : false
    }, {
      "id" : "s1-t31",
      "begin" : 385,
      "end" : 392,
      "text" : "husband",
      "whiteSpace" : false
    }, {
      "id" : "s1-t32",
      "begin" : 393,
      "end" : 395,
      "text" : "of",
      "whiteSpace" : false
    }, {
      "id" : "s1-t33",
      "begin" : 396,
      "end" : 401,
      "text" : "Peggy",
      "whiteSpace" : false
    }, {
      "id" : "s1-t34",
      "begin" : 402,
      "end" : 408,
      "text" : "Hargis",
      "whiteSpace" : false
    }, {
      "id" : "s1-t35",
      "begin" : 409,
      "end" : 415,
      "text" : "Woolum",
      "whiteSpace" : false
    }, {
      "id" : "s1-t36",
      "begin" : 416,
      "end" : 419,
      "text" : "for",
      "whiteSpace" : false
    }, {
      "id" : "s1-t37",
      "begin" : 419,
      "end" : 420,
      "text" : ",",
      "whiteSpace" : false
    }, {
      "id" : "s1-t38",
      "begin" : 421,
      "end" : 424,
      "text" : "the",
      "whiteSpace" : false
    }, {
      "id" : "s1-t39",
      "begin" : 425,
      "end" : 432,
      "text" : "purpose",
      "whiteSpace" : false
    }, {
      "id" : "s1-t40",
      "begin" : 433,
      "end" : 435,
      "text" : "of",
      "whiteSpace" : false
    }, {
      "id" : "s1-t41",
      "begin" : 436,
      "end" : 448,
      "text" : "transferring",
      "whiteSpace" : false
    }, {
      "id" : "s1-t42",
      "begin" : 449,
      "end" : 452,
      "text" : "any",
      "whiteSpace" : false
    }, {
      "id" : "s1-t43",
      "begin" : 453,
      "end" : 461,
      "text" : "interest",
      "whiteSpace" : false
    }, {
      "id" : "s1-t44",
      "begin" : 462,
      "end" : 464,
      "text" : "in",
      "whiteSpace" : false
    }, {
      "id" : "s1-t45",
      "begin" : 465,
      "end" : 468,
      "text" : "and",
      "whiteSpace" : false
    }, {
      "id" : "s1-t46",
      "begin" : 469,
      "end" : 471,
      "text" : "to",
      "whiteSpace" : false
    }, {
      "id" : "s1-t47",
      "begin" : 472,
      "end" : 476,
      "text" : "said",
      "whiteSpace" : false
    }, {
      "id" : "s1-t48",
      "begin" : 477,
      "end" : 485,
      "text" : "property",
      "whiteSpace" : false
    }, {
      "id" : "s1-t49",
      "begin" : 486,
      "end" : 488,
      "text" : "to",
      "whiteSpace" : false
    }, {
      "id" : "s1-t50",
      "begin" : 489,
      "end" : 492,
      "text" : "the",
      "whiteSpace" : false
    }, {
      "id" : "s1-t51",
      "begin" : 493,
      "end" : 500,
      "text" : "Grantee",
      "whiteSpace" : false
    }, {
      "id" : "s1-t52",
      "begin" : 500,
      "end" : 501,
      "text" : ",",
      "whiteSpace" : false
    }, {
      "id" : "s1-t53",
      "begin" : 502,
      "end" : 509,
      "text" : "subject",
      "whiteSpace" : false
    }, {
      "id" : "s1-t54",
      "begin" : 510,
      "end" : 512,
      "text" : "to",
      "whiteSpace" : false
    }, {
      "id" : "s1-t55",
      "begin" : 513,
      "end" : 516,
      "text" : "the",
      "whiteSpace" : false
    }, {
      "id" : "s1-t56",
      "begin" : 517,
      "end" : 521,
      "text" : "Life",
      "whiteSpace" : false
    }, {
      "id" : "s1-t57",
      "begin" : 522,
      "end" : 528,
      "text" : "Estate",
      "whiteSpace" : false
    }, {
      "id" : "s1-t58",
      "begin" : 529,
      "end" : 537,
      "text" : "retained",
      "whiteSpace" : false
    }, {
      "id" : "s1-t59",
      "begin" : 538,
      "end" : 545,
      "text" : "herein.",
      "whiteSpace" : false
    }, {
      "id" : "s1-t60",
      "begin" : 545,
      "end" : 546,
      "text" : ",",
      "whiteSpace" : false
    }, {
      "id" : "s1-t61",
      "begin" : 547,
      "end" : 555,
      "text" : "GRANTORS",
      "whiteSpace" : false
    }, {
      "id" : "s1-t62",
      "begin" : 556,
      "end" : 562,
      "text" : "HEREIN",
      "whiteSpace" : false
    }, {
      "id" : "s1-t63",
      "begin" : 563,
      "end" : 569,
      "text" : "RETAIN",
      "whiteSpace" : false
    }, {
      "id" : "s1-t64",
      "begin" : 570,
      "end" : 571,
      "text" : "A",
      "whiteSpace" : false
    }, {
      "id" : "s1-t65",
      "begin" : 572,
      "end" : 576,
      "text" : "LIFE",
      "whiteSpace" : false
    }, {
      "id" : "s1-t66",
      "begin" : 577,
      "end" : 583,
      "text" : "ESTATE",
      "whiteSpace" : false
    }, {
      "id" : "s1-t67",
      "begin" : 584,
      "end" : 586,
      "text" : "IN",
      "whiteSpace" : false
    }, {
      "id" : "s1-t68",
      "begin" : 587,
      "end" : 590,
      "text" : "AND",
      "whiteSpace" : false
    }, {
      "id" : "s1-t69",
      "begin" : 591,
      "end" : 593,
      "text" : "TO",
      "whiteSpace" : false
    }, {
      "id" : "s1-t70",
      "begin" : 594,
      "end" : 597,
      "text" : "ALL",
      "whiteSpace" : false
    }, {
      "id" : "s1-t71",
      "begin" : 598,
      "end" : 600,
      "text" : "OF",
      "whiteSpace" : false
    }, {
      "id" : "s1-t72",
      "begin" : 601,
      "end" : 604,
      "text" : "THE",
      "whiteSpace" : false
    }, {
      "id" : "s1-t73",
      "begin" : 605,
      "end" : 610,
      "text" : "ABOVE",
      "whiteSpace" : false
    }, {
      "id" : "s1-t74",
      "begin" : 611,
      "end" : 620,
      "text" : "DESCRIBED",
      "whiteSpace" : false
    }, {
      "id" : "s1-t75",
      "begin" : 621,
      "end" : 629,
      "text" : "PROPERTY",
      "whiteSpace" : false
    }, {
      "id" : "s1-t76",
      "begin" : 629,
      "end" : 630,
      "text" : ".",
      "whiteSpace" : false
    }, {
      "id" : "s1-t77",
      "begin" : 630,
      "end" : 631,
      "text" : "]",
      "whiteSpace" : false
    } ]
  } ],
  "mentions" : [ {
    "id" : "s1-m1",
    "properties" : {
      "SIRE_MENTION_ROLE" : "WarrDeedBookNum",
      "SIRE_ENTITY_SUBTYPE" : "NONE",
      "SIRE_MENTION_TYPE" : "NONE",
      "SIRE_MENTION_CLASS" : "SPC"
    },
    "type" : "WarrDeedBookNum",
    "begin" : 317,
    "end" : 320,
    "inCoref" : false
  }, {
    "id" : "s1-m2",
    "properties" : {
      "SIRE_MENTION_ROLE" : "WarrDeedPageNum",
      "SIRE_ENTITY_SUBTYPE" : "NONE",
      "SIRE_MENTION_TYPE" : "NONE",
      "SIRE_MENTION_CLASS" : "SPC"
    },
    "type" : "WarrDeedPageNum",
    "begin" : 327,
    "end" : 330,
    "inCoref" : false
  } ],
  "relations" : [ ],
  "corefs" : [ ],
  "typeResolved" : true,
  "userResolved" : false
}