{
  "id" : "977b2880-54dc-11e9-b3f1-919b26b254ae-2",
  "name" : "WD174-822.txt",
  "createdDate" : 0,
  "version" : 3,
  "text" : "Hutchinson property, thence runs North 46' 29??? 00 \" West 50.87 feet to the, Thomas C. White, Surveyor, and as shown on Thomas C. White &amp; Associates Drawing Number 165-15987., Being the same property conveyed to David A. Riggs, Jr. and wife, Kenny S., Riggs by deed from Richard A. Hutchinson and wife, Karen Hutchinson of record in Deed Book 166, page 1087, Register's Office for said County., This conveyance is subject to any and all existing easements and restrictions, ",
  "docLength" : 0,
  "language" : "EN",
  "status" : "SUBMITTED",
  "modifiedDate" : 1554166460558,
  "documentSet" : [ ],
  "preannotation" : [ ],
  "sentences" : [ {
    "id" : "s0",
    "begin" : 0,
    "end" : 48,
    "text" : "Hutchinson property, thence runs North 46' 29???",
    "tokens" : [ {
      "id" : "s0-t0",
      "begin" : 0,
      "end" : 10,
      "text" : "Hutchinson",
      "whiteSpace" : false
    }, {
      "id" : "s0-t1",
      "begin" : 11,
      "end" : 19,
      "text" : "property",
      "whiteSpace" : false
    }, {
      "id" : "s0-t2",
      "begin" : 19,
      "end" : 20,
      "text" : ",",
      "whiteSpace" : false
    }, {
      "id" : "s0-t3",
      "begin" : 21,
      "end" : 27,
      "text" : "thence",
      "whiteSpace" : false
    }, {
      "id" : "s0-t4",
      "begin" : 28,
      "end" : 32,
      "text" : "runs",
      "whiteSpace" : false
    }, {
      "id" : "s0-t5",
      "begin" : 33,
      "end" : 38,
      "text" : "North",
      "whiteSpace" : false
    }, {
      "id" : "s0-t6",
      "begin" : 39,
      "end" : 41,
      "text" : "46",
      "whiteSpace" : false
    }, {
      "id" : "s0-t7",
      "begin" : 41,
      "end" : 42,
      "text" : "'",
      "whiteSpace" : false
    }, {
      "id" : "s0-t8",
      "begin" : 43,
      "end" : 45,
      "text" : "29",
      "whiteSpace" : false
    }, {
      "id" : "s0-t9",
      "begin" : 45,
      "end" : 47,
      "text" : "??",
      "whiteSpace" : false
    }, {
      "id" : "s0-t10",
      "begin" : 47,
      "end" : 48,
      "text" : "?",
      "whiteSpace" : false
    } ]
  }, {
    "id" : "s1",
    "begin" : 49,
    "end" : 478,
    "text" : "00 \" West 50.87 feet to the, Thomas C. White, Surveyor, and as shown on Thomas C. White &amp; Associates Drawing Number 165-15987., Being the same property conveyed to David A. Riggs, Jr. and wife, Kenny S., Riggs by deed from Richard A. Hutchinson and wife, Karen Hutchinson of record in Deed Book 166, page 1087, Register's Office for said County., This conveyance is subject to any and all existing easements and restrictions,",
    "tokens" : [ {
      "id" : "s1-t0",
      "begin" : 49,
      "end" : 51,
      "text" : "00",
      "whiteSpace" : false
    }, {
      "id" : "s1-t1",
      "begin" : 52,
      "end" : 53,
      "text" : "\"",
      "whiteSpace" : false
    }, {
      "id" : "s1-t2",
      "begin" : 54,
      "end" : 58,
      "text" : "West",
      "whiteSpace" : false
    }, {
      "id" : "s1-t3",
      "begin" : 59,
      "end" : 64,
      "text" : "50.87",
      "whiteSpace" : false
    }, {
      "id" : "s1-t4",
      "begin" : 65,
      "end" : 69,
      "text" : "feet",
      "whiteSpace" : false
    }, {
      "id" : "s1-t5",
      "begin" : 70,
      "end" : 72,
      "text" : "to",
      "whiteSpace" : false
    }, {
      "id" : "s1-t6",
      "begin" : 73,
      "end" : 76,
      "text" : "the",
      "whiteSpace" : false
    }, {
      "id" : "s1-t7",
      "begin" : 76,
      "end" : 77,
      "text" : ",",
      "whiteSpace" : false
    }, {
      "id" : "s1-t8",
      "begin" : 78,
      "end" : 84,
      "text" : "Thomas",
      "whiteSpace" : false
    }, {
      "id" : "s1-t9",
      "begin" : 85,
      "end" : 87,
      "text" : "C.",
      "whiteSpace" : false
    }, {
      "id" : "s1-t10",
      "begin" : 88,
      "end" : 93,
      "text" : "White",
      "whiteSpace" : false
    }, {
      "id" : "s1-t11",
      "begin" : 93,
      "end" : 94,
      "text" : ",",
      "whiteSpace" : false
    }, {
      "id" : "s1-t12",
      "begin" : 95,
      "end" : 103,
      "text" : "Surveyor",
      "whiteSpace" : false
    }, {
      "id" : "s1-t13",
      "begin" : 103,
      "end" : 104,
      "text" : ",",
      "whiteSpace" : false
    }, {
      "id" : "s1-t14",
      "begin" : 105,
      "end" : 108,
      "text" : "and",
      "whiteSpace" : false
    }, {
      "id" : "s1-t15",
      "begin" : 109,
      "end" : 111,
      "text" : "as",
      "whiteSpace" : false
    }, {
      "id" : "s1-t16",
      "begin" : 112,
      "end" : 117,
      "text" : "shown",
      "whiteSpace" : false
    }, {
      "id" : "s1-t17",
      "begin" : 118,
      "end" : 120,
      "text" : "on",
      "whiteSpace" : false
    }, {
      "id" : "s1-t18",
      "begin" : 121,
      "end" : 127,
      "text" : "Thomas",
      "whiteSpace" : false
    }, {
      "id" : "s1-t19",
      "begin" : 128,
      "end" : 130,
      "text" : "C.",
      "whiteSpace" : false
    }, {
      "id" : "s1-t20",
      "begin" : 131,
      "end" : 136,
      "text" : "White",
      "whiteSpace" : false
    }, {
      "id" : "s1-t21",
      "begin" : 137,
      "end" : 142,
      "text" : "&amp;",
      "whiteSpace" : false
    }, {
      "id" : "s1-t22",
      "begin" : 143,
      "end" : 153,
      "text" : "Associates",
      "whiteSpace" : false
    }, {
      "id" : "s1-t23",
      "begin" : 154,
      "end" : 161,
      "text" : "Drawing",
      "whiteSpace" : false
    }, {
      "id" : "s1-t24",
      "begin" : 162,
      "end" : 168,
      "text" : "Number",
      "whiteSpace" : false
    }, {
      "id" : "s1-t25",
      "begin" : 169,
      "end" : 178,
      "text" : "165-15987",
      "whiteSpace" : false
    }, {
      "id" : "s1-t26",
      "begin" : 178,
      "end" : 179,
      "text" : ".",
      "whiteSpace" : false
    }, {
      "id" : "s1-t27",
      "begin" : 179,
      "end" : 180,
      "text" : ",",
      "whiteSpace" : false
    }, {
      "id" : "s1-t28",
      "begin" : 181,
      "end" : 186,
      "text" : "Being",
      "whiteSpace" : false
    }, {
      "id" : "s1-t29",
      "begin" : 187,
      "end" : 190,
      "text" : "the",
      "whiteSpace" : false
    }, {
      "id" : "s1-t30",
      "begin" : 191,
      "end" : 195,
      "text" : "same",
      "whiteSpace" : false
    }, {
      "id" : "s1-t31",
      "begin" : 196,
      "end" : 204,
      "text" : "property",
      "whiteSpace" : false
    }, {
      "id" : "s1-t32",
      "begin" : 205,
      "end" : 213,
      "text" : "conveyed",
      "whiteSpace" : false
    }, {
      "id" : "s1-t33",
      "begin" : 214,
      "end" : 216,
      "text" : "to",
      "whiteSpace" : false
    }, {
      "id" : "s1-t34",
      "begin" : 217,
      "end" : 222,
      "text" : "David",
      "whiteSpace" : false
    }, {
      "id" : "s1-t35",
      "begin" : 223,
      "end" : 225,
      "text" : "A.",
      "whiteSpace" : false
    }, {
      "id" : "s1-t36",
      "begin" : 226,
      "end" : 231,
      "text" : "Riggs",
      "whiteSpace" : false
    }, {
      "id" : "s1-t37",
      "begin" : 231,
      "end" : 232,
      "text" : ",",
      "whiteSpace" : false
    }, {
      "id" : "s1-t38",
      "begin" : 233,
      "end" : 236,
      "text" : "Jr.",
      "whiteSpace" : false
    }, {
      "id" : "s1-t39",
      "begin" : 237,
      "end" : 240,
      "text" : "and",
      "whiteSpace" : false
    }, {
      "id" : "s1-t40",
      "begin" : 241,
      "end" : 245,
      "text" : "wife",
      "whiteSpace" : false
    }, {
      "id" : "s1-t41",
      "begin" : 245,
      "end" : 246,
      "text" : ",",
      "whiteSpace" : false
    }, {
      "id" : "s1-t42",
      "begin" : 247,
      "end" : 252,
      "text" : "Kenny",
      "whiteSpace" : false
    }, {
      "id" : "s1-t43",
      "begin" : 253,
      "end" : 255,
      "text" : "S.",
      "whiteSpace" : false
    }, {
      "id" : "s1-t44",
      "begin" : 255,
      "end" : 256,
      "text" : ",",
      "whiteSpace" : false
    }, {
      "id" : "s1-t45",
      "begin" : 257,
      "end" : 262,
      "text" : "Riggs",
      "whiteSpace" : false
    }, {
      "id" : "s1-t46",
      "begin" : 263,
      "end" : 265,
      "text" : "by",
      "whiteSpace" : false
    }, {
      "id" : "s1-t47",
      "begin" : 266,
      "end" : 270,
      "text" : "deed",
      "whiteSpace" : false
    }, {
      "id" : "s1-t48",
      "begin" : 271,
      "end" : 275,
      "text" : "from",
      "whiteSpace" : false
    }, {
      "id" : "s1-t49",
      "begin" : 276,
      "end" : 283,
      "text" : "Richard",
      "whiteSpace" : false
    }, {
      "id" : "s1-t50",
      "begin" : 284,
      "end" : 286,
      "text" : "A.",
      "whiteSpace" : false
    }, {
      "id" : "s1-t51",
      "begin" : 287,
      "end" : 297,
      "text" : "Hutchinson",
      "whiteSpace" : false
    }, {
      "id" : "s1-t52",
      "begin" : 298,
      "end" : 301,
      "text" : "and",
      "whiteSpace" : false
    }, {
      "id" : "s1-t53",
      "begin" : 302,
      "end" : 306,
      "text" : "wife",
      "whiteSpace" : false
    }, {
      "id" : "s1-t54",
      "begin" : 306,
      "end" : 307,
      "text" : ",",
      "whiteSpace" : false
    }, {
      "id" : "s1-t55",
      "begin" : 308,
      "end" : 313,
      "text" : "Karen",
      "whiteSpace" : false
    }, {
      "id" : "s1-t56",
      "begin" : 314,
      "end" : 324,
      "text" : "Hutchinson",
      "whiteSpace" : false
    }, {
      "id" : "s1-t57",
      "begin" : 325,
      "end" : 327,
      "text" : "of",
      "whiteSpace" : false
    }, {
      "id" : "s1-t58",
      "begin" : 328,
      "end" : 334,
      "text" : "record",
      "whiteSpace" : false
    }, {
      "id" : "s1-t59",
      "begin" : 335,
      "end" : 337,
      "text" : "in",
      "whiteSpace" : false
    }, {
      "id" : "s1-t60",
      "begin" : 338,
      "end" : 342,
      "text" : "Deed",
      "whiteSpace" : false
    }, {
      "id" : "s1-t61",
      "begin" : 343,
      "end" : 347,
      "text" : "Book",
      "whiteSpace" : false
    }, {
      "id" : "s1-t62",
      "begin" : 348,
      "end" : 351,
      "text" : "166",
      "whiteSpace" : false
    }, {
      "id" : "s1-t63",
      "begin" : 351,
      "end" : 352,
      "text" : ",",
      "whiteSpace" : false
    }, {
      "id" : "s1-t64",
      "begin" : 353,
      "end" : 357,
      "text" : "page",
      "whiteSpace" : false
    }, {
      "id" : "s1-t65",
      "begin" : 358,
      "end" : 362,
      "text" : "1087",
      "whiteSpace" : false
    }, {
      "id" : "s1-t66",
      "begin" : 362,
      "end" : 363,
      "text" : ",",
      "whiteSpace" : false
    }, {
      "id" : "s1-t67",
      "begin" : 364,
      "end" : 372,
      "text" : "Register",
      "whiteSpace" : false
    }, {
      "id" : "s1-t68",
      "begin" : 372,
      "end" : 374,
      "text" : "'s",
      "whiteSpace" : false
    }, {
      "id" : "s1-t69",
      "begin" : 375,
      "end" : 381,
      "text" : "Office",
      "whiteSpace" : false
    }, {
      "id" : "s1-t70",
      "begin" : 382,
      "end" : 385,
      "text" : "for",
      "whiteSpace" : false
    }, {
      "id" : "s1-t71",
      "begin" : 386,
      "end" : 390,
      "text" : "said",
      "whiteSpace" : false
    }, {
      "id" : "s1-t72",
      "begin" : 391,
      "end" : 398,
      "text" : "County.",
      "whiteSpace" : false
    }, {
      "id" : "s1-t73",
      "begin" : 398,
      "end" : 399,
      "text" : ",",
      "whiteSpace" : false
    }, {
      "id" : "s1-t74",
      "begin" : 400,
      "end" : 404,
      "text" : "This",
      "whiteSpace" : false
    }, {
      "id" : "s1-t75",
      "begin" : 405,
      "end" : 415,
      "text" : "conveyance",
      "whiteSpace" : false
    }, {
      "id" : "s1-t76",
      "begin" : 416,
      "end" : 418,
      "text" : "is",
      "whiteSpace" : false
    }, {
      "id" : "s1-t77",
      "begin" : 419,
      "end" : 426,
      "text" : "subject",
      "whiteSpace" : false
    }, {
      "id" : "s1-t78",
      "begin" : 427,
      "end" : 429,
      "text" : "to",
      "whiteSpace" : false
    }, {
      "id" : "s1-t79",
      "begin" : 430,
      "end" : 433,
      "text" : "any",
      "whiteSpace" : false
    }, {
      "id" : "s1-t80",
      "begin" : 434,
      "end" : 437,
      "text" : "and",
      "whiteSpace" : false
    }, {
      "id" : "s1-t81",
      "begin" : 438,
      "end" : 441,
      "text" : "all",
      "whiteSpace" : false
    }, {
      "id" : "s1-t82",
      "begin" : 442,
      "end" : 450,
      "text" : "existing",
      "whiteSpace" : false
    }, {
      "id" : "s1-t83",
      "begin" : 451,
      "end" : 460,
      "text" : "easements",
      "whiteSpace" : false
    }, {
      "id" : "s1-t84",
      "begin" : 461,
      "end" : 464,
      "text" : "and",
      "whiteSpace" : false
    }, {
      "id" : "s1-t85",
      "begin" : 465,
      "end" : 477,
      "text" : "restrictions",
      "whiteSpace" : false
    }, {
      "id" : "s1-t86",
      "begin" : 477,
      "end" : 478,
      "text" : ",",
      "whiteSpace" : false
    } ]
  } ],
  "mentions" : [ {
    "id" : "s1-m1",
    "properties" : {
      "SIRE_MENTION_ROLE" : "WarrDeedBookNum",
      "SIRE_ENTITY_SUBTYPE" : "NONE",
      "SIRE_MENTION_TYPE" : "NONE",
      "SIRE_MENTION_CLASS" : "SPC"
    },
    "type" : "WarrDeedBookNum",
    "begin" : 348,
    "end" : 351,
    "inCoref" : false
  }, {
    "id" : "s1-m2",
    "properties" : {
      "SIRE_MENTION_ROLE" : "WarrDeedPageNum",
      "SIRE_ENTITY_SUBTYPE" : "NONE",
      "SIRE_MENTION_TYPE" : "NONE",
      "SIRE_MENTION_CLASS" : "SPC"
    },
    "type" : "WarrDeedPageNum",
    "begin" : 358,
    "end" : 362,
    "inCoref" : false
  } ],
  "relations" : [ ],
  "corefs" : [ ],
  "typeResolved" : true,
  "userResolved" : false
}