{
  "id" : "9ee16260-54dc-11e9-b3f1-919b26b254ae-18",
  "name" : "WD165-6.txt",
  "createdDate" : 0,
  "version" : 3,
  "text" : "West 1630.94 feet to the point of beginning containing an area of 10.02 acres by calculation. Survey made by McBride Survey Company, Darrel McBride, Surveyor, RLS #1463, McEwen, Tennessee, October 17, 1991., BEING the same property conveyed to Edwin Fletcher and wife, Sarah Ann Fletcher, by deed of record in Deed Book 159, page 289, Register's Office of Humphreys County, Tennessee., gem, State of Tennessee: toasty at ",
  "docLength" : 0,
  "language" : "EN",
  "status" : "SUBMITTED",
  "modifiedDate" : 1554164680544,
  "documentSet" : [ ],
  "preannotation" : [ ],
  "sentences" : [ {
    "id" : "s0",
    "begin" : 0,
    "end" : 93,
    "text" : "West 1630.94 feet to the point of beginning containing an area of 10.02 acres by calculation.",
    "tokens" : [ {
      "id" : "s0-t0",
      "begin" : 0,
      "end" : 4,
      "text" : "West",
      "whiteSpace" : false
    }, {
      "id" : "s0-t1",
      "begin" : 5,
      "end" : 12,
      "text" : "1630.94",
      "whiteSpace" : false
    }, {
      "id" : "s0-t2",
      "begin" : 13,
      "end" : 17,
      "text" : "feet",
      "whiteSpace" : false
    }, {
      "id" : "s0-t3",
      "begin" : 18,
      "end" : 20,
      "text" : "to",
      "whiteSpace" : false
    }, {
      "id" : "s0-t4",
      "begin" : 21,
      "end" : 24,
      "text" : "the",
      "whiteSpace" : false
    }, {
      "id" : "s0-t5",
      "begin" : 25,
      "end" : 30,
      "text" : "point",
      "whiteSpace" : false
    }, {
      "id" : "s0-t6",
      "begin" : 31,
      "end" : 33,
      "text" : "of",
      "whiteSpace" : false
    }, {
      "id" : "s0-t7",
      "begin" : 34,
      "end" : 43,
      "text" : "beginning",
      "whiteSpace" : false
    }, {
      "id" : "s0-t8",
      "begin" : 44,
      "end" : 54,
      "text" : "containing",
      "whiteSpace" : false
    }, {
      "id" : "s0-t9",
      "begin" : 55,
      "end" : 57,
      "text" : "an",
      "whiteSpace" : false
    }, {
      "id" : "s0-t10",
      "begin" : 58,
      "end" : 62,
      "text" : "area",
      "whiteSpace" : false
    }, {
      "id" : "s0-t11",
      "begin" : 63,
      "end" : 65,
      "text" : "of",
      "whiteSpace" : false
    }, {
      "id" : "s0-t12",
      "begin" : 66,
      "end" : 71,
      "text" : "10.02",
      "whiteSpace" : false
    }, {
      "id" : "s0-t13",
      "begin" : 72,
      "end" : 77,
      "text" : "acres",
      "whiteSpace" : false
    }, {
      "id" : "s0-t14",
      "begin" : 78,
      "end" : 80,
      "text" : "by",
      "whiteSpace" : false
    }, {
      "id" : "s0-t15",
      "begin" : 81,
      "end" : 92,
      "text" : "calculation",
      "whiteSpace" : false
    }, {
      "id" : "s0-t16",
      "begin" : 92,
      "end" : 93,
      "text" : ".",
      "whiteSpace" : false
    } ]
  }, {
    "id" : "s1",
    "begin" : 94,
    "end" : 420,
    "text" : "Survey made by McBride Survey Company, Darrel McBride, Surveyor, RLS #1463, McEwen, Tennessee, October 17, 1991., BEING the same property conveyed to Edwin Fletcher and wife, Sarah Ann Fletcher, by deed of record in Deed Book 159, page 289, Register's Office of Humphreys County, Tennessee., gem, State of Tennessee: toasty at",
    "tokens" : [ {
      "id" : "s1-t0",
      "begin" : 94,
      "end" : 100,
      "text" : "Survey",
      "whiteSpace" : false
    }, {
      "id" : "s1-t1",
      "begin" : 101,
      "end" : 105,
      "text" : "made",
      "whiteSpace" : false
    }, {
      "id" : "s1-t2",
      "begin" : 106,
      "end" : 108,
      "text" : "by",
      "whiteSpace" : false
    }, {
      "id" : "s1-t3",
      "begin" : 109,
      "end" : 116,
      "text" : "McBride",
      "whiteSpace" : false
    }, {
      "id" : "s1-t4",
      "begin" : 117,
      "end" : 123,
      "text" : "Survey",
      "whiteSpace" : false
    }, {
      "id" : "s1-t5",
      "begin" : 124,
      "end" : 131,
      "text" : "Company",
      "whiteSpace" : false
    }, {
      "id" : "s1-t6",
      "begin" : 131,
      "end" : 132,
      "text" : ",",
      "whiteSpace" : false
    }, {
      "id" : "s1-t7",
      "begin" : 133,
      "end" : 139,
      "text" : "Darrel",
      "whiteSpace" : false
    }, {
      "id" : "s1-t8",
      "begin" : 140,
      "end" : 147,
      "text" : "McBride",
      "whiteSpace" : false
    }, {
      "id" : "s1-t9",
      "begin" : 147,
      "end" : 148,
      "text" : ",",
      "whiteSpace" : false
    }, {
      "id" : "s1-t10",
      "begin" : 149,
      "end" : 157,
      "text" : "Surveyor",
      "whiteSpace" : false
    }, {
      "id" : "s1-t11",
      "begin" : 157,
      "end" : 158,
      "text" : ",",
      "whiteSpace" : false
    }, {
      "id" : "s1-t12",
      "begin" : 159,
      "end" : 162,
      "text" : "RLS",
      "whiteSpace" : false
    }, {
      "id" : "s1-t13",
      "begin" : 163,
      "end" : 168,
      "text" : "#1463",
      "whiteSpace" : false
    }, {
      "id" : "s1-t14",
      "begin" : 168,
      "end" : 169,
      "text" : ",",
      "whiteSpace" : false
    }, {
      "id" : "s1-t15",
      "begin" : 170,
      "end" : 176,
      "text" : "McEwen",
      "whiteSpace" : false
    }, {
      "id" : "s1-t16",
      "begin" : 176,
      "end" : 177,
      "text" : ",",
      "whiteSpace" : false
    }, {
      "id" : "s1-t17",
      "begin" : 178,
      "end" : 187,
      "text" : "Tennessee",
      "whiteSpace" : false
    }, {
      "id" : "s1-t18",
      "begin" : 187,
      "end" : 188,
      "text" : ",",
      "whiteSpace" : false
    }, {
      "id" : "s1-t19",
      "begin" : 189,
      "end" : 196,
      "text" : "October",
      "whiteSpace" : false
    }, {
      "id" : "s1-t20",
      "begin" : 197,
      "end" : 199,
      "text" : "17",
      "whiteSpace" : false
    }, {
      "id" : "s1-t21",
      "begin" : 199,
      "end" : 200,
      "text" : ",",
      "whiteSpace" : false
    }, {
      "id" : "s1-t22",
      "begin" : 201,
      "end" : 205,
      "text" : "1991",
      "whiteSpace" : false
    }, {
      "id" : "s1-t23",
      "begin" : 205,
      "end" : 206,
      "text" : ".",
      "whiteSpace" : false
    }, {
      "id" : "s1-t24",
      "begin" : 206,
      "end" : 207,
      "text" : ",",
      "whiteSpace" : false
    }, {
      "id" : "s1-t25",
      "begin" : 208,
      "end" : 213,
      "text" : "BEING",
      "whiteSpace" : false
    }, {
      "id" : "s1-t26",
      "begin" : 214,
      "end" : 217,
      "text" : "the",
      "whiteSpace" : false
    }, {
      "id" : "s1-t27",
      "begin" : 218,
      "end" : 222,
      "text" : "same",
      "whiteSpace" : false
    }, {
      "id" : "s1-t28",
      "begin" : 223,
      "end" : 231,
      "text" : "property",
      "whiteSpace" : false
    }, {
      "id" : "s1-t29",
      "begin" : 232,
      "end" : 240,
      "text" : "conveyed",
      "whiteSpace" : false
    }, {
      "id" : "s1-t30",
      "begin" : 241,
      "end" : 243,
      "text" : "to",
      "whiteSpace" : false
    }, {
      "id" : "s1-t31",
      "begin" : 244,
      "end" : 249,
      "text" : "Edwin",
      "whiteSpace" : false
    }, {
      "id" : "s1-t32",
      "begin" : 250,
      "end" : 258,
      "text" : "Fletcher",
      "whiteSpace" : false
    }, {
      "id" : "s1-t33",
      "begin" : 259,
      "end" : 262,
      "text" : "and",
      "whiteSpace" : false
    }, {
      "id" : "s1-t34",
      "begin" : 263,
      "end" : 267,
      "text" : "wife",
      "whiteSpace" : false
    }, {
      "id" : "s1-t35",
      "begin" : 267,
      "end" : 268,
      "text" : ",",
      "whiteSpace" : false
    }, {
      "id" : "s1-t36",
      "begin" : 269,
      "end" : 274,
      "text" : "Sarah",
      "whiteSpace" : false
    }, {
      "id" : "s1-t37",
      "begin" : 275,
      "end" : 278,
      "text" : "Ann",
      "whiteSpace" : false
    }, {
      "id" : "s1-t38",
      "begin" : 279,
      "end" : 287,
      "text" : "Fletcher",
      "whiteSpace" : false
    }, {
      "id" : "s1-t39",
      "begin" : 287,
      "end" : 288,
      "text" : ",",
      "whiteSpace" : false
    }, {
      "id" : "s1-t40",
      "begin" : 289,
      "end" : 291,
      "text" : "by",
      "whiteSpace" : false
    }, {
      "id" : "s1-t41",
      "begin" : 292,
      "end" : 296,
      "text" : "deed",
      "whiteSpace" : false
    }, {
      "id" : "s1-t42",
      "begin" : 297,
      "end" : 299,
      "text" : "of",
      "whiteSpace" : false
    }, {
      "id" : "s1-t43",
      "begin" : 300,
      "end" : 306,
      "text" : "record",
      "whiteSpace" : false
    }, {
      "id" : "s1-t44",
      "begin" : 307,
      "end" : 309,
      "text" : "in",
      "whiteSpace" : false
    }, {
      "id" : "s1-t45",
      "begin" : 310,
      "end" : 314,
      "text" : "Deed",
      "whiteSpace" : false
    }, {
      "id" : "s1-t46",
      "begin" : 315,
      "end" : 319,
      "text" : "Book",
      "whiteSpace" : false
    }, {
      "id" : "s1-t47",
      "begin" : 320,
      "end" : 323,
      "text" : "159",
      "whiteSpace" : false
    }, {
      "id" : "s1-t48",
      "begin" : 323,
      "end" : 324,
      "text" : ",",
      "whiteSpace" : false
    }, {
      "id" : "s1-t49",
      "begin" : 325,
      "end" : 329,
      "text" : "page",
      "whiteSpace" : false
    }, {
      "id" : "s1-t50",
      "begin" : 330,
      "end" : 333,
      "text" : "289",
      "whiteSpace" : false
    }, {
      "id" : "s1-t51",
      "begin" : 333,
      "end" : 334,
      "text" : ",",
      "whiteSpace" : false
    }, {
      "id" : "s1-t52",
      "begin" : 335,
      "end" : 343,
      "text" : "Register",
      "whiteSpace" : false
    }, {
      "id" : "s1-t53",
      "begin" : 343,
      "end" : 345,
      "text" : "'s",
      "whiteSpace" : false
    }, {
      "id" : "s1-t54",
      "begin" : 346,
      "end" : 352,
      "text" : "Office",
      "whiteSpace" : false
    }, {
      "id" : "s1-t55",
      "begin" : 353,
      "end" : 355,
      "text" : "of",
      "whiteSpace" : false
    }, {
      "id" : "s1-t56",
      "begin" : 356,
      "end" : 365,
      "text" : "Humphreys",
      "whiteSpace" : false
    }, {
      "id" : "s1-t57",
      "begin" : 366,
      "end" : 372,
      "text" : "County",
      "whiteSpace" : false
    }, {
      "id" : "s1-t58",
      "begin" : 372,
      "end" : 373,
      "text" : ",",
      "whiteSpace" : false
    }, {
      "id" : "s1-t59",
      "begin" : 374,
      "end" : 384,
      "text" : "Tennessee.",
      "whiteSpace" : false
    }, {
      "id" : "s1-t60",
      "begin" : 384,
      "end" : 385,
      "text" : ",",
      "whiteSpace" : false
    }, {
      "id" : "s1-t61",
      "begin" : 386,
      "end" : 389,
      "text" : "gem",
      "whiteSpace" : false
    }, {
      "id" : "s1-t62",
      "begin" : 389,
      "end" : 390,
      "text" : ",",
      "whiteSpace" : false
    }, {
      "id" : "s1-t63",
      "begin" : 391,
      "end" : 396,
      "text" : "State",
      "whiteSpace" : false
    }, {
      "id" : "s1-t64",
      "begin" : 397,
      "end" : 399,
      "text" : "of",
      "whiteSpace" : false
    }, {
      "id" : "s1-t65",
      "begin" : 400,
      "end" : 409,
      "text" : "Tennessee",
      "whiteSpace" : false
    }, {
      "id" : "s1-t66",
      "begin" : 409,
      "end" : 410,
      "text" : ":",
      "whiteSpace" : false
    }, {
      "id" : "s1-t67",
      "begin" : 411,
      "end" : 417,
      "text" : "toasty",
      "whiteSpace" : false
    }, {
      "id" : "s1-t68",
      "begin" : 418,
      "end" : 420,
      "text" : "at",
      "whiteSpace" : false
    } ]
  } ],
  "mentions" : [ {
    "id" : "s1-m1",
    "properties" : {
      "SIRE_MENTION_ROLE" : "WarrDeedBookNum",
      "SIRE_ENTITY_SUBTYPE" : "NONE",
      "SIRE_MENTION_TYPE" : "NONE",
      "SIRE_MENTION_CLASS" : "SPC"
    },
    "type" : "WarrDeedBookNum",
    "begin" : 320,
    "end" : 323,
    "inCoref" : false
  }, {
    "id" : "s1-m2",
    "properties" : {
      "SIRE_MENTION_ROLE" : "WarrDeedPageNum",
      "SIRE_ENTITY_SUBTYPE" : "NONE",
      "SIRE_MENTION_TYPE" : "NONE",
      "SIRE_MENTION_CLASS" : "SPC"
    },
    "type" : "WarrDeedPageNum",
    "begin" : 330,
    "end" : 333,
    "inCoref" : false
  } ],
  "relations" : [ ],
  "corefs" : [ ],
  "typeResolved" : true,
  "userResolved" : false
}