{
  "id" : "9ee16260-54dc-11e9-b3f1-919b26b254ae-4",
  "name" : "WD162-1.txt",
  "createdDate" : 0,
  "version" : 3,
  "text" : "being more particularly described as follows: TRACT 20: BEGINNING at a point in the north margin of Barren Hollow Road, being the southwest corner of Phair; thence with the north margin of said, road North 55??, severing the land of Buffalo Valley Resources, f, Inc. North 05?? 24' East 747.08 feet to an iron pin; thence South 85?? 10??? East 387.83 feet to an iron pin; thence South 06?? 01' West 957.53, .?????????-???.._ feet to the beginning, containing 7.50 acres more or less, as shown by a survey of Tom B., Thaxton,, 28, 1993 BEING a portion of the same property conveyed to Buffalo Valley Resources, Inc., by deed of record in Deed Book 158, page 983, Register's Office of Humphreys County, Tennessee., alcolm McCarn, its Agent and Attorney???in???fact under Special Power of Attorney of record in, page H413, Register???s Office of Humphreys County, Tennessee., ) ), STATE TAX s ???0 3??? FEE JENNA tJl'Ei., mmazmmskwor 193i?? MGM???9.4. \". mom I?? mmm...1.i_muo._i???_ne, Wmmm WV. TENNESSEG]\n",
  "docLength" : 0,
  "language" : "EN",
  "status" : "SUBMITTED",
  "modifiedDate" : 1554164710350,
  "documentSet" : [ ],
  "preannotation" : [ ],
  "sentences" : [ {
    "id" : "s0",
    "begin" : 0,
    "end" : 277,
    "text" : "being more particularly described as follows: TRACT 20: BEGINNING at a point in the north margin of Barren Hollow Road, being the southwest corner of Phair; thence with the north margin of said, road North 55??, severing the land of Buffalo Valley Resources, f, Inc. North 05??",
    "tokens" : [ {
      "id" : "s0-t0",
      "begin" : 0,
      "end" : 5,
      "text" : "being",
      "whiteSpace" : false
    }, {
      "id" : "s0-t1",
      "begin" : 6,
      "end" : 10,
      "text" : "more",
      "whiteSpace" : false
    }, {
      "id" : "s0-t2",
      "begin" : 11,
      "end" : 23,
      "text" : "particularly",
      "whiteSpace" : false
    }, {
      "id" : "s0-t3",
      "begin" : 24,
      "end" : 33,
      "text" : "described",
      "whiteSpace" : false
    }, {
      "id" : "s0-t4",
      "begin" : 34,
      "end" : 36,
      "text" : "as",
      "whiteSpace" : false
    }, {
      "id" : "s0-t5",
      "begin" : 37,
      "end" : 44,
      "text" : "follows",
      "whiteSpace" : false
    }, {
      "id" : "s0-t6",
      "begin" : 44,
      "end" : 45,
      "text" : ":",
      "whiteSpace" : false
    }, {
      "id" : "s0-t7",
      "begin" : 46,
      "end" : 51,
      "text" : "TRACT",
      "whiteSpace" : false
    }, {
      "id" : "s0-t8",
      "begin" : 52,
      "end" : 54,
      "text" : "20",
      "whiteSpace" : false
    }, {
      "id" : "s0-t9",
      "begin" : 54,
      "end" : 55,
      "text" : ":",
      "whiteSpace" : false
    }, {
      "id" : "s0-t10",
      "begin" : 56,
      "end" : 65,
      "text" : "BEGINNING",
      "whiteSpace" : false
    }, {
      "id" : "s0-t11",
      "begin" : 66,
      "end" : 68,
      "text" : "at",
      "whiteSpace" : false
    }, {
      "id" : "s0-t12",
      "begin" : 69,
      "end" : 70,
      "text" : "a",
      "whiteSpace" : false
    }, {
      "id" : "s0-t13",
      "begin" : 71,
      "end" : 76,
      "text" : "point",
      "whiteSpace" : false
    }, {
      "id" : "s0-t14",
      "begin" : 77,
      "end" : 79,
      "text" : "in",
      "whiteSpace" : false
    }, {
      "id" : "s0-t15",
      "begin" : 80,
      "end" : 83,
      "text" : "the",
      "whiteSpace" : false
    }, {
      "id" : "s0-t16",
      "begin" : 84,
      "end" : 89,
      "text" : "north",
      "whiteSpace" : false
    }, {
      "id" : "s0-t17",
      "begin" : 90,
      "end" : 96,
      "text" : "margin",
      "whiteSpace" : false
    }, {
      "id" : "s0-t18",
      "begin" : 97,
      "end" : 99,
      "text" : "of",
      "whiteSpace" : false
    }, {
      "id" : "s0-t19",
      "begin" : 100,
      "end" : 106,
      "text" : "Barren",
      "whiteSpace" : false
    }, {
      "id" : "s0-t20",
      "begin" : 107,
      "end" : 113,
      "text" : "Hollow",
      "whiteSpace" : false
    }, {
      "id" : "s0-t21",
      "begin" : 114,
      "end" : 118,
      "text" : "Road",
      "whiteSpace" : false
    }, {
      "id" : "s0-t22",
      "begin" : 118,
      "end" : 119,
      "text" : ",",
      "whiteSpace" : false
    }, {
      "id" : "s0-t23",
      "begin" : 120,
      "end" : 125,
      "text" : "being",
      "whiteSpace" : false
    }, {
      "id" : "s0-t24",
      "begin" : 126,
      "end" : 129,
      "text" : "the",
      "whiteSpace" : false
    }, {
      "id" : "s0-t25",
      "begin" : 130,
      "end" : 139,
      "text" : "southwest",
      "whiteSpace" : false
    }, {
      "id" : "s0-t26",
      "begin" : 140,
      "end" : 146,
      "text" : "corner",
      "whiteSpace" : false
    }, {
      "id" : "s0-t27",
      "begin" : 147,
      "end" : 149,
      "text" : "of",
      "whiteSpace" : false
    }, {
      "id" : "s0-t28",
      "begin" : 150,
      "end" : 155,
      "text" : "Phair",
      "whiteSpace" : false
    }, {
      "id" : "s0-t29",
      "begin" : 155,
      "end" : 156,
      "text" : ";",
      "whiteSpace" : false
    }, {
      "id" : "s0-t30",
      "begin" : 157,
      "end" : 163,
      "text" : "thence",
      "whiteSpace" : false
    }, {
      "id" : "s0-t31",
      "begin" : 164,
      "end" : 168,
      "text" : "with",
      "whiteSpace" : false
    }, {
      "id" : "s0-t32",
      "begin" : 169,
      "end" : 172,
      "text" : "the",
      "whiteSpace" : false
    }, {
      "id" : "s0-t33",
      "begin" : 173,
      "end" : 178,
      "text" : "north",
      "whiteSpace" : false
    }, {
      "id" : "s0-t34",
      "begin" : 179,
      "end" : 185,
      "text" : "margin",
      "whiteSpace" : false
    }, {
      "id" : "s0-t35",
      "begin" : 186,
      "end" : 188,
      "text" : "of",
      "whiteSpace" : false
    }, {
      "id" : "s0-t36",
      "begin" : 189,
      "end" : 193,
      "text" : "said",
      "whiteSpace" : false
    }, {
      "id" : "s0-t37",
      "begin" : 193,
      "end" : 194,
      "text" : ",",
      "whiteSpace" : false
    }, {
      "id" : "s0-t38",
      "begin" : 195,
      "end" : 199,
      "text" : "road",
      "whiteSpace" : false
    }, {
      "id" : "s0-t39",
      "begin" : 200,
      "end" : 205,
      "text" : "North",
      "whiteSpace" : false
    }, {
      "id" : "s0-t40",
      "begin" : 206,
      "end" : 208,
      "text" : "55",
      "whiteSpace" : false
    }, {
      "id" : "s0-t41",
      "begin" : 208,
      "end" : 210,
      "text" : "??",
      "whiteSpace" : false
    }, {
      "id" : "s0-t42",
      "begin" : 210,
      "end" : 211,
      "text" : ",",
      "whiteSpace" : false
    }, {
      "id" : "s0-t43",
      "begin" : 212,
      "end" : 220,
      "text" : "severing",
      "whiteSpace" : false
    }, {
      "id" : "s0-t44",
      "begin" : 221,
      "end" : 224,
      "text" : "the",
      "whiteSpace" : false
    }, {
      "id" : "s0-t45",
      "begin" : 225,
      "end" : 229,
      "text" : "land",
      "whiteSpace" : false
    }, {
      "id" : "s0-t46",
      "begin" : 230,
      "end" : 232,
      "text" : "of",
      "whiteSpace" : false
    }, {
      "id" : "s0-t47",
      "begin" : 233,
      "end" : 240,
      "text" : "Buffalo",
      "whiteSpace" : false
    }, {
      "id" : "s0-t48",
      "begin" : 241,
      "end" : 247,
      "text" : "Valley",
      "whiteSpace" : false
    }, {
      "id" : "s0-t49",
      "begin" : 248,
      "end" : 257,
      "text" : "Resources",
      "whiteSpace" : false
    }, {
      "id" : "s0-t50",
      "begin" : 257,
      "end" : 258,
      "text" : ",",
      "whiteSpace" : false
    }, {
      "id" : "s0-t51",
      "begin" : 259,
      "end" : 260,
      "text" : "f",
      "whiteSpace" : false
    }, {
      "id" : "s0-t52",
      "begin" : 260,
      "end" : 261,
      "text" : ",",
      "whiteSpace" : false
    }, {
      "id" : "s0-t53",
      "begin" : 262,
      "end" : 266,
      "text" : "Inc.",
      "whiteSpace" : false
    }, {
      "id" : "s0-t54",
      "begin" : 267,
      "end" : 272,
      "text" : "North",
      "whiteSpace" : false
    }, {
      "id" : "s0-t55",
      "begin" : 273,
      "end" : 275,
      "text" : "05",
      "whiteSpace" : false
    }, {
      "id" : "s0-t56",
      "begin" : 275,
      "end" : 276,
      "text" : "?",
      "whiteSpace" : false
    }, {
      "id" : "s0-t57",
      "begin" : 276,
      "end" : 277,
      "text" : "?",
      "whiteSpace" : false
    } ]
  }, {
    "id" : "s1",
    "begin" : 278,
    "end" : 332,
    "text" : "24' East 747.08 feet to an iron pin; thence South 85??",
    "tokens" : [ {
      "id" : "s1-t0",
      "begin" : 278,
      "end" : 280,
      "text" : "24",
      "whiteSpace" : false
    }, {
      "id" : "s1-t1",
      "begin" : 280,
      "end" : 281,
      "text" : "'",
      "whiteSpace" : false
    }, {
      "id" : "s1-t2",
      "begin" : 282,
      "end" : 286,
      "text" : "East",
      "whiteSpace" : false
    }, {
      "id" : "s1-t3",
      "begin" : 287,
      "end" : 293,
      "text" : "747.08",
      "whiteSpace" : false
    }, {
      "id" : "s1-t4",
      "begin" : 294,
      "end" : 298,
      "text" : "feet",
      "whiteSpace" : false
    }, {
      "id" : "s1-t5",
      "begin" : 299,
      "end" : 301,
      "text" : "to",
      "whiteSpace" : false
    }, {
      "id" : "s1-t6",
      "begin" : 302,
      "end" : 304,
      "text" : "an",
      "whiteSpace" : false
    }, {
      "id" : "s1-t7",
      "begin" : 305,
      "end" : 309,
      "text" : "iron",
      "whiteSpace" : false
    }, {
      "id" : "s1-t8",
      "begin" : 310,
      "end" : 313,
      "text" : "pin",
      "whiteSpace" : false
    }, {
      "id" : "s1-t9",
      "begin" : 313,
      "end" : 314,
      "text" : ";",
      "whiteSpace" : false
    }, {
      "id" : "s1-t10",
      "begin" : 315,
      "end" : 321,
      "text" : "thence",
      "whiteSpace" : false
    }, {
      "id" : "s1-t11",
      "begin" : 322,
      "end" : 327,
      "text" : "South",
      "whiteSpace" : false
    }, {
      "id" : "s1-t12",
      "begin" : 328,
      "end" : 330,
      "text" : "85",
      "whiteSpace" : false
    }, {
      "id" : "s1-t13",
      "begin" : 330,
      "end" : 331,
      "text" : "?",
      "whiteSpace" : false
    }, {
      "id" : "s1-t14",
      "begin" : 331,
      "end" : 332,
      "text" : "?",
      "whiteSpace" : false
    } ]
  }, {
    "id" : "s2",
    "begin" : 333,
    "end" : 338,
    "text" : "10???",
    "tokens" : [ {
      "id" : "s2-t0",
      "begin" : 333,
      "end" : 335,
      "text" : "10",
      "whiteSpace" : false
    }, {
      "id" : "s2-t1",
      "begin" : 335,
      "end" : 337,
      "text" : "??",
      "whiteSpace" : false
    }, {
      "id" : "s2-t2",
      "begin" : 337,
      "end" : 338,
      "text" : "?",
      "whiteSpace" : false
    } ]
  }, {
    "id" : "s3",
    "begin" : 339,
    "end" : 389,
    "text" : "East 387.83 feet to an iron pin; thence South 06??",
    "tokens" : [ {
      "id" : "s3-t0",
      "begin" : 339,
      "end" : 343,
      "text" : "East",
      "whiteSpace" : false
    }, {
      "id" : "s3-t1",
      "begin" : 344,
      "end" : 350,
      "text" : "387.83",
      "whiteSpace" : false
    }, {
      "id" : "s3-t2",
      "begin" : 351,
      "end" : 355,
      "text" : "feet",
      "whiteSpace" : false
    }, {
      "id" : "s3-t3",
      "begin" : 356,
      "end" : 358,
      "text" : "to",
      "whiteSpace" : false
    }, {
      "id" : "s3-t4",
      "begin" : 359,
      "end" : 361,
      "text" : "an",
      "whiteSpace" : false
    }, {
      "id" : "s3-t5",
      "begin" : 362,
      "end" : 366,
      "text" : "iron",
      "whiteSpace" : false
    }, {
      "id" : "s3-t6",
      "begin" : 367,
      "end" : 370,
      "text" : "pin",
      "whiteSpace" : false
    }, {
      "id" : "s3-t7",
      "begin" : 370,
      "end" : 371,
      "text" : ";",
      "whiteSpace" : false
    }, {
      "id" : "s3-t8",
      "begin" : 372,
      "end" : 378,
      "text" : "thence",
      "whiteSpace" : false
    }, {
      "id" : "s3-t9",
      "begin" : 379,
      "end" : 384,
      "text" : "South",
      "whiteSpace" : false
    }, {
      "id" : "s3-t10",
      "begin" : 385,
      "end" : 387,
      "text" : "06",
      "whiteSpace" : false
    }, {
      "id" : "s3-t11",
      "begin" : 387,
      "end" : 388,
      "text" : "?",
      "whiteSpace" : false
    }, {
      "id" : "s3-t12",
      "begin" : 388,
      "end" : 389,
      "text" : "?",
      "whiteSpace" : false
    } ]
  }, {
    "id" : "s4",
    "begin" : 390,
    "end" : 408,
    "text" : "01' West 957.53, .",
    "tokens" : [ {
      "id" : "s4-t0",
      "begin" : 390,
      "end" : 392,
      "text" : "01",
      "whiteSpace" : false
    }, {
      "id" : "s4-t1",
      "begin" : 392,
      "end" : 393,
      "text" : "'",
      "whiteSpace" : false
    }, {
      "id" : "s4-t2",
      "begin" : 394,
      "end" : 398,
      "text" : "West",
      "whiteSpace" : false
    }, {
      "id" : "s4-t3",
      "begin" : 399,
      "end" : 405,
      "text" : "957.53",
      "whiteSpace" : false
    }, {
      "id" : "s4-t4",
      "begin" : 405,
      "end" : 406,
      "text" : ",",
      "whiteSpace" : false
    }, {
      "id" : "s4-t5",
      "begin" : 407,
      "end" : 408,
      "text" : ".",
      "whiteSpace" : false
    } ]
  }, {
    "id" : "s5",
    "begin" : 408,
    "end" : 751,
    "text" : "?????????-???.._ feet to the beginning, containing 7.50 acres more or less, as shown by a survey of Tom B., Thaxton,, 28, 1993 BEING a portion of the same property conveyed to Buffalo Valley Resources, Inc., by deed of record in Deed Book 158, page 983, Register's Office of Humphreys County, Tennessee., alcolm McCarn, its Agent and Attorney?",
    "tokens" : [ {
      "id" : "s5-t0",
      "begin" : 408,
      "end" : 418,
      "text" : "?????????-",
      "whiteSpace" : false
    }, {
      "id" : "s5-t1",
      "begin" : 418,
      "end" : 421,
      "text" : "???",
      "whiteSpace" : false
    }, {
      "id" : "s5-t2",
      "begin" : 421,
      "end" : 423,
      "text" : "..",
      "whiteSpace" : false
    }, {
      "id" : "s5-t3",
      "begin" : 423,
      "end" : 424,
      "text" : "_",
      "whiteSpace" : false
    }, {
      "id" : "s5-t4",
      "begin" : 425,
      "end" : 429,
      "text" : "feet",
      "whiteSpace" : false
    }, {
      "id" : "s5-t5",
      "begin" : 430,
      "end" : 432,
      "text" : "to",
      "whiteSpace" : false
    }, {
      "id" : "s5-t6",
      "begin" : 433,
      "end" : 436,
      "text" : "the",
      "whiteSpace" : false
    }, {
      "id" : "s5-t7",
      "begin" : 437,
      "end" : 446,
      "text" : "beginning",
      "whiteSpace" : false
    }, {
      "id" : "s5-t8",
      "begin" : 446,
      "end" : 447,
      "text" : ",",
      "whiteSpace" : false
    }, {
      "id" : "s5-t9",
      "begin" : 448,
      "end" : 458,
      "text" : "containing",
      "whiteSpace" : false
    }, {
      "id" : "s5-t10",
      "begin" : 459,
      "end" : 463,
      "text" : "7.50",
      "whiteSpace" : false
    }, {
      "id" : "s5-t11",
      "begin" : 464,
      "end" : 469,
      "text" : "acres",
      "whiteSpace" : false
    }, {
      "id" : "s5-t12",
      "begin" : 470,
      "end" : 474,
      "text" : "more",
      "whiteSpace" : false
    }, {
      "id" : "s5-t13",
      "begin" : 475,
      "end" : 477,
      "text" : "or",
      "whiteSpace" : false
    }, {
      "id" : "s5-t14",
      "begin" : 478,
      "end" : 482,
      "text" : "less",
      "whiteSpace" : false
    }, {
      "id" : "s5-t15",
      "begin" : 482,
      "end" : 483,
      "text" : ",",
      "whiteSpace" : false
    }, {
      "id" : "s5-t16",
      "begin" : 484,
      "end" : 486,
      "text" : "as",
      "whiteSpace" : false
    }, {
      "id" : "s5-t17",
      "begin" : 487,
      "end" : 492,
      "text" : "shown",
      "whiteSpace" : false
    }, {
      "id" : "s5-t18",
      "begin" : 493,
      "end" : 495,
      "text" : "by",
      "whiteSpace" : false
    }, {
      "id" : "s5-t19",
      "begin" : 496,
      "end" : 497,
      "text" : "a",
      "whiteSpace" : false
    }, {
      "id" : "s5-t20",
      "begin" : 498,
      "end" : 504,
      "text" : "survey",
      "whiteSpace" : false
    }, {
      "id" : "s5-t21",
      "begin" : 505,
      "end" : 507,
      "text" : "of",
      "whiteSpace" : false
    }, {
      "id" : "s5-t22",
      "begin" : 508,
      "end" : 511,
      "text" : "Tom",
      "whiteSpace" : false
    }, {
      "id" : "s5-t23",
      "begin" : 512,
      "end" : 514,
      "text" : "B.",
      "whiteSpace" : false
    }, {
      "id" : "s5-t24",
      "begin" : 514,
      "end" : 515,
      "text" : ",",
      "whiteSpace" : false
    }, {
      "id" : "s5-t25",
      "begin" : 516,
      "end" : 523,
      "text" : "Thaxton",
      "whiteSpace" : false
    }, {
      "id" : "s5-t26",
      "begin" : 523,
      "end" : 524,
      "text" : ",",
      "whiteSpace" : false
    }, {
      "id" : "s5-t27",
      "begin" : 524,
      "end" : 525,
      "text" : ",",
      "whiteSpace" : false
    }, {
      "id" : "s5-t28",
      "begin" : 526,
      "end" : 528,
      "text" : "28",
      "whiteSpace" : false
    }, {
      "id" : "s5-t29",
      "begin" : 528,
      "end" : 529,
      "text" : ",",
      "whiteSpace" : false
    }, {
      "id" : "s5-t30",
      "begin" : 530,
      "end" : 534,
      "text" : "1993",
      "whiteSpace" : false
    }, {
      "id" : "s5-t31",
      "begin" : 535,
      "end" : 540,
      "text" : "BEING",
      "whiteSpace" : false
    }, {
      "id" : "s5-t32",
      "begin" : 541,
      "end" : 542,
      "text" : "a",
      "whiteSpace" : false
    }, {
      "id" : "s5-t33",
      "begin" : 543,
      "end" : 550,
      "text" : "portion",
      "whiteSpace" : false
    }, {
      "id" : "s5-t34",
      "begin" : 551,
      "end" : 553,
      "text" : "of",
      "whiteSpace" : false
    }, {
      "id" : "s5-t35",
      "begin" : 554,
      "end" : 557,
      "text" : "the",
      "whiteSpace" : false
    }, {
      "id" : "s5-t36",
      "begin" : 558,
      "end" : 562,
      "text" : "same",
      "whiteSpace" : false
    }, {
      "id" : "s5-t37",
      "begin" : 563,
      "end" : 571,
      "text" : "property",
      "whiteSpace" : false
    }, {
      "id" : "s5-t38",
      "begin" : 572,
      "end" : 580,
      "text" : "conveyed",
      "whiteSpace" : false
    }, {
      "id" : "s5-t39",
      "begin" : 581,
      "end" : 583,
      "text" : "to",
      "whiteSpace" : false
    }, {
      "id" : "s5-t40",
      "begin" : 584,
      "end" : 591,
      "text" : "Buffalo",
      "whiteSpace" : false
    }, {
      "id" : "s5-t41",
      "begin" : 592,
      "end" : 598,
      "text" : "Valley",
      "whiteSpace" : false
    }, {
      "id" : "s5-t42",
      "begin" : 599,
      "end" : 608,
      "text" : "Resources",
      "whiteSpace" : false
    }, {
      "id" : "s5-t43",
      "begin" : 608,
      "end" : 609,
      "text" : ",",
      "whiteSpace" : false
    }, {
      "id" : "s5-t44",
      "begin" : 610,
      "end" : 614,
      "text" : "Inc.",
      "whiteSpace" : false
    }, {
      "id" : "s5-t45",
      "begin" : 614,
      "end" : 615,
      "text" : ",",
      "whiteSpace" : false
    }, {
      "id" : "s5-t46",
      "begin" : 616,
      "end" : 618,
      "text" : "by",
      "whiteSpace" : false
    }, {
      "id" : "s5-t47",
      "begin" : 619,
      "end" : 623,
      "text" : "deed",
      "whiteSpace" : false
    }, {
      "id" : "s5-t48",
      "begin" : 624,
      "end" : 626,
      "text" : "of",
      "whiteSpace" : false
    }, {
      "id" : "s5-t49",
      "begin" : 627,
      "end" : 633,
      "text" : "record",
      "whiteSpace" : false
    }, {
      "id" : "s5-t50",
      "begin" : 634,
      "end" : 636,
      "text" : "in",
      "whiteSpace" : false
    }, {
      "id" : "s5-t51",
      "begin" : 637,
      "end" : 641,
      "text" : "Deed",
      "whiteSpace" : false
    }, {
      "id" : "s5-t52",
      "begin" : 642,
      "end" : 646,
      "text" : "Book",
      "whiteSpace" : false
    }, {
      "id" : "s5-t53",
      "begin" : 647,
      "end" : 650,
      "text" : "158",
      "whiteSpace" : false
    }, {
      "id" : "s5-t54",
      "begin" : 650,
      "end" : 651,
      "text" : ",",
      "whiteSpace" : false
    }, {
      "id" : "s5-t55",
      "begin" : 652,
      "end" : 656,
      "text" : "page",
      "whiteSpace" : false
    }, {
      "id" : "s5-t56",
      "begin" : 657,
      "end" : 660,
      "text" : "983",
      "whiteSpace" : false
    }, {
      "id" : "s5-t57",
      "begin" : 660,
      "end" : 661,
      "text" : ",",
      "whiteSpace" : false
    }, {
      "id" : "s5-t58",
      "begin" : 662,
      "end" : 670,
      "text" : "Register",
      "whiteSpace" : false
    }, {
      "id" : "s5-t59",
      "begin" : 670,
      "end" : 672,
      "text" : "'s",
      "whiteSpace" : false
    }, {
      "id" : "s5-t60",
      "begin" : 673,
      "end" : 679,
      "text" : "Office",
      "whiteSpace" : false
    }, {
      "id" : "s5-t61",
      "begin" : 680,
      "end" : 682,
      "text" : "of",
      "whiteSpace" : false
    }, {
      "id" : "s5-t62",
      "begin" : 683,
      "end" : 692,
      "text" : "Humphreys",
      "whiteSpace" : false
    }, {
      "id" : "s5-t63",
      "begin" : 693,
      "end" : 699,
      "text" : "County",
      "whiteSpace" : false
    }, {
      "id" : "s5-t64",
      "begin" : 699,
      "end" : 700,
      "text" : ",",
      "whiteSpace" : false
    }, {
      "id" : "s5-t65",
      "begin" : 701,
      "end" : 711,
      "text" : "Tennessee.",
      "whiteSpace" : false
    }, {
      "id" : "s5-t66",
      "begin" : 711,
      "end" : 712,
      "text" : ",",
      "whiteSpace" : false
    }, {
      "id" : "s5-t67",
      "begin" : 713,
      "end" : 719,
      "text" : "alcolm",
      "whiteSpace" : false
    }, {
      "id" : "s5-t68",
      "begin" : 720,
      "end" : 726,
      "text" : "McCarn",
      "whiteSpace" : false
    }, {
      "id" : "s5-t69",
      "begin" : 726,
      "end" : 727,
      "text" : ",",
      "whiteSpace" : false
    }, {
      "id" : "s5-t70",
      "begin" : 728,
      "end" : 731,
      "text" : "its",
      "whiteSpace" : false
    }, {
      "id" : "s5-t71",
      "begin" : 732,
      "end" : 737,
      "text" : "Agent",
      "whiteSpace" : false
    }, {
      "id" : "s5-t72",
      "begin" : 738,
      "end" : 741,
      "text" : "and",
      "whiteSpace" : false
    }, {
      "id" : "s5-t73",
      "begin" : 742,
      "end" : 750,
      "text" : "Attorney",
      "whiteSpace" : false
    }, {
      "id" : "s5-t74",
      "begin" : 750,
      "end" : 751,
      "text" : "?",
      "whiteSpace" : false
    } ]
  }, {
    "id" : "s6",
    "begin" : 751,
    "end" : 756,
    "text" : "??in?",
    "tokens" : [ {
      "id" : "s6-t0",
      "begin" : 751,
      "end" : 755,
      "text" : "??in",
      "whiteSpace" : false
    }, {
      "id" : "s6-t1",
      "begin" : 755,
      "end" : 756,
      "text" : "?",
      "whiteSpace" : false
    } ]
  }, {
    "id" : "s7",
    "begin" : 756,
    "end" : 829,
    "text" : "??fact under Special Power of Attorney of record in, page H413, Register?",
    "tokens" : [ {
      "id" : "s7-t0",
      "begin" : 756,
      "end" : 762,
      "text" : "??fact",
      "whiteSpace" : false
    }, {
      "id" : "s7-t1",
      "begin" : 763,
      "end" : 768,
      "text" : "under",
      "whiteSpace" : false
    }, {
      "id" : "s7-t2",
      "begin" : 769,
      "end" : 776,
      "text" : "Special",
      "whiteSpace" : false
    }, {
      "id" : "s7-t3",
      "begin" : 777,
      "end" : 782,
      "text" : "Power",
      "whiteSpace" : false
    }, {
      "id" : "s7-t4",
      "begin" : 783,
      "end" : 785,
      "text" : "of",
      "whiteSpace" : false
    }, {
      "id" : "s7-t5",
      "begin" : 786,
      "end" : 794,
      "text" : "Attorney",
      "whiteSpace" : false
    }, {
      "id" : "s7-t6",
      "begin" : 795,
      "end" : 797,
      "text" : "of",
      "whiteSpace" : false
    }, {
      "id" : "s7-t7",
      "begin" : 798,
      "end" : 804,
      "text" : "record",
      "whiteSpace" : false
    }, {
      "id" : "s7-t8",
      "begin" : 805,
      "end" : 807,
      "text" : "in",
      "whiteSpace" : false
    }, {
      "id" : "s7-t9",
      "begin" : 807,
      "end" : 808,
      "text" : ",",
      "whiteSpace" : false
    }, {
      "id" : "s7-t10",
      "begin" : 809,
      "end" : 813,
      "text" : "page",
      "whiteSpace" : false
    }, {
      "id" : "s7-t11",
      "begin" : 814,
      "end" : 818,
      "text" : "H413",
      "whiteSpace" : false
    }, {
      "id" : "s7-t12",
      "begin" : 818,
      "end" : 819,
      "text" : ",",
      "whiteSpace" : false
    }, {
      "id" : "s7-t13",
      "begin" : 820,
      "end" : 828,
      "text" : "Register",
      "whiteSpace" : false
    }, {
      "id" : "s7-t14",
      "begin" : 828,
      "end" : 829,
      "text" : "?",
      "whiteSpace" : false
    } ]
  }, {
    "id" : "s8",
    "begin" : 829,
    "end" : 891,
    "text" : "??s Office of Humphreys County, Tennessee., ) ), STATE TAX s ?",
    "tokens" : [ {
      "id" : "s8-t0",
      "begin" : 829,
      "end" : 832,
      "text" : "??s",
      "whiteSpace" : false
    }, {
      "id" : "s8-t1",
      "begin" : 833,
      "end" : 839,
      "text" : "Office",
      "whiteSpace" : false
    }, {
      "id" : "s8-t2",
      "begin" : 840,
      "end" : 842,
      "text" : "of",
      "whiteSpace" : false
    }, {
      "id" : "s8-t3",
      "begin" : 843,
      "end" : 852,
      "text" : "Humphreys",
      "whiteSpace" : false
    }, {
      "id" : "s8-t4",
      "begin" : 853,
      "end" : 859,
      "text" : "County",
      "whiteSpace" : false
    }, {
      "id" : "s8-t5",
      "begin" : 859,
      "end" : 860,
      "text" : ",",
      "whiteSpace" : false
    }, {
      "id" : "s8-t6",
      "begin" : 861,
      "end" : 871,
      "text" : "Tennessee.",
      "whiteSpace" : false
    }, {
      "id" : "s8-t7",
      "begin" : 871,
      "end" : 872,
      "text" : ",",
      "whiteSpace" : false
    }, {
      "id" : "s8-t8",
      "begin" : 873,
      "end" : 874,
      "text" : ")",
      "whiteSpace" : false
    }, {
      "id" : "s8-t9",
      "begin" : 875,
      "end" : 876,
      "text" : ")",
      "whiteSpace" : false
    }, {
      "id" : "s8-t10",
      "begin" : 876,
      "end" : 877,
      "text" : ",",
      "whiteSpace" : false
    }, {
      "id" : "s8-t11",
      "begin" : 878,
      "end" : 883,
      "text" : "STATE",
      "whiteSpace" : false
    }, {
      "id" : "s8-t12",
      "begin" : 884,
      "end" : 887,
      "text" : "TAX",
      "whiteSpace" : false
    }, {
      "id" : "s8-t13",
      "begin" : 888,
      "end" : 889,
      "text" : "s",
      "whiteSpace" : false
    }, {
      "id" : "s8-t14",
      "begin" : 890,
      "end" : 891,
      "text" : "?",
      "whiteSpace" : false
    } ]
  }, {
    "id" : "s9",
    "begin" : 891,
    "end" : 899,
    "text" : "??0 3???",
    "tokens" : [ {
      "id" : "s9-t0",
      "begin" : 891,
      "end" : 894,
      "text" : "??0",
      "whiteSpace" : false
    }, {
      "id" : "s9-t1",
      "begin" : 895,
      "end" : 896,
      "text" : "3",
      "whiteSpace" : false
    }, {
      "id" : "s9-t2",
      "begin" : 896,
      "end" : 898,
      "text" : "??",
      "whiteSpace" : false
    }, {
      "id" : "s9-t3",
      "begin" : 898,
      "end" : 899,
      "text" : "?",
      "whiteSpace" : false
    } ]
  }, {
    "id" : "s10",
    "begin" : 900,
    "end" : 937,
    "text" : "FEE JENNA tJl'Ei., mmazmmskwor 193i??",
    "tokens" : [ {
      "id" : "s10-t0",
      "begin" : 900,
      "end" : 903,
      "text" : "FEE",
      "whiteSpace" : false
    }, {
      "id" : "s10-t1",
      "begin" : 904,
      "end" : 909,
      "text" : "JENNA",
      "whiteSpace" : false
    }, {
      "id" : "s10-t2",
      "begin" : 910,
      "end" : 913,
      "text" : "tJl",
      "whiteSpace" : false
    }, {
      "id" : "s10-t3",
      "begin" : 913,
      "end" : 914,
      "text" : "'",
      "whiteSpace" : false
    }, {
      "id" : "s10-t4",
      "begin" : 914,
      "end" : 917,
      "text" : "Ei.",
      "whiteSpace" : false
    }, {
      "id" : "s10-t5",
      "begin" : 917,
      "end" : 918,
      "text" : ",",
      "whiteSpace" : false
    }, {
      "id" : "s10-t6",
      "begin" : 919,
      "end" : 930,
      "text" : "mmazmmskwor",
      "whiteSpace" : false
    }, {
      "id" : "s10-t7",
      "begin" : 931,
      "end" : 935,
      "text" : "193i",
      "whiteSpace" : false
    }, {
      "id" : "s10-t8",
      "begin" : 935,
      "end" : 936,
      "text" : "?",
      "whiteSpace" : false
    }, {
      "id" : "s10-t9",
      "begin" : 936,
      "end" : 937,
      "text" : "?",
      "whiteSpace" : false
    } ]
  }, {
    "id" : "s11",
    "begin" : 938,
    "end" : 951,
    "text" : "MGM???9.4. \".",
    "tokens" : [ {
      "id" : "s11-t0",
      "begin" : 938,
      "end" : 943,
      "text" : "MGM??",
      "whiteSpace" : false
    }, {
      "id" : "s11-t1",
      "begin" : 943,
      "end" : 947,
      "text" : "?9.4",
      "whiteSpace" : false
    }, {
      "id" : "s11-t2",
      "begin" : 947,
      "end" : 948,
      "text" : ".",
      "whiteSpace" : false
    }, {
      "id" : "s11-t3",
      "begin" : 949,
      "end" : 950,
      "text" : "\"",
      "whiteSpace" : false
    }, {
      "id" : "s11-t4",
      "begin" : 950,
      "end" : 951,
      "text" : ".",
      "whiteSpace" : false
    } ]
  }, {
    "id" : "s12",
    "begin" : 952,
    "end" : 959,
    "text" : "mom I??",
    "tokens" : [ {
      "id" : "s12-t0",
      "begin" : 952,
      "end" : 955,
      "text" : "mom",
      "whiteSpace" : false
    }, {
      "id" : "s12-t1",
      "begin" : 956,
      "end" : 958,
      "text" : "I?",
      "whiteSpace" : false
    }, {
      "id" : "s12-t2",
      "begin" : 958,
      "end" : 959,
      "text" : "?",
      "whiteSpace" : false
    } ]
  }, {
    "id" : "s13",
    "begin" : 960,
    "end" : 974,
    "text" : "mmm...1.i_muo.",
    "tokens" : [ {
      "id" : "s13-t0",
      "begin" : 960,
      "end" : 963,
      "text" : "mmm",
      "whiteSpace" : false
    }, {
      "id" : "s13-t1",
      "begin" : 963,
      "end" : 966,
      "text" : "...",
      "whiteSpace" : false
    }, {
      "id" : "s13-t2",
      "begin" : 966,
      "end" : 973,
      "text" : "1.i_muo",
      "whiteSpace" : false
    }, {
      "id" : "s13-t3",
      "begin" : 973,
      "end" : 974,
      "text" : ".",
      "whiteSpace" : false
    } ]
  }, {
    "id" : "s14",
    "begin" : 974,
    "end" : 977,
    "text" : "_i?",
    "tokens" : [ {
      "id" : "s14-t0",
      "begin" : 974,
      "end" : 976,
      "text" : "_i",
      "whiteSpace" : false
    }, {
      "id" : "s14-t1",
      "begin" : 976,
      "end" : 977,
      "text" : "?",
      "whiteSpace" : false
    } ]
  }, {
    "id" : "s15",
    "begin" : 977,
    "end" : 992,
    "text" : "??_ne, Wmmm WV.",
    "tokens" : [ {
      "id" : "s15-t0",
      "begin" : 977,
      "end" : 982,
      "text" : "??_ne",
      "whiteSpace" : false
    }, {
      "id" : "s15-t1",
      "begin" : 982,
      "end" : 983,
      "text" : ",",
      "whiteSpace" : false
    }, {
      "id" : "s15-t2",
      "begin" : 984,
      "end" : 988,
      "text" : "Wmmm",
      "whiteSpace" : false
    }, {
      "id" : "s15-t3",
      "begin" : 989,
      "end" : 991,
      "text" : "WV",
      "whiteSpace" : false
    }, {
      "id" : "s15-t4",
      "begin" : 991,
      "end" : 992,
      "text" : ".",
      "whiteSpace" : false
    } ]
  }, {
    "id" : "s16",
    "begin" : 993,
    "end" : 1003,
    "text" : "TENNESSEG]",
    "tokens" : [ {
      "id" : "s16-t0",
      "begin" : 993,
      "end" : 1002,
      "text" : "TENNESSEG",
      "whiteSpace" : false
    }, {
      "id" : "s16-t1",
      "begin" : 1002,
      "end" : 1003,
      "text" : "]",
      "whiteSpace" : false
    } ]
  } ],
  "mentions" : [ {
    "id" : "s5-m1",
    "properties" : {
      "SIRE_MENTION_ROLE" : "WarrDeedBookNum",
      "SIRE_ENTITY_SUBTYPE" : "NONE",
      "SIRE_MENTION_TYPE" : "NONE",
      "SIRE_MENTION_CLASS" : "SPC"
    },
    "type" : "WarrDeedBookNum",
    "begin" : 647,
    "end" : 650,
    "inCoref" : false
  }, {
    "id" : "s5-m2",
    "properties" : {
      "SIRE_MENTION_ROLE" : "WarrDeedPageNum",
      "SIRE_ENTITY_SUBTYPE" : "NONE",
      "SIRE_MENTION_TYPE" : "NONE",
      "SIRE_MENTION_CLASS" : "SPC"
    },
    "type" : "WarrDeedPageNum",
    "begin" : 657,
    "end" : 660,
    "inCoref" : false
  } ],
  "relations" : [ ],
  "corefs" : [ ],
  "typeResolved" : true,
  "userResolved" : false
}