{
  "id" : "9ee16260-54dc-11e9-b3f1-919b26b254ae-15",
  "name" : "WD164-7.txt",
  "createdDate" : 0,
  "version" : 3,
  "text" : "and being Lot No. 28 of EZE ACRES SUBDIVISION, as shown by a plat of record in Plat Cabinet A, Slides 46 &amp; 48, Register???s Office of Humphreys County, Tennessee., Map 53 J, Group D, Parcel 14., The above parcels are being conveyed subject to certain restrictions and protective covenants, Register's Office of Humphreys County, Tennessee., BEING a portion of the same property conveyed to J. Doyle Dillingham (now deceased), and J. L. Bradley, Jr. by deed of record in Deed Book 141, page 725, Register???s Office of Humphreys County, Tennessee., TO HAVE AND TO HOLD the said tracts or parcels of land, with, Thomas???A. Allen, Co- Executor of the Estate of J. Doyle Dillingham,",
  "docLength" : 0,
  "language" : "EN",
  "status" : "SUBMITTED",
  "modifiedDate" : 1554164658381,
  "documentSet" : [ ],
  "preannotation" : [ ],
  "sentences" : [ {
    "id" : "s0",
    "begin" : 0,
    "end" : 124,
    "text" : "and being Lot No. 28 of EZE ACRES SUBDIVISION, as shown by a plat of record in Plat Cabinet A, Slides 46 &amp; 48, Register?",
    "tokens" : [ {
      "id" : "s0-t0",
      "begin" : 0,
      "end" : 3,
      "text" : "and",
      "whiteSpace" : false
    }, {
      "id" : "s0-t1",
      "begin" : 4,
      "end" : 9,
      "text" : "being",
      "whiteSpace" : false
    }, {
      "id" : "s0-t2",
      "begin" : 10,
      "end" : 13,
      "text" : "Lot",
      "whiteSpace" : false
    }, {
      "id" : "s0-t3",
      "begin" : 14,
      "end" : 17,
      "text" : "No.",
      "whiteSpace" : false
    }, {
      "id" : "s0-t4",
      "begin" : 18,
      "end" : 20,
      "text" : "28",
      "whiteSpace" : false
    }, {
      "id" : "s0-t5",
      "begin" : 21,
      "end" : 23,
      "text" : "of",
      "whiteSpace" : false
    }, {
      "id" : "s0-t6",
      "begin" : 24,
      "end" : 27,
      "text" : "EZE",
      "whiteSpace" : false
    }, {
      "id" : "s0-t7",
      "begin" : 28,
      "end" : 33,
      "text" : "ACRES",
      "whiteSpace" : false
    }, {
      "id" : "s0-t8",
      "begin" : 34,
      "end" : 45,
      "text" : "SUBDIVISION",
      "whiteSpace" : false
    }, {
      "id" : "s0-t9",
      "begin" : 45,
      "end" : 46,
      "text" : ",",
      "whiteSpace" : false
    }, {
      "id" : "s0-t10",
      "begin" : 47,
      "end" : 49,
      "text" : "as",
      "whiteSpace" : false
    }, {
      "id" : "s0-t11",
      "begin" : 50,
      "end" : 55,
      "text" : "shown",
      "whiteSpace" : false
    }, {
      "id" : "s0-t12",
      "begin" : 56,
      "end" : 58,
      "text" : "by",
      "whiteSpace" : false
    }, {
      "id" : "s0-t13",
      "begin" : 59,
      "end" : 60,
      "text" : "a",
      "whiteSpace" : false
    }, {
      "id" : "s0-t14",
      "begin" : 61,
      "end" : 65,
      "text" : "plat",
      "whiteSpace" : false
    }, {
      "id" : "s0-t15",
      "begin" : 66,
      "end" : 68,
      "text" : "of",
      "whiteSpace" : false
    }, {
      "id" : "s0-t16",
      "begin" : 69,
      "end" : 75,
      "text" : "record",
      "whiteSpace" : false
    }, {
      "id" : "s0-t17",
      "begin" : 76,
      "end" : 78,
      "text" : "in",
      "whiteSpace" : false
    }, {
      "id" : "s0-t18",
      "begin" : 79,
      "end" : 83,
      "text" : "Plat",
      "whiteSpace" : false
    }, {
      "id" : "s0-t19",
      "begin" : 84,
      "end" : 91,
      "text" : "Cabinet",
      "whiteSpace" : false
    }, {
      "id" : "s0-t20",
      "begin" : 92,
      "end" : 93,
      "text" : "A",
      "whiteSpace" : false
    }, {
      "id" : "s0-t21",
      "begin" : 93,
      "end" : 94,
      "text" : ",",
      "whiteSpace" : false
    }, {
      "id" : "s0-t22",
      "begin" : 95,
      "end" : 101,
      "text" : "Slides",
      "whiteSpace" : false
    }, {
      "id" : "s0-t23",
      "begin" : 102,
      "end" : 104,
      "text" : "46",
      "whiteSpace" : false
    }, {
      "id" : "s0-t24",
      "begin" : 105,
      "end" : 110,
      "text" : "&amp;",
      "whiteSpace" : false
    }, {
      "id" : "s0-t25",
      "begin" : 111,
      "end" : 113,
      "text" : "48",
      "whiteSpace" : false
    }, {
      "id" : "s0-t26",
      "begin" : 113,
      "end" : 114,
      "text" : ",",
      "whiteSpace" : false
    }, {
      "id" : "s0-t27",
      "begin" : 115,
      "end" : 123,
      "text" : "Register",
      "whiteSpace" : false
    }, {
      "id" : "s0-t28",
      "begin" : 123,
      "end" : 124,
      "text" : "?",
      "whiteSpace" : false
    } ]
  }, {
    "id" : "s1",
    "begin" : 124,
    "end" : 508,
    "text" : "??s Office of Humphreys County, Tennessee., Map 53 J, Group D, Parcel 14., The above parcels are being conveyed subject to certain restrictions and protective covenants, Register's Office of Humphreys County, Tennessee., BEING a portion of the same property conveyed to J. Doyle Dillingham (now deceased), and J. L. Bradley, Jr. by deed of record in Deed Book 141, page 725, Register?",
    "tokens" : [ {
      "id" : "s1-t0",
      "begin" : 124,
      "end" : 127,
      "text" : "??s",
      "whiteSpace" : false
    }, {
      "id" : "s1-t1",
      "begin" : 128,
      "end" : 134,
      "text" : "Office",
      "whiteSpace" : false
    }, {
      "id" : "s1-t2",
      "begin" : 135,
      "end" : 137,
      "text" : "of",
      "whiteSpace" : false
    }, {
      "id" : "s1-t3",
      "begin" : 138,
      "end" : 147,
      "text" : "Humphreys",
      "whiteSpace" : false
    }, {
      "id" : "s1-t4",
      "begin" : 148,
      "end" : 154,
      "text" : "County",
      "whiteSpace" : false
    }, {
      "id" : "s1-t5",
      "begin" : 154,
      "end" : 155,
      "text" : ",",
      "whiteSpace" : false
    }, {
      "id" : "s1-t6",
      "begin" : 156,
      "end" : 166,
      "text" : "Tennessee.",
      "whiteSpace" : false
    }, {
      "id" : "s1-t7",
      "begin" : 166,
      "end" : 167,
      "text" : ",",
      "whiteSpace" : false
    }, {
      "id" : "s1-t8",
      "begin" : 168,
      "end" : 171,
      "text" : "Map",
      "whiteSpace" : false
    }, {
      "id" : "s1-t9",
      "begin" : 172,
      "end" : 174,
      "text" : "53",
      "whiteSpace" : false
    }, {
      "id" : "s1-t10",
      "begin" : 175,
      "end" : 176,
      "text" : "J",
      "whiteSpace" : false
    }, {
      "id" : "s1-t11",
      "begin" : 176,
      "end" : 177,
      "text" : ",",
      "whiteSpace" : false
    }, {
      "id" : "s1-t12",
      "begin" : 178,
      "end" : 183,
      "text" : "Group",
      "whiteSpace" : false
    }, {
      "id" : "s1-t13",
      "begin" : 184,
      "end" : 185,
      "text" : "D",
      "whiteSpace" : false
    }, {
      "id" : "s1-t14",
      "begin" : 185,
      "end" : 186,
      "text" : ",",
      "whiteSpace" : false
    }, {
      "id" : "s1-t15",
      "begin" : 187,
      "end" : 193,
      "text" : "Parcel",
      "whiteSpace" : false
    }, {
      "id" : "s1-t16",
      "begin" : 194,
      "end" : 196,
      "text" : "14",
      "whiteSpace" : false
    }, {
      "id" : "s1-t17",
      "begin" : 196,
      "end" : 197,
      "text" : ".",
      "whiteSpace" : false
    }, {
      "id" : "s1-t18",
      "begin" : 197,
      "end" : 198,
      "text" : ",",
      "whiteSpace" : false
    }, {
      "id" : "s1-t19",
      "begin" : 199,
      "end" : 202,
      "text" : "The",
      "whiteSpace" : false
    }, {
      "id" : "s1-t20",
      "begin" : 203,
      "end" : 208,
      "text" : "above",
      "whiteSpace" : false
    }, {
      "id" : "s1-t21",
      "begin" : 209,
      "end" : 216,
      "text" : "parcels",
      "whiteSpace" : false
    }, {
      "id" : "s1-t22",
      "begin" : 217,
      "end" : 220,
      "text" : "are",
      "whiteSpace" : false
    }, {
      "id" : "s1-t23",
      "begin" : 221,
      "end" : 226,
      "text" : "being",
      "whiteSpace" : false
    }, {
      "id" : "s1-t24",
      "begin" : 227,
      "end" : 235,
      "text" : "conveyed",
      "whiteSpace" : false
    }, {
      "id" : "s1-t25",
      "begin" : 236,
      "end" : 243,
      "text" : "subject",
      "whiteSpace" : false
    }, {
      "id" : "s1-t26",
      "begin" : 244,
      "end" : 246,
      "text" : "to",
      "whiteSpace" : false
    }, {
      "id" : "s1-t27",
      "begin" : 247,
      "end" : 254,
      "text" : "certain",
      "whiteSpace" : false
    }, {
      "id" : "s1-t28",
      "begin" : 255,
      "end" : 267,
      "text" : "restrictions",
      "whiteSpace" : false
    }, {
      "id" : "s1-t29",
      "begin" : 268,
      "end" : 271,
      "text" : "and",
      "whiteSpace" : false
    }, {
      "id" : "s1-t30",
      "begin" : 272,
      "end" : 282,
      "text" : "protective",
      "whiteSpace" : false
    }, {
      "id" : "s1-t31",
      "begin" : 283,
      "end" : 292,
      "text" : "covenants",
      "whiteSpace" : false
    }, {
      "id" : "s1-t32",
      "begin" : 292,
      "end" : 293,
      "text" : ",",
      "whiteSpace" : false
    }, {
      "id" : "s1-t33",
      "begin" : 294,
      "end" : 302,
      "text" : "Register",
      "whiteSpace" : false
    }, {
      "id" : "s1-t34",
      "begin" : 302,
      "end" : 304,
      "text" : "'s",
      "whiteSpace" : false
    }, {
      "id" : "s1-t35",
      "begin" : 305,
      "end" : 311,
      "text" : "Office",
      "whiteSpace" : false
    }, {
      "id" : "s1-t36",
      "begin" : 312,
      "end" : 314,
      "text" : "of",
      "whiteSpace" : false
    }, {
      "id" : "s1-t37",
      "begin" : 315,
      "end" : 324,
      "text" : "Humphreys",
      "whiteSpace" : false
    }, {
      "id" : "s1-t38",
      "begin" : 325,
      "end" : 331,
      "text" : "County",
      "whiteSpace" : false
    }, {
      "id" : "s1-t39",
      "begin" : 331,
      "end" : 332,
      "text" : ",",
      "whiteSpace" : false
    }, {
      "id" : "s1-t40",
      "begin" : 333,
      "end" : 343,
      "text" : "Tennessee.",
      "whiteSpace" : false
    }, {
      "id" : "s1-t41",
      "begin" : 343,
      "end" : 344,
      "text" : ",",
      "whiteSpace" : false
    }, {
      "id" : "s1-t42",
      "begin" : 345,
      "end" : 350,
      "text" : "BEING",
      "whiteSpace" : false
    }, {
      "id" : "s1-t43",
      "begin" : 351,
      "end" : 352,
      "text" : "a",
      "whiteSpace" : false
    }, {
      "id" : "s1-t44",
      "begin" : 353,
      "end" : 360,
      "text" : "portion",
      "whiteSpace" : false
    }, {
      "id" : "s1-t45",
      "begin" : 361,
      "end" : 363,
      "text" : "of",
      "whiteSpace" : false
    }, {
      "id" : "s1-t46",
      "begin" : 364,
      "end" : 367,
      "text" : "the",
      "whiteSpace" : false
    }, {
      "id" : "s1-t47",
      "begin" : 368,
      "end" : 372,
      "text" : "same",
      "whiteSpace" : false
    }, {
      "id" : "s1-t48",
      "begin" : 373,
      "end" : 381,
      "text" : "property",
      "whiteSpace" : false
    }, {
      "id" : "s1-t49",
      "begin" : 382,
      "end" : 390,
      "text" : "conveyed",
      "whiteSpace" : false
    }, {
      "id" : "s1-t50",
      "begin" : 391,
      "end" : 393,
      "text" : "to",
      "whiteSpace" : false
    }, {
      "id" : "s1-t51",
      "begin" : 394,
      "end" : 396,
      "text" : "J.",
      "whiteSpace" : false
    }, {
      "id" : "s1-t52",
      "begin" : 397,
      "end" : 402,
      "text" : "Doyle",
      "whiteSpace" : false
    }, {
      "id" : "s1-t53",
      "begin" : 403,
      "end" : 413,
      "text" : "Dillingham",
      "whiteSpace" : false
    }, {
      "id" : "s1-t54",
      "begin" : 414,
      "end" : 415,
      "text" : "(",
      "whiteSpace" : false
    }, {
      "id" : "s1-t55",
      "begin" : 415,
      "end" : 418,
      "text" : "now",
      "whiteSpace" : false
    }, {
      "id" : "s1-t56",
      "begin" : 419,
      "end" : 427,
      "text" : "deceased",
      "whiteSpace" : false
    }, {
      "id" : "s1-t57",
      "begin" : 427,
      "end" : 428,
      "text" : ")",
      "whiteSpace" : false
    }, {
      "id" : "s1-t58",
      "begin" : 428,
      "end" : 429,
      "text" : ",",
      "whiteSpace" : false
    }, {
      "id" : "s1-t59",
      "begin" : 430,
      "end" : 433,
      "text" : "and",
      "whiteSpace" : false
    }, {
      "id" : "s1-t60",
      "begin" : 434,
      "end" : 436,
      "text" : "J.",
      "whiteSpace" : false
    }, {
      "id" : "s1-t61",
      "begin" : 437,
      "end" : 439,
      "text" : "L.",
      "whiteSpace" : false
    }, {
      "id" : "s1-t62",
      "begin" : 440,
      "end" : 447,
      "text" : "Bradley",
      "whiteSpace" : false
    }, {
      "id" : "s1-t63",
      "begin" : 447,
      "end" : 448,
      "text" : ",",
      "whiteSpace" : false
    }, {
      "id" : "s1-t64",
      "begin" : 449,
      "end" : 452,
      "text" : "Jr.",
      "whiteSpace" : false
    }, {
      "id" : "s1-t65",
      "begin" : 453,
      "end" : 455,
      "text" : "by",
      "whiteSpace" : false
    }, {
      "id" : "s1-t66",
      "begin" : 456,
      "end" : 460,
      "text" : "deed",
      "whiteSpace" : false
    }, {
      "id" : "s1-t67",
      "begin" : 461,
      "end" : 463,
      "text" : "of",
      "whiteSpace" : false
    }, {
      "id" : "s1-t68",
      "begin" : 464,
      "end" : 470,
      "text" : "record",
      "whiteSpace" : false
    }, {
      "id" : "s1-t69",
      "begin" : 471,
      "end" : 473,
      "text" : "in",
      "whiteSpace" : false
    }, {
      "id" : "s1-t70",
      "begin" : 474,
      "end" : 478,
      "text" : "Deed",
      "whiteSpace" : false
    }, {
      "id" : "s1-t71",
      "begin" : 479,
      "end" : 483,
      "text" : "Book",
      "whiteSpace" : false
    }, {
      "id" : "s1-t72",
      "begin" : 484,
      "end" : 487,
      "text" : "141",
      "whiteSpace" : false
    }, {
      "id" : "s1-t73",
      "begin" : 487,
      "end" : 488,
      "text" : ",",
      "whiteSpace" : false
    }, {
      "id" : "s1-t74",
      "begin" : 489,
      "end" : 493,
      "text" : "page",
      "whiteSpace" : false
    }, {
      "id" : "s1-t75",
      "begin" : 494,
      "end" : 497,
      "text" : "725",
      "whiteSpace" : false
    }, {
      "id" : "s1-t76",
      "begin" : 497,
      "end" : 498,
      "text" : ",",
      "whiteSpace" : false
    }, {
      "id" : "s1-t77",
      "begin" : 499,
      "end" : 507,
      "text" : "Register",
      "whiteSpace" : false
    }, {
      "id" : "s1-t78",
      "begin" : 507,
      "end" : 508,
      "text" : "?",
      "whiteSpace" : false
    } ]
  }, {
    "id" : "s2",
    "begin" : 508,
    "end" : 621,
    "text" : "??s Office of Humphreys County, Tennessee., TO HAVE AND TO HOLD the said tracts or parcels of land, with, Thomas?",
    "tokens" : [ {
      "id" : "s2-t0",
      "begin" : 508,
      "end" : 511,
      "text" : "??s",
      "whiteSpace" : false
    }, {
      "id" : "s2-t1",
      "begin" : 512,
      "end" : 518,
      "text" : "Office",
      "whiteSpace" : false
    }, {
      "id" : "s2-t2",
      "begin" : 519,
      "end" : 521,
      "text" : "of",
      "whiteSpace" : false
    }, {
      "id" : "s2-t3",
      "begin" : 522,
      "end" : 531,
      "text" : "Humphreys",
      "whiteSpace" : false
    }, {
      "id" : "s2-t4",
      "begin" : 532,
      "end" : 538,
      "text" : "County",
      "whiteSpace" : false
    }, {
      "id" : "s2-t5",
      "begin" : 538,
      "end" : 539,
      "text" : ",",
      "whiteSpace" : false
    }, {
      "id" : "s2-t6",
      "begin" : 540,
      "end" : 550,
      "text" : "Tennessee.",
      "whiteSpace" : false
    }, {
      "id" : "s2-t7",
      "begin" : 550,
      "end" : 551,
      "text" : ",",
      "whiteSpace" : false
    }, {
      "id" : "s2-t8",
      "begin" : 552,
      "end" : 554,
      "text" : "TO",
      "whiteSpace" : false
    }, {
      "id" : "s2-t9",
      "begin" : 555,
      "end" : 559,
      "text" : "HAVE",
      "whiteSpace" : false
    }, {
      "id" : "s2-t10",
      "begin" : 560,
      "end" : 563,
      "text" : "AND",
      "whiteSpace" : false
    }, {
      "id" : "s2-t11",
      "begin" : 564,
      "end" : 566,
      "text" : "TO",
      "whiteSpace" : false
    }, {
      "id" : "s2-t12",
      "begin" : 567,
      "end" : 571,
      "text" : "HOLD",
      "whiteSpace" : false
    }, {
      "id" : "s2-t13",
      "begin" : 572,
      "end" : 575,
      "text" : "the",
      "whiteSpace" : false
    }, {
      "id" : "s2-t14",
      "begin" : 576,
      "end" : 580,
      "text" : "said",
      "whiteSpace" : false
    }, {
      "id" : "s2-t15",
      "begin" : 581,
      "end" : 587,
      "text" : "tracts",
      "whiteSpace" : false
    }, {
      "id" : "s2-t16",
      "begin" : 588,
      "end" : 590,
      "text" : "or",
      "whiteSpace" : false
    }, {
      "id" : "s2-t17",
      "begin" : 591,
      "end" : 598,
      "text" : "parcels",
      "whiteSpace" : false
    }, {
      "id" : "s2-t18",
      "begin" : 599,
      "end" : 601,
      "text" : "of",
      "whiteSpace" : false
    }, {
      "id" : "s2-t19",
      "begin" : 602,
      "end" : 606,
      "text" : "land",
      "whiteSpace" : false
    }, {
      "id" : "s2-t20",
      "begin" : 606,
      "end" : 607,
      "text" : ",",
      "whiteSpace" : false
    }, {
      "id" : "s2-t21",
      "begin" : 608,
      "end" : 612,
      "text" : "with",
      "whiteSpace" : false
    }, {
      "id" : "s2-t22",
      "begin" : 612,
      "end" : 613,
      "text" : ",",
      "whiteSpace" : false
    }, {
      "id" : "s2-t23",
      "begin" : 614,
      "end" : 620,
      "text" : "Thomas",
      "whiteSpace" : false
    }, {
      "id" : "s2-t24",
      "begin" : 620,
      "end" : 621,
      "text" : "?",
      "whiteSpace" : false
    } ]
  }, {
    "id" : "s3",
    "begin" : 621,
    "end" : 683,
    "text" : "??A. Allen, Co- Executor of the Estate of J. Doyle Dillingham,",
    "tokens" : [ {
      "id" : "s3-t0",
      "begin" : 621,
      "end" : 625,
      "text" : "??A.",
      "whiteSpace" : false
    }, {
      "id" : "s3-t1",
      "begin" : 626,
      "end" : 631,
      "text" : "Allen",
      "whiteSpace" : false
    }, {
      "id" : "s3-t2",
      "begin" : 631,
      "end" : 632,
      "text" : ",",
      "whiteSpace" : false
    }, {
      "id" : "s3-t3",
      "begin" : 633,
      "end" : 635,
      "text" : "Co",
      "whiteSpace" : false
    }, {
      "id" : "s3-t4",
      "begin" : 635,
      "end" : 636,
      "text" : "-",
      "whiteSpace" : false
    }, {
      "id" : "s3-t5",
      "begin" : 637,
      "end" : 645,
      "text" : "Executor",
      "whiteSpace" : false
    }, {
      "id" : "s3-t6",
      "begin" : 646,
      "end" : 648,
      "text" : "of",
      "whiteSpace" : false
    }, {
      "id" : "s3-t7",
      "begin" : 649,
      "end" : 652,
      "text" : "the",
      "whiteSpace" : false
    }, {
      "id" : "s3-t8",
      "begin" : 653,
      "end" : 659,
      "text" : "Estate",
      "whiteSpace" : false
    }, {
      "id" : "s3-t9",
      "begin" : 660,
      "end" : 662,
      "text" : "of",
      "whiteSpace" : false
    }, {
      "id" : "s3-t10",
      "begin" : 663,
      "end" : 665,
      "text" : "J.",
      "whiteSpace" : false
    }, {
      "id" : "s3-t11",
      "begin" : 666,
      "end" : 671,
      "text" : "Doyle",
      "whiteSpace" : false
    }, {
      "id" : "s3-t12",
      "begin" : 672,
      "end" : 682,
      "text" : "Dillingham",
      "whiteSpace" : false
    }, {
      "id" : "s3-t13",
      "begin" : 682,
      "end" : 683,
      "text" : ",",
      "whiteSpace" : false
    } ]
  } ],
  "mentions" : [ {
    "id" : "s1-m1",
    "properties" : {
      "SIRE_MENTION_ROLE" : "WarrDeedBookNum",
      "SIRE_ENTITY_SUBTYPE" : "NONE",
      "SIRE_MENTION_TYPE" : "NONE",
      "SIRE_MENTION_CLASS" : "SPC"
    },
    "type" : "WarrDeedBookNum",
    "begin" : 484,
    "end" : 487,
    "inCoref" : false
  }, {
    "id" : "s1-m2",
    "properties" : {
      "SIRE_MENTION_ROLE" : "WarrDeedPageNum",
      "SIRE_ENTITY_SUBTYPE" : "NONE",
      "SIRE_MENTION_TYPE" : "NONE",
      "SIRE_MENTION_CLASS" : "SPC"
    },
    "type" : "WarrDeedPageNum",
    "begin" : 494,
    "end" : 497,
    "inCoref" : false
  } ],
  "relations" : [ ],
  "corefs" : [ ],
  "typeResolved" : true,
  "userResolved" : false
}