{
  "id" : "9ee16260-54dc-11e9-b3f1-919b26b254ae-13",
  "name" : "WD164-1.txt",
  "createdDate" : 0,
  "version" : 3,
  "text" : "being more particularly described as follows: BEGINNING at an iron pin in J. W. Rich???s North line (Deed Book 121, Page 1027) and J. K. Smith???s Southeast corner (Deed Book 131, Page 906): more or less, according to a survey by David S. Dickey dated June 18, 1982. Being the same property conveyed to Ernest R. Hooten and wife, Michelle G. Hooten by deed from Eugene W. Roberts, single, dated March 22, 1994, and of record in Deed Book 163, Page 842, in the Register???s Office of Humphreys County, Tennessee. This property is subject to right-of-way of Buckhorn Road. To Have and to Hold the said tract or parcel of land, with the appurtenances, estate. title, and interest thereto belonging,",
  "docLength" : 0,
  "language" : "EN",
  "status" : "SUBMITTED",
  "modifiedDate" : 1554164639877,
  "documentSet" : [ ],
  "preannotation" : [ ],
  "sentences" : [ {
    "id" : "s0",
    "begin" : 0,
    "end" : 85,
    "text" : "being more particularly described as follows: BEGINNING at an iron pin in J. W. Rich?",
    "tokens" : [ {
      "id" : "s0-t0",
      "begin" : 0,
      "end" : 5,
      "text" : "being",
      "whiteSpace" : false
    }, {
      "id" : "s0-t1",
      "begin" : 6,
      "end" : 10,
      "text" : "more",
      "whiteSpace" : false
    }, {
      "id" : "s0-t2",
      "begin" : 11,
      "end" : 23,
      "text" : "particularly",
      "whiteSpace" : false
    }, {
      "id" : "s0-t3",
      "begin" : 24,
      "end" : 33,
      "text" : "described",
      "whiteSpace" : false
    }, {
      "id" : "s0-t4",
      "begin" : 34,
      "end" : 36,
      "text" : "as",
      "whiteSpace" : false
    }, {
      "id" : "s0-t5",
      "begin" : 37,
      "end" : 44,
      "text" : "follows",
      "whiteSpace" : false
    }, {
      "id" : "s0-t6",
      "begin" : 44,
      "end" : 45,
      "text" : ":",
      "whiteSpace" : false
    }, {
      "id" : "s0-t7",
      "begin" : 46,
      "end" : 55,
      "text" : "BEGINNING",
      "whiteSpace" : false
    }, {
      "id" : "s0-t8",
      "begin" : 56,
      "end" : 58,
      "text" : "at",
      "whiteSpace" : false
    }, {
      "id" : "s0-t9",
      "begin" : 59,
      "end" : 61,
      "text" : "an",
      "whiteSpace" : false
    }, {
      "id" : "s0-t10",
      "begin" : 62,
      "end" : 66,
      "text" : "iron",
      "whiteSpace" : false
    }, {
      "id" : "s0-t11",
      "begin" : 67,
      "end" : 70,
      "text" : "pin",
      "whiteSpace" : false
    }, {
      "id" : "s0-t12",
      "begin" : 71,
      "end" : 73,
      "text" : "in",
      "whiteSpace" : false
    }, {
      "id" : "s0-t13",
      "begin" : 74,
      "end" : 76,
      "text" : "J.",
      "whiteSpace" : false
    }, {
      "id" : "s0-t14",
      "begin" : 77,
      "end" : 79,
      "text" : "W.",
      "whiteSpace" : false
    }, {
      "id" : "s0-t15",
      "begin" : 80,
      "end" : 84,
      "text" : "Rich",
      "whiteSpace" : false
    }, {
      "id" : "s0-t16",
      "begin" : 84,
      "end" : 85,
      "text" : "?",
      "whiteSpace" : false
    } ]
  }, {
    "id" : "s1",
    "begin" : 85,
    "end" : 143,
    "text" : "??s North line (Deed Book 121, Page 1027) and J. K. Smith?",
    "tokens" : [ {
      "id" : "s1-t0",
      "begin" : 85,
      "end" : 88,
      "text" : "??s",
      "whiteSpace" : false
    }, {
      "id" : "s1-t1",
      "begin" : 89,
      "end" : 94,
      "text" : "North",
      "whiteSpace" : false
    }, {
      "id" : "s1-t2",
      "begin" : 95,
      "end" : 99,
      "text" : "line",
      "whiteSpace" : false
    }, {
      "id" : "s1-t3",
      "begin" : 100,
      "end" : 101,
      "text" : "(",
      "whiteSpace" : false
    }, {
      "id" : "s1-t4",
      "begin" : 101,
      "end" : 105,
      "text" : "Deed",
      "whiteSpace" : false
    }, {
      "id" : "s1-t5",
      "begin" : 106,
      "end" : 110,
      "text" : "Book",
      "whiteSpace" : false
    }, {
      "id" : "s1-t6",
      "begin" : 111,
      "end" : 114,
      "text" : "121",
      "whiteSpace" : false
    }, {
      "id" : "s1-t7",
      "begin" : 114,
      "end" : 115,
      "text" : ",",
      "whiteSpace" : false
    }, {
      "id" : "s1-t8",
      "begin" : 116,
      "end" : 120,
      "text" : "Page",
      "whiteSpace" : false
    }, {
      "id" : "s1-t9",
      "begin" : 121,
      "end" : 125,
      "text" : "1027",
      "whiteSpace" : false
    }, {
      "id" : "s1-t10",
      "begin" : 125,
      "end" : 126,
      "text" : ")",
      "whiteSpace" : false
    }, {
      "id" : "s1-t11",
      "begin" : 127,
      "end" : 130,
      "text" : "and",
      "whiteSpace" : false
    }, {
      "id" : "s1-t12",
      "begin" : 131,
      "end" : 133,
      "text" : "J.",
      "whiteSpace" : false
    }, {
      "id" : "s1-t13",
      "begin" : 134,
      "end" : 136,
      "text" : "K.",
      "whiteSpace" : false
    }, {
      "id" : "s1-t14",
      "begin" : 137,
      "end" : 142,
      "text" : "Smith",
      "whiteSpace" : false
    }, {
      "id" : "s1-t15",
      "begin" : 142,
      "end" : 143,
      "text" : "?",
      "whiteSpace" : false
    } ]
  }, {
    "id" : "s2",
    "begin" : 143,
    "end" : 266,
    "text" : "??s Southeast corner (Deed Book 131, Page 906): more or less, according to a survey by David S. Dickey dated June 18, 1982.",
    "tokens" : [ {
      "id" : "s2-t0",
      "begin" : 143,
      "end" : 146,
      "text" : "??s",
      "whiteSpace" : false
    }, {
      "id" : "s2-t1",
      "begin" : 147,
      "end" : 156,
      "text" : "Southeast",
      "whiteSpace" : false
    }, {
      "id" : "s2-t2",
      "begin" : 157,
      "end" : 163,
      "text" : "corner",
      "whiteSpace" : false
    }, {
      "id" : "s2-t3",
      "begin" : 164,
      "end" : 165,
      "text" : "(",
      "whiteSpace" : false
    }, {
      "id" : "s2-t4",
      "begin" : 165,
      "end" : 169,
      "text" : "Deed",
      "whiteSpace" : false
    }, {
      "id" : "s2-t5",
      "begin" : 170,
      "end" : 174,
      "text" : "Book",
      "whiteSpace" : false
    }, {
      "id" : "s2-t6",
      "begin" : 175,
      "end" : 178,
      "text" : "131",
      "whiteSpace" : false
    }, {
      "id" : "s2-t7",
      "begin" : 178,
      "end" : 179,
      "text" : ",",
      "whiteSpace" : false
    }, {
      "id" : "s2-t8",
      "begin" : 180,
      "end" : 184,
      "text" : "Page",
      "whiteSpace" : false
    }, {
      "id" : "s2-t9",
      "begin" : 185,
      "end" : 188,
      "text" : "906",
      "whiteSpace" : false
    }, {
      "id" : "s2-t10",
      "begin" : 188,
      "end" : 189,
      "text" : ")",
      "whiteSpace" : false
    }, {
      "id" : "s2-t11",
      "begin" : 189,
      "end" : 190,
      "text" : ":",
      "whiteSpace" : false
    }, {
      "id" : "s2-t12",
      "begin" : 191,
      "end" : 195,
      "text" : "more",
      "whiteSpace" : false
    }, {
      "id" : "s2-t13",
      "begin" : 196,
      "end" : 198,
      "text" : "or",
      "whiteSpace" : false
    }, {
      "id" : "s2-t14",
      "begin" : 199,
      "end" : 203,
      "text" : "less",
      "whiteSpace" : false
    }, {
      "id" : "s2-t15",
      "begin" : 203,
      "end" : 204,
      "text" : ",",
      "whiteSpace" : false
    }, {
      "id" : "s2-t16",
      "begin" : 205,
      "end" : 214,
      "text" : "according",
      "whiteSpace" : false
    }, {
      "id" : "s2-t17",
      "begin" : 215,
      "end" : 217,
      "text" : "to",
      "whiteSpace" : false
    }, {
      "id" : "s2-t18",
      "begin" : 218,
      "end" : 219,
      "text" : "a",
      "whiteSpace" : false
    }, {
      "id" : "s2-t19",
      "begin" : 220,
      "end" : 226,
      "text" : "survey",
      "whiteSpace" : false
    }, {
      "id" : "s2-t20",
      "begin" : 227,
      "end" : 229,
      "text" : "by",
      "whiteSpace" : false
    }, {
      "id" : "s2-t21",
      "begin" : 230,
      "end" : 235,
      "text" : "David",
      "whiteSpace" : false
    }, {
      "id" : "s2-t22",
      "begin" : 236,
      "end" : 238,
      "text" : "S.",
      "whiteSpace" : false
    }, {
      "id" : "s2-t23",
      "begin" : 239,
      "end" : 245,
      "text" : "Dickey",
      "whiteSpace" : false
    }, {
      "id" : "s2-t24",
      "begin" : 246,
      "end" : 251,
      "text" : "dated",
      "whiteSpace" : false
    }, {
      "id" : "s2-t25",
      "begin" : 252,
      "end" : 256,
      "text" : "June",
      "whiteSpace" : false
    }, {
      "id" : "s2-t26",
      "begin" : 257,
      "end" : 259,
      "text" : "18",
      "whiteSpace" : false
    }, {
      "id" : "s2-t27",
      "begin" : 259,
      "end" : 260,
      "text" : ",",
      "whiteSpace" : false
    }, {
      "id" : "s2-t28",
      "begin" : 261,
      "end" : 265,
      "text" : "1982",
      "whiteSpace" : false
    }, {
      "id" : "s2-t29",
      "begin" : 265,
      "end" : 266,
      "text" : ".",
      "whiteSpace" : false
    } ]
  }, {
    "id" : "s3",
    "begin" : 267,
    "end" : 469,
    "text" : "Being the same property conveyed to Ernest R. Hooten and wife, Michelle G. Hooten by deed from Eugene W. Roberts, single, dated March 22, 1994, and of record in Deed Book 163, Page 842, in the Register?",
    "tokens" : [ {
      "id" : "s3-t0",
      "begin" : 267,
      "end" : 272,
      "text" : "Being",
      "whiteSpace" : false
    }, {
      "id" : "s3-t1",
      "begin" : 273,
      "end" : 276,
      "text" : "the",
      "whiteSpace" : false
    }, {
      "id" : "s3-t2",
      "begin" : 277,
      "end" : 281,
      "text" : "same",
      "whiteSpace" : false
    }, {
      "id" : "s3-t3",
      "begin" : 282,
      "end" : 290,
      "text" : "property",
      "whiteSpace" : false
    }, {
      "id" : "s3-t4",
      "begin" : 291,
      "end" : 299,
      "text" : "conveyed",
      "whiteSpace" : false
    }, {
      "id" : "s3-t5",
      "begin" : 300,
      "end" : 302,
      "text" : "to",
      "whiteSpace" : false
    }, {
      "id" : "s3-t6",
      "begin" : 303,
      "end" : 309,
      "text" : "Ernest",
      "whiteSpace" : false
    }, {
      "id" : "s3-t7",
      "begin" : 310,
      "end" : 312,
      "text" : "R.",
      "whiteSpace" : false
    }, {
      "id" : "s3-t8",
      "begin" : 313,
      "end" : 319,
      "text" : "Hooten",
      "whiteSpace" : false
    }, {
      "id" : "s3-t9",
      "begin" : 320,
      "end" : 323,
      "text" : "and",
      "whiteSpace" : false
    }, {
      "id" : "s3-t10",
      "begin" : 324,
      "end" : 328,
      "text" : "wife",
      "whiteSpace" : false
    }, {
      "id" : "s3-t11",
      "begin" : 328,
      "end" : 329,
      "text" : ",",
      "whiteSpace" : false
    }, {
      "id" : "s3-t12",
      "begin" : 330,
      "end" : 338,
      "text" : "Michelle",
      "whiteSpace" : false
    }, {
      "id" : "s3-t13",
      "begin" : 339,
      "end" : 341,
      "text" : "G.",
      "whiteSpace" : false
    }, {
      "id" : "s3-t14",
      "begin" : 342,
      "end" : 348,
      "text" : "Hooten",
      "whiteSpace" : false
    }, {
      "id" : "s3-t15",
      "begin" : 349,
      "end" : 351,
      "text" : "by",
      "whiteSpace" : false
    }, {
      "id" : "s3-t16",
      "begin" : 352,
      "end" : 356,
      "text" : "deed",
      "whiteSpace" : false
    }, {
      "id" : "s3-t17",
      "begin" : 357,
      "end" : 361,
      "text" : "from",
      "whiteSpace" : false
    }, {
      "id" : "s3-t18",
      "begin" : 362,
      "end" : 368,
      "text" : "Eugene",
      "whiteSpace" : false
    }, {
      "id" : "s3-t19",
      "begin" : 369,
      "end" : 371,
      "text" : "W.",
      "whiteSpace" : false
    }, {
      "id" : "s3-t20",
      "begin" : 372,
      "end" : 379,
      "text" : "Roberts",
      "whiteSpace" : false
    }, {
      "id" : "s3-t21",
      "begin" : 379,
      "end" : 380,
      "text" : ",",
      "whiteSpace" : false
    }, {
      "id" : "s3-t22",
      "begin" : 381,
      "end" : 387,
      "text" : "single",
      "whiteSpace" : false
    }, {
      "id" : "s3-t23",
      "begin" : 387,
      "end" : 388,
      "text" : ",",
      "whiteSpace" : false
    }, {
      "id" : "s3-t24",
      "begin" : 389,
      "end" : 394,
      "text" : "dated",
      "whiteSpace" : false
    }, {
      "id" : "s3-t25",
      "begin" : 395,
      "end" : 400,
      "text" : "March",
      "whiteSpace" : false
    }, {
      "id" : "s3-t26",
      "begin" : 401,
      "end" : 403,
      "text" : "22",
      "whiteSpace" : false
    }, {
      "id" : "s3-t27",
      "begin" : 403,
      "end" : 404,
      "text" : ",",
      "whiteSpace" : false
    }, {
      "id" : "s3-t28",
      "begin" : 405,
      "end" : 409,
      "text" : "1994",
      "whiteSpace" : false
    }, {
      "id" : "s3-t29",
      "begin" : 409,
      "end" : 410,
      "text" : ",",
      "whiteSpace" : false
    }, {
      "id" : "s3-t30",
      "begin" : 411,
      "end" : 414,
      "text" : "and",
      "whiteSpace" : false
    }, {
      "id" : "s3-t31",
      "begin" : 415,
      "end" : 417,
      "text" : "of",
      "whiteSpace" : false
    }, {
      "id" : "s3-t32",
      "begin" : 418,
      "end" : 424,
      "text" : "record",
      "whiteSpace" : false
    }, {
      "id" : "s3-t33",
      "begin" : 425,
      "end" : 427,
      "text" : "in",
      "whiteSpace" : false
    }, {
      "id" : "s3-t34",
      "begin" : 428,
      "end" : 432,
      "text" : "Deed",
      "whiteSpace" : false
    }, {
      "id" : "s3-t35",
      "begin" : 433,
      "end" : 437,
      "text" : "Book",
      "whiteSpace" : false
    }, {
      "id" : "s3-t36",
      "begin" : 438,
      "end" : 441,
      "text" : "163",
      "whiteSpace" : false
    }, {
      "id" : "s3-t37",
      "begin" : 441,
      "end" : 442,
      "text" : ",",
      "whiteSpace" : false
    }, {
      "id" : "s3-t38",
      "begin" : 443,
      "end" : 447,
      "text" : "Page",
      "whiteSpace" : false
    }, {
      "id" : "s3-t39",
      "begin" : 448,
      "end" : 451,
      "text" : "842",
      "whiteSpace" : false
    }, {
      "id" : "s3-t40",
      "begin" : 451,
      "end" : 452,
      "text" : ",",
      "whiteSpace" : false
    }, {
      "id" : "s3-t41",
      "begin" : 453,
      "end" : 455,
      "text" : "in",
      "whiteSpace" : false
    }, {
      "id" : "s3-t42",
      "begin" : 456,
      "end" : 459,
      "text" : "the",
      "whiteSpace" : false
    }, {
      "id" : "s3-t43",
      "begin" : 460,
      "end" : 468,
      "text" : "Register",
      "whiteSpace" : false
    }, {
      "id" : "s3-t44",
      "begin" : 468,
      "end" : 469,
      "text" : "?",
      "whiteSpace" : false
    } ]
  }, {
    "id" : "s4",
    "begin" : 469,
    "end" : 511,
    "text" : "??s Office of Humphreys County, Tennessee.",
    "tokens" : [ {
      "id" : "s4-t0",
      "begin" : 469,
      "end" : 472,
      "text" : "??s",
      "whiteSpace" : false
    }, {
      "id" : "s4-t1",
      "begin" : 473,
      "end" : 479,
      "text" : "Office",
      "whiteSpace" : false
    }, {
      "id" : "s4-t2",
      "begin" : 480,
      "end" : 482,
      "text" : "of",
      "whiteSpace" : false
    }, {
      "id" : "s4-t3",
      "begin" : 483,
      "end" : 492,
      "text" : "Humphreys",
      "whiteSpace" : false
    }, {
      "id" : "s4-t4",
      "begin" : 493,
      "end" : 499,
      "text" : "County",
      "whiteSpace" : false
    }, {
      "id" : "s4-t5",
      "begin" : 499,
      "end" : 500,
      "text" : ",",
      "whiteSpace" : false
    }, {
      "id" : "s4-t6",
      "begin" : 501,
      "end" : 510,
      "text" : "Tennessee",
      "whiteSpace" : false
    }, {
      "id" : "s4-t7",
      "begin" : 510,
      "end" : 511,
      "text" : ".",
      "whiteSpace" : false
    } ]
  }, {
    "id" : "s5",
    "begin" : 512,
    "end" : 570,
    "text" : "This property is subject to right-of-way of Buckhorn Road.",
    "tokens" : [ {
      "id" : "s5-t0",
      "begin" : 512,
      "end" : 516,
      "text" : "This",
      "whiteSpace" : false
    }, {
      "id" : "s5-t1",
      "begin" : 517,
      "end" : 525,
      "text" : "property",
      "whiteSpace" : false
    }, {
      "id" : "s5-t2",
      "begin" : 526,
      "end" : 528,
      "text" : "is",
      "whiteSpace" : false
    }, {
      "id" : "s5-t3",
      "begin" : 529,
      "end" : 536,
      "text" : "subject",
      "whiteSpace" : false
    }, {
      "id" : "s5-t4",
      "begin" : 537,
      "end" : 539,
      "text" : "to",
      "whiteSpace" : false
    }, {
      "id" : "s5-t5",
      "begin" : 540,
      "end" : 552,
      "text" : "right-of-way",
      "whiteSpace" : false
    }, {
      "id" : "s5-t6",
      "begin" : 553,
      "end" : 555,
      "text" : "of",
      "whiteSpace" : false
    }, {
      "id" : "s5-t7",
      "begin" : 556,
      "end" : 564,
      "text" : "Buckhorn",
      "whiteSpace" : false
    }, {
      "id" : "s5-t8",
      "begin" : 565,
      "end" : 569,
      "text" : "Road",
      "whiteSpace" : false
    }, {
      "id" : "s5-t9",
      "begin" : 569,
      "end" : 570,
      "text" : ".",
      "whiteSpace" : false
    } ]
  }, {
    "id" : "s6",
    "begin" : 571,
    "end" : 656,
    "text" : "To Have and to Hold the said tract or parcel of land, with the appurtenances, estate.",
    "tokens" : [ {
      "id" : "s6-t0",
      "begin" : 571,
      "end" : 573,
      "text" : "To",
      "whiteSpace" : false
    }, {
      "id" : "s6-t1",
      "begin" : 574,
      "end" : 578,
      "text" : "Have",
      "whiteSpace" : false
    }, {
      "id" : "s6-t2",
      "begin" : 579,
      "end" : 582,
      "text" : "and",
      "whiteSpace" : false
    }, {
      "id" : "s6-t3",
      "begin" : 583,
      "end" : 585,
      "text" : "to",
      "whiteSpace" : false
    }, {
      "id" : "s6-t4",
      "begin" : 586,
      "end" : 590,
      "text" : "Hold",
      "whiteSpace" : false
    }, {
      "id" : "s6-t5",
      "begin" : 591,
      "end" : 594,
      "text" : "the",
      "whiteSpace" : false
    }, {
      "id" : "s6-t6",
      "begin" : 595,
      "end" : 599,
      "text" : "said",
      "whiteSpace" : false
    }, {
      "id" : "s6-t7",
      "begin" : 600,
      "end" : 605,
      "text" : "tract",
      "whiteSpace" : false
    }, {
      "id" : "s6-t8",
      "begin" : 606,
      "end" : 608,
      "text" : "or",
      "whiteSpace" : false
    }, {
      "id" : "s6-t9",
      "begin" : 609,
      "end" : 615,
      "text" : "parcel",
      "whiteSpace" : false
    }, {
      "id" : "s6-t10",
      "begin" : 616,
      "end" : 618,
      "text" : "of",
      "whiteSpace" : false
    }, {
      "id" : "s6-t11",
      "begin" : 619,
      "end" : 623,
      "text" : "land",
      "whiteSpace" : false
    }, {
      "id" : "s6-t12",
      "begin" : 623,
      "end" : 624,
      "text" : ",",
      "whiteSpace" : false
    }, {
      "id" : "s6-t13",
      "begin" : 625,
      "end" : 629,
      "text" : "with",
      "whiteSpace" : false
    }, {
      "id" : "s6-t14",
      "begin" : 630,
      "end" : 633,
      "text" : "the",
      "whiteSpace" : false
    }, {
      "id" : "s6-t15",
      "begin" : 634,
      "end" : 647,
      "text" : "appurtenances",
      "whiteSpace" : false
    }, {
      "id" : "s6-t16",
      "begin" : 647,
      "end" : 648,
      "text" : ",",
      "whiteSpace" : false
    }, {
      "id" : "s6-t17",
      "begin" : 649,
      "end" : 655,
      "text" : "estate",
      "whiteSpace" : false
    }, {
      "id" : "s6-t18",
      "begin" : 655,
      "end" : 656,
      "text" : ".",
      "whiteSpace" : false
    } ]
  }, {
    "id" : "s7",
    "begin" : 657,
    "end" : 695,
    "text" : "title, and interest thereto belonging,",
    "tokens" : [ {
      "id" : "s7-t0",
      "begin" : 657,
      "end" : 662,
      "text" : "title",
      "whiteSpace" : false
    }, {
      "id" : "s7-t1",
      "begin" : 662,
      "end" : 663,
      "text" : ",",
      "whiteSpace" : false
    }, {
      "id" : "s7-t2",
      "begin" : 664,
      "end" : 667,
      "text" : "and",
      "whiteSpace" : false
    }, {
      "id" : "s7-t3",
      "begin" : 668,
      "end" : 676,
      "text" : "interest",
      "whiteSpace" : false
    }, {
      "id" : "s7-t4",
      "begin" : 677,
      "end" : 684,
      "text" : "thereto",
      "whiteSpace" : false
    }, {
      "id" : "s7-t5",
      "begin" : 685,
      "end" : 694,
      "text" : "belonging",
      "whiteSpace" : false
    }, {
      "id" : "s7-t6",
      "begin" : 694,
      "end" : 695,
      "text" : ",",
      "whiteSpace" : false
    } ]
  } ],
  "mentions" : [ {
    "id" : "s3-m1",
    "properties" : {
      "SIRE_MENTION_ROLE" : "WarrDeedBookNum",
      "SIRE_ENTITY_SUBTYPE" : "NONE",
      "SIRE_MENTION_TYPE" : "NONE",
      "SIRE_MENTION_CLASS" : "SPC"
    },
    "type" : "WarrDeedBookNum",
    "begin" : 438,
    "end" : 441,
    "inCoref" : false
  }, {
    "id" : "s3-m2",
    "properties" : {
      "SIRE_MENTION_ROLE" : "WarrDeedPageNum",
      "SIRE_ENTITY_SUBTYPE" : "NONE",
      "SIRE_MENTION_TYPE" : "NONE",
      "SIRE_MENTION_CLASS" : "SPC"
    },
    "type" : "WarrDeedPageNum",
    "begin" : 448,
    "end" : 451,
    "inCoref" : false
  } ],
  "relations" : [ ],
  "corefs" : [ ],
  "typeResolved" : true,
  "userResolved" : false
}