{
  "id" : "9ee16260-54dc-11e9-b3f1-919b26b254ae-9",
  "name" : "WD163-1.txt",
  "createdDate" : 0,
  "version" : 3,
  "text" : "being located North 64 degrees 52' West 40.0 ft. from an iron pin on the East side of the said county road, Harrel R., McCaleb's Southwest corner; thence runs North 64 degrees 52' West with Stricklin's boundary 163.7 ft. to an iron pin in the South right-of-way of U.S. Route No. 70 highway; thence runs with said highway right???of???way North, 621.1 ft. to a concrete right-of-way marker at the intersection of the above mentioned county road and said U.S. Route No. 70 Highway; thence runs with the, 43.6 ft.; South 58 degrees 18' West (chord bearing) 153.0, beginning, containing an area by computation of 0.7 acres., BEING the same property described in and conveyed to grantor by deed of record in Deed Book 157, page 1004,]\n",
  "docLength" : 0,
  "language" : "EN",
  "status" : "SUBMITTED",
  "modifiedDate" : 1554164746944,
  "documentSet" : [ ],
  "preannotation" : [ ],
  "sentences" : [ {
    "id" : "s0",
    "begin" : 0,
    "end" : 328,
    "text" : "being located North 64 degrees 52' West 40.0 ft. from an iron pin on the East side of the said county road, Harrel R., McCaleb's Southwest corner; thence runs North 64 degrees 52' West with Stricklin's boundary 163.7 ft. to an iron pin in the South right-of-way of U.S. Route No. 70 highway; thence runs with said highway right?",
    "tokens" : [ {
      "id" : "s0-t0",
      "begin" : 0,
      "end" : 5,
      "text" : "being",
      "whiteSpace" : false
    }, {
      "id" : "s0-t1",
      "begin" : 6,
      "end" : 13,
      "text" : "located",
      "whiteSpace" : false
    }, {
      "id" : "s0-t2",
      "begin" : 14,
      "end" : 19,
      "text" : "North",
      "whiteSpace" : false
    }, {
      "id" : "s0-t3",
      "begin" : 20,
      "end" : 22,
      "text" : "64",
      "whiteSpace" : false
    }, {
      "id" : "s0-t4",
      "begin" : 23,
      "end" : 30,
      "text" : "degrees",
      "whiteSpace" : false
    }, {
      "id" : "s0-t5",
      "begin" : 31,
      "end" : 33,
      "text" : "52",
      "whiteSpace" : false
    }, {
      "id" : "s0-t6",
      "begin" : 33,
      "end" : 34,
      "text" : "'",
      "whiteSpace" : false
    }, {
      "id" : "s0-t7",
      "begin" : 35,
      "end" : 39,
      "text" : "West",
      "whiteSpace" : false
    }, {
      "id" : "s0-t8",
      "begin" : 40,
      "end" : 44,
      "text" : "40.0",
      "whiteSpace" : false
    }, {
      "id" : "s0-t9",
      "begin" : 45,
      "end" : 48,
      "text" : "ft.",
      "whiteSpace" : false
    }, {
      "id" : "s0-t10",
      "begin" : 49,
      "end" : 53,
      "text" : "from",
      "whiteSpace" : false
    }, {
      "id" : "s0-t11",
      "begin" : 54,
      "end" : 56,
      "text" : "an",
      "whiteSpace" : false
    }, {
      "id" : "s0-t12",
      "begin" : 57,
      "end" : 61,
      "text" : "iron",
      "whiteSpace" : false
    }, {
      "id" : "s0-t13",
      "begin" : 62,
      "end" : 65,
      "text" : "pin",
      "whiteSpace" : false
    }, {
      "id" : "s0-t14",
      "begin" : 66,
      "end" : 68,
      "text" : "on",
      "whiteSpace" : false
    }, {
      "id" : "s0-t15",
      "begin" : 69,
      "end" : 72,
      "text" : "the",
      "whiteSpace" : false
    }, {
      "id" : "s0-t16",
      "begin" : 73,
      "end" : 77,
      "text" : "East",
      "whiteSpace" : false
    }, {
      "id" : "s0-t17",
      "begin" : 78,
      "end" : 82,
      "text" : "side",
      "whiteSpace" : false
    }, {
      "id" : "s0-t18",
      "begin" : 83,
      "end" : 85,
      "text" : "of",
      "whiteSpace" : false
    }, {
      "id" : "s0-t19",
      "begin" : 86,
      "end" : 89,
      "text" : "the",
      "whiteSpace" : false
    }, {
      "id" : "s0-t20",
      "begin" : 90,
      "end" : 94,
      "text" : "said",
      "whiteSpace" : false
    }, {
      "id" : "s0-t21",
      "begin" : 95,
      "end" : 101,
      "text" : "county",
      "whiteSpace" : false
    }, {
      "id" : "s0-t22",
      "begin" : 102,
      "end" : 106,
      "text" : "road",
      "whiteSpace" : false
    }, {
      "id" : "s0-t23",
      "begin" : 106,
      "end" : 107,
      "text" : ",",
      "whiteSpace" : false
    }, {
      "id" : "s0-t24",
      "begin" : 108,
      "end" : 114,
      "text" : "Harrel",
      "whiteSpace" : false
    }, {
      "id" : "s0-t25",
      "begin" : 115,
      "end" : 117,
      "text" : "R.",
      "whiteSpace" : false
    }, {
      "id" : "s0-t26",
      "begin" : 117,
      "end" : 118,
      "text" : ",",
      "whiteSpace" : false
    }, {
      "id" : "s0-t27",
      "begin" : 119,
      "end" : 126,
      "text" : "McCaleb",
      "whiteSpace" : false
    }, {
      "id" : "s0-t28",
      "begin" : 126,
      "end" : 128,
      "text" : "'s",
      "whiteSpace" : false
    }, {
      "id" : "s0-t29",
      "begin" : 129,
      "end" : 138,
      "text" : "Southwest",
      "whiteSpace" : false
    }, {
      "id" : "s0-t30",
      "begin" : 139,
      "end" : 145,
      "text" : "corner",
      "whiteSpace" : false
    }, {
      "id" : "s0-t31",
      "begin" : 145,
      "end" : 146,
      "text" : ";",
      "whiteSpace" : false
    }, {
      "id" : "s0-t32",
      "begin" : 147,
      "end" : 153,
      "text" : "thence",
      "whiteSpace" : false
    }, {
      "id" : "s0-t33",
      "begin" : 154,
      "end" : 158,
      "text" : "runs",
      "whiteSpace" : false
    }, {
      "id" : "s0-t34",
      "begin" : 159,
      "end" : 164,
      "text" : "North",
      "whiteSpace" : false
    }, {
      "id" : "s0-t35",
      "begin" : 165,
      "end" : 167,
      "text" : "64",
      "whiteSpace" : false
    }, {
      "id" : "s0-t36",
      "begin" : 168,
      "end" : 175,
      "text" : "degrees",
      "whiteSpace" : false
    }, {
      "id" : "s0-t37",
      "begin" : 176,
      "end" : 178,
      "text" : "52",
      "whiteSpace" : false
    }, {
      "id" : "s0-t38",
      "begin" : 178,
      "end" : 179,
      "text" : "'",
      "whiteSpace" : false
    }, {
      "id" : "s0-t39",
      "begin" : 180,
      "end" : 184,
      "text" : "West",
      "whiteSpace" : false
    }, {
      "id" : "s0-t40",
      "begin" : 185,
      "end" : 189,
      "text" : "with",
      "whiteSpace" : false
    }, {
      "id" : "s0-t41",
      "begin" : 190,
      "end" : 199,
      "text" : "Stricklin",
      "whiteSpace" : false
    }, {
      "id" : "s0-t42",
      "begin" : 199,
      "end" : 201,
      "text" : "'s",
      "whiteSpace" : false
    }, {
      "id" : "s0-t43",
      "begin" : 202,
      "end" : 210,
      "text" : "boundary",
      "whiteSpace" : false
    }, {
      "id" : "s0-t44",
      "begin" : 211,
      "end" : 216,
      "text" : "163.7",
      "whiteSpace" : false
    }, {
      "id" : "s0-t45",
      "begin" : 217,
      "end" : 220,
      "text" : "ft.",
      "whiteSpace" : false
    }, {
      "id" : "s0-t46",
      "begin" : 221,
      "end" : 223,
      "text" : "to",
      "whiteSpace" : false
    }, {
      "id" : "s0-t47",
      "begin" : 224,
      "end" : 226,
      "text" : "an",
      "whiteSpace" : false
    }, {
      "id" : "s0-t48",
      "begin" : 227,
      "end" : 231,
      "text" : "iron",
      "whiteSpace" : false
    }, {
      "id" : "s0-t49",
      "begin" : 232,
      "end" : 235,
      "text" : "pin",
      "whiteSpace" : false
    }, {
      "id" : "s0-t50",
      "begin" : 236,
      "end" : 238,
      "text" : "in",
      "whiteSpace" : false
    }, {
      "id" : "s0-t51",
      "begin" : 239,
      "end" : 242,
      "text" : "the",
      "whiteSpace" : false
    }, {
      "id" : "s0-t52",
      "begin" : 243,
      "end" : 248,
      "text" : "South",
      "whiteSpace" : false
    }, {
      "id" : "s0-t53",
      "begin" : 249,
      "end" : 261,
      "text" : "right-of-way",
      "whiteSpace" : false
    }, {
      "id" : "s0-t54",
      "begin" : 262,
      "end" : 264,
      "text" : "of",
      "whiteSpace" : false
    }, {
      "id" : "s0-t55",
      "begin" : 265,
      "end" : 269,
      "text" : "U.S.",
      "whiteSpace" : false
    }, {
      "id" : "s0-t56",
      "begin" : 270,
      "end" : 275,
      "text" : "Route",
      "whiteSpace" : false
    }, {
      "id" : "s0-t57",
      "begin" : 276,
      "end" : 279,
      "text" : "No.",
      "whiteSpace" : false
    }, {
      "id" : "s0-t58",
      "begin" : 280,
      "end" : 282,
      "text" : "70",
      "whiteSpace" : false
    }, {
      "id" : "s0-t59",
      "begin" : 283,
      "end" : 290,
      "text" : "highway",
      "whiteSpace" : false
    }, {
      "id" : "s0-t60",
      "begin" : 290,
      "end" : 291,
      "text" : ";",
      "whiteSpace" : false
    }, {
      "id" : "s0-t61",
      "begin" : 292,
      "end" : 298,
      "text" : "thence",
      "whiteSpace" : false
    }, {
      "id" : "s0-t62",
      "begin" : 299,
      "end" : 303,
      "text" : "runs",
      "whiteSpace" : false
    }, {
      "id" : "s0-t63",
      "begin" : 304,
      "end" : 308,
      "text" : "with",
      "whiteSpace" : false
    }, {
      "id" : "s0-t64",
      "begin" : 309,
      "end" : 313,
      "text" : "said",
      "whiteSpace" : false
    }, {
      "id" : "s0-t65",
      "begin" : 314,
      "end" : 321,
      "text" : "highway",
      "whiteSpace" : false
    }, {
      "id" : "s0-t66",
      "begin" : 322,
      "end" : 327,
      "text" : "right",
      "whiteSpace" : false
    }, {
      "id" : "s0-t67",
      "begin" : 327,
      "end" : 328,
      "text" : "?",
      "whiteSpace" : false
    } ]
  }, {
    "id" : "s1",
    "begin" : 328,
    "end" : 333,
    "text" : "??of?",
    "tokens" : [ {
      "id" : "s1-t0",
      "begin" : 328,
      "end" : 332,
      "text" : "??of",
      "whiteSpace" : false
    }, {
      "id" : "s1-t1",
      "begin" : 332,
      "end" : 333,
      "text" : "?",
      "whiteSpace" : false
    } ]
  }, {
    "id" : "s2",
    "begin" : 333,
    "end" : 730,
    "text" : "??way North, 621.1 ft. to a concrete right-of-way marker at the intersection of the above mentioned county road and said U.S. Route No. 70 Highway; thence runs with the, 43.6 ft.; South 58 degrees 18' West (chord bearing) 153.0, beginning, containing an area by computation of 0.7 acres., BEING the same property described in and conveyed to grantor by deed of record in Deed Book 157, page 1004,]",
    "tokens" : [ {
      "id" : "s2-t0",
      "begin" : 333,
      "end" : 338,
      "text" : "??way",
      "whiteSpace" : false
    }, {
      "id" : "s2-t1",
      "begin" : 339,
      "end" : 344,
      "text" : "North",
      "whiteSpace" : false
    }, {
      "id" : "s2-t2",
      "begin" : 344,
      "end" : 345,
      "text" : ",",
      "whiteSpace" : false
    }, {
      "id" : "s2-t3",
      "begin" : 346,
      "end" : 351,
      "text" : "621.1",
      "whiteSpace" : false
    }, {
      "id" : "s2-t4",
      "begin" : 352,
      "end" : 355,
      "text" : "ft.",
      "whiteSpace" : false
    }, {
      "id" : "s2-t5",
      "begin" : 356,
      "end" : 358,
      "text" : "to",
      "whiteSpace" : false
    }, {
      "id" : "s2-t6",
      "begin" : 359,
      "end" : 360,
      "text" : "a",
      "whiteSpace" : false
    }, {
      "id" : "s2-t7",
      "begin" : 361,
      "end" : 369,
      "text" : "concrete",
      "whiteSpace" : false
    }, {
      "id" : "s2-t8",
      "begin" : 370,
      "end" : 382,
      "text" : "right-of-way",
      "whiteSpace" : false
    }, {
      "id" : "s2-t9",
      "begin" : 383,
      "end" : 389,
      "text" : "marker",
      "whiteSpace" : false
    }, {
      "id" : "s2-t10",
      "begin" : 390,
      "end" : 392,
      "text" : "at",
      "whiteSpace" : false
    }, {
      "id" : "s2-t11",
      "begin" : 393,
      "end" : 396,
      "text" : "the",
      "whiteSpace" : false
    }, {
      "id" : "s2-t12",
      "begin" : 397,
      "end" : 409,
      "text" : "intersection",
      "whiteSpace" : false
    }, {
      "id" : "s2-t13",
      "begin" : 410,
      "end" : 412,
      "text" : "of",
      "whiteSpace" : false
    }, {
      "id" : "s2-t14",
      "begin" : 413,
      "end" : 416,
      "text" : "the",
      "whiteSpace" : false
    }, {
      "id" : "s2-t15",
      "begin" : 417,
      "end" : 422,
      "text" : "above",
      "whiteSpace" : false
    }, {
      "id" : "s2-t16",
      "begin" : 423,
      "end" : 432,
      "text" : "mentioned",
      "whiteSpace" : false
    }, {
      "id" : "s2-t17",
      "begin" : 433,
      "end" : 439,
      "text" : "county",
      "whiteSpace" : false
    }, {
      "id" : "s2-t18",
      "begin" : 440,
      "end" : 444,
      "text" : "road",
      "whiteSpace" : false
    }, {
      "id" : "s2-t19",
      "begin" : 445,
      "end" : 448,
      "text" : "and",
      "whiteSpace" : false
    }, {
      "id" : "s2-t20",
      "begin" : 449,
      "end" : 453,
      "text" : "said",
      "whiteSpace" : false
    }, {
      "id" : "s2-t21",
      "begin" : 454,
      "end" : 458,
      "text" : "U.S.",
      "whiteSpace" : false
    }, {
      "id" : "s2-t22",
      "begin" : 459,
      "end" : 464,
      "text" : "Route",
      "whiteSpace" : false
    }, {
      "id" : "s2-t23",
      "begin" : 465,
      "end" : 468,
      "text" : "No.",
      "whiteSpace" : false
    }, {
      "id" : "s2-t24",
      "begin" : 469,
      "end" : 471,
      "text" : "70",
      "whiteSpace" : false
    }, {
      "id" : "s2-t25",
      "begin" : 472,
      "end" : 479,
      "text" : "Highway",
      "whiteSpace" : false
    }, {
      "id" : "s2-t26",
      "begin" : 479,
      "end" : 480,
      "text" : ";",
      "whiteSpace" : false
    }, {
      "id" : "s2-t27",
      "begin" : 481,
      "end" : 487,
      "text" : "thence",
      "whiteSpace" : false
    }, {
      "id" : "s2-t28",
      "begin" : 488,
      "end" : 492,
      "text" : "runs",
      "whiteSpace" : false
    }, {
      "id" : "s2-t29",
      "begin" : 493,
      "end" : 497,
      "text" : "with",
      "whiteSpace" : false
    }, {
      "id" : "s2-t30",
      "begin" : 498,
      "end" : 501,
      "text" : "the",
      "whiteSpace" : false
    }, {
      "id" : "s2-t31",
      "begin" : 501,
      "end" : 502,
      "text" : ",",
      "whiteSpace" : false
    }, {
      "id" : "s2-t32",
      "begin" : 503,
      "end" : 507,
      "text" : "43.6",
      "whiteSpace" : false
    }, {
      "id" : "s2-t33",
      "begin" : 508,
      "end" : 511,
      "text" : "ft.",
      "whiteSpace" : false
    }, {
      "id" : "s2-t34",
      "begin" : 511,
      "end" : 512,
      "text" : ";",
      "whiteSpace" : false
    }, {
      "id" : "s2-t35",
      "begin" : 513,
      "end" : 518,
      "text" : "South",
      "whiteSpace" : false
    }, {
      "id" : "s2-t36",
      "begin" : 519,
      "end" : 521,
      "text" : "58",
      "whiteSpace" : false
    }, {
      "id" : "s2-t37",
      "begin" : 522,
      "end" : 529,
      "text" : "degrees",
      "whiteSpace" : false
    }, {
      "id" : "s2-t38",
      "begin" : 530,
      "end" : 532,
      "text" : "18",
      "whiteSpace" : false
    }, {
      "id" : "s2-t39",
      "begin" : 532,
      "end" : 533,
      "text" : "'",
      "whiteSpace" : false
    }, {
      "id" : "s2-t40",
      "begin" : 534,
      "end" : 538,
      "text" : "West",
      "whiteSpace" : false
    }, {
      "id" : "s2-t41",
      "begin" : 539,
      "end" : 540,
      "text" : "(",
      "whiteSpace" : false
    }, {
      "id" : "s2-t42",
      "begin" : 540,
      "end" : 545,
      "text" : "chord",
      "whiteSpace" : false
    }, {
      "id" : "s2-t43",
      "begin" : 546,
      "end" : 553,
      "text" : "bearing",
      "whiteSpace" : false
    }, {
      "id" : "s2-t44",
      "begin" : 553,
      "end" : 554,
      "text" : ")",
      "whiteSpace" : false
    }, {
      "id" : "s2-t45",
      "begin" : 555,
      "end" : 560,
      "text" : "153.0",
      "whiteSpace" : false
    }, {
      "id" : "s2-t46",
      "begin" : 560,
      "end" : 561,
      "text" : ",",
      "whiteSpace" : false
    }, {
      "id" : "s2-t47",
      "begin" : 562,
      "end" : 571,
      "text" : "beginning",
      "whiteSpace" : false
    }, {
      "id" : "s2-t48",
      "begin" : 571,
      "end" : 572,
      "text" : ",",
      "whiteSpace" : false
    }, {
      "id" : "s2-t49",
      "begin" : 573,
      "end" : 583,
      "text" : "containing",
      "whiteSpace" : false
    }, {
      "id" : "s2-t50",
      "begin" : 584,
      "end" : 586,
      "text" : "an",
      "whiteSpace" : false
    }, {
      "id" : "s2-t51",
      "begin" : 587,
      "end" : 591,
      "text" : "area",
      "whiteSpace" : false
    }, {
      "id" : "s2-t52",
      "begin" : 592,
      "end" : 594,
      "text" : "by",
      "whiteSpace" : false
    }, {
      "id" : "s2-t53",
      "begin" : 595,
      "end" : 606,
      "text" : "computation",
      "whiteSpace" : false
    }, {
      "id" : "s2-t54",
      "begin" : 607,
      "end" : 609,
      "text" : "of",
      "whiteSpace" : false
    }, {
      "id" : "s2-t55",
      "begin" : 610,
      "end" : 613,
      "text" : "0.7",
      "whiteSpace" : false
    }, {
      "id" : "s2-t56",
      "begin" : 614,
      "end" : 620,
      "text" : "acres.",
      "whiteSpace" : false
    }, {
      "id" : "s2-t57",
      "begin" : 620,
      "end" : 621,
      "text" : ",",
      "whiteSpace" : false
    }, {
      "id" : "s2-t58",
      "begin" : 622,
      "end" : 627,
      "text" : "BEING",
      "whiteSpace" : false
    }, {
      "id" : "s2-t59",
      "begin" : 628,
      "end" : 631,
      "text" : "the",
      "whiteSpace" : false
    }, {
      "id" : "s2-t60",
      "begin" : 632,
      "end" : 636,
      "text" : "same",
      "whiteSpace" : false
    }, {
      "id" : "s2-t61",
      "begin" : 637,
      "end" : 645,
      "text" : "property",
      "whiteSpace" : false
    }, {
      "id" : "s2-t62",
      "begin" : 646,
      "end" : 655,
      "text" : "described",
      "whiteSpace" : false
    }, {
      "id" : "s2-t63",
      "begin" : 656,
      "end" : 658,
      "text" : "in",
      "whiteSpace" : false
    }, {
      "id" : "s2-t64",
      "begin" : 659,
      "end" : 662,
      "text" : "and",
      "whiteSpace" : false
    }, {
      "id" : "s2-t65",
      "begin" : 663,
      "end" : 671,
      "text" : "conveyed",
      "whiteSpace" : false
    }, {
      "id" : "s2-t66",
      "begin" : 672,
      "end" : 674,
      "text" : "to",
      "whiteSpace" : false
    }, {
      "id" : "s2-t67",
      "begin" : 675,
      "end" : 682,
      "text" : "grantor",
      "whiteSpace" : false
    }, {
      "id" : "s2-t68",
      "begin" : 683,
      "end" : 685,
      "text" : "by",
      "whiteSpace" : false
    }, {
      "id" : "s2-t69",
      "begin" : 686,
      "end" : 690,
      "text" : "deed",
      "whiteSpace" : false
    }, {
      "id" : "s2-t70",
      "begin" : 691,
      "end" : 693,
      "text" : "of",
      "whiteSpace" : false
    }, {
      "id" : "s2-t71",
      "begin" : 694,
      "end" : 700,
      "text" : "record",
      "whiteSpace" : false
    }, {
      "id" : "s2-t72",
      "begin" : 701,
      "end" : 703,
      "text" : "in",
      "whiteSpace" : false
    }, {
      "id" : "s2-t73",
      "begin" : 704,
      "end" : 708,
      "text" : "Deed",
      "whiteSpace" : false
    }, {
      "id" : "s2-t74",
      "begin" : 709,
      "end" : 713,
      "text" : "Book",
      "whiteSpace" : false
    }, {
      "id" : "s2-t75",
      "begin" : 714,
      "end" : 717,
      "text" : "157",
      "whiteSpace" : false
    }, {
      "id" : "s2-t76",
      "begin" : 717,
      "end" : 718,
      "text" : ",",
      "whiteSpace" : false
    }, {
      "id" : "s2-t77",
      "begin" : 719,
      "end" : 723,
      "text" : "page",
      "whiteSpace" : false
    }, {
      "id" : "s2-t78",
      "begin" : 724,
      "end" : 728,
      "text" : "1004",
      "whiteSpace" : false
    }, {
      "id" : "s2-t79",
      "begin" : 728,
      "end" : 729,
      "text" : ",",
      "whiteSpace" : false
    }, {
      "id" : "s2-t80",
      "begin" : 729,
      "end" : 730,
      "text" : "]",
      "whiteSpace" : false
    } ]
  } ],
  "mentions" : [ {
    "id" : "s2-m1",
    "properties" : {
      "SIRE_MENTION_ROLE" : "WarrDeedBookNum",
      "SIRE_ENTITY_SUBTYPE" : "NONE",
      "SIRE_MENTION_TYPE" : "NONE",
      "SIRE_MENTION_CLASS" : "SPC"
    },
    "type" : "WarrDeedBookNum",
    "begin" : 714,
    "end" : 717,
    "inCoref" : false
  }, {
    "id" : "s2-m2",
    "properties" : {
      "SIRE_MENTION_ROLE" : "WarrDeedPageNum",
      "SIRE_ENTITY_SUBTYPE" : "NONE",
      "SIRE_MENTION_TYPE" : "NONE",
      "SIRE_MENTION_CLASS" : "SPC"
    },
    "type" : "WarrDeedPageNum",
    "begin" : 724,
    "end" : 728,
    "inCoref" : false
  } ],
  "relations" : [ ],
  "corefs" : [ ],
  "typeResolved" : true,
  "userResolved" : false
}