{
  "id" : "9ee16260-54dc-11e9-b3f1-919b26b254ae-1",
  "name" : "WD161-4.txt",
  "createdDate" : 0,
  "version" : 3,
  "text" : "[LYING AND BEING situated in the Third civil District of Humphreys County, Tennessee, on the east side of and adjacent to Hill Top Drive, and being Lots Nos. 1, 2 and 3 of the Preston, addition of record in Plat Cabinet A, Slide 104, Register's office of Humphreys County, Tennessee,, BEING a portion of the property conveyed to me by deed of record in Deed Book 131, page 1269, Register???s Office of Humphreys County, Tennessee., \"v ???nl. , -- .-, Thomason, 70 W., McEwen, Tennessee, 56-0, Group A, as Parcels 6, 7 &amp; 8, Office of Assessor, STAIE OF TENNE?? SHE \" HUMP???r???EYS COUNTY RECEIVED ma moan me ??2. on or 19 an Mono??? 434. M.. AND ??mm IN, www.191- me]\n",
  "docLength" : 0,
  "language" : "EN",
  "status" : "SUBMITTED",
  "modifiedDate" : 1554164586104,
  "documentSet" : [ ],
  "preannotation" : [ ],
  "sentences" : [ {
    "id" : "s0",
    "begin" : 0,
    "end" : 388,
    "text" : "[LYING AND BEING situated in the Third civil District of Humphreys County, Tennessee, on the east side of and adjacent to Hill Top Drive, and being Lots Nos. 1, 2 and 3 of the Preston, addition of record in Plat Cabinet A, Slide 104, Register's office of Humphreys County, Tennessee,, BEING a portion of the property conveyed to me by deed of record in Deed Book 131, page 1269, Register?",
    "tokens" : [ {
      "id" : "s0-t0",
      "begin" : 0,
      "end" : 1,
      "text" : "[",
      "whiteSpace" : false
    }, {
      "id" : "s0-t1",
      "begin" : 1,
      "end" : 6,
      "text" : "LYING",
      "whiteSpace" : false
    }, {
      "id" : "s0-t2",
      "begin" : 7,
      "end" : 10,
      "text" : "AND",
      "whiteSpace" : false
    }, {
      "id" : "s0-t3",
      "begin" : 11,
      "end" : 16,
      "text" : "BEING",
      "whiteSpace" : false
    }, {
      "id" : "s0-t4",
      "begin" : 17,
      "end" : 25,
      "text" : "situated",
      "whiteSpace" : false
    }, {
      "id" : "s0-t5",
      "begin" : 26,
      "end" : 28,
      "text" : "in",
      "whiteSpace" : false
    }, {
      "id" : "s0-t6",
      "begin" : 29,
      "end" : 32,
      "text" : "the",
      "whiteSpace" : false
    }, {
      "id" : "s0-t7",
      "begin" : 33,
      "end" : 38,
      "text" : "Third",
      "whiteSpace" : false
    }, {
      "id" : "s0-t8",
      "begin" : 39,
      "end" : 44,
      "text" : "civil",
      "whiteSpace" : false
    }, {
      "id" : "s0-t9",
      "begin" : 45,
      "end" : 53,
      "text" : "District",
      "whiteSpace" : false
    }, {
      "id" : "s0-t10",
      "begin" : 54,
      "end" : 56,
      "text" : "of",
      "whiteSpace" : false
    }, {
      "id" : "s0-t11",
      "begin" : 57,
      "end" : 66,
      "text" : "Humphreys",
      "whiteSpace" : false
    }, {
      "id" : "s0-t12",
      "begin" : 67,
      "end" : 73,
      "text" : "County",
      "whiteSpace" : false
    }, {
      "id" : "s0-t13",
      "begin" : 73,
      "end" : 74,
      "text" : ",",
      "whiteSpace" : false
    }, {
      "id" : "s0-t14",
      "begin" : 75,
      "end" : 84,
      "text" : "Tennessee",
      "whiteSpace" : false
    }, {
      "id" : "s0-t15",
      "begin" : 84,
      "end" : 85,
      "text" : ",",
      "whiteSpace" : false
    }, {
      "id" : "s0-t16",
      "begin" : 86,
      "end" : 88,
      "text" : "on",
      "whiteSpace" : false
    }, {
      "id" : "s0-t17",
      "begin" : 89,
      "end" : 92,
      "text" : "the",
      "whiteSpace" : false
    }, {
      "id" : "s0-t18",
      "begin" : 93,
      "end" : 97,
      "text" : "east",
      "whiteSpace" : false
    }, {
      "id" : "s0-t19",
      "begin" : 98,
      "end" : 102,
      "text" : "side",
      "whiteSpace" : false
    }, {
      "id" : "s0-t20",
      "begin" : 103,
      "end" : 105,
      "text" : "of",
      "whiteSpace" : false
    }, {
      "id" : "s0-t21",
      "begin" : 106,
      "end" : 109,
      "text" : "and",
      "whiteSpace" : false
    }, {
      "id" : "s0-t22",
      "begin" : 110,
      "end" : 118,
      "text" : "adjacent",
      "whiteSpace" : false
    }, {
      "id" : "s0-t23",
      "begin" : 119,
      "end" : 121,
      "text" : "to",
      "whiteSpace" : false
    }, {
      "id" : "s0-t24",
      "begin" : 122,
      "end" : 126,
      "text" : "Hill",
      "whiteSpace" : false
    }, {
      "id" : "s0-t25",
      "begin" : 127,
      "end" : 130,
      "text" : "Top",
      "whiteSpace" : false
    }, {
      "id" : "s0-t26",
      "begin" : 131,
      "end" : 136,
      "text" : "Drive",
      "whiteSpace" : false
    }, {
      "id" : "s0-t27",
      "begin" : 136,
      "end" : 137,
      "text" : ",",
      "whiteSpace" : false
    }, {
      "id" : "s0-t28",
      "begin" : 138,
      "end" : 141,
      "text" : "and",
      "whiteSpace" : false
    }, {
      "id" : "s0-t29",
      "begin" : 142,
      "end" : 147,
      "text" : "being",
      "whiteSpace" : false
    }, {
      "id" : "s0-t30",
      "begin" : 148,
      "end" : 152,
      "text" : "Lots",
      "whiteSpace" : false
    }, {
      "id" : "s0-t31",
      "begin" : 153,
      "end" : 157,
      "text" : "Nos.",
      "whiteSpace" : false
    }, {
      "id" : "s0-t32",
      "begin" : 158,
      "end" : 159,
      "text" : "1",
      "whiteSpace" : false
    }, {
      "id" : "s0-t33",
      "begin" : 159,
      "end" : 160,
      "text" : ",",
      "whiteSpace" : false
    }, {
      "id" : "s0-t34",
      "begin" : 161,
      "end" : 162,
      "text" : "2",
      "whiteSpace" : false
    }, {
      "id" : "s0-t35",
      "begin" : 163,
      "end" : 166,
      "text" : "and",
      "whiteSpace" : false
    }, {
      "id" : "s0-t36",
      "begin" : 167,
      "end" : 168,
      "text" : "3",
      "whiteSpace" : false
    }, {
      "id" : "s0-t37",
      "begin" : 169,
      "end" : 171,
      "text" : "of",
      "whiteSpace" : false
    }, {
      "id" : "s0-t38",
      "begin" : 172,
      "end" : 175,
      "text" : "the",
      "whiteSpace" : false
    }, {
      "id" : "s0-t39",
      "begin" : 176,
      "end" : 183,
      "text" : "Preston",
      "whiteSpace" : false
    }, {
      "id" : "s0-t40",
      "begin" : 183,
      "end" : 184,
      "text" : ",",
      "whiteSpace" : false
    }, {
      "id" : "s0-t41",
      "begin" : 185,
      "end" : 193,
      "text" : "addition",
      "whiteSpace" : false
    }, {
      "id" : "s0-t42",
      "begin" : 194,
      "end" : 196,
      "text" : "of",
      "whiteSpace" : false
    }, {
      "id" : "s0-t43",
      "begin" : 197,
      "end" : 203,
      "text" : "record",
      "whiteSpace" : false
    }, {
      "id" : "s0-t44",
      "begin" : 204,
      "end" : 206,
      "text" : "in",
      "whiteSpace" : false
    }, {
      "id" : "s0-t45",
      "begin" : 207,
      "end" : 211,
      "text" : "Plat",
      "whiteSpace" : false
    }, {
      "id" : "s0-t46",
      "begin" : 212,
      "end" : 219,
      "text" : "Cabinet",
      "whiteSpace" : false
    }, {
      "id" : "s0-t47",
      "begin" : 220,
      "end" : 221,
      "text" : "A",
      "whiteSpace" : false
    }, {
      "id" : "s0-t48",
      "begin" : 221,
      "end" : 222,
      "text" : ",",
      "whiteSpace" : false
    }, {
      "id" : "s0-t49",
      "begin" : 223,
      "end" : 228,
      "text" : "Slide",
      "whiteSpace" : false
    }, {
      "id" : "s0-t50",
      "begin" : 229,
      "end" : 232,
      "text" : "104",
      "whiteSpace" : false
    }, {
      "id" : "s0-t51",
      "begin" : 232,
      "end" : 233,
      "text" : ",",
      "whiteSpace" : false
    }, {
      "id" : "s0-t52",
      "begin" : 234,
      "end" : 242,
      "text" : "Register",
      "whiteSpace" : false
    }, {
      "id" : "s0-t53",
      "begin" : 242,
      "end" : 244,
      "text" : "'s",
      "whiteSpace" : false
    }, {
      "id" : "s0-t54",
      "begin" : 245,
      "end" : 251,
      "text" : "office",
      "whiteSpace" : false
    }, {
      "id" : "s0-t55",
      "begin" : 252,
      "end" : 254,
      "text" : "of",
      "whiteSpace" : false
    }, {
      "id" : "s0-t56",
      "begin" : 255,
      "end" : 264,
      "text" : "Humphreys",
      "whiteSpace" : false
    }, {
      "id" : "s0-t57",
      "begin" : 265,
      "end" : 271,
      "text" : "County",
      "whiteSpace" : false
    }, {
      "id" : "s0-t58",
      "begin" : 271,
      "end" : 272,
      "text" : ",",
      "whiteSpace" : false
    }, {
      "id" : "s0-t59",
      "begin" : 273,
      "end" : 282,
      "text" : "Tennessee",
      "whiteSpace" : false
    }, {
      "id" : "s0-t60",
      "begin" : 282,
      "end" : 283,
      "text" : ",",
      "whiteSpace" : false
    }, {
      "id" : "s0-t61",
      "begin" : 283,
      "end" : 284,
      "text" : ",",
      "whiteSpace" : false
    }, {
      "id" : "s0-t62",
      "begin" : 285,
      "end" : 290,
      "text" : "BEING",
      "whiteSpace" : false
    }, {
      "id" : "s0-t63",
      "begin" : 291,
      "end" : 292,
      "text" : "a",
      "whiteSpace" : false
    }, {
      "id" : "s0-t64",
      "begin" : 293,
      "end" : 300,
      "text" : "portion",
      "whiteSpace" : false
    }, {
      "id" : "s0-t65",
      "begin" : 301,
      "end" : 303,
      "text" : "of",
      "whiteSpace" : false
    }, {
      "id" : "s0-t66",
      "begin" : 304,
      "end" : 307,
      "text" : "the",
      "whiteSpace" : false
    }, {
      "id" : "s0-t67",
      "begin" : 308,
      "end" : 316,
      "text" : "property",
      "whiteSpace" : false
    }, {
      "id" : "s0-t68",
      "begin" : 317,
      "end" : 325,
      "text" : "conveyed",
      "whiteSpace" : false
    }, {
      "id" : "s0-t69",
      "begin" : 326,
      "end" : 328,
      "text" : "to",
      "whiteSpace" : false
    }, {
      "id" : "s0-t70",
      "begin" : 329,
      "end" : 331,
      "text" : "me",
      "whiteSpace" : false
    }, {
      "id" : "s0-t71",
      "begin" : 332,
      "end" : 334,
      "text" : "by",
      "whiteSpace" : false
    }, {
      "id" : "s0-t72",
      "begin" : 335,
      "end" : 339,
      "text" : "deed",
      "whiteSpace" : false
    }, {
      "id" : "s0-t73",
      "begin" : 340,
      "end" : 342,
      "text" : "of",
      "whiteSpace" : false
    }, {
      "id" : "s0-t74",
      "begin" : 343,
      "end" : 349,
      "text" : "record",
      "whiteSpace" : false
    }, {
      "id" : "s0-t75",
      "begin" : 350,
      "end" : 352,
      "text" : "in",
      "whiteSpace" : false
    }, {
      "id" : "s0-t76",
      "begin" : 353,
      "end" : 357,
      "text" : "Deed",
      "whiteSpace" : false
    }, {
      "id" : "s0-t77",
      "begin" : 358,
      "end" : 362,
      "text" : "Book",
      "whiteSpace" : false
    }, {
      "id" : "s0-t78",
      "begin" : 363,
      "end" : 366,
      "text" : "131",
      "whiteSpace" : false
    }, {
      "id" : "s0-t79",
      "begin" : 366,
      "end" : 367,
      "text" : ",",
      "whiteSpace" : false
    }, {
      "id" : "s0-t80",
      "begin" : 368,
      "end" : 372,
      "text" : "page",
      "whiteSpace" : false
    }, {
      "id" : "s0-t81",
      "begin" : 373,
      "end" : 377,
      "text" : "1269",
      "whiteSpace" : false
    }, {
      "id" : "s0-t82",
      "begin" : 377,
      "end" : 378,
      "text" : ",",
      "whiteSpace" : false
    }, {
      "id" : "s0-t83",
      "begin" : 379,
      "end" : 387,
      "text" : "Register",
      "whiteSpace" : false
    }, {
      "id" : "s0-t84",
      "begin" : 387,
      "end" : 388,
      "text" : "?",
      "whiteSpace" : false
    } ]
  }, {
    "id" : "s1",
    "begin" : 388,
    "end" : 436,
    "text" : "??s Office of Humphreys County, Tennessee., \"v ?",
    "tokens" : [ {
      "id" : "s1-t0",
      "begin" : 388,
      "end" : 391,
      "text" : "??s",
      "whiteSpace" : false
    }, {
      "id" : "s1-t1",
      "begin" : 392,
      "end" : 398,
      "text" : "Office",
      "whiteSpace" : false
    }, {
      "id" : "s1-t2",
      "begin" : 399,
      "end" : 401,
      "text" : "of",
      "whiteSpace" : false
    }, {
      "id" : "s1-t3",
      "begin" : 402,
      "end" : 411,
      "text" : "Humphreys",
      "whiteSpace" : false
    }, {
      "id" : "s1-t4",
      "begin" : 412,
      "end" : 418,
      "text" : "County",
      "whiteSpace" : false
    }, {
      "id" : "s1-t5",
      "begin" : 418,
      "end" : 419,
      "text" : ",",
      "whiteSpace" : false
    }, {
      "id" : "s1-t6",
      "begin" : 420,
      "end" : 430,
      "text" : "Tennessee.",
      "whiteSpace" : false
    }, {
      "id" : "s1-t7",
      "begin" : 430,
      "end" : 431,
      "text" : ",",
      "whiteSpace" : false
    }, {
      "id" : "s1-t8",
      "begin" : 432,
      "end" : 433,
      "text" : "\"",
      "whiteSpace" : false
    }, {
      "id" : "s1-t9",
      "begin" : 433,
      "end" : 434,
      "text" : "v",
      "whiteSpace" : false
    }, {
      "id" : "s1-t10",
      "begin" : 435,
      "end" : 436,
      "text" : "?",
      "whiteSpace" : false
    } ]
  }, {
    "id" : "s2",
    "begin" : 436,
    "end" : 441,
    "text" : "??nl.",
    "tokens" : [ {
      "id" : "s2-t0",
      "begin" : 436,
      "end" : 440,
      "text" : "??nl",
      "whiteSpace" : false
    }, {
      "id" : "s2-t1",
      "begin" : 440,
      "end" : 441,
      "text" : ".",
      "whiteSpace" : false
    } ]
  }, {
    "id" : "s3",
    "begin" : 442,
    "end" : 448,
    "text" : ", -- .",
    "tokens" : [ {
      "id" : "s3-t0",
      "begin" : 442,
      "end" : 443,
      "text" : ",",
      "whiteSpace" : false
    }, {
      "id" : "s3-t1",
      "begin" : 444,
      "end" : 446,
      "text" : "--",
      "whiteSpace" : false
    }, {
      "id" : "s3-t2",
      "begin" : 447,
      "end" : 448,
      "text" : ".",
      "whiteSpace" : false
    } ]
  }, {
    "id" : "s4",
    "begin" : 448,
    "end" : 563,
    "text" : "-, Thomason, 70 W., McEwen, Tennessee, 56-0, Group A, as Parcels 6, 7 &amp; 8, Office of Assessor, STAIE OF TENNE??",
    "tokens" : [ {
      "id" : "s4-t0",
      "begin" : 448,
      "end" : 449,
      "text" : "-",
      "whiteSpace" : false
    }, {
      "id" : "s4-t1",
      "begin" : 449,
      "end" : 450,
      "text" : ",",
      "whiteSpace" : false
    }, {
      "id" : "s4-t2",
      "begin" : 451,
      "end" : 459,
      "text" : "Thomason",
      "whiteSpace" : false
    }, {
      "id" : "s4-t3",
      "begin" : 459,
      "end" : 460,
      "text" : ",",
      "whiteSpace" : false
    }, {
      "id" : "s4-t4",
      "begin" : 461,
      "end" : 463,
      "text" : "70",
      "whiteSpace" : false
    }, {
      "id" : "s4-t5",
      "begin" : 464,
      "end" : 466,
      "text" : "W.",
      "whiteSpace" : false
    }, {
      "id" : "s4-t6",
      "begin" : 466,
      "end" : 467,
      "text" : ",",
      "whiteSpace" : false
    }, {
      "id" : "s4-t7",
      "begin" : 468,
      "end" : 474,
      "text" : "McEwen",
      "whiteSpace" : false
    }, {
      "id" : "s4-t8",
      "begin" : 474,
      "end" : 475,
      "text" : ",",
      "whiteSpace" : false
    }, {
      "id" : "s4-t9",
      "begin" : 476,
      "end" : 485,
      "text" : "Tennessee",
      "whiteSpace" : false
    }, {
      "id" : "s4-t10",
      "begin" : 485,
      "end" : 486,
      "text" : ",",
      "whiteSpace" : false
    }, {
      "id" : "s4-t11",
      "begin" : 487,
      "end" : 491,
      "text" : "56-0",
      "whiteSpace" : false
    }, {
      "id" : "s4-t12",
      "begin" : 491,
      "end" : 492,
      "text" : ",",
      "whiteSpace" : false
    }, {
      "id" : "s4-t13",
      "begin" : 493,
      "end" : 498,
      "text" : "Group",
      "whiteSpace" : false
    }, {
      "id" : "s4-t14",
      "begin" : 499,
      "end" : 500,
      "text" : "A",
      "whiteSpace" : false
    }, {
      "id" : "s4-t15",
      "begin" : 500,
      "end" : 501,
      "text" : ",",
      "whiteSpace" : false
    }, {
      "id" : "s4-t16",
      "begin" : 502,
      "end" : 504,
      "text" : "as",
      "whiteSpace" : false
    }, {
      "id" : "s4-t17",
      "begin" : 505,
      "end" : 512,
      "text" : "Parcels",
      "whiteSpace" : false
    }, {
      "id" : "s4-t18",
      "begin" : 513,
      "end" : 514,
      "text" : "6",
      "whiteSpace" : false
    }, {
      "id" : "s4-t19",
      "begin" : 514,
      "end" : 515,
      "text" : ",",
      "whiteSpace" : false
    }, {
      "id" : "s4-t20",
      "begin" : 516,
      "end" : 517,
      "text" : "7",
      "whiteSpace" : false
    }, {
      "id" : "s4-t21",
      "begin" : 518,
      "end" : 523,
      "text" : "&amp;",
      "whiteSpace" : false
    }, {
      "id" : "s4-t22",
      "begin" : 524,
      "end" : 525,
      "text" : "8",
      "whiteSpace" : false
    }, {
      "id" : "s4-t23",
      "begin" : 525,
      "end" : 526,
      "text" : ",",
      "whiteSpace" : false
    }, {
      "id" : "s4-t24",
      "begin" : 527,
      "end" : 533,
      "text" : "Office",
      "whiteSpace" : false
    }, {
      "id" : "s4-t25",
      "begin" : 534,
      "end" : 536,
      "text" : "of",
      "whiteSpace" : false
    }, {
      "id" : "s4-t26",
      "begin" : 537,
      "end" : 545,
      "text" : "Assessor",
      "whiteSpace" : false
    }, {
      "id" : "s4-t27",
      "begin" : 545,
      "end" : 546,
      "text" : ",",
      "whiteSpace" : false
    }, {
      "id" : "s4-t28",
      "begin" : 547,
      "end" : 552,
      "text" : "STAIE",
      "whiteSpace" : false
    }, {
      "id" : "s4-t29",
      "begin" : 553,
      "end" : 555,
      "text" : "OF",
      "whiteSpace" : false
    }, {
      "id" : "s4-t30",
      "begin" : 556,
      "end" : 562,
      "text" : "TENNE?",
      "whiteSpace" : false
    }, {
      "id" : "s4-t31",
      "begin" : 562,
      "end" : 563,
      "text" : "?",
      "whiteSpace" : false
    } ]
  }, {
    "id" : "s5",
    "begin" : 564,
    "end" : 579,
    "text" : "SHE \" HUMP???r?",
    "tokens" : [ {
      "id" : "s5-t0",
      "begin" : 564,
      "end" : 567,
      "text" : "SHE",
      "whiteSpace" : false
    }, {
      "id" : "s5-t1",
      "begin" : 568,
      "end" : 569,
      "text" : "\"",
      "whiteSpace" : false
    }, {
      "id" : "s5-t2",
      "begin" : 570,
      "end" : 578,
      "text" : "HUMP???r",
      "whiteSpace" : false
    }, {
      "id" : "s5-t3",
      "begin" : 578,
      "end" : 579,
      "text" : "?",
      "whiteSpace" : false
    } ]
  }, {
    "id" : "s6",
    "begin" : 579,
    "end" : 613,
    "text" : "??EYS COUNTY RECEIVED ma moan me ?",
    "tokens" : [ {
      "id" : "s6-t0",
      "begin" : 579,
      "end" : 584,
      "text" : "??EYS",
      "whiteSpace" : false
    }, {
      "id" : "s6-t1",
      "begin" : 585,
      "end" : 591,
      "text" : "COUNTY",
      "whiteSpace" : false
    }, {
      "id" : "s6-t2",
      "begin" : 592,
      "end" : 600,
      "text" : "RECEIVED",
      "whiteSpace" : false
    }, {
      "id" : "s6-t3",
      "begin" : 601,
      "end" : 603,
      "text" : "ma",
      "whiteSpace" : false
    }, {
      "id" : "s6-t4",
      "begin" : 604,
      "end" : 608,
      "text" : "moan",
      "whiteSpace" : false
    }, {
      "id" : "s6-t5",
      "begin" : 609,
      "end" : 611,
      "text" : "me",
      "whiteSpace" : false
    }, {
      "id" : "s6-t6",
      "begin" : 612,
      "end" : 613,
      "text" : "?",
      "whiteSpace" : false
    } ]
  }, {
    "id" : "s7",
    "begin" : 613,
    "end" : 616,
    "text" : "?2.",
    "tokens" : [ {
      "id" : "s7-t0",
      "begin" : 613,
      "end" : 615,
      "text" : "?2",
      "whiteSpace" : false
    }, {
      "id" : "s7-t1",
      "begin" : 615,
      "end" : 616,
      "text" : ".",
      "whiteSpace" : false
    } ]
  }, {
    "id" : "s8",
    "begin" : 617,
    "end" : 634,
    "text" : "on or 19 an Mono?",
    "tokens" : [ {
      "id" : "s8-t0",
      "begin" : 617,
      "end" : 619,
      "text" : "on",
      "whiteSpace" : false
    }, {
      "id" : "s8-t1",
      "begin" : 620,
      "end" : 622,
      "text" : "or",
      "whiteSpace" : false
    }, {
      "id" : "s8-t2",
      "begin" : 623,
      "end" : 625,
      "text" : "19",
      "whiteSpace" : false
    }, {
      "id" : "s8-t3",
      "begin" : 626,
      "end" : 628,
      "text" : "an",
      "whiteSpace" : false
    }, {
      "id" : "s8-t4",
      "begin" : 629,
      "end" : 633,
      "text" : "Mono",
      "whiteSpace" : false
    }, {
      "id" : "s8-t5",
      "begin" : 633,
      "end" : 634,
      "text" : "?",
      "whiteSpace" : false
    } ]
  }, {
    "id" : "s9",
    "begin" : 634,
    "end" : 636,
    "text" : "??",
    "tokens" : [ {
      "id" : "s9-t0",
      "begin" : 634,
      "end" : 635,
      "text" : "?",
      "whiteSpace" : false
    }, {
      "id" : "s9-t1",
      "begin" : 635,
      "end" : 636,
      "text" : "?",
      "whiteSpace" : false
    } ]
  }, {
    "id" : "s10",
    "begin" : 637,
    "end" : 641,
    "text" : "434.",
    "tokens" : [ {
      "id" : "s10-t0",
      "begin" : 637,
      "end" : 640,
      "text" : "434",
      "whiteSpace" : false
    }, {
      "id" : "s10-t1",
      "begin" : 640,
      "end" : 641,
      "text" : ".",
      "whiteSpace" : false
    } ]
  }, {
    "id" : "s11",
    "begin" : 642,
    "end" : 651,
    "text" : "M.. AND ?",
    "tokens" : [ {
      "id" : "s11-t0",
      "begin" : 642,
      "end" : 645,
      "text" : "M..",
      "whiteSpace" : false
    }, {
      "id" : "s11-t1",
      "begin" : 646,
      "end" : 649,
      "text" : "AND",
      "whiteSpace" : false
    }, {
      "id" : "s11-t2",
      "begin" : 650,
      "end" : 651,
      "text" : "?",
      "whiteSpace" : false
    } ]
  }, {
    "id" : "s12",
    "begin" : 651,
    "end" : 671,
    "text" : "?mm IN, www.191- me]",
    "tokens" : [ {
      "id" : "s12-t0",
      "begin" : 651,
      "end" : 654,
      "text" : "?mm",
      "whiteSpace" : false
    }, {
      "id" : "s12-t1",
      "begin" : 655,
      "end" : 657,
      "text" : "IN",
      "whiteSpace" : false
    }, {
      "id" : "s12-t2",
      "begin" : 657,
      "end" : 658,
      "text" : ",",
      "whiteSpace" : false
    }, {
      "id" : "s12-t3",
      "begin" : 659,
      "end" : 666,
      "text" : "www.191",
      "whiteSpace" : false
    }, {
      "id" : "s12-t4",
      "begin" : 666,
      "end" : 667,
      "text" : "-",
      "whiteSpace" : false
    }, {
      "id" : "s12-t5",
      "begin" : 668,
      "end" : 670,
      "text" : "me",
      "whiteSpace" : false
    }, {
      "id" : "s12-t6",
      "begin" : 670,
      "end" : 671,
      "text" : "]",
      "whiteSpace" : false
    } ]
  } ],
  "mentions" : [ {
    "id" : "s0-m1",
    "properties" : {
      "SIRE_MENTION_ROLE" : "WarrDeedBookNum",
      "SIRE_ENTITY_SUBTYPE" : "NONE",
      "SIRE_MENTION_TYPE" : "NONE",
      "SIRE_MENTION_CLASS" : "SPC"
    },
    "type" : "WarrDeedBookNum",
    "begin" : 363,
    "end" : 366,
    "inCoref" : false
  }, {
    "id" : "s0-m2",
    "properties" : {
      "SIRE_MENTION_ROLE" : "WarrDeedPageNum",
      "SIRE_ENTITY_SUBTYPE" : "NONE",
      "SIRE_MENTION_TYPE" : "NONE",
      "SIRE_MENTION_CLASS" : "SPC"
    },
    "type" : "WarrDeedPageNum",
    "begin" : 373,
    "end" : 377,
    "inCoref" : false
  } ],
  "relations" : [ ],
  "corefs" : [ ],
  "typeResolved" : true,
  "userResolved" : false
}