{
  "id" : "9ee16260-54dc-11e9-b3f1-919b26b254ae-10",
  "name" : "WD163-5.txt",
  "createdDate" : 0,
  "version" : 3,
  "text" : " thence North 12 degrees west 140 feet to the beginning, containing 1.08 acres, more or less, as shown by a survey made in September, 1961, but subject to legal highways. Being the same property conveyed to Bobby Woodrow Gates and wife, Janet Kay Gates by deed from Harold V. Scurlock and wife, Sheila R. Scurlock, dated November 24, 1987, recorded Novenber 25, 1987, Book 1494:, page 1045, Register's Office for Humphreys County, Tennessee. This property is also known as Route 1, Box 205,",
  "docLength" : 0,
  "language" : "EN",
  "status" : "SUBMITTED",
  "modifiedDate" : 1554164597243,
  "documentSet" : [ ],
  "preannotation" : [ ],
  "sentences" : [ {
    "id" : "s0",
    "begin" : 1,
    "end" : 170,
    "text" : "thence North 12 degrees west 140 feet to the beginning, containing 1.08 acres, more or less, as shown by a survey made in September, 1961, but subject to legal highways.",
    "tokens" : [ {
      "id" : "s0-t0",
      "begin" : 1,
      "end" : 7,
      "text" : "thence",
      "whiteSpace" : false
    }, {
      "id" : "s0-t1",
      "begin" : 8,
      "end" : 13,
      "text" : "North",
      "whiteSpace" : false
    }, {
      "id" : "s0-t2",
      "begin" : 14,
      "end" : 16,
      "text" : "12",
      "whiteSpace" : false
    }, {
      "id" : "s0-t3",
      "begin" : 17,
      "end" : 24,
      "text" : "degrees",
      "whiteSpace" : false
    }, {
      "id" : "s0-t4",
      "begin" : 25,
      "end" : 29,
      "text" : "west",
      "whiteSpace" : false
    }, {
      "id" : "s0-t5",
      "begin" : 30,
      "end" : 33,
      "text" : "140",
      "whiteSpace" : false
    }, {
      "id" : "s0-t6",
      "begin" : 34,
      "end" : 38,
      "text" : "feet",
      "whiteSpace" : false
    }, {
      "id" : "s0-t7",
      "begin" : 39,
      "end" : 41,
      "text" : "to",
      "whiteSpace" : false
    }, {
      "id" : "s0-t8",
      "begin" : 42,
      "end" : 45,
      "text" : "the",
      "whiteSpace" : false
    }, {
      "id" : "s0-t9",
      "begin" : 46,
      "end" : 55,
      "text" : "beginning",
      "whiteSpace" : false
    }, {
      "id" : "s0-t10",
      "begin" : 55,
      "end" : 56,
      "text" : ",",
      "whiteSpace" : false
    }, {
      "id" : "s0-t11",
      "begin" : 57,
      "end" : 67,
      "text" : "containing",
      "whiteSpace" : false
    }, {
      "id" : "s0-t12",
      "begin" : 68,
      "end" : 72,
      "text" : "1.08",
      "whiteSpace" : false
    }, {
      "id" : "s0-t13",
      "begin" : 73,
      "end" : 78,
      "text" : "acres",
      "whiteSpace" : false
    }, {
      "id" : "s0-t14",
      "begin" : 78,
      "end" : 79,
      "text" : ",",
      "whiteSpace" : false
    }, {
      "id" : "s0-t15",
      "begin" : 80,
      "end" : 84,
      "text" : "more",
      "whiteSpace" : false
    }, {
      "id" : "s0-t16",
      "begin" : 85,
      "end" : 87,
      "text" : "or",
      "whiteSpace" : false
    }, {
      "id" : "s0-t17",
      "begin" : 88,
      "end" : 92,
      "text" : "less",
      "whiteSpace" : false
    }, {
      "id" : "s0-t18",
      "begin" : 92,
      "end" : 93,
      "text" : ",",
      "whiteSpace" : false
    }, {
      "id" : "s0-t19",
      "begin" : 94,
      "end" : 96,
      "text" : "as",
      "whiteSpace" : false
    }, {
      "id" : "s0-t20",
      "begin" : 97,
      "end" : 102,
      "text" : "shown",
      "whiteSpace" : false
    }, {
      "id" : "s0-t21",
      "begin" : 103,
      "end" : 105,
      "text" : "by",
      "whiteSpace" : false
    }, {
      "id" : "s0-t22",
      "begin" : 106,
      "end" : 107,
      "text" : "a",
      "whiteSpace" : false
    }, {
      "id" : "s0-t23",
      "begin" : 108,
      "end" : 114,
      "text" : "survey",
      "whiteSpace" : false
    }, {
      "id" : "s0-t24",
      "begin" : 115,
      "end" : 119,
      "text" : "made",
      "whiteSpace" : false
    }, {
      "id" : "s0-t25",
      "begin" : 120,
      "end" : 122,
      "text" : "in",
      "whiteSpace" : false
    }, {
      "id" : "s0-t26",
      "begin" : 123,
      "end" : 132,
      "text" : "September",
      "whiteSpace" : false
    }, {
      "id" : "s0-t27",
      "begin" : 132,
      "end" : 133,
      "text" : ",",
      "whiteSpace" : false
    }, {
      "id" : "s0-t28",
      "begin" : 134,
      "end" : 138,
      "text" : "1961",
      "whiteSpace" : false
    }, {
      "id" : "s0-t29",
      "begin" : 138,
      "end" : 139,
      "text" : ",",
      "whiteSpace" : false
    }, {
      "id" : "s0-t30",
      "begin" : 140,
      "end" : 143,
      "text" : "but",
      "whiteSpace" : false
    }, {
      "id" : "s0-t31",
      "begin" : 144,
      "end" : 151,
      "text" : "subject",
      "whiteSpace" : false
    }, {
      "id" : "s0-t32",
      "begin" : 152,
      "end" : 154,
      "text" : "to",
      "whiteSpace" : false
    }, {
      "id" : "s0-t33",
      "begin" : 155,
      "end" : 160,
      "text" : "legal",
      "whiteSpace" : false
    }, {
      "id" : "s0-t34",
      "begin" : 161,
      "end" : 169,
      "text" : "highways",
      "whiteSpace" : false
    }, {
      "id" : "s0-t35",
      "begin" : 169,
      "end" : 170,
      "text" : ".",
      "whiteSpace" : false
    } ]
  }, {
    "id" : "s1",
    "begin" : 171,
    "end" : 441,
    "text" : "Being the same property conveyed to Bobby Woodrow Gates and wife, Janet Kay Gates by deed from Harold V. Scurlock and wife, Sheila R. Scurlock, dated November 24, 1987, recorded Novenber 25, 1987, Book 1494:, page 1045, Register's Office for Humphreys County, Tennessee.",
    "tokens" : [ {
      "id" : "s1-t0",
      "begin" : 171,
      "end" : 176,
      "text" : "Being",
      "whiteSpace" : false
    }, {
      "id" : "s1-t1",
      "begin" : 177,
      "end" : 180,
      "text" : "the",
      "whiteSpace" : false
    }, {
      "id" : "s1-t2",
      "begin" : 181,
      "end" : 185,
      "text" : "same",
      "whiteSpace" : false
    }, {
      "id" : "s1-t3",
      "begin" : 186,
      "end" : 194,
      "text" : "property",
      "whiteSpace" : false
    }, {
      "id" : "s1-t4",
      "begin" : 195,
      "end" : 203,
      "text" : "conveyed",
      "whiteSpace" : false
    }, {
      "id" : "s1-t5",
      "begin" : 204,
      "end" : 206,
      "text" : "to",
      "whiteSpace" : false
    }, {
      "id" : "s1-t6",
      "begin" : 207,
      "end" : 212,
      "text" : "Bobby",
      "whiteSpace" : false
    }, {
      "id" : "s1-t7",
      "begin" : 213,
      "end" : 220,
      "text" : "Woodrow",
      "whiteSpace" : false
    }, {
      "id" : "s1-t8",
      "begin" : 221,
      "end" : 226,
      "text" : "Gates",
      "whiteSpace" : false
    }, {
      "id" : "s1-t9",
      "begin" : 227,
      "end" : 230,
      "text" : "and",
      "whiteSpace" : false
    }, {
      "id" : "s1-t10",
      "begin" : 231,
      "end" : 235,
      "text" : "wife",
      "whiteSpace" : false
    }, {
      "id" : "s1-t11",
      "begin" : 235,
      "end" : 236,
      "text" : ",",
      "whiteSpace" : false
    }, {
      "id" : "s1-t12",
      "begin" : 237,
      "end" : 242,
      "text" : "Janet",
      "whiteSpace" : false
    }, {
      "id" : "s1-t13",
      "begin" : 243,
      "end" : 246,
      "text" : "Kay",
      "whiteSpace" : false
    }, {
      "id" : "s1-t14",
      "begin" : 247,
      "end" : 252,
      "text" : "Gates",
      "whiteSpace" : false
    }, {
      "id" : "s1-t15",
      "begin" : 253,
      "end" : 255,
      "text" : "by",
      "whiteSpace" : false
    }, {
      "id" : "s1-t16",
      "begin" : 256,
      "end" : 260,
      "text" : "deed",
      "whiteSpace" : false
    }, {
      "id" : "s1-t17",
      "begin" : 261,
      "end" : 265,
      "text" : "from",
      "whiteSpace" : false
    }, {
      "id" : "s1-t18",
      "begin" : 266,
      "end" : 272,
      "text" : "Harold",
      "whiteSpace" : false
    }, {
      "id" : "s1-t19",
      "begin" : 273,
      "end" : 275,
      "text" : "V.",
      "whiteSpace" : false
    }, {
      "id" : "s1-t20",
      "begin" : 276,
      "end" : 284,
      "text" : "Scurlock",
      "whiteSpace" : false
    }, {
      "id" : "s1-t21",
      "begin" : 285,
      "end" : 288,
      "text" : "and",
      "whiteSpace" : false
    }, {
      "id" : "s1-t22",
      "begin" : 289,
      "end" : 293,
      "text" : "wife",
      "whiteSpace" : false
    }, {
      "id" : "s1-t23",
      "begin" : 293,
      "end" : 294,
      "text" : ",",
      "whiteSpace" : false
    }, {
      "id" : "s1-t24",
      "begin" : 295,
      "end" : 301,
      "text" : "Sheila",
      "whiteSpace" : false
    }, {
      "id" : "s1-t25",
      "begin" : 302,
      "end" : 304,
      "text" : "R.",
      "whiteSpace" : false
    }, {
      "id" : "s1-t26",
      "begin" : 305,
      "end" : 313,
      "text" : "Scurlock",
      "whiteSpace" : false
    }, {
      "id" : "s1-t27",
      "begin" : 313,
      "end" : 314,
      "text" : ",",
      "whiteSpace" : false
    }, {
      "id" : "s1-t28",
      "begin" : 315,
      "end" : 320,
      "text" : "dated",
      "whiteSpace" : false
    }, {
      "id" : "s1-t29",
      "begin" : 321,
      "end" : 329,
      "text" : "November",
      "whiteSpace" : false
    }, {
      "id" : "s1-t30",
      "begin" : 330,
      "end" : 332,
      "text" : "24",
      "whiteSpace" : false
    }, {
      "id" : "s1-t31",
      "begin" : 332,
      "end" : 333,
      "text" : ",",
      "whiteSpace" : false
    }, {
      "id" : "s1-t32",
      "begin" : 334,
      "end" : 338,
      "text" : "1987",
      "whiteSpace" : false
    }, {
      "id" : "s1-t33",
      "begin" : 338,
      "end" : 339,
      "text" : ",",
      "whiteSpace" : false
    }, {
      "id" : "s1-t34",
      "begin" : 340,
      "end" : 348,
      "text" : "recorded",
      "whiteSpace" : false
    }, {
      "id" : "s1-t35",
      "begin" : 349,
      "end" : 357,
      "text" : "Novenber",
      "whiteSpace" : false
    }, {
      "id" : "s1-t36",
      "begin" : 358,
      "end" : 360,
      "text" : "25",
      "whiteSpace" : false
    }, {
      "id" : "s1-t37",
      "begin" : 360,
      "end" : 361,
      "text" : ",",
      "whiteSpace" : false
    }, {
      "id" : "s1-t38",
      "begin" : 362,
      "end" : 366,
      "text" : "1987",
      "whiteSpace" : false
    }, {
      "id" : "s1-t39",
      "begin" : 366,
      "end" : 367,
      "text" : ",",
      "whiteSpace" : false
    }, {
      "id" : "s1-t40",
      "begin" : 368,
      "end" : 372,
      "text" : "Book",
      "whiteSpace" : false
    }, {
      "id" : "s1-t41",
      "begin" : 373,
      "end" : 377,
      "text" : "1494",
      "whiteSpace" : false
    }, {
      "id" : "s1-t42",
      "begin" : 377,
      "end" : 378,
      "text" : ":",
      "whiteSpace" : false
    }, {
      "id" : "s1-t43",
      "begin" : 378,
      "end" : 379,
      "text" : ",",
      "whiteSpace" : false
    }, {
      "id" : "s1-t44",
      "begin" : 380,
      "end" : 384,
      "text" : "page",
      "whiteSpace" : false
    }, {
      "id" : "s1-t45",
      "begin" : 385,
      "end" : 389,
      "text" : "1045",
      "whiteSpace" : false
    }, {
      "id" : "s1-t46",
      "begin" : 389,
      "end" : 390,
      "text" : ",",
      "whiteSpace" : false
    }, {
      "id" : "s1-t47",
      "begin" : 391,
      "end" : 399,
      "text" : "Register",
      "whiteSpace" : false
    }, {
      "id" : "s1-t48",
      "begin" : 399,
      "end" : 401,
      "text" : "'s",
      "whiteSpace" : false
    }, {
      "id" : "s1-t49",
      "begin" : 402,
      "end" : 408,
      "text" : "Office",
      "whiteSpace" : false
    }, {
      "id" : "s1-t50",
      "begin" : 409,
      "end" : 412,
      "text" : "for",
      "whiteSpace" : false
    }, {
      "id" : "s1-t51",
      "begin" : 413,
      "end" : 422,
      "text" : "Humphreys",
      "whiteSpace" : false
    }, {
      "id" : "s1-t52",
      "begin" : 423,
      "end" : 429,
      "text" : "County",
      "whiteSpace" : false
    }, {
      "id" : "s1-t53",
      "begin" : 429,
      "end" : 430,
      "text" : ",",
      "whiteSpace" : false
    }, {
      "id" : "s1-t54",
      "begin" : 431,
      "end" : 440,
      "text" : "Tennessee",
      "whiteSpace" : false
    }, {
      "id" : "s1-t55",
      "begin" : 440,
      "end" : 441,
      "text" : ".",
      "whiteSpace" : false
    } ]
  }, {
    "id" : "s2",
    "begin" : 442,
    "end" : 490,
    "text" : "This property is also known as Route 1, Box 205,",
    "tokens" : [ {
      "id" : "s2-t0",
      "begin" : 442,
      "end" : 446,
      "text" : "This",
      "whiteSpace" : false
    }, {
      "id" : "s2-t1",
      "begin" : 447,
      "end" : 455,
      "text" : "property",
      "whiteSpace" : false
    }, {
      "id" : "s2-t2",
      "begin" : 456,
      "end" : 458,
      "text" : "is",
      "whiteSpace" : false
    }, {
      "id" : "s2-t3",
      "begin" : 459,
      "end" : 463,
      "text" : "also",
      "whiteSpace" : false
    }, {
      "id" : "s2-t4",
      "begin" : 464,
      "end" : 469,
      "text" : "known",
      "whiteSpace" : false
    }, {
      "id" : "s2-t5",
      "begin" : 470,
      "end" : 472,
      "text" : "as",
      "whiteSpace" : false
    }, {
      "id" : "s2-t6",
      "begin" : 473,
      "end" : 478,
      "text" : "Route",
      "whiteSpace" : false
    }, {
      "id" : "s2-t7",
      "begin" : 479,
      "end" : 480,
      "text" : "1",
      "whiteSpace" : false
    }, {
      "id" : "s2-t8",
      "begin" : 480,
      "end" : 481,
      "text" : ",",
      "whiteSpace" : false
    }, {
      "id" : "s2-t9",
      "begin" : 482,
      "end" : 485,
      "text" : "Box",
      "whiteSpace" : false
    }, {
      "id" : "s2-t10",
      "begin" : 486,
      "end" : 489,
      "text" : "205",
      "whiteSpace" : false
    }, {
      "id" : "s2-t11",
      "begin" : 489,
      "end" : 490,
      "text" : ",",
      "whiteSpace" : false
    } ]
  } ],
  "mentions" : [ {
    "id" : "s1-m1",
    "properties" : {
      "SIRE_MENTION_ROLE" : "WarrDeedBookNum",
      "SIRE_ENTITY_SUBTYPE" : "NONE",
      "SIRE_MENTION_TYPE" : "NONE",
      "SIRE_MENTION_CLASS" : "SPC"
    },
    "type" : "WarrDeedBookNum",
    "begin" : 373,
    "end" : 377,
    "inCoref" : false
  }, {
    "id" : "s1-m2",
    "properties" : {
      "SIRE_MENTION_ROLE" : "WarrDeedPageNum",
      "SIRE_ENTITY_SUBTYPE" : "NONE",
      "SIRE_MENTION_TYPE" : "NONE",
      "SIRE_MENTION_CLASS" : "SPC"
    },
    "type" : "WarrDeedPageNum",
    "begin" : 385,
    "end" : 389,
    "inCoref" : false
  } ],
  "relations" : [ ],
  "corefs" : [ ],
  "typeResolved" : true,
  "userResolved" : false
}