{
  "id" : "9ee16260-54dc-11e9-b3f1-919b26b254ae-16",
  "name" : "WD164-12.txt",
  "createdDate" : 0,
  "version" : 3,
  "text" : "beginning, containing 29,134 sq. ft., according to a survey made October 22, 1970, by Sam Long, County Surveyor., BEING a portion of the same property conveyed to J. Doyle Dillingham (now deceased), and J. L. Bradley, Jr. by deed of record in Deed Book 141, page 725, Register's Office of Humphreys County, Tennessee., TO HAVE AND TO HOLD the said tract or parcel of land, with the, Thomas A. Allen, Co- Executor of the Estate of J. Doyle Dillingham",
  "docLength" : 0,
  "language" : "EN",
  "status" : "SUBMITTED",
  "modifiedDate" : 1554164674062,
  "documentSet" : [ ],
  "preannotation" : [ ],
  "sentences" : [ {
    "id" : "s0",
    "begin" : 0,
    "end" : 449,
    "text" : "beginning, containing 29,134 sq. ft., according to a survey made October 22, 1970, by Sam Long, County Surveyor., BEING a portion of the same property conveyed to J. Doyle Dillingham (now deceased), and J. L. Bradley, Jr. by deed of record in Deed Book 141, page 725, Register's Office of Humphreys County, Tennessee., TO HAVE AND TO HOLD the said tract or parcel of land, with the, Thomas A. Allen, Co- Executor of the Estate of J. Doyle Dillingham",
    "tokens" : [ {
      "id" : "s0-t0",
      "begin" : 0,
      "end" : 9,
      "text" : "beginning",
      "whiteSpace" : false
    }, {
      "id" : "s0-t1",
      "begin" : 9,
      "end" : 10,
      "text" : ",",
      "whiteSpace" : false
    }, {
      "id" : "s0-t2",
      "begin" : 11,
      "end" : 21,
      "text" : "containing",
      "whiteSpace" : false
    }, {
      "id" : "s0-t3",
      "begin" : 22,
      "end" : 28,
      "text" : "29,134",
      "whiteSpace" : false
    }, {
      "id" : "s0-t4",
      "begin" : 29,
      "end" : 32,
      "text" : "sq.",
      "whiteSpace" : false
    }, {
      "id" : "s0-t5",
      "begin" : 33,
      "end" : 36,
      "text" : "ft.",
      "whiteSpace" : false
    }, {
      "id" : "s0-t6",
      "begin" : 36,
      "end" : 37,
      "text" : ",",
      "whiteSpace" : false
    }, {
      "id" : "s0-t7",
      "begin" : 38,
      "end" : 47,
      "text" : "according",
      "whiteSpace" : false
    }, {
      "id" : "s0-t8",
      "begin" : 48,
      "end" : 50,
      "text" : "to",
      "whiteSpace" : false
    }, {
      "id" : "s0-t9",
      "begin" : 51,
      "end" : 52,
      "text" : "a",
      "whiteSpace" : false
    }, {
      "id" : "s0-t10",
      "begin" : 53,
      "end" : 59,
      "text" : "survey",
      "whiteSpace" : false
    }, {
      "id" : "s0-t11",
      "begin" : 60,
      "end" : 64,
      "text" : "made",
      "whiteSpace" : false
    }, {
      "id" : "s0-t12",
      "begin" : 65,
      "end" : 72,
      "text" : "October",
      "whiteSpace" : false
    }, {
      "id" : "s0-t13",
      "begin" : 73,
      "end" : 75,
      "text" : "22",
      "whiteSpace" : false
    }, {
      "id" : "s0-t14",
      "begin" : 75,
      "end" : 76,
      "text" : ",",
      "whiteSpace" : false
    }, {
      "id" : "s0-t15",
      "begin" : 77,
      "end" : 81,
      "text" : "1970",
      "whiteSpace" : false
    }, {
      "id" : "s0-t16",
      "begin" : 81,
      "end" : 82,
      "text" : ",",
      "whiteSpace" : false
    }, {
      "id" : "s0-t17",
      "begin" : 83,
      "end" : 85,
      "text" : "by",
      "whiteSpace" : false
    }, {
      "id" : "s0-t18",
      "begin" : 86,
      "end" : 89,
      "text" : "Sam",
      "whiteSpace" : false
    }, {
      "id" : "s0-t19",
      "begin" : 90,
      "end" : 94,
      "text" : "Long",
      "whiteSpace" : false
    }, {
      "id" : "s0-t20",
      "begin" : 94,
      "end" : 95,
      "text" : ",",
      "whiteSpace" : false
    }, {
      "id" : "s0-t21",
      "begin" : 96,
      "end" : 102,
      "text" : "County",
      "whiteSpace" : false
    }, {
      "id" : "s0-t22",
      "begin" : 103,
      "end" : 112,
      "text" : "Surveyor.",
      "whiteSpace" : false
    }, {
      "id" : "s0-t23",
      "begin" : 112,
      "end" : 113,
      "text" : ",",
      "whiteSpace" : false
    }, {
      "id" : "s0-t24",
      "begin" : 114,
      "end" : 119,
      "text" : "BEING",
      "whiteSpace" : false
    }, {
      "id" : "s0-t25",
      "begin" : 120,
      "end" : 121,
      "text" : "a",
      "whiteSpace" : false
    }, {
      "id" : "s0-t26",
      "begin" : 122,
      "end" : 129,
      "text" : "portion",
      "whiteSpace" : false
    }, {
      "id" : "s0-t27",
      "begin" : 130,
      "end" : 132,
      "text" : "of",
      "whiteSpace" : false
    }, {
      "id" : "s0-t28",
      "begin" : 133,
      "end" : 136,
      "text" : "the",
      "whiteSpace" : false
    }, {
      "id" : "s0-t29",
      "begin" : 137,
      "end" : 141,
      "text" : "same",
      "whiteSpace" : false
    }, {
      "id" : "s0-t30",
      "begin" : 142,
      "end" : 150,
      "text" : "property",
      "whiteSpace" : false
    }, {
      "id" : "s0-t31",
      "begin" : 151,
      "end" : 159,
      "text" : "conveyed",
      "whiteSpace" : false
    }, {
      "id" : "s0-t32",
      "begin" : 160,
      "end" : 162,
      "text" : "to",
      "whiteSpace" : false
    }, {
      "id" : "s0-t33",
      "begin" : 163,
      "end" : 165,
      "text" : "J.",
      "whiteSpace" : false
    }, {
      "id" : "s0-t34",
      "begin" : 166,
      "end" : 171,
      "text" : "Doyle",
      "whiteSpace" : false
    }, {
      "id" : "s0-t35",
      "begin" : 172,
      "end" : 182,
      "text" : "Dillingham",
      "whiteSpace" : false
    }, {
      "id" : "s0-t36",
      "begin" : 183,
      "end" : 184,
      "text" : "(",
      "whiteSpace" : false
    }, {
      "id" : "s0-t37",
      "begin" : 184,
      "end" : 187,
      "text" : "now",
      "whiteSpace" : false
    }, {
      "id" : "s0-t38",
      "begin" : 188,
      "end" : 196,
      "text" : "deceased",
      "whiteSpace" : false
    }, {
      "id" : "s0-t39",
      "begin" : 196,
      "end" : 197,
      "text" : ")",
      "whiteSpace" : false
    }, {
      "id" : "s0-t40",
      "begin" : 197,
      "end" : 198,
      "text" : ",",
      "whiteSpace" : false
    }, {
      "id" : "s0-t41",
      "begin" : 199,
      "end" : 202,
      "text" : "and",
      "whiteSpace" : false
    }, {
      "id" : "s0-t42",
      "begin" : 203,
      "end" : 205,
      "text" : "J.",
      "whiteSpace" : false
    }, {
      "id" : "s0-t43",
      "begin" : 206,
      "end" : 208,
      "text" : "L.",
      "whiteSpace" : false
    }, {
      "id" : "s0-t44",
      "begin" : 209,
      "end" : 216,
      "text" : "Bradley",
      "whiteSpace" : false
    }, {
      "id" : "s0-t45",
      "begin" : 216,
      "end" : 217,
      "text" : ",",
      "whiteSpace" : false
    }, {
      "id" : "s0-t46",
      "begin" : 218,
      "end" : 221,
      "text" : "Jr.",
      "whiteSpace" : false
    }, {
      "id" : "s0-t47",
      "begin" : 222,
      "end" : 224,
      "text" : "by",
      "whiteSpace" : false
    }, {
      "id" : "s0-t48",
      "begin" : 225,
      "end" : 229,
      "text" : "deed",
      "whiteSpace" : false
    }, {
      "id" : "s0-t49",
      "begin" : 230,
      "end" : 232,
      "text" : "of",
      "whiteSpace" : false
    }, {
      "id" : "s0-t50",
      "begin" : 233,
      "end" : 239,
      "text" : "record",
      "whiteSpace" : false
    }, {
      "id" : "s0-t51",
      "begin" : 240,
      "end" : 242,
      "text" : "in",
      "whiteSpace" : false
    }, {
      "id" : "s0-t52",
      "begin" : 243,
      "end" : 247,
      "text" : "Deed",
      "whiteSpace" : false
    }, {
      "id" : "s0-t53",
      "begin" : 248,
      "end" : 252,
      "text" : "Book",
      "whiteSpace" : false
    }, {
      "id" : "s0-t54",
      "begin" : 253,
      "end" : 256,
      "text" : "141",
      "whiteSpace" : false
    }, {
      "id" : "s0-t55",
      "begin" : 256,
      "end" : 257,
      "text" : ",",
      "whiteSpace" : false
    }, {
      "id" : "s0-t56",
      "begin" : 258,
      "end" : 262,
      "text" : "page",
      "whiteSpace" : false
    }, {
      "id" : "s0-t57",
      "begin" : 263,
      "end" : 266,
      "text" : "725",
      "whiteSpace" : false
    }, {
      "id" : "s0-t58",
      "begin" : 266,
      "end" : 267,
      "text" : ",",
      "whiteSpace" : false
    }, {
      "id" : "s0-t59",
      "begin" : 268,
      "end" : 276,
      "text" : "Register",
      "whiteSpace" : false
    }, {
      "id" : "s0-t60",
      "begin" : 276,
      "end" : 278,
      "text" : "'s",
      "whiteSpace" : false
    }, {
      "id" : "s0-t61",
      "begin" : 279,
      "end" : 285,
      "text" : "Office",
      "whiteSpace" : false
    }, {
      "id" : "s0-t62",
      "begin" : 286,
      "end" : 288,
      "text" : "of",
      "whiteSpace" : false
    }, {
      "id" : "s0-t63",
      "begin" : 289,
      "end" : 298,
      "text" : "Humphreys",
      "whiteSpace" : false
    }, {
      "id" : "s0-t64",
      "begin" : 299,
      "end" : 305,
      "text" : "County",
      "whiteSpace" : false
    }, {
      "id" : "s0-t65",
      "begin" : 305,
      "end" : 306,
      "text" : ",",
      "whiteSpace" : false
    }, {
      "id" : "s0-t66",
      "begin" : 307,
      "end" : 317,
      "text" : "Tennessee.",
      "whiteSpace" : false
    }, {
      "id" : "s0-t67",
      "begin" : 317,
      "end" : 318,
      "text" : ",",
      "whiteSpace" : false
    }, {
      "id" : "s0-t68",
      "begin" : 319,
      "end" : 321,
      "text" : "TO",
      "whiteSpace" : false
    }, {
      "id" : "s0-t69",
      "begin" : 322,
      "end" : 326,
      "text" : "HAVE",
      "whiteSpace" : false
    }, {
      "id" : "s0-t70",
      "begin" : 327,
      "end" : 330,
      "text" : "AND",
      "whiteSpace" : false
    }, {
      "id" : "s0-t71",
      "begin" : 331,
      "end" : 333,
      "text" : "TO",
      "whiteSpace" : false
    }, {
      "id" : "s0-t72",
      "begin" : 334,
      "end" : 338,
      "text" : "HOLD",
      "whiteSpace" : false
    }, {
      "id" : "s0-t73",
      "begin" : 339,
      "end" : 342,
      "text" : "the",
      "whiteSpace" : false
    }, {
      "id" : "s0-t74",
      "begin" : 343,
      "end" : 347,
      "text" : "said",
      "whiteSpace" : false
    }, {
      "id" : "s0-t75",
      "begin" : 348,
      "end" : 353,
      "text" : "tract",
      "whiteSpace" : false
    }, {
      "id" : "s0-t76",
      "begin" : 354,
      "end" : 356,
      "text" : "or",
      "whiteSpace" : false
    }, {
      "id" : "s0-t77",
      "begin" : 357,
      "end" : 363,
      "text" : "parcel",
      "whiteSpace" : false
    }, {
      "id" : "s0-t78",
      "begin" : 364,
      "end" : 366,
      "text" : "of",
      "whiteSpace" : false
    }, {
      "id" : "s0-t79",
      "begin" : 367,
      "end" : 371,
      "text" : "land",
      "whiteSpace" : false
    }, {
      "id" : "s0-t80",
      "begin" : 371,
      "end" : 372,
      "text" : ",",
      "whiteSpace" : false
    }, {
      "id" : "s0-t81",
      "begin" : 373,
      "end" : 377,
      "text" : "with",
      "whiteSpace" : false
    }, {
      "id" : "s0-t82",
      "begin" : 378,
      "end" : 381,
      "text" : "the",
      "whiteSpace" : false
    }, {
      "id" : "s0-t83",
      "begin" : 381,
      "end" : 382,
      "text" : ",",
      "whiteSpace" : false
    }, {
      "id" : "s0-t84",
      "begin" : 383,
      "end" : 389,
      "text" : "Thomas",
      "whiteSpace" : false
    }, {
      "id" : "s0-t85",
      "begin" : 390,
      "end" : 392,
      "text" : "A.",
      "whiteSpace" : false
    }, {
      "id" : "s0-t86",
      "begin" : 393,
      "end" : 398,
      "text" : "Allen",
      "whiteSpace" : false
    }, {
      "id" : "s0-t87",
      "begin" : 398,
      "end" : 399,
      "text" : ",",
      "whiteSpace" : false
    }, {
      "id" : "s0-t88",
      "begin" : 400,
      "end" : 402,
      "text" : "Co",
      "whiteSpace" : false
    }, {
      "id" : "s0-t89",
      "begin" : 402,
      "end" : 403,
      "text" : "-",
      "whiteSpace" : false
    }, {
      "id" : "s0-t90",
      "begin" : 404,
      "end" : 412,
      "text" : "Executor",
      "whiteSpace" : false
    }, {
      "id" : "s0-t91",
      "begin" : 413,
      "end" : 415,
      "text" : "of",
      "whiteSpace" : false
    }, {
      "id" : "s0-t92",
      "begin" : 416,
      "end" : 419,
      "text" : "the",
      "whiteSpace" : false
    }, {
      "id" : "s0-t93",
      "begin" : 420,
      "end" : 426,
      "text" : "Estate",
      "whiteSpace" : false
    }, {
      "id" : "s0-t94",
      "begin" : 427,
      "end" : 429,
      "text" : "of",
      "whiteSpace" : false
    }, {
      "id" : "s0-t95",
      "begin" : 430,
      "end" : 432,
      "text" : "J.",
      "whiteSpace" : false
    }, {
      "id" : "s0-t96",
      "begin" : 433,
      "end" : 438,
      "text" : "Doyle",
      "whiteSpace" : false
    }, {
      "id" : "s0-t97",
      "begin" : 439,
      "end" : 449,
      "text" : "Dillingham",
      "whiteSpace" : false
    } ]
  } ],
  "mentions" : [ {
    "id" : "s0-m1",
    "properties" : {
      "SIRE_MENTION_ROLE" : "WarrDeedBookNum",
      "SIRE_ENTITY_SUBTYPE" : "NONE",
      "SIRE_MENTION_TYPE" : "NONE",
      "SIRE_MENTION_CLASS" : "SPC"
    },
    "type" : "WarrDeedBookNum",
    "begin" : 253,
    "end" : 256,
    "inCoref" : false
  }, {
    "id" : "s0-m2",
    "properties" : {
      "SIRE_MENTION_ROLE" : "WarrDeedPageNum",
      "SIRE_ENTITY_SUBTYPE" : "NONE",
      "SIRE_MENTION_TYPE" : "NONE",
      "SIRE_MENTION_CLASS" : "SPC"
    },
    "type" : "WarrDeedPageNum",
    "begin" : 263,
    "end" : 266,
    "inCoref" : false
  } ],
  "relations" : [ ],
  "corefs" : [ ],
  "typeResolved" : true,
  "userResolved" : false
}