{
  "id" : "9ee16260-54dc-11e9-b3f1-919b26b254ae-0",
  "name" : "WD161-1.txt",
  "createdDate" : 0,
  "version" : 3,
  "text" : " line of the original tract of which this, pin in the south boundary of a 15 ft. alley; thence with the south boundary line of said alley South 70 degrees 52 minutes 00 seconds West 176.00 feet to the point of beginning, containing 0.40 acres, as surveyed and platted by Thomas C. White, Tennessee registered Land Surveyor, No. 69,, survey of 1 degree 34 minutes East., Being the same property conveyed to Grantors by instrument of record at Deed Book 149, page 224, Register???s Office, Humphreys County, Tennessee., r]\n",
  "docLength" : 0,
  "language" : "EN",
  "status" : "SUBMITTED",
  "modifiedDate" : 1554164573248,
  "documentSet" : [ ],
  "preannotation" : [ ],
  "sentences" : [ {
    "id" : "s0",
    "begin" : 1,
    "end" : 476,
    "text" : "line of the original tract of which this, pin in the south boundary of a 15 ft. alley; thence with the south boundary line of said alley South 70 degrees 52 minutes 00 seconds West 176.00 feet to the point of beginning, containing 0.40 acres, as surveyed and platted by Thomas C. White, Tennessee registered Land Surveyor, No. 69,, survey of 1 degree 34 minutes East., Being the same property conveyed to Grantors by instrument of record at Deed Book 149, page 224, Register?",
    "tokens" : [ {
      "id" : "s0-t0",
      "begin" : 1,
      "end" : 5,
      "text" : "line",
      "whiteSpace" : false
    }, {
      "id" : "s0-t1",
      "begin" : 6,
      "end" : 8,
      "text" : "of",
      "whiteSpace" : false
    }, {
      "id" : "s0-t2",
      "begin" : 9,
      "end" : 12,
      "text" : "the",
      "whiteSpace" : false
    }, {
      "id" : "s0-t3",
      "begin" : 13,
      "end" : 21,
      "text" : "original",
      "whiteSpace" : false
    }, {
      "id" : "s0-t4",
      "begin" : 22,
      "end" : 27,
      "text" : "tract",
      "whiteSpace" : false
    }, {
      "id" : "s0-t5",
      "begin" : 28,
      "end" : 30,
      "text" : "of",
      "whiteSpace" : false
    }, {
      "id" : "s0-t6",
      "begin" : 31,
      "end" : 36,
      "text" : "which",
      "whiteSpace" : false
    }, {
      "id" : "s0-t7",
      "begin" : 37,
      "end" : 41,
      "text" : "this",
      "whiteSpace" : false
    }, {
      "id" : "s0-t8",
      "begin" : 41,
      "end" : 42,
      "text" : ",",
      "whiteSpace" : false
    }, {
      "id" : "s0-t9",
      "begin" : 43,
      "end" : 46,
      "text" : "pin",
      "whiteSpace" : false
    }, {
      "id" : "s0-t10",
      "begin" : 47,
      "end" : 49,
      "text" : "in",
      "whiteSpace" : false
    }, {
      "id" : "s0-t11",
      "begin" : 50,
      "end" : 53,
      "text" : "the",
      "whiteSpace" : false
    }, {
      "id" : "s0-t12",
      "begin" : 54,
      "end" : 59,
      "text" : "south",
      "whiteSpace" : false
    }, {
      "id" : "s0-t13",
      "begin" : 60,
      "end" : 68,
      "text" : "boundary",
      "whiteSpace" : false
    }, {
      "id" : "s0-t14",
      "begin" : 69,
      "end" : 71,
      "text" : "of",
      "whiteSpace" : false
    }, {
      "id" : "s0-t15",
      "begin" : 72,
      "end" : 73,
      "text" : "a",
      "whiteSpace" : false
    }, {
      "id" : "s0-t16",
      "begin" : 74,
      "end" : 76,
      "text" : "15",
      "whiteSpace" : false
    }, {
      "id" : "s0-t17",
      "begin" : 77,
      "end" : 80,
      "text" : "ft.",
      "whiteSpace" : false
    }, {
      "id" : "s0-t18",
      "begin" : 81,
      "end" : 86,
      "text" : "alley",
      "whiteSpace" : false
    }, {
      "id" : "s0-t19",
      "begin" : 86,
      "end" : 87,
      "text" : ";",
      "whiteSpace" : false
    }, {
      "id" : "s0-t20",
      "begin" : 88,
      "end" : 94,
      "text" : "thence",
      "whiteSpace" : false
    }, {
      "id" : "s0-t21",
      "begin" : 95,
      "end" : 99,
      "text" : "with",
      "whiteSpace" : false
    }, {
      "id" : "s0-t22",
      "begin" : 100,
      "end" : 103,
      "text" : "the",
      "whiteSpace" : false
    }, {
      "id" : "s0-t23",
      "begin" : 104,
      "end" : 109,
      "text" : "south",
      "whiteSpace" : false
    }, {
      "id" : "s0-t24",
      "begin" : 110,
      "end" : 118,
      "text" : "boundary",
      "whiteSpace" : false
    }, {
      "id" : "s0-t25",
      "begin" : 119,
      "end" : 123,
      "text" : "line",
      "whiteSpace" : false
    }, {
      "id" : "s0-t26",
      "begin" : 124,
      "end" : 126,
      "text" : "of",
      "whiteSpace" : false
    }, {
      "id" : "s0-t27",
      "begin" : 127,
      "end" : 131,
      "text" : "said",
      "whiteSpace" : false
    }, {
      "id" : "s0-t28",
      "begin" : 132,
      "end" : 137,
      "text" : "alley",
      "whiteSpace" : false
    }, {
      "id" : "s0-t29",
      "begin" : 138,
      "end" : 143,
      "text" : "South",
      "whiteSpace" : false
    }, {
      "id" : "s0-t30",
      "begin" : 144,
      "end" : 146,
      "text" : "70",
      "whiteSpace" : false
    }, {
      "id" : "s0-t31",
      "begin" : 147,
      "end" : 154,
      "text" : "degrees",
      "whiteSpace" : false
    }, {
      "id" : "s0-t32",
      "begin" : 155,
      "end" : 157,
      "text" : "52",
      "whiteSpace" : false
    }, {
      "id" : "s0-t33",
      "begin" : 158,
      "end" : 165,
      "text" : "minutes",
      "whiteSpace" : false
    }, {
      "id" : "s0-t34",
      "begin" : 166,
      "end" : 168,
      "text" : "00",
      "whiteSpace" : false
    }, {
      "id" : "s0-t35",
      "begin" : 169,
      "end" : 176,
      "text" : "seconds",
      "whiteSpace" : false
    }, {
      "id" : "s0-t36",
      "begin" : 177,
      "end" : 181,
      "text" : "West",
      "whiteSpace" : false
    }, {
      "id" : "s0-t37",
      "begin" : 182,
      "end" : 188,
      "text" : "176.00",
      "whiteSpace" : false
    }, {
      "id" : "s0-t38",
      "begin" : 189,
      "end" : 193,
      "text" : "feet",
      "whiteSpace" : false
    }, {
      "id" : "s0-t39",
      "begin" : 194,
      "end" : 196,
      "text" : "to",
      "whiteSpace" : false
    }, {
      "id" : "s0-t40",
      "begin" : 197,
      "end" : 200,
      "text" : "the",
      "whiteSpace" : false
    }, {
      "id" : "s0-t41",
      "begin" : 201,
      "end" : 206,
      "text" : "point",
      "whiteSpace" : false
    }, {
      "id" : "s0-t42",
      "begin" : 207,
      "end" : 209,
      "text" : "of",
      "whiteSpace" : false
    }, {
      "id" : "s0-t43",
      "begin" : 210,
      "end" : 219,
      "text" : "beginning",
      "whiteSpace" : false
    }, {
      "id" : "s0-t44",
      "begin" : 219,
      "end" : 220,
      "text" : ",",
      "whiteSpace" : false
    }, {
      "id" : "s0-t45",
      "begin" : 221,
      "end" : 231,
      "text" : "containing",
      "whiteSpace" : false
    }, {
      "id" : "s0-t46",
      "begin" : 232,
      "end" : 236,
      "text" : "0.40",
      "whiteSpace" : false
    }, {
      "id" : "s0-t47",
      "begin" : 237,
      "end" : 242,
      "text" : "acres",
      "whiteSpace" : false
    }, {
      "id" : "s0-t48",
      "begin" : 242,
      "end" : 243,
      "text" : ",",
      "whiteSpace" : false
    }, {
      "id" : "s0-t49",
      "begin" : 244,
      "end" : 246,
      "text" : "as",
      "whiteSpace" : false
    }, {
      "id" : "s0-t50",
      "begin" : 247,
      "end" : 255,
      "text" : "surveyed",
      "whiteSpace" : false
    }, {
      "id" : "s0-t51",
      "begin" : 256,
      "end" : 259,
      "text" : "and",
      "whiteSpace" : false
    }, {
      "id" : "s0-t52",
      "begin" : 260,
      "end" : 267,
      "text" : "platted",
      "whiteSpace" : false
    }, {
      "id" : "s0-t53",
      "begin" : 268,
      "end" : 270,
      "text" : "by",
      "whiteSpace" : false
    }, {
      "id" : "s0-t54",
      "begin" : 271,
      "end" : 277,
      "text" : "Thomas",
      "whiteSpace" : false
    }, {
      "id" : "s0-t55",
      "begin" : 278,
      "end" : 280,
      "text" : "C.",
      "whiteSpace" : false
    }, {
      "id" : "s0-t56",
      "begin" : 281,
      "end" : 286,
      "text" : "White",
      "whiteSpace" : false
    }, {
      "id" : "s0-t57",
      "begin" : 286,
      "end" : 287,
      "text" : ",",
      "whiteSpace" : false
    }, {
      "id" : "s0-t58",
      "begin" : 288,
      "end" : 297,
      "text" : "Tennessee",
      "whiteSpace" : false
    }, {
      "id" : "s0-t59",
      "begin" : 298,
      "end" : 308,
      "text" : "registered",
      "whiteSpace" : false
    }, {
      "id" : "s0-t60",
      "begin" : 309,
      "end" : 313,
      "text" : "Land",
      "whiteSpace" : false
    }, {
      "id" : "s0-t61",
      "begin" : 314,
      "end" : 322,
      "text" : "Surveyor",
      "whiteSpace" : false
    }, {
      "id" : "s0-t62",
      "begin" : 322,
      "end" : 323,
      "text" : ",",
      "whiteSpace" : false
    }, {
      "id" : "s0-t63",
      "begin" : 324,
      "end" : 327,
      "text" : "No.",
      "whiteSpace" : false
    }, {
      "id" : "s0-t64",
      "begin" : 328,
      "end" : 330,
      "text" : "69",
      "whiteSpace" : false
    }, {
      "id" : "s0-t65",
      "begin" : 330,
      "end" : 331,
      "text" : ",",
      "whiteSpace" : false
    }, {
      "id" : "s0-t66",
      "begin" : 331,
      "end" : 332,
      "text" : ",",
      "whiteSpace" : false
    }, {
      "id" : "s0-t67",
      "begin" : 333,
      "end" : 339,
      "text" : "survey",
      "whiteSpace" : false
    }, {
      "id" : "s0-t68",
      "begin" : 340,
      "end" : 342,
      "text" : "of",
      "whiteSpace" : false
    }, {
      "id" : "s0-t69",
      "begin" : 343,
      "end" : 344,
      "text" : "1",
      "whiteSpace" : false
    }, {
      "id" : "s0-t70",
      "begin" : 345,
      "end" : 351,
      "text" : "degree",
      "whiteSpace" : false
    }, {
      "id" : "s0-t71",
      "begin" : 352,
      "end" : 354,
      "text" : "34",
      "whiteSpace" : false
    }, {
      "id" : "s0-t72",
      "begin" : 355,
      "end" : 362,
      "text" : "minutes",
      "whiteSpace" : false
    }, {
      "id" : "s0-t73",
      "begin" : 363,
      "end" : 368,
      "text" : "East.",
      "whiteSpace" : false
    }, {
      "id" : "s0-t74",
      "begin" : 368,
      "end" : 369,
      "text" : ",",
      "whiteSpace" : false
    }, {
      "id" : "s0-t75",
      "begin" : 370,
      "end" : 375,
      "text" : "Being",
      "whiteSpace" : false
    }, {
      "id" : "s0-t76",
      "begin" : 376,
      "end" : 379,
      "text" : "the",
      "whiteSpace" : false
    }, {
      "id" : "s0-t77",
      "begin" : 380,
      "end" : 384,
      "text" : "same",
      "whiteSpace" : false
    }, {
      "id" : "s0-t78",
      "begin" : 385,
      "end" : 393,
      "text" : "property",
      "whiteSpace" : false
    }, {
      "id" : "s0-t79",
      "begin" : 394,
      "end" : 402,
      "text" : "conveyed",
      "whiteSpace" : false
    }, {
      "id" : "s0-t80",
      "begin" : 403,
      "end" : 405,
      "text" : "to",
      "whiteSpace" : false
    }, {
      "id" : "s0-t81",
      "begin" : 406,
      "end" : 414,
      "text" : "Grantors",
      "whiteSpace" : false
    }, {
      "id" : "s0-t82",
      "begin" : 415,
      "end" : 417,
      "text" : "by",
      "whiteSpace" : false
    }, {
      "id" : "s0-t83",
      "begin" : 418,
      "end" : 428,
      "text" : "instrument",
      "whiteSpace" : false
    }, {
      "id" : "s0-t84",
      "begin" : 429,
      "end" : 431,
      "text" : "of",
      "whiteSpace" : false
    }, {
      "id" : "s0-t85",
      "begin" : 432,
      "end" : 438,
      "text" : "record",
      "whiteSpace" : false
    }, {
      "id" : "s0-t86",
      "begin" : 439,
      "end" : 441,
      "text" : "at",
      "whiteSpace" : false
    }, {
      "id" : "s0-t87",
      "begin" : 442,
      "end" : 446,
      "text" : "Deed",
      "whiteSpace" : false
    }, {
      "id" : "s0-t88",
      "begin" : 447,
      "end" : 451,
      "text" : "Book",
      "whiteSpace" : false
    }, {
      "id" : "s0-t89",
      "begin" : 452,
      "end" : 455,
      "text" : "149",
      "whiteSpace" : false
    }, {
      "id" : "s0-t90",
      "begin" : 455,
      "end" : 456,
      "text" : ",",
      "whiteSpace" : false
    }, {
      "id" : "s0-t91",
      "begin" : 457,
      "end" : 461,
      "text" : "page",
      "whiteSpace" : false
    }, {
      "id" : "s0-t92",
      "begin" : 462,
      "end" : 465,
      "text" : "224",
      "whiteSpace" : false
    }, {
      "id" : "s0-t93",
      "begin" : 465,
      "end" : 466,
      "text" : ",",
      "whiteSpace" : false
    }, {
      "id" : "s0-t94",
      "begin" : 467,
      "end" : 475,
      "text" : "Register",
      "whiteSpace" : false
    }, {
      "id" : "s0-t95",
      "begin" : 475,
      "end" : 476,
      "text" : "?",
      "whiteSpace" : false
    } ]
  }, {
    "id" : "s1",
    "begin" : 476,
    "end" : 520,
    "text" : "??s Office, Humphreys County, Tennessee., r]",
    "tokens" : [ {
      "id" : "s1-t0",
      "begin" : 476,
      "end" : 479,
      "text" : "??s",
      "whiteSpace" : false
    }, {
      "id" : "s1-t1",
      "begin" : 480,
      "end" : 486,
      "text" : "Office",
      "whiteSpace" : false
    }, {
      "id" : "s1-t2",
      "begin" : 486,
      "end" : 487,
      "text" : ",",
      "whiteSpace" : false
    }, {
      "id" : "s1-t3",
      "begin" : 488,
      "end" : 497,
      "text" : "Humphreys",
      "whiteSpace" : false
    }, {
      "id" : "s1-t4",
      "begin" : 498,
      "end" : 504,
      "text" : "County",
      "whiteSpace" : false
    }, {
      "id" : "s1-t5",
      "begin" : 504,
      "end" : 505,
      "text" : ",",
      "whiteSpace" : false
    }, {
      "id" : "s1-t6",
      "begin" : 506,
      "end" : 516,
      "text" : "Tennessee.",
      "whiteSpace" : false
    }, {
      "id" : "s1-t7",
      "begin" : 516,
      "end" : 517,
      "text" : ",",
      "whiteSpace" : false
    }, {
      "id" : "s1-t8",
      "begin" : 518,
      "end" : 519,
      "text" : "r",
      "whiteSpace" : false
    }, {
      "id" : "s1-t9",
      "begin" : 519,
      "end" : 520,
      "text" : "]",
      "whiteSpace" : false
    } ]
  } ],
  "mentions" : [ {
    "id" : "s0-m1",
    "properties" : {
      "SIRE_MENTION_ROLE" : "WarrDeedBookNum",
      "SIRE_ENTITY_SUBTYPE" : "NONE",
      "SIRE_MENTION_TYPE" : "NONE",
      "SIRE_MENTION_CLASS" : "SPC"
    },
    "type" : "WarrDeedBookNum",
    "begin" : 452,
    "end" : 455,
    "inCoref" : false
  }, {
    "id" : "s0-m2",
    "properties" : {
      "SIRE_MENTION_ROLE" : "WarrDeedPageNum",
      "SIRE_ENTITY_SUBTYPE" : "NONE",
      "SIRE_MENTION_TYPE" : "NONE",
      "SIRE_MENTION_CLASS" : "SPC"
    },
    "type" : "WarrDeedPageNum",
    "begin" : 462,
    "end" : 465,
    "inCoref" : false
  } ],
  "relations" : [ ],
  "corefs" : [ ],
  "typeResolved" : true,
  "userResolved" : false
}