{
  "id" : "a5e530f0-54dc-11e9-9b8e-4bc9d96d3dde-4",
  "name" : "WD167-4.txt",
  "createdDate" : 0,
  "version" : 3,
  "text" : " West 190.71 feet, North 83 \" West 224.28 feet, North 77?? West 265.6 feet, North 71' 50' West 282.87 feet, and North 71?? 50' 16.66 feet to the point of beginning; containing an area of 7.09 acres, more or less as shown by the survey of James R. Jenkins Survey Company, TRLS #606-215, dated November 17, 1991., BEING a portion of the same property conveyed to James Allen and Bobby Allen by deed of record in Deed Book 156, page 977, Register's Of???ce of Humphreys County, Tennessee., ",
  "docLength" : 0,
  "language" : "EN",
  "status" : "SUBMITTED",
  "modifiedDate" : 1554165611379,
  "documentSet" : [ ],
  "preannotation" : [ ],
  "sentences" : [ {
    "id" : "s0",
    "begin" : 1,
    "end" : 58,
    "text" : "West 190.71 feet, North 83 \" West 224.28 feet, North 77??",
    "tokens" : [ {
      "id" : "s0-t0",
      "begin" : 1,
      "end" : 5,
      "text" : "West",
      "whiteSpace" : false
    }, {
      "id" : "s0-t1",
      "begin" : 6,
      "end" : 12,
      "text" : "190.71",
      "whiteSpace" : false
    }, {
      "id" : "s0-t2",
      "begin" : 13,
      "end" : 17,
      "text" : "feet",
      "whiteSpace" : false
    }, {
      "id" : "s0-t3",
      "begin" : 17,
      "end" : 18,
      "text" : ",",
      "whiteSpace" : false
    }, {
      "id" : "s0-t4",
      "begin" : 19,
      "end" : 24,
      "text" : "North",
      "whiteSpace" : false
    }, {
      "id" : "s0-t5",
      "begin" : 25,
      "end" : 27,
      "text" : "83",
      "whiteSpace" : false
    }, {
      "id" : "s0-t6",
      "begin" : 28,
      "end" : 29,
      "text" : "\"",
      "whiteSpace" : false
    }, {
      "id" : "s0-t7",
      "begin" : 30,
      "end" : 34,
      "text" : "West",
      "whiteSpace" : false
    }, {
      "id" : "s0-t8",
      "begin" : 35,
      "end" : 41,
      "text" : "224.28",
      "whiteSpace" : false
    }, {
      "id" : "s0-t9",
      "begin" : 42,
      "end" : 46,
      "text" : "feet",
      "whiteSpace" : false
    }, {
      "id" : "s0-t10",
      "begin" : 46,
      "end" : 47,
      "text" : ",",
      "whiteSpace" : false
    }, {
      "id" : "s0-t11",
      "begin" : 48,
      "end" : 53,
      "text" : "North",
      "whiteSpace" : false
    }, {
      "id" : "s0-t12",
      "begin" : 54,
      "end" : 56,
      "text" : "77",
      "whiteSpace" : false
    }, {
      "id" : "s0-t13",
      "begin" : 56,
      "end" : 57,
      "text" : "?",
      "whiteSpace" : false
    }, {
      "id" : "s0-t14",
      "begin" : 57,
      "end" : 58,
      "text" : "?",
      "whiteSpace" : false
    } ]
  }, {
    "id" : "s1",
    "begin" : 59,
    "end" : 122,
    "text" : "West 265.6 feet, North 71' 50' West 282.87 feet, and North 71??",
    "tokens" : [ {
      "id" : "s1-t0",
      "begin" : 59,
      "end" : 63,
      "text" : "West",
      "whiteSpace" : false
    }, {
      "id" : "s1-t1",
      "begin" : 64,
      "end" : 69,
      "text" : "265.6",
      "whiteSpace" : false
    }, {
      "id" : "s1-t2",
      "begin" : 70,
      "end" : 74,
      "text" : "feet",
      "whiteSpace" : false
    }, {
      "id" : "s1-t3",
      "begin" : 74,
      "end" : 75,
      "text" : ",",
      "whiteSpace" : false
    }, {
      "id" : "s1-t4",
      "begin" : 76,
      "end" : 81,
      "text" : "North",
      "whiteSpace" : false
    }, {
      "id" : "s1-t5",
      "begin" : 82,
      "end" : 84,
      "text" : "71",
      "whiteSpace" : false
    }, {
      "id" : "s1-t6",
      "begin" : 84,
      "end" : 85,
      "text" : "'",
      "whiteSpace" : false
    }, {
      "id" : "s1-t7",
      "begin" : 86,
      "end" : 88,
      "text" : "50",
      "whiteSpace" : false
    }, {
      "id" : "s1-t8",
      "begin" : 88,
      "end" : 89,
      "text" : "'",
      "whiteSpace" : false
    }, {
      "id" : "s1-t9",
      "begin" : 90,
      "end" : 94,
      "text" : "West",
      "whiteSpace" : false
    }, {
      "id" : "s1-t10",
      "begin" : 95,
      "end" : 101,
      "text" : "282.87",
      "whiteSpace" : false
    }, {
      "id" : "s1-t11",
      "begin" : 102,
      "end" : 106,
      "text" : "feet",
      "whiteSpace" : false
    }, {
      "id" : "s1-t12",
      "begin" : 106,
      "end" : 107,
      "text" : ",",
      "whiteSpace" : false
    }, {
      "id" : "s1-t13",
      "begin" : 108,
      "end" : 111,
      "text" : "and",
      "whiteSpace" : false
    }, {
      "id" : "s1-t14",
      "begin" : 112,
      "end" : 117,
      "text" : "North",
      "whiteSpace" : false
    }, {
      "id" : "s1-t15",
      "begin" : 118,
      "end" : 120,
      "text" : "71",
      "whiteSpace" : false
    }, {
      "id" : "s1-t16",
      "begin" : 120,
      "end" : 121,
      "text" : "?",
      "whiteSpace" : false
    }, {
      "id" : "s1-t17",
      "begin" : 121,
      "end" : 122,
      "text" : "?",
      "whiteSpace" : false
    } ]
  }, {
    "id" : "s2",
    "begin" : 123,
    "end" : 449,
    "text" : "50' 16.66 feet to the point of beginning; containing an area of 7.09 acres, more or less as shown by the survey of James R. Jenkins Survey Company, TRLS #606-215, dated November 17, 1991., BEING a portion of the same property conveyed to James Allen and Bobby Allen by deed of record in Deed Book 156, page 977, Register's Of?",
    "tokens" : [ {
      "id" : "s2-t0",
      "begin" : 123,
      "end" : 125,
      "text" : "50",
      "whiteSpace" : false
    }, {
      "id" : "s2-t1",
      "begin" : 125,
      "end" : 126,
      "text" : "'",
      "whiteSpace" : false
    }, {
      "id" : "s2-t2",
      "begin" : 127,
      "end" : 132,
      "text" : "16.66",
      "whiteSpace" : false
    }, {
      "id" : "s2-t3",
      "begin" : 133,
      "end" : 137,
      "text" : "feet",
      "whiteSpace" : false
    }, {
      "id" : "s2-t4",
      "begin" : 138,
      "end" : 140,
      "text" : "to",
      "whiteSpace" : false
    }, {
      "id" : "s2-t5",
      "begin" : 141,
      "end" : 144,
      "text" : "the",
      "whiteSpace" : false
    }, {
      "id" : "s2-t6",
      "begin" : 145,
      "end" : 150,
      "text" : "point",
      "whiteSpace" : false
    }, {
      "id" : "s2-t7",
      "begin" : 151,
      "end" : 153,
      "text" : "of",
      "whiteSpace" : false
    }, {
      "id" : "s2-t8",
      "begin" : 154,
      "end" : 163,
      "text" : "beginning",
      "whiteSpace" : false
    }, {
      "id" : "s2-t9",
      "begin" : 163,
      "end" : 164,
      "text" : ";",
      "whiteSpace" : false
    }, {
      "id" : "s2-t10",
      "begin" : 165,
      "end" : 175,
      "text" : "containing",
      "whiteSpace" : false
    }, {
      "id" : "s2-t11",
      "begin" : 176,
      "end" : 178,
      "text" : "an",
      "whiteSpace" : false
    }, {
      "id" : "s2-t12",
      "begin" : 179,
      "end" : 183,
      "text" : "area",
      "whiteSpace" : false
    }, {
      "id" : "s2-t13",
      "begin" : 184,
      "end" : 186,
      "text" : "of",
      "whiteSpace" : false
    }, {
      "id" : "s2-t14",
      "begin" : 187,
      "end" : 191,
      "text" : "7.09",
      "whiteSpace" : false
    }, {
      "id" : "s2-t15",
      "begin" : 192,
      "end" : 197,
      "text" : "acres",
      "whiteSpace" : false
    }, {
      "id" : "s2-t16",
      "begin" : 197,
      "end" : 198,
      "text" : ",",
      "whiteSpace" : false
    }, {
      "id" : "s2-t17",
      "begin" : 199,
      "end" : 203,
      "text" : "more",
      "whiteSpace" : false
    }, {
      "id" : "s2-t18",
      "begin" : 204,
      "end" : 206,
      "text" : "or",
      "whiteSpace" : false
    }, {
      "id" : "s2-t19",
      "begin" : 207,
      "end" : 211,
      "text" : "less",
      "whiteSpace" : false
    }, {
      "id" : "s2-t20",
      "begin" : 212,
      "end" : 214,
      "text" : "as",
      "whiteSpace" : false
    }, {
      "id" : "s2-t21",
      "begin" : 215,
      "end" : 220,
      "text" : "shown",
      "whiteSpace" : false
    }, {
      "id" : "s2-t22",
      "begin" : 221,
      "end" : 223,
      "text" : "by",
      "whiteSpace" : false
    }, {
      "id" : "s2-t23",
      "begin" : 224,
      "end" : 227,
      "text" : "the",
      "whiteSpace" : false
    }, {
      "id" : "s2-t24",
      "begin" : 228,
      "end" : 234,
      "text" : "survey",
      "whiteSpace" : false
    }, {
      "id" : "s2-t25",
      "begin" : 235,
      "end" : 237,
      "text" : "of",
      "whiteSpace" : false
    }, {
      "id" : "s2-t26",
      "begin" : 238,
      "end" : 243,
      "text" : "James",
      "whiteSpace" : false
    }, {
      "id" : "s2-t27",
      "begin" : 244,
      "end" : 246,
      "text" : "R.",
      "whiteSpace" : false
    }, {
      "id" : "s2-t28",
      "begin" : 247,
      "end" : 254,
      "text" : "Jenkins",
      "whiteSpace" : false
    }, {
      "id" : "s2-t29",
      "begin" : 255,
      "end" : 261,
      "text" : "Survey",
      "whiteSpace" : false
    }, {
      "id" : "s2-t30",
      "begin" : 262,
      "end" : 269,
      "text" : "Company",
      "whiteSpace" : false
    }, {
      "id" : "s2-t31",
      "begin" : 269,
      "end" : 270,
      "text" : ",",
      "whiteSpace" : false
    }, {
      "id" : "s2-t32",
      "begin" : 271,
      "end" : 275,
      "text" : "TRLS",
      "whiteSpace" : false
    }, {
      "id" : "s2-t33",
      "begin" : 276,
      "end" : 284,
      "text" : "#606-215",
      "whiteSpace" : false
    }, {
      "id" : "s2-t34",
      "begin" : 284,
      "end" : 285,
      "text" : ",",
      "whiteSpace" : false
    }, {
      "id" : "s2-t35",
      "begin" : 286,
      "end" : 291,
      "text" : "dated",
      "whiteSpace" : false
    }, {
      "id" : "s2-t36",
      "begin" : 292,
      "end" : 300,
      "text" : "November",
      "whiteSpace" : false
    }, {
      "id" : "s2-t37",
      "begin" : 301,
      "end" : 303,
      "text" : "17",
      "whiteSpace" : false
    }, {
      "id" : "s2-t38",
      "begin" : 303,
      "end" : 304,
      "text" : ",",
      "whiteSpace" : false
    }, {
      "id" : "s2-t39",
      "begin" : 305,
      "end" : 309,
      "text" : "1991",
      "whiteSpace" : false
    }, {
      "id" : "s2-t40",
      "begin" : 309,
      "end" : 310,
      "text" : ".",
      "whiteSpace" : false
    }, {
      "id" : "s2-t41",
      "begin" : 310,
      "end" : 311,
      "text" : ",",
      "whiteSpace" : false
    }, {
      "id" : "s2-t42",
      "begin" : 312,
      "end" : 317,
      "text" : "BEING",
      "whiteSpace" : false
    }, {
      "id" : "s2-t43",
      "begin" : 318,
      "end" : 319,
      "text" : "a",
      "whiteSpace" : false
    }, {
      "id" : "s2-t44",
      "begin" : 320,
      "end" : 327,
      "text" : "portion",
      "whiteSpace" : false
    }, {
      "id" : "s2-t45",
      "begin" : 328,
      "end" : 330,
      "text" : "of",
      "whiteSpace" : false
    }, {
      "id" : "s2-t46",
      "begin" : 331,
      "end" : 334,
      "text" : "the",
      "whiteSpace" : false
    }, {
      "id" : "s2-t47",
      "begin" : 335,
      "end" : 339,
      "text" : "same",
      "whiteSpace" : false
    }, {
      "id" : "s2-t48",
      "begin" : 340,
      "end" : 348,
      "text" : "property",
      "whiteSpace" : false
    }, {
      "id" : "s2-t49",
      "begin" : 349,
      "end" : 357,
      "text" : "conveyed",
      "whiteSpace" : false
    }, {
      "id" : "s2-t50",
      "begin" : 358,
      "end" : 360,
      "text" : "to",
      "whiteSpace" : false
    }, {
      "id" : "s2-t51",
      "begin" : 361,
      "end" : 366,
      "text" : "James",
      "whiteSpace" : false
    }, {
      "id" : "s2-t52",
      "begin" : 367,
      "end" : 372,
      "text" : "Allen",
      "whiteSpace" : false
    }, {
      "id" : "s2-t53",
      "begin" : 373,
      "end" : 376,
      "text" : "and",
      "whiteSpace" : false
    }, {
      "id" : "s2-t54",
      "begin" : 377,
      "end" : 382,
      "text" : "Bobby",
      "whiteSpace" : false
    }, {
      "id" : "s2-t55",
      "begin" : 383,
      "end" : 388,
      "text" : "Allen",
      "whiteSpace" : false
    }, {
      "id" : "s2-t56",
      "begin" : 389,
      "end" : 391,
      "text" : "by",
      "whiteSpace" : false
    }, {
      "id" : "s2-t57",
      "begin" : 392,
      "end" : 396,
      "text" : "deed",
      "whiteSpace" : false
    }, {
      "id" : "s2-t58",
      "begin" : 397,
      "end" : 399,
      "text" : "of",
      "whiteSpace" : false
    }, {
      "id" : "s2-t59",
      "begin" : 400,
      "end" : 406,
      "text" : "record",
      "whiteSpace" : false
    }, {
      "id" : "s2-t60",
      "begin" : 407,
      "end" : 409,
      "text" : "in",
      "whiteSpace" : false
    }, {
      "id" : "s2-t61",
      "begin" : 410,
      "end" : 414,
      "text" : "Deed",
      "whiteSpace" : false
    }, {
      "id" : "s2-t62",
      "begin" : 415,
      "end" : 419,
      "text" : "Book",
      "whiteSpace" : false
    }, {
      "id" : "s2-t63",
      "begin" : 420,
      "end" : 423,
      "text" : "156",
      "whiteSpace" : false
    }, {
      "id" : "s2-t64",
      "begin" : 423,
      "end" : 424,
      "text" : ",",
      "whiteSpace" : false
    }, {
      "id" : "s2-t65",
      "begin" : 425,
      "end" : 429,
      "text" : "page",
      "whiteSpace" : false
    }, {
      "id" : "s2-t66",
      "begin" : 430,
      "end" : 433,
      "text" : "977",
      "whiteSpace" : false
    }, {
      "id" : "s2-t67",
      "begin" : 433,
      "end" : 434,
      "text" : ",",
      "whiteSpace" : false
    }, {
      "id" : "s2-t68",
      "begin" : 435,
      "end" : 443,
      "text" : "Register",
      "whiteSpace" : false
    }, {
      "id" : "s2-t69",
      "begin" : 443,
      "end" : 445,
      "text" : "'s",
      "whiteSpace" : false
    }, {
      "id" : "s2-t70",
      "begin" : 446,
      "end" : 448,
      "text" : "Of",
      "whiteSpace" : false
    }, {
      "id" : "s2-t71",
      "begin" : 448,
      "end" : 449,
      "text" : "?",
      "whiteSpace" : false
    } ]
  }, {
    "id" : "s3",
    "begin" : 449,
    "end" : 486,
    "text" : "??ce of Humphreys County, Tennessee.,",
    "tokens" : [ {
      "id" : "s3-t0",
      "begin" : 449,
      "end" : 453,
      "text" : "??ce",
      "whiteSpace" : false
    }, {
      "id" : "s3-t1",
      "begin" : 454,
      "end" : 456,
      "text" : "of",
      "whiteSpace" : false
    }, {
      "id" : "s3-t2",
      "begin" : 457,
      "end" : 466,
      "text" : "Humphreys",
      "whiteSpace" : false
    }, {
      "id" : "s3-t3",
      "begin" : 467,
      "end" : 473,
      "text" : "County",
      "whiteSpace" : false
    }, {
      "id" : "s3-t4",
      "begin" : 473,
      "end" : 474,
      "text" : ",",
      "whiteSpace" : false
    }, {
      "id" : "s3-t5",
      "begin" : 475,
      "end" : 485,
      "text" : "Tennessee.",
      "whiteSpace" : false
    }, {
      "id" : "s3-t6",
      "begin" : 485,
      "end" : 486,
      "text" : ",",
      "whiteSpace" : false
    } ]
  } ],
  "mentions" : [ {
    "id" : "s2-m1",
    "properties" : {
      "SIRE_MENTION_ROLE" : "WarrDeedBookNum",
      "SIRE_ENTITY_SUBTYPE" : "NONE",
      "SIRE_MENTION_TYPE" : "NONE",
      "SIRE_MENTION_CLASS" : "SPC"
    },
    "type" : "WarrDeedBookNum",
    "begin" : 420,
    "end" : 423,
    "inCoref" : false
  }, {
    "id" : "s2-m2",
    "properties" : {
      "SIRE_MENTION_ROLE" : "WarrDeedPageNum",
      "SIRE_ENTITY_SUBTYPE" : "NONE",
      "SIRE_MENTION_TYPE" : "NONE",
      "SIRE_MENTION_CLASS" : "SPC"
    },
    "type" : "WarrDeedPageNum",
    "begin" : 430,
    "end" : 433,
    "inCoref" : false
  } ],
  "relations" : [ ],
  "corefs" : [ ],
  "typeResolved" : true,
  "userResolved" : false
}