{
  "id" : "a5e530f0-54dc-11e9-9b8e-4bc9d96d3dde-10",
  "name" : "WD169-8.txt",
  "createdDate" : 0,
  "version" : 3,
  "text" : " Being a certain tract or parcel of land lying and being situated in the City of New Johnsonville, Second Civil District, Humphreys County, Tennessee and being Lot No. 13-25, Section E, Lakeside Hills Subdivision, which is more particularly shown and described by plat recorded at Cabinet B, Slide 51, Register???s Of???ce of Humphreys County, Tennessee., Being a portion of the property conveyed to E. W. Lucas by deed of record in Deed Book 126, page 285, Register???s Of???ce of Humphreys County, Tennessee., Covenants of record in Flat Cabinet B, Slide 51,",
  "docLength" : 0,
  "language" : "EN",
  "status" : "SUBMITTED",
  "modifiedDate" : 1554165418398,
  "documentSet" : [ ],
  "preannotation" : [ ],
  "sentences" : [ {
    "id" : "s0",
    "begin" : 1,
    "end" : 311,
    "text" : "Being a certain tract or parcel of land lying and being situated in the City of New Johnsonville, Second Civil District, Humphreys County, Tennessee and being Lot No. 13-25, Section E, Lakeside Hills Subdivision, which is more particularly shown and described by plat recorded at Cabinet B, Slide 51, Register?",
    "tokens" : [ {
      "id" : "s0-t0",
      "begin" : 1,
      "end" : 6,
      "text" : "Being",
      "whiteSpace" : false
    }, {
      "id" : "s0-t1",
      "begin" : 7,
      "end" : 8,
      "text" : "a",
      "whiteSpace" : false
    }, {
      "id" : "s0-t2",
      "begin" : 9,
      "end" : 16,
      "text" : "certain",
      "whiteSpace" : false
    }, {
      "id" : "s0-t3",
      "begin" : 17,
      "end" : 22,
      "text" : "tract",
      "whiteSpace" : false
    }, {
      "id" : "s0-t4",
      "begin" : 23,
      "end" : 25,
      "text" : "or",
      "whiteSpace" : false
    }, {
      "id" : "s0-t5",
      "begin" : 26,
      "end" : 32,
      "text" : "parcel",
      "whiteSpace" : false
    }, {
      "id" : "s0-t6",
      "begin" : 33,
      "end" : 35,
      "text" : "of",
      "whiteSpace" : false
    }, {
      "id" : "s0-t7",
      "begin" : 36,
      "end" : 40,
      "text" : "land",
      "whiteSpace" : false
    }, {
      "id" : "s0-t8",
      "begin" : 41,
      "end" : 46,
      "text" : "lying",
      "whiteSpace" : false
    }, {
      "id" : "s0-t9",
      "begin" : 47,
      "end" : 50,
      "text" : "and",
      "whiteSpace" : false
    }, {
      "id" : "s0-t10",
      "begin" : 51,
      "end" : 56,
      "text" : "being",
      "whiteSpace" : false
    }, {
      "id" : "s0-t11",
      "begin" : 57,
      "end" : 65,
      "text" : "situated",
      "whiteSpace" : false
    }, {
      "id" : "s0-t12",
      "begin" : 66,
      "end" : 68,
      "text" : "in",
      "whiteSpace" : false
    }, {
      "id" : "s0-t13",
      "begin" : 69,
      "end" : 72,
      "text" : "the",
      "whiteSpace" : false
    }, {
      "id" : "s0-t14",
      "begin" : 73,
      "end" : 77,
      "text" : "City",
      "whiteSpace" : false
    }, {
      "id" : "s0-t15",
      "begin" : 78,
      "end" : 80,
      "text" : "of",
      "whiteSpace" : false
    }, {
      "id" : "s0-t16",
      "begin" : 81,
      "end" : 84,
      "text" : "New",
      "whiteSpace" : false
    }, {
      "id" : "s0-t17",
      "begin" : 85,
      "end" : 97,
      "text" : "Johnsonville",
      "whiteSpace" : false
    }, {
      "id" : "s0-t18",
      "begin" : 97,
      "end" : 98,
      "text" : ",",
      "whiteSpace" : false
    }, {
      "id" : "s0-t19",
      "begin" : 99,
      "end" : 105,
      "text" : "Second",
      "whiteSpace" : false
    }, {
      "id" : "s0-t20",
      "begin" : 106,
      "end" : 111,
      "text" : "Civil",
      "whiteSpace" : false
    }, {
      "id" : "s0-t21",
      "begin" : 112,
      "end" : 120,
      "text" : "District",
      "whiteSpace" : false
    }, {
      "id" : "s0-t22",
      "begin" : 120,
      "end" : 121,
      "text" : ",",
      "whiteSpace" : false
    }, {
      "id" : "s0-t23",
      "begin" : 122,
      "end" : 131,
      "text" : "Humphreys",
      "whiteSpace" : false
    }, {
      "id" : "s0-t24",
      "begin" : 132,
      "end" : 138,
      "text" : "County",
      "whiteSpace" : false
    }, {
      "id" : "s0-t25",
      "begin" : 138,
      "end" : 139,
      "text" : ",",
      "whiteSpace" : false
    }, {
      "id" : "s0-t26",
      "begin" : 140,
      "end" : 149,
      "text" : "Tennessee",
      "whiteSpace" : false
    }, {
      "id" : "s0-t27",
      "begin" : 150,
      "end" : 153,
      "text" : "and",
      "whiteSpace" : false
    }, {
      "id" : "s0-t28",
      "begin" : 154,
      "end" : 159,
      "text" : "being",
      "whiteSpace" : false
    }, {
      "id" : "s0-t29",
      "begin" : 160,
      "end" : 163,
      "text" : "Lot",
      "whiteSpace" : false
    }, {
      "id" : "s0-t30",
      "begin" : 164,
      "end" : 167,
      "text" : "No.",
      "whiteSpace" : false
    }, {
      "id" : "s0-t31",
      "begin" : 168,
      "end" : 173,
      "text" : "13-25",
      "whiteSpace" : false
    }, {
      "id" : "s0-t32",
      "begin" : 173,
      "end" : 174,
      "text" : ",",
      "whiteSpace" : false
    }, {
      "id" : "s0-t33",
      "begin" : 175,
      "end" : 182,
      "text" : "Section",
      "whiteSpace" : false
    }, {
      "id" : "s0-t34",
      "begin" : 183,
      "end" : 184,
      "text" : "E",
      "whiteSpace" : false
    }, {
      "id" : "s0-t35",
      "begin" : 184,
      "end" : 185,
      "text" : ",",
      "whiteSpace" : false
    }, {
      "id" : "s0-t36",
      "begin" : 186,
      "end" : 194,
      "text" : "Lakeside",
      "whiteSpace" : false
    }, {
      "id" : "s0-t37",
      "begin" : 195,
      "end" : 200,
      "text" : "Hills",
      "whiteSpace" : false
    }, {
      "id" : "s0-t38",
      "begin" : 201,
      "end" : 212,
      "text" : "Subdivision",
      "whiteSpace" : false
    }, {
      "id" : "s0-t39",
      "begin" : 212,
      "end" : 213,
      "text" : ",",
      "whiteSpace" : false
    }, {
      "id" : "s0-t40",
      "begin" : 214,
      "end" : 219,
      "text" : "which",
      "whiteSpace" : false
    }, {
      "id" : "s0-t41",
      "begin" : 220,
      "end" : 222,
      "text" : "is",
      "whiteSpace" : false
    }, {
      "id" : "s0-t42",
      "begin" : 223,
      "end" : 227,
      "text" : "more",
      "whiteSpace" : false
    }, {
      "id" : "s0-t43",
      "begin" : 228,
      "end" : 240,
      "text" : "particularly",
      "whiteSpace" : false
    }, {
      "id" : "s0-t44",
      "begin" : 241,
      "end" : 246,
      "text" : "shown",
      "whiteSpace" : false
    }, {
      "id" : "s0-t45",
      "begin" : 247,
      "end" : 250,
      "text" : "and",
      "whiteSpace" : false
    }, {
      "id" : "s0-t46",
      "begin" : 251,
      "end" : 260,
      "text" : "described",
      "whiteSpace" : false
    }, {
      "id" : "s0-t47",
      "begin" : 261,
      "end" : 263,
      "text" : "by",
      "whiteSpace" : false
    }, {
      "id" : "s0-t48",
      "begin" : 264,
      "end" : 268,
      "text" : "plat",
      "whiteSpace" : false
    }, {
      "id" : "s0-t49",
      "begin" : 269,
      "end" : 277,
      "text" : "recorded",
      "whiteSpace" : false
    }, {
      "id" : "s0-t50",
      "begin" : 278,
      "end" : 280,
      "text" : "at",
      "whiteSpace" : false
    }, {
      "id" : "s0-t51",
      "begin" : 281,
      "end" : 288,
      "text" : "Cabinet",
      "whiteSpace" : false
    }, {
      "id" : "s0-t52",
      "begin" : 289,
      "end" : 290,
      "text" : "B",
      "whiteSpace" : false
    }, {
      "id" : "s0-t53",
      "begin" : 290,
      "end" : 291,
      "text" : ",",
      "whiteSpace" : false
    }, {
      "id" : "s0-t54",
      "begin" : 292,
      "end" : 297,
      "text" : "Slide",
      "whiteSpace" : false
    }, {
      "id" : "s0-t55",
      "begin" : 298,
      "end" : 300,
      "text" : "51",
      "whiteSpace" : false
    }, {
      "id" : "s0-t56",
      "begin" : 300,
      "end" : 301,
      "text" : ",",
      "whiteSpace" : false
    }, {
      "id" : "s0-t57",
      "begin" : 302,
      "end" : 310,
      "text" : "Register",
      "whiteSpace" : false
    }, {
      "id" : "s0-t58",
      "begin" : 310,
      "end" : 311,
      "text" : "?",
      "whiteSpace" : false
    } ]
  }, {
    "id" : "s1",
    "begin" : 311,
    "end" : 318,
    "text" : "??s Of?",
    "tokens" : [ {
      "id" : "s1-t0",
      "begin" : 311,
      "end" : 314,
      "text" : "??s",
      "whiteSpace" : false
    }, {
      "id" : "s1-t1",
      "begin" : 315,
      "end" : 317,
      "text" : "Of",
      "whiteSpace" : false
    }, {
      "id" : "s1-t2",
      "begin" : 317,
      "end" : 318,
      "text" : "?",
      "whiteSpace" : false
    } ]
  }, {
    "id" : "s2",
    "begin" : 318,
    "end" : 467,
    "text" : "??ce of Humphreys County, Tennessee., Being a portion of the property conveyed to E. W. Lucas by deed of record in Deed Book 126, page 285, Register?",
    "tokens" : [ {
      "id" : "s2-t0",
      "begin" : 318,
      "end" : 322,
      "text" : "??ce",
      "whiteSpace" : false
    }, {
      "id" : "s2-t1",
      "begin" : 323,
      "end" : 325,
      "text" : "of",
      "whiteSpace" : false
    }, {
      "id" : "s2-t2",
      "begin" : 326,
      "end" : 335,
      "text" : "Humphreys",
      "whiteSpace" : false
    }, {
      "id" : "s2-t3",
      "begin" : 336,
      "end" : 342,
      "text" : "County",
      "whiteSpace" : false
    }, {
      "id" : "s2-t4",
      "begin" : 342,
      "end" : 343,
      "text" : ",",
      "whiteSpace" : false
    }, {
      "id" : "s2-t5",
      "begin" : 344,
      "end" : 354,
      "text" : "Tennessee.",
      "whiteSpace" : false
    }, {
      "id" : "s2-t6",
      "begin" : 354,
      "end" : 355,
      "text" : ",",
      "whiteSpace" : false
    }, {
      "id" : "s2-t7",
      "begin" : 356,
      "end" : 361,
      "text" : "Being",
      "whiteSpace" : false
    }, {
      "id" : "s2-t8",
      "begin" : 362,
      "end" : 363,
      "text" : "a",
      "whiteSpace" : false
    }, {
      "id" : "s2-t9",
      "begin" : 364,
      "end" : 371,
      "text" : "portion",
      "whiteSpace" : false
    }, {
      "id" : "s2-t10",
      "begin" : 372,
      "end" : 374,
      "text" : "of",
      "whiteSpace" : false
    }, {
      "id" : "s2-t11",
      "begin" : 375,
      "end" : 378,
      "text" : "the",
      "whiteSpace" : false
    }, {
      "id" : "s2-t12",
      "begin" : 379,
      "end" : 387,
      "text" : "property",
      "whiteSpace" : false
    }, {
      "id" : "s2-t13",
      "begin" : 388,
      "end" : 396,
      "text" : "conveyed",
      "whiteSpace" : false
    }, {
      "id" : "s2-t14",
      "begin" : 397,
      "end" : 399,
      "text" : "to",
      "whiteSpace" : false
    }, {
      "id" : "s2-t15",
      "begin" : 400,
      "end" : 402,
      "text" : "E.",
      "whiteSpace" : false
    }, {
      "id" : "s2-t16",
      "begin" : 403,
      "end" : 405,
      "text" : "W.",
      "whiteSpace" : false
    }, {
      "id" : "s2-t17",
      "begin" : 406,
      "end" : 411,
      "text" : "Lucas",
      "whiteSpace" : false
    }, {
      "id" : "s2-t18",
      "begin" : 412,
      "end" : 414,
      "text" : "by",
      "whiteSpace" : false
    }, {
      "id" : "s2-t19",
      "begin" : 415,
      "end" : 419,
      "text" : "deed",
      "whiteSpace" : false
    }, {
      "id" : "s2-t20",
      "begin" : 420,
      "end" : 422,
      "text" : "of",
      "whiteSpace" : false
    }, {
      "id" : "s2-t21",
      "begin" : 423,
      "end" : 429,
      "text" : "record",
      "whiteSpace" : false
    }, {
      "id" : "s2-t22",
      "begin" : 430,
      "end" : 432,
      "text" : "in",
      "whiteSpace" : false
    }, {
      "id" : "s2-t23",
      "begin" : 433,
      "end" : 437,
      "text" : "Deed",
      "whiteSpace" : false
    }, {
      "id" : "s2-t24",
      "begin" : 438,
      "end" : 442,
      "text" : "Book",
      "whiteSpace" : false
    }, {
      "id" : "s2-t25",
      "begin" : 443,
      "end" : 446,
      "text" : "126",
      "whiteSpace" : false
    }, {
      "id" : "s2-t26",
      "begin" : 446,
      "end" : 447,
      "text" : ",",
      "whiteSpace" : false
    }, {
      "id" : "s2-t27",
      "begin" : 448,
      "end" : 452,
      "text" : "page",
      "whiteSpace" : false
    }, {
      "id" : "s2-t28",
      "begin" : 453,
      "end" : 456,
      "text" : "285",
      "whiteSpace" : false
    }, {
      "id" : "s2-t29",
      "begin" : 456,
      "end" : 457,
      "text" : ",",
      "whiteSpace" : false
    }, {
      "id" : "s2-t30",
      "begin" : 458,
      "end" : 466,
      "text" : "Register",
      "whiteSpace" : false
    }, {
      "id" : "s2-t31",
      "begin" : 466,
      "end" : 467,
      "text" : "?",
      "whiteSpace" : false
    } ]
  }, {
    "id" : "s3",
    "begin" : 467,
    "end" : 474,
    "text" : "??s Of?",
    "tokens" : [ {
      "id" : "s3-t0",
      "begin" : 467,
      "end" : 470,
      "text" : "??s",
      "whiteSpace" : false
    }, {
      "id" : "s3-t1",
      "begin" : 471,
      "end" : 473,
      "text" : "Of",
      "whiteSpace" : false
    }, {
      "id" : "s3-t2",
      "begin" : 473,
      "end" : 474,
      "text" : "?",
      "whiteSpace" : false
    } ]
  }, {
    "id" : "s4",
    "begin" : 474,
    "end" : 560,
    "text" : "??ce of Humphreys County, Tennessee., Covenants of record in Flat Cabinet B, Slide 51,",
    "tokens" : [ {
      "id" : "s4-t0",
      "begin" : 474,
      "end" : 478,
      "text" : "??ce",
      "whiteSpace" : false
    }, {
      "id" : "s4-t1",
      "begin" : 479,
      "end" : 481,
      "text" : "of",
      "whiteSpace" : false
    }, {
      "id" : "s4-t2",
      "begin" : 482,
      "end" : 491,
      "text" : "Humphreys",
      "whiteSpace" : false
    }, {
      "id" : "s4-t3",
      "begin" : 492,
      "end" : 498,
      "text" : "County",
      "whiteSpace" : false
    }, {
      "id" : "s4-t4",
      "begin" : 498,
      "end" : 499,
      "text" : ",",
      "whiteSpace" : false
    }, {
      "id" : "s4-t5",
      "begin" : 500,
      "end" : 510,
      "text" : "Tennessee.",
      "whiteSpace" : false
    }, {
      "id" : "s4-t6",
      "begin" : 510,
      "end" : 511,
      "text" : ",",
      "whiteSpace" : false
    }, {
      "id" : "s4-t7",
      "begin" : 512,
      "end" : 521,
      "text" : "Covenants",
      "whiteSpace" : false
    }, {
      "id" : "s4-t8",
      "begin" : 522,
      "end" : 524,
      "text" : "of",
      "whiteSpace" : false
    }, {
      "id" : "s4-t9",
      "begin" : 525,
      "end" : 531,
      "text" : "record",
      "whiteSpace" : false
    }, {
      "id" : "s4-t10",
      "begin" : 532,
      "end" : 534,
      "text" : "in",
      "whiteSpace" : false
    }, {
      "id" : "s4-t11",
      "begin" : 535,
      "end" : 539,
      "text" : "Flat",
      "whiteSpace" : false
    }, {
      "id" : "s4-t12",
      "begin" : 540,
      "end" : 547,
      "text" : "Cabinet",
      "whiteSpace" : false
    }, {
      "id" : "s4-t13",
      "begin" : 548,
      "end" : 549,
      "text" : "B",
      "whiteSpace" : false
    }, {
      "id" : "s4-t14",
      "begin" : 549,
      "end" : 550,
      "text" : ",",
      "whiteSpace" : false
    }, {
      "id" : "s4-t15",
      "begin" : 551,
      "end" : 556,
      "text" : "Slide",
      "whiteSpace" : false
    }, {
      "id" : "s4-t16",
      "begin" : 557,
      "end" : 559,
      "text" : "51",
      "whiteSpace" : false
    }, {
      "id" : "s4-t17",
      "begin" : 559,
      "end" : 560,
      "text" : ",",
      "whiteSpace" : false
    } ]
  } ],
  "mentions" : [ {
    "id" : "s2-m1",
    "properties" : {
      "SIRE_MENTION_ROLE" : "WarrDeedBookNum",
      "SIRE_ENTITY_SUBTYPE" : "NONE",
      "SIRE_MENTION_TYPE" : "NONE",
      "SIRE_MENTION_CLASS" : "SPC"
    },
    "type" : "WarrDeedBookNum",
    "begin" : 443,
    "end" : 446,
    "inCoref" : false
  }, {
    "id" : "s2-m2",
    "properties" : {
      "SIRE_MENTION_ROLE" : "WarrDeedPageNum",
      "SIRE_ENTITY_SUBTYPE" : "NONE",
      "SIRE_MENTION_TYPE" : "NONE",
      "SIRE_MENTION_CLASS" : "SPC"
    },
    "type" : "WarrDeedPageNum",
    "begin" : 453,
    "end" : 456,
    "inCoref" : false
  } ],
  "relations" : [ ],
  "corefs" : [ ],
  "typeResolved" : true,
  "userResolved" : false
}