{
  "id" : "a5e530f0-54dc-11e9-9b8e-4bc9d96d3dde-9",
  "name" : "WD169-5.txt",
  "createdDate" : 0,
  "version" : 3,
  "text" : "right-of-way, North 46?? 20' East 126.6 feet to the point of beginning, containing an area by computation of 0.27 acre, according, to a survey made July 28, 1972, by M &amp; S Forest &amp; Land Manager, George T. Wheatley, Surveyor, Tennessee Registration No. 136. All bearings are given in reference to magnetic meridian., Being the same property conveyed to Nettie M. Tidwell by deed of record in Deed Book 164, page 1462, Register's Of???ce of Humphreys County, Tennessee",
  "docLength" : 0,
  "language" : "EN",
  "status" : "SUBMITTED",
  "modifiedDate" : 1554165664296,
  "documentSet" : [ ],
  "preannotation" : [ ],
  "sentences" : [ {
    "id" : "s0",
    "begin" : 0,
    "end" : 24,
    "text" : "right-of-way, North 46??",
    "tokens" : [ {
      "id" : "s0-t0",
      "begin" : 0,
      "end" : 5,
      "text" : "right",
      "whiteSpace" : false
    }, {
      "id" : "s0-t1",
      "begin" : 5,
      "end" : 6,
      "text" : "-",
      "whiteSpace" : false
    }, {
      "id" : "s0-t2",
      "begin" : 6,
      "end" : 8,
      "text" : "of",
      "whiteSpace" : false
    }, {
      "id" : "s0-t3",
      "begin" : 8,
      "end" : 9,
      "text" : "-",
      "whiteSpace" : false
    }, {
      "id" : "s0-t4",
      "begin" : 9,
      "end" : 12,
      "text" : "way",
      "whiteSpace" : false
    }, {
      "id" : "s0-t5",
      "begin" : 12,
      "end" : 13,
      "text" : ",",
      "whiteSpace" : false
    }, {
      "id" : "s0-t6",
      "begin" : 14,
      "end" : 19,
      "text" : "North",
      "whiteSpace" : false
    }, {
      "id" : "s0-t7",
      "begin" : 20,
      "end" : 22,
      "text" : "46",
      "whiteSpace" : false
    }, {
      "id" : "s0-t8",
      "begin" : 22,
      "end" : 23,
      "text" : "?",
      "whiteSpace" : false
    }, {
      "id" : "s0-t9",
      "begin" : 23,
      "end" : 24,
      "text" : "?",
      "whiteSpace" : false
    } ]
  }, {
    "id" : "s1",
    "begin" : 25,
    "end" : 264,
    "text" : "20' East 126.6 feet to the point of beginning, containing an area by computation of 0.27 acre, according, to a survey made July 28, 1972, by M &amp; S Forest &amp; Land Manager, George T. Wheatley, Surveyor, Tennessee Registration No. 136.",
    "tokens" : [ {
      "id" : "s1-t0",
      "begin" : 25,
      "end" : 27,
      "text" : "20",
      "whiteSpace" : false
    }, {
      "id" : "s1-t1",
      "begin" : 27,
      "end" : 28,
      "text" : "'",
      "whiteSpace" : false
    }, {
      "id" : "s1-t2",
      "begin" : 29,
      "end" : 33,
      "text" : "East",
      "whiteSpace" : false
    }, {
      "id" : "s1-t3",
      "begin" : 34,
      "end" : 39,
      "text" : "126.6",
      "whiteSpace" : false
    }, {
      "id" : "s1-t4",
      "begin" : 40,
      "end" : 44,
      "text" : "feet",
      "whiteSpace" : false
    }, {
      "id" : "s1-t5",
      "begin" : 45,
      "end" : 47,
      "text" : "to",
      "whiteSpace" : false
    }, {
      "id" : "s1-t6",
      "begin" : 48,
      "end" : 51,
      "text" : "the",
      "whiteSpace" : false
    }, {
      "id" : "s1-t7",
      "begin" : 52,
      "end" : 57,
      "text" : "point",
      "whiteSpace" : false
    }, {
      "id" : "s1-t8",
      "begin" : 58,
      "end" : 60,
      "text" : "of",
      "whiteSpace" : false
    }, {
      "id" : "s1-t9",
      "begin" : 61,
      "end" : 70,
      "text" : "beginning",
      "whiteSpace" : false
    }, {
      "id" : "s1-t10",
      "begin" : 70,
      "end" : 71,
      "text" : ",",
      "whiteSpace" : false
    }, {
      "id" : "s1-t11",
      "begin" : 72,
      "end" : 82,
      "text" : "containing",
      "whiteSpace" : false
    }, {
      "id" : "s1-t12",
      "begin" : 83,
      "end" : 85,
      "text" : "an",
      "whiteSpace" : false
    }, {
      "id" : "s1-t13",
      "begin" : 86,
      "end" : 90,
      "text" : "area",
      "whiteSpace" : false
    }, {
      "id" : "s1-t14",
      "begin" : 91,
      "end" : 93,
      "text" : "by",
      "whiteSpace" : false
    }, {
      "id" : "s1-t15",
      "begin" : 94,
      "end" : 105,
      "text" : "computation",
      "whiteSpace" : false
    }, {
      "id" : "s1-t16",
      "begin" : 106,
      "end" : 108,
      "text" : "of",
      "whiteSpace" : false
    }, {
      "id" : "s1-t17",
      "begin" : 109,
      "end" : 113,
      "text" : "0.27",
      "whiteSpace" : false
    }, {
      "id" : "s1-t18",
      "begin" : 114,
      "end" : 118,
      "text" : "acre",
      "whiteSpace" : false
    }, {
      "id" : "s1-t19",
      "begin" : 118,
      "end" : 119,
      "text" : ",",
      "whiteSpace" : false
    }, {
      "id" : "s1-t20",
      "begin" : 120,
      "end" : 129,
      "text" : "according",
      "whiteSpace" : false
    }, {
      "id" : "s1-t21",
      "begin" : 129,
      "end" : 130,
      "text" : ",",
      "whiteSpace" : false
    }, {
      "id" : "s1-t22",
      "begin" : 131,
      "end" : 133,
      "text" : "to",
      "whiteSpace" : false
    }, {
      "id" : "s1-t23",
      "begin" : 134,
      "end" : 135,
      "text" : "a",
      "whiteSpace" : false
    }, {
      "id" : "s1-t24",
      "begin" : 136,
      "end" : 142,
      "text" : "survey",
      "whiteSpace" : false
    }, {
      "id" : "s1-t25",
      "begin" : 143,
      "end" : 147,
      "text" : "made",
      "whiteSpace" : false
    }, {
      "id" : "s1-t26",
      "begin" : 148,
      "end" : 152,
      "text" : "July",
      "whiteSpace" : false
    }, {
      "id" : "s1-t27",
      "begin" : 153,
      "end" : 155,
      "text" : "28",
      "whiteSpace" : false
    }, {
      "id" : "s1-t28",
      "begin" : 155,
      "end" : 156,
      "text" : ",",
      "whiteSpace" : false
    }, {
      "id" : "s1-t29",
      "begin" : 157,
      "end" : 161,
      "text" : "1972",
      "whiteSpace" : false
    }, {
      "id" : "s1-t30",
      "begin" : 161,
      "end" : 162,
      "text" : ",",
      "whiteSpace" : false
    }, {
      "id" : "s1-t31",
      "begin" : 163,
      "end" : 165,
      "text" : "by",
      "whiteSpace" : false
    }, {
      "id" : "s1-t32",
      "begin" : 166,
      "end" : 167,
      "text" : "M",
      "whiteSpace" : false
    }, {
      "id" : "s1-t33",
      "begin" : 168,
      "end" : 173,
      "text" : "&amp;",
      "whiteSpace" : false
    }, {
      "id" : "s1-t34",
      "begin" : 174,
      "end" : 175,
      "text" : "S",
      "whiteSpace" : false
    }, {
      "id" : "s1-t35",
      "begin" : 176,
      "end" : 182,
      "text" : "Forest",
      "whiteSpace" : false
    }, {
      "id" : "s1-t36",
      "begin" : 183,
      "end" : 188,
      "text" : "&amp;",
      "whiteSpace" : false
    }, {
      "id" : "s1-t37",
      "begin" : 189,
      "end" : 193,
      "text" : "Land",
      "whiteSpace" : false
    }, {
      "id" : "s1-t38",
      "begin" : 194,
      "end" : 201,
      "text" : "Manager",
      "whiteSpace" : false
    }, {
      "id" : "s1-t39",
      "begin" : 201,
      "end" : 202,
      "text" : ",",
      "whiteSpace" : false
    }, {
      "id" : "s1-t40",
      "begin" : 203,
      "end" : 209,
      "text" : "George",
      "whiteSpace" : false
    }, {
      "id" : "s1-t41",
      "begin" : 210,
      "end" : 212,
      "text" : "T.",
      "whiteSpace" : false
    }, {
      "id" : "s1-t42",
      "begin" : 213,
      "end" : 221,
      "text" : "Wheatley",
      "whiteSpace" : false
    }, {
      "id" : "s1-t43",
      "begin" : 221,
      "end" : 222,
      "text" : ",",
      "whiteSpace" : false
    }, {
      "id" : "s1-t44",
      "begin" : 223,
      "end" : 231,
      "text" : "Surveyor",
      "whiteSpace" : false
    }, {
      "id" : "s1-t45",
      "begin" : 231,
      "end" : 232,
      "text" : ",",
      "whiteSpace" : false
    }, {
      "id" : "s1-t46",
      "begin" : 233,
      "end" : 242,
      "text" : "Tennessee",
      "whiteSpace" : false
    }, {
      "id" : "s1-t47",
      "begin" : 243,
      "end" : 255,
      "text" : "Registration",
      "whiteSpace" : false
    }, {
      "id" : "s1-t48",
      "begin" : 256,
      "end" : 259,
      "text" : "No.",
      "whiteSpace" : false
    }, {
      "id" : "s1-t49",
      "begin" : 260,
      "end" : 263,
      "text" : "136",
      "whiteSpace" : false
    }, {
      "id" : "s1-t50",
      "begin" : 263,
      "end" : 264,
      "text" : ".",
      "whiteSpace" : false
    } ]
  }, {
    "id" : "s2",
    "begin" : 265,
    "end" : 439,
    "text" : "All bearings are given in reference to magnetic meridian., Being the same property conveyed to Nettie M. Tidwell by deed of record in Deed Book 164, page 1462, Register's Of?",
    "tokens" : [ {
      "id" : "s2-t0",
      "begin" : 265,
      "end" : 268,
      "text" : "All",
      "whiteSpace" : false
    }, {
      "id" : "s2-t1",
      "begin" : 269,
      "end" : 277,
      "text" : "bearings",
      "whiteSpace" : false
    }, {
      "id" : "s2-t2",
      "begin" : 278,
      "end" : 281,
      "text" : "are",
      "whiteSpace" : false
    }, {
      "id" : "s2-t3",
      "begin" : 282,
      "end" : 287,
      "text" : "given",
      "whiteSpace" : false
    }, {
      "id" : "s2-t4",
      "begin" : 288,
      "end" : 290,
      "text" : "in",
      "whiteSpace" : false
    }, {
      "id" : "s2-t5",
      "begin" : 291,
      "end" : 300,
      "text" : "reference",
      "whiteSpace" : false
    }, {
      "id" : "s2-t6",
      "begin" : 301,
      "end" : 303,
      "text" : "to",
      "whiteSpace" : false
    }, {
      "id" : "s2-t7",
      "begin" : 304,
      "end" : 312,
      "text" : "magnetic",
      "whiteSpace" : false
    }, {
      "id" : "s2-t8",
      "begin" : 313,
      "end" : 322,
      "text" : "meridian.",
      "whiteSpace" : false
    }, {
      "id" : "s2-t9",
      "begin" : 322,
      "end" : 323,
      "text" : ",",
      "whiteSpace" : false
    }, {
      "id" : "s2-t10",
      "begin" : 324,
      "end" : 329,
      "text" : "Being",
      "whiteSpace" : false
    }, {
      "id" : "s2-t11",
      "begin" : 330,
      "end" : 333,
      "text" : "the",
      "whiteSpace" : false
    }, {
      "id" : "s2-t12",
      "begin" : 334,
      "end" : 338,
      "text" : "same",
      "whiteSpace" : false
    }, {
      "id" : "s2-t13",
      "begin" : 339,
      "end" : 347,
      "text" : "property",
      "whiteSpace" : false
    }, {
      "id" : "s2-t14",
      "begin" : 348,
      "end" : 356,
      "text" : "conveyed",
      "whiteSpace" : false
    }, {
      "id" : "s2-t15",
      "begin" : 357,
      "end" : 359,
      "text" : "to",
      "whiteSpace" : false
    }, {
      "id" : "s2-t16",
      "begin" : 360,
      "end" : 366,
      "text" : "Nettie",
      "whiteSpace" : false
    }, {
      "id" : "s2-t17",
      "begin" : 367,
      "end" : 369,
      "text" : "M.",
      "whiteSpace" : false
    }, {
      "id" : "s2-t18",
      "begin" : 370,
      "end" : 377,
      "text" : "Tidwell",
      "whiteSpace" : false
    }, {
      "id" : "s2-t19",
      "begin" : 378,
      "end" : 380,
      "text" : "by",
      "whiteSpace" : false
    }, {
      "id" : "s2-t20",
      "begin" : 381,
      "end" : 385,
      "text" : "deed",
      "whiteSpace" : false
    }, {
      "id" : "s2-t21",
      "begin" : 386,
      "end" : 388,
      "text" : "of",
      "whiteSpace" : false
    }, {
      "id" : "s2-t22",
      "begin" : 389,
      "end" : 395,
      "text" : "record",
      "whiteSpace" : false
    }, {
      "id" : "s2-t23",
      "begin" : 396,
      "end" : 398,
      "text" : "in",
      "whiteSpace" : false
    }, {
      "id" : "s2-t24",
      "begin" : 399,
      "end" : 403,
      "text" : "Deed",
      "whiteSpace" : false
    }, {
      "id" : "s2-t25",
      "begin" : 404,
      "end" : 408,
      "text" : "Book",
      "whiteSpace" : false
    }, {
      "id" : "s2-t26",
      "begin" : 409,
      "end" : 412,
      "text" : "164",
      "whiteSpace" : false
    }, {
      "id" : "s2-t27",
      "begin" : 412,
      "end" : 413,
      "text" : ",",
      "whiteSpace" : false
    }, {
      "id" : "s2-t28",
      "begin" : 414,
      "end" : 418,
      "text" : "page",
      "whiteSpace" : false
    }, {
      "id" : "s2-t29",
      "begin" : 419,
      "end" : 423,
      "text" : "1462",
      "whiteSpace" : false
    }, {
      "id" : "s2-t30",
      "begin" : 423,
      "end" : 424,
      "text" : ",",
      "whiteSpace" : false
    }, {
      "id" : "s2-t31",
      "begin" : 425,
      "end" : 433,
      "text" : "Register",
      "whiteSpace" : false
    }, {
      "id" : "s2-t32",
      "begin" : 433,
      "end" : 435,
      "text" : "'s",
      "whiteSpace" : false
    }, {
      "id" : "s2-t33",
      "begin" : 436,
      "end" : 438,
      "text" : "Of",
      "whiteSpace" : false
    }, {
      "id" : "s2-t34",
      "begin" : 438,
      "end" : 439,
      "text" : "?",
      "whiteSpace" : false
    } ]
  }, {
    "id" : "s3",
    "begin" : 439,
    "end" : 474,
    "text" : "??ce of Humphreys County, Tennessee",
    "tokens" : [ {
      "id" : "s3-t0",
      "begin" : 439,
      "end" : 443,
      "text" : "??ce",
      "whiteSpace" : false
    }, {
      "id" : "s3-t1",
      "begin" : 444,
      "end" : 446,
      "text" : "of",
      "whiteSpace" : false
    }, {
      "id" : "s3-t2",
      "begin" : 447,
      "end" : 456,
      "text" : "Humphreys",
      "whiteSpace" : false
    }, {
      "id" : "s3-t3",
      "begin" : 457,
      "end" : 463,
      "text" : "County",
      "whiteSpace" : false
    }, {
      "id" : "s3-t4",
      "begin" : 463,
      "end" : 464,
      "text" : ",",
      "whiteSpace" : false
    }, {
      "id" : "s3-t5",
      "begin" : 465,
      "end" : 474,
      "text" : "Tennessee",
      "whiteSpace" : false
    } ]
  } ],
  "mentions" : [ {
    "id" : "s2-m1",
    "properties" : {
      "SIRE_MENTION_ROLE" : "WarrDeedBookNum",
      "SIRE_ENTITY_SUBTYPE" : "NONE",
      "SIRE_MENTION_TYPE" : "NONE",
      "SIRE_MENTION_CLASS" : "SPC"
    },
    "type" : "WarrDeedBookNum",
    "begin" : 409,
    "end" : 412,
    "inCoref" : false
  }, {
    "id" : "s2-m2",
    "properties" : {
      "SIRE_MENTION_ROLE" : "WarrDeedPageNum",
      "SIRE_ENTITY_SUBTYPE" : "NONE",
      "SIRE_MENTION_TYPE" : "NONE",
      "SIRE_MENTION_CLASS" : "SPC"
    },
    "type" : "WarrDeedPageNum",
    "begin" : 419,
    "end" : 423,
    "inCoref" : false
  } ],
  "relations" : [ ],
  "corefs" : [ ],
  "typeResolved" : true,
  "userResolved" : false
}