{
  "id" : "a5e530f0-54dc-11e9-9b8e-4bc9d96d3dde-7",
  "name" : "WD168-13.txt",
  "createdDate" : 0,
  "version" : 3,
  "text" : " 234.83 feet to an iron pin in an old rockpile, the northeast corner to the Jesse McCord property; thence runs with McCord???s north boundary, North 71?? 21' 20 \" West 194.40 feet to an axle shaft, McCord???s corner and also being a comer to another parcel owned by McCord; thence rims with the east boundary to McCord, North 01?? 40' 20 \" West 180.50 feet to an iron pin in the south right of way of Brazzle Road, McCord???s corner; thence runs with said south right of way, North 48?? 19' 40 \" East 212.22 feet to the point of beginning, containing an area by computation of 1.85 acres., Being the same property conveyed to David W. Arnold and wife, Brenda E. Arnold by deed of record in Deed Book 161, page 93 8, Register???s Of???ce of Humphreys County, Tennessee., This conveyance is subject to Restriction and Protective Covenants for North Oaks Estates Subdivision of record in Plat Cabinet A, Slide 93, ",
  "docLength" : 0,
  "language" : "EN",
  "status" : "SUBMITTED",
  "modifiedDate" : 1554165642432,
  "documentSet" : [ ],
  "preannotation" : [ ],
  "sentences" : [ {
    "id" : "s0",
    "begin" : 1,
    "end" : 123,
    "text" : "234.83 feet to an iron pin in an old rockpile, the northeast corner to the Jesse McCord property; thence runs with McCord?",
    "tokens" : [ {
      "id" : "s0-t0",
      "begin" : 1,
      "end" : 7,
      "text" : "234.83",
      "whiteSpace" : false
    }, {
      "id" : "s0-t1",
      "begin" : 8,
      "end" : 12,
      "text" : "feet",
      "whiteSpace" : false
    }, {
      "id" : "s0-t2",
      "begin" : 13,
      "end" : 15,
      "text" : "to",
      "whiteSpace" : false
    }, {
      "id" : "s0-t3",
      "begin" : 16,
      "end" : 18,
      "text" : "an",
      "whiteSpace" : false
    }, {
      "id" : "s0-t4",
      "begin" : 19,
      "end" : 23,
      "text" : "iron",
      "whiteSpace" : false
    }, {
      "id" : "s0-t5",
      "begin" : 24,
      "end" : 27,
      "text" : "pin",
      "whiteSpace" : false
    }, {
      "id" : "s0-t6",
      "begin" : 28,
      "end" : 30,
      "text" : "in",
      "whiteSpace" : false
    }, {
      "id" : "s0-t7",
      "begin" : 31,
      "end" : 33,
      "text" : "an",
      "whiteSpace" : false
    }, {
      "id" : "s0-t8",
      "begin" : 34,
      "end" : 37,
      "text" : "old",
      "whiteSpace" : false
    }, {
      "id" : "s0-t9",
      "begin" : 38,
      "end" : 46,
      "text" : "rockpile",
      "whiteSpace" : false
    }, {
      "id" : "s0-t10",
      "begin" : 46,
      "end" : 47,
      "text" : ",",
      "whiteSpace" : false
    }, {
      "id" : "s0-t11",
      "begin" : 48,
      "end" : 51,
      "text" : "the",
      "whiteSpace" : false
    }, {
      "id" : "s0-t12",
      "begin" : 52,
      "end" : 61,
      "text" : "northeast",
      "whiteSpace" : false
    }, {
      "id" : "s0-t13",
      "begin" : 62,
      "end" : 68,
      "text" : "corner",
      "whiteSpace" : false
    }, {
      "id" : "s0-t14",
      "begin" : 69,
      "end" : 71,
      "text" : "to",
      "whiteSpace" : false
    }, {
      "id" : "s0-t15",
      "begin" : 72,
      "end" : 75,
      "text" : "the",
      "whiteSpace" : false
    }, {
      "id" : "s0-t16",
      "begin" : 76,
      "end" : 81,
      "text" : "Jesse",
      "whiteSpace" : false
    }, {
      "id" : "s0-t17",
      "begin" : 82,
      "end" : 88,
      "text" : "McCord",
      "whiteSpace" : false
    }, {
      "id" : "s0-t18",
      "begin" : 89,
      "end" : 97,
      "text" : "property",
      "whiteSpace" : false
    }, {
      "id" : "s0-t19",
      "begin" : 97,
      "end" : 98,
      "text" : ";",
      "whiteSpace" : false
    }, {
      "id" : "s0-t20",
      "begin" : 99,
      "end" : 105,
      "text" : "thence",
      "whiteSpace" : false
    }, {
      "id" : "s0-t21",
      "begin" : 106,
      "end" : 110,
      "text" : "runs",
      "whiteSpace" : false
    }, {
      "id" : "s0-t22",
      "begin" : 111,
      "end" : 115,
      "text" : "with",
      "whiteSpace" : false
    }, {
      "id" : "s0-t23",
      "begin" : 116,
      "end" : 122,
      "text" : "McCord",
      "whiteSpace" : false
    }, {
      "id" : "s0-t24",
      "begin" : 122,
      "end" : 123,
      "text" : "?",
      "whiteSpace" : false
    } ]
  }, {
    "id" : "s1",
    "begin" : 123,
    "end" : 153,
    "text" : "??s north boundary, North 71??",
    "tokens" : [ {
      "id" : "s1-t0",
      "begin" : 123,
      "end" : 126,
      "text" : "??s",
      "whiteSpace" : false
    }, {
      "id" : "s1-t1",
      "begin" : 127,
      "end" : 132,
      "text" : "north",
      "whiteSpace" : false
    }, {
      "id" : "s1-t2",
      "begin" : 133,
      "end" : 141,
      "text" : "boundary",
      "whiteSpace" : false
    }, {
      "id" : "s1-t3",
      "begin" : 141,
      "end" : 142,
      "text" : ",",
      "whiteSpace" : false
    }, {
      "id" : "s1-t4",
      "begin" : 143,
      "end" : 148,
      "text" : "North",
      "whiteSpace" : false
    }, {
      "id" : "s1-t5",
      "begin" : 149,
      "end" : 151,
      "text" : "71",
      "whiteSpace" : false
    }, {
      "id" : "s1-t6",
      "begin" : 151,
      "end" : 152,
      "text" : "?",
      "whiteSpace" : false
    }, {
      "id" : "s1-t7",
      "begin" : 152,
      "end" : 153,
      "text" : "?",
      "whiteSpace" : false
    } ]
  }, {
    "id" : "s2",
    "begin" : 154,
    "end" : 205,
    "text" : "21' 20 \" West 194.40 feet to an axle shaft, McCord?",
    "tokens" : [ {
      "id" : "s2-t0",
      "begin" : 154,
      "end" : 156,
      "text" : "21",
      "whiteSpace" : false
    }, {
      "id" : "s2-t1",
      "begin" : 156,
      "end" : 157,
      "text" : "'",
      "whiteSpace" : false
    }, {
      "id" : "s2-t2",
      "begin" : 158,
      "end" : 160,
      "text" : "20",
      "whiteSpace" : false
    }, {
      "id" : "s2-t3",
      "begin" : 161,
      "end" : 162,
      "text" : "\"",
      "whiteSpace" : false
    }, {
      "id" : "s2-t4",
      "begin" : 163,
      "end" : 167,
      "text" : "West",
      "whiteSpace" : false
    }, {
      "id" : "s2-t5",
      "begin" : 168,
      "end" : 174,
      "text" : "194.40",
      "whiteSpace" : false
    }, {
      "id" : "s2-t6",
      "begin" : 175,
      "end" : 179,
      "text" : "feet",
      "whiteSpace" : false
    }, {
      "id" : "s2-t7",
      "begin" : 180,
      "end" : 182,
      "text" : "to",
      "whiteSpace" : false
    }, {
      "id" : "s2-t8",
      "begin" : 183,
      "end" : 185,
      "text" : "an",
      "whiteSpace" : false
    }, {
      "id" : "s2-t9",
      "begin" : 186,
      "end" : 190,
      "text" : "axle",
      "whiteSpace" : false
    }, {
      "id" : "s2-t10",
      "begin" : 191,
      "end" : 196,
      "text" : "shaft",
      "whiteSpace" : false
    }, {
      "id" : "s2-t11",
      "begin" : 196,
      "end" : 197,
      "text" : ",",
      "whiteSpace" : false
    }, {
      "id" : "s2-t12",
      "begin" : 198,
      "end" : 204,
      "text" : "McCord",
      "whiteSpace" : false
    }, {
      "id" : "s2-t13",
      "begin" : 204,
      "end" : 205,
      "text" : "?",
      "whiteSpace" : false
    } ]
  }, {
    "id" : "s3",
    "begin" : 205,
    "end" : 330,
    "text" : "??s corner and also being a comer to another parcel owned by McCord; thence rims with the east boundary to McCord, North 01??",
    "tokens" : [ {
      "id" : "s3-t0",
      "begin" : 205,
      "end" : 208,
      "text" : "??s",
      "whiteSpace" : false
    }, {
      "id" : "s3-t1",
      "begin" : 209,
      "end" : 215,
      "text" : "corner",
      "whiteSpace" : false
    }, {
      "id" : "s3-t2",
      "begin" : 216,
      "end" : 219,
      "text" : "and",
      "whiteSpace" : false
    }, {
      "id" : "s3-t3",
      "begin" : 220,
      "end" : 224,
      "text" : "also",
      "whiteSpace" : false
    }, {
      "id" : "s3-t4",
      "begin" : 225,
      "end" : 230,
      "text" : "being",
      "whiteSpace" : false
    }, {
      "id" : "s3-t5",
      "begin" : 231,
      "end" : 232,
      "text" : "a",
      "whiteSpace" : false
    }, {
      "id" : "s3-t6",
      "begin" : 233,
      "end" : 238,
      "text" : "comer",
      "whiteSpace" : false
    }, {
      "id" : "s3-t7",
      "begin" : 239,
      "end" : 241,
      "text" : "to",
      "whiteSpace" : false
    }, {
      "id" : "s3-t8",
      "begin" : 242,
      "end" : 249,
      "text" : "another",
      "whiteSpace" : false
    }, {
      "id" : "s3-t9",
      "begin" : 250,
      "end" : 256,
      "text" : "parcel",
      "whiteSpace" : false
    }, {
      "id" : "s3-t10",
      "begin" : 257,
      "end" : 262,
      "text" : "owned",
      "whiteSpace" : false
    }, {
      "id" : "s3-t11",
      "begin" : 263,
      "end" : 265,
      "text" : "by",
      "whiteSpace" : false
    }, {
      "id" : "s3-t12",
      "begin" : 266,
      "end" : 273,
      "text" : "McCord;",
      "whiteSpace" : false
    }, {
      "id" : "s3-t13",
      "begin" : 274,
      "end" : 280,
      "text" : "thence",
      "whiteSpace" : false
    }, {
      "id" : "s3-t14",
      "begin" : 281,
      "end" : 285,
      "text" : "rims",
      "whiteSpace" : false
    }, {
      "id" : "s3-t15",
      "begin" : 286,
      "end" : 290,
      "text" : "with",
      "whiteSpace" : false
    }, {
      "id" : "s3-t16",
      "begin" : 291,
      "end" : 294,
      "text" : "the",
      "whiteSpace" : false
    }, {
      "id" : "s3-t17",
      "begin" : 295,
      "end" : 299,
      "text" : "east",
      "whiteSpace" : false
    }, {
      "id" : "s3-t18",
      "begin" : 300,
      "end" : 308,
      "text" : "boundary",
      "whiteSpace" : false
    }, {
      "id" : "s3-t19",
      "begin" : 309,
      "end" : 311,
      "text" : "to",
      "whiteSpace" : false
    }, {
      "id" : "s3-t20",
      "begin" : 312,
      "end" : 318,
      "text" : "McCord",
      "whiteSpace" : false
    }, {
      "id" : "s3-t21",
      "begin" : 318,
      "end" : 319,
      "text" : ",",
      "whiteSpace" : false
    }, {
      "id" : "s3-t22",
      "begin" : 320,
      "end" : 325,
      "text" : "North",
      "whiteSpace" : false
    }, {
      "id" : "s3-t23",
      "begin" : 326,
      "end" : 328,
      "text" : "01",
      "whiteSpace" : false
    }, {
      "id" : "s3-t24",
      "begin" : 328,
      "end" : 329,
      "text" : "?",
      "whiteSpace" : false
    }, {
      "id" : "s3-t25",
      "begin" : 329,
      "end" : 330,
      "text" : "?",
      "whiteSpace" : false
    } ]
  }, {
    "id" : "s4",
    "begin" : 331,
    "end" : 422,
    "text" : "40' 20 \" West 180.50 feet to an iron pin in the south right of way of Brazzle Road, McCord?",
    "tokens" : [ {
      "id" : "s4-t0",
      "begin" : 331,
      "end" : 333,
      "text" : "40",
      "whiteSpace" : false
    }, {
      "id" : "s4-t1",
      "begin" : 333,
      "end" : 334,
      "text" : "'",
      "whiteSpace" : false
    }, {
      "id" : "s4-t2",
      "begin" : 335,
      "end" : 337,
      "text" : "20",
      "whiteSpace" : false
    }, {
      "id" : "s4-t3",
      "begin" : 338,
      "end" : 339,
      "text" : "\"",
      "whiteSpace" : false
    }, {
      "id" : "s4-t4",
      "begin" : 340,
      "end" : 344,
      "text" : "West",
      "whiteSpace" : false
    }, {
      "id" : "s4-t5",
      "begin" : 345,
      "end" : 351,
      "text" : "180.50",
      "whiteSpace" : false
    }, {
      "id" : "s4-t6",
      "begin" : 352,
      "end" : 356,
      "text" : "feet",
      "whiteSpace" : false
    }, {
      "id" : "s4-t7",
      "begin" : 357,
      "end" : 359,
      "text" : "to",
      "whiteSpace" : false
    }, {
      "id" : "s4-t8",
      "begin" : 360,
      "end" : 362,
      "text" : "an",
      "whiteSpace" : false
    }, {
      "id" : "s4-t9",
      "begin" : 363,
      "end" : 367,
      "text" : "iron",
      "whiteSpace" : false
    }, {
      "id" : "s4-t10",
      "begin" : 368,
      "end" : 371,
      "text" : "pin",
      "whiteSpace" : false
    }, {
      "id" : "s4-t11",
      "begin" : 372,
      "end" : 374,
      "text" : "in",
      "whiteSpace" : false
    }, {
      "id" : "s4-t12",
      "begin" : 375,
      "end" : 378,
      "text" : "the",
      "whiteSpace" : false
    }, {
      "id" : "s4-t13",
      "begin" : 379,
      "end" : 384,
      "text" : "south",
      "whiteSpace" : false
    }, {
      "id" : "s4-t14",
      "begin" : 385,
      "end" : 390,
      "text" : "right",
      "whiteSpace" : false
    }, {
      "id" : "s4-t15",
      "begin" : 391,
      "end" : 393,
      "text" : "of",
      "whiteSpace" : false
    }, {
      "id" : "s4-t16",
      "begin" : 394,
      "end" : 397,
      "text" : "way",
      "whiteSpace" : false
    }, {
      "id" : "s4-t17",
      "begin" : 398,
      "end" : 400,
      "text" : "of",
      "whiteSpace" : false
    }, {
      "id" : "s4-t18",
      "begin" : 401,
      "end" : 408,
      "text" : "Brazzle",
      "whiteSpace" : false
    }, {
      "id" : "s4-t19",
      "begin" : 409,
      "end" : 413,
      "text" : "Road",
      "whiteSpace" : false
    }, {
      "id" : "s4-t20",
      "begin" : 413,
      "end" : 414,
      "text" : ",",
      "whiteSpace" : false
    }, {
      "id" : "s4-t21",
      "begin" : 415,
      "end" : 421,
      "text" : "McCord",
      "whiteSpace" : false
    }, {
      "id" : "s4-t22",
      "begin" : 421,
      "end" : 422,
      "text" : "?",
      "whiteSpace" : false
    } ]
  }, {
    "id" : "s5",
    "begin" : 422,
    "end" : 486,
    "text" : "??s corner; thence runs with said south right of way, North 48??",
    "tokens" : [ {
      "id" : "s5-t0",
      "begin" : 422,
      "end" : 425,
      "text" : "??s",
      "whiteSpace" : false
    }, {
      "id" : "s5-t1",
      "begin" : 426,
      "end" : 432,
      "text" : "corner",
      "whiteSpace" : false
    }, {
      "id" : "s5-t2",
      "begin" : 432,
      "end" : 433,
      "text" : ";",
      "whiteSpace" : false
    }, {
      "id" : "s5-t3",
      "begin" : 434,
      "end" : 440,
      "text" : "thence",
      "whiteSpace" : false
    }, {
      "id" : "s5-t4",
      "begin" : 441,
      "end" : 445,
      "text" : "runs",
      "whiteSpace" : false
    }, {
      "id" : "s5-t5",
      "begin" : 446,
      "end" : 450,
      "text" : "with",
      "whiteSpace" : false
    }, {
      "id" : "s5-t6",
      "begin" : 451,
      "end" : 455,
      "text" : "said",
      "whiteSpace" : false
    }, {
      "id" : "s5-t7",
      "begin" : 456,
      "end" : 461,
      "text" : "south",
      "whiteSpace" : false
    }, {
      "id" : "s5-t8",
      "begin" : 462,
      "end" : 467,
      "text" : "right",
      "whiteSpace" : false
    }, {
      "id" : "s5-t9",
      "begin" : 468,
      "end" : 470,
      "text" : "of",
      "whiteSpace" : false
    }, {
      "id" : "s5-t10",
      "begin" : 471,
      "end" : 474,
      "text" : "way",
      "whiteSpace" : false
    }, {
      "id" : "s5-t11",
      "begin" : 474,
      "end" : 475,
      "text" : ",",
      "whiteSpace" : false
    }, {
      "id" : "s5-t12",
      "begin" : 476,
      "end" : 481,
      "text" : "North",
      "whiteSpace" : false
    }, {
      "id" : "s5-t13",
      "begin" : 482,
      "end" : 484,
      "text" : "48",
      "whiteSpace" : false
    }, {
      "id" : "s5-t14",
      "begin" : 484,
      "end" : 485,
      "text" : "?",
      "whiteSpace" : false
    }, {
      "id" : "s5-t15",
      "begin" : 485,
      "end" : 486,
      "text" : "?",
      "whiteSpace" : false
    } ]
  }, {
    "id" : "s6",
    "begin" : 487,
    "end" : 725,
    "text" : "19' 40 \" East 212.22 feet to the point of beginning, containing an area by computation of 1.85 acres., Being the same property conveyed to David W. Arnold and wife, Brenda E. Arnold by deed of record in Deed Book 161, page 93 8, Register?",
    "tokens" : [ {
      "id" : "s6-t0",
      "begin" : 487,
      "end" : 489,
      "text" : "19",
      "whiteSpace" : false
    }, {
      "id" : "s6-t1",
      "begin" : 489,
      "end" : 490,
      "text" : "'",
      "whiteSpace" : false
    }, {
      "id" : "s6-t2",
      "begin" : 491,
      "end" : 493,
      "text" : "40",
      "whiteSpace" : false
    }, {
      "id" : "s6-t3",
      "begin" : 494,
      "end" : 495,
      "text" : "\"",
      "whiteSpace" : false
    }, {
      "id" : "s6-t4",
      "begin" : 496,
      "end" : 500,
      "text" : "East",
      "whiteSpace" : false
    }, {
      "id" : "s6-t5",
      "begin" : 501,
      "end" : 507,
      "text" : "212.22",
      "whiteSpace" : false
    }, {
      "id" : "s6-t6",
      "begin" : 508,
      "end" : 512,
      "text" : "feet",
      "whiteSpace" : false
    }, {
      "id" : "s6-t7",
      "begin" : 513,
      "end" : 515,
      "text" : "to",
      "whiteSpace" : false
    }, {
      "id" : "s6-t8",
      "begin" : 516,
      "end" : 519,
      "text" : "the",
      "whiteSpace" : false
    }, {
      "id" : "s6-t9",
      "begin" : 520,
      "end" : 525,
      "text" : "point",
      "whiteSpace" : false
    }, {
      "id" : "s6-t10",
      "begin" : 526,
      "end" : 528,
      "text" : "of",
      "whiteSpace" : false
    }, {
      "id" : "s6-t11",
      "begin" : 529,
      "end" : 538,
      "text" : "beginning",
      "whiteSpace" : false
    }, {
      "id" : "s6-t12",
      "begin" : 538,
      "end" : 539,
      "text" : ",",
      "whiteSpace" : false
    }, {
      "id" : "s6-t13",
      "begin" : 540,
      "end" : 550,
      "text" : "containing",
      "whiteSpace" : false
    }, {
      "id" : "s6-t14",
      "begin" : 551,
      "end" : 553,
      "text" : "an",
      "whiteSpace" : false
    }, {
      "id" : "s6-t15",
      "begin" : 554,
      "end" : 558,
      "text" : "area",
      "whiteSpace" : false
    }, {
      "id" : "s6-t16",
      "begin" : 559,
      "end" : 561,
      "text" : "by",
      "whiteSpace" : false
    }, {
      "id" : "s6-t17",
      "begin" : 562,
      "end" : 573,
      "text" : "computation",
      "whiteSpace" : false
    }, {
      "id" : "s6-t18",
      "begin" : 574,
      "end" : 576,
      "text" : "of",
      "whiteSpace" : false
    }, {
      "id" : "s6-t19",
      "begin" : 577,
      "end" : 581,
      "text" : "1.85",
      "whiteSpace" : false
    }, {
      "id" : "s6-t20",
      "begin" : 582,
      "end" : 588,
      "text" : "acres.",
      "whiteSpace" : false
    }, {
      "id" : "s6-t21",
      "begin" : 588,
      "end" : 589,
      "text" : ",",
      "whiteSpace" : false
    }, {
      "id" : "s6-t22",
      "begin" : 590,
      "end" : 595,
      "text" : "Being",
      "whiteSpace" : false
    }, {
      "id" : "s6-t23",
      "begin" : 596,
      "end" : 599,
      "text" : "the",
      "whiteSpace" : false
    }, {
      "id" : "s6-t24",
      "begin" : 600,
      "end" : 604,
      "text" : "same",
      "whiteSpace" : false
    }, {
      "id" : "s6-t25",
      "begin" : 605,
      "end" : 613,
      "text" : "property",
      "whiteSpace" : false
    }, {
      "id" : "s6-t26",
      "begin" : 614,
      "end" : 622,
      "text" : "conveyed",
      "whiteSpace" : false
    }, {
      "id" : "s6-t27",
      "begin" : 623,
      "end" : 625,
      "text" : "to",
      "whiteSpace" : false
    }, {
      "id" : "s6-t28",
      "begin" : 626,
      "end" : 631,
      "text" : "David",
      "whiteSpace" : false
    }, {
      "id" : "s6-t29",
      "begin" : 632,
      "end" : 634,
      "text" : "W.",
      "whiteSpace" : false
    }, {
      "id" : "s6-t30",
      "begin" : 635,
      "end" : 641,
      "text" : "Arnold",
      "whiteSpace" : false
    }, {
      "id" : "s6-t31",
      "begin" : 642,
      "end" : 645,
      "text" : "and",
      "whiteSpace" : false
    }, {
      "id" : "s6-t32",
      "begin" : 646,
      "end" : 650,
      "text" : "wife",
      "whiteSpace" : false
    }, {
      "id" : "s6-t33",
      "begin" : 650,
      "end" : 651,
      "text" : ",",
      "whiteSpace" : false
    }, {
      "id" : "s6-t34",
      "begin" : 652,
      "end" : 658,
      "text" : "Brenda",
      "whiteSpace" : false
    }, {
      "id" : "s6-t35",
      "begin" : 659,
      "end" : 661,
      "text" : "E.",
      "whiteSpace" : false
    }, {
      "id" : "s6-t36",
      "begin" : 662,
      "end" : 668,
      "text" : "Arnold",
      "whiteSpace" : false
    }, {
      "id" : "s6-t37",
      "begin" : 669,
      "end" : 671,
      "text" : "by",
      "whiteSpace" : false
    }, {
      "id" : "s6-t38",
      "begin" : 672,
      "end" : 676,
      "text" : "deed",
      "whiteSpace" : false
    }, {
      "id" : "s6-t39",
      "begin" : 677,
      "end" : 679,
      "text" : "of",
      "whiteSpace" : false
    }, {
      "id" : "s6-t40",
      "begin" : 680,
      "end" : 686,
      "text" : "record",
      "whiteSpace" : false
    }, {
      "id" : "s6-t41",
      "begin" : 687,
      "end" : 689,
      "text" : "in",
      "whiteSpace" : false
    }, {
      "id" : "s6-t42",
      "begin" : 690,
      "end" : 694,
      "text" : "Deed",
      "whiteSpace" : false
    }, {
      "id" : "s6-t43",
      "begin" : 695,
      "end" : 699,
      "text" : "Book",
      "whiteSpace" : false
    }, {
      "id" : "s6-t44",
      "begin" : 700,
      "end" : 703,
      "text" : "161",
      "whiteSpace" : false
    }, {
      "id" : "s6-t45",
      "begin" : 703,
      "end" : 704,
      "text" : ",",
      "whiteSpace" : false
    }, {
      "id" : "s6-t46",
      "begin" : 705,
      "end" : 709,
      "text" : "page",
      "whiteSpace" : false
    }, {
      "id" : "s6-t47",
      "begin" : 710,
      "end" : 712,
      "text" : "93",
      "whiteSpace" : false
    }, {
      "id" : "s6-t48",
      "begin" : 713,
      "end" : 714,
      "text" : "8",
      "whiteSpace" : false
    }, {
      "id" : "s6-t49",
      "begin" : 714,
      "end" : 715,
      "text" : ",",
      "whiteSpace" : false
    }, {
      "id" : "s6-t50",
      "begin" : 716,
      "end" : 724,
      "text" : "Register",
      "whiteSpace" : false
    }, {
      "id" : "s6-t51",
      "begin" : 724,
      "end" : 725,
      "text" : "?",
      "whiteSpace" : false
    } ]
  }, {
    "id" : "s7",
    "begin" : 725,
    "end" : 732,
    "text" : "??s Of?",
    "tokens" : [ {
      "id" : "s7-t0",
      "begin" : 725,
      "end" : 728,
      "text" : "??s",
      "whiteSpace" : false
    }, {
      "id" : "s7-t1",
      "begin" : 729,
      "end" : 731,
      "text" : "Of",
      "whiteSpace" : false
    }, {
      "id" : "s7-t2",
      "begin" : 731,
      "end" : 732,
      "text" : "?",
      "whiteSpace" : false
    } ]
  }, {
    "id" : "s8",
    "begin" : 732,
    "end" : 910,
    "text" : "??ce of Humphreys County, Tennessee., This conveyance is subject to Restriction and Protective Covenants for North Oaks Estates Subdivision of record in Plat Cabinet A, Slide 93,",
    "tokens" : [ {
      "id" : "s8-t0",
      "begin" : 732,
      "end" : 736,
      "text" : "??ce",
      "whiteSpace" : false
    }, {
      "id" : "s8-t1",
      "begin" : 737,
      "end" : 739,
      "text" : "of",
      "whiteSpace" : false
    }, {
      "id" : "s8-t2",
      "begin" : 740,
      "end" : 749,
      "text" : "Humphreys",
      "whiteSpace" : false
    }, {
      "id" : "s8-t3",
      "begin" : 750,
      "end" : 756,
      "text" : "County",
      "whiteSpace" : false
    }, {
      "id" : "s8-t4",
      "begin" : 756,
      "end" : 757,
      "text" : ",",
      "whiteSpace" : false
    }, {
      "id" : "s8-t5",
      "begin" : 758,
      "end" : 768,
      "text" : "Tennessee.",
      "whiteSpace" : false
    }, {
      "id" : "s8-t6",
      "begin" : 768,
      "end" : 769,
      "text" : ",",
      "whiteSpace" : false
    }, {
      "id" : "s8-t7",
      "begin" : 770,
      "end" : 774,
      "text" : "This",
      "whiteSpace" : false
    }, {
      "id" : "s8-t8",
      "begin" : 775,
      "end" : 785,
      "text" : "conveyance",
      "whiteSpace" : false
    }, {
      "id" : "s8-t9",
      "begin" : 786,
      "end" : 788,
      "text" : "is",
      "whiteSpace" : false
    }, {
      "id" : "s8-t10",
      "begin" : 789,
      "end" : 796,
      "text" : "subject",
      "whiteSpace" : false
    }, {
      "id" : "s8-t11",
      "begin" : 797,
      "end" : 799,
      "text" : "to",
      "whiteSpace" : false
    }, {
      "id" : "s8-t12",
      "begin" : 800,
      "end" : 811,
      "text" : "Restriction",
      "whiteSpace" : false
    }, {
      "id" : "s8-t13",
      "begin" : 812,
      "end" : 815,
      "text" : "and",
      "whiteSpace" : false
    }, {
      "id" : "s8-t14",
      "begin" : 816,
      "end" : 826,
      "text" : "Protective",
      "whiteSpace" : false
    }, {
      "id" : "s8-t15",
      "begin" : 827,
      "end" : 836,
      "text" : "Covenants",
      "whiteSpace" : false
    }, {
      "id" : "s8-t16",
      "begin" : 837,
      "end" : 840,
      "text" : "for",
      "whiteSpace" : false
    }, {
      "id" : "s8-t17",
      "begin" : 841,
      "end" : 846,
      "text" : "North",
      "whiteSpace" : false
    }, {
      "id" : "s8-t18",
      "begin" : 847,
      "end" : 851,
      "text" : "Oaks",
      "whiteSpace" : false
    }, {
      "id" : "s8-t19",
      "begin" : 852,
      "end" : 859,
      "text" : "Estates",
      "whiteSpace" : false
    }, {
      "id" : "s8-t20",
      "begin" : 860,
      "end" : 871,
      "text" : "Subdivision",
      "whiteSpace" : false
    }, {
      "id" : "s8-t21",
      "begin" : 872,
      "end" : 874,
      "text" : "of",
      "whiteSpace" : false
    }, {
      "id" : "s8-t22",
      "begin" : 875,
      "end" : 881,
      "text" : "record",
      "whiteSpace" : false
    }, {
      "id" : "s8-t23",
      "begin" : 882,
      "end" : 884,
      "text" : "in",
      "whiteSpace" : false
    }, {
      "id" : "s8-t24",
      "begin" : 885,
      "end" : 889,
      "text" : "Plat",
      "whiteSpace" : false
    }, {
      "id" : "s8-t25",
      "begin" : 890,
      "end" : 897,
      "text" : "Cabinet",
      "whiteSpace" : false
    }, {
      "id" : "s8-t26",
      "begin" : 898,
      "end" : 899,
      "text" : "A",
      "whiteSpace" : false
    }, {
      "id" : "s8-t27",
      "begin" : 899,
      "end" : 900,
      "text" : ",",
      "whiteSpace" : false
    }, {
      "id" : "s8-t28",
      "begin" : 901,
      "end" : 906,
      "text" : "Slide",
      "whiteSpace" : false
    }, {
      "id" : "s8-t29",
      "begin" : 907,
      "end" : 909,
      "text" : "93",
      "whiteSpace" : false
    }, {
      "id" : "s8-t30",
      "begin" : 909,
      "end" : 910,
      "text" : ",",
      "whiteSpace" : false
    } ]
  } ],
  "mentions" : [ {
    "id" : "s6-m1",
    "properties" : {
      "SIRE_MENTION_ROLE" : "WarrDeedBookNum",
      "SIRE_ENTITY_SUBTYPE" : "NONE",
      "SIRE_MENTION_TYPE" : "NONE",
      "SIRE_MENTION_CLASS" : "SPC"
    },
    "type" : "WarrDeedBookNum",
    "begin" : 700,
    "end" : 703,
    "inCoref" : false
  }, {
    "id" : "s6-m2",
    "properties" : {
      "SIRE_MENTION_ROLE" : "WarrDeedPageNum",
      "SIRE_ENTITY_SUBTYPE" : "NONE",
      "SIRE_MENTION_TYPE" : "NONE",
      "SIRE_MENTION_CLASS" : "SPC"
    },
    "type" : "WarrDeedPageNum",
    "begin" : 710,
    "end" : 714,
    "inCoref" : false
  } ],
  "relations" : [ ],
  "corefs" : [ ],
  "typeResolved" : true,
  "userResolved" : false
}