{
  "id" : "a5e530f0-54dc-11e9-9b8e-4bc9d96d3dde-2",
  "name" : "WD165-16.txt",
  "createdDate" : 0,
  "version" : 3,
  "text" : "********************************************???k******************** **********************************k****************************** WARRANTY DEED **********************???1:****************************************** ***************************************3k************************* ADDRESS NEW OWNERS AS FOLLOWS: SEND TAX STATEMENTS TO: Roger D. Litteral Same P. O. Box 296 Lobelville, TN 37097 Tax Map 156, Parcel 25 portion of *********************************it******************************* **???k****************************************???k********************* FOR AND IN CONSIDERATION OF THE SUM OF ONE AND N0/100 cash, in hand paid, the receipt and sufficiency of which is hereby acknowledged, NOW, THEREFORE, We, MAXIE WILKINSON and Wife, LINDA WILKINSON, have bargained and sold, and by these presents do transfer and convey unto the said ROGER D. LITTERAL, his heirs and assigns, a certain tract or parcel of land in the Fifth Civil District of Humphreys County, Tennessee, as follows: Lying in the 5th Civil District of Humphreys County, TN and being a part of a larger tract of land belonging to Maxie and Linda Wilkinson (Tax Map #156, Parcel #25 as described in Deed Book 160, page 1106) and a portion of Tract #16 on Plat Cabinet \"A \", Slide 194 at the Register's Office of Humphreys County, TN and XIE??? { INSON and wife, LINDA WILKINSON, the bargainors, with o???ersonally acquainted (or proved to me on the basis of Z??????gy evidence) and who acknowledged that they executed the i gih???nbingtrument for the purposes therein contained.articularly described as follows:, East 200.00 feet to an iron pin set; thence on a new line, to the point of beginning and containing 7.72 Acres., BEING a portion of the same property conveyed to Maxie, interruption of access along the private easement., q 5 am \"?, State of Iennessees Bounty of HUKFHREYS Received for record the 14 day of QCIQBER 1994 at, Recorded in official records Book BB165 Page, Register of Heads \n",
  "docLength" : 0,
  "language" : "EN",
  "status" : "SUBMITTED",
  "modifiedDate" : 1554165596608,
  "documentSet" : [ ],
  "preannotation" : [ ],
  "sentences" : [ {
    "id" : "s0",
    "begin" : 0,
    "end" : 369,
    "text" : "********************************************???k******************** **********************************k****************************** WARRANTY DEED **********************???1:****************************************** ***************************************3k************************* ADDRESS NEW OWNERS AS FOLLOWS: SEND TAX STATEMENTS TO: Roger D. Litteral Same P. O.",
    "tokens" : [ {
      "id" : "s0-t0",
      "begin" : 0,
      "end" : 44,
      "text" : "********************************************",
      "whiteSpace" : false
    }, {
      "id" : "s0-t1",
      "begin" : 44,
      "end" : 68,
      "text" : "???k********************",
      "whiteSpace" : false
    }, {
      "id" : "s0-t2",
      "begin" : 69,
      "end" : 103,
      "text" : "**********************************",
      "whiteSpace" : false
    }, {
      "id" : "s0-t3",
      "begin" : 103,
      "end" : 134,
      "text" : "k******************************",
      "whiteSpace" : false
    }, {
      "id" : "s0-t4",
      "begin" : 135,
      "end" : 143,
      "text" : "WARRANTY",
      "whiteSpace" : false
    }, {
      "id" : "s0-t5",
      "begin" : 144,
      "end" : 148,
      "text" : "DEED",
      "whiteSpace" : false
    }, {
      "id" : "s0-t6",
      "begin" : 149,
      "end" : 171,
      "text" : "**********************",
      "whiteSpace" : false
    }, {
      "id" : "s0-t7",
      "begin" : 171,
      "end" : 175,
      "text" : "???1",
      "whiteSpace" : false
    }, {
      "id" : "s0-t8",
      "begin" : 175,
      "end" : 176,
      "text" : ":",
      "whiteSpace" : false
    }, {
      "id" : "s0-t9",
      "begin" : 176,
      "end" : 218,
      "text" : "******************************************",
      "whiteSpace" : false
    }, {
      "id" : "s0-t10",
      "begin" : 219,
      "end" : 258,
      "text" : "***************************************",
      "whiteSpace" : false
    }, {
      "id" : "s0-t11",
      "begin" : 258,
      "end" : 284,
      "text" : "3k************************",
      "whiteSpace" : false
    }, {
      "id" : "s0-t12",
      "begin" : 284,
      "end" : 285,
      "text" : "*",
      "whiteSpace" : false
    }, {
      "id" : "s0-t13",
      "begin" : 286,
      "end" : 293,
      "text" : "ADDRESS",
      "whiteSpace" : false
    }, {
      "id" : "s0-t14",
      "begin" : 294,
      "end" : 297,
      "text" : "NEW",
      "whiteSpace" : false
    }, {
      "id" : "s0-t15",
      "begin" : 298,
      "end" : 304,
      "text" : "OWNERS",
      "whiteSpace" : false
    }, {
      "id" : "s0-t16",
      "begin" : 305,
      "end" : 307,
      "text" : "AS",
      "whiteSpace" : false
    }, {
      "id" : "s0-t17",
      "begin" : 308,
      "end" : 315,
      "text" : "FOLLOWS",
      "whiteSpace" : false
    }, {
      "id" : "s0-t18",
      "begin" : 315,
      "end" : 316,
      "text" : ":",
      "whiteSpace" : false
    }, {
      "id" : "s0-t19",
      "begin" : 317,
      "end" : 321,
      "text" : "SEND",
      "whiteSpace" : false
    }, {
      "id" : "s0-t20",
      "begin" : 322,
      "end" : 325,
      "text" : "TAX",
      "whiteSpace" : false
    }, {
      "id" : "s0-t21",
      "begin" : 326,
      "end" : 336,
      "text" : "STATEMENTS",
      "whiteSpace" : false
    }, {
      "id" : "s0-t22",
      "begin" : 337,
      "end" : 339,
      "text" : "TO",
      "whiteSpace" : false
    }, {
      "id" : "s0-t23",
      "begin" : 339,
      "end" : 340,
      "text" : ":",
      "whiteSpace" : false
    }, {
      "id" : "s0-t24",
      "begin" : 341,
      "end" : 346,
      "text" : "Roger",
      "whiteSpace" : false
    }, {
      "id" : "s0-t25",
      "begin" : 347,
      "end" : 349,
      "text" : "D.",
      "whiteSpace" : false
    }, {
      "id" : "s0-t26",
      "begin" : 350,
      "end" : 358,
      "text" : "Litteral",
      "whiteSpace" : false
    }, {
      "id" : "s0-t27",
      "begin" : 359,
      "end" : 363,
      "text" : "Same",
      "whiteSpace" : false
    }, {
      "id" : "s0-t28",
      "begin" : 364,
      "end" : 366,
      "text" : "P.",
      "whiteSpace" : false
    }, {
      "id" : "s0-t29",
      "begin" : 367,
      "end" : 368,
      "text" : "O",
      "whiteSpace" : false
    }, {
      "id" : "s0-t30",
      "begin" : 368,
      "end" : 369,
      "text" : ".",
      "whiteSpace" : false
    } ]
  }, {
    "id" : "s1",
    "begin" : 370,
    "end" : 1326,
    "text" : "Box 296 Lobelville, TN 37097 Tax Map 156, Parcel 25 portion of *********************************it******************************* **???k****************************************???k********************* FOR AND IN CONSIDERATION OF THE SUM OF ONE AND N0/100 cash, in hand paid, the receipt and sufficiency of which is hereby acknowledged, NOW, THEREFORE, We, MAXIE WILKINSON and Wife, LINDA WILKINSON, have bargained and sold, and by these presents do transfer and convey unto the said ROGER D. LITTERAL, his heirs and assigns, a certain tract or parcel of land in the Fifth Civil District of Humphreys County, Tennessee, as follows: Lying in the 5th Civil District of Humphreys County, TN and being a part of a larger tract of land belonging to Maxie and Linda Wilkinson (Tax Map #156, Parcel #25 as described in Deed Book 160, page 1106) and a portion of Tract #16 on Plat Cabinet \"A \", Slide 194 at the Register's Office of Humphreys County, TN and XIE???",
    "tokens" : [ {
      "id" : "s1-t0",
      "begin" : 370,
      "end" : 373,
      "text" : "Box",
      "whiteSpace" : false
    }, {
      "id" : "s1-t1",
      "begin" : 374,
      "end" : 377,
      "text" : "296",
      "whiteSpace" : false
    }, {
      "id" : "s1-t2",
      "begin" : 378,
      "end" : 388,
      "text" : "Lobelville",
      "whiteSpace" : false
    }, {
      "id" : "s1-t3",
      "begin" : 388,
      "end" : 389,
      "text" : ",",
      "whiteSpace" : false
    }, {
      "id" : "s1-t4",
      "begin" : 390,
      "end" : 392,
      "text" : "TN",
      "whiteSpace" : false
    }, {
      "id" : "s1-t5",
      "begin" : 393,
      "end" : 398,
      "text" : "37097",
      "whiteSpace" : false
    }, {
      "id" : "s1-t6",
      "begin" : 399,
      "end" : 402,
      "text" : "Tax",
      "whiteSpace" : false
    }, {
      "id" : "s1-t7",
      "begin" : 403,
      "end" : 406,
      "text" : "Map",
      "whiteSpace" : false
    }, {
      "id" : "s1-t8",
      "begin" : 407,
      "end" : 410,
      "text" : "156",
      "whiteSpace" : false
    }, {
      "id" : "s1-t9",
      "begin" : 410,
      "end" : 411,
      "text" : ",",
      "whiteSpace" : false
    }, {
      "id" : "s1-t10",
      "begin" : 412,
      "end" : 418,
      "text" : "Parcel",
      "whiteSpace" : false
    }, {
      "id" : "s1-t11",
      "begin" : 419,
      "end" : 421,
      "text" : "25",
      "whiteSpace" : false
    }, {
      "id" : "s1-t12",
      "begin" : 422,
      "end" : 429,
      "text" : "portion",
      "whiteSpace" : false
    }, {
      "id" : "s1-t13",
      "begin" : 430,
      "end" : 432,
      "text" : "of",
      "whiteSpace" : false
    }, {
      "id" : "s1-t14",
      "begin" : 433,
      "end" : 466,
      "text" : "*********************************",
      "whiteSpace" : false
    }, {
      "id" : "s1-t15",
      "begin" : 466,
      "end" : 499,
      "text" : "it*******************************",
      "whiteSpace" : false
    }, {
      "id" : "s1-t16",
      "begin" : 500,
      "end" : 502,
      "text" : "**",
      "whiteSpace" : false
    }, {
      "id" : "s1-t17",
      "begin" : 502,
      "end" : 546,
      "text" : "???k****************************************",
      "whiteSpace" : false
    }, {
      "id" : "s1-t18",
      "begin" : 546,
      "end" : 571,
      "text" : "???k*********************",
      "whiteSpace" : false
    }, {
      "id" : "s1-t19",
      "begin" : 572,
      "end" : 575,
      "text" : "FOR",
      "whiteSpace" : false
    }, {
      "id" : "s1-t20",
      "begin" : 576,
      "end" : 579,
      "text" : "AND",
      "whiteSpace" : false
    }, {
      "id" : "s1-t21",
      "begin" : 580,
      "end" : 582,
      "text" : "IN",
      "whiteSpace" : false
    }, {
      "id" : "s1-t22",
      "begin" : 583,
      "end" : 596,
      "text" : "CONSIDERATION",
      "whiteSpace" : false
    }, {
      "id" : "s1-t23",
      "begin" : 597,
      "end" : 599,
      "text" : "OF",
      "whiteSpace" : false
    }, {
      "id" : "s1-t24",
      "begin" : 600,
      "end" : 603,
      "text" : "THE",
      "whiteSpace" : false
    }, {
      "id" : "s1-t25",
      "begin" : 604,
      "end" : 607,
      "text" : "SUM",
      "whiteSpace" : false
    }, {
      "id" : "s1-t26",
      "begin" : 608,
      "end" : 610,
      "text" : "OF",
      "whiteSpace" : false
    }, {
      "id" : "s1-t27",
      "begin" : 611,
      "end" : 614,
      "text" : "ONE",
      "whiteSpace" : false
    }, {
      "id" : "s1-t28",
      "begin" : 615,
      "end" : 618,
      "text" : "AND",
      "whiteSpace" : false
    }, {
      "id" : "s1-t29",
      "begin" : 619,
      "end" : 625,
      "text" : "N0/100",
      "whiteSpace" : false
    }, {
      "id" : "s1-t30",
      "begin" : 626,
      "end" : 630,
      "text" : "cash",
      "whiteSpace" : false
    }, {
      "id" : "s1-t31",
      "begin" : 630,
      "end" : 631,
      "text" : ",",
      "whiteSpace" : false
    }, {
      "id" : "s1-t32",
      "begin" : 632,
      "end" : 634,
      "text" : "in",
      "whiteSpace" : false
    }, {
      "id" : "s1-t33",
      "begin" : 635,
      "end" : 639,
      "text" : "hand",
      "whiteSpace" : false
    }, {
      "id" : "s1-t34",
      "begin" : 640,
      "end" : 644,
      "text" : "paid",
      "whiteSpace" : false
    }, {
      "id" : "s1-t35",
      "begin" : 644,
      "end" : 645,
      "text" : ",",
      "whiteSpace" : false
    }, {
      "id" : "s1-t36",
      "begin" : 646,
      "end" : 649,
      "text" : "the",
      "whiteSpace" : false
    }, {
      "id" : "s1-t37",
      "begin" : 650,
      "end" : 657,
      "text" : "receipt",
      "whiteSpace" : false
    }, {
      "id" : "s1-t38",
      "begin" : 658,
      "end" : 661,
      "text" : "and",
      "whiteSpace" : false
    }, {
      "id" : "s1-t39",
      "begin" : 662,
      "end" : 673,
      "text" : "sufficiency",
      "whiteSpace" : false
    }, {
      "id" : "s1-t40",
      "begin" : 674,
      "end" : 676,
      "text" : "of",
      "whiteSpace" : false
    }, {
      "id" : "s1-t41",
      "begin" : 677,
      "end" : 682,
      "text" : "which",
      "whiteSpace" : false
    }, {
      "id" : "s1-t42",
      "begin" : 683,
      "end" : 685,
      "text" : "is",
      "whiteSpace" : false
    }, {
      "id" : "s1-t43",
      "begin" : 686,
      "end" : 692,
      "text" : "hereby",
      "whiteSpace" : false
    }, {
      "id" : "s1-t44",
      "begin" : 693,
      "end" : 705,
      "text" : "acknowledged",
      "whiteSpace" : false
    }, {
      "id" : "s1-t45",
      "begin" : 705,
      "end" : 706,
      "text" : ",",
      "whiteSpace" : false
    }, {
      "id" : "s1-t46",
      "begin" : 707,
      "end" : 710,
      "text" : "NOW",
      "whiteSpace" : false
    }, {
      "id" : "s1-t47",
      "begin" : 710,
      "end" : 711,
      "text" : ",",
      "whiteSpace" : false
    }, {
      "id" : "s1-t48",
      "begin" : 712,
      "end" : 721,
      "text" : "THEREFORE",
      "whiteSpace" : false
    }, {
      "id" : "s1-t49",
      "begin" : 721,
      "end" : 722,
      "text" : ",",
      "whiteSpace" : false
    }, {
      "id" : "s1-t50",
      "begin" : 723,
      "end" : 725,
      "text" : "We",
      "whiteSpace" : false
    }, {
      "id" : "s1-t51",
      "begin" : 725,
      "end" : 726,
      "text" : ",",
      "whiteSpace" : false
    }, {
      "id" : "s1-t52",
      "begin" : 727,
      "end" : 732,
      "text" : "MAXIE",
      "whiteSpace" : false
    }, {
      "id" : "s1-t53",
      "begin" : 733,
      "end" : 742,
      "text" : "WILKINSON",
      "whiteSpace" : false
    }, {
      "id" : "s1-t54",
      "begin" : 743,
      "end" : 746,
      "text" : "and",
      "whiteSpace" : false
    }, {
      "id" : "s1-t55",
      "begin" : 747,
      "end" : 751,
      "text" : "Wife",
      "whiteSpace" : false
    }, {
      "id" : "s1-t56",
      "begin" : 751,
      "end" : 752,
      "text" : ",",
      "whiteSpace" : false
    }, {
      "id" : "s1-t57",
      "begin" : 753,
      "end" : 758,
      "text" : "LINDA",
      "whiteSpace" : false
    }, {
      "id" : "s1-t58",
      "begin" : 759,
      "end" : 768,
      "text" : "WILKINSON",
      "whiteSpace" : false
    }, {
      "id" : "s1-t59",
      "begin" : 768,
      "end" : 769,
      "text" : ",",
      "whiteSpace" : false
    }, {
      "id" : "s1-t60",
      "begin" : 770,
      "end" : 774,
      "text" : "have",
      "whiteSpace" : false
    }, {
      "id" : "s1-t61",
      "begin" : 775,
      "end" : 784,
      "text" : "bargained",
      "whiteSpace" : false
    }, {
      "id" : "s1-t62",
      "begin" : 785,
      "end" : 788,
      "text" : "and",
      "whiteSpace" : false
    }, {
      "id" : "s1-t63",
      "begin" : 789,
      "end" : 793,
      "text" : "sold",
      "whiteSpace" : false
    }, {
      "id" : "s1-t64",
      "begin" : 793,
      "end" : 794,
      "text" : ",",
      "whiteSpace" : false
    }, {
      "id" : "s1-t65",
      "begin" : 795,
      "end" : 798,
      "text" : "and",
      "whiteSpace" : false
    }, {
      "id" : "s1-t66",
      "begin" : 799,
      "end" : 801,
      "text" : "by",
      "whiteSpace" : false
    }, {
      "id" : "s1-t67",
      "begin" : 802,
      "end" : 807,
      "text" : "these",
      "whiteSpace" : false
    }, {
      "id" : "s1-t68",
      "begin" : 808,
      "end" : 816,
      "text" : "presents",
      "whiteSpace" : false
    }, {
      "id" : "s1-t69",
      "begin" : 817,
      "end" : 819,
      "text" : "do",
      "whiteSpace" : false
    }, {
      "id" : "s1-t70",
      "begin" : 820,
      "end" : 828,
      "text" : "transfer",
      "whiteSpace" : false
    }, {
      "id" : "s1-t71",
      "begin" : 829,
      "end" : 832,
      "text" : "and",
      "whiteSpace" : false
    }, {
      "id" : "s1-t72",
      "begin" : 833,
      "end" : 839,
      "text" : "convey",
      "whiteSpace" : false
    }, {
      "id" : "s1-t73",
      "begin" : 840,
      "end" : 844,
      "text" : "unto",
      "whiteSpace" : false
    }, {
      "id" : "s1-t74",
      "begin" : 845,
      "end" : 848,
      "text" : "the",
      "whiteSpace" : false
    }, {
      "id" : "s1-t75",
      "begin" : 849,
      "end" : 853,
      "text" : "said",
      "whiteSpace" : false
    }, {
      "id" : "s1-t76",
      "begin" : 854,
      "end" : 859,
      "text" : "ROGER",
      "whiteSpace" : false
    }, {
      "id" : "s1-t77",
      "begin" : 860,
      "end" : 862,
      "text" : "D.",
      "whiteSpace" : false
    }, {
      "id" : "s1-t78",
      "begin" : 863,
      "end" : 871,
      "text" : "LITTERAL",
      "whiteSpace" : false
    }, {
      "id" : "s1-t79",
      "begin" : 871,
      "end" : 872,
      "text" : ",",
      "whiteSpace" : false
    }, {
      "id" : "s1-t80",
      "begin" : 873,
      "end" : 876,
      "text" : "his",
      "whiteSpace" : false
    }, {
      "id" : "s1-t81",
      "begin" : 877,
      "end" : 882,
      "text" : "heirs",
      "whiteSpace" : false
    }, {
      "id" : "s1-t82",
      "begin" : 883,
      "end" : 886,
      "text" : "and",
      "whiteSpace" : false
    }, {
      "id" : "s1-t83",
      "begin" : 887,
      "end" : 894,
      "text" : "assigns",
      "whiteSpace" : false
    }, {
      "id" : "s1-t84",
      "begin" : 894,
      "end" : 895,
      "text" : ",",
      "whiteSpace" : false
    }, {
      "id" : "s1-t85",
      "begin" : 896,
      "end" : 897,
      "text" : "a",
      "whiteSpace" : false
    }, {
      "id" : "s1-t86",
      "begin" : 898,
      "end" : 905,
      "text" : "certain",
      "whiteSpace" : false
    }, {
      "id" : "s1-t87",
      "begin" : 906,
      "end" : 911,
      "text" : "tract",
      "whiteSpace" : false
    }, {
      "id" : "s1-t88",
      "begin" : 912,
      "end" : 914,
      "text" : "or",
      "whiteSpace" : false
    }, {
      "id" : "s1-t89",
      "begin" : 915,
      "end" : 921,
      "text" : "parcel",
      "whiteSpace" : false
    }, {
      "id" : "s1-t90",
      "begin" : 922,
      "end" : 924,
      "text" : "of",
      "whiteSpace" : false
    }, {
      "id" : "s1-t91",
      "begin" : 925,
      "end" : 929,
      "text" : "land",
      "whiteSpace" : false
    }, {
      "id" : "s1-t92",
      "begin" : 930,
      "end" : 932,
      "text" : "in",
      "whiteSpace" : false
    }, {
      "id" : "s1-t93",
      "begin" : 933,
      "end" : 936,
      "text" : "the",
      "whiteSpace" : false
    }, {
      "id" : "s1-t94",
      "begin" : 937,
      "end" : 942,
      "text" : "Fifth",
      "whiteSpace" : false
    }, {
      "id" : "s1-t95",
      "begin" : 943,
      "end" : 948,
      "text" : "Civil",
      "whiteSpace" : false
    }, {
      "id" : "s1-t96",
      "begin" : 949,
      "end" : 957,
      "text" : "District",
      "whiteSpace" : false
    }, {
      "id" : "s1-t97",
      "begin" : 958,
      "end" : 960,
      "text" : "of",
      "whiteSpace" : false
    }, {
      "id" : "s1-t98",
      "begin" : 961,
      "end" : 970,
      "text" : "Humphreys",
      "whiteSpace" : false
    }, {
      "id" : "s1-t99",
      "begin" : 971,
      "end" : 977,
      "text" : "County",
      "whiteSpace" : false
    }, {
      "id" : "s1-t100",
      "begin" : 977,
      "end" : 978,
      "text" : ",",
      "whiteSpace" : false
    }, {
      "id" : "s1-t101",
      "begin" : 979,
      "end" : 988,
      "text" : "Tennessee",
      "whiteSpace" : false
    }, {
      "id" : "s1-t102",
      "begin" : 988,
      "end" : 989,
      "text" : ",",
      "whiteSpace" : false
    }, {
      "id" : "s1-t103",
      "begin" : 990,
      "end" : 992,
      "text" : "as",
      "whiteSpace" : false
    }, {
      "id" : "s1-t104",
      "begin" : 993,
      "end" : 1000,
      "text" : "follows",
      "whiteSpace" : false
    }, {
      "id" : "s1-t105",
      "begin" : 1000,
      "end" : 1001,
      "text" : ":",
      "whiteSpace" : false
    }, {
      "id" : "s1-t106",
      "begin" : 1002,
      "end" : 1007,
      "text" : "Lying",
      "whiteSpace" : false
    }, {
      "id" : "s1-t107",
      "begin" : 1008,
      "end" : 1010,
      "text" : "in",
      "whiteSpace" : false
    }, {
      "id" : "s1-t108",
      "begin" : 1011,
      "end" : 1014,
      "text" : "the",
      "whiteSpace" : false
    }, {
      "id" : "s1-t109",
      "begin" : 1015,
      "end" : 1018,
      "text" : "5th",
      "whiteSpace" : false
    }, {
      "id" : "s1-t110",
      "begin" : 1019,
      "end" : 1024,
      "text" : "Civil",
      "whiteSpace" : false
    }, {
      "id" : "s1-t111",
      "begin" : 1025,
      "end" : 1033,
      "text" : "District",
      "whiteSpace" : false
    }, {
      "id" : "s1-t112",
      "begin" : 1034,
      "end" : 1036,
      "text" : "of",
      "whiteSpace" : false
    }, {
      "id" : "s1-t113",
      "begin" : 1037,
      "end" : 1046,
      "text" : "Humphreys",
      "whiteSpace" : false
    }, {
      "id" : "s1-t114",
      "begin" : 1047,
      "end" : 1053,
      "text" : "County",
      "whiteSpace" : false
    }, {
      "id" : "s1-t115",
      "begin" : 1053,
      "end" : 1054,
      "text" : ",",
      "whiteSpace" : false
    }, {
      "id" : "s1-t116",
      "begin" : 1055,
      "end" : 1057,
      "text" : "TN",
      "whiteSpace" : false
    }, {
      "id" : "s1-t117",
      "begin" : 1058,
      "end" : 1061,
      "text" : "and",
      "whiteSpace" : false
    }, {
      "id" : "s1-t118",
      "begin" : 1062,
      "end" : 1067,
      "text" : "being",
      "whiteSpace" : false
    }, {
      "id" : "s1-t119",
      "begin" : 1068,
      "end" : 1069,
      "text" : "a",
      "whiteSpace" : false
    }, {
      "id" : "s1-t120",
      "begin" : 1070,
      "end" : 1074,
      "text" : "part",
      "whiteSpace" : false
    }, {
      "id" : "s1-t121",
      "begin" : 1075,
      "end" : 1077,
      "text" : "of",
      "whiteSpace" : false
    }, {
      "id" : "s1-t122",
      "begin" : 1078,
      "end" : 1079,
      "text" : "a",
      "whiteSpace" : false
    }, {
      "id" : "s1-t123",
      "begin" : 1080,
      "end" : 1086,
      "text" : "larger",
      "whiteSpace" : false
    }, {
      "id" : "s1-t124",
      "begin" : 1087,
      "end" : 1092,
      "text" : "tract",
      "whiteSpace" : false
    }, {
      "id" : "s1-t125",
      "begin" : 1093,
      "end" : 1095,
      "text" : "of",
      "whiteSpace" : false
    }, {
      "id" : "s1-t126",
      "begin" : 1096,
      "end" : 1100,
      "text" : "land",
      "whiteSpace" : false
    }, {
      "id" : "s1-t127",
      "begin" : 1101,
      "end" : 1110,
      "text" : "belonging",
      "whiteSpace" : false
    }, {
      "id" : "s1-t128",
      "begin" : 1111,
      "end" : 1113,
      "text" : "to",
      "whiteSpace" : false
    }, {
      "id" : "s1-t129",
      "begin" : 1114,
      "end" : 1119,
      "text" : "Maxie",
      "whiteSpace" : false
    }, {
      "id" : "s1-t130",
      "begin" : 1120,
      "end" : 1123,
      "text" : "and",
      "whiteSpace" : false
    }, {
      "id" : "s1-t131",
      "begin" : 1124,
      "end" : 1129,
      "text" : "Linda",
      "whiteSpace" : false
    }, {
      "id" : "s1-t132",
      "begin" : 1130,
      "end" : 1139,
      "text" : "Wilkinson",
      "whiteSpace" : false
    }, {
      "id" : "s1-t133",
      "begin" : 1140,
      "end" : 1141,
      "text" : "(",
      "whiteSpace" : false
    }, {
      "id" : "s1-t134",
      "begin" : 1141,
      "end" : 1144,
      "text" : "Tax",
      "whiteSpace" : false
    }, {
      "id" : "s1-t135",
      "begin" : 1145,
      "end" : 1148,
      "text" : "Map",
      "whiteSpace" : false
    }, {
      "id" : "s1-t136",
      "begin" : 1149,
      "end" : 1153,
      "text" : "#156",
      "whiteSpace" : false
    }, {
      "id" : "s1-t137",
      "begin" : 1153,
      "end" : 1154,
      "text" : ",",
      "whiteSpace" : false
    }, {
      "id" : "s1-t138",
      "begin" : 1155,
      "end" : 1161,
      "text" : "Parcel",
      "whiteSpace" : false
    }, {
      "id" : "s1-t139",
      "begin" : 1162,
      "end" : 1165,
      "text" : "#25",
      "whiteSpace" : false
    }, {
      "id" : "s1-t140",
      "begin" : 1166,
      "end" : 1168,
      "text" : "as",
      "whiteSpace" : false
    }, {
      "id" : "s1-t141",
      "begin" : 1169,
      "end" : 1178,
      "text" : "described",
      "whiteSpace" : false
    }, {
      "id" : "s1-t142",
      "begin" : 1179,
      "end" : 1181,
      "text" : "in",
      "whiteSpace" : false
    }, {
      "id" : "s1-t143",
      "begin" : 1182,
      "end" : 1186,
      "text" : "Deed",
      "whiteSpace" : false
    }, {
      "id" : "s1-t144",
      "begin" : 1187,
      "end" : 1191,
      "text" : "Book",
      "whiteSpace" : false
    }, {
      "id" : "s1-t145",
      "begin" : 1192,
      "end" : 1195,
      "text" : "160",
      "whiteSpace" : false
    }, {
      "id" : "s1-t146",
      "begin" : 1195,
      "end" : 1196,
      "text" : ",",
      "whiteSpace" : false
    }, {
      "id" : "s1-t147",
      "begin" : 1197,
      "end" : 1201,
      "text" : "page",
      "whiteSpace" : false
    }, {
      "id" : "s1-t148",
      "begin" : 1202,
      "end" : 1206,
      "text" : "1106",
      "whiteSpace" : false
    }, {
      "id" : "s1-t149",
      "begin" : 1206,
      "end" : 1207,
      "text" : ")",
      "whiteSpace" : false
    }, {
      "id" : "s1-t150",
      "begin" : 1208,
      "end" : 1211,
      "text" : "and",
      "whiteSpace" : false
    }, {
      "id" : "s1-t151",
      "begin" : 1212,
      "end" : 1213,
      "text" : "a",
      "whiteSpace" : false
    }, {
      "id" : "s1-t152",
      "begin" : 1214,
      "end" : 1221,
      "text" : "portion",
      "whiteSpace" : false
    }, {
      "id" : "s1-t153",
      "begin" : 1222,
      "end" : 1224,
      "text" : "of",
      "whiteSpace" : false
    }, {
      "id" : "s1-t154",
      "begin" : 1225,
      "end" : 1230,
      "text" : "Tract",
      "whiteSpace" : false
    }, {
      "id" : "s1-t155",
      "begin" : 1231,
      "end" : 1234,
      "text" : "#16",
      "whiteSpace" : false
    }, {
      "id" : "s1-t156",
      "begin" : 1235,
      "end" : 1237,
      "text" : "on",
      "whiteSpace" : false
    }, {
      "id" : "s1-t157",
      "begin" : 1238,
      "end" : 1242,
      "text" : "Plat",
      "whiteSpace" : false
    }, {
      "id" : "s1-t158",
      "begin" : 1243,
      "end" : 1250,
      "text" : "Cabinet",
      "whiteSpace" : false
    }, {
      "id" : "s1-t159",
      "begin" : 1251,
      "end" : 1252,
      "text" : "\"",
      "whiteSpace" : false
    }, {
      "id" : "s1-t160",
      "begin" : 1252,
      "end" : 1253,
      "text" : "A",
      "whiteSpace" : false
    }, {
      "id" : "s1-t161",
      "begin" : 1254,
      "end" : 1255,
      "text" : "\"",
      "whiteSpace" : false
    }, {
      "id" : "s1-t162",
      "begin" : 1255,
      "end" : 1256,
      "text" : ",",
      "whiteSpace" : false
    }, {
      "id" : "s1-t163",
      "begin" : 1257,
      "end" : 1262,
      "text" : "Slide",
      "whiteSpace" : false
    }, {
      "id" : "s1-t164",
      "begin" : 1263,
      "end" : 1266,
      "text" : "194",
      "whiteSpace" : false
    }, {
      "id" : "s1-t165",
      "begin" : 1267,
      "end" : 1269,
      "text" : "at",
      "whiteSpace" : false
    }, {
      "id" : "s1-t166",
      "begin" : 1270,
      "end" : 1273,
      "text" : "the",
      "whiteSpace" : false
    }, {
      "id" : "s1-t167",
      "begin" : 1274,
      "end" : 1282,
      "text" : "Register",
      "whiteSpace" : false
    }, {
      "id" : "s1-t168",
      "begin" : 1282,
      "end" : 1284,
      "text" : "'s",
      "whiteSpace" : false
    }, {
      "id" : "s1-t169",
      "begin" : 1285,
      "end" : 1291,
      "text" : "Office",
      "whiteSpace" : false
    }, {
      "id" : "s1-t170",
      "begin" : 1292,
      "end" : 1294,
      "text" : "of",
      "whiteSpace" : false
    }, {
      "id" : "s1-t171",
      "begin" : 1295,
      "end" : 1304,
      "text" : "Humphreys",
      "whiteSpace" : false
    }, {
      "id" : "s1-t172",
      "begin" : 1305,
      "end" : 1311,
      "text" : "County",
      "whiteSpace" : false
    }, {
      "id" : "s1-t173",
      "begin" : 1311,
      "end" : 1312,
      "text" : ",",
      "whiteSpace" : false
    }, {
      "id" : "s1-t174",
      "begin" : 1313,
      "end" : 1315,
      "text" : "TN",
      "whiteSpace" : false
    }, {
      "id" : "s1-t175",
      "begin" : 1316,
      "end" : 1319,
      "text" : "and",
      "whiteSpace" : false
    }, {
      "id" : "s1-t176",
      "begin" : 1320,
      "end" : 1325,
      "text" : "XIE??",
      "whiteSpace" : false
    }, {
      "id" : "s1-t177",
      "begin" : 1325,
      "end" : 1326,
      "text" : "?",
      "whiteSpace" : false
    } ]
  }, {
    "id" : "s2",
    "begin" : 1327,
    "end" : 1385,
    "text" : "{ INSON and wife, LINDA WILKINSON, the bargainors, with o?",
    "tokens" : [ {
      "id" : "s2-t0",
      "begin" : 1327,
      "end" : 1328,
      "text" : "{",
      "whiteSpace" : false
    }, {
      "id" : "s2-t1",
      "begin" : 1329,
      "end" : 1334,
      "text" : "INSON",
      "whiteSpace" : false
    }, {
      "id" : "s2-t2",
      "begin" : 1335,
      "end" : 1338,
      "text" : "and",
      "whiteSpace" : false
    }, {
      "id" : "s2-t3",
      "begin" : 1339,
      "end" : 1343,
      "text" : "wife",
      "whiteSpace" : false
    }, {
      "id" : "s2-t4",
      "begin" : 1343,
      "end" : 1344,
      "text" : ",",
      "whiteSpace" : false
    }, {
      "id" : "s2-t5",
      "begin" : 1345,
      "end" : 1350,
      "text" : "LINDA",
      "whiteSpace" : false
    }, {
      "id" : "s2-t6",
      "begin" : 1351,
      "end" : 1360,
      "text" : "WILKINSON",
      "whiteSpace" : false
    }, {
      "id" : "s2-t7",
      "begin" : 1360,
      "end" : 1361,
      "text" : ",",
      "whiteSpace" : false
    }, {
      "id" : "s2-t8",
      "begin" : 1362,
      "end" : 1365,
      "text" : "the",
      "whiteSpace" : false
    }, {
      "id" : "s2-t9",
      "begin" : 1366,
      "end" : 1376,
      "text" : "bargainors",
      "whiteSpace" : false
    }, {
      "id" : "s2-t10",
      "begin" : 1376,
      "end" : 1377,
      "text" : ",",
      "whiteSpace" : false
    }, {
      "id" : "s2-t11",
      "begin" : 1378,
      "end" : 1382,
      "text" : "with",
      "whiteSpace" : false
    }, {
      "id" : "s2-t12",
      "begin" : 1383,
      "end" : 1384,
      "text" : "o",
      "whiteSpace" : false
    }, {
      "id" : "s2-t13",
      "begin" : 1384,
      "end" : 1385,
      "text" : "?",
      "whiteSpace" : false
    } ]
  }, {
    "id" : "s3",
    "begin" : 1385,
    "end" : 1511,
    "text" : "??ersonally acquainted (or proved to me on the basis of Z??????gy evidence) and who acknowledged that they executed the i gih?",
    "tokens" : [ {
      "id" : "s3-t0",
      "begin" : 1385,
      "end" : 1396,
      "text" : "??ersonally",
      "whiteSpace" : false
    }, {
      "id" : "s3-t1",
      "begin" : 1397,
      "end" : 1407,
      "text" : "acquainted",
      "whiteSpace" : false
    }, {
      "id" : "s3-t2",
      "begin" : 1408,
      "end" : 1409,
      "text" : "(",
      "whiteSpace" : false
    }, {
      "id" : "s3-t3",
      "begin" : 1409,
      "end" : 1411,
      "text" : "or",
      "whiteSpace" : false
    }, {
      "id" : "s3-t4",
      "begin" : 1412,
      "end" : 1418,
      "text" : "proved",
      "whiteSpace" : false
    }, {
      "id" : "s3-t5",
      "begin" : 1419,
      "end" : 1421,
      "text" : "to",
      "whiteSpace" : false
    }, {
      "id" : "s3-t6",
      "begin" : 1422,
      "end" : 1424,
      "text" : "me",
      "whiteSpace" : false
    }, {
      "id" : "s3-t7",
      "begin" : 1425,
      "end" : 1427,
      "text" : "on",
      "whiteSpace" : false
    }, {
      "id" : "s3-t8",
      "begin" : 1428,
      "end" : 1431,
      "text" : "the",
      "whiteSpace" : false
    }, {
      "id" : "s3-t9",
      "begin" : 1432,
      "end" : 1437,
      "text" : "basis",
      "whiteSpace" : false
    }, {
      "id" : "s3-t10",
      "begin" : 1438,
      "end" : 1440,
      "text" : "of",
      "whiteSpace" : false
    }, {
      "id" : "s3-t11",
      "begin" : 1441,
      "end" : 1450,
      "text" : "Z??????gy",
      "whiteSpace" : false
    }, {
      "id" : "s3-t12",
      "begin" : 1451,
      "end" : 1459,
      "text" : "evidence",
      "whiteSpace" : false
    }, {
      "id" : "s3-t13",
      "begin" : 1459,
      "end" : 1460,
      "text" : ")",
      "whiteSpace" : false
    }, {
      "id" : "s3-t14",
      "begin" : 1461,
      "end" : 1464,
      "text" : "and",
      "whiteSpace" : false
    }, {
      "id" : "s3-t15",
      "begin" : 1465,
      "end" : 1468,
      "text" : "who",
      "whiteSpace" : false
    }, {
      "id" : "s3-t16",
      "begin" : 1469,
      "end" : 1481,
      "text" : "acknowledged",
      "whiteSpace" : false
    }, {
      "id" : "s3-t17",
      "begin" : 1482,
      "end" : 1486,
      "text" : "that",
      "whiteSpace" : false
    }, {
      "id" : "s3-t18",
      "begin" : 1487,
      "end" : 1491,
      "text" : "they",
      "whiteSpace" : false
    }, {
      "id" : "s3-t19",
      "begin" : 1492,
      "end" : 1500,
      "text" : "executed",
      "whiteSpace" : false
    }, {
      "id" : "s3-t20",
      "begin" : 1501,
      "end" : 1504,
      "text" : "the",
      "whiteSpace" : false
    }, {
      "id" : "s3-t21",
      "begin" : 1505,
      "end" : 1506,
      "text" : "i",
      "whiteSpace" : false
    }, {
      "id" : "s3-t22",
      "begin" : 1507,
      "end" : 1510,
      "text" : "gih",
      "whiteSpace" : false
    }, {
      "id" : "s3-t23",
      "begin" : 1510,
      "end" : 1511,
      "text" : "?",
      "whiteSpace" : false
    } ]
  }, {
    "id" : "s4",
    "begin" : 1511,
    "end" : 1982,
    "text" : "??nbingtrument for the purposes therein contained.articularly described as follows:, East 200.00 feet to an iron pin set; thence on a new line, to the point of beginning and containing 7.72 Acres., BEING a portion of the same property conveyed to Maxie, interruption of access along the private easement., q 5 am \"?, State of Iennessees Bounty of HUKFHREYS Received for record the 14 day of QCIQBER 1994 at, Recorded in official records Book BB165 Page, Register of Heads",
    "tokens" : [ {
      "id" : "s4-t0",
      "begin" : 1511,
      "end" : 1525,
      "text" : "??nbingtrument",
      "whiteSpace" : false
    }, {
      "id" : "s4-t1",
      "begin" : 1526,
      "end" : 1529,
      "text" : "for",
      "whiteSpace" : false
    }, {
      "id" : "s4-t2",
      "begin" : 1530,
      "end" : 1533,
      "text" : "the",
      "whiteSpace" : false
    }, {
      "id" : "s4-t3",
      "begin" : 1534,
      "end" : 1542,
      "text" : "purposes",
      "whiteSpace" : false
    }, {
      "id" : "s4-t4",
      "begin" : 1543,
      "end" : 1550,
      "text" : "therein",
      "whiteSpace" : false
    }, {
      "id" : "s4-t5",
      "begin" : 1551,
      "end" : 1572,
      "text" : "contained.articularly",
      "whiteSpace" : false
    }, {
      "id" : "s4-t6",
      "begin" : 1573,
      "end" : 1582,
      "text" : "described",
      "whiteSpace" : false
    }, {
      "id" : "s4-t7",
      "begin" : 1583,
      "end" : 1585,
      "text" : "as",
      "whiteSpace" : false
    }, {
      "id" : "s4-t8",
      "begin" : 1586,
      "end" : 1593,
      "text" : "follows",
      "whiteSpace" : false
    }, {
      "id" : "s4-t9",
      "begin" : 1593,
      "end" : 1594,
      "text" : ":",
      "whiteSpace" : false
    }, {
      "id" : "s4-t10",
      "begin" : 1594,
      "end" : 1595,
      "text" : ",",
      "whiteSpace" : false
    }, {
      "id" : "s4-t11",
      "begin" : 1596,
      "end" : 1600,
      "text" : "East",
      "whiteSpace" : false
    }, {
      "id" : "s4-t12",
      "begin" : 1601,
      "end" : 1607,
      "text" : "200.00",
      "whiteSpace" : false
    }, {
      "id" : "s4-t13",
      "begin" : 1608,
      "end" : 1612,
      "text" : "feet",
      "whiteSpace" : false
    }, {
      "id" : "s4-t14",
      "begin" : 1613,
      "end" : 1615,
      "text" : "to",
      "whiteSpace" : false
    }, {
      "id" : "s4-t15",
      "begin" : 1616,
      "end" : 1618,
      "text" : "an",
      "whiteSpace" : false
    }, {
      "id" : "s4-t16",
      "begin" : 1619,
      "end" : 1623,
      "text" : "iron",
      "whiteSpace" : false
    }, {
      "id" : "s4-t17",
      "begin" : 1624,
      "end" : 1627,
      "text" : "pin",
      "whiteSpace" : false
    }, {
      "id" : "s4-t18",
      "begin" : 1628,
      "end" : 1631,
      "text" : "set",
      "whiteSpace" : false
    }, {
      "id" : "s4-t19",
      "begin" : 1631,
      "end" : 1632,
      "text" : ";",
      "whiteSpace" : false
    }, {
      "id" : "s4-t20",
      "begin" : 1633,
      "end" : 1639,
      "text" : "thence",
      "whiteSpace" : false
    }, {
      "id" : "s4-t21",
      "begin" : 1640,
      "end" : 1642,
      "text" : "on",
      "whiteSpace" : false
    }, {
      "id" : "s4-t22",
      "begin" : 1643,
      "end" : 1644,
      "text" : "a",
      "whiteSpace" : false
    }, {
      "id" : "s4-t23",
      "begin" : 1645,
      "end" : 1648,
      "text" : "new",
      "whiteSpace" : false
    }, {
      "id" : "s4-t24",
      "begin" : 1649,
      "end" : 1653,
      "text" : "line",
      "whiteSpace" : false
    }, {
      "id" : "s4-t25",
      "begin" : 1653,
      "end" : 1654,
      "text" : ",",
      "whiteSpace" : false
    }, {
      "id" : "s4-t26",
      "begin" : 1655,
      "end" : 1657,
      "text" : "to",
      "whiteSpace" : false
    }, {
      "id" : "s4-t27",
      "begin" : 1658,
      "end" : 1661,
      "text" : "the",
      "whiteSpace" : false
    }, {
      "id" : "s4-t28",
      "begin" : 1662,
      "end" : 1667,
      "text" : "point",
      "whiteSpace" : false
    }, {
      "id" : "s4-t29",
      "begin" : 1668,
      "end" : 1670,
      "text" : "of",
      "whiteSpace" : false
    }, {
      "id" : "s4-t30",
      "begin" : 1671,
      "end" : 1680,
      "text" : "beginning",
      "whiteSpace" : false
    }, {
      "id" : "s4-t31",
      "begin" : 1681,
      "end" : 1684,
      "text" : "and",
      "whiteSpace" : false
    }, {
      "id" : "s4-t32",
      "begin" : 1685,
      "end" : 1695,
      "text" : "containing",
      "whiteSpace" : false
    }, {
      "id" : "s4-t33",
      "begin" : 1696,
      "end" : 1700,
      "text" : "7.72",
      "whiteSpace" : false
    }, {
      "id" : "s4-t34",
      "begin" : 1701,
      "end" : 1707,
      "text" : "Acres.",
      "whiteSpace" : false
    }, {
      "id" : "s4-t35",
      "begin" : 1707,
      "end" : 1708,
      "text" : ",",
      "whiteSpace" : false
    }, {
      "id" : "s4-t36",
      "begin" : 1709,
      "end" : 1714,
      "text" : "BEING",
      "whiteSpace" : false
    }, {
      "id" : "s4-t37",
      "begin" : 1715,
      "end" : 1716,
      "text" : "a",
      "whiteSpace" : false
    }, {
      "id" : "s4-t38",
      "begin" : 1717,
      "end" : 1724,
      "text" : "portion",
      "whiteSpace" : false
    }, {
      "id" : "s4-t39",
      "begin" : 1725,
      "end" : 1727,
      "text" : "of",
      "whiteSpace" : false
    }, {
      "id" : "s4-t40",
      "begin" : 1728,
      "end" : 1731,
      "text" : "the",
      "whiteSpace" : false
    }, {
      "id" : "s4-t41",
      "begin" : 1732,
      "end" : 1736,
      "text" : "same",
      "whiteSpace" : false
    }, {
      "id" : "s4-t42",
      "begin" : 1737,
      "end" : 1745,
      "text" : "property",
      "whiteSpace" : false
    }, {
      "id" : "s4-t43",
      "begin" : 1746,
      "end" : 1754,
      "text" : "conveyed",
      "whiteSpace" : false
    }, {
      "id" : "s4-t44",
      "begin" : 1755,
      "end" : 1757,
      "text" : "to",
      "whiteSpace" : false
    }, {
      "id" : "s4-t45",
      "begin" : 1758,
      "end" : 1763,
      "text" : "Maxie",
      "whiteSpace" : false
    }, {
      "id" : "s4-t46",
      "begin" : 1763,
      "end" : 1764,
      "text" : ",",
      "whiteSpace" : false
    }, {
      "id" : "s4-t47",
      "begin" : 1765,
      "end" : 1777,
      "text" : "interruption",
      "whiteSpace" : false
    }, {
      "id" : "s4-t48",
      "begin" : 1778,
      "end" : 1780,
      "text" : "of",
      "whiteSpace" : false
    }, {
      "id" : "s4-t49",
      "begin" : 1781,
      "end" : 1787,
      "text" : "access",
      "whiteSpace" : false
    }, {
      "id" : "s4-t50",
      "begin" : 1788,
      "end" : 1793,
      "text" : "along",
      "whiteSpace" : false
    }, {
      "id" : "s4-t51",
      "begin" : 1794,
      "end" : 1797,
      "text" : "the",
      "whiteSpace" : false
    }, {
      "id" : "s4-t52",
      "begin" : 1798,
      "end" : 1805,
      "text" : "private",
      "whiteSpace" : false
    }, {
      "id" : "s4-t53",
      "begin" : 1806,
      "end" : 1815,
      "text" : "easement.",
      "whiteSpace" : false
    }, {
      "id" : "s4-t54",
      "begin" : 1815,
      "end" : 1816,
      "text" : ",",
      "whiteSpace" : false
    }, {
      "id" : "s4-t55",
      "begin" : 1817,
      "end" : 1818,
      "text" : "q",
      "whiteSpace" : false
    }, {
      "id" : "s4-t56",
      "begin" : 1819,
      "end" : 1820,
      "text" : "5",
      "whiteSpace" : false
    }, {
      "id" : "s4-t57",
      "begin" : 1821,
      "end" : 1823,
      "text" : "am",
      "whiteSpace" : false
    }, {
      "id" : "s4-t58",
      "begin" : 1824,
      "end" : 1825,
      "text" : "\"",
      "whiteSpace" : false
    }, {
      "id" : "s4-t59",
      "begin" : 1825,
      "end" : 1826,
      "text" : "?",
      "whiteSpace" : false
    }, {
      "id" : "s4-t60",
      "begin" : 1826,
      "end" : 1827,
      "text" : ",",
      "whiteSpace" : false
    }, {
      "id" : "s4-t61",
      "begin" : 1828,
      "end" : 1833,
      "text" : "State",
      "whiteSpace" : false
    }, {
      "id" : "s4-t62",
      "begin" : 1834,
      "end" : 1836,
      "text" : "of",
      "whiteSpace" : false
    }, {
      "id" : "s4-t63",
      "begin" : 1837,
      "end" : 1847,
      "text" : "Iennessees",
      "whiteSpace" : false
    }, {
      "id" : "s4-t64",
      "begin" : 1848,
      "end" : 1854,
      "text" : "Bounty",
      "whiteSpace" : false
    }, {
      "id" : "s4-t65",
      "begin" : 1855,
      "end" : 1857,
      "text" : "of",
      "whiteSpace" : false
    }, {
      "id" : "s4-t66",
      "begin" : 1858,
      "end" : 1867,
      "text" : "HUKFHREYS",
      "whiteSpace" : false
    }, {
      "id" : "s4-t67",
      "begin" : 1868,
      "end" : 1876,
      "text" : "Received",
      "whiteSpace" : false
    }, {
      "id" : "s4-t68",
      "begin" : 1877,
      "end" : 1880,
      "text" : "for",
      "whiteSpace" : false
    }, {
      "id" : "s4-t69",
      "begin" : 1881,
      "end" : 1887,
      "text" : "record",
      "whiteSpace" : false
    }, {
      "id" : "s4-t70",
      "begin" : 1888,
      "end" : 1891,
      "text" : "the",
      "whiteSpace" : false
    }, {
      "id" : "s4-t71",
      "begin" : 1892,
      "end" : 1894,
      "text" : "14",
      "whiteSpace" : false
    }, {
      "id" : "s4-t72",
      "begin" : 1895,
      "end" : 1898,
      "text" : "day",
      "whiteSpace" : false
    }, {
      "id" : "s4-t73",
      "begin" : 1899,
      "end" : 1901,
      "text" : "of",
      "whiteSpace" : false
    }, {
      "id" : "s4-t74",
      "begin" : 1902,
      "end" : 1909,
      "text" : "QCIQBER",
      "whiteSpace" : false
    }, {
      "id" : "s4-t75",
      "begin" : 1910,
      "end" : 1914,
      "text" : "1994",
      "whiteSpace" : false
    }, {
      "id" : "s4-t76",
      "begin" : 1915,
      "end" : 1917,
      "text" : "at",
      "whiteSpace" : false
    }, {
      "id" : "s4-t77",
      "begin" : 1917,
      "end" : 1918,
      "text" : ",",
      "whiteSpace" : false
    }, {
      "id" : "s4-t78",
      "begin" : 1919,
      "end" : 1927,
      "text" : "Recorded",
      "whiteSpace" : false
    }, {
      "id" : "s4-t79",
      "begin" : 1928,
      "end" : 1930,
      "text" : "in",
      "whiteSpace" : false
    }, {
      "id" : "s4-t80",
      "begin" : 1931,
      "end" : 1939,
      "text" : "official",
      "whiteSpace" : false
    }, {
      "id" : "s4-t81",
      "begin" : 1940,
      "end" : 1947,
      "text" : "records",
      "whiteSpace" : false
    }, {
      "id" : "s4-t82",
      "begin" : 1948,
      "end" : 1952,
      "text" : "Book",
      "whiteSpace" : false
    }, {
      "id" : "s4-t83",
      "begin" : 1953,
      "end" : 1958,
      "text" : "BB165",
      "whiteSpace" : false
    }, {
      "id" : "s4-t84",
      "begin" : 1959,
      "end" : 1963,
      "text" : "Page",
      "whiteSpace" : false
    }, {
      "id" : "s4-t85",
      "begin" : 1963,
      "end" : 1964,
      "text" : ",",
      "whiteSpace" : false
    }, {
      "id" : "s4-t86",
      "begin" : 1965,
      "end" : 1973,
      "text" : "Register",
      "whiteSpace" : false
    }, {
      "id" : "s4-t87",
      "begin" : 1974,
      "end" : 1976,
      "text" : "of",
      "whiteSpace" : false
    }, {
      "id" : "s4-t88",
      "begin" : 1977,
      "end" : 1982,
      "text" : "Heads",
      "whiteSpace" : false
    } ]
  } ],
  "mentions" : [ {
    "id" : "s1-m1",
    "properties" : {
      "SIRE_MENTION_ROLE" : "WarrDeedBookNum",
      "SIRE_ENTITY_SUBTYPE" : "NONE",
      "SIRE_MENTION_TYPE" : "NONE",
      "SIRE_MENTION_CLASS" : "SPC"
    },
    "type" : "WarrDeedBookNum",
    "begin" : 1192,
    "end" : 1195,
    "inCoref" : false
  }, {
    "id" : "s1-m2",
    "properties" : {
      "SIRE_MENTION_ROLE" : "WarrDeedPageNum",
      "SIRE_ENTITY_SUBTYPE" : "NONE",
      "SIRE_MENTION_TYPE" : "NONE",
      "SIRE_MENTION_CLASS" : "SPC"
    },
    "type" : "WarrDeedPageNum",
    "begin" : 1202,
    "end" : 1206,
    "inCoref" : false
  } ],
  "relations" : [ ],
  "corefs" : [ ],
  "typeResolved" : true,
  "userResolved" : false
}