{
  "id" : "a5e530f0-54dc-11e9-9b8e-4bc9d96d3dde-15",
  "name" : "WD170-1.txt",
  "createdDate" : 0,
  "version" : 3,
  "text" : "the eastern portion of the tract heretofore purchased by Evans and Baugus and bounded and described as follows: s Begins at an iron stake, at the S.B. corner of the tract sold to the said Walter Young and.in the S.B. line of the original tract purchased by us from Higgins, and runs with said original line 180 feet more or less to a stake; then up the hill with the Little Richland Road, 180 feet more or less to a stake in the original line to Walter Young's corner; thence S. with his line to the beginning. I} ???3'; E ???3 5.; a '3 n W {.4. Being the same property conveyed to grantor herein by deed of record in Deed Book 136, Page 79, of the Register's Office of Humphreys County, Tennessee.??? ??? TO HAVE AND TO HOLD the said tract or parcel of land, with the appurtenances, estate, title and interest thereto belonging, to theesaid JESSE TURNER AND WIFE LOUISE TURNER, their heirs and assigns, forever. And we do ",
  "docLength" : 0,
  "language" : "EN",
  "status" : "SUBMITTED",
  "modifiedDate" : 1554165557725,
  "documentSet" : [ ],
  "preannotation" : [ ],
  "sentences" : [ {
    "id" : "s0",
    "begin" : 0,
    "end" : 510,
    "text" : "the eastern portion of the tract heretofore purchased by Evans and Baugus and bounded and described as follows: s Begins at an iron stake, at the S.B. corner of the tract sold to the said Walter Young and.in the S.B. line of the original tract purchased by us from Higgins, and runs with said original line 180 feet more or less to a stake; then up the hill with the Little Richland Road, 180 feet more or less to a stake in the original line to Walter Young's corner; thence S. with his line to the beginning.",
    "tokens" : [ {
      "id" : "s0-t0",
      "begin" : 0,
      "end" : 3,
      "text" : "the",
      "whiteSpace" : false
    }, {
      "id" : "s0-t1",
      "begin" : 4,
      "end" : 11,
      "text" : "eastern",
      "whiteSpace" : false
    }, {
      "id" : "s0-t2",
      "begin" : 12,
      "end" : 19,
      "text" : "portion",
      "whiteSpace" : false
    }, {
      "id" : "s0-t3",
      "begin" : 20,
      "end" : 22,
      "text" : "of",
      "whiteSpace" : false
    }, {
      "id" : "s0-t4",
      "begin" : 23,
      "end" : 26,
      "text" : "the",
      "whiteSpace" : false
    }, {
      "id" : "s0-t5",
      "begin" : 27,
      "end" : 32,
      "text" : "tract",
      "whiteSpace" : false
    }, {
      "id" : "s0-t6",
      "begin" : 33,
      "end" : 43,
      "text" : "heretofore",
      "whiteSpace" : false
    }, {
      "id" : "s0-t7",
      "begin" : 44,
      "end" : 53,
      "text" : "purchased",
      "whiteSpace" : false
    }, {
      "id" : "s0-t8",
      "begin" : 54,
      "end" : 56,
      "text" : "by",
      "whiteSpace" : false
    }, {
      "id" : "s0-t9",
      "begin" : 57,
      "end" : 62,
      "text" : "Evans",
      "whiteSpace" : false
    }, {
      "id" : "s0-t10",
      "begin" : 63,
      "end" : 66,
      "text" : "and",
      "whiteSpace" : false
    }, {
      "id" : "s0-t11",
      "begin" : 67,
      "end" : 73,
      "text" : "Baugus",
      "whiteSpace" : false
    }, {
      "id" : "s0-t12",
      "begin" : 74,
      "end" : 77,
      "text" : "and",
      "whiteSpace" : false
    }, {
      "id" : "s0-t13",
      "begin" : 78,
      "end" : 85,
      "text" : "bounded",
      "whiteSpace" : false
    }, {
      "id" : "s0-t14",
      "begin" : 86,
      "end" : 89,
      "text" : "and",
      "whiteSpace" : false
    }, {
      "id" : "s0-t15",
      "begin" : 90,
      "end" : 99,
      "text" : "described",
      "whiteSpace" : false
    }, {
      "id" : "s0-t16",
      "begin" : 100,
      "end" : 102,
      "text" : "as",
      "whiteSpace" : false
    }, {
      "id" : "s0-t17",
      "begin" : 103,
      "end" : 110,
      "text" : "follows",
      "whiteSpace" : false
    }, {
      "id" : "s0-t18",
      "begin" : 110,
      "end" : 111,
      "text" : ":",
      "whiteSpace" : false
    }, {
      "id" : "s0-t19",
      "begin" : 112,
      "end" : 113,
      "text" : "s",
      "whiteSpace" : false
    }, {
      "id" : "s0-t20",
      "begin" : 114,
      "end" : 120,
      "text" : "Begins",
      "whiteSpace" : false
    }, {
      "id" : "s0-t21",
      "begin" : 121,
      "end" : 123,
      "text" : "at",
      "whiteSpace" : false
    }, {
      "id" : "s0-t22",
      "begin" : 124,
      "end" : 126,
      "text" : "an",
      "whiteSpace" : false
    }, {
      "id" : "s0-t23",
      "begin" : 127,
      "end" : 131,
      "text" : "iron",
      "whiteSpace" : false
    }, {
      "id" : "s0-t24",
      "begin" : 132,
      "end" : 137,
      "text" : "stake",
      "whiteSpace" : false
    }, {
      "id" : "s0-t25",
      "begin" : 137,
      "end" : 138,
      "text" : ",",
      "whiteSpace" : false
    }, {
      "id" : "s0-t26",
      "begin" : 139,
      "end" : 141,
      "text" : "at",
      "whiteSpace" : false
    }, {
      "id" : "s0-t27",
      "begin" : 142,
      "end" : 145,
      "text" : "the",
      "whiteSpace" : false
    }, {
      "id" : "s0-t28",
      "begin" : 146,
      "end" : 150,
      "text" : "S.B.",
      "whiteSpace" : false
    }, {
      "id" : "s0-t29",
      "begin" : 151,
      "end" : 157,
      "text" : "corner",
      "whiteSpace" : false
    }, {
      "id" : "s0-t30",
      "begin" : 158,
      "end" : 160,
      "text" : "of",
      "whiteSpace" : false
    }, {
      "id" : "s0-t31",
      "begin" : 161,
      "end" : 164,
      "text" : "the",
      "whiteSpace" : false
    }, {
      "id" : "s0-t32",
      "begin" : 165,
      "end" : 170,
      "text" : "tract",
      "whiteSpace" : false
    }, {
      "id" : "s0-t33",
      "begin" : 171,
      "end" : 175,
      "text" : "sold",
      "whiteSpace" : false
    }, {
      "id" : "s0-t34",
      "begin" : 176,
      "end" : 178,
      "text" : "to",
      "whiteSpace" : false
    }, {
      "id" : "s0-t35",
      "begin" : 179,
      "end" : 182,
      "text" : "the",
      "whiteSpace" : false
    }, {
      "id" : "s0-t36",
      "begin" : 183,
      "end" : 187,
      "text" : "said",
      "whiteSpace" : false
    }, {
      "id" : "s0-t37",
      "begin" : 188,
      "end" : 194,
      "text" : "Walter",
      "whiteSpace" : false
    }, {
      "id" : "s0-t38",
      "begin" : 195,
      "end" : 200,
      "text" : "Young",
      "whiteSpace" : false
    }, {
      "id" : "s0-t39",
      "begin" : 201,
      "end" : 207,
      "text" : "and.in",
      "whiteSpace" : false
    }, {
      "id" : "s0-t40",
      "begin" : 208,
      "end" : 211,
      "text" : "the",
      "whiteSpace" : false
    }, {
      "id" : "s0-t41",
      "begin" : 212,
      "end" : 216,
      "text" : "S.B.",
      "whiteSpace" : false
    }, {
      "id" : "s0-t42",
      "begin" : 217,
      "end" : 221,
      "text" : "line",
      "whiteSpace" : false
    }, {
      "id" : "s0-t43",
      "begin" : 222,
      "end" : 224,
      "text" : "of",
      "whiteSpace" : false
    }, {
      "id" : "s0-t44",
      "begin" : 225,
      "end" : 228,
      "text" : "the",
      "whiteSpace" : false
    }, {
      "id" : "s0-t45",
      "begin" : 229,
      "end" : 237,
      "text" : "original",
      "whiteSpace" : false
    }, {
      "id" : "s0-t46",
      "begin" : 238,
      "end" : 243,
      "text" : "tract",
      "whiteSpace" : false
    }, {
      "id" : "s0-t47",
      "begin" : 244,
      "end" : 253,
      "text" : "purchased",
      "whiteSpace" : false
    }, {
      "id" : "s0-t48",
      "begin" : 254,
      "end" : 256,
      "text" : "by",
      "whiteSpace" : false
    }, {
      "id" : "s0-t49",
      "begin" : 257,
      "end" : 259,
      "text" : "us",
      "whiteSpace" : false
    }, {
      "id" : "s0-t50",
      "begin" : 260,
      "end" : 264,
      "text" : "from",
      "whiteSpace" : false
    }, {
      "id" : "s0-t51",
      "begin" : 265,
      "end" : 272,
      "text" : "Higgins",
      "whiteSpace" : false
    }, {
      "id" : "s0-t52",
      "begin" : 272,
      "end" : 273,
      "text" : ",",
      "whiteSpace" : false
    }, {
      "id" : "s0-t53",
      "begin" : 274,
      "end" : 277,
      "text" : "and",
      "whiteSpace" : false
    }, {
      "id" : "s0-t54",
      "begin" : 278,
      "end" : 282,
      "text" : "runs",
      "whiteSpace" : false
    }, {
      "id" : "s0-t55",
      "begin" : 283,
      "end" : 287,
      "text" : "with",
      "whiteSpace" : false
    }, {
      "id" : "s0-t56",
      "begin" : 288,
      "end" : 292,
      "text" : "said",
      "whiteSpace" : false
    }, {
      "id" : "s0-t57",
      "begin" : 293,
      "end" : 301,
      "text" : "original",
      "whiteSpace" : false
    }, {
      "id" : "s0-t58",
      "begin" : 302,
      "end" : 306,
      "text" : "line",
      "whiteSpace" : false
    }, {
      "id" : "s0-t59",
      "begin" : 307,
      "end" : 310,
      "text" : "180",
      "whiteSpace" : false
    }, {
      "id" : "s0-t60",
      "begin" : 311,
      "end" : 315,
      "text" : "feet",
      "whiteSpace" : false
    }, {
      "id" : "s0-t61",
      "begin" : 316,
      "end" : 320,
      "text" : "more",
      "whiteSpace" : false
    }, {
      "id" : "s0-t62",
      "begin" : 321,
      "end" : 323,
      "text" : "or",
      "whiteSpace" : false
    }, {
      "id" : "s0-t63",
      "begin" : 324,
      "end" : 328,
      "text" : "less",
      "whiteSpace" : false
    }, {
      "id" : "s0-t64",
      "begin" : 329,
      "end" : 331,
      "text" : "to",
      "whiteSpace" : false
    }, {
      "id" : "s0-t65",
      "begin" : 332,
      "end" : 333,
      "text" : "a",
      "whiteSpace" : false
    }, {
      "id" : "s0-t66",
      "begin" : 334,
      "end" : 339,
      "text" : "stake",
      "whiteSpace" : false
    }, {
      "id" : "s0-t67",
      "begin" : 339,
      "end" : 340,
      "text" : ";",
      "whiteSpace" : false
    }, {
      "id" : "s0-t68",
      "begin" : 341,
      "end" : 345,
      "text" : "then",
      "whiteSpace" : false
    }, {
      "id" : "s0-t69",
      "begin" : 346,
      "end" : 348,
      "text" : "up",
      "whiteSpace" : false
    }, {
      "id" : "s0-t70",
      "begin" : 349,
      "end" : 352,
      "text" : "the",
      "whiteSpace" : false
    }, {
      "id" : "s0-t71",
      "begin" : 353,
      "end" : 357,
      "text" : "hill",
      "whiteSpace" : false
    }, {
      "id" : "s0-t72",
      "begin" : 358,
      "end" : 362,
      "text" : "with",
      "whiteSpace" : false
    }, {
      "id" : "s0-t73",
      "begin" : 363,
      "end" : 366,
      "text" : "the",
      "whiteSpace" : false
    }, {
      "id" : "s0-t74",
      "begin" : 367,
      "end" : 373,
      "text" : "Little",
      "whiteSpace" : false
    }, {
      "id" : "s0-t75",
      "begin" : 374,
      "end" : 382,
      "text" : "Richland",
      "whiteSpace" : false
    }, {
      "id" : "s0-t76",
      "begin" : 383,
      "end" : 387,
      "text" : "Road",
      "whiteSpace" : false
    }, {
      "id" : "s0-t77",
      "begin" : 387,
      "end" : 388,
      "text" : ",",
      "whiteSpace" : false
    }, {
      "id" : "s0-t78",
      "begin" : 389,
      "end" : 392,
      "text" : "180",
      "whiteSpace" : false
    }, {
      "id" : "s0-t79",
      "begin" : 393,
      "end" : 397,
      "text" : "feet",
      "whiteSpace" : false
    }, {
      "id" : "s0-t80",
      "begin" : 398,
      "end" : 402,
      "text" : "more",
      "whiteSpace" : false
    }, {
      "id" : "s0-t81",
      "begin" : 403,
      "end" : 405,
      "text" : "or",
      "whiteSpace" : false
    }, {
      "id" : "s0-t82",
      "begin" : 406,
      "end" : 410,
      "text" : "less",
      "whiteSpace" : false
    }, {
      "id" : "s0-t83",
      "begin" : 411,
      "end" : 413,
      "text" : "to",
      "whiteSpace" : false
    }, {
      "id" : "s0-t84",
      "begin" : 414,
      "end" : 415,
      "text" : "a",
      "whiteSpace" : false
    }, {
      "id" : "s0-t85",
      "begin" : 416,
      "end" : 421,
      "text" : "stake",
      "whiteSpace" : false
    }, {
      "id" : "s0-t86",
      "begin" : 422,
      "end" : 424,
      "text" : "in",
      "whiteSpace" : false
    }, {
      "id" : "s0-t87",
      "begin" : 425,
      "end" : 428,
      "text" : "the",
      "whiteSpace" : false
    }, {
      "id" : "s0-t88",
      "begin" : 429,
      "end" : 437,
      "text" : "original",
      "whiteSpace" : false
    }, {
      "id" : "s0-t89",
      "begin" : 438,
      "end" : 442,
      "text" : "line",
      "whiteSpace" : false
    }, {
      "id" : "s0-t90",
      "begin" : 443,
      "end" : 445,
      "text" : "to",
      "whiteSpace" : false
    }, {
      "id" : "s0-t91",
      "begin" : 446,
      "end" : 452,
      "text" : "Walter",
      "whiteSpace" : false
    }, {
      "id" : "s0-t92",
      "begin" : 453,
      "end" : 458,
      "text" : "Young",
      "whiteSpace" : false
    }, {
      "id" : "s0-t93",
      "begin" : 458,
      "end" : 460,
      "text" : "'s",
      "whiteSpace" : false
    }, {
      "id" : "s0-t94",
      "begin" : 461,
      "end" : 467,
      "text" : "corner",
      "whiteSpace" : false
    }, {
      "id" : "s0-t95",
      "begin" : 467,
      "end" : 468,
      "text" : ";",
      "whiteSpace" : false
    }, {
      "id" : "s0-t96",
      "begin" : 469,
      "end" : 475,
      "text" : "thence",
      "whiteSpace" : false
    }, {
      "id" : "s0-t97",
      "begin" : 476,
      "end" : 478,
      "text" : "S.",
      "whiteSpace" : false
    }, {
      "id" : "s0-t98",
      "begin" : 479,
      "end" : 483,
      "text" : "with",
      "whiteSpace" : false
    }, {
      "id" : "s0-t99",
      "begin" : 484,
      "end" : 487,
      "text" : "his",
      "whiteSpace" : false
    }, {
      "id" : "s0-t100",
      "begin" : 488,
      "end" : 492,
      "text" : "line",
      "whiteSpace" : false
    }, {
      "id" : "s0-t101",
      "begin" : 493,
      "end" : 495,
      "text" : "to",
      "whiteSpace" : false
    }, {
      "id" : "s0-t102",
      "begin" : 496,
      "end" : 499,
      "text" : "the",
      "whiteSpace" : false
    }, {
      "id" : "s0-t103",
      "begin" : 500,
      "end" : 509,
      "text" : "beginning",
      "whiteSpace" : false
    }, {
      "id" : "s0-t104",
      "begin" : 509,
      "end" : 510,
      "text" : ".",
      "whiteSpace" : false
    } ]
  }, {
    "id" : "s1",
    "begin" : 511,
    "end" : 515,
    "text" : "I} ?",
    "tokens" : [ {
      "id" : "s1-t0",
      "begin" : 511,
      "end" : 512,
      "text" : "I",
      "whiteSpace" : false
    }, {
      "id" : "s1-t1",
      "begin" : 512,
      "end" : 513,
      "text" : "}",
      "whiteSpace" : false
    }, {
      "id" : "s1-t2",
      "begin" : 514,
      "end" : 515,
      "text" : "?",
      "whiteSpace" : false
    } ]
  }, {
    "id" : "s2",
    "begin" : 515,
    "end" : 524,
    "text" : "??3'; E ?",
    "tokens" : [ {
      "id" : "s2-t0",
      "begin" : 515,
      "end" : 518,
      "text" : "??3",
      "whiteSpace" : false
    }, {
      "id" : "s2-t1",
      "begin" : 518,
      "end" : 519,
      "text" : "'",
      "whiteSpace" : false
    }, {
      "id" : "s2-t2",
      "begin" : 519,
      "end" : 520,
      "text" : ";",
      "whiteSpace" : false
    }, {
      "id" : "s2-t3",
      "begin" : 521,
      "end" : 522,
      "text" : "E",
      "whiteSpace" : false
    }, {
      "id" : "s2-t4",
      "begin" : 523,
      "end" : 524,
      "text" : "?",
      "whiteSpace" : false
    } ]
  }, {
    "id" : "s3",
    "begin" : 524,
    "end" : 530,
    "text" : "??3 5.",
    "tokens" : [ {
      "id" : "s3-t0",
      "begin" : 524,
      "end" : 527,
      "text" : "??3",
      "whiteSpace" : false
    }, {
      "id" : "s3-t1",
      "begin" : 528,
      "end" : 529,
      "text" : "5",
      "whiteSpace" : false
    }, {
      "id" : "s3-t2",
      "begin" : 529,
      "end" : 530,
      "text" : ".",
      "whiteSpace" : false
    } ]
  }, {
    "id" : "s4",
    "begin" : 530,
    "end" : 545,
    "text" : "; a '3 n W {.4.",
    "tokens" : [ {
      "id" : "s4-t0",
      "begin" : 530,
      "end" : 531,
      "text" : ";",
      "whiteSpace" : false
    }, {
      "id" : "s4-t1",
      "begin" : 532,
      "end" : 533,
      "text" : "a",
      "whiteSpace" : false
    }, {
      "id" : "s4-t2",
      "begin" : 534,
      "end" : 535,
      "text" : "'",
      "whiteSpace" : false
    }, {
      "id" : "s4-t3",
      "begin" : 535,
      "end" : 536,
      "text" : "3",
      "whiteSpace" : false
    }, {
      "id" : "s4-t4",
      "begin" : 537,
      "end" : 538,
      "text" : "n",
      "whiteSpace" : false
    }, {
      "id" : "s4-t5",
      "begin" : 539,
      "end" : 540,
      "text" : "W",
      "whiteSpace" : false
    }, {
      "id" : "s4-t6",
      "begin" : 541,
      "end" : 542,
      "text" : "{",
      "whiteSpace" : false
    }, {
      "id" : "s4-t7",
      "begin" : 542,
      "end" : 544,
      "text" : ".4",
      "whiteSpace" : false
    }, {
      "id" : "s4-t8",
      "begin" : 544,
      "end" : 545,
      "text" : ".",
      "whiteSpace" : false
    } ]
  }, {
    "id" : "s5",
    "begin" : 546,
    "end" : 698,
    "text" : "Being the same property conveyed to grantor herein by deed of record in Deed Book 136, Page 79, of the Register's Office of Humphreys County, Tennessee.",
    "tokens" : [ {
      "id" : "s5-t0",
      "begin" : 546,
      "end" : 551,
      "text" : "Being",
      "whiteSpace" : false
    }, {
      "id" : "s5-t1",
      "begin" : 552,
      "end" : 555,
      "text" : "the",
      "whiteSpace" : false
    }, {
      "id" : "s5-t2",
      "begin" : 556,
      "end" : 560,
      "text" : "same",
      "whiteSpace" : false
    }, {
      "id" : "s5-t3",
      "begin" : 561,
      "end" : 569,
      "text" : "property",
      "whiteSpace" : false
    }, {
      "id" : "s5-t4",
      "begin" : 570,
      "end" : 578,
      "text" : "conveyed",
      "whiteSpace" : false
    }, {
      "id" : "s5-t5",
      "begin" : 579,
      "end" : 581,
      "text" : "to",
      "whiteSpace" : false
    }, {
      "id" : "s5-t6",
      "begin" : 582,
      "end" : 589,
      "text" : "grantor",
      "whiteSpace" : false
    }, {
      "id" : "s5-t7",
      "begin" : 590,
      "end" : 596,
      "text" : "herein",
      "whiteSpace" : false
    }, {
      "id" : "s5-t8",
      "begin" : 597,
      "end" : 599,
      "text" : "by",
      "whiteSpace" : false
    }, {
      "id" : "s5-t9",
      "begin" : 600,
      "end" : 604,
      "text" : "deed",
      "whiteSpace" : false
    }, {
      "id" : "s5-t10",
      "begin" : 605,
      "end" : 607,
      "text" : "of",
      "whiteSpace" : false
    }, {
      "id" : "s5-t11",
      "begin" : 608,
      "end" : 614,
      "text" : "record",
      "whiteSpace" : false
    }, {
      "id" : "s5-t12",
      "begin" : 615,
      "end" : 617,
      "text" : "in",
      "whiteSpace" : false
    }, {
      "id" : "s5-t13",
      "begin" : 618,
      "end" : 622,
      "text" : "Deed",
      "whiteSpace" : false
    }, {
      "id" : "s5-t14",
      "begin" : 623,
      "end" : 627,
      "text" : "Book",
      "whiteSpace" : false
    }, {
      "id" : "s5-t15",
      "begin" : 628,
      "end" : 631,
      "text" : "136",
      "whiteSpace" : false
    }, {
      "id" : "s5-t16",
      "begin" : 631,
      "end" : 632,
      "text" : ",",
      "whiteSpace" : false
    }, {
      "id" : "s5-t17",
      "begin" : 633,
      "end" : 637,
      "text" : "Page",
      "whiteSpace" : false
    }, {
      "id" : "s5-t18",
      "begin" : 638,
      "end" : 640,
      "text" : "79",
      "whiteSpace" : false
    }, {
      "id" : "s5-t19",
      "begin" : 640,
      "end" : 641,
      "text" : ",",
      "whiteSpace" : false
    }, {
      "id" : "s5-t20",
      "begin" : 642,
      "end" : 644,
      "text" : "of",
      "whiteSpace" : false
    }, {
      "id" : "s5-t21",
      "begin" : 645,
      "end" : 648,
      "text" : "the",
      "whiteSpace" : false
    }, {
      "id" : "s5-t22",
      "begin" : 649,
      "end" : 657,
      "text" : "Register",
      "whiteSpace" : false
    }, {
      "id" : "s5-t23",
      "begin" : 657,
      "end" : 659,
      "text" : "'s",
      "whiteSpace" : false
    }, {
      "id" : "s5-t24",
      "begin" : 660,
      "end" : 666,
      "text" : "Office",
      "whiteSpace" : false
    }, {
      "id" : "s5-t25",
      "begin" : 667,
      "end" : 669,
      "text" : "of",
      "whiteSpace" : false
    }, {
      "id" : "s5-t26",
      "begin" : 670,
      "end" : 679,
      "text" : "Humphreys",
      "whiteSpace" : false
    }, {
      "id" : "s5-t27",
      "begin" : 680,
      "end" : 686,
      "text" : "County",
      "whiteSpace" : false
    }, {
      "id" : "s5-t28",
      "begin" : 686,
      "end" : 687,
      "text" : ",",
      "whiteSpace" : false
    }, {
      "id" : "s5-t29",
      "begin" : 688,
      "end" : 697,
      "text" : "Tennessee",
      "whiteSpace" : false
    }, {
      "id" : "s5-t30",
      "begin" : 697,
      "end" : 698,
      "text" : ".",
      "whiteSpace" : false
    } ]
  }, {
    "id" : "s6",
    "begin" : 698,
    "end" : 703,
    "text" : "??? ?",
    "tokens" : [ {
      "id" : "s6-t0",
      "begin" : 698,
      "end" : 700,
      "text" : "??",
      "whiteSpace" : false
    }, {
      "id" : "s6-t1",
      "begin" : 700,
      "end" : 701,
      "text" : "?",
      "whiteSpace" : false
    }, {
      "id" : "s6-t2",
      "begin" : 702,
      "end" : 703,
      "text" : "?",
      "whiteSpace" : false
    } ]
  }, {
    "id" : "s7",
    "begin" : 703,
    "end" : 705,
    "text" : "??",
    "tokens" : [ {
      "id" : "s7-t0",
      "begin" : 703,
      "end" : 704,
      "text" : "?",
      "whiteSpace" : false
    }, {
      "id" : "s7-t1",
      "begin" : 704,
      "end" : 705,
      "text" : "?",
      "whiteSpace" : false
    } ]
  }, {
    "id" : "s8",
    "begin" : 706,
    "end" : 912,
    "text" : "TO HAVE AND TO HOLD the said tract or parcel of land, with the appurtenances, estate, title and interest thereto belonging, to theesaid JESSE TURNER AND WIFE LOUISE TURNER, their heirs and assigns, forever.",
    "tokens" : [ {
      "id" : "s8-t0",
      "begin" : 706,
      "end" : 708,
      "text" : "TO",
      "whiteSpace" : false
    }, {
      "id" : "s8-t1",
      "begin" : 709,
      "end" : 713,
      "text" : "HAVE",
      "whiteSpace" : false
    }, {
      "id" : "s8-t2",
      "begin" : 714,
      "end" : 717,
      "text" : "AND",
      "whiteSpace" : false
    }, {
      "id" : "s8-t3",
      "begin" : 718,
      "end" : 720,
      "text" : "TO",
      "whiteSpace" : false
    }, {
      "id" : "s8-t4",
      "begin" : 721,
      "end" : 725,
      "text" : "HOLD",
      "whiteSpace" : false
    }, {
      "id" : "s8-t5",
      "begin" : 726,
      "end" : 729,
      "text" : "the",
      "whiteSpace" : false
    }, {
      "id" : "s8-t6",
      "begin" : 730,
      "end" : 734,
      "text" : "said",
      "whiteSpace" : false
    }, {
      "id" : "s8-t7",
      "begin" : 735,
      "end" : 740,
      "text" : "tract",
      "whiteSpace" : false
    }, {
      "id" : "s8-t8",
      "begin" : 741,
      "end" : 743,
      "text" : "or",
      "whiteSpace" : false
    }, {
      "id" : "s8-t9",
      "begin" : 744,
      "end" : 750,
      "text" : "parcel",
      "whiteSpace" : false
    }, {
      "id" : "s8-t10",
      "begin" : 751,
      "end" : 753,
      "text" : "of",
      "whiteSpace" : false
    }, {
      "id" : "s8-t11",
      "begin" : 754,
      "end" : 758,
      "text" : "land",
      "whiteSpace" : false
    }, {
      "id" : "s8-t12",
      "begin" : 758,
      "end" : 759,
      "text" : ",",
      "whiteSpace" : false
    }, {
      "id" : "s8-t13",
      "begin" : 760,
      "end" : 764,
      "text" : "with",
      "whiteSpace" : false
    }, {
      "id" : "s8-t14",
      "begin" : 765,
      "end" : 768,
      "text" : "the",
      "whiteSpace" : false
    }, {
      "id" : "s8-t15",
      "begin" : 769,
      "end" : 782,
      "text" : "appurtenances",
      "whiteSpace" : false
    }, {
      "id" : "s8-t16",
      "begin" : 782,
      "end" : 783,
      "text" : ",",
      "whiteSpace" : false
    }, {
      "id" : "s8-t17",
      "begin" : 784,
      "end" : 790,
      "text" : "estate",
      "whiteSpace" : false
    }, {
      "id" : "s8-t18",
      "begin" : 790,
      "end" : 791,
      "text" : ",",
      "whiteSpace" : false
    }, {
      "id" : "s8-t19",
      "begin" : 792,
      "end" : 797,
      "text" : "title",
      "whiteSpace" : false
    }, {
      "id" : "s8-t20",
      "begin" : 798,
      "end" : 801,
      "text" : "and",
      "whiteSpace" : false
    }, {
      "id" : "s8-t21",
      "begin" : 802,
      "end" : 810,
      "text" : "interest",
      "whiteSpace" : false
    }, {
      "id" : "s8-t22",
      "begin" : 811,
      "end" : 818,
      "text" : "thereto",
      "whiteSpace" : false
    }, {
      "id" : "s8-t23",
      "begin" : 819,
      "end" : 828,
      "text" : "belonging",
      "whiteSpace" : false
    }, {
      "id" : "s8-t24",
      "begin" : 828,
      "end" : 829,
      "text" : ",",
      "whiteSpace" : false
    }, {
      "id" : "s8-t25",
      "begin" : 830,
      "end" : 832,
      "text" : "to",
      "whiteSpace" : false
    }, {
      "id" : "s8-t26",
      "begin" : 833,
      "end" : 841,
      "text" : "theesaid",
      "whiteSpace" : false
    }, {
      "id" : "s8-t27",
      "begin" : 842,
      "end" : 847,
      "text" : "JESSE",
      "whiteSpace" : false
    }, {
      "id" : "s8-t28",
      "begin" : 848,
      "end" : 854,
      "text" : "TURNER",
      "whiteSpace" : false
    }, {
      "id" : "s8-t29",
      "begin" : 855,
      "end" : 858,
      "text" : "AND",
      "whiteSpace" : false
    }, {
      "id" : "s8-t30",
      "begin" : 859,
      "end" : 863,
      "text" : "WIFE",
      "whiteSpace" : false
    }, {
      "id" : "s8-t31",
      "begin" : 864,
      "end" : 870,
      "text" : "LOUISE",
      "whiteSpace" : false
    }, {
      "id" : "s8-t32",
      "begin" : 871,
      "end" : 877,
      "text" : "TURNER",
      "whiteSpace" : false
    }, {
      "id" : "s8-t33",
      "begin" : 877,
      "end" : 878,
      "text" : ",",
      "whiteSpace" : false
    }, {
      "id" : "s8-t34",
      "begin" : 879,
      "end" : 884,
      "text" : "their",
      "whiteSpace" : false
    }, {
      "id" : "s8-t35",
      "begin" : 885,
      "end" : 890,
      "text" : "heirs",
      "whiteSpace" : false
    }, {
      "id" : "s8-t36",
      "begin" : 891,
      "end" : 894,
      "text" : "and",
      "whiteSpace" : false
    }, {
      "id" : "s8-t37",
      "begin" : 895,
      "end" : 902,
      "text" : "assigns",
      "whiteSpace" : false
    }, {
      "id" : "s8-t38",
      "begin" : 902,
      "end" : 903,
      "text" : ",",
      "whiteSpace" : false
    }, {
      "id" : "s8-t39",
      "begin" : 904,
      "end" : 911,
      "text" : "forever",
      "whiteSpace" : false
    }, {
      "id" : "s8-t40",
      "begin" : 911,
      "end" : 912,
      "text" : ".",
      "whiteSpace" : false
    } ]
  }, {
    "id" : "s9",
    "begin" : 913,
    "end" : 922,
    "text" : "And we do",
    "tokens" : [ {
      "id" : "s9-t0",
      "begin" : 913,
      "end" : 916,
      "text" : "And",
      "whiteSpace" : false
    }, {
      "id" : "s9-t1",
      "begin" : 917,
      "end" : 919,
      "text" : "we",
      "whiteSpace" : false
    }, {
      "id" : "s9-t2",
      "begin" : 920,
      "end" : 922,
      "text" : "do",
      "whiteSpace" : false
    } ]
  } ],
  "mentions" : [ {
    "id" : "s5-m1",
    "properties" : {
      "SIRE_MENTION_ROLE" : "WarrDeedBookNum",
      "SIRE_ENTITY_SUBTYPE" : "NONE",
      "SIRE_MENTION_TYPE" : "NONE",
      "SIRE_MENTION_CLASS" : "SPC"
    },
    "type" : "WarrDeedBookNum",
    "begin" : 628,
    "end" : 631,
    "inCoref" : false
  }, {
    "id" : "s5-m2",
    "properties" : {
      "SIRE_MENTION_ROLE" : "WarrDeedPageNum",
      "SIRE_ENTITY_SUBTYPE" : "NONE",
      "SIRE_MENTION_TYPE" : "NONE",
      "SIRE_MENTION_CLASS" : "SPC"
    },
    "type" : "WarrDeedPageNum",
    "begin" : 638,
    "end" : 640,
    "inCoref" : false
  } ],
  "relations" : [ ],
  "corefs" : [ ],
  "typeResolved" : true,
  "userResolved" : false
}