{
  "id" : "a5e530f0-54dc-11e9-9b8e-4bc9d96d3dde-5",
  "name" : "WD167-9.txt",
  "createdDate" : 0,
  "version" : 3,
  "text" : "being the Southeast corner of Lot A-S of Broadway-Indian Subdivision, Section 1, and running thence with the West margin of Fish Hook Drive in a southerly direction 35 feet to a point; running thence in a westerly direction and parallel with the South boundary line of Lot A???5, 110 feet, more or less, to a point; running thence parallel with the said?? Fish Hook Drive in a Northerly direction, 35 feet to a point, the same being Southwest comer of A-5 and the Southeast comer of Lot A-6 of said subdivision; thence with the South boundary line of Lot A-5, in an easterly direction, 110 feet, more or less, to the point of beginning., BEING the same property conveyed to Harold Scurlock and wife, Sheila Scurlock by deed of record in Deed Book 163, page 344, Register's Of???ce of Humphreys County, Tennessee., This conveyance is subject to reservations and restrictions as contained in the deed from A. W. Lucas, Jr. to Jean T. Lucas of record in Deed Book 98, page 107, Register's Of???ce of Humphreys County, Tennessee., This conveyance is ???irther subject to Restrictions and Protective Covenants for Broadway-Indian Subdivision, Section 1 of record in Deed Book 76, page 232, Register's Of???ce of Humphreys County, Tennessee; and thereafter amended in Deed Book 77, page 113, Register???s Of???ce of Humphreys County, Tennessee., Harold Scurlock",
  "docLength" : 0,
  "language" : "EN",
  "status" : "SUBMITTED",
  "modifiedDate" : 1554165624066,
  "documentSet" : [ ],
  "preannotation" : [ ],
  "sentences" : [ {
    "id" : "s0",
    "begin" : 0,
    "end" : 355,
    "text" : "being the Southeast corner of Lot A-S of Broadway-Indian Subdivision, Section 1, and running thence with the West margin of Fish Hook Drive in a southerly direction 35 feet to a point; running thence in a westerly direction and parallel with the South boundary line of Lot A???5, 110 feet, more or less, to a point; running thence parallel with the said??",
    "tokens" : [ {
      "id" : "s0-t0",
      "begin" : 0,
      "end" : 5,
      "text" : "being",
      "whiteSpace" : false
    }, {
      "id" : "s0-t1",
      "begin" : 6,
      "end" : 9,
      "text" : "the",
      "whiteSpace" : false
    }, {
      "id" : "s0-t2",
      "begin" : 10,
      "end" : 19,
      "text" : "Southeast",
      "whiteSpace" : false
    }, {
      "id" : "s0-t3",
      "begin" : 20,
      "end" : 26,
      "text" : "corner",
      "whiteSpace" : false
    }, {
      "id" : "s0-t4",
      "begin" : 27,
      "end" : 29,
      "text" : "of",
      "whiteSpace" : false
    }, {
      "id" : "s0-t5",
      "begin" : 30,
      "end" : 33,
      "text" : "Lot",
      "whiteSpace" : false
    }, {
      "id" : "s0-t6",
      "begin" : 34,
      "end" : 37,
      "text" : "A-S",
      "whiteSpace" : false
    }, {
      "id" : "s0-t7",
      "begin" : 38,
      "end" : 40,
      "text" : "of",
      "whiteSpace" : false
    }, {
      "id" : "s0-t8",
      "begin" : 41,
      "end" : 49,
      "text" : "Broadway",
      "whiteSpace" : false
    }, {
      "id" : "s0-t9",
      "begin" : 49,
      "end" : 50,
      "text" : "-",
      "whiteSpace" : false
    }, {
      "id" : "s0-t10",
      "begin" : 50,
      "end" : 56,
      "text" : "Indian",
      "whiteSpace" : false
    }, {
      "id" : "s0-t11",
      "begin" : 57,
      "end" : 68,
      "text" : "Subdivision",
      "whiteSpace" : false
    }, {
      "id" : "s0-t12",
      "begin" : 68,
      "end" : 69,
      "text" : ",",
      "whiteSpace" : false
    }, {
      "id" : "s0-t13",
      "begin" : 70,
      "end" : 77,
      "text" : "Section",
      "whiteSpace" : false
    }, {
      "id" : "s0-t14",
      "begin" : 78,
      "end" : 79,
      "text" : "1",
      "whiteSpace" : false
    }, {
      "id" : "s0-t15",
      "begin" : 79,
      "end" : 80,
      "text" : ",",
      "whiteSpace" : false
    }, {
      "id" : "s0-t16",
      "begin" : 81,
      "end" : 84,
      "text" : "and",
      "whiteSpace" : false
    }, {
      "id" : "s0-t17",
      "begin" : 85,
      "end" : 92,
      "text" : "running",
      "whiteSpace" : false
    }, {
      "id" : "s0-t18",
      "begin" : 93,
      "end" : 99,
      "text" : "thence",
      "whiteSpace" : false
    }, {
      "id" : "s0-t19",
      "begin" : 100,
      "end" : 104,
      "text" : "with",
      "whiteSpace" : false
    }, {
      "id" : "s0-t20",
      "begin" : 105,
      "end" : 108,
      "text" : "the",
      "whiteSpace" : false
    }, {
      "id" : "s0-t21",
      "begin" : 109,
      "end" : 113,
      "text" : "West",
      "whiteSpace" : false
    }, {
      "id" : "s0-t22",
      "begin" : 114,
      "end" : 120,
      "text" : "margin",
      "whiteSpace" : false
    }, {
      "id" : "s0-t23",
      "begin" : 121,
      "end" : 123,
      "text" : "of",
      "whiteSpace" : false
    }, {
      "id" : "s0-t24",
      "begin" : 124,
      "end" : 128,
      "text" : "Fish",
      "whiteSpace" : false
    }, {
      "id" : "s0-t25",
      "begin" : 129,
      "end" : 133,
      "text" : "Hook",
      "whiteSpace" : false
    }, {
      "id" : "s0-t26",
      "begin" : 134,
      "end" : 139,
      "text" : "Drive",
      "whiteSpace" : false
    }, {
      "id" : "s0-t27",
      "begin" : 140,
      "end" : 142,
      "text" : "in",
      "whiteSpace" : false
    }, {
      "id" : "s0-t28",
      "begin" : 143,
      "end" : 144,
      "text" : "a",
      "whiteSpace" : false
    }, {
      "id" : "s0-t29",
      "begin" : 145,
      "end" : 154,
      "text" : "southerly",
      "whiteSpace" : false
    }, {
      "id" : "s0-t30",
      "begin" : 155,
      "end" : 164,
      "text" : "direction",
      "whiteSpace" : false
    }, {
      "id" : "s0-t31",
      "begin" : 165,
      "end" : 167,
      "text" : "35",
      "whiteSpace" : false
    }, {
      "id" : "s0-t32",
      "begin" : 168,
      "end" : 172,
      "text" : "feet",
      "whiteSpace" : false
    }, {
      "id" : "s0-t33",
      "begin" : 173,
      "end" : 175,
      "text" : "to",
      "whiteSpace" : false
    }, {
      "id" : "s0-t34",
      "begin" : 176,
      "end" : 177,
      "text" : "a",
      "whiteSpace" : false
    }, {
      "id" : "s0-t35",
      "begin" : 178,
      "end" : 183,
      "text" : "point",
      "whiteSpace" : false
    }, {
      "id" : "s0-t36",
      "begin" : 183,
      "end" : 184,
      "text" : ";",
      "whiteSpace" : false
    }, {
      "id" : "s0-t37",
      "begin" : 185,
      "end" : 192,
      "text" : "running",
      "whiteSpace" : false
    }, {
      "id" : "s0-t38",
      "begin" : 193,
      "end" : 199,
      "text" : "thence",
      "whiteSpace" : false
    }, {
      "id" : "s0-t39",
      "begin" : 200,
      "end" : 202,
      "text" : "in",
      "whiteSpace" : false
    }, {
      "id" : "s0-t40",
      "begin" : 203,
      "end" : 204,
      "text" : "a",
      "whiteSpace" : false
    }, {
      "id" : "s0-t41",
      "begin" : 205,
      "end" : 213,
      "text" : "westerly",
      "whiteSpace" : false
    }, {
      "id" : "s0-t42",
      "begin" : 214,
      "end" : 223,
      "text" : "direction",
      "whiteSpace" : false
    }, {
      "id" : "s0-t43",
      "begin" : 224,
      "end" : 227,
      "text" : "and",
      "whiteSpace" : false
    }, {
      "id" : "s0-t44",
      "begin" : 228,
      "end" : 236,
      "text" : "parallel",
      "whiteSpace" : false
    }, {
      "id" : "s0-t45",
      "begin" : 237,
      "end" : 241,
      "text" : "with",
      "whiteSpace" : false
    }, {
      "id" : "s0-t46",
      "begin" : 242,
      "end" : 245,
      "text" : "the",
      "whiteSpace" : false
    }, {
      "id" : "s0-t47",
      "begin" : 246,
      "end" : 251,
      "text" : "South",
      "whiteSpace" : false
    }, {
      "id" : "s0-t48",
      "begin" : 252,
      "end" : 260,
      "text" : "boundary",
      "whiteSpace" : false
    }, {
      "id" : "s0-t49",
      "begin" : 261,
      "end" : 265,
      "text" : "line",
      "whiteSpace" : false
    }, {
      "id" : "s0-t50",
      "begin" : 266,
      "end" : 268,
      "text" : "of",
      "whiteSpace" : false
    }, {
      "id" : "s0-t51",
      "begin" : 269,
      "end" : 272,
      "text" : "Lot",
      "whiteSpace" : false
    }, {
      "id" : "s0-t52",
      "begin" : 273,
      "end" : 278,
      "text" : "A???5",
      "whiteSpace" : false
    }, {
      "id" : "s0-t53",
      "begin" : 278,
      "end" : 279,
      "text" : ",",
      "whiteSpace" : false
    }, {
      "id" : "s0-t54",
      "begin" : 280,
      "end" : 283,
      "text" : "110",
      "whiteSpace" : false
    }, {
      "id" : "s0-t55",
      "begin" : 284,
      "end" : 288,
      "text" : "feet",
      "whiteSpace" : false
    }, {
      "id" : "s0-t56",
      "begin" : 288,
      "end" : 289,
      "text" : ",",
      "whiteSpace" : false
    }, {
      "id" : "s0-t57",
      "begin" : 290,
      "end" : 294,
      "text" : "more",
      "whiteSpace" : false
    }, {
      "id" : "s0-t58",
      "begin" : 295,
      "end" : 297,
      "text" : "or",
      "whiteSpace" : false
    }, {
      "id" : "s0-t59",
      "begin" : 298,
      "end" : 302,
      "text" : "less",
      "whiteSpace" : false
    }, {
      "id" : "s0-t60",
      "begin" : 302,
      "end" : 303,
      "text" : ",",
      "whiteSpace" : false
    }, {
      "id" : "s0-t61",
      "begin" : 304,
      "end" : 306,
      "text" : "to",
      "whiteSpace" : false
    }, {
      "id" : "s0-t62",
      "begin" : 307,
      "end" : 308,
      "text" : "a",
      "whiteSpace" : false
    }, {
      "id" : "s0-t63",
      "begin" : 309,
      "end" : 314,
      "text" : "point",
      "whiteSpace" : false
    }, {
      "id" : "s0-t64",
      "begin" : 314,
      "end" : 315,
      "text" : ";",
      "whiteSpace" : false
    }, {
      "id" : "s0-t65",
      "begin" : 316,
      "end" : 323,
      "text" : "running",
      "whiteSpace" : false
    }, {
      "id" : "s0-t66",
      "begin" : 324,
      "end" : 330,
      "text" : "thence",
      "whiteSpace" : false
    }, {
      "id" : "s0-t67",
      "begin" : 331,
      "end" : 339,
      "text" : "parallel",
      "whiteSpace" : false
    }, {
      "id" : "s0-t68",
      "begin" : 340,
      "end" : 344,
      "text" : "with",
      "whiteSpace" : false
    }, {
      "id" : "s0-t69",
      "begin" : 345,
      "end" : 348,
      "text" : "the",
      "whiteSpace" : false
    }, {
      "id" : "s0-t70",
      "begin" : 349,
      "end" : 353,
      "text" : "said",
      "whiteSpace" : false
    }, {
      "id" : "s0-t71",
      "begin" : 353,
      "end" : 354,
      "text" : "?",
      "whiteSpace" : false
    }, {
      "id" : "s0-t72",
      "begin" : 354,
      "end" : 355,
      "text" : "?",
      "whiteSpace" : false
    } ]
  }, {
    "id" : "s1",
    "begin" : 356,
    "end" : 776,
    "text" : "Fish Hook Drive in a Northerly direction, 35 feet to a point, the same being Southwest comer of A-5 and the Southeast comer of Lot A-6 of said subdivision; thence with the South boundary line of Lot A-5, in an easterly direction, 110 feet, more or less, to the point of beginning., BEING the same property conveyed to Harold Scurlock and wife, Sheila Scurlock by deed of record in Deed Book 163, page 344, Register's Of?",
    "tokens" : [ {
      "id" : "s1-t0",
      "begin" : 356,
      "end" : 360,
      "text" : "Fish",
      "whiteSpace" : false
    }, {
      "id" : "s1-t1",
      "begin" : 361,
      "end" : 365,
      "text" : "Hook",
      "whiteSpace" : false
    }, {
      "id" : "s1-t2",
      "begin" : 366,
      "end" : 371,
      "text" : "Drive",
      "whiteSpace" : false
    }, {
      "id" : "s1-t3",
      "begin" : 372,
      "end" : 374,
      "text" : "in",
      "whiteSpace" : false
    }, {
      "id" : "s1-t4",
      "begin" : 375,
      "end" : 376,
      "text" : "a",
      "whiteSpace" : false
    }, {
      "id" : "s1-t5",
      "begin" : 377,
      "end" : 386,
      "text" : "Northerly",
      "whiteSpace" : false
    }, {
      "id" : "s1-t6",
      "begin" : 387,
      "end" : 396,
      "text" : "direction",
      "whiteSpace" : false
    }, {
      "id" : "s1-t7",
      "begin" : 396,
      "end" : 397,
      "text" : ",",
      "whiteSpace" : false
    }, {
      "id" : "s1-t8",
      "begin" : 398,
      "end" : 400,
      "text" : "35",
      "whiteSpace" : false
    }, {
      "id" : "s1-t9",
      "begin" : 401,
      "end" : 405,
      "text" : "feet",
      "whiteSpace" : false
    }, {
      "id" : "s1-t10",
      "begin" : 406,
      "end" : 408,
      "text" : "to",
      "whiteSpace" : false
    }, {
      "id" : "s1-t11",
      "begin" : 409,
      "end" : 410,
      "text" : "a",
      "whiteSpace" : false
    }, {
      "id" : "s1-t12",
      "begin" : 411,
      "end" : 416,
      "text" : "point",
      "whiteSpace" : false
    }, {
      "id" : "s1-t13",
      "begin" : 416,
      "end" : 417,
      "text" : ",",
      "whiteSpace" : false
    }, {
      "id" : "s1-t14",
      "begin" : 418,
      "end" : 421,
      "text" : "the",
      "whiteSpace" : false
    }, {
      "id" : "s1-t15",
      "begin" : 422,
      "end" : 426,
      "text" : "same",
      "whiteSpace" : false
    }, {
      "id" : "s1-t16",
      "begin" : 427,
      "end" : 432,
      "text" : "being",
      "whiteSpace" : false
    }, {
      "id" : "s1-t17",
      "begin" : 433,
      "end" : 442,
      "text" : "Southwest",
      "whiteSpace" : false
    }, {
      "id" : "s1-t18",
      "begin" : 443,
      "end" : 448,
      "text" : "comer",
      "whiteSpace" : false
    }, {
      "id" : "s1-t19",
      "begin" : 449,
      "end" : 451,
      "text" : "of",
      "whiteSpace" : false
    }, {
      "id" : "s1-t20",
      "begin" : 452,
      "end" : 455,
      "text" : "A-5",
      "whiteSpace" : false
    }, {
      "id" : "s1-t21",
      "begin" : 456,
      "end" : 459,
      "text" : "and",
      "whiteSpace" : false
    }, {
      "id" : "s1-t22",
      "begin" : 460,
      "end" : 463,
      "text" : "the",
      "whiteSpace" : false
    }, {
      "id" : "s1-t23",
      "begin" : 464,
      "end" : 473,
      "text" : "Southeast",
      "whiteSpace" : false
    }, {
      "id" : "s1-t24",
      "begin" : 474,
      "end" : 479,
      "text" : "comer",
      "whiteSpace" : false
    }, {
      "id" : "s1-t25",
      "begin" : 480,
      "end" : 482,
      "text" : "of",
      "whiteSpace" : false
    }, {
      "id" : "s1-t26",
      "begin" : 483,
      "end" : 486,
      "text" : "Lot",
      "whiteSpace" : false
    }, {
      "id" : "s1-t27",
      "begin" : 487,
      "end" : 490,
      "text" : "A-6",
      "whiteSpace" : false
    }, {
      "id" : "s1-t28",
      "begin" : 491,
      "end" : 493,
      "text" : "of",
      "whiteSpace" : false
    }, {
      "id" : "s1-t29",
      "begin" : 494,
      "end" : 498,
      "text" : "said",
      "whiteSpace" : false
    }, {
      "id" : "s1-t30",
      "begin" : 499,
      "end" : 510,
      "text" : "subdivision",
      "whiteSpace" : false
    }, {
      "id" : "s1-t31",
      "begin" : 510,
      "end" : 511,
      "text" : ";",
      "whiteSpace" : false
    }, {
      "id" : "s1-t32",
      "begin" : 512,
      "end" : 518,
      "text" : "thence",
      "whiteSpace" : false
    }, {
      "id" : "s1-t33",
      "begin" : 519,
      "end" : 523,
      "text" : "with",
      "whiteSpace" : false
    }, {
      "id" : "s1-t34",
      "begin" : 524,
      "end" : 527,
      "text" : "the",
      "whiteSpace" : false
    }, {
      "id" : "s1-t35",
      "begin" : 528,
      "end" : 533,
      "text" : "South",
      "whiteSpace" : false
    }, {
      "id" : "s1-t36",
      "begin" : 534,
      "end" : 542,
      "text" : "boundary",
      "whiteSpace" : false
    }, {
      "id" : "s1-t37",
      "begin" : 543,
      "end" : 547,
      "text" : "line",
      "whiteSpace" : false
    }, {
      "id" : "s1-t38",
      "begin" : 548,
      "end" : 550,
      "text" : "of",
      "whiteSpace" : false
    }, {
      "id" : "s1-t39",
      "begin" : 551,
      "end" : 554,
      "text" : "Lot",
      "whiteSpace" : false
    }, {
      "id" : "s1-t40",
      "begin" : 555,
      "end" : 558,
      "text" : "A-5",
      "whiteSpace" : false
    }, {
      "id" : "s1-t41",
      "begin" : 558,
      "end" : 559,
      "text" : ",",
      "whiteSpace" : false
    }, {
      "id" : "s1-t42",
      "begin" : 560,
      "end" : 562,
      "text" : "in",
      "whiteSpace" : false
    }, {
      "id" : "s1-t43",
      "begin" : 563,
      "end" : 565,
      "text" : "an",
      "whiteSpace" : false
    }, {
      "id" : "s1-t44",
      "begin" : 566,
      "end" : 574,
      "text" : "easterly",
      "whiteSpace" : false
    }, {
      "id" : "s1-t45",
      "begin" : 575,
      "end" : 584,
      "text" : "direction",
      "whiteSpace" : false
    }, {
      "id" : "s1-t46",
      "begin" : 584,
      "end" : 585,
      "text" : ",",
      "whiteSpace" : false
    }, {
      "id" : "s1-t47",
      "begin" : 586,
      "end" : 589,
      "text" : "110",
      "whiteSpace" : false
    }, {
      "id" : "s1-t48",
      "begin" : 590,
      "end" : 594,
      "text" : "feet",
      "whiteSpace" : false
    }, {
      "id" : "s1-t49",
      "begin" : 594,
      "end" : 595,
      "text" : ",",
      "whiteSpace" : false
    }, {
      "id" : "s1-t50",
      "begin" : 596,
      "end" : 600,
      "text" : "more",
      "whiteSpace" : false
    }, {
      "id" : "s1-t51",
      "begin" : 601,
      "end" : 603,
      "text" : "or",
      "whiteSpace" : false
    }, {
      "id" : "s1-t52",
      "begin" : 604,
      "end" : 608,
      "text" : "less",
      "whiteSpace" : false
    }, {
      "id" : "s1-t53",
      "begin" : 608,
      "end" : 609,
      "text" : ",",
      "whiteSpace" : false
    }, {
      "id" : "s1-t54",
      "begin" : 610,
      "end" : 612,
      "text" : "to",
      "whiteSpace" : false
    }, {
      "id" : "s1-t55",
      "begin" : 613,
      "end" : 616,
      "text" : "the",
      "whiteSpace" : false
    }, {
      "id" : "s1-t56",
      "begin" : 617,
      "end" : 622,
      "text" : "point",
      "whiteSpace" : false
    }, {
      "id" : "s1-t57",
      "begin" : 623,
      "end" : 625,
      "text" : "of",
      "whiteSpace" : false
    }, {
      "id" : "s1-t58",
      "begin" : 626,
      "end" : 636,
      "text" : "beginning.",
      "whiteSpace" : false
    }, {
      "id" : "s1-t59",
      "begin" : 636,
      "end" : 637,
      "text" : ",",
      "whiteSpace" : false
    }, {
      "id" : "s1-t60",
      "begin" : 638,
      "end" : 643,
      "text" : "BEING",
      "whiteSpace" : false
    }, {
      "id" : "s1-t61",
      "begin" : 644,
      "end" : 647,
      "text" : "the",
      "whiteSpace" : false
    }, {
      "id" : "s1-t62",
      "begin" : 648,
      "end" : 652,
      "text" : "same",
      "whiteSpace" : false
    }, {
      "id" : "s1-t63",
      "begin" : 653,
      "end" : 661,
      "text" : "property",
      "whiteSpace" : false
    }, {
      "id" : "s1-t64",
      "begin" : 662,
      "end" : 670,
      "text" : "conveyed",
      "whiteSpace" : false
    }, {
      "id" : "s1-t65",
      "begin" : 671,
      "end" : 673,
      "text" : "to",
      "whiteSpace" : false
    }, {
      "id" : "s1-t66",
      "begin" : 674,
      "end" : 680,
      "text" : "Harold",
      "whiteSpace" : false
    }, {
      "id" : "s1-t67",
      "begin" : 681,
      "end" : 689,
      "text" : "Scurlock",
      "whiteSpace" : false
    }, {
      "id" : "s1-t68",
      "begin" : 690,
      "end" : 693,
      "text" : "and",
      "whiteSpace" : false
    }, {
      "id" : "s1-t69",
      "begin" : 694,
      "end" : 698,
      "text" : "wife",
      "whiteSpace" : false
    }, {
      "id" : "s1-t70",
      "begin" : 698,
      "end" : 699,
      "text" : ",",
      "whiteSpace" : false
    }, {
      "id" : "s1-t71",
      "begin" : 700,
      "end" : 706,
      "text" : "Sheila",
      "whiteSpace" : false
    }, {
      "id" : "s1-t72",
      "begin" : 707,
      "end" : 715,
      "text" : "Scurlock",
      "whiteSpace" : false
    }, {
      "id" : "s1-t73",
      "begin" : 716,
      "end" : 718,
      "text" : "by",
      "whiteSpace" : false
    }, {
      "id" : "s1-t74",
      "begin" : 719,
      "end" : 723,
      "text" : "deed",
      "whiteSpace" : false
    }, {
      "id" : "s1-t75",
      "begin" : 724,
      "end" : 726,
      "text" : "of",
      "whiteSpace" : false
    }, {
      "id" : "s1-t76",
      "begin" : 727,
      "end" : 733,
      "text" : "record",
      "whiteSpace" : false
    }, {
      "id" : "s1-t77",
      "begin" : 734,
      "end" : 736,
      "text" : "in",
      "whiteSpace" : false
    }, {
      "id" : "s1-t78",
      "begin" : 737,
      "end" : 741,
      "text" : "Deed",
      "whiteSpace" : false
    }, {
      "id" : "s1-t79",
      "begin" : 742,
      "end" : 746,
      "text" : "Book",
      "whiteSpace" : false
    }, {
      "id" : "s1-t80",
      "begin" : 747,
      "end" : 750,
      "text" : "163",
      "whiteSpace" : false
    }, {
      "id" : "s1-t81",
      "begin" : 750,
      "end" : 751,
      "text" : ",",
      "whiteSpace" : false
    }, {
      "id" : "s1-t82",
      "begin" : 752,
      "end" : 756,
      "text" : "page",
      "whiteSpace" : false
    }, {
      "id" : "s1-t83",
      "begin" : 757,
      "end" : 760,
      "text" : "344",
      "whiteSpace" : false
    }, {
      "id" : "s1-t84",
      "begin" : 760,
      "end" : 761,
      "text" : ",",
      "whiteSpace" : false
    }, {
      "id" : "s1-t85",
      "begin" : 762,
      "end" : 770,
      "text" : "Register",
      "whiteSpace" : false
    }, {
      "id" : "s1-t86",
      "begin" : 770,
      "end" : 772,
      "text" : "'s",
      "whiteSpace" : false
    }, {
      "id" : "s1-t87",
      "begin" : 773,
      "end" : 775,
      "text" : "Of",
      "whiteSpace" : false
    }, {
      "id" : "s1-t88",
      "begin" : 775,
      "end" : 776,
      "text" : "?",
      "whiteSpace" : false
    } ]
  }, {
    "id" : "s2",
    "begin" : 776,
    "end" : 989,
    "text" : "??ce of Humphreys County, Tennessee., This conveyance is subject to reservations and restrictions as contained in the deed from A. W. Lucas, Jr. to Jean T. Lucas of record in Deed Book 98, page 107, Register's Of?",
    "tokens" : [ {
      "id" : "s2-t0",
      "begin" : 776,
      "end" : 780,
      "text" : "??ce",
      "whiteSpace" : false
    }, {
      "id" : "s2-t1",
      "begin" : 781,
      "end" : 783,
      "text" : "of",
      "whiteSpace" : false
    }, {
      "id" : "s2-t2",
      "begin" : 784,
      "end" : 793,
      "text" : "Humphreys",
      "whiteSpace" : false
    }, {
      "id" : "s2-t3",
      "begin" : 794,
      "end" : 800,
      "text" : "County",
      "whiteSpace" : false
    }, {
      "id" : "s2-t4",
      "begin" : 800,
      "end" : 801,
      "text" : ",",
      "whiteSpace" : false
    }, {
      "id" : "s2-t5",
      "begin" : 802,
      "end" : 812,
      "text" : "Tennessee.",
      "whiteSpace" : false
    }, {
      "id" : "s2-t6",
      "begin" : 812,
      "end" : 813,
      "text" : ",",
      "whiteSpace" : false
    }, {
      "id" : "s2-t7",
      "begin" : 814,
      "end" : 818,
      "text" : "This",
      "whiteSpace" : false
    }, {
      "id" : "s2-t8",
      "begin" : 819,
      "end" : 829,
      "text" : "conveyance",
      "whiteSpace" : false
    }, {
      "id" : "s2-t9",
      "begin" : 830,
      "end" : 832,
      "text" : "is",
      "whiteSpace" : false
    }, {
      "id" : "s2-t10",
      "begin" : 833,
      "end" : 840,
      "text" : "subject",
      "whiteSpace" : false
    }, {
      "id" : "s2-t11",
      "begin" : 841,
      "end" : 843,
      "text" : "to",
      "whiteSpace" : false
    }, {
      "id" : "s2-t12",
      "begin" : 844,
      "end" : 856,
      "text" : "reservations",
      "whiteSpace" : false
    }, {
      "id" : "s2-t13",
      "begin" : 857,
      "end" : 860,
      "text" : "and",
      "whiteSpace" : false
    }, {
      "id" : "s2-t14",
      "begin" : 861,
      "end" : 873,
      "text" : "restrictions",
      "whiteSpace" : false
    }, {
      "id" : "s2-t15",
      "begin" : 874,
      "end" : 876,
      "text" : "as",
      "whiteSpace" : false
    }, {
      "id" : "s2-t16",
      "begin" : 877,
      "end" : 886,
      "text" : "contained",
      "whiteSpace" : false
    }, {
      "id" : "s2-t17",
      "begin" : 887,
      "end" : 889,
      "text" : "in",
      "whiteSpace" : false
    }, {
      "id" : "s2-t18",
      "begin" : 890,
      "end" : 893,
      "text" : "the",
      "whiteSpace" : false
    }, {
      "id" : "s2-t19",
      "begin" : 894,
      "end" : 898,
      "text" : "deed",
      "whiteSpace" : false
    }, {
      "id" : "s2-t20",
      "begin" : 899,
      "end" : 903,
      "text" : "from",
      "whiteSpace" : false
    }, {
      "id" : "s2-t21",
      "begin" : 904,
      "end" : 906,
      "text" : "A.",
      "whiteSpace" : false
    }, {
      "id" : "s2-t22",
      "begin" : 907,
      "end" : 909,
      "text" : "W.",
      "whiteSpace" : false
    }, {
      "id" : "s2-t23",
      "begin" : 910,
      "end" : 915,
      "text" : "Lucas",
      "whiteSpace" : false
    }, {
      "id" : "s2-t24",
      "begin" : 915,
      "end" : 916,
      "text" : ",",
      "whiteSpace" : false
    }, {
      "id" : "s2-t25",
      "begin" : 917,
      "end" : 920,
      "text" : "Jr.",
      "whiteSpace" : false
    }, {
      "id" : "s2-t26",
      "begin" : 921,
      "end" : 923,
      "text" : "to",
      "whiteSpace" : false
    }, {
      "id" : "s2-t27",
      "begin" : 924,
      "end" : 928,
      "text" : "Jean",
      "whiteSpace" : false
    }, {
      "id" : "s2-t28",
      "begin" : 929,
      "end" : 931,
      "text" : "T.",
      "whiteSpace" : false
    }, {
      "id" : "s2-t29",
      "begin" : 932,
      "end" : 937,
      "text" : "Lucas",
      "whiteSpace" : false
    }, {
      "id" : "s2-t30",
      "begin" : 938,
      "end" : 940,
      "text" : "of",
      "whiteSpace" : false
    }, {
      "id" : "s2-t31",
      "begin" : 941,
      "end" : 947,
      "text" : "record",
      "whiteSpace" : false
    }, {
      "id" : "s2-t32",
      "begin" : 948,
      "end" : 950,
      "text" : "in",
      "whiteSpace" : false
    }, {
      "id" : "s2-t33",
      "begin" : 951,
      "end" : 955,
      "text" : "Deed",
      "whiteSpace" : false
    }, {
      "id" : "s2-t34",
      "begin" : 956,
      "end" : 960,
      "text" : "Book",
      "whiteSpace" : false
    }, {
      "id" : "s2-t35",
      "begin" : 961,
      "end" : 963,
      "text" : "98",
      "whiteSpace" : false
    }, {
      "id" : "s2-t36",
      "begin" : 963,
      "end" : 964,
      "text" : ",",
      "whiteSpace" : false
    }, {
      "id" : "s2-t37",
      "begin" : 965,
      "end" : 969,
      "text" : "page",
      "whiteSpace" : false
    }, {
      "id" : "s2-t38",
      "begin" : 970,
      "end" : 973,
      "text" : "107",
      "whiteSpace" : false
    }, {
      "id" : "s2-t39",
      "begin" : 973,
      "end" : 974,
      "text" : ",",
      "whiteSpace" : false
    }, {
      "id" : "s2-t40",
      "begin" : 975,
      "end" : 983,
      "text" : "Register",
      "whiteSpace" : false
    }, {
      "id" : "s2-t41",
      "begin" : 983,
      "end" : 985,
      "text" : "'s",
      "whiteSpace" : false
    }, {
      "id" : "s2-t42",
      "begin" : 986,
      "end" : 988,
      "text" : "Of",
      "whiteSpace" : false
    }, {
      "id" : "s2-t43",
      "begin" : 988,
      "end" : 989,
      "text" : "?",
      "whiteSpace" : false
    } ]
  }, {
    "id" : "s3",
    "begin" : 989,
    "end" : 1047,
    "text" : "??ce of Humphreys County, Tennessee., This conveyance is ?",
    "tokens" : [ {
      "id" : "s3-t0",
      "begin" : 989,
      "end" : 993,
      "text" : "??ce",
      "whiteSpace" : false
    }, {
      "id" : "s3-t1",
      "begin" : 994,
      "end" : 996,
      "text" : "of",
      "whiteSpace" : false
    }, {
      "id" : "s3-t2",
      "begin" : 997,
      "end" : 1006,
      "text" : "Humphreys",
      "whiteSpace" : false
    }, {
      "id" : "s3-t3",
      "begin" : 1007,
      "end" : 1013,
      "text" : "County",
      "whiteSpace" : false
    }, {
      "id" : "s3-t4",
      "begin" : 1013,
      "end" : 1014,
      "text" : ",",
      "whiteSpace" : false
    }, {
      "id" : "s3-t5",
      "begin" : 1015,
      "end" : 1025,
      "text" : "Tennessee.",
      "whiteSpace" : false
    }, {
      "id" : "s3-t6",
      "begin" : 1025,
      "end" : 1026,
      "text" : ",",
      "whiteSpace" : false
    }, {
      "id" : "s3-t7",
      "begin" : 1027,
      "end" : 1031,
      "text" : "This",
      "whiteSpace" : false
    }, {
      "id" : "s3-t8",
      "begin" : 1032,
      "end" : 1042,
      "text" : "conveyance",
      "whiteSpace" : false
    }, {
      "id" : "s3-t9",
      "begin" : 1043,
      "end" : 1045,
      "text" : "is",
      "whiteSpace" : false
    }, {
      "id" : "s3-t10",
      "begin" : 1046,
      "end" : 1047,
      "text" : "?",
      "whiteSpace" : false
    } ]
  }, {
    "id" : "s4",
    "begin" : 1047,
    "end" : 1199,
    "text" : "??irther subject to Restrictions and Protective Covenants for Broadway-Indian Subdivision, Section 1 of record in Deed Book 76, page 232, Register's Of?",
    "tokens" : [ {
      "id" : "s4-t0",
      "begin" : 1047,
      "end" : 1055,
      "text" : "??irther",
      "whiteSpace" : false
    }, {
      "id" : "s4-t1",
      "begin" : 1056,
      "end" : 1063,
      "text" : "subject",
      "whiteSpace" : false
    }, {
      "id" : "s4-t2",
      "begin" : 1064,
      "end" : 1066,
      "text" : "to",
      "whiteSpace" : false
    }, {
      "id" : "s4-t3",
      "begin" : 1067,
      "end" : 1079,
      "text" : "Restrictions",
      "whiteSpace" : false
    }, {
      "id" : "s4-t4",
      "begin" : 1080,
      "end" : 1083,
      "text" : "and",
      "whiteSpace" : false
    }, {
      "id" : "s4-t5",
      "begin" : 1084,
      "end" : 1094,
      "text" : "Protective",
      "whiteSpace" : false
    }, {
      "id" : "s4-t6",
      "begin" : 1095,
      "end" : 1104,
      "text" : "Covenants",
      "whiteSpace" : false
    }, {
      "id" : "s4-t7",
      "begin" : 1105,
      "end" : 1108,
      "text" : "for",
      "whiteSpace" : false
    }, {
      "id" : "s4-t8",
      "begin" : 1109,
      "end" : 1117,
      "text" : "Broadway",
      "whiteSpace" : false
    }, {
      "id" : "s4-t9",
      "begin" : 1117,
      "end" : 1118,
      "text" : "-",
      "whiteSpace" : false
    }, {
      "id" : "s4-t10",
      "begin" : 1118,
      "end" : 1124,
      "text" : "Indian",
      "whiteSpace" : false
    }, {
      "id" : "s4-t11",
      "begin" : 1125,
      "end" : 1136,
      "text" : "Subdivision",
      "whiteSpace" : false
    }, {
      "id" : "s4-t12",
      "begin" : 1136,
      "end" : 1137,
      "text" : ",",
      "whiteSpace" : false
    }, {
      "id" : "s4-t13",
      "begin" : 1138,
      "end" : 1145,
      "text" : "Section",
      "whiteSpace" : false
    }, {
      "id" : "s4-t14",
      "begin" : 1146,
      "end" : 1147,
      "text" : "1",
      "whiteSpace" : false
    }, {
      "id" : "s4-t15",
      "begin" : 1148,
      "end" : 1150,
      "text" : "of",
      "whiteSpace" : false
    }, {
      "id" : "s4-t16",
      "begin" : 1151,
      "end" : 1157,
      "text" : "record",
      "whiteSpace" : false
    }, {
      "id" : "s4-t17",
      "begin" : 1158,
      "end" : 1160,
      "text" : "in",
      "whiteSpace" : false
    }, {
      "id" : "s4-t18",
      "begin" : 1161,
      "end" : 1165,
      "text" : "Deed",
      "whiteSpace" : false
    }, {
      "id" : "s4-t19",
      "begin" : 1166,
      "end" : 1170,
      "text" : "Book",
      "whiteSpace" : false
    }, {
      "id" : "s4-t20",
      "begin" : 1171,
      "end" : 1173,
      "text" : "76",
      "whiteSpace" : false
    }, {
      "id" : "s4-t21",
      "begin" : 1173,
      "end" : 1174,
      "text" : ",",
      "whiteSpace" : false
    }, {
      "id" : "s4-t22",
      "begin" : 1175,
      "end" : 1179,
      "text" : "page",
      "whiteSpace" : false
    }, {
      "id" : "s4-t23",
      "begin" : 1180,
      "end" : 1183,
      "text" : "232",
      "whiteSpace" : false
    }, {
      "id" : "s4-t24",
      "begin" : 1183,
      "end" : 1184,
      "text" : ",",
      "whiteSpace" : false
    }, {
      "id" : "s4-t25",
      "begin" : 1185,
      "end" : 1193,
      "text" : "Register",
      "whiteSpace" : false
    }, {
      "id" : "s4-t26",
      "begin" : 1193,
      "end" : 1195,
      "text" : "'s",
      "whiteSpace" : false
    }, {
      "id" : "s4-t27",
      "begin" : 1196,
      "end" : 1198,
      "text" : "Of",
      "whiteSpace" : false
    }, {
      "id" : "s4-t28",
      "begin" : 1198,
      "end" : 1199,
      "text" : "?",
      "whiteSpace" : false
    } ]
  }, {
    "id" : "s5",
    "begin" : 1199,
    "end" : 1295,
    "text" : "??ce of Humphreys County, Tennessee; and thereafter amended in Deed Book 77, page 113, Register?",
    "tokens" : [ {
      "id" : "s5-t0",
      "begin" : 1199,
      "end" : 1203,
      "text" : "??ce",
      "whiteSpace" : false
    }, {
      "id" : "s5-t1",
      "begin" : 1204,
      "end" : 1206,
      "text" : "of",
      "whiteSpace" : false
    }, {
      "id" : "s5-t2",
      "begin" : 1207,
      "end" : 1216,
      "text" : "Humphreys",
      "whiteSpace" : false
    }, {
      "id" : "s5-t3",
      "begin" : 1217,
      "end" : 1223,
      "text" : "County",
      "whiteSpace" : false
    }, {
      "id" : "s5-t4",
      "begin" : 1223,
      "end" : 1224,
      "text" : ",",
      "whiteSpace" : false
    }, {
      "id" : "s5-t5",
      "begin" : 1225,
      "end" : 1234,
      "text" : "Tennessee",
      "whiteSpace" : false
    }, {
      "id" : "s5-t6",
      "begin" : 1234,
      "end" : 1235,
      "text" : ";",
      "whiteSpace" : false
    }, {
      "id" : "s5-t7",
      "begin" : 1236,
      "end" : 1239,
      "text" : "and",
      "whiteSpace" : false
    }, {
      "id" : "s5-t8",
      "begin" : 1240,
      "end" : 1250,
      "text" : "thereafter",
      "whiteSpace" : false
    }, {
      "id" : "s5-t9",
      "begin" : 1251,
      "end" : 1258,
      "text" : "amended",
      "whiteSpace" : false
    }, {
      "id" : "s5-t10",
      "begin" : 1259,
      "end" : 1261,
      "text" : "in",
      "whiteSpace" : false
    }, {
      "id" : "s5-t11",
      "begin" : 1262,
      "end" : 1266,
      "text" : "Deed",
      "whiteSpace" : false
    }, {
      "id" : "s5-t12",
      "begin" : 1267,
      "end" : 1271,
      "text" : "Book",
      "whiteSpace" : false
    }, {
      "id" : "s5-t13",
      "begin" : 1272,
      "end" : 1274,
      "text" : "77",
      "whiteSpace" : false
    }, {
      "id" : "s5-t14",
      "begin" : 1274,
      "end" : 1275,
      "text" : ",",
      "whiteSpace" : false
    }, {
      "id" : "s5-t15",
      "begin" : 1276,
      "end" : 1280,
      "text" : "page",
      "whiteSpace" : false
    }, {
      "id" : "s5-t16",
      "begin" : 1281,
      "end" : 1284,
      "text" : "113",
      "whiteSpace" : false
    }, {
      "id" : "s5-t17",
      "begin" : 1284,
      "end" : 1285,
      "text" : ",",
      "whiteSpace" : false
    }, {
      "id" : "s5-t18",
      "begin" : 1286,
      "end" : 1294,
      "text" : "Register",
      "whiteSpace" : false
    }, {
      "id" : "s5-t19",
      "begin" : 1294,
      "end" : 1295,
      "text" : "?",
      "whiteSpace" : false
    } ]
  }, {
    "id" : "s6",
    "begin" : 1295,
    "end" : 1302,
    "text" : "??s Of?",
    "tokens" : [ {
      "id" : "s6-t0",
      "begin" : 1295,
      "end" : 1298,
      "text" : "??s",
      "whiteSpace" : false
    }, {
      "id" : "s6-t1",
      "begin" : 1299,
      "end" : 1301,
      "text" : "Of",
      "whiteSpace" : false
    }, {
      "id" : "s6-t2",
      "begin" : 1301,
      "end" : 1302,
      "text" : "?",
      "whiteSpace" : false
    } ]
  }, {
    "id" : "s7",
    "begin" : 1302,
    "end" : 1355,
    "text" : "??ce of Humphreys County, Tennessee., Harold Scurlock",
    "tokens" : [ {
      "id" : "s7-t0",
      "begin" : 1302,
      "end" : 1306,
      "text" : "??ce",
      "whiteSpace" : false
    }, {
      "id" : "s7-t1",
      "begin" : 1307,
      "end" : 1309,
      "text" : "of",
      "whiteSpace" : false
    }, {
      "id" : "s7-t2",
      "begin" : 1310,
      "end" : 1319,
      "text" : "Humphreys",
      "whiteSpace" : false
    }, {
      "id" : "s7-t3",
      "begin" : 1320,
      "end" : 1326,
      "text" : "County",
      "whiteSpace" : false
    }, {
      "id" : "s7-t4",
      "begin" : 1326,
      "end" : 1327,
      "text" : ",",
      "whiteSpace" : false
    }, {
      "id" : "s7-t5",
      "begin" : 1328,
      "end" : 1338,
      "text" : "Tennessee.",
      "whiteSpace" : false
    }, {
      "id" : "s7-t6",
      "begin" : 1338,
      "end" : 1339,
      "text" : ",",
      "whiteSpace" : false
    }, {
      "id" : "s7-t7",
      "begin" : 1340,
      "end" : 1346,
      "text" : "Harold",
      "whiteSpace" : false
    }, {
      "id" : "s7-t8",
      "begin" : 1347,
      "end" : 1355,
      "text" : "Scurlock",
      "whiteSpace" : false
    } ]
  } ],
  "mentions" : [ {
    "id" : "s1-m1",
    "properties" : {
      "SIRE_MENTION_ROLE" : "WarrDeedBookNum",
      "SIRE_ENTITY_SUBTYPE" : "NONE",
      "SIRE_MENTION_TYPE" : "NONE",
      "SIRE_MENTION_CLASS" : "SPC"
    },
    "type" : "WarrDeedBookNum",
    "begin" : 747,
    "end" : 750,
    "inCoref" : false
  }, {
    "id" : "s1-m2",
    "properties" : {
      "SIRE_MENTION_ROLE" : "WarrDeedPageNum",
      "SIRE_ENTITY_SUBTYPE" : "NONE",
      "SIRE_MENTION_TYPE" : "NONE",
      "SIRE_MENTION_CLASS" : "SPC"
    },
    "type" : "WarrDeedPageNum",
    "begin" : 757,
    "end" : 760,
    "inCoref" : false
  } ],
  "relations" : [ ],
  "corefs" : [ ],
  "typeResolved" : true,
  "userResolved" : false
}