{
  "id" : "a5e530f0-54dc-11e9-9b8e-4bc9d96d3dde-11",
  "name" : "WD169-10.txt",
  "createdDate" : 0,
  "version" : 3,
  "text" : " being in the Third Civil District of Humphreys County, State of Tennessee, and being more particularly described as follows: Beginning at an iron pin being on the north boundary of Talmo Estates Lot Being the same property conveyed to William W. Cunningham, Jr. and wife, Eloise J. Cunningham, by deed from Elvis L. Wallace and wife, Sara Wallace, dated June 3, 1982, of record in Deed Book 138 at page 551 in the Register's Of???ce of Humphreys County, Tennessee. Lot No. 46: Beginning at an iron pin that is located 2,837 feet Being the same property conveyed to William W. Cunningham, Jr. and wife, Eloise J. Cunningham, by deed from Can-Do Foliage, Inc. dated June 15, 1994, of record in Deed Book 164 at page 261 in the Register???s ",
  "docLength" : 0,
  "language" : "EN",
  "status" : "SUBMITTED",
  "modifiedDate" : 1554165464313,
  "documentSet" : [ ],
  "preannotation" : [ ],
  "sentences" : [ {
    "id" : "s0",
    "begin" : 1,
    "end" : 429,
    "text" : "being in the Third Civil District of Humphreys County, State of Tennessee, and being more particularly described as follows: Beginning at an iron pin being on the north boundary of Talmo Estates Lot Being the same property conveyed to William W. Cunningham, Jr. and wife, Eloise J. Cunningham, by deed from Elvis L. Wallace and wife, Sara Wallace, dated June 3, 1982, of record in Deed Book 138 at page 551 in the Register's Of?",
    "tokens" : [ {
      "id" : "s0-t0",
      "begin" : 1,
      "end" : 6,
      "text" : "being",
      "whiteSpace" : false
    }, {
      "id" : "s0-t1",
      "begin" : 7,
      "end" : 9,
      "text" : "in",
      "whiteSpace" : false
    }, {
      "id" : "s0-t2",
      "begin" : 10,
      "end" : 13,
      "text" : "the",
      "whiteSpace" : false
    }, {
      "id" : "s0-t3",
      "begin" : 14,
      "end" : 19,
      "text" : "Third",
      "whiteSpace" : false
    }, {
      "id" : "s0-t4",
      "begin" : 20,
      "end" : 25,
      "text" : "Civil",
      "whiteSpace" : false
    }, {
      "id" : "s0-t5",
      "begin" : 26,
      "end" : 34,
      "text" : "District",
      "whiteSpace" : false
    }, {
      "id" : "s0-t6",
      "begin" : 35,
      "end" : 37,
      "text" : "of",
      "whiteSpace" : false
    }, {
      "id" : "s0-t7",
      "begin" : 38,
      "end" : 47,
      "text" : "Humphreys",
      "whiteSpace" : false
    }, {
      "id" : "s0-t8",
      "begin" : 48,
      "end" : 54,
      "text" : "County",
      "whiteSpace" : false
    }, {
      "id" : "s0-t9",
      "begin" : 54,
      "end" : 55,
      "text" : ",",
      "whiteSpace" : false
    }, {
      "id" : "s0-t10",
      "begin" : 56,
      "end" : 61,
      "text" : "State",
      "whiteSpace" : false
    }, {
      "id" : "s0-t11",
      "begin" : 62,
      "end" : 64,
      "text" : "of",
      "whiteSpace" : false
    }, {
      "id" : "s0-t12",
      "begin" : 65,
      "end" : 74,
      "text" : "Tennessee",
      "whiteSpace" : false
    }, {
      "id" : "s0-t13",
      "begin" : 74,
      "end" : 75,
      "text" : ",",
      "whiteSpace" : false
    }, {
      "id" : "s0-t14",
      "begin" : 76,
      "end" : 79,
      "text" : "and",
      "whiteSpace" : false
    }, {
      "id" : "s0-t15",
      "begin" : 80,
      "end" : 85,
      "text" : "being",
      "whiteSpace" : false
    }, {
      "id" : "s0-t16",
      "begin" : 86,
      "end" : 90,
      "text" : "more",
      "whiteSpace" : false
    }, {
      "id" : "s0-t17",
      "begin" : 91,
      "end" : 103,
      "text" : "particularly",
      "whiteSpace" : false
    }, {
      "id" : "s0-t18",
      "begin" : 104,
      "end" : 113,
      "text" : "described",
      "whiteSpace" : false
    }, {
      "id" : "s0-t19",
      "begin" : 114,
      "end" : 116,
      "text" : "as",
      "whiteSpace" : false
    }, {
      "id" : "s0-t20",
      "begin" : 117,
      "end" : 124,
      "text" : "follows",
      "whiteSpace" : false
    }, {
      "id" : "s0-t21",
      "begin" : 124,
      "end" : 125,
      "text" : ":",
      "whiteSpace" : false
    }, {
      "id" : "s0-t22",
      "begin" : 126,
      "end" : 135,
      "text" : "Beginning",
      "whiteSpace" : false
    }, {
      "id" : "s0-t23",
      "begin" : 136,
      "end" : 138,
      "text" : "at",
      "whiteSpace" : false
    }, {
      "id" : "s0-t24",
      "begin" : 139,
      "end" : 141,
      "text" : "an",
      "whiteSpace" : false
    }, {
      "id" : "s0-t25",
      "begin" : 142,
      "end" : 146,
      "text" : "iron",
      "whiteSpace" : false
    }, {
      "id" : "s0-t26",
      "begin" : 147,
      "end" : 150,
      "text" : "pin",
      "whiteSpace" : false
    }, {
      "id" : "s0-t27",
      "begin" : 151,
      "end" : 156,
      "text" : "being",
      "whiteSpace" : false
    }, {
      "id" : "s0-t28",
      "begin" : 157,
      "end" : 159,
      "text" : "on",
      "whiteSpace" : false
    }, {
      "id" : "s0-t29",
      "begin" : 160,
      "end" : 163,
      "text" : "the",
      "whiteSpace" : false
    }, {
      "id" : "s0-t30",
      "begin" : 164,
      "end" : 169,
      "text" : "north",
      "whiteSpace" : false
    }, {
      "id" : "s0-t31",
      "begin" : 170,
      "end" : 178,
      "text" : "boundary",
      "whiteSpace" : false
    }, {
      "id" : "s0-t32",
      "begin" : 179,
      "end" : 181,
      "text" : "of",
      "whiteSpace" : false
    }, {
      "id" : "s0-t33",
      "begin" : 182,
      "end" : 187,
      "text" : "Talmo",
      "whiteSpace" : false
    }, {
      "id" : "s0-t34",
      "begin" : 188,
      "end" : 195,
      "text" : "Estates",
      "whiteSpace" : false
    }, {
      "id" : "s0-t35",
      "begin" : 196,
      "end" : 199,
      "text" : "Lot",
      "whiteSpace" : false
    }, {
      "id" : "s0-t36",
      "begin" : 200,
      "end" : 205,
      "text" : "Being",
      "whiteSpace" : false
    }, {
      "id" : "s0-t37",
      "begin" : 206,
      "end" : 209,
      "text" : "the",
      "whiteSpace" : false
    }, {
      "id" : "s0-t38",
      "begin" : 210,
      "end" : 214,
      "text" : "same",
      "whiteSpace" : false
    }, {
      "id" : "s0-t39",
      "begin" : 215,
      "end" : 223,
      "text" : "property",
      "whiteSpace" : false
    }, {
      "id" : "s0-t40",
      "begin" : 224,
      "end" : 232,
      "text" : "conveyed",
      "whiteSpace" : false
    }, {
      "id" : "s0-t41",
      "begin" : 233,
      "end" : 235,
      "text" : "to",
      "whiteSpace" : false
    }, {
      "id" : "s0-t42",
      "begin" : 236,
      "end" : 243,
      "text" : "William",
      "whiteSpace" : false
    }, {
      "id" : "s0-t43",
      "begin" : 244,
      "end" : 246,
      "text" : "W.",
      "whiteSpace" : false
    }, {
      "id" : "s0-t44",
      "begin" : 247,
      "end" : 257,
      "text" : "Cunningham",
      "whiteSpace" : false
    }, {
      "id" : "s0-t45",
      "begin" : 257,
      "end" : 258,
      "text" : ",",
      "whiteSpace" : false
    }, {
      "id" : "s0-t46",
      "begin" : 259,
      "end" : 262,
      "text" : "Jr.",
      "whiteSpace" : false
    }, {
      "id" : "s0-t47",
      "begin" : 263,
      "end" : 266,
      "text" : "and",
      "whiteSpace" : false
    }, {
      "id" : "s0-t48",
      "begin" : 267,
      "end" : 271,
      "text" : "wife",
      "whiteSpace" : false
    }, {
      "id" : "s0-t49",
      "begin" : 271,
      "end" : 272,
      "text" : ",",
      "whiteSpace" : false
    }, {
      "id" : "s0-t50",
      "begin" : 273,
      "end" : 279,
      "text" : "Eloise",
      "whiteSpace" : false
    }, {
      "id" : "s0-t51",
      "begin" : 280,
      "end" : 282,
      "text" : "J.",
      "whiteSpace" : false
    }, {
      "id" : "s0-t52",
      "begin" : 283,
      "end" : 293,
      "text" : "Cunningham",
      "whiteSpace" : false
    }, {
      "id" : "s0-t53",
      "begin" : 293,
      "end" : 294,
      "text" : ",",
      "whiteSpace" : false
    }, {
      "id" : "s0-t54",
      "begin" : 295,
      "end" : 297,
      "text" : "by",
      "whiteSpace" : false
    }, {
      "id" : "s0-t55",
      "begin" : 298,
      "end" : 302,
      "text" : "deed",
      "whiteSpace" : false
    }, {
      "id" : "s0-t56",
      "begin" : 303,
      "end" : 307,
      "text" : "from",
      "whiteSpace" : false
    }, {
      "id" : "s0-t57",
      "begin" : 308,
      "end" : 313,
      "text" : "Elvis",
      "whiteSpace" : false
    }, {
      "id" : "s0-t58",
      "begin" : 314,
      "end" : 316,
      "text" : "L.",
      "whiteSpace" : false
    }, {
      "id" : "s0-t59",
      "begin" : 317,
      "end" : 324,
      "text" : "Wallace",
      "whiteSpace" : false
    }, {
      "id" : "s0-t60",
      "begin" : 325,
      "end" : 328,
      "text" : "and",
      "whiteSpace" : false
    }, {
      "id" : "s0-t61",
      "begin" : 329,
      "end" : 333,
      "text" : "wife",
      "whiteSpace" : false
    }, {
      "id" : "s0-t62",
      "begin" : 333,
      "end" : 334,
      "text" : ",",
      "whiteSpace" : false
    }, {
      "id" : "s0-t63",
      "begin" : 335,
      "end" : 339,
      "text" : "Sara",
      "whiteSpace" : false
    }, {
      "id" : "s0-t64",
      "begin" : 340,
      "end" : 347,
      "text" : "Wallace",
      "whiteSpace" : false
    }, {
      "id" : "s0-t65",
      "begin" : 347,
      "end" : 348,
      "text" : ",",
      "whiteSpace" : false
    }, {
      "id" : "s0-t66",
      "begin" : 349,
      "end" : 354,
      "text" : "dated",
      "whiteSpace" : false
    }, {
      "id" : "s0-t67",
      "begin" : 355,
      "end" : 359,
      "text" : "June",
      "whiteSpace" : false
    }, {
      "id" : "s0-t68",
      "begin" : 360,
      "end" : 361,
      "text" : "3",
      "whiteSpace" : false
    }, {
      "id" : "s0-t69",
      "begin" : 361,
      "end" : 362,
      "text" : ",",
      "whiteSpace" : false
    }, {
      "id" : "s0-t70",
      "begin" : 363,
      "end" : 367,
      "text" : "1982",
      "whiteSpace" : false
    }, {
      "id" : "s0-t71",
      "begin" : 367,
      "end" : 368,
      "text" : ",",
      "whiteSpace" : false
    }, {
      "id" : "s0-t72",
      "begin" : 369,
      "end" : 371,
      "text" : "of",
      "whiteSpace" : false
    }, {
      "id" : "s0-t73",
      "begin" : 372,
      "end" : 378,
      "text" : "record",
      "whiteSpace" : false
    }, {
      "id" : "s0-t74",
      "begin" : 379,
      "end" : 381,
      "text" : "in",
      "whiteSpace" : false
    }, {
      "id" : "s0-t75",
      "begin" : 382,
      "end" : 386,
      "text" : "Deed",
      "whiteSpace" : false
    }, {
      "id" : "s0-t76",
      "begin" : 387,
      "end" : 391,
      "text" : "Book",
      "whiteSpace" : false
    }, {
      "id" : "s0-t77",
      "begin" : 392,
      "end" : 395,
      "text" : "138",
      "whiteSpace" : false
    }, {
      "id" : "s0-t78",
      "begin" : 396,
      "end" : 398,
      "text" : "at",
      "whiteSpace" : false
    }, {
      "id" : "s0-t79",
      "begin" : 399,
      "end" : 403,
      "text" : "page",
      "whiteSpace" : false
    }, {
      "id" : "s0-t80",
      "begin" : 404,
      "end" : 407,
      "text" : "551",
      "whiteSpace" : false
    }, {
      "id" : "s0-t81",
      "begin" : 408,
      "end" : 410,
      "text" : "in",
      "whiteSpace" : false
    }, {
      "id" : "s0-t82",
      "begin" : 411,
      "end" : 414,
      "text" : "the",
      "whiteSpace" : false
    }, {
      "id" : "s0-t83",
      "begin" : 415,
      "end" : 423,
      "text" : "Register",
      "whiteSpace" : false
    }, {
      "id" : "s0-t84",
      "begin" : 423,
      "end" : 425,
      "text" : "'s",
      "whiteSpace" : false
    }, {
      "id" : "s0-t85",
      "begin" : 426,
      "end" : 428,
      "text" : "Of",
      "whiteSpace" : false
    }, {
      "id" : "s0-t86",
      "begin" : 428,
      "end" : 429,
      "text" : "?",
      "whiteSpace" : false
    } ]
  }, {
    "id" : "s1",
    "begin" : 429,
    "end" : 465,
    "text" : "??ce of Humphreys County, Tennessee.",
    "tokens" : [ {
      "id" : "s1-t0",
      "begin" : 429,
      "end" : 433,
      "text" : "??ce",
      "whiteSpace" : false
    }, {
      "id" : "s1-t1",
      "begin" : 434,
      "end" : 436,
      "text" : "of",
      "whiteSpace" : false
    }, {
      "id" : "s1-t2",
      "begin" : 437,
      "end" : 446,
      "text" : "Humphreys",
      "whiteSpace" : false
    }, {
      "id" : "s1-t3",
      "begin" : 447,
      "end" : 453,
      "text" : "County",
      "whiteSpace" : false
    }, {
      "id" : "s1-t4",
      "begin" : 453,
      "end" : 454,
      "text" : ",",
      "whiteSpace" : false
    }, {
      "id" : "s1-t5",
      "begin" : 455,
      "end" : 464,
      "text" : "Tennessee",
      "whiteSpace" : false
    }, {
      "id" : "s1-t6",
      "begin" : 464,
      "end" : 465,
      "text" : ".",
      "whiteSpace" : false
    } ]
  }, {
    "id" : "s2",
    "begin" : 466,
    "end" : 735,
    "text" : "Lot No. 46: Beginning at an iron pin that is located 2,837 feet Being the same property conveyed to William W. Cunningham, Jr. and wife, Eloise J. Cunningham, by deed from Can-Do Foliage, Inc. dated June 15, 1994, of record in Deed Book 164 at page 261 in the Register?",
    "tokens" : [ {
      "id" : "s2-t0",
      "begin" : 466,
      "end" : 469,
      "text" : "Lot",
      "whiteSpace" : false
    }, {
      "id" : "s2-t1",
      "begin" : 470,
      "end" : 473,
      "text" : "No.",
      "whiteSpace" : false
    }, {
      "id" : "s2-t2",
      "begin" : 474,
      "end" : 476,
      "text" : "46",
      "whiteSpace" : false
    }, {
      "id" : "s2-t3",
      "begin" : 476,
      "end" : 477,
      "text" : ":",
      "whiteSpace" : false
    }, {
      "id" : "s2-t4",
      "begin" : 478,
      "end" : 487,
      "text" : "Beginning",
      "whiteSpace" : false
    }, {
      "id" : "s2-t5",
      "begin" : 488,
      "end" : 490,
      "text" : "at",
      "whiteSpace" : false
    }, {
      "id" : "s2-t6",
      "begin" : 491,
      "end" : 493,
      "text" : "an",
      "whiteSpace" : false
    }, {
      "id" : "s2-t7",
      "begin" : 494,
      "end" : 498,
      "text" : "iron",
      "whiteSpace" : false
    }, {
      "id" : "s2-t8",
      "begin" : 499,
      "end" : 502,
      "text" : "pin",
      "whiteSpace" : false
    }, {
      "id" : "s2-t9",
      "begin" : 503,
      "end" : 507,
      "text" : "that",
      "whiteSpace" : false
    }, {
      "id" : "s2-t10",
      "begin" : 508,
      "end" : 510,
      "text" : "is",
      "whiteSpace" : false
    }, {
      "id" : "s2-t11",
      "begin" : 511,
      "end" : 518,
      "text" : "located",
      "whiteSpace" : false
    }, {
      "id" : "s2-t12",
      "begin" : 519,
      "end" : 524,
      "text" : "2,837",
      "whiteSpace" : false
    }, {
      "id" : "s2-t13",
      "begin" : 525,
      "end" : 529,
      "text" : "feet",
      "whiteSpace" : false
    }, {
      "id" : "s2-t14",
      "begin" : 530,
      "end" : 535,
      "text" : "Being",
      "whiteSpace" : false
    }, {
      "id" : "s2-t15",
      "begin" : 536,
      "end" : 539,
      "text" : "the",
      "whiteSpace" : false
    }, {
      "id" : "s2-t16",
      "begin" : 540,
      "end" : 544,
      "text" : "same",
      "whiteSpace" : false
    }, {
      "id" : "s2-t17",
      "begin" : 545,
      "end" : 553,
      "text" : "property",
      "whiteSpace" : false
    }, {
      "id" : "s2-t18",
      "begin" : 554,
      "end" : 562,
      "text" : "conveyed",
      "whiteSpace" : false
    }, {
      "id" : "s2-t19",
      "begin" : 563,
      "end" : 565,
      "text" : "to",
      "whiteSpace" : false
    }, {
      "id" : "s2-t20",
      "begin" : 566,
      "end" : 573,
      "text" : "William",
      "whiteSpace" : false
    }, {
      "id" : "s2-t21",
      "begin" : 574,
      "end" : 576,
      "text" : "W.",
      "whiteSpace" : false
    }, {
      "id" : "s2-t22",
      "begin" : 577,
      "end" : 587,
      "text" : "Cunningham",
      "whiteSpace" : false
    }, {
      "id" : "s2-t23",
      "begin" : 587,
      "end" : 588,
      "text" : ",",
      "whiteSpace" : false
    }, {
      "id" : "s2-t24",
      "begin" : 589,
      "end" : 592,
      "text" : "Jr.",
      "whiteSpace" : false
    }, {
      "id" : "s2-t25",
      "begin" : 593,
      "end" : 596,
      "text" : "and",
      "whiteSpace" : false
    }, {
      "id" : "s2-t26",
      "begin" : 597,
      "end" : 601,
      "text" : "wife",
      "whiteSpace" : false
    }, {
      "id" : "s2-t27",
      "begin" : 601,
      "end" : 602,
      "text" : ",",
      "whiteSpace" : false
    }, {
      "id" : "s2-t28",
      "begin" : 603,
      "end" : 609,
      "text" : "Eloise",
      "whiteSpace" : false
    }, {
      "id" : "s2-t29",
      "begin" : 610,
      "end" : 612,
      "text" : "J.",
      "whiteSpace" : false
    }, {
      "id" : "s2-t30",
      "begin" : 613,
      "end" : 623,
      "text" : "Cunningham",
      "whiteSpace" : false
    }, {
      "id" : "s2-t31",
      "begin" : 623,
      "end" : 624,
      "text" : ",",
      "whiteSpace" : false
    }, {
      "id" : "s2-t32",
      "begin" : 625,
      "end" : 627,
      "text" : "by",
      "whiteSpace" : false
    }, {
      "id" : "s2-t33",
      "begin" : 628,
      "end" : 632,
      "text" : "deed",
      "whiteSpace" : false
    }, {
      "id" : "s2-t34",
      "begin" : 633,
      "end" : 637,
      "text" : "from",
      "whiteSpace" : false
    }, {
      "id" : "s2-t35",
      "begin" : 638,
      "end" : 641,
      "text" : "Can",
      "whiteSpace" : false
    }, {
      "id" : "s2-t36",
      "begin" : 641,
      "end" : 642,
      "text" : "-",
      "whiteSpace" : false
    }, {
      "id" : "s2-t37",
      "begin" : 642,
      "end" : 644,
      "text" : "Do",
      "whiteSpace" : false
    }, {
      "id" : "s2-t38",
      "begin" : 645,
      "end" : 652,
      "text" : "Foliage",
      "whiteSpace" : false
    }, {
      "id" : "s2-t39",
      "begin" : 652,
      "end" : 653,
      "text" : ",",
      "whiteSpace" : false
    }, {
      "id" : "s2-t40",
      "begin" : 654,
      "end" : 658,
      "text" : "Inc.",
      "whiteSpace" : false
    }, {
      "id" : "s2-t41",
      "begin" : 659,
      "end" : 664,
      "text" : "dated",
      "whiteSpace" : false
    }, {
      "id" : "s2-t42",
      "begin" : 665,
      "end" : 669,
      "text" : "June",
      "whiteSpace" : false
    }, {
      "id" : "s2-t43",
      "begin" : 670,
      "end" : 672,
      "text" : "15",
      "whiteSpace" : false
    }, {
      "id" : "s2-t44",
      "begin" : 672,
      "end" : 673,
      "text" : ",",
      "whiteSpace" : false
    }, {
      "id" : "s2-t45",
      "begin" : 674,
      "end" : 678,
      "text" : "1994",
      "whiteSpace" : false
    }, {
      "id" : "s2-t46",
      "begin" : 678,
      "end" : 679,
      "text" : ",",
      "whiteSpace" : false
    }, {
      "id" : "s2-t47",
      "begin" : 680,
      "end" : 682,
      "text" : "of",
      "whiteSpace" : false
    }, {
      "id" : "s2-t48",
      "begin" : 683,
      "end" : 689,
      "text" : "record",
      "whiteSpace" : false
    }, {
      "id" : "s2-t49",
      "begin" : 690,
      "end" : 692,
      "text" : "in",
      "whiteSpace" : false
    }, {
      "id" : "s2-t50",
      "begin" : 693,
      "end" : 697,
      "text" : "Deed",
      "whiteSpace" : false
    }, {
      "id" : "s2-t51",
      "begin" : 698,
      "end" : 702,
      "text" : "Book",
      "whiteSpace" : false
    }, {
      "id" : "s2-t52",
      "begin" : 703,
      "end" : 706,
      "text" : "164",
      "whiteSpace" : false
    }, {
      "id" : "s2-t53",
      "begin" : 707,
      "end" : 709,
      "text" : "at",
      "whiteSpace" : false
    }, {
      "id" : "s2-t54",
      "begin" : 710,
      "end" : 714,
      "text" : "page",
      "whiteSpace" : false
    }, {
      "id" : "s2-t55",
      "begin" : 715,
      "end" : 718,
      "text" : "261",
      "whiteSpace" : false
    }, {
      "id" : "s2-t56",
      "begin" : 719,
      "end" : 721,
      "text" : "in",
      "whiteSpace" : false
    }, {
      "id" : "s2-t57",
      "begin" : 722,
      "end" : 725,
      "text" : "the",
      "whiteSpace" : false
    }, {
      "id" : "s2-t58",
      "begin" : 726,
      "end" : 734,
      "text" : "Register",
      "whiteSpace" : false
    }, {
      "id" : "s2-t59",
      "begin" : 734,
      "end" : 735,
      "text" : "?",
      "whiteSpace" : false
    } ]
  }, {
    "id" : "s3",
    "begin" : 735,
    "end" : 738,
    "text" : "??s",
    "tokens" : [ {
      "id" : "s3-t0",
      "begin" : 735,
      "end" : 738,
      "text" : "??s",
      "whiteSpace" : false
    } ]
  } ],
  "mentions" : [ {
    "id" : "s0-m1",
    "properties" : {
      "SIRE_MENTION_ROLE" : "WarrDeedBookNum",
      "SIRE_ENTITY_SUBTYPE" : "NONE",
      "SIRE_MENTION_TYPE" : "NONE",
      "SIRE_MENTION_CLASS" : "SPC"
    },
    "type" : "WarrDeedBookNum",
    "begin" : 392,
    "end" : 395,
    "inCoref" : false
  }, {
    "id" : "s0-m2",
    "properties" : {
      "SIRE_MENTION_ROLE" : "WarrDeedPageNum",
      "SIRE_ENTITY_SUBTYPE" : "NONE",
      "SIRE_MENTION_TYPE" : "NONE",
      "SIRE_MENTION_CLASS" : "SPC"
    },
    "type" : "WarrDeedPageNum",
    "begin" : 404,
    "end" : 407,
    "inCoref" : false
  }, {
    "id" : "s2-m1",
    "properties" : {
      "SIRE_MENTION_ROLE" : "WarrDeedBookNum",
      "SIRE_ENTITY_SUBTYPE" : "NONE",
      "SIRE_MENTION_TYPE" : "NONE",
      "SIRE_MENTION_CLASS" : "SPC"
    },
    "type" : "WarrDeedBookNum",
    "begin" : 703,
    "end" : 706,
    "inCoref" : false
  }, {
    "id" : "s2-m2",
    "properties" : {
      "SIRE_MENTION_ROLE" : "WarrDeedPageNum",
      "SIRE_ENTITY_SUBTYPE" : "NONE",
      "SIRE_MENTION_TYPE" : "NONE",
      "SIRE_MENTION_CLASS" : "SPC"
    },
    "type" : "WarrDeedPageNum",
    "begin" : 715,
    "end" : 718,
    "inCoref" : false
  } ],
  "relations" : [ ],
  "corefs" : [ ],
  "typeResolved" : true,
  "userResolved" : false
}