{
  "id" : "a5fdf2c0-50ef-11e9-864f-311976351dcc-16",
  "name" : "WD184-3.txt",
  "createdDate" : 1553732582380,
  "version" : 3,
  "text" : "For and in consideration of the sum of TEN DOLLARS ($10.00), cash in hand paid, and other good and valuable considerations, the receipt ofwhich is hereby acknowledged, I, II. C. TINNELL, this date have bargained and sold, and by these presents do transfer and convey unto EMMANUEL HOMES, INC., a Tennessee corporation, its successors and assigns, a certain tract or parcel of land in the Second Civil District of Humphreys County, Tennessee, being more particularly described as follows",
  "docLength" : 0,
  "language" : "EN",
  "status" : "SUBMITTED",
  "modifiedDate" : 1553737351516,
  "documentSet" : [ ],
  "preannotation" : [ ],
  "sentences" : [ {
    "id" : "s0",
    "begin" : 0,
    "end" : 174,
    "text" : "For and in consideration of the sum of TEN DOLLARS ($10.00), cash in hand paid, and other good and valuable considerations, the receipt ofwhich is hereby acknowledged, I, II.",
    "tokens" : [ {
      "id" : "s0-t0",
      "begin" : 0,
      "end" : 3,
      "text" : "For",
      "whiteSpace" : false
    }, {
      "id" : "s0-t1",
      "begin" : 4,
      "end" : 7,
      "text" : "and",
      "whiteSpace" : false
    }, {
      "id" : "s0-t2",
      "begin" : 8,
      "end" : 10,
      "text" : "in",
      "whiteSpace" : false
    }, {
      "id" : "s0-t3",
      "begin" : 11,
      "end" : 24,
      "text" : "consideration",
      "whiteSpace" : false
    }, {
      "id" : "s0-t4",
      "begin" : 25,
      "end" : 27,
      "text" : "of",
      "whiteSpace" : false
    }, {
      "id" : "s0-t5",
      "begin" : 28,
      "end" : 31,
      "text" : "the",
      "whiteSpace" : false
    }, {
      "id" : "s0-t6",
      "begin" : 32,
      "end" : 35,
      "text" : "sum",
      "whiteSpace" : false
    }, {
      "id" : "s0-t7",
      "begin" : 36,
      "end" : 38,
      "text" : "of",
      "whiteSpace" : false
    }, {
      "id" : "s0-t8",
      "begin" : 39,
      "end" : 42,
      "text" : "TEN",
      "whiteSpace" : false
    }, {
      "id" : "s0-t9",
      "begin" : 43,
      "end" : 50,
      "text" : "DOLLARS",
      "whiteSpace" : false
    }, {
      "id" : "s0-t10",
      "begin" : 51,
      "end" : 52,
      "text" : "(",
      "whiteSpace" : false
    }, {
      "id" : "s0-t11",
      "begin" : 52,
      "end" : 53,
      "text" : "$",
      "whiteSpace" : false
    }, {
      "id" : "s0-t12",
      "begin" : 53,
      "end" : 58,
      "text" : "10.00",
      "whiteSpace" : false
    }, {
      "id" : "s0-t13",
      "begin" : 58,
      "end" : 59,
      "text" : ")",
      "whiteSpace" : false
    }, {
      "id" : "s0-t14",
      "begin" : 59,
      "end" : 60,
      "text" : ",",
      "whiteSpace" : false
    }, {
      "id" : "s0-t15",
      "begin" : 61,
      "end" : 65,
      "text" : "cash",
      "whiteSpace" : false
    }, {
      "id" : "s0-t16",
      "begin" : 66,
      "end" : 68,
      "text" : "in",
      "whiteSpace" : false
    }, {
      "id" : "s0-t17",
      "begin" : 69,
      "end" : 73,
      "text" : "hand",
      "whiteSpace" : false
    }, {
      "id" : "s0-t18",
      "begin" : 74,
      "end" : 78,
      "text" : "paid",
      "whiteSpace" : false
    }, {
      "id" : "s0-t19",
      "begin" : 78,
      "end" : 79,
      "text" : ",",
      "whiteSpace" : false
    }, {
      "id" : "s0-t20",
      "begin" : 80,
      "end" : 83,
      "text" : "and",
      "whiteSpace" : false
    }, {
      "id" : "s0-t21",
      "begin" : 84,
      "end" : 89,
      "text" : "other",
      "whiteSpace" : false
    }, {
      "id" : "s0-t22",
      "begin" : 90,
      "end" : 94,
      "text" : "good",
      "whiteSpace" : false
    }, {
      "id" : "s0-t23",
      "begin" : 95,
      "end" : 98,
      "text" : "and",
      "whiteSpace" : false
    }, {
      "id" : "s0-t24",
      "begin" : 99,
      "end" : 107,
      "text" : "valuable",
      "whiteSpace" : false
    }, {
      "id" : "s0-t25",
      "begin" : 108,
      "end" : 122,
      "text" : "considerations",
      "whiteSpace" : false
    }, {
      "id" : "s0-t26",
      "begin" : 122,
      "end" : 123,
      "text" : ",",
      "whiteSpace" : false
    }, {
      "id" : "s0-t27",
      "begin" : 124,
      "end" : 127,
      "text" : "the",
      "whiteSpace" : false
    }, {
      "id" : "s0-t28",
      "begin" : 128,
      "end" : 135,
      "text" : "receipt",
      "whiteSpace" : false
    }, {
      "id" : "s0-t29",
      "begin" : 136,
      "end" : 143,
      "text" : "ofwhich",
      "whiteSpace" : false
    }, {
      "id" : "s0-t30",
      "begin" : 144,
      "end" : 146,
      "text" : "is",
      "whiteSpace" : false
    }, {
      "id" : "s0-t31",
      "begin" : 147,
      "end" : 153,
      "text" : "hereby",
      "whiteSpace" : false
    }, {
      "id" : "s0-t32",
      "begin" : 154,
      "end" : 166,
      "text" : "acknowledged",
      "whiteSpace" : false
    }, {
      "id" : "s0-t33",
      "begin" : 166,
      "end" : 167,
      "text" : ",",
      "whiteSpace" : false
    }, {
      "id" : "s0-t34",
      "begin" : 168,
      "end" : 169,
      "text" : "I",
      "whiteSpace" : false
    }, {
      "id" : "s0-t35",
      "begin" : 169,
      "end" : 170,
      "text" : ",",
      "whiteSpace" : false
    }, {
      "id" : "s0-t36",
      "begin" : 171,
      "end" : 173,
      "text" : "II",
      "whiteSpace" : false
    }, {
      "id" : "s0-t37",
      "begin" : 173,
      "end" : 174,
      "text" : ".",
      "whiteSpace" : false
    } ]
  }, {
    "id" : "s1",
    "begin" : 175,
    "end" : 486,
    "text" : "C. TINNELL, this date have bargained and sold, and by these presents do transfer and convey unto EMMANUEL HOMES, INC., a Tennessee corporation, its successors and assigns, a certain tract or parcel of land in the Second Civil District of Humphreys County, Tennessee, being more particularly described as follows",
    "tokens" : [ {
      "id" : "s1-t0",
      "begin" : 175,
      "end" : 177,
      "text" : "C.",
      "whiteSpace" : false
    }, {
      "id" : "s1-t1",
      "begin" : 178,
      "end" : 185,
      "text" : "TINNELL",
      "whiteSpace" : false
    }, {
      "id" : "s1-t2",
      "begin" : 185,
      "end" : 186,
      "text" : ",",
      "whiteSpace" : false
    }, {
      "id" : "s1-t3",
      "begin" : 187,
      "end" : 191,
      "text" : "this",
      "whiteSpace" : false
    }, {
      "id" : "s1-t4",
      "begin" : 192,
      "end" : 196,
      "text" : "date",
      "whiteSpace" : false
    }, {
      "id" : "s1-t5",
      "begin" : 197,
      "end" : 201,
      "text" : "have",
      "whiteSpace" : false
    }, {
      "id" : "s1-t6",
      "begin" : 202,
      "end" : 211,
      "text" : "bargained",
      "whiteSpace" : false
    }, {
      "id" : "s1-t7",
      "begin" : 212,
      "end" : 215,
      "text" : "and",
      "whiteSpace" : false
    }, {
      "id" : "s1-t8",
      "begin" : 216,
      "end" : 220,
      "text" : "sold",
      "whiteSpace" : false
    }, {
      "id" : "s1-t9",
      "begin" : 220,
      "end" : 221,
      "text" : ",",
      "whiteSpace" : false
    }, {
      "id" : "s1-t10",
      "begin" : 222,
      "end" : 225,
      "text" : "and",
      "whiteSpace" : false
    }, {
      "id" : "s1-t11",
      "begin" : 226,
      "end" : 228,
      "text" : "by",
      "whiteSpace" : false
    }, {
      "id" : "s1-t12",
      "begin" : 229,
      "end" : 234,
      "text" : "these",
      "whiteSpace" : false
    }, {
      "id" : "s1-t13",
      "begin" : 235,
      "end" : 243,
      "text" : "presents",
      "whiteSpace" : false
    }, {
      "id" : "s1-t14",
      "begin" : 244,
      "end" : 246,
      "text" : "do",
      "whiteSpace" : false
    }, {
      "id" : "s1-t15",
      "begin" : 247,
      "end" : 255,
      "text" : "transfer",
      "whiteSpace" : false
    }, {
      "id" : "s1-t16",
      "begin" : 256,
      "end" : 259,
      "text" : "and",
      "whiteSpace" : false
    }, {
      "id" : "s1-t17",
      "begin" : 260,
      "end" : 266,
      "text" : "convey",
      "whiteSpace" : false
    }, {
      "id" : "s1-t18",
      "begin" : 267,
      "end" : 271,
      "text" : "unto",
      "whiteSpace" : false
    }, {
      "id" : "s1-t19",
      "begin" : 272,
      "end" : 280,
      "text" : "EMMANUEL",
      "whiteSpace" : false
    }, {
      "id" : "s1-t20",
      "begin" : 281,
      "end" : 286,
      "text" : "HOMES",
      "whiteSpace" : false
    }, {
      "id" : "s1-t21",
      "begin" : 286,
      "end" : 287,
      "text" : ",",
      "whiteSpace" : false
    }, {
      "id" : "s1-t22",
      "begin" : 288,
      "end" : 292,
      "text" : "INC.",
      "whiteSpace" : false
    }, {
      "id" : "s1-t23",
      "begin" : 292,
      "end" : 293,
      "text" : ",",
      "whiteSpace" : false
    }, {
      "id" : "s1-t24",
      "begin" : 294,
      "end" : 295,
      "text" : "a",
      "whiteSpace" : false
    }, {
      "id" : "s1-t25",
      "begin" : 296,
      "end" : 305,
      "text" : "Tennessee",
      "whiteSpace" : false
    }, {
      "id" : "s1-t26",
      "begin" : 306,
      "end" : 317,
      "text" : "corporation",
      "whiteSpace" : false
    }, {
      "id" : "s1-t27",
      "begin" : 317,
      "end" : 318,
      "text" : ",",
      "whiteSpace" : false
    }, {
      "id" : "s1-t28",
      "begin" : 319,
      "end" : 322,
      "text" : "its",
      "whiteSpace" : false
    }, {
      "id" : "s1-t29",
      "begin" : 323,
      "end" : 333,
      "text" : "successors",
      "whiteSpace" : false
    }, {
      "id" : "s1-t30",
      "begin" : 334,
      "end" : 337,
      "text" : "and",
      "whiteSpace" : false
    }, {
      "id" : "s1-t31",
      "begin" : 338,
      "end" : 345,
      "text" : "assigns",
      "whiteSpace" : false
    }, {
      "id" : "s1-t32",
      "begin" : 345,
      "end" : 346,
      "text" : ",",
      "whiteSpace" : false
    }, {
      "id" : "s1-t33",
      "begin" : 347,
      "end" : 348,
      "text" : "a",
      "whiteSpace" : false
    }, {
      "id" : "s1-t34",
      "begin" : 349,
      "end" : 356,
      "text" : "certain",
      "whiteSpace" : false
    }, {
      "id" : "s1-t35",
      "begin" : 357,
      "end" : 362,
      "text" : "tract",
      "whiteSpace" : false
    }, {
      "id" : "s1-t36",
      "begin" : 363,
      "end" : 365,
      "text" : "or",
      "whiteSpace" : false
    }, {
      "id" : "s1-t37",
      "begin" : 366,
      "end" : 372,
      "text" : "parcel",
      "whiteSpace" : false
    }, {
      "id" : "s1-t38",
      "begin" : 373,
      "end" : 375,
      "text" : "of",
      "whiteSpace" : false
    }, {
      "id" : "s1-t39",
      "begin" : 376,
      "end" : 380,
      "text" : "land",
      "whiteSpace" : false
    }, {
      "id" : "s1-t40",
      "begin" : 381,
      "end" : 383,
      "text" : "in",
      "whiteSpace" : false
    }, {
      "id" : "s1-t41",
      "begin" : 384,
      "end" : 387,
      "text" : "the",
      "whiteSpace" : false
    }, {
      "id" : "s1-t42",
      "begin" : 388,
      "end" : 394,
      "text" : "Second",
      "whiteSpace" : false
    }, {
      "id" : "s1-t43",
      "begin" : 395,
      "end" : 400,
      "text" : "Civil",
      "whiteSpace" : false
    }, {
      "id" : "s1-t44",
      "begin" : 401,
      "end" : 409,
      "text" : "District",
      "whiteSpace" : false
    }, {
      "id" : "s1-t45",
      "begin" : 410,
      "end" : 412,
      "text" : "of",
      "whiteSpace" : false
    }, {
      "id" : "s1-t46",
      "begin" : 413,
      "end" : 422,
      "text" : "Humphreys",
      "whiteSpace" : false
    }, {
      "id" : "s1-t47",
      "begin" : 423,
      "end" : 429,
      "text" : "County",
      "whiteSpace" : false
    }, {
      "id" : "s1-t48",
      "begin" : 429,
      "end" : 430,
      "text" : ",",
      "whiteSpace" : false
    }, {
      "id" : "s1-t49",
      "begin" : 431,
      "end" : 440,
      "text" : "Tennessee",
      "whiteSpace" : false
    }, {
      "id" : "s1-t50",
      "begin" : 440,
      "end" : 441,
      "text" : ",",
      "whiteSpace" : false
    }, {
      "id" : "s1-t51",
      "begin" : 442,
      "end" : 447,
      "text" : "being",
      "whiteSpace" : false
    }, {
      "id" : "s1-t52",
      "begin" : 448,
      "end" : 452,
      "text" : "more",
      "whiteSpace" : false
    }, {
      "id" : "s1-t53",
      "begin" : 453,
      "end" : 465,
      "text" : "particularly",
      "whiteSpace" : false
    }, {
      "id" : "s1-t54",
      "begin" : 466,
      "end" : 475,
      "text" : "described",
      "whiteSpace" : false
    }, {
      "id" : "s1-t55",
      "begin" : 476,
      "end" : 478,
      "text" : "as",
      "whiteSpace" : false
    }, {
      "id" : "s1-t56",
      "begin" : 479,
      "end" : 486,
      "text" : "follows",
      "whiteSpace" : false
    } ]
  } ],
  "mentions" : [ {
    "id" : "s1-m1",
    "properties" : {
      "SIRE_MENTION_ROLE" : "Grantor",
      "SIRE_ENTITY_SUBTYPE" : "NONE",
      "SIRE_MENTION_TYPE" : "NONE",
      "SIRE_MENTION_CLASS" : "SPC"
    },
    "type" : "Grantor",
    "begin" : 175,
    "end" : 185,
    "inCoref" : false
  }, {
    "id" : "s1-m2",
    "properties" : {
      "SIRE_MENTION_ROLE" : "Grantee",
      "SIRE_ENTITY_SUBTYPE" : "NONE",
      "SIRE_MENTION_TYPE" : "NONE",
      "SIRE_MENTION_CLASS" : "SPC"
    },
    "type" : "Grantee",
    "begin" : 272,
    "end" : 292,
    "inCoref" : false
  } ],
  "relations" : [ ],
  "corefs" : [ ],
  "typeResolved" : true,
  "userResolved" : false
}