{
  "id" : "acc7bbe0-54dc-11e9-8cbd-5f0b935e8fdd-16",
  "name" : "WD179-16.txt",
  "createdDate" : 0,
  "version" : 3,
  "text" : "that the maintenance of said septic tank or tanks, and/or sewer line, shall be on a prorata basis; and TOGETHER WITH AN BASEMENT across the land now or formerly owned by Brown Rochelle and wife to construct, maintain and replace wires, serving the high rise sign located on the easement above described., BEING the same property conveyed Edward G. Rochelle by deed of record in Deed Book 164, page 171, Register???s Of???ce of Humphreys County, Tennessee., STATE or TENN ",
  "docLength" : 0,
  "language" : "EN",
  "status" : "SUBMITTED",
  "modifiedDate" : 1554165042168,
  "documentSet" : [ ],
  "preannotation" : [ ],
  "sentences" : [ {
    "id" : "s0",
    "begin" : 0,
    "end" : 412,
    "text" : "that the maintenance of said septic tank or tanks, and/or sewer line, shall be on a prorata basis; and TOGETHER WITH AN BASEMENT across the land now or formerly owned by Brown Rochelle and wife to construct, maintain and replace wires, serving the high rise sign located on the easement above described., BEING the same property conveyed Edward G. Rochelle by deed of record in Deed Book 164, page 171, Register?",
    "tokens" : [ {
      "id" : "s0-t0",
      "begin" : 0,
      "end" : 4,
      "text" : "that",
      "whiteSpace" : false
    }, {
      "id" : "s0-t1",
      "begin" : 5,
      "end" : 8,
      "text" : "the",
      "whiteSpace" : false
    }, {
      "id" : "s0-t2",
      "begin" : 9,
      "end" : 20,
      "text" : "maintenance",
      "whiteSpace" : false
    }, {
      "id" : "s0-t3",
      "begin" : 21,
      "end" : 23,
      "text" : "of",
      "whiteSpace" : false
    }, {
      "id" : "s0-t4",
      "begin" : 24,
      "end" : 28,
      "text" : "said",
      "whiteSpace" : false
    }, {
      "id" : "s0-t5",
      "begin" : 29,
      "end" : 35,
      "text" : "septic",
      "whiteSpace" : false
    }, {
      "id" : "s0-t6",
      "begin" : 36,
      "end" : 40,
      "text" : "tank",
      "whiteSpace" : false
    }, {
      "id" : "s0-t7",
      "begin" : 41,
      "end" : 43,
      "text" : "or",
      "whiteSpace" : false
    }, {
      "id" : "s0-t8",
      "begin" : 44,
      "end" : 49,
      "text" : "tanks",
      "whiteSpace" : false
    }, {
      "id" : "s0-t9",
      "begin" : 49,
      "end" : 50,
      "text" : ",",
      "whiteSpace" : false
    }, {
      "id" : "s0-t10",
      "begin" : 51,
      "end" : 54,
      "text" : "and",
      "whiteSpace" : false
    }, {
      "id" : "s0-t11",
      "begin" : 54,
      "end" : 55,
      "text" : "/",
      "whiteSpace" : false
    }, {
      "id" : "s0-t12",
      "begin" : 55,
      "end" : 57,
      "text" : "or",
      "whiteSpace" : false
    }, {
      "id" : "s0-t13",
      "begin" : 58,
      "end" : 63,
      "text" : "sewer",
      "whiteSpace" : false
    }, {
      "id" : "s0-t14",
      "begin" : 64,
      "end" : 68,
      "text" : "line",
      "whiteSpace" : false
    }, {
      "id" : "s0-t15",
      "begin" : 68,
      "end" : 69,
      "text" : ",",
      "whiteSpace" : false
    }, {
      "id" : "s0-t16",
      "begin" : 70,
      "end" : 75,
      "text" : "shall",
      "whiteSpace" : false
    }, {
      "id" : "s0-t17",
      "begin" : 76,
      "end" : 78,
      "text" : "be",
      "whiteSpace" : false
    }, {
      "id" : "s0-t18",
      "begin" : 79,
      "end" : 81,
      "text" : "on",
      "whiteSpace" : false
    }, {
      "id" : "s0-t19",
      "begin" : 82,
      "end" : 83,
      "text" : "a",
      "whiteSpace" : false
    }, {
      "id" : "s0-t20",
      "begin" : 84,
      "end" : 91,
      "text" : "prorata",
      "whiteSpace" : false
    }, {
      "id" : "s0-t21",
      "begin" : 92,
      "end" : 97,
      "text" : "basis",
      "whiteSpace" : false
    }, {
      "id" : "s0-t22",
      "begin" : 97,
      "end" : 98,
      "text" : ";",
      "whiteSpace" : false
    }, {
      "id" : "s0-t23",
      "begin" : 99,
      "end" : 102,
      "text" : "and",
      "whiteSpace" : false
    }, {
      "id" : "s0-t24",
      "begin" : 103,
      "end" : 111,
      "text" : "TOGETHER",
      "whiteSpace" : false
    }, {
      "id" : "s0-t25",
      "begin" : 112,
      "end" : 116,
      "text" : "WITH",
      "whiteSpace" : false
    }, {
      "id" : "s0-t26",
      "begin" : 117,
      "end" : 119,
      "text" : "AN",
      "whiteSpace" : false
    }, {
      "id" : "s0-t27",
      "begin" : 120,
      "end" : 128,
      "text" : "BASEMENT",
      "whiteSpace" : false
    }, {
      "id" : "s0-t28",
      "begin" : 129,
      "end" : 135,
      "text" : "across",
      "whiteSpace" : false
    }, {
      "id" : "s0-t29",
      "begin" : 136,
      "end" : 139,
      "text" : "the",
      "whiteSpace" : false
    }, {
      "id" : "s0-t30",
      "begin" : 140,
      "end" : 144,
      "text" : "land",
      "whiteSpace" : false
    }, {
      "id" : "s0-t31",
      "begin" : 145,
      "end" : 148,
      "text" : "now",
      "whiteSpace" : false
    }, {
      "id" : "s0-t32",
      "begin" : 149,
      "end" : 151,
      "text" : "or",
      "whiteSpace" : false
    }, {
      "id" : "s0-t33",
      "begin" : 152,
      "end" : 160,
      "text" : "formerly",
      "whiteSpace" : false
    }, {
      "id" : "s0-t34",
      "begin" : 161,
      "end" : 166,
      "text" : "owned",
      "whiteSpace" : false
    }, {
      "id" : "s0-t35",
      "begin" : 167,
      "end" : 169,
      "text" : "by",
      "whiteSpace" : false
    }, {
      "id" : "s0-t36",
      "begin" : 170,
      "end" : 175,
      "text" : "Brown",
      "whiteSpace" : false
    }, {
      "id" : "s0-t37",
      "begin" : 176,
      "end" : 184,
      "text" : "Rochelle",
      "whiteSpace" : false
    }, {
      "id" : "s0-t38",
      "begin" : 185,
      "end" : 188,
      "text" : "and",
      "whiteSpace" : false
    }, {
      "id" : "s0-t39",
      "begin" : 189,
      "end" : 193,
      "text" : "wife",
      "whiteSpace" : false
    }, {
      "id" : "s0-t40",
      "begin" : 194,
      "end" : 196,
      "text" : "to",
      "whiteSpace" : false
    }, {
      "id" : "s0-t41",
      "begin" : 197,
      "end" : 206,
      "text" : "construct",
      "whiteSpace" : false
    }, {
      "id" : "s0-t42",
      "begin" : 206,
      "end" : 207,
      "text" : ",",
      "whiteSpace" : false
    }, {
      "id" : "s0-t43",
      "begin" : 208,
      "end" : 216,
      "text" : "maintain",
      "whiteSpace" : false
    }, {
      "id" : "s0-t44",
      "begin" : 217,
      "end" : 220,
      "text" : "and",
      "whiteSpace" : false
    }, {
      "id" : "s0-t45",
      "begin" : 221,
      "end" : 228,
      "text" : "replace",
      "whiteSpace" : false
    }, {
      "id" : "s0-t46",
      "begin" : 229,
      "end" : 234,
      "text" : "wires",
      "whiteSpace" : false
    }, {
      "id" : "s0-t47",
      "begin" : 234,
      "end" : 235,
      "text" : ",",
      "whiteSpace" : false
    }, {
      "id" : "s0-t48",
      "begin" : 236,
      "end" : 243,
      "text" : "serving",
      "whiteSpace" : false
    }, {
      "id" : "s0-t49",
      "begin" : 244,
      "end" : 247,
      "text" : "the",
      "whiteSpace" : false
    }, {
      "id" : "s0-t50",
      "begin" : 248,
      "end" : 252,
      "text" : "high",
      "whiteSpace" : false
    }, {
      "id" : "s0-t51",
      "begin" : 253,
      "end" : 257,
      "text" : "rise",
      "whiteSpace" : false
    }, {
      "id" : "s0-t52",
      "begin" : 258,
      "end" : 262,
      "text" : "sign",
      "whiteSpace" : false
    }, {
      "id" : "s0-t53",
      "begin" : 263,
      "end" : 270,
      "text" : "located",
      "whiteSpace" : false
    }, {
      "id" : "s0-t54",
      "begin" : 271,
      "end" : 273,
      "text" : "on",
      "whiteSpace" : false
    }, {
      "id" : "s0-t55",
      "begin" : 274,
      "end" : 277,
      "text" : "the",
      "whiteSpace" : false
    }, {
      "id" : "s0-t56",
      "begin" : 278,
      "end" : 286,
      "text" : "easement",
      "whiteSpace" : false
    }, {
      "id" : "s0-t57",
      "begin" : 287,
      "end" : 292,
      "text" : "above",
      "whiteSpace" : false
    }, {
      "id" : "s0-t58",
      "begin" : 293,
      "end" : 303,
      "text" : "described.",
      "whiteSpace" : false
    }, {
      "id" : "s0-t59",
      "begin" : 303,
      "end" : 304,
      "text" : ",",
      "whiteSpace" : false
    }, {
      "id" : "s0-t60",
      "begin" : 305,
      "end" : 310,
      "text" : "BEING",
      "whiteSpace" : false
    }, {
      "id" : "s0-t61",
      "begin" : 311,
      "end" : 314,
      "text" : "the",
      "whiteSpace" : false
    }, {
      "id" : "s0-t62",
      "begin" : 315,
      "end" : 319,
      "text" : "same",
      "whiteSpace" : false
    }, {
      "id" : "s0-t63",
      "begin" : 320,
      "end" : 328,
      "text" : "property",
      "whiteSpace" : false
    }, {
      "id" : "s0-t64",
      "begin" : 329,
      "end" : 337,
      "text" : "conveyed",
      "whiteSpace" : false
    }, {
      "id" : "s0-t65",
      "begin" : 338,
      "end" : 344,
      "text" : "Edward",
      "whiteSpace" : false
    }, {
      "id" : "s0-t66",
      "begin" : 345,
      "end" : 347,
      "text" : "G.",
      "whiteSpace" : false
    }, {
      "id" : "s0-t67",
      "begin" : 348,
      "end" : 356,
      "text" : "Rochelle",
      "whiteSpace" : false
    }, {
      "id" : "s0-t68",
      "begin" : 357,
      "end" : 359,
      "text" : "by",
      "whiteSpace" : false
    }, {
      "id" : "s0-t69",
      "begin" : 360,
      "end" : 364,
      "text" : "deed",
      "whiteSpace" : false
    }, {
      "id" : "s0-t70",
      "begin" : 365,
      "end" : 367,
      "text" : "of",
      "whiteSpace" : false
    }, {
      "id" : "s0-t71",
      "begin" : 368,
      "end" : 374,
      "text" : "record",
      "whiteSpace" : false
    }, {
      "id" : "s0-t72",
      "begin" : 375,
      "end" : 377,
      "text" : "in",
      "whiteSpace" : false
    }, {
      "id" : "s0-t73",
      "begin" : 378,
      "end" : 382,
      "text" : "Deed",
      "whiteSpace" : false
    }, {
      "id" : "s0-t74",
      "begin" : 383,
      "end" : 387,
      "text" : "Book",
      "whiteSpace" : false
    }, {
      "id" : "s0-t75",
      "begin" : 388,
      "end" : 391,
      "text" : "164",
      "whiteSpace" : false
    }, {
      "id" : "s0-t76",
      "begin" : 391,
      "end" : 392,
      "text" : ",",
      "whiteSpace" : false
    }, {
      "id" : "s0-t77",
      "begin" : 393,
      "end" : 397,
      "text" : "page",
      "whiteSpace" : false
    }, {
      "id" : "s0-t78",
      "begin" : 398,
      "end" : 401,
      "text" : "171",
      "whiteSpace" : false
    }, {
      "id" : "s0-t79",
      "begin" : 401,
      "end" : 402,
      "text" : ",",
      "whiteSpace" : false
    }, {
      "id" : "s0-t80",
      "begin" : 403,
      "end" : 411,
      "text" : "Register",
      "whiteSpace" : false
    }, {
      "id" : "s0-t81",
      "begin" : 411,
      "end" : 412,
      "text" : "?",
      "whiteSpace" : false
    } ]
  }, {
    "id" : "s1",
    "begin" : 412,
    "end" : 419,
    "text" : "??s Of?",
    "tokens" : [ {
      "id" : "s1-t0",
      "begin" : 412,
      "end" : 415,
      "text" : "??s",
      "whiteSpace" : false
    }, {
      "id" : "s1-t1",
      "begin" : 416,
      "end" : 418,
      "text" : "Of",
      "whiteSpace" : false
    }, {
      "id" : "s1-t2",
      "begin" : 418,
      "end" : 419,
      "text" : "?",
      "whiteSpace" : false
    } ]
  }, {
    "id" : "s2",
    "begin" : 419,
    "end" : 470,
    "text" : "??ce of Humphreys County, Tennessee., STATE or TENN",
    "tokens" : [ {
      "id" : "s2-t0",
      "begin" : 419,
      "end" : 423,
      "text" : "??ce",
      "whiteSpace" : false
    }, {
      "id" : "s2-t1",
      "begin" : 424,
      "end" : 426,
      "text" : "of",
      "whiteSpace" : false
    }, {
      "id" : "s2-t2",
      "begin" : 427,
      "end" : 436,
      "text" : "Humphreys",
      "whiteSpace" : false
    }, {
      "id" : "s2-t3",
      "begin" : 437,
      "end" : 443,
      "text" : "County",
      "whiteSpace" : false
    }, {
      "id" : "s2-t4",
      "begin" : 443,
      "end" : 444,
      "text" : ",",
      "whiteSpace" : false
    }, {
      "id" : "s2-t5",
      "begin" : 445,
      "end" : 455,
      "text" : "Tennessee.",
      "whiteSpace" : false
    }, {
      "id" : "s2-t6",
      "begin" : 455,
      "end" : 456,
      "text" : ",",
      "whiteSpace" : false
    }, {
      "id" : "s2-t7",
      "begin" : 457,
      "end" : 462,
      "text" : "STATE",
      "whiteSpace" : false
    }, {
      "id" : "s2-t8",
      "begin" : 463,
      "end" : 465,
      "text" : "or",
      "whiteSpace" : false
    }, {
      "id" : "s2-t9",
      "begin" : 466,
      "end" : 470,
      "text" : "TENN",
      "whiteSpace" : false
    } ]
  } ],
  "mentions" : [ {
    "id" : "s0-m1",
    "properties" : {
      "SIRE_MENTION_ROLE" : "WarrDeedBookNum",
      "SIRE_ENTITY_SUBTYPE" : "NONE",
      "SIRE_MENTION_TYPE" : "NONE",
      "SIRE_MENTION_CLASS" : "SPC"
    },
    "type" : "WarrDeedBookNum",
    "begin" : 388,
    "end" : 391,
    "inCoref" : false
  }, {
    "id" : "s0-m2",
    "properties" : {
      "SIRE_MENTION_ROLE" : "WarrDeedPageNum",
      "SIRE_ENTITY_SUBTYPE" : "NONE",
      "SIRE_MENTION_TYPE" : "NONE",
      "SIRE_MENTION_CLASS" : "SPC"
    },
    "type" : "WarrDeedPageNum",
    "begin" : 398,
    "end" : 401,
    "inCoref" : false
  } ],
  "relations" : [ ],
  "corefs" : [ ],
  "typeResolved" : true,
  "userResolved" : false
}