{
  "id" : "acc7bbe0-54dc-11e9-8cbd-5f0b935e8fdd-8",
  "name" : "WD174-13.txt",
  "createdDate" : 0,
  "version" : 3,
  "text" : "thence with the fence South 14?? East 375 feet to a fence post at the corner of the yard; thence with the old fence line South 6 \" East 480 feet to a post at the turn of the fence, the same being a corner of the TVA land; thence with the fence and TVA line North 63 ?? East 235 feet to a fence post; thence North 15?? West and with a wire fence 775 feet to a post in the south edge of the said highway at the corner of the fence; thence, with the said highway South 761/2 \" West 131 feet to the beginning, containing 3.4 acres be the same more or less, according to a survey made June 30, 1969, by Sam Long, County Surveyor., BEING the same property conveyed to Jason Griffith and wife, Alinda Grif???th, by deed of record in Deed Book 168, page 853, Register???s Of???ce of Humphreys County, Tennessee., This conveyance is made subject to a grant of flowage easement to the United States of America ",
  "docLength" : 0,
  "language" : "EN",
  "status" : "SUBMITTED",
  "modifiedDate" : 1554165143119,
  "documentSet" : [ ],
  "preannotation" : [ ],
  "sentences" : [ {
    "id" : "s0",
    "begin" : 0,
    "end" : 32,
    "text" : "thence with the fence South 14??",
    "tokens" : [ {
      "id" : "s0-t0",
      "begin" : 0,
      "end" : 6,
      "text" : "thence",
      "whiteSpace" : false
    }, {
      "id" : "s0-t1",
      "begin" : 7,
      "end" : 11,
      "text" : "with",
      "whiteSpace" : false
    }, {
      "id" : "s0-t2",
      "begin" : 12,
      "end" : 15,
      "text" : "the",
      "whiteSpace" : false
    }, {
      "id" : "s0-t3",
      "begin" : 16,
      "end" : 21,
      "text" : "fence",
      "whiteSpace" : false
    }, {
      "id" : "s0-t4",
      "begin" : 22,
      "end" : 27,
      "text" : "South",
      "whiteSpace" : false
    }, {
      "id" : "s0-t5",
      "begin" : 28,
      "end" : 30,
      "text" : "14",
      "whiteSpace" : false
    }, {
      "id" : "s0-t6",
      "begin" : 30,
      "end" : 31,
      "text" : "?",
      "whiteSpace" : false
    }, {
      "id" : "s0-t7",
      "begin" : 31,
      "end" : 32,
      "text" : "?",
      "whiteSpace" : false
    } ]
  }, {
    "id" : "s1",
    "begin" : 33,
    "end" : 268,
    "text" : "East 375 feet to a fence post at the corner of the yard; thence with the old fence line South 6 \" East 480 feet to a post at the turn of the fence, the same being a corner of the TVA land; thence with the fence and TVA line North 63 ??",
    "tokens" : [ {
      "id" : "s1-t0",
      "begin" : 33,
      "end" : 37,
      "text" : "East",
      "whiteSpace" : false
    }, {
      "id" : "s1-t1",
      "begin" : 38,
      "end" : 41,
      "text" : "375",
      "whiteSpace" : false
    }, {
      "id" : "s1-t2",
      "begin" : 42,
      "end" : 46,
      "text" : "feet",
      "whiteSpace" : false
    }, {
      "id" : "s1-t3",
      "begin" : 47,
      "end" : 49,
      "text" : "to",
      "whiteSpace" : false
    }, {
      "id" : "s1-t4",
      "begin" : 50,
      "end" : 51,
      "text" : "a",
      "whiteSpace" : false
    }, {
      "id" : "s1-t5",
      "begin" : 52,
      "end" : 57,
      "text" : "fence",
      "whiteSpace" : false
    }, {
      "id" : "s1-t6",
      "begin" : 58,
      "end" : 62,
      "text" : "post",
      "whiteSpace" : false
    }, {
      "id" : "s1-t7",
      "begin" : 63,
      "end" : 65,
      "text" : "at",
      "whiteSpace" : false
    }, {
      "id" : "s1-t8",
      "begin" : 66,
      "end" : 69,
      "text" : "the",
      "whiteSpace" : false
    }, {
      "id" : "s1-t9",
      "begin" : 70,
      "end" : 76,
      "text" : "corner",
      "whiteSpace" : false
    }, {
      "id" : "s1-t10",
      "begin" : 77,
      "end" : 79,
      "text" : "of",
      "whiteSpace" : false
    }, {
      "id" : "s1-t11",
      "begin" : 80,
      "end" : 83,
      "text" : "the",
      "whiteSpace" : false
    }, {
      "id" : "s1-t12",
      "begin" : 84,
      "end" : 88,
      "text" : "yard",
      "whiteSpace" : false
    }, {
      "id" : "s1-t13",
      "begin" : 88,
      "end" : 89,
      "text" : ";",
      "whiteSpace" : false
    }, {
      "id" : "s1-t14",
      "begin" : 90,
      "end" : 96,
      "text" : "thence",
      "whiteSpace" : false
    }, {
      "id" : "s1-t15",
      "begin" : 97,
      "end" : 101,
      "text" : "with",
      "whiteSpace" : false
    }, {
      "id" : "s1-t16",
      "begin" : 102,
      "end" : 105,
      "text" : "the",
      "whiteSpace" : false
    }, {
      "id" : "s1-t17",
      "begin" : 106,
      "end" : 109,
      "text" : "old",
      "whiteSpace" : false
    }, {
      "id" : "s1-t18",
      "begin" : 110,
      "end" : 115,
      "text" : "fence",
      "whiteSpace" : false
    }, {
      "id" : "s1-t19",
      "begin" : 116,
      "end" : 120,
      "text" : "line",
      "whiteSpace" : false
    }, {
      "id" : "s1-t20",
      "begin" : 121,
      "end" : 126,
      "text" : "South",
      "whiteSpace" : false
    }, {
      "id" : "s1-t21",
      "begin" : 127,
      "end" : 128,
      "text" : "6",
      "whiteSpace" : false
    }, {
      "id" : "s1-t22",
      "begin" : 129,
      "end" : 130,
      "text" : "\"",
      "whiteSpace" : false
    }, {
      "id" : "s1-t23",
      "begin" : 131,
      "end" : 135,
      "text" : "East",
      "whiteSpace" : false
    }, {
      "id" : "s1-t24",
      "begin" : 136,
      "end" : 139,
      "text" : "480",
      "whiteSpace" : false
    }, {
      "id" : "s1-t25",
      "begin" : 140,
      "end" : 144,
      "text" : "feet",
      "whiteSpace" : false
    }, {
      "id" : "s1-t26",
      "begin" : 145,
      "end" : 147,
      "text" : "to",
      "whiteSpace" : false
    }, {
      "id" : "s1-t27",
      "begin" : 148,
      "end" : 149,
      "text" : "a",
      "whiteSpace" : false
    }, {
      "id" : "s1-t28",
      "begin" : 150,
      "end" : 154,
      "text" : "post",
      "whiteSpace" : false
    }, {
      "id" : "s1-t29",
      "begin" : 155,
      "end" : 157,
      "text" : "at",
      "whiteSpace" : false
    }, {
      "id" : "s1-t30",
      "begin" : 158,
      "end" : 161,
      "text" : "the",
      "whiteSpace" : false
    }, {
      "id" : "s1-t31",
      "begin" : 162,
      "end" : 166,
      "text" : "turn",
      "whiteSpace" : false
    }, {
      "id" : "s1-t32",
      "begin" : 167,
      "end" : 169,
      "text" : "of",
      "whiteSpace" : false
    }, {
      "id" : "s1-t33",
      "begin" : 170,
      "end" : 173,
      "text" : "the",
      "whiteSpace" : false
    }, {
      "id" : "s1-t34",
      "begin" : 174,
      "end" : 179,
      "text" : "fence",
      "whiteSpace" : false
    }, {
      "id" : "s1-t35",
      "begin" : 179,
      "end" : 180,
      "text" : ",",
      "whiteSpace" : false
    }, {
      "id" : "s1-t36",
      "begin" : 181,
      "end" : 184,
      "text" : "the",
      "whiteSpace" : false
    }, {
      "id" : "s1-t37",
      "begin" : 185,
      "end" : 189,
      "text" : "same",
      "whiteSpace" : false
    }, {
      "id" : "s1-t38",
      "begin" : 190,
      "end" : 195,
      "text" : "being",
      "whiteSpace" : false
    }, {
      "id" : "s1-t39",
      "begin" : 196,
      "end" : 197,
      "text" : "a",
      "whiteSpace" : false
    }, {
      "id" : "s1-t40",
      "begin" : 198,
      "end" : 204,
      "text" : "corner",
      "whiteSpace" : false
    }, {
      "id" : "s1-t41",
      "begin" : 205,
      "end" : 207,
      "text" : "of",
      "whiteSpace" : false
    }, {
      "id" : "s1-t42",
      "begin" : 208,
      "end" : 211,
      "text" : "the",
      "whiteSpace" : false
    }, {
      "id" : "s1-t43",
      "begin" : 212,
      "end" : 215,
      "text" : "TVA",
      "whiteSpace" : false
    }, {
      "id" : "s1-t44",
      "begin" : 216,
      "end" : 220,
      "text" : "land",
      "whiteSpace" : false
    }, {
      "id" : "s1-t45",
      "begin" : 220,
      "end" : 221,
      "text" : ";",
      "whiteSpace" : false
    }, {
      "id" : "s1-t46",
      "begin" : 222,
      "end" : 228,
      "text" : "thence",
      "whiteSpace" : false
    }, {
      "id" : "s1-t47",
      "begin" : 229,
      "end" : 233,
      "text" : "with",
      "whiteSpace" : false
    }, {
      "id" : "s1-t48",
      "begin" : 234,
      "end" : 237,
      "text" : "the",
      "whiteSpace" : false
    }, {
      "id" : "s1-t49",
      "begin" : 238,
      "end" : 243,
      "text" : "fence",
      "whiteSpace" : false
    }, {
      "id" : "s1-t50",
      "begin" : 244,
      "end" : 247,
      "text" : "and",
      "whiteSpace" : false
    }, {
      "id" : "s1-t51",
      "begin" : 248,
      "end" : 251,
      "text" : "TVA",
      "whiteSpace" : false
    }, {
      "id" : "s1-t52",
      "begin" : 252,
      "end" : 256,
      "text" : "line",
      "whiteSpace" : false
    }, {
      "id" : "s1-t53",
      "begin" : 257,
      "end" : 262,
      "text" : "North",
      "whiteSpace" : false
    }, {
      "id" : "s1-t54",
      "begin" : 263,
      "end" : 265,
      "text" : "63",
      "whiteSpace" : false
    }, {
      "id" : "s1-t55",
      "begin" : 266,
      "end" : 267,
      "text" : "?",
      "whiteSpace" : false
    }, {
      "id" : "s1-t56",
      "begin" : 267,
      "end" : 268,
      "text" : "?",
      "whiteSpace" : false
    } ]
  }, {
    "id" : "s2",
    "begin" : 269,
    "end" : 317,
    "text" : "East 235 feet to a fence post; thence North 15??",
    "tokens" : [ {
      "id" : "s2-t0",
      "begin" : 269,
      "end" : 273,
      "text" : "East",
      "whiteSpace" : false
    }, {
      "id" : "s2-t1",
      "begin" : 274,
      "end" : 277,
      "text" : "235",
      "whiteSpace" : false
    }, {
      "id" : "s2-t2",
      "begin" : 278,
      "end" : 282,
      "text" : "feet",
      "whiteSpace" : false
    }, {
      "id" : "s2-t3",
      "begin" : 283,
      "end" : 285,
      "text" : "to",
      "whiteSpace" : false
    }, {
      "id" : "s2-t4",
      "begin" : 286,
      "end" : 287,
      "text" : "a",
      "whiteSpace" : false
    }, {
      "id" : "s2-t5",
      "begin" : 288,
      "end" : 293,
      "text" : "fence",
      "whiteSpace" : false
    }, {
      "id" : "s2-t6",
      "begin" : 294,
      "end" : 298,
      "text" : "post",
      "whiteSpace" : false
    }, {
      "id" : "s2-t7",
      "begin" : 298,
      "end" : 299,
      "text" : ";",
      "whiteSpace" : false
    }, {
      "id" : "s2-t8",
      "begin" : 300,
      "end" : 306,
      "text" : "thence",
      "whiteSpace" : false
    }, {
      "id" : "s2-t9",
      "begin" : 307,
      "end" : 312,
      "text" : "North",
      "whiteSpace" : false
    }, {
      "id" : "s2-t10",
      "begin" : 313,
      "end" : 315,
      "text" : "15",
      "whiteSpace" : false
    }, {
      "id" : "s2-t11",
      "begin" : 315,
      "end" : 316,
      "text" : "?",
      "whiteSpace" : false
    }, {
      "id" : "s2-t12",
      "begin" : 316,
      "end" : 317,
      "text" : "?",
      "whiteSpace" : false
    } ]
  }, {
    "id" : "s3",
    "begin" : 318,
    "end" : 699,
    "text" : "West and with a wire fence 775 feet to a post in the south edge of the said highway at the corner of the fence; thence, with the said highway South 761/2 \" West 131 feet to the beginning, containing 3.4 acres be the same more or less, according to a survey made June 30, 1969, by Sam Long, County Surveyor., BEING the same property conveyed to Jason Griffith and wife, Alinda Grif?",
    "tokens" : [ {
      "id" : "s3-t0",
      "begin" : 318,
      "end" : 322,
      "text" : "West",
      "whiteSpace" : false
    }, {
      "id" : "s3-t1",
      "begin" : 323,
      "end" : 326,
      "text" : "and",
      "whiteSpace" : false
    }, {
      "id" : "s3-t2",
      "begin" : 327,
      "end" : 331,
      "text" : "with",
      "whiteSpace" : false
    }, {
      "id" : "s3-t3",
      "begin" : 332,
      "end" : 333,
      "text" : "a",
      "whiteSpace" : false
    }, {
      "id" : "s3-t4",
      "begin" : 334,
      "end" : 338,
      "text" : "wire",
      "whiteSpace" : false
    }, {
      "id" : "s3-t5",
      "begin" : 339,
      "end" : 344,
      "text" : "fence",
      "whiteSpace" : false
    }, {
      "id" : "s3-t6",
      "begin" : 345,
      "end" : 348,
      "text" : "775",
      "whiteSpace" : false
    }, {
      "id" : "s3-t7",
      "begin" : 349,
      "end" : 353,
      "text" : "feet",
      "whiteSpace" : false
    }, {
      "id" : "s3-t8",
      "begin" : 354,
      "end" : 356,
      "text" : "to",
      "whiteSpace" : false
    }, {
      "id" : "s3-t9",
      "begin" : 357,
      "end" : 358,
      "text" : "a",
      "whiteSpace" : false
    }, {
      "id" : "s3-t10",
      "begin" : 359,
      "end" : 363,
      "text" : "post",
      "whiteSpace" : false
    }, {
      "id" : "s3-t11",
      "begin" : 364,
      "end" : 366,
      "text" : "in",
      "whiteSpace" : false
    }, {
      "id" : "s3-t12",
      "begin" : 367,
      "end" : 370,
      "text" : "the",
      "whiteSpace" : false
    }, {
      "id" : "s3-t13",
      "begin" : 371,
      "end" : 376,
      "text" : "south",
      "whiteSpace" : false
    }, {
      "id" : "s3-t14",
      "begin" : 377,
      "end" : 381,
      "text" : "edge",
      "whiteSpace" : false
    }, {
      "id" : "s3-t15",
      "begin" : 382,
      "end" : 384,
      "text" : "of",
      "whiteSpace" : false
    }, {
      "id" : "s3-t16",
      "begin" : 385,
      "end" : 388,
      "text" : "the",
      "whiteSpace" : false
    }, {
      "id" : "s3-t17",
      "begin" : 389,
      "end" : 393,
      "text" : "said",
      "whiteSpace" : false
    }, {
      "id" : "s3-t18",
      "begin" : 394,
      "end" : 401,
      "text" : "highway",
      "whiteSpace" : false
    }, {
      "id" : "s3-t19",
      "begin" : 402,
      "end" : 404,
      "text" : "at",
      "whiteSpace" : false
    }, {
      "id" : "s3-t20",
      "begin" : 405,
      "end" : 408,
      "text" : "the",
      "whiteSpace" : false
    }, {
      "id" : "s3-t21",
      "begin" : 409,
      "end" : 415,
      "text" : "corner",
      "whiteSpace" : false
    }, {
      "id" : "s3-t22",
      "begin" : 416,
      "end" : 418,
      "text" : "of",
      "whiteSpace" : false
    }, {
      "id" : "s3-t23",
      "begin" : 419,
      "end" : 422,
      "text" : "the",
      "whiteSpace" : false
    }, {
      "id" : "s3-t24",
      "begin" : 423,
      "end" : 428,
      "text" : "fence",
      "whiteSpace" : false
    }, {
      "id" : "s3-t25",
      "begin" : 428,
      "end" : 429,
      "text" : ";",
      "whiteSpace" : false
    }, {
      "id" : "s3-t26",
      "begin" : 430,
      "end" : 436,
      "text" : "thence",
      "whiteSpace" : false
    }, {
      "id" : "s3-t27",
      "begin" : 436,
      "end" : 437,
      "text" : ",",
      "whiteSpace" : false
    }, {
      "id" : "s3-t28",
      "begin" : 438,
      "end" : 442,
      "text" : "with",
      "whiteSpace" : false
    }, {
      "id" : "s3-t29",
      "begin" : 443,
      "end" : 446,
      "text" : "the",
      "whiteSpace" : false
    }, {
      "id" : "s3-t30",
      "begin" : 447,
      "end" : 451,
      "text" : "said",
      "whiteSpace" : false
    }, {
      "id" : "s3-t31",
      "begin" : 452,
      "end" : 459,
      "text" : "highway",
      "whiteSpace" : false
    }, {
      "id" : "s3-t32",
      "begin" : 460,
      "end" : 465,
      "text" : "South",
      "whiteSpace" : false
    }, {
      "id" : "s3-t33",
      "begin" : 466,
      "end" : 471,
      "text" : "761/2",
      "whiteSpace" : false
    }, {
      "id" : "s3-t34",
      "begin" : 472,
      "end" : 473,
      "text" : "\"",
      "whiteSpace" : false
    }, {
      "id" : "s3-t35",
      "begin" : 474,
      "end" : 478,
      "text" : "West",
      "whiteSpace" : false
    }, {
      "id" : "s3-t36",
      "begin" : 479,
      "end" : 482,
      "text" : "131",
      "whiteSpace" : false
    }, {
      "id" : "s3-t37",
      "begin" : 483,
      "end" : 487,
      "text" : "feet",
      "whiteSpace" : false
    }, {
      "id" : "s3-t38",
      "begin" : 488,
      "end" : 490,
      "text" : "to",
      "whiteSpace" : false
    }, {
      "id" : "s3-t39",
      "begin" : 491,
      "end" : 494,
      "text" : "the",
      "whiteSpace" : false
    }, {
      "id" : "s3-t40",
      "begin" : 495,
      "end" : 504,
      "text" : "beginning",
      "whiteSpace" : false
    }, {
      "id" : "s3-t41",
      "begin" : 504,
      "end" : 505,
      "text" : ",",
      "whiteSpace" : false
    }, {
      "id" : "s3-t42",
      "begin" : 506,
      "end" : 516,
      "text" : "containing",
      "whiteSpace" : false
    }, {
      "id" : "s3-t43",
      "begin" : 517,
      "end" : 520,
      "text" : "3.4",
      "whiteSpace" : false
    }, {
      "id" : "s3-t44",
      "begin" : 521,
      "end" : 526,
      "text" : "acres",
      "whiteSpace" : false
    }, {
      "id" : "s3-t45",
      "begin" : 527,
      "end" : 529,
      "text" : "be",
      "whiteSpace" : false
    }, {
      "id" : "s3-t46",
      "begin" : 530,
      "end" : 533,
      "text" : "the",
      "whiteSpace" : false
    }, {
      "id" : "s3-t47",
      "begin" : 534,
      "end" : 538,
      "text" : "same",
      "whiteSpace" : false
    }, {
      "id" : "s3-t48",
      "begin" : 539,
      "end" : 543,
      "text" : "more",
      "whiteSpace" : false
    }, {
      "id" : "s3-t49",
      "begin" : 544,
      "end" : 546,
      "text" : "or",
      "whiteSpace" : false
    }, {
      "id" : "s3-t50",
      "begin" : 547,
      "end" : 551,
      "text" : "less",
      "whiteSpace" : false
    }, {
      "id" : "s3-t51",
      "begin" : 551,
      "end" : 552,
      "text" : ",",
      "whiteSpace" : false
    }, {
      "id" : "s3-t52",
      "begin" : 553,
      "end" : 562,
      "text" : "according",
      "whiteSpace" : false
    }, {
      "id" : "s3-t53",
      "begin" : 563,
      "end" : 565,
      "text" : "to",
      "whiteSpace" : false
    }, {
      "id" : "s3-t54",
      "begin" : 566,
      "end" : 567,
      "text" : "a",
      "whiteSpace" : false
    }, {
      "id" : "s3-t55",
      "begin" : 568,
      "end" : 574,
      "text" : "survey",
      "whiteSpace" : false
    }, {
      "id" : "s3-t56",
      "begin" : 575,
      "end" : 579,
      "text" : "made",
      "whiteSpace" : false
    }, {
      "id" : "s3-t57",
      "begin" : 580,
      "end" : 584,
      "text" : "June",
      "whiteSpace" : false
    }, {
      "id" : "s3-t58",
      "begin" : 585,
      "end" : 587,
      "text" : "30",
      "whiteSpace" : false
    }, {
      "id" : "s3-t59",
      "begin" : 587,
      "end" : 588,
      "text" : ",",
      "whiteSpace" : false
    }, {
      "id" : "s3-t60",
      "begin" : 589,
      "end" : 593,
      "text" : "1969",
      "whiteSpace" : false
    }, {
      "id" : "s3-t61",
      "begin" : 593,
      "end" : 594,
      "text" : ",",
      "whiteSpace" : false
    }, {
      "id" : "s3-t62",
      "begin" : 595,
      "end" : 597,
      "text" : "by",
      "whiteSpace" : false
    }, {
      "id" : "s3-t63",
      "begin" : 598,
      "end" : 601,
      "text" : "Sam",
      "whiteSpace" : false
    }, {
      "id" : "s3-t64",
      "begin" : 602,
      "end" : 606,
      "text" : "Long",
      "whiteSpace" : false
    }, {
      "id" : "s3-t65",
      "begin" : 606,
      "end" : 607,
      "text" : ",",
      "whiteSpace" : false
    }, {
      "id" : "s3-t66",
      "begin" : 608,
      "end" : 614,
      "text" : "County",
      "whiteSpace" : false
    }, {
      "id" : "s3-t67",
      "begin" : 615,
      "end" : 624,
      "text" : "Surveyor.",
      "whiteSpace" : false
    }, {
      "id" : "s3-t68",
      "begin" : 624,
      "end" : 625,
      "text" : ",",
      "whiteSpace" : false
    }, {
      "id" : "s3-t69",
      "begin" : 626,
      "end" : 631,
      "text" : "BEING",
      "whiteSpace" : false
    }, {
      "id" : "s3-t70",
      "begin" : 632,
      "end" : 635,
      "text" : "the",
      "whiteSpace" : false
    }, {
      "id" : "s3-t71",
      "begin" : 636,
      "end" : 640,
      "text" : "same",
      "whiteSpace" : false
    }, {
      "id" : "s3-t72",
      "begin" : 641,
      "end" : 649,
      "text" : "property",
      "whiteSpace" : false
    }, {
      "id" : "s3-t73",
      "begin" : 650,
      "end" : 658,
      "text" : "conveyed",
      "whiteSpace" : false
    }, {
      "id" : "s3-t74",
      "begin" : 659,
      "end" : 661,
      "text" : "to",
      "whiteSpace" : false
    }, {
      "id" : "s3-t75",
      "begin" : 662,
      "end" : 667,
      "text" : "Jason",
      "whiteSpace" : false
    }, {
      "id" : "s3-t76",
      "begin" : 668,
      "end" : 676,
      "text" : "Griffith",
      "whiteSpace" : false
    }, {
      "id" : "s3-t77",
      "begin" : 677,
      "end" : 680,
      "text" : "and",
      "whiteSpace" : false
    }, {
      "id" : "s3-t78",
      "begin" : 681,
      "end" : 685,
      "text" : "wife",
      "whiteSpace" : false
    }, {
      "id" : "s3-t79",
      "begin" : 685,
      "end" : 686,
      "text" : ",",
      "whiteSpace" : false
    }, {
      "id" : "s3-t80",
      "begin" : 687,
      "end" : 693,
      "text" : "Alinda",
      "whiteSpace" : false
    }, {
      "id" : "s3-t81",
      "begin" : 694,
      "end" : 698,
      "text" : "Grif",
      "whiteSpace" : false
    }, {
      "id" : "s3-t82",
      "begin" : 698,
      "end" : 699,
      "text" : "?",
      "whiteSpace" : false
    } ]
  }, {
    "id" : "s4",
    "begin" : 699,
    "end" : 760,
    "text" : "??th, by deed of record in Deed Book 168, page 853, Register?",
    "tokens" : [ {
      "id" : "s4-t0",
      "begin" : 699,
      "end" : 703,
      "text" : "??th",
      "whiteSpace" : false
    }, {
      "id" : "s4-t1",
      "begin" : 703,
      "end" : 704,
      "text" : ",",
      "whiteSpace" : false
    }, {
      "id" : "s4-t2",
      "begin" : 705,
      "end" : 707,
      "text" : "by",
      "whiteSpace" : false
    }, {
      "id" : "s4-t3",
      "begin" : 708,
      "end" : 712,
      "text" : "deed",
      "whiteSpace" : false
    }, {
      "id" : "s4-t4",
      "begin" : 713,
      "end" : 715,
      "text" : "of",
      "whiteSpace" : false
    }, {
      "id" : "s4-t5",
      "begin" : 716,
      "end" : 722,
      "text" : "record",
      "whiteSpace" : false
    }, {
      "id" : "s4-t6",
      "begin" : 723,
      "end" : 725,
      "text" : "in",
      "whiteSpace" : false
    }, {
      "id" : "s4-t7",
      "begin" : 726,
      "end" : 730,
      "text" : "Deed",
      "whiteSpace" : false
    }, {
      "id" : "s4-t8",
      "begin" : 731,
      "end" : 735,
      "text" : "Book",
      "whiteSpace" : false
    }, {
      "id" : "s4-t9",
      "begin" : 736,
      "end" : 739,
      "text" : "168",
      "whiteSpace" : false
    }, {
      "id" : "s4-t10",
      "begin" : 739,
      "end" : 740,
      "text" : ",",
      "whiteSpace" : false
    }, {
      "id" : "s4-t11",
      "begin" : 741,
      "end" : 745,
      "text" : "page",
      "whiteSpace" : false
    }, {
      "id" : "s4-t12",
      "begin" : 746,
      "end" : 749,
      "text" : "853",
      "whiteSpace" : false
    }, {
      "id" : "s4-t13",
      "begin" : 749,
      "end" : 750,
      "text" : ",",
      "whiteSpace" : false
    }, {
      "id" : "s4-t14",
      "begin" : 751,
      "end" : 759,
      "text" : "Register",
      "whiteSpace" : false
    }, {
      "id" : "s4-t15",
      "begin" : 759,
      "end" : 760,
      "text" : "?",
      "whiteSpace" : false
    } ]
  }, {
    "id" : "s5",
    "begin" : 760,
    "end" : 767,
    "text" : "??s Of?",
    "tokens" : [ {
      "id" : "s5-t0",
      "begin" : 760,
      "end" : 763,
      "text" : "??s",
      "whiteSpace" : false
    }, {
      "id" : "s5-t1",
      "begin" : 764,
      "end" : 766,
      "text" : "Of",
      "whiteSpace" : false
    }, {
      "id" : "s5-t2",
      "begin" : 766,
      "end" : 767,
      "text" : "?",
      "whiteSpace" : false
    } ]
  }, {
    "id" : "s6",
    "begin" : 767,
    "end" : 899,
    "text" : "??ce of Humphreys County, Tennessee., This conveyance is made subject to a grant of flowage easement to the United States of America",
    "tokens" : [ {
      "id" : "s6-t0",
      "begin" : 767,
      "end" : 771,
      "text" : "??ce",
      "whiteSpace" : false
    }, {
      "id" : "s6-t1",
      "begin" : 772,
      "end" : 774,
      "text" : "of",
      "whiteSpace" : false
    }, {
      "id" : "s6-t2",
      "begin" : 775,
      "end" : 784,
      "text" : "Humphreys",
      "whiteSpace" : false
    }, {
      "id" : "s6-t3",
      "begin" : 785,
      "end" : 791,
      "text" : "County",
      "whiteSpace" : false
    }, {
      "id" : "s6-t4",
      "begin" : 791,
      "end" : 792,
      "text" : ",",
      "whiteSpace" : false
    }, {
      "id" : "s6-t5",
      "begin" : 793,
      "end" : 803,
      "text" : "Tennessee.",
      "whiteSpace" : false
    }, {
      "id" : "s6-t6",
      "begin" : 803,
      "end" : 804,
      "text" : ",",
      "whiteSpace" : false
    }, {
      "id" : "s6-t7",
      "begin" : 805,
      "end" : 809,
      "text" : "This",
      "whiteSpace" : false
    }, {
      "id" : "s6-t8",
      "begin" : 810,
      "end" : 820,
      "text" : "conveyance",
      "whiteSpace" : false
    }, {
      "id" : "s6-t9",
      "begin" : 821,
      "end" : 823,
      "text" : "is",
      "whiteSpace" : false
    }, {
      "id" : "s6-t10",
      "begin" : 824,
      "end" : 828,
      "text" : "made",
      "whiteSpace" : false
    }, {
      "id" : "s6-t11",
      "begin" : 829,
      "end" : 836,
      "text" : "subject",
      "whiteSpace" : false
    }, {
      "id" : "s6-t12",
      "begin" : 837,
      "end" : 839,
      "text" : "to",
      "whiteSpace" : false
    }, {
      "id" : "s6-t13",
      "begin" : 840,
      "end" : 841,
      "text" : "a",
      "whiteSpace" : false
    }, {
      "id" : "s6-t14",
      "begin" : 842,
      "end" : 847,
      "text" : "grant",
      "whiteSpace" : false
    }, {
      "id" : "s6-t15",
      "begin" : 848,
      "end" : 850,
      "text" : "of",
      "whiteSpace" : false
    }, {
      "id" : "s6-t16",
      "begin" : 851,
      "end" : 858,
      "text" : "flowage",
      "whiteSpace" : false
    }, {
      "id" : "s6-t17",
      "begin" : 859,
      "end" : 867,
      "text" : "easement",
      "whiteSpace" : false
    }, {
      "id" : "s6-t18",
      "begin" : 868,
      "end" : 870,
      "text" : "to",
      "whiteSpace" : false
    }, {
      "id" : "s6-t19",
      "begin" : 871,
      "end" : 874,
      "text" : "the",
      "whiteSpace" : false
    }, {
      "id" : "s6-t20",
      "begin" : 875,
      "end" : 881,
      "text" : "United",
      "whiteSpace" : false
    }, {
      "id" : "s6-t21",
      "begin" : 882,
      "end" : 888,
      "text" : "States",
      "whiteSpace" : false
    }, {
      "id" : "s6-t22",
      "begin" : 889,
      "end" : 891,
      "text" : "of",
      "whiteSpace" : false
    }, {
      "id" : "s6-t23",
      "begin" : 892,
      "end" : 899,
      "text" : "America",
      "whiteSpace" : false
    } ]
  } ],
  "mentions" : [ {
    "id" : "s4-m1",
    "properties" : {
      "SIRE_MENTION_ROLE" : "WarrDeedBookNum",
      "SIRE_ENTITY_SUBTYPE" : "NONE",
      "SIRE_MENTION_TYPE" : "NONE",
      "SIRE_MENTION_CLASS" : "SPC"
    },
    "type" : "WarrDeedBookNum",
    "begin" : 736,
    "end" : 739,
    "inCoref" : false
  }, {
    "id" : "s4-m2",
    "properties" : {
      "SIRE_MENTION_ROLE" : "WarrDeedPageNum",
      "SIRE_ENTITY_SUBTYPE" : "NONE",
      "SIRE_MENTION_TYPE" : "NONE",
      "SIRE_MENTION_CLASS" : "SPC"
    },
    "type" : "WarrDeedPageNum",
    "begin" : 746,
    "end" : 749,
    "inCoref" : false
  } ],
  "relations" : [ ],
  "corefs" : [ ],
  "typeResolved" : true,
  "userResolved" : false
}