{
  "id" : "acc7bbe0-54dc-11e9-8cbd-5f0b935e8fdd-14",
  "name" : "WD178-4.txt",
  "createdDate" : 0,
  "version" : 3,
  "text" : " North 16 degrees 06 minutes 21 seconds East 30.16 feet; North 12 degrees 42 minutes 22 seconds East 65.60 feet; North 10 degrees 49 minutes 00 seconds East 58.61 feet; North 10 degrees 52 minutes 32 seconds East 285.14 feet to the point of beginning containing an area of 3.67 acres, by calculation. Survey made by McBride Survey Go, dated September 19, 1997. Being part of the same property conveyed to Diana Gail Smith, Jeremy Kent Smith, Jason Keith Smith, and Jared Kirk Smith, as tenants in common, by deed from Andrew L. Brown, Jr. and wife, Patricia Ann Brown, dated July 21, 1995, and of record in Warranty Deed Book 166, Page 1135, in the Register???s Office of Humphreys County, Tennessee. To Have and to Hold the said tract or parcel of land, with t",
  "docLength" : 0,
  "language" : "EN",
  "status" : "SUBMITTED",
  "modifiedDate" : 1554165024937,
  "documentSet" : [ ],
  "preannotation" : [ ],
  "sentences" : [ {
    "id" : "s0",
    "begin" : 1,
    "end" : 300,
    "text" : "North 16 degrees 06 minutes 21 seconds East 30.16 feet; North 12 degrees 42 minutes 22 seconds East 65.60 feet; North 10 degrees 49 minutes 00 seconds East 58.61 feet; North 10 degrees 52 minutes 32 seconds East 285.14 feet to the point of beginning containing an area of 3.67 acres, by calculation.",
    "tokens" : [ {
      "id" : "s0-t0",
      "begin" : 1,
      "end" : 6,
      "text" : "North",
      "whiteSpace" : false
    }, {
      "id" : "s0-t1",
      "begin" : 7,
      "end" : 9,
      "text" : "16",
      "whiteSpace" : false
    }, {
      "id" : "s0-t2",
      "begin" : 10,
      "end" : 17,
      "text" : "degrees",
      "whiteSpace" : false
    }, {
      "id" : "s0-t3",
      "begin" : 18,
      "end" : 20,
      "text" : "06",
      "whiteSpace" : false
    }, {
      "id" : "s0-t4",
      "begin" : 21,
      "end" : 28,
      "text" : "minutes",
      "whiteSpace" : false
    }, {
      "id" : "s0-t5",
      "begin" : 29,
      "end" : 31,
      "text" : "21",
      "whiteSpace" : false
    }, {
      "id" : "s0-t6",
      "begin" : 32,
      "end" : 39,
      "text" : "seconds",
      "whiteSpace" : false
    }, {
      "id" : "s0-t7",
      "begin" : 40,
      "end" : 44,
      "text" : "East",
      "whiteSpace" : false
    }, {
      "id" : "s0-t8",
      "begin" : 45,
      "end" : 50,
      "text" : "30.16",
      "whiteSpace" : false
    }, {
      "id" : "s0-t9",
      "begin" : 51,
      "end" : 55,
      "text" : "feet",
      "whiteSpace" : false
    }, {
      "id" : "s0-t10",
      "begin" : 55,
      "end" : 56,
      "text" : ";",
      "whiteSpace" : false
    }, {
      "id" : "s0-t11",
      "begin" : 57,
      "end" : 62,
      "text" : "North",
      "whiteSpace" : false
    }, {
      "id" : "s0-t12",
      "begin" : 63,
      "end" : 65,
      "text" : "12",
      "whiteSpace" : false
    }, {
      "id" : "s0-t13",
      "begin" : 66,
      "end" : 73,
      "text" : "degrees",
      "whiteSpace" : false
    }, {
      "id" : "s0-t14",
      "begin" : 74,
      "end" : 76,
      "text" : "42",
      "whiteSpace" : false
    }, {
      "id" : "s0-t15",
      "begin" : 77,
      "end" : 84,
      "text" : "minutes",
      "whiteSpace" : false
    }, {
      "id" : "s0-t16",
      "begin" : 85,
      "end" : 87,
      "text" : "22",
      "whiteSpace" : false
    }, {
      "id" : "s0-t17",
      "begin" : 88,
      "end" : 95,
      "text" : "seconds",
      "whiteSpace" : false
    }, {
      "id" : "s0-t18",
      "begin" : 96,
      "end" : 100,
      "text" : "East",
      "whiteSpace" : false
    }, {
      "id" : "s0-t19",
      "begin" : 101,
      "end" : 106,
      "text" : "65.60",
      "whiteSpace" : false
    }, {
      "id" : "s0-t20",
      "begin" : 107,
      "end" : 111,
      "text" : "feet",
      "whiteSpace" : false
    }, {
      "id" : "s0-t21",
      "begin" : 111,
      "end" : 112,
      "text" : ";",
      "whiteSpace" : false
    }, {
      "id" : "s0-t22",
      "begin" : 113,
      "end" : 118,
      "text" : "North",
      "whiteSpace" : false
    }, {
      "id" : "s0-t23",
      "begin" : 119,
      "end" : 121,
      "text" : "10",
      "whiteSpace" : false
    }, {
      "id" : "s0-t24",
      "begin" : 122,
      "end" : 129,
      "text" : "degrees",
      "whiteSpace" : false
    }, {
      "id" : "s0-t25",
      "begin" : 130,
      "end" : 132,
      "text" : "49",
      "whiteSpace" : false
    }, {
      "id" : "s0-t26",
      "begin" : 133,
      "end" : 140,
      "text" : "minutes",
      "whiteSpace" : false
    }, {
      "id" : "s0-t27",
      "begin" : 141,
      "end" : 143,
      "text" : "00",
      "whiteSpace" : false
    }, {
      "id" : "s0-t28",
      "begin" : 144,
      "end" : 151,
      "text" : "seconds",
      "whiteSpace" : false
    }, {
      "id" : "s0-t29",
      "begin" : 152,
      "end" : 156,
      "text" : "East",
      "whiteSpace" : false
    }, {
      "id" : "s0-t30",
      "begin" : 157,
      "end" : 162,
      "text" : "58.61",
      "whiteSpace" : false
    }, {
      "id" : "s0-t31",
      "begin" : 163,
      "end" : 167,
      "text" : "feet",
      "whiteSpace" : false
    }, {
      "id" : "s0-t32",
      "begin" : 167,
      "end" : 168,
      "text" : ";",
      "whiteSpace" : false
    }, {
      "id" : "s0-t33",
      "begin" : 169,
      "end" : 174,
      "text" : "North",
      "whiteSpace" : false
    }, {
      "id" : "s0-t34",
      "begin" : 175,
      "end" : 177,
      "text" : "10",
      "whiteSpace" : false
    }, {
      "id" : "s0-t35",
      "begin" : 178,
      "end" : 185,
      "text" : "degrees",
      "whiteSpace" : false
    }, {
      "id" : "s0-t36",
      "begin" : 186,
      "end" : 188,
      "text" : "52",
      "whiteSpace" : false
    }, {
      "id" : "s0-t37",
      "begin" : 189,
      "end" : 196,
      "text" : "minutes",
      "whiteSpace" : false
    }, {
      "id" : "s0-t38",
      "begin" : 197,
      "end" : 199,
      "text" : "32",
      "whiteSpace" : false
    }, {
      "id" : "s0-t39",
      "begin" : 200,
      "end" : 207,
      "text" : "seconds",
      "whiteSpace" : false
    }, {
      "id" : "s0-t40",
      "begin" : 208,
      "end" : 212,
      "text" : "East",
      "whiteSpace" : false
    }, {
      "id" : "s0-t41",
      "begin" : 213,
      "end" : 219,
      "text" : "285.14",
      "whiteSpace" : false
    }, {
      "id" : "s0-t42",
      "begin" : 220,
      "end" : 224,
      "text" : "feet",
      "whiteSpace" : false
    }, {
      "id" : "s0-t43",
      "begin" : 225,
      "end" : 227,
      "text" : "to",
      "whiteSpace" : false
    }, {
      "id" : "s0-t44",
      "begin" : 228,
      "end" : 231,
      "text" : "the",
      "whiteSpace" : false
    }, {
      "id" : "s0-t45",
      "begin" : 232,
      "end" : 237,
      "text" : "point",
      "whiteSpace" : false
    }, {
      "id" : "s0-t46",
      "begin" : 238,
      "end" : 240,
      "text" : "of",
      "whiteSpace" : false
    }, {
      "id" : "s0-t47",
      "begin" : 241,
      "end" : 250,
      "text" : "beginning",
      "whiteSpace" : false
    }, {
      "id" : "s0-t48",
      "begin" : 251,
      "end" : 261,
      "text" : "containing",
      "whiteSpace" : false
    }, {
      "id" : "s0-t49",
      "begin" : 262,
      "end" : 264,
      "text" : "an",
      "whiteSpace" : false
    }, {
      "id" : "s0-t50",
      "begin" : 265,
      "end" : 269,
      "text" : "area",
      "whiteSpace" : false
    }, {
      "id" : "s0-t51",
      "begin" : 270,
      "end" : 272,
      "text" : "of",
      "whiteSpace" : false
    }, {
      "id" : "s0-t52",
      "begin" : 273,
      "end" : 277,
      "text" : "3.67",
      "whiteSpace" : false
    }, {
      "id" : "s0-t53",
      "begin" : 278,
      "end" : 283,
      "text" : "acres",
      "whiteSpace" : false
    }, {
      "id" : "s0-t54",
      "begin" : 283,
      "end" : 284,
      "text" : ",",
      "whiteSpace" : false
    }, {
      "id" : "s0-t55",
      "begin" : 285,
      "end" : 287,
      "text" : "by",
      "whiteSpace" : false
    }, {
      "id" : "s0-t56",
      "begin" : 288,
      "end" : 299,
      "text" : "calculation",
      "whiteSpace" : false
    }, {
      "id" : "s0-t57",
      "begin" : 299,
      "end" : 300,
      "text" : ".",
      "whiteSpace" : false
    } ]
  }, {
    "id" : "s1",
    "begin" : 301,
    "end" : 360,
    "text" : "Survey made by McBride Survey Go, dated September 19, 1997.",
    "tokens" : [ {
      "id" : "s1-t0",
      "begin" : 301,
      "end" : 307,
      "text" : "Survey",
      "whiteSpace" : false
    }, {
      "id" : "s1-t1",
      "begin" : 308,
      "end" : 312,
      "text" : "made",
      "whiteSpace" : false
    }, {
      "id" : "s1-t2",
      "begin" : 313,
      "end" : 315,
      "text" : "by",
      "whiteSpace" : false
    }, {
      "id" : "s1-t3",
      "begin" : 316,
      "end" : 323,
      "text" : "McBride",
      "whiteSpace" : false
    }, {
      "id" : "s1-t4",
      "begin" : 324,
      "end" : 330,
      "text" : "Survey",
      "whiteSpace" : false
    }, {
      "id" : "s1-t5",
      "begin" : 331,
      "end" : 333,
      "text" : "Go",
      "whiteSpace" : false
    }, {
      "id" : "s1-t6",
      "begin" : 333,
      "end" : 334,
      "text" : ",",
      "whiteSpace" : false
    }, {
      "id" : "s1-t7",
      "begin" : 335,
      "end" : 340,
      "text" : "dated",
      "whiteSpace" : false
    }, {
      "id" : "s1-t8",
      "begin" : 341,
      "end" : 350,
      "text" : "September",
      "whiteSpace" : false
    }, {
      "id" : "s1-t9",
      "begin" : 351,
      "end" : 353,
      "text" : "19",
      "whiteSpace" : false
    }, {
      "id" : "s1-t10",
      "begin" : 353,
      "end" : 354,
      "text" : ",",
      "whiteSpace" : false
    }, {
      "id" : "s1-t11",
      "begin" : 355,
      "end" : 359,
      "text" : "1997",
      "whiteSpace" : false
    }, {
      "id" : "s1-t12",
      "begin" : 359,
      "end" : 360,
      "text" : ".",
      "whiteSpace" : false
    } ]
  }, {
    "id" : "s2",
    "begin" : 361,
    "end" : 658,
    "text" : "Being part of the same property conveyed to Diana Gail Smith, Jeremy Kent Smith, Jason Keith Smith, and Jared Kirk Smith, as tenants in common, by deed from Andrew L. Brown, Jr. and wife, Patricia Ann Brown, dated July 21, 1995, and of record in Warranty Deed Book 166, Page 1135, in the Register?",
    "tokens" : [ {
      "id" : "s2-t0",
      "begin" : 361,
      "end" : 366,
      "text" : "Being",
      "whiteSpace" : false
    }, {
      "id" : "s2-t1",
      "begin" : 367,
      "end" : 371,
      "text" : "part",
      "whiteSpace" : false
    }, {
      "id" : "s2-t2",
      "begin" : 372,
      "end" : 374,
      "text" : "of",
      "whiteSpace" : false
    }, {
      "id" : "s2-t3",
      "begin" : 375,
      "end" : 378,
      "text" : "the",
      "whiteSpace" : false
    }, {
      "id" : "s2-t4",
      "begin" : 379,
      "end" : 383,
      "text" : "same",
      "whiteSpace" : false
    }, {
      "id" : "s2-t5",
      "begin" : 384,
      "end" : 392,
      "text" : "property",
      "whiteSpace" : false
    }, {
      "id" : "s2-t6",
      "begin" : 393,
      "end" : 401,
      "text" : "conveyed",
      "whiteSpace" : false
    }, {
      "id" : "s2-t7",
      "begin" : 402,
      "end" : 404,
      "text" : "to",
      "whiteSpace" : false
    }, {
      "id" : "s2-t8",
      "begin" : 405,
      "end" : 410,
      "text" : "Diana",
      "whiteSpace" : false
    }, {
      "id" : "s2-t9",
      "begin" : 411,
      "end" : 415,
      "text" : "Gail",
      "whiteSpace" : false
    }, {
      "id" : "s2-t10",
      "begin" : 416,
      "end" : 421,
      "text" : "Smith",
      "whiteSpace" : false
    }, {
      "id" : "s2-t11",
      "begin" : 421,
      "end" : 422,
      "text" : ",",
      "whiteSpace" : false
    }, {
      "id" : "s2-t12",
      "begin" : 423,
      "end" : 429,
      "text" : "Jeremy",
      "whiteSpace" : false
    }, {
      "id" : "s2-t13",
      "begin" : 430,
      "end" : 434,
      "text" : "Kent",
      "whiteSpace" : false
    }, {
      "id" : "s2-t14",
      "begin" : 435,
      "end" : 440,
      "text" : "Smith",
      "whiteSpace" : false
    }, {
      "id" : "s2-t15",
      "begin" : 440,
      "end" : 441,
      "text" : ",",
      "whiteSpace" : false
    }, {
      "id" : "s2-t16",
      "begin" : 442,
      "end" : 447,
      "text" : "Jason",
      "whiteSpace" : false
    }, {
      "id" : "s2-t17",
      "begin" : 448,
      "end" : 453,
      "text" : "Keith",
      "whiteSpace" : false
    }, {
      "id" : "s2-t18",
      "begin" : 454,
      "end" : 459,
      "text" : "Smith",
      "whiteSpace" : false
    }, {
      "id" : "s2-t19",
      "begin" : 459,
      "end" : 460,
      "text" : ",",
      "whiteSpace" : false
    }, {
      "id" : "s2-t20",
      "begin" : 461,
      "end" : 464,
      "text" : "and",
      "whiteSpace" : false
    }, {
      "id" : "s2-t21",
      "begin" : 465,
      "end" : 470,
      "text" : "Jared",
      "whiteSpace" : false
    }, {
      "id" : "s2-t22",
      "begin" : 471,
      "end" : 475,
      "text" : "Kirk",
      "whiteSpace" : false
    }, {
      "id" : "s2-t23",
      "begin" : 476,
      "end" : 481,
      "text" : "Smith",
      "whiteSpace" : false
    }, {
      "id" : "s2-t24",
      "begin" : 481,
      "end" : 482,
      "text" : ",",
      "whiteSpace" : false
    }, {
      "id" : "s2-t25",
      "begin" : 483,
      "end" : 485,
      "text" : "as",
      "whiteSpace" : false
    }, {
      "id" : "s2-t26",
      "begin" : 486,
      "end" : 493,
      "text" : "tenants",
      "whiteSpace" : false
    }, {
      "id" : "s2-t27",
      "begin" : 494,
      "end" : 496,
      "text" : "in",
      "whiteSpace" : false
    }, {
      "id" : "s2-t28",
      "begin" : 497,
      "end" : 503,
      "text" : "common",
      "whiteSpace" : false
    }, {
      "id" : "s2-t29",
      "begin" : 503,
      "end" : 504,
      "text" : ",",
      "whiteSpace" : false
    }, {
      "id" : "s2-t30",
      "begin" : 505,
      "end" : 507,
      "text" : "by",
      "whiteSpace" : false
    }, {
      "id" : "s2-t31",
      "begin" : 508,
      "end" : 512,
      "text" : "deed",
      "whiteSpace" : false
    }, {
      "id" : "s2-t32",
      "begin" : 513,
      "end" : 517,
      "text" : "from",
      "whiteSpace" : false
    }, {
      "id" : "s2-t33",
      "begin" : 518,
      "end" : 524,
      "text" : "Andrew",
      "whiteSpace" : false
    }, {
      "id" : "s2-t34",
      "begin" : 525,
      "end" : 527,
      "text" : "L.",
      "whiteSpace" : false
    }, {
      "id" : "s2-t35",
      "begin" : 528,
      "end" : 533,
      "text" : "Brown",
      "whiteSpace" : false
    }, {
      "id" : "s2-t36",
      "begin" : 533,
      "end" : 534,
      "text" : ",",
      "whiteSpace" : false
    }, {
      "id" : "s2-t37",
      "begin" : 535,
      "end" : 538,
      "text" : "Jr.",
      "whiteSpace" : false
    }, {
      "id" : "s2-t38",
      "begin" : 539,
      "end" : 542,
      "text" : "and",
      "whiteSpace" : false
    }, {
      "id" : "s2-t39",
      "begin" : 543,
      "end" : 547,
      "text" : "wife",
      "whiteSpace" : false
    }, {
      "id" : "s2-t40",
      "begin" : 547,
      "end" : 548,
      "text" : ",",
      "whiteSpace" : false
    }, {
      "id" : "s2-t41",
      "begin" : 549,
      "end" : 557,
      "text" : "Patricia",
      "whiteSpace" : false
    }, {
      "id" : "s2-t42",
      "begin" : 558,
      "end" : 561,
      "text" : "Ann",
      "whiteSpace" : false
    }, {
      "id" : "s2-t43",
      "begin" : 562,
      "end" : 567,
      "text" : "Brown",
      "whiteSpace" : false
    }, {
      "id" : "s2-t44",
      "begin" : 567,
      "end" : 568,
      "text" : ",",
      "whiteSpace" : false
    }, {
      "id" : "s2-t45",
      "begin" : 569,
      "end" : 574,
      "text" : "dated",
      "whiteSpace" : false
    }, {
      "id" : "s2-t46",
      "begin" : 575,
      "end" : 579,
      "text" : "July",
      "whiteSpace" : false
    }, {
      "id" : "s2-t47",
      "begin" : 580,
      "end" : 582,
      "text" : "21",
      "whiteSpace" : false
    }, {
      "id" : "s2-t48",
      "begin" : 582,
      "end" : 583,
      "text" : ",",
      "whiteSpace" : false
    }, {
      "id" : "s2-t49",
      "begin" : 584,
      "end" : 588,
      "text" : "1995",
      "whiteSpace" : false
    }, {
      "id" : "s2-t50",
      "begin" : 588,
      "end" : 589,
      "text" : ",",
      "whiteSpace" : false
    }, {
      "id" : "s2-t51",
      "begin" : 590,
      "end" : 593,
      "text" : "and",
      "whiteSpace" : false
    }, {
      "id" : "s2-t52",
      "begin" : 594,
      "end" : 596,
      "text" : "of",
      "whiteSpace" : false
    }, {
      "id" : "s2-t53",
      "begin" : 597,
      "end" : 603,
      "text" : "record",
      "whiteSpace" : false
    }, {
      "id" : "s2-t54",
      "begin" : 604,
      "end" : 606,
      "text" : "in",
      "whiteSpace" : false
    }, {
      "id" : "s2-t55",
      "begin" : 607,
      "end" : 615,
      "text" : "Warranty",
      "whiteSpace" : false
    }, {
      "id" : "s2-t56",
      "begin" : 616,
      "end" : 620,
      "text" : "Deed",
      "whiteSpace" : false
    }, {
      "id" : "s2-t57",
      "begin" : 621,
      "end" : 625,
      "text" : "Book",
      "whiteSpace" : false
    }, {
      "id" : "s2-t58",
      "begin" : 626,
      "end" : 629,
      "text" : "166",
      "whiteSpace" : false
    }, {
      "id" : "s2-t59",
      "begin" : 629,
      "end" : 630,
      "text" : ",",
      "whiteSpace" : false
    }, {
      "id" : "s2-t60",
      "begin" : 631,
      "end" : 635,
      "text" : "Page",
      "whiteSpace" : false
    }, {
      "id" : "s2-t61",
      "begin" : 636,
      "end" : 640,
      "text" : "1135",
      "whiteSpace" : false
    }, {
      "id" : "s2-t62",
      "begin" : 640,
      "end" : 641,
      "text" : ",",
      "whiteSpace" : false
    }, {
      "id" : "s2-t63",
      "begin" : 642,
      "end" : 644,
      "text" : "in",
      "whiteSpace" : false
    }, {
      "id" : "s2-t64",
      "begin" : 645,
      "end" : 648,
      "text" : "the",
      "whiteSpace" : false
    }, {
      "id" : "s2-t65",
      "begin" : 649,
      "end" : 657,
      "text" : "Register",
      "whiteSpace" : false
    }, {
      "id" : "s2-t66",
      "begin" : 657,
      "end" : 658,
      "text" : "?",
      "whiteSpace" : false
    } ]
  }, {
    "id" : "s3",
    "begin" : 658,
    "end" : 700,
    "text" : "??s Office of Humphreys County, Tennessee.",
    "tokens" : [ {
      "id" : "s3-t0",
      "begin" : 658,
      "end" : 661,
      "text" : "??s",
      "whiteSpace" : false
    }, {
      "id" : "s3-t1",
      "begin" : 662,
      "end" : 668,
      "text" : "Office",
      "whiteSpace" : false
    }, {
      "id" : "s3-t2",
      "begin" : 669,
      "end" : 671,
      "text" : "of",
      "whiteSpace" : false
    }, {
      "id" : "s3-t3",
      "begin" : 672,
      "end" : 681,
      "text" : "Humphreys",
      "whiteSpace" : false
    }, {
      "id" : "s3-t4",
      "begin" : 682,
      "end" : 688,
      "text" : "County",
      "whiteSpace" : false
    }, {
      "id" : "s3-t5",
      "begin" : 688,
      "end" : 689,
      "text" : ",",
      "whiteSpace" : false
    }, {
      "id" : "s3-t6",
      "begin" : 690,
      "end" : 699,
      "text" : "Tennessee",
      "whiteSpace" : false
    }, {
      "id" : "s3-t7",
      "begin" : 699,
      "end" : 700,
      "text" : ".",
      "whiteSpace" : false
    } ]
  }, {
    "id" : "s4",
    "begin" : 701,
    "end" : 761,
    "text" : "To Have and to Hold the said tract or parcel of land, with t",
    "tokens" : [ {
      "id" : "s4-t0",
      "begin" : 701,
      "end" : 703,
      "text" : "To",
      "whiteSpace" : false
    }, {
      "id" : "s4-t1",
      "begin" : 704,
      "end" : 708,
      "text" : "Have",
      "whiteSpace" : false
    }, {
      "id" : "s4-t2",
      "begin" : 709,
      "end" : 712,
      "text" : "and",
      "whiteSpace" : false
    }, {
      "id" : "s4-t3",
      "begin" : 713,
      "end" : 715,
      "text" : "to",
      "whiteSpace" : false
    }, {
      "id" : "s4-t4",
      "begin" : 716,
      "end" : 720,
      "text" : "Hold",
      "whiteSpace" : false
    }, {
      "id" : "s4-t5",
      "begin" : 721,
      "end" : 724,
      "text" : "the",
      "whiteSpace" : false
    }, {
      "id" : "s4-t6",
      "begin" : 725,
      "end" : 729,
      "text" : "said",
      "whiteSpace" : false
    }, {
      "id" : "s4-t7",
      "begin" : 730,
      "end" : 735,
      "text" : "tract",
      "whiteSpace" : false
    }, {
      "id" : "s4-t8",
      "begin" : 736,
      "end" : 738,
      "text" : "or",
      "whiteSpace" : false
    }, {
      "id" : "s4-t9",
      "begin" : 739,
      "end" : 745,
      "text" : "parcel",
      "whiteSpace" : false
    }, {
      "id" : "s4-t10",
      "begin" : 746,
      "end" : 748,
      "text" : "of",
      "whiteSpace" : false
    }, {
      "id" : "s4-t11",
      "begin" : 749,
      "end" : 753,
      "text" : "land",
      "whiteSpace" : false
    }, {
      "id" : "s4-t12",
      "begin" : 753,
      "end" : 754,
      "text" : ",",
      "whiteSpace" : false
    }, {
      "id" : "s4-t13",
      "begin" : 755,
      "end" : 759,
      "text" : "with",
      "whiteSpace" : false
    }, {
      "id" : "s4-t14",
      "begin" : 760,
      "end" : 761,
      "text" : "t",
      "whiteSpace" : false
    } ]
  } ],
  "mentions" : [ {
    "id" : "s2-m1",
    "properties" : {
      "SIRE_MENTION_ROLE" : "WarrDeedBookNum",
      "SIRE_ENTITY_SUBTYPE" : "NONE",
      "SIRE_MENTION_TYPE" : "NONE",
      "SIRE_MENTION_CLASS" : "SPC"
    },
    "type" : "WarrDeedBookNum",
    "begin" : 626,
    "end" : 629,
    "inCoref" : false
  }, {
    "id" : "s2-m3",
    "properties" : {
      "SIRE_MENTION_ROLE" : "WarrDeedPageNum",
      "SIRE_ENTITY_SUBTYPE" : "NONE",
      "SIRE_MENTION_TYPE" : "NONE",
      "SIRE_MENTION_CLASS" : "SPC"
    },
    "type" : "WarrDeedPageNum",
    "begin" : 636,
    "end" : 640,
    "inCoref" : false
  } ],
  "relations" : [ ],
  "corefs" : [ ],
  "typeResolved" : true,
  "userResolved" : false
}