{
  "id" : "acc7bbe0-54dc-11e9-8cbd-5f0b935e8fdd-2",
  "name" : "WD172-3.txt",
  "createdDate" : 0,
  "version" : 3,
  "text" : " being all of tract 4 as set out in the deed from John Holloran and A]. Holloran to J .P. Holloran of record in Book 61 , Page 507 , Register???s Office, Humphreys County, Tennessee. And being the second tract described in the deed from Mayme Holloran, et al, to Lorene Holloran Thompson, et al, of record in Deed Book 124, Page 904, Register???s Of???ce for said County., Being the same property conveyed to Lorene Holloran Thompson by James P. Holloran, Jr, and wife Marie Holloran of record in Deed Book 130, Page 237, Register???s Of???ce for Humphreys County, Tennessee.,",
  "docLength" : 0,
  "language" : "EN",
  "status" : "SUBMITTED",
  "modifiedDate" : 1554165058977,
  "documentSet" : [ ],
  "preannotation" : [ ],
  "sentences" : [ {
    "id" : "s0",
    "begin" : 1,
    "end" : 71,
    "text" : "being all of tract 4 as set out in the deed from John Holloran and A].",
    "tokens" : [ {
      "id" : "s0-t0",
      "begin" : 1,
      "end" : 6,
      "text" : "being",
      "whiteSpace" : false
    }, {
      "id" : "s0-t1",
      "begin" : 7,
      "end" : 10,
      "text" : "all",
      "whiteSpace" : false
    }, {
      "id" : "s0-t2",
      "begin" : 11,
      "end" : 13,
      "text" : "of",
      "whiteSpace" : false
    }, {
      "id" : "s0-t3",
      "begin" : 14,
      "end" : 19,
      "text" : "tract",
      "whiteSpace" : false
    }, {
      "id" : "s0-t4",
      "begin" : 20,
      "end" : 21,
      "text" : "4",
      "whiteSpace" : false
    }, {
      "id" : "s0-t5",
      "begin" : 22,
      "end" : 24,
      "text" : "as",
      "whiteSpace" : false
    }, {
      "id" : "s0-t6",
      "begin" : 25,
      "end" : 28,
      "text" : "set",
      "whiteSpace" : false
    }, {
      "id" : "s0-t7",
      "begin" : 29,
      "end" : 32,
      "text" : "out",
      "whiteSpace" : false
    }, {
      "id" : "s0-t8",
      "begin" : 33,
      "end" : 35,
      "text" : "in",
      "whiteSpace" : false
    }, {
      "id" : "s0-t9",
      "begin" : 36,
      "end" : 39,
      "text" : "the",
      "whiteSpace" : false
    }, {
      "id" : "s0-t10",
      "begin" : 40,
      "end" : 44,
      "text" : "deed",
      "whiteSpace" : false
    }, {
      "id" : "s0-t11",
      "begin" : 45,
      "end" : 49,
      "text" : "from",
      "whiteSpace" : false
    }, {
      "id" : "s0-t12",
      "begin" : 50,
      "end" : 54,
      "text" : "John",
      "whiteSpace" : false
    }, {
      "id" : "s0-t13",
      "begin" : 55,
      "end" : 63,
      "text" : "Holloran",
      "whiteSpace" : false
    }, {
      "id" : "s0-t14",
      "begin" : 64,
      "end" : 67,
      "text" : "and",
      "whiteSpace" : false
    }, {
      "id" : "s0-t15",
      "begin" : 68,
      "end" : 69,
      "text" : "A",
      "whiteSpace" : false
    }, {
      "id" : "s0-t16",
      "begin" : 69,
      "end" : 70,
      "text" : "]",
      "whiteSpace" : false
    }, {
      "id" : "s0-t17",
      "begin" : 70,
      "end" : 71,
      "text" : ".",
      "whiteSpace" : false
    } ]
  }, {
    "id" : "s1",
    "begin" : 72,
    "end" : 142,
    "text" : "Holloran to J .P. Holloran of record in Book 61 , Page 507 , Register?",
    "tokens" : [ {
      "id" : "s1-t0",
      "begin" : 72,
      "end" : 80,
      "text" : "Holloran",
      "whiteSpace" : false
    }, {
      "id" : "s1-t1",
      "begin" : 81,
      "end" : 83,
      "text" : "to",
      "whiteSpace" : false
    }, {
      "id" : "s1-t2",
      "begin" : 84,
      "end" : 85,
      "text" : "J",
      "whiteSpace" : false
    }, {
      "id" : "s1-t3",
      "begin" : 86,
      "end" : 89,
      "text" : ".P.",
      "whiteSpace" : false
    }, {
      "id" : "s1-t4",
      "begin" : 90,
      "end" : 98,
      "text" : "Holloran",
      "whiteSpace" : false
    }, {
      "id" : "s1-t5",
      "begin" : 99,
      "end" : 101,
      "text" : "of",
      "whiteSpace" : false
    }, {
      "id" : "s1-t6",
      "begin" : 102,
      "end" : 108,
      "text" : "record",
      "whiteSpace" : false
    }, {
      "id" : "s1-t7",
      "begin" : 109,
      "end" : 111,
      "text" : "in",
      "whiteSpace" : false
    }, {
      "id" : "s1-t8",
      "begin" : 112,
      "end" : 116,
      "text" : "Book",
      "whiteSpace" : false
    }, {
      "id" : "s1-t9",
      "begin" : 117,
      "end" : 119,
      "text" : "61",
      "whiteSpace" : false
    }, {
      "id" : "s1-t10",
      "begin" : 120,
      "end" : 121,
      "text" : ",",
      "whiteSpace" : false
    }, {
      "id" : "s1-t11",
      "begin" : 122,
      "end" : 126,
      "text" : "Page",
      "whiteSpace" : false
    }, {
      "id" : "s1-t12",
      "begin" : 127,
      "end" : 130,
      "text" : "507",
      "whiteSpace" : false
    }, {
      "id" : "s1-t13",
      "begin" : 131,
      "end" : 132,
      "text" : ",",
      "whiteSpace" : false
    }, {
      "id" : "s1-t14",
      "begin" : 133,
      "end" : 141,
      "text" : "Register",
      "whiteSpace" : false
    }, {
      "id" : "s1-t15",
      "begin" : 141,
      "end" : 142,
      "text" : "?",
      "whiteSpace" : false
    } ]
  }, {
    "id" : "s2",
    "begin" : 142,
    "end" : 182,
    "text" : "??s Office, Humphreys County, Tennessee.",
    "tokens" : [ {
      "id" : "s2-t0",
      "begin" : 142,
      "end" : 145,
      "text" : "??s",
      "whiteSpace" : false
    }, {
      "id" : "s2-t1",
      "begin" : 146,
      "end" : 152,
      "text" : "Office",
      "whiteSpace" : false
    }, {
      "id" : "s2-t2",
      "begin" : 152,
      "end" : 153,
      "text" : ",",
      "whiteSpace" : false
    }, {
      "id" : "s2-t3",
      "begin" : 154,
      "end" : 163,
      "text" : "Humphreys",
      "whiteSpace" : false
    }, {
      "id" : "s2-t4",
      "begin" : 164,
      "end" : 170,
      "text" : "County",
      "whiteSpace" : false
    }, {
      "id" : "s2-t5",
      "begin" : 170,
      "end" : 171,
      "text" : ",",
      "whiteSpace" : false
    }, {
      "id" : "s2-t6",
      "begin" : 172,
      "end" : 181,
      "text" : "Tennessee",
      "whiteSpace" : false
    }, {
      "id" : "s2-t7",
      "begin" : 181,
      "end" : 182,
      "text" : ".",
      "whiteSpace" : false
    } ]
  }, {
    "id" : "s3",
    "begin" : 183,
    "end" : 343,
    "text" : "And being the second tract described in the deed from Mayme Holloran, et al, to Lorene Holloran Thompson, et al, of record in Deed Book 124, Page 904, Register?",
    "tokens" : [ {
      "id" : "s3-t0",
      "begin" : 183,
      "end" : 186,
      "text" : "And",
      "whiteSpace" : false
    }, {
      "id" : "s3-t1",
      "begin" : 187,
      "end" : 192,
      "text" : "being",
      "whiteSpace" : false
    }, {
      "id" : "s3-t2",
      "begin" : 193,
      "end" : 196,
      "text" : "the",
      "whiteSpace" : false
    }, {
      "id" : "s3-t3",
      "begin" : 197,
      "end" : 203,
      "text" : "second",
      "whiteSpace" : false
    }, {
      "id" : "s3-t4",
      "begin" : 204,
      "end" : 209,
      "text" : "tract",
      "whiteSpace" : false
    }, {
      "id" : "s3-t5",
      "begin" : 210,
      "end" : 219,
      "text" : "described",
      "whiteSpace" : false
    }, {
      "id" : "s3-t6",
      "begin" : 220,
      "end" : 222,
      "text" : "in",
      "whiteSpace" : false
    }, {
      "id" : "s3-t7",
      "begin" : 223,
      "end" : 226,
      "text" : "the",
      "whiteSpace" : false
    }, {
      "id" : "s3-t8",
      "begin" : 227,
      "end" : 231,
      "text" : "deed",
      "whiteSpace" : false
    }, {
      "id" : "s3-t9",
      "begin" : 232,
      "end" : 236,
      "text" : "from",
      "whiteSpace" : false
    }, {
      "id" : "s3-t10",
      "begin" : 237,
      "end" : 242,
      "text" : "Mayme",
      "whiteSpace" : false
    }, {
      "id" : "s3-t11",
      "begin" : 243,
      "end" : 251,
      "text" : "Holloran",
      "whiteSpace" : false
    }, {
      "id" : "s3-t12",
      "begin" : 251,
      "end" : 252,
      "text" : ",",
      "whiteSpace" : false
    }, {
      "id" : "s3-t13",
      "begin" : 253,
      "end" : 255,
      "text" : "et",
      "whiteSpace" : false
    }, {
      "id" : "s3-t14",
      "begin" : 256,
      "end" : 258,
      "text" : "al",
      "whiteSpace" : false
    }, {
      "id" : "s3-t15",
      "begin" : 258,
      "end" : 259,
      "text" : ",",
      "whiteSpace" : false
    }, {
      "id" : "s3-t16",
      "begin" : 260,
      "end" : 262,
      "text" : "to",
      "whiteSpace" : false
    }, {
      "id" : "s3-t17",
      "begin" : 263,
      "end" : 269,
      "text" : "Lorene",
      "whiteSpace" : false
    }, {
      "id" : "s3-t18",
      "begin" : 270,
      "end" : 278,
      "text" : "Holloran",
      "whiteSpace" : false
    }, {
      "id" : "s3-t19",
      "begin" : 279,
      "end" : 287,
      "text" : "Thompson",
      "whiteSpace" : false
    }, {
      "id" : "s3-t20",
      "begin" : 287,
      "end" : 288,
      "text" : ",",
      "whiteSpace" : false
    }, {
      "id" : "s3-t21",
      "begin" : 289,
      "end" : 291,
      "text" : "et",
      "whiteSpace" : false
    }, {
      "id" : "s3-t22",
      "begin" : 292,
      "end" : 294,
      "text" : "al",
      "whiteSpace" : false
    }, {
      "id" : "s3-t23",
      "begin" : 294,
      "end" : 295,
      "text" : ",",
      "whiteSpace" : false
    }, {
      "id" : "s3-t24",
      "begin" : 296,
      "end" : 298,
      "text" : "of",
      "whiteSpace" : false
    }, {
      "id" : "s3-t25",
      "begin" : 299,
      "end" : 305,
      "text" : "record",
      "whiteSpace" : false
    }, {
      "id" : "s3-t26",
      "begin" : 306,
      "end" : 308,
      "text" : "in",
      "whiteSpace" : false
    }, {
      "id" : "s3-t27",
      "begin" : 309,
      "end" : 313,
      "text" : "Deed",
      "whiteSpace" : false
    }, {
      "id" : "s3-t28",
      "begin" : 314,
      "end" : 318,
      "text" : "Book",
      "whiteSpace" : false
    }, {
      "id" : "s3-t29",
      "begin" : 319,
      "end" : 322,
      "text" : "124",
      "whiteSpace" : false
    }, {
      "id" : "s3-t30",
      "begin" : 322,
      "end" : 323,
      "text" : ",",
      "whiteSpace" : false
    }, {
      "id" : "s3-t31",
      "begin" : 324,
      "end" : 328,
      "text" : "Page",
      "whiteSpace" : false
    }, {
      "id" : "s3-t32",
      "begin" : 329,
      "end" : 332,
      "text" : "904",
      "whiteSpace" : false
    }, {
      "id" : "s3-t33",
      "begin" : 332,
      "end" : 333,
      "text" : ",",
      "whiteSpace" : false
    }, {
      "id" : "s3-t34",
      "begin" : 334,
      "end" : 342,
      "text" : "Register",
      "whiteSpace" : false
    }, {
      "id" : "s3-t35",
      "begin" : 342,
      "end" : 343,
      "text" : "?",
      "whiteSpace" : false
    } ]
  }, {
    "id" : "s4",
    "begin" : 343,
    "end" : 350,
    "text" : "??s Of?",
    "tokens" : [ {
      "id" : "s4-t0",
      "begin" : 343,
      "end" : 346,
      "text" : "??s",
      "whiteSpace" : false
    }, {
      "id" : "s4-t1",
      "begin" : 347,
      "end" : 349,
      "text" : "Of",
      "whiteSpace" : false
    }, {
      "id" : "s4-t2",
      "begin" : 349,
      "end" : 350,
      "text" : "?",
      "whiteSpace" : false
    } ]
  }, {
    "id" : "s5",
    "begin" : 350,
    "end" : 531,
    "text" : "??ce for said County., Being the same property conveyed to Lorene Holloran Thompson by James P. Holloran, Jr, and wife Marie Holloran of record in Deed Book 130, Page 237, Register?",
    "tokens" : [ {
      "id" : "s5-t0",
      "begin" : 350,
      "end" : 354,
      "text" : "??ce",
      "whiteSpace" : false
    }, {
      "id" : "s5-t1",
      "begin" : 355,
      "end" : 358,
      "text" : "for",
      "whiteSpace" : false
    }, {
      "id" : "s5-t2",
      "begin" : 359,
      "end" : 363,
      "text" : "said",
      "whiteSpace" : false
    }, {
      "id" : "s5-t3",
      "begin" : 364,
      "end" : 371,
      "text" : "County.",
      "whiteSpace" : false
    }, {
      "id" : "s5-t4",
      "begin" : 371,
      "end" : 372,
      "text" : ",",
      "whiteSpace" : false
    }, {
      "id" : "s5-t5",
      "begin" : 373,
      "end" : 378,
      "text" : "Being",
      "whiteSpace" : false
    }, {
      "id" : "s5-t6",
      "begin" : 379,
      "end" : 382,
      "text" : "the",
      "whiteSpace" : false
    }, {
      "id" : "s5-t7",
      "begin" : 383,
      "end" : 387,
      "text" : "same",
      "whiteSpace" : false
    }, {
      "id" : "s5-t8",
      "begin" : 388,
      "end" : 396,
      "text" : "property",
      "whiteSpace" : false
    }, {
      "id" : "s5-t9",
      "begin" : 397,
      "end" : 405,
      "text" : "conveyed",
      "whiteSpace" : false
    }, {
      "id" : "s5-t10",
      "begin" : 406,
      "end" : 408,
      "text" : "to",
      "whiteSpace" : false
    }, {
      "id" : "s5-t11",
      "begin" : 409,
      "end" : 415,
      "text" : "Lorene",
      "whiteSpace" : false
    }, {
      "id" : "s5-t12",
      "begin" : 416,
      "end" : 424,
      "text" : "Holloran",
      "whiteSpace" : false
    }, {
      "id" : "s5-t13",
      "begin" : 425,
      "end" : 433,
      "text" : "Thompson",
      "whiteSpace" : false
    }, {
      "id" : "s5-t14",
      "begin" : 434,
      "end" : 436,
      "text" : "by",
      "whiteSpace" : false
    }, {
      "id" : "s5-t15",
      "begin" : 437,
      "end" : 442,
      "text" : "James",
      "whiteSpace" : false
    }, {
      "id" : "s5-t16",
      "begin" : 443,
      "end" : 445,
      "text" : "P.",
      "whiteSpace" : false
    }, {
      "id" : "s5-t17",
      "begin" : 446,
      "end" : 454,
      "text" : "Holloran",
      "whiteSpace" : false
    }, {
      "id" : "s5-t18",
      "begin" : 454,
      "end" : 455,
      "text" : ",",
      "whiteSpace" : false
    }, {
      "id" : "s5-t19",
      "begin" : 456,
      "end" : 458,
      "text" : "Jr",
      "whiteSpace" : false
    }, {
      "id" : "s5-t20",
      "begin" : 458,
      "end" : 459,
      "text" : ",",
      "whiteSpace" : false
    }, {
      "id" : "s5-t21",
      "begin" : 460,
      "end" : 463,
      "text" : "and",
      "whiteSpace" : false
    }, {
      "id" : "s5-t22",
      "begin" : 464,
      "end" : 468,
      "text" : "wife",
      "whiteSpace" : false
    }, {
      "id" : "s5-t23",
      "begin" : 469,
      "end" : 474,
      "text" : "Marie",
      "whiteSpace" : false
    }, {
      "id" : "s5-t24",
      "begin" : 475,
      "end" : 483,
      "text" : "Holloran",
      "whiteSpace" : false
    }, {
      "id" : "s5-t25",
      "begin" : 484,
      "end" : 486,
      "text" : "of",
      "whiteSpace" : false
    }, {
      "id" : "s5-t26",
      "begin" : 487,
      "end" : 493,
      "text" : "record",
      "whiteSpace" : false
    }, {
      "id" : "s5-t27",
      "begin" : 494,
      "end" : 496,
      "text" : "in",
      "whiteSpace" : false
    }, {
      "id" : "s5-t28",
      "begin" : 497,
      "end" : 501,
      "text" : "Deed",
      "whiteSpace" : false
    }, {
      "id" : "s5-t29",
      "begin" : 502,
      "end" : 506,
      "text" : "Book",
      "whiteSpace" : false
    }, {
      "id" : "s5-t30",
      "begin" : 507,
      "end" : 510,
      "text" : "130",
      "whiteSpace" : false
    }, {
      "id" : "s5-t31",
      "begin" : 510,
      "end" : 511,
      "text" : ",",
      "whiteSpace" : false
    }, {
      "id" : "s5-t32",
      "begin" : 512,
      "end" : 516,
      "text" : "Page",
      "whiteSpace" : false
    }, {
      "id" : "s5-t33",
      "begin" : 517,
      "end" : 520,
      "text" : "237",
      "whiteSpace" : false
    }, {
      "id" : "s5-t34",
      "begin" : 520,
      "end" : 521,
      "text" : ",",
      "whiteSpace" : false
    }, {
      "id" : "s5-t35",
      "begin" : 522,
      "end" : 530,
      "text" : "Register",
      "whiteSpace" : false
    }, {
      "id" : "s5-t36",
      "begin" : 530,
      "end" : 531,
      "text" : "?",
      "whiteSpace" : false
    } ]
  }, {
    "id" : "s6",
    "begin" : 531,
    "end" : 538,
    "text" : "??s Of?",
    "tokens" : [ {
      "id" : "s6-t0",
      "begin" : 531,
      "end" : 534,
      "text" : "??s",
      "whiteSpace" : false
    }, {
      "id" : "s6-t1",
      "begin" : 535,
      "end" : 537,
      "text" : "Of",
      "whiteSpace" : false
    }, {
      "id" : "s6-t2",
      "begin" : 537,
      "end" : 538,
      "text" : "?",
      "whiteSpace" : false
    } ]
  }, {
    "id" : "s7",
    "begin" : 538,
    "end" : 576,
    "text" : "??ce for Humphreys County, Tennessee.,",
    "tokens" : [ {
      "id" : "s7-t0",
      "begin" : 538,
      "end" : 542,
      "text" : "??ce",
      "whiteSpace" : false
    }, {
      "id" : "s7-t1",
      "begin" : 543,
      "end" : 546,
      "text" : "for",
      "whiteSpace" : false
    }, {
      "id" : "s7-t2",
      "begin" : 547,
      "end" : 556,
      "text" : "Humphreys",
      "whiteSpace" : false
    }, {
      "id" : "s7-t3",
      "begin" : 557,
      "end" : 563,
      "text" : "County",
      "whiteSpace" : false
    }, {
      "id" : "s7-t4",
      "begin" : 563,
      "end" : 564,
      "text" : ",",
      "whiteSpace" : false
    }, {
      "id" : "s7-t5",
      "begin" : 565,
      "end" : 575,
      "text" : "Tennessee.",
      "whiteSpace" : false
    }, {
      "id" : "s7-t6",
      "begin" : 575,
      "end" : 576,
      "text" : ",",
      "whiteSpace" : false
    } ]
  } ],
  "mentions" : [ {
    "id" : "s3-m1",
    "properties" : {
      "SIRE_MENTION_ROLE" : "WarrDeedBookNum",
      "SIRE_ENTITY_SUBTYPE" : "NONE",
      "SIRE_MENTION_TYPE" : "NONE",
      "SIRE_MENTION_CLASS" : "SPC"
    },
    "type" : "WarrDeedBookNum",
    "begin" : 319,
    "end" : 322,
    "inCoref" : false
  }, {
    "id" : "s3-m2",
    "properties" : {
      "SIRE_MENTION_ROLE" : "WarrDeedPageNum",
      "SIRE_ENTITY_SUBTYPE" : "NONE",
      "SIRE_MENTION_TYPE" : "NONE",
      "SIRE_MENTION_CLASS" : "SPC"
    },
    "type" : "WarrDeedPageNum",
    "begin" : 329,
    "end" : 332,
    "inCoref" : false
  } ],
  "relations" : [ ],
  "corefs" : [ ],
  "typeResolved" : true,
  "userResolved" : false
}