{
  "id" : "acc7bbe0-54dc-11e9-8cbd-5f0b935e8fdd-13",
  "name" : "WD177-13.txt",
  "createdDate" : 0,
  "version" : 3,
  "text" : "being an amended and supplemental plat, which amended and supplemental plat is of record in Plat Book No. 2, page 191, Register's Office of Humphreys County, Tennessee., BEGINNING at a stake in T.V.A.'s East Boundary Line, common corner to Lot No. 46-B and ninning thence South 84 1/2?? East 160 feet more or less to a stake in the westerly margin of the access road North; thence with the westerly margin of the access road North, South 13?? West 100 feet to a stake at the northwesterly intersection of Lake Road and the access road North; thence North 84?? West 174 V2 feet with the northerly margin of the Lake Road to a stake in T.V.A.'s East Boundary Line; thence North 22?? East 100 feet to the point of beginning., This conveyance is made subject to the Restrictive Covenants of record in Deed Book 86, page 356, Register's Of???ce of Humphreys County, Tennessee., Being a portion of the property conveyed to Bob Bone by deed of record in Deed Book 157, page 39, Register's O???ice of Humphreys County,, ) ),",
  "docLength" : 0,
  "language" : "EN",
  "status" : "SUBMITTED",
  "modifiedDate" : 1554165008917,
  "documentSet" : [ ],
  "preannotation" : [ ],
  "sentences" : [ {
    "id" : "s0",
    "begin" : 0,
    "end" : 286,
    "text" : "being an amended and supplemental plat, which amended and supplemental plat is of record in Plat Book No. 2, page 191, Register's Office of Humphreys County, Tennessee., BEGINNING at a stake in T.V.A.'s East Boundary Line, common corner to Lot No. 46-B and ninning thence South 84 1/2??",
    "tokens" : [ {
      "id" : "s0-t0",
      "begin" : 0,
      "end" : 5,
      "text" : "being",
      "whiteSpace" : false
    }, {
      "id" : "s0-t1",
      "begin" : 6,
      "end" : 8,
      "text" : "an",
      "whiteSpace" : false
    }, {
      "id" : "s0-t2",
      "begin" : 9,
      "end" : 16,
      "text" : "amended",
      "whiteSpace" : false
    }, {
      "id" : "s0-t3",
      "begin" : 17,
      "end" : 20,
      "text" : "and",
      "whiteSpace" : false
    }, {
      "id" : "s0-t4",
      "begin" : 21,
      "end" : 33,
      "text" : "supplemental",
      "whiteSpace" : false
    }, {
      "id" : "s0-t5",
      "begin" : 34,
      "end" : 38,
      "text" : "plat",
      "whiteSpace" : false
    }, {
      "id" : "s0-t6",
      "begin" : 38,
      "end" : 39,
      "text" : ",",
      "whiteSpace" : false
    }, {
      "id" : "s0-t7",
      "begin" : 40,
      "end" : 45,
      "text" : "which",
      "whiteSpace" : false
    }, {
      "id" : "s0-t8",
      "begin" : 46,
      "end" : 53,
      "text" : "amended",
      "whiteSpace" : false
    }, {
      "id" : "s0-t9",
      "begin" : 54,
      "end" : 57,
      "text" : "and",
      "whiteSpace" : false
    }, {
      "id" : "s0-t10",
      "begin" : 58,
      "end" : 70,
      "text" : "supplemental",
      "whiteSpace" : false
    }, {
      "id" : "s0-t11",
      "begin" : 71,
      "end" : 75,
      "text" : "plat",
      "whiteSpace" : false
    }, {
      "id" : "s0-t12",
      "begin" : 76,
      "end" : 78,
      "text" : "is",
      "whiteSpace" : false
    }, {
      "id" : "s0-t13",
      "begin" : 79,
      "end" : 81,
      "text" : "of",
      "whiteSpace" : false
    }, {
      "id" : "s0-t14",
      "begin" : 82,
      "end" : 88,
      "text" : "record",
      "whiteSpace" : false
    }, {
      "id" : "s0-t15",
      "begin" : 89,
      "end" : 91,
      "text" : "in",
      "whiteSpace" : false
    }, {
      "id" : "s0-t16",
      "begin" : 92,
      "end" : 96,
      "text" : "Plat",
      "whiteSpace" : false
    }, {
      "id" : "s0-t17",
      "begin" : 97,
      "end" : 101,
      "text" : "Book",
      "whiteSpace" : false
    }, {
      "id" : "s0-t18",
      "begin" : 102,
      "end" : 105,
      "text" : "No.",
      "whiteSpace" : false
    }, {
      "id" : "s0-t19",
      "begin" : 106,
      "end" : 107,
      "text" : "2",
      "whiteSpace" : false
    }, {
      "id" : "s0-t20",
      "begin" : 107,
      "end" : 108,
      "text" : ",",
      "whiteSpace" : false
    }, {
      "id" : "s0-t21",
      "begin" : 109,
      "end" : 113,
      "text" : "page",
      "whiteSpace" : false
    }, {
      "id" : "s0-t22",
      "begin" : 114,
      "end" : 117,
      "text" : "191",
      "whiteSpace" : false
    }, {
      "id" : "s0-t23",
      "begin" : 117,
      "end" : 118,
      "text" : ",",
      "whiteSpace" : false
    }, {
      "id" : "s0-t24",
      "begin" : 119,
      "end" : 127,
      "text" : "Register",
      "whiteSpace" : false
    }, {
      "id" : "s0-t25",
      "begin" : 127,
      "end" : 129,
      "text" : "'s",
      "whiteSpace" : false
    }, {
      "id" : "s0-t26",
      "begin" : 130,
      "end" : 136,
      "text" : "Office",
      "whiteSpace" : false
    }, {
      "id" : "s0-t27",
      "begin" : 137,
      "end" : 139,
      "text" : "of",
      "whiteSpace" : false
    }, {
      "id" : "s0-t28",
      "begin" : 140,
      "end" : 149,
      "text" : "Humphreys",
      "whiteSpace" : false
    }, {
      "id" : "s0-t29",
      "begin" : 150,
      "end" : 156,
      "text" : "County",
      "whiteSpace" : false
    }, {
      "id" : "s0-t30",
      "begin" : 156,
      "end" : 157,
      "text" : ",",
      "whiteSpace" : false
    }, {
      "id" : "s0-t31",
      "begin" : 158,
      "end" : 168,
      "text" : "Tennessee.",
      "whiteSpace" : false
    }, {
      "id" : "s0-t32",
      "begin" : 168,
      "end" : 169,
      "text" : ",",
      "whiteSpace" : false
    }, {
      "id" : "s0-t33",
      "begin" : 170,
      "end" : 179,
      "text" : "BEGINNING",
      "whiteSpace" : false
    }, {
      "id" : "s0-t34",
      "begin" : 180,
      "end" : 182,
      "text" : "at",
      "whiteSpace" : false
    }, {
      "id" : "s0-t35",
      "begin" : 183,
      "end" : 184,
      "text" : "a",
      "whiteSpace" : false
    }, {
      "id" : "s0-t36",
      "begin" : 185,
      "end" : 190,
      "text" : "stake",
      "whiteSpace" : false
    }, {
      "id" : "s0-t37",
      "begin" : 191,
      "end" : 193,
      "text" : "in",
      "whiteSpace" : false
    }, {
      "id" : "s0-t38",
      "begin" : 194,
      "end" : 200,
      "text" : "T.V.A.",
      "whiteSpace" : false
    }, {
      "id" : "s0-t39",
      "begin" : 200,
      "end" : 202,
      "text" : "'s",
      "whiteSpace" : false
    }, {
      "id" : "s0-t40",
      "begin" : 203,
      "end" : 207,
      "text" : "East",
      "whiteSpace" : false
    }, {
      "id" : "s0-t41",
      "begin" : 208,
      "end" : 216,
      "text" : "Boundary",
      "whiteSpace" : false
    }, {
      "id" : "s0-t42",
      "begin" : 217,
      "end" : 221,
      "text" : "Line",
      "whiteSpace" : false
    }, {
      "id" : "s0-t43",
      "begin" : 221,
      "end" : 222,
      "text" : ",",
      "whiteSpace" : false
    }, {
      "id" : "s0-t44",
      "begin" : 223,
      "end" : 229,
      "text" : "common",
      "whiteSpace" : false
    }, {
      "id" : "s0-t45",
      "begin" : 230,
      "end" : 236,
      "text" : "corner",
      "whiteSpace" : false
    }, {
      "id" : "s0-t46",
      "begin" : 237,
      "end" : 239,
      "text" : "to",
      "whiteSpace" : false
    }, {
      "id" : "s0-t47",
      "begin" : 240,
      "end" : 243,
      "text" : "Lot",
      "whiteSpace" : false
    }, {
      "id" : "s0-t48",
      "begin" : 244,
      "end" : 247,
      "text" : "No.",
      "whiteSpace" : false
    }, {
      "id" : "s0-t49",
      "begin" : 248,
      "end" : 252,
      "text" : "46-B",
      "whiteSpace" : false
    }, {
      "id" : "s0-t50",
      "begin" : 253,
      "end" : 256,
      "text" : "and",
      "whiteSpace" : false
    }, {
      "id" : "s0-t51",
      "begin" : 257,
      "end" : 264,
      "text" : "ninning",
      "whiteSpace" : false
    }, {
      "id" : "s0-t52",
      "begin" : 265,
      "end" : 271,
      "text" : "thence",
      "whiteSpace" : false
    }, {
      "id" : "s0-t53",
      "begin" : 272,
      "end" : 277,
      "text" : "South",
      "whiteSpace" : false
    }, {
      "id" : "s0-t54",
      "begin" : 278,
      "end" : 280,
      "text" : "84",
      "whiteSpace" : false
    }, {
      "id" : "s0-t55",
      "begin" : 281,
      "end" : 284,
      "text" : "1/2",
      "whiteSpace" : false
    }, {
      "id" : "s0-t56",
      "begin" : 284,
      "end" : 285,
      "text" : "?",
      "whiteSpace" : false
    }, {
      "id" : "s0-t57",
      "begin" : 285,
      "end" : 286,
      "text" : "?",
      "whiteSpace" : false
    } ]
  }, {
    "id" : "s1",
    "begin" : 287,
    "end" : 442,
    "text" : "East 160 feet more or less to a stake in the westerly margin of the access road North; thence with the westerly margin of the access road North, South 13??",
    "tokens" : [ {
      "id" : "s1-t0",
      "begin" : 287,
      "end" : 291,
      "text" : "East",
      "whiteSpace" : false
    }, {
      "id" : "s1-t1",
      "begin" : 292,
      "end" : 295,
      "text" : "160",
      "whiteSpace" : false
    }, {
      "id" : "s1-t2",
      "begin" : 296,
      "end" : 300,
      "text" : "feet",
      "whiteSpace" : false
    }, {
      "id" : "s1-t3",
      "begin" : 301,
      "end" : 305,
      "text" : "more",
      "whiteSpace" : false
    }, {
      "id" : "s1-t4",
      "begin" : 306,
      "end" : 308,
      "text" : "or",
      "whiteSpace" : false
    }, {
      "id" : "s1-t5",
      "begin" : 309,
      "end" : 313,
      "text" : "less",
      "whiteSpace" : false
    }, {
      "id" : "s1-t6",
      "begin" : 314,
      "end" : 316,
      "text" : "to",
      "whiteSpace" : false
    }, {
      "id" : "s1-t7",
      "begin" : 317,
      "end" : 318,
      "text" : "a",
      "whiteSpace" : false
    }, {
      "id" : "s1-t8",
      "begin" : 319,
      "end" : 324,
      "text" : "stake",
      "whiteSpace" : false
    }, {
      "id" : "s1-t9",
      "begin" : 325,
      "end" : 327,
      "text" : "in",
      "whiteSpace" : false
    }, {
      "id" : "s1-t10",
      "begin" : 328,
      "end" : 331,
      "text" : "the",
      "whiteSpace" : false
    }, {
      "id" : "s1-t11",
      "begin" : 332,
      "end" : 340,
      "text" : "westerly",
      "whiteSpace" : false
    }, {
      "id" : "s1-t12",
      "begin" : 341,
      "end" : 347,
      "text" : "margin",
      "whiteSpace" : false
    }, {
      "id" : "s1-t13",
      "begin" : 348,
      "end" : 350,
      "text" : "of",
      "whiteSpace" : false
    }, {
      "id" : "s1-t14",
      "begin" : 351,
      "end" : 354,
      "text" : "the",
      "whiteSpace" : false
    }, {
      "id" : "s1-t15",
      "begin" : 355,
      "end" : 361,
      "text" : "access",
      "whiteSpace" : false
    }, {
      "id" : "s1-t16",
      "begin" : 362,
      "end" : 366,
      "text" : "road",
      "whiteSpace" : false
    }, {
      "id" : "s1-t17",
      "begin" : 367,
      "end" : 372,
      "text" : "North",
      "whiteSpace" : false
    }, {
      "id" : "s1-t18",
      "begin" : 372,
      "end" : 373,
      "text" : ";",
      "whiteSpace" : false
    }, {
      "id" : "s1-t19",
      "begin" : 374,
      "end" : 380,
      "text" : "thence",
      "whiteSpace" : false
    }, {
      "id" : "s1-t20",
      "begin" : 381,
      "end" : 385,
      "text" : "with",
      "whiteSpace" : false
    }, {
      "id" : "s1-t21",
      "begin" : 386,
      "end" : 389,
      "text" : "the",
      "whiteSpace" : false
    }, {
      "id" : "s1-t22",
      "begin" : 390,
      "end" : 398,
      "text" : "westerly",
      "whiteSpace" : false
    }, {
      "id" : "s1-t23",
      "begin" : 399,
      "end" : 405,
      "text" : "margin",
      "whiteSpace" : false
    }, {
      "id" : "s1-t24",
      "begin" : 406,
      "end" : 408,
      "text" : "of",
      "whiteSpace" : false
    }, {
      "id" : "s1-t25",
      "begin" : 409,
      "end" : 412,
      "text" : "the",
      "whiteSpace" : false
    }, {
      "id" : "s1-t26",
      "begin" : 413,
      "end" : 419,
      "text" : "access",
      "whiteSpace" : false
    }, {
      "id" : "s1-t27",
      "begin" : 420,
      "end" : 424,
      "text" : "road",
      "whiteSpace" : false
    }, {
      "id" : "s1-t28",
      "begin" : 425,
      "end" : 430,
      "text" : "North",
      "whiteSpace" : false
    }, {
      "id" : "s1-t29",
      "begin" : 430,
      "end" : 431,
      "text" : ",",
      "whiteSpace" : false
    }, {
      "id" : "s1-t30",
      "begin" : 432,
      "end" : 437,
      "text" : "South",
      "whiteSpace" : false
    }, {
      "id" : "s1-t31",
      "begin" : 438,
      "end" : 440,
      "text" : "13",
      "whiteSpace" : false
    }, {
      "id" : "s1-t32",
      "begin" : 440,
      "end" : 441,
      "text" : "?",
      "whiteSpace" : false
    }, {
      "id" : "s1-t33",
      "begin" : 441,
      "end" : 442,
      "text" : "?",
      "whiteSpace" : false
    } ]
  }, {
    "id" : "s2",
    "begin" : 443,
    "end" : 559,
    "text" : "West 100 feet to a stake at the northwesterly intersection of Lake Road and the access road North; thence North 84??",
    "tokens" : [ {
      "id" : "s2-t0",
      "begin" : 443,
      "end" : 447,
      "text" : "West",
      "whiteSpace" : false
    }, {
      "id" : "s2-t1",
      "begin" : 448,
      "end" : 451,
      "text" : "100",
      "whiteSpace" : false
    }, {
      "id" : "s2-t2",
      "begin" : 452,
      "end" : 456,
      "text" : "feet",
      "whiteSpace" : false
    }, {
      "id" : "s2-t3",
      "begin" : 457,
      "end" : 459,
      "text" : "to",
      "whiteSpace" : false
    }, {
      "id" : "s2-t4",
      "begin" : 460,
      "end" : 461,
      "text" : "a",
      "whiteSpace" : false
    }, {
      "id" : "s2-t5",
      "begin" : 462,
      "end" : 467,
      "text" : "stake",
      "whiteSpace" : false
    }, {
      "id" : "s2-t6",
      "begin" : 468,
      "end" : 470,
      "text" : "at",
      "whiteSpace" : false
    }, {
      "id" : "s2-t7",
      "begin" : 471,
      "end" : 474,
      "text" : "the",
      "whiteSpace" : false
    }, {
      "id" : "s2-t8",
      "begin" : 475,
      "end" : 488,
      "text" : "northwesterly",
      "whiteSpace" : false
    }, {
      "id" : "s2-t9",
      "begin" : 489,
      "end" : 501,
      "text" : "intersection",
      "whiteSpace" : false
    }, {
      "id" : "s2-t10",
      "begin" : 502,
      "end" : 504,
      "text" : "of",
      "whiteSpace" : false
    }, {
      "id" : "s2-t11",
      "begin" : 505,
      "end" : 509,
      "text" : "Lake",
      "whiteSpace" : false
    }, {
      "id" : "s2-t12",
      "begin" : 510,
      "end" : 514,
      "text" : "Road",
      "whiteSpace" : false
    }, {
      "id" : "s2-t13",
      "begin" : 515,
      "end" : 518,
      "text" : "and",
      "whiteSpace" : false
    }, {
      "id" : "s2-t14",
      "begin" : 519,
      "end" : 522,
      "text" : "the",
      "whiteSpace" : false
    }, {
      "id" : "s2-t15",
      "begin" : 523,
      "end" : 529,
      "text" : "access",
      "whiteSpace" : false
    }, {
      "id" : "s2-t16",
      "begin" : 530,
      "end" : 534,
      "text" : "road",
      "whiteSpace" : false
    }, {
      "id" : "s2-t17",
      "begin" : 535,
      "end" : 540,
      "text" : "North",
      "whiteSpace" : false
    }, {
      "id" : "s2-t18",
      "begin" : 540,
      "end" : 541,
      "text" : ";",
      "whiteSpace" : false
    }, {
      "id" : "s2-t19",
      "begin" : 542,
      "end" : 548,
      "text" : "thence",
      "whiteSpace" : false
    }, {
      "id" : "s2-t20",
      "begin" : 549,
      "end" : 554,
      "text" : "North",
      "whiteSpace" : false
    }, {
      "id" : "s2-t21",
      "begin" : 555,
      "end" : 557,
      "text" : "84",
      "whiteSpace" : false
    }, {
      "id" : "s2-t22",
      "begin" : 557,
      "end" : 558,
      "text" : "?",
      "whiteSpace" : false
    }, {
      "id" : "s2-t23",
      "begin" : 558,
      "end" : 559,
      "text" : "?",
      "whiteSpace" : false
    } ]
  }, {
    "id" : "s3",
    "begin" : 560,
    "end" : 680,
    "text" : "West 174 V2 feet with the northerly margin of the Lake Road to a stake in T.V.A.'s East Boundary Line; thence North 22??",
    "tokens" : [ {
      "id" : "s3-t0",
      "begin" : 560,
      "end" : 564,
      "text" : "West",
      "whiteSpace" : false
    }, {
      "id" : "s3-t1",
      "begin" : 565,
      "end" : 568,
      "text" : "174",
      "whiteSpace" : false
    }, {
      "id" : "s3-t2",
      "begin" : 569,
      "end" : 571,
      "text" : "V2",
      "whiteSpace" : false
    }, {
      "id" : "s3-t3",
      "begin" : 572,
      "end" : 576,
      "text" : "feet",
      "whiteSpace" : false
    }, {
      "id" : "s3-t4",
      "begin" : 577,
      "end" : 581,
      "text" : "with",
      "whiteSpace" : false
    }, {
      "id" : "s3-t5",
      "begin" : 582,
      "end" : 585,
      "text" : "the",
      "whiteSpace" : false
    }, {
      "id" : "s3-t6",
      "begin" : 586,
      "end" : 595,
      "text" : "northerly",
      "whiteSpace" : false
    }, {
      "id" : "s3-t7",
      "begin" : 596,
      "end" : 602,
      "text" : "margin",
      "whiteSpace" : false
    }, {
      "id" : "s3-t8",
      "begin" : 603,
      "end" : 605,
      "text" : "of",
      "whiteSpace" : false
    }, {
      "id" : "s3-t9",
      "begin" : 606,
      "end" : 609,
      "text" : "the",
      "whiteSpace" : false
    }, {
      "id" : "s3-t10",
      "begin" : 610,
      "end" : 614,
      "text" : "Lake",
      "whiteSpace" : false
    }, {
      "id" : "s3-t11",
      "begin" : 615,
      "end" : 619,
      "text" : "Road",
      "whiteSpace" : false
    }, {
      "id" : "s3-t12",
      "begin" : 620,
      "end" : 622,
      "text" : "to",
      "whiteSpace" : false
    }, {
      "id" : "s3-t13",
      "begin" : 623,
      "end" : 624,
      "text" : "a",
      "whiteSpace" : false
    }, {
      "id" : "s3-t14",
      "begin" : 625,
      "end" : 630,
      "text" : "stake",
      "whiteSpace" : false
    }, {
      "id" : "s3-t15",
      "begin" : 631,
      "end" : 633,
      "text" : "in",
      "whiteSpace" : false
    }, {
      "id" : "s3-t16",
      "begin" : 634,
      "end" : 640,
      "text" : "T.V.A.",
      "whiteSpace" : false
    }, {
      "id" : "s3-t17",
      "begin" : 640,
      "end" : 642,
      "text" : "'s",
      "whiteSpace" : false
    }, {
      "id" : "s3-t18",
      "begin" : 643,
      "end" : 647,
      "text" : "East",
      "whiteSpace" : false
    }, {
      "id" : "s3-t19",
      "begin" : 648,
      "end" : 656,
      "text" : "Boundary",
      "whiteSpace" : false
    }, {
      "id" : "s3-t20",
      "begin" : 657,
      "end" : 661,
      "text" : "Line",
      "whiteSpace" : false
    }, {
      "id" : "s3-t21",
      "begin" : 661,
      "end" : 662,
      "text" : ";",
      "whiteSpace" : false
    }, {
      "id" : "s3-t22",
      "begin" : 663,
      "end" : 669,
      "text" : "thence",
      "whiteSpace" : false
    }, {
      "id" : "s3-t23",
      "begin" : 670,
      "end" : 675,
      "text" : "North",
      "whiteSpace" : false
    }, {
      "id" : "s3-t24",
      "begin" : 676,
      "end" : 678,
      "text" : "22",
      "whiteSpace" : false
    }, {
      "id" : "s3-t25",
      "begin" : 678,
      "end" : 679,
      "text" : "?",
      "whiteSpace" : false
    }, {
      "id" : "s3-t26",
      "begin" : 679,
      "end" : 680,
      "text" : "?",
      "whiteSpace" : false
    } ]
  }, {
    "id" : "s4",
    "begin" : 681,
    "end" : 835,
    "text" : "East 100 feet to the point of beginning., This conveyance is made subject to the Restrictive Covenants of record in Deed Book 86, page 356, Register's Of?",
    "tokens" : [ {
      "id" : "s4-t0",
      "begin" : 681,
      "end" : 685,
      "text" : "East",
      "whiteSpace" : false
    }, {
      "id" : "s4-t1",
      "begin" : 686,
      "end" : 689,
      "text" : "100",
      "whiteSpace" : false
    }, {
      "id" : "s4-t2",
      "begin" : 690,
      "end" : 694,
      "text" : "feet",
      "whiteSpace" : false
    }, {
      "id" : "s4-t3",
      "begin" : 695,
      "end" : 697,
      "text" : "to",
      "whiteSpace" : false
    }, {
      "id" : "s4-t4",
      "begin" : 698,
      "end" : 701,
      "text" : "the",
      "whiteSpace" : false
    }, {
      "id" : "s4-t5",
      "begin" : 702,
      "end" : 707,
      "text" : "point",
      "whiteSpace" : false
    }, {
      "id" : "s4-t6",
      "begin" : 708,
      "end" : 710,
      "text" : "of",
      "whiteSpace" : false
    }, {
      "id" : "s4-t7",
      "begin" : 711,
      "end" : 721,
      "text" : "beginning.",
      "whiteSpace" : false
    }, {
      "id" : "s4-t8",
      "begin" : 721,
      "end" : 722,
      "text" : ",",
      "whiteSpace" : false
    }, {
      "id" : "s4-t9",
      "begin" : 723,
      "end" : 727,
      "text" : "This",
      "whiteSpace" : false
    }, {
      "id" : "s4-t10",
      "begin" : 728,
      "end" : 738,
      "text" : "conveyance",
      "whiteSpace" : false
    }, {
      "id" : "s4-t11",
      "begin" : 739,
      "end" : 741,
      "text" : "is",
      "whiteSpace" : false
    }, {
      "id" : "s4-t12",
      "begin" : 742,
      "end" : 746,
      "text" : "made",
      "whiteSpace" : false
    }, {
      "id" : "s4-t13",
      "begin" : 747,
      "end" : 754,
      "text" : "subject",
      "whiteSpace" : false
    }, {
      "id" : "s4-t14",
      "begin" : 755,
      "end" : 757,
      "text" : "to",
      "whiteSpace" : false
    }, {
      "id" : "s4-t15",
      "begin" : 758,
      "end" : 761,
      "text" : "the",
      "whiteSpace" : false
    }, {
      "id" : "s4-t16",
      "begin" : 762,
      "end" : 773,
      "text" : "Restrictive",
      "whiteSpace" : false
    }, {
      "id" : "s4-t17",
      "begin" : 774,
      "end" : 783,
      "text" : "Covenants",
      "whiteSpace" : false
    }, {
      "id" : "s4-t18",
      "begin" : 784,
      "end" : 786,
      "text" : "of",
      "whiteSpace" : false
    }, {
      "id" : "s4-t19",
      "begin" : 787,
      "end" : 793,
      "text" : "record",
      "whiteSpace" : false
    }, {
      "id" : "s4-t20",
      "begin" : 794,
      "end" : 796,
      "text" : "in",
      "whiteSpace" : false
    }, {
      "id" : "s4-t21",
      "begin" : 797,
      "end" : 801,
      "text" : "Deed",
      "whiteSpace" : false
    }, {
      "id" : "s4-t22",
      "begin" : 802,
      "end" : 806,
      "text" : "Book",
      "whiteSpace" : false
    }, {
      "id" : "s4-t23",
      "begin" : 807,
      "end" : 809,
      "text" : "86",
      "whiteSpace" : false
    }, {
      "id" : "s4-t24",
      "begin" : 809,
      "end" : 810,
      "text" : ",",
      "whiteSpace" : false
    }, {
      "id" : "s4-t25",
      "begin" : 811,
      "end" : 815,
      "text" : "page",
      "whiteSpace" : false
    }, {
      "id" : "s4-t26",
      "begin" : 816,
      "end" : 819,
      "text" : "356",
      "whiteSpace" : false
    }, {
      "id" : "s4-t27",
      "begin" : 819,
      "end" : 820,
      "text" : ",",
      "whiteSpace" : false
    }, {
      "id" : "s4-t28",
      "begin" : 821,
      "end" : 829,
      "text" : "Register",
      "whiteSpace" : false
    }, {
      "id" : "s4-t29",
      "begin" : 829,
      "end" : 831,
      "text" : "'s",
      "whiteSpace" : false
    }, {
      "id" : "s4-t30",
      "begin" : 832,
      "end" : 834,
      "text" : "Of",
      "whiteSpace" : false
    }, {
      "id" : "s4-t31",
      "begin" : 834,
      "end" : 835,
      "text" : "?",
      "whiteSpace" : false
    } ]
  }, {
    "id" : "s5",
    "begin" : 835,
    "end" : 1016,
    "text" : "??ce of Humphreys County, Tennessee., Being a portion of the property conveyed to Bob Bone by deed of record in Deed Book 157, page 39, Register's O???ice of Humphreys County,, ) ),",
    "tokens" : [ {
      "id" : "s5-t0",
      "begin" : 835,
      "end" : 839,
      "text" : "??ce",
      "whiteSpace" : false
    }, {
      "id" : "s5-t1",
      "begin" : 840,
      "end" : 842,
      "text" : "of",
      "whiteSpace" : false
    }, {
      "id" : "s5-t2",
      "begin" : 843,
      "end" : 852,
      "text" : "Humphreys",
      "whiteSpace" : false
    }, {
      "id" : "s5-t3",
      "begin" : 853,
      "end" : 859,
      "text" : "County",
      "whiteSpace" : false
    }, {
      "id" : "s5-t4",
      "begin" : 859,
      "end" : 860,
      "text" : ",",
      "whiteSpace" : false
    }, {
      "id" : "s5-t5",
      "begin" : 861,
      "end" : 871,
      "text" : "Tennessee.",
      "whiteSpace" : false
    }, {
      "id" : "s5-t6",
      "begin" : 871,
      "end" : 872,
      "text" : ",",
      "whiteSpace" : false
    }, {
      "id" : "s5-t7",
      "begin" : 873,
      "end" : 878,
      "text" : "Being",
      "whiteSpace" : false
    }, {
      "id" : "s5-t8",
      "begin" : 879,
      "end" : 880,
      "text" : "a",
      "whiteSpace" : false
    }, {
      "id" : "s5-t9",
      "begin" : 881,
      "end" : 888,
      "text" : "portion",
      "whiteSpace" : false
    }, {
      "id" : "s5-t10",
      "begin" : 889,
      "end" : 891,
      "text" : "of",
      "whiteSpace" : false
    }, {
      "id" : "s5-t11",
      "begin" : 892,
      "end" : 895,
      "text" : "the",
      "whiteSpace" : false
    }, {
      "id" : "s5-t12",
      "begin" : 896,
      "end" : 904,
      "text" : "property",
      "whiteSpace" : false
    }, {
      "id" : "s5-t13",
      "begin" : 905,
      "end" : 913,
      "text" : "conveyed",
      "whiteSpace" : false
    }, {
      "id" : "s5-t14",
      "begin" : 914,
      "end" : 916,
      "text" : "to",
      "whiteSpace" : false
    }, {
      "id" : "s5-t15",
      "begin" : 917,
      "end" : 920,
      "text" : "Bob",
      "whiteSpace" : false
    }, {
      "id" : "s5-t16",
      "begin" : 921,
      "end" : 925,
      "text" : "Bone",
      "whiteSpace" : false
    }, {
      "id" : "s5-t17",
      "begin" : 926,
      "end" : 928,
      "text" : "by",
      "whiteSpace" : false
    }, {
      "id" : "s5-t18",
      "begin" : 929,
      "end" : 933,
      "text" : "deed",
      "whiteSpace" : false
    }, {
      "id" : "s5-t19",
      "begin" : 934,
      "end" : 936,
      "text" : "of",
      "whiteSpace" : false
    }, {
      "id" : "s5-t20",
      "begin" : 937,
      "end" : 943,
      "text" : "record",
      "whiteSpace" : false
    }, {
      "id" : "s5-t21",
      "begin" : 944,
      "end" : 946,
      "text" : "in",
      "whiteSpace" : false
    }, {
      "id" : "s5-t22",
      "begin" : 947,
      "end" : 951,
      "text" : "Deed",
      "whiteSpace" : false
    }, {
      "id" : "s5-t23",
      "begin" : 952,
      "end" : 956,
      "text" : "Book",
      "whiteSpace" : false
    }, {
      "id" : "s5-t24",
      "begin" : 957,
      "end" : 960,
      "text" : "157",
      "whiteSpace" : false
    }, {
      "id" : "s5-t25",
      "begin" : 960,
      "end" : 961,
      "text" : ",",
      "whiteSpace" : false
    }, {
      "id" : "s5-t26",
      "begin" : 962,
      "end" : 966,
      "text" : "page",
      "whiteSpace" : false
    }, {
      "id" : "s5-t27",
      "begin" : 967,
      "end" : 969,
      "text" : "39",
      "whiteSpace" : false
    }, {
      "id" : "s5-t28",
      "begin" : 969,
      "end" : 970,
      "text" : ",",
      "whiteSpace" : false
    }, {
      "id" : "s5-t29",
      "begin" : 971,
      "end" : 979,
      "text" : "Register",
      "whiteSpace" : false
    }, {
      "id" : "s5-t30",
      "begin" : 979,
      "end" : 981,
      "text" : "'s",
      "whiteSpace" : false
    }, {
      "id" : "s5-t31",
      "begin" : 982,
      "end" : 989,
      "text" : "O???ice",
      "whiteSpace" : false
    }, {
      "id" : "s5-t32",
      "begin" : 990,
      "end" : 992,
      "text" : "of",
      "whiteSpace" : false
    }, {
      "id" : "s5-t33",
      "begin" : 993,
      "end" : 1002,
      "text" : "Humphreys",
      "whiteSpace" : false
    }, {
      "id" : "s5-t34",
      "begin" : 1003,
      "end" : 1009,
      "text" : "County",
      "whiteSpace" : false
    }, {
      "id" : "s5-t35",
      "begin" : 1009,
      "end" : 1010,
      "text" : ",",
      "whiteSpace" : false
    }, {
      "id" : "s5-t36",
      "begin" : 1010,
      "end" : 1011,
      "text" : ",",
      "whiteSpace" : false
    }, {
      "id" : "s5-t37",
      "begin" : 1012,
      "end" : 1013,
      "text" : ")",
      "whiteSpace" : false
    }, {
      "id" : "s5-t38",
      "begin" : 1014,
      "end" : 1015,
      "text" : ")",
      "whiteSpace" : false
    }, {
      "id" : "s5-t39",
      "begin" : 1015,
      "end" : 1016,
      "text" : ",",
      "whiteSpace" : false
    } ]
  } ],
  "mentions" : [ {
    "id" : "s5-m1",
    "properties" : {
      "SIRE_MENTION_ROLE" : "WarrDeedBookNum",
      "SIRE_ENTITY_SUBTYPE" : "NONE",
      "SIRE_MENTION_TYPE" : "NONE",
      "SIRE_MENTION_CLASS" : "SPC"
    },
    "type" : "WarrDeedBookNum",
    "begin" : 957,
    "end" : 960,
    "inCoref" : false
  }, {
    "id" : "s5-m2",
    "properties" : {
      "SIRE_MENTION_ROLE" : "WarrDeedPageNum",
      "SIRE_ENTITY_SUBTYPE" : "NONE",
      "SIRE_MENTION_TYPE" : "NONE",
      "SIRE_MENTION_CLASS" : "SPC"
    },
    "type" : "WarrDeedPageNum",
    "begin" : 967,
    "end" : 969,
    "inCoref" : false
  } ],
  "relations" : [ ],
  "corefs" : [ ],
  "typeResolved" : true,
  "userResolved" : false
}