{
  "id" : "acc7bbe0-54dc-11e9-8cbd-5f0b935e8fdd-17",
  "name" : "WD180-1.txt",
  "createdDate" : 0,
  "version" : 3,
  "text" : "being the southwest corner of the tract of land being herein conveyed; thence North 25?? 45' West 358.5 feet to an iron pin in the south right???of-way of US. Highway 70; thence with said right-of-way, North 68?? East 112.5 feet to the point of beginning, containing, .84 acre be the same more or less., BEING the same property conveyed to James O. Crumbaker and wife, Patricia A. Crumbaker by deed of record in Deed Book 172, page 36, Register???s Of???ce of Humphreys County, Tennessee., ",
  "docLength" : 0,
  "language" : "EN",
  "status" : "SUBMITTED",
  "modifiedDate" : 1554165051700,
  "documentSet" : [ ],
  "preannotation" : [ ],
  "sentences" : [ {
    "id" : "s0",
    "begin" : 0,
    "end" : 88,
    "text" : "being the southwest corner of the tract of land being herein conveyed; thence North 25??",
    "tokens" : [ {
      "id" : "s0-t0",
      "begin" : 0,
      "end" : 5,
      "text" : "being",
      "whiteSpace" : false
    }, {
      "id" : "s0-t1",
      "begin" : 6,
      "end" : 9,
      "text" : "the",
      "whiteSpace" : false
    }, {
      "id" : "s0-t2",
      "begin" : 10,
      "end" : 19,
      "text" : "southwest",
      "whiteSpace" : false
    }, {
      "id" : "s0-t3",
      "begin" : 20,
      "end" : 26,
      "text" : "corner",
      "whiteSpace" : false
    }, {
      "id" : "s0-t4",
      "begin" : 27,
      "end" : 29,
      "text" : "of",
      "whiteSpace" : false
    }, {
      "id" : "s0-t5",
      "begin" : 30,
      "end" : 33,
      "text" : "the",
      "whiteSpace" : false
    }, {
      "id" : "s0-t6",
      "begin" : 34,
      "end" : 39,
      "text" : "tract",
      "whiteSpace" : false
    }, {
      "id" : "s0-t7",
      "begin" : 40,
      "end" : 42,
      "text" : "of",
      "whiteSpace" : false
    }, {
      "id" : "s0-t8",
      "begin" : 43,
      "end" : 47,
      "text" : "land",
      "whiteSpace" : false
    }, {
      "id" : "s0-t9",
      "begin" : 48,
      "end" : 53,
      "text" : "being",
      "whiteSpace" : false
    }, {
      "id" : "s0-t10",
      "begin" : 54,
      "end" : 60,
      "text" : "herein",
      "whiteSpace" : false
    }, {
      "id" : "s0-t11",
      "begin" : 61,
      "end" : 69,
      "text" : "conveyed",
      "whiteSpace" : false
    }, {
      "id" : "s0-t12",
      "begin" : 69,
      "end" : 70,
      "text" : ";",
      "whiteSpace" : false
    }, {
      "id" : "s0-t13",
      "begin" : 71,
      "end" : 77,
      "text" : "thence",
      "whiteSpace" : false
    }, {
      "id" : "s0-t14",
      "begin" : 78,
      "end" : 83,
      "text" : "North",
      "whiteSpace" : false
    }, {
      "id" : "s0-t15",
      "begin" : 84,
      "end" : 86,
      "text" : "25",
      "whiteSpace" : false
    }, {
      "id" : "s0-t16",
      "begin" : 86,
      "end" : 87,
      "text" : "?",
      "whiteSpace" : false
    }, {
      "id" : "s0-t17",
      "begin" : 87,
      "end" : 88,
      "text" : "?",
      "whiteSpace" : false
    } ]
  }, {
    "id" : "s1",
    "begin" : 89,
    "end" : 143,
    "text" : "45' West 358.5 feet to an iron pin in the south right?",
    "tokens" : [ {
      "id" : "s1-t0",
      "begin" : 89,
      "end" : 91,
      "text" : "45",
      "whiteSpace" : false
    }, {
      "id" : "s1-t1",
      "begin" : 91,
      "end" : 92,
      "text" : "'",
      "whiteSpace" : false
    }, {
      "id" : "s1-t2",
      "begin" : 93,
      "end" : 97,
      "text" : "West",
      "whiteSpace" : false
    }, {
      "id" : "s1-t3",
      "begin" : 98,
      "end" : 103,
      "text" : "358.5",
      "whiteSpace" : false
    }, {
      "id" : "s1-t4",
      "begin" : 104,
      "end" : 108,
      "text" : "feet",
      "whiteSpace" : false
    }, {
      "id" : "s1-t5",
      "begin" : 109,
      "end" : 111,
      "text" : "to",
      "whiteSpace" : false
    }, {
      "id" : "s1-t6",
      "begin" : 112,
      "end" : 114,
      "text" : "an",
      "whiteSpace" : false
    }, {
      "id" : "s1-t7",
      "begin" : 115,
      "end" : 119,
      "text" : "iron",
      "whiteSpace" : false
    }, {
      "id" : "s1-t8",
      "begin" : 120,
      "end" : 123,
      "text" : "pin",
      "whiteSpace" : false
    }, {
      "id" : "s1-t9",
      "begin" : 124,
      "end" : 126,
      "text" : "in",
      "whiteSpace" : false
    }, {
      "id" : "s1-t10",
      "begin" : 127,
      "end" : 130,
      "text" : "the",
      "whiteSpace" : false
    }, {
      "id" : "s1-t11",
      "begin" : 131,
      "end" : 136,
      "text" : "south",
      "whiteSpace" : false
    }, {
      "id" : "s1-t12",
      "begin" : 137,
      "end" : 142,
      "text" : "right",
      "whiteSpace" : false
    }, {
      "id" : "s1-t13",
      "begin" : 142,
      "end" : 143,
      "text" : "?",
      "whiteSpace" : false
    } ]
  }, {
    "id" : "s2",
    "begin" : 143,
    "end" : 158,
    "text" : "??of-way of US.",
    "tokens" : [ {
      "id" : "s2-t0",
      "begin" : 143,
      "end" : 147,
      "text" : "??of",
      "whiteSpace" : false
    }, {
      "id" : "s2-t1",
      "begin" : 147,
      "end" : 148,
      "text" : "-",
      "whiteSpace" : false
    }, {
      "id" : "s2-t2",
      "begin" : 148,
      "end" : 151,
      "text" : "way",
      "whiteSpace" : false
    }, {
      "id" : "s2-t3",
      "begin" : 152,
      "end" : 154,
      "text" : "of",
      "whiteSpace" : false
    }, {
      "id" : "s2-t4",
      "begin" : 155,
      "end" : 157,
      "text" : "US",
      "whiteSpace" : false
    }, {
      "id" : "s2-t5",
      "begin" : 157,
      "end" : 158,
      "text" : ".",
      "whiteSpace" : false
    } ]
  }, {
    "id" : "s3",
    "begin" : 159,
    "end" : 212,
    "text" : "Highway 70; thence with said right-of-way, North 68??",
    "tokens" : [ {
      "id" : "s3-t0",
      "begin" : 159,
      "end" : 166,
      "text" : "Highway",
      "whiteSpace" : false
    }, {
      "id" : "s3-t1",
      "begin" : 167,
      "end" : 169,
      "text" : "70",
      "whiteSpace" : false
    }, {
      "id" : "s3-t2",
      "begin" : 169,
      "end" : 170,
      "text" : ";",
      "whiteSpace" : false
    }, {
      "id" : "s3-t3",
      "begin" : 171,
      "end" : 177,
      "text" : "thence",
      "whiteSpace" : false
    }, {
      "id" : "s3-t4",
      "begin" : 178,
      "end" : 182,
      "text" : "with",
      "whiteSpace" : false
    }, {
      "id" : "s3-t5",
      "begin" : 183,
      "end" : 187,
      "text" : "said",
      "whiteSpace" : false
    }, {
      "id" : "s3-t6",
      "begin" : 188,
      "end" : 193,
      "text" : "right",
      "whiteSpace" : false
    }, {
      "id" : "s3-t7",
      "begin" : 193,
      "end" : 194,
      "text" : "-",
      "whiteSpace" : false
    }, {
      "id" : "s3-t8",
      "begin" : 194,
      "end" : 196,
      "text" : "of",
      "whiteSpace" : false
    }, {
      "id" : "s3-t9",
      "begin" : 196,
      "end" : 197,
      "text" : "-",
      "whiteSpace" : false
    }, {
      "id" : "s3-t10",
      "begin" : 197,
      "end" : 200,
      "text" : "way",
      "whiteSpace" : false
    }, {
      "id" : "s3-t11",
      "begin" : 200,
      "end" : 201,
      "text" : ",",
      "whiteSpace" : false
    }, {
      "id" : "s3-t12",
      "begin" : 202,
      "end" : 207,
      "text" : "North",
      "whiteSpace" : false
    }, {
      "id" : "s3-t13",
      "begin" : 208,
      "end" : 210,
      "text" : "68",
      "whiteSpace" : false
    }, {
      "id" : "s3-t14",
      "begin" : 210,
      "end" : 211,
      "text" : "?",
      "whiteSpace" : false
    }, {
      "id" : "s3-t15",
      "begin" : 211,
      "end" : 212,
      "text" : "?",
      "whiteSpace" : false
    } ]
  }, {
    "id" : "s4",
    "begin" : 213,
    "end" : 348,
    "text" : "East 112.5 feet to the point of beginning, containing, .84 acre be the same more or less., BEING the same property conveyed to James O.",
    "tokens" : [ {
      "id" : "s4-t0",
      "begin" : 213,
      "end" : 217,
      "text" : "East",
      "whiteSpace" : false
    }, {
      "id" : "s4-t1",
      "begin" : 218,
      "end" : 223,
      "text" : "112.5",
      "whiteSpace" : false
    }, {
      "id" : "s4-t2",
      "begin" : 224,
      "end" : 228,
      "text" : "feet",
      "whiteSpace" : false
    }, {
      "id" : "s4-t3",
      "begin" : 229,
      "end" : 231,
      "text" : "to",
      "whiteSpace" : false
    }, {
      "id" : "s4-t4",
      "begin" : 232,
      "end" : 235,
      "text" : "the",
      "whiteSpace" : false
    }, {
      "id" : "s4-t5",
      "begin" : 236,
      "end" : 241,
      "text" : "point",
      "whiteSpace" : false
    }, {
      "id" : "s4-t6",
      "begin" : 242,
      "end" : 244,
      "text" : "of",
      "whiteSpace" : false
    }, {
      "id" : "s4-t7",
      "begin" : 245,
      "end" : 254,
      "text" : "beginning",
      "whiteSpace" : false
    }, {
      "id" : "s4-t8",
      "begin" : 254,
      "end" : 255,
      "text" : ",",
      "whiteSpace" : false
    }, {
      "id" : "s4-t9",
      "begin" : 256,
      "end" : 266,
      "text" : "containing",
      "whiteSpace" : false
    }, {
      "id" : "s4-t10",
      "begin" : 266,
      "end" : 267,
      "text" : ",",
      "whiteSpace" : false
    }, {
      "id" : "s4-t11",
      "begin" : 268,
      "end" : 271,
      "text" : ".84",
      "whiteSpace" : false
    }, {
      "id" : "s4-t12",
      "begin" : 272,
      "end" : 276,
      "text" : "acre",
      "whiteSpace" : false
    }, {
      "id" : "s4-t13",
      "begin" : 277,
      "end" : 279,
      "text" : "be",
      "whiteSpace" : false
    }, {
      "id" : "s4-t14",
      "begin" : 280,
      "end" : 283,
      "text" : "the",
      "whiteSpace" : false
    }, {
      "id" : "s4-t15",
      "begin" : 284,
      "end" : 288,
      "text" : "same",
      "whiteSpace" : false
    }, {
      "id" : "s4-t16",
      "begin" : 289,
      "end" : 293,
      "text" : "more",
      "whiteSpace" : false
    }, {
      "id" : "s4-t17",
      "begin" : 294,
      "end" : 296,
      "text" : "or",
      "whiteSpace" : false
    }, {
      "id" : "s4-t18",
      "begin" : 297,
      "end" : 302,
      "text" : "less.",
      "whiteSpace" : false
    }, {
      "id" : "s4-t19",
      "begin" : 302,
      "end" : 303,
      "text" : ",",
      "whiteSpace" : false
    }, {
      "id" : "s4-t20",
      "begin" : 304,
      "end" : 309,
      "text" : "BEING",
      "whiteSpace" : false
    }, {
      "id" : "s4-t21",
      "begin" : 310,
      "end" : 313,
      "text" : "the",
      "whiteSpace" : false
    }, {
      "id" : "s4-t22",
      "begin" : 314,
      "end" : 318,
      "text" : "same",
      "whiteSpace" : false
    }, {
      "id" : "s4-t23",
      "begin" : 319,
      "end" : 327,
      "text" : "property",
      "whiteSpace" : false
    }, {
      "id" : "s4-t24",
      "begin" : 328,
      "end" : 336,
      "text" : "conveyed",
      "whiteSpace" : false
    }, {
      "id" : "s4-t25",
      "begin" : 337,
      "end" : 339,
      "text" : "to",
      "whiteSpace" : false
    }, {
      "id" : "s4-t26",
      "begin" : 340,
      "end" : 345,
      "text" : "James",
      "whiteSpace" : false
    }, {
      "id" : "s4-t27",
      "begin" : 346,
      "end" : 347,
      "text" : "O",
      "whiteSpace" : false
    }, {
      "id" : "s4-t28",
      "begin" : 347,
      "end" : 348,
      "text" : ".",
      "whiteSpace" : false
    } ]
  }, {
    "id" : "s5",
    "begin" : 349,
    "end" : 445,
    "text" : "Crumbaker and wife, Patricia A. Crumbaker by deed of record in Deed Book 172, page 36, Register?",
    "tokens" : [ {
      "id" : "s5-t0",
      "begin" : 349,
      "end" : 358,
      "text" : "Crumbaker",
      "whiteSpace" : false
    }, {
      "id" : "s5-t1",
      "begin" : 359,
      "end" : 362,
      "text" : "and",
      "whiteSpace" : false
    }, {
      "id" : "s5-t2",
      "begin" : 363,
      "end" : 367,
      "text" : "wife",
      "whiteSpace" : false
    }, {
      "id" : "s5-t3",
      "begin" : 367,
      "end" : 368,
      "text" : ",",
      "whiteSpace" : false
    }, {
      "id" : "s5-t4",
      "begin" : 369,
      "end" : 377,
      "text" : "Patricia",
      "whiteSpace" : false
    }, {
      "id" : "s5-t5",
      "begin" : 378,
      "end" : 380,
      "text" : "A.",
      "whiteSpace" : false
    }, {
      "id" : "s5-t6",
      "begin" : 381,
      "end" : 390,
      "text" : "Crumbaker",
      "whiteSpace" : false
    }, {
      "id" : "s5-t7",
      "begin" : 391,
      "end" : 393,
      "text" : "by",
      "whiteSpace" : false
    }, {
      "id" : "s5-t8",
      "begin" : 394,
      "end" : 398,
      "text" : "deed",
      "whiteSpace" : false
    }, {
      "id" : "s5-t9",
      "begin" : 399,
      "end" : 401,
      "text" : "of",
      "whiteSpace" : false
    }, {
      "id" : "s5-t10",
      "begin" : 402,
      "end" : 408,
      "text" : "record",
      "whiteSpace" : false
    }, {
      "id" : "s5-t11",
      "begin" : 409,
      "end" : 411,
      "text" : "in",
      "whiteSpace" : false
    }, {
      "id" : "s5-t12",
      "begin" : 412,
      "end" : 416,
      "text" : "Deed",
      "whiteSpace" : false
    }, {
      "id" : "s5-t13",
      "begin" : 417,
      "end" : 421,
      "text" : "Book",
      "whiteSpace" : false
    }, {
      "id" : "s5-t14",
      "begin" : 422,
      "end" : 425,
      "text" : "172",
      "whiteSpace" : false
    }, {
      "id" : "s5-t15",
      "begin" : 425,
      "end" : 426,
      "text" : ",",
      "whiteSpace" : false
    }, {
      "id" : "s5-t16",
      "begin" : 427,
      "end" : 431,
      "text" : "page",
      "whiteSpace" : false
    }, {
      "id" : "s5-t17",
      "begin" : 432,
      "end" : 434,
      "text" : "36",
      "whiteSpace" : false
    }, {
      "id" : "s5-t18",
      "begin" : 434,
      "end" : 435,
      "text" : ",",
      "whiteSpace" : false
    }, {
      "id" : "s5-t19",
      "begin" : 436,
      "end" : 444,
      "text" : "Register",
      "whiteSpace" : false
    }, {
      "id" : "s5-t20",
      "begin" : 444,
      "end" : 445,
      "text" : "?",
      "whiteSpace" : false
    } ]
  }, {
    "id" : "s6",
    "begin" : 445,
    "end" : 452,
    "text" : "??s Of?",
    "tokens" : [ {
      "id" : "s6-t0",
      "begin" : 445,
      "end" : 448,
      "text" : "??s",
      "whiteSpace" : false
    }, {
      "id" : "s6-t1",
      "begin" : 449,
      "end" : 451,
      "text" : "Of",
      "whiteSpace" : false
    }, {
      "id" : "s6-t2",
      "begin" : 451,
      "end" : 452,
      "text" : "?",
      "whiteSpace" : false
    } ]
  }, {
    "id" : "s7",
    "begin" : 452,
    "end" : 489,
    "text" : "??ce of Humphreys County, Tennessee.,",
    "tokens" : [ {
      "id" : "s7-t0",
      "begin" : 452,
      "end" : 456,
      "text" : "??ce",
      "whiteSpace" : false
    }, {
      "id" : "s7-t1",
      "begin" : 457,
      "end" : 459,
      "text" : "of",
      "whiteSpace" : false
    }, {
      "id" : "s7-t2",
      "begin" : 460,
      "end" : 469,
      "text" : "Humphreys",
      "whiteSpace" : false
    }, {
      "id" : "s7-t3",
      "begin" : 470,
      "end" : 476,
      "text" : "County",
      "whiteSpace" : false
    }, {
      "id" : "s7-t4",
      "begin" : 476,
      "end" : 477,
      "text" : ",",
      "whiteSpace" : false
    }, {
      "id" : "s7-t5",
      "begin" : 478,
      "end" : 488,
      "text" : "Tennessee.",
      "whiteSpace" : false
    }, {
      "id" : "s7-t6",
      "begin" : 488,
      "end" : 489,
      "text" : ",",
      "whiteSpace" : false
    } ]
  } ],
  "mentions" : [ {
    "id" : "s5-m1",
    "properties" : {
      "SIRE_MENTION_ROLE" : "WarrDeedBookNum",
      "SIRE_ENTITY_SUBTYPE" : "NONE",
      "SIRE_MENTION_TYPE" : "NONE",
      "SIRE_MENTION_CLASS" : "SPC"
    },
    "type" : "WarrDeedBookNum",
    "begin" : 422,
    "end" : 425,
    "inCoref" : false
  }, {
    "id" : "s5-m2",
    "properties" : {
      "SIRE_MENTION_ROLE" : "WarrDeedPageNum",
      "SIRE_ENTITY_SUBTYPE" : "NONE",
      "SIRE_MENTION_TYPE" : "NONE",
      "SIRE_MENTION_CLASS" : "SPC"
    },
    "type" : "WarrDeedPageNum",
    "begin" : 432,
    "end" : 434,
    "inCoref" : false
  } ],
  "relations" : [ ],
  "corefs" : [ ],
  "typeResolved" : true,
  "userResolved" : false
}