{
  "id" : "acc7bbe0-54dc-11e9-8cbd-5f0b935e8fdd-11",
  "name" : "WD177-4.txt",
  "createdDate" : 0,
  "version" : 3,
  "text" : " conditions: Subject to certain restrictions, conditions and reservations on the aforesaid lot, referred to in the aforesaid deed to grantors, and being in Book 76, page 232,, in the Register???s Of???ce for said county; and also subject to the Amendments to the aforesaid restrictions and reservations, which are of record in Book 77, page 113, in the Register???s Of???ce for said county. INCLUDED BUT EXPRESSLY EXCLUDED is a 10??? by 105??? strip located on the east side previously conveyed to Willie Blind with no deed recorded. The above property is shown on Tax Map 9l-H, Group ???E???, Parcel 3.00, in the Of???ce of the Assessor of Property, Humphreys County, Tennessee. TITLE REFERENCE: Deed Book 160, page 1485, in the Register???s Of???ce of Humphreys County, Tennessee. TO HAVE AND TO HOLD the",
  "docLength" : 0,
  "language" : "EN",
  "status" : "SUBMITTED",
  "modifiedDate" : 1554164964627,
  "documentSet" : [ ],
  "preannotation" : [ ],
  "sentences" : [ {
    "id" : "s0",
    "begin" : 1,
    "end" : 192,
    "text" : "conditions: Subject to certain restrictions, conditions and reservations on the aforesaid lot, referred to in the aforesaid deed to grantors, and being in Book 76, page 232,, in the Register?",
    "tokens" : [ {
      "id" : "s0-t0",
      "begin" : 1,
      "end" : 11,
      "text" : "conditions",
      "whiteSpace" : false
    }, {
      "id" : "s0-t1",
      "begin" : 11,
      "end" : 12,
      "text" : ":",
      "whiteSpace" : false
    }, {
      "id" : "s0-t2",
      "begin" : 13,
      "end" : 20,
      "text" : "Subject",
      "whiteSpace" : false
    }, {
      "id" : "s0-t3",
      "begin" : 21,
      "end" : 23,
      "text" : "to",
      "whiteSpace" : false
    }, {
      "id" : "s0-t4",
      "begin" : 24,
      "end" : 31,
      "text" : "certain",
      "whiteSpace" : false
    }, {
      "id" : "s0-t5",
      "begin" : 32,
      "end" : 44,
      "text" : "restrictions",
      "whiteSpace" : false
    }, {
      "id" : "s0-t6",
      "begin" : 44,
      "end" : 45,
      "text" : ",",
      "whiteSpace" : false
    }, {
      "id" : "s0-t7",
      "begin" : 46,
      "end" : 56,
      "text" : "conditions",
      "whiteSpace" : false
    }, {
      "id" : "s0-t8",
      "begin" : 57,
      "end" : 60,
      "text" : "and",
      "whiteSpace" : false
    }, {
      "id" : "s0-t9",
      "begin" : 61,
      "end" : 73,
      "text" : "reservations",
      "whiteSpace" : false
    }, {
      "id" : "s0-t10",
      "begin" : 74,
      "end" : 76,
      "text" : "on",
      "whiteSpace" : false
    }, {
      "id" : "s0-t11",
      "begin" : 77,
      "end" : 80,
      "text" : "the",
      "whiteSpace" : false
    }, {
      "id" : "s0-t12",
      "begin" : 81,
      "end" : 90,
      "text" : "aforesaid",
      "whiteSpace" : false
    }, {
      "id" : "s0-t13",
      "begin" : 91,
      "end" : 94,
      "text" : "lot",
      "whiteSpace" : false
    }, {
      "id" : "s0-t14",
      "begin" : 94,
      "end" : 95,
      "text" : ",",
      "whiteSpace" : false
    }, {
      "id" : "s0-t15",
      "begin" : 96,
      "end" : 104,
      "text" : "referred",
      "whiteSpace" : false
    }, {
      "id" : "s0-t16",
      "begin" : 105,
      "end" : 107,
      "text" : "to",
      "whiteSpace" : false
    }, {
      "id" : "s0-t17",
      "begin" : 108,
      "end" : 110,
      "text" : "in",
      "whiteSpace" : false
    }, {
      "id" : "s0-t18",
      "begin" : 111,
      "end" : 114,
      "text" : "the",
      "whiteSpace" : false
    }, {
      "id" : "s0-t19",
      "begin" : 115,
      "end" : 124,
      "text" : "aforesaid",
      "whiteSpace" : false
    }, {
      "id" : "s0-t20",
      "begin" : 125,
      "end" : 129,
      "text" : "deed",
      "whiteSpace" : false
    }, {
      "id" : "s0-t21",
      "begin" : 130,
      "end" : 132,
      "text" : "to",
      "whiteSpace" : false
    }, {
      "id" : "s0-t22",
      "begin" : 133,
      "end" : 141,
      "text" : "grantors",
      "whiteSpace" : false
    }, {
      "id" : "s0-t23",
      "begin" : 141,
      "end" : 142,
      "text" : ",",
      "whiteSpace" : false
    }, {
      "id" : "s0-t24",
      "begin" : 143,
      "end" : 146,
      "text" : "and",
      "whiteSpace" : false
    }, {
      "id" : "s0-t25",
      "begin" : 147,
      "end" : 152,
      "text" : "being",
      "whiteSpace" : false
    }, {
      "id" : "s0-t26",
      "begin" : 153,
      "end" : 155,
      "text" : "in",
      "whiteSpace" : false
    }, {
      "id" : "s0-t27",
      "begin" : 156,
      "end" : 160,
      "text" : "Book",
      "whiteSpace" : false
    }, {
      "id" : "s0-t28",
      "begin" : 161,
      "end" : 163,
      "text" : "76",
      "whiteSpace" : false
    }, {
      "id" : "s0-t29",
      "begin" : 163,
      "end" : 164,
      "text" : ",",
      "whiteSpace" : false
    }, {
      "id" : "s0-t30",
      "begin" : 165,
      "end" : 169,
      "text" : "page",
      "whiteSpace" : false
    }, {
      "id" : "s0-t31",
      "begin" : 170,
      "end" : 173,
      "text" : "232",
      "whiteSpace" : false
    }, {
      "id" : "s0-t32",
      "begin" : 173,
      "end" : 174,
      "text" : ",",
      "whiteSpace" : false
    }, {
      "id" : "s0-t33",
      "begin" : 174,
      "end" : 175,
      "text" : ",",
      "whiteSpace" : false
    }, {
      "id" : "s0-t34",
      "begin" : 176,
      "end" : 178,
      "text" : "in",
      "whiteSpace" : false
    }, {
      "id" : "s0-t35",
      "begin" : 179,
      "end" : 182,
      "text" : "the",
      "whiteSpace" : false
    }, {
      "id" : "s0-t36",
      "begin" : 183,
      "end" : 191,
      "text" : "Register",
      "whiteSpace" : false
    }, {
      "id" : "s0-t37",
      "begin" : 191,
      "end" : 192,
      "text" : "?",
      "whiteSpace" : false
    } ]
  }, {
    "id" : "s1",
    "begin" : 192,
    "end" : 199,
    "text" : "??s Of?",
    "tokens" : [ {
      "id" : "s1-t0",
      "begin" : 192,
      "end" : 195,
      "text" : "??s",
      "whiteSpace" : false
    }, {
      "id" : "s1-t1",
      "begin" : 196,
      "end" : 198,
      "text" : "Of",
      "whiteSpace" : false
    }, {
      "id" : "s1-t2",
      "begin" : 198,
      "end" : 199,
      "text" : "?",
      "whiteSpace" : false
    } ]
  }, {
    "id" : "s2",
    "begin" : 199,
    "end" : 362,
    "text" : "??ce for said county; and also subject to the Amendments to the aforesaid restrictions and reservations, which are of record in Book 77, page 113, in the Register?",
    "tokens" : [ {
      "id" : "s2-t0",
      "begin" : 199,
      "end" : 203,
      "text" : "??ce",
      "whiteSpace" : false
    }, {
      "id" : "s2-t1",
      "begin" : 204,
      "end" : 207,
      "text" : "for",
      "whiteSpace" : false
    }, {
      "id" : "s2-t2",
      "begin" : 208,
      "end" : 212,
      "text" : "said",
      "whiteSpace" : false
    }, {
      "id" : "s2-t3",
      "begin" : 213,
      "end" : 219,
      "text" : "county",
      "whiteSpace" : false
    }, {
      "id" : "s2-t4",
      "begin" : 219,
      "end" : 220,
      "text" : ";",
      "whiteSpace" : false
    }, {
      "id" : "s2-t5",
      "begin" : 221,
      "end" : 224,
      "text" : "and",
      "whiteSpace" : false
    }, {
      "id" : "s2-t6",
      "begin" : 225,
      "end" : 229,
      "text" : "also",
      "whiteSpace" : false
    }, {
      "id" : "s2-t7",
      "begin" : 230,
      "end" : 237,
      "text" : "subject",
      "whiteSpace" : false
    }, {
      "id" : "s2-t8",
      "begin" : 238,
      "end" : 240,
      "text" : "to",
      "whiteSpace" : false
    }, {
      "id" : "s2-t9",
      "begin" : 241,
      "end" : 244,
      "text" : "the",
      "whiteSpace" : false
    }, {
      "id" : "s2-t10",
      "begin" : 245,
      "end" : 255,
      "text" : "Amendments",
      "whiteSpace" : false
    }, {
      "id" : "s2-t11",
      "begin" : 256,
      "end" : 258,
      "text" : "to",
      "whiteSpace" : false
    }, {
      "id" : "s2-t12",
      "begin" : 259,
      "end" : 262,
      "text" : "the",
      "whiteSpace" : false
    }, {
      "id" : "s2-t13",
      "begin" : 263,
      "end" : 272,
      "text" : "aforesaid",
      "whiteSpace" : false
    }, {
      "id" : "s2-t14",
      "begin" : 273,
      "end" : 285,
      "text" : "restrictions",
      "whiteSpace" : false
    }, {
      "id" : "s2-t15",
      "begin" : 286,
      "end" : 289,
      "text" : "and",
      "whiteSpace" : false
    }, {
      "id" : "s2-t16",
      "begin" : 290,
      "end" : 302,
      "text" : "reservations",
      "whiteSpace" : false
    }, {
      "id" : "s2-t17",
      "begin" : 302,
      "end" : 303,
      "text" : ",",
      "whiteSpace" : false
    }, {
      "id" : "s2-t18",
      "begin" : 304,
      "end" : 309,
      "text" : "which",
      "whiteSpace" : false
    }, {
      "id" : "s2-t19",
      "begin" : 310,
      "end" : 313,
      "text" : "are",
      "whiteSpace" : false
    }, {
      "id" : "s2-t20",
      "begin" : 314,
      "end" : 316,
      "text" : "of",
      "whiteSpace" : false
    }, {
      "id" : "s2-t21",
      "begin" : 317,
      "end" : 323,
      "text" : "record",
      "whiteSpace" : false
    }, {
      "id" : "s2-t22",
      "begin" : 324,
      "end" : 326,
      "text" : "in",
      "whiteSpace" : false
    }, {
      "id" : "s2-t23",
      "begin" : 327,
      "end" : 331,
      "text" : "Book",
      "whiteSpace" : false
    }, {
      "id" : "s2-t24",
      "begin" : 332,
      "end" : 334,
      "text" : "77",
      "whiteSpace" : false
    }, {
      "id" : "s2-t25",
      "begin" : 334,
      "end" : 335,
      "text" : ",",
      "whiteSpace" : false
    }, {
      "id" : "s2-t26",
      "begin" : 336,
      "end" : 340,
      "text" : "page",
      "whiteSpace" : false
    }, {
      "id" : "s2-t27",
      "begin" : 341,
      "end" : 344,
      "text" : "113",
      "whiteSpace" : false
    }, {
      "id" : "s2-t28",
      "begin" : 344,
      "end" : 345,
      "text" : ",",
      "whiteSpace" : false
    }, {
      "id" : "s2-t29",
      "begin" : 346,
      "end" : 348,
      "text" : "in",
      "whiteSpace" : false
    }, {
      "id" : "s2-t30",
      "begin" : 349,
      "end" : 352,
      "text" : "the",
      "whiteSpace" : false
    }, {
      "id" : "s2-t31",
      "begin" : 353,
      "end" : 361,
      "text" : "Register",
      "whiteSpace" : false
    }, {
      "id" : "s2-t32",
      "begin" : 361,
      "end" : 362,
      "text" : "?",
      "whiteSpace" : false
    } ]
  }, {
    "id" : "s3",
    "begin" : 362,
    "end" : 369,
    "text" : "??s Of?",
    "tokens" : [ {
      "id" : "s3-t0",
      "begin" : 362,
      "end" : 365,
      "text" : "??s",
      "whiteSpace" : false
    }, {
      "id" : "s3-t1",
      "begin" : 366,
      "end" : 368,
      "text" : "Of",
      "whiteSpace" : false
    }, {
      "id" : "s3-t2",
      "begin" : 368,
      "end" : 369,
      "text" : "?",
      "whiteSpace" : false
    } ]
  }, {
    "id" : "s4",
    "begin" : 369,
    "end" : 390,
    "text" : "??ce for said county.",
    "tokens" : [ {
      "id" : "s4-t0",
      "begin" : 369,
      "end" : 373,
      "text" : "??ce",
      "whiteSpace" : false
    }, {
      "id" : "s4-t1",
      "begin" : 374,
      "end" : 377,
      "text" : "for",
      "whiteSpace" : false
    }, {
      "id" : "s4-t2",
      "begin" : 378,
      "end" : 382,
      "text" : "said",
      "whiteSpace" : false
    }, {
      "id" : "s4-t3",
      "begin" : 383,
      "end" : 389,
      "text" : "county",
      "whiteSpace" : false
    }, {
      "id" : "s4-t4",
      "begin" : 389,
      "end" : 390,
      "text" : ".",
      "whiteSpace" : false
    } ]
  }, {
    "id" : "s5",
    "begin" : 391,
    "end" : 433,
    "text" : "INCLUDED BUT EXPRESSLY EXCLUDED is a 10???",
    "tokens" : [ {
      "id" : "s5-t0",
      "begin" : 391,
      "end" : 399,
      "text" : "INCLUDED",
      "whiteSpace" : false
    }, {
      "id" : "s5-t1",
      "begin" : 400,
      "end" : 403,
      "text" : "BUT",
      "whiteSpace" : false
    }, {
      "id" : "s5-t2",
      "begin" : 404,
      "end" : 413,
      "text" : "EXPRESSLY",
      "whiteSpace" : false
    }, {
      "id" : "s5-t3",
      "begin" : 414,
      "end" : 422,
      "text" : "EXCLUDED",
      "whiteSpace" : false
    }, {
      "id" : "s5-t4",
      "begin" : 423,
      "end" : 425,
      "text" : "is",
      "whiteSpace" : false
    }, {
      "id" : "s5-t5",
      "begin" : 426,
      "end" : 427,
      "text" : "a",
      "whiteSpace" : false
    }, {
      "id" : "s5-t6",
      "begin" : 428,
      "end" : 430,
      "text" : "10",
      "whiteSpace" : false
    }, {
      "id" : "s5-t7",
      "begin" : 430,
      "end" : 432,
      "text" : "??",
      "whiteSpace" : false
    }, {
      "id" : "s5-t8",
      "begin" : 432,
      "end" : 433,
      "text" : "?",
      "whiteSpace" : false
    } ]
  }, {
    "id" : "s6",
    "begin" : 434,
    "end" : 443,
    "text" : "by 105???",
    "tokens" : [ {
      "id" : "s6-t0",
      "begin" : 434,
      "end" : 436,
      "text" : "by",
      "whiteSpace" : false
    }, {
      "id" : "s6-t1",
      "begin" : 437,
      "end" : 440,
      "text" : "105",
      "whiteSpace" : false
    }, {
      "id" : "s6-t2",
      "begin" : 440,
      "end" : 442,
      "text" : "??",
      "whiteSpace" : false
    }, {
      "id" : "s6-t3",
      "begin" : 442,
      "end" : 443,
      "text" : "?",
      "whiteSpace" : false
    } ]
  }, {
    "id" : "s7",
    "begin" : 444,
    "end" : 533,
    "text" : "strip located on the east side previously conveyed to Willie Blind with no deed recorded.",
    "tokens" : [ {
      "id" : "s7-t0",
      "begin" : 444,
      "end" : 449,
      "text" : "strip",
      "whiteSpace" : false
    }, {
      "id" : "s7-t1",
      "begin" : 450,
      "end" : 457,
      "text" : "located",
      "whiteSpace" : false
    }, {
      "id" : "s7-t2",
      "begin" : 458,
      "end" : 460,
      "text" : "on",
      "whiteSpace" : false
    }, {
      "id" : "s7-t3",
      "begin" : 461,
      "end" : 464,
      "text" : "the",
      "whiteSpace" : false
    }, {
      "id" : "s7-t4",
      "begin" : 465,
      "end" : 469,
      "text" : "east",
      "whiteSpace" : false
    }, {
      "id" : "s7-t5",
      "begin" : 470,
      "end" : 474,
      "text" : "side",
      "whiteSpace" : false
    }, {
      "id" : "s7-t6",
      "begin" : 475,
      "end" : 485,
      "text" : "previously",
      "whiteSpace" : false
    }, {
      "id" : "s7-t7",
      "begin" : 486,
      "end" : 494,
      "text" : "conveyed",
      "whiteSpace" : false
    }, {
      "id" : "s7-t8",
      "begin" : 495,
      "end" : 497,
      "text" : "to",
      "whiteSpace" : false
    }, {
      "id" : "s7-t9",
      "begin" : 498,
      "end" : 504,
      "text" : "Willie",
      "whiteSpace" : false
    }, {
      "id" : "s7-t10",
      "begin" : 505,
      "end" : 510,
      "text" : "Blind",
      "whiteSpace" : false
    }, {
      "id" : "s7-t11",
      "begin" : 511,
      "end" : 515,
      "text" : "with",
      "whiteSpace" : false
    }, {
      "id" : "s7-t12",
      "begin" : 516,
      "end" : 518,
      "text" : "no",
      "whiteSpace" : false
    }, {
      "id" : "s7-t13",
      "begin" : 519,
      "end" : 523,
      "text" : "deed",
      "whiteSpace" : false
    }, {
      "id" : "s7-t14",
      "begin" : 524,
      "end" : 532,
      "text" : "recorded",
      "whiteSpace" : false
    }, {
      "id" : "s7-t15",
      "begin" : 532,
      "end" : 533,
      "text" : ".",
      "whiteSpace" : false
    } ]
  }, {
    "id" : "s8",
    "begin" : 534,
    "end" : 586,
    "text" : "The above property is shown on Tax Map 9l-H, Group ?",
    "tokens" : [ {
      "id" : "s8-t0",
      "begin" : 534,
      "end" : 537,
      "text" : "The",
      "whiteSpace" : false
    }, {
      "id" : "s8-t1",
      "begin" : 538,
      "end" : 543,
      "text" : "above",
      "whiteSpace" : false
    }, {
      "id" : "s8-t2",
      "begin" : 544,
      "end" : 552,
      "text" : "property",
      "whiteSpace" : false
    }, {
      "id" : "s8-t3",
      "begin" : 553,
      "end" : 555,
      "text" : "is",
      "whiteSpace" : false
    }, {
      "id" : "s8-t4",
      "begin" : 556,
      "end" : 561,
      "text" : "shown",
      "whiteSpace" : false
    }, {
      "id" : "s8-t5",
      "begin" : 562,
      "end" : 564,
      "text" : "on",
      "whiteSpace" : false
    }, {
      "id" : "s8-t6",
      "begin" : 565,
      "end" : 568,
      "text" : "Tax",
      "whiteSpace" : false
    }, {
      "id" : "s8-t7",
      "begin" : 569,
      "end" : 572,
      "text" : "Map",
      "whiteSpace" : false
    }, {
      "id" : "s8-t8",
      "begin" : 573,
      "end" : 577,
      "text" : "9l-H",
      "whiteSpace" : false
    }, {
      "id" : "s8-t9",
      "begin" : 577,
      "end" : 578,
      "text" : ",",
      "whiteSpace" : false
    }, {
      "id" : "s8-t10",
      "begin" : 579,
      "end" : 584,
      "text" : "Group",
      "whiteSpace" : false
    }, {
      "id" : "s8-t11",
      "begin" : 585,
      "end" : 586,
      "text" : "?",
      "whiteSpace" : false
    } ]
  }, {
    "id" : "s9",
    "begin" : 586,
    "end" : 617,
    "text" : "??E???, Parcel 3.00, in the Of?",
    "tokens" : [ {
      "id" : "s9-t0",
      "begin" : 586,
      "end" : 592,
      "text" : "??E???",
      "whiteSpace" : false
    }, {
      "id" : "s9-t1",
      "begin" : 592,
      "end" : 593,
      "text" : ",",
      "whiteSpace" : false
    }, {
      "id" : "s9-t2",
      "begin" : 594,
      "end" : 600,
      "text" : "Parcel",
      "whiteSpace" : false
    }, {
      "id" : "s9-t3",
      "begin" : 601,
      "end" : 605,
      "text" : "3.00",
      "whiteSpace" : false
    }, {
      "id" : "s9-t4",
      "begin" : 605,
      "end" : 606,
      "text" : ",",
      "whiteSpace" : false
    }, {
      "id" : "s9-t5",
      "begin" : 607,
      "end" : 609,
      "text" : "in",
      "whiteSpace" : false
    }, {
      "id" : "s9-t6",
      "begin" : 610,
      "end" : 613,
      "text" : "the",
      "whiteSpace" : false
    }, {
      "id" : "s9-t7",
      "begin" : 614,
      "end" : 616,
      "text" : "Of",
      "whiteSpace" : false
    }, {
      "id" : "s9-t8",
      "begin" : 616,
      "end" : 617,
      "text" : "?",
      "whiteSpace" : false
    } ]
  }, {
    "id" : "s10",
    "begin" : 617,
    "end" : 679,
    "text" : "??ce of the Assessor of Property, Humphreys County, Tennessee.",
    "tokens" : [ {
      "id" : "s10-t0",
      "begin" : 617,
      "end" : 621,
      "text" : "??ce",
      "whiteSpace" : false
    }, {
      "id" : "s10-t1",
      "begin" : 622,
      "end" : 624,
      "text" : "of",
      "whiteSpace" : false
    }, {
      "id" : "s10-t2",
      "begin" : 625,
      "end" : 628,
      "text" : "the",
      "whiteSpace" : false
    }, {
      "id" : "s10-t3",
      "begin" : 629,
      "end" : 637,
      "text" : "Assessor",
      "whiteSpace" : false
    }, {
      "id" : "s10-t4",
      "begin" : 638,
      "end" : 640,
      "text" : "of",
      "whiteSpace" : false
    }, {
      "id" : "s10-t5",
      "begin" : 641,
      "end" : 649,
      "text" : "Property",
      "whiteSpace" : false
    }, {
      "id" : "s10-t6",
      "begin" : 649,
      "end" : 650,
      "text" : ",",
      "whiteSpace" : false
    }, {
      "id" : "s10-t7",
      "begin" : 651,
      "end" : 660,
      "text" : "Humphreys",
      "whiteSpace" : false
    }, {
      "id" : "s10-t8",
      "begin" : 661,
      "end" : 667,
      "text" : "County",
      "whiteSpace" : false
    }, {
      "id" : "s10-t9",
      "begin" : 667,
      "end" : 668,
      "text" : ",",
      "whiteSpace" : false
    }, {
      "id" : "s10-t10",
      "begin" : 669,
      "end" : 678,
      "text" : "Tennessee",
      "whiteSpace" : false
    }, {
      "id" : "s10-t11",
      "begin" : 678,
      "end" : 679,
      "text" : ".",
      "whiteSpace" : false
    } ]
  }, {
    "id" : "s11",
    "begin" : 680,
    "end" : 739,
    "text" : "TITLE REFERENCE: Deed Book 160, page 1485, in the Register?",
    "tokens" : [ {
      "id" : "s11-t0",
      "begin" : 680,
      "end" : 685,
      "text" : "TITLE",
      "whiteSpace" : false
    }, {
      "id" : "s11-t1",
      "begin" : 686,
      "end" : 695,
      "text" : "REFERENCE",
      "whiteSpace" : false
    }, {
      "id" : "s11-t2",
      "begin" : 695,
      "end" : 696,
      "text" : ":",
      "whiteSpace" : false
    }, {
      "id" : "s11-t3",
      "begin" : 697,
      "end" : 701,
      "text" : "Deed",
      "whiteSpace" : false
    }, {
      "id" : "s11-t4",
      "begin" : 702,
      "end" : 706,
      "text" : "Book",
      "whiteSpace" : false
    }, {
      "id" : "s11-t5",
      "begin" : 707,
      "end" : 710,
      "text" : "160",
      "whiteSpace" : false
    }, {
      "id" : "s11-t6",
      "begin" : 710,
      "end" : 711,
      "text" : ",",
      "whiteSpace" : false
    }, {
      "id" : "s11-t7",
      "begin" : 712,
      "end" : 716,
      "text" : "page",
      "whiteSpace" : false
    }, {
      "id" : "s11-t8",
      "begin" : 717,
      "end" : 721,
      "text" : "1485",
      "whiteSpace" : false
    }, {
      "id" : "s11-t9",
      "begin" : 721,
      "end" : 722,
      "text" : ",",
      "whiteSpace" : false
    }, {
      "id" : "s11-t10",
      "begin" : 723,
      "end" : 725,
      "text" : "in",
      "whiteSpace" : false
    }, {
      "id" : "s11-t11",
      "begin" : 726,
      "end" : 729,
      "text" : "the",
      "whiteSpace" : false
    }, {
      "id" : "s11-t12",
      "begin" : 730,
      "end" : 738,
      "text" : "Register",
      "whiteSpace" : false
    }, {
      "id" : "s11-t13",
      "begin" : 738,
      "end" : 739,
      "text" : "?",
      "whiteSpace" : false
    } ]
  }, {
    "id" : "s12",
    "begin" : 739,
    "end" : 746,
    "text" : "??s Of?",
    "tokens" : [ {
      "id" : "s12-t0",
      "begin" : 739,
      "end" : 742,
      "text" : "??s",
      "whiteSpace" : false
    }, {
      "id" : "s12-t1",
      "begin" : 743,
      "end" : 745,
      "text" : "Of",
      "whiteSpace" : false
    }, {
      "id" : "s12-t2",
      "begin" : 745,
      "end" : 746,
      "text" : "?",
      "whiteSpace" : false
    } ]
  }, {
    "id" : "s13",
    "begin" : 746,
    "end" : 782,
    "text" : "??ce of Humphreys County, Tennessee.",
    "tokens" : [ {
      "id" : "s13-t0",
      "begin" : 746,
      "end" : 750,
      "text" : "??ce",
      "whiteSpace" : false
    }, {
      "id" : "s13-t1",
      "begin" : 751,
      "end" : 753,
      "text" : "of",
      "whiteSpace" : false
    }, {
      "id" : "s13-t2",
      "begin" : 754,
      "end" : 763,
      "text" : "Humphreys",
      "whiteSpace" : false
    }, {
      "id" : "s13-t3",
      "begin" : 764,
      "end" : 770,
      "text" : "County",
      "whiteSpace" : false
    }, {
      "id" : "s13-t4",
      "begin" : 770,
      "end" : 771,
      "text" : ",",
      "whiteSpace" : false
    }, {
      "id" : "s13-t5",
      "begin" : 772,
      "end" : 781,
      "text" : "Tennessee",
      "whiteSpace" : false
    }, {
      "id" : "s13-t6",
      "begin" : 781,
      "end" : 782,
      "text" : ".",
      "whiteSpace" : false
    } ]
  }, {
    "id" : "s14",
    "begin" : 783,
    "end" : 806,
    "text" : "TO HAVE AND TO HOLD the",
    "tokens" : [ {
      "id" : "s14-t0",
      "begin" : 783,
      "end" : 785,
      "text" : "TO",
      "whiteSpace" : false
    }, {
      "id" : "s14-t1",
      "begin" : 786,
      "end" : 790,
      "text" : "HAVE",
      "whiteSpace" : false
    }, {
      "id" : "s14-t2",
      "begin" : 791,
      "end" : 794,
      "text" : "AND",
      "whiteSpace" : false
    }, {
      "id" : "s14-t3",
      "begin" : 795,
      "end" : 797,
      "text" : "TO",
      "whiteSpace" : false
    }, {
      "id" : "s14-t4",
      "begin" : 798,
      "end" : 802,
      "text" : "HOLD",
      "whiteSpace" : false
    }, {
      "id" : "s14-t5",
      "begin" : 803,
      "end" : 806,
      "text" : "the",
      "whiteSpace" : false
    } ]
  } ],
  "mentions" : [ {
    "id" : "s0-m1",
    "properties" : {
      "SIRE_MENTION_ROLE" : "WarrDeedBookNum",
      "SIRE_ENTITY_SUBTYPE" : "NONE",
      "SIRE_MENTION_TYPE" : "NONE",
      "SIRE_MENTION_CLASS" : "SPC"
    },
    "type" : "WarrDeedBookNum",
    "begin" : 161,
    "end" : 163,
    "inCoref" : false
  }, {
    "id" : "s0-m2",
    "properties" : {
      "SIRE_MENTION_ROLE" : "WarrDeedPageNum",
      "SIRE_ENTITY_SUBTYPE" : "NONE",
      "SIRE_MENTION_TYPE" : "NONE",
      "SIRE_MENTION_CLASS" : "SPC"
    },
    "type" : "WarrDeedPageNum",
    "begin" : 170,
    "end" : 173,
    "inCoref" : false
  } ],
  "relations" : [ ],
  "corefs" : [ ],
  "typeResolved" : true,
  "userResolved" : false
}