{
  "id" : "acc7bbe0-54dc-11e9-8cbd-5f0b935e8fdd-0",
  "name" : "WD171-13.txt",
  "createdDate" : 0,
  "version" : 3,
  "text" : " being situated in the First Civil District of Humphreys County, Tennessee, on the waters of Big Richland Creek about six (6) miles north of waverly, on the north side, follows: BEGINNING on a stake in the center of said public road on the west side of the hollow branch in the original west boundary line and, line; running thence South 87?? East with the center of said road 4 poles to a stake in center of said road at the intersection of the hollow road; thence with the center of the hollow road, North 472?? East 10 poles to a stake in said road; thence North, 46?? East with said road 10 poles to a stake in said road with, pointer; thence North 79?? west 17%? poles to a stake in the original west boundary line and 5J1, line; thence South with said line to the point of beginning,, BEING the same property conveyed to me by deed of record in Deed Book 64, page 55, Register???s, Tennessee, and wherein I also inherited an undivided interest by intestate succession to my father, P.G. McKeel., jM Mfr/8w; ,4th Gladys McKeel Garber, ATTORNEY i \" NOTARY PUBLIC IL.??? L i.??? earns OF T OFFICIAL 823A, The names and address of the new owners to whom the tax statement should be sent are Mr. &amp; Mrs. George F., Garber, 2235 Williams Hollow Road, McEwen, TenneSSee 37101., I swear that the actual consideration for this transfer, or value of the property transferred, whicheVer is greater, is ",
  "docLength" : 0,
  "language" : "EN",
  "status" : "SUBMITTED",
  "modifiedDate" : 1554164788611,
  "documentSet" : [ ],
  "preannotation" : [ ],
  "sentences" : [ {
    "id" : "s0",
    "begin" : 1,
    "end" : 342,
    "text" : "being situated in the First Civil District of Humphreys County, Tennessee, on the waters of Big Richland Creek about six (6) miles north of waverly, on the north side, follows: BEGINNING on a stake in the center of said public road on the west side of the hollow branch in the original west boundary line and, line; running thence South 87??",
    "tokens" : [ {
      "id" : "s0-t0",
      "begin" : 1,
      "end" : 6,
      "text" : "being",
      "whiteSpace" : false
    }, {
      "id" : "s0-t1",
      "begin" : 7,
      "end" : 15,
      "text" : "situated",
      "whiteSpace" : false
    }, {
      "id" : "s0-t2",
      "begin" : 16,
      "end" : 18,
      "text" : "in",
      "whiteSpace" : false
    }, {
      "id" : "s0-t3",
      "begin" : 19,
      "end" : 22,
      "text" : "the",
      "whiteSpace" : false
    }, {
      "id" : "s0-t4",
      "begin" : 23,
      "end" : 28,
      "text" : "First",
      "whiteSpace" : false
    }, {
      "id" : "s0-t5",
      "begin" : 29,
      "end" : 34,
      "text" : "Civil",
      "whiteSpace" : false
    }, {
      "id" : "s0-t6",
      "begin" : 35,
      "end" : 43,
      "text" : "District",
      "whiteSpace" : false
    }, {
      "id" : "s0-t7",
      "begin" : 44,
      "end" : 46,
      "text" : "of",
      "whiteSpace" : false
    }, {
      "id" : "s0-t8",
      "begin" : 47,
      "end" : 56,
      "text" : "Humphreys",
      "whiteSpace" : false
    }, {
      "id" : "s0-t9",
      "begin" : 57,
      "end" : 63,
      "text" : "County",
      "whiteSpace" : false
    }, {
      "id" : "s0-t10",
      "begin" : 63,
      "end" : 64,
      "text" : ",",
      "whiteSpace" : false
    }, {
      "id" : "s0-t11",
      "begin" : 65,
      "end" : 74,
      "text" : "Tennessee",
      "whiteSpace" : false
    }, {
      "id" : "s0-t12",
      "begin" : 74,
      "end" : 75,
      "text" : ",",
      "whiteSpace" : false
    }, {
      "id" : "s0-t13",
      "begin" : 76,
      "end" : 78,
      "text" : "on",
      "whiteSpace" : false
    }, {
      "id" : "s0-t14",
      "begin" : 79,
      "end" : 82,
      "text" : "the",
      "whiteSpace" : false
    }, {
      "id" : "s0-t15",
      "begin" : 83,
      "end" : 89,
      "text" : "waters",
      "whiteSpace" : false
    }, {
      "id" : "s0-t16",
      "begin" : 90,
      "end" : 92,
      "text" : "of",
      "whiteSpace" : false
    }, {
      "id" : "s0-t17",
      "begin" : 93,
      "end" : 96,
      "text" : "Big",
      "whiteSpace" : false
    }, {
      "id" : "s0-t18",
      "begin" : 97,
      "end" : 105,
      "text" : "Richland",
      "whiteSpace" : false
    }, {
      "id" : "s0-t19",
      "begin" : 106,
      "end" : 111,
      "text" : "Creek",
      "whiteSpace" : false
    }, {
      "id" : "s0-t20",
      "begin" : 112,
      "end" : 117,
      "text" : "about",
      "whiteSpace" : false
    }, {
      "id" : "s0-t21",
      "begin" : 118,
      "end" : 121,
      "text" : "six",
      "whiteSpace" : false
    }, {
      "id" : "s0-t22",
      "begin" : 122,
      "end" : 123,
      "text" : "(",
      "whiteSpace" : false
    }, {
      "id" : "s0-t23",
      "begin" : 123,
      "end" : 124,
      "text" : "6",
      "whiteSpace" : false
    }, {
      "id" : "s0-t24",
      "begin" : 124,
      "end" : 125,
      "text" : ")",
      "whiteSpace" : false
    }, {
      "id" : "s0-t25",
      "begin" : 126,
      "end" : 131,
      "text" : "miles",
      "whiteSpace" : false
    }, {
      "id" : "s0-t26",
      "begin" : 132,
      "end" : 137,
      "text" : "north",
      "whiteSpace" : false
    }, {
      "id" : "s0-t27",
      "begin" : 138,
      "end" : 140,
      "text" : "of",
      "whiteSpace" : false
    }, {
      "id" : "s0-t28",
      "begin" : 141,
      "end" : 148,
      "text" : "waverly",
      "whiteSpace" : false
    }, {
      "id" : "s0-t29",
      "begin" : 148,
      "end" : 149,
      "text" : ",",
      "whiteSpace" : false
    }, {
      "id" : "s0-t30",
      "begin" : 150,
      "end" : 152,
      "text" : "on",
      "whiteSpace" : false
    }, {
      "id" : "s0-t31",
      "begin" : 153,
      "end" : 156,
      "text" : "the",
      "whiteSpace" : false
    }, {
      "id" : "s0-t32",
      "begin" : 157,
      "end" : 162,
      "text" : "north",
      "whiteSpace" : false
    }, {
      "id" : "s0-t33",
      "begin" : 163,
      "end" : 167,
      "text" : "side",
      "whiteSpace" : false
    }, {
      "id" : "s0-t34",
      "begin" : 167,
      "end" : 168,
      "text" : ",",
      "whiteSpace" : false
    }, {
      "id" : "s0-t35",
      "begin" : 169,
      "end" : 176,
      "text" : "follows",
      "whiteSpace" : false
    }, {
      "id" : "s0-t36",
      "begin" : 176,
      "end" : 177,
      "text" : ":",
      "whiteSpace" : false
    }, {
      "id" : "s0-t37",
      "begin" : 178,
      "end" : 187,
      "text" : "BEGINNING",
      "whiteSpace" : false
    }, {
      "id" : "s0-t38",
      "begin" : 188,
      "end" : 190,
      "text" : "on",
      "whiteSpace" : false
    }, {
      "id" : "s0-t39",
      "begin" : 191,
      "end" : 192,
      "text" : "a",
      "whiteSpace" : false
    }, {
      "id" : "s0-t40",
      "begin" : 193,
      "end" : 198,
      "text" : "stake",
      "whiteSpace" : false
    }, {
      "id" : "s0-t41",
      "begin" : 199,
      "end" : 201,
      "text" : "in",
      "whiteSpace" : false
    }, {
      "id" : "s0-t42",
      "begin" : 202,
      "end" : 205,
      "text" : "the",
      "whiteSpace" : false
    }, {
      "id" : "s0-t43",
      "begin" : 206,
      "end" : 212,
      "text" : "center",
      "whiteSpace" : false
    }, {
      "id" : "s0-t44",
      "begin" : 213,
      "end" : 215,
      "text" : "of",
      "whiteSpace" : false
    }, {
      "id" : "s0-t45",
      "begin" : 216,
      "end" : 220,
      "text" : "said",
      "whiteSpace" : false
    }, {
      "id" : "s0-t46",
      "begin" : 221,
      "end" : 227,
      "text" : "public",
      "whiteSpace" : false
    }, {
      "id" : "s0-t47",
      "begin" : 228,
      "end" : 232,
      "text" : "road",
      "whiteSpace" : false
    }, {
      "id" : "s0-t48",
      "begin" : 233,
      "end" : 235,
      "text" : "on",
      "whiteSpace" : false
    }, {
      "id" : "s0-t49",
      "begin" : 236,
      "end" : 239,
      "text" : "the",
      "whiteSpace" : false
    }, {
      "id" : "s0-t50",
      "begin" : 240,
      "end" : 244,
      "text" : "west",
      "whiteSpace" : false
    }, {
      "id" : "s0-t51",
      "begin" : 245,
      "end" : 249,
      "text" : "side",
      "whiteSpace" : false
    }, {
      "id" : "s0-t52",
      "begin" : 250,
      "end" : 252,
      "text" : "of",
      "whiteSpace" : false
    }, {
      "id" : "s0-t53",
      "begin" : 253,
      "end" : 256,
      "text" : "the",
      "whiteSpace" : false
    }, {
      "id" : "s0-t54",
      "begin" : 257,
      "end" : 263,
      "text" : "hollow",
      "whiteSpace" : false
    }, {
      "id" : "s0-t55",
      "begin" : 264,
      "end" : 270,
      "text" : "branch",
      "whiteSpace" : false
    }, {
      "id" : "s0-t56",
      "begin" : 271,
      "end" : 273,
      "text" : "in",
      "whiteSpace" : false
    }, {
      "id" : "s0-t57",
      "begin" : 274,
      "end" : 277,
      "text" : "the",
      "whiteSpace" : false
    }, {
      "id" : "s0-t58",
      "begin" : 278,
      "end" : 286,
      "text" : "original",
      "whiteSpace" : false
    }, {
      "id" : "s0-t59",
      "begin" : 287,
      "end" : 291,
      "text" : "west",
      "whiteSpace" : false
    }, {
      "id" : "s0-t60",
      "begin" : 292,
      "end" : 300,
      "text" : "boundary",
      "whiteSpace" : false
    }, {
      "id" : "s0-t61",
      "begin" : 301,
      "end" : 305,
      "text" : "line",
      "whiteSpace" : false
    }, {
      "id" : "s0-t62",
      "begin" : 306,
      "end" : 309,
      "text" : "and",
      "whiteSpace" : false
    }, {
      "id" : "s0-t63",
      "begin" : 309,
      "end" : 310,
      "text" : ",",
      "whiteSpace" : false
    }, {
      "id" : "s0-t64",
      "begin" : 311,
      "end" : 315,
      "text" : "line",
      "whiteSpace" : false
    }, {
      "id" : "s0-t65",
      "begin" : 315,
      "end" : 316,
      "text" : ";",
      "whiteSpace" : false
    }, {
      "id" : "s0-t66",
      "begin" : 317,
      "end" : 324,
      "text" : "running",
      "whiteSpace" : false
    }, {
      "id" : "s0-t67",
      "begin" : 325,
      "end" : 331,
      "text" : "thence",
      "whiteSpace" : false
    }, {
      "id" : "s0-t68",
      "begin" : 332,
      "end" : 337,
      "text" : "South",
      "whiteSpace" : false
    }, {
      "id" : "s0-t69",
      "begin" : 338,
      "end" : 340,
      "text" : "87",
      "whiteSpace" : false
    }, {
      "id" : "s0-t70",
      "begin" : 340,
      "end" : 341,
      "text" : "?",
      "whiteSpace" : false
    }, {
      "id" : "s0-t71",
      "begin" : 341,
      "end" : 342,
      "text" : "?",
      "whiteSpace" : false
    } ]
  }, {
    "id" : "s1",
    "begin" : 343,
    "end" : 513,
    "text" : "East with the center of said road 4 poles to a stake in center of said road at the intersection of the hollow road; thence with the center of the hollow road, North 472??",
    "tokens" : [ {
      "id" : "s1-t0",
      "begin" : 343,
      "end" : 347,
      "text" : "East",
      "whiteSpace" : false
    }, {
      "id" : "s1-t1",
      "begin" : 348,
      "end" : 352,
      "text" : "with",
      "whiteSpace" : false
    }, {
      "id" : "s1-t2",
      "begin" : 353,
      "end" : 356,
      "text" : "the",
      "whiteSpace" : false
    }, {
      "id" : "s1-t3",
      "begin" : 357,
      "end" : 363,
      "text" : "center",
      "whiteSpace" : false
    }, {
      "id" : "s1-t4",
      "begin" : 364,
      "end" : 366,
      "text" : "of",
      "whiteSpace" : false
    }, {
      "id" : "s1-t5",
      "begin" : 367,
      "end" : 371,
      "text" : "said",
      "whiteSpace" : false
    }, {
      "id" : "s1-t6",
      "begin" : 372,
      "end" : 376,
      "text" : "road",
      "whiteSpace" : false
    }, {
      "id" : "s1-t7",
      "begin" : 377,
      "end" : 378,
      "text" : "4",
      "whiteSpace" : false
    }, {
      "id" : "s1-t8",
      "begin" : 379,
      "end" : 384,
      "text" : "poles",
      "whiteSpace" : false
    }, {
      "id" : "s1-t9",
      "begin" : 385,
      "end" : 387,
      "text" : "to",
      "whiteSpace" : false
    }, {
      "id" : "s1-t10",
      "begin" : 388,
      "end" : 389,
      "text" : "a",
      "whiteSpace" : false
    }, {
      "id" : "s1-t11",
      "begin" : 390,
      "end" : 395,
      "text" : "stake",
      "whiteSpace" : false
    }, {
      "id" : "s1-t12",
      "begin" : 396,
      "end" : 398,
      "text" : "in",
      "whiteSpace" : false
    }, {
      "id" : "s1-t13",
      "begin" : 399,
      "end" : 405,
      "text" : "center",
      "whiteSpace" : false
    }, {
      "id" : "s1-t14",
      "begin" : 406,
      "end" : 408,
      "text" : "of",
      "whiteSpace" : false
    }, {
      "id" : "s1-t15",
      "begin" : 409,
      "end" : 413,
      "text" : "said",
      "whiteSpace" : false
    }, {
      "id" : "s1-t16",
      "begin" : 414,
      "end" : 418,
      "text" : "road",
      "whiteSpace" : false
    }, {
      "id" : "s1-t17",
      "begin" : 419,
      "end" : 421,
      "text" : "at",
      "whiteSpace" : false
    }, {
      "id" : "s1-t18",
      "begin" : 422,
      "end" : 425,
      "text" : "the",
      "whiteSpace" : false
    }, {
      "id" : "s1-t19",
      "begin" : 426,
      "end" : 438,
      "text" : "intersection",
      "whiteSpace" : false
    }, {
      "id" : "s1-t20",
      "begin" : 439,
      "end" : 441,
      "text" : "of",
      "whiteSpace" : false
    }, {
      "id" : "s1-t21",
      "begin" : 442,
      "end" : 445,
      "text" : "the",
      "whiteSpace" : false
    }, {
      "id" : "s1-t22",
      "begin" : 446,
      "end" : 452,
      "text" : "hollow",
      "whiteSpace" : false
    }, {
      "id" : "s1-t23",
      "begin" : 453,
      "end" : 457,
      "text" : "road",
      "whiteSpace" : false
    }, {
      "id" : "s1-t24",
      "begin" : 457,
      "end" : 458,
      "text" : ";",
      "whiteSpace" : false
    }, {
      "id" : "s1-t25",
      "begin" : 459,
      "end" : 465,
      "text" : "thence",
      "whiteSpace" : false
    }, {
      "id" : "s1-t26",
      "begin" : 466,
      "end" : 470,
      "text" : "with",
      "whiteSpace" : false
    }, {
      "id" : "s1-t27",
      "begin" : 471,
      "end" : 474,
      "text" : "the",
      "whiteSpace" : false
    }, {
      "id" : "s1-t28",
      "begin" : 475,
      "end" : 481,
      "text" : "center",
      "whiteSpace" : false
    }, {
      "id" : "s1-t29",
      "begin" : 482,
      "end" : 484,
      "text" : "of",
      "whiteSpace" : false
    }, {
      "id" : "s1-t30",
      "begin" : 485,
      "end" : 488,
      "text" : "the",
      "whiteSpace" : false
    }, {
      "id" : "s1-t31",
      "begin" : 489,
      "end" : 495,
      "text" : "hollow",
      "whiteSpace" : false
    }, {
      "id" : "s1-t32",
      "begin" : 496,
      "end" : 500,
      "text" : "road",
      "whiteSpace" : false
    }, {
      "id" : "s1-t33",
      "begin" : 500,
      "end" : 501,
      "text" : ",",
      "whiteSpace" : false
    }, {
      "id" : "s1-t34",
      "begin" : 502,
      "end" : 507,
      "text" : "North",
      "whiteSpace" : false
    }, {
      "id" : "s1-t35",
      "begin" : 508,
      "end" : 511,
      "text" : "472",
      "whiteSpace" : false
    }, {
      "id" : "s1-t36",
      "begin" : 511,
      "end" : 512,
      "text" : "?",
      "whiteSpace" : false
    }, {
      "id" : "s1-t37",
      "begin" : 512,
      "end" : 513,
      "text" : "?",
      "whiteSpace" : false
    } ]
  }, {
    "id" : "s2",
    "begin" : 514,
    "end" : 571,
    "text" : "East 10 poles to a stake in said road; thence North, 46??",
    "tokens" : [ {
      "id" : "s2-t0",
      "begin" : 514,
      "end" : 518,
      "text" : "East",
      "whiteSpace" : false
    }, {
      "id" : "s2-t1",
      "begin" : 519,
      "end" : 521,
      "text" : "10",
      "whiteSpace" : false
    }, {
      "id" : "s2-t2",
      "begin" : 522,
      "end" : 527,
      "text" : "poles",
      "whiteSpace" : false
    }, {
      "id" : "s2-t3",
      "begin" : 528,
      "end" : 530,
      "text" : "to",
      "whiteSpace" : false
    }, {
      "id" : "s2-t4",
      "begin" : 531,
      "end" : 532,
      "text" : "a",
      "whiteSpace" : false
    }, {
      "id" : "s2-t5",
      "begin" : 533,
      "end" : 538,
      "text" : "stake",
      "whiteSpace" : false
    }, {
      "id" : "s2-t6",
      "begin" : 539,
      "end" : 541,
      "text" : "in",
      "whiteSpace" : false
    }, {
      "id" : "s2-t7",
      "begin" : 542,
      "end" : 546,
      "text" : "said",
      "whiteSpace" : false
    }, {
      "id" : "s2-t8",
      "begin" : 547,
      "end" : 551,
      "text" : "road",
      "whiteSpace" : false
    }, {
      "id" : "s2-t9",
      "begin" : 551,
      "end" : 552,
      "text" : ";",
      "whiteSpace" : false
    }, {
      "id" : "s2-t10",
      "begin" : 553,
      "end" : 559,
      "text" : "thence",
      "whiteSpace" : false
    }, {
      "id" : "s2-t11",
      "begin" : 560,
      "end" : 565,
      "text" : "North",
      "whiteSpace" : false
    }, {
      "id" : "s2-t12",
      "begin" : 565,
      "end" : 566,
      "text" : ",",
      "whiteSpace" : false
    }, {
      "id" : "s2-t13",
      "begin" : 567,
      "end" : 569,
      "text" : "46",
      "whiteSpace" : false
    }, {
      "id" : "s2-t14",
      "begin" : 569,
      "end" : 570,
      "text" : "?",
      "whiteSpace" : false
    }, {
      "id" : "s2-t15",
      "begin" : 570,
      "end" : 571,
      "text" : "?",
      "whiteSpace" : false
    } ]
  }, {
    "id" : "s3",
    "begin" : 572,
    "end" : 657,
    "text" : "East with said road 10 poles to a stake in said road with, pointer; thence North 79??",
    "tokens" : [ {
      "id" : "s3-t0",
      "begin" : 572,
      "end" : 576,
      "text" : "East",
      "whiteSpace" : false
    }, {
      "id" : "s3-t1",
      "begin" : 577,
      "end" : 581,
      "text" : "with",
      "whiteSpace" : false
    }, {
      "id" : "s3-t2",
      "begin" : 582,
      "end" : 586,
      "text" : "said",
      "whiteSpace" : false
    }, {
      "id" : "s3-t3",
      "begin" : 587,
      "end" : 591,
      "text" : "road",
      "whiteSpace" : false
    }, {
      "id" : "s3-t4",
      "begin" : 592,
      "end" : 594,
      "text" : "10",
      "whiteSpace" : false
    }, {
      "id" : "s3-t5",
      "begin" : 595,
      "end" : 600,
      "text" : "poles",
      "whiteSpace" : false
    }, {
      "id" : "s3-t6",
      "begin" : 601,
      "end" : 603,
      "text" : "to",
      "whiteSpace" : false
    }, {
      "id" : "s3-t7",
      "begin" : 604,
      "end" : 605,
      "text" : "a",
      "whiteSpace" : false
    }, {
      "id" : "s3-t8",
      "begin" : 606,
      "end" : 611,
      "text" : "stake",
      "whiteSpace" : false
    }, {
      "id" : "s3-t9",
      "begin" : 612,
      "end" : 614,
      "text" : "in",
      "whiteSpace" : false
    }, {
      "id" : "s3-t10",
      "begin" : 615,
      "end" : 619,
      "text" : "said",
      "whiteSpace" : false
    }, {
      "id" : "s3-t11",
      "begin" : 620,
      "end" : 624,
      "text" : "road",
      "whiteSpace" : false
    }, {
      "id" : "s3-t12",
      "begin" : 625,
      "end" : 629,
      "text" : "with",
      "whiteSpace" : false
    }, {
      "id" : "s3-t13",
      "begin" : 629,
      "end" : 630,
      "text" : ",",
      "whiteSpace" : false
    }, {
      "id" : "s3-t14",
      "begin" : 631,
      "end" : 638,
      "text" : "pointer",
      "whiteSpace" : false
    }, {
      "id" : "s3-t15",
      "begin" : 638,
      "end" : 639,
      "text" : ";",
      "whiteSpace" : false
    }, {
      "id" : "s3-t16",
      "begin" : 640,
      "end" : 646,
      "text" : "thence",
      "whiteSpace" : false
    }, {
      "id" : "s3-t17",
      "begin" : 647,
      "end" : 652,
      "text" : "North",
      "whiteSpace" : false
    }, {
      "id" : "s3-t18",
      "begin" : 653,
      "end" : 655,
      "text" : "79",
      "whiteSpace" : false
    }, {
      "id" : "s3-t19",
      "begin" : 655,
      "end" : 656,
      "text" : "?",
      "whiteSpace" : false
    }, {
      "id" : "s3-t20",
      "begin" : 656,
      "end" : 657,
      "text" : "?",
      "whiteSpace" : false
    } ]
  }, {
    "id" : "s4",
    "begin" : 658,
    "end" : 667,
    "text" : "west 17%?",
    "tokens" : [ {
      "id" : "s4-t0",
      "begin" : 658,
      "end" : 662,
      "text" : "west",
      "whiteSpace" : false
    }, {
      "id" : "s4-t1",
      "begin" : 663,
      "end" : 665,
      "text" : "17",
      "whiteSpace" : false
    }, {
      "id" : "s4-t2",
      "begin" : 665,
      "end" : 666,
      "text" : "%",
      "whiteSpace" : false
    }, {
      "id" : "s4-t3",
      "begin" : 666,
      "end" : 667,
      "text" : "?",
      "whiteSpace" : false
    } ]
  }, {
    "id" : "s5",
    "begin" : 668,
    "end" : 883,
    "text" : "poles to a stake in the original west boundary line and 5J1, line; thence South with said line to the point of beginning,, BEING the same property conveyed to me by deed of record in Deed Book 64, page 55, Register?",
    "tokens" : [ {
      "id" : "s5-t0",
      "begin" : 668,
      "end" : 673,
      "text" : "poles",
      "whiteSpace" : false
    }, {
      "id" : "s5-t1",
      "begin" : 674,
      "end" : 676,
      "text" : "to",
      "whiteSpace" : false
    }, {
      "id" : "s5-t2",
      "begin" : 677,
      "end" : 678,
      "text" : "a",
      "whiteSpace" : false
    }, {
      "id" : "s5-t3",
      "begin" : 679,
      "end" : 684,
      "text" : "stake",
      "whiteSpace" : false
    }, {
      "id" : "s5-t4",
      "begin" : 685,
      "end" : 687,
      "text" : "in",
      "whiteSpace" : false
    }, {
      "id" : "s5-t5",
      "begin" : 688,
      "end" : 691,
      "text" : "the",
      "whiteSpace" : false
    }, {
      "id" : "s5-t6",
      "begin" : 692,
      "end" : 700,
      "text" : "original",
      "whiteSpace" : false
    }, {
      "id" : "s5-t7",
      "begin" : 701,
      "end" : 705,
      "text" : "west",
      "whiteSpace" : false
    }, {
      "id" : "s5-t8",
      "begin" : 706,
      "end" : 714,
      "text" : "boundary",
      "whiteSpace" : false
    }, {
      "id" : "s5-t9",
      "begin" : 715,
      "end" : 719,
      "text" : "line",
      "whiteSpace" : false
    }, {
      "id" : "s5-t10",
      "begin" : 720,
      "end" : 723,
      "text" : "and",
      "whiteSpace" : false
    }, {
      "id" : "s5-t11",
      "begin" : 724,
      "end" : 727,
      "text" : "5J1",
      "whiteSpace" : false
    }, {
      "id" : "s5-t12",
      "begin" : 727,
      "end" : 728,
      "text" : ",",
      "whiteSpace" : false
    }, {
      "id" : "s5-t13",
      "begin" : 729,
      "end" : 733,
      "text" : "line",
      "whiteSpace" : false
    }, {
      "id" : "s5-t14",
      "begin" : 733,
      "end" : 734,
      "text" : ";",
      "whiteSpace" : false
    }, {
      "id" : "s5-t15",
      "begin" : 735,
      "end" : 741,
      "text" : "thence",
      "whiteSpace" : false
    }, {
      "id" : "s5-t16",
      "begin" : 742,
      "end" : 747,
      "text" : "South",
      "whiteSpace" : false
    }, {
      "id" : "s5-t17",
      "begin" : 748,
      "end" : 752,
      "text" : "with",
      "whiteSpace" : false
    }, {
      "id" : "s5-t18",
      "begin" : 753,
      "end" : 757,
      "text" : "said",
      "whiteSpace" : false
    }, {
      "id" : "s5-t19",
      "begin" : 758,
      "end" : 762,
      "text" : "line",
      "whiteSpace" : false
    }, {
      "id" : "s5-t20",
      "begin" : 763,
      "end" : 765,
      "text" : "to",
      "whiteSpace" : false
    }, {
      "id" : "s5-t21",
      "begin" : 766,
      "end" : 769,
      "text" : "the",
      "whiteSpace" : false
    }, {
      "id" : "s5-t22",
      "begin" : 770,
      "end" : 775,
      "text" : "point",
      "whiteSpace" : false
    }, {
      "id" : "s5-t23",
      "begin" : 776,
      "end" : 778,
      "text" : "of",
      "whiteSpace" : false
    }, {
      "id" : "s5-t24",
      "begin" : 779,
      "end" : 788,
      "text" : "beginning",
      "whiteSpace" : false
    }, {
      "id" : "s5-t25",
      "begin" : 788,
      "end" : 789,
      "text" : ",",
      "whiteSpace" : false
    }, {
      "id" : "s5-t26",
      "begin" : 789,
      "end" : 790,
      "text" : ",",
      "whiteSpace" : false
    }, {
      "id" : "s5-t27",
      "begin" : 791,
      "end" : 796,
      "text" : "BEING",
      "whiteSpace" : false
    }, {
      "id" : "s5-t28",
      "begin" : 797,
      "end" : 800,
      "text" : "the",
      "whiteSpace" : false
    }, {
      "id" : "s5-t29",
      "begin" : 801,
      "end" : 805,
      "text" : "same",
      "whiteSpace" : false
    }, {
      "id" : "s5-t30",
      "begin" : 806,
      "end" : 814,
      "text" : "property",
      "whiteSpace" : false
    }, {
      "id" : "s5-t31",
      "begin" : 815,
      "end" : 823,
      "text" : "conveyed",
      "whiteSpace" : false
    }, {
      "id" : "s5-t32",
      "begin" : 824,
      "end" : 826,
      "text" : "to",
      "whiteSpace" : false
    }, {
      "id" : "s5-t33",
      "begin" : 827,
      "end" : 829,
      "text" : "me",
      "whiteSpace" : false
    }, {
      "id" : "s5-t34",
      "begin" : 830,
      "end" : 832,
      "text" : "by",
      "whiteSpace" : false
    }, {
      "id" : "s5-t35",
      "begin" : 833,
      "end" : 837,
      "text" : "deed",
      "whiteSpace" : false
    }, {
      "id" : "s5-t36",
      "begin" : 838,
      "end" : 840,
      "text" : "of",
      "whiteSpace" : false
    }, {
      "id" : "s5-t37",
      "begin" : 841,
      "end" : 847,
      "text" : "record",
      "whiteSpace" : false
    }, {
      "id" : "s5-t38",
      "begin" : 848,
      "end" : 850,
      "text" : "in",
      "whiteSpace" : false
    }, {
      "id" : "s5-t39",
      "begin" : 851,
      "end" : 855,
      "text" : "Deed",
      "whiteSpace" : false
    }, {
      "id" : "s5-t40",
      "begin" : 856,
      "end" : 860,
      "text" : "Book",
      "whiteSpace" : false
    }, {
      "id" : "s5-t41",
      "begin" : 861,
      "end" : 863,
      "text" : "64",
      "whiteSpace" : false
    }, {
      "id" : "s5-t42",
      "begin" : 863,
      "end" : 864,
      "text" : ",",
      "whiteSpace" : false
    }, {
      "id" : "s5-t43",
      "begin" : 865,
      "end" : 869,
      "text" : "page",
      "whiteSpace" : false
    }, {
      "id" : "s5-t44",
      "begin" : 870,
      "end" : 872,
      "text" : "55",
      "whiteSpace" : false
    }, {
      "id" : "s5-t45",
      "begin" : 872,
      "end" : 873,
      "text" : ",",
      "whiteSpace" : false
    }, {
      "id" : "s5-t46",
      "begin" : 874,
      "end" : 882,
      "text" : "Register",
      "whiteSpace" : false
    }, {
      "id" : "s5-t47",
      "begin" : 882,
      "end" : 883,
      "text" : "?",
      "whiteSpace" : false
    } ]
  }, {
    "id" : "s6",
    "begin" : 883,
    "end" : 1070,
    "text" : "??s, Tennessee, and wherein I also inherited an undivided interest by intestate succession to my father, P.G. McKeel., jM Mfr/8w; ,4th Gladys McKeel Garber, ATTORNEY i \" NOTARY PUBLIC IL.",
    "tokens" : [ {
      "id" : "s6-t0",
      "begin" : 883,
      "end" : 886,
      "text" : "??s",
      "whiteSpace" : false
    }, {
      "id" : "s6-t1",
      "begin" : 886,
      "end" : 887,
      "text" : ",",
      "whiteSpace" : false
    }, {
      "id" : "s6-t2",
      "begin" : 888,
      "end" : 897,
      "text" : "Tennessee",
      "whiteSpace" : false
    }, {
      "id" : "s6-t3",
      "begin" : 897,
      "end" : 898,
      "text" : ",",
      "whiteSpace" : false
    }, {
      "id" : "s6-t4",
      "begin" : 899,
      "end" : 902,
      "text" : "and",
      "whiteSpace" : false
    }, {
      "id" : "s6-t5",
      "begin" : 903,
      "end" : 910,
      "text" : "wherein",
      "whiteSpace" : false
    }, {
      "id" : "s6-t6",
      "begin" : 911,
      "end" : 912,
      "text" : "I",
      "whiteSpace" : false
    }, {
      "id" : "s6-t7",
      "begin" : 913,
      "end" : 917,
      "text" : "also",
      "whiteSpace" : false
    }, {
      "id" : "s6-t8",
      "begin" : 918,
      "end" : 927,
      "text" : "inherited",
      "whiteSpace" : false
    }, {
      "id" : "s6-t9",
      "begin" : 928,
      "end" : 930,
      "text" : "an",
      "whiteSpace" : false
    }, {
      "id" : "s6-t10",
      "begin" : 931,
      "end" : 940,
      "text" : "undivided",
      "whiteSpace" : false
    }, {
      "id" : "s6-t11",
      "begin" : 941,
      "end" : 949,
      "text" : "interest",
      "whiteSpace" : false
    }, {
      "id" : "s6-t12",
      "begin" : 950,
      "end" : 952,
      "text" : "by",
      "whiteSpace" : false
    }, {
      "id" : "s6-t13",
      "begin" : 953,
      "end" : 962,
      "text" : "intestate",
      "whiteSpace" : false
    }, {
      "id" : "s6-t14",
      "begin" : 963,
      "end" : 973,
      "text" : "succession",
      "whiteSpace" : false
    }, {
      "id" : "s6-t15",
      "begin" : 974,
      "end" : 976,
      "text" : "to",
      "whiteSpace" : false
    }, {
      "id" : "s6-t16",
      "begin" : 977,
      "end" : 979,
      "text" : "my",
      "whiteSpace" : false
    }, {
      "id" : "s6-t17",
      "begin" : 980,
      "end" : 986,
      "text" : "father",
      "whiteSpace" : false
    }, {
      "id" : "s6-t18",
      "begin" : 986,
      "end" : 987,
      "text" : ",",
      "whiteSpace" : false
    }, {
      "id" : "s6-t19",
      "begin" : 988,
      "end" : 992,
      "text" : "P.G.",
      "whiteSpace" : false
    }, {
      "id" : "s6-t20",
      "begin" : 993,
      "end" : 1000,
      "text" : "McKeel.",
      "whiteSpace" : false
    }, {
      "id" : "s6-t21",
      "begin" : 1000,
      "end" : 1001,
      "text" : ",",
      "whiteSpace" : false
    }, {
      "id" : "s6-t22",
      "begin" : 1002,
      "end" : 1004,
      "text" : "jM",
      "whiteSpace" : false
    }, {
      "id" : "s6-t23",
      "begin" : 1005,
      "end" : 1012,
      "text" : "Mfr/8w;",
      "whiteSpace" : false
    }, {
      "id" : "s6-t24",
      "begin" : 1013,
      "end" : 1014,
      "text" : ",",
      "whiteSpace" : false
    }, {
      "id" : "s6-t25",
      "begin" : 1014,
      "end" : 1017,
      "text" : "4th",
      "whiteSpace" : false
    }, {
      "id" : "s6-t26",
      "begin" : 1018,
      "end" : 1024,
      "text" : "Gladys",
      "whiteSpace" : false
    }, {
      "id" : "s6-t27",
      "begin" : 1025,
      "end" : 1031,
      "text" : "McKeel",
      "whiteSpace" : false
    }, {
      "id" : "s6-t28",
      "begin" : 1032,
      "end" : 1038,
      "text" : "Garber",
      "whiteSpace" : false
    }, {
      "id" : "s6-t29",
      "begin" : 1038,
      "end" : 1039,
      "text" : ",",
      "whiteSpace" : false
    }, {
      "id" : "s6-t30",
      "begin" : 1040,
      "end" : 1048,
      "text" : "ATTORNEY",
      "whiteSpace" : false
    }, {
      "id" : "s6-t31",
      "begin" : 1049,
      "end" : 1050,
      "text" : "i",
      "whiteSpace" : false
    }, {
      "id" : "s6-t32",
      "begin" : 1051,
      "end" : 1052,
      "text" : "\"",
      "whiteSpace" : false
    }, {
      "id" : "s6-t33",
      "begin" : 1053,
      "end" : 1059,
      "text" : "NOTARY",
      "whiteSpace" : false
    }, {
      "id" : "s6-t34",
      "begin" : 1060,
      "end" : 1066,
      "text" : "PUBLIC",
      "whiteSpace" : false
    }, {
      "id" : "s6-t35",
      "begin" : 1067,
      "end" : 1069,
      "text" : "IL",
      "whiteSpace" : false
    }, {
      "id" : "s6-t36",
      "begin" : 1069,
      "end" : 1070,
      "text" : ".",
      "whiteSpace" : false
    } ]
  }, {
    "id" : "s7",
    "begin" : 1070,
    "end" : 1073,
    "text" : "???",
    "tokens" : [ {
      "id" : "s7-t0",
      "begin" : 1070,
      "end" : 1072,
      "text" : "??",
      "whiteSpace" : false
    }, {
      "id" : "s7-t1",
      "begin" : 1072,
      "end" : 1073,
      "text" : "?",
      "whiteSpace" : false
    } ]
  }, {
    "id" : "s8",
    "begin" : 1074,
    "end" : 1078,
    "text" : "L i.",
    "tokens" : [ {
      "id" : "s8-t0",
      "begin" : 1074,
      "end" : 1075,
      "text" : "L",
      "whiteSpace" : false
    }, {
      "id" : "s8-t1",
      "begin" : 1076,
      "end" : 1077,
      "text" : "i",
      "whiteSpace" : false
    }, {
      "id" : "s8-t2",
      "begin" : 1077,
      "end" : 1078,
      "text" : ".",
      "whiteSpace" : false
    } ]
  }, {
    "id" : "s9",
    "begin" : 1078,
    "end" : 1081,
    "text" : "???",
    "tokens" : [ {
      "id" : "s9-t0",
      "begin" : 1078,
      "end" : 1080,
      "text" : "??",
      "whiteSpace" : false
    }, {
      "id" : "s9-t1",
      "begin" : 1080,
      "end" : 1081,
      "text" : "?",
      "whiteSpace" : false
    } ]
  }, {
    "id" : "s10",
    "begin" : 1082,
    "end" : 1399,
    "text" : "earns OF T OFFICIAL 823A, The names and address of the new owners to whom the tax statement should be sent are Mr. &amp; Mrs. George F., Garber, 2235 Williams Hollow Road, McEwen, TenneSSee 37101., I swear that the actual consideration for this transfer, or value of the property transferred, whicheVer is greater, is",
    "tokens" : [ {
      "id" : "s10-t0",
      "begin" : 1082,
      "end" : 1087,
      "text" : "earns",
      "whiteSpace" : false
    }, {
      "id" : "s10-t1",
      "begin" : 1088,
      "end" : 1090,
      "text" : "OF",
      "whiteSpace" : false
    }, {
      "id" : "s10-t2",
      "begin" : 1091,
      "end" : 1092,
      "text" : "T",
      "whiteSpace" : false
    }, {
      "id" : "s10-t3",
      "begin" : 1093,
      "end" : 1101,
      "text" : "OFFICIAL",
      "whiteSpace" : false
    }, {
      "id" : "s10-t4",
      "begin" : 1102,
      "end" : 1106,
      "text" : "823A",
      "whiteSpace" : false
    }, {
      "id" : "s10-t5",
      "begin" : 1106,
      "end" : 1107,
      "text" : ",",
      "whiteSpace" : false
    }, {
      "id" : "s10-t6",
      "begin" : 1108,
      "end" : 1111,
      "text" : "The",
      "whiteSpace" : false
    }, {
      "id" : "s10-t7",
      "begin" : 1112,
      "end" : 1117,
      "text" : "names",
      "whiteSpace" : false
    }, {
      "id" : "s10-t8",
      "begin" : 1118,
      "end" : 1121,
      "text" : "and",
      "whiteSpace" : false
    }, {
      "id" : "s10-t9",
      "begin" : 1122,
      "end" : 1129,
      "text" : "address",
      "whiteSpace" : false
    }, {
      "id" : "s10-t10",
      "begin" : 1130,
      "end" : 1132,
      "text" : "of",
      "whiteSpace" : false
    }, {
      "id" : "s10-t11",
      "begin" : 1133,
      "end" : 1136,
      "text" : "the",
      "whiteSpace" : false
    }, {
      "id" : "s10-t12",
      "begin" : 1137,
      "end" : 1140,
      "text" : "new",
      "whiteSpace" : false
    }, {
      "id" : "s10-t13",
      "begin" : 1141,
      "end" : 1147,
      "text" : "owners",
      "whiteSpace" : false
    }, {
      "id" : "s10-t14",
      "begin" : 1148,
      "end" : 1150,
      "text" : "to",
      "whiteSpace" : false
    }, {
      "id" : "s10-t15",
      "begin" : 1151,
      "end" : 1155,
      "text" : "whom",
      "whiteSpace" : false
    }, {
      "id" : "s10-t16",
      "begin" : 1156,
      "end" : 1159,
      "text" : "the",
      "whiteSpace" : false
    }, {
      "id" : "s10-t17",
      "begin" : 1160,
      "end" : 1163,
      "text" : "tax",
      "whiteSpace" : false
    }, {
      "id" : "s10-t18",
      "begin" : 1164,
      "end" : 1173,
      "text" : "statement",
      "whiteSpace" : false
    }, {
      "id" : "s10-t19",
      "begin" : 1174,
      "end" : 1180,
      "text" : "should",
      "whiteSpace" : false
    }, {
      "id" : "s10-t20",
      "begin" : 1181,
      "end" : 1183,
      "text" : "be",
      "whiteSpace" : false
    }, {
      "id" : "s10-t21",
      "begin" : 1184,
      "end" : 1188,
      "text" : "sent",
      "whiteSpace" : false
    }, {
      "id" : "s10-t22",
      "begin" : 1189,
      "end" : 1192,
      "text" : "are",
      "whiteSpace" : false
    }, {
      "id" : "s10-t23",
      "begin" : 1193,
      "end" : 1196,
      "text" : "Mr.",
      "whiteSpace" : false
    }, {
      "id" : "s10-t24",
      "begin" : 1197,
      "end" : 1202,
      "text" : "&amp;",
      "whiteSpace" : false
    }, {
      "id" : "s10-t25",
      "begin" : 1203,
      "end" : 1207,
      "text" : "Mrs.",
      "whiteSpace" : false
    }, {
      "id" : "s10-t26",
      "begin" : 1208,
      "end" : 1214,
      "text" : "George",
      "whiteSpace" : false
    }, {
      "id" : "s10-t27",
      "begin" : 1215,
      "end" : 1217,
      "text" : "F.",
      "whiteSpace" : false
    }, {
      "id" : "s10-t28",
      "begin" : 1217,
      "end" : 1218,
      "text" : ",",
      "whiteSpace" : false
    }, {
      "id" : "s10-t29",
      "begin" : 1219,
      "end" : 1225,
      "text" : "Garber",
      "whiteSpace" : false
    }, {
      "id" : "s10-t30",
      "begin" : 1225,
      "end" : 1226,
      "text" : ",",
      "whiteSpace" : false
    }, {
      "id" : "s10-t31",
      "begin" : 1227,
      "end" : 1231,
      "text" : "2235",
      "whiteSpace" : false
    }, {
      "id" : "s10-t32",
      "begin" : 1232,
      "end" : 1240,
      "text" : "Williams",
      "whiteSpace" : false
    }, {
      "id" : "s10-t33",
      "begin" : 1241,
      "end" : 1247,
      "text" : "Hollow",
      "whiteSpace" : false
    }, {
      "id" : "s10-t34",
      "begin" : 1248,
      "end" : 1252,
      "text" : "Road",
      "whiteSpace" : false
    }, {
      "id" : "s10-t35",
      "begin" : 1252,
      "end" : 1253,
      "text" : ",",
      "whiteSpace" : false
    }, {
      "id" : "s10-t36",
      "begin" : 1254,
      "end" : 1260,
      "text" : "McEwen",
      "whiteSpace" : false
    }, {
      "id" : "s10-t37",
      "begin" : 1260,
      "end" : 1261,
      "text" : ",",
      "whiteSpace" : false
    }, {
      "id" : "s10-t38",
      "begin" : 1262,
      "end" : 1271,
      "text" : "TenneSSee",
      "whiteSpace" : false
    }, {
      "id" : "s10-t39",
      "begin" : 1272,
      "end" : 1277,
      "text" : "37101",
      "whiteSpace" : false
    }, {
      "id" : "s10-t40",
      "begin" : 1277,
      "end" : 1278,
      "text" : ".",
      "whiteSpace" : false
    }, {
      "id" : "s10-t41",
      "begin" : 1278,
      "end" : 1279,
      "text" : ",",
      "whiteSpace" : false
    }, {
      "id" : "s10-t42",
      "begin" : 1280,
      "end" : 1281,
      "text" : "I",
      "whiteSpace" : false
    }, {
      "id" : "s10-t43",
      "begin" : 1282,
      "end" : 1287,
      "text" : "swear",
      "whiteSpace" : false
    }, {
      "id" : "s10-t44",
      "begin" : 1288,
      "end" : 1292,
      "text" : "that",
      "whiteSpace" : false
    }, {
      "id" : "s10-t45",
      "begin" : 1293,
      "end" : 1296,
      "text" : "the",
      "whiteSpace" : false
    }, {
      "id" : "s10-t46",
      "begin" : 1297,
      "end" : 1303,
      "text" : "actual",
      "whiteSpace" : false
    }, {
      "id" : "s10-t47",
      "begin" : 1304,
      "end" : 1317,
      "text" : "consideration",
      "whiteSpace" : false
    }, {
      "id" : "s10-t48",
      "begin" : 1318,
      "end" : 1321,
      "text" : "for",
      "whiteSpace" : false
    }, {
      "id" : "s10-t49",
      "begin" : 1322,
      "end" : 1326,
      "text" : "this",
      "whiteSpace" : false
    }, {
      "id" : "s10-t50",
      "begin" : 1327,
      "end" : 1335,
      "text" : "transfer",
      "whiteSpace" : false
    }, {
      "id" : "s10-t51",
      "begin" : 1335,
      "end" : 1336,
      "text" : ",",
      "whiteSpace" : false
    }, {
      "id" : "s10-t52",
      "begin" : 1337,
      "end" : 1339,
      "text" : "or",
      "whiteSpace" : false
    }, {
      "id" : "s10-t53",
      "begin" : 1340,
      "end" : 1345,
      "text" : "value",
      "whiteSpace" : false
    }, {
      "id" : "s10-t54",
      "begin" : 1346,
      "end" : 1348,
      "text" : "of",
      "whiteSpace" : false
    }, {
      "id" : "s10-t55",
      "begin" : 1349,
      "end" : 1352,
      "text" : "the",
      "whiteSpace" : false
    }, {
      "id" : "s10-t56",
      "begin" : 1353,
      "end" : 1361,
      "text" : "property",
      "whiteSpace" : false
    }, {
      "id" : "s10-t57",
      "begin" : 1362,
      "end" : 1373,
      "text" : "transferred",
      "whiteSpace" : false
    }, {
      "id" : "s10-t58",
      "begin" : 1373,
      "end" : 1374,
      "text" : ",",
      "whiteSpace" : false
    }, {
      "id" : "s10-t59",
      "begin" : 1375,
      "end" : 1384,
      "text" : "whicheVer",
      "whiteSpace" : false
    }, {
      "id" : "s10-t60",
      "begin" : 1385,
      "end" : 1387,
      "text" : "is",
      "whiteSpace" : false
    }, {
      "id" : "s10-t61",
      "begin" : 1388,
      "end" : 1395,
      "text" : "greater",
      "whiteSpace" : false
    }, {
      "id" : "s10-t62",
      "begin" : 1395,
      "end" : 1396,
      "text" : ",",
      "whiteSpace" : false
    }, {
      "id" : "s10-t63",
      "begin" : 1397,
      "end" : 1399,
      "text" : "is",
      "whiteSpace" : false
    } ]
  } ],
  "mentions" : [ {
    "id" : "s5-m1",
    "properties" : {
      "SIRE_MENTION_ROLE" : "WarrDeedBookNum",
      "SIRE_ENTITY_SUBTYPE" : "NONE",
      "SIRE_MENTION_TYPE" : "NONE",
      "SIRE_MENTION_CLASS" : "SPC"
    },
    "type" : "WarrDeedBookNum",
    "begin" : 861,
    "end" : 863,
    "inCoref" : false
  }, {
    "id" : "s5-m2",
    "properties" : {
      "SIRE_MENTION_ROLE" : "WarrDeedPageNum",
      "SIRE_ENTITY_SUBTYPE" : "NONE",
      "SIRE_MENTION_TYPE" : "NONE",
      "SIRE_MENTION_CLASS" : "SPC"
    },
    "type" : "WarrDeedPageNum",
    "begin" : 870,
    "end" : 872,
    "inCoref" : false
  } ],
  "relations" : [ ],
  "corefs" : [ ],
  "typeResolved" : true,
  "userResolved" : false
}