{
  "id" : "b0cf1d00-50ef-11e9-864f-311976351dcc-11",
  "name" : "WD191-5.txt",
  "createdDate" : 1553732600528,
  "version" : 3,
  "text" : "For and in consideration of the sum of Two Hundred Ninety~???ve Thousand Dollars ($295,000.00), cash in hand paid, and other good and valuable considerations, the receipt of which is hereby acknowledged, we MITZIE S. MCDONNELL and husband, MATTHEW FRANCIS MCDONNELL III, this date have bargained and sold, and by these presents do transfer and convey unto PETER K. SCHELDT and wife, DONNA K. SCHELDT, their heirs and assigns, a certain tract or parcel of land in the Third Civil District of Hurnphreys County, Tennessee, and being more particularly described as follows",
  "docLength" : 0,
  "language" : "EN",
  "status" : "SUBMITTED",
  "modifiedDate" : 1553737547621,
  "documentSet" : [ ],
  "preannotation" : [ ],
  "sentences" : [ {
    "id" : "s0",
    "begin" : 0,
    "end" : 569,
    "text" : "For and in consideration of the sum of Two Hundred Ninety~???ve Thousand Dollars ($295,000.00), cash in hand paid, and other good and valuable considerations, the receipt of which is hereby acknowledged, we MITZIE S. MCDONNELL and husband, MATTHEW FRANCIS MCDONNELL III, this date have bargained and sold, and by these presents do transfer and convey unto PETER K. SCHELDT and wife, DONNA K. SCHELDT, their heirs and assigns, a certain tract or parcel of land in the Third Civil District of Hurnphreys County, Tennessee, and being more particularly described as follows",
    "tokens" : [ {
      "id" : "s0-t0",
      "begin" : 0,
      "end" : 3,
      "text" : "For",
      "whiteSpace" : false
    }, {
      "id" : "s0-t1",
      "begin" : 4,
      "end" : 7,
      "text" : "and",
      "whiteSpace" : false
    }, {
      "id" : "s0-t2",
      "begin" : 8,
      "end" : 10,
      "text" : "in",
      "whiteSpace" : false
    }, {
      "id" : "s0-t3",
      "begin" : 11,
      "end" : 24,
      "text" : "consideration",
      "whiteSpace" : false
    }, {
      "id" : "s0-t4",
      "begin" : 25,
      "end" : 27,
      "text" : "of",
      "whiteSpace" : false
    }, {
      "id" : "s0-t5",
      "begin" : 28,
      "end" : 31,
      "text" : "the",
      "whiteSpace" : false
    }, {
      "id" : "s0-t6",
      "begin" : 32,
      "end" : 35,
      "text" : "sum",
      "whiteSpace" : false
    }, {
      "id" : "s0-t7",
      "begin" : 36,
      "end" : 38,
      "text" : "of",
      "whiteSpace" : false
    }, {
      "id" : "s0-t8",
      "begin" : 39,
      "end" : 42,
      "text" : "Two",
      "whiteSpace" : false
    }, {
      "id" : "s0-t9",
      "begin" : 43,
      "end" : 50,
      "text" : "Hundred",
      "whiteSpace" : false
    }, {
      "id" : "s0-t10",
      "begin" : 51,
      "end" : 57,
      "text" : "Ninety",
      "whiteSpace" : false
    }, {
      "id" : "s0-t11",
      "begin" : 57,
      "end" : 58,
      "text" : "~",
      "whiteSpace" : false
    }, {
      "id" : "s0-t12",
      "begin" : 58,
      "end" : 63,
      "text" : "???ve",
      "whiteSpace" : false
    }, {
      "id" : "s0-t13",
      "begin" : 64,
      "end" : 72,
      "text" : "Thousand",
      "whiteSpace" : false
    }, {
      "id" : "s0-t14",
      "begin" : 73,
      "end" : 80,
      "text" : "Dollars",
      "whiteSpace" : false
    }, {
      "id" : "s0-t15",
      "begin" : 81,
      "end" : 82,
      "text" : "(",
      "whiteSpace" : false
    }, {
      "id" : "s0-t16",
      "begin" : 82,
      "end" : 83,
      "text" : "$",
      "whiteSpace" : false
    }, {
      "id" : "s0-t17",
      "begin" : 83,
      "end" : 93,
      "text" : "295,000.00",
      "whiteSpace" : false
    }, {
      "id" : "s0-t18",
      "begin" : 93,
      "end" : 94,
      "text" : ")",
      "whiteSpace" : false
    }, {
      "id" : "s0-t19",
      "begin" : 94,
      "end" : 95,
      "text" : ",",
      "whiteSpace" : false
    }, {
      "id" : "s0-t20",
      "begin" : 96,
      "end" : 100,
      "text" : "cash",
      "whiteSpace" : false
    }, {
      "id" : "s0-t21",
      "begin" : 101,
      "end" : 103,
      "text" : "in",
      "whiteSpace" : false
    }, {
      "id" : "s0-t22",
      "begin" : 104,
      "end" : 108,
      "text" : "hand",
      "whiteSpace" : false
    }, {
      "id" : "s0-t23",
      "begin" : 109,
      "end" : 113,
      "text" : "paid",
      "whiteSpace" : false
    }, {
      "id" : "s0-t24",
      "begin" : 113,
      "end" : 114,
      "text" : ",",
      "whiteSpace" : false
    }, {
      "id" : "s0-t25",
      "begin" : 115,
      "end" : 118,
      "text" : "and",
      "whiteSpace" : false
    }, {
      "id" : "s0-t26",
      "begin" : 119,
      "end" : 124,
      "text" : "other",
      "whiteSpace" : false
    }, {
      "id" : "s0-t27",
      "begin" : 125,
      "end" : 129,
      "text" : "good",
      "whiteSpace" : false
    }, {
      "id" : "s0-t28",
      "begin" : 130,
      "end" : 133,
      "text" : "and",
      "whiteSpace" : false
    }, {
      "id" : "s0-t29",
      "begin" : 134,
      "end" : 142,
      "text" : "valuable",
      "whiteSpace" : false
    }, {
      "id" : "s0-t30",
      "begin" : 143,
      "end" : 157,
      "text" : "considerations",
      "whiteSpace" : false
    }, {
      "id" : "s0-t31",
      "begin" : 157,
      "end" : 158,
      "text" : ",",
      "whiteSpace" : false
    }, {
      "id" : "s0-t32",
      "begin" : 159,
      "end" : 162,
      "text" : "the",
      "whiteSpace" : false
    }, {
      "id" : "s0-t33",
      "begin" : 163,
      "end" : 170,
      "text" : "receipt",
      "whiteSpace" : false
    }, {
      "id" : "s0-t34",
      "begin" : 171,
      "end" : 173,
      "text" : "of",
      "whiteSpace" : false
    }, {
      "id" : "s0-t35",
      "begin" : 174,
      "end" : 179,
      "text" : "which",
      "whiteSpace" : false
    }, {
      "id" : "s0-t36",
      "begin" : 180,
      "end" : 182,
      "text" : "is",
      "whiteSpace" : false
    }, {
      "id" : "s0-t37",
      "begin" : 183,
      "end" : 189,
      "text" : "hereby",
      "whiteSpace" : false
    }, {
      "id" : "s0-t38",
      "begin" : 190,
      "end" : 202,
      "text" : "acknowledged",
      "whiteSpace" : false
    }, {
      "id" : "s0-t39",
      "begin" : 202,
      "end" : 203,
      "text" : ",",
      "whiteSpace" : false
    }, {
      "id" : "s0-t40",
      "begin" : 204,
      "end" : 206,
      "text" : "we",
      "whiteSpace" : false
    }, {
      "id" : "s0-t41",
      "begin" : 207,
      "end" : 213,
      "text" : "MITZIE",
      "whiteSpace" : false
    }, {
      "id" : "s0-t42",
      "begin" : 214,
      "end" : 216,
      "text" : "S.",
      "whiteSpace" : false
    }, {
      "id" : "s0-t43",
      "begin" : 217,
      "end" : 226,
      "text" : "MCDONNELL",
      "whiteSpace" : false
    }, {
      "id" : "s0-t44",
      "begin" : 227,
      "end" : 230,
      "text" : "and",
      "whiteSpace" : false
    }, {
      "id" : "s0-t45",
      "begin" : 231,
      "end" : 238,
      "text" : "husband",
      "whiteSpace" : false
    }, {
      "id" : "s0-t46",
      "begin" : 238,
      "end" : 239,
      "text" : ",",
      "whiteSpace" : false
    }, {
      "id" : "s0-t47",
      "begin" : 240,
      "end" : 247,
      "text" : "MATTHEW",
      "whiteSpace" : false
    }, {
      "id" : "s0-t48",
      "begin" : 248,
      "end" : 255,
      "text" : "FRANCIS",
      "whiteSpace" : false
    }, {
      "id" : "s0-t49",
      "begin" : 256,
      "end" : 265,
      "text" : "MCDONNELL",
      "whiteSpace" : false
    }, {
      "id" : "s0-t50",
      "begin" : 266,
      "end" : 269,
      "text" : "III",
      "whiteSpace" : false
    }, {
      "id" : "s0-t51",
      "begin" : 269,
      "end" : 270,
      "text" : ",",
      "whiteSpace" : false
    }, {
      "id" : "s0-t52",
      "begin" : 271,
      "end" : 275,
      "text" : "this",
      "whiteSpace" : false
    }, {
      "id" : "s0-t53",
      "begin" : 276,
      "end" : 280,
      "text" : "date",
      "whiteSpace" : false
    }, {
      "id" : "s0-t54",
      "begin" : 281,
      "end" : 285,
      "text" : "have",
      "whiteSpace" : false
    }, {
      "id" : "s0-t55",
      "begin" : 286,
      "end" : 295,
      "text" : "bargained",
      "whiteSpace" : false
    }, {
      "id" : "s0-t56",
      "begin" : 296,
      "end" : 299,
      "text" : "and",
      "whiteSpace" : false
    }, {
      "id" : "s0-t57",
      "begin" : 300,
      "end" : 304,
      "text" : "sold",
      "whiteSpace" : false
    }, {
      "id" : "s0-t58",
      "begin" : 304,
      "end" : 305,
      "text" : ",",
      "whiteSpace" : false
    }, {
      "id" : "s0-t59",
      "begin" : 306,
      "end" : 309,
      "text" : "and",
      "whiteSpace" : false
    }, {
      "id" : "s0-t60",
      "begin" : 310,
      "end" : 312,
      "text" : "by",
      "whiteSpace" : false
    }, {
      "id" : "s0-t61",
      "begin" : 313,
      "end" : 318,
      "text" : "these",
      "whiteSpace" : false
    }, {
      "id" : "s0-t62",
      "begin" : 319,
      "end" : 327,
      "text" : "presents",
      "whiteSpace" : false
    }, {
      "id" : "s0-t63",
      "begin" : 328,
      "end" : 330,
      "text" : "do",
      "whiteSpace" : false
    }, {
      "id" : "s0-t64",
      "begin" : 331,
      "end" : 339,
      "text" : "transfer",
      "whiteSpace" : false
    }, {
      "id" : "s0-t65",
      "begin" : 340,
      "end" : 343,
      "text" : "and",
      "whiteSpace" : false
    }, {
      "id" : "s0-t66",
      "begin" : 344,
      "end" : 350,
      "text" : "convey",
      "whiteSpace" : false
    }, {
      "id" : "s0-t67",
      "begin" : 351,
      "end" : 355,
      "text" : "unto",
      "whiteSpace" : false
    }, {
      "id" : "s0-t68",
      "begin" : 356,
      "end" : 361,
      "text" : "PETER",
      "whiteSpace" : false
    }, {
      "id" : "s0-t69",
      "begin" : 362,
      "end" : 364,
      "text" : "K.",
      "whiteSpace" : false
    }, {
      "id" : "s0-t70",
      "begin" : 365,
      "end" : 372,
      "text" : "SCHELDT",
      "whiteSpace" : false
    }, {
      "id" : "s0-t71",
      "begin" : 373,
      "end" : 376,
      "text" : "and",
      "whiteSpace" : false
    }, {
      "id" : "s0-t72",
      "begin" : 377,
      "end" : 381,
      "text" : "wife",
      "whiteSpace" : false
    }, {
      "id" : "s0-t73",
      "begin" : 381,
      "end" : 382,
      "text" : ",",
      "whiteSpace" : false
    }, {
      "id" : "s0-t74",
      "begin" : 383,
      "end" : 388,
      "text" : "DONNA",
      "whiteSpace" : false
    }, {
      "id" : "s0-t75",
      "begin" : 389,
      "end" : 391,
      "text" : "K.",
      "whiteSpace" : false
    }, {
      "id" : "s0-t76",
      "begin" : 392,
      "end" : 399,
      "text" : "SCHELDT",
      "whiteSpace" : false
    }, {
      "id" : "s0-t77",
      "begin" : 399,
      "end" : 400,
      "text" : ",",
      "whiteSpace" : false
    }, {
      "id" : "s0-t78",
      "begin" : 401,
      "end" : 406,
      "text" : "their",
      "whiteSpace" : false
    }, {
      "id" : "s0-t79",
      "begin" : 407,
      "end" : 412,
      "text" : "heirs",
      "whiteSpace" : false
    }, {
      "id" : "s0-t80",
      "begin" : 413,
      "end" : 416,
      "text" : "and",
      "whiteSpace" : false
    }, {
      "id" : "s0-t81",
      "begin" : 417,
      "end" : 424,
      "text" : "assigns",
      "whiteSpace" : false
    }, {
      "id" : "s0-t82",
      "begin" : 424,
      "end" : 425,
      "text" : ",",
      "whiteSpace" : false
    }, {
      "id" : "s0-t83",
      "begin" : 426,
      "end" : 427,
      "text" : "a",
      "whiteSpace" : false
    }, {
      "id" : "s0-t84",
      "begin" : 428,
      "end" : 435,
      "text" : "certain",
      "whiteSpace" : false
    }, {
      "id" : "s0-t85",
      "begin" : 436,
      "end" : 441,
      "text" : "tract",
      "whiteSpace" : false
    }, {
      "id" : "s0-t86",
      "begin" : 442,
      "end" : 444,
      "text" : "or",
      "whiteSpace" : false
    }, {
      "id" : "s0-t87",
      "begin" : 445,
      "end" : 451,
      "text" : "parcel",
      "whiteSpace" : false
    }, {
      "id" : "s0-t88",
      "begin" : 452,
      "end" : 454,
      "text" : "of",
      "whiteSpace" : false
    }, {
      "id" : "s0-t89",
      "begin" : 455,
      "end" : 459,
      "text" : "land",
      "whiteSpace" : false
    }, {
      "id" : "s0-t90",
      "begin" : 460,
      "end" : 462,
      "text" : "in",
      "whiteSpace" : false
    }, {
      "id" : "s0-t91",
      "begin" : 463,
      "end" : 466,
      "text" : "the",
      "whiteSpace" : false
    }, {
      "id" : "s0-t92",
      "begin" : 467,
      "end" : 472,
      "text" : "Third",
      "whiteSpace" : false
    }, {
      "id" : "s0-t93",
      "begin" : 473,
      "end" : 478,
      "text" : "Civil",
      "whiteSpace" : false
    }, {
      "id" : "s0-t94",
      "begin" : 479,
      "end" : 487,
      "text" : "District",
      "whiteSpace" : false
    }, {
      "id" : "s0-t95",
      "begin" : 488,
      "end" : 490,
      "text" : "of",
      "whiteSpace" : false
    }, {
      "id" : "s0-t96",
      "begin" : 491,
      "end" : 501,
      "text" : "Hurnphreys",
      "whiteSpace" : false
    }, {
      "id" : "s0-t97",
      "begin" : 502,
      "end" : 508,
      "text" : "County",
      "whiteSpace" : false
    }, {
      "id" : "s0-t98",
      "begin" : 508,
      "end" : 509,
      "text" : ",",
      "whiteSpace" : false
    }, {
      "id" : "s0-t99",
      "begin" : 510,
      "end" : 519,
      "text" : "Tennessee",
      "whiteSpace" : false
    }, {
      "id" : "s0-t100",
      "begin" : 519,
      "end" : 520,
      "text" : ",",
      "whiteSpace" : false
    }, {
      "id" : "s0-t101",
      "begin" : 521,
      "end" : 524,
      "text" : "and",
      "whiteSpace" : false
    }, {
      "id" : "s0-t102",
      "begin" : 525,
      "end" : 530,
      "text" : "being",
      "whiteSpace" : false
    }, {
      "id" : "s0-t103",
      "begin" : 531,
      "end" : 535,
      "text" : "more",
      "whiteSpace" : false
    }, {
      "id" : "s0-t104",
      "begin" : 536,
      "end" : 548,
      "text" : "particularly",
      "whiteSpace" : false
    }, {
      "id" : "s0-t105",
      "begin" : 549,
      "end" : 558,
      "text" : "described",
      "whiteSpace" : false
    }, {
      "id" : "s0-t106",
      "begin" : 559,
      "end" : 561,
      "text" : "as",
      "whiteSpace" : false
    }, {
      "id" : "s0-t107",
      "begin" : 562,
      "end" : 569,
      "text" : "follows",
      "whiteSpace" : false
    } ]
  } ],
  "mentions" : [ {
    "id" : "s0-m2",
    "properties" : {
      "SIRE_MENTION_ROLE" : "Grantor",
      "SIRE_ENTITY_SUBTYPE" : "NONE",
      "SIRE_MENTION_TYPE" : "NONE",
      "SIRE_MENTION_CLASS" : "SPC"
    },
    "type" : "Grantor",
    "begin" : 207,
    "end" : 226,
    "inCoref" : false
  }, {
    "id" : "s0-m1",
    "properties" : {
      "SIRE_MENTION_ROLE" : "Grantor",
      "SIRE_ENTITY_SUBTYPE" : "NONE",
      "SIRE_MENTION_TYPE" : "NONE",
      "SIRE_MENTION_CLASS" : "SPC"
    },
    "type" : "Grantor",
    "begin" : 240,
    "end" : 269,
    "inCoref" : false
  }, {
    "id" : "s0-m3",
    "properties" : {
      "SIRE_MENTION_ROLE" : "Grantee",
      "SIRE_ENTITY_SUBTYPE" : "NONE",
      "SIRE_MENTION_TYPE" : "NONE",
      "SIRE_MENTION_CLASS" : "SPC"
    },
    "type" : "Grantee",
    "begin" : 356,
    "end" : 372,
    "inCoref" : false
  }, {
    "id" : "s0-m4",
    "properties" : {
      "SIRE_MENTION_ROLE" : "Grantee",
      "SIRE_ENTITY_SUBTYPE" : "NONE",
      "SIRE_MENTION_TYPE" : "NONE",
      "SIRE_MENTION_CLASS" : "SPC"
    },
    "type" : "Grantee",
    "begin" : 383,
    "end" : 399,
    "inCoref" : false
  } ],
  "relations" : [ ],
  "corefs" : [ ],
  "typeResolved" : true,
  "userResolved" : false
}