{
  "id" : "b0cf1d00-50ef-11e9-864f-311976351dcc-19",
  "name" : "WD192-17.txt",
  "createdDate" : 1553732600528,
  "version" : 3,
  "text" : "For and in consideration of the sum of Sixty Thousand Dollars ($60,000.00) cash in hand paid, and other good and valuable considerations, the receipt of which is hereby acknowledged, SKY GROUP, INC., this date has bargained and sold, and by these presents does transfer and convey unto SHAWN J. O'CONNOR and PATRICIA RAHEL, as joint tenants with right of survivorship and not as tenants in common, their heirs and assigns, a certain tract or parcel of land in the Fifth Civil District of Humphreys County, Tennessee, and being more particularly described as follows",
  "docLength" : 0,
  "language" : "EN",
  "status" : "SUBMITTED",
  "modifiedDate" : 1553737642738,
  "documentSet" : [ ],
  "preannotation" : [ ],
  "sentences" : [ {
    "id" : "s0",
    "begin" : 0,
    "end" : 565,
    "text" : "For and in consideration of the sum of Sixty Thousand Dollars ($60,000.00) cash in hand paid, and other good and valuable considerations, the receipt of which is hereby acknowledged, SKY GROUP, INC., this date has bargained and sold, and by these presents does transfer and convey unto SHAWN J. O'CONNOR and PATRICIA RAHEL, as joint tenants with right of survivorship and not as tenants in common, their heirs and assigns, a certain tract or parcel of land in the Fifth Civil District of Humphreys County, Tennessee, and being more particularly described as follows",
    "tokens" : [ {
      "id" : "s0-t0",
      "begin" : 0,
      "end" : 3,
      "text" : "For",
      "whiteSpace" : false
    }, {
      "id" : "s0-t1",
      "begin" : 4,
      "end" : 7,
      "text" : "and",
      "whiteSpace" : false
    }, {
      "id" : "s0-t2",
      "begin" : 8,
      "end" : 10,
      "text" : "in",
      "whiteSpace" : false
    }, {
      "id" : "s0-t3",
      "begin" : 11,
      "end" : 24,
      "text" : "consideration",
      "whiteSpace" : false
    }, {
      "id" : "s0-t4",
      "begin" : 25,
      "end" : 27,
      "text" : "of",
      "whiteSpace" : false
    }, {
      "id" : "s0-t5",
      "begin" : 28,
      "end" : 31,
      "text" : "the",
      "whiteSpace" : false
    }, {
      "id" : "s0-t6",
      "begin" : 32,
      "end" : 35,
      "text" : "sum",
      "whiteSpace" : false
    }, {
      "id" : "s0-t7",
      "begin" : 36,
      "end" : 38,
      "text" : "of",
      "whiteSpace" : false
    }, {
      "id" : "s0-t8",
      "begin" : 39,
      "end" : 44,
      "text" : "Sixty",
      "whiteSpace" : false
    }, {
      "id" : "s0-t9",
      "begin" : 45,
      "end" : 53,
      "text" : "Thousand",
      "whiteSpace" : false
    }, {
      "id" : "s0-t10",
      "begin" : 54,
      "end" : 61,
      "text" : "Dollars",
      "whiteSpace" : false
    }, {
      "id" : "s0-t11",
      "begin" : 62,
      "end" : 63,
      "text" : "(",
      "whiteSpace" : false
    }, {
      "id" : "s0-t12",
      "begin" : 63,
      "end" : 64,
      "text" : "$",
      "whiteSpace" : false
    }, {
      "id" : "s0-t13",
      "begin" : 64,
      "end" : 73,
      "text" : "60,000.00",
      "whiteSpace" : false
    }, {
      "id" : "s0-t14",
      "begin" : 73,
      "end" : 74,
      "text" : ")",
      "whiteSpace" : false
    }, {
      "id" : "s0-t15",
      "begin" : 75,
      "end" : 79,
      "text" : "cash",
      "whiteSpace" : false
    }, {
      "id" : "s0-t16",
      "begin" : 80,
      "end" : 82,
      "text" : "in",
      "whiteSpace" : false
    }, {
      "id" : "s0-t17",
      "begin" : 83,
      "end" : 87,
      "text" : "hand",
      "whiteSpace" : false
    }, {
      "id" : "s0-t18",
      "begin" : 88,
      "end" : 92,
      "text" : "paid",
      "whiteSpace" : false
    }, {
      "id" : "s0-t19",
      "begin" : 92,
      "end" : 93,
      "text" : ",",
      "whiteSpace" : false
    }, {
      "id" : "s0-t20",
      "begin" : 94,
      "end" : 97,
      "text" : "and",
      "whiteSpace" : false
    }, {
      "id" : "s0-t21",
      "begin" : 98,
      "end" : 103,
      "text" : "other",
      "whiteSpace" : false
    }, {
      "id" : "s0-t22",
      "begin" : 104,
      "end" : 108,
      "text" : "good",
      "whiteSpace" : false
    }, {
      "id" : "s0-t23",
      "begin" : 109,
      "end" : 112,
      "text" : "and",
      "whiteSpace" : false
    }, {
      "id" : "s0-t24",
      "begin" : 113,
      "end" : 121,
      "text" : "valuable",
      "whiteSpace" : false
    }, {
      "id" : "s0-t25",
      "begin" : 122,
      "end" : 136,
      "text" : "considerations",
      "whiteSpace" : false
    }, {
      "id" : "s0-t26",
      "begin" : 136,
      "end" : 137,
      "text" : ",",
      "whiteSpace" : false
    }, {
      "id" : "s0-t27",
      "begin" : 138,
      "end" : 141,
      "text" : "the",
      "whiteSpace" : false
    }, {
      "id" : "s0-t28",
      "begin" : 142,
      "end" : 149,
      "text" : "receipt",
      "whiteSpace" : false
    }, {
      "id" : "s0-t29",
      "begin" : 150,
      "end" : 152,
      "text" : "of",
      "whiteSpace" : false
    }, {
      "id" : "s0-t30",
      "begin" : 153,
      "end" : 158,
      "text" : "which",
      "whiteSpace" : false
    }, {
      "id" : "s0-t31",
      "begin" : 159,
      "end" : 161,
      "text" : "is",
      "whiteSpace" : false
    }, {
      "id" : "s0-t32",
      "begin" : 162,
      "end" : 168,
      "text" : "hereby",
      "whiteSpace" : false
    }, {
      "id" : "s0-t33",
      "begin" : 169,
      "end" : 181,
      "text" : "acknowledged",
      "whiteSpace" : false
    }, {
      "id" : "s0-t34",
      "begin" : 181,
      "end" : 182,
      "text" : ",",
      "whiteSpace" : false
    }, {
      "id" : "s0-t35",
      "begin" : 183,
      "end" : 186,
      "text" : "SKY",
      "whiteSpace" : false
    }, {
      "id" : "s0-t36",
      "begin" : 187,
      "end" : 192,
      "text" : "GROUP",
      "whiteSpace" : false
    }, {
      "id" : "s0-t37",
      "begin" : 192,
      "end" : 193,
      "text" : ",",
      "whiteSpace" : false
    }, {
      "id" : "s0-t38",
      "begin" : 194,
      "end" : 198,
      "text" : "INC.",
      "whiteSpace" : false
    }, {
      "id" : "s0-t39",
      "begin" : 198,
      "end" : 199,
      "text" : ",",
      "whiteSpace" : false
    }, {
      "id" : "s0-t40",
      "begin" : 200,
      "end" : 204,
      "text" : "this",
      "whiteSpace" : false
    }, {
      "id" : "s0-t41",
      "begin" : 205,
      "end" : 209,
      "text" : "date",
      "whiteSpace" : false
    }, {
      "id" : "s0-t42",
      "begin" : 210,
      "end" : 213,
      "text" : "has",
      "whiteSpace" : false
    }, {
      "id" : "s0-t43",
      "begin" : 214,
      "end" : 223,
      "text" : "bargained",
      "whiteSpace" : false
    }, {
      "id" : "s0-t44",
      "begin" : 224,
      "end" : 227,
      "text" : "and",
      "whiteSpace" : false
    }, {
      "id" : "s0-t45",
      "begin" : 228,
      "end" : 232,
      "text" : "sold",
      "whiteSpace" : false
    }, {
      "id" : "s0-t46",
      "begin" : 232,
      "end" : 233,
      "text" : ",",
      "whiteSpace" : false
    }, {
      "id" : "s0-t47",
      "begin" : 234,
      "end" : 237,
      "text" : "and",
      "whiteSpace" : false
    }, {
      "id" : "s0-t48",
      "begin" : 238,
      "end" : 240,
      "text" : "by",
      "whiteSpace" : false
    }, {
      "id" : "s0-t49",
      "begin" : 241,
      "end" : 246,
      "text" : "these",
      "whiteSpace" : false
    }, {
      "id" : "s0-t50",
      "begin" : 247,
      "end" : 255,
      "text" : "presents",
      "whiteSpace" : false
    }, {
      "id" : "s0-t51",
      "begin" : 256,
      "end" : 260,
      "text" : "does",
      "whiteSpace" : false
    }, {
      "id" : "s0-t52",
      "begin" : 261,
      "end" : 269,
      "text" : "transfer",
      "whiteSpace" : false
    }, {
      "id" : "s0-t53",
      "begin" : 270,
      "end" : 273,
      "text" : "and",
      "whiteSpace" : false
    }, {
      "id" : "s0-t54",
      "begin" : 274,
      "end" : 280,
      "text" : "convey",
      "whiteSpace" : false
    }, {
      "id" : "s0-t55",
      "begin" : 281,
      "end" : 285,
      "text" : "unto",
      "whiteSpace" : false
    }, {
      "id" : "s0-t56",
      "begin" : 286,
      "end" : 291,
      "text" : "SHAWN",
      "whiteSpace" : false
    }, {
      "id" : "s0-t57",
      "begin" : 292,
      "end" : 294,
      "text" : "J.",
      "whiteSpace" : false
    }, {
      "id" : "s0-t58",
      "begin" : 295,
      "end" : 296,
      "text" : "O",
      "whiteSpace" : false
    }, {
      "id" : "s0-t59",
      "begin" : 296,
      "end" : 297,
      "text" : "'",
      "whiteSpace" : false
    }, {
      "id" : "s0-t60",
      "begin" : 297,
      "end" : 303,
      "text" : "CONNOR",
      "whiteSpace" : false
    }, {
      "id" : "s0-t61",
      "begin" : 304,
      "end" : 307,
      "text" : "and",
      "whiteSpace" : false
    }, {
      "id" : "s0-t62",
      "begin" : 308,
      "end" : 316,
      "text" : "PATRICIA",
      "whiteSpace" : false
    }, {
      "id" : "s0-t63",
      "begin" : 317,
      "end" : 322,
      "text" : "RAHEL",
      "whiteSpace" : false
    }, {
      "id" : "s0-t64",
      "begin" : 322,
      "end" : 323,
      "text" : ",",
      "whiteSpace" : false
    }, {
      "id" : "s0-t65",
      "begin" : 324,
      "end" : 326,
      "text" : "as",
      "whiteSpace" : false
    }, {
      "id" : "s0-t66",
      "begin" : 327,
      "end" : 332,
      "text" : "joint",
      "whiteSpace" : false
    }, {
      "id" : "s0-t67",
      "begin" : 333,
      "end" : 340,
      "text" : "tenants",
      "whiteSpace" : false
    }, {
      "id" : "s0-t68",
      "begin" : 341,
      "end" : 345,
      "text" : "with",
      "whiteSpace" : false
    }, {
      "id" : "s0-t69",
      "begin" : 346,
      "end" : 351,
      "text" : "right",
      "whiteSpace" : false
    }, {
      "id" : "s0-t70",
      "begin" : 352,
      "end" : 354,
      "text" : "of",
      "whiteSpace" : false
    }, {
      "id" : "s0-t71",
      "begin" : 355,
      "end" : 367,
      "text" : "survivorship",
      "whiteSpace" : false
    }, {
      "id" : "s0-t72",
      "begin" : 368,
      "end" : 371,
      "text" : "and",
      "whiteSpace" : false
    }, {
      "id" : "s0-t73",
      "begin" : 372,
      "end" : 375,
      "text" : "not",
      "whiteSpace" : false
    }, {
      "id" : "s0-t74",
      "begin" : 376,
      "end" : 378,
      "text" : "as",
      "whiteSpace" : false
    }, {
      "id" : "s0-t75",
      "begin" : 379,
      "end" : 386,
      "text" : "tenants",
      "whiteSpace" : false
    }, {
      "id" : "s0-t76",
      "begin" : 387,
      "end" : 389,
      "text" : "in",
      "whiteSpace" : false
    }, {
      "id" : "s0-t77",
      "begin" : 390,
      "end" : 396,
      "text" : "common",
      "whiteSpace" : false
    }, {
      "id" : "s0-t78",
      "begin" : 396,
      "end" : 397,
      "text" : ",",
      "whiteSpace" : false
    }, {
      "id" : "s0-t79",
      "begin" : 398,
      "end" : 403,
      "text" : "their",
      "whiteSpace" : false
    }, {
      "id" : "s0-t80",
      "begin" : 404,
      "end" : 409,
      "text" : "heirs",
      "whiteSpace" : false
    }, {
      "id" : "s0-t81",
      "begin" : 410,
      "end" : 413,
      "text" : "and",
      "whiteSpace" : false
    }, {
      "id" : "s0-t82",
      "begin" : 414,
      "end" : 421,
      "text" : "assigns",
      "whiteSpace" : false
    }, {
      "id" : "s0-t83",
      "begin" : 421,
      "end" : 422,
      "text" : ",",
      "whiteSpace" : false
    }, {
      "id" : "s0-t84",
      "begin" : 423,
      "end" : 424,
      "text" : "a",
      "whiteSpace" : false
    }, {
      "id" : "s0-t85",
      "begin" : 425,
      "end" : 432,
      "text" : "certain",
      "whiteSpace" : false
    }, {
      "id" : "s0-t86",
      "begin" : 433,
      "end" : 438,
      "text" : "tract",
      "whiteSpace" : false
    }, {
      "id" : "s0-t87",
      "begin" : 439,
      "end" : 441,
      "text" : "or",
      "whiteSpace" : false
    }, {
      "id" : "s0-t88",
      "begin" : 442,
      "end" : 448,
      "text" : "parcel",
      "whiteSpace" : false
    }, {
      "id" : "s0-t89",
      "begin" : 449,
      "end" : 451,
      "text" : "of",
      "whiteSpace" : false
    }, {
      "id" : "s0-t90",
      "begin" : 452,
      "end" : 456,
      "text" : "land",
      "whiteSpace" : false
    }, {
      "id" : "s0-t91",
      "begin" : 457,
      "end" : 459,
      "text" : "in",
      "whiteSpace" : false
    }, {
      "id" : "s0-t92",
      "begin" : 460,
      "end" : 463,
      "text" : "the",
      "whiteSpace" : false
    }, {
      "id" : "s0-t93",
      "begin" : 464,
      "end" : 469,
      "text" : "Fifth",
      "whiteSpace" : false
    }, {
      "id" : "s0-t94",
      "begin" : 470,
      "end" : 475,
      "text" : "Civil",
      "whiteSpace" : false
    }, {
      "id" : "s0-t95",
      "begin" : 476,
      "end" : 484,
      "text" : "District",
      "whiteSpace" : false
    }, {
      "id" : "s0-t96",
      "begin" : 485,
      "end" : 487,
      "text" : "of",
      "whiteSpace" : false
    }, {
      "id" : "s0-t97",
      "begin" : 488,
      "end" : 497,
      "text" : "Humphreys",
      "whiteSpace" : false
    }, {
      "id" : "s0-t98",
      "begin" : 498,
      "end" : 504,
      "text" : "County",
      "whiteSpace" : false
    }, {
      "id" : "s0-t99",
      "begin" : 504,
      "end" : 505,
      "text" : ",",
      "whiteSpace" : false
    }, {
      "id" : "s0-t100",
      "begin" : 506,
      "end" : 515,
      "text" : "Tennessee",
      "whiteSpace" : false
    }, {
      "id" : "s0-t101",
      "begin" : 515,
      "end" : 516,
      "text" : ",",
      "whiteSpace" : false
    }, {
      "id" : "s0-t102",
      "begin" : 517,
      "end" : 520,
      "text" : "and",
      "whiteSpace" : false
    }, {
      "id" : "s0-t103",
      "begin" : 521,
      "end" : 526,
      "text" : "being",
      "whiteSpace" : false
    }, {
      "id" : "s0-t104",
      "begin" : 527,
      "end" : 531,
      "text" : "more",
      "whiteSpace" : false
    }, {
      "id" : "s0-t105",
      "begin" : 532,
      "end" : 544,
      "text" : "particularly",
      "whiteSpace" : false
    }, {
      "id" : "s0-t106",
      "begin" : 545,
      "end" : 554,
      "text" : "described",
      "whiteSpace" : false
    }, {
      "id" : "s0-t107",
      "begin" : 555,
      "end" : 557,
      "text" : "as",
      "whiteSpace" : false
    }, {
      "id" : "s0-t108",
      "begin" : 558,
      "end" : 565,
      "text" : "follows",
      "whiteSpace" : false
    } ]
  } ],
  "mentions" : [ {
    "id" : "s0-m1",
    "properties" : {
      "SIRE_MENTION_ROLE" : "Grantor",
      "SIRE_ENTITY_SUBTYPE" : "NONE",
      "SIRE_MENTION_TYPE" : "NONE",
      "SIRE_MENTION_CLASS" : "SPC"
    },
    "type" : "Grantor",
    "begin" : 183,
    "end" : 198,
    "inCoref" : false
  }, {
    "id" : "s0-m3",
    "properties" : {
      "SIRE_MENTION_ROLE" : "Grantee",
      "SIRE_ENTITY_SUBTYPE" : "NONE",
      "SIRE_MENTION_TYPE" : "NONE",
      "SIRE_MENTION_CLASS" : "SPC"
    },
    "type" : "Grantee",
    "begin" : 286,
    "end" : 303,
    "inCoref" : false
  }, {
    "id" : "s0-m4",
    "properties" : {
      "SIRE_MENTION_ROLE" : "Grantee",
      "SIRE_ENTITY_SUBTYPE" : "NONE",
      "SIRE_MENTION_TYPE" : "NONE",
      "SIRE_MENTION_CLASS" : "SPC"
    },
    "type" : "Grantee",
    "begin" : 308,
    "end" : 322,
    "inCoref" : false
  } ],
  "relations" : [ ],
  "corefs" : [ ],
  "typeResolved" : true,
  "userResolved" : false
}