{
  "id" : "b0cf1d00-50ef-11e9-864f-311976351dcc-10",
  "name" : "WD190-16.txt",
  "createdDate" : 1553732600528,
  "version" : 3,
  "text" : "For and in consideration of the sum of TWENTY-FIVE THOUSAND ($25,000.00) DOLLARS, cash in hand paid, and other good and valuable considerations, the receipt of which is hereby acknowledged, I, DONALD E. WILLS, SR., this date have bargained and sold, and by these presents do transfer and convey unto JOHN FORREST TROTTER and wife, ALICIA TROTTER, their heirs and assigns, a certain tract or parcel of land in the First Civil District of Humphreys County, Tennessee, being more particularly described as follows",
  "docLength" : 0,
  "language" : "EN",
  "status" : "SUBMITTED",
  "modifiedDate" : 1553737520356,
  "documentSet" : [ ],
  "preannotation" : [ ],
  "sentences" : [ {
    "id" : "s0",
    "begin" : 0,
    "end" : 510,
    "text" : "For and in consideration of the sum of TWENTY-FIVE THOUSAND ($25,000.00) DOLLARS, cash in hand paid, and other good and valuable considerations, the receipt of which is hereby acknowledged, I, DONALD E. WILLS, SR., this date have bargained and sold, and by these presents do transfer and convey unto JOHN FORREST TROTTER and wife, ALICIA TROTTER, their heirs and assigns, a certain tract or parcel of land in the First Civil District of Humphreys County, Tennessee, being more particularly described as follows",
    "tokens" : [ {
      "id" : "s0-t0",
      "begin" : 0,
      "end" : 3,
      "text" : "For",
      "whiteSpace" : false
    }, {
      "id" : "s0-t1",
      "begin" : 4,
      "end" : 7,
      "text" : "and",
      "whiteSpace" : false
    }, {
      "id" : "s0-t2",
      "begin" : 8,
      "end" : 10,
      "text" : "in",
      "whiteSpace" : false
    }, {
      "id" : "s0-t3",
      "begin" : 11,
      "end" : 24,
      "text" : "consideration",
      "whiteSpace" : false
    }, {
      "id" : "s0-t4",
      "begin" : 25,
      "end" : 27,
      "text" : "of",
      "whiteSpace" : false
    }, {
      "id" : "s0-t5",
      "begin" : 28,
      "end" : 31,
      "text" : "the",
      "whiteSpace" : false
    }, {
      "id" : "s0-t6",
      "begin" : 32,
      "end" : 35,
      "text" : "sum",
      "whiteSpace" : false
    }, {
      "id" : "s0-t7",
      "begin" : 36,
      "end" : 38,
      "text" : "of",
      "whiteSpace" : false
    }, {
      "id" : "s0-t8",
      "begin" : 39,
      "end" : 50,
      "text" : "TWENTY-FIVE",
      "whiteSpace" : false
    }, {
      "id" : "s0-t9",
      "begin" : 51,
      "end" : 59,
      "text" : "THOUSAND",
      "whiteSpace" : false
    }, {
      "id" : "s0-t10",
      "begin" : 60,
      "end" : 61,
      "text" : "(",
      "whiteSpace" : false
    }, {
      "id" : "s0-t11",
      "begin" : 61,
      "end" : 62,
      "text" : "$",
      "whiteSpace" : false
    }, {
      "id" : "s0-t12",
      "begin" : 62,
      "end" : 71,
      "text" : "25,000.00",
      "whiteSpace" : false
    }, {
      "id" : "s0-t13",
      "begin" : 71,
      "end" : 72,
      "text" : ")",
      "whiteSpace" : false
    }, {
      "id" : "s0-t14",
      "begin" : 73,
      "end" : 80,
      "text" : "DOLLARS",
      "whiteSpace" : false
    }, {
      "id" : "s0-t15",
      "begin" : 80,
      "end" : 81,
      "text" : ",",
      "whiteSpace" : false
    }, {
      "id" : "s0-t16",
      "begin" : 82,
      "end" : 86,
      "text" : "cash",
      "whiteSpace" : false
    }, {
      "id" : "s0-t17",
      "begin" : 87,
      "end" : 89,
      "text" : "in",
      "whiteSpace" : false
    }, {
      "id" : "s0-t18",
      "begin" : 90,
      "end" : 94,
      "text" : "hand",
      "whiteSpace" : false
    }, {
      "id" : "s0-t19",
      "begin" : 95,
      "end" : 99,
      "text" : "paid",
      "whiteSpace" : false
    }, {
      "id" : "s0-t20",
      "begin" : 99,
      "end" : 100,
      "text" : ",",
      "whiteSpace" : false
    }, {
      "id" : "s0-t21",
      "begin" : 101,
      "end" : 104,
      "text" : "and",
      "whiteSpace" : false
    }, {
      "id" : "s0-t22",
      "begin" : 105,
      "end" : 110,
      "text" : "other",
      "whiteSpace" : false
    }, {
      "id" : "s0-t23",
      "begin" : 111,
      "end" : 115,
      "text" : "good",
      "whiteSpace" : false
    }, {
      "id" : "s0-t24",
      "begin" : 116,
      "end" : 119,
      "text" : "and",
      "whiteSpace" : false
    }, {
      "id" : "s0-t25",
      "begin" : 120,
      "end" : 128,
      "text" : "valuable",
      "whiteSpace" : false
    }, {
      "id" : "s0-t26",
      "begin" : 129,
      "end" : 143,
      "text" : "considerations",
      "whiteSpace" : false
    }, {
      "id" : "s0-t27",
      "begin" : 143,
      "end" : 144,
      "text" : ",",
      "whiteSpace" : false
    }, {
      "id" : "s0-t28",
      "begin" : 145,
      "end" : 148,
      "text" : "the",
      "whiteSpace" : false
    }, {
      "id" : "s0-t29",
      "begin" : 149,
      "end" : 156,
      "text" : "receipt",
      "whiteSpace" : false
    }, {
      "id" : "s0-t30",
      "begin" : 157,
      "end" : 159,
      "text" : "of",
      "whiteSpace" : false
    }, {
      "id" : "s0-t31",
      "begin" : 160,
      "end" : 165,
      "text" : "which",
      "whiteSpace" : false
    }, {
      "id" : "s0-t32",
      "begin" : 166,
      "end" : 168,
      "text" : "is",
      "whiteSpace" : false
    }, {
      "id" : "s0-t33",
      "begin" : 169,
      "end" : 175,
      "text" : "hereby",
      "whiteSpace" : false
    }, {
      "id" : "s0-t34",
      "begin" : 176,
      "end" : 188,
      "text" : "acknowledged",
      "whiteSpace" : false
    }, {
      "id" : "s0-t35",
      "begin" : 188,
      "end" : 189,
      "text" : ",",
      "whiteSpace" : false
    }, {
      "id" : "s0-t36",
      "begin" : 190,
      "end" : 191,
      "text" : "I",
      "whiteSpace" : false
    }, {
      "id" : "s0-t37",
      "begin" : 191,
      "end" : 192,
      "text" : ",",
      "whiteSpace" : false
    }, {
      "id" : "s0-t38",
      "begin" : 193,
      "end" : 199,
      "text" : "DONALD",
      "whiteSpace" : false
    }, {
      "id" : "s0-t39",
      "begin" : 200,
      "end" : 202,
      "text" : "E.",
      "whiteSpace" : false
    }, {
      "id" : "s0-t40",
      "begin" : 203,
      "end" : 208,
      "text" : "WILLS",
      "whiteSpace" : false
    }, {
      "id" : "s0-t41",
      "begin" : 208,
      "end" : 209,
      "text" : ",",
      "whiteSpace" : false
    }, {
      "id" : "s0-t42",
      "begin" : 210,
      "end" : 213,
      "text" : "SR.",
      "whiteSpace" : false
    }, {
      "id" : "s0-t43",
      "begin" : 213,
      "end" : 214,
      "text" : ",",
      "whiteSpace" : false
    }, {
      "id" : "s0-t44",
      "begin" : 215,
      "end" : 219,
      "text" : "this",
      "whiteSpace" : false
    }, {
      "id" : "s0-t45",
      "begin" : 220,
      "end" : 224,
      "text" : "date",
      "whiteSpace" : false
    }, {
      "id" : "s0-t46",
      "begin" : 225,
      "end" : 229,
      "text" : "have",
      "whiteSpace" : false
    }, {
      "id" : "s0-t47",
      "begin" : 230,
      "end" : 239,
      "text" : "bargained",
      "whiteSpace" : false
    }, {
      "id" : "s0-t48",
      "begin" : 240,
      "end" : 243,
      "text" : "and",
      "whiteSpace" : false
    }, {
      "id" : "s0-t49",
      "begin" : 244,
      "end" : 248,
      "text" : "sold",
      "whiteSpace" : false
    }, {
      "id" : "s0-t50",
      "begin" : 248,
      "end" : 249,
      "text" : ",",
      "whiteSpace" : false
    }, {
      "id" : "s0-t51",
      "begin" : 250,
      "end" : 253,
      "text" : "and",
      "whiteSpace" : false
    }, {
      "id" : "s0-t52",
      "begin" : 254,
      "end" : 256,
      "text" : "by",
      "whiteSpace" : false
    }, {
      "id" : "s0-t53",
      "begin" : 257,
      "end" : 262,
      "text" : "these",
      "whiteSpace" : false
    }, {
      "id" : "s0-t54",
      "begin" : 263,
      "end" : 271,
      "text" : "presents",
      "whiteSpace" : false
    }, {
      "id" : "s0-t55",
      "begin" : 272,
      "end" : 274,
      "text" : "do",
      "whiteSpace" : false
    }, {
      "id" : "s0-t56",
      "begin" : 275,
      "end" : 283,
      "text" : "transfer",
      "whiteSpace" : false
    }, {
      "id" : "s0-t57",
      "begin" : 284,
      "end" : 287,
      "text" : "and",
      "whiteSpace" : false
    }, {
      "id" : "s0-t58",
      "begin" : 288,
      "end" : 294,
      "text" : "convey",
      "whiteSpace" : false
    }, {
      "id" : "s0-t59",
      "begin" : 295,
      "end" : 299,
      "text" : "unto",
      "whiteSpace" : false
    }, {
      "id" : "s0-t60",
      "begin" : 300,
      "end" : 304,
      "text" : "JOHN",
      "whiteSpace" : false
    }, {
      "id" : "s0-t61",
      "begin" : 305,
      "end" : 312,
      "text" : "FORREST",
      "whiteSpace" : false
    }, {
      "id" : "s0-t62",
      "begin" : 313,
      "end" : 320,
      "text" : "TROTTER",
      "whiteSpace" : false
    }, {
      "id" : "s0-t63",
      "begin" : 321,
      "end" : 324,
      "text" : "and",
      "whiteSpace" : false
    }, {
      "id" : "s0-t64",
      "begin" : 325,
      "end" : 329,
      "text" : "wife",
      "whiteSpace" : false
    }, {
      "id" : "s0-t65",
      "begin" : 329,
      "end" : 330,
      "text" : ",",
      "whiteSpace" : false
    }, {
      "id" : "s0-t66",
      "begin" : 331,
      "end" : 337,
      "text" : "ALICIA",
      "whiteSpace" : false
    }, {
      "id" : "s0-t67",
      "begin" : 338,
      "end" : 345,
      "text" : "TROTTER",
      "whiteSpace" : false
    }, {
      "id" : "s0-t68",
      "begin" : 345,
      "end" : 346,
      "text" : ",",
      "whiteSpace" : false
    }, {
      "id" : "s0-t69",
      "begin" : 347,
      "end" : 352,
      "text" : "their",
      "whiteSpace" : false
    }, {
      "id" : "s0-t70",
      "begin" : 353,
      "end" : 358,
      "text" : "heirs",
      "whiteSpace" : false
    }, {
      "id" : "s0-t71",
      "begin" : 359,
      "end" : 362,
      "text" : "and",
      "whiteSpace" : false
    }, {
      "id" : "s0-t72",
      "begin" : 363,
      "end" : 370,
      "text" : "assigns",
      "whiteSpace" : false
    }, {
      "id" : "s0-t73",
      "begin" : 370,
      "end" : 371,
      "text" : ",",
      "whiteSpace" : false
    }, {
      "id" : "s0-t74",
      "begin" : 372,
      "end" : 373,
      "text" : "a",
      "whiteSpace" : false
    }, {
      "id" : "s0-t75",
      "begin" : 374,
      "end" : 381,
      "text" : "certain",
      "whiteSpace" : false
    }, {
      "id" : "s0-t76",
      "begin" : 382,
      "end" : 387,
      "text" : "tract",
      "whiteSpace" : false
    }, {
      "id" : "s0-t77",
      "begin" : 388,
      "end" : 390,
      "text" : "or",
      "whiteSpace" : false
    }, {
      "id" : "s0-t78",
      "begin" : 391,
      "end" : 397,
      "text" : "parcel",
      "whiteSpace" : false
    }, {
      "id" : "s0-t79",
      "begin" : 398,
      "end" : 400,
      "text" : "of",
      "whiteSpace" : false
    }, {
      "id" : "s0-t80",
      "begin" : 401,
      "end" : 405,
      "text" : "land",
      "whiteSpace" : false
    }, {
      "id" : "s0-t81",
      "begin" : 406,
      "end" : 408,
      "text" : "in",
      "whiteSpace" : false
    }, {
      "id" : "s0-t82",
      "begin" : 409,
      "end" : 412,
      "text" : "the",
      "whiteSpace" : false
    }, {
      "id" : "s0-t83",
      "begin" : 413,
      "end" : 418,
      "text" : "First",
      "whiteSpace" : false
    }, {
      "id" : "s0-t84",
      "begin" : 419,
      "end" : 424,
      "text" : "Civil",
      "whiteSpace" : false
    }, {
      "id" : "s0-t85",
      "begin" : 425,
      "end" : 433,
      "text" : "District",
      "whiteSpace" : false
    }, {
      "id" : "s0-t86",
      "begin" : 434,
      "end" : 436,
      "text" : "of",
      "whiteSpace" : false
    }, {
      "id" : "s0-t87",
      "begin" : 437,
      "end" : 446,
      "text" : "Humphreys",
      "whiteSpace" : false
    }, {
      "id" : "s0-t88",
      "begin" : 447,
      "end" : 453,
      "text" : "County",
      "whiteSpace" : false
    }, {
      "id" : "s0-t89",
      "begin" : 453,
      "end" : 454,
      "text" : ",",
      "whiteSpace" : false
    }, {
      "id" : "s0-t90",
      "begin" : 455,
      "end" : 464,
      "text" : "Tennessee",
      "whiteSpace" : false
    }, {
      "id" : "s0-t91",
      "begin" : 464,
      "end" : 465,
      "text" : ",",
      "whiteSpace" : false
    }, {
      "id" : "s0-t92",
      "begin" : 466,
      "end" : 471,
      "text" : "being",
      "whiteSpace" : false
    }, {
      "id" : "s0-t93",
      "begin" : 472,
      "end" : 476,
      "text" : "more",
      "whiteSpace" : false
    }, {
      "id" : "s0-t94",
      "begin" : 477,
      "end" : 489,
      "text" : "particularly",
      "whiteSpace" : false
    }, {
      "id" : "s0-t95",
      "begin" : 490,
      "end" : 499,
      "text" : "described",
      "whiteSpace" : false
    }, {
      "id" : "s0-t96",
      "begin" : 500,
      "end" : 502,
      "text" : "as",
      "whiteSpace" : false
    }, {
      "id" : "s0-t97",
      "begin" : 503,
      "end" : 510,
      "text" : "follows",
      "whiteSpace" : false
    } ]
  } ],
  "mentions" : [ {
    "id" : "s0-m1",
    "properties" : {
      "SIRE_MENTION_ROLE" : "Grantor",
      "SIRE_ENTITY_SUBTYPE" : "NONE",
      "SIRE_MENTION_TYPE" : "NONE",
      "SIRE_MENTION_CLASS" : "SPC"
    },
    "type" : "Grantor",
    "begin" : 193,
    "end" : 213,
    "inCoref" : false
  }, {
    "id" : "s0-m2",
    "properties" : {
      "SIRE_MENTION_ROLE" : "Grantee",
      "SIRE_ENTITY_SUBTYPE" : "NONE",
      "SIRE_MENTION_TYPE" : "NONE",
      "SIRE_MENTION_CLASS" : "SPC"
    },
    "type" : "Grantee",
    "begin" : 300,
    "end" : 320,
    "inCoref" : false
  }, {
    "id" : "s0-m3",
    "properties" : {
      "SIRE_MENTION_ROLE" : "Grantee",
      "SIRE_ENTITY_SUBTYPE" : "NONE",
      "SIRE_MENTION_TYPE" : "NONE",
      "SIRE_MENTION_CLASS" : "SPC"
    },
    "type" : "Grantee",
    "begin" : 331,
    "end" : 345,
    "inCoref" : false
  } ],
  "relations" : [ ],
  "corefs" : [ ],
  "typeResolved" : true,
  "userResolved" : false
}