{
  "id" : "ba29a320-54dc-11e9-9b8e-4bc9d96d3dde-5",
  "name" : "WD181-11.txt",
  "createdDate" : 0,
  "version" : 3,
  "text" : "being the northeast corner of this lot; thence South 3?? 50' West 174.4 feet to a 14 inch red oak blazed; thence South 81?? 35' West 210.3 feet to an iron pin in the east margin of Woods Drive; thence with the east margin of Woods Drive, North 3?? 00' West 198.3 feet to the beginning, containing 0.9 acres, more or less, according to a survey and plat dated February 13, 1971 by Franklin and Wemyss, Engineers., BEING the same property conveyed to Burton Caldwell Hewitt by deed of record in Deed Book 130, page 174, Register???s Of???ce of Humphreys County, Tennessee., ) ), WW, Received fer recent the 08 day at ",
  "docLength" : 0,
  "language" : "EN",
  "status" : "SUBMITTED",
  "modifiedDate" : 1554165939709,
  "documentSet" : [ ],
  "preannotation" : [ ],
  "sentences" : [ {
    "id" : "s0",
    "begin" : 0,
    "end" : 56,
    "text" : "being the northeast corner of this lot; thence South 3??",
    "tokens" : [ {
      "id" : "s0-t0",
      "begin" : 0,
      "end" : 5,
      "text" : "being",
      "whiteSpace" : false
    }, {
      "id" : "s0-t1",
      "begin" : 6,
      "end" : 9,
      "text" : "the",
      "whiteSpace" : false
    }, {
      "id" : "s0-t2",
      "begin" : 10,
      "end" : 19,
      "text" : "northeast",
      "whiteSpace" : false
    }, {
      "id" : "s0-t3",
      "begin" : 20,
      "end" : 26,
      "text" : "corner",
      "whiteSpace" : false
    }, {
      "id" : "s0-t4",
      "begin" : 27,
      "end" : 29,
      "text" : "of",
      "whiteSpace" : false
    }, {
      "id" : "s0-t5",
      "begin" : 30,
      "end" : 34,
      "text" : "this",
      "whiteSpace" : false
    }, {
      "id" : "s0-t6",
      "begin" : 35,
      "end" : 38,
      "text" : "lot",
      "whiteSpace" : false
    }, {
      "id" : "s0-t7",
      "begin" : 38,
      "end" : 39,
      "text" : ";",
      "whiteSpace" : false
    }, {
      "id" : "s0-t8",
      "begin" : 40,
      "end" : 46,
      "text" : "thence",
      "whiteSpace" : false
    }, {
      "id" : "s0-t9",
      "begin" : 47,
      "end" : 52,
      "text" : "South",
      "whiteSpace" : false
    }, {
      "id" : "s0-t10",
      "begin" : 53,
      "end" : 54,
      "text" : "3",
      "whiteSpace" : false
    }, {
      "id" : "s0-t11",
      "begin" : 54,
      "end" : 55,
      "text" : "?",
      "whiteSpace" : false
    }, {
      "id" : "s0-t12",
      "begin" : 55,
      "end" : 56,
      "text" : "?",
      "whiteSpace" : false
    } ]
  }, {
    "id" : "s1",
    "begin" : 57,
    "end" : 123,
    "text" : "50' West 174.4 feet to a 14 inch red oak blazed; thence South 81??",
    "tokens" : [ {
      "id" : "s1-t0",
      "begin" : 57,
      "end" : 59,
      "text" : "50",
      "whiteSpace" : false
    }, {
      "id" : "s1-t1",
      "begin" : 59,
      "end" : 60,
      "text" : "'",
      "whiteSpace" : false
    }, {
      "id" : "s1-t2",
      "begin" : 61,
      "end" : 65,
      "text" : "West",
      "whiteSpace" : false
    }, {
      "id" : "s1-t3",
      "begin" : 66,
      "end" : 71,
      "text" : "174.4",
      "whiteSpace" : false
    }, {
      "id" : "s1-t4",
      "begin" : 72,
      "end" : 76,
      "text" : "feet",
      "whiteSpace" : false
    }, {
      "id" : "s1-t5",
      "begin" : 77,
      "end" : 79,
      "text" : "to",
      "whiteSpace" : false
    }, {
      "id" : "s1-t6",
      "begin" : 80,
      "end" : 81,
      "text" : "a",
      "whiteSpace" : false
    }, {
      "id" : "s1-t7",
      "begin" : 82,
      "end" : 84,
      "text" : "14",
      "whiteSpace" : false
    }, {
      "id" : "s1-t8",
      "begin" : 85,
      "end" : 89,
      "text" : "inch",
      "whiteSpace" : false
    }, {
      "id" : "s1-t9",
      "begin" : 90,
      "end" : 93,
      "text" : "red",
      "whiteSpace" : false
    }, {
      "id" : "s1-t10",
      "begin" : 94,
      "end" : 97,
      "text" : "oak",
      "whiteSpace" : false
    }, {
      "id" : "s1-t11",
      "begin" : 98,
      "end" : 104,
      "text" : "blazed",
      "whiteSpace" : false
    }, {
      "id" : "s1-t12",
      "begin" : 104,
      "end" : 105,
      "text" : ";",
      "whiteSpace" : false
    }, {
      "id" : "s1-t13",
      "begin" : 106,
      "end" : 112,
      "text" : "thence",
      "whiteSpace" : false
    }, {
      "id" : "s1-t14",
      "begin" : 113,
      "end" : 118,
      "text" : "South",
      "whiteSpace" : false
    }, {
      "id" : "s1-t15",
      "begin" : 119,
      "end" : 121,
      "text" : "81",
      "whiteSpace" : false
    }, {
      "id" : "s1-t16",
      "begin" : 121,
      "end" : 122,
      "text" : "?",
      "whiteSpace" : false
    }, {
      "id" : "s1-t17",
      "begin" : 122,
      "end" : 123,
      "text" : "?",
      "whiteSpace" : false
    } ]
  }, {
    "id" : "s2",
    "begin" : 124,
    "end" : 247,
    "text" : "35' West 210.3 feet to an iron pin in the east margin of Woods Drive; thence with the east margin of Woods Drive, North 3??",
    "tokens" : [ {
      "id" : "s2-t0",
      "begin" : 124,
      "end" : 126,
      "text" : "35",
      "whiteSpace" : false
    }, {
      "id" : "s2-t1",
      "begin" : 126,
      "end" : 127,
      "text" : "'",
      "whiteSpace" : false
    }, {
      "id" : "s2-t2",
      "begin" : 128,
      "end" : 132,
      "text" : "West",
      "whiteSpace" : false
    }, {
      "id" : "s2-t3",
      "begin" : 133,
      "end" : 138,
      "text" : "210.3",
      "whiteSpace" : false
    }, {
      "id" : "s2-t4",
      "begin" : 139,
      "end" : 143,
      "text" : "feet",
      "whiteSpace" : false
    }, {
      "id" : "s2-t5",
      "begin" : 144,
      "end" : 146,
      "text" : "to",
      "whiteSpace" : false
    }, {
      "id" : "s2-t6",
      "begin" : 147,
      "end" : 149,
      "text" : "an",
      "whiteSpace" : false
    }, {
      "id" : "s2-t7",
      "begin" : 150,
      "end" : 154,
      "text" : "iron",
      "whiteSpace" : false
    }, {
      "id" : "s2-t8",
      "begin" : 155,
      "end" : 158,
      "text" : "pin",
      "whiteSpace" : false
    }, {
      "id" : "s2-t9",
      "begin" : 159,
      "end" : 161,
      "text" : "in",
      "whiteSpace" : false
    }, {
      "id" : "s2-t10",
      "begin" : 162,
      "end" : 165,
      "text" : "the",
      "whiteSpace" : false
    }, {
      "id" : "s2-t11",
      "begin" : 166,
      "end" : 170,
      "text" : "east",
      "whiteSpace" : false
    }, {
      "id" : "s2-t12",
      "begin" : 171,
      "end" : 177,
      "text" : "margin",
      "whiteSpace" : false
    }, {
      "id" : "s2-t13",
      "begin" : 178,
      "end" : 180,
      "text" : "of",
      "whiteSpace" : false
    }, {
      "id" : "s2-t14",
      "begin" : 181,
      "end" : 186,
      "text" : "Woods",
      "whiteSpace" : false
    }, {
      "id" : "s2-t15",
      "begin" : 187,
      "end" : 192,
      "text" : "Drive",
      "whiteSpace" : false
    }, {
      "id" : "s2-t16",
      "begin" : 192,
      "end" : 193,
      "text" : ";",
      "whiteSpace" : false
    }, {
      "id" : "s2-t17",
      "begin" : 194,
      "end" : 200,
      "text" : "thence",
      "whiteSpace" : false
    }, {
      "id" : "s2-t18",
      "begin" : 201,
      "end" : 205,
      "text" : "with",
      "whiteSpace" : false
    }, {
      "id" : "s2-t19",
      "begin" : 206,
      "end" : 209,
      "text" : "the",
      "whiteSpace" : false
    }, {
      "id" : "s2-t20",
      "begin" : 210,
      "end" : 214,
      "text" : "east",
      "whiteSpace" : false
    }, {
      "id" : "s2-t21",
      "begin" : 215,
      "end" : 221,
      "text" : "margin",
      "whiteSpace" : false
    }, {
      "id" : "s2-t22",
      "begin" : 222,
      "end" : 224,
      "text" : "of",
      "whiteSpace" : false
    }, {
      "id" : "s2-t23",
      "begin" : 225,
      "end" : 230,
      "text" : "Woods",
      "whiteSpace" : false
    }, {
      "id" : "s2-t24",
      "begin" : 231,
      "end" : 236,
      "text" : "Drive",
      "whiteSpace" : false
    }, {
      "id" : "s2-t25",
      "begin" : 236,
      "end" : 237,
      "text" : ",",
      "whiteSpace" : false
    }, {
      "id" : "s2-t26",
      "begin" : 238,
      "end" : 243,
      "text" : "North",
      "whiteSpace" : false
    }, {
      "id" : "s2-t27",
      "begin" : 244,
      "end" : 245,
      "text" : "3",
      "whiteSpace" : false
    }, {
      "id" : "s2-t28",
      "begin" : 245,
      "end" : 246,
      "text" : "?",
      "whiteSpace" : false
    }, {
      "id" : "s2-t29",
      "begin" : 246,
      "end" : 247,
      "text" : "?",
      "whiteSpace" : false
    } ]
  }, {
    "id" : "s3",
    "begin" : 248,
    "end" : 527,
    "text" : "00' West 198.3 feet to the beginning, containing 0.9 acres, more or less, according to a survey and plat dated February 13, 1971 by Franklin and Wemyss, Engineers., BEING the same property conveyed to Burton Caldwell Hewitt by deed of record in Deed Book 130, page 174, Register?",
    "tokens" : [ {
      "id" : "s3-t0",
      "begin" : 248,
      "end" : 250,
      "text" : "00",
      "whiteSpace" : false
    }, {
      "id" : "s3-t1",
      "begin" : 250,
      "end" : 251,
      "text" : "'",
      "whiteSpace" : false
    }, {
      "id" : "s3-t2",
      "begin" : 252,
      "end" : 256,
      "text" : "West",
      "whiteSpace" : false
    }, {
      "id" : "s3-t3",
      "begin" : 257,
      "end" : 262,
      "text" : "198.3",
      "whiteSpace" : false
    }, {
      "id" : "s3-t4",
      "begin" : 263,
      "end" : 267,
      "text" : "feet",
      "whiteSpace" : false
    }, {
      "id" : "s3-t5",
      "begin" : 268,
      "end" : 270,
      "text" : "to",
      "whiteSpace" : false
    }, {
      "id" : "s3-t6",
      "begin" : 271,
      "end" : 274,
      "text" : "the",
      "whiteSpace" : false
    }, {
      "id" : "s3-t7",
      "begin" : 275,
      "end" : 284,
      "text" : "beginning",
      "whiteSpace" : false
    }, {
      "id" : "s3-t8",
      "begin" : 284,
      "end" : 285,
      "text" : ",",
      "whiteSpace" : false
    }, {
      "id" : "s3-t9",
      "begin" : 286,
      "end" : 296,
      "text" : "containing",
      "whiteSpace" : false
    }, {
      "id" : "s3-t10",
      "begin" : 297,
      "end" : 300,
      "text" : "0.9",
      "whiteSpace" : false
    }, {
      "id" : "s3-t11",
      "begin" : 301,
      "end" : 306,
      "text" : "acres",
      "whiteSpace" : false
    }, {
      "id" : "s3-t12",
      "begin" : 306,
      "end" : 307,
      "text" : ",",
      "whiteSpace" : false
    }, {
      "id" : "s3-t13",
      "begin" : 308,
      "end" : 312,
      "text" : "more",
      "whiteSpace" : false
    }, {
      "id" : "s3-t14",
      "begin" : 313,
      "end" : 315,
      "text" : "or",
      "whiteSpace" : false
    }, {
      "id" : "s3-t15",
      "begin" : 316,
      "end" : 320,
      "text" : "less",
      "whiteSpace" : false
    }, {
      "id" : "s3-t16",
      "begin" : 320,
      "end" : 321,
      "text" : ",",
      "whiteSpace" : false
    }, {
      "id" : "s3-t17",
      "begin" : 322,
      "end" : 331,
      "text" : "according",
      "whiteSpace" : false
    }, {
      "id" : "s3-t18",
      "begin" : 332,
      "end" : 334,
      "text" : "to",
      "whiteSpace" : false
    }, {
      "id" : "s3-t19",
      "begin" : 335,
      "end" : 336,
      "text" : "a",
      "whiteSpace" : false
    }, {
      "id" : "s3-t20",
      "begin" : 337,
      "end" : 343,
      "text" : "survey",
      "whiteSpace" : false
    }, {
      "id" : "s3-t21",
      "begin" : 344,
      "end" : 347,
      "text" : "and",
      "whiteSpace" : false
    }, {
      "id" : "s3-t22",
      "begin" : 348,
      "end" : 352,
      "text" : "plat",
      "whiteSpace" : false
    }, {
      "id" : "s3-t23",
      "begin" : 353,
      "end" : 358,
      "text" : "dated",
      "whiteSpace" : false
    }, {
      "id" : "s3-t24",
      "begin" : 359,
      "end" : 367,
      "text" : "February",
      "whiteSpace" : false
    }, {
      "id" : "s3-t25",
      "begin" : 368,
      "end" : 370,
      "text" : "13",
      "whiteSpace" : false
    }, {
      "id" : "s3-t26",
      "begin" : 370,
      "end" : 371,
      "text" : ",",
      "whiteSpace" : false
    }, {
      "id" : "s3-t27",
      "begin" : 372,
      "end" : 376,
      "text" : "1971",
      "whiteSpace" : false
    }, {
      "id" : "s3-t28",
      "begin" : 377,
      "end" : 379,
      "text" : "by",
      "whiteSpace" : false
    }, {
      "id" : "s3-t29",
      "begin" : 380,
      "end" : 388,
      "text" : "Franklin",
      "whiteSpace" : false
    }, {
      "id" : "s3-t30",
      "begin" : 389,
      "end" : 392,
      "text" : "and",
      "whiteSpace" : false
    }, {
      "id" : "s3-t31",
      "begin" : 393,
      "end" : 399,
      "text" : "Wemyss",
      "whiteSpace" : false
    }, {
      "id" : "s3-t32",
      "begin" : 399,
      "end" : 400,
      "text" : ",",
      "whiteSpace" : false
    }, {
      "id" : "s3-t33",
      "begin" : 401,
      "end" : 411,
      "text" : "Engineers.",
      "whiteSpace" : false
    }, {
      "id" : "s3-t34",
      "begin" : 411,
      "end" : 412,
      "text" : ",",
      "whiteSpace" : false
    }, {
      "id" : "s3-t35",
      "begin" : 413,
      "end" : 418,
      "text" : "BEING",
      "whiteSpace" : false
    }, {
      "id" : "s3-t36",
      "begin" : 419,
      "end" : 422,
      "text" : "the",
      "whiteSpace" : false
    }, {
      "id" : "s3-t37",
      "begin" : 423,
      "end" : 427,
      "text" : "same",
      "whiteSpace" : false
    }, {
      "id" : "s3-t38",
      "begin" : 428,
      "end" : 436,
      "text" : "property",
      "whiteSpace" : false
    }, {
      "id" : "s3-t39",
      "begin" : 437,
      "end" : 445,
      "text" : "conveyed",
      "whiteSpace" : false
    }, {
      "id" : "s3-t40",
      "begin" : 446,
      "end" : 448,
      "text" : "to",
      "whiteSpace" : false
    }, {
      "id" : "s3-t41",
      "begin" : 449,
      "end" : 455,
      "text" : "Burton",
      "whiteSpace" : false
    }, {
      "id" : "s3-t42",
      "begin" : 456,
      "end" : 464,
      "text" : "Caldwell",
      "whiteSpace" : false
    }, {
      "id" : "s3-t43",
      "begin" : 465,
      "end" : 471,
      "text" : "Hewitt",
      "whiteSpace" : false
    }, {
      "id" : "s3-t44",
      "begin" : 472,
      "end" : 474,
      "text" : "by",
      "whiteSpace" : false
    }, {
      "id" : "s3-t45",
      "begin" : 475,
      "end" : 479,
      "text" : "deed",
      "whiteSpace" : false
    }, {
      "id" : "s3-t46",
      "begin" : 480,
      "end" : 482,
      "text" : "of",
      "whiteSpace" : false
    }, {
      "id" : "s3-t47",
      "begin" : 483,
      "end" : 489,
      "text" : "record",
      "whiteSpace" : false
    }, {
      "id" : "s3-t48",
      "begin" : 490,
      "end" : 492,
      "text" : "in",
      "whiteSpace" : false
    }, {
      "id" : "s3-t49",
      "begin" : 493,
      "end" : 497,
      "text" : "Deed",
      "whiteSpace" : false
    }, {
      "id" : "s3-t50",
      "begin" : 498,
      "end" : 502,
      "text" : "Book",
      "whiteSpace" : false
    }, {
      "id" : "s3-t51",
      "begin" : 503,
      "end" : 506,
      "text" : "130",
      "whiteSpace" : false
    }, {
      "id" : "s3-t52",
      "begin" : 506,
      "end" : 507,
      "text" : ",",
      "whiteSpace" : false
    }, {
      "id" : "s3-t53",
      "begin" : 508,
      "end" : 512,
      "text" : "page",
      "whiteSpace" : false
    }, {
      "id" : "s3-t54",
      "begin" : 513,
      "end" : 516,
      "text" : "174",
      "whiteSpace" : false
    }, {
      "id" : "s3-t55",
      "begin" : 516,
      "end" : 517,
      "text" : ",",
      "whiteSpace" : false
    }, {
      "id" : "s3-t56",
      "begin" : 518,
      "end" : 526,
      "text" : "Register",
      "whiteSpace" : false
    }, {
      "id" : "s3-t57",
      "begin" : 526,
      "end" : 527,
      "text" : "?",
      "whiteSpace" : false
    } ]
  }, {
    "id" : "s4",
    "begin" : 527,
    "end" : 534,
    "text" : "??s Of?",
    "tokens" : [ {
      "id" : "s4-t0",
      "begin" : 527,
      "end" : 530,
      "text" : "??s",
      "whiteSpace" : false
    }, {
      "id" : "s4-t1",
      "begin" : 531,
      "end" : 533,
      "text" : "Of",
      "whiteSpace" : false
    }, {
      "id" : "s4-t2",
      "begin" : 533,
      "end" : 534,
      "text" : "?",
      "whiteSpace" : false
    } ]
  }, {
    "id" : "s5",
    "begin" : 534,
    "end" : 614,
    "text" : "??ce of Humphreys County, Tennessee., ) ), WW, Received fer recent the 08 day at",
    "tokens" : [ {
      "id" : "s5-t0",
      "begin" : 534,
      "end" : 538,
      "text" : "??ce",
      "whiteSpace" : false
    }, {
      "id" : "s5-t1",
      "begin" : 539,
      "end" : 541,
      "text" : "of",
      "whiteSpace" : false
    }, {
      "id" : "s5-t2",
      "begin" : 542,
      "end" : 551,
      "text" : "Humphreys",
      "whiteSpace" : false
    }, {
      "id" : "s5-t3",
      "begin" : 552,
      "end" : 558,
      "text" : "County",
      "whiteSpace" : false
    }, {
      "id" : "s5-t4",
      "begin" : 558,
      "end" : 559,
      "text" : ",",
      "whiteSpace" : false
    }, {
      "id" : "s5-t5",
      "begin" : 560,
      "end" : 570,
      "text" : "Tennessee.",
      "whiteSpace" : false
    }, {
      "id" : "s5-t6",
      "begin" : 570,
      "end" : 571,
      "text" : ",",
      "whiteSpace" : false
    }, {
      "id" : "s5-t7",
      "begin" : 572,
      "end" : 573,
      "text" : ")",
      "whiteSpace" : false
    }, {
      "id" : "s5-t8",
      "begin" : 574,
      "end" : 575,
      "text" : ")",
      "whiteSpace" : false
    }, {
      "id" : "s5-t9",
      "begin" : 575,
      "end" : 576,
      "text" : ",",
      "whiteSpace" : false
    }, {
      "id" : "s5-t10",
      "begin" : 577,
      "end" : 579,
      "text" : "WW",
      "whiteSpace" : false
    }, {
      "id" : "s5-t11",
      "begin" : 579,
      "end" : 580,
      "text" : ",",
      "whiteSpace" : false
    }, {
      "id" : "s5-t12",
      "begin" : 581,
      "end" : 589,
      "text" : "Received",
      "whiteSpace" : false
    }, {
      "id" : "s5-t13",
      "begin" : 590,
      "end" : 593,
      "text" : "fer",
      "whiteSpace" : false
    }, {
      "id" : "s5-t14",
      "begin" : 594,
      "end" : 600,
      "text" : "recent",
      "whiteSpace" : false
    }, {
      "id" : "s5-t15",
      "begin" : 601,
      "end" : 604,
      "text" : "the",
      "whiteSpace" : false
    }, {
      "id" : "s5-t16",
      "begin" : 605,
      "end" : 607,
      "text" : "08",
      "whiteSpace" : false
    }, {
      "id" : "s5-t17",
      "begin" : 608,
      "end" : 611,
      "text" : "day",
      "whiteSpace" : false
    }, {
      "id" : "s5-t18",
      "begin" : 612,
      "end" : 614,
      "text" : "at",
      "whiteSpace" : false
    } ]
  } ],
  "mentions" : [ {
    "id" : "s3-m1",
    "properties" : {
      "SIRE_MENTION_ROLE" : "WarrDeedBookNum",
      "SIRE_ENTITY_SUBTYPE" : "NONE",
      "SIRE_MENTION_TYPE" : "NONE",
      "SIRE_MENTION_CLASS" : "SPC"
    },
    "type" : "WarrDeedBookNum",
    "begin" : 503,
    "end" : 506,
    "inCoref" : false
  }, {
    "id" : "s3-m2",
    "properties" : {
      "SIRE_MENTION_ROLE" : "WarrDeedPageNum",
      "SIRE_ENTITY_SUBTYPE" : "NONE",
      "SIRE_MENTION_TYPE" : "NONE",
      "SIRE_MENTION_CLASS" : "SPC"
    },
    "type" : "WarrDeedPageNum",
    "begin" : 513,
    "end" : 516,
    "inCoref" : false
  } ],
  "relations" : [ ],
  "corefs" : [ ],
  "typeResolved" : true,
  "userResolved" : false
}