{
  "id" : "ba29a320-54dc-11e9-9b8e-4bc9d96d3dde-4",
  "name" : "WD181-9.txt",
  "createdDate" : 0,
  "version" : 3,
  "text" : "runs thence in a northeasterly direction with Fairground Drive 100 feet to a stake, the SWC of the Sanders lot; thence East with the SBL of the said Sanders lot 56 feet to a stake at the NWC of the Duncan lot; thence South with the Duncan WBL 100 feet to a stake on the north side of an alley; thence West with the north margin of said alley 101 feet to the beginning., BEING the same property conveyed to Virginia M. Ellison by deed of record in Deed Book 180, page 2029, Register???s Of???ce of Humphreys County, Tennessee., ) ), State at Tennessee: Bounty of BUHPHREYS Received for record the 0",
  "docLength" : 0,
  "language" : "EN",
  "status" : "SUBMITTED",
  "modifiedDate" : 1554165933022,
  "documentSet" : [ ],
  "preannotation" : [ ],
  "sentences" : [ {
    "id" : "s0",
    "begin" : 0,
    "end" : 482,
    "text" : "runs thence in a northeasterly direction with Fairground Drive 100 feet to a stake, the SWC of the Sanders lot; thence East with the SBL of the said Sanders lot 56 feet to a stake at the NWC of the Duncan lot; thence South with the Duncan WBL 100 feet to a stake on the north side of an alley; thence West with the north margin of said alley 101 feet to the beginning., BEING the same property conveyed to Virginia M. Ellison by deed of record in Deed Book 180, page 2029, Register?",
    "tokens" : [ {
      "id" : "s0-t0",
      "begin" : 0,
      "end" : 4,
      "text" : "runs",
      "whiteSpace" : false
    }, {
      "id" : "s0-t1",
      "begin" : 5,
      "end" : 11,
      "text" : "thence",
      "whiteSpace" : false
    }, {
      "id" : "s0-t2",
      "begin" : 12,
      "end" : 14,
      "text" : "in",
      "whiteSpace" : false
    }, {
      "id" : "s0-t3",
      "begin" : 15,
      "end" : 16,
      "text" : "a",
      "whiteSpace" : false
    }, {
      "id" : "s0-t4",
      "begin" : 17,
      "end" : 30,
      "text" : "northeasterly",
      "whiteSpace" : false
    }, {
      "id" : "s0-t5",
      "begin" : 31,
      "end" : 40,
      "text" : "direction",
      "whiteSpace" : false
    }, {
      "id" : "s0-t6",
      "begin" : 41,
      "end" : 45,
      "text" : "with",
      "whiteSpace" : false
    }, {
      "id" : "s0-t7",
      "begin" : 46,
      "end" : 56,
      "text" : "Fairground",
      "whiteSpace" : false
    }, {
      "id" : "s0-t8",
      "begin" : 57,
      "end" : 62,
      "text" : "Drive",
      "whiteSpace" : false
    }, {
      "id" : "s0-t9",
      "begin" : 63,
      "end" : 66,
      "text" : "100",
      "whiteSpace" : false
    }, {
      "id" : "s0-t10",
      "begin" : 67,
      "end" : 71,
      "text" : "feet",
      "whiteSpace" : false
    }, {
      "id" : "s0-t11",
      "begin" : 72,
      "end" : 74,
      "text" : "to",
      "whiteSpace" : false
    }, {
      "id" : "s0-t12",
      "begin" : 75,
      "end" : 76,
      "text" : "a",
      "whiteSpace" : false
    }, {
      "id" : "s0-t13",
      "begin" : 77,
      "end" : 82,
      "text" : "stake",
      "whiteSpace" : false
    }, {
      "id" : "s0-t14",
      "begin" : 82,
      "end" : 83,
      "text" : ",",
      "whiteSpace" : false
    }, {
      "id" : "s0-t15",
      "begin" : 84,
      "end" : 87,
      "text" : "the",
      "whiteSpace" : false
    }, {
      "id" : "s0-t16",
      "begin" : 88,
      "end" : 91,
      "text" : "SWC",
      "whiteSpace" : false
    }, {
      "id" : "s0-t17",
      "begin" : 92,
      "end" : 94,
      "text" : "of",
      "whiteSpace" : false
    }, {
      "id" : "s0-t18",
      "begin" : 95,
      "end" : 98,
      "text" : "the",
      "whiteSpace" : false
    }, {
      "id" : "s0-t19",
      "begin" : 99,
      "end" : 106,
      "text" : "Sanders",
      "whiteSpace" : false
    }, {
      "id" : "s0-t20",
      "begin" : 107,
      "end" : 110,
      "text" : "lot",
      "whiteSpace" : false
    }, {
      "id" : "s0-t21",
      "begin" : 110,
      "end" : 111,
      "text" : ";",
      "whiteSpace" : false
    }, {
      "id" : "s0-t22",
      "begin" : 112,
      "end" : 118,
      "text" : "thence",
      "whiteSpace" : false
    }, {
      "id" : "s0-t23",
      "begin" : 119,
      "end" : 123,
      "text" : "East",
      "whiteSpace" : false
    }, {
      "id" : "s0-t24",
      "begin" : 124,
      "end" : 128,
      "text" : "with",
      "whiteSpace" : false
    }, {
      "id" : "s0-t25",
      "begin" : 129,
      "end" : 132,
      "text" : "the",
      "whiteSpace" : false
    }, {
      "id" : "s0-t26",
      "begin" : 133,
      "end" : 136,
      "text" : "SBL",
      "whiteSpace" : false
    }, {
      "id" : "s0-t27",
      "begin" : 137,
      "end" : 139,
      "text" : "of",
      "whiteSpace" : false
    }, {
      "id" : "s0-t28",
      "begin" : 140,
      "end" : 143,
      "text" : "the",
      "whiteSpace" : false
    }, {
      "id" : "s0-t29",
      "begin" : 144,
      "end" : 148,
      "text" : "said",
      "whiteSpace" : false
    }, {
      "id" : "s0-t30",
      "begin" : 149,
      "end" : 156,
      "text" : "Sanders",
      "whiteSpace" : false
    }, {
      "id" : "s0-t31",
      "begin" : 157,
      "end" : 160,
      "text" : "lot",
      "whiteSpace" : false
    }, {
      "id" : "s0-t32",
      "begin" : 161,
      "end" : 163,
      "text" : "56",
      "whiteSpace" : false
    }, {
      "id" : "s0-t33",
      "begin" : 164,
      "end" : 168,
      "text" : "feet",
      "whiteSpace" : false
    }, {
      "id" : "s0-t34",
      "begin" : 169,
      "end" : 171,
      "text" : "to",
      "whiteSpace" : false
    }, {
      "id" : "s0-t35",
      "begin" : 172,
      "end" : 173,
      "text" : "a",
      "whiteSpace" : false
    }, {
      "id" : "s0-t36",
      "begin" : 174,
      "end" : 179,
      "text" : "stake",
      "whiteSpace" : false
    }, {
      "id" : "s0-t37",
      "begin" : 180,
      "end" : 182,
      "text" : "at",
      "whiteSpace" : false
    }, {
      "id" : "s0-t38",
      "begin" : 183,
      "end" : 186,
      "text" : "the",
      "whiteSpace" : false
    }, {
      "id" : "s0-t39",
      "begin" : 187,
      "end" : 190,
      "text" : "NWC",
      "whiteSpace" : false
    }, {
      "id" : "s0-t40",
      "begin" : 191,
      "end" : 193,
      "text" : "of",
      "whiteSpace" : false
    }, {
      "id" : "s0-t41",
      "begin" : 194,
      "end" : 197,
      "text" : "the",
      "whiteSpace" : false
    }, {
      "id" : "s0-t42",
      "begin" : 198,
      "end" : 204,
      "text" : "Duncan",
      "whiteSpace" : false
    }, {
      "id" : "s0-t43",
      "begin" : 205,
      "end" : 208,
      "text" : "lot",
      "whiteSpace" : false
    }, {
      "id" : "s0-t44",
      "begin" : 208,
      "end" : 209,
      "text" : ";",
      "whiteSpace" : false
    }, {
      "id" : "s0-t45",
      "begin" : 210,
      "end" : 216,
      "text" : "thence",
      "whiteSpace" : false
    }, {
      "id" : "s0-t46",
      "begin" : 217,
      "end" : 222,
      "text" : "South",
      "whiteSpace" : false
    }, {
      "id" : "s0-t47",
      "begin" : 223,
      "end" : 227,
      "text" : "with",
      "whiteSpace" : false
    }, {
      "id" : "s0-t48",
      "begin" : 228,
      "end" : 231,
      "text" : "the",
      "whiteSpace" : false
    }, {
      "id" : "s0-t49",
      "begin" : 232,
      "end" : 238,
      "text" : "Duncan",
      "whiteSpace" : false
    }, {
      "id" : "s0-t50",
      "begin" : 239,
      "end" : 242,
      "text" : "WBL",
      "whiteSpace" : false
    }, {
      "id" : "s0-t51",
      "begin" : 243,
      "end" : 246,
      "text" : "100",
      "whiteSpace" : false
    }, {
      "id" : "s0-t52",
      "begin" : 247,
      "end" : 251,
      "text" : "feet",
      "whiteSpace" : false
    }, {
      "id" : "s0-t53",
      "begin" : 252,
      "end" : 254,
      "text" : "to",
      "whiteSpace" : false
    }, {
      "id" : "s0-t54",
      "begin" : 255,
      "end" : 256,
      "text" : "a",
      "whiteSpace" : false
    }, {
      "id" : "s0-t55",
      "begin" : 257,
      "end" : 262,
      "text" : "stake",
      "whiteSpace" : false
    }, {
      "id" : "s0-t56",
      "begin" : 263,
      "end" : 265,
      "text" : "on",
      "whiteSpace" : false
    }, {
      "id" : "s0-t57",
      "begin" : 266,
      "end" : 269,
      "text" : "the",
      "whiteSpace" : false
    }, {
      "id" : "s0-t58",
      "begin" : 270,
      "end" : 275,
      "text" : "north",
      "whiteSpace" : false
    }, {
      "id" : "s0-t59",
      "begin" : 276,
      "end" : 280,
      "text" : "side",
      "whiteSpace" : false
    }, {
      "id" : "s0-t60",
      "begin" : 281,
      "end" : 283,
      "text" : "of",
      "whiteSpace" : false
    }, {
      "id" : "s0-t61",
      "begin" : 284,
      "end" : 286,
      "text" : "an",
      "whiteSpace" : false
    }, {
      "id" : "s0-t62",
      "begin" : 287,
      "end" : 292,
      "text" : "alley",
      "whiteSpace" : false
    }, {
      "id" : "s0-t63",
      "begin" : 292,
      "end" : 293,
      "text" : ";",
      "whiteSpace" : false
    }, {
      "id" : "s0-t64",
      "begin" : 294,
      "end" : 300,
      "text" : "thence",
      "whiteSpace" : false
    }, {
      "id" : "s0-t65",
      "begin" : 301,
      "end" : 305,
      "text" : "West",
      "whiteSpace" : false
    }, {
      "id" : "s0-t66",
      "begin" : 306,
      "end" : 310,
      "text" : "with",
      "whiteSpace" : false
    }, {
      "id" : "s0-t67",
      "begin" : 311,
      "end" : 314,
      "text" : "the",
      "whiteSpace" : false
    }, {
      "id" : "s0-t68",
      "begin" : 315,
      "end" : 320,
      "text" : "north",
      "whiteSpace" : false
    }, {
      "id" : "s0-t69",
      "begin" : 321,
      "end" : 327,
      "text" : "margin",
      "whiteSpace" : false
    }, {
      "id" : "s0-t70",
      "begin" : 328,
      "end" : 330,
      "text" : "of",
      "whiteSpace" : false
    }, {
      "id" : "s0-t71",
      "begin" : 331,
      "end" : 335,
      "text" : "said",
      "whiteSpace" : false
    }, {
      "id" : "s0-t72",
      "begin" : 336,
      "end" : 341,
      "text" : "alley",
      "whiteSpace" : false
    }, {
      "id" : "s0-t73",
      "begin" : 342,
      "end" : 345,
      "text" : "101",
      "whiteSpace" : false
    }, {
      "id" : "s0-t74",
      "begin" : 346,
      "end" : 350,
      "text" : "feet",
      "whiteSpace" : false
    }, {
      "id" : "s0-t75",
      "begin" : 351,
      "end" : 353,
      "text" : "to",
      "whiteSpace" : false
    }, {
      "id" : "s0-t76",
      "begin" : 354,
      "end" : 357,
      "text" : "the",
      "whiteSpace" : false
    }, {
      "id" : "s0-t77",
      "begin" : 358,
      "end" : 368,
      "text" : "beginning.",
      "whiteSpace" : false
    }, {
      "id" : "s0-t78",
      "begin" : 368,
      "end" : 369,
      "text" : ",",
      "whiteSpace" : false
    }, {
      "id" : "s0-t79",
      "begin" : 370,
      "end" : 375,
      "text" : "BEING",
      "whiteSpace" : false
    }, {
      "id" : "s0-t80",
      "begin" : 376,
      "end" : 379,
      "text" : "the",
      "whiteSpace" : false
    }, {
      "id" : "s0-t81",
      "begin" : 380,
      "end" : 384,
      "text" : "same",
      "whiteSpace" : false
    }, {
      "id" : "s0-t82",
      "begin" : 385,
      "end" : 393,
      "text" : "property",
      "whiteSpace" : false
    }, {
      "id" : "s0-t83",
      "begin" : 394,
      "end" : 402,
      "text" : "conveyed",
      "whiteSpace" : false
    }, {
      "id" : "s0-t84",
      "begin" : 403,
      "end" : 405,
      "text" : "to",
      "whiteSpace" : false
    }, {
      "id" : "s0-t85",
      "begin" : 406,
      "end" : 414,
      "text" : "Virginia",
      "whiteSpace" : false
    }, {
      "id" : "s0-t86",
      "begin" : 415,
      "end" : 417,
      "text" : "M.",
      "whiteSpace" : false
    }, {
      "id" : "s0-t87",
      "begin" : 418,
      "end" : 425,
      "text" : "Ellison",
      "whiteSpace" : false
    }, {
      "id" : "s0-t88",
      "begin" : 426,
      "end" : 428,
      "text" : "by",
      "whiteSpace" : false
    }, {
      "id" : "s0-t89",
      "begin" : 429,
      "end" : 433,
      "text" : "deed",
      "whiteSpace" : false
    }, {
      "id" : "s0-t90",
      "begin" : 434,
      "end" : 436,
      "text" : "of",
      "whiteSpace" : false
    }, {
      "id" : "s0-t91",
      "begin" : 437,
      "end" : 443,
      "text" : "record",
      "whiteSpace" : false
    }, {
      "id" : "s0-t92",
      "begin" : 444,
      "end" : 446,
      "text" : "in",
      "whiteSpace" : false
    }, {
      "id" : "s0-t93",
      "begin" : 447,
      "end" : 451,
      "text" : "Deed",
      "whiteSpace" : false
    }, {
      "id" : "s0-t94",
      "begin" : 452,
      "end" : 456,
      "text" : "Book",
      "whiteSpace" : false
    }, {
      "id" : "s0-t95",
      "begin" : 457,
      "end" : 460,
      "text" : "180",
      "whiteSpace" : false
    }, {
      "id" : "s0-t96",
      "begin" : 460,
      "end" : 461,
      "text" : ",",
      "whiteSpace" : false
    }, {
      "id" : "s0-t97",
      "begin" : 462,
      "end" : 466,
      "text" : "page",
      "whiteSpace" : false
    }, {
      "id" : "s0-t98",
      "begin" : 467,
      "end" : 471,
      "text" : "2029",
      "whiteSpace" : false
    }, {
      "id" : "s0-t99",
      "begin" : 471,
      "end" : 472,
      "text" : ",",
      "whiteSpace" : false
    }, {
      "id" : "s0-t100",
      "begin" : 473,
      "end" : 481,
      "text" : "Register",
      "whiteSpace" : false
    }, {
      "id" : "s0-t101",
      "begin" : 481,
      "end" : 482,
      "text" : "?",
      "whiteSpace" : false
    } ]
  }, {
    "id" : "s1",
    "begin" : 482,
    "end" : 489,
    "text" : "??s Of?",
    "tokens" : [ {
      "id" : "s1-t0",
      "begin" : 482,
      "end" : 485,
      "text" : "??s",
      "whiteSpace" : false
    }, {
      "id" : "s1-t1",
      "begin" : 486,
      "end" : 488,
      "text" : "Of",
      "whiteSpace" : false
    }, {
      "id" : "s1-t2",
      "begin" : 488,
      "end" : 489,
      "text" : "?",
      "whiteSpace" : false
    } ]
  }, {
    "id" : "s2",
    "begin" : 489,
    "end" : 597,
    "text" : "??ce of Humphreys County, Tennessee., ) ), State at Tennessee: Bounty of BUHPHREYS Received for record the 0",
    "tokens" : [ {
      "id" : "s2-t0",
      "begin" : 489,
      "end" : 493,
      "text" : "??ce",
      "whiteSpace" : false
    }, {
      "id" : "s2-t1",
      "begin" : 494,
      "end" : 496,
      "text" : "of",
      "whiteSpace" : false
    }, {
      "id" : "s2-t2",
      "begin" : 497,
      "end" : 506,
      "text" : "Humphreys",
      "whiteSpace" : false
    }, {
      "id" : "s2-t3",
      "begin" : 507,
      "end" : 513,
      "text" : "County",
      "whiteSpace" : false
    }, {
      "id" : "s2-t4",
      "begin" : 513,
      "end" : 514,
      "text" : ",",
      "whiteSpace" : false
    }, {
      "id" : "s2-t5",
      "begin" : 515,
      "end" : 525,
      "text" : "Tennessee.",
      "whiteSpace" : false
    }, {
      "id" : "s2-t6",
      "begin" : 525,
      "end" : 526,
      "text" : ",",
      "whiteSpace" : false
    }, {
      "id" : "s2-t7",
      "begin" : 527,
      "end" : 528,
      "text" : ")",
      "whiteSpace" : false
    }, {
      "id" : "s2-t8",
      "begin" : 529,
      "end" : 530,
      "text" : ")",
      "whiteSpace" : false
    }, {
      "id" : "s2-t9",
      "begin" : 530,
      "end" : 531,
      "text" : ",",
      "whiteSpace" : false
    }, {
      "id" : "s2-t10",
      "begin" : 532,
      "end" : 537,
      "text" : "State",
      "whiteSpace" : false
    }, {
      "id" : "s2-t11",
      "begin" : 538,
      "end" : 540,
      "text" : "at",
      "whiteSpace" : false
    }, {
      "id" : "s2-t12",
      "begin" : 541,
      "end" : 550,
      "text" : "Tennessee",
      "whiteSpace" : false
    }, {
      "id" : "s2-t13",
      "begin" : 550,
      "end" : 551,
      "text" : ":",
      "whiteSpace" : false
    }, {
      "id" : "s2-t14",
      "begin" : 552,
      "end" : 558,
      "text" : "Bounty",
      "whiteSpace" : false
    }, {
      "id" : "s2-t15",
      "begin" : 559,
      "end" : 561,
      "text" : "of",
      "whiteSpace" : false
    }, {
      "id" : "s2-t16",
      "begin" : 562,
      "end" : 571,
      "text" : "BUHPHREYS",
      "whiteSpace" : false
    }, {
      "id" : "s2-t17",
      "begin" : 572,
      "end" : 580,
      "text" : "Received",
      "whiteSpace" : false
    }, {
      "id" : "s2-t18",
      "begin" : 581,
      "end" : 584,
      "text" : "for",
      "whiteSpace" : false
    }, {
      "id" : "s2-t19",
      "begin" : 585,
      "end" : 591,
      "text" : "record",
      "whiteSpace" : false
    }, {
      "id" : "s2-t20",
      "begin" : 592,
      "end" : 595,
      "text" : "the",
      "whiteSpace" : false
    }, {
      "id" : "s2-t21",
      "begin" : 596,
      "end" : 597,
      "text" : "0",
      "whiteSpace" : false
    } ]
  } ],
  "mentions" : [ {
    "id" : "s0-m1",
    "properties" : {
      "SIRE_MENTION_ROLE" : "WarrDeedBookNum",
      "SIRE_ENTITY_SUBTYPE" : "NONE",
      "SIRE_MENTION_TYPE" : "NONE",
      "SIRE_MENTION_CLASS" : "SPC"
    },
    "type" : "WarrDeedBookNum",
    "begin" : 457,
    "end" : 460,
    "inCoref" : false
  }, {
    "id" : "s0-m2",
    "properties" : {
      "SIRE_MENTION_ROLE" : "WarrDeedPageNum",
      "SIRE_ENTITY_SUBTYPE" : "NONE",
      "SIRE_MENTION_TYPE" : "NONE",
      "SIRE_MENTION_CLASS" : "SPC"
    },
    "type" : "WarrDeedPageNum",
    "begin" : 467,
    "end" : 471,
    "inCoref" : false
  } ],
  "relations" : [ ],
  "corefs" : [ ],
  "typeResolved" : true,
  "userResolved" : false
}