{
  "id" : "ba29a320-54dc-11e9-9b8e-4bc9d96d3dde-16",
  "name" : "WD185-4.txt",
  "createdDate" : 0,
  "version" : 3,
  "text" : " south 24 degrees 11 minutes 40 seconds east, and being 617.81 feet to a point 77.39 feet left of State Route 13 survey centerline station 113+25.84; south 65 degrees 48 minutes 20 seconds west, and being 15.00 feet to a point 92.38 feet left of State ROute 13 survey centerline station ll3+26.39; south 24 degrees 11 minutes 40 seconds east, and being 125.05 feet to the POINT OF BEGINNING, containing 1.107 acres, more or less. BEING a portion of the same property conveyed to the Grantor of record in Deed Book 173, Page 1237, Register???s Office for Humphreys County. The above described property hereby conveyed in fee simple and the lien for property taxes against the same is to be removed as provided for in Section 67-5???203,",
  "docLength" : 0,
  "language" : "EN",
  "status" : "SUBMITTED",
  "modifiedDate" : 1554165909619,
  "documentSet" : [ ],
  "preannotation" : [ ],
  "sentences" : [ {
    "id" : "s0",
    "begin" : 1,
    "end" : 429,
    "text" : "south 24 degrees 11 minutes 40 seconds east, and being 617.81 feet to a point 77.39 feet left of State Route 13 survey centerline station 113+25.84; south 65 degrees 48 minutes 20 seconds west, and being 15.00 feet to a point 92.38 feet left of State ROute 13 survey centerline station ll3+26.39; south 24 degrees 11 minutes 40 seconds east, and being 125.05 feet to the POINT OF BEGINNING, containing 1.107 acres, more or less.",
    "tokens" : [ {
      "id" : "s0-t0",
      "begin" : 1,
      "end" : 6,
      "text" : "south",
      "whiteSpace" : false
    }, {
      "id" : "s0-t1",
      "begin" : 7,
      "end" : 9,
      "text" : "24",
      "whiteSpace" : false
    }, {
      "id" : "s0-t2",
      "begin" : 10,
      "end" : 17,
      "text" : "degrees",
      "whiteSpace" : false
    }, {
      "id" : "s0-t3",
      "begin" : 18,
      "end" : 20,
      "text" : "11",
      "whiteSpace" : false
    }, {
      "id" : "s0-t4",
      "begin" : 21,
      "end" : 28,
      "text" : "minutes",
      "whiteSpace" : false
    }, {
      "id" : "s0-t5",
      "begin" : 29,
      "end" : 31,
      "text" : "40",
      "whiteSpace" : false
    }, {
      "id" : "s0-t6",
      "begin" : 32,
      "end" : 39,
      "text" : "seconds",
      "whiteSpace" : false
    }, {
      "id" : "s0-t7",
      "begin" : 40,
      "end" : 44,
      "text" : "east",
      "whiteSpace" : false
    }, {
      "id" : "s0-t8",
      "begin" : 44,
      "end" : 45,
      "text" : ",",
      "whiteSpace" : false
    }, {
      "id" : "s0-t9",
      "begin" : 46,
      "end" : 49,
      "text" : "and",
      "whiteSpace" : false
    }, {
      "id" : "s0-t10",
      "begin" : 50,
      "end" : 55,
      "text" : "being",
      "whiteSpace" : false
    }, {
      "id" : "s0-t11",
      "begin" : 56,
      "end" : 62,
      "text" : "617.81",
      "whiteSpace" : false
    }, {
      "id" : "s0-t12",
      "begin" : 63,
      "end" : 67,
      "text" : "feet",
      "whiteSpace" : false
    }, {
      "id" : "s0-t13",
      "begin" : 68,
      "end" : 70,
      "text" : "to",
      "whiteSpace" : false
    }, {
      "id" : "s0-t14",
      "begin" : 71,
      "end" : 72,
      "text" : "a",
      "whiteSpace" : false
    }, {
      "id" : "s0-t15",
      "begin" : 73,
      "end" : 78,
      "text" : "point",
      "whiteSpace" : false
    }, {
      "id" : "s0-t16",
      "begin" : 79,
      "end" : 84,
      "text" : "77.39",
      "whiteSpace" : false
    }, {
      "id" : "s0-t17",
      "begin" : 85,
      "end" : 89,
      "text" : "feet",
      "whiteSpace" : false
    }, {
      "id" : "s0-t18",
      "begin" : 90,
      "end" : 94,
      "text" : "left",
      "whiteSpace" : false
    }, {
      "id" : "s0-t19",
      "begin" : 95,
      "end" : 97,
      "text" : "of",
      "whiteSpace" : false
    }, {
      "id" : "s0-t20",
      "begin" : 98,
      "end" : 103,
      "text" : "State",
      "whiteSpace" : false
    }, {
      "id" : "s0-t21",
      "begin" : 104,
      "end" : 109,
      "text" : "Route",
      "whiteSpace" : false
    }, {
      "id" : "s0-t22",
      "begin" : 110,
      "end" : 112,
      "text" : "13",
      "whiteSpace" : false
    }, {
      "id" : "s0-t23",
      "begin" : 113,
      "end" : 119,
      "text" : "survey",
      "whiteSpace" : false
    }, {
      "id" : "s0-t24",
      "begin" : 120,
      "end" : 130,
      "text" : "centerline",
      "whiteSpace" : false
    }, {
      "id" : "s0-t25",
      "begin" : 131,
      "end" : 138,
      "text" : "station",
      "whiteSpace" : false
    }, {
      "id" : "s0-t26",
      "begin" : 139,
      "end" : 142,
      "text" : "113",
      "whiteSpace" : false
    }, {
      "id" : "s0-t27",
      "begin" : 142,
      "end" : 143,
      "text" : "+",
      "whiteSpace" : false
    }, {
      "id" : "s0-t28",
      "begin" : 143,
      "end" : 148,
      "text" : "25.84",
      "whiteSpace" : false
    }, {
      "id" : "s0-t29",
      "begin" : 148,
      "end" : 149,
      "text" : ";",
      "whiteSpace" : false
    }, {
      "id" : "s0-t30",
      "begin" : 150,
      "end" : 155,
      "text" : "south",
      "whiteSpace" : false
    }, {
      "id" : "s0-t31",
      "begin" : 156,
      "end" : 158,
      "text" : "65",
      "whiteSpace" : false
    }, {
      "id" : "s0-t32",
      "begin" : 159,
      "end" : 166,
      "text" : "degrees",
      "whiteSpace" : false
    }, {
      "id" : "s0-t33",
      "begin" : 167,
      "end" : 169,
      "text" : "48",
      "whiteSpace" : false
    }, {
      "id" : "s0-t34",
      "begin" : 170,
      "end" : 177,
      "text" : "minutes",
      "whiteSpace" : false
    }, {
      "id" : "s0-t35",
      "begin" : 178,
      "end" : 180,
      "text" : "20",
      "whiteSpace" : false
    }, {
      "id" : "s0-t36",
      "begin" : 181,
      "end" : 188,
      "text" : "seconds",
      "whiteSpace" : false
    }, {
      "id" : "s0-t37",
      "begin" : 189,
      "end" : 193,
      "text" : "west",
      "whiteSpace" : false
    }, {
      "id" : "s0-t38",
      "begin" : 193,
      "end" : 194,
      "text" : ",",
      "whiteSpace" : false
    }, {
      "id" : "s0-t39",
      "begin" : 195,
      "end" : 198,
      "text" : "and",
      "whiteSpace" : false
    }, {
      "id" : "s0-t40",
      "begin" : 199,
      "end" : 204,
      "text" : "being",
      "whiteSpace" : false
    }, {
      "id" : "s0-t41",
      "begin" : 205,
      "end" : 210,
      "text" : "15.00",
      "whiteSpace" : false
    }, {
      "id" : "s0-t42",
      "begin" : 211,
      "end" : 215,
      "text" : "feet",
      "whiteSpace" : false
    }, {
      "id" : "s0-t43",
      "begin" : 216,
      "end" : 218,
      "text" : "to",
      "whiteSpace" : false
    }, {
      "id" : "s0-t44",
      "begin" : 219,
      "end" : 220,
      "text" : "a",
      "whiteSpace" : false
    }, {
      "id" : "s0-t45",
      "begin" : 221,
      "end" : 226,
      "text" : "point",
      "whiteSpace" : false
    }, {
      "id" : "s0-t46",
      "begin" : 227,
      "end" : 232,
      "text" : "92.38",
      "whiteSpace" : false
    }, {
      "id" : "s0-t47",
      "begin" : 233,
      "end" : 237,
      "text" : "feet",
      "whiteSpace" : false
    }, {
      "id" : "s0-t48",
      "begin" : 238,
      "end" : 242,
      "text" : "left",
      "whiteSpace" : false
    }, {
      "id" : "s0-t49",
      "begin" : 243,
      "end" : 245,
      "text" : "of",
      "whiteSpace" : false
    }, {
      "id" : "s0-t50",
      "begin" : 246,
      "end" : 251,
      "text" : "State",
      "whiteSpace" : false
    }, {
      "id" : "s0-t51",
      "begin" : 252,
      "end" : 257,
      "text" : "ROute",
      "whiteSpace" : false
    }, {
      "id" : "s0-t52",
      "begin" : 258,
      "end" : 260,
      "text" : "13",
      "whiteSpace" : false
    }, {
      "id" : "s0-t53",
      "begin" : 261,
      "end" : 267,
      "text" : "survey",
      "whiteSpace" : false
    }, {
      "id" : "s0-t54",
      "begin" : 268,
      "end" : 278,
      "text" : "centerline",
      "whiteSpace" : false
    }, {
      "id" : "s0-t55",
      "begin" : 279,
      "end" : 286,
      "text" : "station",
      "whiteSpace" : false
    }, {
      "id" : "s0-t56",
      "begin" : 287,
      "end" : 290,
      "text" : "ll3",
      "whiteSpace" : false
    }, {
      "id" : "s0-t57",
      "begin" : 290,
      "end" : 291,
      "text" : "+",
      "whiteSpace" : false
    }, {
      "id" : "s0-t58",
      "begin" : 291,
      "end" : 296,
      "text" : "26.39",
      "whiteSpace" : false
    }, {
      "id" : "s0-t59",
      "begin" : 296,
      "end" : 297,
      "text" : ";",
      "whiteSpace" : false
    }, {
      "id" : "s0-t60",
      "begin" : 298,
      "end" : 303,
      "text" : "south",
      "whiteSpace" : false
    }, {
      "id" : "s0-t61",
      "begin" : 304,
      "end" : 306,
      "text" : "24",
      "whiteSpace" : false
    }, {
      "id" : "s0-t62",
      "begin" : 307,
      "end" : 314,
      "text" : "degrees",
      "whiteSpace" : false
    }, {
      "id" : "s0-t63",
      "begin" : 315,
      "end" : 317,
      "text" : "11",
      "whiteSpace" : false
    }, {
      "id" : "s0-t64",
      "begin" : 318,
      "end" : 325,
      "text" : "minutes",
      "whiteSpace" : false
    }, {
      "id" : "s0-t65",
      "begin" : 326,
      "end" : 328,
      "text" : "40",
      "whiteSpace" : false
    }, {
      "id" : "s0-t66",
      "begin" : 329,
      "end" : 336,
      "text" : "seconds",
      "whiteSpace" : false
    }, {
      "id" : "s0-t67",
      "begin" : 337,
      "end" : 341,
      "text" : "east",
      "whiteSpace" : false
    }, {
      "id" : "s0-t68",
      "begin" : 341,
      "end" : 342,
      "text" : ",",
      "whiteSpace" : false
    }, {
      "id" : "s0-t69",
      "begin" : 343,
      "end" : 346,
      "text" : "and",
      "whiteSpace" : false
    }, {
      "id" : "s0-t70",
      "begin" : 347,
      "end" : 352,
      "text" : "being",
      "whiteSpace" : false
    }, {
      "id" : "s0-t71",
      "begin" : 353,
      "end" : 359,
      "text" : "125.05",
      "whiteSpace" : false
    }, {
      "id" : "s0-t72",
      "begin" : 360,
      "end" : 364,
      "text" : "feet",
      "whiteSpace" : false
    }, {
      "id" : "s0-t73",
      "begin" : 365,
      "end" : 367,
      "text" : "to",
      "whiteSpace" : false
    }, {
      "id" : "s0-t74",
      "begin" : 368,
      "end" : 371,
      "text" : "the",
      "whiteSpace" : false
    }, {
      "id" : "s0-t75",
      "begin" : 372,
      "end" : 377,
      "text" : "POINT",
      "whiteSpace" : false
    }, {
      "id" : "s0-t76",
      "begin" : 378,
      "end" : 380,
      "text" : "OF",
      "whiteSpace" : false
    }, {
      "id" : "s0-t77",
      "begin" : 381,
      "end" : 390,
      "text" : "BEGINNING",
      "whiteSpace" : false
    }, {
      "id" : "s0-t78",
      "begin" : 390,
      "end" : 391,
      "text" : ",",
      "whiteSpace" : false
    }, {
      "id" : "s0-t79",
      "begin" : 392,
      "end" : 402,
      "text" : "containing",
      "whiteSpace" : false
    }, {
      "id" : "s0-t80",
      "begin" : 403,
      "end" : 408,
      "text" : "1.107",
      "whiteSpace" : false
    }, {
      "id" : "s0-t81",
      "begin" : 409,
      "end" : 414,
      "text" : "acres",
      "whiteSpace" : false
    }, {
      "id" : "s0-t82",
      "begin" : 414,
      "end" : 415,
      "text" : ",",
      "whiteSpace" : false
    }, {
      "id" : "s0-t83",
      "begin" : 416,
      "end" : 420,
      "text" : "more",
      "whiteSpace" : false
    }, {
      "id" : "s0-t84",
      "begin" : 421,
      "end" : 423,
      "text" : "or",
      "whiteSpace" : false
    }, {
      "id" : "s0-t85",
      "begin" : 424,
      "end" : 428,
      "text" : "less",
      "whiteSpace" : false
    }, {
      "id" : "s0-t86",
      "begin" : 428,
      "end" : 429,
      "text" : ".",
      "whiteSpace" : false
    } ]
  }, {
    "id" : "s1",
    "begin" : 430,
    "end" : 539,
    "text" : "BEING a portion of the same property conveyed to the Grantor of record in Deed Book 173, Page 1237, Register?",
    "tokens" : [ {
      "id" : "s1-t0",
      "begin" : 430,
      "end" : 435,
      "text" : "BEING",
      "whiteSpace" : false
    }, {
      "id" : "s1-t1",
      "begin" : 436,
      "end" : 437,
      "text" : "a",
      "whiteSpace" : false
    }, {
      "id" : "s1-t2",
      "begin" : 438,
      "end" : 445,
      "text" : "portion",
      "whiteSpace" : false
    }, {
      "id" : "s1-t3",
      "begin" : 446,
      "end" : 448,
      "text" : "of",
      "whiteSpace" : false
    }, {
      "id" : "s1-t4",
      "begin" : 449,
      "end" : 452,
      "text" : "the",
      "whiteSpace" : false
    }, {
      "id" : "s1-t5",
      "begin" : 453,
      "end" : 457,
      "text" : "same",
      "whiteSpace" : false
    }, {
      "id" : "s1-t6",
      "begin" : 458,
      "end" : 466,
      "text" : "property",
      "whiteSpace" : false
    }, {
      "id" : "s1-t7",
      "begin" : 467,
      "end" : 475,
      "text" : "conveyed",
      "whiteSpace" : false
    }, {
      "id" : "s1-t8",
      "begin" : 476,
      "end" : 478,
      "text" : "to",
      "whiteSpace" : false
    }, {
      "id" : "s1-t9",
      "begin" : 479,
      "end" : 482,
      "text" : "the",
      "whiteSpace" : false
    }, {
      "id" : "s1-t10",
      "begin" : 483,
      "end" : 490,
      "text" : "Grantor",
      "whiteSpace" : false
    }, {
      "id" : "s1-t11",
      "begin" : 491,
      "end" : 493,
      "text" : "of",
      "whiteSpace" : false
    }, {
      "id" : "s1-t12",
      "begin" : 494,
      "end" : 500,
      "text" : "record",
      "whiteSpace" : false
    }, {
      "id" : "s1-t13",
      "begin" : 501,
      "end" : 503,
      "text" : "in",
      "whiteSpace" : false
    }, {
      "id" : "s1-t14",
      "begin" : 504,
      "end" : 508,
      "text" : "Deed",
      "whiteSpace" : false
    }, {
      "id" : "s1-t15",
      "begin" : 509,
      "end" : 513,
      "text" : "Book",
      "whiteSpace" : false
    }, {
      "id" : "s1-t16",
      "begin" : 514,
      "end" : 517,
      "text" : "173",
      "whiteSpace" : false
    }, {
      "id" : "s1-t17",
      "begin" : 517,
      "end" : 518,
      "text" : ",",
      "whiteSpace" : false
    }, {
      "id" : "s1-t18",
      "begin" : 519,
      "end" : 523,
      "text" : "Page",
      "whiteSpace" : false
    }, {
      "id" : "s1-t19",
      "begin" : 524,
      "end" : 528,
      "text" : "1237",
      "whiteSpace" : false
    }, {
      "id" : "s1-t20",
      "begin" : 528,
      "end" : 529,
      "text" : ",",
      "whiteSpace" : false
    }, {
      "id" : "s1-t21",
      "begin" : 530,
      "end" : 538,
      "text" : "Register",
      "whiteSpace" : false
    }, {
      "id" : "s1-t22",
      "begin" : 538,
      "end" : 539,
      "text" : "?",
      "whiteSpace" : false
    } ]
  }, {
    "id" : "s2",
    "begin" : 539,
    "end" : 571,
    "text" : "??s Office for Humphreys County.",
    "tokens" : [ {
      "id" : "s2-t0",
      "begin" : 539,
      "end" : 542,
      "text" : "??s",
      "whiteSpace" : false
    }, {
      "id" : "s2-t1",
      "begin" : 543,
      "end" : 549,
      "text" : "Office",
      "whiteSpace" : false
    }, {
      "id" : "s2-t2",
      "begin" : 550,
      "end" : 553,
      "text" : "for",
      "whiteSpace" : false
    }, {
      "id" : "s2-t3",
      "begin" : 554,
      "end" : 563,
      "text" : "Humphreys",
      "whiteSpace" : false
    }, {
      "id" : "s2-t4",
      "begin" : 564,
      "end" : 570,
      "text" : "County",
      "whiteSpace" : false
    }, {
      "id" : "s2-t5",
      "begin" : 570,
      "end" : 571,
      "text" : ".",
      "whiteSpace" : false
    } ]
  }, {
    "id" : "s3",
    "begin" : 572,
    "end" : 735,
    "text" : "The above described property hereby conveyed in fee simple and the lien for property taxes against the same is to be removed as provided for in Section 67-5???203,",
    "tokens" : [ {
      "id" : "s3-t0",
      "begin" : 572,
      "end" : 575,
      "text" : "The",
      "whiteSpace" : false
    }, {
      "id" : "s3-t1",
      "begin" : 576,
      "end" : 581,
      "text" : "above",
      "whiteSpace" : false
    }, {
      "id" : "s3-t2",
      "begin" : 582,
      "end" : 591,
      "text" : "described",
      "whiteSpace" : false
    }, {
      "id" : "s3-t3",
      "begin" : 592,
      "end" : 600,
      "text" : "property",
      "whiteSpace" : false
    }, {
      "id" : "s3-t4",
      "begin" : 601,
      "end" : 607,
      "text" : "hereby",
      "whiteSpace" : false
    }, {
      "id" : "s3-t5",
      "begin" : 608,
      "end" : 616,
      "text" : "conveyed",
      "whiteSpace" : false
    }, {
      "id" : "s3-t6",
      "begin" : 617,
      "end" : 619,
      "text" : "in",
      "whiteSpace" : false
    }, {
      "id" : "s3-t7",
      "begin" : 620,
      "end" : 623,
      "text" : "fee",
      "whiteSpace" : false
    }, {
      "id" : "s3-t8",
      "begin" : 624,
      "end" : 630,
      "text" : "simple",
      "whiteSpace" : false
    }, {
      "id" : "s3-t9",
      "begin" : 631,
      "end" : 634,
      "text" : "and",
      "whiteSpace" : false
    }, {
      "id" : "s3-t10",
      "begin" : 635,
      "end" : 638,
      "text" : "the",
      "whiteSpace" : false
    }, {
      "id" : "s3-t11",
      "begin" : 639,
      "end" : 643,
      "text" : "lien",
      "whiteSpace" : false
    }, {
      "id" : "s3-t12",
      "begin" : 644,
      "end" : 647,
      "text" : "for",
      "whiteSpace" : false
    }, {
      "id" : "s3-t13",
      "begin" : 648,
      "end" : 656,
      "text" : "property",
      "whiteSpace" : false
    }, {
      "id" : "s3-t14",
      "begin" : 657,
      "end" : 662,
      "text" : "taxes",
      "whiteSpace" : false
    }, {
      "id" : "s3-t15",
      "begin" : 663,
      "end" : 670,
      "text" : "against",
      "whiteSpace" : false
    }, {
      "id" : "s3-t16",
      "begin" : 671,
      "end" : 674,
      "text" : "the",
      "whiteSpace" : false
    }, {
      "id" : "s3-t17",
      "begin" : 675,
      "end" : 679,
      "text" : "same",
      "whiteSpace" : false
    }, {
      "id" : "s3-t18",
      "begin" : 680,
      "end" : 682,
      "text" : "is",
      "whiteSpace" : false
    }, {
      "id" : "s3-t19",
      "begin" : 683,
      "end" : 685,
      "text" : "to",
      "whiteSpace" : false
    }, {
      "id" : "s3-t20",
      "begin" : 686,
      "end" : 688,
      "text" : "be",
      "whiteSpace" : false
    }, {
      "id" : "s3-t21",
      "begin" : 689,
      "end" : 696,
      "text" : "removed",
      "whiteSpace" : false
    }, {
      "id" : "s3-t22",
      "begin" : 697,
      "end" : 699,
      "text" : "as",
      "whiteSpace" : false
    }, {
      "id" : "s3-t23",
      "begin" : 700,
      "end" : 708,
      "text" : "provided",
      "whiteSpace" : false
    }, {
      "id" : "s3-t24",
      "begin" : 709,
      "end" : 712,
      "text" : "for",
      "whiteSpace" : false
    }, {
      "id" : "s3-t25",
      "begin" : 713,
      "end" : 715,
      "text" : "in",
      "whiteSpace" : false
    }, {
      "id" : "s3-t26",
      "begin" : 716,
      "end" : 723,
      "text" : "Section",
      "whiteSpace" : false
    }, {
      "id" : "s3-t27",
      "begin" : 724,
      "end" : 734,
      "text" : "67-5???203",
      "whiteSpace" : false
    }, {
      "id" : "s3-t28",
      "begin" : 734,
      "end" : 735,
      "text" : ",",
      "whiteSpace" : false
    } ]
  } ],
  "mentions" : [ {
    "id" : "s1-m1",
    "properties" : {
      "SIRE_MENTION_ROLE" : "WarrDeedBookNum",
      "SIRE_ENTITY_SUBTYPE" : "NONE",
      "SIRE_MENTION_TYPE" : "NONE",
      "SIRE_MENTION_CLASS" : "SPC"
    },
    "type" : "WarrDeedBookNum",
    "begin" : 514,
    "end" : 517,
    "inCoref" : false
  }, {
    "id" : "s1-m2",
    "properties" : {
      "SIRE_MENTION_ROLE" : "WarrDeedPageNum",
      "SIRE_ENTITY_SUBTYPE" : "NONE",
      "SIRE_MENTION_TYPE" : "NONE",
      "SIRE_MENTION_CLASS" : "SPC"
    },
    "type" : "WarrDeedPageNum",
    "begin" : 524,
    "end" : 528,
    "inCoref" : false
  } ],
  "relations" : [ ],
  "corefs" : [ ],
  "typeResolved" : true,
  "userResolved" : false
}