{
  "id" : "ba29a320-54dc-11e9-9b8e-4bc9d96d3dde-3",
  "name" : "WD181-7.txt",
  "createdDate" : 0,
  "version" : 3,
  "text" : "Situated and lying on the south side of Trace Creek, between Maple Avenue and Mill Street, on the north side of and adjacent to Daniel Street in the town of Waverly, Tennessee BEGINNING at Betty McPherson's formerly L.W. Slaydens southeast corner, running east with alley (now Daniel Street) 51 ft. to a stake; thence northwardly with a hedge fence about 250 ft. to Trace Creek; thence westwardiy 61 ft. with meanders of Trace Creek to Harris Hooper's (now Betty McPherson's) northeast corner; thence southwardly to the beginning. Being the same property conveyed to Ronald and Patricia Buchanon by deed of record in Book 166, page 742, Register's Office of Humphreys County, Tennessee. unimproved ( ) This is improved (X ) property, known as 105 Daniel Street, Waverly, Tennessee 37185 (Hausa Number) (Street) (PO. Address) (City or Town) (Postal ZIP) TO HAVE AND TO HOLD the said tract or parcel of land, with the appurtenances, estate, title and interest thereto belonging to the said GRANTEES, their heirs and assigns forever; and we do covenant with the said ",
  "docLength" : 0,
  "language" : "EN",
  "status" : "SUBMITTED",
  "modifiedDate" : 1554165925746,
  "documentSet" : [ ],
  "preannotation" : [ ],
  "sentences" : [ {
    "id" : "s0",
    "begin" : 0,
    "end" : 530,
    "text" : "Situated and lying on the south side of Trace Creek, between Maple Avenue and Mill Street, on the north side of and adjacent to Daniel Street in the town of Waverly, Tennessee BEGINNING at Betty McPherson's formerly L.W. Slaydens southeast corner, running east with alley (now Daniel Street) 51 ft. to a stake; thence northwardly with a hedge fence about 250 ft. to Trace Creek; thence westwardiy 61 ft. with meanders of Trace Creek to Harris Hooper's (now Betty McPherson's) northeast corner; thence southwardly to the beginning.",
    "tokens" : [ {
      "id" : "s0-t0",
      "begin" : 0,
      "end" : 8,
      "text" : "Situated",
      "whiteSpace" : false
    }, {
      "id" : "s0-t1",
      "begin" : 9,
      "end" : 12,
      "text" : "and",
      "whiteSpace" : false
    }, {
      "id" : "s0-t2",
      "begin" : 13,
      "end" : 18,
      "text" : "lying",
      "whiteSpace" : false
    }, {
      "id" : "s0-t3",
      "begin" : 19,
      "end" : 21,
      "text" : "on",
      "whiteSpace" : false
    }, {
      "id" : "s0-t4",
      "begin" : 22,
      "end" : 25,
      "text" : "the",
      "whiteSpace" : false
    }, {
      "id" : "s0-t5",
      "begin" : 26,
      "end" : 31,
      "text" : "south",
      "whiteSpace" : false
    }, {
      "id" : "s0-t6",
      "begin" : 32,
      "end" : 36,
      "text" : "side",
      "whiteSpace" : false
    }, {
      "id" : "s0-t7",
      "begin" : 37,
      "end" : 39,
      "text" : "of",
      "whiteSpace" : false
    }, {
      "id" : "s0-t8",
      "begin" : 40,
      "end" : 45,
      "text" : "Trace",
      "whiteSpace" : false
    }, {
      "id" : "s0-t9",
      "begin" : 46,
      "end" : 51,
      "text" : "Creek",
      "whiteSpace" : false
    }, {
      "id" : "s0-t10",
      "begin" : 51,
      "end" : 52,
      "text" : ",",
      "whiteSpace" : false
    }, {
      "id" : "s0-t11",
      "begin" : 53,
      "end" : 60,
      "text" : "between",
      "whiteSpace" : false
    }, {
      "id" : "s0-t12",
      "begin" : 61,
      "end" : 66,
      "text" : "Maple",
      "whiteSpace" : false
    }, {
      "id" : "s0-t13",
      "begin" : 67,
      "end" : 73,
      "text" : "Avenue",
      "whiteSpace" : false
    }, {
      "id" : "s0-t14",
      "begin" : 74,
      "end" : 77,
      "text" : "and",
      "whiteSpace" : false
    }, {
      "id" : "s0-t15",
      "begin" : 78,
      "end" : 82,
      "text" : "Mill",
      "whiteSpace" : false
    }, {
      "id" : "s0-t16",
      "begin" : 83,
      "end" : 89,
      "text" : "Street",
      "whiteSpace" : false
    }, {
      "id" : "s0-t17",
      "begin" : 89,
      "end" : 90,
      "text" : ",",
      "whiteSpace" : false
    }, {
      "id" : "s0-t18",
      "begin" : 91,
      "end" : 93,
      "text" : "on",
      "whiteSpace" : false
    }, {
      "id" : "s0-t19",
      "begin" : 94,
      "end" : 97,
      "text" : "the",
      "whiteSpace" : false
    }, {
      "id" : "s0-t20",
      "begin" : 98,
      "end" : 103,
      "text" : "north",
      "whiteSpace" : false
    }, {
      "id" : "s0-t21",
      "begin" : 104,
      "end" : 108,
      "text" : "side",
      "whiteSpace" : false
    }, {
      "id" : "s0-t22",
      "begin" : 109,
      "end" : 111,
      "text" : "of",
      "whiteSpace" : false
    }, {
      "id" : "s0-t23",
      "begin" : 112,
      "end" : 115,
      "text" : "and",
      "whiteSpace" : false
    }, {
      "id" : "s0-t24",
      "begin" : 116,
      "end" : 124,
      "text" : "adjacent",
      "whiteSpace" : false
    }, {
      "id" : "s0-t25",
      "begin" : 125,
      "end" : 127,
      "text" : "to",
      "whiteSpace" : false
    }, {
      "id" : "s0-t26",
      "begin" : 128,
      "end" : 134,
      "text" : "Daniel",
      "whiteSpace" : false
    }, {
      "id" : "s0-t27",
      "begin" : 135,
      "end" : 141,
      "text" : "Street",
      "whiteSpace" : false
    }, {
      "id" : "s0-t28",
      "begin" : 142,
      "end" : 144,
      "text" : "in",
      "whiteSpace" : false
    }, {
      "id" : "s0-t29",
      "begin" : 145,
      "end" : 148,
      "text" : "the",
      "whiteSpace" : false
    }, {
      "id" : "s0-t30",
      "begin" : 149,
      "end" : 153,
      "text" : "town",
      "whiteSpace" : false
    }, {
      "id" : "s0-t31",
      "begin" : 154,
      "end" : 156,
      "text" : "of",
      "whiteSpace" : false
    }, {
      "id" : "s0-t32",
      "begin" : 157,
      "end" : 164,
      "text" : "Waverly",
      "whiteSpace" : false
    }, {
      "id" : "s0-t33",
      "begin" : 164,
      "end" : 165,
      "text" : ",",
      "whiteSpace" : false
    }, {
      "id" : "s0-t34",
      "begin" : 166,
      "end" : 175,
      "text" : "Tennessee",
      "whiteSpace" : false
    }, {
      "id" : "s0-t35",
      "begin" : 176,
      "end" : 185,
      "text" : "BEGINNING",
      "whiteSpace" : false
    }, {
      "id" : "s0-t36",
      "begin" : 186,
      "end" : 188,
      "text" : "at",
      "whiteSpace" : false
    }, {
      "id" : "s0-t37",
      "begin" : 189,
      "end" : 194,
      "text" : "Betty",
      "whiteSpace" : false
    }, {
      "id" : "s0-t38",
      "begin" : 195,
      "end" : 204,
      "text" : "McPherson",
      "whiteSpace" : false
    }, {
      "id" : "s0-t39",
      "begin" : 204,
      "end" : 206,
      "text" : "'s",
      "whiteSpace" : false
    }, {
      "id" : "s0-t40",
      "begin" : 207,
      "end" : 215,
      "text" : "formerly",
      "whiteSpace" : false
    }, {
      "id" : "s0-t41",
      "begin" : 216,
      "end" : 220,
      "text" : "L.W.",
      "whiteSpace" : false
    }, {
      "id" : "s0-t42",
      "begin" : 221,
      "end" : 229,
      "text" : "Slaydens",
      "whiteSpace" : false
    }, {
      "id" : "s0-t43",
      "begin" : 230,
      "end" : 239,
      "text" : "southeast",
      "whiteSpace" : false
    }, {
      "id" : "s0-t44",
      "begin" : 240,
      "end" : 246,
      "text" : "corner",
      "whiteSpace" : false
    }, {
      "id" : "s0-t45",
      "begin" : 246,
      "end" : 247,
      "text" : ",",
      "whiteSpace" : false
    }, {
      "id" : "s0-t46",
      "begin" : 248,
      "end" : 255,
      "text" : "running",
      "whiteSpace" : false
    }, {
      "id" : "s0-t47",
      "begin" : 256,
      "end" : 260,
      "text" : "east",
      "whiteSpace" : false
    }, {
      "id" : "s0-t48",
      "begin" : 261,
      "end" : 265,
      "text" : "with",
      "whiteSpace" : false
    }, {
      "id" : "s0-t49",
      "begin" : 266,
      "end" : 271,
      "text" : "alley",
      "whiteSpace" : false
    }, {
      "id" : "s0-t50",
      "begin" : 272,
      "end" : 273,
      "text" : "(",
      "whiteSpace" : false
    }, {
      "id" : "s0-t51",
      "begin" : 273,
      "end" : 276,
      "text" : "now",
      "whiteSpace" : false
    }, {
      "id" : "s0-t52",
      "begin" : 277,
      "end" : 283,
      "text" : "Daniel",
      "whiteSpace" : false
    }, {
      "id" : "s0-t53",
      "begin" : 284,
      "end" : 290,
      "text" : "Street",
      "whiteSpace" : false
    }, {
      "id" : "s0-t54",
      "begin" : 290,
      "end" : 291,
      "text" : ")",
      "whiteSpace" : false
    }, {
      "id" : "s0-t55",
      "begin" : 292,
      "end" : 294,
      "text" : "51",
      "whiteSpace" : false
    }, {
      "id" : "s0-t56",
      "begin" : 295,
      "end" : 298,
      "text" : "ft.",
      "whiteSpace" : false
    }, {
      "id" : "s0-t57",
      "begin" : 299,
      "end" : 301,
      "text" : "to",
      "whiteSpace" : false
    }, {
      "id" : "s0-t58",
      "begin" : 302,
      "end" : 303,
      "text" : "a",
      "whiteSpace" : false
    }, {
      "id" : "s0-t59",
      "begin" : 304,
      "end" : 309,
      "text" : "stake",
      "whiteSpace" : false
    }, {
      "id" : "s0-t60",
      "begin" : 309,
      "end" : 310,
      "text" : ";",
      "whiteSpace" : false
    }, {
      "id" : "s0-t61",
      "begin" : 311,
      "end" : 317,
      "text" : "thence",
      "whiteSpace" : false
    }, {
      "id" : "s0-t62",
      "begin" : 318,
      "end" : 329,
      "text" : "northwardly",
      "whiteSpace" : false
    }, {
      "id" : "s0-t63",
      "begin" : 330,
      "end" : 334,
      "text" : "with",
      "whiteSpace" : false
    }, {
      "id" : "s0-t64",
      "begin" : 335,
      "end" : 336,
      "text" : "a",
      "whiteSpace" : false
    }, {
      "id" : "s0-t65",
      "begin" : 337,
      "end" : 342,
      "text" : "hedge",
      "whiteSpace" : false
    }, {
      "id" : "s0-t66",
      "begin" : 343,
      "end" : 348,
      "text" : "fence",
      "whiteSpace" : false
    }, {
      "id" : "s0-t67",
      "begin" : 349,
      "end" : 354,
      "text" : "about",
      "whiteSpace" : false
    }, {
      "id" : "s0-t68",
      "begin" : 355,
      "end" : 358,
      "text" : "250",
      "whiteSpace" : false
    }, {
      "id" : "s0-t69",
      "begin" : 359,
      "end" : 362,
      "text" : "ft.",
      "whiteSpace" : false
    }, {
      "id" : "s0-t70",
      "begin" : 363,
      "end" : 365,
      "text" : "to",
      "whiteSpace" : false
    }, {
      "id" : "s0-t71",
      "begin" : 366,
      "end" : 371,
      "text" : "Trace",
      "whiteSpace" : false
    }, {
      "id" : "s0-t72",
      "begin" : 372,
      "end" : 377,
      "text" : "Creek",
      "whiteSpace" : false
    }, {
      "id" : "s0-t73",
      "begin" : 377,
      "end" : 378,
      "text" : ";",
      "whiteSpace" : false
    }, {
      "id" : "s0-t74",
      "begin" : 379,
      "end" : 385,
      "text" : "thence",
      "whiteSpace" : false
    }, {
      "id" : "s0-t75",
      "begin" : 386,
      "end" : 396,
      "text" : "westwardiy",
      "whiteSpace" : false
    }, {
      "id" : "s0-t76",
      "begin" : 397,
      "end" : 399,
      "text" : "61",
      "whiteSpace" : false
    }, {
      "id" : "s0-t77",
      "begin" : 400,
      "end" : 403,
      "text" : "ft.",
      "whiteSpace" : false
    }, {
      "id" : "s0-t78",
      "begin" : 404,
      "end" : 408,
      "text" : "with",
      "whiteSpace" : false
    }, {
      "id" : "s0-t79",
      "begin" : 409,
      "end" : 417,
      "text" : "meanders",
      "whiteSpace" : false
    }, {
      "id" : "s0-t80",
      "begin" : 418,
      "end" : 420,
      "text" : "of",
      "whiteSpace" : false
    }, {
      "id" : "s0-t81",
      "begin" : 421,
      "end" : 426,
      "text" : "Trace",
      "whiteSpace" : false
    }, {
      "id" : "s0-t82",
      "begin" : 427,
      "end" : 432,
      "text" : "Creek",
      "whiteSpace" : false
    }, {
      "id" : "s0-t83",
      "begin" : 433,
      "end" : 435,
      "text" : "to",
      "whiteSpace" : false
    }, {
      "id" : "s0-t84",
      "begin" : 436,
      "end" : 442,
      "text" : "Harris",
      "whiteSpace" : false
    }, {
      "id" : "s0-t85",
      "begin" : 443,
      "end" : 449,
      "text" : "Hooper",
      "whiteSpace" : false
    }, {
      "id" : "s0-t86",
      "begin" : 449,
      "end" : 451,
      "text" : "'s",
      "whiteSpace" : false
    }, {
      "id" : "s0-t87",
      "begin" : 452,
      "end" : 453,
      "text" : "(",
      "whiteSpace" : false
    }, {
      "id" : "s0-t88",
      "begin" : 453,
      "end" : 456,
      "text" : "now",
      "whiteSpace" : false
    }, {
      "id" : "s0-t89",
      "begin" : 457,
      "end" : 462,
      "text" : "Betty",
      "whiteSpace" : false
    }, {
      "id" : "s0-t90",
      "begin" : 463,
      "end" : 472,
      "text" : "McPherson",
      "whiteSpace" : false
    }, {
      "id" : "s0-t91",
      "begin" : 472,
      "end" : 474,
      "text" : "'s",
      "whiteSpace" : false
    }, {
      "id" : "s0-t92",
      "begin" : 474,
      "end" : 475,
      "text" : ")",
      "whiteSpace" : false
    }, {
      "id" : "s0-t93",
      "begin" : 476,
      "end" : 485,
      "text" : "northeast",
      "whiteSpace" : false
    }, {
      "id" : "s0-t94",
      "begin" : 486,
      "end" : 492,
      "text" : "corner",
      "whiteSpace" : false
    }, {
      "id" : "s0-t95",
      "begin" : 492,
      "end" : 493,
      "text" : ";",
      "whiteSpace" : false
    }, {
      "id" : "s0-t96",
      "begin" : 494,
      "end" : 500,
      "text" : "thence",
      "whiteSpace" : false
    }, {
      "id" : "s0-t97",
      "begin" : 501,
      "end" : 512,
      "text" : "southwardly",
      "whiteSpace" : false
    }, {
      "id" : "s0-t98",
      "begin" : 513,
      "end" : 515,
      "text" : "to",
      "whiteSpace" : false
    }, {
      "id" : "s0-t99",
      "begin" : 516,
      "end" : 519,
      "text" : "the",
      "whiteSpace" : false
    }, {
      "id" : "s0-t100",
      "begin" : 520,
      "end" : 529,
      "text" : "beginning",
      "whiteSpace" : false
    }, {
      "id" : "s0-t101",
      "begin" : 529,
      "end" : 530,
      "text" : ".",
      "whiteSpace" : false
    } ]
  }, {
    "id" : "s1",
    "begin" : 531,
    "end" : 686,
    "text" : "Being the same property conveyed to Ronald and Patricia Buchanon by deed of record in Book 166, page 742, Register's Office of Humphreys County, Tennessee.",
    "tokens" : [ {
      "id" : "s1-t0",
      "begin" : 531,
      "end" : 536,
      "text" : "Being",
      "whiteSpace" : false
    }, {
      "id" : "s1-t1",
      "begin" : 537,
      "end" : 540,
      "text" : "the",
      "whiteSpace" : false
    }, {
      "id" : "s1-t2",
      "begin" : 541,
      "end" : 545,
      "text" : "same",
      "whiteSpace" : false
    }, {
      "id" : "s1-t3",
      "begin" : 546,
      "end" : 554,
      "text" : "property",
      "whiteSpace" : false
    }, {
      "id" : "s1-t4",
      "begin" : 555,
      "end" : 563,
      "text" : "conveyed",
      "whiteSpace" : false
    }, {
      "id" : "s1-t5",
      "begin" : 564,
      "end" : 566,
      "text" : "to",
      "whiteSpace" : false
    }, {
      "id" : "s1-t6",
      "begin" : 567,
      "end" : 573,
      "text" : "Ronald",
      "whiteSpace" : false
    }, {
      "id" : "s1-t7",
      "begin" : 574,
      "end" : 577,
      "text" : "and",
      "whiteSpace" : false
    }, {
      "id" : "s1-t8",
      "begin" : 578,
      "end" : 586,
      "text" : "Patricia",
      "whiteSpace" : false
    }, {
      "id" : "s1-t9",
      "begin" : 587,
      "end" : 595,
      "text" : "Buchanon",
      "whiteSpace" : false
    }, {
      "id" : "s1-t10",
      "begin" : 596,
      "end" : 598,
      "text" : "by",
      "whiteSpace" : false
    }, {
      "id" : "s1-t11",
      "begin" : 599,
      "end" : 603,
      "text" : "deed",
      "whiteSpace" : false
    }, {
      "id" : "s1-t12",
      "begin" : 604,
      "end" : 606,
      "text" : "of",
      "whiteSpace" : false
    }, {
      "id" : "s1-t13",
      "begin" : 607,
      "end" : 613,
      "text" : "record",
      "whiteSpace" : false
    }, {
      "id" : "s1-t14",
      "begin" : 614,
      "end" : 616,
      "text" : "in",
      "whiteSpace" : false
    }, {
      "id" : "s1-t15",
      "begin" : 617,
      "end" : 621,
      "text" : "Book",
      "whiteSpace" : false
    }, {
      "id" : "s1-t16",
      "begin" : 622,
      "end" : 625,
      "text" : "166",
      "whiteSpace" : false
    }, {
      "id" : "s1-t17",
      "begin" : 625,
      "end" : 626,
      "text" : ",",
      "whiteSpace" : false
    }, {
      "id" : "s1-t18",
      "begin" : 627,
      "end" : 631,
      "text" : "page",
      "whiteSpace" : false
    }, {
      "id" : "s1-t19",
      "begin" : 632,
      "end" : 635,
      "text" : "742",
      "whiteSpace" : false
    }, {
      "id" : "s1-t20",
      "begin" : 635,
      "end" : 636,
      "text" : ",",
      "whiteSpace" : false
    }, {
      "id" : "s1-t21",
      "begin" : 637,
      "end" : 645,
      "text" : "Register",
      "whiteSpace" : false
    }, {
      "id" : "s1-t22",
      "begin" : 645,
      "end" : 647,
      "text" : "'s",
      "whiteSpace" : false
    }, {
      "id" : "s1-t23",
      "begin" : 648,
      "end" : 654,
      "text" : "Office",
      "whiteSpace" : false
    }, {
      "id" : "s1-t24",
      "begin" : 655,
      "end" : 657,
      "text" : "of",
      "whiteSpace" : false
    }, {
      "id" : "s1-t25",
      "begin" : 658,
      "end" : 667,
      "text" : "Humphreys",
      "whiteSpace" : false
    }, {
      "id" : "s1-t26",
      "begin" : 668,
      "end" : 674,
      "text" : "County",
      "whiteSpace" : false
    }, {
      "id" : "s1-t27",
      "begin" : 674,
      "end" : 675,
      "text" : ",",
      "whiteSpace" : false
    }, {
      "id" : "s1-t28",
      "begin" : 676,
      "end" : 685,
      "text" : "Tennessee",
      "whiteSpace" : false
    }, {
      "id" : "s1-t29",
      "begin" : 685,
      "end" : 686,
      "text" : ".",
      "whiteSpace" : false
    } ]
  }, {
    "id" : "s2",
    "begin" : 687,
    "end" : 815,
    "text" : "unimproved ( ) This is improved (X ) property, known as 105 Daniel Street, Waverly, Tennessee 37185 (Hausa Number) (Street) (PO.",
    "tokens" : [ {
      "id" : "s2-t0",
      "begin" : 687,
      "end" : 697,
      "text" : "unimproved",
      "whiteSpace" : false
    }, {
      "id" : "s2-t1",
      "begin" : 698,
      "end" : 699,
      "text" : "(",
      "whiteSpace" : false
    }, {
      "id" : "s2-t2",
      "begin" : 700,
      "end" : 701,
      "text" : ")",
      "whiteSpace" : false
    }, {
      "id" : "s2-t3",
      "begin" : 702,
      "end" : 706,
      "text" : "This",
      "whiteSpace" : false
    }, {
      "id" : "s2-t4",
      "begin" : 707,
      "end" : 709,
      "text" : "is",
      "whiteSpace" : false
    }, {
      "id" : "s2-t5",
      "begin" : 710,
      "end" : 718,
      "text" : "improved",
      "whiteSpace" : false
    }, {
      "id" : "s2-t6",
      "begin" : 719,
      "end" : 720,
      "text" : "(",
      "whiteSpace" : false
    }, {
      "id" : "s2-t7",
      "begin" : 720,
      "end" : 721,
      "text" : "X",
      "whiteSpace" : false
    }, {
      "id" : "s2-t8",
      "begin" : 722,
      "end" : 723,
      "text" : ")",
      "whiteSpace" : false
    }, {
      "id" : "s2-t9",
      "begin" : 724,
      "end" : 732,
      "text" : "property",
      "whiteSpace" : false
    }, {
      "id" : "s2-t10",
      "begin" : 732,
      "end" : 733,
      "text" : ",",
      "whiteSpace" : false
    }, {
      "id" : "s2-t11",
      "begin" : 734,
      "end" : 739,
      "text" : "known",
      "whiteSpace" : false
    }, {
      "id" : "s2-t12",
      "begin" : 740,
      "end" : 742,
      "text" : "as",
      "whiteSpace" : false
    }, {
      "id" : "s2-t13",
      "begin" : 743,
      "end" : 746,
      "text" : "105",
      "whiteSpace" : false
    }, {
      "id" : "s2-t14",
      "begin" : 747,
      "end" : 753,
      "text" : "Daniel",
      "whiteSpace" : false
    }, {
      "id" : "s2-t15",
      "begin" : 754,
      "end" : 760,
      "text" : "Street",
      "whiteSpace" : false
    }, {
      "id" : "s2-t16",
      "begin" : 760,
      "end" : 761,
      "text" : ",",
      "whiteSpace" : false
    }, {
      "id" : "s2-t17",
      "begin" : 762,
      "end" : 769,
      "text" : "Waverly",
      "whiteSpace" : false
    }, {
      "id" : "s2-t18",
      "begin" : 769,
      "end" : 770,
      "text" : ",",
      "whiteSpace" : false
    }, {
      "id" : "s2-t19",
      "begin" : 771,
      "end" : 780,
      "text" : "Tennessee",
      "whiteSpace" : false
    }, {
      "id" : "s2-t20",
      "begin" : 781,
      "end" : 786,
      "text" : "37185",
      "whiteSpace" : false
    }, {
      "id" : "s2-t21",
      "begin" : 787,
      "end" : 788,
      "text" : "(",
      "whiteSpace" : false
    }, {
      "id" : "s2-t22",
      "begin" : 788,
      "end" : 793,
      "text" : "Hausa",
      "whiteSpace" : false
    }, {
      "id" : "s2-t23",
      "begin" : 794,
      "end" : 800,
      "text" : "Number",
      "whiteSpace" : false
    }, {
      "id" : "s2-t24",
      "begin" : 800,
      "end" : 801,
      "text" : ")",
      "whiteSpace" : false
    }, {
      "id" : "s2-t25",
      "begin" : 802,
      "end" : 803,
      "text" : "(",
      "whiteSpace" : false
    }, {
      "id" : "s2-t26",
      "begin" : 803,
      "end" : 809,
      "text" : "Street",
      "whiteSpace" : false
    }, {
      "id" : "s2-t27",
      "begin" : 809,
      "end" : 810,
      "text" : ")",
      "whiteSpace" : false
    }, {
      "id" : "s2-t28",
      "begin" : 811,
      "end" : 812,
      "text" : "(",
      "whiteSpace" : false
    }, {
      "id" : "s2-t29",
      "begin" : 812,
      "end" : 814,
      "text" : "PO",
      "whiteSpace" : false
    }, {
      "id" : "s2-t30",
      "begin" : 814,
      "end" : 815,
      "text" : ".",
      "whiteSpace" : false
    } ]
  }, {
    "id" : "s3",
    "begin" : 816,
    "end" : 1063,
    "text" : "Address) (City or Town) (Postal ZIP) TO HAVE AND TO HOLD the said tract or parcel of land, with the appurtenances, estate, title and interest thereto belonging to the said GRANTEES, their heirs and assigns forever; and we do covenant with the said",
    "tokens" : [ {
      "id" : "s3-t0",
      "begin" : 816,
      "end" : 823,
      "text" : "Address",
      "whiteSpace" : false
    }, {
      "id" : "s3-t1",
      "begin" : 823,
      "end" : 824,
      "text" : ")",
      "whiteSpace" : false
    }, {
      "id" : "s3-t2",
      "begin" : 825,
      "end" : 826,
      "text" : "(",
      "whiteSpace" : false
    }, {
      "id" : "s3-t3",
      "begin" : 826,
      "end" : 830,
      "text" : "City",
      "whiteSpace" : false
    }, {
      "id" : "s3-t4",
      "begin" : 831,
      "end" : 833,
      "text" : "or",
      "whiteSpace" : false
    }, {
      "id" : "s3-t5",
      "begin" : 834,
      "end" : 838,
      "text" : "Town",
      "whiteSpace" : false
    }, {
      "id" : "s3-t6",
      "begin" : 838,
      "end" : 839,
      "text" : ")",
      "whiteSpace" : false
    }, {
      "id" : "s3-t7",
      "begin" : 840,
      "end" : 841,
      "text" : "(",
      "whiteSpace" : false
    }, {
      "id" : "s3-t8",
      "begin" : 841,
      "end" : 847,
      "text" : "Postal",
      "whiteSpace" : false
    }, {
      "id" : "s3-t9",
      "begin" : 848,
      "end" : 851,
      "text" : "ZIP",
      "whiteSpace" : false
    }, {
      "id" : "s3-t10",
      "begin" : 851,
      "end" : 852,
      "text" : ")",
      "whiteSpace" : false
    }, {
      "id" : "s3-t11",
      "begin" : 853,
      "end" : 855,
      "text" : "TO",
      "whiteSpace" : false
    }, {
      "id" : "s3-t12",
      "begin" : 856,
      "end" : 860,
      "text" : "HAVE",
      "whiteSpace" : false
    }, {
      "id" : "s3-t13",
      "begin" : 861,
      "end" : 864,
      "text" : "AND",
      "whiteSpace" : false
    }, {
      "id" : "s3-t14",
      "begin" : 865,
      "end" : 867,
      "text" : "TO",
      "whiteSpace" : false
    }, {
      "id" : "s3-t15",
      "begin" : 868,
      "end" : 872,
      "text" : "HOLD",
      "whiteSpace" : false
    }, {
      "id" : "s3-t16",
      "begin" : 873,
      "end" : 876,
      "text" : "the",
      "whiteSpace" : false
    }, {
      "id" : "s3-t17",
      "begin" : 877,
      "end" : 881,
      "text" : "said",
      "whiteSpace" : false
    }, {
      "id" : "s3-t18",
      "begin" : 882,
      "end" : 887,
      "text" : "tract",
      "whiteSpace" : false
    }, {
      "id" : "s3-t19",
      "begin" : 888,
      "end" : 890,
      "text" : "or",
      "whiteSpace" : false
    }, {
      "id" : "s3-t20",
      "begin" : 891,
      "end" : 897,
      "text" : "parcel",
      "whiteSpace" : false
    }, {
      "id" : "s3-t21",
      "begin" : 898,
      "end" : 900,
      "text" : "of",
      "whiteSpace" : false
    }, {
      "id" : "s3-t22",
      "begin" : 901,
      "end" : 905,
      "text" : "land",
      "whiteSpace" : false
    }, {
      "id" : "s3-t23",
      "begin" : 905,
      "end" : 906,
      "text" : ",",
      "whiteSpace" : false
    }, {
      "id" : "s3-t24",
      "begin" : 907,
      "end" : 911,
      "text" : "with",
      "whiteSpace" : false
    }, {
      "id" : "s3-t25",
      "begin" : 912,
      "end" : 915,
      "text" : "the",
      "whiteSpace" : false
    }, {
      "id" : "s3-t26",
      "begin" : 916,
      "end" : 929,
      "text" : "appurtenances",
      "whiteSpace" : false
    }, {
      "id" : "s3-t27",
      "begin" : 929,
      "end" : 930,
      "text" : ",",
      "whiteSpace" : false
    }, {
      "id" : "s3-t28",
      "begin" : 931,
      "end" : 937,
      "text" : "estate",
      "whiteSpace" : false
    }, {
      "id" : "s3-t29",
      "begin" : 937,
      "end" : 938,
      "text" : ",",
      "whiteSpace" : false
    }, {
      "id" : "s3-t30",
      "begin" : 939,
      "end" : 944,
      "text" : "title",
      "whiteSpace" : false
    }, {
      "id" : "s3-t31",
      "begin" : 945,
      "end" : 948,
      "text" : "and",
      "whiteSpace" : false
    }, {
      "id" : "s3-t32",
      "begin" : 949,
      "end" : 957,
      "text" : "interest",
      "whiteSpace" : false
    }, {
      "id" : "s3-t33",
      "begin" : 958,
      "end" : 965,
      "text" : "thereto",
      "whiteSpace" : false
    }, {
      "id" : "s3-t34",
      "begin" : 966,
      "end" : 975,
      "text" : "belonging",
      "whiteSpace" : false
    }, {
      "id" : "s3-t35",
      "begin" : 976,
      "end" : 978,
      "text" : "to",
      "whiteSpace" : false
    }, {
      "id" : "s3-t36",
      "begin" : 979,
      "end" : 982,
      "text" : "the",
      "whiteSpace" : false
    }, {
      "id" : "s3-t37",
      "begin" : 983,
      "end" : 987,
      "text" : "said",
      "whiteSpace" : false
    }, {
      "id" : "s3-t38",
      "begin" : 988,
      "end" : 996,
      "text" : "GRANTEES",
      "whiteSpace" : false
    }, {
      "id" : "s3-t39",
      "begin" : 996,
      "end" : 997,
      "text" : ",",
      "whiteSpace" : false
    }, {
      "id" : "s3-t40",
      "begin" : 998,
      "end" : 1003,
      "text" : "their",
      "whiteSpace" : false
    }, {
      "id" : "s3-t41",
      "begin" : 1004,
      "end" : 1009,
      "text" : "heirs",
      "whiteSpace" : false
    }, {
      "id" : "s3-t42",
      "begin" : 1010,
      "end" : 1013,
      "text" : "and",
      "whiteSpace" : false
    }, {
      "id" : "s3-t43",
      "begin" : 1014,
      "end" : 1021,
      "text" : "assigns",
      "whiteSpace" : false
    }, {
      "id" : "s3-t44",
      "begin" : 1022,
      "end" : 1029,
      "text" : "forever",
      "whiteSpace" : false
    }, {
      "id" : "s3-t45",
      "begin" : 1029,
      "end" : 1030,
      "text" : ";",
      "whiteSpace" : false
    }, {
      "id" : "s3-t46",
      "begin" : 1031,
      "end" : 1034,
      "text" : "and",
      "whiteSpace" : false
    }, {
      "id" : "s3-t47",
      "begin" : 1035,
      "end" : 1037,
      "text" : "we",
      "whiteSpace" : false
    }, {
      "id" : "s3-t48",
      "begin" : 1038,
      "end" : 1040,
      "text" : "do",
      "whiteSpace" : false
    }, {
      "id" : "s3-t49",
      "begin" : 1041,
      "end" : 1049,
      "text" : "covenant",
      "whiteSpace" : false
    }, {
      "id" : "s3-t50",
      "begin" : 1050,
      "end" : 1054,
      "text" : "with",
      "whiteSpace" : false
    }, {
      "id" : "s3-t51",
      "begin" : 1055,
      "end" : 1058,
      "text" : "the",
      "whiteSpace" : false
    }, {
      "id" : "s3-t52",
      "begin" : 1059,
      "end" : 1063,
      "text" : "said",
      "whiteSpace" : false
    } ]
  } ],
  "mentions" : [ {
    "id" : "s1-m1",
    "properties" : {
      "SIRE_MENTION_ROLE" : "WarrDeedBookNum",
      "SIRE_ENTITY_SUBTYPE" : "NONE",
      "SIRE_MENTION_TYPE" : "NONE",
      "SIRE_MENTION_CLASS" : "SPC"
    },
    "type" : "WarrDeedBookNum",
    "begin" : 622,
    "end" : 625,
    "inCoref" : false
  }, {
    "id" : "s1-m3",
    "properties" : {
      "SIRE_MENTION_ROLE" : "WarrDeedPageNum",
      "SIRE_ENTITY_SUBTYPE" : "NONE",
      "SIRE_MENTION_TYPE" : "NONE",
      "SIRE_MENTION_CLASS" : "SPC"
    },
    "type" : "WarrDeedPageNum",
    "begin" : 632,
    "end" : 635,
    "inCoref" : false
  } ],
  "relations" : [ ],
  "corefs" : [ ],
  "typeResolved" : true,
  "userResolved" : false
}