{
  "id" : "ba29a320-54dc-11e9-9b8e-4bc9d96d3dde-0",
  "name" : "WD180-10.txt",
  "createdDate" : 0,
  "version" : 3,
  "text" : "being more particularly described as follows: BEGINNING at a set iron pin in the west margin of Oakland Road, 25 feet from centertine,, containing 1.069 acres more or less. Bearings are based on the record bearings of Lakeside Hills Subdivision., Being the same property conveyed to Victor P. Vaughn and wife Suzanne Alexander Vaughn by Deed of record in Book 172, page 1173. Ftegister's OFfice for Humphreys, ??? th day of April. 2000. ???L-x, COUNTY OF Humphreys, ",
  "docLength" : 0,
  "language" : "EN",
  "status" : "SUBMITTED",
  "modifiedDate" : 1554165829440,
  "documentSet" : [ ],
  "preannotation" : [ ],
  "sentences" : [ {
    "id" : "s0",
    "begin" : 0,
    "end" : 172,
    "text" : "being more particularly described as follows: BEGINNING at a set iron pin in the west margin of Oakland Road, 25 feet from centertine,, containing 1.069 acres more or less.",
    "tokens" : [ {
      "id" : "s0-t0",
      "begin" : 0,
      "end" : 5,
      "text" : "being",
      "whiteSpace" : false
    }, {
      "id" : "s0-t1",
      "begin" : 6,
      "end" : 10,
      "text" : "more",
      "whiteSpace" : false
    }, {
      "id" : "s0-t2",
      "begin" : 11,
      "end" : 23,
      "text" : "particularly",
      "whiteSpace" : false
    }, {
      "id" : "s0-t3",
      "begin" : 24,
      "end" : 33,
      "text" : "described",
      "whiteSpace" : false
    }, {
      "id" : "s0-t4",
      "begin" : 34,
      "end" : 36,
      "text" : "as",
      "whiteSpace" : false
    }, {
      "id" : "s0-t5",
      "begin" : 37,
      "end" : 44,
      "text" : "follows",
      "whiteSpace" : false
    }, {
      "id" : "s0-t6",
      "begin" : 44,
      "end" : 45,
      "text" : ":",
      "whiteSpace" : false
    }, {
      "id" : "s0-t7",
      "begin" : 46,
      "end" : 55,
      "text" : "BEGINNING",
      "whiteSpace" : false
    }, {
      "id" : "s0-t8",
      "begin" : 56,
      "end" : 58,
      "text" : "at",
      "whiteSpace" : false
    }, {
      "id" : "s0-t9",
      "begin" : 59,
      "end" : 60,
      "text" : "a",
      "whiteSpace" : false
    }, {
      "id" : "s0-t10",
      "begin" : 61,
      "end" : 64,
      "text" : "set",
      "whiteSpace" : false
    }, {
      "id" : "s0-t11",
      "begin" : 65,
      "end" : 69,
      "text" : "iron",
      "whiteSpace" : false
    }, {
      "id" : "s0-t12",
      "begin" : 70,
      "end" : 73,
      "text" : "pin",
      "whiteSpace" : false
    }, {
      "id" : "s0-t13",
      "begin" : 74,
      "end" : 76,
      "text" : "in",
      "whiteSpace" : false
    }, {
      "id" : "s0-t14",
      "begin" : 77,
      "end" : 80,
      "text" : "the",
      "whiteSpace" : false
    }, {
      "id" : "s0-t15",
      "begin" : 81,
      "end" : 85,
      "text" : "west",
      "whiteSpace" : false
    }, {
      "id" : "s0-t16",
      "begin" : 86,
      "end" : 92,
      "text" : "margin",
      "whiteSpace" : false
    }, {
      "id" : "s0-t17",
      "begin" : 93,
      "end" : 95,
      "text" : "of",
      "whiteSpace" : false
    }, {
      "id" : "s0-t18",
      "begin" : 96,
      "end" : 103,
      "text" : "Oakland",
      "whiteSpace" : false
    }, {
      "id" : "s0-t19",
      "begin" : 104,
      "end" : 108,
      "text" : "Road",
      "whiteSpace" : false
    }, {
      "id" : "s0-t20",
      "begin" : 108,
      "end" : 109,
      "text" : ",",
      "whiteSpace" : false
    }, {
      "id" : "s0-t21",
      "begin" : 110,
      "end" : 112,
      "text" : "25",
      "whiteSpace" : false
    }, {
      "id" : "s0-t22",
      "begin" : 113,
      "end" : 117,
      "text" : "feet",
      "whiteSpace" : false
    }, {
      "id" : "s0-t23",
      "begin" : 118,
      "end" : 122,
      "text" : "from",
      "whiteSpace" : false
    }, {
      "id" : "s0-t24",
      "begin" : 123,
      "end" : 133,
      "text" : "centertine",
      "whiteSpace" : false
    }, {
      "id" : "s0-t25",
      "begin" : 133,
      "end" : 134,
      "text" : ",",
      "whiteSpace" : false
    }, {
      "id" : "s0-t26",
      "begin" : 134,
      "end" : 135,
      "text" : ",",
      "whiteSpace" : false
    }, {
      "id" : "s0-t27",
      "begin" : 136,
      "end" : 146,
      "text" : "containing",
      "whiteSpace" : false
    }, {
      "id" : "s0-t28",
      "begin" : 147,
      "end" : 152,
      "text" : "1.069",
      "whiteSpace" : false
    }, {
      "id" : "s0-t29",
      "begin" : 153,
      "end" : 158,
      "text" : "acres",
      "whiteSpace" : false
    }, {
      "id" : "s0-t30",
      "begin" : 159,
      "end" : 163,
      "text" : "more",
      "whiteSpace" : false
    }, {
      "id" : "s0-t31",
      "begin" : 164,
      "end" : 166,
      "text" : "or",
      "whiteSpace" : false
    }, {
      "id" : "s0-t32",
      "begin" : 167,
      "end" : 171,
      "text" : "less",
      "whiteSpace" : false
    }, {
      "id" : "s0-t33",
      "begin" : 171,
      "end" : 172,
      "text" : ".",
      "whiteSpace" : false
    } ]
  }, {
    "id" : "s1",
    "begin" : 173,
    "end" : 375,
    "text" : "Bearings are based on the record bearings of Lakeside Hills Subdivision., Being the same property conveyed to Victor P. Vaughn and wife Suzanne Alexander Vaughn by Deed of record in Book 172, page 1173.",
    "tokens" : [ {
      "id" : "s1-t0",
      "begin" : 173,
      "end" : 181,
      "text" : "Bearings",
      "whiteSpace" : false
    }, {
      "id" : "s1-t1",
      "begin" : 182,
      "end" : 185,
      "text" : "are",
      "whiteSpace" : false
    }, {
      "id" : "s1-t2",
      "begin" : 186,
      "end" : 191,
      "text" : "based",
      "whiteSpace" : false
    }, {
      "id" : "s1-t3",
      "begin" : 192,
      "end" : 194,
      "text" : "on",
      "whiteSpace" : false
    }, {
      "id" : "s1-t4",
      "begin" : 195,
      "end" : 198,
      "text" : "the",
      "whiteSpace" : false
    }, {
      "id" : "s1-t5",
      "begin" : 199,
      "end" : 205,
      "text" : "record",
      "whiteSpace" : false
    }, {
      "id" : "s1-t6",
      "begin" : 206,
      "end" : 214,
      "text" : "bearings",
      "whiteSpace" : false
    }, {
      "id" : "s1-t7",
      "begin" : 215,
      "end" : 217,
      "text" : "of",
      "whiteSpace" : false
    }, {
      "id" : "s1-t8",
      "begin" : 218,
      "end" : 226,
      "text" : "Lakeside",
      "whiteSpace" : false
    }, {
      "id" : "s1-t9",
      "begin" : 227,
      "end" : 232,
      "text" : "Hills",
      "whiteSpace" : false
    }, {
      "id" : "s1-t10",
      "begin" : 233,
      "end" : 245,
      "text" : "Subdivision.",
      "whiteSpace" : false
    }, {
      "id" : "s1-t11",
      "begin" : 245,
      "end" : 246,
      "text" : ",",
      "whiteSpace" : false
    }, {
      "id" : "s1-t12",
      "begin" : 247,
      "end" : 252,
      "text" : "Being",
      "whiteSpace" : false
    }, {
      "id" : "s1-t13",
      "begin" : 253,
      "end" : 256,
      "text" : "the",
      "whiteSpace" : false
    }, {
      "id" : "s1-t14",
      "begin" : 257,
      "end" : 261,
      "text" : "same",
      "whiteSpace" : false
    }, {
      "id" : "s1-t15",
      "begin" : 262,
      "end" : 270,
      "text" : "property",
      "whiteSpace" : false
    }, {
      "id" : "s1-t16",
      "begin" : 271,
      "end" : 279,
      "text" : "conveyed",
      "whiteSpace" : false
    }, {
      "id" : "s1-t17",
      "begin" : 280,
      "end" : 282,
      "text" : "to",
      "whiteSpace" : false
    }, {
      "id" : "s1-t18",
      "begin" : 283,
      "end" : 289,
      "text" : "Victor",
      "whiteSpace" : false
    }, {
      "id" : "s1-t19",
      "begin" : 290,
      "end" : 292,
      "text" : "P.",
      "whiteSpace" : false
    }, {
      "id" : "s1-t20",
      "begin" : 293,
      "end" : 299,
      "text" : "Vaughn",
      "whiteSpace" : false
    }, {
      "id" : "s1-t21",
      "begin" : 300,
      "end" : 303,
      "text" : "and",
      "whiteSpace" : false
    }, {
      "id" : "s1-t22",
      "begin" : 304,
      "end" : 308,
      "text" : "wife",
      "whiteSpace" : false
    }, {
      "id" : "s1-t23",
      "begin" : 309,
      "end" : 316,
      "text" : "Suzanne",
      "whiteSpace" : false
    }, {
      "id" : "s1-t24",
      "begin" : 317,
      "end" : 326,
      "text" : "Alexander",
      "whiteSpace" : false
    }, {
      "id" : "s1-t25",
      "begin" : 327,
      "end" : 333,
      "text" : "Vaughn",
      "whiteSpace" : false
    }, {
      "id" : "s1-t26",
      "begin" : 334,
      "end" : 336,
      "text" : "by",
      "whiteSpace" : false
    }, {
      "id" : "s1-t27",
      "begin" : 337,
      "end" : 341,
      "text" : "Deed",
      "whiteSpace" : false
    }, {
      "id" : "s1-t28",
      "begin" : 342,
      "end" : 344,
      "text" : "of",
      "whiteSpace" : false
    }, {
      "id" : "s1-t29",
      "begin" : 345,
      "end" : 351,
      "text" : "record",
      "whiteSpace" : false
    }, {
      "id" : "s1-t30",
      "begin" : 352,
      "end" : 354,
      "text" : "in",
      "whiteSpace" : false
    }, {
      "id" : "s1-t31",
      "begin" : 355,
      "end" : 359,
      "text" : "Book",
      "whiteSpace" : false
    }, {
      "id" : "s1-t32",
      "begin" : 360,
      "end" : 363,
      "text" : "172",
      "whiteSpace" : false
    }, {
      "id" : "s1-t33",
      "begin" : 363,
      "end" : 364,
      "text" : ",",
      "whiteSpace" : false
    }, {
      "id" : "s1-t34",
      "begin" : 365,
      "end" : 369,
      "text" : "page",
      "whiteSpace" : false
    }, {
      "id" : "s1-t35",
      "begin" : 370,
      "end" : 374,
      "text" : "1173",
      "whiteSpace" : false
    }, {
      "id" : "s1-t36",
      "begin" : 374,
      "end" : 375,
      "text" : ".",
      "whiteSpace" : false
    } ]
  }, {
    "id" : "s2",
    "begin" : 376,
    "end" : 411,
    "text" : "Ftegister's OFfice for Humphreys, ?",
    "tokens" : [ {
      "id" : "s2-t0",
      "begin" : 376,
      "end" : 385,
      "text" : "Ftegister",
      "whiteSpace" : false
    }, {
      "id" : "s2-t1",
      "begin" : 385,
      "end" : 387,
      "text" : "'s",
      "whiteSpace" : false
    }, {
      "id" : "s2-t2",
      "begin" : 388,
      "end" : 394,
      "text" : "OFfice",
      "whiteSpace" : false
    }, {
      "id" : "s2-t3",
      "begin" : 395,
      "end" : 398,
      "text" : "for",
      "whiteSpace" : false
    }, {
      "id" : "s2-t4",
      "begin" : 399,
      "end" : 408,
      "text" : "Humphreys",
      "whiteSpace" : false
    }, {
      "id" : "s2-t5",
      "begin" : 408,
      "end" : 409,
      "text" : ",",
      "whiteSpace" : false
    }, {
      "id" : "s2-t6",
      "begin" : 410,
      "end" : 411,
      "text" : "?",
      "whiteSpace" : false
    } ]
  }, {
    "id" : "s3",
    "begin" : 411,
    "end" : 413,
    "text" : "??",
    "tokens" : [ {
      "id" : "s3-t0",
      "begin" : 411,
      "end" : 412,
      "text" : "?",
      "whiteSpace" : false
    }, {
      "id" : "s3-t1",
      "begin" : 412,
      "end" : 413,
      "text" : "?",
      "whiteSpace" : false
    } ]
  }, {
    "id" : "s4",
    "begin" : 414,
    "end" : 430,
    "text" : "th day of April.",
    "tokens" : [ {
      "id" : "s4-t0",
      "begin" : 414,
      "end" : 416,
      "text" : "th",
      "whiteSpace" : false
    }, {
      "id" : "s4-t1",
      "begin" : 417,
      "end" : 420,
      "text" : "day",
      "whiteSpace" : false
    }, {
      "id" : "s4-t2",
      "begin" : 421,
      "end" : 423,
      "text" : "of",
      "whiteSpace" : false
    }, {
      "id" : "s4-t3",
      "begin" : 424,
      "end" : 429,
      "text" : "April",
      "whiteSpace" : false
    }, {
      "id" : "s4-t4",
      "begin" : 429,
      "end" : 430,
      "text" : ".",
      "whiteSpace" : false
    } ]
  }, {
    "id" : "s5",
    "begin" : 431,
    "end" : 438,
    "text" : "2000. ?",
    "tokens" : [ {
      "id" : "s5-t0",
      "begin" : 431,
      "end" : 435,
      "text" : "2000",
      "whiteSpace" : false
    }, {
      "id" : "s5-t1",
      "begin" : 435,
      "end" : 436,
      "text" : ".",
      "whiteSpace" : false
    }, {
      "id" : "s5-t2",
      "begin" : 437,
      "end" : 438,
      "text" : "?",
      "whiteSpace" : false
    } ]
  }, {
    "id" : "s6",
    "begin" : 438,
    "end" : 465,
    "text" : "??L-x, COUNTY OF Humphreys,",
    "tokens" : [ {
      "id" : "s6-t0",
      "begin" : 438,
      "end" : 443,
      "text" : "??L-x",
      "whiteSpace" : false
    }, {
      "id" : "s6-t1",
      "begin" : 443,
      "end" : 444,
      "text" : ",",
      "whiteSpace" : false
    }, {
      "id" : "s6-t2",
      "begin" : 445,
      "end" : 451,
      "text" : "COUNTY",
      "whiteSpace" : false
    }, {
      "id" : "s6-t3",
      "begin" : 452,
      "end" : 454,
      "text" : "OF",
      "whiteSpace" : false
    }, {
      "id" : "s6-t4",
      "begin" : 455,
      "end" : 464,
      "text" : "Humphreys",
      "whiteSpace" : false
    }, {
      "id" : "s6-t5",
      "begin" : 464,
      "end" : 465,
      "text" : ",",
      "whiteSpace" : false
    } ]
  } ],
  "mentions" : [ {
    "id" : "s1-m1",
    "properties" : {
      "SIRE_MENTION_ROLE" : "WarrDeedBookNum",
      "SIRE_ENTITY_SUBTYPE" : "NONE",
      "SIRE_MENTION_TYPE" : "NONE",
      "SIRE_MENTION_CLASS" : "SPC"
    },
    "type" : "WarrDeedBookNum",
    "begin" : 360,
    "end" : 363,
    "inCoref" : false
  }, {
    "id" : "s1-m2",
    "properties" : {
      "SIRE_MENTION_ROLE" : "WarrDeedPageNum",
      "SIRE_ENTITY_SUBTYPE" : "NONE",
      "SIRE_MENTION_TYPE" : "NONE",
      "SIRE_MENTION_CLASS" : "SPC"
    },
    "type" : "WarrDeedPageNum",
    "begin" : 370,
    "end" : 374,
    "inCoref" : false
  } ],
  "relations" : [ ],
  "corefs" : [ ],
  "typeResolved" : true,
  "userResolved" : false
}