{
  "id" : "ba29a320-54dc-11e9-9b8e-4bc9d96d3dde-10",
  "name" : "WD183-4.txt",
  "createdDate" : 0,
  "version" : 3,
  "text" : " of Humphreys County, Tennessee; thence with the east boundary of Smith North 03, 37 \" West 210.03 feet to a placed iron pin in the south margin of East Main Street (Highway 70) thence with said margin North 80?? 36' 51 \" East 83.09 feet to the point of beginning containing an area of 0.37 acre by calculation., Company, Darrel R. McBride, Surveyor, R.L.S. #1463, McEwen, Tennessee, dated February 22, 2002., BEING the same property conveyed to Grady Gray and wife, Laura Gray by deed of record in Deed Book 64, page 465, Register???s Of???ce of Humphreys County, Tennessee. Grady Gray predeceased Laura Gray thereby vesting in Laura Gray as the surviving tenant by the entireties. Laura Gray Lorimer died testate April 2, 1994 and devised the property to Grady Buford Gray under the Last Will and Testament of Laura Gray Lorimer, of record in",
  "docLength" : 0,
  "language" : "EN",
  "status" : "SUBMITTED",
  "modifiedDate" : 1554165844471,
  "documentSet" : [ ],
  "preannotation" : [ ],
  "sentences" : [ {
    "id" : "s0",
    "begin" : 1,
    "end" : 212,
    "text" : "of Humphreys County, Tennessee; thence with the east boundary of Smith North 03, 37 \" West 210.03 feet to a placed iron pin in the south margin of East Main Street (Highway 70) thence with said margin North 80??",
    "tokens" : [ {
      "id" : "s0-t0",
      "begin" : 1,
      "end" : 3,
      "text" : "of",
      "whiteSpace" : false
    }, {
      "id" : "s0-t1",
      "begin" : 4,
      "end" : 13,
      "text" : "Humphreys",
      "whiteSpace" : false
    }, {
      "id" : "s0-t2",
      "begin" : 14,
      "end" : 20,
      "text" : "County",
      "whiteSpace" : false
    }, {
      "id" : "s0-t3",
      "begin" : 20,
      "end" : 21,
      "text" : ",",
      "whiteSpace" : false
    }, {
      "id" : "s0-t4",
      "begin" : 22,
      "end" : 31,
      "text" : "Tennessee",
      "whiteSpace" : false
    }, {
      "id" : "s0-t5",
      "begin" : 31,
      "end" : 32,
      "text" : ";",
      "whiteSpace" : false
    }, {
      "id" : "s0-t6",
      "begin" : 33,
      "end" : 39,
      "text" : "thence",
      "whiteSpace" : false
    }, {
      "id" : "s0-t7",
      "begin" : 40,
      "end" : 44,
      "text" : "with",
      "whiteSpace" : false
    }, {
      "id" : "s0-t8",
      "begin" : 45,
      "end" : 48,
      "text" : "the",
      "whiteSpace" : false
    }, {
      "id" : "s0-t9",
      "begin" : 49,
      "end" : 53,
      "text" : "east",
      "whiteSpace" : false
    }, {
      "id" : "s0-t10",
      "begin" : 54,
      "end" : 62,
      "text" : "boundary",
      "whiteSpace" : false
    }, {
      "id" : "s0-t11",
      "begin" : 63,
      "end" : 65,
      "text" : "of",
      "whiteSpace" : false
    }, {
      "id" : "s0-t12",
      "begin" : 66,
      "end" : 71,
      "text" : "Smith",
      "whiteSpace" : false
    }, {
      "id" : "s0-t13",
      "begin" : 72,
      "end" : 77,
      "text" : "North",
      "whiteSpace" : false
    }, {
      "id" : "s0-t14",
      "begin" : 78,
      "end" : 80,
      "text" : "03",
      "whiteSpace" : false
    }, {
      "id" : "s0-t15",
      "begin" : 80,
      "end" : 81,
      "text" : ",",
      "whiteSpace" : false
    }, {
      "id" : "s0-t16",
      "begin" : 82,
      "end" : 84,
      "text" : "37",
      "whiteSpace" : false
    }, {
      "id" : "s0-t17",
      "begin" : 85,
      "end" : 86,
      "text" : "\"",
      "whiteSpace" : false
    }, {
      "id" : "s0-t18",
      "begin" : 87,
      "end" : 91,
      "text" : "West",
      "whiteSpace" : false
    }, {
      "id" : "s0-t19",
      "begin" : 92,
      "end" : 98,
      "text" : "210.03",
      "whiteSpace" : false
    }, {
      "id" : "s0-t20",
      "begin" : 99,
      "end" : 103,
      "text" : "feet",
      "whiteSpace" : false
    }, {
      "id" : "s0-t21",
      "begin" : 104,
      "end" : 106,
      "text" : "to",
      "whiteSpace" : false
    }, {
      "id" : "s0-t22",
      "begin" : 107,
      "end" : 108,
      "text" : "a",
      "whiteSpace" : false
    }, {
      "id" : "s0-t23",
      "begin" : 109,
      "end" : 115,
      "text" : "placed",
      "whiteSpace" : false
    }, {
      "id" : "s0-t24",
      "begin" : 116,
      "end" : 120,
      "text" : "iron",
      "whiteSpace" : false
    }, {
      "id" : "s0-t25",
      "begin" : 121,
      "end" : 124,
      "text" : "pin",
      "whiteSpace" : false
    }, {
      "id" : "s0-t26",
      "begin" : 125,
      "end" : 127,
      "text" : "in",
      "whiteSpace" : false
    }, {
      "id" : "s0-t27",
      "begin" : 128,
      "end" : 131,
      "text" : "the",
      "whiteSpace" : false
    }, {
      "id" : "s0-t28",
      "begin" : 132,
      "end" : 137,
      "text" : "south",
      "whiteSpace" : false
    }, {
      "id" : "s0-t29",
      "begin" : 138,
      "end" : 144,
      "text" : "margin",
      "whiteSpace" : false
    }, {
      "id" : "s0-t30",
      "begin" : 145,
      "end" : 147,
      "text" : "of",
      "whiteSpace" : false
    }, {
      "id" : "s0-t31",
      "begin" : 148,
      "end" : 152,
      "text" : "East",
      "whiteSpace" : false
    }, {
      "id" : "s0-t32",
      "begin" : 153,
      "end" : 157,
      "text" : "Main",
      "whiteSpace" : false
    }, {
      "id" : "s0-t33",
      "begin" : 158,
      "end" : 164,
      "text" : "Street",
      "whiteSpace" : false
    }, {
      "id" : "s0-t34",
      "begin" : 165,
      "end" : 166,
      "text" : "(",
      "whiteSpace" : false
    }, {
      "id" : "s0-t35",
      "begin" : 166,
      "end" : 173,
      "text" : "Highway",
      "whiteSpace" : false
    }, {
      "id" : "s0-t36",
      "begin" : 174,
      "end" : 176,
      "text" : "70",
      "whiteSpace" : false
    }, {
      "id" : "s0-t37",
      "begin" : 176,
      "end" : 177,
      "text" : ")",
      "whiteSpace" : false
    }, {
      "id" : "s0-t38",
      "begin" : 178,
      "end" : 184,
      "text" : "thence",
      "whiteSpace" : false
    }, {
      "id" : "s0-t39",
      "begin" : 185,
      "end" : 189,
      "text" : "with",
      "whiteSpace" : false
    }, {
      "id" : "s0-t40",
      "begin" : 190,
      "end" : 194,
      "text" : "said",
      "whiteSpace" : false
    }, {
      "id" : "s0-t41",
      "begin" : 195,
      "end" : 201,
      "text" : "margin",
      "whiteSpace" : false
    }, {
      "id" : "s0-t42",
      "begin" : 202,
      "end" : 207,
      "text" : "North",
      "whiteSpace" : false
    }, {
      "id" : "s0-t43",
      "begin" : 208,
      "end" : 210,
      "text" : "80",
      "whiteSpace" : false
    }, {
      "id" : "s0-t44",
      "begin" : 210,
      "end" : 211,
      "text" : "?",
      "whiteSpace" : false
    }, {
      "id" : "s0-t45",
      "begin" : 211,
      "end" : 212,
      "text" : "?",
      "whiteSpace" : false
    } ]
  }, {
    "id" : "s1",
    "begin" : 213,
    "end" : 532,
    "text" : "36' 51 \" East 83.09 feet to the point of beginning containing an area of 0.37 acre by calculation., Company, Darrel R. McBride, Surveyor, R.L.S. #1463, McEwen, Tennessee, dated February 22, 2002., BEING the same property conveyed to Grady Gray and wife, Laura Gray by deed of record in Deed Book 64, page 465, Register?",
    "tokens" : [ {
      "id" : "s1-t0",
      "begin" : 213,
      "end" : 215,
      "text" : "36",
      "whiteSpace" : false
    }, {
      "id" : "s1-t1",
      "begin" : 215,
      "end" : 216,
      "text" : "'",
      "whiteSpace" : false
    }, {
      "id" : "s1-t2",
      "begin" : 217,
      "end" : 219,
      "text" : "51",
      "whiteSpace" : false
    }, {
      "id" : "s1-t3",
      "begin" : 220,
      "end" : 221,
      "text" : "\"",
      "whiteSpace" : false
    }, {
      "id" : "s1-t4",
      "begin" : 222,
      "end" : 226,
      "text" : "East",
      "whiteSpace" : false
    }, {
      "id" : "s1-t5",
      "begin" : 227,
      "end" : 232,
      "text" : "83.09",
      "whiteSpace" : false
    }, {
      "id" : "s1-t6",
      "begin" : 233,
      "end" : 237,
      "text" : "feet",
      "whiteSpace" : false
    }, {
      "id" : "s1-t7",
      "begin" : 238,
      "end" : 240,
      "text" : "to",
      "whiteSpace" : false
    }, {
      "id" : "s1-t8",
      "begin" : 241,
      "end" : 244,
      "text" : "the",
      "whiteSpace" : false
    }, {
      "id" : "s1-t9",
      "begin" : 245,
      "end" : 250,
      "text" : "point",
      "whiteSpace" : false
    }, {
      "id" : "s1-t10",
      "begin" : 251,
      "end" : 253,
      "text" : "of",
      "whiteSpace" : false
    }, {
      "id" : "s1-t11",
      "begin" : 254,
      "end" : 263,
      "text" : "beginning",
      "whiteSpace" : false
    }, {
      "id" : "s1-t12",
      "begin" : 264,
      "end" : 274,
      "text" : "containing",
      "whiteSpace" : false
    }, {
      "id" : "s1-t13",
      "begin" : 275,
      "end" : 277,
      "text" : "an",
      "whiteSpace" : false
    }, {
      "id" : "s1-t14",
      "begin" : 278,
      "end" : 282,
      "text" : "area",
      "whiteSpace" : false
    }, {
      "id" : "s1-t15",
      "begin" : 283,
      "end" : 285,
      "text" : "of",
      "whiteSpace" : false
    }, {
      "id" : "s1-t16",
      "begin" : 286,
      "end" : 290,
      "text" : "0.37",
      "whiteSpace" : false
    }, {
      "id" : "s1-t17",
      "begin" : 291,
      "end" : 295,
      "text" : "acre",
      "whiteSpace" : false
    }, {
      "id" : "s1-t18",
      "begin" : 296,
      "end" : 298,
      "text" : "by",
      "whiteSpace" : false
    }, {
      "id" : "s1-t19",
      "begin" : 299,
      "end" : 311,
      "text" : "calculation.",
      "whiteSpace" : false
    }, {
      "id" : "s1-t20",
      "begin" : 311,
      "end" : 312,
      "text" : ",",
      "whiteSpace" : false
    }, {
      "id" : "s1-t21",
      "begin" : 313,
      "end" : 320,
      "text" : "Company",
      "whiteSpace" : false
    }, {
      "id" : "s1-t22",
      "begin" : 320,
      "end" : 321,
      "text" : ",",
      "whiteSpace" : false
    }, {
      "id" : "s1-t23",
      "begin" : 322,
      "end" : 328,
      "text" : "Darrel",
      "whiteSpace" : false
    }, {
      "id" : "s1-t24",
      "begin" : 329,
      "end" : 331,
      "text" : "R.",
      "whiteSpace" : false
    }, {
      "id" : "s1-t25",
      "begin" : 332,
      "end" : 339,
      "text" : "McBride",
      "whiteSpace" : false
    }, {
      "id" : "s1-t26",
      "begin" : 339,
      "end" : 340,
      "text" : ",",
      "whiteSpace" : false
    }, {
      "id" : "s1-t27",
      "begin" : 341,
      "end" : 349,
      "text" : "Surveyor",
      "whiteSpace" : false
    }, {
      "id" : "s1-t28",
      "begin" : 349,
      "end" : 350,
      "text" : ",",
      "whiteSpace" : false
    }, {
      "id" : "s1-t29",
      "begin" : 351,
      "end" : 357,
      "text" : "R.L.S.",
      "whiteSpace" : false
    }, {
      "id" : "s1-t30",
      "begin" : 358,
      "end" : 363,
      "text" : "#1463",
      "whiteSpace" : false
    }, {
      "id" : "s1-t31",
      "begin" : 363,
      "end" : 364,
      "text" : ",",
      "whiteSpace" : false
    }, {
      "id" : "s1-t32",
      "begin" : 365,
      "end" : 371,
      "text" : "McEwen",
      "whiteSpace" : false
    }, {
      "id" : "s1-t33",
      "begin" : 371,
      "end" : 372,
      "text" : ",",
      "whiteSpace" : false
    }, {
      "id" : "s1-t34",
      "begin" : 373,
      "end" : 382,
      "text" : "Tennessee",
      "whiteSpace" : false
    }, {
      "id" : "s1-t35",
      "begin" : 382,
      "end" : 383,
      "text" : ",",
      "whiteSpace" : false
    }, {
      "id" : "s1-t36",
      "begin" : 384,
      "end" : 389,
      "text" : "dated",
      "whiteSpace" : false
    }, {
      "id" : "s1-t37",
      "begin" : 390,
      "end" : 398,
      "text" : "February",
      "whiteSpace" : false
    }, {
      "id" : "s1-t38",
      "begin" : 399,
      "end" : 401,
      "text" : "22",
      "whiteSpace" : false
    }, {
      "id" : "s1-t39",
      "begin" : 401,
      "end" : 402,
      "text" : ",",
      "whiteSpace" : false
    }, {
      "id" : "s1-t40",
      "begin" : 403,
      "end" : 407,
      "text" : "2002",
      "whiteSpace" : false
    }, {
      "id" : "s1-t41",
      "begin" : 407,
      "end" : 408,
      "text" : ".",
      "whiteSpace" : false
    }, {
      "id" : "s1-t42",
      "begin" : 408,
      "end" : 409,
      "text" : ",",
      "whiteSpace" : false
    }, {
      "id" : "s1-t43",
      "begin" : 410,
      "end" : 415,
      "text" : "BEING",
      "whiteSpace" : false
    }, {
      "id" : "s1-t44",
      "begin" : 416,
      "end" : 419,
      "text" : "the",
      "whiteSpace" : false
    }, {
      "id" : "s1-t45",
      "begin" : 420,
      "end" : 424,
      "text" : "same",
      "whiteSpace" : false
    }, {
      "id" : "s1-t46",
      "begin" : 425,
      "end" : 433,
      "text" : "property",
      "whiteSpace" : false
    }, {
      "id" : "s1-t47",
      "begin" : 434,
      "end" : 442,
      "text" : "conveyed",
      "whiteSpace" : false
    }, {
      "id" : "s1-t48",
      "begin" : 443,
      "end" : 445,
      "text" : "to",
      "whiteSpace" : false
    }, {
      "id" : "s1-t49",
      "begin" : 446,
      "end" : 451,
      "text" : "Grady",
      "whiteSpace" : false
    }, {
      "id" : "s1-t50",
      "begin" : 452,
      "end" : 456,
      "text" : "Gray",
      "whiteSpace" : false
    }, {
      "id" : "s1-t51",
      "begin" : 457,
      "end" : 460,
      "text" : "and",
      "whiteSpace" : false
    }, {
      "id" : "s1-t52",
      "begin" : 461,
      "end" : 465,
      "text" : "wife",
      "whiteSpace" : false
    }, {
      "id" : "s1-t53",
      "begin" : 465,
      "end" : 466,
      "text" : ",",
      "whiteSpace" : false
    }, {
      "id" : "s1-t54",
      "begin" : 467,
      "end" : 472,
      "text" : "Laura",
      "whiteSpace" : false
    }, {
      "id" : "s1-t55",
      "begin" : 473,
      "end" : 477,
      "text" : "Gray",
      "whiteSpace" : false
    }, {
      "id" : "s1-t56",
      "begin" : 478,
      "end" : 480,
      "text" : "by",
      "whiteSpace" : false
    }, {
      "id" : "s1-t57",
      "begin" : 481,
      "end" : 485,
      "text" : "deed",
      "whiteSpace" : false
    }, {
      "id" : "s1-t58",
      "begin" : 486,
      "end" : 488,
      "text" : "of",
      "whiteSpace" : false
    }, {
      "id" : "s1-t59",
      "begin" : 489,
      "end" : 495,
      "text" : "record",
      "whiteSpace" : false
    }, {
      "id" : "s1-t60",
      "begin" : 496,
      "end" : 498,
      "text" : "in",
      "whiteSpace" : false
    }, {
      "id" : "s1-t61",
      "begin" : 499,
      "end" : 503,
      "text" : "Deed",
      "whiteSpace" : false
    }, {
      "id" : "s1-t62",
      "begin" : 504,
      "end" : 508,
      "text" : "Book",
      "whiteSpace" : false
    }, {
      "id" : "s1-t63",
      "begin" : 509,
      "end" : 511,
      "text" : "64",
      "whiteSpace" : false
    }, {
      "id" : "s1-t64",
      "begin" : 511,
      "end" : 512,
      "text" : ",",
      "whiteSpace" : false
    }, {
      "id" : "s1-t65",
      "begin" : 513,
      "end" : 517,
      "text" : "page",
      "whiteSpace" : false
    }, {
      "id" : "s1-t66",
      "begin" : 518,
      "end" : 521,
      "text" : "465",
      "whiteSpace" : false
    }, {
      "id" : "s1-t67",
      "begin" : 521,
      "end" : 522,
      "text" : ",",
      "whiteSpace" : false
    }, {
      "id" : "s1-t68",
      "begin" : 523,
      "end" : 531,
      "text" : "Register",
      "whiteSpace" : false
    }, {
      "id" : "s1-t69",
      "begin" : 531,
      "end" : 532,
      "text" : "?",
      "whiteSpace" : false
    } ]
  }, {
    "id" : "s2",
    "begin" : 532,
    "end" : 539,
    "text" : "??s Of?",
    "tokens" : [ {
      "id" : "s2-t0",
      "begin" : 532,
      "end" : 535,
      "text" : "??s",
      "whiteSpace" : false
    }, {
      "id" : "s2-t1",
      "begin" : 536,
      "end" : 538,
      "text" : "Of",
      "whiteSpace" : false
    }, {
      "id" : "s2-t2",
      "begin" : 538,
      "end" : 539,
      "text" : "?",
      "whiteSpace" : false
    } ]
  }, {
    "id" : "s3",
    "begin" : 539,
    "end" : 575,
    "text" : "??ce of Humphreys County, Tennessee.",
    "tokens" : [ {
      "id" : "s3-t0",
      "begin" : 539,
      "end" : 543,
      "text" : "??ce",
      "whiteSpace" : false
    }, {
      "id" : "s3-t1",
      "begin" : 544,
      "end" : 546,
      "text" : "of",
      "whiteSpace" : false
    }, {
      "id" : "s3-t2",
      "begin" : 547,
      "end" : 556,
      "text" : "Humphreys",
      "whiteSpace" : false
    }, {
      "id" : "s3-t3",
      "begin" : 557,
      "end" : 563,
      "text" : "County",
      "whiteSpace" : false
    }, {
      "id" : "s3-t4",
      "begin" : 563,
      "end" : 564,
      "text" : ",",
      "whiteSpace" : false
    }, {
      "id" : "s3-t5",
      "begin" : 565,
      "end" : 574,
      "text" : "Tennessee",
      "whiteSpace" : false
    }, {
      "id" : "s3-t6",
      "begin" : 574,
      "end" : 575,
      "text" : ".",
      "whiteSpace" : false
    } ]
  }, {
    "id" : "s4",
    "begin" : 576,
    "end" : 682,
    "text" : "Grady Gray predeceased Laura Gray thereby vesting in Laura Gray as the surviving tenant by the entireties.",
    "tokens" : [ {
      "id" : "s4-t0",
      "begin" : 576,
      "end" : 581,
      "text" : "Grady",
      "whiteSpace" : false
    }, {
      "id" : "s4-t1",
      "begin" : 582,
      "end" : 586,
      "text" : "Gray",
      "whiteSpace" : false
    }, {
      "id" : "s4-t2",
      "begin" : 587,
      "end" : 598,
      "text" : "predeceased",
      "whiteSpace" : false
    }, {
      "id" : "s4-t3",
      "begin" : 599,
      "end" : 604,
      "text" : "Laura",
      "whiteSpace" : false
    }, {
      "id" : "s4-t4",
      "begin" : 605,
      "end" : 609,
      "text" : "Gray",
      "whiteSpace" : false
    }, {
      "id" : "s4-t5",
      "begin" : 610,
      "end" : 617,
      "text" : "thereby",
      "whiteSpace" : false
    }, {
      "id" : "s4-t6",
      "begin" : 618,
      "end" : 625,
      "text" : "vesting",
      "whiteSpace" : false
    }, {
      "id" : "s4-t7",
      "begin" : 626,
      "end" : 628,
      "text" : "in",
      "whiteSpace" : false
    }, {
      "id" : "s4-t8",
      "begin" : 629,
      "end" : 634,
      "text" : "Laura",
      "whiteSpace" : false
    }, {
      "id" : "s4-t9",
      "begin" : 635,
      "end" : 639,
      "text" : "Gray",
      "whiteSpace" : false
    }, {
      "id" : "s4-t10",
      "begin" : 640,
      "end" : 642,
      "text" : "as",
      "whiteSpace" : false
    }, {
      "id" : "s4-t11",
      "begin" : 643,
      "end" : 646,
      "text" : "the",
      "whiteSpace" : false
    }, {
      "id" : "s4-t12",
      "begin" : 647,
      "end" : 656,
      "text" : "surviving",
      "whiteSpace" : false
    }, {
      "id" : "s4-t13",
      "begin" : 657,
      "end" : 663,
      "text" : "tenant",
      "whiteSpace" : false
    }, {
      "id" : "s4-t14",
      "begin" : 664,
      "end" : 666,
      "text" : "by",
      "whiteSpace" : false
    }, {
      "id" : "s4-t15",
      "begin" : 667,
      "end" : 670,
      "text" : "the",
      "whiteSpace" : false
    }, {
      "id" : "s4-t16",
      "begin" : 671,
      "end" : 681,
      "text" : "entireties",
      "whiteSpace" : false
    }, {
      "id" : "s4-t17",
      "begin" : 681,
      "end" : 682,
      "text" : ".",
      "whiteSpace" : false
    } ]
  }, {
    "id" : "s5",
    "begin" : 683,
    "end" : 844,
    "text" : "Laura Gray Lorimer died testate April 2, 1994 and devised the property to Grady Buford Gray under the Last Will and Testament of Laura Gray Lorimer, of record in",
    "tokens" : [ {
      "id" : "s5-t0",
      "begin" : 683,
      "end" : 688,
      "text" : "Laura",
      "whiteSpace" : false
    }, {
      "id" : "s5-t1",
      "begin" : 689,
      "end" : 693,
      "text" : "Gray",
      "whiteSpace" : false
    }, {
      "id" : "s5-t2",
      "begin" : 694,
      "end" : 701,
      "text" : "Lorimer",
      "whiteSpace" : false
    }, {
      "id" : "s5-t3",
      "begin" : 702,
      "end" : 706,
      "text" : "died",
      "whiteSpace" : false
    }, {
      "id" : "s5-t4",
      "begin" : 707,
      "end" : 714,
      "text" : "testate",
      "whiteSpace" : false
    }, {
      "id" : "s5-t5",
      "begin" : 715,
      "end" : 720,
      "text" : "April",
      "whiteSpace" : false
    }, {
      "id" : "s5-t6",
      "begin" : 721,
      "end" : 722,
      "text" : "2",
      "whiteSpace" : false
    }, {
      "id" : "s5-t7",
      "begin" : 722,
      "end" : 723,
      "text" : ",",
      "whiteSpace" : false
    }, {
      "id" : "s5-t8",
      "begin" : 724,
      "end" : 728,
      "text" : "1994",
      "whiteSpace" : false
    }, {
      "id" : "s5-t9",
      "begin" : 729,
      "end" : 732,
      "text" : "and",
      "whiteSpace" : false
    }, {
      "id" : "s5-t10",
      "begin" : 733,
      "end" : 740,
      "text" : "devised",
      "whiteSpace" : false
    }, {
      "id" : "s5-t11",
      "begin" : 741,
      "end" : 744,
      "text" : "the",
      "whiteSpace" : false
    }, {
      "id" : "s5-t12",
      "begin" : 745,
      "end" : 753,
      "text" : "property",
      "whiteSpace" : false
    }, {
      "id" : "s5-t13",
      "begin" : 754,
      "end" : 756,
      "text" : "to",
      "whiteSpace" : false
    }, {
      "id" : "s5-t14",
      "begin" : 757,
      "end" : 762,
      "text" : "Grady",
      "whiteSpace" : false
    }, {
      "id" : "s5-t15",
      "begin" : 763,
      "end" : 769,
      "text" : "Buford",
      "whiteSpace" : false
    }, {
      "id" : "s5-t16",
      "begin" : 770,
      "end" : 774,
      "text" : "Gray",
      "whiteSpace" : false
    }, {
      "id" : "s5-t17",
      "begin" : 775,
      "end" : 780,
      "text" : "under",
      "whiteSpace" : false
    }, {
      "id" : "s5-t18",
      "begin" : 781,
      "end" : 784,
      "text" : "the",
      "whiteSpace" : false
    }, {
      "id" : "s5-t19",
      "begin" : 785,
      "end" : 789,
      "text" : "Last",
      "whiteSpace" : false
    }, {
      "id" : "s5-t20",
      "begin" : 790,
      "end" : 794,
      "text" : "Will",
      "whiteSpace" : false
    }, {
      "id" : "s5-t21",
      "begin" : 795,
      "end" : 798,
      "text" : "and",
      "whiteSpace" : false
    }, {
      "id" : "s5-t22",
      "begin" : 799,
      "end" : 808,
      "text" : "Testament",
      "whiteSpace" : false
    }, {
      "id" : "s5-t23",
      "begin" : 809,
      "end" : 811,
      "text" : "of",
      "whiteSpace" : false
    }, {
      "id" : "s5-t24",
      "begin" : 812,
      "end" : 817,
      "text" : "Laura",
      "whiteSpace" : false
    }, {
      "id" : "s5-t25",
      "begin" : 818,
      "end" : 822,
      "text" : "Gray",
      "whiteSpace" : false
    }, {
      "id" : "s5-t26",
      "begin" : 823,
      "end" : 830,
      "text" : "Lorimer",
      "whiteSpace" : false
    }, {
      "id" : "s5-t27",
      "begin" : 830,
      "end" : 831,
      "text" : ",",
      "whiteSpace" : false
    }, {
      "id" : "s5-t28",
      "begin" : 832,
      "end" : 834,
      "text" : "of",
      "whiteSpace" : false
    }, {
      "id" : "s5-t29",
      "begin" : 835,
      "end" : 841,
      "text" : "record",
      "whiteSpace" : false
    }, {
      "id" : "s5-t30",
      "begin" : 842,
      "end" : 844,
      "text" : "in",
      "whiteSpace" : false
    } ]
  } ],
  "mentions" : [ {
    "id" : "s1-m1",
    "properties" : {
      "SIRE_MENTION_ROLE" : "WarrDeedBookNum",
      "SIRE_ENTITY_SUBTYPE" : "NONE",
      "SIRE_MENTION_TYPE" : "NONE",
      "SIRE_MENTION_CLASS" : "SPC"
    },
    "type" : "WarrDeedBookNum",
    "begin" : 509,
    "end" : 511,
    "inCoref" : false
  }, {
    "id" : "s1-m2",
    "properties" : {
      "SIRE_MENTION_ROLE" : "WarrDeedPageNum",
      "SIRE_ENTITY_SUBTYPE" : "NONE",
      "SIRE_MENTION_TYPE" : "NONE",
      "SIRE_MENTION_CLASS" : "SPC"
    },
    "type" : "WarrDeedPageNum",
    "begin" : 518,
    "end" : 521,
    "inCoref" : false
  } ],
  "relations" : [ ],
  "corefs" : [ ],
  "typeResolved" : true,
  "userResolved" : false
}