{
  "id" : "ba29a320-54dc-11e9-9b8e-4bc9d96d3dde-6",
  "name" : "WD181-13.txt",
  "createdDate" : 0,
  "version" : 3,
  "text" : "thence with said margin North 25 ?? 14' 50 \" West 65.50 feet to an iron pin at the southwest corner ofTract 1 (2.67 acres); thence leaving said margin with the south boundaries of Tracts 1, 2, 3 and 4 South 75?? 00??? 20 \" East 1,492.39 feet to an iron pin in the west boundary of the above described 5.00 acre tract; thence with said boundary South 14?? 59' 40 \" West 50.00 feet to the point ofbeginning. Being the same property conveyed to Randall W. Kent by deed of record in Deed Book 165, page 355. Register's Of???ce of Humphreys County, Tennessee. TO HAVE AND TO HOLD the said tract or parcel of land. with the appurtenances. estate, title, and interest thereto belonging, to the said WALTER l. STUART and wife, .IULANE S. STUART, their heirs and assigns, forever. And 1 covenant with the said WALTER I. STUART and wife, JULANE S. STUART, that I am lawfully seized and possessed of said land in Fee Simple, have a good right to convey it, and the same is unencumbered. And 1 further covenant and bind myself, my heirs and representatives, to warrant and forever defend the title to said land to the said WALTER ",
  "docLength" : 0,
  "language" : "EN",
  "status" : "SUBMITTED",
  "modifiedDate" : 1554165949054,
  "documentSet" : [ ],
  "preannotation" : [ ],
  "sentences" : [ {
    "id" : "s0",
    "begin" : 0,
    "end" : 35,
    "text" : "thence with said margin North 25 ??",
    "tokens" : [ {
      "id" : "s0-t0",
      "begin" : 0,
      "end" : 6,
      "text" : "thence",
      "whiteSpace" : false
    }, {
      "id" : "s0-t1",
      "begin" : 7,
      "end" : 11,
      "text" : "with",
      "whiteSpace" : false
    }, {
      "id" : "s0-t2",
      "begin" : 12,
      "end" : 16,
      "text" : "said",
      "whiteSpace" : false
    }, {
      "id" : "s0-t3",
      "begin" : 17,
      "end" : 23,
      "text" : "margin",
      "whiteSpace" : false
    }, {
      "id" : "s0-t4",
      "begin" : 24,
      "end" : 29,
      "text" : "North",
      "whiteSpace" : false
    }, {
      "id" : "s0-t5",
      "begin" : 30,
      "end" : 32,
      "text" : "25",
      "whiteSpace" : false
    }, {
      "id" : "s0-t6",
      "begin" : 33,
      "end" : 34,
      "text" : "?",
      "whiteSpace" : false
    }, {
      "id" : "s0-t7",
      "begin" : 34,
      "end" : 35,
      "text" : "?",
      "whiteSpace" : false
    } ]
  }, {
    "id" : "s1",
    "begin" : 36,
    "end" : 211,
    "text" : "14' 50 \" West 65.50 feet to an iron pin at the southwest corner ofTract 1 (2.67 acres); thence leaving said margin with the south boundaries of Tracts 1, 2, 3 and 4 South 75??",
    "tokens" : [ {
      "id" : "s1-t0",
      "begin" : 36,
      "end" : 38,
      "text" : "14",
      "whiteSpace" : false
    }, {
      "id" : "s1-t1",
      "begin" : 38,
      "end" : 39,
      "text" : "'",
      "whiteSpace" : false
    }, {
      "id" : "s1-t2",
      "begin" : 40,
      "end" : 42,
      "text" : "50",
      "whiteSpace" : false
    }, {
      "id" : "s1-t3",
      "begin" : 43,
      "end" : 44,
      "text" : "\"",
      "whiteSpace" : false
    }, {
      "id" : "s1-t4",
      "begin" : 45,
      "end" : 49,
      "text" : "West",
      "whiteSpace" : false
    }, {
      "id" : "s1-t5",
      "begin" : 50,
      "end" : 55,
      "text" : "65.50",
      "whiteSpace" : false
    }, {
      "id" : "s1-t6",
      "begin" : 56,
      "end" : 60,
      "text" : "feet",
      "whiteSpace" : false
    }, {
      "id" : "s1-t7",
      "begin" : 61,
      "end" : 63,
      "text" : "to",
      "whiteSpace" : false
    }, {
      "id" : "s1-t8",
      "begin" : 64,
      "end" : 66,
      "text" : "an",
      "whiteSpace" : false
    }, {
      "id" : "s1-t9",
      "begin" : 67,
      "end" : 71,
      "text" : "iron",
      "whiteSpace" : false
    }, {
      "id" : "s1-t10",
      "begin" : 72,
      "end" : 75,
      "text" : "pin",
      "whiteSpace" : false
    }, {
      "id" : "s1-t11",
      "begin" : 76,
      "end" : 78,
      "text" : "at",
      "whiteSpace" : false
    }, {
      "id" : "s1-t12",
      "begin" : 79,
      "end" : 82,
      "text" : "the",
      "whiteSpace" : false
    }, {
      "id" : "s1-t13",
      "begin" : 83,
      "end" : 92,
      "text" : "southwest",
      "whiteSpace" : false
    }, {
      "id" : "s1-t14",
      "begin" : 93,
      "end" : 99,
      "text" : "corner",
      "whiteSpace" : false
    }, {
      "id" : "s1-t15",
      "begin" : 100,
      "end" : 107,
      "text" : "ofTract",
      "whiteSpace" : false
    }, {
      "id" : "s1-t16",
      "begin" : 108,
      "end" : 109,
      "text" : "1",
      "whiteSpace" : false
    }, {
      "id" : "s1-t17",
      "begin" : 110,
      "end" : 111,
      "text" : "(",
      "whiteSpace" : false
    }, {
      "id" : "s1-t18",
      "begin" : 111,
      "end" : 115,
      "text" : "2.67",
      "whiteSpace" : false
    }, {
      "id" : "s1-t19",
      "begin" : 116,
      "end" : 121,
      "text" : "acres",
      "whiteSpace" : false
    }, {
      "id" : "s1-t20",
      "begin" : 121,
      "end" : 122,
      "text" : ")",
      "whiteSpace" : false
    }, {
      "id" : "s1-t21",
      "begin" : 122,
      "end" : 123,
      "text" : ";",
      "whiteSpace" : false
    }, {
      "id" : "s1-t22",
      "begin" : 124,
      "end" : 130,
      "text" : "thence",
      "whiteSpace" : false
    }, {
      "id" : "s1-t23",
      "begin" : 131,
      "end" : 138,
      "text" : "leaving",
      "whiteSpace" : false
    }, {
      "id" : "s1-t24",
      "begin" : 139,
      "end" : 143,
      "text" : "said",
      "whiteSpace" : false
    }, {
      "id" : "s1-t25",
      "begin" : 144,
      "end" : 150,
      "text" : "margin",
      "whiteSpace" : false
    }, {
      "id" : "s1-t26",
      "begin" : 151,
      "end" : 155,
      "text" : "with",
      "whiteSpace" : false
    }, {
      "id" : "s1-t27",
      "begin" : 156,
      "end" : 159,
      "text" : "the",
      "whiteSpace" : false
    }, {
      "id" : "s1-t28",
      "begin" : 160,
      "end" : 165,
      "text" : "south",
      "whiteSpace" : false
    }, {
      "id" : "s1-t29",
      "begin" : 166,
      "end" : 176,
      "text" : "boundaries",
      "whiteSpace" : false
    }, {
      "id" : "s1-t30",
      "begin" : 177,
      "end" : 179,
      "text" : "of",
      "whiteSpace" : false
    }, {
      "id" : "s1-t31",
      "begin" : 180,
      "end" : 186,
      "text" : "Tracts",
      "whiteSpace" : false
    }, {
      "id" : "s1-t32",
      "begin" : 187,
      "end" : 188,
      "text" : "1",
      "whiteSpace" : false
    }, {
      "id" : "s1-t33",
      "begin" : 188,
      "end" : 189,
      "text" : ",",
      "whiteSpace" : false
    }, {
      "id" : "s1-t34",
      "begin" : 190,
      "end" : 191,
      "text" : "2",
      "whiteSpace" : false
    }, {
      "id" : "s1-t35",
      "begin" : 191,
      "end" : 192,
      "text" : ",",
      "whiteSpace" : false
    }, {
      "id" : "s1-t36",
      "begin" : 193,
      "end" : 194,
      "text" : "3",
      "whiteSpace" : false
    }, {
      "id" : "s1-t37",
      "begin" : 195,
      "end" : 198,
      "text" : "and",
      "whiteSpace" : false
    }, {
      "id" : "s1-t38",
      "begin" : 199,
      "end" : 200,
      "text" : "4",
      "whiteSpace" : false
    }, {
      "id" : "s1-t39",
      "begin" : 201,
      "end" : 206,
      "text" : "South",
      "whiteSpace" : false
    }, {
      "id" : "s1-t40",
      "begin" : 207,
      "end" : 209,
      "text" : "75",
      "whiteSpace" : false
    }, {
      "id" : "s1-t41",
      "begin" : 209,
      "end" : 210,
      "text" : "?",
      "whiteSpace" : false
    }, {
      "id" : "s1-t42",
      "begin" : 210,
      "end" : 211,
      "text" : "?",
      "whiteSpace" : false
    } ]
  }, {
    "id" : "s2",
    "begin" : 212,
    "end" : 217,
    "text" : "00???",
    "tokens" : [ {
      "id" : "s2-t0",
      "begin" : 212,
      "end" : 214,
      "text" : "00",
      "whiteSpace" : false
    }, {
      "id" : "s2-t1",
      "begin" : 214,
      "end" : 216,
      "text" : "??",
      "whiteSpace" : false
    }, {
      "id" : "s2-t2",
      "begin" : 216,
      "end" : 217,
      "text" : "?",
      "whiteSpace" : false
    } ]
  }, {
    "id" : "s3",
    "begin" : 218,
    "end" : 354,
    "text" : "20 \" East 1,492.39 feet to an iron pin in the west boundary of the above described 5.00 acre tract; thence with said boundary South 14??",
    "tokens" : [ {
      "id" : "s3-t0",
      "begin" : 218,
      "end" : 220,
      "text" : "20",
      "whiteSpace" : false
    }, {
      "id" : "s3-t1",
      "begin" : 221,
      "end" : 222,
      "text" : "\"",
      "whiteSpace" : false
    }, {
      "id" : "s3-t2",
      "begin" : 223,
      "end" : 227,
      "text" : "East",
      "whiteSpace" : false
    }, {
      "id" : "s3-t3",
      "begin" : 228,
      "end" : 236,
      "text" : "1,492.39",
      "whiteSpace" : false
    }, {
      "id" : "s3-t4",
      "begin" : 237,
      "end" : 241,
      "text" : "feet",
      "whiteSpace" : false
    }, {
      "id" : "s3-t5",
      "begin" : 242,
      "end" : 244,
      "text" : "to",
      "whiteSpace" : false
    }, {
      "id" : "s3-t6",
      "begin" : 245,
      "end" : 247,
      "text" : "an",
      "whiteSpace" : false
    }, {
      "id" : "s3-t7",
      "begin" : 248,
      "end" : 252,
      "text" : "iron",
      "whiteSpace" : false
    }, {
      "id" : "s3-t8",
      "begin" : 253,
      "end" : 256,
      "text" : "pin",
      "whiteSpace" : false
    }, {
      "id" : "s3-t9",
      "begin" : 257,
      "end" : 259,
      "text" : "in",
      "whiteSpace" : false
    }, {
      "id" : "s3-t10",
      "begin" : 260,
      "end" : 263,
      "text" : "the",
      "whiteSpace" : false
    }, {
      "id" : "s3-t11",
      "begin" : 264,
      "end" : 268,
      "text" : "west",
      "whiteSpace" : false
    }, {
      "id" : "s3-t12",
      "begin" : 269,
      "end" : 277,
      "text" : "boundary",
      "whiteSpace" : false
    }, {
      "id" : "s3-t13",
      "begin" : 278,
      "end" : 280,
      "text" : "of",
      "whiteSpace" : false
    }, {
      "id" : "s3-t14",
      "begin" : 281,
      "end" : 284,
      "text" : "the",
      "whiteSpace" : false
    }, {
      "id" : "s3-t15",
      "begin" : 285,
      "end" : 290,
      "text" : "above",
      "whiteSpace" : false
    }, {
      "id" : "s3-t16",
      "begin" : 291,
      "end" : 300,
      "text" : "described",
      "whiteSpace" : false
    }, {
      "id" : "s3-t17",
      "begin" : 301,
      "end" : 305,
      "text" : "5.00",
      "whiteSpace" : false
    }, {
      "id" : "s3-t18",
      "begin" : 306,
      "end" : 310,
      "text" : "acre",
      "whiteSpace" : false
    }, {
      "id" : "s3-t19",
      "begin" : 311,
      "end" : 316,
      "text" : "tract",
      "whiteSpace" : false
    }, {
      "id" : "s3-t20",
      "begin" : 316,
      "end" : 317,
      "text" : ";",
      "whiteSpace" : false
    }, {
      "id" : "s3-t21",
      "begin" : 318,
      "end" : 324,
      "text" : "thence",
      "whiteSpace" : false
    }, {
      "id" : "s3-t22",
      "begin" : 325,
      "end" : 329,
      "text" : "with",
      "whiteSpace" : false
    }, {
      "id" : "s3-t23",
      "begin" : 330,
      "end" : 334,
      "text" : "said",
      "whiteSpace" : false
    }, {
      "id" : "s3-t24",
      "begin" : 335,
      "end" : 343,
      "text" : "boundary",
      "whiteSpace" : false
    }, {
      "id" : "s3-t25",
      "begin" : 344,
      "end" : 349,
      "text" : "South",
      "whiteSpace" : false
    }, {
      "id" : "s3-t26",
      "begin" : 350,
      "end" : 352,
      "text" : "14",
      "whiteSpace" : false
    }, {
      "id" : "s3-t27",
      "begin" : 352,
      "end" : 353,
      "text" : "?",
      "whiteSpace" : false
    }, {
      "id" : "s3-t28",
      "begin" : 353,
      "end" : 354,
      "text" : "?",
      "whiteSpace" : false
    } ]
  }, {
    "id" : "s4",
    "begin" : 355,
    "end" : 405,
    "text" : "59' 40 \" West 50.00 feet to the point ofbeginning.",
    "tokens" : [ {
      "id" : "s4-t0",
      "begin" : 355,
      "end" : 357,
      "text" : "59",
      "whiteSpace" : false
    }, {
      "id" : "s4-t1",
      "begin" : 357,
      "end" : 358,
      "text" : "'",
      "whiteSpace" : false
    }, {
      "id" : "s4-t2",
      "begin" : 359,
      "end" : 361,
      "text" : "40",
      "whiteSpace" : false
    }, {
      "id" : "s4-t3",
      "begin" : 362,
      "end" : 363,
      "text" : "\"",
      "whiteSpace" : false
    }, {
      "id" : "s4-t4",
      "begin" : 364,
      "end" : 368,
      "text" : "West",
      "whiteSpace" : false
    }, {
      "id" : "s4-t5",
      "begin" : 369,
      "end" : 374,
      "text" : "50.00",
      "whiteSpace" : false
    }, {
      "id" : "s4-t6",
      "begin" : 375,
      "end" : 379,
      "text" : "feet",
      "whiteSpace" : false
    }, {
      "id" : "s4-t7",
      "begin" : 380,
      "end" : 382,
      "text" : "to",
      "whiteSpace" : false
    }, {
      "id" : "s4-t8",
      "begin" : 383,
      "end" : 386,
      "text" : "the",
      "whiteSpace" : false
    }, {
      "id" : "s4-t9",
      "begin" : 387,
      "end" : 392,
      "text" : "point",
      "whiteSpace" : false
    }, {
      "id" : "s4-t10",
      "begin" : 393,
      "end" : 404,
      "text" : "ofbeginning",
      "whiteSpace" : false
    }, {
      "id" : "s4-t11",
      "begin" : 404,
      "end" : 405,
      "text" : ".",
      "whiteSpace" : false
    } ]
  }, {
    "id" : "s5",
    "begin" : 406,
    "end" : 503,
    "text" : "Being the same property conveyed to Randall W. Kent by deed of record in Deed Book 165, page 355.",
    "tokens" : [ {
      "id" : "s5-t0",
      "begin" : 406,
      "end" : 411,
      "text" : "Being",
      "whiteSpace" : false
    }, {
      "id" : "s5-t1",
      "begin" : 412,
      "end" : 415,
      "text" : "the",
      "whiteSpace" : false
    }, {
      "id" : "s5-t2",
      "begin" : 416,
      "end" : 420,
      "text" : "same",
      "whiteSpace" : false
    }, {
      "id" : "s5-t3",
      "begin" : 421,
      "end" : 429,
      "text" : "property",
      "whiteSpace" : false
    }, {
      "id" : "s5-t4",
      "begin" : 430,
      "end" : 438,
      "text" : "conveyed",
      "whiteSpace" : false
    }, {
      "id" : "s5-t5",
      "begin" : 439,
      "end" : 441,
      "text" : "to",
      "whiteSpace" : false
    }, {
      "id" : "s5-t6",
      "begin" : 442,
      "end" : 449,
      "text" : "Randall",
      "whiteSpace" : false
    }, {
      "id" : "s5-t7",
      "begin" : 450,
      "end" : 452,
      "text" : "W.",
      "whiteSpace" : false
    }, {
      "id" : "s5-t8",
      "begin" : 453,
      "end" : 457,
      "text" : "Kent",
      "whiteSpace" : false
    }, {
      "id" : "s5-t9",
      "begin" : 458,
      "end" : 460,
      "text" : "by",
      "whiteSpace" : false
    }, {
      "id" : "s5-t10",
      "begin" : 461,
      "end" : 465,
      "text" : "deed",
      "whiteSpace" : false
    }, {
      "id" : "s5-t11",
      "begin" : 466,
      "end" : 468,
      "text" : "of",
      "whiteSpace" : false
    }, {
      "id" : "s5-t12",
      "begin" : 469,
      "end" : 475,
      "text" : "record",
      "whiteSpace" : false
    }, {
      "id" : "s5-t13",
      "begin" : 476,
      "end" : 478,
      "text" : "in",
      "whiteSpace" : false
    }, {
      "id" : "s5-t14",
      "begin" : 479,
      "end" : 483,
      "text" : "Deed",
      "whiteSpace" : false
    }, {
      "id" : "s5-t15",
      "begin" : 484,
      "end" : 488,
      "text" : "Book",
      "whiteSpace" : false
    }, {
      "id" : "s5-t16",
      "begin" : 489,
      "end" : 492,
      "text" : "165",
      "whiteSpace" : false
    }, {
      "id" : "s5-t17",
      "begin" : 492,
      "end" : 493,
      "text" : ",",
      "whiteSpace" : false
    }, {
      "id" : "s5-t18",
      "begin" : 494,
      "end" : 498,
      "text" : "page",
      "whiteSpace" : false
    }, {
      "id" : "s5-t19",
      "begin" : 499,
      "end" : 502,
      "text" : "355",
      "whiteSpace" : false
    }, {
      "id" : "s5-t20",
      "begin" : 502,
      "end" : 503,
      "text" : ".",
      "whiteSpace" : false
    } ]
  }, {
    "id" : "s6",
    "begin" : 504,
    "end" : 518,
    "text" : "Register's Of?",
    "tokens" : [ {
      "id" : "s6-t0",
      "begin" : 504,
      "end" : 512,
      "text" : "Register",
      "whiteSpace" : false
    }, {
      "id" : "s6-t1",
      "begin" : 512,
      "end" : 514,
      "text" : "'s",
      "whiteSpace" : false
    }, {
      "id" : "s6-t2",
      "begin" : 515,
      "end" : 517,
      "text" : "Of",
      "whiteSpace" : false
    }, {
      "id" : "s6-t3",
      "begin" : 517,
      "end" : 518,
      "text" : "?",
      "whiteSpace" : false
    } ]
  }, {
    "id" : "s7",
    "begin" : 518,
    "end" : 554,
    "text" : "??ce of Humphreys County, Tennessee.",
    "tokens" : [ {
      "id" : "s7-t0",
      "begin" : 518,
      "end" : 522,
      "text" : "??ce",
      "whiteSpace" : false
    }, {
      "id" : "s7-t1",
      "begin" : 523,
      "end" : 525,
      "text" : "of",
      "whiteSpace" : false
    }, {
      "id" : "s7-t2",
      "begin" : 526,
      "end" : 535,
      "text" : "Humphreys",
      "whiteSpace" : false
    }, {
      "id" : "s7-t3",
      "begin" : 536,
      "end" : 542,
      "text" : "County",
      "whiteSpace" : false
    }, {
      "id" : "s7-t4",
      "begin" : 542,
      "end" : 543,
      "text" : ",",
      "whiteSpace" : false
    }, {
      "id" : "s7-t5",
      "begin" : 544,
      "end" : 553,
      "text" : "Tennessee",
      "whiteSpace" : false
    }, {
      "id" : "s7-t6",
      "begin" : 553,
      "end" : 554,
      "text" : ".",
      "whiteSpace" : false
    } ]
  }, {
    "id" : "s8",
    "begin" : 555,
    "end" : 608,
    "text" : "TO HAVE AND TO HOLD the said tract or parcel of land.",
    "tokens" : [ {
      "id" : "s8-t0",
      "begin" : 555,
      "end" : 557,
      "text" : "TO",
      "whiteSpace" : false
    }, {
      "id" : "s8-t1",
      "begin" : 558,
      "end" : 562,
      "text" : "HAVE",
      "whiteSpace" : false
    }, {
      "id" : "s8-t2",
      "begin" : 563,
      "end" : 566,
      "text" : "AND",
      "whiteSpace" : false
    }, {
      "id" : "s8-t3",
      "begin" : 567,
      "end" : 569,
      "text" : "TO",
      "whiteSpace" : false
    }, {
      "id" : "s8-t4",
      "begin" : 570,
      "end" : 574,
      "text" : "HOLD",
      "whiteSpace" : false
    }, {
      "id" : "s8-t5",
      "begin" : 575,
      "end" : 578,
      "text" : "the",
      "whiteSpace" : false
    }, {
      "id" : "s8-t6",
      "begin" : 579,
      "end" : 583,
      "text" : "said",
      "whiteSpace" : false
    }, {
      "id" : "s8-t7",
      "begin" : 584,
      "end" : 589,
      "text" : "tract",
      "whiteSpace" : false
    }, {
      "id" : "s8-t8",
      "begin" : 590,
      "end" : 592,
      "text" : "or",
      "whiteSpace" : false
    }, {
      "id" : "s8-t9",
      "begin" : 593,
      "end" : 599,
      "text" : "parcel",
      "whiteSpace" : false
    }, {
      "id" : "s8-t10",
      "begin" : 600,
      "end" : 602,
      "text" : "of",
      "whiteSpace" : false
    }, {
      "id" : "s8-t11",
      "begin" : 603,
      "end" : 607,
      "text" : "land",
      "whiteSpace" : false
    }, {
      "id" : "s8-t12",
      "begin" : 607,
      "end" : 608,
      "text" : ".",
      "whiteSpace" : false
    } ]
  }, {
    "id" : "s9",
    "begin" : 609,
    "end" : 632,
    "text" : "with the appurtenances.",
    "tokens" : [ {
      "id" : "s9-t0",
      "begin" : 609,
      "end" : 613,
      "text" : "with",
      "whiteSpace" : false
    }, {
      "id" : "s9-t1",
      "begin" : 614,
      "end" : 617,
      "text" : "the",
      "whiteSpace" : false
    }, {
      "id" : "s9-t2",
      "begin" : 618,
      "end" : 631,
      "text" : "appurtenances",
      "whiteSpace" : false
    }, {
      "id" : "s9-t3",
      "begin" : 631,
      "end" : 632,
      "text" : ".",
      "whiteSpace" : false
    } ]
  }, {
    "id" : "s10",
    "begin" : 633,
    "end" : 701,
    "text" : "estate, title, and interest thereto belonging, to the said WALTER l.",
    "tokens" : [ {
      "id" : "s10-t0",
      "begin" : 633,
      "end" : 639,
      "text" : "estate",
      "whiteSpace" : false
    }, {
      "id" : "s10-t1",
      "begin" : 639,
      "end" : 640,
      "text" : ",",
      "whiteSpace" : false
    }, {
      "id" : "s10-t2",
      "begin" : 641,
      "end" : 646,
      "text" : "title",
      "whiteSpace" : false
    }, {
      "id" : "s10-t3",
      "begin" : 646,
      "end" : 647,
      "text" : ",",
      "whiteSpace" : false
    }, {
      "id" : "s10-t4",
      "begin" : 648,
      "end" : 651,
      "text" : "and",
      "whiteSpace" : false
    }, {
      "id" : "s10-t5",
      "begin" : 652,
      "end" : 660,
      "text" : "interest",
      "whiteSpace" : false
    }, {
      "id" : "s10-t6",
      "begin" : 661,
      "end" : 668,
      "text" : "thereto",
      "whiteSpace" : false
    }, {
      "id" : "s10-t7",
      "begin" : 669,
      "end" : 678,
      "text" : "belonging",
      "whiteSpace" : false
    }, {
      "id" : "s10-t8",
      "begin" : 678,
      "end" : 679,
      "text" : ",",
      "whiteSpace" : false
    }, {
      "id" : "s10-t9",
      "begin" : 680,
      "end" : 682,
      "text" : "to",
      "whiteSpace" : false
    }, {
      "id" : "s10-t10",
      "begin" : 683,
      "end" : 686,
      "text" : "the",
      "whiteSpace" : false
    }, {
      "id" : "s10-t11",
      "begin" : 687,
      "end" : 691,
      "text" : "said",
      "whiteSpace" : false
    }, {
      "id" : "s10-t12",
      "begin" : 692,
      "end" : 698,
      "text" : "WALTER",
      "whiteSpace" : false
    }, {
      "id" : "s10-t13",
      "begin" : 699,
      "end" : 700,
      "text" : "l",
      "whiteSpace" : false
    }, {
      "id" : "s10-t14",
      "begin" : 700,
      "end" : 701,
      "text" : ".",
      "whiteSpace" : false
    } ]
  }, {
    "id" : "s11",
    "begin" : 702,
    "end" : 771,
    "text" : "STUART and wife, .IULANE S. STUART, their heirs and assigns, forever.",
    "tokens" : [ {
      "id" : "s11-t0",
      "begin" : 702,
      "end" : 708,
      "text" : "STUART",
      "whiteSpace" : false
    }, {
      "id" : "s11-t1",
      "begin" : 709,
      "end" : 712,
      "text" : "and",
      "whiteSpace" : false
    }, {
      "id" : "s11-t2",
      "begin" : 713,
      "end" : 717,
      "text" : "wife",
      "whiteSpace" : false
    }, {
      "id" : "s11-t3",
      "begin" : 717,
      "end" : 718,
      "text" : ",",
      "whiteSpace" : false
    }, {
      "id" : "s11-t4",
      "begin" : 719,
      "end" : 726,
      "text" : ".IULANE",
      "whiteSpace" : false
    }, {
      "id" : "s11-t5",
      "begin" : 727,
      "end" : 729,
      "text" : "S.",
      "whiteSpace" : false
    }, {
      "id" : "s11-t6",
      "begin" : 730,
      "end" : 736,
      "text" : "STUART",
      "whiteSpace" : false
    }, {
      "id" : "s11-t7",
      "begin" : 736,
      "end" : 737,
      "text" : ",",
      "whiteSpace" : false
    }, {
      "id" : "s11-t8",
      "begin" : 738,
      "end" : 743,
      "text" : "their",
      "whiteSpace" : false
    }, {
      "id" : "s11-t9",
      "begin" : 744,
      "end" : 749,
      "text" : "heirs",
      "whiteSpace" : false
    }, {
      "id" : "s11-t10",
      "begin" : 750,
      "end" : 753,
      "text" : "and",
      "whiteSpace" : false
    }, {
      "id" : "s11-t11",
      "begin" : 754,
      "end" : 761,
      "text" : "assigns",
      "whiteSpace" : false
    }, {
      "id" : "s11-t12",
      "begin" : 761,
      "end" : 762,
      "text" : ",",
      "whiteSpace" : false
    }, {
      "id" : "s11-t13",
      "begin" : 763,
      "end" : 770,
      "text" : "forever",
      "whiteSpace" : false
    }, {
      "id" : "s11-t14",
      "begin" : 770,
      "end" : 771,
      "text" : ".",
      "whiteSpace" : false
    } ]
  }, {
    "id" : "s12",
    "begin" : 772,
    "end" : 975,
    "text" : "And 1 covenant with the said WALTER I. STUART and wife, JULANE S. STUART, that I am lawfully seized and possessed of said land in Fee Simple, have a good right to convey it, and the same is unencumbered.",
    "tokens" : [ {
      "id" : "s12-t0",
      "begin" : 772,
      "end" : 775,
      "text" : "And",
      "whiteSpace" : false
    }, {
      "id" : "s12-t1",
      "begin" : 776,
      "end" : 777,
      "text" : "1",
      "whiteSpace" : false
    }, {
      "id" : "s12-t2",
      "begin" : 778,
      "end" : 786,
      "text" : "covenant",
      "whiteSpace" : false
    }, {
      "id" : "s12-t3",
      "begin" : 787,
      "end" : 791,
      "text" : "with",
      "whiteSpace" : false
    }, {
      "id" : "s12-t4",
      "begin" : 792,
      "end" : 795,
      "text" : "the",
      "whiteSpace" : false
    }, {
      "id" : "s12-t5",
      "begin" : 796,
      "end" : 800,
      "text" : "said",
      "whiteSpace" : false
    }, {
      "id" : "s12-t6",
      "begin" : 801,
      "end" : 807,
      "text" : "WALTER",
      "whiteSpace" : false
    }, {
      "id" : "s12-t7",
      "begin" : 808,
      "end" : 810,
      "text" : "I.",
      "whiteSpace" : false
    }, {
      "id" : "s12-t8",
      "begin" : 811,
      "end" : 817,
      "text" : "STUART",
      "whiteSpace" : false
    }, {
      "id" : "s12-t9",
      "begin" : 818,
      "end" : 821,
      "text" : "and",
      "whiteSpace" : false
    }, {
      "id" : "s12-t10",
      "begin" : 822,
      "end" : 826,
      "text" : "wife",
      "whiteSpace" : false
    }, {
      "id" : "s12-t11",
      "begin" : 826,
      "end" : 827,
      "text" : ",",
      "whiteSpace" : false
    }, {
      "id" : "s12-t12",
      "begin" : 828,
      "end" : 834,
      "text" : "JULANE",
      "whiteSpace" : false
    }, {
      "id" : "s12-t13",
      "begin" : 835,
      "end" : 837,
      "text" : "S.",
      "whiteSpace" : false
    }, {
      "id" : "s12-t14",
      "begin" : 838,
      "end" : 844,
      "text" : "STUART",
      "whiteSpace" : false
    }, {
      "id" : "s12-t15",
      "begin" : 844,
      "end" : 845,
      "text" : ",",
      "whiteSpace" : false
    }, {
      "id" : "s12-t16",
      "begin" : 846,
      "end" : 850,
      "text" : "that",
      "whiteSpace" : false
    }, {
      "id" : "s12-t17",
      "begin" : 851,
      "end" : 852,
      "text" : "I",
      "whiteSpace" : false
    }, {
      "id" : "s12-t18",
      "begin" : 853,
      "end" : 855,
      "text" : "am",
      "whiteSpace" : false
    }, {
      "id" : "s12-t19",
      "begin" : 856,
      "end" : 864,
      "text" : "lawfully",
      "whiteSpace" : false
    }, {
      "id" : "s12-t20",
      "begin" : 865,
      "end" : 871,
      "text" : "seized",
      "whiteSpace" : false
    }, {
      "id" : "s12-t21",
      "begin" : 872,
      "end" : 875,
      "text" : "and",
      "whiteSpace" : false
    }, {
      "id" : "s12-t22",
      "begin" : 876,
      "end" : 885,
      "text" : "possessed",
      "whiteSpace" : false
    }, {
      "id" : "s12-t23",
      "begin" : 886,
      "end" : 888,
      "text" : "of",
      "whiteSpace" : false
    }, {
      "id" : "s12-t24",
      "begin" : 889,
      "end" : 893,
      "text" : "said",
      "whiteSpace" : false
    }, {
      "id" : "s12-t25",
      "begin" : 894,
      "end" : 898,
      "text" : "land",
      "whiteSpace" : false
    }, {
      "id" : "s12-t26",
      "begin" : 899,
      "end" : 901,
      "text" : "in",
      "whiteSpace" : false
    }, {
      "id" : "s12-t27",
      "begin" : 902,
      "end" : 905,
      "text" : "Fee",
      "whiteSpace" : false
    }, {
      "id" : "s12-t28",
      "begin" : 906,
      "end" : 912,
      "text" : "Simple",
      "whiteSpace" : false
    }, {
      "id" : "s12-t29",
      "begin" : 912,
      "end" : 913,
      "text" : ",",
      "whiteSpace" : false
    }, {
      "id" : "s12-t30",
      "begin" : 914,
      "end" : 918,
      "text" : "have",
      "whiteSpace" : false
    }, {
      "id" : "s12-t31",
      "begin" : 919,
      "end" : 920,
      "text" : "a",
      "whiteSpace" : false
    }, {
      "id" : "s12-t32",
      "begin" : 921,
      "end" : 925,
      "text" : "good",
      "whiteSpace" : false
    }, {
      "id" : "s12-t33",
      "begin" : 926,
      "end" : 931,
      "text" : "right",
      "whiteSpace" : false
    }, {
      "id" : "s12-t34",
      "begin" : 932,
      "end" : 934,
      "text" : "to",
      "whiteSpace" : false
    }, {
      "id" : "s12-t35",
      "begin" : 935,
      "end" : 941,
      "text" : "convey",
      "whiteSpace" : false
    }, {
      "id" : "s12-t36",
      "begin" : 942,
      "end" : 944,
      "text" : "it",
      "whiteSpace" : false
    }, {
      "id" : "s12-t37",
      "begin" : 944,
      "end" : 945,
      "text" : ",",
      "whiteSpace" : false
    }, {
      "id" : "s12-t38",
      "begin" : 946,
      "end" : 949,
      "text" : "and",
      "whiteSpace" : false
    }, {
      "id" : "s12-t39",
      "begin" : 950,
      "end" : 953,
      "text" : "the",
      "whiteSpace" : false
    }, {
      "id" : "s12-t40",
      "begin" : 954,
      "end" : 958,
      "text" : "same",
      "whiteSpace" : false
    }, {
      "id" : "s12-t41",
      "begin" : 959,
      "end" : 961,
      "text" : "is",
      "whiteSpace" : false
    }, {
      "id" : "s12-t42",
      "begin" : 962,
      "end" : 974,
      "text" : "unencumbered",
      "whiteSpace" : false
    }, {
      "id" : "s12-t43",
      "begin" : 974,
      "end" : 975,
      "text" : ".",
      "whiteSpace" : false
    } ]
  }, {
    "id" : "s13",
    "begin" : 976,
    "end" : 1117,
    "text" : "And 1 further covenant and bind myself, my heirs and representatives, to warrant and forever defend the title to said land to the said WALTER",
    "tokens" : [ {
      "id" : "s13-t0",
      "begin" : 976,
      "end" : 979,
      "text" : "And",
      "whiteSpace" : false
    }, {
      "id" : "s13-t1",
      "begin" : 980,
      "end" : 981,
      "text" : "1",
      "whiteSpace" : false
    }, {
      "id" : "s13-t2",
      "begin" : 982,
      "end" : 989,
      "text" : "further",
      "whiteSpace" : false
    }, {
      "id" : "s13-t3",
      "begin" : 990,
      "end" : 998,
      "text" : "covenant",
      "whiteSpace" : false
    }, {
      "id" : "s13-t4",
      "begin" : 999,
      "end" : 1002,
      "text" : "and",
      "whiteSpace" : false
    }, {
      "id" : "s13-t5",
      "begin" : 1003,
      "end" : 1007,
      "text" : "bind",
      "whiteSpace" : false
    }, {
      "id" : "s13-t6",
      "begin" : 1008,
      "end" : 1014,
      "text" : "myself",
      "whiteSpace" : false
    }, {
      "id" : "s13-t7",
      "begin" : 1014,
      "end" : 1015,
      "text" : ",",
      "whiteSpace" : false
    }, {
      "id" : "s13-t8",
      "begin" : 1016,
      "end" : 1018,
      "text" : "my",
      "whiteSpace" : false
    }, {
      "id" : "s13-t9",
      "begin" : 1019,
      "end" : 1024,
      "text" : "heirs",
      "whiteSpace" : false
    }, {
      "id" : "s13-t10",
      "begin" : 1025,
      "end" : 1028,
      "text" : "and",
      "whiteSpace" : false
    }, {
      "id" : "s13-t11",
      "begin" : 1029,
      "end" : 1044,
      "text" : "representatives",
      "whiteSpace" : false
    }, {
      "id" : "s13-t12",
      "begin" : 1044,
      "end" : 1045,
      "text" : ",",
      "whiteSpace" : false
    }, {
      "id" : "s13-t13",
      "begin" : 1046,
      "end" : 1048,
      "text" : "to",
      "whiteSpace" : false
    }, {
      "id" : "s13-t14",
      "begin" : 1049,
      "end" : 1056,
      "text" : "warrant",
      "whiteSpace" : false
    }, {
      "id" : "s13-t15",
      "begin" : 1057,
      "end" : 1060,
      "text" : "and",
      "whiteSpace" : false
    }, {
      "id" : "s13-t16",
      "begin" : 1061,
      "end" : 1068,
      "text" : "forever",
      "whiteSpace" : false
    }, {
      "id" : "s13-t17",
      "begin" : 1069,
      "end" : 1075,
      "text" : "defend",
      "whiteSpace" : false
    }, {
      "id" : "s13-t18",
      "begin" : 1076,
      "end" : 1079,
      "text" : "the",
      "whiteSpace" : false
    }, {
      "id" : "s13-t19",
      "begin" : 1080,
      "end" : 1085,
      "text" : "title",
      "whiteSpace" : false
    }, {
      "id" : "s13-t20",
      "begin" : 1086,
      "end" : 1088,
      "text" : "to",
      "whiteSpace" : false
    }, {
      "id" : "s13-t21",
      "begin" : 1089,
      "end" : 1093,
      "text" : "said",
      "whiteSpace" : false
    }, {
      "id" : "s13-t22",
      "begin" : 1094,
      "end" : 1098,
      "text" : "land",
      "whiteSpace" : false
    }, {
      "id" : "s13-t23",
      "begin" : 1099,
      "end" : 1101,
      "text" : "to",
      "whiteSpace" : false
    }, {
      "id" : "s13-t24",
      "begin" : 1102,
      "end" : 1105,
      "text" : "the",
      "whiteSpace" : false
    }, {
      "id" : "s13-t25",
      "begin" : 1106,
      "end" : 1110,
      "text" : "said",
      "whiteSpace" : false
    }, {
      "id" : "s13-t26",
      "begin" : 1111,
      "end" : 1117,
      "text" : "WALTER",
      "whiteSpace" : false
    } ]
  } ],
  "mentions" : [ {
    "id" : "s5-m1",
    "properties" : {
      "SIRE_MENTION_ROLE" : "WarrDeedBookNum",
      "SIRE_ENTITY_SUBTYPE" : "NONE",
      "SIRE_MENTION_TYPE" : "NONE",
      "SIRE_MENTION_CLASS" : "SPC"
    },
    "type" : "WarrDeedBookNum",
    "begin" : 489,
    "end" : 492,
    "inCoref" : false
  }, {
    "id" : "s5-m2",
    "properties" : {
      "SIRE_MENTION_ROLE" : "WarrDeedPageNum",
      "SIRE_ENTITY_SUBTYPE" : "NONE",
      "SIRE_MENTION_TYPE" : "NONE",
      "SIRE_MENTION_CLASS" : "SPC"
    },
    "type" : "WarrDeedPageNum",
    "begin" : 499,
    "end" : 502,
    "inCoref" : false
  } ],
  "relations" : [ ],
  "corefs" : [ ],
  "typeResolved" : true,
  "userResolved" : false
}