{
  "id" : "ba29a320-54dc-11e9-9b8e-4bc9d96d3dde-13",
  "name" : "WD184-1.txt",
  "createdDate" : 0,
  "version" : 3,
  "text" : " being more particularly described as follows: Lying and being situated in the Second Civil District of Humphreys County, Tennessee, about ???ve (5) miles south of Waverly, Tennessee, west of Highway 13, and more particularly described as follows: Being Lot 3, SectionI of Hurricane Hills Subdivision, as shown by plats of record in Plat Cabinet A, Slides 73 and 99, Register???s Of???ce of Humphreys County. Tennessee. Being the same property conveyed to Patricia Lightfoot and Marion D. Johns by deeds of record in Deed Book 152, page 719, and Deed Book 156, page 145, Register???s Of???ce of Humphreys County, Tennessee. This conveyance is made subject to setback requirements and all existing road, easements and/orrights-of-way as shown by the plats hereinabove mentioned, and to the restrictions, conditions, covenants and easements of record as set forth in Deed Book 128, page 976, Register???s Of???ce of Humphreys County, Tennessee.",
  "docLength" : 0,
  "language" : "EN",
  "status" : "SUBMITTED",
  "modifiedDate" : 1554165884750,
  "documentSet" : [ ],
  "preannotation" : [ ],
  "sentences" : [ {
    "id" : "s0",
    "begin" : 1,
    "end" : 140,
    "text" : "being more particularly described as follows: Lying and being situated in the Second Civil District of Humphreys County, Tennessee, about ?",
    "tokens" : [ {
      "id" : "s0-t0",
      "begin" : 1,
      "end" : 6,
      "text" : "being",
      "whiteSpace" : false
    }, {
      "id" : "s0-t1",
      "begin" : 7,
      "end" : 11,
      "text" : "more",
      "whiteSpace" : false
    }, {
      "id" : "s0-t2",
      "begin" : 12,
      "end" : 24,
      "text" : "particularly",
      "whiteSpace" : false
    }, {
      "id" : "s0-t3",
      "begin" : 25,
      "end" : 34,
      "text" : "described",
      "whiteSpace" : false
    }, {
      "id" : "s0-t4",
      "begin" : 35,
      "end" : 37,
      "text" : "as",
      "whiteSpace" : false
    }, {
      "id" : "s0-t5",
      "begin" : 38,
      "end" : 45,
      "text" : "follows",
      "whiteSpace" : false
    }, {
      "id" : "s0-t6",
      "begin" : 45,
      "end" : 46,
      "text" : ":",
      "whiteSpace" : false
    }, {
      "id" : "s0-t7",
      "begin" : 47,
      "end" : 52,
      "text" : "Lying",
      "whiteSpace" : false
    }, {
      "id" : "s0-t8",
      "begin" : 53,
      "end" : 56,
      "text" : "and",
      "whiteSpace" : false
    }, {
      "id" : "s0-t9",
      "begin" : 57,
      "end" : 62,
      "text" : "being",
      "whiteSpace" : false
    }, {
      "id" : "s0-t10",
      "begin" : 63,
      "end" : 71,
      "text" : "situated",
      "whiteSpace" : false
    }, {
      "id" : "s0-t11",
      "begin" : 72,
      "end" : 74,
      "text" : "in",
      "whiteSpace" : false
    }, {
      "id" : "s0-t12",
      "begin" : 75,
      "end" : 78,
      "text" : "the",
      "whiteSpace" : false
    }, {
      "id" : "s0-t13",
      "begin" : 79,
      "end" : 85,
      "text" : "Second",
      "whiteSpace" : false
    }, {
      "id" : "s0-t14",
      "begin" : 86,
      "end" : 91,
      "text" : "Civil",
      "whiteSpace" : false
    }, {
      "id" : "s0-t15",
      "begin" : 92,
      "end" : 100,
      "text" : "District",
      "whiteSpace" : false
    }, {
      "id" : "s0-t16",
      "begin" : 101,
      "end" : 103,
      "text" : "of",
      "whiteSpace" : false
    }, {
      "id" : "s0-t17",
      "begin" : 104,
      "end" : 113,
      "text" : "Humphreys",
      "whiteSpace" : false
    }, {
      "id" : "s0-t18",
      "begin" : 114,
      "end" : 120,
      "text" : "County",
      "whiteSpace" : false
    }, {
      "id" : "s0-t19",
      "begin" : 120,
      "end" : 121,
      "text" : ",",
      "whiteSpace" : false
    }, {
      "id" : "s0-t20",
      "begin" : 122,
      "end" : 131,
      "text" : "Tennessee",
      "whiteSpace" : false
    }, {
      "id" : "s0-t21",
      "begin" : 131,
      "end" : 132,
      "text" : ",",
      "whiteSpace" : false
    }, {
      "id" : "s0-t22",
      "begin" : 133,
      "end" : 138,
      "text" : "about",
      "whiteSpace" : false
    }, {
      "id" : "s0-t23",
      "begin" : 139,
      "end" : 140,
      "text" : "?",
      "whiteSpace" : false
    } ]
  }, {
    "id" : "s1",
    "begin" : 140,
    "end" : 376,
    "text" : "??ve (5) miles south of Waverly, Tennessee, west of Highway 13, and more particularly described as follows: Being Lot 3, SectionI of Hurricane Hills Subdivision, as shown by plats of record in Plat Cabinet A, Slides 73 and 99, Register?",
    "tokens" : [ {
      "id" : "s1-t0",
      "begin" : 140,
      "end" : 144,
      "text" : "??ve",
      "whiteSpace" : false
    }, {
      "id" : "s1-t1",
      "begin" : 145,
      "end" : 146,
      "text" : "(",
      "whiteSpace" : false
    }, {
      "id" : "s1-t2",
      "begin" : 146,
      "end" : 147,
      "text" : "5",
      "whiteSpace" : false
    }, {
      "id" : "s1-t3",
      "begin" : 147,
      "end" : 148,
      "text" : ")",
      "whiteSpace" : false
    }, {
      "id" : "s1-t4",
      "begin" : 149,
      "end" : 154,
      "text" : "miles",
      "whiteSpace" : false
    }, {
      "id" : "s1-t5",
      "begin" : 155,
      "end" : 160,
      "text" : "south",
      "whiteSpace" : false
    }, {
      "id" : "s1-t6",
      "begin" : 161,
      "end" : 163,
      "text" : "of",
      "whiteSpace" : false
    }, {
      "id" : "s1-t7",
      "begin" : 164,
      "end" : 171,
      "text" : "Waverly",
      "whiteSpace" : false
    }, {
      "id" : "s1-t8",
      "begin" : 171,
      "end" : 172,
      "text" : ",",
      "whiteSpace" : false
    }, {
      "id" : "s1-t9",
      "begin" : 173,
      "end" : 182,
      "text" : "Tennessee",
      "whiteSpace" : false
    }, {
      "id" : "s1-t10",
      "begin" : 182,
      "end" : 183,
      "text" : ",",
      "whiteSpace" : false
    }, {
      "id" : "s1-t11",
      "begin" : 184,
      "end" : 188,
      "text" : "west",
      "whiteSpace" : false
    }, {
      "id" : "s1-t12",
      "begin" : 189,
      "end" : 191,
      "text" : "of",
      "whiteSpace" : false
    }, {
      "id" : "s1-t13",
      "begin" : 192,
      "end" : 199,
      "text" : "Highway",
      "whiteSpace" : false
    }, {
      "id" : "s1-t14",
      "begin" : 200,
      "end" : 202,
      "text" : "13",
      "whiteSpace" : false
    }, {
      "id" : "s1-t15",
      "begin" : 202,
      "end" : 203,
      "text" : ",",
      "whiteSpace" : false
    }, {
      "id" : "s1-t16",
      "begin" : 204,
      "end" : 207,
      "text" : "and",
      "whiteSpace" : false
    }, {
      "id" : "s1-t17",
      "begin" : 208,
      "end" : 212,
      "text" : "more",
      "whiteSpace" : false
    }, {
      "id" : "s1-t18",
      "begin" : 213,
      "end" : 225,
      "text" : "particularly",
      "whiteSpace" : false
    }, {
      "id" : "s1-t19",
      "begin" : 226,
      "end" : 235,
      "text" : "described",
      "whiteSpace" : false
    }, {
      "id" : "s1-t20",
      "begin" : 236,
      "end" : 238,
      "text" : "as",
      "whiteSpace" : false
    }, {
      "id" : "s1-t21",
      "begin" : 239,
      "end" : 246,
      "text" : "follows",
      "whiteSpace" : false
    }, {
      "id" : "s1-t22",
      "begin" : 246,
      "end" : 247,
      "text" : ":",
      "whiteSpace" : false
    }, {
      "id" : "s1-t23",
      "begin" : 248,
      "end" : 253,
      "text" : "Being",
      "whiteSpace" : false
    }, {
      "id" : "s1-t24",
      "begin" : 254,
      "end" : 257,
      "text" : "Lot",
      "whiteSpace" : false
    }, {
      "id" : "s1-t25",
      "begin" : 258,
      "end" : 259,
      "text" : "3",
      "whiteSpace" : false
    }, {
      "id" : "s1-t26",
      "begin" : 259,
      "end" : 260,
      "text" : ",",
      "whiteSpace" : false
    }, {
      "id" : "s1-t27",
      "begin" : 261,
      "end" : 269,
      "text" : "SectionI",
      "whiteSpace" : false
    }, {
      "id" : "s1-t28",
      "begin" : 270,
      "end" : 272,
      "text" : "of",
      "whiteSpace" : false
    }, {
      "id" : "s1-t29",
      "begin" : 273,
      "end" : 282,
      "text" : "Hurricane",
      "whiteSpace" : false
    }, {
      "id" : "s1-t30",
      "begin" : 283,
      "end" : 288,
      "text" : "Hills",
      "whiteSpace" : false
    }, {
      "id" : "s1-t31",
      "begin" : 289,
      "end" : 300,
      "text" : "Subdivision",
      "whiteSpace" : false
    }, {
      "id" : "s1-t32",
      "begin" : 300,
      "end" : 301,
      "text" : ",",
      "whiteSpace" : false
    }, {
      "id" : "s1-t33",
      "begin" : 302,
      "end" : 304,
      "text" : "as",
      "whiteSpace" : false
    }, {
      "id" : "s1-t34",
      "begin" : 305,
      "end" : 310,
      "text" : "shown",
      "whiteSpace" : false
    }, {
      "id" : "s1-t35",
      "begin" : 311,
      "end" : 313,
      "text" : "by",
      "whiteSpace" : false
    }, {
      "id" : "s1-t36",
      "begin" : 314,
      "end" : 319,
      "text" : "plats",
      "whiteSpace" : false
    }, {
      "id" : "s1-t37",
      "begin" : 320,
      "end" : 322,
      "text" : "of",
      "whiteSpace" : false
    }, {
      "id" : "s1-t38",
      "begin" : 323,
      "end" : 329,
      "text" : "record",
      "whiteSpace" : false
    }, {
      "id" : "s1-t39",
      "begin" : 330,
      "end" : 332,
      "text" : "in",
      "whiteSpace" : false
    }, {
      "id" : "s1-t40",
      "begin" : 333,
      "end" : 337,
      "text" : "Plat",
      "whiteSpace" : false
    }, {
      "id" : "s1-t41",
      "begin" : 338,
      "end" : 345,
      "text" : "Cabinet",
      "whiteSpace" : false
    }, {
      "id" : "s1-t42",
      "begin" : 346,
      "end" : 347,
      "text" : "A",
      "whiteSpace" : false
    }, {
      "id" : "s1-t43",
      "begin" : 347,
      "end" : 348,
      "text" : ",",
      "whiteSpace" : false
    }, {
      "id" : "s1-t44",
      "begin" : 349,
      "end" : 355,
      "text" : "Slides",
      "whiteSpace" : false
    }, {
      "id" : "s1-t45",
      "begin" : 356,
      "end" : 358,
      "text" : "73",
      "whiteSpace" : false
    }, {
      "id" : "s1-t46",
      "begin" : 359,
      "end" : 362,
      "text" : "and",
      "whiteSpace" : false
    }, {
      "id" : "s1-t47",
      "begin" : 363,
      "end" : 365,
      "text" : "99",
      "whiteSpace" : false
    }, {
      "id" : "s1-t48",
      "begin" : 365,
      "end" : 366,
      "text" : ",",
      "whiteSpace" : false
    }, {
      "id" : "s1-t49",
      "begin" : 367,
      "end" : 375,
      "text" : "Register",
      "whiteSpace" : false
    }, {
      "id" : "s1-t50",
      "begin" : 375,
      "end" : 376,
      "text" : "?",
      "whiteSpace" : false
    } ]
  }, {
    "id" : "s2",
    "begin" : 376,
    "end" : 383,
    "text" : "??s Of?",
    "tokens" : [ {
      "id" : "s2-t0",
      "begin" : 376,
      "end" : 379,
      "text" : "??s",
      "whiteSpace" : false
    }, {
      "id" : "s2-t1",
      "begin" : 380,
      "end" : 382,
      "text" : "Of",
      "whiteSpace" : false
    }, {
      "id" : "s2-t2",
      "begin" : 382,
      "end" : 383,
      "text" : "?",
      "whiteSpace" : false
    } ]
  }, {
    "id" : "s3",
    "begin" : 383,
    "end" : 408,
    "text" : "??ce of Humphreys County.",
    "tokens" : [ {
      "id" : "s3-t0",
      "begin" : 383,
      "end" : 387,
      "text" : "??ce",
      "whiteSpace" : false
    }, {
      "id" : "s3-t1",
      "begin" : 388,
      "end" : 390,
      "text" : "of",
      "whiteSpace" : false
    }, {
      "id" : "s3-t2",
      "begin" : 391,
      "end" : 400,
      "text" : "Humphreys",
      "whiteSpace" : false
    }, {
      "id" : "s3-t3",
      "begin" : 401,
      "end" : 407,
      "text" : "County",
      "whiteSpace" : false
    }, {
      "id" : "s3-t4",
      "begin" : 407,
      "end" : 408,
      "text" : ".",
      "whiteSpace" : false
    } ]
  }, {
    "id" : "s4",
    "begin" : 409,
    "end" : 419,
    "text" : "Tennessee.",
    "tokens" : [ {
      "id" : "s4-t0",
      "begin" : 409,
      "end" : 418,
      "text" : "Tennessee",
      "whiteSpace" : false
    }, {
      "id" : "s4-t1",
      "begin" : 418,
      "end" : 419,
      "text" : ".",
      "whiteSpace" : false
    } ]
  }, {
    "id" : "s5",
    "begin" : 420,
    "end" : 580,
    "text" : "Being the same property conveyed to Patricia Lightfoot and Marion D. Johns by deeds of record in Deed Book 152, page 719, and Deed Book 156, page 145, Register?",
    "tokens" : [ {
      "id" : "s5-t0",
      "begin" : 420,
      "end" : 425,
      "text" : "Being",
      "whiteSpace" : false
    }, {
      "id" : "s5-t1",
      "begin" : 426,
      "end" : 429,
      "text" : "the",
      "whiteSpace" : false
    }, {
      "id" : "s5-t2",
      "begin" : 430,
      "end" : 434,
      "text" : "same",
      "whiteSpace" : false
    }, {
      "id" : "s5-t3",
      "begin" : 435,
      "end" : 443,
      "text" : "property",
      "whiteSpace" : false
    }, {
      "id" : "s5-t4",
      "begin" : 444,
      "end" : 452,
      "text" : "conveyed",
      "whiteSpace" : false
    }, {
      "id" : "s5-t5",
      "begin" : 453,
      "end" : 455,
      "text" : "to",
      "whiteSpace" : false
    }, {
      "id" : "s5-t6",
      "begin" : 456,
      "end" : 464,
      "text" : "Patricia",
      "whiteSpace" : false
    }, {
      "id" : "s5-t7",
      "begin" : 465,
      "end" : 474,
      "text" : "Lightfoot",
      "whiteSpace" : false
    }, {
      "id" : "s5-t8",
      "begin" : 475,
      "end" : 478,
      "text" : "and",
      "whiteSpace" : false
    }, {
      "id" : "s5-t9",
      "begin" : 479,
      "end" : 485,
      "text" : "Marion",
      "whiteSpace" : false
    }, {
      "id" : "s5-t10",
      "begin" : 486,
      "end" : 488,
      "text" : "D.",
      "whiteSpace" : false
    }, {
      "id" : "s5-t11",
      "begin" : 489,
      "end" : 494,
      "text" : "Johns",
      "whiteSpace" : false
    }, {
      "id" : "s5-t12",
      "begin" : 495,
      "end" : 497,
      "text" : "by",
      "whiteSpace" : false
    }, {
      "id" : "s5-t13",
      "begin" : 498,
      "end" : 503,
      "text" : "deeds",
      "whiteSpace" : false
    }, {
      "id" : "s5-t14",
      "begin" : 504,
      "end" : 506,
      "text" : "of",
      "whiteSpace" : false
    }, {
      "id" : "s5-t15",
      "begin" : 507,
      "end" : 513,
      "text" : "record",
      "whiteSpace" : false
    }, {
      "id" : "s5-t16",
      "begin" : 514,
      "end" : 516,
      "text" : "in",
      "whiteSpace" : false
    }, {
      "id" : "s5-t17",
      "begin" : 517,
      "end" : 521,
      "text" : "Deed",
      "whiteSpace" : false
    }, {
      "id" : "s5-t18",
      "begin" : 522,
      "end" : 526,
      "text" : "Book",
      "whiteSpace" : false
    }, {
      "id" : "s5-t19",
      "begin" : 527,
      "end" : 530,
      "text" : "152",
      "whiteSpace" : false
    }, {
      "id" : "s5-t20",
      "begin" : 530,
      "end" : 531,
      "text" : ",",
      "whiteSpace" : false
    }, {
      "id" : "s5-t21",
      "begin" : 532,
      "end" : 536,
      "text" : "page",
      "whiteSpace" : false
    }, {
      "id" : "s5-t22",
      "begin" : 537,
      "end" : 540,
      "text" : "719",
      "whiteSpace" : false
    }, {
      "id" : "s5-t23",
      "begin" : 540,
      "end" : 541,
      "text" : ",",
      "whiteSpace" : false
    }, {
      "id" : "s5-t24",
      "begin" : 542,
      "end" : 545,
      "text" : "and",
      "whiteSpace" : false
    }, {
      "id" : "s5-t25",
      "begin" : 546,
      "end" : 550,
      "text" : "Deed",
      "whiteSpace" : false
    }, {
      "id" : "s5-t26",
      "begin" : 551,
      "end" : 555,
      "text" : "Book",
      "whiteSpace" : false
    }, {
      "id" : "s5-t27",
      "begin" : 556,
      "end" : 559,
      "text" : "156",
      "whiteSpace" : false
    }, {
      "id" : "s5-t28",
      "begin" : 559,
      "end" : 560,
      "text" : ",",
      "whiteSpace" : false
    }, {
      "id" : "s5-t29",
      "begin" : 561,
      "end" : 565,
      "text" : "page",
      "whiteSpace" : false
    }, {
      "id" : "s5-t30",
      "begin" : 566,
      "end" : 569,
      "text" : "145",
      "whiteSpace" : false
    }, {
      "id" : "s5-t31",
      "begin" : 569,
      "end" : 570,
      "text" : ",",
      "whiteSpace" : false
    }, {
      "id" : "s5-t32",
      "begin" : 571,
      "end" : 579,
      "text" : "Register",
      "whiteSpace" : false
    }, {
      "id" : "s5-t33",
      "begin" : 579,
      "end" : 580,
      "text" : "?",
      "whiteSpace" : false
    } ]
  }, {
    "id" : "s6",
    "begin" : 580,
    "end" : 587,
    "text" : "??s Of?",
    "tokens" : [ {
      "id" : "s6-t0",
      "begin" : 580,
      "end" : 583,
      "text" : "??s",
      "whiteSpace" : false
    }, {
      "id" : "s6-t1",
      "begin" : 584,
      "end" : 586,
      "text" : "Of",
      "whiteSpace" : false
    }, {
      "id" : "s6-t2",
      "begin" : 586,
      "end" : 587,
      "text" : "?",
      "whiteSpace" : false
    } ]
  }, {
    "id" : "s7",
    "begin" : 587,
    "end" : 623,
    "text" : "??ce of Humphreys County, Tennessee.",
    "tokens" : [ {
      "id" : "s7-t0",
      "begin" : 587,
      "end" : 591,
      "text" : "??ce",
      "whiteSpace" : false
    }, {
      "id" : "s7-t1",
      "begin" : 592,
      "end" : 594,
      "text" : "of",
      "whiteSpace" : false
    }, {
      "id" : "s7-t2",
      "begin" : 595,
      "end" : 604,
      "text" : "Humphreys",
      "whiteSpace" : false
    }, {
      "id" : "s7-t3",
      "begin" : 605,
      "end" : 611,
      "text" : "County",
      "whiteSpace" : false
    }, {
      "id" : "s7-t4",
      "begin" : 611,
      "end" : 612,
      "text" : ",",
      "whiteSpace" : false
    }, {
      "id" : "s7-t5",
      "begin" : 613,
      "end" : 622,
      "text" : "Tennessee",
      "whiteSpace" : false
    }, {
      "id" : "s7-t6",
      "begin" : 622,
      "end" : 623,
      "text" : ".",
      "whiteSpace" : false
    } ]
  }, {
    "id" : "s8",
    "begin" : 624,
    "end" : 899,
    "text" : "This conveyance is made subject to setback requirements and all existing road, easements and/orrights-of-way as shown by the plats hereinabove mentioned, and to the restrictions, conditions, covenants and easements of record as set forth in Deed Book 128, page 976, Register?",
    "tokens" : [ {
      "id" : "s8-t0",
      "begin" : 624,
      "end" : 628,
      "text" : "This",
      "whiteSpace" : false
    }, {
      "id" : "s8-t1",
      "begin" : 629,
      "end" : 639,
      "text" : "conveyance",
      "whiteSpace" : false
    }, {
      "id" : "s8-t2",
      "begin" : 640,
      "end" : 642,
      "text" : "is",
      "whiteSpace" : false
    }, {
      "id" : "s8-t3",
      "begin" : 643,
      "end" : 647,
      "text" : "made",
      "whiteSpace" : false
    }, {
      "id" : "s8-t4",
      "begin" : 648,
      "end" : 655,
      "text" : "subject",
      "whiteSpace" : false
    }, {
      "id" : "s8-t5",
      "begin" : 656,
      "end" : 658,
      "text" : "to",
      "whiteSpace" : false
    }, {
      "id" : "s8-t6",
      "begin" : 659,
      "end" : 666,
      "text" : "setback",
      "whiteSpace" : false
    }, {
      "id" : "s8-t7",
      "begin" : 667,
      "end" : 679,
      "text" : "requirements",
      "whiteSpace" : false
    }, {
      "id" : "s8-t8",
      "begin" : 680,
      "end" : 683,
      "text" : "and",
      "whiteSpace" : false
    }, {
      "id" : "s8-t9",
      "begin" : 684,
      "end" : 687,
      "text" : "all",
      "whiteSpace" : false
    }, {
      "id" : "s8-t10",
      "begin" : 688,
      "end" : 696,
      "text" : "existing",
      "whiteSpace" : false
    }, {
      "id" : "s8-t11",
      "begin" : 697,
      "end" : 701,
      "text" : "road",
      "whiteSpace" : false
    }, {
      "id" : "s8-t12",
      "begin" : 701,
      "end" : 702,
      "text" : ",",
      "whiteSpace" : false
    }, {
      "id" : "s8-t13",
      "begin" : 703,
      "end" : 712,
      "text" : "easements",
      "whiteSpace" : false
    }, {
      "id" : "s8-t14",
      "begin" : 713,
      "end" : 716,
      "text" : "and",
      "whiteSpace" : false
    }, {
      "id" : "s8-t15",
      "begin" : 716,
      "end" : 717,
      "text" : "/",
      "whiteSpace" : false
    }, {
      "id" : "s8-t16",
      "begin" : 717,
      "end" : 725,
      "text" : "orrights",
      "whiteSpace" : false
    }, {
      "id" : "s8-t17",
      "begin" : 725,
      "end" : 726,
      "text" : "-",
      "whiteSpace" : false
    }, {
      "id" : "s8-t18",
      "begin" : 726,
      "end" : 728,
      "text" : "of",
      "whiteSpace" : false
    }, {
      "id" : "s8-t19",
      "begin" : 728,
      "end" : 729,
      "text" : "-",
      "whiteSpace" : false
    }, {
      "id" : "s8-t20",
      "begin" : 729,
      "end" : 732,
      "text" : "way",
      "whiteSpace" : false
    }, {
      "id" : "s8-t21",
      "begin" : 733,
      "end" : 735,
      "text" : "as",
      "whiteSpace" : false
    }, {
      "id" : "s8-t22",
      "begin" : 736,
      "end" : 741,
      "text" : "shown",
      "whiteSpace" : false
    }, {
      "id" : "s8-t23",
      "begin" : 742,
      "end" : 744,
      "text" : "by",
      "whiteSpace" : false
    }, {
      "id" : "s8-t24",
      "begin" : 745,
      "end" : 748,
      "text" : "the",
      "whiteSpace" : false
    }, {
      "id" : "s8-t25",
      "begin" : 749,
      "end" : 754,
      "text" : "plats",
      "whiteSpace" : false
    }, {
      "id" : "s8-t26",
      "begin" : 755,
      "end" : 766,
      "text" : "hereinabove",
      "whiteSpace" : false
    }, {
      "id" : "s8-t27",
      "begin" : 767,
      "end" : 776,
      "text" : "mentioned",
      "whiteSpace" : false
    }, {
      "id" : "s8-t28",
      "begin" : 776,
      "end" : 777,
      "text" : ",",
      "whiteSpace" : false
    }, {
      "id" : "s8-t29",
      "begin" : 778,
      "end" : 781,
      "text" : "and",
      "whiteSpace" : false
    }, {
      "id" : "s8-t30",
      "begin" : 782,
      "end" : 784,
      "text" : "to",
      "whiteSpace" : false
    }, {
      "id" : "s8-t31",
      "begin" : 785,
      "end" : 788,
      "text" : "the",
      "whiteSpace" : false
    }, {
      "id" : "s8-t32",
      "begin" : 789,
      "end" : 801,
      "text" : "restrictions",
      "whiteSpace" : false
    }, {
      "id" : "s8-t33",
      "begin" : 801,
      "end" : 802,
      "text" : ",",
      "whiteSpace" : false
    }, {
      "id" : "s8-t34",
      "begin" : 803,
      "end" : 813,
      "text" : "conditions",
      "whiteSpace" : false
    }, {
      "id" : "s8-t35",
      "begin" : 813,
      "end" : 814,
      "text" : ",",
      "whiteSpace" : false
    }, {
      "id" : "s8-t36",
      "begin" : 815,
      "end" : 824,
      "text" : "covenants",
      "whiteSpace" : false
    }, {
      "id" : "s8-t37",
      "begin" : 825,
      "end" : 828,
      "text" : "and",
      "whiteSpace" : false
    }, {
      "id" : "s8-t38",
      "begin" : 829,
      "end" : 838,
      "text" : "easements",
      "whiteSpace" : false
    }, {
      "id" : "s8-t39",
      "begin" : 839,
      "end" : 841,
      "text" : "of",
      "whiteSpace" : false
    }, {
      "id" : "s8-t40",
      "begin" : 842,
      "end" : 848,
      "text" : "record",
      "whiteSpace" : false
    }, {
      "id" : "s8-t41",
      "begin" : 849,
      "end" : 851,
      "text" : "as",
      "whiteSpace" : false
    }, {
      "id" : "s8-t42",
      "begin" : 852,
      "end" : 855,
      "text" : "set",
      "whiteSpace" : false
    }, {
      "id" : "s8-t43",
      "begin" : 856,
      "end" : 861,
      "text" : "forth",
      "whiteSpace" : false
    }, {
      "id" : "s8-t44",
      "begin" : 862,
      "end" : 864,
      "text" : "in",
      "whiteSpace" : false
    }, {
      "id" : "s8-t45",
      "begin" : 865,
      "end" : 869,
      "text" : "Deed",
      "whiteSpace" : false
    }, {
      "id" : "s8-t46",
      "begin" : 870,
      "end" : 874,
      "text" : "Book",
      "whiteSpace" : false
    }, {
      "id" : "s8-t47",
      "begin" : 875,
      "end" : 878,
      "text" : "128",
      "whiteSpace" : false
    }, {
      "id" : "s8-t48",
      "begin" : 878,
      "end" : 879,
      "text" : ",",
      "whiteSpace" : false
    }, {
      "id" : "s8-t49",
      "begin" : 880,
      "end" : 884,
      "text" : "page",
      "whiteSpace" : false
    }, {
      "id" : "s8-t50",
      "begin" : 885,
      "end" : 888,
      "text" : "976",
      "whiteSpace" : false
    }, {
      "id" : "s8-t51",
      "begin" : 888,
      "end" : 889,
      "text" : ",",
      "whiteSpace" : false
    }, {
      "id" : "s8-t52",
      "begin" : 890,
      "end" : 898,
      "text" : "Register",
      "whiteSpace" : false
    }, {
      "id" : "s8-t53",
      "begin" : 898,
      "end" : 899,
      "text" : "?",
      "whiteSpace" : false
    } ]
  }, {
    "id" : "s9",
    "begin" : 899,
    "end" : 906,
    "text" : "??s Of?",
    "tokens" : [ {
      "id" : "s9-t0",
      "begin" : 899,
      "end" : 902,
      "text" : "??s",
      "whiteSpace" : false
    }, {
      "id" : "s9-t1",
      "begin" : 903,
      "end" : 905,
      "text" : "Of",
      "whiteSpace" : false
    }, {
      "id" : "s9-t2",
      "begin" : 905,
      "end" : 906,
      "text" : "?",
      "whiteSpace" : false
    } ]
  }, {
    "id" : "s10",
    "begin" : 906,
    "end" : 942,
    "text" : "??ce of Humphreys County, Tennessee.",
    "tokens" : [ {
      "id" : "s10-t0",
      "begin" : 906,
      "end" : 910,
      "text" : "??ce",
      "whiteSpace" : false
    }, {
      "id" : "s10-t1",
      "begin" : 911,
      "end" : 913,
      "text" : "of",
      "whiteSpace" : false
    }, {
      "id" : "s10-t2",
      "begin" : 914,
      "end" : 923,
      "text" : "Humphreys",
      "whiteSpace" : false
    }, {
      "id" : "s10-t3",
      "begin" : 924,
      "end" : 930,
      "text" : "County",
      "whiteSpace" : false
    }, {
      "id" : "s10-t4",
      "begin" : 930,
      "end" : 931,
      "text" : ",",
      "whiteSpace" : false
    }, {
      "id" : "s10-t5",
      "begin" : 932,
      "end" : 941,
      "text" : "Tennessee",
      "whiteSpace" : false
    }, {
      "id" : "s10-t6",
      "begin" : 941,
      "end" : 942,
      "text" : ".",
      "whiteSpace" : false
    } ]
  } ],
  "mentions" : [ {
    "id" : "s5-m1",
    "properties" : {
      "SIRE_MENTION_ROLE" : "WarrDeedBookNum",
      "SIRE_ENTITY_SUBTYPE" : "NONE",
      "SIRE_MENTION_TYPE" : "NONE",
      "SIRE_MENTION_CLASS" : "SPC"
    },
    "type" : "WarrDeedBookNum",
    "begin" : 527,
    "end" : 530,
    "inCoref" : false
  }, {
    "id" : "s5-m2",
    "properties" : {
      "SIRE_MENTION_ROLE" : "WarrDeedPageNum",
      "SIRE_ENTITY_SUBTYPE" : "NONE",
      "SIRE_MENTION_TYPE" : "NONE",
      "SIRE_MENTION_CLASS" : "SPC"
    },
    "type" : "WarrDeedPageNum",
    "begin" : 537,
    "end" : 540,
    "inCoref" : false
  }, {
    "id" : "s5-m3",
    "properties" : {
      "SIRE_MENTION_ROLE" : "WarrDeedBookNum",
      "SIRE_ENTITY_SUBTYPE" : "NONE",
      "SIRE_MENTION_TYPE" : "NONE",
      "SIRE_MENTION_CLASS" : "SPC"
    },
    "type" : "WarrDeedBookNum",
    "begin" : 556,
    "end" : 559,
    "inCoref" : false
  }, {
    "id" : "s5-m4",
    "properties" : {
      "SIRE_MENTION_ROLE" : "WarrDeedPageNum",
      "SIRE_ENTITY_SUBTYPE" : "NONE",
      "SIRE_MENTION_TYPE" : "NONE",
      "SIRE_MENTION_CLASS" : "SPC"
    },
    "type" : "WarrDeedPageNum",
    "begin" : 566,
    "end" : 569,
    "inCoref" : false
  } ],
  "relations" : [ ],
  "corefs" : [ ],
  "typeResolved" : true,
  "userResolved" : false
}