{
  "id" : "ba29a320-54dc-11e9-9b8e-4bc9d96d3dde-11",
  "name" : "WD183-10.txt",
  "createdDate" : 0,
  "version" : 3,
  "text" : "by Thomas C. White &amp; Associates, Land Surveyors, Waverly, Tennessee, Thomas C. White Surveyor, Tennessee Registration No. 69., easement 10 ft. wide, all as shown on Thomas C. White &amp; Associates Drawing No. 165-1593., BEING the same property conveyed to Rodney Duane Simpson and wife, Kerry Denise Simpson, by deed of record in Deed Book 161, page 217, Register???s Of???ce of Humphreys County, Tennessee., This conveyance is subject to the following:, Subdivision, recorded in Plat Book 2, page 87, (Plat Cabinet A, Slide 21), Register???s Of???ce of Humphreys County, Tennessee., deed dated March 31, 1958 of record in Deed Book 78, page 321, Register???s Of???ce of Humphreys County, Tennessee., easement, as set forth by deeds of record in Deed Book 161, page 211 and Deed Book 161, page 214, Register???s Of???ce of Humphreys County,",
  "docLength" : 0,
  "language" : "EN",
  "status" : "SUBMITTED",
  "modifiedDate" : 1554165852304,
  "documentSet" : [ ],
  "preannotation" : [ ],
  "sentences" : [ {
    "id" : "s0",
    "begin" : 0,
    "end" : 369,
    "text" : "by Thomas C. White &amp; Associates, Land Surveyors, Waverly, Tennessee, Thomas C. White Surveyor, Tennessee Registration No. 69., easement 10 ft. wide, all as shown on Thomas C. White &amp; Associates Drawing No. 165-1593., BEING the same property conveyed to Rodney Duane Simpson and wife, Kerry Denise Simpson, by deed of record in Deed Book 161, page 217, Register?",
    "tokens" : [ {
      "id" : "s0-t0",
      "begin" : 0,
      "end" : 2,
      "text" : "by",
      "whiteSpace" : false
    }, {
      "id" : "s0-t1",
      "begin" : 3,
      "end" : 9,
      "text" : "Thomas",
      "whiteSpace" : false
    }, {
      "id" : "s0-t2",
      "begin" : 10,
      "end" : 12,
      "text" : "C.",
      "whiteSpace" : false
    }, {
      "id" : "s0-t3",
      "begin" : 13,
      "end" : 18,
      "text" : "White",
      "whiteSpace" : false
    }, {
      "id" : "s0-t4",
      "begin" : 19,
      "end" : 24,
      "text" : "&amp;",
      "whiteSpace" : false
    }, {
      "id" : "s0-t5",
      "begin" : 25,
      "end" : 35,
      "text" : "Associates",
      "whiteSpace" : false
    }, {
      "id" : "s0-t6",
      "begin" : 35,
      "end" : 36,
      "text" : ",",
      "whiteSpace" : false
    }, {
      "id" : "s0-t7",
      "begin" : 37,
      "end" : 41,
      "text" : "Land",
      "whiteSpace" : false
    }, {
      "id" : "s0-t8",
      "begin" : 42,
      "end" : 51,
      "text" : "Surveyors",
      "whiteSpace" : false
    }, {
      "id" : "s0-t9",
      "begin" : 51,
      "end" : 52,
      "text" : ",",
      "whiteSpace" : false
    }, {
      "id" : "s0-t10",
      "begin" : 53,
      "end" : 60,
      "text" : "Waverly",
      "whiteSpace" : false
    }, {
      "id" : "s0-t11",
      "begin" : 60,
      "end" : 61,
      "text" : ",",
      "whiteSpace" : false
    }, {
      "id" : "s0-t12",
      "begin" : 62,
      "end" : 71,
      "text" : "Tennessee",
      "whiteSpace" : false
    }, {
      "id" : "s0-t13",
      "begin" : 71,
      "end" : 72,
      "text" : ",",
      "whiteSpace" : false
    }, {
      "id" : "s0-t14",
      "begin" : 73,
      "end" : 79,
      "text" : "Thomas",
      "whiteSpace" : false
    }, {
      "id" : "s0-t15",
      "begin" : 80,
      "end" : 82,
      "text" : "C.",
      "whiteSpace" : false
    }, {
      "id" : "s0-t16",
      "begin" : 83,
      "end" : 88,
      "text" : "White",
      "whiteSpace" : false
    }, {
      "id" : "s0-t17",
      "begin" : 89,
      "end" : 97,
      "text" : "Surveyor",
      "whiteSpace" : false
    }, {
      "id" : "s0-t18",
      "begin" : 97,
      "end" : 98,
      "text" : ",",
      "whiteSpace" : false
    }, {
      "id" : "s0-t19",
      "begin" : 99,
      "end" : 108,
      "text" : "Tennessee",
      "whiteSpace" : false
    }, {
      "id" : "s0-t20",
      "begin" : 109,
      "end" : 121,
      "text" : "Registration",
      "whiteSpace" : false
    }, {
      "id" : "s0-t21",
      "begin" : 122,
      "end" : 125,
      "text" : "No.",
      "whiteSpace" : false
    }, {
      "id" : "s0-t22",
      "begin" : 126,
      "end" : 128,
      "text" : "69",
      "whiteSpace" : false
    }, {
      "id" : "s0-t23",
      "begin" : 128,
      "end" : 129,
      "text" : ".",
      "whiteSpace" : false
    }, {
      "id" : "s0-t24",
      "begin" : 129,
      "end" : 130,
      "text" : ",",
      "whiteSpace" : false
    }, {
      "id" : "s0-t25",
      "begin" : 131,
      "end" : 139,
      "text" : "easement",
      "whiteSpace" : false
    }, {
      "id" : "s0-t26",
      "begin" : 140,
      "end" : 142,
      "text" : "10",
      "whiteSpace" : false
    }, {
      "id" : "s0-t27",
      "begin" : 143,
      "end" : 146,
      "text" : "ft.",
      "whiteSpace" : false
    }, {
      "id" : "s0-t28",
      "begin" : 147,
      "end" : 151,
      "text" : "wide",
      "whiteSpace" : false
    }, {
      "id" : "s0-t29",
      "begin" : 151,
      "end" : 152,
      "text" : ",",
      "whiteSpace" : false
    }, {
      "id" : "s0-t30",
      "begin" : 153,
      "end" : 156,
      "text" : "all",
      "whiteSpace" : false
    }, {
      "id" : "s0-t31",
      "begin" : 157,
      "end" : 159,
      "text" : "as",
      "whiteSpace" : false
    }, {
      "id" : "s0-t32",
      "begin" : 160,
      "end" : 165,
      "text" : "shown",
      "whiteSpace" : false
    }, {
      "id" : "s0-t33",
      "begin" : 166,
      "end" : 168,
      "text" : "on",
      "whiteSpace" : false
    }, {
      "id" : "s0-t34",
      "begin" : 169,
      "end" : 175,
      "text" : "Thomas",
      "whiteSpace" : false
    }, {
      "id" : "s0-t35",
      "begin" : 176,
      "end" : 178,
      "text" : "C.",
      "whiteSpace" : false
    }, {
      "id" : "s0-t36",
      "begin" : 179,
      "end" : 184,
      "text" : "White",
      "whiteSpace" : false
    }, {
      "id" : "s0-t37",
      "begin" : 185,
      "end" : 190,
      "text" : "&amp;",
      "whiteSpace" : false
    }, {
      "id" : "s0-t38",
      "begin" : 191,
      "end" : 201,
      "text" : "Associates",
      "whiteSpace" : false
    }, {
      "id" : "s0-t39",
      "begin" : 202,
      "end" : 209,
      "text" : "Drawing",
      "whiteSpace" : false
    }, {
      "id" : "s0-t40",
      "begin" : 210,
      "end" : 213,
      "text" : "No.",
      "whiteSpace" : false
    }, {
      "id" : "s0-t41",
      "begin" : 214,
      "end" : 222,
      "text" : "165-1593",
      "whiteSpace" : false
    }, {
      "id" : "s0-t42",
      "begin" : 222,
      "end" : 223,
      "text" : ".",
      "whiteSpace" : false
    }, {
      "id" : "s0-t43",
      "begin" : 223,
      "end" : 224,
      "text" : ",",
      "whiteSpace" : false
    }, {
      "id" : "s0-t44",
      "begin" : 225,
      "end" : 230,
      "text" : "BEING",
      "whiteSpace" : false
    }, {
      "id" : "s0-t45",
      "begin" : 231,
      "end" : 234,
      "text" : "the",
      "whiteSpace" : false
    }, {
      "id" : "s0-t46",
      "begin" : 235,
      "end" : 239,
      "text" : "same",
      "whiteSpace" : false
    }, {
      "id" : "s0-t47",
      "begin" : 240,
      "end" : 248,
      "text" : "property",
      "whiteSpace" : false
    }, {
      "id" : "s0-t48",
      "begin" : 249,
      "end" : 257,
      "text" : "conveyed",
      "whiteSpace" : false
    }, {
      "id" : "s0-t49",
      "begin" : 258,
      "end" : 260,
      "text" : "to",
      "whiteSpace" : false
    }, {
      "id" : "s0-t50",
      "begin" : 261,
      "end" : 267,
      "text" : "Rodney",
      "whiteSpace" : false
    }, {
      "id" : "s0-t51",
      "begin" : 268,
      "end" : 273,
      "text" : "Duane",
      "whiteSpace" : false
    }, {
      "id" : "s0-t52",
      "begin" : 274,
      "end" : 281,
      "text" : "Simpson",
      "whiteSpace" : false
    }, {
      "id" : "s0-t53",
      "begin" : 282,
      "end" : 285,
      "text" : "and",
      "whiteSpace" : false
    }, {
      "id" : "s0-t54",
      "begin" : 286,
      "end" : 290,
      "text" : "wife",
      "whiteSpace" : false
    }, {
      "id" : "s0-t55",
      "begin" : 290,
      "end" : 291,
      "text" : ",",
      "whiteSpace" : false
    }, {
      "id" : "s0-t56",
      "begin" : 292,
      "end" : 297,
      "text" : "Kerry",
      "whiteSpace" : false
    }, {
      "id" : "s0-t57",
      "begin" : 298,
      "end" : 304,
      "text" : "Denise",
      "whiteSpace" : false
    }, {
      "id" : "s0-t58",
      "begin" : 305,
      "end" : 312,
      "text" : "Simpson",
      "whiteSpace" : false
    }, {
      "id" : "s0-t59",
      "begin" : 312,
      "end" : 313,
      "text" : ",",
      "whiteSpace" : false
    }, {
      "id" : "s0-t60",
      "begin" : 314,
      "end" : 316,
      "text" : "by",
      "whiteSpace" : false
    }, {
      "id" : "s0-t61",
      "begin" : 317,
      "end" : 321,
      "text" : "deed",
      "whiteSpace" : false
    }, {
      "id" : "s0-t62",
      "begin" : 322,
      "end" : 324,
      "text" : "of",
      "whiteSpace" : false
    }, {
      "id" : "s0-t63",
      "begin" : 325,
      "end" : 331,
      "text" : "record",
      "whiteSpace" : false
    }, {
      "id" : "s0-t64",
      "begin" : 332,
      "end" : 334,
      "text" : "in",
      "whiteSpace" : false
    }, {
      "id" : "s0-t65",
      "begin" : 335,
      "end" : 339,
      "text" : "Deed",
      "whiteSpace" : false
    }, {
      "id" : "s0-t66",
      "begin" : 340,
      "end" : 344,
      "text" : "Book",
      "whiteSpace" : false
    }, {
      "id" : "s0-t67",
      "begin" : 345,
      "end" : 348,
      "text" : "161",
      "whiteSpace" : false
    }, {
      "id" : "s0-t68",
      "begin" : 348,
      "end" : 349,
      "text" : ",",
      "whiteSpace" : false
    }, {
      "id" : "s0-t69",
      "begin" : 350,
      "end" : 354,
      "text" : "page",
      "whiteSpace" : false
    }, {
      "id" : "s0-t70",
      "begin" : 355,
      "end" : 358,
      "text" : "217",
      "whiteSpace" : false
    }, {
      "id" : "s0-t71",
      "begin" : 358,
      "end" : 359,
      "text" : ",",
      "whiteSpace" : false
    }, {
      "id" : "s0-t72",
      "begin" : 360,
      "end" : 368,
      "text" : "Register",
      "whiteSpace" : false
    }, {
      "id" : "s0-t73",
      "begin" : 368,
      "end" : 369,
      "text" : "?",
      "whiteSpace" : false
    } ]
  }, {
    "id" : "s1",
    "begin" : 369,
    "end" : 376,
    "text" : "??s Of?",
    "tokens" : [ {
      "id" : "s1-t0",
      "begin" : 369,
      "end" : 372,
      "text" : "??s",
      "whiteSpace" : false
    }, {
      "id" : "s1-t1",
      "begin" : 373,
      "end" : 375,
      "text" : "Of",
      "whiteSpace" : false
    }, {
      "id" : "s1-t2",
      "begin" : 375,
      "end" : 376,
      "text" : "?",
      "whiteSpace" : false
    } ]
  }, {
    "id" : "s2",
    "begin" : 376,
    "end" : 544,
    "text" : "??ce of Humphreys County, Tennessee., This conveyance is subject to the following:, Subdivision, recorded in Plat Book 2, page 87, (Plat Cabinet A, Slide 21), Register?",
    "tokens" : [ {
      "id" : "s2-t0",
      "begin" : 376,
      "end" : 380,
      "text" : "??ce",
      "whiteSpace" : false
    }, {
      "id" : "s2-t1",
      "begin" : 381,
      "end" : 383,
      "text" : "of",
      "whiteSpace" : false
    }, {
      "id" : "s2-t2",
      "begin" : 384,
      "end" : 393,
      "text" : "Humphreys",
      "whiteSpace" : false
    }, {
      "id" : "s2-t3",
      "begin" : 394,
      "end" : 400,
      "text" : "County",
      "whiteSpace" : false
    }, {
      "id" : "s2-t4",
      "begin" : 400,
      "end" : 401,
      "text" : ",",
      "whiteSpace" : false
    }, {
      "id" : "s2-t5",
      "begin" : 402,
      "end" : 412,
      "text" : "Tennessee.",
      "whiteSpace" : false
    }, {
      "id" : "s2-t6",
      "begin" : 412,
      "end" : 413,
      "text" : ",",
      "whiteSpace" : false
    }, {
      "id" : "s2-t7",
      "begin" : 414,
      "end" : 418,
      "text" : "This",
      "whiteSpace" : false
    }, {
      "id" : "s2-t8",
      "begin" : 419,
      "end" : 429,
      "text" : "conveyance",
      "whiteSpace" : false
    }, {
      "id" : "s2-t9",
      "begin" : 430,
      "end" : 432,
      "text" : "is",
      "whiteSpace" : false
    }, {
      "id" : "s2-t10",
      "begin" : 433,
      "end" : 440,
      "text" : "subject",
      "whiteSpace" : false
    }, {
      "id" : "s2-t11",
      "begin" : 441,
      "end" : 443,
      "text" : "to",
      "whiteSpace" : false
    }, {
      "id" : "s2-t12",
      "begin" : 444,
      "end" : 447,
      "text" : "the",
      "whiteSpace" : false
    }, {
      "id" : "s2-t13",
      "begin" : 448,
      "end" : 457,
      "text" : "following",
      "whiteSpace" : false
    }, {
      "id" : "s2-t14",
      "begin" : 457,
      "end" : 458,
      "text" : ":",
      "whiteSpace" : false
    }, {
      "id" : "s2-t15",
      "begin" : 458,
      "end" : 459,
      "text" : ",",
      "whiteSpace" : false
    }, {
      "id" : "s2-t16",
      "begin" : 460,
      "end" : 471,
      "text" : "Subdivision",
      "whiteSpace" : false
    }, {
      "id" : "s2-t17",
      "begin" : 471,
      "end" : 472,
      "text" : ",",
      "whiteSpace" : false
    }, {
      "id" : "s2-t18",
      "begin" : 473,
      "end" : 481,
      "text" : "recorded",
      "whiteSpace" : false
    }, {
      "id" : "s2-t19",
      "begin" : 482,
      "end" : 484,
      "text" : "in",
      "whiteSpace" : false
    }, {
      "id" : "s2-t20",
      "begin" : 485,
      "end" : 489,
      "text" : "Plat",
      "whiteSpace" : false
    }, {
      "id" : "s2-t21",
      "begin" : 490,
      "end" : 494,
      "text" : "Book",
      "whiteSpace" : false
    }, {
      "id" : "s2-t22",
      "begin" : 495,
      "end" : 496,
      "text" : "2",
      "whiteSpace" : false
    }, {
      "id" : "s2-t23",
      "begin" : 496,
      "end" : 497,
      "text" : ",",
      "whiteSpace" : false
    }, {
      "id" : "s2-t24",
      "begin" : 498,
      "end" : 502,
      "text" : "page",
      "whiteSpace" : false
    }, {
      "id" : "s2-t25",
      "begin" : 503,
      "end" : 505,
      "text" : "87",
      "whiteSpace" : false
    }, {
      "id" : "s2-t26",
      "begin" : 505,
      "end" : 506,
      "text" : ",",
      "whiteSpace" : false
    }, {
      "id" : "s2-t27",
      "begin" : 507,
      "end" : 508,
      "text" : "(",
      "whiteSpace" : false
    }, {
      "id" : "s2-t28",
      "begin" : 508,
      "end" : 512,
      "text" : "Plat",
      "whiteSpace" : false
    }, {
      "id" : "s2-t29",
      "begin" : 513,
      "end" : 520,
      "text" : "Cabinet",
      "whiteSpace" : false
    }, {
      "id" : "s2-t30",
      "begin" : 521,
      "end" : 522,
      "text" : "A",
      "whiteSpace" : false
    }, {
      "id" : "s2-t31",
      "begin" : 522,
      "end" : 523,
      "text" : ",",
      "whiteSpace" : false
    }, {
      "id" : "s2-t32",
      "begin" : 524,
      "end" : 529,
      "text" : "Slide",
      "whiteSpace" : false
    }, {
      "id" : "s2-t33",
      "begin" : 530,
      "end" : 532,
      "text" : "21",
      "whiteSpace" : false
    }, {
      "id" : "s2-t34",
      "begin" : 532,
      "end" : 533,
      "text" : ")",
      "whiteSpace" : false
    }, {
      "id" : "s2-t35",
      "begin" : 533,
      "end" : 534,
      "text" : ",",
      "whiteSpace" : false
    }, {
      "id" : "s2-t36",
      "begin" : 535,
      "end" : 543,
      "text" : "Register",
      "whiteSpace" : false
    }, {
      "id" : "s2-t37",
      "begin" : 543,
      "end" : 544,
      "text" : "?",
      "whiteSpace" : false
    } ]
  }, {
    "id" : "s3",
    "begin" : 544,
    "end" : 551,
    "text" : "??s Of?",
    "tokens" : [ {
      "id" : "s3-t0",
      "begin" : 544,
      "end" : 547,
      "text" : "??s",
      "whiteSpace" : false
    }, {
      "id" : "s3-t1",
      "begin" : 548,
      "end" : 550,
      "text" : "Of",
      "whiteSpace" : false
    }, {
      "id" : "s3-t2",
      "begin" : 550,
      "end" : 551,
      "text" : "?",
      "whiteSpace" : false
    } ]
  }, {
    "id" : "s4",
    "begin" : 551,
    "end" : 661,
    "text" : "??ce of Humphreys County, Tennessee., deed dated March 31, 1958 of record in Deed Book 78, page 321, Register?",
    "tokens" : [ {
      "id" : "s4-t0",
      "begin" : 551,
      "end" : 555,
      "text" : "??ce",
      "whiteSpace" : false
    }, {
      "id" : "s4-t1",
      "begin" : 556,
      "end" : 558,
      "text" : "of",
      "whiteSpace" : false
    }, {
      "id" : "s4-t2",
      "begin" : 559,
      "end" : 568,
      "text" : "Humphreys",
      "whiteSpace" : false
    }, {
      "id" : "s4-t3",
      "begin" : 569,
      "end" : 575,
      "text" : "County",
      "whiteSpace" : false
    }, {
      "id" : "s4-t4",
      "begin" : 575,
      "end" : 576,
      "text" : ",",
      "whiteSpace" : false
    }, {
      "id" : "s4-t5",
      "begin" : 577,
      "end" : 587,
      "text" : "Tennessee.",
      "whiteSpace" : false
    }, {
      "id" : "s4-t6",
      "begin" : 587,
      "end" : 588,
      "text" : ",",
      "whiteSpace" : false
    }, {
      "id" : "s4-t7",
      "begin" : 589,
      "end" : 593,
      "text" : "deed",
      "whiteSpace" : false
    }, {
      "id" : "s4-t8",
      "begin" : 594,
      "end" : 599,
      "text" : "dated",
      "whiteSpace" : false
    }, {
      "id" : "s4-t9",
      "begin" : 600,
      "end" : 605,
      "text" : "March",
      "whiteSpace" : false
    }, {
      "id" : "s4-t10",
      "begin" : 606,
      "end" : 608,
      "text" : "31",
      "whiteSpace" : false
    }, {
      "id" : "s4-t11",
      "begin" : 608,
      "end" : 609,
      "text" : ",",
      "whiteSpace" : false
    }, {
      "id" : "s4-t12",
      "begin" : 610,
      "end" : 614,
      "text" : "1958",
      "whiteSpace" : false
    }, {
      "id" : "s4-t13",
      "begin" : 615,
      "end" : 617,
      "text" : "of",
      "whiteSpace" : false
    }, {
      "id" : "s4-t14",
      "begin" : 618,
      "end" : 624,
      "text" : "record",
      "whiteSpace" : false
    }, {
      "id" : "s4-t15",
      "begin" : 625,
      "end" : 627,
      "text" : "in",
      "whiteSpace" : false
    }, {
      "id" : "s4-t16",
      "begin" : 628,
      "end" : 632,
      "text" : "Deed",
      "whiteSpace" : false
    }, {
      "id" : "s4-t17",
      "begin" : 633,
      "end" : 637,
      "text" : "Book",
      "whiteSpace" : false
    }, {
      "id" : "s4-t18",
      "begin" : 638,
      "end" : 640,
      "text" : "78",
      "whiteSpace" : false
    }, {
      "id" : "s4-t19",
      "begin" : 640,
      "end" : 641,
      "text" : ",",
      "whiteSpace" : false
    }, {
      "id" : "s4-t20",
      "begin" : 642,
      "end" : 646,
      "text" : "page",
      "whiteSpace" : false
    }, {
      "id" : "s4-t21",
      "begin" : 647,
      "end" : 650,
      "text" : "321",
      "whiteSpace" : false
    }, {
      "id" : "s4-t22",
      "begin" : 650,
      "end" : 651,
      "text" : ",",
      "whiteSpace" : false
    }, {
      "id" : "s4-t23",
      "begin" : 652,
      "end" : 660,
      "text" : "Register",
      "whiteSpace" : false
    }, {
      "id" : "s4-t24",
      "begin" : 660,
      "end" : 661,
      "text" : "?",
      "whiteSpace" : false
    } ]
  }, {
    "id" : "s5",
    "begin" : 661,
    "end" : 668,
    "text" : "??s Of?",
    "tokens" : [ {
      "id" : "s5-t0",
      "begin" : 661,
      "end" : 664,
      "text" : "??s",
      "whiteSpace" : false
    }, {
      "id" : "s5-t1",
      "begin" : 665,
      "end" : 667,
      "text" : "Of",
      "whiteSpace" : false
    }, {
      "id" : "s5-t2",
      "begin" : 667,
      "end" : 668,
      "text" : "?",
      "whiteSpace" : false
    } ]
  }, {
    "id" : "s6",
    "begin" : 668,
    "end" : 813,
    "text" : "??ce of Humphreys County, Tennessee., easement, as set forth by deeds of record in Deed Book 161, page 211 and Deed Book 161, page 214, Register?",
    "tokens" : [ {
      "id" : "s6-t0",
      "begin" : 668,
      "end" : 672,
      "text" : "??ce",
      "whiteSpace" : false
    }, {
      "id" : "s6-t1",
      "begin" : 673,
      "end" : 675,
      "text" : "of",
      "whiteSpace" : false
    }, {
      "id" : "s6-t2",
      "begin" : 676,
      "end" : 685,
      "text" : "Humphreys",
      "whiteSpace" : false
    }, {
      "id" : "s6-t3",
      "begin" : 686,
      "end" : 692,
      "text" : "County",
      "whiteSpace" : false
    }, {
      "id" : "s6-t4",
      "begin" : 692,
      "end" : 693,
      "text" : ",",
      "whiteSpace" : false
    }, {
      "id" : "s6-t5",
      "begin" : 694,
      "end" : 704,
      "text" : "Tennessee.",
      "whiteSpace" : false
    }, {
      "id" : "s6-t6",
      "begin" : 704,
      "end" : 705,
      "text" : ",",
      "whiteSpace" : false
    }, {
      "id" : "s6-t7",
      "begin" : 706,
      "end" : 714,
      "text" : "easement",
      "whiteSpace" : false
    }, {
      "id" : "s6-t8",
      "begin" : 714,
      "end" : 715,
      "text" : ",",
      "whiteSpace" : false
    }, {
      "id" : "s6-t9",
      "begin" : 716,
      "end" : 718,
      "text" : "as",
      "whiteSpace" : false
    }, {
      "id" : "s6-t10",
      "begin" : 719,
      "end" : 722,
      "text" : "set",
      "whiteSpace" : false
    }, {
      "id" : "s6-t11",
      "begin" : 723,
      "end" : 728,
      "text" : "forth",
      "whiteSpace" : false
    }, {
      "id" : "s6-t12",
      "begin" : 729,
      "end" : 731,
      "text" : "by",
      "whiteSpace" : false
    }, {
      "id" : "s6-t13",
      "begin" : 732,
      "end" : 737,
      "text" : "deeds",
      "whiteSpace" : false
    }, {
      "id" : "s6-t14",
      "begin" : 738,
      "end" : 740,
      "text" : "of",
      "whiteSpace" : false
    }, {
      "id" : "s6-t15",
      "begin" : 741,
      "end" : 747,
      "text" : "record",
      "whiteSpace" : false
    }, {
      "id" : "s6-t16",
      "begin" : 748,
      "end" : 750,
      "text" : "in",
      "whiteSpace" : false
    }, {
      "id" : "s6-t17",
      "begin" : 751,
      "end" : 755,
      "text" : "Deed",
      "whiteSpace" : false
    }, {
      "id" : "s6-t18",
      "begin" : 756,
      "end" : 760,
      "text" : "Book",
      "whiteSpace" : false
    }, {
      "id" : "s6-t19",
      "begin" : 761,
      "end" : 764,
      "text" : "161",
      "whiteSpace" : false
    }, {
      "id" : "s6-t20",
      "begin" : 764,
      "end" : 765,
      "text" : ",",
      "whiteSpace" : false
    }, {
      "id" : "s6-t21",
      "begin" : 766,
      "end" : 770,
      "text" : "page",
      "whiteSpace" : false
    }, {
      "id" : "s6-t22",
      "begin" : 771,
      "end" : 774,
      "text" : "211",
      "whiteSpace" : false
    }, {
      "id" : "s6-t23",
      "begin" : 775,
      "end" : 778,
      "text" : "and",
      "whiteSpace" : false
    }, {
      "id" : "s6-t24",
      "begin" : 779,
      "end" : 783,
      "text" : "Deed",
      "whiteSpace" : false
    }, {
      "id" : "s6-t25",
      "begin" : 784,
      "end" : 788,
      "text" : "Book",
      "whiteSpace" : false
    }, {
      "id" : "s6-t26",
      "begin" : 789,
      "end" : 792,
      "text" : "161",
      "whiteSpace" : false
    }, {
      "id" : "s6-t27",
      "begin" : 792,
      "end" : 793,
      "text" : ",",
      "whiteSpace" : false
    }, {
      "id" : "s6-t28",
      "begin" : 794,
      "end" : 798,
      "text" : "page",
      "whiteSpace" : false
    }, {
      "id" : "s6-t29",
      "begin" : 799,
      "end" : 802,
      "text" : "214",
      "whiteSpace" : false
    }, {
      "id" : "s6-t30",
      "begin" : 802,
      "end" : 803,
      "text" : ",",
      "whiteSpace" : false
    }, {
      "id" : "s6-t31",
      "begin" : 804,
      "end" : 812,
      "text" : "Register",
      "whiteSpace" : false
    }, {
      "id" : "s6-t32",
      "begin" : 812,
      "end" : 813,
      "text" : "?",
      "whiteSpace" : false
    } ]
  }, {
    "id" : "s7",
    "begin" : 813,
    "end" : 820,
    "text" : "??s Of?",
    "tokens" : [ {
      "id" : "s7-t0",
      "begin" : 813,
      "end" : 816,
      "text" : "??s",
      "whiteSpace" : false
    }, {
      "id" : "s7-t1",
      "begin" : 817,
      "end" : 819,
      "text" : "Of",
      "whiteSpace" : false
    }, {
      "id" : "s7-t2",
      "begin" : 819,
      "end" : 820,
      "text" : "?",
      "whiteSpace" : false
    } ]
  }, {
    "id" : "s8",
    "begin" : 820,
    "end" : 845,
    "text" : "??ce of Humphreys County,",
    "tokens" : [ {
      "id" : "s8-t0",
      "begin" : 820,
      "end" : 824,
      "text" : "??ce",
      "whiteSpace" : false
    }, {
      "id" : "s8-t1",
      "begin" : 825,
      "end" : 827,
      "text" : "of",
      "whiteSpace" : false
    }, {
      "id" : "s8-t2",
      "begin" : 828,
      "end" : 837,
      "text" : "Humphreys",
      "whiteSpace" : false
    }, {
      "id" : "s8-t3",
      "begin" : 838,
      "end" : 844,
      "text" : "County",
      "whiteSpace" : false
    }, {
      "id" : "s8-t4",
      "begin" : 844,
      "end" : 845,
      "text" : ",",
      "whiteSpace" : false
    } ]
  } ],
  "mentions" : [ {
    "id" : "s0-m1",
    "properties" : {
      "SIRE_MENTION_ROLE" : "WarrDeedBookNum",
      "SIRE_ENTITY_SUBTYPE" : "NONE",
      "SIRE_MENTION_TYPE" : "NONE",
      "SIRE_MENTION_CLASS" : "SPC"
    },
    "type" : "WarrDeedBookNum",
    "begin" : 345,
    "end" : 348,
    "inCoref" : false
  }, {
    "id" : "s0-m2",
    "properties" : {
      "SIRE_MENTION_ROLE" : "WarrDeedPageNum",
      "SIRE_ENTITY_SUBTYPE" : "NONE",
      "SIRE_MENTION_TYPE" : "NONE",
      "SIRE_MENTION_CLASS" : "SPC"
    },
    "type" : "WarrDeedPageNum",
    "begin" : 355,
    "end" : 358,
    "inCoref" : false
  } ],
  "relations" : [ ],
  "corefs" : [ ],
  "typeResolved" : true,
  "userResolved" : false
}