{
  "id" : "ba29a320-54dc-11e9-9b8e-4bc9d96d3dde-7",
  "name" : "WD182-1.txt",
  "createdDate" : 0,
  "version" : 3,
  "text" : "being authorized so to do, executed the foregoing instrument for the purposes therein contained by signing the name of the said COLOGY HOMES, INC. by himself as such of???cer. Witness my hand and of???cial seal at Waverly, Tennessee, this Afr day of August, 2001. WM Notary Public My Commission Expires: EOBERTi {H'oiiixsc?????fg 4??? ???6 was ???1???, NOTARYFUBLICATLAHGE _; FL???MIEOF TENNESSEE E ' mat. SEAL a E? 932.33: FE [???/LMF. av/???, mean ;. mama???, a: -ATTORNEYATLAW, w \"3;? TENNESSEE ' ???mt???E-ZAL, BEING certain lots or parcels of land lying and being situated in the Second Civil District of Humphreys County, Tennessee, located in the City of Waverly, Tennessee, and being Lots 5 and 6 of Cedarview Estates, Section A, a plat of which is recorded in Plat Cabinet A, Slide 83, Register???s Of???ce of Humphreys County, Tennessee, to which reference is hereby made for a more complete description., BEING the same property conveyed to Cology Homes, Inc. by deed of record in Deed Book 181, page 1476, Register???s Of???ce of Humphreys County, Tennessee., This conveyance is made subject to all matters pertaining to Lot 5 and Lot 6 as shown on the plat of Cedarview Estates, Section A of record in ",
  "docLength" : 0,
  "language" : "EN",
  "status" : "SUBMITTED",
  "modifiedDate" : 1554165962761,
  "documentSet" : [ ],
  "preannotation" : [ ],
  "sentences" : [ {
    "id" : "s0",
    "begin" : 0,
    "end" : 169,
    "text" : "being authorized so to do, executed the foregoing instrument for the purposes therein contained by signing the name of the said COLOGY HOMES, INC. by himself as such of?",
    "tokens" : [ {
      "id" : "s0-t0",
      "begin" : 0,
      "end" : 5,
      "text" : "being",
      "whiteSpace" : false
    }, {
      "id" : "s0-t1",
      "begin" : 6,
      "end" : 16,
      "text" : "authorized",
      "whiteSpace" : false
    }, {
      "id" : "s0-t2",
      "begin" : 17,
      "end" : 19,
      "text" : "so",
      "whiteSpace" : false
    }, {
      "id" : "s0-t3",
      "begin" : 20,
      "end" : 22,
      "text" : "to",
      "whiteSpace" : false
    }, {
      "id" : "s0-t4",
      "begin" : 23,
      "end" : 25,
      "text" : "do",
      "whiteSpace" : false
    }, {
      "id" : "s0-t5",
      "begin" : 25,
      "end" : 26,
      "text" : ",",
      "whiteSpace" : false
    }, {
      "id" : "s0-t6",
      "begin" : 27,
      "end" : 35,
      "text" : "executed",
      "whiteSpace" : false
    }, {
      "id" : "s0-t7",
      "begin" : 36,
      "end" : 39,
      "text" : "the",
      "whiteSpace" : false
    }, {
      "id" : "s0-t8",
      "begin" : 40,
      "end" : 49,
      "text" : "foregoing",
      "whiteSpace" : false
    }, {
      "id" : "s0-t9",
      "begin" : 50,
      "end" : 60,
      "text" : "instrument",
      "whiteSpace" : false
    }, {
      "id" : "s0-t10",
      "begin" : 61,
      "end" : 64,
      "text" : "for",
      "whiteSpace" : false
    }, {
      "id" : "s0-t11",
      "begin" : 65,
      "end" : 68,
      "text" : "the",
      "whiteSpace" : false
    }, {
      "id" : "s0-t12",
      "begin" : 69,
      "end" : 77,
      "text" : "purposes",
      "whiteSpace" : false
    }, {
      "id" : "s0-t13",
      "begin" : 78,
      "end" : 85,
      "text" : "therein",
      "whiteSpace" : false
    }, {
      "id" : "s0-t14",
      "begin" : 86,
      "end" : 95,
      "text" : "contained",
      "whiteSpace" : false
    }, {
      "id" : "s0-t15",
      "begin" : 96,
      "end" : 98,
      "text" : "by",
      "whiteSpace" : false
    }, {
      "id" : "s0-t16",
      "begin" : 99,
      "end" : 106,
      "text" : "signing",
      "whiteSpace" : false
    }, {
      "id" : "s0-t17",
      "begin" : 107,
      "end" : 110,
      "text" : "the",
      "whiteSpace" : false
    }, {
      "id" : "s0-t18",
      "begin" : 111,
      "end" : 115,
      "text" : "name",
      "whiteSpace" : false
    }, {
      "id" : "s0-t19",
      "begin" : 116,
      "end" : 118,
      "text" : "of",
      "whiteSpace" : false
    }, {
      "id" : "s0-t20",
      "begin" : 119,
      "end" : 122,
      "text" : "the",
      "whiteSpace" : false
    }, {
      "id" : "s0-t21",
      "begin" : 123,
      "end" : 127,
      "text" : "said",
      "whiteSpace" : false
    }, {
      "id" : "s0-t22",
      "begin" : 128,
      "end" : 134,
      "text" : "COLOGY",
      "whiteSpace" : false
    }, {
      "id" : "s0-t23",
      "begin" : 135,
      "end" : 140,
      "text" : "HOMES",
      "whiteSpace" : false
    }, {
      "id" : "s0-t24",
      "begin" : 140,
      "end" : 141,
      "text" : ",",
      "whiteSpace" : false
    }, {
      "id" : "s0-t25",
      "begin" : 142,
      "end" : 146,
      "text" : "INC.",
      "whiteSpace" : false
    }, {
      "id" : "s0-t26",
      "begin" : 147,
      "end" : 149,
      "text" : "by",
      "whiteSpace" : false
    }, {
      "id" : "s0-t27",
      "begin" : 150,
      "end" : 157,
      "text" : "himself",
      "whiteSpace" : false
    }, {
      "id" : "s0-t28",
      "begin" : 158,
      "end" : 160,
      "text" : "as",
      "whiteSpace" : false
    }, {
      "id" : "s0-t29",
      "begin" : 161,
      "end" : 165,
      "text" : "such",
      "whiteSpace" : false
    }, {
      "id" : "s0-t30",
      "begin" : 166,
      "end" : 168,
      "text" : "of",
      "whiteSpace" : false
    }, {
      "id" : "s0-t31",
      "begin" : 168,
      "end" : 169,
      "text" : "?",
      "whiteSpace" : false
    } ]
  }, {
    "id" : "s1",
    "begin" : 169,
    "end" : 175,
    "text" : "??cer.",
    "tokens" : [ {
      "id" : "s1-t0",
      "begin" : 169,
      "end" : 174,
      "text" : "??cer",
      "whiteSpace" : false
    }, {
      "id" : "s1-t1",
      "begin" : 174,
      "end" : 175,
      "text" : ".",
      "whiteSpace" : false
    } ]
  }, {
    "id" : "s2",
    "begin" : 176,
    "end" : 199,
    "text" : "Witness my hand and of?",
    "tokens" : [ {
      "id" : "s2-t0",
      "begin" : 176,
      "end" : 183,
      "text" : "Witness",
      "whiteSpace" : false
    }, {
      "id" : "s2-t1",
      "begin" : 184,
      "end" : 186,
      "text" : "my",
      "whiteSpace" : false
    }, {
      "id" : "s2-t2",
      "begin" : 187,
      "end" : 191,
      "text" : "hand",
      "whiteSpace" : false
    }, {
      "id" : "s2-t3",
      "begin" : 192,
      "end" : 195,
      "text" : "and",
      "whiteSpace" : false
    }, {
      "id" : "s2-t4",
      "begin" : 196,
      "end" : 198,
      "text" : "of",
      "whiteSpace" : false
    }, {
      "id" : "s2-t5",
      "begin" : 198,
      "end" : 199,
      "text" : "?",
      "whiteSpace" : false
    } ]
  }, {
    "id" : "s3",
    "begin" : 199,
    "end" : 263,
    "text" : "??cial seal at Waverly, Tennessee, this Afr day of August, 2001.",
    "tokens" : [ {
      "id" : "s3-t0",
      "begin" : 199,
      "end" : 205,
      "text" : "??cial",
      "whiteSpace" : false
    }, {
      "id" : "s3-t1",
      "begin" : 206,
      "end" : 210,
      "text" : "seal",
      "whiteSpace" : false
    }, {
      "id" : "s3-t2",
      "begin" : 211,
      "end" : 213,
      "text" : "at",
      "whiteSpace" : false
    }, {
      "id" : "s3-t3",
      "begin" : 214,
      "end" : 221,
      "text" : "Waverly",
      "whiteSpace" : false
    }, {
      "id" : "s3-t4",
      "begin" : 221,
      "end" : 222,
      "text" : ",",
      "whiteSpace" : false
    }, {
      "id" : "s3-t5",
      "begin" : 223,
      "end" : 232,
      "text" : "Tennessee",
      "whiteSpace" : false
    }, {
      "id" : "s3-t6",
      "begin" : 232,
      "end" : 233,
      "text" : ",",
      "whiteSpace" : false
    }, {
      "id" : "s3-t7",
      "begin" : 234,
      "end" : 238,
      "text" : "this",
      "whiteSpace" : false
    }, {
      "id" : "s3-t8",
      "begin" : 239,
      "end" : 242,
      "text" : "Afr",
      "whiteSpace" : false
    }, {
      "id" : "s3-t9",
      "begin" : 243,
      "end" : 246,
      "text" : "day",
      "whiteSpace" : false
    }, {
      "id" : "s3-t10",
      "begin" : 247,
      "end" : 249,
      "text" : "of",
      "whiteSpace" : false
    }, {
      "id" : "s3-t11",
      "begin" : 250,
      "end" : 256,
      "text" : "August",
      "whiteSpace" : false
    }, {
      "id" : "s3-t12",
      "begin" : 256,
      "end" : 257,
      "text" : ",",
      "whiteSpace" : false
    }, {
      "id" : "s3-t13",
      "begin" : 258,
      "end" : 262,
      "text" : "2001",
      "whiteSpace" : false
    }, {
      "id" : "s3-t14",
      "begin" : 262,
      "end" : 263,
      "text" : ".",
      "whiteSpace" : false
    } ]
  }, {
    "id" : "s4",
    "begin" : 264,
    "end" : 323,
    "text" : "WM Notary Public My Commission Expires: EOBERTi {H'oiiixsc?",
    "tokens" : [ {
      "id" : "s4-t0",
      "begin" : 264,
      "end" : 266,
      "text" : "WM",
      "whiteSpace" : false
    }, {
      "id" : "s4-t1",
      "begin" : 267,
      "end" : 273,
      "text" : "Notary",
      "whiteSpace" : false
    }, {
      "id" : "s4-t2",
      "begin" : 274,
      "end" : 280,
      "text" : "Public",
      "whiteSpace" : false
    }, {
      "id" : "s4-t3",
      "begin" : 281,
      "end" : 283,
      "text" : "My",
      "whiteSpace" : false
    }, {
      "id" : "s4-t4",
      "begin" : 284,
      "end" : 294,
      "text" : "Commission",
      "whiteSpace" : false
    }, {
      "id" : "s4-t5",
      "begin" : 295,
      "end" : 302,
      "text" : "Expires",
      "whiteSpace" : false
    }, {
      "id" : "s4-t6",
      "begin" : 302,
      "end" : 303,
      "text" : ":",
      "whiteSpace" : false
    }, {
      "id" : "s4-t7",
      "begin" : 304,
      "end" : 311,
      "text" : "EOBERTi",
      "whiteSpace" : false
    }, {
      "id" : "s4-t8",
      "begin" : 312,
      "end" : 313,
      "text" : "{",
      "whiteSpace" : false
    }, {
      "id" : "s4-t9",
      "begin" : 313,
      "end" : 314,
      "text" : "H",
      "whiteSpace" : false
    }, {
      "id" : "s4-t10",
      "begin" : 314,
      "end" : 315,
      "text" : "'",
      "whiteSpace" : false
    }, {
      "id" : "s4-t11",
      "begin" : 315,
      "end" : 322,
      "text" : "oiiixsc",
      "whiteSpace" : false
    }, {
      "id" : "s4-t12",
      "begin" : 322,
      "end" : 323,
      "text" : "?",
      "whiteSpace" : false
    } ]
  }, {
    "id" : "s5",
    "begin" : 323,
    "end" : 336,
    "text" : "????fg 4??? ?",
    "tokens" : [ {
      "id" : "s5-t0",
      "begin" : 323,
      "end" : 329,
      "text" : "????fg",
      "whiteSpace" : false
    }, {
      "id" : "s5-t1",
      "begin" : 330,
      "end" : 331,
      "text" : "4",
      "whiteSpace" : false
    }, {
      "id" : "s5-t2",
      "begin" : 331,
      "end" : 333,
      "text" : "??",
      "whiteSpace" : false
    }, {
      "id" : "s5-t3",
      "begin" : 333,
      "end" : 334,
      "text" : "?",
      "whiteSpace" : false
    }, {
      "id" : "s5-t4",
      "begin" : 335,
      "end" : 336,
      "text" : "?",
      "whiteSpace" : false
    } ]
  }, {
    "id" : "s6",
    "begin" : 336,
    "end" : 345,
    "text" : "??6 was ?",
    "tokens" : [ {
      "id" : "s6-t0",
      "begin" : 336,
      "end" : 339,
      "text" : "??6",
      "whiteSpace" : false
    }, {
      "id" : "s6-t1",
      "begin" : 340,
      "end" : 343,
      "text" : "was",
      "whiteSpace" : false
    }, {
      "id" : "s6-t2",
      "begin" : 344,
      "end" : 345,
      "text" : "?",
      "whiteSpace" : false
    } ]
  }, {
    "id" : "s7",
    "begin" : 345,
    "end" : 405,
    "text" : "??1???, NOTARYFUBLICATLAHGE _; FL???MIEOF TENNESSEE E ' mat.",
    "tokens" : [ {
      "id" : "s7-t0",
      "begin" : 345,
      "end" : 348,
      "text" : "??1",
      "whiteSpace" : false
    }, {
      "id" : "s7-t1",
      "begin" : 348,
      "end" : 350,
      "text" : "??",
      "whiteSpace" : false
    }, {
      "id" : "s7-t2",
      "begin" : 350,
      "end" : 351,
      "text" : "?",
      "whiteSpace" : false
    }, {
      "id" : "s7-t3",
      "begin" : 351,
      "end" : 352,
      "text" : ",",
      "whiteSpace" : false
    }, {
      "id" : "s7-t4",
      "begin" : 353,
      "end" : 372,
      "text" : "NOTARYFUBLICATLAHGE",
      "whiteSpace" : false
    }, {
      "id" : "s7-t5",
      "begin" : 373,
      "end" : 375,
      "text" : "_;",
      "whiteSpace" : false
    }, {
      "id" : "s7-t6",
      "begin" : 376,
      "end" : 386,
      "text" : "FL???MIEOF",
      "whiteSpace" : false
    }, {
      "id" : "s7-t7",
      "begin" : 387,
      "end" : 396,
      "text" : "TENNESSEE",
      "whiteSpace" : false
    }, {
      "id" : "s7-t8",
      "begin" : 397,
      "end" : 398,
      "text" : "E",
      "whiteSpace" : false
    }, {
      "id" : "s7-t9",
      "begin" : 399,
      "end" : 400,
      "text" : "'",
      "whiteSpace" : false
    }, {
      "id" : "s7-t10",
      "begin" : 401,
      "end" : 404,
      "text" : "mat",
      "whiteSpace" : false
    }, {
      "id" : "s7-t11",
      "begin" : 404,
      "end" : 405,
      "text" : ".",
      "whiteSpace" : false
    } ]
  }, {
    "id" : "s8",
    "begin" : 406,
    "end" : 415,
    "text" : "SEAL a E?",
    "tokens" : [ {
      "id" : "s8-t0",
      "begin" : 406,
      "end" : 410,
      "text" : "SEAL",
      "whiteSpace" : false
    }, {
      "id" : "s8-t1",
      "begin" : 411,
      "end" : 412,
      "text" : "a",
      "whiteSpace" : false
    }, {
      "id" : "s8-t2",
      "begin" : 413,
      "end" : 414,
      "text" : "E",
      "whiteSpace" : false
    }, {
      "id" : "s8-t3",
      "begin" : 414,
      "end" : 415,
      "text" : "?",
      "whiteSpace" : false
    } ]
  }, {
    "id" : "s9",
    "begin" : 416,
    "end" : 436,
    "text" : "932.33: FE [???/LMF.",
    "tokens" : [ {
      "id" : "s9-t0",
      "begin" : 416,
      "end" : 422,
      "text" : "932.33",
      "whiteSpace" : false
    }, {
      "id" : "s9-t1",
      "begin" : 422,
      "end" : 423,
      "text" : ":",
      "whiteSpace" : false
    }, {
      "id" : "s9-t2",
      "begin" : 424,
      "end" : 426,
      "text" : "FE",
      "whiteSpace" : false
    }, {
      "id" : "s9-t3",
      "begin" : 427,
      "end" : 428,
      "text" : "[",
      "whiteSpace" : false
    }, {
      "id" : "s9-t4",
      "begin" : 428,
      "end" : 435,
      "text" : "???/LMF",
      "whiteSpace" : false
    }, {
      "id" : "s9-t5",
      "begin" : 435,
      "end" : 436,
      "text" : ".",
      "whiteSpace" : false
    } ]
  }, {
    "id" : "s10",
    "begin" : 437,
    "end" : 452,
    "text" : "av/???, mean ;.",
    "tokens" : [ {
      "id" : "s10-t0",
      "begin" : 437,
      "end" : 439,
      "text" : "av",
      "whiteSpace" : false
    }, {
      "id" : "s10-t1",
      "begin" : 439,
      "end" : 440,
      "text" : "/",
      "whiteSpace" : false
    }, {
      "id" : "s10-t2",
      "begin" : 440,
      "end" : 443,
      "text" : "???",
      "whiteSpace" : false
    }, {
      "id" : "s10-t3",
      "begin" : 443,
      "end" : 444,
      "text" : ",",
      "whiteSpace" : false
    }, {
      "id" : "s10-t4",
      "begin" : 445,
      "end" : 449,
      "text" : "mean",
      "whiteSpace" : false
    }, {
      "id" : "s10-t5",
      "begin" : 450,
      "end" : 451,
      "text" : ";",
      "whiteSpace" : false
    }, {
      "id" : "s10-t6",
      "begin" : 451,
      "end" : 452,
      "text" : ".",
      "whiteSpace" : false
    } ]
  }, {
    "id" : "s11",
    "begin" : 453,
    "end" : 458,
    "text" : "mama?",
    "tokens" : [ {
      "id" : "s11-t0",
      "begin" : 453,
      "end" : 457,
      "text" : "mama",
      "whiteSpace" : false
    }, {
      "id" : "s11-t1",
      "begin" : 457,
      "end" : 458,
      "text" : "?",
      "whiteSpace" : false
    } ]
  }, {
    "id" : "s12",
    "begin" : 458,
    "end" : 487,
    "text" : "??, a: -ATTORNEYATLAW, w \"3;?",
    "tokens" : [ {
      "id" : "s12-t0",
      "begin" : 458,
      "end" : 460,
      "text" : "??",
      "whiteSpace" : false
    }, {
      "id" : "s12-t1",
      "begin" : 460,
      "end" : 461,
      "text" : ",",
      "whiteSpace" : false
    }, {
      "id" : "s12-t2",
      "begin" : 462,
      "end" : 463,
      "text" : "a",
      "whiteSpace" : false
    }, {
      "id" : "s12-t3",
      "begin" : 463,
      "end" : 464,
      "text" : ":",
      "whiteSpace" : false
    }, {
      "id" : "s12-t4",
      "begin" : 465,
      "end" : 479,
      "text" : "-ATTORNEYATLAW",
      "whiteSpace" : false
    }, {
      "id" : "s12-t5",
      "begin" : 479,
      "end" : 480,
      "text" : ",",
      "whiteSpace" : false
    }, {
      "id" : "s12-t6",
      "begin" : 481,
      "end" : 482,
      "text" : "w",
      "whiteSpace" : false
    }, {
      "id" : "s12-t7",
      "begin" : 483,
      "end" : 484,
      "text" : "\"",
      "whiteSpace" : false
    }, {
      "id" : "s12-t8",
      "begin" : 484,
      "end" : 485,
      "text" : "3",
      "whiteSpace" : false
    }, {
      "id" : "s12-t9",
      "begin" : 485,
      "end" : 486,
      "text" : ";",
      "whiteSpace" : false
    }, {
      "id" : "s12-t10",
      "begin" : 486,
      "end" : 487,
      "text" : "?",
      "whiteSpace" : false
    } ]
  }, {
    "id" : "s13",
    "begin" : 488,
    "end" : 501,
    "text" : "TENNESSEE ' ?",
    "tokens" : [ {
      "id" : "s13-t0",
      "begin" : 488,
      "end" : 497,
      "text" : "TENNESSEE",
      "whiteSpace" : false
    }, {
      "id" : "s13-t1",
      "begin" : 498,
      "end" : 499,
      "text" : "'",
      "whiteSpace" : false
    }, {
      "id" : "s13-t2",
      "begin" : 500,
      "end" : 501,
      "text" : "?",
      "whiteSpace" : false
    } ]
  }, {
    "id" : "s14",
    "begin" : 501,
    "end" : 506,
    "text" : "??mt?",
    "tokens" : [ {
      "id" : "s14-t0",
      "begin" : 501,
      "end" : 505,
      "text" : "??mt",
      "whiteSpace" : false
    }, {
      "id" : "s14-t1",
      "begin" : 505,
      "end" : 506,
      "text" : "?",
      "whiteSpace" : false
    } ]
  }, {
    "id" : "s15",
    "begin" : 506,
    "end" : 804,
    "text" : "??E-ZAL, BEING certain lots or parcels of land lying and being situated in the Second Civil District of Humphreys County, Tennessee, located in the City of Waverly, Tennessee, and being Lots 5 and 6 of Cedarview Estates, Section A, a plat of which is recorded in Plat Cabinet A, Slide 83, Register?",
    "tokens" : [ {
      "id" : "s15-t0",
      "begin" : 506,
      "end" : 513,
      "text" : "??E-ZAL",
      "whiteSpace" : false
    }, {
      "id" : "s15-t1",
      "begin" : 513,
      "end" : 514,
      "text" : ",",
      "whiteSpace" : false
    }, {
      "id" : "s15-t2",
      "begin" : 515,
      "end" : 520,
      "text" : "BEING",
      "whiteSpace" : false
    }, {
      "id" : "s15-t3",
      "begin" : 521,
      "end" : 528,
      "text" : "certain",
      "whiteSpace" : false
    }, {
      "id" : "s15-t4",
      "begin" : 529,
      "end" : 533,
      "text" : "lots",
      "whiteSpace" : false
    }, {
      "id" : "s15-t5",
      "begin" : 534,
      "end" : 536,
      "text" : "or",
      "whiteSpace" : false
    }, {
      "id" : "s15-t6",
      "begin" : 537,
      "end" : 544,
      "text" : "parcels",
      "whiteSpace" : false
    }, {
      "id" : "s15-t7",
      "begin" : 545,
      "end" : 547,
      "text" : "of",
      "whiteSpace" : false
    }, {
      "id" : "s15-t8",
      "begin" : 548,
      "end" : 552,
      "text" : "land",
      "whiteSpace" : false
    }, {
      "id" : "s15-t9",
      "begin" : 553,
      "end" : 558,
      "text" : "lying",
      "whiteSpace" : false
    }, {
      "id" : "s15-t10",
      "begin" : 559,
      "end" : 562,
      "text" : "and",
      "whiteSpace" : false
    }, {
      "id" : "s15-t11",
      "begin" : 563,
      "end" : 568,
      "text" : "being",
      "whiteSpace" : false
    }, {
      "id" : "s15-t12",
      "begin" : 569,
      "end" : 577,
      "text" : "situated",
      "whiteSpace" : false
    }, {
      "id" : "s15-t13",
      "begin" : 578,
      "end" : 580,
      "text" : "in",
      "whiteSpace" : false
    }, {
      "id" : "s15-t14",
      "begin" : 581,
      "end" : 584,
      "text" : "the",
      "whiteSpace" : false
    }, {
      "id" : "s15-t15",
      "begin" : 585,
      "end" : 591,
      "text" : "Second",
      "whiteSpace" : false
    }, {
      "id" : "s15-t16",
      "begin" : 592,
      "end" : 597,
      "text" : "Civil",
      "whiteSpace" : false
    }, {
      "id" : "s15-t17",
      "begin" : 598,
      "end" : 606,
      "text" : "District",
      "whiteSpace" : false
    }, {
      "id" : "s15-t18",
      "begin" : 607,
      "end" : 609,
      "text" : "of",
      "whiteSpace" : false
    }, {
      "id" : "s15-t19",
      "begin" : 610,
      "end" : 619,
      "text" : "Humphreys",
      "whiteSpace" : false
    }, {
      "id" : "s15-t20",
      "begin" : 620,
      "end" : 626,
      "text" : "County",
      "whiteSpace" : false
    }, {
      "id" : "s15-t21",
      "begin" : 626,
      "end" : 627,
      "text" : ",",
      "whiteSpace" : false
    }, {
      "id" : "s15-t22",
      "begin" : 628,
      "end" : 637,
      "text" : "Tennessee",
      "whiteSpace" : false
    }, {
      "id" : "s15-t23",
      "begin" : 637,
      "end" : 638,
      "text" : ",",
      "whiteSpace" : false
    }, {
      "id" : "s15-t24",
      "begin" : 639,
      "end" : 646,
      "text" : "located",
      "whiteSpace" : false
    }, {
      "id" : "s15-t25",
      "begin" : 647,
      "end" : 649,
      "text" : "in",
      "whiteSpace" : false
    }, {
      "id" : "s15-t26",
      "begin" : 650,
      "end" : 653,
      "text" : "the",
      "whiteSpace" : false
    }, {
      "id" : "s15-t27",
      "begin" : 654,
      "end" : 658,
      "text" : "City",
      "whiteSpace" : false
    }, {
      "id" : "s15-t28",
      "begin" : 659,
      "end" : 661,
      "text" : "of",
      "whiteSpace" : false
    }, {
      "id" : "s15-t29",
      "begin" : 662,
      "end" : 669,
      "text" : "Waverly",
      "whiteSpace" : false
    }, {
      "id" : "s15-t30",
      "begin" : 669,
      "end" : 670,
      "text" : ",",
      "whiteSpace" : false
    }, {
      "id" : "s15-t31",
      "begin" : 671,
      "end" : 680,
      "text" : "Tennessee",
      "whiteSpace" : false
    }, {
      "id" : "s15-t32",
      "begin" : 680,
      "end" : 681,
      "text" : ",",
      "whiteSpace" : false
    }, {
      "id" : "s15-t33",
      "begin" : 682,
      "end" : 685,
      "text" : "and",
      "whiteSpace" : false
    }, {
      "id" : "s15-t34",
      "begin" : 686,
      "end" : 691,
      "text" : "being",
      "whiteSpace" : false
    }, {
      "id" : "s15-t35",
      "begin" : 692,
      "end" : 696,
      "text" : "Lots",
      "whiteSpace" : false
    }, {
      "id" : "s15-t36",
      "begin" : 697,
      "end" : 698,
      "text" : "5",
      "whiteSpace" : false
    }, {
      "id" : "s15-t37",
      "begin" : 699,
      "end" : 702,
      "text" : "and",
      "whiteSpace" : false
    }, {
      "id" : "s15-t38",
      "begin" : 703,
      "end" : 704,
      "text" : "6",
      "whiteSpace" : false
    }, {
      "id" : "s15-t39",
      "begin" : 705,
      "end" : 707,
      "text" : "of",
      "whiteSpace" : false
    }, {
      "id" : "s15-t40",
      "begin" : 708,
      "end" : 717,
      "text" : "Cedarview",
      "whiteSpace" : false
    }, {
      "id" : "s15-t41",
      "begin" : 718,
      "end" : 725,
      "text" : "Estates",
      "whiteSpace" : false
    }, {
      "id" : "s15-t42",
      "begin" : 725,
      "end" : 726,
      "text" : ",",
      "whiteSpace" : false
    }, {
      "id" : "s15-t43",
      "begin" : 727,
      "end" : 734,
      "text" : "Section",
      "whiteSpace" : false
    }, {
      "id" : "s15-t44",
      "begin" : 735,
      "end" : 736,
      "text" : "A",
      "whiteSpace" : false
    }, {
      "id" : "s15-t45",
      "begin" : 736,
      "end" : 737,
      "text" : ",",
      "whiteSpace" : false
    }, {
      "id" : "s15-t46",
      "begin" : 738,
      "end" : 739,
      "text" : "a",
      "whiteSpace" : false
    }, {
      "id" : "s15-t47",
      "begin" : 740,
      "end" : 744,
      "text" : "plat",
      "whiteSpace" : false
    }, {
      "id" : "s15-t48",
      "begin" : 745,
      "end" : 747,
      "text" : "of",
      "whiteSpace" : false
    }, {
      "id" : "s15-t49",
      "begin" : 748,
      "end" : 753,
      "text" : "which",
      "whiteSpace" : false
    }, {
      "id" : "s15-t50",
      "begin" : 754,
      "end" : 756,
      "text" : "is",
      "whiteSpace" : false
    }, {
      "id" : "s15-t51",
      "begin" : 757,
      "end" : 765,
      "text" : "recorded",
      "whiteSpace" : false
    }, {
      "id" : "s15-t52",
      "begin" : 766,
      "end" : 768,
      "text" : "in",
      "whiteSpace" : false
    }, {
      "id" : "s15-t53",
      "begin" : 769,
      "end" : 773,
      "text" : "Plat",
      "whiteSpace" : false
    }, {
      "id" : "s15-t54",
      "begin" : 774,
      "end" : 781,
      "text" : "Cabinet",
      "whiteSpace" : false
    }, {
      "id" : "s15-t55",
      "begin" : 782,
      "end" : 783,
      "text" : "A",
      "whiteSpace" : false
    }, {
      "id" : "s15-t56",
      "begin" : 783,
      "end" : 784,
      "text" : ",",
      "whiteSpace" : false
    }, {
      "id" : "s15-t57",
      "begin" : 785,
      "end" : 790,
      "text" : "Slide",
      "whiteSpace" : false
    }, {
      "id" : "s15-t58",
      "begin" : 791,
      "end" : 793,
      "text" : "83",
      "whiteSpace" : false
    }, {
      "id" : "s15-t59",
      "begin" : 793,
      "end" : 794,
      "text" : ",",
      "whiteSpace" : false
    }, {
      "id" : "s15-t60",
      "begin" : 795,
      "end" : 803,
      "text" : "Register",
      "whiteSpace" : false
    }, {
      "id" : "s15-t61",
      "begin" : 803,
      "end" : 804,
      "text" : "?",
      "whiteSpace" : false
    } ]
  }, {
    "id" : "s16",
    "begin" : 804,
    "end" : 811,
    "text" : "??s Of?",
    "tokens" : [ {
      "id" : "s16-t0",
      "begin" : 804,
      "end" : 807,
      "text" : "??s",
      "whiteSpace" : false
    }, {
      "id" : "s16-t1",
      "begin" : 808,
      "end" : 810,
      "text" : "Of",
      "whiteSpace" : false
    }, {
      "id" : "s16-t2",
      "begin" : 810,
      "end" : 811,
      "text" : "?",
      "whiteSpace" : false
    } ]
  }, {
    "id" : "s17",
    "begin" : 811,
    "end" : 1027,
    "text" : "??ce of Humphreys County, Tennessee, to which reference is hereby made for a more complete description., BEING the same property conveyed to Cology Homes, Inc. by deed of record in Deed Book 181, page 1476, Register?",
    "tokens" : [ {
      "id" : "s17-t0",
      "begin" : 811,
      "end" : 815,
      "text" : "??ce",
      "whiteSpace" : false
    }, {
      "id" : "s17-t1",
      "begin" : 816,
      "end" : 818,
      "text" : "of",
      "whiteSpace" : false
    }, {
      "id" : "s17-t2",
      "begin" : 819,
      "end" : 828,
      "text" : "Humphreys",
      "whiteSpace" : false
    }, {
      "id" : "s17-t3",
      "begin" : 829,
      "end" : 835,
      "text" : "County",
      "whiteSpace" : false
    }, {
      "id" : "s17-t4",
      "begin" : 835,
      "end" : 836,
      "text" : ",",
      "whiteSpace" : false
    }, {
      "id" : "s17-t5",
      "begin" : 837,
      "end" : 846,
      "text" : "Tennessee",
      "whiteSpace" : false
    }, {
      "id" : "s17-t6",
      "begin" : 846,
      "end" : 847,
      "text" : ",",
      "whiteSpace" : false
    }, {
      "id" : "s17-t7",
      "begin" : 848,
      "end" : 850,
      "text" : "to",
      "whiteSpace" : false
    }, {
      "id" : "s17-t8",
      "begin" : 851,
      "end" : 856,
      "text" : "which",
      "whiteSpace" : false
    }, {
      "id" : "s17-t9",
      "begin" : 857,
      "end" : 866,
      "text" : "reference",
      "whiteSpace" : false
    }, {
      "id" : "s17-t10",
      "begin" : 867,
      "end" : 869,
      "text" : "is",
      "whiteSpace" : false
    }, {
      "id" : "s17-t11",
      "begin" : 870,
      "end" : 876,
      "text" : "hereby",
      "whiteSpace" : false
    }, {
      "id" : "s17-t12",
      "begin" : 877,
      "end" : 881,
      "text" : "made",
      "whiteSpace" : false
    }, {
      "id" : "s17-t13",
      "begin" : 882,
      "end" : 885,
      "text" : "for",
      "whiteSpace" : false
    }, {
      "id" : "s17-t14",
      "begin" : 886,
      "end" : 887,
      "text" : "a",
      "whiteSpace" : false
    }, {
      "id" : "s17-t15",
      "begin" : 888,
      "end" : 892,
      "text" : "more",
      "whiteSpace" : false
    }, {
      "id" : "s17-t16",
      "begin" : 893,
      "end" : 901,
      "text" : "complete",
      "whiteSpace" : false
    }, {
      "id" : "s17-t17",
      "begin" : 902,
      "end" : 914,
      "text" : "description.",
      "whiteSpace" : false
    }, {
      "id" : "s17-t18",
      "begin" : 914,
      "end" : 915,
      "text" : ",",
      "whiteSpace" : false
    }, {
      "id" : "s17-t19",
      "begin" : 916,
      "end" : 921,
      "text" : "BEING",
      "whiteSpace" : false
    }, {
      "id" : "s17-t20",
      "begin" : 922,
      "end" : 925,
      "text" : "the",
      "whiteSpace" : false
    }, {
      "id" : "s17-t21",
      "begin" : 926,
      "end" : 930,
      "text" : "same",
      "whiteSpace" : false
    }, {
      "id" : "s17-t22",
      "begin" : 931,
      "end" : 939,
      "text" : "property",
      "whiteSpace" : false
    }, {
      "id" : "s17-t23",
      "begin" : 940,
      "end" : 948,
      "text" : "conveyed",
      "whiteSpace" : false
    }, {
      "id" : "s17-t24",
      "begin" : 949,
      "end" : 951,
      "text" : "to",
      "whiteSpace" : false
    }, {
      "id" : "s17-t25",
      "begin" : 952,
      "end" : 958,
      "text" : "Cology",
      "whiteSpace" : false
    }, {
      "id" : "s17-t26",
      "begin" : 959,
      "end" : 964,
      "text" : "Homes",
      "whiteSpace" : false
    }, {
      "id" : "s17-t27",
      "begin" : 964,
      "end" : 965,
      "text" : ",",
      "whiteSpace" : false
    }, {
      "id" : "s17-t28",
      "begin" : 966,
      "end" : 970,
      "text" : "Inc.",
      "whiteSpace" : false
    }, {
      "id" : "s17-t29",
      "begin" : 971,
      "end" : 973,
      "text" : "by",
      "whiteSpace" : false
    }, {
      "id" : "s17-t30",
      "begin" : 974,
      "end" : 978,
      "text" : "deed",
      "whiteSpace" : false
    }, {
      "id" : "s17-t31",
      "begin" : 979,
      "end" : 981,
      "text" : "of",
      "whiteSpace" : false
    }, {
      "id" : "s17-t32",
      "begin" : 982,
      "end" : 988,
      "text" : "record",
      "whiteSpace" : false
    }, {
      "id" : "s17-t33",
      "begin" : 989,
      "end" : 991,
      "text" : "in",
      "whiteSpace" : false
    }, {
      "id" : "s17-t34",
      "begin" : 992,
      "end" : 996,
      "text" : "Deed",
      "whiteSpace" : false
    }, {
      "id" : "s17-t35",
      "begin" : 997,
      "end" : 1001,
      "text" : "Book",
      "whiteSpace" : false
    }, {
      "id" : "s17-t36",
      "begin" : 1002,
      "end" : 1005,
      "text" : "181",
      "whiteSpace" : false
    }, {
      "id" : "s17-t37",
      "begin" : 1005,
      "end" : 1006,
      "text" : ",",
      "whiteSpace" : false
    }, {
      "id" : "s17-t38",
      "begin" : 1007,
      "end" : 1011,
      "text" : "page",
      "whiteSpace" : false
    }, {
      "id" : "s17-t39",
      "begin" : 1012,
      "end" : 1016,
      "text" : "1476",
      "whiteSpace" : false
    }, {
      "id" : "s17-t40",
      "begin" : 1016,
      "end" : 1017,
      "text" : ",",
      "whiteSpace" : false
    }, {
      "id" : "s17-t41",
      "begin" : 1018,
      "end" : 1026,
      "text" : "Register",
      "whiteSpace" : false
    }, {
      "id" : "s17-t42",
      "begin" : 1026,
      "end" : 1027,
      "text" : "?",
      "whiteSpace" : false
    } ]
  }, {
    "id" : "s18",
    "begin" : 1027,
    "end" : 1034,
    "text" : "??s Of?",
    "tokens" : [ {
      "id" : "s18-t0",
      "begin" : 1027,
      "end" : 1030,
      "text" : "??s",
      "whiteSpace" : false
    }, {
      "id" : "s18-t1",
      "begin" : 1031,
      "end" : 1033,
      "text" : "Of",
      "whiteSpace" : false
    }, {
      "id" : "s18-t2",
      "begin" : 1033,
      "end" : 1034,
      "text" : "?",
      "whiteSpace" : false
    } ]
  }, {
    "id" : "s19",
    "begin" : 1034,
    "end" : 1214,
    "text" : "??ce of Humphreys County, Tennessee., This conveyance is made subject to all matters pertaining to Lot 5 and Lot 6 as shown on the plat of Cedarview Estates, Section A of record in",
    "tokens" : [ {
      "id" : "s19-t0",
      "begin" : 1034,
      "end" : 1038,
      "text" : "??ce",
      "whiteSpace" : false
    }, {
      "id" : "s19-t1",
      "begin" : 1039,
      "end" : 1041,
      "text" : "of",
      "whiteSpace" : false
    }, {
      "id" : "s19-t2",
      "begin" : 1042,
      "end" : 1051,
      "text" : "Humphreys",
      "whiteSpace" : false
    }, {
      "id" : "s19-t3",
      "begin" : 1052,
      "end" : 1058,
      "text" : "County",
      "whiteSpace" : false
    }, {
      "id" : "s19-t4",
      "begin" : 1058,
      "end" : 1059,
      "text" : ",",
      "whiteSpace" : false
    }, {
      "id" : "s19-t5",
      "begin" : 1060,
      "end" : 1070,
      "text" : "Tennessee.",
      "whiteSpace" : false
    }, {
      "id" : "s19-t6",
      "begin" : 1070,
      "end" : 1071,
      "text" : ",",
      "whiteSpace" : false
    }, {
      "id" : "s19-t7",
      "begin" : 1072,
      "end" : 1076,
      "text" : "This",
      "whiteSpace" : false
    }, {
      "id" : "s19-t8",
      "begin" : 1077,
      "end" : 1087,
      "text" : "conveyance",
      "whiteSpace" : false
    }, {
      "id" : "s19-t9",
      "begin" : 1088,
      "end" : 1090,
      "text" : "is",
      "whiteSpace" : false
    }, {
      "id" : "s19-t10",
      "begin" : 1091,
      "end" : 1095,
      "text" : "made",
      "whiteSpace" : false
    }, {
      "id" : "s19-t11",
      "begin" : 1096,
      "end" : 1103,
      "text" : "subject",
      "whiteSpace" : false
    }, {
      "id" : "s19-t12",
      "begin" : 1104,
      "end" : 1106,
      "text" : "to",
      "whiteSpace" : false
    }, {
      "id" : "s19-t13",
      "begin" : 1107,
      "end" : 1110,
      "text" : "all",
      "whiteSpace" : false
    }, {
      "id" : "s19-t14",
      "begin" : 1111,
      "end" : 1118,
      "text" : "matters",
      "whiteSpace" : false
    }, {
      "id" : "s19-t15",
      "begin" : 1119,
      "end" : 1129,
      "text" : "pertaining",
      "whiteSpace" : false
    }, {
      "id" : "s19-t16",
      "begin" : 1130,
      "end" : 1132,
      "text" : "to",
      "whiteSpace" : false
    }, {
      "id" : "s19-t17",
      "begin" : 1133,
      "end" : 1136,
      "text" : "Lot",
      "whiteSpace" : false
    }, {
      "id" : "s19-t18",
      "begin" : 1137,
      "end" : 1138,
      "text" : "5",
      "whiteSpace" : false
    }, {
      "id" : "s19-t19",
      "begin" : 1139,
      "end" : 1142,
      "text" : "and",
      "whiteSpace" : false
    }, {
      "id" : "s19-t20",
      "begin" : 1143,
      "end" : 1146,
      "text" : "Lot",
      "whiteSpace" : false
    }, {
      "id" : "s19-t21",
      "begin" : 1147,
      "end" : 1148,
      "text" : "6",
      "whiteSpace" : false
    }, {
      "id" : "s19-t22",
      "begin" : 1149,
      "end" : 1151,
      "text" : "as",
      "whiteSpace" : false
    }, {
      "id" : "s19-t23",
      "begin" : 1152,
      "end" : 1157,
      "text" : "shown",
      "whiteSpace" : false
    }, {
      "id" : "s19-t24",
      "begin" : 1158,
      "end" : 1160,
      "text" : "on",
      "whiteSpace" : false
    }, {
      "id" : "s19-t25",
      "begin" : 1161,
      "end" : 1164,
      "text" : "the",
      "whiteSpace" : false
    }, {
      "id" : "s19-t26",
      "begin" : 1165,
      "end" : 1169,
      "text" : "plat",
      "whiteSpace" : false
    }, {
      "id" : "s19-t27",
      "begin" : 1170,
      "end" : 1172,
      "text" : "of",
      "whiteSpace" : false
    }, {
      "id" : "s19-t28",
      "begin" : 1173,
      "end" : 1182,
      "text" : "Cedarview",
      "whiteSpace" : false
    }, {
      "id" : "s19-t29",
      "begin" : 1183,
      "end" : 1190,
      "text" : "Estates",
      "whiteSpace" : false
    }, {
      "id" : "s19-t30",
      "begin" : 1190,
      "end" : 1191,
      "text" : ",",
      "whiteSpace" : false
    }, {
      "id" : "s19-t31",
      "begin" : 1192,
      "end" : 1199,
      "text" : "Section",
      "whiteSpace" : false
    }, {
      "id" : "s19-t32",
      "begin" : 1200,
      "end" : 1201,
      "text" : "A",
      "whiteSpace" : false
    }, {
      "id" : "s19-t33",
      "begin" : 1202,
      "end" : 1204,
      "text" : "of",
      "whiteSpace" : false
    }, {
      "id" : "s19-t34",
      "begin" : 1205,
      "end" : 1211,
      "text" : "record",
      "whiteSpace" : false
    }, {
      "id" : "s19-t35",
      "begin" : 1212,
      "end" : 1214,
      "text" : "in",
      "whiteSpace" : false
    } ]
  } ],
  "mentions" : [ {
    "id" : "s17-m1",
    "properties" : {
      "SIRE_MENTION_ROLE" : "WarrDeedBookNum",
      "SIRE_ENTITY_SUBTYPE" : "NONE",
      "SIRE_MENTION_TYPE" : "NONE",
      "SIRE_MENTION_CLASS" : "SPC"
    },
    "type" : "WarrDeedBookNum",
    "begin" : 1002,
    "end" : 1005,
    "inCoref" : false
  }, {
    "id" : "s17-m2",
    "properties" : {
      "SIRE_MENTION_ROLE" : "WarrDeedPageNum",
      "SIRE_ENTITY_SUBTYPE" : "NONE",
      "SIRE_MENTION_TYPE" : "NONE",
      "SIRE_MENTION_CLASS" : "SPC"
    },
    "type" : "WarrDeedPageNum",
    "begin" : 1012,
    "end" : 1016,
    "inCoref" : false
  } ],
  "relations" : [ ],
  "corefs" : [ ],
  "typeResolved" : true,
  "userResolved" : false
}