{
  "id" : "bafd9ea0-50ef-11e9-864f-311976351dcc-10",
  "name" : "WD201-3.txt",
  "createdDate" : 1553732617610,
  "version" : 3,
  "text" : "For and in consideration of the sum of THIRTY-TWO THOUSAND ($32,000.00) DOLLARS, cash in hand paid, and other good and valuable considerations, the receipt of which is hereby acknowledged, I, FRED MARK FLANDERS, this date have bargained and sold, and by these presents do transfer and convey unto BRANDON W. McGEE and wife, AMANDA J. MCGEE, their heirs and assigns, a certain tract or parcel of land in the Fourth Civil District of Humphreys County, Tennessee, being more particularly described as follows",
  "docLength" : 0,
  "language" : "EN",
  "status" : "SUBMITTED",
  "modifiedDate" : 1553737831826,
  "documentSet" : [ ],
  "preannotation" : [ ],
  "sentences" : [ {
    "id" : "s0",
    "begin" : 0,
    "end" : 505,
    "text" : "For and in consideration of the sum of THIRTY-TWO THOUSAND ($32,000.00) DOLLARS, cash in hand paid, and other good and valuable considerations, the receipt of which is hereby acknowledged, I, FRED MARK FLANDERS, this date have bargained and sold, and by these presents do transfer and convey unto BRANDON W. McGEE and wife, AMANDA J. MCGEE, their heirs and assigns, a certain tract or parcel of land in the Fourth Civil District of Humphreys County, Tennessee, being more particularly described as follows",
    "tokens" : [ {
      "id" : "s0-t0",
      "begin" : 0,
      "end" : 3,
      "text" : "For",
      "whiteSpace" : false
    }, {
      "id" : "s0-t1",
      "begin" : 4,
      "end" : 7,
      "text" : "and",
      "whiteSpace" : false
    }, {
      "id" : "s0-t2",
      "begin" : 8,
      "end" : 10,
      "text" : "in",
      "whiteSpace" : false
    }, {
      "id" : "s0-t3",
      "begin" : 11,
      "end" : 24,
      "text" : "consideration",
      "whiteSpace" : false
    }, {
      "id" : "s0-t4",
      "begin" : 25,
      "end" : 27,
      "text" : "of",
      "whiteSpace" : false
    }, {
      "id" : "s0-t5",
      "begin" : 28,
      "end" : 31,
      "text" : "the",
      "whiteSpace" : false
    }, {
      "id" : "s0-t6",
      "begin" : 32,
      "end" : 35,
      "text" : "sum",
      "whiteSpace" : false
    }, {
      "id" : "s0-t7",
      "begin" : 36,
      "end" : 38,
      "text" : "of",
      "whiteSpace" : false
    }, {
      "id" : "s0-t8",
      "begin" : 39,
      "end" : 49,
      "text" : "THIRTY-TWO",
      "whiteSpace" : false
    }, {
      "id" : "s0-t9",
      "begin" : 50,
      "end" : 58,
      "text" : "THOUSAND",
      "whiteSpace" : false
    }, {
      "id" : "s0-t10",
      "begin" : 59,
      "end" : 60,
      "text" : "(",
      "whiteSpace" : false
    }, {
      "id" : "s0-t11",
      "begin" : 60,
      "end" : 61,
      "text" : "$",
      "whiteSpace" : false
    }, {
      "id" : "s0-t12",
      "begin" : 61,
      "end" : 70,
      "text" : "32,000.00",
      "whiteSpace" : false
    }, {
      "id" : "s0-t13",
      "begin" : 70,
      "end" : 71,
      "text" : ")",
      "whiteSpace" : false
    }, {
      "id" : "s0-t14",
      "begin" : 72,
      "end" : 79,
      "text" : "DOLLARS",
      "whiteSpace" : false
    }, {
      "id" : "s0-t15",
      "begin" : 79,
      "end" : 80,
      "text" : ",",
      "whiteSpace" : false
    }, {
      "id" : "s0-t16",
      "begin" : 81,
      "end" : 85,
      "text" : "cash",
      "whiteSpace" : false
    }, {
      "id" : "s0-t17",
      "begin" : 86,
      "end" : 88,
      "text" : "in",
      "whiteSpace" : false
    }, {
      "id" : "s0-t18",
      "begin" : 89,
      "end" : 93,
      "text" : "hand",
      "whiteSpace" : false
    }, {
      "id" : "s0-t19",
      "begin" : 94,
      "end" : 98,
      "text" : "paid",
      "whiteSpace" : false
    }, {
      "id" : "s0-t20",
      "begin" : 98,
      "end" : 99,
      "text" : ",",
      "whiteSpace" : false
    }, {
      "id" : "s0-t21",
      "begin" : 100,
      "end" : 103,
      "text" : "and",
      "whiteSpace" : false
    }, {
      "id" : "s0-t22",
      "begin" : 104,
      "end" : 109,
      "text" : "other",
      "whiteSpace" : false
    }, {
      "id" : "s0-t23",
      "begin" : 110,
      "end" : 114,
      "text" : "good",
      "whiteSpace" : false
    }, {
      "id" : "s0-t24",
      "begin" : 115,
      "end" : 118,
      "text" : "and",
      "whiteSpace" : false
    }, {
      "id" : "s0-t25",
      "begin" : 119,
      "end" : 127,
      "text" : "valuable",
      "whiteSpace" : false
    }, {
      "id" : "s0-t26",
      "begin" : 128,
      "end" : 142,
      "text" : "considerations",
      "whiteSpace" : false
    }, {
      "id" : "s0-t27",
      "begin" : 142,
      "end" : 143,
      "text" : ",",
      "whiteSpace" : false
    }, {
      "id" : "s0-t28",
      "begin" : 144,
      "end" : 147,
      "text" : "the",
      "whiteSpace" : false
    }, {
      "id" : "s0-t29",
      "begin" : 148,
      "end" : 155,
      "text" : "receipt",
      "whiteSpace" : false
    }, {
      "id" : "s0-t30",
      "begin" : 156,
      "end" : 158,
      "text" : "of",
      "whiteSpace" : false
    }, {
      "id" : "s0-t31",
      "begin" : 159,
      "end" : 164,
      "text" : "which",
      "whiteSpace" : false
    }, {
      "id" : "s0-t32",
      "begin" : 165,
      "end" : 167,
      "text" : "is",
      "whiteSpace" : false
    }, {
      "id" : "s0-t33",
      "begin" : 168,
      "end" : 174,
      "text" : "hereby",
      "whiteSpace" : false
    }, {
      "id" : "s0-t34",
      "begin" : 175,
      "end" : 187,
      "text" : "acknowledged",
      "whiteSpace" : false
    }, {
      "id" : "s0-t35",
      "begin" : 187,
      "end" : 188,
      "text" : ",",
      "whiteSpace" : false
    }, {
      "id" : "s0-t36",
      "begin" : 189,
      "end" : 190,
      "text" : "I",
      "whiteSpace" : false
    }, {
      "id" : "s0-t37",
      "begin" : 190,
      "end" : 191,
      "text" : ",",
      "whiteSpace" : false
    }, {
      "id" : "s0-t38",
      "begin" : 192,
      "end" : 196,
      "text" : "FRED",
      "whiteSpace" : false
    }, {
      "id" : "s0-t39",
      "begin" : 197,
      "end" : 201,
      "text" : "MARK",
      "whiteSpace" : false
    }, {
      "id" : "s0-t40",
      "begin" : 202,
      "end" : 210,
      "text" : "FLANDERS",
      "whiteSpace" : false
    }, {
      "id" : "s0-t41",
      "begin" : 210,
      "end" : 211,
      "text" : ",",
      "whiteSpace" : false
    }, {
      "id" : "s0-t42",
      "begin" : 212,
      "end" : 216,
      "text" : "this",
      "whiteSpace" : false
    }, {
      "id" : "s0-t43",
      "begin" : 217,
      "end" : 221,
      "text" : "date",
      "whiteSpace" : false
    }, {
      "id" : "s0-t44",
      "begin" : 222,
      "end" : 226,
      "text" : "have",
      "whiteSpace" : false
    }, {
      "id" : "s0-t45",
      "begin" : 227,
      "end" : 236,
      "text" : "bargained",
      "whiteSpace" : false
    }, {
      "id" : "s0-t46",
      "begin" : 237,
      "end" : 240,
      "text" : "and",
      "whiteSpace" : false
    }, {
      "id" : "s0-t47",
      "begin" : 241,
      "end" : 245,
      "text" : "sold",
      "whiteSpace" : false
    }, {
      "id" : "s0-t48",
      "begin" : 245,
      "end" : 246,
      "text" : ",",
      "whiteSpace" : false
    }, {
      "id" : "s0-t49",
      "begin" : 247,
      "end" : 250,
      "text" : "and",
      "whiteSpace" : false
    }, {
      "id" : "s0-t50",
      "begin" : 251,
      "end" : 253,
      "text" : "by",
      "whiteSpace" : false
    }, {
      "id" : "s0-t51",
      "begin" : 254,
      "end" : 259,
      "text" : "these",
      "whiteSpace" : false
    }, {
      "id" : "s0-t52",
      "begin" : 260,
      "end" : 268,
      "text" : "presents",
      "whiteSpace" : false
    }, {
      "id" : "s0-t53",
      "begin" : 269,
      "end" : 271,
      "text" : "do",
      "whiteSpace" : false
    }, {
      "id" : "s0-t54",
      "begin" : 272,
      "end" : 280,
      "text" : "transfer",
      "whiteSpace" : false
    }, {
      "id" : "s0-t55",
      "begin" : 281,
      "end" : 284,
      "text" : "and",
      "whiteSpace" : false
    }, {
      "id" : "s0-t56",
      "begin" : 285,
      "end" : 291,
      "text" : "convey",
      "whiteSpace" : false
    }, {
      "id" : "s0-t57",
      "begin" : 292,
      "end" : 296,
      "text" : "unto",
      "whiteSpace" : false
    }, {
      "id" : "s0-t58",
      "begin" : 297,
      "end" : 304,
      "text" : "BRANDON",
      "whiteSpace" : false
    }, {
      "id" : "s0-t59",
      "begin" : 305,
      "end" : 307,
      "text" : "W.",
      "whiteSpace" : false
    }, {
      "id" : "s0-t60",
      "begin" : 308,
      "end" : 313,
      "text" : "McGEE",
      "whiteSpace" : false
    }, {
      "id" : "s0-t61",
      "begin" : 314,
      "end" : 317,
      "text" : "and",
      "whiteSpace" : false
    }, {
      "id" : "s0-t62",
      "begin" : 318,
      "end" : 322,
      "text" : "wife",
      "whiteSpace" : false
    }, {
      "id" : "s0-t63",
      "begin" : 322,
      "end" : 323,
      "text" : ",",
      "whiteSpace" : false
    }, {
      "id" : "s0-t64",
      "begin" : 324,
      "end" : 330,
      "text" : "AMANDA",
      "whiteSpace" : false
    }, {
      "id" : "s0-t65",
      "begin" : 331,
      "end" : 333,
      "text" : "J.",
      "whiteSpace" : false
    }, {
      "id" : "s0-t66",
      "begin" : 334,
      "end" : 339,
      "text" : "MCGEE",
      "whiteSpace" : false
    }, {
      "id" : "s0-t67",
      "begin" : 339,
      "end" : 340,
      "text" : ",",
      "whiteSpace" : false
    }, {
      "id" : "s0-t68",
      "begin" : 341,
      "end" : 346,
      "text" : "their",
      "whiteSpace" : false
    }, {
      "id" : "s0-t69",
      "begin" : 347,
      "end" : 352,
      "text" : "heirs",
      "whiteSpace" : false
    }, {
      "id" : "s0-t70",
      "begin" : 353,
      "end" : 356,
      "text" : "and",
      "whiteSpace" : false
    }, {
      "id" : "s0-t71",
      "begin" : 357,
      "end" : 364,
      "text" : "assigns",
      "whiteSpace" : false
    }, {
      "id" : "s0-t72",
      "begin" : 364,
      "end" : 365,
      "text" : ",",
      "whiteSpace" : false
    }, {
      "id" : "s0-t73",
      "begin" : 366,
      "end" : 367,
      "text" : "a",
      "whiteSpace" : false
    }, {
      "id" : "s0-t74",
      "begin" : 368,
      "end" : 375,
      "text" : "certain",
      "whiteSpace" : false
    }, {
      "id" : "s0-t75",
      "begin" : 376,
      "end" : 381,
      "text" : "tract",
      "whiteSpace" : false
    }, {
      "id" : "s0-t76",
      "begin" : 382,
      "end" : 384,
      "text" : "or",
      "whiteSpace" : false
    }, {
      "id" : "s0-t77",
      "begin" : 385,
      "end" : 391,
      "text" : "parcel",
      "whiteSpace" : false
    }, {
      "id" : "s0-t78",
      "begin" : 392,
      "end" : 394,
      "text" : "of",
      "whiteSpace" : false
    }, {
      "id" : "s0-t79",
      "begin" : 395,
      "end" : 399,
      "text" : "land",
      "whiteSpace" : false
    }, {
      "id" : "s0-t80",
      "begin" : 400,
      "end" : 402,
      "text" : "in",
      "whiteSpace" : false
    }, {
      "id" : "s0-t81",
      "begin" : 403,
      "end" : 406,
      "text" : "the",
      "whiteSpace" : false
    }, {
      "id" : "s0-t82",
      "begin" : 407,
      "end" : 413,
      "text" : "Fourth",
      "whiteSpace" : false
    }, {
      "id" : "s0-t83",
      "begin" : 414,
      "end" : 419,
      "text" : "Civil",
      "whiteSpace" : false
    }, {
      "id" : "s0-t84",
      "begin" : 420,
      "end" : 428,
      "text" : "District",
      "whiteSpace" : false
    }, {
      "id" : "s0-t85",
      "begin" : 429,
      "end" : 431,
      "text" : "of",
      "whiteSpace" : false
    }, {
      "id" : "s0-t86",
      "begin" : 432,
      "end" : 441,
      "text" : "Humphreys",
      "whiteSpace" : false
    }, {
      "id" : "s0-t87",
      "begin" : 442,
      "end" : 448,
      "text" : "County",
      "whiteSpace" : false
    }, {
      "id" : "s0-t88",
      "begin" : 448,
      "end" : 449,
      "text" : ",",
      "whiteSpace" : false
    }, {
      "id" : "s0-t89",
      "begin" : 450,
      "end" : 459,
      "text" : "Tennessee",
      "whiteSpace" : false
    }, {
      "id" : "s0-t90",
      "begin" : 459,
      "end" : 460,
      "text" : ",",
      "whiteSpace" : false
    }, {
      "id" : "s0-t91",
      "begin" : 461,
      "end" : 466,
      "text" : "being",
      "whiteSpace" : false
    }, {
      "id" : "s0-t92",
      "begin" : 467,
      "end" : 471,
      "text" : "more",
      "whiteSpace" : false
    }, {
      "id" : "s0-t93",
      "begin" : 472,
      "end" : 484,
      "text" : "particularly",
      "whiteSpace" : false
    }, {
      "id" : "s0-t94",
      "begin" : 485,
      "end" : 494,
      "text" : "described",
      "whiteSpace" : false
    }, {
      "id" : "s0-t95",
      "begin" : 495,
      "end" : 497,
      "text" : "as",
      "whiteSpace" : false
    }, {
      "id" : "s0-t96",
      "begin" : 498,
      "end" : 505,
      "text" : "follows",
      "whiteSpace" : false
    } ]
  } ],
  "mentions" : [ {
    "id" : "s0-m1",
    "properties" : {
      "SIRE_MENTION_ROLE" : "Grantor",
      "SIRE_ENTITY_SUBTYPE" : "NONE",
      "SIRE_MENTION_TYPE" : "NONE",
      "SIRE_MENTION_CLASS" : "SPC"
    },
    "type" : "Grantor",
    "begin" : 192,
    "end" : 210,
    "inCoref" : false
  }, {
    "id" : "s0-m2",
    "properties" : {
      "SIRE_MENTION_ROLE" : "Grantee",
      "SIRE_ENTITY_SUBTYPE" : "NONE",
      "SIRE_MENTION_TYPE" : "NONE",
      "SIRE_MENTION_CLASS" : "SPC"
    },
    "type" : "Grantee",
    "begin" : 297,
    "end" : 313,
    "inCoref" : false
  }, {
    "id" : "s0-m3",
    "properties" : {
      "SIRE_MENTION_ROLE" : "Grantee",
      "SIRE_ENTITY_SUBTYPE" : "NONE",
      "SIRE_MENTION_TYPE" : "NONE",
      "SIRE_MENTION_CLASS" : "SPC"
    },
    "type" : "Grantee",
    "begin" : 324,
    "end" : 339,
    "inCoref" : false
  } ],
  "relations" : [ ],
  "corefs" : [ ],
  "typeResolved" : true,
  "userResolved" : false
}