{
  "id" : "bafd9ea0-50ef-11e9-864f-311976351dcc-14",
  "name" : "WD201-15.txt",
  "createdDate" : 1553732617610,
  "version" : 3,
  "text" : "For and consideration of the sum of Ten Dollars, cash in hand paid by the hereinafter named Grantees, and other good and valuable considerations, the receipt of which is hereby acknowledged, 1, Clint A. King, widower hereinafter called the Grantors, have bargained and sold, and by these presents do transfer and convey unto Joseph L. Oliphant hereinafter called the Grantees, their heirs and assigns, a certain tract or parcel of land in Humphreys County, State of Tennessee, described as follows",
  "docLength" : 0,
  "language" : "EN",
  "status" : "SUBMITTED",
  "modifiedDate" : 1553737841018,
  "documentSet" : [ ],
  "preannotation" : [ ],
  "sentences" : [ {
    "id" : "s0",
    "begin" : 0,
    "end" : 497,
    "text" : "For and consideration of the sum of Ten Dollars, cash in hand paid by the hereinafter named Grantees, and other good and valuable considerations, the receipt of which is hereby acknowledged, 1, Clint A. King, widower hereinafter called the Grantors, have bargained and sold, and by these presents do transfer and convey unto Joseph L. Oliphant hereinafter called the Grantees, their heirs and assigns, a certain tract or parcel of land in Humphreys County, State of Tennessee, described as follows",
    "tokens" : [ {
      "id" : "s0-t0",
      "begin" : 0,
      "end" : 3,
      "text" : "For",
      "whiteSpace" : false
    }, {
      "id" : "s0-t1",
      "begin" : 4,
      "end" : 7,
      "text" : "and",
      "whiteSpace" : false
    }, {
      "id" : "s0-t2",
      "begin" : 8,
      "end" : 21,
      "text" : "consideration",
      "whiteSpace" : false
    }, {
      "id" : "s0-t3",
      "begin" : 22,
      "end" : 24,
      "text" : "of",
      "whiteSpace" : false
    }, {
      "id" : "s0-t4",
      "begin" : 25,
      "end" : 28,
      "text" : "the",
      "whiteSpace" : false
    }, {
      "id" : "s0-t5",
      "begin" : 29,
      "end" : 32,
      "text" : "sum",
      "whiteSpace" : false
    }, {
      "id" : "s0-t6",
      "begin" : 33,
      "end" : 35,
      "text" : "of",
      "whiteSpace" : false
    }, {
      "id" : "s0-t7",
      "begin" : 36,
      "end" : 39,
      "text" : "Ten",
      "whiteSpace" : false
    }, {
      "id" : "s0-t8",
      "begin" : 40,
      "end" : 47,
      "text" : "Dollars",
      "whiteSpace" : false
    }, {
      "id" : "s0-t9",
      "begin" : 47,
      "end" : 48,
      "text" : ",",
      "whiteSpace" : false
    }, {
      "id" : "s0-t10",
      "begin" : 49,
      "end" : 53,
      "text" : "cash",
      "whiteSpace" : false
    }, {
      "id" : "s0-t11",
      "begin" : 54,
      "end" : 56,
      "text" : "in",
      "whiteSpace" : false
    }, {
      "id" : "s0-t12",
      "begin" : 57,
      "end" : 61,
      "text" : "hand",
      "whiteSpace" : false
    }, {
      "id" : "s0-t13",
      "begin" : 62,
      "end" : 66,
      "text" : "paid",
      "whiteSpace" : false
    }, {
      "id" : "s0-t14",
      "begin" : 67,
      "end" : 69,
      "text" : "by",
      "whiteSpace" : false
    }, {
      "id" : "s0-t15",
      "begin" : 70,
      "end" : 73,
      "text" : "the",
      "whiteSpace" : false
    }, {
      "id" : "s0-t16",
      "begin" : 74,
      "end" : 85,
      "text" : "hereinafter",
      "whiteSpace" : false
    }, {
      "id" : "s0-t17",
      "begin" : 86,
      "end" : 91,
      "text" : "named",
      "whiteSpace" : false
    }, {
      "id" : "s0-t18",
      "begin" : 92,
      "end" : 100,
      "text" : "Grantees",
      "whiteSpace" : false
    }, {
      "id" : "s0-t19",
      "begin" : 100,
      "end" : 101,
      "text" : ",",
      "whiteSpace" : false
    }, {
      "id" : "s0-t20",
      "begin" : 102,
      "end" : 105,
      "text" : "and",
      "whiteSpace" : false
    }, {
      "id" : "s0-t21",
      "begin" : 106,
      "end" : 111,
      "text" : "other",
      "whiteSpace" : false
    }, {
      "id" : "s0-t22",
      "begin" : 112,
      "end" : 116,
      "text" : "good",
      "whiteSpace" : false
    }, {
      "id" : "s0-t23",
      "begin" : 117,
      "end" : 120,
      "text" : "and",
      "whiteSpace" : false
    }, {
      "id" : "s0-t24",
      "begin" : 121,
      "end" : 129,
      "text" : "valuable",
      "whiteSpace" : false
    }, {
      "id" : "s0-t25",
      "begin" : 130,
      "end" : 144,
      "text" : "considerations",
      "whiteSpace" : false
    }, {
      "id" : "s0-t26",
      "begin" : 144,
      "end" : 145,
      "text" : ",",
      "whiteSpace" : false
    }, {
      "id" : "s0-t27",
      "begin" : 146,
      "end" : 149,
      "text" : "the",
      "whiteSpace" : false
    }, {
      "id" : "s0-t28",
      "begin" : 150,
      "end" : 157,
      "text" : "receipt",
      "whiteSpace" : false
    }, {
      "id" : "s0-t29",
      "begin" : 158,
      "end" : 160,
      "text" : "of",
      "whiteSpace" : false
    }, {
      "id" : "s0-t30",
      "begin" : 161,
      "end" : 166,
      "text" : "which",
      "whiteSpace" : false
    }, {
      "id" : "s0-t31",
      "begin" : 167,
      "end" : 169,
      "text" : "is",
      "whiteSpace" : false
    }, {
      "id" : "s0-t32",
      "begin" : 170,
      "end" : 176,
      "text" : "hereby",
      "whiteSpace" : false
    }, {
      "id" : "s0-t33",
      "begin" : 177,
      "end" : 189,
      "text" : "acknowledged",
      "whiteSpace" : false
    }, {
      "id" : "s0-t34",
      "begin" : 189,
      "end" : 190,
      "text" : ",",
      "whiteSpace" : false
    }, {
      "id" : "s0-t35",
      "begin" : 191,
      "end" : 192,
      "text" : "1",
      "whiteSpace" : false
    }, {
      "id" : "s0-t36",
      "begin" : 192,
      "end" : 193,
      "text" : ",",
      "whiteSpace" : false
    }, {
      "id" : "s0-t37",
      "begin" : 194,
      "end" : 199,
      "text" : "Clint",
      "whiteSpace" : false
    }, {
      "id" : "s0-t38",
      "begin" : 200,
      "end" : 202,
      "text" : "A.",
      "whiteSpace" : false
    }, {
      "id" : "s0-t39",
      "begin" : 203,
      "end" : 207,
      "text" : "King",
      "whiteSpace" : false
    }, {
      "id" : "s0-t40",
      "begin" : 207,
      "end" : 208,
      "text" : ",",
      "whiteSpace" : false
    }, {
      "id" : "s0-t41",
      "begin" : 209,
      "end" : 216,
      "text" : "widower",
      "whiteSpace" : false
    }, {
      "id" : "s0-t42",
      "begin" : 217,
      "end" : 228,
      "text" : "hereinafter",
      "whiteSpace" : false
    }, {
      "id" : "s0-t43",
      "begin" : 229,
      "end" : 235,
      "text" : "called",
      "whiteSpace" : false
    }, {
      "id" : "s0-t44",
      "begin" : 236,
      "end" : 239,
      "text" : "the",
      "whiteSpace" : false
    }, {
      "id" : "s0-t45",
      "begin" : 240,
      "end" : 248,
      "text" : "Grantors",
      "whiteSpace" : false
    }, {
      "id" : "s0-t46",
      "begin" : 248,
      "end" : 249,
      "text" : ",",
      "whiteSpace" : false
    }, {
      "id" : "s0-t47",
      "begin" : 250,
      "end" : 254,
      "text" : "have",
      "whiteSpace" : false
    }, {
      "id" : "s0-t48",
      "begin" : 255,
      "end" : 264,
      "text" : "bargained",
      "whiteSpace" : false
    }, {
      "id" : "s0-t49",
      "begin" : 265,
      "end" : 268,
      "text" : "and",
      "whiteSpace" : false
    }, {
      "id" : "s0-t50",
      "begin" : 269,
      "end" : 273,
      "text" : "sold",
      "whiteSpace" : false
    }, {
      "id" : "s0-t51",
      "begin" : 273,
      "end" : 274,
      "text" : ",",
      "whiteSpace" : false
    }, {
      "id" : "s0-t52",
      "begin" : 275,
      "end" : 278,
      "text" : "and",
      "whiteSpace" : false
    }, {
      "id" : "s0-t53",
      "begin" : 279,
      "end" : 281,
      "text" : "by",
      "whiteSpace" : false
    }, {
      "id" : "s0-t54",
      "begin" : 282,
      "end" : 287,
      "text" : "these",
      "whiteSpace" : false
    }, {
      "id" : "s0-t55",
      "begin" : 288,
      "end" : 296,
      "text" : "presents",
      "whiteSpace" : false
    }, {
      "id" : "s0-t56",
      "begin" : 297,
      "end" : 299,
      "text" : "do",
      "whiteSpace" : false
    }, {
      "id" : "s0-t57",
      "begin" : 300,
      "end" : 308,
      "text" : "transfer",
      "whiteSpace" : false
    }, {
      "id" : "s0-t58",
      "begin" : 309,
      "end" : 312,
      "text" : "and",
      "whiteSpace" : false
    }, {
      "id" : "s0-t59",
      "begin" : 313,
      "end" : 319,
      "text" : "convey",
      "whiteSpace" : false
    }, {
      "id" : "s0-t60",
      "begin" : 320,
      "end" : 324,
      "text" : "unto",
      "whiteSpace" : false
    }, {
      "id" : "s0-t61",
      "begin" : 325,
      "end" : 331,
      "text" : "Joseph",
      "whiteSpace" : false
    }, {
      "id" : "s0-t62",
      "begin" : 332,
      "end" : 334,
      "text" : "L.",
      "whiteSpace" : false
    }, {
      "id" : "s0-t63",
      "begin" : 335,
      "end" : 343,
      "text" : "Oliphant",
      "whiteSpace" : false
    }, {
      "id" : "s0-t64",
      "begin" : 344,
      "end" : 355,
      "text" : "hereinafter",
      "whiteSpace" : false
    }, {
      "id" : "s0-t65",
      "begin" : 356,
      "end" : 362,
      "text" : "called",
      "whiteSpace" : false
    }, {
      "id" : "s0-t66",
      "begin" : 363,
      "end" : 366,
      "text" : "the",
      "whiteSpace" : false
    }, {
      "id" : "s0-t67",
      "begin" : 367,
      "end" : 375,
      "text" : "Grantees",
      "whiteSpace" : false
    }, {
      "id" : "s0-t68",
      "begin" : 375,
      "end" : 376,
      "text" : ",",
      "whiteSpace" : false
    }, {
      "id" : "s0-t69",
      "begin" : 377,
      "end" : 382,
      "text" : "their",
      "whiteSpace" : false
    }, {
      "id" : "s0-t70",
      "begin" : 383,
      "end" : 388,
      "text" : "heirs",
      "whiteSpace" : false
    }, {
      "id" : "s0-t71",
      "begin" : 389,
      "end" : 392,
      "text" : "and",
      "whiteSpace" : false
    }, {
      "id" : "s0-t72",
      "begin" : 393,
      "end" : 400,
      "text" : "assigns",
      "whiteSpace" : false
    }, {
      "id" : "s0-t73",
      "begin" : 400,
      "end" : 401,
      "text" : ",",
      "whiteSpace" : false
    }, {
      "id" : "s0-t74",
      "begin" : 402,
      "end" : 403,
      "text" : "a",
      "whiteSpace" : false
    }, {
      "id" : "s0-t75",
      "begin" : 404,
      "end" : 411,
      "text" : "certain",
      "whiteSpace" : false
    }, {
      "id" : "s0-t76",
      "begin" : 412,
      "end" : 417,
      "text" : "tract",
      "whiteSpace" : false
    }, {
      "id" : "s0-t77",
      "begin" : 418,
      "end" : 420,
      "text" : "or",
      "whiteSpace" : false
    }, {
      "id" : "s0-t78",
      "begin" : 421,
      "end" : 427,
      "text" : "parcel",
      "whiteSpace" : false
    }, {
      "id" : "s0-t79",
      "begin" : 428,
      "end" : 430,
      "text" : "of",
      "whiteSpace" : false
    }, {
      "id" : "s0-t80",
      "begin" : 431,
      "end" : 435,
      "text" : "land",
      "whiteSpace" : false
    }, {
      "id" : "s0-t81",
      "begin" : 436,
      "end" : 438,
      "text" : "in",
      "whiteSpace" : false
    }, {
      "id" : "s0-t82",
      "begin" : 439,
      "end" : 448,
      "text" : "Humphreys",
      "whiteSpace" : false
    }, {
      "id" : "s0-t83",
      "begin" : 449,
      "end" : 455,
      "text" : "County",
      "whiteSpace" : false
    }, {
      "id" : "s0-t84",
      "begin" : 455,
      "end" : 456,
      "text" : ",",
      "whiteSpace" : false
    }, {
      "id" : "s0-t85",
      "begin" : 457,
      "end" : 462,
      "text" : "State",
      "whiteSpace" : false
    }, {
      "id" : "s0-t86",
      "begin" : 463,
      "end" : 465,
      "text" : "of",
      "whiteSpace" : false
    }, {
      "id" : "s0-t87",
      "begin" : 466,
      "end" : 475,
      "text" : "Tennessee",
      "whiteSpace" : false
    }, {
      "id" : "s0-t88",
      "begin" : 475,
      "end" : 476,
      "text" : ",",
      "whiteSpace" : false
    }, {
      "id" : "s0-t89",
      "begin" : 477,
      "end" : 486,
      "text" : "described",
      "whiteSpace" : false
    }, {
      "id" : "s0-t90",
      "begin" : 487,
      "end" : 489,
      "text" : "as",
      "whiteSpace" : false
    }, {
      "id" : "s0-t91",
      "begin" : 490,
      "end" : 497,
      "text" : "follows",
      "whiteSpace" : false
    } ]
  } ],
  "mentions" : [ {
    "id" : "s0-m1",
    "properties" : {
      "SIRE_MENTION_ROLE" : "Grantor",
      "SIRE_ENTITY_SUBTYPE" : "NONE",
      "SIRE_MENTION_TYPE" : "NONE",
      "SIRE_MENTION_CLASS" : "SPC"
    },
    "type" : "Grantor",
    "begin" : 194,
    "end" : 207,
    "inCoref" : false
  }, {
    "id" : "s0-m2",
    "properties" : {
      "SIRE_MENTION_ROLE" : "Grantee",
      "SIRE_ENTITY_SUBTYPE" : "NONE",
      "SIRE_MENTION_TYPE" : "NONE",
      "SIRE_MENTION_CLASS" : "SPC"
    },
    "type" : "Grantee",
    "begin" : 325,
    "end" : 343,
    "inCoref" : false
  } ],
  "relations" : [ ],
  "corefs" : [ ],
  "typeResolved" : true,
  "userResolved" : false
}