{
  "id" : "bafd9ea0-50ef-11e9-864f-311976351dcc-4",
  "name" : "WD196-16.txt",
  "createdDate" : 1553732617610,
  "version" : 3,
  "text" : "FOR AND IN CONSIDERATION of the sum of FORTY FIVE THOUSAND AND 00/100 ($45,000.00) DOLLARS, cash in hand paid by JOSHUA L. SMITH and wife, CASEY J. SMITH, receipt of which is hereby acknowledged, we, PHILLIP JAMES COLLINS and CHARLES PAUL COLLINS, as the sole heirs at law of CHARLES COLLINS, have bargained and sold, and by these presents transfer and convey unto the said JOSHUA L. SMITH and wife, CASEY J. SMITH, their heirs and assigns, a certain tract or parcel of land as follows",
  "docLength" : 0,
  "language" : "EN",
  "status" : "SUBMITTED",
  "modifiedDate" : 1553737915813,
  "documentSet" : [ ],
  "preannotation" : [ ],
  "sentences" : [ {
    "id" : "s0",
    "begin" : 0,
    "end" : 485,
    "text" : "FOR AND IN CONSIDERATION of the sum of FORTY FIVE THOUSAND AND 00/100 ($45,000.00) DOLLARS, cash in hand paid by JOSHUA L. SMITH and wife, CASEY J. SMITH, receipt of which is hereby acknowledged, we, PHILLIP JAMES COLLINS and CHARLES PAUL COLLINS, as the sole heirs at law of CHARLES COLLINS, have bargained and sold, and by these presents transfer and convey unto the said JOSHUA L. SMITH and wife, CASEY J. SMITH, their heirs and assigns, a certain tract or parcel of land as follows",
    "tokens" : [ {
      "id" : "s0-t0",
      "begin" : 0,
      "end" : 3,
      "text" : "FOR",
      "whiteSpace" : false
    }, {
      "id" : "s0-t1",
      "begin" : 4,
      "end" : 7,
      "text" : "AND",
      "whiteSpace" : false
    }, {
      "id" : "s0-t2",
      "begin" : 8,
      "end" : 10,
      "text" : "IN",
      "whiteSpace" : false
    }, {
      "id" : "s0-t3",
      "begin" : 11,
      "end" : 24,
      "text" : "CONSIDERATION",
      "whiteSpace" : false
    }, {
      "id" : "s0-t4",
      "begin" : 25,
      "end" : 27,
      "text" : "of",
      "whiteSpace" : false
    }, {
      "id" : "s0-t5",
      "begin" : 28,
      "end" : 31,
      "text" : "the",
      "whiteSpace" : false
    }, {
      "id" : "s0-t6",
      "begin" : 32,
      "end" : 35,
      "text" : "sum",
      "whiteSpace" : false
    }, {
      "id" : "s0-t7",
      "begin" : 36,
      "end" : 38,
      "text" : "of",
      "whiteSpace" : false
    }, {
      "id" : "s0-t8",
      "begin" : 39,
      "end" : 44,
      "text" : "FORTY",
      "whiteSpace" : false
    }, {
      "id" : "s0-t9",
      "begin" : 45,
      "end" : 49,
      "text" : "FIVE",
      "whiteSpace" : false
    }, {
      "id" : "s0-t10",
      "begin" : 50,
      "end" : 58,
      "text" : "THOUSAND",
      "whiteSpace" : false
    }, {
      "id" : "s0-t11",
      "begin" : 59,
      "end" : 62,
      "text" : "AND",
      "whiteSpace" : false
    }, {
      "id" : "s0-t12",
      "begin" : 63,
      "end" : 69,
      "text" : "00/100",
      "whiteSpace" : false
    }, {
      "id" : "s0-t13",
      "begin" : 70,
      "end" : 71,
      "text" : "(",
      "whiteSpace" : false
    }, {
      "id" : "s0-t14",
      "begin" : 71,
      "end" : 72,
      "text" : "$",
      "whiteSpace" : false
    }, {
      "id" : "s0-t15",
      "begin" : 72,
      "end" : 81,
      "text" : "45,000.00",
      "whiteSpace" : false
    }, {
      "id" : "s0-t16",
      "begin" : 81,
      "end" : 82,
      "text" : ")",
      "whiteSpace" : false
    }, {
      "id" : "s0-t17",
      "begin" : 83,
      "end" : 90,
      "text" : "DOLLARS",
      "whiteSpace" : false
    }, {
      "id" : "s0-t18",
      "begin" : 90,
      "end" : 91,
      "text" : ",",
      "whiteSpace" : false
    }, {
      "id" : "s0-t19",
      "begin" : 92,
      "end" : 96,
      "text" : "cash",
      "whiteSpace" : false
    }, {
      "id" : "s0-t20",
      "begin" : 97,
      "end" : 99,
      "text" : "in",
      "whiteSpace" : false
    }, {
      "id" : "s0-t21",
      "begin" : 100,
      "end" : 104,
      "text" : "hand",
      "whiteSpace" : false
    }, {
      "id" : "s0-t22",
      "begin" : 105,
      "end" : 109,
      "text" : "paid",
      "whiteSpace" : false
    }, {
      "id" : "s0-t23",
      "begin" : 110,
      "end" : 112,
      "text" : "by",
      "whiteSpace" : false
    }, {
      "id" : "s0-t24",
      "begin" : 113,
      "end" : 119,
      "text" : "JOSHUA",
      "whiteSpace" : false
    }, {
      "id" : "s0-t25",
      "begin" : 120,
      "end" : 122,
      "text" : "L.",
      "whiteSpace" : false
    }, {
      "id" : "s0-t26",
      "begin" : 123,
      "end" : 128,
      "text" : "SMITH",
      "whiteSpace" : false
    }, {
      "id" : "s0-t27",
      "begin" : 129,
      "end" : 132,
      "text" : "and",
      "whiteSpace" : false
    }, {
      "id" : "s0-t28",
      "begin" : 133,
      "end" : 137,
      "text" : "wife",
      "whiteSpace" : false
    }, {
      "id" : "s0-t29",
      "begin" : 137,
      "end" : 138,
      "text" : ",",
      "whiteSpace" : false
    }, {
      "id" : "s0-t30",
      "begin" : 139,
      "end" : 144,
      "text" : "CASEY",
      "whiteSpace" : false
    }, {
      "id" : "s0-t31",
      "begin" : 145,
      "end" : 147,
      "text" : "J.",
      "whiteSpace" : false
    }, {
      "id" : "s0-t32",
      "begin" : 148,
      "end" : 153,
      "text" : "SMITH",
      "whiteSpace" : false
    }, {
      "id" : "s0-t33",
      "begin" : 153,
      "end" : 154,
      "text" : ",",
      "whiteSpace" : false
    }, {
      "id" : "s0-t34",
      "begin" : 155,
      "end" : 162,
      "text" : "receipt",
      "whiteSpace" : false
    }, {
      "id" : "s0-t35",
      "begin" : 163,
      "end" : 165,
      "text" : "of",
      "whiteSpace" : false
    }, {
      "id" : "s0-t36",
      "begin" : 166,
      "end" : 171,
      "text" : "which",
      "whiteSpace" : false
    }, {
      "id" : "s0-t37",
      "begin" : 172,
      "end" : 174,
      "text" : "is",
      "whiteSpace" : false
    }, {
      "id" : "s0-t38",
      "begin" : 175,
      "end" : 181,
      "text" : "hereby",
      "whiteSpace" : false
    }, {
      "id" : "s0-t39",
      "begin" : 182,
      "end" : 194,
      "text" : "acknowledged",
      "whiteSpace" : false
    }, {
      "id" : "s0-t40",
      "begin" : 194,
      "end" : 195,
      "text" : ",",
      "whiteSpace" : false
    }, {
      "id" : "s0-t41",
      "begin" : 196,
      "end" : 198,
      "text" : "we",
      "whiteSpace" : false
    }, {
      "id" : "s0-t42",
      "begin" : 198,
      "end" : 199,
      "text" : ",",
      "whiteSpace" : false
    }, {
      "id" : "s0-t43",
      "begin" : 200,
      "end" : 207,
      "text" : "PHILLIP",
      "whiteSpace" : false
    }, {
      "id" : "s0-t44",
      "begin" : 208,
      "end" : 213,
      "text" : "JAMES",
      "whiteSpace" : false
    }, {
      "id" : "s0-t45",
      "begin" : 214,
      "end" : 221,
      "text" : "COLLINS",
      "whiteSpace" : false
    }, {
      "id" : "s0-t46",
      "begin" : 222,
      "end" : 225,
      "text" : "and",
      "whiteSpace" : false
    }, {
      "id" : "s0-t47",
      "begin" : 226,
      "end" : 233,
      "text" : "CHARLES",
      "whiteSpace" : false
    }, {
      "id" : "s0-t48",
      "begin" : 234,
      "end" : 238,
      "text" : "PAUL",
      "whiteSpace" : false
    }, {
      "id" : "s0-t49",
      "begin" : 239,
      "end" : 246,
      "text" : "COLLINS",
      "whiteSpace" : false
    }, {
      "id" : "s0-t50",
      "begin" : 246,
      "end" : 247,
      "text" : ",",
      "whiteSpace" : false
    }, {
      "id" : "s0-t51",
      "begin" : 248,
      "end" : 250,
      "text" : "as",
      "whiteSpace" : false
    }, {
      "id" : "s0-t52",
      "begin" : 251,
      "end" : 254,
      "text" : "the",
      "whiteSpace" : false
    }, {
      "id" : "s0-t53",
      "begin" : 255,
      "end" : 259,
      "text" : "sole",
      "whiteSpace" : false
    }, {
      "id" : "s0-t54",
      "begin" : 260,
      "end" : 265,
      "text" : "heirs",
      "whiteSpace" : false
    }, {
      "id" : "s0-t55",
      "begin" : 266,
      "end" : 268,
      "text" : "at",
      "whiteSpace" : false
    }, {
      "id" : "s0-t56",
      "begin" : 269,
      "end" : 272,
      "text" : "law",
      "whiteSpace" : false
    }, {
      "id" : "s0-t57",
      "begin" : 273,
      "end" : 275,
      "text" : "of",
      "whiteSpace" : false
    }, {
      "id" : "s0-t58",
      "begin" : 276,
      "end" : 283,
      "text" : "CHARLES",
      "whiteSpace" : false
    }, {
      "id" : "s0-t59",
      "begin" : 284,
      "end" : 291,
      "text" : "COLLINS",
      "whiteSpace" : false
    }, {
      "id" : "s0-t60",
      "begin" : 291,
      "end" : 292,
      "text" : ",",
      "whiteSpace" : false
    }, {
      "id" : "s0-t61",
      "begin" : 293,
      "end" : 297,
      "text" : "have",
      "whiteSpace" : false
    }, {
      "id" : "s0-t62",
      "begin" : 298,
      "end" : 307,
      "text" : "bargained",
      "whiteSpace" : false
    }, {
      "id" : "s0-t63",
      "begin" : 308,
      "end" : 311,
      "text" : "and",
      "whiteSpace" : false
    }, {
      "id" : "s0-t64",
      "begin" : 312,
      "end" : 316,
      "text" : "sold",
      "whiteSpace" : false
    }, {
      "id" : "s0-t65",
      "begin" : 316,
      "end" : 317,
      "text" : ",",
      "whiteSpace" : false
    }, {
      "id" : "s0-t66",
      "begin" : 318,
      "end" : 321,
      "text" : "and",
      "whiteSpace" : false
    }, {
      "id" : "s0-t67",
      "begin" : 322,
      "end" : 324,
      "text" : "by",
      "whiteSpace" : false
    }, {
      "id" : "s0-t68",
      "begin" : 325,
      "end" : 330,
      "text" : "these",
      "whiteSpace" : false
    }, {
      "id" : "s0-t69",
      "begin" : 331,
      "end" : 339,
      "text" : "presents",
      "whiteSpace" : false
    }, {
      "id" : "s0-t70",
      "begin" : 340,
      "end" : 348,
      "text" : "transfer",
      "whiteSpace" : false
    }, {
      "id" : "s0-t71",
      "begin" : 349,
      "end" : 352,
      "text" : "and",
      "whiteSpace" : false
    }, {
      "id" : "s0-t72",
      "begin" : 353,
      "end" : 359,
      "text" : "convey",
      "whiteSpace" : false
    }, {
      "id" : "s0-t73",
      "begin" : 360,
      "end" : 364,
      "text" : "unto",
      "whiteSpace" : false
    }, {
      "id" : "s0-t74",
      "begin" : 365,
      "end" : 368,
      "text" : "the",
      "whiteSpace" : false
    }, {
      "id" : "s0-t75",
      "begin" : 369,
      "end" : 373,
      "text" : "said",
      "whiteSpace" : false
    }, {
      "id" : "s0-t76",
      "begin" : 374,
      "end" : 380,
      "text" : "JOSHUA",
      "whiteSpace" : false
    }, {
      "id" : "s0-t77",
      "begin" : 381,
      "end" : 383,
      "text" : "L.",
      "whiteSpace" : false
    }, {
      "id" : "s0-t78",
      "begin" : 384,
      "end" : 389,
      "text" : "SMITH",
      "whiteSpace" : false
    }, {
      "id" : "s0-t79",
      "begin" : 390,
      "end" : 393,
      "text" : "and",
      "whiteSpace" : false
    }, {
      "id" : "s0-t80",
      "begin" : 394,
      "end" : 398,
      "text" : "wife",
      "whiteSpace" : false
    }, {
      "id" : "s0-t81",
      "begin" : 398,
      "end" : 399,
      "text" : ",",
      "whiteSpace" : false
    }, {
      "id" : "s0-t82",
      "begin" : 400,
      "end" : 405,
      "text" : "CASEY",
      "whiteSpace" : false
    }, {
      "id" : "s0-t83",
      "begin" : 406,
      "end" : 408,
      "text" : "J.",
      "whiteSpace" : false
    }, {
      "id" : "s0-t84",
      "begin" : 409,
      "end" : 414,
      "text" : "SMITH",
      "whiteSpace" : false
    }, {
      "id" : "s0-t85",
      "begin" : 414,
      "end" : 415,
      "text" : ",",
      "whiteSpace" : false
    }, {
      "id" : "s0-t86",
      "begin" : 416,
      "end" : 421,
      "text" : "their",
      "whiteSpace" : false
    }, {
      "id" : "s0-t87",
      "begin" : 422,
      "end" : 427,
      "text" : "heirs",
      "whiteSpace" : false
    }, {
      "id" : "s0-t88",
      "begin" : 428,
      "end" : 431,
      "text" : "and",
      "whiteSpace" : false
    }, {
      "id" : "s0-t89",
      "begin" : 432,
      "end" : 439,
      "text" : "assigns",
      "whiteSpace" : false
    }, {
      "id" : "s0-t90",
      "begin" : 439,
      "end" : 440,
      "text" : ",",
      "whiteSpace" : false
    }, {
      "id" : "s0-t91",
      "begin" : 441,
      "end" : 442,
      "text" : "a",
      "whiteSpace" : false
    }, {
      "id" : "s0-t92",
      "begin" : 443,
      "end" : 450,
      "text" : "certain",
      "whiteSpace" : false
    }, {
      "id" : "s0-t93",
      "begin" : 451,
      "end" : 456,
      "text" : "tract",
      "whiteSpace" : false
    }, {
      "id" : "s0-t94",
      "begin" : 457,
      "end" : 459,
      "text" : "or",
      "whiteSpace" : false
    }, {
      "id" : "s0-t95",
      "begin" : 460,
      "end" : 466,
      "text" : "parcel",
      "whiteSpace" : false
    }, {
      "id" : "s0-t96",
      "begin" : 467,
      "end" : 469,
      "text" : "of",
      "whiteSpace" : false
    }, {
      "id" : "s0-t97",
      "begin" : 470,
      "end" : 474,
      "text" : "land",
      "whiteSpace" : false
    }, {
      "id" : "s0-t98",
      "begin" : 475,
      "end" : 477,
      "text" : "as",
      "whiteSpace" : false
    }, {
      "id" : "s0-t99",
      "begin" : 478,
      "end" : 485,
      "text" : "follows",
      "whiteSpace" : false
    } ]
  } ],
  "mentions" : [ {
    "id" : "s0-m5",
    "properties" : {
      "SIRE_MENTION_ROLE" : "Grantee",
      "SIRE_ENTITY_SUBTYPE" : "NONE",
      "SIRE_MENTION_TYPE" : "NONE",
      "SIRE_MENTION_CLASS" : "SPC"
    },
    "type" : "Grantee",
    "begin" : 113,
    "end" : 128,
    "inCoref" : false
  }, {
    "id" : "s0-m4",
    "properties" : {
      "SIRE_MENTION_ROLE" : "Grantee",
      "SIRE_ENTITY_SUBTYPE" : "NONE",
      "SIRE_MENTION_TYPE" : "NONE",
      "SIRE_MENTION_CLASS" : "SPC"
    },
    "type" : "Grantee",
    "begin" : 139,
    "end" : 153,
    "inCoref" : false
  }, {
    "id" : "s0-m1",
    "properties" : {
      "SIRE_MENTION_ROLE" : "Grantor",
      "SIRE_ENTITY_SUBTYPE" : "NONE",
      "SIRE_MENTION_TYPE" : "NONE",
      "SIRE_MENTION_CLASS" : "SPC"
    },
    "type" : "Grantor",
    "begin" : 200,
    "end" : 221,
    "inCoref" : false
  }, {
    "id" : "s0-m2",
    "properties" : {
      "SIRE_MENTION_ROLE" : "Grantor",
      "SIRE_ENTITY_SUBTYPE" : "NONE",
      "SIRE_MENTION_TYPE" : "NONE",
      "SIRE_MENTION_CLASS" : "SPC"
    },
    "type" : "Grantor",
    "begin" : 226,
    "end" : 238,
    "inCoref" : false
  }, {
    "id" : "s0-m3",
    "properties" : {
      "SIRE_MENTION_ROLE" : "Grantor",
      "SIRE_ENTITY_SUBTYPE" : "NONE",
      "SIRE_MENTION_TYPE" : "NONE",
      "SIRE_MENTION_CLASS" : "SPC"
    },
    "type" : "Grantor",
    "begin" : 276,
    "end" : 291,
    "inCoref" : false
  }, {
    "id" : "s0-m6",
    "properties" : {
      "SIRE_MENTION_ROLE" : "Grantee",
      "SIRE_ENTITY_SUBTYPE" : "NONE",
      "SIRE_MENTION_TYPE" : "NONE",
      "SIRE_MENTION_CLASS" : "SPC"
    },
    "type" : "Grantee",
    "begin" : 374,
    "end" : 389,
    "inCoref" : false
  }, {
    "id" : "s0-m7",
    "properties" : {
      "SIRE_MENTION_ROLE" : "Grantee",
      "SIRE_ENTITY_SUBTYPE" : "NONE",
      "SIRE_MENTION_TYPE" : "NONE",
      "SIRE_MENTION_CLASS" : "SPC"
    },
    "type" : "Grantee",
    "begin" : 400,
    "end" : 414,
    "inCoref" : false
  } ],
  "relations" : [ ],
  "corefs" : [ ],
  "typeResolved" : true,
  "userResolved" : false
}