{
  "id" : "bafd9ea0-50ef-11e9-864f-311976351dcc-7",
  "name" : "WD197-17.txt",
  "createdDate" : 1553732617610,
  "version" : 3,
  "text" : "FOR AND IN CONSIDERATION OF THE SUM OF THIRTY FIVE THOUSAND AND NO/l 00 ($35,000.00) DOLLARS, cash, in hand paid, the receipt and suf???ciency of which is hereby acknowledged, NOW, THEREFORE, WE, TROY J. HOPKINS and wife, VIRGINIA L. HOPKINS, THIS DAY have bargained and sold and by these presents do transfer and convey unto their heirs and assigns, the following described property, to-wit:",
  "docLength" : 0,
  "language" : "EN",
  "status" : "SUBMITTED",
  "modifiedDate" : 1553737958672,
  "documentSet" : [ ],
  "preannotation" : [ ],
  "sentences" : [ {
    "id" : "s0",
    "begin" : 0,
    "end" : 134,
    "text" : "FOR AND IN CONSIDERATION OF THE SUM OF THIRTY FIVE THOUSAND AND NO/l 00 ($35,000.00) DOLLARS, cash, in hand paid, the receipt and suf?",
    "tokens" : [ {
      "id" : "s0-t0",
      "begin" : 0,
      "end" : 3,
      "text" : "FOR",
      "whiteSpace" : false
    }, {
      "id" : "s0-t1",
      "begin" : 4,
      "end" : 7,
      "text" : "AND",
      "whiteSpace" : false
    }, {
      "id" : "s0-t2",
      "begin" : 8,
      "end" : 10,
      "text" : "IN",
      "whiteSpace" : false
    }, {
      "id" : "s0-t3",
      "begin" : 11,
      "end" : 24,
      "text" : "CONSIDERATION",
      "whiteSpace" : false
    }, {
      "id" : "s0-t4",
      "begin" : 25,
      "end" : 27,
      "text" : "OF",
      "whiteSpace" : false
    }, {
      "id" : "s0-t5",
      "begin" : 28,
      "end" : 31,
      "text" : "THE",
      "whiteSpace" : false
    }, {
      "id" : "s0-t6",
      "begin" : 32,
      "end" : 35,
      "text" : "SUM",
      "whiteSpace" : false
    }, {
      "id" : "s0-t7",
      "begin" : 36,
      "end" : 38,
      "text" : "OF",
      "whiteSpace" : false
    }, {
      "id" : "s0-t8",
      "begin" : 39,
      "end" : 45,
      "text" : "THIRTY",
      "whiteSpace" : false
    }, {
      "id" : "s0-t9",
      "begin" : 46,
      "end" : 50,
      "text" : "FIVE",
      "whiteSpace" : false
    }, {
      "id" : "s0-t10",
      "begin" : 51,
      "end" : 59,
      "text" : "THOUSAND",
      "whiteSpace" : false
    }, {
      "id" : "s0-t11",
      "begin" : 60,
      "end" : 63,
      "text" : "AND",
      "whiteSpace" : false
    }, {
      "id" : "s0-t12",
      "begin" : 64,
      "end" : 68,
      "text" : "NO/l",
      "whiteSpace" : false
    }, {
      "id" : "s0-t13",
      "begin" : 69,
      "end" : 71,
      "text" : "00",
      "whiteSpace" : false
    }, {
      "id" : "s0-t14",
      "begin" : 72,
      "end" : 73,
      "text" : "(",
      "whiteSpace" : false
    }, {
      "id" : "s0-t15",
      "begin" : 73,
      "end" : 74,
      "text" : "$",
      "whiteSpace" : false
    }, {
      "id" : "s0-t16",
      "begin" : 74,
      "end" : 83,
      "text" : "35,000.00",
      "whiteSpace" : false
    }, {
      "id" : "s0-t17",
      "begin" : 83,
      "end" : 84,
      "text" : ")",
      "whiteSpace" : false
    }, {
      "id" : "s0-t18",
      "begin" : 85,
      "end" : 92,
      "text" : "DOLLARS",
      "whiteSpace" : false
    }, {
      "id" : "s0-t19",
      "begin" : 92,
      "end" : 93,
      "text" : ",",
      "whiteSpace" : false
    }, {
      "id" : "s0-t20",
      "begin" : 94,
      "end" : 98,
      "text" : "cash",
      "whiteSpace" : false
    }, {
      "id" : "s0-t21",
      "begin" : 98,
      "end" : 99,
      "text" : ",",
      "whiteSpace" : false
    }, {
      "id" : "s0-t22",
      "begin" : 100,
      "end" : 102,
      "text" : "in",
      "whiteSpace" : false
    }, {
      "id" : "s0-t23",
      "begin" : 103,
      "end" : 107,
      "text" : "hand",
      "whiteSpace" : false
    }, {
      "id" : "s0-t24",
      "begin" : 108,
      "end" : 112,
      "text" : "paid",
      "whiteSpace" : false
    }, {
      "id" : "s0-t25",
      "begin" : 112,
      "end" : 113,
      "text" : ",",
      "whiteSpace" : false
    }, {
      "id" : "s0-t26",
      "begin" : 114,
      "end" : 117,
      "text" : "the",
      "whiteSpace" : false
    }, {
      "id" : "s0-t27",
      "begin" : 118,
      "end" : 125,
      "text" : "receipt",
      "whiteSpace" : false
    }, {
      "id" : "s0-t28",
      "begin" : 126,
      "end" : 129,
      "text" : "and",
      "whiteSpace" : false
    }, {
      "id" : "s0-t29",
      "begin" : 130,
      "end" : 133,
      "text" : "suf",
      "whiteSpace" : false
    }, {
      "id" : "s0-t30",
      "begin" : 133,
      "end" : 134,
      "text" : "?",
      "whiteSpace" : false
    } ]
  }, {
    "id" : "s1",
    "begin" : 134,
    "end" : 392,
    "text" : "??ciency of which is hereby acknowledged, NOW, THEREFORE, WE, TROY J. HOPKINS and wife, VIRGINIA L. HOPKINS, THIS DAY have bargained and sold and by these presents do transfer and convey unto their heirs and assigns, the following described property, to-wit:",
    "tokens" : [ {
      "id" : "s1-t0",
      "begin" : 134,
      "end" : 142,
      "text" : "??ciency",
      "whiteSpace" : false
    }, {
      "id" : "s1-t1",
      "begin" : 143,
      "end" : 145,
      "text" : "of",
      "whiteSpace" : false
    }, {
      "id" : "s1-t2",
      "begin" : 146,
      "end" : 151,
      "text" : "which",
      "whiteSpace" : false
    }, {
      "id" : "s1-t3",
      "begin" : 152,
      "end" : 154,
      "text" : "is",
      "whiteSpace" : false
    }, {
      "id" : "s1-t4",
      "begin" : 155,
      "end" : 161,
      "text" : "hereby",
      "whiteSpace" : false
    }, {
      "id" : "s1-t5",
      "begin" : 162,
      "end" : 174,
      "text" : "acknowledged",
      "whiteSpace" : false
    }, {
      "id" : "s1-t6",
      "begin" : 174,
      "end" : 175,
      "text" : ",",
      "whiteSpace" : false
    }, {
      "id" : "s1-t7",
      "begin" : 176,
      "end" : 179,
      "text" : "NOW",
      "whiteSpace" : false
    }, {
      "id" : "s1-t8",
      "begin" : 179,
      "end" : 180,
      "text" : ",",
      "whiteSpace" : false
    }, {
      "id" : "s1-t9",
      "begin" : 181,
      "end" : 190,
      "text" : "THEREFORE",
      "whiteSpace" : false
    }, {
      "id" : "s1-t10",
      "begin" : 190,
      "end" : 191,
      "text" : ",",
      "whiteSpace" : false
    }, {
      "id" : "s1-t11",
      "begin" : 192,
      "end" : 194,
      "text" : "WE",
      "whiteSpace" : false
    }, {
      "id" : "s1-t12",
      "begin" : 194,
      "end" : 195,
      "text" : ",",
      "whiteSpace" : false
    }, {
      "id" : "s1-t13",
      "begin" : 196,
      "end" : 200,
      "text" : "TROY",
      "whiteSpace" : false
    }, {
      "id" : "s1-t14",
      "begin" : 201,
      "end" : 203,
      "text" : "J.",
      "whiteSpace" : false
    }, {
      "id" : "s1-t15",
      "begin" : 204,
      "end" : 211,
      "text" : "HOPKINS",
      "whiteSpace" : false
    }, {
      "id" : "s1-t16",
      "begin" : 212,
      "end" : 215,
      "text" : "and",
      "whiteSpace" : false
    }, {
      "id" : "s1-t17",
      "begin" : 216,
      "end" : 220,
      "text" : "wife",
      "whiteSpace" : false
    }, {
      "id" : "s1-t18",
      "begin" : 220,
      "end" : 221,
      "text" : ",",
      "whiteSpace" : false
    }, {
      "id" : "s1-t19",
      "begin" : 222,
      "end" : 230,
      "text" : "VIRGINIA",
      "whiteSpace" : false
    }, {
      "id" : "s1-t20",
      "begin" : 231,
      "end" : 233,
      "text" : "L.",
      "whiteSpace" : false
    }, {
      "id" : "s1-t21",
      "begin" : 234,
      "end" : 241,
      "text" : "HOPKINS",
      "whiteSpace" : false
    }, {
      "id" : "s1-t22",
      "begin" : 241,
      "end" : 242,
      "text" : ",",
      "whiteSpace" : false
    }, {
      "id" : "s1-t23",
      "begin" : 243,
      "end" : 247,
      "text" : "THIS",
      "whiteSpace" : false
    }, {
      "id" : "s1-t24",
      "begin" : 248,
      "end" : 251,
      "text" : "DAY",
      "whiteSpace" : false
    }, {
      "id" : "s1-t25",
      "begin" : 252,
      "end" : 256,
      "text" : "have",
      "whiteSpace" : false
    }, {
      "id" : "s1-t26",
      "begin" : 257,
      "end" : 266,
      "text" : "bargained",
      "whiteSpace" : false
    }, {
      "id" : "s1-t27",
      "begin" : 267,
      "end" : 270,
      "text" : "and",
      "whiteSpace" : false
    }, {
      "id" : "s1-t28",
      "begin" : 271,
      "end" : 275,
      "text" : "sold",
      "whiteSpace" : false
    }, {
      "id" : "s1-t29",
      "begin" : 276,
      "end" : 279,
      "text" : "and",
      "whiteSpace" : false
    }, {
      "id" : "s1-t30",
      "begin" : 280,
      "end" : 282,
      "text" : "by",
      "whiteSpace" : false
    }, {
      "id" : "s1-t31",
      "begin" : 283,
      "end" : 288,
      "text" : "these",
      "whiteSpace" : false
    }, {
      "id" : "s1-t32",
      "begin" : 289,
      "end" : 297,
      "text" : "presents",
      "whiteSpace" : false
    }, {
      "id" : "s1-t33",
      "begin" : 298,
      "end" : 300,
      "text" : "do",
      "whiteSpace" : false
    }, {
      "id" : "s1-t34",
      "begin" : 301,
      "end" : 309,
      "text" : "transfer",
      "whiteSpace" : false
    }, {
      "id" : "s1-t35",
      "begin" : 310,
      "end" : 313,
      "text" : "and",
      "whiteSpace" : false
    }, {
      "id" : "s1-t36",
      "begin" : 314,
      "end" : 320,
      "text" : "convey",
      "whiteSpace" : false
    }, {
      "id" : "s1-t37",
      "begin" : 321,
      "end" : 325,
      "text" : "unto",
      "whiteSpace" : false
    }, {
      "id" : "s1-t38",
      "begin" : 326,
      "end" : 331,
      "text" : "their",
      "whiteSpace" : false
    }, {
      "id" : "s1-t39",
      "begin" : 332,
      "end" : 337,
      "text" : "heirs",
      "whiteSpace" : false
    }, {
      "id" : "s1-t40",
      "begin" : 338,
      "end" : 341,
      "text" : "and",
      "whiteSpace" : false
    }, {
      "id" : "s1-t41",
      "begin" : 342,
      "end" : 349,
      "text" : "assigns",
      "whiteSpace" : false
    }, {
      "id" : "s1-t42",
      "begin" : 349,
      "end" : 350,
      "text" : ",",
      "whiteSpace" : false
    }, {
      "id" : "s1-t43",
      "begin" : 351,
      "end" : 354,
      "text" : "the",
      "whiteSpace" : false
    }, {
      "id" : "s1-t44",
      "begin" : 355,
      "end" : 364,
      "text" : "following",
      "whiteSpace" : false
    }, {
      "id" : "s1-t45",
      "begin" : 365,
      "end" : 374,
      "text" : "described",
      "whiteSpace" : false
    }, {
      "id" : "s1-t46",
      "begin" : 375,
      "end" : 383,
      "text" : "property",
      "whiteSpace" : false
    }, {
      "id" : "s1-t47",
      "begin" : 383,
      "end" : 384,
      "text" : ",",
      "whiteSpace" : false
    }, {
      "id" : "s1-t48",
      "begin" : 385,
      "end" : 387,
      "text" : "to",
      "whiteSpace" : false
    }, {
      "id" : "s1-t49",
      "begin" : 387,
      "end" : 388,
      "text" : "-",
      "whiteSpace" : false
    }, {
      "id" : "s1-t50",
      "begin" : 388,
      "end" : 391,
      "text" : "wit",
      "whiteSpace" : false
    }, {
      "id" : "s1-t51",
      "begin" : 391,
      "end" : 392,
      "text" : ":",
      "whiteSpace" : false
    } ]
  } ],
  "mentions" : [ {
    "id" : "s1-m1",
    "properties" : {
      "SIRE_MENTION_ROLE" : "Grantor",
      "SIRE_ENTITY_SUBTYPE" : "NONE",
      "SIRE_MENTION_TYPE" : "NONE",
      "SIRE_MENTION_CLASS" : "SPC"
    },
    "type" : "Grantor",
    "begin" : 196,
    "end" : 211,
    "inCoref" : false
  }, {
    "id" : "s1-m2",
    "properties" : {
      "SIRE_MENTION_ROLE" : "Grantor",
      "SIRE_ENTITY_SUBTYPE" : "NONE",
      "SIRE_MENTION_TYPE" : "NONE",
      "SIRE_MENTION_CLASS" : "SPC"
    },
    "type" : "Grantor",
    "begin" : 222,
    "end" : 241,
    "inCoref" : false
  } ],
  "relations" : [ ],
  "corefs" : [ ],
  "typeResolved" : true,
  "userResolved" : false
}