{
  "id" : "c11a10c0-54dc-11e9-91aa-93fcd1ae955b-0",
  "name" : "WD185-9.txt",
  "createdDate" : 0,
  "version" : 3,
  "text" : "This Instrument was prepared by Porch, Peeler, Williams &amp; Thomason, Lawyers, 102 South Court  County, Tennessee., BEING the same property conveyed to Anthony W. Ahne and wife, Jessica L. Ahne, by deed of record in Deed Book 173, page 124, Register's Of???ce of Humphreys County, Tennessee., Restrictive covenants of West Towne Subdivision of record in Deed Book 164, page 931, as amended in Deed Book 165, page 1234, Register???s Of???ce of Humphreys County, Tennessee;, Set-back ",
  "docLength" : 0,
  "language" : "EN",
  "status" : "SUBMITTED",
  "modifiedDate" : 1554166556194,
  "documentSet" : [ ],
  "preannotation" : [ ],
  "sentences" : [ {
    "id" : "s0",
    "begin" : 0,
    "end" : 257,
    "text" : "This Instrument was prepared by Porch, Peeler, Williams &amp; Thomason, Lawyers, 102 South Court  County, Tennessee., BEING the same property conveyed to Anthony W. Ahne and wife, Jessica L. Ahne, by deed of record in Deed Book 173, page 124, Register's Of?",
    "tokens" : [ {
      "id" : "s0-t0",
      "begin" : 0,
      "end" : 4,
      "text" : "This",
      "whiteSpace" : false
    }, {
      "id" : "s0-t1",
      "begin" : 5,
      "end" : 15,
      "text" : "Instrument",
      "whiteSpace" : false
    }, {
      "id" : "s0-t2",
      "begin" : 16,
      "end" : 19,
      "text" : "was",
      "whiteSpace" : false
    }, {
      "id" : "s0-t3",
      "begin" : 20,
      "end" : 28,
      "text" : "prepared",
      "whiteSpace" : false
    }, {
      "id" : "s0-t4",
      "begin" : 29,
      "end" : 31,
      "text" : "by",
      "whiteSpace" : false
    }, {
      "id" : "s0-t5",
      "begin" : 32,
      "end" : 37,
      "text" : "Porch",
      "whiteSpace" : false
    }, {
      "id" : "s0-t6",
      "begin" : 37,
      "end" : 38,
      "text" : ",",
      "whiteSpace" : false
    }, {
      "id" : "s0-t7",
      "begin" : 39,
      "end" : 45,
      "text" : "Peeler",
      "whiteSpace" : false
    }, {
      "id" : "s0-t8",
      "begin" : 45,
      "end" : 46,
      "text" : ",",
      "whiteSpace" : false
    }, {
      "id" : "s0-t9",
      "begin" : 47,
      "end" : 55,
      "text" : "Williams",
      "whiteSpace" : false
    }, {
      "id" : "s0-t10",
      "begin" : 56,
      "end" : 61,
      "text" : "&amp;",
      "whiteSpace" : false
    }, {
      "id" : "s0-t11",
      "begin" : 62,
      "end" : 70,
      "text" : "Thomason",
      "whiteSpace" : false
    }, {
      "id" : "s0-t12",
      "begin" : 70,
      "end" : 71,
      "text" : ",",
      "whiteSpace" : false
    }, {
      "id" : "s0-t13",
      "begin" : 72,
      "end" : 79,
      "text" : "Lawyers",
      "whiteSpace" : false
    }, {
      "id" : "s0-t14",
      "begin" : 79,
      "end" : 80,
      "text" : ",",
      "whiteSpace" : false
    }, {
      "id" : "s0-t15",
      "begin" : 81,
      "end" : 84,
      "text" : "102",
      "whiteSpace" : false
    }, {
      "id" : "s0-t16",
      "begin" : 85,
      "end" : 90,
      "text" : "South",
      "whiteSpace" : false
    }, {
      "id" : "s0-t17",
      "begin" : 91,
      "end" : 96,
      "text" : "Court",
      "whiteSpace" : false
    }, {
      "id" : "s0-t18",
      "begin" : 98,
      "end" : 104,
      "text" : "County",
      "whiteSpace" : false
    }, {
      "id" : "s0-t19",
      "begin" : 104,
      "end" : 105,
      "text" : ",",
      "whiteSpace" : false
    }, {
      "id" : "s0-t20",
      "begin" : 106,
      "end" : 116,
      "text" : "Tennessee.",
      "whiteSpace" : false
    }, {
      "id" : "s0-t21",
      "begin" : 116,
      "end" : 117,
      "text" : ",",
      "whiteSpace" : false
    }, {
      "id" : "s0-t22",
      "begin" : 118,
      "end" : 123,
      "text" : "BEING",
      "whiteSpace" : false
    }, {
      "id" : "s0-t23",
      "begin" : 124,
      "end" : 127,
      "text" : "the",
      "whiteSpace" : false
    }, {
      "id" : "s0-t24",
      "begin" : 128,
      "end" : 132,
      "text" : "same",
      "whiteSpace" : false
    }, {
      "id" : "s0-t25",
      "begin" : 133,
      "end" : 141,
      "text" : "property",
      "whiteSpace" : false
    }, {
      "id" : "s0-t26",
      "begin" : 142,
      "end" : 150,
      "text" : "conveyed",
      "whiteSpace" : false
    }, {
      "id" : "s0-t27",
      "begin" : 151,
      "end" : 153,
      "text" : "to",
      "whiteSpace" : false
    }, {
      "id" : "s0-t28",
      "begin" : 154,
      "end" : 161,
      "text" : "Anthony",
      "whiteSpace" : false
    }, {
      "id" : "s0-t29",
      "begin" : 162,
      "end" : 164,
      "text" : "W.",
      "whiteSpace" : false
    }, {
      "id" : "s0-t30",
      "begin" : 165,
      "end" : 169,
      "text" : "Ahne",
      "whiteSpace" : false
    }, {
      "id" : "s0-t31",
      "begin" : 170,
      "end" : 173,
      "text" : "and",
      "whiteSpace" : false
    }, {
      "id" : "s0-t32",
      "begin" : 174,
      "end" : 178,
      "text" : "wife",
      "whiteSpace" : false
    }, {
      "id" : "s0-t33",
      "begin" : 178,
      "end" : 179,
      "text" : ",",
      "whiteSpace" : false
    }, {
      "id" : "s0-t34",
      "begin" : 180,
      "end" : 187,
      "text" : "Jessica",
      "whiteSpace" : false
    }, {
      "id" : "s0-t35",
      "begin" : 188,
      "end" : 190,
      "text" : "L.",
      "whiteSpace" : false
    }, {
      "id" : "s0-t36",
      "begin" : 191,
      "end" : 195,
      "text" : "Ahne",
      "whiteSpace" : false
    }, {
      "id" : "s0-t37",
      "begin" : 195,
      "end" : 196,
      "text" : ",",
      "whiteSpace" : false
    }, {
      "id" : "s0-t38",
      "begin" : 197,
      "end" : 199,
      "text" : "by",
      "whiteSpace" : false
    }, {
      "id" : "s0-t39",
      "begin" : 200,
      "end" : 204,
      "text" : "deed",
      "whiteSpace" : false
    }, {
      "id" : "s0-t40",
      "begin" : 205,
      "end" : 207,
      "text" : "of",
      "whiteSpace" : false
    }, {
      "id" : "s0-t41",
      "begin" : 208,
      "end" : 214,
      "text" : "record",
      "whiteSpace" : false
    }, {
      "id" : "s0-t42",
      "begin" : 215,
      "end" : 217,
      "text" : "in",
      "whiteSpace" : false
    }, {
      "id" : "s0-t43",
      "begin" : 218,
      "end" : 222,
      "text" : "Deed",
      "whiteSpace" : false
    }, {
      "id" : "s0-t44",
      "begin" : 223,
      "end" : 227,
      "text" : "Book",
      "whiteSpace" : false
    }, {
      "id" : "s0-t45",
      "begin" : 228,
      "end" : 231,
      "text" : "173",
      "whiteSpace" : false
    }, {
      "id" : "s0-t46",
      "begin" : 231,
      "end" : 232,
      "text" : ",",
      "whiteSpace" : false
    }, {
      "id" : "s0-t47",
      "begin" : 233,
      "end" : 237,
      "text" : "page",
      "whiteSpace" : false
    }, {
      "id" : "s0-t48",
      "begin" : 238,
      "end" : 241,
      "text" : "124",
      "whiteSpace" : false
    }, {
      "id" : "s0-t49",
      "begin" : 241,
      "end" : 242,
      "text" : ",",
      "whiteSpace" : false
    }, {
      "id" : "s0-t50",
      "begin" : 243,
      "end" : 251,
      "text" : "Register",
      "whiteSpace" : false
    }, {
      "id" : "s0-t51",
      "begin" : 251,
      "end" : 253,
      "text" : "'s",
      "whiteSpace" : false
    }, {
      "id" : "s0-t52",
      "begin" : 254,
      "end" : 256,
      "text" : "Of",
      "whiteSpace" : false
    }, {
      "id" : "s0-t53",
      "begin" : 256,
      "end" : 257,
      "text" : "?",
      "whiteSpace" : false
    } ]
  }, {
    "id" : "s1",
    "begin" : 257,
    "end" : 430,
    "text" : "??ce of Humphreys County, Tennessee., Restrictive covenants of West Towne Subdivision of record in Deed Book 164, page 931, as amended in Deed Book 165, page 1234, Register?",
    "tokens" : [ {
      "id" : "s1-t0",
      "begin" : 257,
      "end" : 261,
      "text" : "??ce",
      "whiteSpace" : false
    }, {
      "id" : "s1-t1",
      "begin" : 262,
      "end" : 264,
      "text" : "of",
      "whiteSpace" : false
    }, {
      "id" : "s1-t2",
      "begin" : 265,
      "end" : 274,
      "text" : "Humphreys",
      "whiteSpace" : false
    }, {
      "id" : "s1-t3",
      "begin" : 275,
      "end" : 281,
      "text" : "County",
      "whiteSpace" : false
    }, {
      "id" : "s1-t4",
      "begin" : 281,
      "end" : 282,
      "text" : ",",
      "whiteSpace" : false
    }, {
      "id" : "s1-t5",
      "begin" : 283,
      "end" : 293,
      "text" : "Tennessee.",
      "whiteSpace" : false
    }, {
      "id" : "s1-t6",
      "begin" : 293,
      "end" : 294,
      "text" : ",",
      "whiteSpace" : false
    }, {
      "id" : "s1-t7",
      "begin" : 295,
      "end" : 306,
      "text" : "Restrictive",
      "whiteSpace" : false
    }, {
      "id" : "s1-t8",
      "begin" : 307,
      "end" : 316,
      "text" : "covenants",
      "whiteSpace" : false
    }, {
      "id" : "s1-t9",
      "begin" : 317,
      "end" : 319,
      "text" : "of",
      "whiteSpace" : false
    }, {
      "id" : "s1-t10",
      "begin" : 320,
      "end" : 324,
      "text" : "West",
      "whiteSpace" : false
    }, {
      "id" : "s1-t11",
      "begin" : 325,
      "end" : 330,
      "text" : "Towne",
      "whiteSpace" : false
    }, {
      "id" : "s1-t12",
      "begin" : 331,
      "end" : 342,
      "text" : "Subdivision",
      "whiteSpace" : false
    }, {
      "id" : "s1-t13",
      "begin" : 343,
      "end" : 345,
      "text" : "of",
      "whiteSpace" : false
    }, {
      "id" : "s1-t14",
      "begin" : 346,
      "end" : 352,
      "text" : "record",
      "whiteSpace" : false
    }, {
      "id" : "s1-t15",
      "begin" : 353,
      "end" : 355,
      "text" : "in",
      "whiteSpace" : false
    }, {
      "id" : "s1-t16",
      "begin" : 356,
      "end" : 360,
      "text" : "Deed",
      "whiteSpace" : false
    }, {
      "id" : "s1-t17",
      "begin" : 361,
      "end" : 365,
      "text" : "Book",
      "whiteSpace" : false
    }, {
      "id" : "s1-t18",
      "begin" : 366,
      "end" : 369,
      "text" : "164",
      "whiteSpace" : false
    }, {
      "id" : "s1-t19",
      "begin" : 369,
      "end" : 370,
      "text" : ",",
      "whiteSpace" : false
    }, {
      "id" : "s1-t20",
      "begin" : 371,
      "end" : 375,
      "text" : "page",
      "whiteSpace" : false
    }, {
      "id" : "s1-t21",
      "begin" : 376,
      "end" : 379,
      "text" : "931",
      "whiteSpace" : false
    }, {
      "id" : "s1-t22",
      "begin" : 379,
      "end" : 380,
      "text" : ",",
      "whiteSpace" : false
    }, {
      "id" : "s1-t23",
      "begin" : 381,
      "end" : 383,
      "text" : "as",
      "whiteSpace" : false
    }, {
      "id" : "s1-t24",
      "begin" : 384,
      "end" : 391,
      "text" : "amended",
      "whiteSpace" : false
    }, {
      "id" : "s1-t25",
      "begin" : 392,
      "end" : 394,
      "text" : "in",
      "whiteSpace" : false
    }, {
      "id" : "s1-t26",
      "begin" : 395,
      "end" : 399,
      "text" : "Deed",
      "whiteSpace" : false
    }, {
      "id" : "s1-t27",
      "begin" : 400,
      "end" : 404,
      "text" : "Book",
      "whiteSpace" : false
    }, {
      "id" : "s1-t28",
      "begin" : 405,
      "end" : 408,
      "text" : "165",
      "whiteSpace" : false
    }, {
      "id" : "s1-t29",
      "begin" : 408,
      "end" : 409,
      "text" : ",",
      "whiteSpace" : false
    }, {
      "id" : "s1-t30",
      "begin" : 410,
      "end" : 414,
      "text" : "page",
      "whiteSpace" : false
    }, {
      "id" : "s1-t31",
      "begin" : 415,
      "end" : 419,
      "text" : "1234",
      "whiteSpace" : false
    }, {
      "id" : "s1-t32",
      "begin" : 419,
      "end" : 420,
      "text" : ",",
      "whiteSpace" : false
    }, {
      "id" : "s1-t33",
      "begin" : 421,
      "end" : 429,
      "text" : "Register",
      "whiteSpace" : false
    }, {
      "id" : "s1-t34",
      "begin" : 429,
      "end" : 430,
      "text" : "?",
      "whiteSpace" : false
    } ]
  }, {
    "id" : "s2",
    "begin" : 430,
    "end" : 437,
    "text" : "??s Of?",
    "tokens" : [ {
      "id" : "s2-t0",
      "begin" : 430,
      "end" : 433,
      "text" : "??s",
      "whiteSpace" : false
    }, {
      "id" : "s2-t1",
      "begin" : 434,
      "end" : 436,
      "text" : "Of",
      "whiteSpace" : false
    }, {
      "id" : "s2-t2",
      "begin" : 436,
      "end" : 437,
      "text" : "?",
      "whiteSpace" : false
    } ]
  }, {
    "id" : "s3",
    "begin" : 437,
    "end" : 483,
    "text" : "??ce of Humphreys County, Tennessee;, Set-back",
    "tokens" : [ {
      "id" : "s3-t0",
      "begin" : 437,
      "end" : 441,
      "text" : "??ce",
      "whiteSpace" : false
    }, {
      "id" : "s3-t1",
      "begin" : 442,
      "end" : 444,
      "text" : "of",
      "whiteSpace" : false
    }, {
      "id" : "s3-t2",
      "begin" : 445,
      "end" : 454,
      "text" : "Humphreys",
      "whiteSpace" : false
    }, {
      "id" : "s3-t3",
      "begin" : 455,
      "end" : 461,
      "text" : "County",
      "whiteSpace" : false
    }, {
      "id" : "s3-t4",
      "begin" : 461,
      "end" : 462,
      "text" : ",",
      "whiteSpace" : false
    }, {
      "id" : "s3-t5",
      "begin" : 463,
      "end" : 472,
      "text" : "Tennessee",
      "whiteSpace" : false
    }, {
      "id" : "s3-t6",
      "begin" : 472,
      "end" : 473,
      "text" : ";",
      "whiteSpace" : false
    }, {
      "id" : "s3-t7",
      "begin" : 473,
      "end" : 474,
      "text" : ",",
      "whiteSpace" : false
    }, {
      "id" : "s3-t8",
      "begin" : 475,
      "end" : 478,
      "text" : "Set",
      "whiteSpace" : false
    }, {
      "id" : "s3-t9",
      "begin" : 478,
      "end" : 479,
      "text" : "-",
      "whiteSpace" : false
    }, {
      "id" : "s3-t10",
      "begin" : 479,
      "end" : 483,
      "text" : "back",
      "whiteSpace" : false
    } ]
  } ],
  "mentions" : [ {
    "id" : "s0-m1",
    "properties" : {
      "SIRE_MENTION_ROLE" : "WarrDeedBookNum",
      "SIRE_ENTITY_SUBTYPE" : "NONE",
      "SIRE_MENTION_TYPE" : "NONE",
      "SIRE_MENTION_CLASS" : "SPC"
    },
    "type" : "WarrDeedBookNum",
    "begin" : 228,
    "end" : 231,
    "inCoref" : false
  }, {
    "id" : "s0-m3",
    "properties" : {
      "SIRE_MENTION_ROLE" : "WarrDeedPageNum",
      "SIRE_ENTITY_SUBTYPE" : "NONE",
      "SIRE_MENTION_TYPE" : "NONE",
      "SIRE_MENTION_CLASS" : "SPC"
    },
    "type" : "WarrDeedPageNum",
    "begin" : 238,
    "end" : 241,
    "inCoref" : false
  } ],
  "relations" : [ ],
  "corefs" : [ ],
  "typeResolved" : true,
  "userResolved" : false
}