{
  "id" : "c11a10c0-54dc-11e9-91aa-93fcd1ae955b-2",
  "name" : "WD186-14.txt",
  "createdDate" : 0,
  "version" : 3,
  "text" : " being our northeast corner and Lashlee???s northwest corner. running thence due South with Lashlee???s west boundary line 198 feet to a stake with a walnut pointer at the foot of the hill: thence South 83 West 105 feet to an iron stake; thence due North 198 feet to an iron stake in the south margin of the said highway; thence with the said highway North 83??? East 105 feet to the point of beginning. containing one lot. Being the same prOperty conveyed to Ray Sullivan by deed of record in Deed Book 180. page l290, Register???s Office of Humphreys County, Tennessee. 'I???O HAVE AND TO HOLD the said tract or parcel of land, with the appurtenances, estate. title. and interest thereto belonging, to the said WILLIAM LEE HARDER, his heirs and assigns. forever. I covenant with the said WILLIAM LEE HARDER that I am lawfully seized and possessed ol???said land in Fee Simple, have a good right to convey it, and the same is unencumbered. I further covenant and bind myself. my heirs and representatives. ",
  "docLength" : 0,
  "language" : "EN",
  "status" : "SUBMITTED",
  "modifiedDate" : 1554166666905,
  "documentSet" : [ ],
  "preannotation" : [ ],
  "sentences" : [ {
    "id" : "s0",
    "begin" : 1,
    "end" : 40,
    "text" : "being our northeast corner and Lashlee?",
    "tokens" : [ {
      "id" : "s0-t0",
      "begin" : 1,
      "end" : 6,
      "text" : "being",
      "whiteSpace" : false
    }, {
      "id" : "s0-t1",
      "begin" : 7,
      "end" : 10,
      "text" : "our",
      "whiteSpace" : false
    }, {
      "id" : "s0-t2",
      "begin" : 11,
      "end" : 20,
      "text" : "northeast",
      "whiteSpace" : false
    }, {
      "id" : "s0-t3",
      "begin" : 21,
      "end" : 27,
      "text" : "corner",
      "whiteSpace" : false
    }, {
      "id" : "s0-t4",
      "begin" : 28,
      "end" : 31,
      "text" : "and",
      "whiteSpace" : false
    }, {
      "id" : "s0-t5",
      "begin" : 32,
      "end" : 39,
      "text" : "Lashlee",
      "whiteSpace" : false
    }, {
      "id" : "s0-t6",
      "begin" : 39,
      "end" : 40,
      "text" : "?",
      "whiteSpace" : false
    } ]
  }, {
    "id" : "s1",
    "begin" : 40,
    "end" : 61,
    "text" : "??s northwest corner.",
    "tokens" : [ {
      "id" : "s1-t0",
      "begin" : 40,
      "end" : 43,
      "text" : "??s",
      "whiteSpace" : false
    }, {
      "id" : "s1-t1",
      "begin" : 44,
      "end" : 53,
      "text" : "northwest",
      "whiteSpace" : false
    }, {
      "id" : "s1-t2",
      "begin" : 54,
      "end" : 60,
      "text" : "corner",
      "whiteSpace" : false
    }, {
      "id" : "s1-t3",
      "begin" : 60,
      "end" : 61,
      "text" : ".",
      "whiteSpace" : false
    } ]
  }, {
    "id" : "s2",
    "begin" : 62,
    "end" : 100,
    "text" : "running thence due South with Lashlee?",
    "tokens" : [ {
      "id" : "s2-t0",
      "begin" : 62,
      "end" : 69,
      "text" : "running",
      "whiteSpace" : false
    }, {
      "id" : "s2-t1",
      "begin" : 70,
      "end" : 76,
      "text" : "thence",
      "whiteSpace" : false
    }, {
      "id" : "s2-t2",
      "begin" : 77,
      "end" : 80,
      "text" : "due",
      "whiteSpace" : false
    }, {
      "id" : "s2-t3",
      "begin" : 81,
      "end" : 86,
      "text" : "South",
      "whiteSpace" : false
    }, {
      "id" : "s2-t4",
      "begin" : 87,
      "end" : 91,
      "text" : "with",
      "whiteSpace" : false
    }, {
      "id" : "s2-t5",
      "begin" : 92,
      "end" : 99,
      "text" : "Lashlee",
      "whiteSpace" : false
    }, {
      "id" : "s2-t6",
      "begin" : 99,
      "end" : 100,
      "text" : "?",
      "whiteSpace" : false
    } ]
  }, {
    "id" : "s3",
    "begin" : 100,
    "end" : 362,
    "text" : "??s west boundary line 198 feet to a stake with a walnut pointer at the foot of the hill: thence South 83 West 105 feet to an iron stake; thence due North 198 feet to an iron stake in the south margin of the said highway; thence with the said highway North 83???",
    "tokens" : [ {
      "id" : "s3-t0",
      "begin" : 100,
      "end" : 103,
      "text" : "??s",
      "whiteSpace" : false
    }, {
      "id" : "s3-t1",
      "begin" : 104,
      "end" : 108,
      "text" : "west",
      "whiteSpace" : false
    }, {
      "id" : "s3-t2",
      "begin" : 109,
      "end" : 117,
      "text" : "boundary",
      "whiteSpace" : false
    }, {
      "id" : "s3-t3",
      "begin" : 118,
      "end" : 122,
      "text" : "line",
      "whiteSpace" : false
    }, {
      "id" : "s3-t4",
      "begin" : 123,
      "end" : 126,
      "text" : "198",
      "whiteSpace" : false
    }, {
      "id" : "s3-t5",
      "begin" : 127,
      "end" : 131,
      "text" : "feet",
      "whiteSpace" : false
    }, {
      "id" : "s3-t6",
      "begin" : 132,
      "end" : 134,
      "text" : "to",
      "whiteSpace" : false
    }, {
      "id" : "s3-t7",
      "begin" : 135,
      "end" : 136,
      "text" : "a",
      "whiteSpace" : false
    }, {
      "id" : "s3-t8",
      "begin" : 137,
      "end" : 142,
      "text" : "stake",
      "whiteSpace" : false
    }, {
      "id" : "s3-t9",
      "begin" : 143,
      "end" : 147,
      "text" : "with",
      "whiteSpace" : false
    }, {
      "id" : "s3-t10",
      "begin" : 148,
      "end" : 149,
      "text" : "a",
      "whiteSpace" : false
    }, {
      "id" : "s3-t11",
      "begin" : 150,
      "end" : 156,
      "text" : "walnut",
      "whiteSpace" : false
    }, {
      "id" : "s3-t12",
      "begin" : 157,
      "end" : 164,
      "text" : "pointer",
      "whiteSpace" : false
    }, {
      "id" : "s3-t13",
      "begin" : 165,
      "end" : 167,
      "text" : "at",
      "whiteSpace" : false
    }, {
      "id" : "s3-t14",
      "begin" : 168,
      "end" : 171,
      "text" : "the",
      "whiteSpace" : false
    }, {
      "id" : "s3-t15",
      "begin" : 172,
      "end" : 176,
      "text" : "foot",
      "whiteSpace" : false
    }, {
      "id" : "s3-t16",
      "begin" : 177,
      "end" : 179,
      "text" : "of",
      "whiteSpace" : false
    }, {
      "id" : "s3-t17",
      "begin" : 180,
      "end" : 183,
      "text" : "the",
      "whiteSpace" : false
    }, {
      "id" : "s3-t18",
      "begin" : 184,
      "end" : 188,
      "text" : "hill",
      "whiteSpace" : false
    }, {
      "id" : "s3-t19",
      "begin" : 188,
      "end" : 189,
      "text" : ":",
      "whiteSpace" : false
    }, {
      "id" : "s3-t20",
      "begin" : 190,
      "end" : 196,
      "text" : "thence",
      "whiteSpace" : false
    }, {
      "id" : "s3-t21",
      "begin" : 197,
      "end" : 202,
      "text" : "South",
      "whiteSpace" : false
    }, {
      "id" : "s3-t22",
      "begin" : 203,
      "end" : 205,
      "text" : "83",
      "whiteSpace" : false
    }, {
      "id" : "s3-t23",
      "begin" : 206,
      "end" : 210,
      "text" : "West",
      "whiteSpace" : false
    }, {
      "id" : "s3-t24",
      "begin" : 211,
      "end" : 214,
      "text" : "105",
      "whiteSpace" : false
    }, {
      "id" : "s3-t25",
      "begin" : 215,
      "end" : 219,
      "text" : "feet",
      "whiteSpace" : false
    }, {
      "id" : "s3-t26",
      "begin" : 220,
      "end" : 222,
      "text" : "to",
      "whiteSpace" : false
    }, {
      "id" : "s3-t27",
      "begin" : 223,
      "end" : 225,
      "text" : "an",
      "whiteSpace" : false
    }, {
      "id" : "s3-t28",
      "begin" : 226,
      "end" : 230,
      "text" : "iron",
      "whiteSpace" : false
    }, {
      "id" : "s3-t29",
      "begin" : 231,
      "end" : 236,
      "text" : "stake",
      "whiteSpace" : false
    }, {
      "id" : "s3-t30",
      "begin" : 236,
      "end" : 237,
      "text" : ";",
      "whiteSpace" : false
    }, {
      "id" : "s3-t31",
      "begin" : 238,
      "end" : 244,
      "text" : "thence",
      "whiteSpace" : false
    }, {
      "id" : "s3-t32",
      "begin" : 245,
      "end" : 248,
      "text" : "due",
      "whiteSpace" : false
    }, {
      "id" : "s3-t33",
      "begin" : 249,
      "end" : 254,
      "text" : "North",
      "whiteSpace" : false
    }, {
      "id" : "s3-t34",
      "begin" : 255,
      "end" : 258,
      "text" : "198",
      "whiteSpace" : false
    }, {
      "id" : "s3-t35",
      "begin" : 259,
      "end" : 263,
      "text" : "feet",
      "whiteSpace" : false
    }, {
      "id" : "s3-t36",
      "begin" : 264,
      "end" : 266,
      "text" : "to",
      "whiteSpace" : false
    }, {
      "id" : "s3-t37",
      "begin" : 267,
      "end" : 269,
      "text" : "an",
      "whiteSpace" : false
    }, {
      "id" : "s3-t38",
      "begin" : 270,
      "end" : 274,
      "text" : "iron",
      "whiteSpace" : false
    }, {
      "id" : "s3-t39",
      "begin" : 275,
      "end" : 280,
      "text" : "stake",
      "whiteSpace" : false
    }, {
      "id" : "s3-t40",
      "begin" : 281,
      "end" : 283,
      "text" : "in",
      "whiteSpace" : false
    }, {
      "id" : "s3-t41",
      "begin" : 284,
      "end" : 287,
      "text" : "the",
      "whiteSpace" : false
    }, {
      "id" : "s3-t42",
      "begin" : 288,
      "end" : 293,
      "text" : "south",
      "whiteSpace" : false
    }, {
      "id" : "s3-t43",
      "begin" : 294,
      "end" : 300,
      "text" : "margin",
      "whiteSpace" : false
    }, {
      "id" : "s3-t44",
      "begin" : 301,
      "end" : 303,
      "text" : "of",
      "whiteSpace" : false
    }, {
      "id" : "s3-t45",
      "begin" : 304,
      "end" : 307,
      "text" : "the",
      "whiteSpace" : false
    }, {
      "id" : "s3-t46",
      "begin" : 308,
      "end" : 312,
      "text" : "said",
      "whiteSpace" : false
    }, {
      "id" : "s3-t47",
      "begin" : 313,
      "end" : 320,
      "text" : "highway",
      "whiteSpace" : false
    }, {
      "id" : "s3-t48",
      "begin" : 320,
      "end" : 321,
      "text" : ";",
      "whiteSpace" : false
    }, {
      "id" : "s3-t49",
      "begin" : 322,
      "end" : 328,
      "text" : "thence",
      "whiteSpace" : false
    }, {
      "id" : "s3-t50",
      "begin" : 329,
      "end" : 333,
      "text" : "with",
      "whiteSpace" : false
    }, {
      "id" : "s3-t51",
      "begin" : 334,
      "end" : 337,
      "text" : "the",
      "whiteSpace" : false
    }, {
      "id" : "s3-t52",
      "begin" : 338,
      "end" : 342,
      "text" : "said",
      "whiteSpace" : false
    }, {
      "id" : "s3-t53",
      "begin" : 343,
      "end" : 350,
      "text" : "highway",
      "whiteSpace" : false
    }, {
      "id" : "s3-t54",
      "begin" : 351,
      "end" : 356,
      "text" : "North",
      "whiteSpace" : false
    }, {
      "id" : "s3-t55",
      "begin" : 357,
      "end" : 359,
      "text" : "83",
      "whiteSpace" : false
    }, {
      "id" : "s3-t56",
      "begin" : 359,
      "end" : 361,
      "text" : "??",
      "whiteSpace" : false
    }, {
      "id" : "s3-t57",
      "begin" : 361,
      "end" : 362,
      "text" : "?",
      "whiteSpace" : false
    } ]
  }, {
    "id" : "s4",
    "begin" : 363,
    "end" : 403,
    "text" : "East 105 feet to the point of beginning.",
    "tokens" : [ {
      "id" : "s4-t0",
      "begin" : 363,
      "end" : 367,
      "text" : "East",
      "whiteSpace" : false
    }, {
      "id" : "s4-t1",
      "begin" : 368,
      "end" : 371,
      "text" : "105",
      "whiteSpace" : false
    }, {
      "id" : "s4-t2",
      "begin" : 372,
      "end" : 376,
      "text" : "feet",
      "whiteSpace" : false
    }, {
      "id" : "s4-t3",
      "begin" : 377,
      "end" : 379,
      "text" : "to",
      "whiteSpace" : false
    }, {
      "id" : "s4-t4",
      "begin" : 380,
      "end" : 383,
      "text" : "the",
      "whiteSpace" : false
    }, {
      "id" : "s4-t5",
      "begin" : 384,
      "end" : 389,
      "text" : "point",
      "whiteSpace" : false
    }, {
      "id" : "s4-t6",
      "begin" : 390,
      "end" : 392,
      "text" : "of",
      "whiteSpace" : false
    }, {
      "id" : "s4-t7",
      "begin" : 393,
      "end" : 402,
      "text" : "beginning",
      "whiteSpace" : false
    }, {
      "id" : "s4-t8",
      "begin" : 402,
      "end" : 403,
      "text" : ".",
      "whiteSpace" : false
    } ]
  }, {
    "id" : "s5",
    "begin" : 404,
    "end" : 423,
    "text" : "containing one lot.",
    "tokens" : [ {
      "id" : "s5-t0",
      "begin" : 404,
      "end" : 414,
      "text" : "containing",
      "whiteSpace" : false
    }, {
      "id" : "s5-t1",
      "begin" : 415,
      "end" : 418,
      "text" : "one",
      "whiteSpace" : false
    }, {
      "id" : "s5-t2",
      "begin" : 419,
      "end" : 422,
      "text" : "lot",
      "whiteSpace" : false
    }, {
      "id" : "s5-t3",
      "begin" : 422,
      "end" : 423,
      "text" : ".",
      "whiteSpace" : false
    } ]
  }, {
    "id" : "s6",
    "begin" : 424,
    "end" : 508,
    "text" : "Being the same prOperty conveyed to Ray Sullivan by deed of record in Deed Book 180.",
    "tokens" : [ {
      "id" : "s6-t0",
      "begin" : 424,
      "end" : 429,
      "text" : "Being",
      "whiteSpace" : false
    }, {
      "id" : "s6-t1",
      "begin" : 430,
      "end" : 433,
      "text" : "the",
      "whiteSpace" : false
    }, {
      "id" : "s6-t2",
      "begin" : 434,
      "end" : 438,
      "text" : "same",
      "whiteSpace" : false
    }, {
      "id" : "s6-t3",
      "begin" : 439,
      "end" : 447,
      "text" : "prOperty",
      "whiteSpace" : false
    }, {
      "id" : "s6-t4",
      "begin" : 448,
      "end" : 456,
      "text" : "conveyed",
      "whiteSpace" : false
    }, {
      "id" : "s6-t5",
      "begin" : 457,
      "end" : 459,
      "text" : "to",
      "whiteSpace" : false
    }, {
      "id" : "s6-t6",
      "begin" : 460,
      "end" : 463,
      "text" : "Ray",
      "whiteSpace" : false
    }, {
      "id" : "s6-t7",
      "begin" : 464,
      "end" : 472,
      "text" : "Sullivan",
      "whiteSpace" : false
    }, {
      "id" : "s6-t8",
      "begin" : 473,
      "end" : 475,
      "text" : "by",
      "whiteSpace" : false
    }, {
      "id" : "s6-t9",
      "begin" : 476,
      "end" : 480,
      "text" : "deed",
      "whiteSpace" : false
    }, {
      "id" : "s6-t10",
      "begin" : 481,
      "end" : 483,
      "text" : "of",
      "whiteSpace" : false
    }, {
      "id" : "s6-t11",
      "begin" : 484,
      "end" : 490,
      "text" : "record",
      "whiteSpace" : false
    }, {
      "id" : "s6-t12",
      "begin" : 491,
      "end" : 493,
      "text" : "in",
      "whiteSpace" : false
    }, {
      "id" : "s6-t13",
      "begin" : 494,
      "end" : 498,
      "text" : "Deed",
      "whiteSpace" : false
    }, {
      "id" : "s6-t14",
      "begin" : 499,
      "end" : 503,
      "text" : "Book",
      "whiteSpace" : false
    }, {
      "id" : "s6-t15",
      "begin" : 504,
      "end" : 507,
      "text" : "180",
      "whiteSpace" : false
    }, {
      "id" : "s6-t16",
      "begin" : 507,
      "end" : 508,
      "text" : ".",
      "whiteSpace" : false
    } ]
  }, {
    "id" : "s7",
    "begin" : 509,
    "end" : 529,
    "text" : "page l290, Register?",
    "tokens" : [ {
      "id" : "s7-t0",
      "begin" : 509,
      "end" : 513,
      "text" : "page",
      "whiteSpace" : false
    }, {
      "id" : "s7-t1",
      "begin" : 514,
      "end" : 518,
      "text" : "l290",
      "whiteSpace" : false
    }, {
      "id" : "s7-t2",
      "begin" : 518,
      "end" : 519,
      "text" : ",",
      "whiteSpace" : false
    }, {
      "id" : "s7-t3",
      "begin" : 520,
      "end" : 528,
      "text" : "Register",
      "whiteSpace" : false
    }, {
      "id" : "s7-t4",
      "begin" : 528,
      "end" : 529,
      "text" : "?",
      "whiteSpace" : false
    } ]
  }, {
    "id" : "s8",
    "begin" : 529,
    "end" : 571,
    "text" : "??s Office of Humphreys County, Tennessee.",
    "tokens" : [ {
      "id" : "s8-t0",
      "begin" : 529,
      "end" : 532,
      "text" : "??s",
      "whiteSpace" : false
    }, {
      "id" : "s8-t1",
      "begin" : 533,
      "end" : 539,
      "text" : "Office",
      "whiteSpace" : false
    }, {
      "id" : "s8-t2",
      "begin" : 540,
      "end" : 542,
      "text" : "of",
      "whiteSpace" : false
    }, {
      "id" : "s8-t3",
      "begin" : 543,
      "end" : 552,
      "text" : "Humphreys",
      "whiteSpace" : false
    }, {
      "id" : "s8-t4",
      "begin" : 553,
      "end" : 559,
      "text" : "County",
      "whiteSpace" : false
    }, {
      "id" : "s8-t5",
      "begin" : 559,
      "end" : 560,
      "text" : ",",
      "whiteSpace" : false
    }, {
      "id" : "s8-t6",
      "begin" : 561,
      "end" : 570,
      "text" : "Tennessee",
      "whiteSpace" : false
    }, {
      "id" : "s8-t7",
      "begin" : 570,
      "end" : 571,
      "text" : ".",
      "whiteSpace" : false
    } ]
  }, {
    "id" : "s9",
    "begin" : 572,
    "end" : 661,
    "text" : "'I???O HAVE AND TO HOLD the said tract or parcel of land, with the appurtenances, estate.",
    "tokens" : [ {
      "id" : "s9-t0",
      "begin" : 572,
      "end" : 573,
      "text" : "'",
      "whiteSpace" : false
    }, {
      "id" : "s9-t1",
      "begin" : 573,
      "end" : 578,
      "text" : "I???O",
      "whiteSpace" : false
    }, {
      "id" : "s9-t2",
      "begin" : 579,
      "end" : 583,
      "text" : "HAVE",
      "whiteSpace" : false
    }, {
      "id" : "s9-t3",
      "begin" : 584,
      "end" : 587,
      "text" : "AND",
      "whiteSpace" : false
    }, {
      "id" : "s9-t4",
      "begin" : 588,
      "end" : 590,
      "text" : "TO",
      "whiteSpace" : false
    }, {
      "id" : "s9-t5",
      "begin" : 591,
      "end" : 595,
      "text" : "HOLD",
      "whiteSpace" : false
    }, {
      "id" : "s9-t6",
      "begin" : 596,
      "end" : 599,
      "text" : "the",
      "whiteSpace" : false
    }, {
      "id" : "s9-t7",
      "begin" : 600,
      "end" : 604,
      "text" : "said",
      "whiteSpace" : false
    }, {
      "id" : "s9-t8",
      "begin" : 605,
      "end" : 610,
      "text" : "tract",
      "whiteSpace" : false
    }, {
      "id" : "s9-t9",
      "begin" : 611,
      "end" : 613,
      "text" : "or",
      "whiteSpace" : false
    }, {
      "id" : "s9-t10",
      "begin" : 614,
      "end" : 620,
      "text" : "parcel",
      "whiteSpace" : false
    }, {
      "id" : "s9-t11",
      "begin" : 621,
      "end" : 623,
      "text" : "of",
      "whiteSpace" : false
    }, {
      "id" : "s9-t12",
      "begin" : 624,
      "end" : 628,
      "text" : "land",
      "whiteSpace" : false
    }, {
      "id" : "s9-t13",
      "begin" : 628,
      "end" : 629,
      "text" : ",",
      "whiteSpace" : false
    }, {
      "id" : "s9-t14",
      "begin" : 630,
      "end" : 634,
      "text" : "with",
      "whiteSpace" : false
    }, {
      "id" : "s9-t15",
      "begin" : 635,
      "end" : 638,
      "text" : "the",
      "whiteSpace" : false
    }, {
      "id" : "s9-t16",
      "begin" : 639,
      "end" : 652,
      "text" : "appurtenances",
      "whiteSpace" : false
    }, {
      "id" : "s9-t17",
      "begin" : 652,
      "end" : 653,
      "text" : ",",
      "whiteSpace" : false
    }, {
      "id" : "s9-t18",
      "begin" : 654,
      "end" : 660,
      "text" : "estate",
      "whiteSpace" : false
    }, {
      "id" : "s9-t19",
      "begin" : 660,
      "end" : 661,
      "text" : ".",
      "whiteSpace" : false
    } ]
  }, {
    "id" : "s10",
    "begin" : 662,
    "end" : 668,
    "text" : "title.",
    "tokens" : [ {
      "id" : "s10-t0",
      "begin" : 662,
      "end" : 667,
      "text" : "title",
      "whiteSpace" : false
    }, {
      "id" : "s10-t1",
      "begin" : 667,
      "end" : 668,
      "text" : ".",
      "whiteSpace" : false
    } ]
  }, {
    "id" : "s11",
    "begin" : 669,
    "end" : 755,
    "text" : "and interest thereto belonging, to the said WILLIAM LEE HARDER, his heirs and assigns.",
    "tokens" : [ {
      "id" : "s11-t0",
      "begin" : 669,
      "end" : 672,
      "text" : "and",
      "whiteSpace" : false
    }, {
      "id" : "s11-t1",
      "begin" : 673,
      "end" : 681,
      "text" : "interest",
      "whiteSpace" : false
    }, {
      "id" : "s11-t2",
      "begin" : 682,
      "end" : 689,
      "text" : "thereto",
      "whiteSpace" : false
    }, {
      "id" : "s11-t3",
      "begin" : 690,
      "end" : 699,
      "text" : "belonging",
      "whiteSpace" : false
    }, {
      "id" : "s11-t4",
      "begin" : 699,
      "end" : 700,
      "text" : ",",
      "whiteSpace" : false
    }, {
      "id" : "s11-t5",
      "begin" : 701,
      "end" : 703,
      "text" : "to",
      "whiteSpace" : false
    }, {
      "id" : "s11-t6",
      "begin" : 704,
      "end" : 707,
      "text" : "the",
      "whiteSpace" : false
    }, {
      "id" : "s11-t7",
      "begin" : 708,
      "end" : 712,
      "text" : "said",
      "whiteSpace" : false
    }, {
      "id" : "s11-t8",
      "begin" : 713,
      "end" : 720,
      "text" : "WILLIAM",
      "whiteSpace" : false
    }, {
      "id" : "s11-t9",
      "begin" : 721,
      "end" : 724,
      "text" : "LEE",
      "whiteSpace" : false
    }, {
      "id" : "s11-t10",
      "begin" : 725,
      "end" : 731,
      "text" : "HARDER",
      "whiteSpace" : false
    }, {
      "id" : "s11-t11",
      "begin" : 731,
      "end" : 732,
      "text" : ",",
      "whiteSpace" : false
    }, {
      "id" : "s11-t12",
      "begin" : 733,
      "end" : 736,
      "text" : "his",
      "whiteSpace" : false
    }, {
      "id" : "s11-t13",
      "begin" : 737,
      "end" : 742,
      "text" : "heirs",
      "whiteSpace" : false
    }, {
      "id" : "s11-t14",
      "begin" : 743,
      "end" : 746,
      "text" : "and",
      "whiteSpace" : false
    }, {
      "id" : "s11-t15",
      "begin" : 747,
      "end" : 754,
      "text" : "assigns",
      "whiteSpace" : false
    }, {
      "id" : "s11-t16",
      "begin" : 754,
      "end" : 755,
      "text" : ".",
      "whiteSpace" : false
    } ]
  }, {
    "id" : "s12",
    "begin" : 756,
    "end" : 764,
    "text" : "forever.",
    "tokens" : [ {
      "id" : "s12-t0",
      "begin" : 756,
      "end" : 763,
      "text" : "forever",
      "whiteSpace" : false
    }, {
      "id" : "s12-t1",
      "begin" : 763,
      "end" : 764,
      "text" : ".",
      "whiteSpace" : false
    } ]
  }, {
    "id" : "s13",
    "begin" : 765,
    "end" : 852,
    "text" : "I covenant with the said WILLIAM LEE HARDER that I am lawfully seized and possessed ol?",
    "tokens" : [ {
      "id" : "s13-t0",
      "begin" : 765,
      "end" : 766,
      "text" : "I",
      "whiteSpace" : false
    }, {
      "id" : "s13-t1",
      "begin" : 767,
      "end" : 775,
      "text" : "covenant",
      "whiteSpace" : false
    }, {
      "id" : "s13-t2",
      "begin" : 776,
      "end" : 780,
      "text" : "with",
      "whiteSpace" : false
    }, {
      "id" : "s13-t3",
      "begin" : 781,
      "end" : 784,
      "text" : "the",
      "whiteSpace" : false
    }, {
      "id" : "s13-t4",
      "begin" : 785,
      "end" : 789,
      "text" : "said",
      "whiteSpace" : false
    }, {
      "id" : "s13-t5",
      "begin" : 790,
      "end" : 797,
      "text" : "WILLIAM",
      "whiteSpace" : false
    }, {
      "id" : "s13-t6",
      "begin" : 798,
      "end" : 801,
      "text" : "LEE",
      "whiteSpace" : false
    }, {
      "id" : "s13-t7",
      "begin" : 802,
      "end" : 808,
      "text" : "HARDER",
      "whiteSpace" : false
    }, {
      "id" : "s13-t8",
      "begin" : 809,
      "end" : 813,
      "text" : "that",
      "whiteSpace" : false
    }, {
      "id" : "s13-t9",
      "begin" : 814,
      "end" : 815,
      "text" : "I",
      "whiteSpace" : false
    }, {
      "id" : "s13-t10",
      "begin" : 816,
      "end" : 818,
      "text" : "am",
      "whiteSpace" : false
    }, {
      "id" : "s13-t11",
      "begin" : 819,
      "end" : 827,
      "text" : "lawfully",
      "whiteSpace" : false
    }, {
      "id" : "s13-t12",
      "begin" : 828,
      "end" : 834,
      "text" : "seized",
      "whiteSpace" : false
    }, {
      "id" : "s13-t13",
      "begin" : 835,
      "end" : 838,
      "text" : "and",
      "whiteSpace" : false
    }, {
      "id" : "s13-t14",
      "begin" : 839,
      "end" : 848,
      "text" : "possessed",
      "whiteSpace" : false
    }, {
      "id" : "s13-t15",
      "begin" : 849,
      "end" : 851,
      "text" : "ol",
      "whiteSpace" : false
    }, {
      "id" : "s13-t16",
      "begin" : 851,
      "end" : 852,
      "text" : "?",
      "whiteSpace" : false
    } ]
  }, {
    "id" : "s14",
    "begin" : 852,
    "end" : 940,
    "text" : "??said land in Fee Simple, have a good right to convey it, and the same is unencumbered.",
    "tokens" : [ {
      "id" : "s14-t0",
      "begin" : 852,
      "end" : 858,
      "text" : "??said",
      "whiteSpace" : false
    }, {
      "id" : "s14-t1",
      "begin" : 859,
      "end" : 863,
      "text" : "land",
      "whiteSpace" : false
    }, {
      "id" : "s14-t2",
      "begin" : 864,
      "end" : 866,
      "text" : "in",
      "whiteSpace" : false
    }, {
      "id" : "s14-t3",
      "begin" : 867,
      "end" : 870,
      "text" : "Fee",
      "whiteSpace" : false
    }, {
      "id" : "s14-t4",
      "begin" : 871,
      "end" : 877,
      "text" : "Simple",
      "whiteSpace" : false
    }, {
      "id" : "s14-t5",
      "begin" : 877,
      "end" : 878,
      "text" : ",",
      "whiteSpace" : false
    }, {
      "id" : "s14-t6",
      "begin" : 879,
      "end" : 883,
      "text" : "have",
      "whiteSpace" : false
    }, {
      "id" : "s14-t7",
      "begin" : 884,
      "end" : 885,
      "text" : "a",
      "whiteSpace" : false
    }, {
      "id" : "s14-t8",
      "begin" : 886,
      "end" : 890,
      "text" : "good",
      "whiteSpace" : false
    }, {
      "id" : "s14-t9",
      "begin" : 891,
      "end" : 896,
      "text" : "right",
      "whiteSpace" : false
    }, {
      "id" : "s14-t10",
      "begin" : 897,
      "end" : 899,
      "text" : "to",
      "whiteSpace" : false
    }, {
      "id" : "s14-t11",
      "begin" : 900,
      "end" : 906,
      "text" : "convey",
      "whiteSpace" : false
    }, {
      "id" : "s14-t12",
      "begin" : 907,
      "end" : 909,
      "text" : "it",
      "whiteSpace" : false
    }, {
      "id" : "s14-t13",
      "begin" : 909,
      "end" : 910,
      "text" : ",",
      "whiteSpace" : false
    }, {
      "id" : "s14-t14",
      "begin" : 911,
      "end" : 914,
      "text" : "and",
      "whiteSpace" : false
    }, {
      "id" : "s14-t15",
      "begin" : 915,
      "end" : 918,
      "text" : "the",
      "whiteSpace" : false
    }, {
      "id" : "s14-t16",
      "begin" : 919,
      "end" : 923,
      "text" : "same",
      "whiteSpace" : false
    }, {
      "id" : "s14-t17",
      "begin" : 924,
      "end" : 926,
      "text" : "is",
      "whiteSpace" : false
    }, {
      "id" : "s14-t18",
      "begin" : 927,
      "end" : 939,
      "text" : "unencumbered",
      "whiteSpace" : false
    }, {
      "id" : "s14-t19",
      "begin" : 939,
      "end" : 940,
      "text" : ".",
      "whiteSpace" : false
    } ]
  }, {
    "id" : "s15",
    "begin" : 941,
    "end" : 976,
    "text" : "I further covenant and bind myself.",
    "tokens" : [ {
      "id" : "s15-t0",
      "begin" : 941,
      "end" : 942,
      "text" : "I",
      "whiteSpace" : false
    }, {
      "id" : "s15-t1",
      "begin" : 943,
      "end" : 950,
      "text" : "further",
      "whiteSpace" : false
    }, {
      "id" : "s15-t2",
      "begin" : 951,
      "end" : 959,
      "text" : "covenant",
      "whiteSpace" : false
    }, {
      "id" : "s15-t3",
      "begin" : 960,
      "end" : 963,
      "text" : "and",
      "whiteSpace" : false
    }, {
      "id" : "s15-t4",
      "begin" : 964,
      "end" : 968,
      "text" : "bind",
      "whiteSpace" : false
    }, {
      "id" : "s15-t5",
      "begin" : 969,
      "end" : 975,
      "text" : "myself",
      "whiteSpace" : false
    }, {
      "id" : "s15-t6",
      "begin" : 975,
      "end" : 976,
      "text" : ".",
      "whiteSpace" : false
    } ]
  }, {
    "id" : "s16",
    "begin" : 977,
    "end" : 1006,
    "text" : "my heirs and representatives.",
    "tokens" : [ {
      "id" : "s16-t0",
      "begin" : 977,
      "end" : 979,
      "text" : "my",
      "whiteSpace" : false
    }, {
      "id" : "s16-t1",
      "begin" : 980,
      "end" : 985,
      "text" : "heirs",
      "whiteSpace" : false
    }, {
      "id" : "s16-t2",
      "begin" : 986,
      "end" : 989,
      "text" : "and",
      "whiteSpace" : false
    }, {
      "id" : "s16-t3",
      "begin" : 990,
      "end" : 1005,
      "text" : "representatives",
      "whiteSpace" : false
    }, {
      "id" : "s16-t4",
      "begin" : 1005,
      "end" : 1006,
      "text" : ".",
      "whiteSpace" : false
    } ]
  } ],
  "mentions" : [ {
    "id" : "s6-m1",
    "properties" : {
      "SIRE_MENTION_ROLE" : "WarrDeedBookNum",
      "SIRE_ENTITY_SUBTYPE" : "NONE",
      "SIRE_MENTION_TYPE" : "NONE",
      "SIRE_MENTION_CLASS" : "SPC"
    },
    "type" : "WarrDeedBookNum",
    "begin" : 504,
    "end" : 507,
    "inCoref" : false
  }, {
    "id" : "s7-m1",
    "properties" : {
      "SIRE_MENTION_ROLE" : "WarrDeedPageNum",
      "SIRE_ENTITY_SUBTYPE" : "NONE",
      "SIRE_MENTION_TYPE" : "NONE",
      "SIRE_MENTION_CLASS" : "SPC"
    },
    "type" : "WarrDeedPageNum",
    "begin" : 514,
    "end" : 518,
    "inCoref" : false
  } ],
  "relations" : [ ],
  "corefs" : [ ],
  "typeResolved" : true,
  "userResolved" : false
}