{
  "id" : "c11a10c0-54dc-11e9-91aa-93fcd1ae955b-11",
  "name" : "WD191-15.txt",
  "createdDate" : 0,
  "version" : 3,
  "text" : "northwest corner of said tract and continuing in a northerly direction approximately 879 feet to where said road right of way intersects the McEwen to Deer Creek Road., Being the same property conveyed to Jerry Wayne Beasley and wife, Martha Lou Beasley by deed of record in Deed Book 130, page 193, Register???s Of???ce of Humphreys County, Tennessee., This conveyance is made subject to the rights of others in and to the 20 ft. wide non-excl",
  "docLength" : 0,
  "language" : "EN",
  "status" : "SUBMITTED",
  "modifiedDate" : 1554166580961,
  "documentSet" : [ ],
  "preannotation" : [ ],
  "sentences" : [ {
    "id" : "s0",
    "begin" : 0,
    "end" : 309,
    "text" : "northwest corner of said tract and continuing in a northerly direction approximately 879 feet to where said road right of way intersects the McEwen to Deer Creek Road., Being the same property conveyed to Jerry Wayne Beasley and wife, Martha Lou Beasley by deed of record in Deed Book 130, page 193, Register?",
    "tokens" : [ {
      "id" : "s0-t0",
      "begin" : 0,
      "end" : 9,
      "text" : "northwest",
      "whiteSpace" : false
    }, {
      "id" : "s0-t1",
      "begin" : 10,
      "end" : 16,
      "text" : "corner",
      "whiteSpace" : false
    }, {
      "id" : "s0-t2",
      "begin" : 17,
      "end" : 19,
      "text" : "of",
      "whiteSpace" : false
    }, {
      "id" : "s0-t3",
      "begin" : 20,
      "end" : 24,
      "text" : "said",
      "whiteSpace" : false
    }, {
      "id" : "s0-t4",
      "begin" : 25,
      "end" : 30,
      "text" : "tract",
      "whiteSpace" : false
    }, {
      "id" : "s0-t5",
      "begin" : 31,
      "end" : 34,
      "text" : "and",
      "whiteSpace" : false
    }, {
      "id" : "s0-t6",
      "begin" : 35,
      "end" : 45,
      "text" : "continuing",
      "whiteSpace" : false
    }, {
      "id" : "s0-t7",
      "begin" : 46,
      "end" : 48,
      "text" : "in",
      "whiteSpace" : false
    }, {
      "id" : "s0-t8",
      "begin" : 49,
      "end" : 50,
      "text" : "a",
      "whiteSpace" : false
    }, {
      "id" : "s0-t9",
      "begin" : 51,
      "end" : 60,
      "text" : "northerly",
      "whiteSpace" : false
    }, {
      "id" : "s0-t10",
      "begin" : 61,
      "end" : 70,
      "text" : "direction",
      "whiteSpace" : false
    }, {
      "id" : "s0-t11",
      "begin" : 71,
      "end" : 84,
      "text" : "approximately",
      "whiteSpace" : false
    }, {
      "id" : "s0-t12",
      "begin" : 85,
      "end" : 88,
      "text" : "879",
      "whiteSpace" : false
    }, {
      "id" : "s0-t13",
      "begin" : 89,
      "end" : 93,
      "text" : "feet",
      "whiteSpace" : false
    }, {
      "id" : "s0-t14",
      "begin" : 94,
      "end" : 96,
      "text" : "to",
      "whiteSpace" : false
    }, {
      "id" : "s0-t15",
      "begin" : 97,
      "end" : 102,
      "text" : "where",
      "whiteSpace" : false
    }, {
      "id" : "s0-t16",
      "begin" : 103,
      "end" : 107,
      "text" : "said",
      "whiteSpace" : false
    }, {
      "id" : "s0-t17",
      "begin" : 108,
      "end" : 112,
      "text" : "road",
      "whiteSpace" : false
    }, {
      "id" : "s0-t18",
      "begin" : 113,
      "end" : 118,
      "text" : "right",
      "whiteSpace" : false
    }, {
      "id" : "s0-t19",
      "begin" : 119,
      "end" : 121,
      "text" : "of",
      "whiteSpace" : false
    }, {
      "id" : "s0-t20",
      "begin" : 122,
      "end" : 125,
      "text" : "way",
      "whiteSpace" : false
    }, {
      "id" : "s0-t21",
      "begin" : 126,
      "end" : 136,
      "text" : "intersects",
      "whiteSpace" : false
    }, {
      "id" : "s0-t22",
      "begin" : 137,
      "end" : 140,
      "text" : "the",
      "whiteSpace" : false
    }, {
      "id" : "s0-t23",
      "begin" : 141,
      "end" : 147,
      "text" : "McEwen",
      "whiteSpace" : false
    }, {
      "id" : "s0-t24",
      "begin" : 148,
      "end" : 150,
      "text" : "to",
      "whiteSpace" : false
    }, {
      "id" : "s0-t25",
      "begin" : 151,
      "end" : 155,
      "text" : "Deer",
      "whiteSpace" : false
    }, {
      "id" : "s0-t26",
      "begin" : 156,
      "end" : 161,
      "text" : "Creek",
      "whiteSpace" : false
    }, {
      "id" : "s0-t27",
      "begin" : 162,
      "end" : 167,
      "text" : "Road.",
      "whiteSpace" : false
    }, {
      "id" : "s0-t28",
      "begin" : 167,
      "end" : 168,
      "text" : ",",
      "whiteSpace" : false
    }, {
      "id" : "s0-t29",
      "begin" : 169,
      "end" : 174,
      "text" : "Being",
      "whiteSpace" : false
    }, {
      "id" : "s0-t30",
      "begin" : 175,
      "end" : 178,
      "text" : "the",
      "whiteSpace" : false
    }, {
      "id" : "s0-t31",
      "begin" : 179,
      "end" : 183,
      "text" : "same",
      "whiteSpace" : false
    }, {
      "id" : "s0-t32",
      "begin" : 184,
      "end" : 192,
      "text" : "property",
      "whiteSpace" : false
    }, {
      "id" : "s0-t33",
      "begin" : 193,
      "end" : 201,
      "text" : "conveyed",
      "whiteSpace" : false
    }, {
      "id" : "s0-t34",
      "begin" : 202,
      "end" : 204,
      "text" : "to",
      "whiteSpace" : false
    }, {
      "id" : "s0-t35",
      "begin" : 205,
      "end" : 210,
      "text" : "Jerry",
      "whiteSpace" : false
    }, {
      "id" : "s0-t36",
      "begin" : 211,
      "end" : 216,
      "text" : "Wayne",
      "whiteSpace" : false
    }, {
      "id" : "s0-t37",
      "begin" : 217,
      "end" : 224,
      "text" : "Beasley",
      "whiteSpace" : false
    }, {
      "id" : "s0-t38",
      "begin" : 225,
      "end" : 228,
      "text" : "and",
      "whiteSpace" : false
    }, {
      "id" : "s0-t39",
      "begin" : 229,
      "end" : 233,
      "text" : "wife",
      "whiteSpace" : false
    }, {
      "id" : "s0-t40",
      "begin" : 233,
      "end" : 234,
      "text" : ",",
      "whiteSpace" : false
    }, {
      "id" : "s0-t41",
      "begin" : 235,
      "end" : 241,
      "text" : "Martha",
      "whiteSpace" : false
    }, {
      "id" : "s0-t42",
      "begin" : 242,
      "end" : 245,
      "text" : "Lou",
      "whiteSpace" : false
    }, {
      "id" : "s0-t43",
      "begin" : 246,
      "end" : 253,
      "text" : "Beasley",
      "whiteSpace" : false
    }, {
      "id" : "s0-t44",
      "begin" : 254,
      "end" : 256,
      "text" : "by",
      "whiteSpace" : false
    }, {
      "id" : "s0-t45",
      "begin" : 257,
      "end" : 261,
      "text" : "deed",
      "whiteSpace" : false
    }, {
      "id" : "s0-t46",
      "begin" : 262,
      "end" : 264,
      "text" : "of",
      "whiteSpace" : false
    }, {
      "id" : "s0-t47",
      "begin" : 265,
      "end" : 271,
      "text" : "record",
      "whiteSpace" : false
    }, {
      "id" : "s0-t48",
      "begin" : 272,
      "end" : 274,
      "text" : "in",
      "whiteSpace" : false
    }, {
      "id" : "s0-t49",
      "begin" : 275,
      "end" : 279,
      "text" : "Deed",
      "whiteSpace" : false
    }, {
      "id" : "s0-t50",
      "begin" : 280,
      "end" : 284,
      "text" : "Book",
      "whiteSpace" : false
    }, {
      "id" : "s0-t51",
      "begin" : 285,
      "end" : 288,
      "text" : "130",
      "whiteSpace" : false
    }, {
      "id" : "s0-t52",
      "begin" : 288,
      "end" : 289,
      "text" : ",",
      "whiteSpace" : false
    }, {
      "id" : "s0-t53",
      "begin" : 290,
      "end" : 294,
      "text" : "page",
      "whiteSpace" : false
    }, {
      "id" : "s0-t54",
      "begin" : 295,
      "end" : 298,
      "text" : "193",
      "whiteSpace" : false
    }, {
      "id" : "s0-t55",
      "begin" : 298,
      "end" : 299,
      "text" : ",",
      "whiteSpace" : false
    }, {
      "id" : "s0-t56",
      "begin" : 300,
      "end" : 308,
      "text" : "Register",
      "whiteSpace" : false
    }, {
      "id" : "s0-t57",
      "begin" : 308,
      "end" : 309,
      "text" : "?",
      "whiteSpace" : false
    } ]
  }, {
    "id" : "s1",
    "begin" : 309,
    "end" : 316,
    "text" : "??s Of?",
    "tokens" : [ {
      "id" : "s1-t0",
      "begin" : 309,
      "end" : 312,
      "text" : "??s",
      "whiteSpace" : false
    }, {
      "id" : "s1-t1",
      "begin" : 313,
      "end" : 315,
      "text" : "Of",
      "whiteSpace" : false
    }, {
      "id" : "s1-t2",
      "begin" : 315,
      "end" : 316,
      "text" : "?",
      "whiteSpace" : false
    } ]
  }, {
    "id" : "s2",
    "begin" : 316,
    "end" : 444,
    "text" : "??ce of Humphreys County, Tennessee., This conveyance is made subject to the rights of others in and to the 20 ft. wide non-excl",
    "tokens" : [ {
      "id" : "s2-t0",
      "begin" : 316,
      "end" : 320,
      "text" : "??ce",
      "whiteSpace" : false
    }, {
      "id" : "s2-t1",
      "begin" : 321,
      "end" : 323,
      "text" : "of",
      "whiteSpace" : false
    }, {
      "id" : "s2-t2",
      "begin" : 324,
      "end" : 333,
      "text" : "Humphreys",
      "whiteSpace" : false
    }, {
      "id" : "s2-t3",
      "begin" : 334,
      "end" : 340,
      "text" : "County",
      "whiteSpace" : false
    }, {
      "id" : "s2-t4",
      "begin" : 340,
      "end" : 341,
      "text" : ",",
      "whiteSpace" : false
    }, {
      "id" : "s2-t5",
      "begin" : 342,
      "end" : 352,
      "text" : "Tennessee.",
      "whiteSpace" : false
    }, {
      "id" : "s2-t6",
      "begin" : 352,
      "end" : 353,
      "text" : ",",
      "whiteSpace" : false
    }, {
      "id" : "s2-t7",
      "begin" : 354,
      "end" : 358,
      "text" : "This",
      "whiteSpace" : false
    }, {
      "id" : "s2-t8",
      "begin" : 359,
      "end" : 369,
      "text" : "conveyance",
      "whiteSpace" : false
    }, {
      "id" : "s2-t9",
      "begin" : 370,
      "end" : 372,
      "text" : "is",
      "whiteSpace" : false
    }, {
      "id" : "s2-t10",
      "begin" : 373,
      "end" : 377,
      "text" : "made",
      "whiteSpace" : false
    }, {
      "id" : "s2-t11",
      "begin" : 378,
      "end" : 385,
      "text" : "subject",
      "whiteSpace" : false
    }, {
      "id" : "s2-t12",
      "begin" : 386,
      "end" : 388,
      "text" : "to",
      "whiteSpace" : false
    }, {
      "id" : "s2-t13",
      "begin" : 389,
      "end" : 392,
      "text" : "the",
      "whiteSpace" : false
    }, {
      "id" : "s2-t14",
      "begin" : 393,
      "end" : 399,
      "text" : "rights",
      "whiteSpace" : false
    }, {
      "id" : "s2-t15",
      "begin" : 400,
      "end" : 402,
      "text" : "of",
      "whiteSpace" : false
    }, {
      "id" : "s2-t16",
      "begin" : 403,
      "end" : 409,
      "text" : "others",
      "whiteSpace" : false
    }, {
      "id" : "s2-t17",
      "begin" : 410,
      "end" : 412,
      "text" : "in",
      "whiteSpace" : false
    }, {
      "id" : "s2-t18",
      "begin" : 413,
      "end" : 416,
      "text" : "and",
      "whiteSpace" : false
    }, {
      "id" : "s2-t19",
      "begin" : 417,
      "end" : 419,
      "text" : "to",
      "whiteSpace" : false
    }, {
      "id" : "s2-t20",
      "begin" : 420,
      "end" : 423,
      "text" : "the",
      "whiteSpace" : false
    }, {
      "id" : "s2-t21",
      "begin" : 424,
      "end" : 426,
      "text" : "20",
      "whiteSpace" : false
    }, {
      "id" : "s2-t22",
      "begin" : 427,
      "end" : 430,
      "text" : "ft.",
      "whiteSpace" : false
    }, {
      "id" : "s2-t23",
      "begin" : 431,
      "end" : 435,
      "text" : "wide",
      "whiteSpace" : false
    }, {
      "id" : "s2-t24",
      "begin" : 436,
      "end" : 439,
      "text" : "non",
      "whiteSpace" : false
    }, {
      "id" : "s2-t25",
      "begin" : 439,
      "end" : 440,
      "text" : "-",
      "whiteSpace" : false
    }, {
      "id" : "s2-t26",
      "begin" : 440,
      "end" : 444,
      "text" : "excl",
      "whiteSpace" : false
    } ]
  } ],
  "mentions" : [ {
    "id" : "s0-m1",
    "properties" : {
      "SIRE_MENTION_ROLE" : "WarrDeedBookNum",
      "SIRE_ENTITY_SUBTYPE" : "NONE",
      "SIRE_MENTION_TYPE" : "NONE",
      "SIRE_MENTION_CLASS" : "SPC"
    },
    "type" : "WarrDeedBookNum",
    "begin" : 285,
    "end" : 288,
    "inCoref" : false
  }, {
    "id" : "s0-m2",
    "properties" : {
      "SIRE_MENTION_ROLE" : "WarrDeedPageNum",
      "SIRE_ENTITY_SUBTYPE" : "NONE",
      "SIRE_MENTION_TYPE" : "NONE",
      "SIRE_MENTION_CLASS" : "SPC"
    },
    "type" : "WarrDeedPageNum",
    "begin" : 295,
    "end" : 298,
    "inCoref" : false
  } ],
  "relations" : [ ],
  "corefs" : [ ],
  "typeResolved" : true,
  "userResolved" : false
}