{
  "id" : "c11a10c0-54dc-11e9-91aa-93fcd1ae955b-15",
  "name" : "WD192-11.txt",
  "createdDate" : 0,
  "version" : 3,
  "text" : " of Lot 4-B; thence North 72 degrees, 00 minutes East a distance of 110 feet to a point at the northwest corner of Lot 2-B; thence with the west line of Lot 2-B South 18 degrees 00 minutes East a distance of 150 feet to the beginning. Being Lot 3-B Ridings Subdivision platted as aforesaid., BEING the same property conveyed to Bradley R, Rachford by deed of record in Deed Book 189, page 2548, Register???s Of???ce of Humphreys County, Tennessee., This conveyance is made subject to restrictions and covenants as contained in the deed from Malcolm Ridings and wife, Ethel Ridings to Elzie Cogdill and wife, Bobbie Jean Cogdill of record in Deed Book 115, page 16, Register???s Of???ce of Humphreys County, Tennessee.]",
  "docLength" : 0,
  "language" : "EN",
  "status" : "SUBMITTED",
  "modifiedDate" : 1554166629186,
  "documentSet" : [ ],
  "preannotation" : [ ],
  "sentences" : [ {
    "id" : "s0",
    "begin" : 1,
    "end" : 234,
    "text" : "of Lot 4-B; thence North 72 degrees, 00 minutes East a distance of 110 feet to a point at the northwest corner of Lot 2-B; thence with the west line of Lot 2-B South 18 degrees 00 minutes East a distance of 150 feet to the beginning.",
    "tokens" : [ {
      "id" : "s0-t0",
      "begin" : 1,
      "end" : 3,
      "text" : "of",
      "whiteSpace" : false
    }, {
      "id" : "s0-t1",
      "begin" : 4,
      "end" : 7,
      "text" : "Lot",
      "whiteSpace" : false
    }, {
      "id" : "s0-t2",
      "begin" : 8,
      "end" : 11,
      "text" : "4-B",
      "whiteSpace" : false
    }, {
      "id" : "s0-t3",
      "begin" : 11,
      "end" : 12,
      "text" : ";",
      "whiteSpace" : false
    }, {
      "id" : "s0-t4",
      "begin" : 13,
      "end" : 19,
      "text" : "thence",
      "whiteSpace" : false
    }, {
      "id" : "s0-t5",
      "begin" : 20,
      "end" : 25,
      "text" : "North",
      "whiteSpace" : false
    }, {
      "id" : "s0-t6",
      "begin" : 26,
      "end" : 28,
      "text" : "72",
      "whiteSpace" : false
    }, {
      "id" : "s0-t7",
      "begin" : 29,
      "end" : 36,
      "text" : "degrees",
      "whiteSpace" : false
    }, {
      "id" : "s0-t8",
      "begin" : 36,
      "end" : 37,
      "text" : ",",
      "whiteSpace" : false
    }, {
      "id" : "s0-t9",
      "begin" : 38,
      "end" : 40,
      "text" : "00",
      "whiteSpace" : false
    }, {
      "id" : "s0-t10",
      "begin" : 41,
      "end" : 48,
      "text" : "minutes",
      "whiteSpace" : false
    }, {
      "id" : "s0-t11",
      "begin" : 49,
      "end" : 53,
      "text" : "East",
      "whiteSpace" : false
    }, {
      "id" : "s0-t12",
      "begin" : 54,
      "end" : 55,
      "text" : "a",
      "whiteSpace" : false
    }, {
      "id" : "s0-t13",
      "begin" : 56,
      "end" : 64,
      "text" : "distance",
      "whiteSpace" : false
    }, {
      "id" : "s0-t14",
      "begin" : 65,
      "end" : 67,
      "text" : "of",
      "whiteSpace" : false
    }, {
      "id" : "s0-t15",
      "begin" : 68,
      "end" : 71,
      "text" : "110",
      "whiteSpace" : false
    }, {
      "id" : "s0-t16",
      "begin" : 72,
      "end" : 76,
      "text" : "feet",
      "whiteSpace" : false
    }, {
      "id" : "s0-t17",
      "begin" : 77,
      "end" : 79,
      "text" : "to",
      "whiteSpace" : false
    }, {
      "id" : "s0-t18",
      "begin" : 80,
      "end" : 81,
      "text" : "a",
      "whiteSpace" : false
    }, {
      "id" : "s0-t19",
      "begin" : 82,
      "end" : 87,
      "text" : "point",
      "whiteSpace" : false
    }, {
      "id" : "s0-t20",
      "begin" : 88,
      "end" : 90,
      "text" : "at",
      "whiteSpace" : false
    }, {
      "id" : "s0-t21",
      "begin" : 91,
      "end" : 94,
      "text" : "the",
      "whiteSpace" : false
    }, {
      "id" : "s0-t22",
      "begin" : 95,
      "end" : 104,
      "text" : "northwest",
      "whiteSpace" : false
    }, {
      "id" : "s0-t23",
      "begin" : 105,
      "end" : 111,
      "text" : "corner",
      "whiteSpace" : false
    }, {
      "id" : "s0-t24",
      "begin" : 112,
      "end" : 114,
      "text" : "of",
      "whiteSpace" : false
    }, {
      "id" : "s0-t25",
      "begin" : 115,
      "end" : 118,
      "text" : "Lot",
      "whiteSpace" : false
    }, {
      "id" : "s0-t26",
      "begin" : 119,
      "end" : 122,
      "text" : "2-B",
      "whiteSpace" : false
    }, {
      "id" : "s0-t27",
      "begin" : 122,
      "end" : 123,
      "text" : ";",
      "whiteSpace" : false
    }, {
      "id" : "s0-t28",
      "begin" : 124,
      "end" : 130,
      "text" : "thence",
      "whiteSpace" : false
    }, {
      "id" : "s0-t29",
      "begin" : 131,
      "end" : 135,
      "text" : "with",
      "whiteSpace" : false
    }, {
      "id" : "s0-t30",
      "begin" : 136,
      "end" : 139,
      "text" : "the",
      "whiteSpace" : false
    }, {
      "id" : "s0-t31",
      "begin" : 140,
      "end" : 144,
      "text" : "west",
      "whiteSpace" : false
    }, {
      "id" : "s0-t32",
      "begin" : 145,
      "end" : 149,
      "text" : "line",
      "whiteSpace" : false
    }, {
      "id" : "s0-t33",
      "begin" : 150,
      "end" : 152,
      "text" : "of",
      "whiteSpace" : false
    }, {
      "id" : "s0-t34",
      "begin" : 153,
      "end" : 156,
      "text" : "Lot",
      "whiteSpace" : false
    }, {
      "id" : "s0-t35",
      "begin" : 157,
      "end" : 160,
      "text" : "2-B",
      "whiteSpace" : false
    }, {
      "id" : "s0-t36",
      "begin" : 161,
      "end" : 166,
      "text" : "South",
      "whiteSpace" : false
    }, {
      "id" : "s0-t37",
      "begin" : 167,
      "end" : 169,
      "text" : "18",
      "whiteSpace" : false
    }, {
      "id" : "s0-t38",
      "begin" : 170,
      "end" : 177,
      "text" : "degrees",
      "whiteSpace" : false
    }, {
      "id" : "s0-t39",
      "begin" : 178,
      "end" : 180,
      "text" : "00",
      "whiteSpace" : false
    }, {
      "id" : "s0-t40",
      "begin" : 181,
      "end" : 188,
      "text" : "minutes",
      "whiteSpace" : false
    }, {
      "id" : "s0-t41",
      "begin" : 189,
      "end" : 193,
      "text" : "East",
      "whiteSpace" : false
    }, {
      "id" : "s0-t42",
      "begin" : 194,
      "end" : 195,
      "text" : "a",
      "whiteSpace" : false
    }, {
      "id" : "s0-t43",
      "begin" : 196,
      "end" : 204,
      "text" : "distance",
      "whiteSpace" : false
    }, {
      "id" : "s0-t44",
      "begin" : 205,
      "end" : 207,
      "text" : "of",
      "whiteSpace" : false
    }, {
      "id" : "s0-t45",
      "begin" : 208,
      "end" : 211,
      "text" : "150",
      "whiteSpace" : false
    }, {
      "id" : "s0-t46",
      "begin" : 212,
      "end" : 216,
      "text" : "feet",
      "whiteSpace" : false
    }, {
      "id" : "s0-t47",
      "begin" : 217,
      "end" : 219,
      "text" : "to",
      "whiteSpace" : false
    }, {
      "id" : "s0-t48",
      "begin" : 220,
      "end" : 223,
      "text" : "the",
      "whiteSpace" : false
    }, {
      "id" : "s0-t49",
      "begin" : 224,
      "end" : 233,
      "text" : "beginning",
      "whiteSpace" : false
    }, {
      "id" : "s0-t50",
      "begin" : 233,
      "end" : 234,
      "text" : ".",
      "whiteSpace" : false
    } ]
  }, {
    "id" : "s1",
    "begin" : 235,
    "end" : 404,
    "text" : "Being Lot 3-B Ridings Subdivision platted as aforesaid., BEING the same property conveyed to Bradley R, Rachford by deed of record in Deed Book 189, page 2548, Register?",
    "tokens" : [ {
      "id" : "s1-t0",
      "begin" : 235,
      "end" : 240,
      "text" : "Being",
      "whiteSpace" : false
    }, {
      "id" : "s1-t1",
      "begin" : 241,
      "end" : 244,
      "text" : "Lot",
      "whiteSpace" : false
    }, {
      "id" : "s1-t2",
      "begin" : 245,
      "end" : 248,
      "text" : "3-B",
      "whiteSpace" : false
    }, {
      "id" : "s1-t3",
      "begin" : 249,
      "end" : 256,
      "text" : "Ridings",
      "whiteSpace" : false
    }, {
      "id" : "s1-t4",
      "begin" : 257,
      "end" : 268,
      "text" : "Subdivision",
      "whiteSpace" : false
    }, {
      "id" : "s1-t5",
      "begin" : 269,
      "end" : 276,
      "text" : "platted",
      "whiteSpace" : false
    }, {
      "id" : "s1-t6",
      "begin" : 277,
      "end" : 279,
      "text" : "as",
      "whiteSpace" : false
    }, {
      "id" : "s1-t7",
      "begin" : 280,
      "end" : 290,
      "text" : "aforesaid.",
      "whiteSpace" : false
    }, {
      "id" : "s1-t8",
      "begin" : 290,
      "end" : 291,
      "text" : ",",
      "whiteSpace" : false
    }, {
      "id" : "s1-t9",
      "begin" : 292,
      "end" : 297,
      "text" : "BEING",
      "whiteSpace" : false
    }, {
      "id" : "s1-t10",
      "begin" : 298,
      "end" : 301,
      "text" : "the",
      "whiteSpace" : false
    }, {
      "id" : "s1-t11",
      "begin" : 302,
      "end" : 306,
      "text" : "same",
      "whiteSpace" : false
    }, {
      "id" : "s1-t12",
      "begin" : 307,
      "end" : 315,
      "text" : "property",
      "whiteSpace" : false
    }, {
      "id" : "s1-t13",
      "begin" : 316,
      "end" : 324,
      "text" : "conveyed",
      "whiteSpace" : false
    }, {
      "id" : "s1-t14",
      "begin" : 325,
      "end" : 327,
      "text" : "to",
      "whiteSpace" : false
    }, {
      "id" : "s1-t15",
      "begin" : 328,
      "end" : 335,
      "text" : "Bradley",
      "whiteSpace" : false
    }, {
      "id" : "s1-t16",
      "begin" : 336,
      "end" : 337,
      "text" : "R",
      "whiteSpace" : false
    }, {
      "id" : "s1-t17",
      "begin" : 337,
      "end" : 338,
      "text" : ",",
      "whiteSpace" : false
    }, {
      "id" : "s1-t18",
      "begin" : 339,
      "end" : 347,
      "text" : "Rachford",
      "whiteSpace" : false
    }, {
      "id" : "s1-t19",
      "begin" : 348,
      "end" : 350,
      "text" : "by",
      "whiteSpace" : false
    }, {
      "id" : "s1-t20",
      "begin" : 351,
      "end" : 355,
      "text" : "deed",
      "whiteSpace" : false
    }, {
      "id" : "s1-t21",
      "begin" : 356,
      "end" : 358,
      "text" : "of",
      "whiteSpace" : false
    }, {
      "id" : "s1-t22",
      "begin" : 359,
      "end" : 365,
      "text" : "record",
      "whiteSpace" : false
    }, {
      "id" : "s1-t23",
      "begin" : 366,
      "end" : 368,
      "text" : "in",
      "whiteSpace" : false
    }, {
      "id" : "s1-t24",
      "begin" : 369,
      "end" : 373,
      "text" : "Deed",
      "whiteSpace" : false
    }, {
      "id" : "s1-t25",
      "begin" : 374,
      "end" : 378,
      "text" : "Book",
      "whiteSpace" : false
    }, {
      "id" : "s1-t26",
      "begin" : 379,
      "end" : 382,
      "text" : "189",
      "whiteSpace" : false
    }, {
      "id" : "s1-t27",
      "begin" : 382,
      "end" : 383,
      "text" : ",",
      "whiteSpace" : false
    }, {
      "id" : "s1-t28",
      "begin" : 384,
      "end" : 388,
      "text" : "page",
      "whiteSpace" : false
    }, {
      "id" : "s1-t29",
      "begin" : 389,
      "end" : 393,
      "text" : "2548",
      "whiteSpace" : false
    }, {
      "id" : "s1-t30",
      "begin" : 393,
      "end" : 394,
      "text" : ",",
      "whiteSpace" : false
    }, {
      "id" : "s1-t31",
      "begin" : 395,
      "end" : 403,
      "text" : "Register",
      "whiteSpace" : false
    }, {
      "id" : "s1-t32",
      "begin" : 403,
      "end" : 404,
      "text" : "?",
      "whiteSpace" : false
    } ]
  }, {
    "id" : "s2",
    "begin" : 404,
    "end" : 411,
    "text" : "??s Of?",
    "tokens" : [ {
      "id" : "s2-t0",
      "begin" : 404,
      "end" : 407,
      "text" : "??s",
      "whiteSpace" : false
    }, {
      "id" : "s2-t1",
      "begin" : 408,
      "end" : 410,
      "text" : "Of",
      "whiteSpace" : false
    }, {
      "id" : "s2-t2",
      "begin" : 410,
      "end" : 411,
      "text" : "?",
      "whiteSpace" : false
    } ]
  }, {
    "id" : "s3",
    "begin" : 411,
    "end" : 674,
    "text" : "??ce of Humphreys County, Tennessee., This conveyance is made subject to restrictions and covenants as contained in the deed from Malcolm Ridings and wife, Ethel Ridings to Elzie Cogdill and wife, Bobbie Jean Cogdill of record in Deed Book 115, page 16, Register?",
    "tokens" : [ {
      "id" : "s3-t0",
      "begin" : 411,
      "end" : 415,
      "text" : "??ce",
      "whiteSpace" : false
    }, {
      "id" : "s3-t1",
      "begin" : 416,
      "end" : 418,
      "text" : "of",
      "whiteSpace" : false
    }, {
      "id" : "s3-t2",
      "begin" : 419,
      "end" : 428,
      "text" : "Humphreys",
      "whiteSpace" : false
    }, {
      "id" : "s3-t3",
      "begin" : 429,
      "end" : 435,
      "text" : "County",
      "whiteSpace" : false
    }, {
      "id" : "s3-t4",
      "begin" : 435,
      "end" : 436,
      "text" : ",",
      "whiteSpace" : false
    }, {
      "id" : "s3-t5",
      "begin" : 437,
      "end" : 447,
      "text" : "Tennessee.",
      "whiteSpace" : false
    }, {
      "id" : "s3-t6",
      "begin" : 447,
      "end" : 448,
      "text" : ",",
      "whiteSpace" : false
    }, {
      "id" : "s3-t7",
      "begin" : 449,
      "end" : 453,
      "text" : "This",
      "whiteSpace" : false
    }, {
      "id" : "s3-t8",
      "begin" : 454,
      "end" : 464,
      "text" : "conveyance",
      "whiteSpace" : false
    }, {
      "id" : "s3-t9",
      "begin" : 465,
      "end" : 467,
      "text" : "is",
      "whiteSpace" : false
    }, {
      "id" : "s3-t10",
      "begin" : 468,
      "end" : 472,
      "text" : "made",
      "whiteSpace" : false
    }, {
      "id" : "s3-t11",
      "begin" : 473,
      "end" : 480,
      "text" : "subject",
      "whiteSpace" : false
    }, {
      "id" : "s3-t12",
      "begin" : 481,
      "end" : 483,
      "text" : "to",
      "whiteSpace" : false
    }, {
      "id" : "s3-t13",
      "begin" : 484,
      "end" : 496,
      "text" : "restrictions",
      "whiteSpace" : false
    }, {
      "id" : "s3-t14",
      "begin" : 497,
      "end" : 500,
      "text" : "and",
      "whiteSpace" : false
    }, {
      "id" : "s3-t15",
      "begin" : 501,
      "end" : 510,
      "text" : "covenants",
      "whiteSpace" : false
    }, {
      "id" : "s3-t16",
      "begin" : 511,
      "end" : 513,
      "text" : "as",
      "whiteSpace" : false
    }, {
      "id" : "s3-t17",
      "begin" : 514,
      "end" : 523,
      "text" : "contained",
      "whiteSpace" : false
    }, {
      "id" : "s3-t18",
      "begin" : 524,
      "end" : 526,
      "text" : "in",
      "whiteSpace" : false
    }, {
      "id" : "s3-t19",
      "begin" : 527,
      "end" : 530,
      "text" : "the",
      "whiteSpace" : false
    }, {
      "id" : "s3-t20",
      "begin" : 531,
      "end" : 535,
      "text" : "deed",
      "whiteSpace" : false
    }, {
      "id" : "s3-t21",
      "begin" : 536,
      "end" : 540,
      "text" : "from",
      "whiteSpace" : false
    }, {
      "id" : "s3-t22",
      "begin" : 541,
      "end" : 548,
      "text" : "Malcolm",
      "whiteSpace" : false
    }, {
      "id" : "s3-t23",
      "begin" : 549,
      "end" : 556,
      "text" : "Ridings",
      "whiteSpace" : false
    }, {
      "id" : "s3-t24",
      "begin" : 557,
      "end" : 560,
      "text" : "and",
      "whiteSpace" : false
    }, {
      "id" : "s3-t25",
      "begin" : 561,
      "end" : 565,
      "text" : "wife",
      "whiteSpace" : false
    }, {
      "id" : "s3-t26",
      "begin" : 565,
      "end" : 566,
      "text" : ",",
      "whiteSpace" : false
    }, {
      "id" : "s3-t27",
      "begin" : 567,
      "end" : 572,
      "text" : "Ethel",
      "whiteSpace" : false
    }, {
      "id" : "s3-t28",
      "begin" : 573,
      "end" : 580,
      "text" : "Ridings",
      "whiteSpace" : false
    }, {
      "id" : "s3-t29",
      "begin" : 581,
      "end" : 583,
      "text" : "to",
      "whiteSpace" : false
    }, {
      "id" : "s3-t30",
      "begin" : 584,
      "end" : 589,
      "text" : "Elzie",
      "whiteSpace" : false
    }, {
      "id" : "s3-t31",
      "begin" : 590,
      "end" : 597,
      "text" : "Cogdill",
      "whiteSpace" : false
    }, {
      "id" : "s3-t32",
      "begin" : 598,
      "end" : 601,
      "text" : "and",
      "whiteSpace" : false
    }, {
      "id" : "s3-t33",
      "begin" : 602,
      "end" : 606,
      "text" : "wife",
      "whiteSpace" : false
    }, {
      "id" : "s3-t34",
      "begin" : 606,
      "end" : 607,
      "text" : ",",
      "whiteSpace" : false
    }, {
      "id" : "s3-t35",
      "begin" : 608,
      "end" : 614,
      "text" : "Bobbie",
      "whiteSpace" : false
    }, {
      "id" : "s3-t36",
      "begin" : 615,
      "end" : 619,
      "text" : "Jean",
      "whiteSpace" : false
    }, {
      "id" : "s3-t37",
      "begin" : 620,
      "end" : 627,
      "text" : "Cogdill",
      "whiteSpace" : false
    }, {
      "id" : "s3-t38",
      "begin" : 628,
      "end" : 630,
      "text" : "of",
      "whiteSpace" : false
    }, {
      "id" : "s3-t39",
      "begin" : 631,
      "end" : 637,
      "text" : "record",
      "whiteSpace" : false
    }, {
      "id" : "s3-t40",
      "begin" : 638,
      "end" : 640,
      "text" : "in",
      "whiteSpace" : false
    }, {
      "id" : "s3-t41",
      "begin" : 641,
      "end" : 645,
      "text" : "Deed",
      "whiteSpace" : false
    }, {
      "id" : "s3-t42",
      "begin" : 646,
      "end" : 650,
      "text" : "Book",
      "whiteSpace" : false
    }, {
      "id" : "s3-t43",
      "begin" : 651,
      "end" : 654,
      "text" : "115",
      "whiteSpace" : false
    }, {
      "id" : "s3-t44",
      "begin" : 654,
      "end" : 655,
      "text" : ",",
      "whiteSpace" : false
    }, {
      "id" : "s3-t45",
      "begin" : 656,
      "end" : 660,
      "text" : "page",
      "whiteSpace" : false
    }, {
      "id" : "s3-t46",
      "begin" : 661,
      "end" : 663,
      "text" : "16",
      "whiteSpace" : false
    }, {
      "id" : "s3-t47",
      "begin" : 663,
      "end" : 664,
      "text" : ",",
      "whiteSpace" : false
    }, {
      "id" : "s3-t48",
      "begin" : 665,
      "end" : 673,
      "text" : "Register",
      "whiteSpace" : false
    }, {
      "id" : "s3-t49",
      "begin" : 673,
      "end" : 674,
      "text" : "?",
      "whiteSpace" : false
    } ]
  }, {
    "id" : "s4",
    "begin" : 674,
    "end" : 681,
    "text" : "??s Of?",
    "tokens" : [ {
      "id" : "s4-t0",
      "begin" : 674,
      "end" : 677,
      "text" : "??s",
      "whiteSpace" : false
    }, {
      "id" : "s4-t1",
      "begin" : 678,
      "end" : 680,
      "text" : "Of",
      "whiteSpace" : false
    }, {
      "id" : "s4-t2",
      "begin" : 680,
      "end" : 681,
      "text" : "?",
      "whiteSpace" : false
    } ]
  }, {
    "id" : "s5",
    "begin" : 681,
    "end" : 718,
    "text" : "??ce of Humphreys County, Tennessee.]",
    "tokens" : [ {
      "id" : "s5-t0",
      "begin" : 681,
      "end" : 685,
      "text" : "??ce",
      "whiteSpace" : false
    }, {
      "id" : "s5-t1",
      "begin" : 686,
      "end" : 688,
      "text" : "of",
      "whiteSpace" : false
    }, {
      "id" : "s5-t2",
      "begin" : 689,
      "end" : 698,
      "text" : "Humphreys",
      "whiteSpace" : false
    }, {
      "id" : "s5-t3",
      "begin" : 699,
      "end" : 705,
      "text" : "County",
      "whiteSpace" : false
    }, {
      "id" : "s5-t4",
      "begin" : 705,
      "end" : 706,
      "text" : ",",
      "whiteSpace" : false
    }, {
      "id" : "s5-t5",
      "begin" : 707,
      "end" : 716,
      "text" : "Tennessee",
      "whiteSpace" : false
    }, {
      "id" : "s5-t6",
      "begin" : 716,
      "end" : 717,
      "text" : ".",
      "whiteSpace" : false
    }, {
      "id" : "s5-t7",
      "begin" : 717,
      "end" : 718,
      "text" : "]",
      "whiteSpace" : false
    } ]
  } ],
  "mentions" : [ {
    "id" : "s1-m1",
    "properties" : {
      "SIRE_MENTION_ROLE" : "WarrDeedBookNum",
      "SIRE_ENTITY_SUBTYPE" : "NONE",
      "SIRE_MENTION_TYPE" : "NONE",
      "SIRE_MENTION_CLASS" : "SPC"
    },
    "type" : "WarrDeedBookNum",
    "begin" : 379,
    "end" : 382,
    "inCoref" : false
  }, {
    "id" : "s1-m2",
    "properties" : {
      "SIRE_MENTION_ROLE" : "WarrDeedPageNum",
      "SIRE_ENTITY_SUBTYPE" : "NONE",
      "SIRE_MENTION_TYPE" : "NONE",
      "SIRE_MENTION_CLASS" : "SPC"
    },
    "type" : "WarrDeedPageNum",
    "begin" : 389,
    "end" : 393,
    "inCoref" : false
  } ],
  "relations" : [ ],
  "corefs" : [ ],
  "typeResolved" : true,
  "userResolved" : false
}