{
  "id" : "c11a10c0-54dc-11e9-91aa-93fcd1ae955b-6",
  "name" : "WD187-8.txt",
  "createdDate" : 0,
  "version" : 3,
  "text" : "Register???s Of???ce of Humphreys County, Tennessee., Being the same property conveyed to Pixel Properties by deed of record in Deed Book 186, page 475, Register???s Of???ce of Humphreys County, Tennessee., PIXEL PROPERTIES, A TENNESSEE GENWARTNERS, Nilesh Morar, Attorney-in-F act under the Speci???c Power of Attorney of record in Deed Book 185, page 1678, Register???s Of???ce of Humphreys County, Tennessee, /N il??s???fMorar???,??? Attorney???in-F act under the Speci???c Power of Attorney of record in Deed Book 185, page 1683, Register???s Of???ce of Humphreys County, Tennessee, ) ), ",
  "docLength" : 0,
  "language" : "EN",
  "status" : "SUBMITTED",
  "modifiedDate" : 1554166709988,
  "documentSet" : [ ],
  "preannotation" : [ ],
  "sentences" : [ {
    "id" : "s0",
    "begin" : 0,
    "end" : 9,
    "text" : "Register?",
    "tokens" : [ {
      "id" : "s0-t0",
      "begin" : 0,
      "end" : 8,
      "text" : "Register",
      "whiteSpace" : false
    }, {
      "id" : "s0-t1",
      "begin" : 8,
      "end" : 9,
      "text" : "?",
      "whiteSpace" : false
    } ]
  }, {
    "id" : "s1",
    "begin" : 9,
    "end" : 16,
    "text" : "??s Of?",
    "tokens" : [ {
      "id" : "s1-t0",
      "begin" : 9,
      "end" : 12,
      "text" : "??s",
      "whiteSpace" : false
    }, {
      "id" : "s1-t1",
      "begin" : 13,
      "end" : 15,
      "text" : "Of",
      "whiteSpace" : false
    }, {
      "id" : "s1-t2",
      "begin" : 15,
      "end" : 16,
      "text" : "?",
      "whiteSpace" : false
    } ]
  }, {
    "id" : "s2",
    "begin" : 16,
    "end" : 162,
    "text" : "??ce of Humphreys County, Tennessee., Being the same property conveyed to Pixel Properties by deed of record in Deed Book 186, page 475, Register?",
    "tokens" : [ {
      "id" : "s2-t0",
      "begin" : 16,
      "end" : 20,
      "text" : "??ce",
      "whiteSpace" : false
    }, {
      "id" : "s2-t1",
      "begin" : 21,
      "end" : 23,
      "text" : "of",
      "whiteSpace" : false
    }, {
      "id" : "s2-t2",
      "begin" : 24,
      "end" : 33,
      "text" : "Humphreys",
      "whiteSpace" : false
    }, {
      "id" : "s2-t3",
      "begin" : 34,
      "end" : 40,
      "text" : "County",
      "whiteSpace" : false
    }, {
      "id" : "s2-t4",
      "begin" : 40,
      "end" : 41,
      "text" : ",",
      "whiteSpace" : false
    }, {
      "id" : "s2-t5",
      "begin" : 42,
      "end" : 52,
      "text" : "Tennessee.",
      "whiteSpace" : false
    }, {
      "id" : "s2-t6",
      "begin" : 52,
      "end" : 53,
      "text" : ",",
      "whiteSpace" : false
    }, {
      "id" : "s2-t7",
      "begin" : 54,
      "end" : 59,
      "text" : "Being",
      "whiteSpace" : false
    }, {
      "id" : "s2-t8",
      "begin" : 60,
      "end" : 63,
      "text" : "the",
      "whiteSpace" : false
    }, {
      "id" : "s2-t9",
      "begin" : 64,
      "end" : 68,
      "text" : "same",
      "whiteSpace" : false
    }, {
      "id" : "s2-t10",
      "begin" : 69,
      "end" : 77,
      "text" : "property",
      "whiteSpace" : false
    }, {
      "id" : "s2-t11",
      "begin" : 78,
      "end" : 86,
      "text" : "conveyed",
      "whiteSpace" : false
    }, {
      "id" : "s2-t12",
      "begin" : 87,
      "end" : 89,
      "text" : "to",
      "whiteSpace" : false
    }, {
      "id" : "s2-t13",
      "begin" : 90,
      "end" : 95,
      "text" : "Pixel",
      "whiteSpace" : false
    }, {
      "id" : "s2-t14",
      "begin" : 96,
      "end" : 106,
      "text" : "Properties",
      "whiteSpace" : false
    }, {
      "id" : "s2-t15",
      "begin" : 107,
      "end" : 109,
      "text" : "by",
      "whiteSpace" : false
    }, {
      "id" : "s2-t16",
      "begin" : 110,
      "end" : 114,
      "text" : "deed",
      "whiteSpace" : false
    }, {
      "id" : "s2-t17",
      "begin" : 115,
      "end" : 117,
      "text" : "of",
      "whiteSpace" : false
    }, {
      "id" : "s2-t18",
      "begin" : 118,
      "end" : 124,
      "text" : "record",
      "whiteSpace" : false
    }, {
      "id" : "s2-t19",
      "begin" : 125,
      "end" : 127,
      "text" : "in",
      "whiteSpace" : false
    }, {
      "id" : "s2-t20",
      "begin" : 128,
      "end" : 132,
      "text" : "Deed",
      "whiteSpace" : false
    }, {
      "id" : "s2-t21",
      "begin" : 133,
      "end" : 137,
      "text" : "Book",
      "whiteSpace" : false
    }, {
      "id" : "s2-t22",
      "begin" : 138,
      "end" : 141,
      "text" : "186",
      "whiteSpace" : false
    }, {
      "id" : "s2-t23",
      "begin" : 141,
      "end" : 142,
      "text" : ",",
      "whiteSpace" : false
    }, {
      "id" : "s2-t24",
      "begin" : 143,
      "end" : 147,
      "text" : "page",
      "whiteSpace" : false
    }, {
      "id" : "s2-t25",
      "begin" : 148,
      "end" : 151,
      "text" : "475",
      "whiteSpace" : false
    }, {
      "id" : "s2-t26",
      "begin" : 151,
      "end" : 152,
      "text" : ",",
      "whiteSpace" : false
    }, {
      "id" : "s2-t27",
      "begin" : 153,
      "end" : 161,
      "text" : "Register",
      "whiteSpace" : false
    }, {
      "id" : "s2-t28",
      "begin" : 161,
      "end" : 162,
      "text" : "?",
      "whiteSpace" : false
    } ]
  }, {
    "id" : "s3",
    "begin" : 162,
    "end" : 169,
    "text" : "??s Of?",
    "tokens" : [ {
      "id" : "s3-t0",
      "begin" : 162,
      "end" : 165,
      "text" : "??s",
      "whiteSpace" : false
    }, {
      "id" : "s3-t1",
      "begin" : 166,
      "end" : 168,
      "text" : "Of",
      "whiteSpace" : false
    }, {
      "id" : "s3-t2",
      "begin" : 168,
      "end" : 169,
      "text" : "?",
      "whiteSpace" : false
    } ]
  }, {
    "id" : "s4",
    "begin" : 169,
    "end" : 298,
    "text" : "??ce of Humphreys County, Tennessee., PIXEL PROPERTIES, A TENNESSEE GENWARTNERS, Nilesh Morar, Attorney-in-F act under the Speci?",
    "tokens" : [ {
      "id" : "s4-t0",
      "begin" : 169,
      "end" : 173,
      "text" : "??ce",
      "whiteSpace" : false
    }, {
      "id" : "s4-t1",
      "begin" : 174,
      "end" : 176,
      "text" : "of",
      "whiteSpace" : false
    }, {
      "id" : "s4-t2",
      "begin" : 177,
      "end" : 186,
      "text" : "Humphreys",
      "whiteSpace" : false
    }, {
      "id" : "s4-t3",
      "begin" : 187,
      "end" : 193,
      "text" : "County",
      "whiteSpace" : false
    }, {
      "id" : "s4-t4",
      "begin" : 193,
      "end" : 194,
      "text" : ",",
      "whiteSpace" : false
    }, {
      "id" : "s4-t5",
      "begin" : 195,
      "end" : 205,
      "text" : "Tennessee.",
      "whiteSpace" : false
    }, {
      "id" : "s4-t6",
      "begin" : 205,
      "end" : 206,
      "text" : ",",
      "whiteSpace" : false
    }, {
      "id" : "s4-t7",
      "begin" : 207,
      "end" : 212,
      "text" : "PIXEL",
      "whiteSpace" : false
    }, {
      "id" : "s4-t8",
      "begin" : 213,
      "end" : 223,
      "text" : "PROPERTIES",
      "whiteSpace" : false
    }, {
      "id" : "s4-t9",
      "begin" : 223,
      "end" : 224,
      "text" : ",",
      "whiteSpace" : false
    }, {
      "id" : "s4-t10",
      "begin" : 225,
      "end" : 226,
      "text" : "A",
      "whiteSpace" : false
    }, {
      "id" : "s4-t11",
      "begin" : 227,
      "end" : 236,
      "text" : "TENNESSEE",
      "whiteSpace" : false
    }, {
      "id" : "s4-t12",
      "begin" : 237,
      "end" : 248,
      "text" : "GENWARTNERS",
      "whiteSpace" : false
    }, {
      "id" : "s4-t13",
      "begin" : 248,
      "end" : 249,
      "text" : ",",
      "whiteSpace" : false
    }, {
      "id" : "s4-t14",
      "begin" : 250,
      "end" : 256,
      "text" : "Nilesh",
      "whiteSpace" : false
    }, {
      "id" : "s4-t15",
      "begin" : 257,
      "end" : 262,
      "text" : "Morar",
      "whiteSpace" : false
    }, {
      "id" : "s4-t16",
      "begin" : 262,
      "end" : 263,
      "text" : ",",
      "whiteSpace" : false
    }, {
      "id" : "s4-t17",
      "begin" : 264,
      "end" : 272,
      "text" : "Attorney",
      "whiteSpace" : false
    }, {
      "id" : "s4-t18",
      "begin" : 272,
      "end" : 273,
      "text" : "-",
      "whiteSpace" : false
    }, {
      "id" : "s4-t19",
      "begin" : 273,
      "end" : 275,
      "text" : "in",
      "whiteSpace" : false
    }, {
      "id" : "s4-t20",
      "begin" : 275,
      "end" : 276,
      "text" : "-",
      "whiteSpace" : false
    }, {
      "id" : "s4-t21",
      "begin" : 276,
      "end" : 277,
      "text" : "F",
      "whiteSpace" : false
    }, {
      "id" : "s4-t22",
      "begin" : 278,
      "end" : 281,
      "text" : "act",
      "whiteSpace" : false
    }, {
      "id" : "s4-t23",
      "begin" : 282,
      "end" : 287,
      "text" : "under",
      "whiteSpace" : false
    }, {
      "id" : "s4-t24",
      "begin" : 288,
      "end" : 291,
      "text" : "the",
      "whiteSpace" : false
    }, {
      "id" : "s4-t25",
      "begin" : 292,
      "end" : 297,
      "text" : "Speci",
      "whiteSpace" : false
    }, {
      "id" : "s4-t26",
      "begin" : 297,
      "end" : 298,
      "text" : "?",
      "whiteSpace" : false
    } ]
  }, {
    "id" : "s5",
    "begin" : 298,
    "end" : 368,
    "text" : "??c Power of Attorney of record in Deed Book 185, page 1678, Register?",
    "tokens" : [ {
      "id" : "s5-t0",
      "begin" : 298,
      "end" : 301,
      "text" : "??c",
      "whiteSpace" : false
    }, {
      "id" : "s5-t1",
      "begin" : 302,
      "end" : 307,
      "text" : "Power",
      "whiteSpace" : false
    }, {
      "id" : "s5-t2",
      "begin" : 308,
      "end" : 310,
      "text" : "of",
      "whiteSpace" : false
    }, {
      "id" : "s5-t3",
      "begin" : 311,
      "end" : 319,
      "text" : "Attorney",
      "whiteSpace" : false
    }, {
      "id" : "s5-t4",
      "begin" : 320,
      "end" : 322,
      "text" : "of",
      "whiteSpace" : false
    }, {
      "id" : "s5-t5",
      "begin" : 323,
      "end" : 329,
      "text" : "record",
      "whiteSpace" : false
    }, {
      "id" : "s5-t6",
      "begin" : 330,
      "end" : 332,
      "text" : "in",
      "whiteSpace" : false
    }, {
      "id" : "s5-t7",
      "begin" : 333,
      "end" : 337,
      "text" : "Deed",
      "whiteSpace" : false
    }, {
      "id" : "s5-t8",
      "begin" : 338,
      "end" : 342,
      "text" : "Book",
      "whiteSpace" : false
    }, {
      "id" : "s5-t9",
      "begin" : 343,
      "end" : 346,
      "text" : "185",
      "whiteSpace" : false
    }, {
      "id" : "s5-t10",
      "begin" : 346,
      "end" : 347,
      "text" : ",",
      "whiteSpace" : false
    }, {
      "id" : "s5-t11",
      "begin" : 348,
      "end" : 352,
      "text" : "page",
      "whiteSpace" : false
    }, {
      "id" : "s5-t12",
      "begin" : 353,
      "end" : 357,
      "text" : "1678",
      "whiteSpace" : false
    }, {
      "id" : "s5-t13",
      "begin" : 357,
      "end" : 358,
      "text" : ",",
      "whiteSpace" : false
    }, {
      "id" : "s5-t14",
      "begin" : 359,
      "end" : 367,
      "text" : "Register",
      "whiteSpace" : false
    }, {
      "id" : "s5-t15",
      "begin" : 367,
      "end" : 368,
      "text" : "?",
      "whiteSpace" : false
    } ]
  }, {
    "id" : "s6",
    "begin" : 368,
    "end" : 375,
    "text" : "??s Of?",
    "tokens" : [ {
      "id" : "s6-t0",
      "begin" : 368,
      "end" : 371,
      "text" : "??s",
      "whiteSpace" : false
    }, {
      "id" : "s6-t1",
      "begin" : 372,
      "end" : 374,
      "text" : "Of",
      "whiteSpace" : false
    }, {
      "id" : "s6-t2",
      "begin" : 374,
      "end" : 375,
      "text" : "?",
      "whiteSpace" : false
    } ]
  }, {
    "id" : "s7",
    "begin" : 375,
    "end" : 418,
    "text" : "??ce of Humphreys County, Tennessee, /N il?",
    "tokens" : [ {
      "id" : "s7-t0",
      "begin" : 375,
      "end" : 379,
      "text" : "??ce",
      "whiteSpace" : false
    }, {
      "id" : "s7-t1",
      "begin" : 380,
      "end" : 382,
      "text" : "of",
      "whiteSpace" : false
    }, {
      "id" : "s7-t2",
      "begin" : 383,
      "end" : 392,
      "text" : "Humphreys",
      "whiteSpace" : false
    }, {
      "id" : "s7-t3",
      "begin" : 393,
      "end" : 399,
      "text" : "County",
      "whiteSpace" : false
    }, {
      "id" : "s7-t4",
      "begin" : 399,
      "end" : 400,
      "text" : ",",
      "whiteSpace" : false
    }, {
      "id" : "s7-t5",
      "begin" : 401,
      "end" : 410,
      "text" : "Tennessee",
      "whiteSpace" : false
    }, {
      "id" : "s7-t6",
      "begin" : 410,
      "end" : 411,
      "text" : ",",
      "whiteSpace" : false
    }, {
      "id" : "s7-t7",
      "begin" : 412,
      "end" : 414,
      "text" : "/N",
      "whiteSpace" : false
    }, {
      "id" : "s7-t8",
      "begin" : 415,
      "end" : 417,
      "text" : "il",
      "whiteSpace" : false
    }, {
      "id" : "s7-t9",
      "begin" : 417,
      "end" : 418,
      "text" : "?",
      "whiteSpace" : false
    } ]
  }, {
    "id" : "s8",
    "begin" : 418,
    "end" : 421,
    "text" : "?s?",
    "tokens" : [ {
      "id" : "s8-t0",
      "begin" : 418,
      "end" : 420,
      "text" : "?s",
      "whiteSpace" : false
    }, {
      "id" : "s8-t1",
      "begin" : 420,
      "end" : 421,
      "text" : "?",
      "whiteSpace" : false
    } ]
  }, {
    "id" : "s9",
    "begin" : 421,
    "end" : 430,
    "text" : "??fMorar?",
    "tokens" : [ {
      "id" : "s9-t0",
      "begin" : 421,
      "end" : 429,
      "text" : "??fMorar",
      "whiteSpace" : false
    }, {
      "id" : "s9-t1",
      "begin" : 429,
      "end" : 430,
      "text" : "?",
      "whiteSpace" : false
    } ]
  }, {
    "id" : "s10",
    "begin" : 430,
    "end" : 436,
    "text" : "??,???",
    "tokens" : [ {
      "id" : "s10-t0",
      "begin" : 430,
      "end" : 432,
      "text" : "??",
      "whiteSpace" : false
    }, {
      "id" : "s10-t1",
      "begin" : 432,
      "end" : 433,
      "text" : ",",
      "whiteSpace" : false
    }, {
      "id" : "s10-t2",
      "begin" : 433,
      "end" : 435,
      "text" : "??",
      "whiteSpace" : false
    }, {
      "id" : "s10-t3",
      "begin" : 435,
      "end" : 436,
      "text" : "?",
      "whiteSpace" : false
    } ]
  }, {
    "id" : "s11",
    "begin" : 437,
    "end" : 446,
    "text" : "Attorney?",
    "tokens" : [ {
      "id" : "s11-t0",
      "begin" : 437,
      "end" : 445,
      "text" : "Attorney",
      "whiteSpace" : false
    }, {
      "id" : "s11-t1",
      "begin" : 445,
      "end" : 446,
      "text" : "?",
      "whiteSpace" : false
    } ]
  }, {
    "id" : "s12",
    "begin" : 446,
    "end" : 473,
    "text" : "??in-F act under the Speci?",
    "tokens" : [ {
      "id" : "s12-t0",
      "begin" : 446,
      "end" : 450,
      "text" : "??in",
      "whiteSpace" : false
    }, {
      "id" : "s12-t1",
      "begin" : 450,
      "end" : 451,
      "text" : "-",
      "whiteSpace" : false
    }, {
      "id" : "s12-t2",
      "begin" : 451,
      "end" : 452,
      "text" : "F",
      "whiteSpace" : false
    }, {
      "id" : "s12-t3",
      "begin" : 453,
      "end" : 456,
      "text" : "act",
      "whiteSpace" : false
    }, {
      "id" : "s12-t4",
      "begin" : 457,
      "end" : 462,
      "text" : "under",
      "whiteSpace" : false
    }, {
      "id" : "s12-t5",
      "begin" : 463,
      "end" : 466,
      "text" : "the",
      "whiteSpace" : false
    }, {
      "id" : "s12-t6",
      "begin" : 467,
      "end" : 472,
      "text" : "Speci",
      "whiteSpace" : false
    }, {
      "id" : "s12-t7",
      "begin" : 472,
      "end" : 473,
      "text" : "?",
      "whiteSpace" : false
    } ]
  }, {
    "id" : "s13",
    "begin" : 473,
    "end" : 543,
    "text" : "??c Power of Attorney of record in Deed Book 185, page 1683, Register?",
    "tokens" : [ {
      "id" : "s13-t0",
      "begin" : 473,
      "end" : 476,
      "text" : "??c",
      "whiteSpace" : false
    }, {
      "id" : "s13-t1",
      "begin" : 477,
      "end" : 482,
      "text" : "Power",
      "whiteSpace" : false
    }, {
      "id" : "s13-t2",
      "begin" : 483,
      "end" : 485,
      "text" : "of",
      "whiteSpace" : false
    }, {
      "id" : "s13-t3",
      "begin" : 486,
      "end" : 494,
      "text" : "Attorney",
      "whiteSpace" : false
    }, {
      "id" : "s13-t4",
      "begin" : 495,
      "end" : 497,
      "text" : "of",
      "whiteSpace" : false
    }, {
      "id" : "s13-t5",
      "begin" : 498,
      "end" : 504,
      "text" : "record",
      "whiteSpace" : false
    }, {
      "id" : "s13-t6",
      "begin" : 505,
      "end" : 507,
      "text" : "in",
      "whiteSpace" : false
    }, {
      "id" : "s13-t7",
      "begin" : 508,
      "end" : 512,
      "text" : "Deed",
      "whiteSpace" : false
    }, {
      "id" : "s13-t8",
      "begin" : 513,
      "end" : 517,
      "text" : "Book",
      "whiteSpace" : false
    }, {
      "id" : "s13-t9",
      "begin" : 518,
      "end" : 521,
      "text" : "185",
      "whiteSpace" : false
    }, {
      "id" : "s13-t10",
      "begin" : 521,
      "end" : 522,
      "text" : ",",
      "whiteSpace" : false
    }, {
      "id" : "s13-t11",
      "begin" : 523,
      "end" : 527,
      "text" : "page",
      "whiteSpace" : false
    }, {
      "id" : "s13-t12",
      "begin" : 528,
      "end" : 532,
      "text" : "1683",
      "whiteSpace" : false
    }, {
      "id" : "s13-t13",
      "begin" : 532,
      "end" : 533,
      "text" : ",",
      "whiteSpace" : false
    }, {
      "id" : "s13-t14",
      "begin" : 534,
      "end" : 542,
      "text" : "Register",
      "whiteSpace" : false
    }, {
      "id" : "s13-t15",
      "begin" : 542,
      "end" : 543,
      "text" : "?",
      "whiteSpace" : false
    } ]
  }, {
    "id" : "s14",
    "begin" : 543,
    "end" : 550,
    "text" : "??s Of?",
    "tokens" : [ {
      "id" : "s14-t0",
      "begin" : 543,
      "end" : 546,
      "text" : "??s",
      "whiteSpace" : false
    }, {
      "id" : "s14-t1",
      "begin" : 547,
      "end" : 549,
      "text" : "Of",
      "whiteSpace" : false
    }, {
      "id" : "s14-t2",
      "begin" : 549,
      "end" : 550,
      "text" : "?",
      "whiteSpace" : false
    } ]
  }, {
    "id" : "s15",
    "begin" : 550,
    "end" : 591,
    "text" : "??ce of Humphreys County, Tennessee, ) ),",
    "tokens" : [ {
      "id" : "s15-t0",
      "begin" : 550,
      "end" : 554,
      "text" : "??ce",
      "whiteSpace" : false
    }, {
      "id" : "s15-t1",
      "begin" : 555,
      "end" : 557,
      "text" : "of",
      "whiteSpace" : false
    }, {
      "id" : "s15-t2",
      "begin" : 558,
      "end" : 567,
      "text" : "Humphreys",
      "whiteSpace" : false
    }, {
      "id" : "s15-t3",
      "begin" : 568,
      "end" : 574,
      "text" : "County",
      "whiteSpace" : false
    }, {
      "id" : "s15-t4",
      "begin" : 574,
      "end" : 575,
      "text" : ",",
      "whiteSpace" : false
    }, {
      "id" : "s15-t5",
      "begin" : 576,
      "end" : 585,
      "text" : "Tennessee",
      "whiteSpace" : false
    }, {
      "id" : "s15-t6",
      "begin" : 585,
      "end" : 586,
      "text" : ",",
      "whiteSpace" : false
    }, {
      "id" : "s15-t7",
      "begin" : 587,
      "end" : 588,
      "text" : ")",
      "whiteSpace" : false
    }, {
      "id" : "s15-t8",
      "begin" : 589,
      "end" : 590,
      "text" : ")",
      "whiteSpace" : false
    }, {
      "id" : "s15-t9",
      "begin" : 590,
      "end" : 591,
      "text" : ",",
      "whiteSpace" : false
    } ]
  } ],
  "mentions" : [ {
    "id" : "s2-m1",
    "properties" : {
      "SIRE_MENTION_ROLE" : "WarrDeedBookNum",
      "SIRE_ENTITY_SUBTYPE" : "NONE",
      "SIRE_MENTION_TYPE" : "NONE",
      "SIRE_MENTION_CLASS" : "SPC"
    },
    "type" : "WarrDeedBookNum",
    "begin" : 138,
    "end" : 141,
    "inCoref" : false
  }, {
    "id" : "s2-m2",
    "properties" : {
      "SIRE_MENTION_ROLE" : "WarrDeedPageNum",
      "SIRE_ENTITY_SUBTYPE" : "NONE",
      "SIRE_MENTION_TYPE" : "NONE",
      "SIRE_MENTION_CLASS" : "SPC"
    },
    "type" : "WarrDeedPageNum",
    "begin" : 148,
    "end" : 151,
    "inCoref" : false
  } ],
  "relations" : [ ],
  "corefs" : [ ],
  "typeResolved" : true,
  "userResolved" : false
}