{
  "id" : "c11a10c0-54dc-11e9-91aa-93fcd1ae955b-12",
  "name" : "WD192-1.txt",
  "createdDate" : 0,
  "version" : 3,
  "text" : " #A352307., Being the same property conveyed to Eddie Tarpy and David O., Frazier by Special Warranty Deed of record in Deed Book 191, page 1440, Register???s Of???ce of Humphreys County, Tennessee., Covenants for Eze Acres Subdivision of record in Deed Book 1 17, page 339, Register???s Of???ce of Humphreys County, Tennessee., ) ), BKIPG: WD1 92/1-3 07003337 was : AL WARRANTY DEED 1011112007 - 09:29 AM, STATE OF TENNESSEE, HUMPHREYS COUNTY JANET H. CROWELL REGISTER OF DEEDS]",
  "docLength" : 0,
  "language" : "EN",
  "status" : "SUBMITTED",
  "modifiedDate" : 1554166590802,
  "documentSet" : [ ],
  "preannotation" : [ ],
  "sentences" : [ {
    "id" : "s0",
    "begin" : 1,
    "end" : 72,
    "text" : "#A352307., Being the same property conveyed to Eddie Tarpy and David O.",
    "tokens" : [ {
      "id" : "s0-t0",
      "begin" : 1,
      "end" : 9,
      "text" : "#A352307",
      "whiteSpace" : false
    }, {
      "id" : "s0-t1",
      "begin" : 9,
      "end" : 10,
      "text" : ".",
      "whiteSpace" : false
    }, {
      "id" : "s0-t2",
      "begin" : 10,
      "end" : 11,
      "text" : ",",
      "whiteSpace" : false
    }, {
      "id" : "s0-t3",
      "begin" : 12,
      "end" : 17,
      "text" : "Being",
      "whiteSpace" : false
    }, {
      "id" : "s0-t4",
      "begin" : 18,
      "end" : 21,
      "text" : "the",
      "whiteSpace" : false
    }, {
      "id" : "s0-t5",
      "begin" : 22,
      "end" : 26,
      "text" : "same",
      "whiteSpace" : false
    }, {
      "id" : "s0-t6",
      "begin" : 27,
      "end" : 35,
      "text" : "property",
      "whiteSpace" : false
    }, {
      "id" : "s0-t7",
      "begin" : 36,
      "end" : 44,
      "text" : "conveyed",
      "whiteSpace" : false
    }, {
      "id" : "s0-t8",
      "begin" : 45,
      "end" : 47,
      "text" : "to",
      "whiteSpace" : false
    }, {
      "id" : "s0-t9",
      "begin" : 48,
      "end" : 53,
      "text" : "Eddie",
      "whiteSpace" : false
    }, {
      "id" : "s0-t10",
      "begin" : 54,
      "end" : 59,
      "text" : "Tarpy",
      "whiteSpace" : false
    }, {
      "id" : "s0-t11",
      "begin" : 60,
      "end" : 63,
      "text" : "and",
      "whiteSpace" : false
    }, {
      "id" : "s0-t12",
      "begin" : 64,
      "end" : 69,
      "text" : "David",
      "whiteSpace" : false
    }, {
      "id" : "s0-t13",
      "begin" : 70,
      "end" : 71,
      "text" : "O",
      "whiteSpace" : false
    }, {
      "id" : "s0-t14",
      "begin" : 71,
      "end" : 72,
      "text" : ".",
      "whiteSpace" : false
    } ]
  }, {
    "id" : "s1",
    "begin" : 72,
    "end" : 155,
    "text" : ", Frazier by Special Warranty Deed of record in Deed Book 191, page 1440, Register?",
    "tokens" : [ {
      "id" : "s1-t0",
      "begin" : 72,
      "end" : 73,
      "text" : ",",
      "whiteSpace" : false
    }, {
      "id" : "s1-t1",
      "begin" : 74,
      "end" : 81,
      "text" : "Frazier",
      "whiteSpace" : false
    }, {
      "id" : "s1-t2",
      "begin" : 82,
      "end" : 84,
      "text" : "by",
      "whiteSpace" : false
    }, {
      "id" : "s1-t3",
      "begin" : 85,
      "end" : 92,
      "text" : "Special",
      "whiteSpace" : false
    }, {
      "id" : "s1-t4",
      "begin" : 93,
      "end" : 101,
      "text" : "Warranty",
      "whiteSpace" : false
    }, {
      "id" : "s1-t5",
      "begin" : 102,
      "end" : 106,
      "text" : "Deed",
      "whiteSpace" : false
    }, {
      "id" : "s1-t6",
      "begin" : 107,
      "end" : 109,
      "text" : "of",
      "whiteSpace" : false
    }, {
      "id" : "s1-t7",
      "begin" : 110,
      "end" : 116,
      "text" : "record",
      "whiteSpace" : false
    }, {
      "id" : "s1-t8",
      "begin" : 117,
      "end" : 119,
      "text" : "in",
      "whiteSpace" : false
    }, {
      "id" : "s1-t9",
      "begin" : 120,
      "end" : 124,
      "text" : "Deed",
      "whiteSpace" : false
    }, {
      "id" : "s1-t10",
      "begin" : 125,
      "end" : 129,
      "text" : "Book",
      "whiteSpace" : false
    }, {
      "id" : "s1-t11",
      "begin" : 130,
      "end" : 133,
      "text" : "191",
      "whiteSpace" : false
    }, {
      "id" : "s1-t12",
      "begin" : 133,
      "end" : 134,
      "text" : ",",
      "whiteSpace" : false
    }, {
      "id" : "s1-t13",
      "begin" : 135,
      "end" : 139,
      "text" : "page",
      "whiteSpace" : false
    }, {
      "id" : "s1-t14",
      "begin" : 140,
      "end" : 144,
      "text" : "1440",
      "whiteSpace" : false
    }, {
      "id" : "s1-t15",
      "begin" : 144,
      "end" : 145,
      "text" : ",",
      "whiteSpace" : false
    }, {
      "id" : "s1-t16",
      "begin" : 146,
      "end" : 154,
      "text" : "Register",
      "whiteSpace" : false
    }, {
      "id" : "s1-t17",
      "begin" : 154,
      "end" : 155,
      "text" : "?",
      "whiteSpace" : false
    } ]
  }, {
    "id" : "s2",
    "begin" : 155,
    "end" : 162,
    "text" : "??s Of?",
    "tokens" : [ {
      "id" : "s2-t0",
      "begin" : 155,
      "end" : 158,
      "text" : "??s",
      "whiteSpace" : false
    }, {
      "id" : "s2-t1",
      "begin" : 159,
      "end" : 161,
      "text" : "Of",
      "whiteSpace" : false
    }, {
      "id" : "s2-t2",
      "begin" : 161,
      "end" : 162,
      "text" : "?",
      "whiteSpace" : false
    } ]
  }, {
    "id" : "s3",
    "begin" : 162,
    "end" : 284,
    "text" : "??ce of Humphreys County, Tennessee., Covenants for Eze Acres Subdivision of record in Deed Book 1 17, page 339, Register?",
    "tokens" : [ {
      "id" : "s3-t0",
      "begin" : 162,
      "end" : 166,
      "text" : "??ce",
      "whiteSpace" : false
    }, {
      "id" : "s3-t1",
      "begin" : 167,
      "end" : 169,
      "text" : "of",
      "whiteSpace" : false
    }, {
      "id" : "s3-t2",
      "begin" : 170,
      "end" : 179,
      "text" : "Humphreys",
      "whiteSpace" : false
    }, {
      "id" : "s3-t3",
      "begin" : 180,
      "end" : 186,
      "text" : "County",
      "whiteSpace" : false
    }, {
      "id" : "s3-t4",
      "begin" : 186,
      "end" : 187,
      "text" : ",",
      "whiteSpace" : false
    }, {
      "id" : "s3-t5",
      "begin" : 188,
      "end" : 198,
      "text" : "Tennessee.",
      "whiteSpace" : false
    }, {
      "id" : "s3-t6",
      "begin" : 198,
      "end" : 199,
      "text" : ",",
      "whiteSpace" : false
    }, {
      "id" : "s3-t7",
      "begin" : 200,
      "end" : 209,
      "text" : "Covenants",
      "whiteSpace" : false
    }, {
      "id" : "s3-t8",
      "begin" : 210,
      "end" : 213,
      "text" : "for",
      "whiteSpace" : false
    }, {
      "id" : "s3-t9",
      "begin" : 214,
      "end" : 217,
      "text" : "Eze",
      "whiteSpace" : false
    }, {
      "id" : "s3-t10",
      "begin" : 218,
      "end" : 223,
      "text" : "Acres",
      "whiteSpace" : false
    }, {
      "id" : "s3-t11",
      "begin" : 224,
      "end" : 235,
      "text" : "Subdivision",
      "whiteSpace" : false
    }, {
      "id" : "s3-t12",
      "begin" : 236,
      "end" : 238,
      "text" : "of",
      "whiteSpace" : false
    }, {
      "id" : "s3-t13",
      "begin" : 239,
      "end" : 245,
      "text" : "record",
      "whiteSpace" : false
    }, {
      "id" : "s3-t14",
      "begin" : 246,
      "end" : 248,
      "text" : "in",
      "whiteSpace" : false
    }, {
      "id" : "s3-t15",
      "begin" : 249,
      "end" : 253,
      "text" : "Deed",
      "whiteSpace" : false
    }, {
      "id" : "s3-t16",
      "begin" : 254,
      "end" : 258,
      "text" : "Book",
      "whiteSpace" : false
    }, {
      "id" : "s3-t17",
      "begin" : 259,
      "end" : 260,
      "text" : "1",
      "whiteSpace" : false
    }, {
      "id" : "s3-t18",
      "begin" : 261,
      "end" : 263,
      "text" : "17",
      "whiteSpace" : false
    }, {
      "id" : "s3-t19",
      "begin" : 263,
      "end" : 264,
      "text" : ",",
      "whiteSpace" : false
    }, {
      "id" : "s3-t20",
      "begin" : 265,
      "end" : 269,
      "text" : "page",
      "whiteSpace" : false
    }, {
      "id" : "s3-t21",
      "begin" : 270,
      "end" : 273,
      "text" : "339",
      "whiteSpace" : false
    }, {
      "id" : "s3-t22",
      "begin" : 273,
      "end" : 274,
      "text" : ",",
      "whiteSpace" : false
    }, {
      "id" : "s3-t23",
      "begin" : 275,
      "end" : 283,
      "text" : "Register",
      "whiteSpace" : false
    }, {
      "id" : "s3-t24",
      "begin" : 283,
      "end" : 284,
      "text" : "?",
      "whiteSpace" : false
    } ]
  }, {
    "id" : "s4",
    "begin" : 284,
    "end" : 291,
    "text" : "??s Of?",
    "tokens" : [ {
      "id" : "s4-t0",
      "begin" : 284,
      "end" : 287,
      "text" : "??s",
      "whiteSpace" : false
    }, {
      "id" : "s4-t1",
      "begin" : 288,
      "end" : 290,
      "text" : "Of",
      "whiteSpace" : false
    }, {
      "id" : "s4-t2",
      "begin" : 290,
      "end" : 291,
      "text" : "?",
      "whiteSpace" : false
    } ]
  }, {
    "id" : "s5",
    "begin" : 291,
    "end" : 479,
    "text" : "??ce of Humphreys County, Tennessee., ) ), BKIPG: WD1 92/1-3 07003337 was : AL WARRANTY DEED 1011112007 - 09:29 AM, STATE OF TENNESSEE, HUMPHREYS COUNTY JANET H. CROWELL REGISTER OF DEEDS]",
    "tokens" : [ {
      "id" : "s5-t0",
      "begin" : 291,
      "end" : 295,
      "text" : "??ce",
      "whiteSpace" : false
    }, {
      "id" : "s5-t1",
      "begin" : 296,
      "end" : 298,
      "text" : "of",
      "whiteSpace" : false
    }, {
      "id" : "s5-t2",
      "begin" : 299,
      "end" : 308,
      "text" : "Humphreys",
      "whiteSpace" : false
    }, {
      "id" : "s5-t3",
      "begin" : 309,
      "end" : 315,
      "text" : "County",
      "whiteSpace" : false
    }, {
      "id" : "s5-t4",
      "begin" : 315,
      "end" : 316,
      "text" : ",",
      "whiteSpace" : false
    }, {
      "id" : "s5-t5",
      "begin" : 317,
      "end" : 327,
      "text" : "Tennessee.",
      "whiteSpace" : false
    }, {
      "id" : "s5-t6",
      "begin" : 327,
      "end" : 328,
      "text" : ",",
      "whiteSpace" : false
    }, {
      "id" : "s5-t7",
      "begin" : 329,
      "end" : 330,
      "text" : ")",
      "whiteSpace" : false
    }, {
      "id" : "s5-t8",
      "begin" : 331,
      "end" : 332,
      "text" : ")",
      "whiteSpace" : false
    }, {
      "id" : "s5-t9",
      "begin" : 332,
      "end" : 333,
      "text" : ",",
      "whiteSpace" : false
    }, {
      "id" : "s5-t10",
      "begin" : 334,
      "end" : 339,
      "text" : "BKIPG",
      "whiteSpace" : false
    }, {
      "id" : "s5-t11",
      "begin" : 339,
      "end" : 340,
      "text" : ":",
      "whiteSpace" : false
    }, {
      "id" : "s5-t12",
      "begin" : 341,
      "end" : 344,
      "text" : "WD1",
      "whiteSpace" : false
    }, {
      "id" : "s5-t13",
      "begin" : 345,
      "end" : 347,
      "text" : "92",
      "whiteSpace" : false
    }, {
      "id" : "s5-t14",
      "begin" : 347,
      "end" : 351,
      "text" : "/1-3",
      "whiteSpace" : false
    }, {
      "id" : "s5-t15",
      "begin" : 352,
      "end" : 360,
      "text" : "07003337",
      "whiteSpace" : false
    }, {
      "id" : "s5-t16",
      "begin" : 361,
      "end" : 364,
      "text" : "was",
      "whiteSpace" : false
    }, {
      "id" : "s5-t17",
      "begin" : 365,
      "end" : 366,
      "text" : ":",
      "whiteSpace" : false
    }, {
      "id" : "s5-t18",
      "begin" : 367,
      "end" : 369,
      "text" : "AL",
      "whiteSpace" : false
    }, {
      "id" : "s5-t19",
      "begin" : 370,
      "end" : 378,
      "text" : "WARRANTY",
      "whiteSpace" : false
    }, {
      "id" : "s5-t20",
      "begin" : 379,
      "end" : 383,
      "text" : "DEED",
      "whiteSpace" : false
    }, {
      "id" : "s5-t21",
      "begin" : 384,
      "end" : 394,
      "text" : "1011112007",
      "whiteSpace" : false
    }, {
      "id" : "s5-t22",
      "begin" : 395,
      "end" : 396,
      "text" : "-",
      "whiteSpace" : false
    }, {
      "id" : "s5-t23",
      "begin" : 397,
      "end" : 402,
      "text" : "09:29",
      "whiteSpace" : false
    }, {
      "id" : "s5-t24",
      "begin" : 403,
      "end" : 405,
      "text" : "AM",
      "whiteSpace" : false
    }, {
      "id" : "s5-t25",
      "begin" : 405,
      "end" : 406,
      "text" : ",",
      "whiteSpace" : false
    }, {
      "id" : "s5-t26",
      "begin" : 407,
      "end" : 412,
      "text" : "STATE",
      "whiteSpace" : false
    }, {
      "id" : "s5-t27",
      "begin" : 413,
      "end" : 415,
      "text" : "OF",
      "whiteSpace" : false
    }, {
      "id" : "s5-t28",
      "begin" : 416,
      "end" : 425,
      "text" : "TENNESSEE",
      "whiteSpace" : false
    }, {
      "id" : "s5-t29",
      "begin" : 425,
      "end" : 426,
      "text" : ",",
      "whiteSpace" : false
    }, {
      "id" : "s5-t30",
      "begin" : 427,
      "end" : 436,
      "text" : "HUMPHREYS",
      "whiteSpace" : false
    }, {
      "id" : "s5-t31",
      "begin" : 437,
      "end" : 443,
      "text" : "COUNTY",
      "whiteSpace" : false
    }, {
      "id" : "s5-t32",
      "begin" : 444,
      "end" : 449,
      "text" : "JANET",
      "whiteSpace" : false
    }, {
      "id" : "s5-t33",
      "begin" : 450,
      "end" : 452,
      "text" : "H.",
      "whiteSpace" : false
    }, {
      "id" : "s5-t34",
      "begin" : 453,
      "end" : 460,
      "text" : "CROWELL",
      "whiteSpace" : false
    }, {
      "id" : "s5-t35",
      "begin" : 461,
      "end" : 469,
      "text" : "REGISTER",
      "whiteSpace" : false
    }, {
      "id" : "s5-t36",
      "begin" : 470,
      "end" : 472,
      "text" : "OF",
      "whiteSpace" : false
    }, {
      "id" : "s5-t37",
      "begin" : 473,
      "end" : 478,
      "text" : "DEEDS",
      "whiteSpace" : false
    }, {
      "id" : "s5-t38",
      "begin" : 478,
      "end" : 479,
      "text" : "]",
      "whiteSpace" : false
    } ]
  } ],
  "mentions" : [ {
    "id" : "s3-m1",
    "properties" : {
      "SIRE_MENTION_ROLE" : "WarrDeedBookNum",
      "SIRE_ENTITY_SUBTYPE" : "NONE",
      "SIRE_MENTION_TYPE" : "NONE",
      "SIRE_MENTION_CLASS" : "SPC"
    },
    "type" : "WarrDeedBookNum",
    "begin" : 259,
    "end" : 263,
    "inCoref" : false
  }, {
    "id" : "s3-m2",
    "properties" : {
      "SIRE_MENTION_ROLE" : "WarrDeedPageNum",
      "SIRE_ENTITY_SUBTYPE" : "NONE",
      "SIRE_MENTION_TYPE" : "NONE",
      "SIRE_MENTION_CLASS" : "SPC"
    },
    "type" : "WarrDeedPageNum",
    "begin" : 270,
    "end" : 273,
    "inCoref" : false
  } ],
  "relations" : [ ],
  "corefs" : [ ],
  "typeResolved" : true,
  "userResolved" : false
}