{
  "id" : "c8554300-54dc-11e9-b3f1-919b26b254ae-2",
  "name" : "WD196-8.txt",
  "createdDate" : 0,
  "version" : 3,
  "text" : " thence with Duck River South 61 \" 38??? 54??? East 234.83 feet to the northeast corner of the herein described tract; thence on a new line through Smith South 29?? 47' 37 \" West, passing over an iron pin set 50 feet from Duck River and continuing on in all 107.65 feet to an iron in set in the north margin of Watered Hollow Road; thence with the north margin of Watered Hollow Road North 65?? 22' 38 \" West 235.71 feet to the point of beginning, containing 0.62 acre., Survey by Reasons Engineering &amp; Associates, Inc. Tony Reasons. Surveyor, RLS #508. Humboldt, Tennessee, dated December 8. 2004., Being the same property conveyed to William Henry Johnson by deed of record in Deed Book 187, page 2289, Register??? 5 Of???ce ofHumphrcys County., Tennessee., A Grant of Easement to the United States of America, dated August 18, 1999. of record in Deed Book 177, page 1258, Register???s Of???ce for Humphreys County, Tennessee., Certain restrictions and protective covenants contained in the deed to William Henry Johnson of record in Deed Book 187, page 2289, Register???s Of???ce of Humphreys County, Tennessee, to-wit: 1., All homes built on site must be at least 1,200 square feet minimum, heated, for one story homes. For two story homes, there must be at least 1.000 square feet minimum on first level and ",
  "docLength" : 0,
  "language" : "EN",
  "status" : "SUBMITTED",
  "modifiedDate" : 1554165304414,
  "documentSet" : [ ],
  "preannotation" : [ ],
  "sentences" : [ {
    "id" : "s0",
    "begin" : 1,
    "end" : 40,
    "text" : "thence with Duck River South 61 \" 38???",
    "tokens" : [ {
      "id" : "s0-t0",
      "begin" : 1,
      "end" : 7,
      "text" : "thence",
      "whiteSpace" : false
    }, {
      "id" : "s0-t1",
      "begin" : 8,
      "end" : 12,
      "text" : "with",
      "whiteSpace" : false
    }, {
      "id" : "s0-t2",
      "begin" : 13,
      "end" : 17,
      "text" : "Duck",
      "whiteSpace" : false
    }, {
      "id" : "s0-t3",
      "begin" : 18,
      "end" : 23,
      "text" : "River",
      "whiteSpace" : false
    }, {
      "id" : "s0-t4",
      "begin" : 24,
      "end" : 29,
      "text" : "South",
      "whiteSpace" : false
    }, {
      "id" : "s0-t5",
      "begin" : 30,
      "end" : 32,
      "text" : "61",
      "whiteSpace" : false
    }, {
      "id" : "s0-t6",
      "begin" : 33,
      "end" : 34,
      "text" : "\"",
      "whiteSpace" : false
    }, {
      "id" : "s0-t7",
      "begin" : 35,
      "end" : 37,
      "text" : "38",
      "whiteSpace" : false
    }, {
      "id" : "s0-t8",
      "begin" : 37,
      "end" : 39,
      "text" : "??",
      "whiteSpace" : false
    }, {
      "id" : "s0-t9",
      "begin" : 39,
      "end" : 40,
      "text" : "?",
      "whiteSpace" : false
    } ]
  }, {
    "id" : "s1",
    "begin" : 41,
    "end" : 46,
    "text" : "54???",
    "tokens" : [ {
      "id" : "s1-t0",
      "begin" : 41,
      "end" : 43,
      "text" : "54",
      "whiteSpace" : false
    }, {
      "id" : "s1-t1",
      "begin" : 43,
      "end" : 45,
      "text" : "??",
      "whiteSpace" : false
    }, {
      "id" : "s1-t2",
      "begin" : 45,
      "end" : 46,
      "text" : "?",
      "whiteSpace" : false
    } ]
  }, {
    "id" : "s2",
    "begin" : 47,
    "end" : 164,
    "text" : "East 234.83 feet to the northeast corner of the herein described tract; thence on a new line through Smith South 29??",
    "tokens" : [ {
      "id" : "s2-t0",
      "begin" : 47,
      "end" : 51,
      "text" : "East",
      "whiteSpace" : false
    }, {
      "id" : "s2-t1",
      "begin" : 52,
      "end" : 58,
      "text" : "234.83",
      "whiteSpace" : false
    }, {
      "id" : "s2-t2",
      "begin" : 59,
      "end" : 63,
      "text" : "feet",
      "whiteSpace" : false
    }, {
      "id" : "s2-t3",
      "begin" : 64,
      "end" : 66,
      "text" : "to",
      "whiteSpace" : false
    }, {
      "id" : "s2-t4",
      "begin" : 67,
      "end" : 70,
      "text" : "the",
      "whiteSpace" : false
    }, {
      "id" : "s2-t5",
      "begin" : 71,
      "end" : 80,
      "text" : "northeast",
      "whiteSpace" : false
    }, {
      "id" : "s2-t6",
      "begin" : 81,
      "end" : 87,
      "text" : "corner",
      "whiteSpace" : false
    }, {
      "id" : "s2-t7",
      "begin" : 88,
      "end" : 90,
      "text" : "of",
      "whiteSpace" : false
    }, {
      "id" : "s2-t8",
      "begin" : 91,
      "end" : 94,
      "text" : "the",
      "whiteSpace" : false
    }, {
      "id" : "s2-t9",
      "begin" : 95,
      "end" : 101,
      "text" : "herein",
      "whiteSpace" : false
    }, {
      "id" : "s2-t10",
      "begin" : 102,
      "end" : 111,
      "text" : "described",
      "whiteSpace" : false
    }, {
      "id" : "s2-t11",
      "begin" : 112,
      "end" : 117,
      "text" : "tract",
      "whiteSpace" : false
    }, {
      "id" : "s2-t12",
      "begin" : 117,
      "end" : 118,
      "text" : ";",
      "whiteSpace" : false
    }, {
      "id" : "s2-t13",
      "begin" : 119,
      "end" : 125,
      "text" : "thence",
      "whiteSpace" : false
    }, {
      "id" : "s2-t14",
      "begin" : 126,
      "end" : 128,
      "text" : "on",
      "whiteSpace" : false
    }, {
      "id" : "s2-t15",
      "begin" : 129,
      "end" : 130,
      "text" : "a",
      "whiteSpace" : false
    }, {
      "id" : "s2-t16",
      "begin" : 131,
      "end" : 134,
      "text" : "new",
      "whiteSpace" : false
    }, {
      "id" : "s2-t17",
      "begin" : 135,
      "end" : 139,
      "text" : "line",
      "whiteSpace" : false
    }, {
      "id" : "s2-t18",
      "begin" : 140,
      "end" : 147,
      "text" : "through",
      "whiteSpace" : false
    }, {
      "id" : "s2-t19",
      "begin" : 148,
      "end" : 153,
      "text" : "Smith",
      "whiteSpace" : false
    }, {
      "id" : "s2-t20",
      "begin" : 154,
      "end" : 159,
      "text" : "South",
      "whiteSpace" : false
    }, {
      "id" : "s2-t21",
      "begin" : 160,
      "end" : 162,
      "text" : "29",
      "whiteSpace" : false
    }, {
      "id" : "s2-t22",
      "begin" : 162,
      "end" : 163,
      "text" : "?",
      "whiteSpace" : false
    }, {
      "id" : "s2-t23",
      "begin" : 163,
      "end" : 164,
      "text" : "?",
      "whiteSpace" : false
    } ]
  }, {
    "id" : "s3",
    "begin" : 165,
    "end" : 394,
    "text" : "47' 37 \" West, passing over an iron pin set 50 feet from Duck River and continuing on in all 107.65 feet to an iron in set in the north margin of Watered Hollow Road; thence with the north margin of Watered Hollow Road North 65??",
    "tokens" : [ {
      "id" : "s3-t0",
      "begin" : 165,
      "end" : 167,
      "text" : "47",
      "whiteSpace" : false
    }, {
      "id" : "s3-t1",
      "begin" : 167,
      "end" : 168,
      "text" : "'",
      "whiteSpace" : false
    }, {
      "id" : "s3-t2",
      "begin" : 169,
      "end" : 171,
      "text" : "37",
      "whiteSpace" : false
    }, {
      "id" : "s3-t3",
      "begin" : 172,
      "end" : 173,
      "text" : "\"",
      "whiteSpace" : false
    }, {
      "id" : "s3-t4",
      "begin" : 174,
      "end" : 178,
      "text" : "West",
      "whiteSpace" : false
    }, {
      "id" : "s3-t5",
      "begin" : 178,
      "end" : 179,
      "text" : ",",
      "whiteSpace" : false
    }, {
      "id" : "s3-t6",
      "begin" : 180,
      "end" : 187,
      "text" : "passing",
      "whiteSpace" : false
    }, {
      "id" : "s3-t7",
      "begin" : 188,
      "end" : 192,
      "text" : "over",
      "whiteSpace" : false
    }, {
      "id" : "s3-t8",
      "begin" : 193,
      "end" : 195,
      "text" : "an",
      "whiteSpace" : false
    }, {
      "id" : "s3-t9",
      "begin" : 196,
      "end" : 200,
      "text" : "iron",
      "whiteSpace" : false
    }, {
      "id" : "s3-t10",
      "begin" : 201,
      "end" : 204,
      "text" : "pin",
      "whiteSpace" : false
    }, {
      "id" : "s3-t11",
      "begin" : 205,
      "end" : 208,
      "text" : "set",
      "whiteSpace" : false
    }, {
      "id" : "s3-t12",
      "begin" : 209,
      "end" : 211,
      "text" : "50",
      "whiteSpace" : false
    }, {
      "id" : "s3-t13",
      "begin" : 212,
      "end" : 216,
      "text" : "feet",
      "whiteSpace" : false
    }, {
      "id" : "s3-t14",
      "begin" : 217,
      "end" : 221,
      "text" : "from",
      "whiteSpace" : false
    }, {
      "id" : "s3-t15",
      "begin" : 222,
      "end" : 226,
      "text" : "Duck",
      "whiteSpace" : false
    }, {
      "id" : "s3-t16",
      "begin" : 227,
      "end" : 232,
      "text" : "River",
      "whiteSpace" : false
    }, {
      "id" : "s3-t17",
      "begin" : 233,
      "end" : 236,
      "text" : "and",
      "whiteSpace" : false
    }, {
      "id" : "s3-t18",
      "begin" : 237,
      "end" : 247,
      "text" : "continuing",
      "whiteSpace" : false
    }, {
      "id" : "s3-t19",
      "begin" : 248,
      "end" : 250,
      "text" : "on",
      "whiteSpace" : false
    }, {
      "id" : "s3-t20",
      "begin" : 251,
      "end" : 253,
      "text" : "in",
      "whiteSpace" : false
    }, {
      "id" : "s3-t21",
      "begin" : 254,
      "end" : 257,
      "text" : "all",
      "whiteSpace" : false
    }, {
      "id" : "s3-t22",
      "begin" : 258,
      "end" : 264,
      "text" : "107.65",
      "whiteSpace" : false
    }, {
      "id" : "s3-t23",
      "begin" : 265,
      "end" : 269,
      "text" : "feet",
      "whiteSpace" : false
    }, {
      "id" : "s3-t24",
      "begin" : 270,
      "end" : 272,
      "text" : "to",
      "whiteSpace" : false
    }, {
      "id" : "s3-t25",
      "begin" : 273,
      "end" : 275,
      "text" : "an",
      "whiteSpace" : false
    }, {
      "id" : "s3-t26",
      "begin" : 276,
      "end" : 280,
      "text" : "iron",
      "whiteSpace" : false
    }, {
      "id" : "s3-t27",
      "begin" : 281,
      "end" : 283,
      "text" : "in",
      "whiteSpace" : false
    }, {
      "id" : "s3-t28",
      "begin" : 284,
      "end" : 287,
      "text" : "set",
      "whiteSpace" : false
    }, {
      "id" : "s3-t29",
      "begin" : 288,
      "end" : 290,
      "text" : "in",
      "whiteSpace" : false
    }, {
      "id" : "s3-t30",
      "begin" : 291,
      "end" : 294,
      "text" : "the",
      "whiteSpace" : false
    }, {
      "id" : "s3-t31",
      "begin" : 295,
      "end" : 300,
      "text" : "north",
      "whiteSpace" : false
    }, {
      "id" : "s3-t32",
      "begin" : 301,
      "end" : 307,
      "text" : "margin",
      "whiteSpace" : false
    }, {
      "id" : "s3-t33",
      "begin" : 308,
      "end" : 310,
      "text" : "of",
      "whiteSpace" : false
    }, {
      "id" : "s3-t34",
      "begin" : 311,
      "end" : 318,
      "text" : "Watered",
      "whiteSpace" : false
    }, {
      "id" : "s3-t35",
      "begin" : 319,
      "end" : 325,
      "text" : "Hollow",
      "whiteSpace" : false
    }, {
      "id" : "s3-t36",
      "begin" : 326,
      "end" : 330,
      "text" : "Road",
      "whiteSpace" : false
    }, {
      "id" : "s3-t37",
      "begin" : 330,
      "end" : 331,
      "text" : ";",
      "whiteSpace" : false
    }, {
      "id" : "s3-t38",
      "begin" : 332,
      "end" : 338,
      "text" : "thence",
      "whiteSpace" : false
    }, {
      "id" : "s3-t39",
      "begin" : 339,
      "end" : 343,
      "text" : "with",
      "whiteSpace" : false
    }, {
      "id" : "s3-t40",
      "begin" : 344,
      "end" : 347,
      "text" : "the",
      "whiteSpace" : false
    }, {
      "id" : "s3-t41",
      "begin" : 348,
      "end" : 353,
      "text" : "north",
      "whiteSpace" : false
    }, {
      "id" : "s3-t42",
      "begin" : 354,
      "end" : 360,
      "text" : "margin",
      "whiteSpace" : false
    }, {
      "id" : "s3-t43",
      "begin" : 361,
      "end" : 363,
      "text" : "of",
      "whiteSpace" : false
    }, {
      "id" : "s3-t44",
      "begin" : 364,
      "end" : 371,
      "text" : "Watered",
      "whiteSpace" : false
    }, {
      "id" : "s3-t45",
      "begin" : 372,
      "end" : 378,
      "text" : "Hollow",
      "whiteSpace" : false
    }, {
      "id" : "s3-t46",
      "begin" : 379,
      "end" : 383,
      "text" : "Road",
      "whiteSpace" : false
    }, {
      "id" : "s3-t47",
      "begin" : 384,
      "end" : 389,
      "text" : "North",
      "whiteSpace" : false
    }, {
      "id" : "s3-t48",
      "begin" : 390,
      "end" : 392,
      "text" : "65",
      "whiteSpace" : false
    }, {
      "id" : "s3-t49",
      "begin" : 392,
      "end" : 393,
      "text" : "?",
      "whiteSpace" : false
    }, {
      "id" : "s3-t50",
      "begin" : 393,
      "end" : 394,
      "text" : "?",
      "whiteSpace" : false
    } ]
  }, {
    "id" : "s4",
    "begin" : 395,
    "end" : 537,
    "text" : "22' 38 \" West 235.71 feet to the point of beginning, containing 0.62 acre., Survey by Reasons Engineering &amp; Associates, Inc. Tony Reasons.",
    "tokens" : [ {
      "id" : "s4-t0",
      "begin" : 395,
      "end" : 397,
      "text" : "22",
      "whiteSpace" : false
    }, {
      "id" : "s4-t1",
      "begin" : 397,
      "end" : 398,
      "text" : "'",
      "whiteSpace" : false
    }, {
      "id" : "s4-t2",
      "begin" : 399,
      "end" : 401,
      "text" : "38",
      "whiteSpace" : false
    }, {
      "id" : "s4-t3",
      "begin" : 402,
      "end" : 403,
      "text" : "\"",
      "whiteSpace" : false
    }, {
      "id" : "s4-t4",
      "begin" : 404,
      "end" : 408,
      "text" : "West",
      "whiteSpace" : false
    }, {
      "id" : "s4-t5",
      "begin" : 409,
      "end" : 415,
      "text" : "235.71",
      "whiteSpace" : false
    }, {
      "id" : "s4-t6",
      "begin" : 416,
      "end" : 420,
      "text" : "feet",
      "whiteSpace" : false
    }, {
      "id" : "s4-t7",
      "begin" : 421,
      "end" : 423,
      "text" : "to",
      "whiteSpace" : false
    }, {
      "id" : "s4-t8",
      "begin" : 424,
      "end" : 427,
      "text" : "the",
      "whiteSpace" : false
    }, {
      "id" : "s4-t9",
      "begin" : 428,
      "end" : 433,
      "text" : "point",
      "whiteSpace" : false
    }, {
      "id" : "s4-t10",
      "begin" : 434,
      "end" : 436,
      "text" : "of",
      "whiteSpace" : false
    }, {
      "id" : "s4-t11",
      "begin" : 437,
      "end" : 446,
      "text" : "beginning",
      "whiteSpace" : false
    }, {
      "id" : "s4-t12",
      "begin" : 446,
      "end" : 447,
      "text" : ",",
      "whiteSpace" : false
    }, {
      "id" : "s4-t13",
      "begin" : 448,
      "end" : 458,
      "text" : "containing",
      "whiteSpace" : false
    }, {
      "id" : "s4-t14",
      "begin" : 459,
      "end" : 463,
      "text" : "0.62",
      "whiteSpace" : false
    }, {
      "id" : "s4-t15",
      "begin" : 464,
      "end" : 469,
      "text" : "acre.",
      "whiteSpace" : false
    }, {
      "id" : "s4-t16",
      "begin" : 469,
      "end" : 470,
      "text" : ",",
      "whiteSpace" : false
    }, {
      "id" : "s4-t17",
      "begin" : 471,
      "end" : 477,
      "text" : "Survey",
      "whiteSpace" : false
    }, {
      "id" : "s4-t18",
      "begin" : 478,
      "end" : 480,
      "text" : "by",
      "whiteSpace" : false
    }, {
      "id" : "s4-t19",
      "begin" : 481,
      "end" : 488,
      "text" : "Reasons",
      "whiteSpace" : false
    }, {
      "id" : "s4-t20",
      "begin" : 489,
      "end" : 500,
      "text" : "Engineering",
      "whiteSpace" : false
    }, {
      "id" : "s4-t21",
      "begin" : 501,
      "end" : 506,
      "text" : "&amp;",
      "whiteSpace" : false
    }, {
      "id" : "s4-t22",
      "begin" : 507,
      "end" : 517,
      "text" : "Associates",
      "whiteSpace" : false
    }, {
      "id" : "s4-t23",
      "begin" : 517,
      "end" : 518,
      "text" : ",",
      "whiteSpace" : false
    }, {
      "id" : "s4-t24",
      "begin" : 519,
      "end" : 523,
      "text" : "Inc.",
      "whiteSpace" : false
    }, {
      "id" : "s4-t25",
      "begin" : 524,
      "end" : 528,
      "text" : "Tony",
      "whiteSpace" : false
    }, {
      "id" : "s4-t26",
      "begin" : 529,
      "end" : 536,
      "text" : "Reasons",
      "whiteSpace" : false
    }, {
      "id" : "s4-t27",
      "begin" : 536,
      "end" : 537,
      "text" : ".",
      "whiteSpace" : false
    } ]
  }, {
    "id" : "s5",
    "begin" : 538,
    "end" : 557,
    "text" : "Surveyor, RLS #508.",
    "tokens" : [ {
      "id" : "s5-t0",
      "begin" : 538,
      "end" : 546,
      "text" : "Surveyor",
      "whiteSpace" : false
    }, {
      "id" : "s5-t1",
      "begin" : 546,
      "end" : 547,
      "text" : ",",
      "whiteSpace" : false
    }, {
      "id" : "s5-t2",
      "begin" : 548,
      "end" : 551,
      "text" : "RLS",
      "whiteSpace" : false
    }, {
      "id" : "s5-t3",
      "begin" : 552,
      "end" : 556,
      "text" : "#508",
      "whiteSpace" : false
    }, {
      "id" : "s5-t4",
      "begin" : 556,
      "end" : 557,
      "text" : ".",
      "whiteSpace" : false
    } ]
  }, {
    "id" : "s6",
    "begin" : 558,
    "end" : 596,
    "text" : "Humboldt, Tennessee, dated December 8.",
    "tokens" : [ {
      "id" : "s6-t0",
      "begin" : 558,
      "end" : 566,
      "text" : "Humboldt",
      "whiteSpace" : false
    }, {
      "id" : "s6-t1",
      "begin" : 566,
      "end" : 567,
      "text" : ",",
      "whiteSpace" : false
    }, {
      "id" : "s6-t2",
      "begin" : 568,
      "end" : 577,
      "text" : "Tennessee",
      "whiteSpace" : false
    }, {
      "id" : "s6-t3",
      "begin" : 577,
      "end" : 578,
      "text" : ",",
      "whiteSpace" : false
    }, {
      "id" : "s6-t4",
      "begin" : 579,
      "end" : 584,
      "text" : "dated",
      "whiteSpace" : false
    }, {
      "id" : "s6-t5",
      "begin" : 585,
      "end" : 593,
      "text" : "December",
      "whiteSpace" : false
    }, {
      "id" : "s6-t6",
      "begin" : 594,
      "end" : 595,
      "text" : "8",
      "whiteSpace" : false
    }, {
      "id" : "s6-t7",
      "begin" : 595,
      "end" : 596,
      "text" : ".",
      "whiteSpace" : false
    } ]
  }, {
    "id" : "s7",
    "begin" : 597,
    "end" : 718,
    "text" : "2004., Being the same property conveyed to William Henry Johnson by deed of record in Deed Book 187, page 2289, Register?",
    "tokens" : [ {
      "id" : "s7-t0",
      "begin" : 597,
      "end" : 601,
      "text" : "2004",
      "whiteSpace" : false
    }, {
      "id" : "s7-t1",
      "begin" : 601,
      "end" : 602,
      "text" : ".",
      "whiteSpace" : false
    }, {
      "id" : "s7-t2",
      "begin" : 602,
      "end" : 603,
      "text" : ",",
      "whiteSpace" : false
    }, {
      "id" : "s7-t3",
      "begin" : 604,
      "end" : 609,
      "text" : "Being",
      "whiteSpace" : false
    }, {
      "id" : "s7-t4",
      "begin" : 610,
      "end" : 613,
      "text" : "the",
      "whiteSpace" : false
    }, {
      "id" : "s7-t5",
      "begin" : 614,
      "end" : 618,
      "text" : "same",
      "whiteSpace" : false
    }, {
      "id" : "s7-t6",
      "begin" : 619,
      "end" : 627,
      "text" : "property",
      "whiteSpace" : false
    }, {
      "id" : "s7-t7",
      "begin" : 628,
      "end" : 636,
      "text" : "conveyed",
      "whiteSpace" : false
    }, {
      "id" : "s7-t8",
      "begin" : 637,
      "end" : 639,
      "text" : "to",
      "whiteSpace" : false
    }, {
      "id" : "s7-t9",
      "begin" : 640,
      "end" : 647,
      "text" : "William",
      "whiteSpace" : false
    }, {
      "id" : "s7-t10",
      "begin" : 648,
      "end" : 653,
      "text" : "Henry",
      "whiteSpace" : false
    }, {
      "id" : "s7-t11",
      "begin" : 654,
      "end" : 661,
      "text" : "Johnson",
      "whiteSpace" : false
    }, {
      "id" : "s7-t12",
      "begin" : 662,
      "end" : 664,
      "text" : "by",
      "whiteSpace" : false
    }, {
      "id" : "s7-t13",
      "begin" : 665,
      "end" : 669,
      "text" : "deed",
      "whiteSpace" : false
    }, {
      "id" : "s7-t14",
      "begin" : 670,
      "end" : 672,
      "text" : "of",
      "whiteSpace" : false
    }, {
      "id" : "s7-t15",
      "begin" : 673,
      "end" : 679,
      "text" : "record",
      "whiteSpace" : false
    }, {
      "id" : "s7-t16",
      "begin" : 680,
      "end" : 682,
      "text" : "in",
      "whiteSpace" : false
    }, {
      "id" : "s7-t17",
      "begin" : 683,
      "end" : 687,
      "text" : "Deed",
      "whiteSpace" : false
    }, {
      "id" : "s7-t18",
      "begin" : 688,
      "end" : 692,
      "text" : "Book",
      "whiteSpace" : false
    }, {
      "id" : "s7-t19",
      "begin" : 693,
      "end" : 696,
      "text" : "187",
      "whiteSpace" : false
    }, {
      "id" : "s7-t20",
      "begin" : 696,
      "end" : 697,
      "text" : ",",
      "whiteSpace" : false
    }, {
      "id" : "s7-t21",
      "begin" : 698,
      "end" : 702,
      "text" : "page",
      "whiteSpace" : false
    }, {
      "id" : "s7-t22",
      "begin" : 703,
      "end" : 707,
      "text" : "2289",
      "whiteSpace" : false
    }, {
      "id" : "s7-t23",
      "begin" : 707,
      "end" : 708,
      "text" : ",",
      "whiteSpace" : false
    }, {
      "id" : "s7-t24",
      "begin" : 709,
      "end" : 717,
      "text" : "Register",
      "whiteSpace" : false
    }, {
      "id" : "s7-t25",
      "begin" : 717,
      "end" : 718,
      "text" : "?",
      "whiteSpace" : false
    } ]
  }, {
    "id" : "s8",
    "begin" : 718,
    "end" : 720,
    "text" : "??",
    "tokens" : [ {
      "id" : "s8-t0",
      "begin" : 718,
      "end" : 719,
      "text" : "?",
      "whiteSpace" : false
    }, {
      "id" : "s8-t1",
      "begin" : 719,
      "end" : 720,
      "text" : "?",
      "whiteSpace" : false
    } ]
  }, {
    "id" : "s9",
    "begin" : 721,
    "end" : 726,
    "text" : "5 Of?",
    "tokens" : [ {
      "id" : "s9-t0",
      "begin" : 721,
      "end" : 722,
      "text" : "5",
      "whiteSpace" : false
    }, {
      "id" : "s9-t1",
      "begin" : 723,
      "end" : 725,
      "text" : "Of",
      "whiteSpace" : false
    }, {
      "id" : "s9-t2",
      "begin" : 725,
      "end" : 726,
      "text" : "?",
      "whiteSpace" : false
    } ]
  }, {
    "id" : "s10",
    "begin" : 726,
    "end" : 839,
    "text" : "??ce ofHumphrcys County., Tennessee., A Grant of Easement to the United States of America, dated August 18, 1999.",
    "tokens" : [ {
      "id" : "s10-t0",
      "begin" : 726,
      "end" : 730,
      "text" : "??ce",
      "whiteSpace" : false
    }, {
      "id" : "s10-t1",
      "begin" : 731,
      "end" : 742,
      "text" : "ofHumphrcys",
      "whiteSpace" : false
    }, {
      "id" : "s10-t2",
      "begin" : 743,
      "end" : 750,
      "text" : "County.",
      "whiteSpace" : false
    }, {
      "id" : "s10-t3",
      "begin" : 750,
      "end" : 751,
      "text" : ",",
      "whiteSpace" : false
    }, {
      "id" : "s10-t4",
      "begin" : 752,
      "end" : 762,
      "text" : "Tennessee.",
      "whiteSpace" : false
    }, {
      "id" : "s10-t5",
      "begin" : 762,
      "end" : 763,
      "text" : ",",
      "whiteSpace" : false
    }, {
      "id" : "s10-t6",
      "begin" : 764,
      "end" : 765,
      "text" : "A",
      "whiteSpace" : false
    }, {
      "id" : "s10-t7",
      "begin" : 766,
      "end" : 771,
      "text" : "Grant",
      "whiteSpace" : false
    }, {
      "id" : "s10-t8",
      "begin" : 772,
      "end" : 774,
      "text" : "of",
      "whiteSpace" : false
    }, {
      "id" : "s10-t9",
      "begin" : 775,
      "end" : 783,
      "text" : "Easement",
      "whiteSpace" : false
    }, {
      "id" : "s10-t10",
      "begin" : 784,
      "end" : 786,
      "text" : "to",
      "whiteSpace" : false
    }, {
      "id" : "s10-t11",
      "begin" : 787,
      "end" : 790,
      "text" : "the",
      "whiteSpace" : false
    }, {
      "id" : "s10-t12",
      "begin" : 791,
      "end" : 797,
      "text" : "United",
      "whiteSpace" : false
    }, {
      "id" : "s10-t13",
      "begin" : 798,
      "end" : 804,
      "text" : "States",
      "whiteSpace" : false
    }, {
      "id" : "s10-t14",
      "begin" : 805,
      "end" : 807,
      "text" : "of",
      "whiteSpace" : false
    }, {
      "id" : "s10-t15",
      "begin" : 808,
      "end" : 815,
      "text" : "America",
      "whiteSpace" : false
    }, {
      "id" : "s10-t16",
      "begin" : 815,
      "end" : 816,
      "text" : ",",
      "whiteSpace" : false
    }, {
      "id" : "s10-t17",
      "begin" : 817,
      "end" : 822,
      "text" : "dated",
      "whiteSpace" : false
    }, {
      "id" : "s10-t18",
      "begin" : 823,
      "end" : 829,
      "text" : "August",
      "whiteSpace" : false
    }, {
      "id" : "s10-t19",
      "begin" : 830,
      "end" : 832,
      "text" : "18",
      "whiteSpace" : false
    }, {
      "id" : "s10-t20",
      "begin" : 832,
      "end" : 833,
      "text" : ",",
      "whiteSpace" : false
    }, {
      "id" : "s10-t21",
      "begin" : 834,
      "end" : 838,
      "text" : "1999",
      "whiteSpace" : false
    }, {
      "id" : "s10-t22",
      "begin" : 838,
      "end" : 839,
      "text" : ".",
      "whiteSpace" : false
    } ]
  }, {
    "id" : "s11",
    "begin" : 840,
    "end" : 888,
    "text" : "of record in Deed Book 177, page 1258, Register?",
    "tokens" : [ {
      "id" : "s11-t0",
      "begin" : 840,
      "end" : 842,
      "text" : "of",
      "whiteSpace" : false
    }, {
      "id" : "s11-t1",
      "begin" : 843,
      "end" : 849,
      "text" : "record",
      "whiteSpace" : false
    }, {
      "id" : "s11-t2",
      "begin" : 850,
      "end" : 852,
      "text" : "in",
      "whiteSpace" : false
    }, {
      "id" : "s11-t3",
      "begin" : 853,
      "end" : 857,
      "text" : "Deed",
      "whiteSpace" : false
    }, {
      "id" : "s11-t4",
      "begin" : 858,
      "end" : 862,
      "text" : "Book",
      "whiteSpace" : false
    }, {
      "id" : "s11-t5",
      "begin" : 863,
      "end" : 866,
      "text" : "177",
      "whiteSpace" : false
    }, {
      "id" : "s11-t6",
      "begin" : 866,
      "end" : 867,
      "text" : ",",
      "whiteSpace" : false
    }, {
      "id" : "s11-t7",
      "begin" : 868,
      "end" : 872,
      "text" : "page",
      "whiteSpace" : false
    }, {
      "id" : "s11-t8",
      "begin" : 873,
      "end" : 877,
      "text" : "1258",
      "whiteSpace" : false
    }, {
      "id" : "s11-t9",
      "begin" : 877,
      "end" : 878,
      "text" : ",",
      "whiteSpace" : false
    }, {
      "id" : "s11-t10",
      "begin" : 879,
      "end" : 887,
      "text" : "Register",
      "whiteSpace" : false
    }, {
      "id" : "s11-t11",
      "begin" : 887,
      "end" : 888,
      "text" : "?",
      "whiteSpace" : false
    } ]
  }, {
    "id" : "s12",
    "begin" : 888,
    "end" : 895,
    "text" : "??s Of?",
    "tokens" : [ {
      "id" : "s12-t0",
      "begin" : 888,
      "end" : 891,
      "text" : "??s",
      "whiteSpace" : false
    }, {
      "id" : "s12-t1",
      "begin" : 892,
      "end" : 894,
      "text" : "Of",
      "whiteSpace" : false
    }, {
      "id" : "s12-t2",
      "begin" : 894,
      "end" : 895,
      "text" : "?",
      "whiteSpace" : false
    } ]
  }, {
    "id" : "s13",
    "begin" : 895,
    "end" : 1075,
    "text" : "??ce for Humphreys County, Tennessee., Certain restrictions and protective covenants contained in the deed to William Henry Johnson of record in Deed Book 187, page 2289, Register?",
    "tokens" : [ {
      "id" : "s13-t0",
      "begin" : 895,
      "end" : 899,
      "text" : "??ce",
      "whiteSpace" : false
    }, {
      "id" : "s13-t1",
      "begin" : 900,
      "end" : 903,
      "text" : "for",
      "whiteSpace" : false
    }, {
      "id" : "s13-t2",
      "begin" : 904,
      "end" : 913,
      "text" : "Humphreys",
      "whiteSpace" : false
    }, {
      "id" : "s13-t3",
      "begin" : 914,
      "end" : 920,
      "text" : "County",
      "whiteSpace" : false
    }, {
      "id" : "s13-t4",
      "begin" : 920,
      "end" : 921,
      "text" : ",",
      "whiteSpace" : false
    }, {
      "id" : "s13-t5",
      "begin" : 922,
      "end" : 932,
      "text" : "Tennessee.",
      "whiteSpace" : false
    }, {
      "id" : "s13-t6",
      "begin" : 932,
      "end" : 933,
      "text" : ",",
      "whiteSpace" : false
    }, {
      "id" : "s13-t7",
      "begin" : 934,
      "end" : 941,
      "text" : "Certain",
      "whiteSpace" : false
    }, {
      "id" : "s13-t8",
      "begin" : 942,
      "end" : 954,
      "text" : "restrictions",
      "whiteSpace" : false
    }, {
      "id" : "s13-t9",
      "begin" : 955,
      "end" : 958,
      "text" : "and",
      "whiteSpace" : false
    }, {
      "id" : "s13-t10",
      "begin" : 959,
      "end" : 969,
      "text" : "protective",
      "whiteSpace" : false
    }, {
      "id" : "s13-t11",
      "begin" : 970,
      "end" : 979,
      "text" : "covenants",
      "whiteSpace" : false
    }, {
      "id" : "s13-t12",
      "begin" : 980,
      "end" : 989,
      "text" : "contained",
      "whiteSpace" : false
    }, {
      "id" : "s13-t13",
      "begin" : 990,
      "end" : 992,
      "text" : "in",
      "whiteSpace" : false
    }, {
      "id" : "s13-t14",
      "begin" : 993,
      "end" : 996,
      "text" : "the",
      "whiteSpace" : false
    }, {
      "id" : "s13-t15",
      "begin" : 997,
      "end" : 1001,
      "text" : "deed",
      "whiteSpace" : false
    }, {
      "id" : "s13-t16",
      "begin" : 1002,
      "end" : 1004,
      "text" : "to",
      "whiteSpace" : false
    }, {
      "id" : "s13-t17",
      "begin" : 1005,
      "end" : 1012,
      "text" : "William",
      "whiteSpace" : false
    }, {
      "id" : "s13-t18",
      "begin" : 1013,
      "end" : 1018,
      "text" : "Henry",
      "whiteSpace" : false
    }, {
      "id" : "s13-t19",
      "begin" : 1019,
      "end" : 1026,
      "text" : "Johnson",
      "whiteSpace" : false
    }, {
      "id" : "s13-t20",
      "begin" : 1027,
      "end" : 1029,
      "text" : "of",
      "whiteSpace" : false
    }, {
      "id" : "s13-t21",
      "begin" : 1030,
      "end" : 1036,
      "text" : "record",
      "whiteSpace" : false
    }, {
      "id" : "s13-t22",
      "begin" : 1037,
      "end" : 1039,
      "text" : "in",
      "whiteSpace" : false
    }, {
      "id" : "s13-t23",
      "begin" : 1040,
      "end" : 1044,
      "text" : "Deed",
      "whiteSpace" : false
    }, {
      "id" : "s13-t24",
      "begin" : 1045,
      "end" : 1049,
      "text" : "Book",
      "whiteSpace" : false
    }, {
      "id" : "s13-t25",
      "begin" : 1050,
      "end" : 1053,
      "text" : "187",
      "whiteSpace" : false
    }, {
      "id" : "s13-t26",
      "begin" : 1053,
      "end" : 1054,
      "text" : ",",
      "whiteSpace" : false
    }, {
      "id" : "s13-t27",
      "begin" : 1055,
      "end" : 1059,
      "text" : "page",
      "whiteSpace" : false
    }, {
      "id" : "s13-t28",
      "begin" : 1060,
      "end" : 1064,
      "text" : "2289",
      "whiteSpace" : false
    }, {
      "id" : "s13-t29",
      "begin" : 1064,
      "end" : 1065,
      "text" : ",",
      "whiteSpace" : false
    }, {
      "id" : "s13-t30",
      "begin" : 1066,
      "end" : 1074,
      "text" : "Register",
      "whiteSpace" : false
    }, {
      "id" : "s13-t31",
      "begin" : 1074,
      "end" : 1075,
      "text" : "?",
      "whiteSpace" : false
    } ]
  }, {
    "id" : "s14",
    "begin" : 1075,
    "end" : 1082,
    "text" : "??s Of?",
    "tokens" : [ {
      "id" : "s14-t0",
      "begin" : 1075,
      "end" : 1078,
      "text" : "??s",
      "whiteSpace" : false
    }, {
      "id" : "s14-t1",
      "begin" : 1079,
      "end" : 1081,
      "text" : "Of",
      "whiteSpace" : false
    }, {
      "id" : "s14-t2",
      "begin" : 1081,
      "end" : 1082,
      "text" : "?",
      "whiteSpace" : false
    } ]
  }, {
    "id" : "s15",
    "begin" : 1082,
    "end" : 1227,
    "text" : "??ce of Humphreys County, Tennessee, to-wit: 1., All homes built on site must be at least 1,200 square feet minimum, heated, for one story homes.",
    "tokens" : [ {
      "id" : "s15-t0",
      "begin" : 1082,
      "end" : 1086,
      "text" : "??ce",
      "whiteSpace" : false
    }, {
      "id" : "s15-t1",
      "begin" : 1087,
      "end" : 1089,
      "text" : "of",
      "whiteSpace" : false
    }, {
      "id" : "s15-t2",
      "begin" : 1090,
      "end" : 1099,
      "text" : "Humphreys",
      "whiteSpace" : false
    }, {
      "id" : "s15-t3",
      "begin" : 1100,
      "end" : 1106,
      "text" : "County",
      "whiteSpace" : false
    }, {
      "id" : "s15-t4",
      "begin" : 1106,
      "end" : 1107,
      "text" : ",",
      "whiteSpace" : false
    }, {
      "id" : "s15-t5",
      "begin" : 1108,
      "end" : 1117,
      "text" : "Tennessee",
      "whiteSpace" : false
    }, {
      "id" : "s15-t6",
      "begin" : 1117,
      "end" : 1118,
      "text" : ",",
      "whiteSpace" : false
    }, {
      "id" : "s15-t7",
      "begin" : 1119,
      "end" : 1121,
      "text" : "to",
      "whiteSpace" : false
    }, {
      "id" : "s15-t8",
      "begin" : 1121,
      "end" : 1122,
      "text" : "-",
      "whiteSpace" : false
    }, {
      "id" : "s15-t9",
      "begin" : 1122,
      "end" : 1125,
      "text" : "wit",
      "whiteSpace" : false
    }, {
      "id" : "s15-t10",
      "begin" : 1125,
      "end" : 1126,
      "text" : ":",
      "whiteSpace" : false
    }, {
      "id" : "s15-t11",
      "begin" : 1127,
      "end" : 1129,
      "text" : "1.",
      "whiteSpace" : false
    }, {
      "id" : "s15-t12",
      "begin" : 1129,
      "end" : 1130,
      "text" : ",",
      "whiteSpace" : false
    }, {
      "id" : "s15-t13",
      "begin" : 1131,
      "end" : 1134,
      "text" : "All",
      "whiteSpace" : false
    }, {
      "id" : "s15-t14",
      "begin" : 1135,
      "end" : 1140,
      "text" : "homes",
      "whiteSpace" : false
    }, {
      "id" : "s15-t15",
      "begin" : 1141,
      "end" : 1146,
      "text" : "built",
      "whiteSpace" : false
    }, {
      "id" : "s15-t16",
      "begin" : 1147,
      "end" : 1149,
      "text" : "on",
      "whiteSpace" : false
    }, {
      "id" : "s15-t17",
      "begin" : 1150,
      "end" : 1154,
      "text" : "site",
      "whiteSpace" : false
    }, {
      "id" : "s15-t18",
      "begin" : 1155,
      "end" : 1159,
      "text" : "must",
      "whiteSpace" : false
    }, {
      "id" : "s15-t19",
      "begin" : 1160,
      "end" : 1162,
      "text" : "be",
      "whiteSpace" : false
    }, {
      "id" : "s15-t20",
      "begin" : 1163,
      "end" : 1165,
      "text" : "at",
      "whiteSpace" : false
    }, {
      "id" : "s15-t21",
      "begin" : 1166,
      "end" : 1171,
      "text" : "least",
      "whiteSpace" : false
    }, {
      "id" : "s15-t22",
      "begin" : 1172,
      "end" : 1177,
      "text" : "1,200",
      "whiteSpace" : false
    }, {
      "id" : "s15-t23",
      "begin" : 1178,
      "end" : 1184,
      "text" : "square",
      "whiteSpace" : false
    }, {
      "id" : "s15-t24",
      "begin" : 1185,
      "end" : 1189,
      "text" : "feet",
      "whiteSpace" : false
    }, {
      "id" : "s15-t25",
      "begin" : 1190,
      "end" : 1197,
      "text" : "minimum",
      "whiteSpace" : false
    }, {
      "id" : "s15-t26",
      "begin" : 1197,
      "end" : 1198,
      "text" : ",",
      "whiteSpace" : false
    }, {
      "id" : "s15-t27",
      "begin" : 1199,
      "end" : 1205,
      "text" : "heated",
      "whiteSpace" : false
    }, {
      "id" : "s15-t28",
      "begin" : 1205,
      "end" : 1206,
      "text" : ",",
      "whiteSpace" : false
    }, {
      "id" : "s15-t29",
      "begin" : 1207,
      "end" : 1210,
      "text" : "for",
      "whiteSpace" : false
    }, {
      "id" : "s15-t30",
      "begin" : 1211,
      "end" : 1214,
      "text" : "one",
      "whiteSpace" : false
    }, {
      "id" : "s15-t31",
      "begin" : 1215,
      "end" : 1220,
      "text" : "story",
      "whiteSpace" : false
    }, {
      "id" : "s15-t32",
      "begin" : 1221,
      "end" : 1226,
      "text" : "homes",
      "whiteSpace" : false
    }, {
      "id" : "s15-t33",
      "begin" : 1226,
      "end" : 1227,
      "text" : ".",
      "whiteSpace" : false
    } ]
  }, {
    "id" : "s16",
    "begin" : 1228,
    "end" : 1316,
    "text" : "For two story homes, there must be at least 1.000 square feet minimum on first level and",
    "tokens" : [ {
      "id" : "s16-t0",
      "begin" : 1228,
      "end" : 1231,
      "text" : "For",
      "whiteSpace" : false
    }, {
      "id" : "s16-t1",
      "begin" : 1232,
      "end" : 1235,
      "text" : "two",
      "whiteSpace" : false
    }, {
      "id" : "s16-t2",
      "begin" : 1236,
      "end" : 1241,
      "text" : "story",
      "whiteSpace" : false
    }, {
      "id" : "s16-t3",
      "begin" : 1242,
      "end" : 1247,
      "text" : "homes",
      "whiteSpace" : false
    }, {
      "id" : "s16-t4",
      "begin" : 1247,
      "end" : 1248,
      "text" : ",",
      "whiteSpace" : false
    }, {
      "id" : "s16-t5",
      "begin" : 1249,
      "end" : 1254,
      "text" : "there",
      "whiteSpace" : false
    }, {
      "id" : "s16-t6",
      "begin" : 1255,
      "end" : 1259,
      "text" : "must",
      "whiteSpace" : false
    }, {
      "id" : "s16-t7",
      "begin" : 1260,
      "end" : 1262,
      "text" : "be",
      "whiteSpace" : false
    }, {
      "id" : "s16-t8",
      "begin" : 1263,
      "end" : 1265,
      "text" : "at",
      "whiteSpace" : false
    }, {
      "id" : "s16-t9",
      "begin" : 1266,
      "end" : 1271,
      "text" : "least",
      "whiteSpace" : false
    }, {
      "id" : "s16-t10",
      "begin" : 1272,
      "end" : 1277,
      "text" : "1.000",
      "whiteSpace" : false
    }, {
      "id" : "s16-t11",
      "begin" : 1278,
      "end" : 1284,
      "text" : "square",
      "whiteSpace" : false
    }, {
      "id" : "s16-t12",
      "begin" : 1285,
      "end" : 1289,
      "text" : "feet",
      "whiteSpace" : false
    }, {
      "id" : "s16-t13",
      "begin" : 1290,
      "end" : 1297,
      "text" : "minimum",
      "whiteSpace" : false
    }, {
      "id" : "s16-t14",
      "begin" : 1298,
      "end" : 1300,
      "text" : "on",
      "whiteSpace" : false
    }, {
      "id" : "s16-t15",
      "begin" : 1301,
      "end" : 1306,
      "text" : "first",
      "whiteSpace" : false
    }, {
      "id" : "s16-t16",
      "begin" : 1307,
      "end" : 1312,
      "text" : "level",
      "whiteSpace" : false
    }, {
      "id" : "s16-t17",
      "begin" : 1313,
      "end" : 1316,
      "text" : "and",
      "whiteSpace" : false
    } ]
  } ],
  "mentions" : [ {
    "id" : "s7-m1",
    "properties" : {
      "SIRE_MENTION_ROLE" : "WarrDeedBookNum",
      "SIRE_ENTITY_SUBTYPE" : "NONE",
      "SIRE_MENTION_TYPE" : "NONE",
      "SIRE_MENTION_CLASS" : "SPC"
    },
    "type" : "WarrDeedBookNum",
    "begin" : 693,
    "end" : 696,
    "inCoref" : false
  }, {
    "id" : "s7-m2",
    "properties" : {
      "SIRE_MENTION_ROLE" : "WarrDeedPageNum",
      "SIRE_ENTITY_SUBTYPE" : "NONE",
      "SIRE_MENTION_TYPE" : "NONE",
      "SIRE_MENTION_CLASS" : "SPC"
    },
    "type" : "WarrDeedPageNum",
    "begin" : 703,
    "end" : 707,
    "inCoref" : false
  } ],
  "relations" : [ ],
  "corefs" : [ ],
  "typeResolved" : true,
  "userResolved" : false
}