{
  "id" : "c8554300-54dc-11e9-b3f1-919b26b254ae-15",
  "name" : "WD201-17.txt",
  "createdDate" : 0,
  "version" : 3,
  "text" : "pin set 25 feet from the centerline of Old Highway 13 and continuing on in all, containing 1.69 Acres., Being a portion of the property conveyed from Elmer R. Spann and wife, Lola L. Spann to James L. Spann for and during his natural life, then to his wife, Marnie Spann as long as she remains his widow and then to his bodily heirs by Warranty Deed of record in Deed Book 121, page 1 160, Register???s Of???ce of Humphreys County, Tennessee, the said bodily heirs of Elmer R. Spann being James Ray Spann and Joe Spann., TRACT 2: Lying and being situated in the Fourth Civil District of Humphreys County, Tennessee and being more particularly ",
  "docLength" : 0,
  "language" : "EN",
  "status" : "SUBMITTED",
  "modifiedDate" : 1554165293779,
  "documentSet" : [ ],
  "preannotation" : [ ],
  "sentences" : [ {
    "id" : "s0",
    "begin" : 0,
    "end" : 399,
    "text" : "pin set 25 feet from the centerline of Old Highway 13 and continuing on in all, containing 1.69 Acres., Being a portion of the property conveyed from Elmer R. Spann and wife, Lola L. Spann to James L. Spann for and during his natural life, then to his wife, Marnie Spann as long as she remains his widow and then to his bodily heirs by Warranty Deed of record in Deed Book 121, page 1 160, Register?",
    "tokens" : [ {
      "id" : "s0-t0",
      "begin" : 0,
      "end" : 3,
      "text" : "pin",
      "whiteSpace" : false
    }, {
      "id" : "s0-t1",
      "begin" : 4,
      "end" : 7,
      "text" : "set",
      "whiteSpace" : false
    }, {
      "id" : "s0-t2",
      "begin" : 8,
      "end" : 10,
      "text" : "25",
      "whiteSpace" : false
    }, {
      "id" : "s0-t3",
      "begin" : 11,
      "end" : 15,
      "text" : "feet",
      "whiteSpace" : false
    }, {
      "id" : "s0-t4",
      "begin" : 16,
      "end" : 20,
      "text" : "from",
      "whiteSpace" : false
    }, {
      "id" : "s0-t5",
      "begin" : 21,
      "end" : 24,
      "text" : "the",
      "whiteSpace" : false
    }, {
      "id" : "s0-t6",
      "begin" : 25,
      "end" : 35,
      "text" : "centerline",
      "whiteSpace" : false
    }, {
      "id" : "s0-t7",
      "begin" : 36,
      "end" : 38,
      "text" : "of",
      "whiteSpace" : false
    }, {
      "id" : "s0-t8",
      "begin" : 39,
      "end" : 42,
      "text" : "Old",
      "whiteSpace" : false
    }, {
      "id" : "s0-t9",
      "begin" : 43,
      "end" : 50,
      "text" : "Highway",
      "whiteSpace" : false
    }, {
      "id" : "s0-t10",
      "begin" : 51,
      "end" : 53,
      "text" : "13",
      "whiteSpace" : false
    }, {
      "id" : "s0-t11",
      "begin" : 54,
      "end" : 57,
      "text" : "and",
      "whiteSpace" : false
    }, {
      "id" : "s0-t12",
      "begin" : 58,
      "end" : 68,
      "text" : "continuing",
      "whiteSpace" : false
    }, {
      "id" : "s0-t13",
      "begin" : 69,
      "end" : 71,
      "text" : "on",
      "whiteSpace" : false
    }, {
      "id" : "s0-t14",
      "begin" : 72,
      "end" : 74,
      "text" : "in",
      "whiteSpace" : false
    }, {
      "id" : "s0-t15",
      "begin" : 75,
      "end" : 78,
      "text" : "all",
      "whiteSpace" : false
    }, {
      "id" : "s0-t16",
      "begin" : 78,
      "end" : 79,
      "text" : ",",
      "whiteSpace" : false
    }, {
      "id" : "s0-t17",
      "begin" : 80,
      "end" : 90,
      "text" : "containing",
      "whiteSpace" : false
    }, {
      "id" : "s0-t18",
      "begin" : 91,
      "end" : 95,
      "text" : "1.69",
      "whiteSpace" : false
    }, {
      "id" : "s0-t19",
      "begin" : 96,
      "end" : 102,
      "text" : "Acres.",
      "whiteSpace" : false
    }, {
      "id" : "s0-t20",
      "begin" : 102,
      "end" : 103,
      "text" : ",",
      "whiteSpace" : false
    }, {
      "id" : "s0-t21",
      "begin" : 104,
      "end" : 109,
      "text" : "Being",
      "whiteSpace" : false
    }, {
      "id" : "s0-t22",
      "begin" : 110,
      "end" : 111,
      "text" : "a",
      "whiteSpace" : false
    }, {
      "id" : "s0-t23",
      "begin" : 112,
      "end" : 119,
      "text" : "portion",
      "whiteSpace" : false
    }, {
      "id" : "s0-t24",
      "begin" : 120,
      "end" : 122,
      "text" : "of",
      "whiteSpace" : false
    }, {
      "id" : "s0-t25",
      "begin" : 123,
      "end" : 126,
      "text" : "the",
      "whiteSpace" : false
    }, {
      "id" : "s0-t26",
      "begin" : 127,
      "end" : 135,
      "text" : "property",
      "whiteSpace" : false
    }, {
      "id" : "s0-t27",
      "begin" : 136,
      "end" : 144,
      "text" : "conveyed",
      "whiteSpace" : false
    }, {
      "id" : "s0-t28",
      "begin" : 145,
      "end" : 149,
      "text" : "from",
      "whiteSpace" : false
    }, {
      "id" : "s0-t29",
      "begin" : 150,
      "end" : 155,
      "text" : "Elmer",
      "whiteSpace" : false
    }, {
      "id" : "s0-t30",
      "begin" : 156,
      "end" : 158,
      "text" : "R.",
      "whiteSpace" : false
    }, {
      "id" : "s0-t31",
      "begin" : 159,
      "end" : 164,
      "text" : "Spann",
      "whiteSpace" : false
    }, {
      "id" : "s0-t32",
      "begin" : 165,
      "end" : 168,
      "text" : "and",
      "whiteSpace" : false
    }, {
      "id" : "s0-t33",
      "begin" : 169,
      "end" : 173,
      "text" : "wife",
      "whiteSpace" : false
    }, {
      "id" : "s0-t34",
      "begin" : 173,
      "end" : 174,
      "text" : ",",
      "whiteSpace" : false
    }, {
      "id" : "s0-t35",
      "begin" : 175,
      "end" : 179,
      "text" : "Lola",
      "whiteSpace" : false
    }, {
      "id" : "s0-t36",
      "begin" : 180,
      "end" : 182,
      "text" : "L.",
      "whiteSpace" : false
    }, {
      "id" : "s0-t37",
      "begin" : 183,
      "end" : 188,
      "text" : "Spann",
      "whiteSpace" : false
    }, {
      "id" : "s0-t38",
      "begin" : 189,
      "end" : 191,
      "text" : "to",
      "whiteSpace" : false
    }, {
      "id" : "s0-t39",
      "begin" : 192,
      "end" : 197,
      "text" : "James",
      "whiteSpace" : false
    }, {
      "id" : "s0-t40",
      "begin" : 198,
      "end" : 200,
      "text" : "L.",
      "whiteSpace" : false
    }, {
      "id" : "s0-t41",
      "begin" : 201,
      "end" : 206,
      "text" : "Spann",
      "whiteSpace" : false
    }, {
      "id" : "s0-t42",
      "begin" : 207,
      "end" : 210,
      "text" : "for",
      "whiteSpace" : false
    }, {
      "id" : "s0-t43",
      "begin" : 211,
      "end" : 214,
      "text" : "and",
      "whiteSpace" : false
    }, {
      "id" : "s0-t44",
      "begin" : 215,
      "end" : 221,
      "text" : "during",
      "whiteSpace" : false
    }, {
      "id" : "s0-t45",
      "begin" : 222,
      "end" : 225,
      "text" : "his",
      "whiteSpace" : false
    }, {
      "id" : "s0-t46",
      "begin" : 226,
      "end" : 233,
      "text" : "natural",
      "whiteSpace" : false
    }, {
      "id" : "s0-t47",
      "begin" : 234,
      "end" : 238,
      "text" : "life",
      "whiteSpace" : false
    }, {
      "id" : "s0-t48",
      "begin" : 238,
      "end" : 239,
      "text" : ",",
      "whiteSpace" : false
    }, {
      "id" : "s0-t49",
      "begin" : 240,
      "end" : 244,
      "text" : "then",
      "whiteSpace" : false
    }, {
      "id" : "s0-t50",
      "begin" : 245,
      "end" : 247,
      "text" : "to",
      "whiteSpace" : false
    }, {
      "id" : "s0-t51",
      "begin" : 248,
      "end" : 251,
      "text" : "his",
      "whiteSpace" : false
    }, {
      "id" : "s0-t52",
      "begin" : 252,
      "end" : 256,
      "text" : "wife",
      "whiteSpace" : false
    }, {
      "id" : "s0-t53",
      "begin" : 256,
      "end" : 257,
      "text" : ",",
      "whiteSpace" : false
    }, {
      "id" : "s0-t54",
      "begin" : 258,
      "end" : 264,
      "text" : "Marnie",
      "whiteSpace" : false
    }, {
      "id" : "s0-t55",
      "begin" : 265,
      "end" : 270,
      "text" : "Spann",
      "whiteSpace" : false
    }, {
      "id" : "s0-t56",
      "begin" : 271,
      "end" : 273,
      "text" : "as",
      "whiteSpace" : false
    }, {
      "id" : "s0-t57",
      "begin" : 274,
      "end" : 278,
      "text" : "long",
      "whiteSpace" : false
    }, {
      "id" : "s0-t58",
      "begin" : 279,
      "end" : 281,
      "text" : "as",
      "whiteSpace" : false
    }, {
      "id" : "s0-t59",
      "begin" : 282,
      "end" : 285,
      "text" : "she",
      "whiteSpace" : false
    }, {
      "id" : "s0-t60",
      "begin" : 286,
      "end" : 293,
      "text" : "remains",
      "whiteSpace" : false
    }, {
      "id" : "s0-t61",
      "begin" : 294,
      "end" : 297,
      "text" : "his",
      "whiteSpace" : false
    }, {
      "id" : "s0-t62",
      "begin" : 298,
      "end" : 303,
      "text" : "widow",
      "whiteSpace" : false
    }, {
      "id" : "s0-t63",
      "begin" : 304,
      "end" : 307,
      "text" : "and",
      "whiteSpace" : false
    }, {
      "id" : "s0-t64",
      "begin" : 308,
      "end" : 312,
      "text" : "then",
      "whiteSpace" : false
    }, {
      "id" : "s0-t65",
      "begin" : 313,
      "end" : 315,
      "text" : "to",
      "whiteSpace" : false
    }, {
      "id" : "s0-t66",
      "begin" : 316,
      "end" : 319,
      "text" : "his",
      "whiteSpace" : false
    }, {
      "id" : "s0-t67",
      "begin" : 320,
      "end" : 326,
      "text" : "bodily",
      "whiteSpace" : false
    }, {
      "id" : "s0-t68",
      "begin" : 327,
      "end" : 332,
      "text" : "heirs",
      "whiteSpace" : false
    }, {
      "id" : "s0-t69",
      "begin" : 333,
      "end" : 335,
      "text" : "by",
      "whiteSpace" : false
    }, {
      "id" : "s0-t70",
      "begin" : 336,
      "end" : 344,
      "text" : "Warranty",
      "whiteSpace" : false
    }, {
      "id" : "s0-t71",
      "begin" : 345,
      "end" : 349,
      "text" : "Deed",
      "whiteSpace" : false
    }, {
      "id" : "s0-t72",
      "begin" : 350,
      "end" : 352,
      "text" : "of",
      "whiteSpace" : false
    }, {
      "id" : "s0-t73",
      "begin" : 353,
      "end" : 359,
      "text" : "record",
      "whiteSpace" : false
    }, {
      "id" : "s0-t74",
      "begin" : 360,
      "end" : 362,
      "text" : "in",
      "whiteSpace" : false
    }, {
      "id" : "s0-t75",
      "begin" : 363,
      "end" : 367,
      "text" : "Deed",
      "whiteSpace" : false
    }, {
      "id" : "s0-t76",
      "begin" : 368,
      "end" : 372,
      "text" : "Book",
      "whiteSpace" : false
    }, {
      "id" : "s0-t77",
      "begin" : 373,
      "end" : 376,
      "text" : "121",
      "whiteSpace" : false
    }, {
      "id" : "s0-t78",
      "begin" : 376,
      "end" : 377,
      "text" : ",",
      "whiteSpace" : false
    }, {
      "id" : "s0-t79",
      "begin" : 378,
      "end" : 382,
      "text" : "page",
      "whiteSpace" : false
    }, {
      "id" : "s0-t80",
      "begin" : 383,
      "end" : 384,
      "text" : "1",
      "whiteSpace" : false
    }, {
      "id" : "s0-t81",
      "begin" : 385,
      "end" : 388,
      "text" : "160",
      "whiteSpace" : false
    }, {
      "id" : "s0-t82",
      "begin" : 388,
      "end" : 389,
      "text" : ",",
      "whiteSpace" : false
    }, {
      "id" : "s0-t83",
      "begin" : 390,
      "end" : 398,
      "text" : "Register",
      "whiteSpace" : false
    }, {
      "id" : "s0-t84",
      "begin" : 398,
      "end" : 399,
      "text" : "?",
      "whiteSpace" : false
    } ]
  }, {
    "id" : "s1",
    "begin" : 399,
    "end" : 406,
    "text" : "??s Of?",
    "tokens" : [ {
      "id" : "s1-t0",
      "begin" : 399,
      "end" : 402,
      "text" : "??s",
      "whiteSpace" : false
    }, {
      "id" : "s1-t1",
      "begin" : 403,
      "end" : 405,
      "text" : "Of",
      "whiteSpace" : false
    }, {
      "id" : "s1-t2",
      "begin" : 405,
      "end" : 406,
      "text" : "?",
      "whiteSpace" : false
    } ]
  }, {
    "id" : "s2",
    "begin" : 406,
    "end" : 642,
    "text" : "??ce of Humphreys County, Tennessee, the said bodily heirs of Elmer R. Spann being James Ray Spann and Joe Spann., TRACT 2: Lying and being situated in the Fourth Civil District of Humphreys County, Tennessee and being more particularly",
    "tokens" : [ {
      "id" : "s2-t0",
      "begin" : 406,
      "end" : 410,
      "text" : "??ce",
      "whiteSpace" : false
    }, {
      "id" : "s2-t1",
      "begin" : 411,
      "end" : 413,
      "text" : "of",
      "whiteSpace" : false
    }, {
      "id" : "s2-t2",
      "begin" : 414,
      "end" : 423,
      "text" : "Humphreys",
      "whiteSpace" : false
    }, {
      "id" : "s2-t3",
      "begin" : 424,
      "end" : 430,
      "text" : "County",
      "whiteSpace" : false
    }, {
      "id" : "s2-t4",
      "begin" : 430,
      "end" : 431,
      "text" : ",",
      "whiteSpace" : false
    }, {
      "id" : "s2-t5",
      "begin" : 432,
      "end" : 441,
      "text" : "Tennessee",
      "whiteSpace" : false
    }, {
      "id" : "s2-t6",
      "begin" : 441,
      "end" : 442,
      "text" : ",",
      "whiteSpace" : false
    }, {
      "id" : "s2-t7",
      "begin" : 443,
      "end" : 446,
      "text" : "the",
      "whiteSpace" : false
    }, {
      "id" : "s2-t8",
      "begin" : 447,
      "end" : 451,
      "text" : "said",
      "whiteSpace" : false
    }, {
      "id" : "s2-t9",
      "begin" : 452,
      "end" : 458,
      "text" : "bodily",
      "whiteSpace" : false
    }, {
      "id" : "s2-t10",
      "begin" : 459,
      "end" : 464,
      "text" : "heirs",
      "whiteSpace" : false
    }, {
      "id" : "s2-t11",
      "begin" : 465,
      "end" : 467,
      "text" : "of",
      "whiteSpace" : false
    }, {
      "id" : "s2-t12",
      "begin" : 468,
      "end" : 473,
      "text" : "Elmer",
      "whiteSpace" : false
    }, {
      "id" : "s2-t13",
      "begin" : 474,
      "end" : 476,
      "text" : "R.",
      "whiteSpace" : false
    }, {
      "id" : "s2-t14",
      "begin" : 477,
      "end" : 482,
      "text" : "Spann",
      "whiteSpace" : false
    }, {
      "id" : "s2-t15",
      "begin" : 483,
      "end" : 488,
      "text" : "being",
      "whiteSpace" : false
    }, {
      "id" : "s2-t16",
      "begin" : 489,
      "end" : 494,
      "text" : "James",
      "whiteSpace" : false
    }, {
      "id" : "s2-t17",
      "begin" : 495,
      "end" : 498,
      "text" : "Ray",
      "whiteSpace" : false
    }, {
      "id" : "s2-t18",
      "begin" : 499,
      "end" : 504,
      "text" : "Spann",
      "whiteSpace" : false
    }, {
      "id" : "s2-t19",
      "begin" : 505,
      "end" : 508,
      "text" : "and",
      "whiteSpace" : false
    }, {
      "id" : "s2-t20",
      "begin" : 509,
      "end" : 512,
      "text" : "Joe",
      "whiteSpace" : false
    }, {
      "id" : "s2-t21",
      "begin" : 513,
      "end" : 519,
      "text" : "Spann.",
      "whiteSpace" : false
    }, {
      "id" : "s2-t22",
      "begin" : 519,
      "end" : 520,
      "text" : ",",
      "whiteSpace" : false
    }, {
      "id" : "s2-t23",
      "begin" : 521,
      "end" : 526,
      "text" : "TRACT",
      "whiteSpace" : false
    }, {
      "id" : "s2-t24",
      "begin" : 527,
      "end" : 528,
      "text" : "2",
      "whiteSpace" : false
    }, {
      "id" : "s2-t25",
      "begin" : 528,
      "end" : 529,
      "text" : ":",
      "whiteSpace" : false
    }, {
      "id" : "s2-t26",
      "begin" : 530,
      "end" : 535,
      "text" : "Lying",
      "whiteSpace" : false
    }, {
      "id" : "s2-t27",
      "begin" : 536,
      "end" : 539,
      "text" : "and",
      "whiteSpace" : false
    }, {
      "id" : "s2-t28",
      "begin" : 540,
      "end" : 545,
      "text" : "being",
      "whiteSpace" : false
    }, {
      "id" : "s2-t29",
      "begin" : 546,
      "end" : 554,
      "text" : "situated",
      "whiteSpace" : false
    }, {
      "id" : "s2-t30",
      "begin" : 555,
      "end" : 557,
      "text" : "in",
      "whiteSpace" : false
    }, {
      "id" : "s2-t31",
      "begin" : 558,
      "end" : 561,
      "text" : "the",
      "whiteSpace" : false
    }, {
      "id" : "s2-t32",
      "begin" : 562,
      "end" : 568,
      "text" : "Fourth",
      "whiteSpace" : false
    }, {
      "id" : "s2-t33",
      "begin" : 569,
      "end" : 574,
      "text" : "Civil",
      "whiteSpace" : false
    }, {
      "id" : "s2-t34",
      "begin" : 575,
      "end" : 583,
      "text" : "District",
      "whiteSpace" : false
    }, {
      "id" : "s2-t35",
      "begin" : 584,
      "end" : 586,
      "text" : "of",
      "whiteSpace" : false
    }, {
      "id" : "s2-t36",
      "begin" : 587,
      "end" : 596,
      "text" : "Humphreys",
      "whiteSpace" : false
    }, {
      "id" : "s2-t37",
      "begin" : 597,
      "end" : 603,
      "text" : "County",
      "whiteSpace" : false
    }, {
      "id" : "s2-t38",
      "begin" : 603,
      "end" : 604,
      "text" : ",",
      "whiteSpace" : false
    }, {
      "id" : "s2-t39",
      "begin" : 605,
      "end" : 614,
      "text" : "Tennessee",
      "whiteSpace" : false
    }, {
      "id" : "s2-t40",
      "begin" : 615,
      "end" : 618,
      "text" : "and",
      "whiteSpace" : false
    }, {
      "id" : "s2-t41",
      "begin" : 619,
      "end" : 624,
      "text" : "being",
      "whiteSpace" : false
    }, {
      "id" : "s2-t42",
      "begin" : 625,
      "end" : 629,
      "text" : "more",
      "whiteSpace" : false
    }, {
      "id" : "s2-t43",
      "begin" : 630,
      "end" : 642,
      "text" : "particularly",
      "whiteSpace" : false
    } ]
  } ],
  "mentions" : [ {
    "id" : "s0-m1",
    "properties" : {
      "SIRE_MENTION_ROLE" : "WarrDeedBookNum",
      "SIRE_ENTITY_SUBTYPE" : "NONE",
      "SIRE_MENTION_TYPE" : "NONE",
      "SIRE_MENTION_CLASS" : "SPC"
    },
    "type" : "WarrDeedBookNum",
    "begin" : 373,
    "end" : 376,
    "inCoref" : false
  }, {
    "id" : "s0-m2",
    "properties" : {
      "SIRE_MENTION_ROLE" : "WarrDeedPageNum",
      "SIRE_ENTITY_SUBTYPE" : "NONE",
      "SIRE_MENTION_TYPE" : "NONE",
      "SIRE_MENTION_CLASS" : "SPC"
    },
    "type" : "WarrDeedPageNum",
    "begin" : 383,
    "end" : 388,
    "inCoref" : false
  } ],
  "relations" : [ ],
  "corefs" : [ ],
  "typeResolved" : true,
  "userResolved" : false
}