{
  "id" : "c8554300-54dc-11e9-b3f1-919b26b254ae-3",
  "name" : "WD196-12.txt",
  "createdDate" : 0,
  "version" : 3,
  "text" : " containing 0.62 acre. Survey by Reasons Engineering &amp; Associates, Inc., Tony Reasons, Surveyor, RLS #508, Humboldt, Tennessee, dated December 8, 2004., Being a portion of the property conveyed to Thomas E. Proctor and wife, Marlene D. Proctor, by deed of record in Deed Book 188, page 320, Register???s, A Grant of Easement to the United States of America, dated August 18, 1999, of record in Deed Book 177, page 1258, Register???s Of???ce for Humphreys County, Tennessee., The stipulation that Tracts 3 and 3A are sold and conveyed as one tract and cannot be sold or conveyed separately without meeting the requirements of the regional planning commission, as set forth in the deed to Thomas E. Proctor and wife, Marlene D. Proctor, of record in ",
  "docLength" : 0,
  "language" : "EN",
  "status" : "SUBMITTED",
  "modifiedDate" : 1554165312134,
  "documentSet" : [ ],
  "preannotation" : [ ],
  "sentences" : [ {
    "id" : "s0",
    "begin" : 1,
    "end" : 22,
    "text" : "containing 0.62 acre.",
    "tokens" : [ {
      "id" : "s0-t0",
      "begin" : 1,
      "end" : 11,
      "text" : "containing",
      "whiteSpace" : false
    }, {
      "id" : "s0-t1",
      "begin" : 12,
      "end" : 16,
      "text" : "0.62",
      "whiteSpace" : false
    }, {
      "id" : "s0-t2",
      "begin" : 17,
      "end" : 21,
      "text" : "acre",
      "whiteSpace" : false
    }, {
      "id" : "s0-t3",
      "begin" : 21,
      "end" : 22,
      "text" : ".",
      "whiteSpace" : false
    } ]
  }, {
    "id" : "s1",
    "begin" : 23,
    "end" : 304,
    "text" : "Survey by Reasons Engineering &amp; Associates, Inc., Tony Reasons, Surveyor, RLS #508, Humboldt, Tennessee, dated December 8, 2004., Being a portion of the property conveyed to Thomas E. Proctor and wife, Marlene D. Proctor, by deed of record in Deed Book 188, page 320, Register?",
    "tokens" : [ {
      "id" : "s1-t0",
      "begin" : 23,
      "end" : 29,
      "text" : "Survey",
      "whiteSpace" : false
    }, {
      "id" : "s1-t1",
      "begin" : 30,
      "end" : 32,
      "text" : "by",
      "whiteSpace" : false
    }, {
      "id" : "s1-t2",
      "begin" : 33,
      "end" : 40,
      "text" : "Reasons",
      "whiteSpace" : false
    }, {
      "id" : "s1-t3",
      "begin" : 41,
      "end" : 52,
      "text" : "Engineering",
      "whiteSpace" : false
    }, {
      "id" : "s1-t4",
      "begin" : 53,
      "end" : 58,
      "text" : "&amp;",
      "whiteSpace" : false
    }, {
      "id" : "s1-t5",
      "begin" : 59,
      "end" : 69,
      "text" : "Associates",
      "whiteSpace" : false
    }, {
      "id" : "s1-t6",
      "begin" : 69,
      "end" : 70,
      "text" : ",",
      "whiteSpace" : false
    }, {
      "id" : "s1-t7",
      "begin" : 71,
      "end" : 75,
      "text" : "Inc.",
      "whiteSpace" : false
    }, {
      "id" : "s1-t8",
      "begin" : 75,
      "end" : 76,
      "text" : ",",
      "whiteSpace" : false
    }, {
      "id" : "s1-t9",
      "begin" : 77,
      "end" : 81,
      "text" : "Tony",
      "whiteSpace" : false
    }, {
      "id" : "s1-t10",
      "begin" : 82,
      "end" : 89,
      "text" : "Reasons",
      "whiteSpace" : false
    }, {
      "id" : "s1-t11",
      "begin" : 89,
      "end" : 90,
      "text" : ",",
      "whiteSpace" : false
    }, {
      "id" : "s1-t12",
      "begin" : 91,
      "end" : 99,
      "text" : "Surveyor",
      "whiteSpace" : false
    }, {
      "id" : "s1-t13",
      "begin" : 99,
      "end" : 100,
      "text" : ",",
      "whiteSpace" : false
    }, {
      "id" : "s1-t14",
      "begin" : 101,
      "end" : 104,
      "text" : "RLS",
      "whiteSpace" : false
    }, {
      "id" : "s1-t15",
      "begin" : 105,
      "end" : 109,
      "text" : "#508",
      "whiteSpace" : false
    }, {
      "id" : "s1-t16",
      "begin" : 109,
      "end" : 110,
      "text" : ",",
      "whiteSpace" : false
    }, {
      "id" : "s1-t17",
      "begin" : 111,
      "end" : 119,
      "text" : "Humboldt",
      "whiteSpace" : false
    }, {
      "id" : "s1-t18",
      "begin" : 119,
      "end" : 120,
      "text" : ",",
      "whiteSpace" : false
    }, {
      "id" : "s1-t19",
      "begin" : 121,
      "end" : 130,
      "text" : "Tennessee",
      "whiteSpace" : false
    }, {
      "id" : "s1-t20",
      "begin" : 130,
      "end" : 131,
      "text" : ",",
      "whiteSpace" : false
    }, {
      "id" : "s1-t21",
      "begin" : 132,
      "end" : 137,
      "text" : "dated",
      "whiteSpace" : false
    }, {
      "id" : "s1-t22",
      "begin" : 138,
      "end" : 146,
      "text" : "December",
      "whiteSpace" : false
    }, {
      "id" : "s1-t23",
      "begin" : 147,
      "end" : 148,
      "text" : "8",
      "whiteSpace" : false
    }, {
      "id" : "s1-t24",
      "begin" : 148,
      "end" : 149,
      "text" : ",",
      "whiteSpace" : false
    }, {
      "id" : "s1-t25",
      "begin" : 150,
      "end" : 154,
      "text" : "2004",
      "whiteSpace" : false
    }, {
      "id" : "s1-t26",
      "begin" : 154,
      "end" : 155,
      "text" : ".",
      "whiteSpace" : false
    }, {
      "id" : "s1-t27",
      "begin" : 155,
      "end" : 156,
      "text" : ",",
      "whiteSpace" : false
    }, {
      "id" : "s1-t28",
      "begin" : 157,
      "end" : 162,
      "text" : "Being",
      "whiteSpace" : false
    }, {
      "id" : "s1-t29",
      "begin" : 163,
      "end" : 164,
      "text" : "a",
      "whiteSpace" : false
    }, {
      "id" : "s1-t30",
      "begin" : 165,
      "end" : 172,
      "text" : "portion",
      "whiteSpace" : false
    }, {
      "id" : "s1-t31",
      "begin" : 173,
      "end" : 175,
      "text" : "of",
      "whiteSpace" : false
    }, {
      "id" : "s1-t32",
      "begin" : 176,
      "end" : 179,
      "text" : "the",
      "whiteSpace" : false
    }, {
      "id" : "s1-t33",
      "begin" : 180,
      "end" : 188,
      "text" : "property",
      "whiteSpace" : false
    }, {
      "id" : "s1-t34",
      "begin" : 189,
      "end" : 197,
      "text" : "conveyed",
      "whiteSpace" : false
    }, {
      "id" : "s1-t35",
      "begin" : 198,
      "end" : 200,
      "text" : "to",
      "whiteSpace" : false
    }, {
      "id" : "s1-t36",
      "begin" : 201,
      "end" : 207,
      "text" : "Thomas",
      "whiteSpace" : false
    }, {
      "id" : "s1-t37",
      "begin" : 208,
      "end" : 210,
      "text" : "E.",
      "whiteSpace" : false
    }, {
      "id" : "s1-t38",
      "begin" : 211,
      "end" : 218,
      "text" : "Proctor",
      "whiteSpace" : false
    }, {
      "id" : "s1-t39",
      "begin" : 219,
      "end" : 222,
      "text" : "and",
      "whiteSpace" : false
    }, {
      "id" : "s1-t40",
      "begin" : 223,
      "end" : 227,
      "text" : "wife",
      "whiteSpace" : false
    }, {
      "id" : "s1-t41",
      "begin" : 227,
      "end" : 228,
      "text" : ",",
      "whiteSpace" : false
    }, {
      "id" : "s1-t42",
      "begin" : 229,
      "end" : 236,
      "text" : "Marlene",
      "whiteSpace" : false
    }, {
      "id" : "s1-t43",
      "begin" : 237,
      "end" : 239,
      "text" : "D.",
      "whiteSpace" : false
    }, {
      "id" : "s1-t44",
      "begin" : 240,
      "end" : 247,
      "text" : "Proctor",
      "whiteSpace" : false
    }, {
      "id" : "s1-t45",
      "begin" : 247,
      "end" : 248,
      "text" : ",",
      "whiteSpace" : false
    }, {
      "id" : "s1-t46",
      "begin" : 249,
      "end" : 251,
      "text" : "by",
      "whiteSpace" : false
    }, {
      "id" : "s1-t47",
      "begin" : 252,
      "end" : 256,
      "text" : "deed",
      "whiteSpace" : false
    }, {
      "id" : "s1-t48",
      "begin" : 257,
      "end" : 259,
      "text" : "of",
      "whiteSpace" : false
    }, {
      "id" : "s1-t49",
      "begin" : 260,
      "end" : 266,
      "text" : "record",
      "whiteSpace" : false
    }, {
      "id" : "s1-t50",
      "begin" : 267,
      "end" : 269,
      "text" : "in",
      "whiteSpace" : false
    }, {
      "id" : "s1-t51",
      "begin" : 270,
      "end" : 274,
      "text" : "Deed",
      "whiteSpace" : false
    }, {
      "id" : "s1-t52",
      "begin" : 275,
      "end" : 279,
      "text" : "Book",
      "whiteSpace" : false
    }, {
      "id" : "s1-t53",
      "begin" : 280,
      "end" : 283,
      "text" : "188",
      "whiteSpace" : false
    }, {
      "id" : "s1-t54",
      "begin" : 283,
      "end" : 284,
      "text" : ",",
      "whiteSpace" : false
    }, {
      "id" : "s1-t55",
      "begin" : 285,
      "end" : 289,
      "text" : "page",
      "whiteSpace" : false
    }, {
      "id" : "s1-t56",
      "begin" : 290,
      "end" : 293,
      "text" : "320",
      "whiteSpace" : false
    }, {
      "id" : "s1-t57",
      "begin" : 293,
      "end" : 294,
      "text" : ",",
      "whiteSpace" : false
    }, {
      "id" : "s1-t58",
      "begin" : 295,
      "end" : 303,
      "text" : "Register",
      "whiteSpace" : false
    }, {
      "id" : "s1-t59",
      "begin" : 303,
      "end" : 304,
      "text" : "?",
      "whiteSpace" : false
    } ]
  }, {
    "id" : "s2",
    "begin" : 304,
    "end" : 433,
    "text" : "??s, A Grant of Easement to the United States of America, dated August 18, 1999, of record in Deed Book 177, page 1258, Register?",
    "tokens" : [ {
      "id" : "s2-t0",
      "begin" : 304,
      "end" : 307,
      "text" : "??s",
      "whiteSpace" : false
    }, {
      "id" : "s2-t1",
      "begin" : 307,
      "end" : 308,
      "text" : ",",
      "whiteSpace" : false
    }, {
      "id" : "s2-t2",
      "begin" : 309,
      "end" : 310,
      "text" : "A",
      "whiteSpace" : false
    }, {
      "id" : "s2-t3",
      "begin" : 311,
      "end" : 316,
      "text" : "Grant",
      "whiteSpace" : false
    }, {
      "id" : "s2-t4",
      "begin" : 317,
      "end" : 319,
      "text" : "of",
      "whiteSpace" : false
    }, {
      "id" : "s2-t5",
      "begin" : 320,
      "end" : 328,
      "text" : "Easement",
      "whiteSpace" : false
    }, {
      "id" : "s2-t6",
      "begin" : 329,
      "end" : 331,
      "text" : "to",
      "whiteSpace" : false
    }, {
      "id" : "s2-t7",
      "begin" : 332,
      "end" : 335,
      "text" : "the",
      "whiteSpace" : false
    }, {
      "id" : "s2-t8",
      "begin" : 336,
      "end" : 342,
      "text" : "United",
      "whiteSpace" : false
    }, {
      "id" : "s2-t9",
      "begin" : 343,
      "end" : 349,
      "text" : "States",
      "whiteSpace" : false
    }, {
      "id" : "s2-t10",
      "begin" : 350,
      "end" : 352,
      "text" : "of",
      "whiteSpace" : false
    }, {
      "id" : "s2-t11",
      "begin" : 353,
      "end" : 360,
      "text" : "America",
      "whiteSpace" : false
    }, {
      "id" : "s2-t12",
      "begin" : 360,
      "end" : 361,
      "text" : ",",
      "whiteSpace" : false
    }, {
      "id" : "s2-t13",
      "begin" : 362,
      "end" : 367,
      "text" : "dated",
      "whiteSpace" : false
    }, {
      "id" : "s2-t14",
      "begin" : 368,
      "end" : 374,
      "text" : "August",
      "whiteSpace" : false
    }, {
      "id" : "s2-t15",
      "begin" : 375,
      "end" : 377,
      "text" : "18",
      "whiteSpace" : false
    }, {
      "id" : "s2-t16",
      "begin" : 377,
      "end" : 378,
      "text" : ",",
      "whiteSpace" : false
    }, {
      "id" : "s2-t17",
      "begin" : 379,
      "end" : 383,
      "text" : "1999",
      "whiteSpace" : false
    }, {
      "id" : "s2-t18",
      "begin" : 383,
      "end" : 384,
      "text" : ",",
      "whiteSpace" : false
    }, {
      "id" : "s2-t19",
      "begin" : 385,
      "end" : 387,
      "text" : "of",
      "whiteSpace" : false
    }, {
      "id" : "s2-t20",
      "begin" : 388,
      "end" : 394,
      "text" : "record",
      "whiteSpace" : false
    }, {
      "id" : "s2-t21",
      "begin" : 395,
      "end" : 397,
      "text" : "in",
      "whiteSpace" : false
    }, {
      "id" : "s2-t22",
      "begin" : 398,
      "end" : 402,
      "text" : "Deed",
      "whiteSpace" : false
    }, {
      "id" : "s2-t23",
      "begin" : 403,
      "end" : 407,
      "text" : "Book",
      "whiteSpace" : false
    }, {
      "id" : "s2-t24",
      "begin" : 408,
      "end" : 411,
      "text" : "177",
      "whiteSpace" : false
    }, {
      "id" : "s2-t25",
      "begin" : 411,
      "end" : 412,
      "text" : ",",
      "whiteSpace" : false
    }, {
      "id" : "s2-t26",
      "begin" : 413,
      "end" : 417,
      "text" : "page",
      "whiteSpace" : false
    }, {
      "id" : "s2-t27",
      "begin" : 418,
      "end" : 422,
      "text" : "1258",
      "whiteSpace" : false
    }, {
      "id" : "s2-t28",
      "begin" : 422,
      "end" : 423,
      "text" : ",",
      "whiteSpace" : false
    }, {
      "id" : "s2-t29",
      "begin" : 424,
      "end" : 432,
      "text" : "Register",
      "whiteSpace" : false
    }, {
      "id" : "s2-t30",
      "begin" : 432,
      "end" : 433,
      "text" : "?",
      "whiteSpace" : false
    } ]
  }, {
    "id" : "s3",
    "begin" : 433,
    "end" : 440,
    "text" : "??s Of?",
    "tokens" : [ {
      "id" : "s3-t0",
      "begin" : 433,
      "end" : 436,
      "text" : "??s",
      "whiteSpace" : false
    }, {
      "id" : "s3-t1",
      "begin" : 437,
      "end" : 439,
      "text" : "Of",
      "whiteSpace" : false
    }, {
      "id" : "s3-t2",
      "begin" : 439,
      "end" : 440,
      "text" : "?",
      "whiteSpace" : false
    } ]
  }, {
    "id" : "s4",
    "begin" : 440,
    "end" : 751,
    "text" : "??ce for Humphreys County, Tennessee., The stipulation that Tracts 3 and 3A are sold and conveyed as one tract and cannot be sold or conveyed separately without meeting the requirements of the regional planning commission, as set forth in the deed to Thomas E. Proctor and wife, Marlene D. Proctor, of record in",
    "tokens" : [ {
      "id" : "s4-t0",
      "begin" : 440,
      "end" : 444,
      "text" : "??ce",
      "whiteSpace" : false
    }, {
      "id" : "s4-t1",
      "begin" : 445,
      "end" : 448,
      "text" : "for",
      "whiteSpace" : false
    }, {
      "id" : "s4-t2",
      "begin" : 449,
      "end" : 458,
      "text" : "Humphreys",
      "whiteSpace" : false
    }, {
      "id" : "s4-t3",
      "begin" : 459,
      "end" : 465,
      "text" : "County",
      "whiteSpace" : false
    }, {
      "id" : "s4-t4",
      "begin" : 465,
      "end" : 466,
      "text" : ",",
      "whiteSpace" : false
    }, {
      "id" : "s4-t5",
      "begin" : 467,
      "end" : 477,
      "text" : "Tennessee.",
      "whiteSpace" : false
    }, {
      "id" : "s4-t6",
      "begin" : 477,
      "end" : 478,
      "text" : ",",
      "whiteSpace" : false
    }, {
      "id" : "s4-t7",
      "begin" : 479,
      "end" : 482,
      "text" : "The",
      "whiteSpace" : false
    }, {
      "id" : "s4-t8",
      "begin" : 483,
      "end" : 494,
      "text" : "stipulation",
      "whiteSpace" : false
    }, {
      "id" : "s4-t9",
      "begin" : 495,
      "end" : 499,
      "text" : "that",
      "whiteSpace" : false
    }, {
      "id" : "s4-t10",
      "begin" : 500,
      "end" : 506,
      "text" : "Tracts",
      "whiteSpace" : false
    }, {
      "id" : "s4-t11",
      "begin" : 507,
      "end" : 508,
      "text" : "3",
      "whiteSpace" : false
    }, {
      "id" : "s4-t12",
      "begin" : 509,
      "end" : 512,
      "text" : "and",
      "whiteSpace" : false
    }, {
      "id" : "s4-t13",
      "begin" : 513,
      "end" : 515,
      "text" : "3A",
      "whiteSpace" : false
    }, {
      "id" : "s4-t14",
      "begin" : 516,
      "end" : 519,
      "text" : "are",
      "whiteSpace" : false
    }, {
      "id" : "s4-t15",
      "begin" : 520,
      "end" : 524,
      "text" : "sold",
      "whiteSpace" : false
    }, {
      "id" : "s4-t16",
      "begin" : 525,
      "end" : 528,
      "text" : "and",
      "whiteSpace" : false
    }, {
      "id" : "s4-t17",
      "begin" : 529,
      "end" : 537,
      "text" : "conveyed",
      "whiteSpace" : false
    }, {
      "id" : "s4-t18",
      "begin" : 538,
      "end" : 540,
      "text" : "as",
      "whiteSpace" : false
    }, {
      "id" : "s4-t19",
      "begin" : 541,
      "end" : 544,
      "text" : "one",
      "whiteSpace" : false
    }, {
      "id" : "s4-t20",
      "begin" : 545,
      "end" : 550,
      "text" : "tract",
      "whiteSpace" : false
    }, {
      "id" : "s4-t21",
      "begin" : 551,
      "end" : 554,
      "text" : "and",
      "whiteSpace" : false
    }, {
      "id" : "s4-t22",
      "begin" : 555,
      "end" : 561,
      "text" : "cannot",
      "whiteSpace" : false
    }, {
      "id" : "s4-t23",
      "begin" : 562,
      "end" : 564,
      "text" : "be",
      "whiteSpace" : false
    }, {
      "id" : "s4-t24",
      "begin" : 565,
      "end" : 569,
      "text" : "sold",
      "whiteSpace" : false
    }, {
      "id" : "s4-t25",
      "begin" : 570,
      "end" : 572,
      "text" : "or",
      "whiteSpace" : false
    }, {
      "id" : "s4-t26",
      "begin" : 573,
      "end" : 581,
      "text" : "conveyed",
      "whiteSpace" : false
    }, {
      "id" : "s4-t27",
      "begin" : 582,
      "end" : 592,
      "text" : "separately",
      "whiteSpace" : false
    }, {
      "id" : "s4-t28",
      "begin" : 593,
      "end" : 600,
      "text" : "without",
      "whiteSpace" : false
    }, {
      "id" : "s4-t29",
      "begin" : 601,
      "end" : 608,
      "text" : "meeting",
      "whiteSpace" : false
    }, {
      "id" : "s4-t30",
      "begin" : 609,
      "end" : 612,
      "text" : "the",
      "whiteSpace" : false
    }, {
      "id" : "s4-t31",
      "begin" : 613,
      "end" : 625,
      "text" : "requirements",
      "whiteSpace" : false
    }, {
      "id" : "s4-t32",
      "begin" : 626,
      "end" : 628,
      "text" : "of",
      "whiteSpace" : false
    }, {
      "id" : "s4-t33",
      "begin" : 629,
      "end" : 632,
      "text" : "the",
      "whiteSpace" : false
    }, {
      "id" : "s4-t34",
      "begin" : 633,
      "end" : 641,
      "text" : "regional",
      "whiteSpace" : false
    }, {
      "id" : "s4-t35",
      "begin" : 642,
      "end" : 650,
      "text" : "planning",
      "whiteSpace" : false
    }, {
      "id" : "s4-t36",
      "begin" : 651,
      "end" : 661,
      "text" : "commission",
      "whiteSpace" : false
    }, {
      "id" : "s4-t37",
      "begin" : 661,
      "end" : 662,
      "text" : ",",
      "whiteSpace" : false
    }, {
      "id" : "s4-t38",
      "begin" : 663,
      "end" : 665,
      "text" : "as",
      "whiteSpace" : false
    }, {
      "id" : "s4-t39",
      "begin" : 666,
      "end" : 669,
      "text" : "set",
      "whiteSpace" : false
    }, {
      "id" : "s4-t40",
      "begin" : 670,
      "end" : 675,
      "text" : "forth",
      "whiteSpace" : false
    }, {
      "id" : "s4-t41",
      "begin" : 676,
      "end" : 678,
      "text" : "in",
      "whiteSpace" : false
    }, {
      "id" : "s4-t42",
      "begin" : 679,
      "end" : 682,
      "text" : "the",
      "whiteSpace" : false
    }, {
      "id" : "s4-t43",
      "begin" : 683,
      "end" : 687,
      "text" : "deed",
      "whiteSpace" : false
    }, {
      "id" : "s4-t44",
      "begin" : 688,
      "end" : 690,
      "text" : "to",
      "whiteSpace" : false
    }, {
      "id" : "s4-t45",
      "begin" : 691,
      "end" : 697,
      "text" : "Thomas",
      "whiteSpace" : false
    }, {
      "id" : "s4-t46",
      "begin" : 698,
      "end" : 700,
      "text" : "E.",
      "whiteSpace" : false
    }, {
      "id" : "s4-t47",
      "begin" : 701,
      "end" : 708,
      "text" : "Proctor",
      "whiteSpace" : false
    }, {
      "id" : "s4-t48",
      "begin" : 709,
      "end" : 712,
      "text" : "and",
      "whiteSpace" : false
    }, {
      "id" : "s4-t49",
      "begin" : 713,
      "end" : 717,
      "text" : "wife",
      "whiteSpace" : false
    }, {
      "id" : "s4-t50",
      "begin" : 717,
      "end" : 718,
      "text" : ",",
      "whiteSpace" : false
    }, {
      "id" : "s4-t51",
      "begin" : 719,
      "end" : 726,
      "text" : "Marlene",
      "whiteSpace" : false
    }, {
      "id" : "s4-t52",
      "begin" : 727,
      "end" : 729,
      "text" : "D.",
      "whiteSpace" : false
    }, {
      "id" : "s4-t53",
      "begin" : 730,
      "end" : 737,
      "text" : "Proctor",
      "whiteSpace" : false
    }, {
      "id" : "s4-t54",
      "begin" : 737,
      "end" : 738,
      "text" : ",",
      "whiteSpace" : false
    }, {
      "id" : "s4-t55",
      "begin" : 739,
      "end" : 741,
      "text" : "of",
      "whiteSpace" : false
    }, {
      "id" : "s4-t56",
      "begin" : 742,
      "end" : 748,
      "text" : "record",
      "whiteSpace" : false
    }, {
      "id" : "s4-t57",
      "begin" : 749,
      "end" : 751,
      "text" : "in",
      "whiteSpace" : false
    } ]
  } ],
  "mentions" : [ {
    "id" : "s1-m1",
    "properties" : {
      "SIRE_MENTION_ROLE" : "WarrDeedBookNum",
      "SIRE_ENTITY_SUBTYPE" : "NONE",
      "SIRE_MENTION_TYPE" : "NONE",
      "SIRE_MENTION_CLASS" : "SPC"
    },
    "type" : "WarrDeedBookNum",
    "begin" : 280,
    "end" : 283,
    "inCoref" : false
  }, {
    "id" : "s1-m2",
    "properties" : {
      "SIRE_MENTION_ROLE" : "WarrDeedPageNum",
      "SIRE_ENTITY_SUBTYPE" : "NONE",
      "SIRE_MENTION_TYPE" : "NONE",
      "SIRE_MENTION_CLASS" : "SPC"
    },
    "type" : "WarrDeedPageNum",
    "begin" : 290,
    "end" : 293,
    "inCoref" : false
  } ],
  "relations" : [ ],
  "corefs" : [ ],
  "typeResolved" : true,
  "userResolved" : false
}