{
  "id" : "c8554300-54dc-11e9-b3f1-919b26b254ae-14",
  "name" : "WD201-15.txt",
  "createdDate" : 0,
  "version" : 3,
  "text" : " 37.30 feet to an iron pin, South 50 degrees 55 minutes East 132.96 feet to an iron pin; North 89 degrees 52 minutes East 132.31 feet to an iron pin in the centerline of Big Hurricane Creek; thence North 16 degrees 00 minutes West 222.51 feet to a point of beginning, containing 1.67 acres, more or less. Being the same property conveyed to Clint A. King and wife, Janie L. King by deed from EJ. Larkin and wife, Virginia Larkin, dated May 30, 1990, and of record in Warranty Deed Book 154, Page 1444, in the Register's Office of Humphrey's County, Tennessee. Also being the same property title to which vested in Clint A. King upon the death of his wife, Janie L. King, by reason of their tenancy by the entireties. This property is subject to the right of way of Indian Creek Road and Hurricane Creek Road. This property is subject to all matters shown on survey of record in Warranty Deed Book 131, Page 772, in the Register's Of???ce of Humphrey's County, Tennessee. The above described property is contiguous with other property belonging to said Grantee, and the above described property shall hereafter be part and parcel of such adjacent property of Grantee identi???ed as Tax Map 60, Parcel 035.00. This is ( ) Unimproved (X)w",
  "docLength" : 0,
  "language" : "EN",
  "status" : "SUBMITTED",
  "modifiedDate" : 1554165286846,
  "documentSet" : [ ],
  "preannotation" : [ ],
  "sentences" : [ {
    "id" : "s0",
    "begin" : 1,
    "end" : 304,
    "text" : "37.30 feet to an iron pin, South 50 degrees 55 minutes East 132.96 feet to an iron pin; North 89 degrees 52 minutes East 132.31 feet to an iron pin in the centerline of Big Hurricane Creek; thence North 16 degrees 00 minutes West 222.51 feet to a point of beginning, containing 1.67 acres, more or less.",
    "tokens" : [ {
      "id" : "s0-t0",
      "begin" : 1,
      "end" : 6,
      "text" : "37.30",
      "whiteSpace" : false
    }, {
      "id" : "s0-t1",
      "begin" : 7,
      "end" : 11,
      "text" : "feet",
      "whiteSpace" : false
    }, {
      "id" : "s0-t2",
      "begin" : 12,
      "end" : 14,
      "text" : "to",
      "whiteSpace" : false
    }, {
      "id" : "s0-t3",
      "begin" : 15,
      "end" : 17,
      "text" : "an",
      "whiteSpace" : false
    }, {
      "id" : "s0-t4",
      "begin" : 18,
      "end" : 22,
      "text" : "iron",
      "whiteSpace" : false
    }, {
      "id" : "s0-t5",
      "begin" : 23,
      "end" : 26,
      "text" : "pin",
      "whiteSpace" : false
    }, {
      "id" : "s0-t6",
      "begin" : 26,
      "end" : 27,
      "text" : ",",
      "whiteSpace" : false
    }, {
      "id" : "s0-t7",
      "begin" : 28,
      "end" : 33,
      "text" : "South",
      "whiteSpace" : false
    }, {
      "id" : "s0-t8",
      "begin" : 34,
      "end" : 36,
      "text" : "50",
      "whiteSpace" : false
    }, {
      "id" : "s0-t9",
      "begin" : 37,
      "end" : 44,
      "text" : "degrees",
      "whiteSpace" : false
    }, {
      "id" : "s0-t10",
      "begin" : 45,
      "end" : 47,
      "text" : "55",
      "whiteSpace" : false
    }, {
      "id" : "s0-t11",
      "begin" : 48,
      "end" : 55,
      "text" : "minutes",
      "whiteSpace" : false
    }, {
      "id" : "s0-t12",
      "begin" : 56,
      "end" : 60,
      "text" : "East",
      "whiteSpace" : false
    }, {
      "id" : "s0-t13",
      "begin" : 61,
      "end" : 67,
      "text" : "132.96",
      "whiteSpace" : false
    }, {
      "id" : "s0-t14",
      "begin" : 68,
      "end" : 72,
      "text" : "feet",
      "whiteSpace" : false
    }, {
      "id" : "s0-t15",
      "begin" : 73,
      "end" : 75,
      "text" : "to",
      "whiteSpace" : false
    }, {
      "id" : "s0-t16",
      "begin" : 76,
      "end" : 78,
      "text" : "an",
      "whiteSpace" : false
    }, {
      "id" : "s0-t17",
      "begin" : 79,
      "end" : 83,
      "text" : "iron",
      "whiteSpace" : false
    }, {
      "id" : "s0-t18",
      "begin" : 84,
      "end" : 87,
      "text" : "pin",
      "whiteSpace" : false
    }, {
      "id" : "s0-t19",
      "begin" : 87,
      "end" : 88,
      "text" : ";",
      "whiteSpace" : false
    }, {
      "id" : "s0-t20",
      "begin" : 89,
      "end" : 94,
      "text" : "North",
      "whiteSpace" : false
    }, {
      "id" : "s0-t21",
      "begin" : 95,
      "end" : 97,
      "text" : "89",
      "whiteSpace" : false
    }, {
      "id" : "s0-t22",
      "begin" : 98,
      "end" : 105,
      "text" : "degrees",
      "whiteSpace" : false
    }, {
      "id" : "s0-t23",
      "begin" : 106,
      "end" : 108,
      "text" : "52",
      "whiteSpace" : false
    }, {
      "id" : "s0-t24",
      "begin" : 109,
      "end" : 116,
      "text" : "minutes",
      "whiteSpace" : false
    }, {
      "id" : "s0-t25",
      "begin" : 117,
      "end" : 121,
      "text" : "East",
      "whiteSpace" : false
    }, {
      "id" : "s0-t26",
      "begin" : 122,
      "end" : 128,
      "text" : "132.31",
      "whiteSpace" : false
    }, {
      "id" : "s0-t27",
      "begin" : 129,
      "end" : 133,
      "text" : "feet",
      "whiteSpace" : false
    }, {
      "id" : "s0-t28",
      "begin" : 134,
      "end" : 136,
      "text" : "to",
      "whiteSpace" : false
    }, {
      "id" : "s0-t29",
      "begin" : 137,
      "end" : 139,
      "text" : "an",
      "whiteSpace" : false
    }, {
      "id" : "s0-t30",
      "begin" : 140,
      "end" : 144,
      "text" : "iron",
      "whiteSpace" : false
    }, {
      "id" : "s0-t31",
      "begin" : 145,
      "end" : 148,
      "text" : "pin",
      "whiteSpace" : false
    }, {
      "id" : "s0-t32",
      "begin" : 149,
      "end" : 151,
      "text" : "in",
      "whiteSpace" : false
    }, {
      "id" : "s0-t33",
      "begin" : 152,
      "end" : 155,
      "text" : "the",
      "whiteSpace" : false
    }, {
      "id" : "s0-t34",
      "begin" : 156,
      "end" : 166,
      "text" : "centerline",
      "whiteSpace" : false
    }, {
      "id" : "s0-t35",
      "begin" : 167,
      "end" : 169,
      "text" : "of",
      "whiteSpace" : false
    }, {
      "id" : "s0-t36",
      "begin" : 170,
      "end" : 173,
      "text" : "Big",
      "whiteSpace" : false
    }, {
      "id" : "s0-t37",
      "begin" : 174,
      "end" : 183,
      "text" : "Hurricane",
      "whiteSpace" : false
    }, {
      "id" : "s0-t38",
      "begin" : 184,
      "end" : 189,
      "text" : "Creek",
      "whiteSpace" : false
    }, {
      "id" : "s0-t39",
      "begin" : 189,
      "end" : 190,
      "text" : ";",
      "whiteSpace" : false
    }, {
      "id" : "s0-t40",
      "begin" : 191,
      "end" : 197,
      "text" : "thence",
      "whiteSpace" : false
    }, {
      "id" : "s0-t41",
      "begin" : 198,
      "end" : 203,
      "text" : "North",
      "whiteSpace" : false
    }, {
      "id" : "s0-t42",
      "begin" : 204,
      "end" : 206,
      "text" : "16",
      "whiteSpace" : false
    }, {
      "id" : "s0-t43",
      "begin" : 207,
      "end" : 214,
      "text" : "degrees",
      "whiteSpace" : false
    }, {
      "id" : "s0-t44",
      "begin" : 215,
      "end" : 217,
      "text" : "00",
      "whiteSpace" : false
    }, {
      "id" : "s0-t45",
      "begin" : 218,
      "end" : 225,
      "text" : "minutes",
      "whiteSpace" : false
    }, {
      "id" : "s0-t46",
      "begin" : 226,
      "end" : 230,
      "text" : "West",
      "whiteSpace" : false
    }, {
      "id" : "s0-t47",
      "begin" : 231,
      "end" : 237,
      "text" : "222.51",
      "whiteSpace" : false
    }, {
      "id" : "s0-t48",
      "begin" : 238,
      "end" : 242,
      "text" : "feet",
      "whiteSpace" : false
    }, {
      "id" : "s0-t49",
      "begin" : 243,
      "end" : 245,
      "text" : "to",
      "whiteSpace" : false
    }, {
      "id" : "s0-t50",
      "begin" : 246,
      "end" : 247,
      "text" : "a",
      "whiteSpace" : false
    }, {
      "id" : "s0-t51",
      "begin" : 248,
      "end" : 253,
      "text" : "point",
      "whiteSpace" : false
    }, {
      "id" : "s0-t52",
      "begin" : 254,
      "end" : 256,
      "text" : "of",
      "whiteSpace" : false
    }, {
      "id" : "s0-t53",
      "begin" : 257,
      "end" : 266,
      "text" : "beginning",
      "whiteSpace" : false
    }, {
      "id" : "s0-t54",
      "begin" : 266,
      "end" : 267,
      "text" : ",",
      "whiteSpace" : false
    }, {
      "id" : "s0-t55",
      "begin" : 268,
      "end" : 278,
      "text" : "containing",
      "whiteSpace" : false
    }, {
      "id" : "s0-t56",
      "begin" : 279,
      "end" : 283,
      "text" : "1.67",
      "whiteSpace" : false
    }, {
      "id" : "s0-t57",
      "begin" : 284,
      "end" : 289,
      "text" : "acres",
      "whiteSpace" : false
    }, {
      "id" : "s0-t58",
      "begin" : 289,
      "end" : 290,
      "text" : ",",
      "whiteSpace" : false
    }, {
      "id" : "s0-t59",
      "begin" : 291,
      "end" : 295,
      "text" : "more",
      "whiteSpace" : false
    }, {
      "id" : "s0-t60",
      "begin" : 296,
      "end" : 298,
      "text" : "or",
      "whiteSpace" : false
    }, {
      "id" : "s0-t61",
      "begin" : 299,
      "end" : 303,
      "text" : "less",
      "whiteSpace" : false
    }, {
      "id" : "s0-t62",
      "begin" : 303,
      "end" : 304,
      "text" : ".",
      "whiteSpace" : false
    } ]
  }, {
    "id" : "s1",
    "begin" : 305,
    "end" : 395,
    "text" : "Being the same property conveyed to Clint A. King and wife, Janie L. King by deed from EJ.",
    "tokens" : [ {
      "id" : "s1-t0",
      "begin" : 305,
      "end" : 310,
      "text" : "Being",
      "whiteSpace" : false
    }, {
      "id" : "s1-t1",
      "begin" : 311,
      "end" : 314,
      "text" : "the",
      "whiteSpace" : false
    }, {
      "id" : "s1-t2",
      "begin" : 315,
      "end" : 319,
      "text" : "same",
      "whiteSpace" : false
    }, {
      "id" : "s1-t3",
      "begin" : 320,
      "end" : 328,
      "text" : "property",
      "whiteSpace" : false
    }, {
      "id" : "s1-t4",
      "begin" : 329,
      "end" : 337,
      "text" : "conveyed",
      "whiteSpace" : false
    }, {
      "id" : "s1-t5",
      "begin" : 338,
      "end" : 340,
      "text" : "to",
      "whiteSpace" : false
    }, {
      "id" : "s1-t6",
      "begin" : 341,
      "end" : 346,
      "text" : "Clint",
      "whiteSpace" : false
    }, {
      "id" : "s1-t7",
      "begin" : 347,
      "end" : 349,
      "text" : "A.",
      "whiteSpace" : false
    }, {
      "id" : "s1-t8",
      "begin" : 350,
      "end" : 354,
      "text" : "King",
      "whiteSpace" : false
    }, {
      "id" : "s1-t9",
      "begin" : 355,
      "end" : 358,
      "text" : "and",
      "whiteSpace" : false
    }, {
      "id" : "s1-t10",
      "begin" : 359,
      "end" : 363,
      "text" : "wife",
      "whiteSpace" : false
    }, {
      "id" : "s1-t11",
      "begin" : 363,
      "end" : 364,
      "text" : ",",
      "whiteSpace" : false
    }, {
      "id" : "s1-t12",
      "begin" : 365,
      "end" : 370,
      "text" : "Janie",
      "whiteSpace" : false
    }, {
      "id" : "s1-t13",
      "begin" : 371,
      "end" : 373,
      "text" : "L.",
      "whiteSpace" : false
    }, {
      "id" : "s1-t14",
      "begin" : 374,
      "end" : 378,
      "text" : "King",
      "whiteSpace" : false
    }, {
      "id" : "s1-t15",
      "begin" : 379,
      "end" : 381,
      "text" : "by",
      "whiteSpace" : false
    }, {
      "id" : "s1-t16",
      "begin" : 382,
      "end" : 386,
      "text" : "deed",
      "whiteSpace" : false
    }, {
      "id" : "s1-t17",
      "begin" : 387,
      "end" : 391,
      "text" : "from",
      "whiteSpace" : false
    }, {
      "id" : "s1-t18",
      "begin" : 392,
      "end" : 394,
      "text" : "EJ",
      "whiteSpace" : false
    }, {
      "id" : "s1-t19",
      "begin" : 394,
      "end" : 395,
      "text" : ".",
      "whiteSpace" : false
    } ]
  }, {
    "id" : "s2",
    "begin" : 396,
    "end" : 559,
    "text" : "Larkin and wife, Virginia Larkin, dated May 30, 1990, and of record in Warranty Deed Book 154, Page 1444, in the Register's Office of Humphrey's County, Tennessee.",
    "tokens" : [ {
      "id" : "s2-t0",
      "begin" : 396,
      "end" : 402,
      "text" : "Larkin",
      "whiteSpace" : false
    }, {
      "id" : "s2-t1",
      "begin" : 403,
      "end" : 406,
      "text" : "and",
      "whiteSpace" : false
    }, {
      "id" : "s2-t2",
      "begin" : 407,
      "end" : 411,
      "text" : "wife",
      "whiteSpace" : false
    }, {
      "id" : "s2-t3",
      "begin" : 411,
      "end" : 412,
      "text" : ",",
      "whiteSpace" : false
    }, {
      "id" : "s2-t4",
      "begin" : 413,
      "end" : 421,
      "text" : "Virginia",
      "whiteSpace" : false
    }, {
      "id" : "s2-t5",
      "begin" : 422,
      "end" : 428,
      "text" : "Larkin",
      "whiteSpace" : false
    }, {
      "id" : "s2-t6",
      "begin" : 428,
      "end" : 429,
      "text" : ",",
      "whiteSpace" : false
    }, {
      "id" : "s2-t7",
      "begin" : 430,
      "end" : 435,
      "text" : "dated",
      "whiteSpace" : false
    }, {
      "id" : "s2-t8",
      "begin" : 436,
      "end" : 439,
      "text" : "May",
      "whiteSpace" : false
    }, {
      "id" : "s2-t9",
      "begin" : 440,
      "end" : 442,
      "text" : "30",
      "whiteSpace" : false
    }, {
      "id" : "s2-t10",
      "begin" : 442,
      "end" : 443,
      "text" : ",",
      "whiteSpace" : false
    }, {
      "id" : "s2-t11",
      "begin" : 444,
      "end" : 448,
      "text" : "1990",
      "whiteSpace" : false
    }, {
      "id" : "s2-t12",
      "begin" : 448,
      "end" : 449,
      "text" : ",",
      "whiteSpace" : false
    }, {
      "id" : "s2-t13",
      "begin" : 450,
      "end" : 453,
      "text" : "and",
      "whiteSpace" : false
    }, {
      "id" : "s2-t14",
      "begin" : 454,
      "end" : 456,
      "text" : "of",
      "whiteSpace" : false
    }, {
      "id" : "s2-t15",
      "begin" : 457,
      "end" : 463,
      "text" : "record",
      "whiteSpace" : false
    }, {
      "id" : "s2-t16",
      "begin" : 464,
      "end" : 466,
      "text" : "in",
      "whiteSpace" : false
    }, {
      "id" : "s2-t17",
      "begin" : 467,
      "end" : 475,
      "text" : "Warranty",
      "whiteSpace" : false
    }, {
      "id" : "s2-t18",
      "begin" : 476,
      "end" : 480,
      "text" : "Deed",
      "whiteSpace" : false
    }, {
      "id" : "s2-t19",
      "begin" : 481,
      "end" : 485,
      "text" : "Book",
      "whiteSpace" : false
    }, {
      "id" : "s2-t20",
      "begin" : 486,
      "end" : 489,
      "text" : "154",
      "whiteSpace" : false
    }, {
      "id" : "s2-t21",
      "begin" : 489,
      "end" : 490,
      "text" : ",",
      "whiteSpace" : false
    }, {
      "id" : "s2-t22",
      "begin" : 491,
      "end" : 495,
      "text" : "Page",
      "whiteSpace" : false
    }, {
      "id" : "s2-t23",
      "begin" : 496,
      "end" : 500,
      "text" : "1444",
      "whiteSpace" : false
    }, {
      "id" : "s2-t24",
      "begin" : 500,
      "end" : 501,
      "text" : ",",
      "whiteSpace" : false
    }, {
      "id" : "s2-t25",
      "begin" : 502,
      "end" : 504,
      "text" : "in",
      "whiteSpace" : false
    }, {
      "id" : "s2-t26",
      "begin" : 505,
      "end" : 508,
      "text" : "the",
      "whiteSpace" : false
    }, {
      "id" : "s2-t27",
      "begin" : 509,
      "end" : 517,
      "text" : "Register",
      "whiteSpace" : false
    }, {
      "id" : "s2-t28",
      "begin" : 517,
      "end" : 519,
      "text" : "'s",
      "whiteSpace" : false
    }, {
      "id" : "s2-t29",
      "begin" : 520,
      "end" : 526,
      "text" : "Office",
      "whiteSpace" : false
    }, {
      "id" : "s2-t30",
      "begin" : 527,
      "end" : 529,
      "text" : "of",
      "whiteSpace" : false
    }, {
      "id" : "s2-t31",
      "begin" : 530,
      "end" : 538,
      "text" : "Humphrey",
      "whiteSpace" : false
    }, {
      "id" : "s2-t32",
      "begin" : 538,
      "end" : 540,
      "text" : "'s",
      "whiteSpace" : false
    }, {
      "id" : "s2-t33",
      "begin" : 541,
      "end" : 547,
      "text" : "County",
      "whiteSpace" : false
    }, {
      "id" : "s2-t34",
      "begin" : 547,
      "end" : 548,
      "text" : ",",
      "whiteSpace" : false
    }, {
      "id" : "s2-t35",
      "begin" : 549,
      "end" : 558,
      "text" : "Tennessee",
      "whiteSpace" : false
    }, {
      "id" : "s2-t36",
      "begin" : 558,
      "end" : 559,
      "text" : ".",
      "whiteSpace" : false
    } ]
  }, {
    "id" : "s3",
    "begin" : 560,
    "end" : 716,
    "text" : "Also being the same property title to which vested in Clint A. King upon the death of his wife, Janie L. King, by reason of their tenancy by the entireties.",
    "tokens" : [ {
      "id" : "s3-t0",
      "begin" : 560,
      "end" : 564,
      "text" : "Also",
      "whiteSpace" : false
    }, {
      "id" : "s3-t1",
      "begin" : 565,
      "end" : 570,
      "text" : "being",
      "whiteSpace" : false
    }, {
      "id" : "s3-t2",
      "begin" : 571,
      "end" : 574,
      "text" : "the",
      "whiteSpace" : false
    }, {
      "id" : "s3-t3",
      "begin" : 575,
      "end" : 579,
      "text" : "same",
      "whiteSpace" : false
    }, {
      "id" : "s3-t4",
      "begin" : 580,
      "end" : 588,
      "text" : "property",
      "whiteSpace" : false
    }, {
      "id" : "s3-t5",
      "begin" : 589,
      "end" : 594,
      "text" : "title",
      "whiteSpace" : false
    }, {
      "id" : "s3-t6",
      "begin" : 595,
      "end" : 597,
      "text" : "to",
      "whiteSpace" : false
    }, {
      "id" : "s3-t7",
      "begin" : 598,
      "end" : 603,
      "text" : "which",
      "whiteSpace" : false
    }, {
      "id" : "s3-t8",
      "begin" : 604,
      "end" : 610,
      "text" : "vested",
      "whiteSpace" : false
    }, {
      "id" : "s3-t9",
      "begin" : 611,
      "end" : 613,
      "text" : "in",
      "whiteSpace" : false
    }, {
      "id" : "s3-t10",
      "begin" : 614,
      "end" : 619,
      "text" : "Clint",
      "whiteSpace" : false
    }, {
      "id" : "s3-t11",
      "begin" : 620,
      "end" : 622,
      "text" : "A.",
      "whiteSpace" : false
    }, {
      "id" : "s3-t12",
      "begin" : 623,
      "end" : 627,
      "text" : "King",
      "whiteSpace" : false
    }, {
      "id" : "s3-t13",
      "begin" : 628,
      "end" : 632,
      "text" : "upon",
      "whiteSpace" : false
    }, {
      "id" : "s3-t14",
      "begin" : 633,
      "end" : 636,
      "text" : "the",
      "whiteSpace" : false
    }, {
      "id" : "s3-t15",
      "begin" : 637,
      "end" : 642,
      "text" : "death",
      "whiteSpace" : false
    }, {
      "id" : "s3-t16",
      "begin" : 643,
      "end" : 645,
      "text" : "of",
      "whiteSpace" : false
    }, {
      "id" : "s3-t17",
      "begin" : 646,
      "end" : 649,
      "text" : "his",
      "whiteSpace" : false
    }, {
      "id" : "s3-t18",
      "begin" : 650,
      "end" : 654,
      "text" : "wife",
      "whiteSpace" : false
    }, {
      "id" : "s3-t19",
      "begin" : 654,
      "end" : 655,
      "text" : ",",
      "whiteSpace" : false
    }, {
      "id" : "s3-t20",
      "begin" : 656,
      "end" : 661,
      "text" : "Janie",
      "whiteSpace" : false
    }, {
      "id" : "s3-t21",
      "begin" : 662,
      "end" : 664,
      "text" : "L.",
      "whiteSpace" : false
    }, {
      "id" : "s3-t22",
      "begin" : 665,
      "end" : 669,
      "text" : "King",
      "whiteSpace" : false
    }, {
      "id" : "s3-t23",
      "begin" : 669,
      "end" : 670,
      "text" : ",",
      "whiteSpace" : false
    }, {
      "id" : "s3-t24",
      "begin" : 671,
      "end" : 673,
      "text" : "by",
      "whiteSpace" : false
    }, {
      "id" : "s3-t25",
      "begin" : 674,
      "end" : 680,
      "text" : "reason",
      "whiteSpace" : false
    }, {
      "id" : "s3-t26",
      "begin" : 681,
      "end" : 683,
      "text" : "of",
      "whiteSpace" : false
    }, {
      "id" : "s3-t27",
      "begin" : 684,
      "end" : 689,
      "text" : "their",
      "whiteSpace" : false
    }, {
      "id" : "s3-t28",
      "begin" : 690,
      "end" : 697,
      "text" : "tenancy",
      "whiteSpace" : false
    }, {
      "id" : "s3-t29",
      "begin" : 698,
      "end" : 700,
      "text" : "by",
      "whiteSpace" : false
    }, {
      "id" : "s3-t30",
      "begin" : 701,
      "end" : 704,
      "text" : "the",
      "whiteSpace" : false
    }, {
      "id" : "s3-t31",
      "begin" : 705,
      "end" : 715,
      "text" : "entireties",
      "whiteSpace" : false
    }, {
      "id" : "s3-t32",
      "begin" : 715,
      "end" : 716,
      "text" : ".",
      "whiteSpace" : false
    } ]
  }, {
    "id" : "s4",
    "begin" : 717,
    "end" : 808,
    "text" : "This property is subject to the right of way of Indian Creek Road and Hurricane Creek Road.",
    "tokens" : [ {
      "id" : "s4-t0",
      "begin" : 717,
      "end" : 721,
      "text" : "This",
      "whiteSpace" : false
    }, {
      "id" : "s4-t1",
      "begin" : 722,
      "end" : 730,
      "text" : "property",
      "whiteSpace" : false
    }, {
      "id" : "s4-t2",
      "begin" : 731,
      "end" : 733,
      "text" : "is",
      "whiteSpace" : false
    }, {
      "id" : "s4-t3",
      "begin" : 734,
      "end" : 741,
      "text" : "subject",
      "whiteSpace" : false
    }, {
      "id" : "s4-t4",
      "begin" : 742,
      "end" : 744,
      "text" : "to",
      "whiteSpace" : false
    }, {
      "id" : "s4-t5",
      "begin" : 745,
      "end" : 748,
      "text" : "the",
      "whiteSpace" : false
    }, {
      "id" : "s4-t6",
      "begin" : 749,
      "end" : 754,
      "text" : "right",
      "whiteSpace" : false
    }, {
      "id" : "s4-t7",
      "begin" : 755,
      "end" : 757,
      "text" : "of",
      "whiteSpace" : false
    }, {
      "id" : "s4-t8",
      "begin" : 758,
      "end" : 761,
      "text" : "way",
      "whiteSpace" : false
    }, {
      "id" : "s4-t9",
      "begin" : 762,
      "end" : 764,
      "text" : "of",
      "whiteSpace" : false
    }, {
      "id" : "s4-t10",
      "begin" : 765,
      "end" : 771,
      "text" : "Indian",
      "whiteSpace" : false
    }, {
      "id" : "s4-t11",
      "begin" : 772,
      "end" : 777,
      "text" : "Creek",
      "whiteSpace" : false
    }, {
      "id" : "s4-t12",
      "begin" : 778,
      "end" : 782,
      "text" : "Road",
      "whiteSpace" : false
    }, {
      "id" : "s4-t13",
      "begin" : 783,
      "end" : 786,
      "text" : "and",
      "whiteSpace" : false
    }, {
      "id" : "s4-t14",
      "begin" : 787,
      "end" : 796,
      "text" : "Hurricane",
      "whiteSpace" : false
    }, {
      "id" : "s4-t15",
      "begin" : 797,
      "end" : 802,
      "text" : "Creek",
      "whiteSpace" : false
    }, {
      "id" : "s4-t16",
      "begin" : 803,
      "end" : 807,
      "text" : "Road",
      "whiteSpace" : false
    }, {
      "id" : "s4-t17",
      "begin" : 807,
      "end" : 808,
      "text" : ".",
      "whiteSpace" : false
    } ]
  }, {
    "id" : "s5",
    "begin" : 809,
    "end" : 933,
    "text" : "This property is subject to all matters shown on survey of record in Warranty Deed Book 131, Page 772, in the Register's Of?",
    "tokens" : [ {
      "id" : "s5-t0",
      "begin" : 809,
      "end" : 813,
      "text" : "This",
      "whiteSpace" : false
    }, {
      "id" : "s5-t1",
      "begin" : 814,
      "end" : 822,
      "text" : "property",
      "whiteSpace" : false
    }, {
      "id" : "s5-t2",
      "begin" : 823,
      "end" : 825,
      "text" : "is",
      "whiteSpace" : false
    }, {
      "id" : "s5-t3",
      "begin" : 826,
      "end" : 833,
      "text" : "subject",
      "whiteSpace" : false
    }, {
      "id" : "s5-t4",
      "begin" : 834,
      "end" : 836,
      "text" : "to",
      "whiteSpace" : false
    }, {
      "id" : "s5-t5",
      "begin" : 837,
      "end" : 840,
      "text" : "all",
      "whiteSpace" : false
    }, {
      "id" : "s5-t6",
      "begin" : 841,
      "end" : 848,
      "text" : "matters",
      "whiteSpace" : false
    }, {
      "id" : "s5-t7",
      "begin" : 849,
      "end" : 854,
      "text" : "shown",
      "whiteSpace" : false
    }, {
      "id" : "s5-t8",
      "begin" : 855,
      "end" : 857,
      "text" : "on",
      "whiteSpace" : false
    }, {
      "id" : "s5-t9",
      "begin" : 858,
      "end" : 864,
      "text" : "survey",
      "whiteSpace" : false
    }, {
      "id" : "s5-t10",
      "begin" : 865,
      "end" : 867,
      "text" : "of",
      "whiteSpace" : false
    }, {
      "id" : "s5-t11",
      "begin" : 868,
      "end" : 874,
      "text" : "record",
      "whiteSpace" : false
    }, {
      "id" : "s5-t12",
      "begin" : 875,
      "end" : 877,
      "text" : "in",
      "whiteSpace" : false
    }, {
      "id" : "s5-t13",
      "begin" : 878,
      "end" : 886,
      "text" : "Warranty",
      "whiteSpace" : false
    }, {
      "id" : "s5-t14",
      "begin" : 887,
      "end" : 891,
      "text" : "Deed",
      "whiteSpace" : false
    }, {
      "id" : "s5-t15",
      "begin" : 892,
      "end" : 896,
      "text" : "Book",
      "whiteSpace" : false
    }, {
      "id" : "s5-t16",
      "begin" : 897,
      "end" : 900,
      "text" : "131",
      "whiteSpace" : false
    }, {
      "id" : "s5-t17",
      "begin" : 900,
      "end" : 901,
      "text" : ",",
      "whiteSpace" : false
    }, {
      "id" : "s5-t18",
      "begin" : 902,
      "end" : 906,
      "text" : "Page",
      "whiteSpace" : false
    }, {
      "id" : "s5-t19",
      "begin" : 907,
      "end" : 910,
      "text" : "772",
      "whiteSpace" : false
    }, {
      "id" : "s5-t20",
      "begin" : 910,
      "end" : 911,
      "text" : ",",
      "whiteSpace" : false
    }, {
      "id" : "s5-t21",
      "begin" : 912,
      "end" : 914,
      "text" : "in",
      "whiteSpace" : false
    }, {
      "id" : "s5-t22",
      "begin" : 915,
      "end" : 918,
      "text" : "the",
      "whiteSpace" : false
    }, {
      "id" : "s5-t23",
      "begin" : 919,
      "end" : 927,
      "text" : "Register",
      "whiteSpace" : false
    }, {
      "id" : "s5-t24",
      "begin" : 927,
      "end" : 929,
      "text" : "'s",
      "whiteSpace" : false
    }, {
      "id" : "s5-t25",
      "begin" : 930,
      "end" : 932,
      "text" : "Of",
      "whiteSpace" : false
    }, {
      "id" : "s5-t26",
      "begin" : 932,
      "end" : 933,
      "text" : "?",
      "whiteSpace" : false
    } ]
  }, {
    "id" : "s6",
    "begin" : 933,
    "end" : 970,
    "text" : "??ce of Humphrey's County, Tennessee.",
    "tokens" : [ {
      "id" : "s6-t0",
      "begin" : 933,
      "end" : 937,
      "text" : "??ce",
      "whiteSpace" : false
    }, {
      "id" : "s6-t1",
      "begin" : 938,
      "end" : 940,
      "text" : "of",
      "whiteSpace" : false
    }, {
      "id" : "s6-t2",
      "begin" : 941,
      "end" : 949,
      "text" : "Humphrey",
      "whiteSpace" : false
    }, {
      "id" : "s6-t3",
      "begin" : 949,
      "end" : 951,
      "text" : "'s",
      "whiteSpace" : false
    }, {
      "id" : "s6-t4",
      "begin" : 952,
      "end" : 958,
      "text" : "County",
      "whiteSpace" : false
    }, {
      "id" : "s6-t5",
      "begin" : 958,
      "end" : 959,
      "text" : ",",
      "whiteSpace" : false
    }, {
      "id" : "s6-t6",
      "begin" : 960,
      "end" : 969,
      "text" : "Tennessee",
      "whiteSpace" : false
    }, {
      "id" : "s6-t7",
      "begin" : 969,
      "end" : 970,
      "text" : ".",
      "whiteSpace" : false
    } ]
  }, {
    "id" : "s7",
    "begin" : 971,
    "end" : 1173,
    "text" : "The above described property is contiguous with other property belonging to said Grantee, and the above described property shall hereafter be part and parcel of such adjacent property of Grantee identi?",
    "tokens" : [ {
      "id" : "s7-t0",
      "begin" : 971,
      "end" : 974,
      "text" : "The",
      "whiteSpace" : false
    }, {
      "id" : "s7-t1",
      "begin" : 975,
      "end" : 980,
      "text" : "above",
      "whiteSpace" : false
    }, {
      "id" : "s7-t2",
      "begin" : 981,
      "end" : 990,
      "text" : "described",
      "whiteSpace" : false
    }, {
      "id" : "s7-t3",
      "begin" : 991,
      "end" : 999,
      "text" : "property",
      "whiteSpace" : false
    }, {
      "id" : "s7-t4",
      "begin" : 1000,
      "end" : 1002,
      "text" : "is",
      "whiteSpace" : false
    }, {
      "id" : "s7-t5",
      "begin" : 1003,
      "end" : 1013,
      "text" : "contiguous",
      "whiteSpace" : false
    }, {
      "id" : "s7-t6",
      "begin" : 1014,
      "end" : 1018,
      "text" : "with",
      "whiteSpace" : false
    }, {
      "id" : "s7-t7",
      "begin" : 1019,
      "end" : 1024,
      "text" : "other",
      "whiteSpace" : false
    }, {
      "id" : "s7-t8",
      "begin" : 1025,
      "end" : 1033,
      "text" : "property",
      "whiteSpace" : false
    }, {
      "id" : "s7-t9",
      "begin" : 1034,
      "end" : 1043,
      "text" : "belonging",
      "whiteSpace" : false
    }, {
      "id" : "s7-t10",
      "begin" : 1044,
      "end" : 1046,
      "text" : "to",
      "whiteSpace" : false
    }, {
      "id" : "s7-t11",
      "begin" : 1047,
      "end" : 1051,
      "text" : "said",
      "whiteSpace" : false
    }, {
      "id" : "s7-t12",
      "begin" : 1052,
      "end" : 1059,
      "text" : "Grantee",
      "whiteSpace" : false
    }, {
      "id" : "s7-t13",
      "begin" : 1059,
      "end" : 1060,
      "text" : ",",
      "whiteSpace" : false
    }, {
      "id" : "s7-t14",
      "begin" : 1061,
      "end" : 1064,
      "text" : "and",
      "whiteSpace" : false
    }, {
      "id" : "s7-t15",
      "begin" : 1065,
      "end" : 1068,
      "text" : "the",
      "whiteSpace" : false
    }, {
      "id" : "s7-t16",
      "begin" : 1069,
      "end" : 1074,
      "text" : "above",
      "whiteSpace" : false
    }, {
      "id" : "s7-t17",
      "begin" : 1075,
      "end" : 1084,
      "text" : "described",
      "whiteSpace" : false
    }, {
      "id" : "s7-t18",
      "begin" : 1085,
      "end" : 1093,
      "text" : "property",
      "whiteSpace" : false
    }, {
      "id" : "s7-t19",
      "begin" : 1094,
      "end" : 1099,
      "text" : "shall",
      "whiteSpace" : false
    }, {
      "id" : "s7-t20",
      "begin" : 1100,
      "end" : 1109,
      "text" : "hereafter",
      "whiteSpace" : false
    }, {
      "id" : "s7-t21",
      "begin" : 1110,
      "end" : 1112,
      "text" : "be",
      "whiteSpace" : false
    }, {
      "id" : "s7-t22",
      "begin" : 1113,
      "end" : 1117,
      "text" : "part",
      "whiteSpace" : false
    }, {
      "id" : "s7-t23",
      "begin" : 1118,
      "end" : 1121,
      "text" : "and",
      "whiteSpace" : false
    }, {
      "id" : "s7-t24",
      "begin" : 1122,
      "end" : 1128,
      "text" : "parcel",
      "whiteSpace" : false
    }, {
      "id" : "s7-t25",
      "begin" : 1129,
      "end" : 1131,
      "text" : "of",
      "whiteSpace" : false
    }, {
      "id" : "s7-t26",
      "begin" : 1132,
      "end" : 1136,
      "text" : "such",
      "whiteSpace" : false
    }, {
      "id" : "s7-t27",
      "begin" : 1137,
      "end" : 1145,
      "text" : "adjacent",
      "whiteSpace" : false
    }, {
      "id" : "s7-t28",
      "begin" : 1146,
      "end" : 1154,
      "text" : "property",
      "whiteSpace" : false
    }, {
      "id" : "s7-t29",
      "begin" : 1155,
      "end" : 1157,
      "text" : "of",
      "whiteSpace" : false
    }, {
      "id" : "s7-t30",
      "begin" : 1158,
      "end" : 1165,
      "text" : "Grantee",
      "whiteSpace" : false
    }, {
      "id" : "s7-t31",
      "begin" : 1166,
      "end" : 1172,
      "text" : "identi",
      "whiteSpace" : false
    }, {
      "id" : "s7-t32",
      "begin" : 1172,
      "end" : 1173,
      "text" : "?",
      "whiteSpace" : false
    } ]
  }, {
    "id" : "s8",
    "begin" : 1173,
    "end" : 1207,
    "text" : "??ed as Tax Map 60, Parcel 035.00.",
    "tokens" : [ {
      "id" : "s8-t0",
      "begin" : 1173,
      "end" : 1177,
      "text" : "??ed",
      "whiteSpace" : false
    }, {
      "id" : "s8-t1",
      "begin" : 1178,
      "end" : 1180,
      "text" : "as",
      "whiteSpace" : false
    }, {
      "id" : "s8-t2",
      "begin" : 1181,
      "end" : 1184,
      "text" : "Tax",
      "whiteSpace" : false
    }, {
      "id" : "s8-t3",
      "begin" : 1185,
      "end" : 1188,
      "text" : "Map",
      "whiteSpace" : false
    }, {
      "id" : "s8-t4",
      "begin" : 1189,
      "end" : 1191,
      "text" : "60",
      "whiteSpace" : false
    }, {
      "id" : "s8-t5",
      "begin" : 1191,
      "end" : 1192,
      "text" : ",",
      "whiteSpace" : false
    }, {
      "id" : "s8-t6",
      "begin" : 1193,
      "end" : 1199,
      "text" : "Parcel",
      "whiteSpace" : false
    }, {
      "id" : "s8-t7",
      "begin" : 1200,
      "end" : 1206,
      "text" : "035.00",
      "whiteSpace" : false
    }, {
      "id" : "s8-t8",
      "begin" : 1206,
      "end" : 1207,
      "text" : ".",
      "whiteSpace" : false
    } ]
  }, {
    "id" : "s9",
    "begin" : 1208,
    "end" : 1235,
    "text" : "This is ( ) Unimproved (X)w",
    "tokens" : [ {
      "id" : "s9-t0",
      "begin" : 1208,
      "end" : 1212,
      "text" : "This",
      "whiteSpace" : false
    }, {
      "id" : "s9-t1",
      "begin" : 1213,
      "end" : 1215,
      "text" : "is",
      "whiteSpace" : false
    }, {
      "id" : "s9-t2",
      "begin" : 1216,
      "end" : 1217,
      "text" : "(",
      "whiteSpace" : false
    }, {
      "id" : "s9-t3",
      "begin" : 1218,
      "end" : 1219,
      "text" : ")",
      "whiteSpace" : false
    }, {
      "id" : "s9-t4",
      "begin" : 1220,
      "end" : 1230,
      "text" : "Unimproved",
      "whiteSpace" : false
    }, {
      "id" : "s9-t5",
      "begin" : 1231,
      "end" : 1232,
      "text" : "(",
      "whiteSpace" : false
    }, {
      "id" : "s9-t6",
      "begin" : 1232,
      "end" : 1233,
      "text" : "X",
      "whiteSpace" : false
    }, {
      "id" : "s9-t7",
      "begin" : 1233,
      "end" : 1234,
      "text" : ")",
      "whiteSpace" : false
    }, {
      "id" : "s9-t8",
      "begin" : 1234,
      "end" : 1235,
      "text" : "w",
      "whiteSpace" : false
    } ]
  } ],
  "mentions" : [ {
    "id" : "s2-m1",
    "properties" : {
      "SIRE_MENTION_ROLE" : "WarrDeedBookNum",
      "SIRE_ENTITY_SUBTYPE" : "NONE",
      "SIRE_MENTION_TYPE" : "NONE",
      "SIRE_MENTION_CLASS" : "SPC"
    },
    "type" : "WarrDeedBookNum",
    "begin" : 486,
    "end" : 489,
    "inCoref" : false
  }, {
    "id" : "s2-m2",
    "properties" : {
      "SIRE_MENTION_ROLE" : "WarrDeedPageNum",
      "SIRE_ENTITY_SUBTYPE" : "NONE",
      "SIRE_MENTION_TYPE" : "NONE",
      "SIRE_MENTION_CLASS" : "SPC"
    },
    "type" : "WarrDeedPageNum",
    "begin" : 496,
    "end" : 500,
    "inCoref" : false
  } ],
  "relations" : [ ],
  "corefs" : [ ],
  "typeResolved" : true,
  "userResolved" : false
}