{
  "id" : "c8554300-54dc-11e9-b3f1-919b26b254ae-6",
  "name" : "WD197-15.txt",
  "createdDate" : 0,
  "version" : 3,
  "text" : "being situated in the Third Civil District of Humphreys County, Tennessee, and being Tract 4 (consisting of 5 .001 acres) of the Donald McKeown Subdivision, a plat of which is of record in Plat Cabinet B, Slide 150, Register???s Of???ce of Humphreys County, Tennessee, to which reference is hereby made for a more complete description., Being a portion of the property conveyed to Donald H. McKeown and wife, Esther N. McKeown by deed of record in Deed Book 159, page 1307, Register???s Of???ce of Humphreys County, Tennessee. Donald H., McKeown died November 23, 2003, thereby vesting title in Esther N., McKeown as the surviving tenant by the entireties., This conveyance is made subject to the following:, All matters pertaining to Tract 4 as shown on the plat of the Donald McKeown Subdivision of record in Plat Cabinet B, Slide 1",
  "docLength" : 0,
  "language" : "EN",
  "status" : "SUBMITTED",
  "modifiedDate" : 1554165335695,
  "documentSet" : [ ],
  "preannotation" : [ ],
  "sentences" : [ {
    "id" : "s0",
    "begin" : 0,
    "end" : 225,
    "text" : "being situated in the Third Civil District of Humphreys County, Tennessee, and being Tract 4 (consisting of 5 .001 acres) of the Donald McKeown Subdivision, a plat of which is of record in Plat Cabinet B, Slide 150, Register?",
    "tokens" : [ {
      "id" : "s0-t0",
      "begin" : 0,
      "end" : 5,
      "text" : "being",
      "whiteSpace" : false
    }, {
      "id" : "s0-t1",
      "begin" : 6,
      "end" : 14,
      "text" : "situated",
      "whiteSpace" : false
    }, {
      "id" : "s0-t2",
      "begin" : 15,
      "end" : 17,
      "text" : "in",
      "whiteSpace" : false
    }, {
      "id" : "s0-t3",
      "begin" : 18,
      "end" : 21,
      "text" : "the",
      "whiteSpace" : false
    }, {
      "id" : "s0-t4",
      "begin" : 22,
      "end" : 27,
      "text" : "Third",
      "whiteSpace" : false
    }, {
      "id" : "s0-t5",
      "begin" : 28,
      "end" : 33,
      "text" : "Civil",
      "whiteSpace" : false
    }, {
      "id" : "s0-t6",
      "begin" : 34,
      "end" : 42,
      "text" : "District",
      "whiteSpace" : false
    }, {
      "id" : "s0-t7",
      "begin" : 43,
      "end" : 45,
      "text" : "of",
      "whiteSpace" : false
    }, {
      "id" : "s0-t8",
      "begin" : 46,
      "end" : 55,
      "text" : "Humphreys",
      "whiteSpace" : false
    }, {
      "id" : "s0-t9",
      "begin" : 56,
      "end" : 62,
      "text" : "County",
      "whiteSpace" : false
    }, {
      "id" : "s0-t10",
      "begin" : 62,
      "end" : 63,
      "text" : ",",
      "whiteSpace" : false
    }, {
      "id" : "s0-t11",
      "begin" : 64,
      "end" : 73,
      "text" : "Tennessee",
      "whiteSpace" : false
    }, {
      "id" : "s0-t12",
      "begin" : 73,
      "end" : 74,
      "text" : ",",
      "whiteSpace" : false
    }, {
      "id" : "s0-t13",
      "begin" : 75,
      "end" : 78,
      "text" : "and",
      "whiteSpace" : false
    }, {
      "id" : "s0-t14",
      "begin" : 79,
      "end" : 84,
      "text" : "being",
      "whiteSpace" : false
    }, {
      "id" : "s0-t15",
      "begin" : 85,
      "end" : 90,
      "text" : "Tract",
      "whiteSpace" : false
    }, {
      "id" : "s0-t16",
      "begin" : 91,
      "end" : 92,
      "text" : "4",
      "whiteSpace" : false
    }, {
      "id" : "s0-t17",
      "begin" : 93,
      "end" : 94,
      "text" : "(",
      "whiteSpace" : false
    }, {
      "id" : "s0-t18",
      "begin" : 94,
      "end" : 104,
      "text" : "consisting",
      "whiteSpace" : false
    }, {
      "id" : "s0-t19",
      "begin" : 105,
      "end" : 107,
      "text" : "of",
      "whiteSpace" : false
    }, {
      "id" : "s0-t20",
      "begin" : 108,
      "end" : 109,
      "text" : "5",
      "whiteSpace" : false
    }, {
      "id" : "s0-t21",
      "begin" : 110,
      "end" : 114,
      "text" : ".001",
      "whiteSpace" : false
    }, {
      "id" : "s0-t22",
      "begin" : 115,
      "end" : 120,
      "text" : "acres",
      "whiteSpace" : false
    }, {
      "id" : "s0-t23",
      "begin" : 120,
      "end" : 121,
      "text" : ")",
      "whiteSpace" : false
    }, {
      "id" : "s0-t24",
      "begin" : 122,
      "end" : 124,
      "text" : "of",
      "whiteSpace" : false
    }, {
      "id" : "s0-t25",
      "begin" : 125,
      "end" : 128,
      "text" : "the",
      "whiteSpace" : false
    }, {
      "id" : "s0-t26",
      "begin" : 129,
      "end" : 135,
      "text" : "Donald",
      "whiteSpace" : false
    }, {
      "id" : "s0-t27",
      "begin" : 136,
      "end" : 143,
      "text" : "McKeown",
      "whiteSpace" : false
    }, {
      "id" : "s0-t28",
      "begin" : 144,
      "end" : 155,
      "text" : "Subdivision",
      "whiteSpace" : false
    }, {
      "id" : "s0-t29",
      "begin" : 155,
      "end" : 156,
      "text" : ",",
      "whiteSpace" : false
    }, {
      "id" : "s0-t30",
      "begin" : 157,
      "end" : 158,
      "text" : "a",
      "whiteSpace" : false
    }, {
      "id" : "s0-t31",
      "begin" : 159,
      "end" : 163,
      "text" : "plat",
      "whiteSpace" : false
    }, {
      "id" : "s0-t32",
      "begin" : 164,
      "end" : 166,
      "text" : "of",
      "whiteSpace" : false
    }, {
      "id" : "s0-t33",
      "begin" : 167,
      "end" : 172,
      "text" : "which",
      "whiteSpace" : false
    }, {
      "id" : "s0-t34",
      "begin" : 173,
      "end" : 175,
      "text" : "is",
      "whiteSpace" : false
    }, {
      "id" : "s0-t35",
      "begin" : 176,
      "end" : 178,
      "text" : "of",
      "whiteSpace" : false
    }, {
      "id" : "s0-t36",
      "begin" : 179,
      "end" : 185,
      "text" : "record",
      "whiteSpace" : false
    }, {
      "id" : "s0-t37",
      "begin" : 186,
      "end" : 188,
      "text" : "in",
      "whiteSpace" : false
    }, {
      "id" : "s0-t38",
      "begin" : 189,
      "end" : 193,
      "text" : "Plat",
      "whiteSpace" : false
    }, {
      "id" : "s0-t39",
      "begin" : 194,
      "end" : 201,
      "text" : "Cabinet",
      "whiteSpace" : false
    }, {
      "id" : "s0-t40",
      "begin" : 202,
      "end" : 203,
      "text" : "B",
      "whiteSpace" : false
    }, {
      "id" : "s0-t41",
      "begin" : 203,
      "end" : 204,
      "text" : ",",
      "whiteSpace" : false
    }, {
      "id" : "s0-t42",
      "begin" : 205,
      "end" : 210,
      "text" : "Slide",
      "whiteSpace" : false
    }, {
      "id" : "s0-t43",
      "begin" : 211,
      "end" : 214,
      "text" : "150",
      "whiteSpace" : false
    }, {
      "id" : "s0-t44",
      "begin" : 214,
      "end" : 215,
      "text" : ",",
      "whiteSpace" : false
    }, {
      "id" : "s0-t45",
      "begin" : 216,
      "end" : 224,
      "text" : "Register",
      "whiteSpace" : false
    }, {
      "id" : "s0-t46",
      "begin" : 224,
      "end" : 225,
      "text" : "?",
      "whiteSpace" : false
    } ]
  }, {
    "id" : "s1",
    "begin" : 225,
    "end" : 232,
    "text" : "??s Of?",
    "tokens" : [ {
      "id" : "s1-t0",
      "begin" : 225,
      "end" : 228,
      "text" : "??s",
      "whiteSpace" : false
    }, {
      "id" : "s1-t1",
      "begin" : 229,
      "end" : 231,
      "text" : "Of",
      "whiteSpace" : false
    }, {
      "id" : "s1-t2",
      "begin" : 231,
      "end" : 232,
      "text" : "?",
      "whiteSpace" : false
    } ]
  }, {
    "id" : "s2",
    "begin" : 232,
    "end" : 483,
    "text" : "??ce of Humphreys County, Tennessee, to which reference is hereby made for a more complete description., Being a portion of the property conveyed to Donald H. McKeown and wife, Esther N. McKeown by deed of record in Deed Book 159, page 1307, Register?",
    "tokens" : [ {
      "id" : "s2-t0",
      "begin" : 232,
      "end" : 236,
      "text" : "??ce",
      "whiteSpace" : false
    }, {
      "id" : "s2-t1",
      "begin" : 237,
      "end" : 239,
      "text" : "of",
      "whiteSpace" : false
    }, {
      "id" : "s2-t2",
      "begin" : 240,
      "end" : 249,
      "text" : "Humphreys",
      "whiteSpace" : false
    }, {
      "id" : "s2-t3",
      "begin" : 250,
      "end" : 256,
      "text" : "County",
      "whiteSpace" : false
    }, {
      "id" : "s2-t4",
      "begin" : 256,
      "end" : 257,
      "text" : ",",
      "whiteSpace" : false
    }, {
      "id" : "s2-t5",
      "begin" : 258,
      "end" : 267,
      "text" : "Tennessee",
      "whiteSpace" : false
    }, {
      "id" : "s2-t6",
      "begin" : 267,
      "end" : 268,
      "text" : ",",
      "whiteSpace" : false
    }, {
      "id" : "s2-t7",
      "begin" : 269,
      "end" : 271,
      "text" : "to",
      "whiteSpace" : false
    }, {
      "id" : "s2-t8",
      "begin" : 272,
      "end" : 277,
      "text" : "which",
      "whiteSpace" : false
    }, {
      "id" : "s2-t9",
      "begin" : 278,
      "end" : 287,
      "text" : "reference",
      "whiteSpace" : false
    }, {
      "id" : "s2-t10",
      "begin" : 288,
      "end" : 290,
      "text" : "is",
      "whiteSpace" : false
    }, {
      "id" : "s2-t11",
      "begin" : 291,
      "end" : 297,
      "text" : "hereby",
      "whiteSpace" : false
    }, {
      "id" : "s2-t12",
      "begin" : 298,
      "end" : 302,
      "text" : "made",
      "whiteSpace" : false
    }, {
      "id" : "s2-t13",
      "begin" : 303,
      "end" : 306,
      "text" : "for",
      "whiteSpace" : false
    }, {
      "id" : "s2-t14",
      "begin" : 307,
      "end" : 308,
      "text" : "a",
      "whiteSpace" : false
    }, {
      "id" : "s2-t15",
      "begin" : 309,
      "end" : 313,
      "text" : "more",
      "whiteSpace" : false
    }, {
      "id" : "s2-t16",
      "begin" : 314,
      "end" : 322,
      "text" : "complete",
      "whiteSpace" : false
    }, {
      "id" : "s2-t17",
      "begin" : 323,
      "end" : 335,
      "text" : "description.",
      "whiteSpace" : false
    }, {
      "id" : "s2-t18",
      "begin" : 335,
      "end" : 336,
      "text" : ",",
      "whiteSpace" : false
    }, {
      "id" : "s2-t19",
      "begin" : 337,
      "end" : 342,
      "text" : "Being",
      "whiteSpace" : false
    }, {
      "id" : "s2-t20",
      "begin" : 343,
      "end" : 344,
      "text" : "a",
      "whiteSpace" : false
    }, {
      "id" : "s2-t21",
      "begin" : 345,
      "end" : 352,
      "text" : "portion",
      "whiteSpace" : false
    }, {
      "id" : "s2-t22",
      "begin" : 353,
      "end" : 355,
      "text" : "of",
      "whiteSpace" : false
    }, {
      "id" : "s2-t23",
      "begin" : 356,
      "end" : 359,
      "text" : "the",
      "whiteSpace" : false
    }, {
      "id" : "s2-t24",
      "begin" : 360,
      "end" : 368,
      "text" : "property",
      "whiteSpace" : false
    }, {
      "id" : "s2-t25",
      "begin" : 369,
      "end" : 377,
      "text" : "conveyed",
      "whiteSpace" : false
    }, {
      "id" : "s2-t26",
      "begin" : 378,
      "end" : 380,
      "text" : "to",
      "whiteSpace" : false
    }, {
      "id" : "s2-t27",
      "begin" : 381,
      "end" : 387,
      "text" : "Donald",
      "whiteSpace" : false
    }, {
      "id" : "s2-t28",
      "begin" : 388,
      "end" : 390,
      "text" : "H.",
      "whiteSpace" : false
    }, {
      "id" : "s2-t29",
      "begin" : 391,
      "end" : 398,
      "text" : "McKeown",
      "whiteSpace" : false
    }, {
      "id" : "s2-t30",
      "begin" : 399,
      "end" : 402,
      "text" : "and",
      "whiteSpace" : false
    }, {
      "id" : "s2-t31",
      "begin" : 403,
      "end" : 407,
      "text" : "wife",
      "whiteSpace" : false
    }, {
      "id" : "s2-t32",
      "begin" : 407,
      "end" : 408,
      "text" : ",",
      "whiteSpace" : false
    }, {
      "id" : "s2-t33",
      "begin" : 409,
      "end" : 415,
      "text" : "Esther",
      "whiteSpace" : false
    }, {
      "id" : "s2-t34",
      "begin" : 416,
      "end" : 418,
      "text" : "N.",
      "whiteSpace" : false
    }, {
      "id" : "s2-t35",
      "begin" : 419,
      "end" : 426,
      "text" : "McKeown",
      "whiteSpace" : false
    }, {
      "id" : "s2-t36",
      "begin" : 427,
      "end" : 429,
      "text" : "by",
      "whiteSpace" : false
    }, {
      "id" : "s2-t37",
      "begin" : 430,
      "end" : 434,
      "text" : "deed",
      "whiteSpace" : false
    }, {
      "id" : "s2-t38",
      "begin" : 435,
      "end" : 437,
      "text" : "of",
      "whiteSpace" : false
    }, {
      "id" : "s2-t39",
      "begin" : 438,
      "end" : 444,
      "text" : "record",
      "whiteSpace" : false
    }, {
      "id" : "s2-t40",
      "begin" : 445,
      "end" : 447,
      "text" : "in",
      "whiteSpace" : false
    }, {
      "id" : "s2-t41",
      "begin" : 448,
      "end" : 452,
      "text" : "Deed",
      "whiteSpace" : false
    }, {
      "id" : "s2-t42",
      "begin" : 453,
      "end" : 457,
      "text" : "Book",
      "whiteSpace" : false
    }, {
      "id" : "s2-t43",
      "begin" : 458,
      "end" : 461,
      "text" : "159",
      "whiteSpace" : false
    }, {
      "id" : "s2-t44",
      "begin" : 461,
      "end" : 462,
      "text" : ",",
      "whiteSpace" : false
    }, {
      "id" : "s2-t45",
      "begin" : 463,
      "end" : 467,
      "text" : "page",
      "whiteSpace" : false
    }, {
      "id" : "s2-t46",
      "begin" : 468,
      "end" : 472,
      "text" : "1307",
      "whiteSpace" : false
    }, {
      "id" : "s2-t47",
      "begin" : 472,
      "end" : 473,
      "text" : ",",
      "whiteSpace" : false
    }, {
      "id" : "s2-t48",
      "begin" : 474,
      "end" : 482,
      "text" : "Register",
      "whiteSpace" : false
    }, {
      "id" : "s2-t49",
      "begin" : 482,
      "end" : 483,
      "text" : "?",
      "whiteSpace" : false
    } ]
  }, {
    "id" : "s3",
    "begin" : 483,
    "end" : 490,
    "text" : "??s Of?",
    "tokens" : [ {
      "id" : "s3-t0",
      "begin" : 483,
      "end" : 486,
      "text" : "??s",
      "whiteSpace" : false
    }, {
      "id" : "s3-t1",
      "begin" : 487,
      "end" : 489,
      "text" : "Of",
      "whiteSpace" : false
    }, {
      "id" : "s3-t2",
      "begin" : 489,
      "end" : 490,
      "text" : "?",
      "whiteSpace" : false
    } ]
  }, {
    "id" : "s4",
    "begin" : 490,
    "end" : 526,
    "text" : "??ce of Humphreys County, Tennessee.",
    "tokens" : [ {
      "id" : "s4-t0",
      "begin" : 490,
      "end" : 494,
      "text" : "??ce",
      "whiteSpace" : false
    }, {
      "id" : "s4-t1",
      "begin" : 495,
      "end" : 497,
      "text" : "of",
      "whiteSpace" : false
    }, {
      "id" : "s4-t2",
      "begin" : 498,
      "end" : 507,
      "text" : "Humphreys",
      "whiteSpace" : false
    }, {
      "id" : "s4-t3",
      "begin" : 508,
      "end" : 514,
      "text" : "County",
      "whiteSpace" : false
    }, {
      "id" : "s4-t4",
      "begin" : 514,
      "end" : 515,
      "text" : ",",
      "whiteSpace" : false
    }, {
      "id" : "s4-t5",
      "begin" : 516,
      "end" : 525,
      "text" : "Tennessee",
      "whiteSpace" : false
    }, {
      "id" : "s4-t6",
      "begin" : 525,
      "end" : 526,
      "text" : ".",
      "whiteSpace" : false
    } ]
  }, {
    "id" : "s5",
    "begin" : 527,
    "end" : 834,
    "text" : "Donald H., McKeown died November 23, 2003, thereby vesting title in Esther N., McKeown as the surviving tenant by the entireties., This conveyance is made subject to the following:, All matters pertaining to Tract 4 as shown on the plat of the Donald McKeown Subdivision of record in Plat Cabinet B, Slide 1",
    "tokens" : [ {
      "id" : "s5-t0",
      "begin" : 527,
      "end" : 533,
      "text" : "Donald",
      "whiteSpace" : false
    }, {
      "id" : "s5-t1",
      "begin" : 534,
      "end" : 536,
      "text" : "H.",
      "whiteSpace" : false
    }, {
      "id" : "s5-t2",
      "begin" : 536,
      "end" : 537,
      "text" : ",",
      "whiteSpace" : false
    }, {
      "id" : "s5-t3",
      "begin" : 538,
      "end" : 545,
      "text" : "McKeown",
      "whiteSpace" : false
    }, {
      "id" : "s5-t4",
      "begin" : 546,
      "end" : 550,
      "text" : "died",
      "whiteSpace" : false
    }, {
      "id" : "s5-t5",
      "begin" : 551,
      "end" : 559,
      "text" : "November",
      "whiteSpace" : false
    }, {
      "id" : "s5-t6",
      "begin" : 560,
      "end" : 562,
      "text" : "23",
      "whiteSpace" : false
    }, {
      "id" : "s5-t7",
      "begin" : 562,
      "end" : 563,
      "text" : ",",
      "whiteSpace" : false
    }, {
      "id" : "s5-t8",
      "begin" : 564,
      "end" : 568,
      "text" : "2003",
      "whiteSpace" : false
    }, {
      "id" : "s5-t9",
      "begin" : 568,
      "end" : 569,
      "text" : ",",
      "whiteSpace" : false
    }, {
      "id" : "s5-t10",
      "begin" : 570,
      "end" : 577,
      "text" : "thereby",
      "whiteSpace" : false
    }, {
      "id" : "s5-t11",
      "begin" : 578,
      "end" : 585,
      "text" : "vesting",
      "whiteSpace" : false
    }, {
      "id" : "s5-t12",
      "begin" : 586,
      "end" : 591,
      "text" : "title",
      "whiteSpace" : false
    }, {
      "id" : "s5-t13",
      "begin" : 592,
      "end" : 594,
      "text" : "in",
      "whiteSpace" : false
    }, {
      "id" : "s5-t14",
      "begin" : 595,
      "end" : 601,
      "text" : "Esther",
      "whiteSpace" : false
    }, {
      "id" : "s5-t15",
      "begin" : 602,
      "end" : 604,
      "text" : "N.",
      "whiteSpace" : false
    }, {
      "id" : "s5-t16",
      "begin" : 604,
      "end" : 605,
      "text" : ",",
      "whiteSpace" : false
    }, {
      "id" : "s5-t17",
      "begin" : 606,
      "end" : 613,
      "text" : "McKeown",
      "whiteSpace" : false
    }, {
      "id" : "s5-t18",
      "begin" : 614,
      "end" : 616,
      "text" : "as",
      "whiteSpace" : false
    }, {
      "id" : "s5-t19",
      "begin" : 617,
      "end" : 620,
      "text" : "the",
      "whiteSpace" : false
    }, {
      "id" : "s5-t20",
      "begin" : 621,
      "end" : 630,
      "text" : "surviving",
      "whiteSpace" : false
    }, {
      "id" : "s5-t21",
      "begin" : 631,
      "end" : 637,
      "text" : "tenant",
      "whiteSpace" : false
    }, {
      "id" : "s5-t22",
      "begin" : 638,
      "end" : 640,
      "text" : "by",
      "whiteSpace" : false
    }, {
      "id" : "s5-t23",
      "begin" : 641,
      "end" : 644,
      "text" : "the",
      "whiteSpace" : false
    }, {
      "id" : "s5-t24",
      "begin" : 645,
      "end" : 656,
      "text" : "entireties.",
      "whiteSpace" : false
    }, {
      "id" : "s5-t25",
      "begin" : 656,
      "end" : 657,
      "text" : ",",
      "whiteSpace" : false
    }, {
      "id" : "s5-t26",
      "begin" : 658,
      "end" : 662,
      "text" : "This",
      "whiteSpace" : false
    }, {
      "id" : "s5-t27",
      "begin" : 663,
      "end" : 673,
      "text" : "conveyance",
      "whiteSpace" : false
    }, {
      "id" : "s5-t28",
      "begin" : 674,
      "end" : 676,
      "text" : "is",
      "whiteSpace" : false
    }, {
      "id" : "s5-t29",
      "begin" : 677,
      "end" : 681,
      "text" : "made",
      "whiteSpace" : false
    }, {
      "id" : "s5-t30",
      "begin" : 682,
      "end" : 689,
      "text" : "subject",
      "whiteSpace" : false
    }, {
      "id" : "s5-t31",
      "begin" : 690,
      "end" : 692,
      "text" : "to",
      "whiteSpace" : false
    }, {
      "id" : "s5-t32",
      "begin" : 693,
      "end" : 696,
      "text" : "the",
      "whiteSpace" : false
    }, {
      "id" : "s5-t33",
      "begin" : 697,
      "end" : 706,
      "text" : "following",
      "whiteSpace" : false
    }, {
      "id" : "s5-t34",
      "begin" : 706,
      "end" : 707,
      "text" : ":",
      "whiteSpace" : false
    }, {
      "id" : "s5-t35",
      "begin" : 707,
      "end" : 708,
      "text" : ",",
      "whiteSpace" : false
    }, {
      "id" : "s5-t36",
      "begin" : 709,
      "end" : 712,
      "text" : "All",
      "whiteSpace" : false
    }, {
      "id" : "s5-t37",
      "begin" : 713,
      "end" : 720,
      "text" : "matters",
      "whiteSpace" : false
    }, {
      "id" : "s5-t38",
      "begin" : 721,
      "end" : 731,
      "text" : "pertaining",
      "whiteSpace" : false
    }, {
      "id" : "s5-t39",
      "begin" : 732,
      "end" : 734,
      "text" : "to",
      "whiteSpace" : false
    }, {
      "id" : "s5-t40",
      "begin" : 735,
      "end" : 740,
      "text" : "Tract",
      "whiteSpace" : false
    }, {
      "id" : "s5-t41",
      "begin" : 741,
      "end" : 742,
      "text" : "4",
      "whiteSpace" : false
    }, {
      "id" : "s5-t42",
      "begin" : 743,
      "end" : 745,
      "text" : "as",
      "whiteSpace" : false
    }, {
      "id" : "s5-t43",
      "begin" : 746,
      "end" : 751,
      "text" : "shown",
      "whiteSpace" : false
    }, {
      "id" : "s5-t44",
      "begin" : 752,
      "end" : 754,
      "text" : "on",
      "whiteSpace" : false
    }, {
      "id" : "s5-t45",
      "begin" : 755,
      "end" : 758,
      "text" : "the",
      "whiteSpace" : false
    }, {
      "id" : "s5-t46",
      "begin" : 759,
      "end" : 763,
      "text" : "plat",
      "whiteSpace" : false
    }, {
      "id" : "s5-t47",
      "begin" : 764,
      "end" : 766,
      "text" : "of",
      "whiteSpace" : false
    }, {
      "id" : "s5-t48",
      "begin" : 767,
      "end" : 770,
      "text" : "the",
      "whiteSpace" : false
    }, {
      "id" : "s5-t49",
      "begin" : 771,
      "end" : 777,
      "text" : "Donald",
      "whiteSpace" : false
    }, {
      "id" : "s5-t50",
      "begin" : 778,
      "end" : 785,
      "text" : "McKeown",
      "whiteSpace" : false
    }, {
      "id" : "s5-t51",
      "begin" : 786,
      "end" : 797,
      "text" : "Subdivision",
      "whiteSpace" : false
    }, {
      "id" : "s5-t52",
      "begin" : 798,
      "end" : 800,
      "text" : "of",
      "whiteSpace" : false
    }, {
      "id" : "s5-t53",
      "begin" : 801,
      "end" : 807,
      "text" : "record",
      "whiteSpace" : false
    }, {
      "id" : "s5-t54",
      "begin" : 808,
      "end" : 810,
      "text" : "in",
      "whiteSpace" : false
    }, {
      "id" : "s5-t55",
      "begin" : 811,
      "end" : 815,
      "text" : "Plat",
      "whiteSpace" : false
    }, {
      "id" : "s5-t56",
      "begin" : 816,
      "end" : 823,
      "text" : "Cabinet",
      "whiteSpace" : false
    }, {
      "id" : "s5-t57",
      "begin" : 824,
      "end" : 825,
      "text" : "B",
      "whiteSpace" : false
    }, {
      "id" : "s5-t58",
      "begin" : 825,
      "end" : 826,
      "text" : ",",
      "whiteSpace" : false
    }, {
      "id" : "s5-t59",
      "begin" : 827,
      "end" : 832,
      "text" : "Slide",
      "whiteSpace" : false
    }, {
      "id" : "s5-t60",
      "begin" : 833,
      "end" : 834,
      "text" : "1",
      "whiteSpace" : false
    } ]
  } ],
  "mentions" : [ {
    "id" : "s2-m1",
    "properties" : {
      "SIRE_MENTION_ROLE" : "WarrDeedBookNum",
      "SIRE_ENTITY_SUBTYPE" : "NONE",
      "SIRE_MENTION_TYPE" : "NONE",
      "SIRE_MENTION_CLASS" : "SPC"
    },
    "type" : "WarrDeedBookNum",
    "begin" : 458,
    "end" : 461,
    "inCoref" : false
  }, {
    "id" : "s2-m2",
    "properties" : {
      "SIRE_MENTION_ROLE" : "WarrDeedPageNum",
      "SIRE_ENTITY_SUBTYPE" : "NONE",
      "SIRE_MENTION_TYPE" : "NONE",
      "SIRE_MENTION_CLASS" : "SPC"
    },
    "type" : "WarrDeedPageNum",
    "begin" : 468,
    "end" : 472,
    "inCoref" : false
  } ],
  "relations" : [ ],
  "corefs" : [ ],
  "typeResolved" : true,
  "userResolved" : false
}