{
  "id" : "c8554300-54dc-11e9-b3f1-919b26b254ae-5",
  "name" : "WD197-13.txt",
  "createdDate" : 0,
  "version" : 3,
  "text" : "thence with said centerline as follows: North 250 50??? 52 \" West 279.70 feet, North 26?? 52??? 11 \" West 204.68 feet, North 28?? 05' 46 \" West 410.06 feet to the point of beginning, containing an area of 10.96 acres by calculation and being made subject to existing rights of way., Company, Darrel R. McBride, Surveyor, R.L.S. #1463, McEwen, Tennessee, dated April 8, 2002., BEING the same property conveyed to Jessica L. Sullivan (now Jessica L. Waggoner) and Brian L. Waggoner by deed of record in Deed Book 183, page 571, Register???s Office of Humphreys County, Tennessee.",
  "docLength" : 0,
  "language" : "EN",
  "status" : "SUBMITTED",
  "modifiedDate" : 1554165327925,
  "documentSet" : [ ],
  "preannotation" : [ ],
  "sentences" : [ {
    "id" : "s0",
    "begin" : 0,
    "end" : 55,
    "text" : "thence with said centerline as follows: North 250 50???",
    "tokens" : [ {
      "id" : "s0-t0",
      "begin" : 0,
      "end" : 6,
      "text" : "thence",
      "whiteSpace" : false
    }, {
      "id" : "s0-t1",
      "begin" : 7,
      "end" : 11,
      "text" : "with",
      "whiteSpace" : false
    }, {
      "id" : "s0-t2",
      "begin" : 12,
      "end" : 16,
      "text" : "said",
      "whiteSpace" : false
    }, {
      "id" : "s0-t3",
      "begin" : 17,
      "end" : 27,
      "text" : "centerline",
      "whiteSpace" : false
    }, {
      "id" : "s0-t4",
      "begin" : 28,
      "end" : 30,
      "text" : "as",
      "whiteSpace" : false
    }, {
      "id" : "s0-t5",
      "begin" : 31,
      "end" : 38,
      "text" : "follows",
      "whiteSpace" : false
    }, {
      "id" : "s0-t6",
      "begin" : 38,
      "end" : 39,
      "text" : ":",
      "whiteSpace" : false
    }, {
      "id" : "s0-t7",
      "begin" : 40,
      "end" : 45,
      "text" : "North",
      "whiteSpace" : false
    }, {
      "id" : "s0-t8",
      "begin" : 46,
      "end" : 49,
      "text" : "250",
      "whiteSpace" : false
    }, {
      "id" : "s0-t9",
      "begin" : 50,
      "end" : 52,
      "text" : "50",
      "whiteSpace" : false
    }, {
      "id" : "s0-t10",
      "begin" : 52,
      "end" : 54,
      "text" : "??",
      "whiteSpace" : false
    }, {
      "id" : "s0-t11",
      "begin" : 54,
      "end" : 55,
      "text" : "?",
      "whiteSpace" : false
    } ]
  }, {
    "id" : "s1",
    "begin" : 56,
    "end" : 89,
    "text" : "52 \" West 279.70 feet, North 26??",
    "tokens" : [ {
      "id" : "s1-t0",
      "begin" : 56,
      "end" : 58,
      "text" : "52",
      "whiteSpace" : false
    }, {
      "id" : "s1-t1",
      "begin" : 59,
      "end" : 60,
      "text" : "\"",
      "whiteSpace" : false
    }, {
      "id" : "s1-t2",
      "begin" : 61,
      "end" : 65,
      "text" : "West",
      "whiteSpace" : false
    }, {
      "id" : "s1-t3",
      "begin" : 66,
      "end" : 72,
      "text" : "279.70",
      "whiteSpace" : false
    }, {
      "id" : "s1-t4",
      "begin" : 73,
      "end" : 77,
      "text" : "feet",
      "whiteSpace" : false
    }, {
      "id" : "s1-t5",
      "begin" : 77,
      "end" : 78,
      "text" : ",",
      "whiteSpace" : false
    }, {
      "id" : "s1-t6",
      "begin" : 79,
      "end" : 84,
      "text" : "North",
      "whiteSpace" : false
    }, {
      "id" : "s1-t7",
      "begin" : 85,
      "end" : 87,
      "text" : "26",
      "whiteSpace" : false
    }, {
      "id" : "s1-t8",
      "begin" : 87,
      "end" : 88,
      "text" : "?",
      "whiteSpace" : false
    }, {
      "id" : "s1-t9",
      "begin" : 88,
      "end" : 89,
      "text" : "?",
      "whiteSpace" : false
    } ]
  }, {
    "id" : "s2",
    "begin" : 90,
    "end" : 95,
    "text" : "52???",
    "tokens" : [ {
      "id" : "s2-t0",
      "begin" : 90,
      "end" : 92,
      "text" : "52",
      "whiteSpace" : false
    }, {
      "id" : "s2-t1",
      "begin" : 92,
      "end" : 94,
      "text" : "??",
      "whiteSpace" : false
    }, {
      "id" : "s2-t2",
      "begin" : 94,
      "end" : 95,
      "text" : "?",
      "whiteSpace" : false
    } ]
  }, {
    "id" : "s3",
    "begin" : 96,
    "end" : 129,
    "text" : "11 \" West 204.68 feet, North 28??",
    "tokens" : [ {
      "id" : "s3-t0",
      "begin" : 96,
      "end" : 98,
      "text" : "11",
      "whiteSpace" : false
    }, {
      "id" : "s3-t1",
      "begin" : 99,
      "end" : 100,
      "text" : "\"",
      "whiteSpace" : false
    }, {
      "id" : "s3-t2",
      "begin" : 101,
      "end" : 105,
      "text" : "West",
      "whiteSpace" : false
    }, {
      "id" : "s3-t3",
      "begin" : 106,
      "end" : 112,
      "text" : "204.68",
      "whiteSpace" : false
    }, {
      "id" : "s3-t4",
      "begin" : 113,
      "end" : 117,
      "text" : "feet",
      "whiteSpace" : false
    }, {
      "id" : "s3-t5",
      "begin" : 117,
      "end" : 118,
      "text" : ",",
      "whiteSpace" : false
    }, {
      "id" : "s3-t6",
      "begin" : 119,
      "end" : 124,
      "text" : "North",
      "whiteSpace" : false
    }, {
      "id" : "s3-t7",
      "begin" : 125,
      "end" : 127,
      "text" : "28",
      "whiteSpace" : false
    }, {
      "id" : "s3-t8",
      "begin" : 127,
      "end" : 128,
      "text" : "?",
      "whiteSpace" : false
    }, {
      "id" : "s3-t9",
      "begin" : 128,
      "end" : 129,
      "text" : "?",
      "whiteSpace" : false
    } ]
  }, {
    "id" : "s4",
    "begin" : 130,
    "end" : 535,
    "text" : "05' 46 \" West 410.06 feet to the point of beginning, containing an area of 10.96 acres by calculation and being made subject to existing rights of way., Company, Darrel R. McBride, Surveyor, R.L.S. #1463, McEwen, Tennessee, dated April 8, 2002., BEING the same property conveyed to Jessica L. Sullivan (now Jessica L. Waggoner) and Brian L. Waggoner by deed of record in Deed Book 183, page 571, Register?",
    "tokens" : [ {
      "id" : "s4-t0",
      "begin" : 130,
      "end" : 132,
      "text" : "05",
      "whiteSpace" : false
    }, {
      "id" : "s4-t1",
      "begin" : 132,
      "end" : 133,
      "text" : "'",
      "whiteSpace" : false
    }, {
      "id" : "s4-t2",
      "begin" : 134,
      "end" : 136,
      "text" : "46",
      "whiteSpace" : false
    }, {
      "id" : "s4-t3",
      "begin" : 137,
      "end" : 138,
      "text" : "\"",
      "whiteSpace" : false
    }, {
      "id" : "s4-t4",
      "begin" : 139,
      "end" : 143,
      "text" : "West",
      "whiteSpace" : false
    }, {
      "id" : "s4-t5",
      "begin" : 144,
      "end" : 150,
      "text" : "410.06",
      "whiteSpace" : false
    }, {
      "id" : "s4-t6",
      "begin" : 151,
      "end" : 155,
      "text" : "feet",
      "whiteSpace" : false
    }, {
      "id" : "s4-t7",
      "begin" : 156,
      "end" : 158,
      "text" : "to",
      "whiteSpace" : false
    }, {
      "id" : "s4-t8",
      "begin" : 159,
      "end" : 162,
      "text" : "the",
      "whiteSpace" : false
    }, {
      "id" : "s4-t9",
      "begin" : 163,
      "end" : 168,
      "text" : "point",
      "whiteSpace" : false
    }, {
      "id" : "s4-t10",
      "begin" : 169,
      "end" : 171,
      "text" : "of",
      "whiteSpace" : false
    }, {
      "id" : "s4-t11",
      "begin" : 172,
      "end" : 181,
      "text" : "beginning",
      "whiteSpace" : false
    }, {
      "id" : "s4-t12",
      "begin" : 181,
      "end" : 182,
      "text" : ",",
      "whiteSpace" : false
    }, {
      "id" : "s4-t13",
      "begin" : 183,
      "end" : 193,
      "text" : "containing",
      "whiteSpace" : false
    }, {
      "id" : "s4-t14",
      "begin" : 194,
      "end" : 196,
      "text" : "an",
      "whiteSpace" : false
    }, {
      "id" : "s4-t15",
      "begin" : 197,
      "end" : 201,
      "text" : "area",
      "whiteSpace" : false
    }, {
      "id" : "s4-t16",
      "begin" : 202,
      "end" : 204,
      "text" : "of",
      "whiteSpace" : false
    }, {
      "id" : "s4-t17",
      "begin" : 205,
      "end" : 210,
      "text" : "10.96",
      "whiteSpace" : false
    }, {
      "id" : "s4-t18",
      "begin" : 211,
      "end" : 216,
      "text" : "acres",
      "whiteSpace" : false
    }, {
      "id" : "s4-t19",
      "begin" : 217,
      "end" : 219,
      "text" : "by",
      "whiteSpace" : false
    }, {
      "id" : "s4-t20",
      "begin" : 220,
      "end" : 231,
      "text" : "calculation",
      "whiteSpace" : false
    }, {
      "id" : "s4-t21",
      "begin" : 232,
      "end" : 235,
      "text" : "and",
      "whiteSpace" : false
    }, {
      "id" : "s4-t22",
      "begin" : 236,
      "end" : 241,
      "text" : "being",
      "whiteSpace" : false
    }, {
      "id" : "s4-t23",
      "begin" : 242,
      "end" : 246,
      "text" : "made",
      "whiteSpace" : false
    }, {
      "id" : "s4-t24",
      "begin" : 247,
      "end" : 254,
      "text" : "subject",
      "whiteSpace" : false
    }, {
      "id" : "s4-t25",
      "begin" : 255,
      "end" : 257,
      "text" : "to",
      "whiteSpace" : false
    }, {
      "id" : "s4-t26",
      "begin" : 258,
      "end" : 266,
      "text" : "existing",
      "whiteSpace" : false
    }, {
      "id" : "s4-t27",
      "begin" : 267,
      "end" : 273,
      "text" : "rights",
      "whiteSpace" : false
    }, {
      "id" : "s4-t28",
      "begin" : 274,
      "end" : 276,
      "text" : "of",
      "whiteSpace" : false
    }, {
      "id" : "s4-t29",
      "begin" : 277,
      "end" : 281,
      "text" : "way.",
      "whiteSpace" : false
    }, {
      "id" : "s4-t30",
      "begin" : 281,
      "end" : 282,
      "text" : ",",
      "whiteSpace" : false
    }, {
      "id" : "s4-t31",
      "begin" : 283,
      "end" : 290,
      "text" : "Company",
      "whiteSpace" : false
    }, {
      "id" : "s4-t32",
      "begin" : 290,
      "end" : 291,
      "text" : ",",
      "whiteSpace" : false
    }, {
      "id" : "s4-t33",
      "begin" : 292,
      "end" : 298,
      "text" : "Darrel",
      "whiteSpace" : false
    }, {
      "id" : "s4-t34",
      "begin" : 299,
      "end" : 301,
      "text" : "R.",
      "whiteSpace" : false
    }, {
      "id" : "s4-t35",
      "begin" : 302,
      "end" : 309,
      "text" : "McBride",
      "whiteSpace" : false
    }, {
      "id" : "s4-t36",
      "begin" : 309,
      "end" : 310,
      "text" : ",",
      "whiteSpace" : false
    }, {
      "id" : "s4-t37",
      "begin" : 311,
      "end" : 319,
      "text" : "Surveyor",
      "whiteSpace" : false
    }, {
      "id" : "s4-t38",
      "begin" : 319,
      "end" : 320,
      "text" : ",",
      "whiteSpace" : false
    }, {
      "id" : "s4-t39",
      "begin" : 321,
      "end" : 327,
      "text" : "R.L.S.",
      "whiteSpace" : false
    }, {
      "id" : "s4-t40",
      "begin" : 328,
      "end" : 333,
      "text" : "#1463",
      "whiteSpace" : false
    }, {
      "id" : "s4-t41",
      "begin" : 333,
      "end" : 334,
      "text" : ",",
      "whiteSpace" : false
    }, {
      "id" : "s4-t42",
      "begin" : 335,
      "end" : 341,
      "text" : "McEwen",
      "whiteSpace" : false
    }, {
      "id" : "s4-t43",
      "begin" : 341,
      "end" : 342,
      "text" : ",",
      "whiteSpace" : false
    }, {
      "id" : "s4-t44",
      "begin" : 343,
      "end" : 352,
      "text" : "Tennessee",
      "whiteSpace" : false
    }, {
      "id" : "s4-t45",
      "begin" : 352,
      "end" : 353,
      "text" : ",",
      "whiteSpace" : false
    }, {
      "id" : "s4-t46",
      "begin" : 354,
      "end" : 359,
      "text" : "dated",
      "whiteSpace" : false
    }, {
      "id" : "s4-t47",
      "begin" : 360,
      "end" : 365,
      "text" : "April",
      "whiteSpace" : false
    }, {
      "id" : "s4-t48",
      "begin" : 366,
      "end" : 367,
      "text" : "8",
      "whiteSpace" : false
    }, {
      "id" : "s4-t49",
      "begin" : 367,
      "end" : 368,
      "text" : ",",
      "whiteSpace" : false
    }, {
      "id" : "s4-t50",
      "begin" : 369,
      "end" : 373,
      "text" : "2002",
      "whiteSpace" : false
    }, {
      "id" : "s4-t51",
      "begin" : 373,
      "end" : 374,
      "text" : ".",
      "whiteSpace" : false
    }, {
      "id" : "s4-t52",
      "begin" : 374,
      "end" : 375,
      "text" : ",",
      "whiteSpace" : false
    }, {
      "id" : "s4-t53",
      "begin" : 376,
      "end" : 381,
      "text" : "BEING",
      "whiteSpace" : false
    }, {
      "id" : "s4-t54",
      "begin" : 382,
      "end" : 385,
      "text" : "the",
      "whiteSpace" : false
    }, {
      "id" : "s4-t55",
      "begin" : 386,
      "end" : 390,
      "text" : "same",
      "whiteSpace" : false
    }, {
      "id" : "s4-t56",
      "begin" : 391,
      "end" : 399,
      "text" : "property",
      "whiteSpace" : false
    }, {
      "id" : "s4-t57",
      "begin" : 400,
      "end" : 408,
      "text" : "conveyed",
      "whiteSpace" : false
    }, {
      "id" : "s4-t58",
      "begin" : 409,
      "end" : 411,
      "text" : "to",
      "whiteSpace" : false
    }, {
      "id" : "s4-t59",
      "begin" : 412,
      "end" : 419,
      "text" : "Jessica",
      "whiteSpace" : false
    }, {
      "id" : "s4-t60",
      "begin" : 420,
      "end" : 422,
      "text" : "L.",
      "whiteSpace" : false
    }, {
      "id" : "s4-t61",
      "begin" : 423,
      "end" : 431,
      "text" : "Sullivan",
      "whiteSpace" : false
    }, {
      "id" : "s4-t62",
      "begin" : 432,
      "end" : 433,
      "text" : "(",
      "whiteSpace" : false
    }, {
      "id" : "s4-t63",
      "begin" : 433,
      "end" : 436,
      "text" : "now",
      "whiteSpace" : false
    }, {
      "id" : "s4-t64",
      "begin" : 437,
      "end" : 444,
      "text" : "Jessica",
      "whiteSpace" : false
    }, {
      "id" : "s4-t65",
      "begin" : 445,
      "end" : 447,
      "text" : "L.",
      "whiteSpace" : false
    }, {
      "id" : "s4-t66",
      "begin" : 448,
      "end" : 456,
      "text" : "Waggoner",
      "whiteSpace" : false
    }, {
      "id" : "s4-t67",
      "begin" : 456,
      "end" : 457,
      "text" : ")",
      "whiteSpace" : false
    }, {
      "id" : "s4-t68",
      "begin" : 458,
      "end" : 461,
      "text" : "and",
      "whiteSpace" : false
    }, {
      "id" : "s4-t69",
      "begin" : 462,
      "end" : 467,
      "text" : "Brian",
      "whiteSpace" : false
    }, {
      "id" : "s4-t70",
      "begin" : 468,
      "end" : 470,
      "text" : "L.",
      "whiteSpace" : false
    }, {
      "id" : "s4-t71",
      "begin" : 471,
      "end" : 479,
      "text" : "Waggoner",
      "whiteSpace" : false
    }, {
      "id" : "s4-t72",
      "begin" : 480,
      "end" : 482,
      "text" : "by",
      "whiteSpace" : false
    }, {
      "id" : "s4-t73",
      "begin" : 483,
      "end" : 487,
      "text" : "deed",
      "whiteSpace" : false
    }, {
      "id" : "s4-t74",
      "begin" : 488,
      "end" : 490,
      "text" : "of",
      "whiteSpace" : false
    }, {
      "id" : "s4-t75",
      "begin" : 491,
      "end" : 497,
      "text" : "record",
      "whiteSpace" : false
    }, {
      "id" : "s4-t76",
      "begin" : 498,
      "end" : 500,
      "text" : "in",
      "whiteSpace" : false
    }, {
      "id" : "s4-t77",
      "begin" : 501,
      "end" : 505,
      "text" : "Deed",
      "whiteSpace" : false
    }, {
      "id" : "s4-t78",
      "begin" : 506,
      "end" : 510,
      "text" : "Book",
      "whiteSpace" : false
    }, {
      "id" : "s4-t79",
      "begin" : 511,
      "end" : 514,
      "text" : "183",
      "whiteSpace" : false
    }, {
      "id" : "s4-t80",
      "begin" : 514,
      "end" : 515,
      "text" : ",",
      "whiteSpace" : false
    }, {
      "id" : "s4-t81",
      "begin" : 516,
      "end" : 520,
      "text" : "page",
      "whiteSpace" : false
    }, {
      "id" : "s4-t82",
      "begin" : 521,
      "end" : 524,
      "text" : "571",
      "whiteSpace" : false
    }, {
      "id" : "s4-t83",
      "begin" : 524,
      "end" : 525,
      "text" : ",",
      "whiteSpace" : false
    }, {
      "id" : "s4-t84",
      "begin" : 526,
      "end" : 534,
      "text" : "Register",
      "whiteSpace" : false
    }, {
      "id" : "s4-t85",
      "begin" : 534,
      "end" : 535,
      "text" : "?",
      "whiteSpace" : false
    } ]
  }, {
    "id" : "s5",
    "begin" : 535,
    "end" : 577,
    "text" : "??s Office of Humphreys County, Tennessee.",
    "tokens" : [ {
      "id" : "s5-t0",
      "begin" : 535,
      "end" : 538,
      "text" : "??s",
      "whiteSpace" : false
    }, {
      "id" : "s5-t1",
      "begin" : 539,
      "end" : 545,
      "text" : "Office",
      "whiteSpace" : false
    }, {
      "id" : "s5-t2",
      "begin" : 546,
      "end" : 548,
      "text" : "of",
      "whiteSpace" : false
    }, {
      "id" : "s5-t3",
      "begin" : 549,
      "end" : 558,
      "text" : "Humphreys",
      "whiteSpace" : false
    }, {
      "id" : "s5-t4",
      "begin" : 559,
      "end" : 565,
      "text" : "County",
      "whiteSpace" : false
    }, {
      "id" : "s5-t5",
      "begin" : 565,
      "end" : 566,
      "text" : ",",
      "whiteSpace" : false
    }, {
      "id" : "s5-t6",
      "begin" : 567,
      "end" : 576,
      "text" : "Tennessee",
      "whiteSpace" : false
    }, {
      "id" : "s5-t7",
      "begin" : 576,
      "end" : 577,
      "text" : ".",
      "whiteSpace" : false
    } ]
  } ],
  "mentions" : [ {
    "id" : "s4-m1",
    "properties" : {
      "SIRE_MENTION_ROLE" : "WarrDeedBookNum",
      "SIRE_ENTITY_SUBTYPE" : "NONE",
      "SIRE_MENTION_TYPE" : "NONE",
      "SIRE_MENTION_CLASS" : "SPC"
    },
    "type" : "WarrDeedBookNum",
    "begin" : 511,
    "end" : 514,
    "inCoref" : false
  }, {
    "id" : "s4-m2",
    "properties" : {
      "SIRE_MENTION_ROLE" : "WarrDeedPageNum",
      "SIRE_ENTITY_SUBTYPE" : "NONE",
      "SIRE_MENTION_TYPE" : "NONE",
      "SIRE_MENTION_CLASS" : "SPC"
    },
    "type" : "WarrDeedPageNum",
    "begin" : 521,
    "end" : 524,
    "inCoref" : false
  } ],
  "relations" : [ ],
  "corefs" : [ ],
  "typeResolved" : true,
  "userResolved" : false
}