{
  "id" : "c8554300-54dc-11e9-b3f1-919b26b254ae-10",
  "name" : "WD201-3.txt",
  "createdDate" : 0,
  "version" : 3,
  "text" : " being more particularly described as follows: Lying and being in the Fourth Civil District of Humphreys County, State of South 49?? 51' 48 \" East 1896.18 feet to a point; thence South 390 3 1' 41 \" West Book WD201 Page 3 300.00 feet to the point of beginning and containing 28.16 acres, more or less, Being the same property conveyed to Fred Mark Flanders by deed of record in Deed Book 191, page 1 l7, Register???s Of???ce of Humphreys County, Tennessee. This conveyance is made subject to the following: 1. 2. TO HAVE AND TO HOLD the said tract or parcel of land, with the appurtenances, estate, title, and interest thereto belonging, to the said BRANDON W. McGEE and wife, AMANDA J. McGEE, their heirs and assigns, forever. I covenant with the said BRANDON W. McGEE and wife, AMANDA J. McGEE, that I am lawfully ",
  "docLength" : 0,
  "language" : "EN",
  "status" : "SUBMITTED",
  "modifiedDate" : 1554165218063,
  "documentSet" : [ ],
  "preannotation" : [ ],
  "sentences" : [ {
    "id" : "s0",
    "begin" : 1,
    "end" : 132,
    "text" : "being more particularly described as follows: Lying and being in the Fourth Civil District of Humphreys County, State of South 49??",
    "tokens" : [ {
      "id" : "s0-t0",
      "begin" : 1,
      "end" : 6,
      "text" : "being",
      "whiteSpace" : false
    }, {
      "id" : "s0-t1",
      "begin" : 7,
      "end" : 11,
      "text" : "more",
      "whiteSpace" : false
    }, {
      "id" : "s0-t2",
      "begin" : 12,
      "end" : 24,
      "text" : "particularly",
      "whiteSpace" : false
    }, {
      "id" : "s0-t3",
      "begin" : 25,
      "end" : 34,
      "text" : "described",
      "whiteSpace" : false
    }, {
      "id" : "s0-t4",
      "begin" : 35,
      "end" : 37,
      "text" : "as",
      "whiteSpace" : false
    }, {
      "id" : "s0-t5",
      "begin" : 38,
      "end" : 45,
      "text" : "follows",
      "whiteSpace" : false
    }, {
      "id" : "s0-t6",
      "begin" : 45,
      "end" : 46,
      "text" : ":",
      "whiteSpace" : false
    }, {
      "id" : "s0-t7",
      "begin" : 47,
      "end" : 52,
      "text" : "Lying",
      "whiteSpace" : false
    }, {
      "id" : "s0-t8",
      "begin" : 53,
      "end" : 56,
      "text" : "and",
      "whiteSpace" : false
    }, {
      "id" : "s0-t9",
      "begin" : 57,
      "end" : 62,
      "text" : "being",
      "whiteSpace" : false
    }, {
      "id" : "s0-t10",
      "begin" : 63,
      "end" : 65,
      "text" : "in",
      "whiteSpace" : false
    }, {
      "id" : "s0-t11",
      "begin" : 66,
      "end" : 69,
      "text" : "the",
      "whiteSpace" : false
    }, {
      "id" : "s0-t12",
      "begin" : 70,
      "end" : 76,
      "text" : "Fourth",
      "whiteSpace" : false
    }, {
      "id" : "s0-t13",
      "begin" : 77,
      "end" : 82,
      "text" : "Civil",
      "whiteSpace" : false
    }, {
      "id" : "s0-t14",
      "begin" : 83,
      "end" : 91,
      "text" : "District",
      "whiteSpace" : false
    }, {
      "id" : "s0-t15",
      "begin" : 92,
      "end" : 94,
      "text" : "of",
      "whiteSpace" : false
    }, {
      "id" : "s0-t16",
      "begin" : 95,
      "end" : 104,
      "text" : "Humphreys",
      "whiteSpace" : false
    }, {
      "id" : "s0-t17",
      "begin" : 105,
      "end" : 111,
      "text" : "County",
      "whiteSpace" : false
    }, {
      "id" : "s0-t18",
      "begin" : 111,
      "end" : 112,
      "text" : ",",
      "whiteSpace" : false
    }, {
      "id" : "s0-t19",
      "begin" : 113,
      "end" : 118,
      "text" : "State",
      "whiteSpace" : false
    }, {
      "id" : "s0-t20",
      "begin" : 119,
      "end" : 121,
      "text" : "of",
      "whiteSpace" : false
    }, {
      "id" : "s0-t21",
      "begin" : 122,
      "end" : 127,
      "text" : "South",
      "whiteSpace" : false
    }, {
      "id" : "s0-t22",
      "begin" : 128,
      "end" : 130,
      "text" : "49",
      "whiteSpace" : false
    }, {
      "id" : "s0-t23",
      "begin" : 130,
      "end" : 131,
      "text" : "?",
      "whiteSpace" : false
    }, {
      "id" : "s0-t24",
      "begin" : 131,
      "end" : 132,
      "text" : "?",
      "whiteSpace" : false
    } ]
  }, {
    "id" : "s1",
    "begin" : 133,
    "end" : 413,
    "text" : "51' 48 \" East 1896.18 feet to a point; thence South 390 3 1' 41 \" West Book WD201 Page 3 300.00 feet to the point of beginning and containing 28.16 acres, more or less, Being the same property conveyed to Fred Mark Flanders by deed of record in Deed Book 191, page 1 l7, Register?",
    "tokens" : [ {
      "id" : "s1-t0",
      "begin" : 133,
      "end" : 135,
      "text" : "51",
      "whiteSpace" : false
    }, {
      "id" : "s1-t1",
      "begin" : 135,
      "end" : 136,
      "text" : "'",
      "whiteSpace" : false
    }, {
      "id" : "s1-t2",
      "begin" : 137,
      "end" : 139,
      "text" : "48",
      "whiteSpace" : false
    }, {
      "id" : "s1-t3",
      "begin" : 140,
      "end" : 141,
      "text" : "\"",
      "whiteSpace" : false
    }, {
      "id" : "s1-t4",
      "begin" : 142,
      "end" : 146,
      "text" : "East",
      "whiteSpace" : false
    }, {
      "id" : "s1-t5",
      "begin" : 147,
      "end" : 154,
      "text" : "1896.18",
      "whiteSpace" : false
    }, {
      "id" : "s1-t6",
      "begin" : 155,
      "end" : 159,
      "text" : "feet",
      "whiteSpace" : false
    }, {
      "id" : "s1-t7",
      "begin" : 160,
      "end" : 162,
      "text" : "to",
      "whiteSpace" : false
    }, {
      "id" : "s1-t8",
      "begin" : 163,
      "end" : 164,
      "text" : "a",
      "whiteSpace" : false
    }, {
      "id" : "s1-t9",
      "begin" : 165,
      "end" : 170,
      "text" : "point",
      "whiteSpace" : false
    }, {
      "id" : "s1-t10",
      "begin" : 170,
      "end" : 171,
      "text" : ";",
      "whiteSpace" : false
    }, {
      "id" : "s1-t11",
      "begin" : 172,
      "end" : 178,
      "text" : "thence",
      "whiteSpace" : false
    }, {
      "id" : "s1-t12",
      "begin" : 179,
      "end" : 184,
      "text" : "South",
      "whiteSpace" : false
    }, {
      "id" : "s1-t13",
      "begin" : 185,
      "end" : 188,
      "text" : "390",
      "whiteSpace" : false
    }, {
      "id" : "s1-t14",
      "begin" : 189,
      "end" : 190,
      "text" : "3",
      "whiteSpace" : false
    }, {
      "id" : "s1-t15",
      "begin" : 191,
      "end" : 192,
      "text" : "1",
      "whiteSpace" : false
    }, {
      "id" : "s1-t16",
      "begin" : 192,
      "end" : 193,
      "text" : "'",
      "whiteSpace" : false
    }, {
      "id" : "s1-t17",
      "begin" : 194,
      "end" : 196,
      "text" : "41",
      "whiteSpace" : false
    }, {
      "id" : "s1-t18",
      "begin" : 197,
      "end" : 198,
      "text" : "\"",
      "whiteSpace" : false
    }, {
      "id" : "s1-t19",
      "begin" : 199,
      "end" : 203,
      "text" : "West",
      "whiteSpace" : false
    }, {
      "id" : "s1-t20",
      "begin" : 204,
      "end" : 208,
      "text" : "Book",
      "whiteSpace" : false
    }, {
      "id" : "s1-t21",
      "begin" : 209,
      "end" : 214,
      "text" : "WD201",
      "whiteSpace" : false
    }, {
      "id" : "s1-t22",
      "begin" : 215,
      "end" : 219,
      "text" : "Page",
      "whiteSpace" : false
    }, {
      "id" : "s1-t23",
      "begin" : 220,
      "end" : 221,
      "text" : "3",
      "whiteSpace" : false
    }, {
      "id" : "s1-t24",
      "begin" : 222,
      "end" : 228,
      "text" : "300.00",
      "whiteSpace" : false
    }, {
      "id" : "s1-t25",
      "begin" : 229,
      "end" : 233,
      "text" : "feet",
      "whiteSpace" : false
    }, {
      "id" : "s1-t26",
      "begin" : 234,
      "end" : 236,
      "text" : "to",
      "whiteSpace" : false
    }, {
      "id" : "s1-t27",
      "begin" : 237,
      "end" : 240,
      "text" : "the",
      "whiteSpace" : false
    }, {
      "id" : "s1-t28",
      "begin" : 241,
      "end" : 246,
      "text" : "point",
      "whiteSpace" : false
    }, {
      "id" : "s1-t29",
      "begin" : 247,
      "end" : 249,
      "text" : "of",
      "whiteSpace" : false
    }, {
      "id" : "s1-t30",
      "begin" : 250,
      "end" : 259,
      "text" : "beginning",
      "whiteSpace" : false
    }, {
      "id" : "s1-t31",
      "begin" : 260,
      "end" : 263,
      "text" : "and",
      "whiteSpace" : false
    }, {
      "id" : "s1-t32",
      "begin" : 264,
      "end" : 274,
      "text" : "containing",
      "whiteSpace" : false
    }, {
      "id" : "s1-t33",
      "begin" : 275,
      "end" : 280,
      "text" : "28.16",
      "whiteSpace" : false
    }, {
      "id" : "s1-t34",
      "begin" : 281,
      "end" : 286,
      "text" : "acres",
      "whiteSpace" : false
    }, {
      "id" : "s1-t35",
      "begin" : 286,
      "end" : 287,
      "text" : ",",
      "whiteSpace" : false
    }, {
      "id" : "s1-t36",
      "begin" : 288,
      "end" : 292,
      "text" : "more",
      "whiteSpace" : false
    }, {
      "id" : "s1-t37",
      "begin" : 293,
      "end" : 295,
      "text" : "or",
      "whiteSpace" : false
    }, {
      "id" : "s1-t38",
      "begin" : 296,
      "end" : 300,
      "text" : "less",
      "whiteSpace" : false
    }, {
      "id" : "s1-t39",
      "begin" : 300,
      "end" : 301,
      "text" : ",",
      "whiteSpace" : false
    }, {
      "id" : "s1-t40",
      "begin" : 302,
      "end" : 307,
      "text" : "Being",
      "whiteSpace" : false
    }, {
      "id" : "s1-t41",
      "begin" : 308,
      "end" : 311,
      "text" : "the",
      "whiteSpace" : false
    }, {
      "id" : "s1-t42",
      "begin" : 312,
      "end" : 316,
      "text" : "same",
      "whiteSpace" : false
    }, {
      "id" : "s1-t43",
      "begin" : 317,
      "end" : 325,
      "text" : "property",
      "whiteSpace" : false
    }, {
      "id" : "s1-t44",
      "begin" : 326,
      "end" : 334,
      "text" : "conveyed",
      "whiteSpace" : false
    }, {
      "id" : "s1-t45",
      "begin" : 335,
      "end" : 337,
      "text" : "to",
      "whiteSpace" : false
    }, {
      "id" : "s1-t46",
      "begin" : 338,
      "end" : 342,
      "text" : "Fred",
      "whiteSpace" : false
    }, {
      "id" : "s1-t47",
      "begin" : 343,
      "end" : 347,
      "text" : "Mark",
      "whiteSpace" : false
    }, {
      "id" : "s1-t48",
      "begin" : 348,
      "end" : 356,
      "text" : "Flanders",
      "whiteSpace" : false
    }, {
      "id" : "s1-t49",
      "begin" : 357,
      "end" : 359,
      "text" : "by",
      "whiteSpace" : false
    }, {
      "id" : "s1-t50",
      "begin" : 360,
      "end" : 364,
      "text" : "deed",
      "whiteSpace" : false
    }, {
      "id" : "s1-t51",
      "begin" : 365,
      "end" : 367,
      "text" : "of",
      "whiteSpace" : false
    }, {
      "id" : "s1-t52",
      "begin" : 368,
      "end" : 374,
      "text" : "record",
      "whiteSpace" : false
    }, {
      "id" : "s1-t53",
      "begin" : 375,
      "end" : 377,
      "text" : "in",
      "whiteSpace" : false
    }, {
      "id" : "s1-t54",
      "begin" : 378,
      "end" : 382,
      "text" : "Deed",
      "whiteSpace" : false
    }, {
      "id" : "s1-t55",
      "begin" : 383,
      "end" : 387,
      "text" : "Book",
      "whiteSpace" : false
    }, {
      "id" : "s1-t56",
      "begin" : 388,
      "end" : 391,
      "text" : "191",
      "whiteSpace" : false
    }, {
      "id" : "s1-t57",
      "begin" : 391,
      "end" : 392,
      "text" : ",",
      "whiteSpace" : false
    }, {
      "id" : "s1-t58",
      "begin" : 393,
      "end" : 397,
      "text" : "page",
      "whiteSpace" : false
    }, {
      "id" : "s1-t59",
      "begin" : 398,
      "end" : 399,
      "text" : "1",
      "whiteSpace" : false
    }, {
      "id" : "s1-t60",
      "begin" : 400,
      "end" : 402,
      "text" : "l7",
      "whiteSpace" : false
    }, {
      "id" : "s1-t61",
      "begin" : 402,
      "end" : 403,
      "text" : ",",
      "whiteSpace" : false
    }, {
      "id" : "s1-t62",
      "begin" : 404,
      "end" : 412,
      "text" : "Register",
      "whiteSpace" : false
    }, {
      "id" : "s1-t63",
      "begin" : 412,
      "end" : 413,
      "text" : "?",
      "whiteSpace" : false
    } ]
  }, {
    "id" : "s2",
    "begin" : 413,
    "end" : 420,
    "text" : "??s Of?",
    "tokens" : [ {
      "id" : "s2-t0",
      "begin" : 413,
      "end" : 416,
      "text" : "??s",
      "whiteSpace" : false
    }, {
      "id" : "s2-t1",
      "begin" : 417,
      "end" : 419,
      "text" : "Of",
      "whiteSpace" : false
    }, {
      "id" : "s2-t2",
      "begin" : 419,
      "end" : 420,
      "text" : "?",
      "whiteSpace" : false
    } ]
  }, {
    "id" : "s3",
    "begin" : 420,
    "end" : 456,
    "text" : "??ce of Humphreys County, Tennessee.",
    "tokens" : [ {
      "id" : "s3-t0",
      "begin" : 420,
      "end" : 424,
      "text" : "??ce",
      "whiteSpace" : false
    }, {
      "id" : "s3-t1",
      "begin" : 425,
      "end" : 427,
      "text" : "of",
      "whiteSpace" : false
    }, {
      "id" : "s3-t2",
      "begin" : 428,
      "end" : 437,
      "text" : "Humphreys",
      "whiteSpace" : false
    }, {
      "id" : "s3-t3",
      "begin" : 438,
      "end" : 444,
      "text" : "County",
      "whiteSpace" : false
    }, {
      "id" : "s3-t4",
      "begin" : 444,
      "end" : 445,
      "text" : ",",
      "whiteSpace" : false
    }, {
      "id" : "s3-t5",
      "begin" : 446,
      "end" : 455,
      "text" : "Tennessee",
      "whiteSpace" : false
    }, {
      "id" : "s3-t6",
      "begin" : 455,
      "end" : 456,
      "text" : ".",
      "whiteSpace" : false
    } ]
  }, {
    "id" : "s4",
    "begin" : 457,
    "end" : 509,
    "text" : "This conveyance is made subject to the following: 1.",
    "tokens" : [ {
      "id" : "s4-t0",
      "begin" : 457,
      "end" : 461,
      "text" : "This",
      "whiteSpace" : false
    }, {
      "id" : "s4-t1",
      "begin" : 462,
      "end" : 472,
      "text" : "conveyance",
      "whiteSpace" : false
    }, {
      "id" : "s4-t2",
      "begin" : 473,
      "end" : 475,
      "text" : "is",
      "whiteSpace" : false
    }, {
      "id" : "s4-t3",
      "begin" : 476,
      "end" : 480,
      "text" : "made",
      "whiteSpace" : false
    }, {
      "id" : "s4-t4",
      "begin" : 481,
      "end" : 488,
      "text" : "subject",
      "whiteSpace" : false
    }, {
      "id" : "s4-t5",
      "begin" : 489,
      "end" : 491,
      "text" : "to",
      "whiteSpace" : false
    }, {
      "id" : "s4-t6",
      "begin" : 492,
      "end" : 495,
      "text" : "the",
      "whiteSpace" : false
    }, {
      "id" : "s4-t7",
      "begin" : 496,
      "end" : 505,
      "text" : "following",
      "whiteSpace" : false
    }, {
      "id" : "s4-t8",
      "begin" : 505,
      "end" : 506,
      "text" : ":",
      "whiteSpace" : false
    }, {
      "id" : "s4-t9",
      "begin" : 507,
      "end" : 508,
      "text" : "1",
      "whiteSpace" : false
    }, {
      "id" : "s4-t10",
      "begin" : 508,
      "end" : 509,
      "text" : ".",
      "whiteSpace" : false
    } ]
  }, {
    "id" : "s5",
    "begin" : 510,
    "end" : 512,
    "text" : "2.",
    "tokens" : [ {
      "id" : "s5-t0",
      "begin" : 510,
      "end" : 511,
      "text" : "2",
      "whiteSpace" : false
    }, {
      "id" : "s5-t1",
      "begin" : 511,
      "end" : 512,
      "text" : ".",
      "whiteSpace" : false
    } ]
  }, {
    "id" : "s6",
    "begin" : 513,
    "end" : 727,
    "text" : "TO HAVE AND TO HOLD the said tract or parcel of land, with the appurtenances, estate, title, and interest thereto belonging, to the said BRANDON W. McGEE and wife, AMANDA J. McGEE, their heirs and assigns, forever.",
    "tokens" : [ {
      "id" : "s6-t0",
      "begin" : 513,
      "end" : 515,
      "text" : "TO",
      "whiteSpace" : false
    }, {
      "id" : "s6-t1",
      "begin" : 516,
      "end" : 520,
      "text" : "HAVE",
      "whiteSpace" : false
    }, {
      "id" : "s6-t2",
      "begin" : 521,
      "end" : 524,
      "text" : "AND",
      "whiteSpace" : false
    }, {
      "id" : "s6-t3",
      "begin" : 525,
      "end" : 527,
      "text" : "TO",
      "whiteSpace" : false
    }, {
      "id" : "s6-t4",
      "begin" : 528,
      "end" : 532,
      "text" : "HOLD",
      "whiteSpace" : false
    }, {
      "id" : "s6-t5",
      "begin" : 533,
      "end" : 536,
      "text" : "the",
      "whiteSpace" : false
    }, {
      "id" : "s6-t6",
      "begin" : 537,
      "end" : 541,
      "text" : "said",
      "whiteSpace" : false
    }, {
      "id" : "s6-t7",
      "begin" : 542,
      "end" : 547,
      "text" : "tract",
      "whiteSpace" : false
    }, {
      "id" : "s6-t8",
      "begin" : 548,
      "end" : 550,
      "text" : "or",
      "whiteSpace" : false
    }, {
      "id" : "s6-t9",
      "begin" : 551,
      "end" : 557,
      "text" : "parcel",
      "whiteSpace" : false
    }, {
      "id" : "s6-t10",
      "begin" : 558,
      "end" : 560,
      "text" : "of",
      "whiteSpace" : false
    }, {
      "id" : "s6-t11",
      "begin" : 561,
      "end" : 565,
      "text" : "land",
      "whiteSpace" : false
    }, {
      "id" : "s6-t12",
      "begin" : 565,
      "end" : 566,
      "text" : ",",
      "whiteSpace" : false
    }, {
      "id" : "s6-t13",
      "begin" : 567,
      "end" : 571,
      "text" : "with",
      "whiteSpace" : false
    }, {
      "id" : "s6-t14",
      "begin" : 572,
      "end" : 575,
      "text" : "the",
      "whiteSpace" : false
    }, {
      "id" : "s6-t15",
      "begin" : 576,
      "end" : 589,
      "text" : "appurtenances",
      "whiteSpace" : false
    }, {
      "id" : "s6-t16",
      "begin" : 589,
      "end" : 590,
      "text" : ",",
      "whiteSpace" : false
    }, {
      "id" : "s6-t17",
      "begin" : 591,
      "end" : 597,
      "text" : "estate",
      "whiteSpace" : false
    }, {
      "id" : "s6-t18",
      "begin" : 597,
      "end" : 598,
      "text" : ",",
      "whiteSpace" : false
    }, {
      "id" : "s6-t19",
      "begin" : 599,
      "end" : 604,
      "text" : "title",
      "whiteSpace" : false
    }, {
      "id" : "s6-t20",
      "begin" : 604,
      "end" : 605,
      "text" : ",",
      "whiteSpace" : false
    }, {
      "id" : "s6-t21",
      "begin" : 606,
      "end" : 609,
      "text" : "and",
      "whiteSpace" : false
    }, {
      "id" : "s6-t22",
      "begin" : 610,
      "end" : 618,
      "text" : "interest",
      "whiteSpace" : false
    }, {
      "id" : "s6-t23",
      "begin" : 619,
      "end" : 626,
      "text" : "thereto",
      "whiteSpace" : false
    }, {
      "id" : "s6-t24",
      "begin" : 627,
      "end" : 636,
      "text" : "belonging",
      "whiteSpace" : false
    }, {
      "id" : "s6-t25",
      "begin" : 636,
      "end" : 637,
      "text" : ",",
      "whiteSpace" : false
    }, {
      "id" : "s6-t26",
      "begin" : 638,
      "end" : 640,
      "text" : "to",
      "whiteSpace" : false
    }, {
      "id" : "s6-t27",
      "begin" : 641,
      "end" : 644,
      "text" : "the",
      "whiteSpace" : false
    }, {
      "id" : "s6-t28",
      "begin" : 645,
      "end" : 649,
      "text" : "said",
      "whiteSpace" : false
    }, {
      "id" : "s6-t29",
      "begin" : 650,
      "end" : 657,
      "text" : "BRANDON",
      "whiteSpace" : false
    }, {
      "id" : "s6-t30",
      "begin" : 658,
      "end" : 660,
      "text" : "W.",
      "whiteSpace" : false
    }, {
      "id" : "s6-t31",
      "begin" : 661,
      "end" : 666,
      "text" : "McGEE",
      "whiteSpace" : false
    }, {
      "id" : "s6-t32",
      "begin" : 667,
      "end" : 670,
      "text" : "and",
      "whiteSpace" : false
    }, {
      "id" : "s6-t33",
      "begin" : 671,
      "end" : 675,
      "text" : "wife",
      "whiteSpace" : false
    }, {
      "id" : "s6-t34",
      "begin" : 675,
      "end" : 676,
      "text" : ",",
      "whiteSpace" : false
    }, {
      "id" : "s6-t35",
      "begin" : 677,
      "end" : 683,
      "text" : "AMANDA",
      "whiteSpace" : false
    }, {
      "id" : "s6-t36",
      "begin" : 684,
      "end" : 686,
      "text" : "J.",
      "whiteSpace" : false
    }, {
      "id" : "s6-t37",
      "begin" : 687,
      "end" : 692,
      "text" : "McGEE",
      "whiteSpace" : false
    }, {
      "id" : "s6-t38",
      "begin" : 692,
      "end" : 693,
      "text" : ",",
      "whiteSpace" : false
    }, {
      "id" : "s6-t39",
      "begin" : 694,
      "end" : 699,
      "text" : "their",
      "whiteSpace" : false
    }, {
      "id" : "s6-t40",
      "begin" : 700,
      "end" : 705,
      "text" : "heirs",
      "whiteSpace" : false
    }, {
      "id" : "s6-t41",
      "begin" : 706,
      "end" : 709,
      "text" : "and",
      "whiteSpace" : false
    }, {
      "id" : "s6-t42",
      "begin" : 710,
      "end" : 717,
      "text" : "assigns",
      "whiteSpace" : false
    }, {
      "id" : "s6-t43",
      "begin" : 717,
      "end" : 718,
      "text" : ",",
      "whiteSpace" : false
    }, {
      "id" : "s6-t44",
      "begin" : 719,
      "end" : 726,
      "text" : "forever",
      "whiteSpace" : false
    }, {
      "id" : "s6-t45",
      "begin" : 726,
      "end" : 727,
      "text" : ".",
      "whiteSpace" : false
    } ]
  }, {
    "id" : "s7",
    "begin" : 728,
    "end" : 815,
    "text" : "I covenant with the said BRANDON W. McGEE and wife, AMANDA J. McGEE, that I am lawfully",
    "tokens" : [ {
      "id" : "s7-t0",
      "begin" : 728,
      "end" : 729,
      "text" : "I",
      "whiteSpace" : false
    }, {
      "id" : "s7-t1",
      "begin" : 730,
      "end" : 738,
      "text" : "covenant",
      "whiteSpace" : false
    }, {
      "id" : "s7-t2",
      "begin" : 739,
      "end" : 743,
      "text" : "with",
      "whiteSpace" : false
    }, {
      "id" : "s7-t3",
      "begin" : 744,
      "end" : 747,
      "text" : "the",
      "whiteSpace" : false
    }, {
      "id" : "s7-t4",
      "begin" : 748,
      "end" : 752,
      "text" : "said",
      "whiteSpace" : false
    }, {
      "id" : "s7-t5",
      "begin" : 753,
      "end" : 760,
      "text" : "BRANDON",
      "whiteSpace" : false
    }, {
      "id" : "s7-t6",
      "begin" : 761,
      "end" : 763,
      "text" : "W.",
      "whiteSpace" : false
    }, {
      "id" : "s7-t7",
      "begin" : 764,
      "end" : 769,
      "text" : "McGEE",
      "whiteSpace" : false
    }, {
      "id" : "s7-t8",
      "begin" : 770,
      "end" : 773,
      "text" : "and",
      "whiteSpace" : false
    }, {
      "id" : "s7-t9",
      "begin" : 774,
      "end" : 778,
      "text" : "wife",
      "whiteSpace" : false
    }, {
      "id" : "s7-t10",
      "begin" : 778,
      "end" : 779,
      "text" : ",",
      "whiteSpace" : false
    }, {
      "id" : "s7-t11",
      "begin" : 780,
      "end" : 786,
      "text" : "AMANDA",
      "whiteSpace" : false
    }, {
      "id" : "s7-t12",
      "begin" : 787,
      "end" : 789,
      "text" : "J.",
      "whiteSpace" : false
    }, {
      "id" : "s7-t13",
      "begin" : 790,
      "end" : 795,
      "text" : "McGEE",
      "whiteSpace" : false
    }, {
      "id" : "s7-t14",
      "begin" : 795,
      "end" : 796,
      "text" : ",",
      "whiteSpace" : false
    }, {
      "id" : "s7-t15",
      "begin" : 797,
      "end" : 801,
      "text" : "that",
      "whiteSpace" : false
    }, {
      "id" : "s7-t16",
      "begin" : 802,
      "end" : 803,
      "text" : "I",
      "whiteSpace" : false
    }, {
      "id" : "s7-t17",
      "begin" : 804,
      "end" : 806,
      "text" : "am",
      "whiteSpace" : false
    }, {
      "id" : "s7-t18",
      "begin" : 807,
      "end" : 815,
      "text" : "lawfully",
      "whiteSpace" : false
    } ]
  } ],
  "mentions" : [ {
    "id" : "s1-m1",
    "properties" : {
      "SIRE_MENTION_ROLE" : "WarrDeedBookNum",
      "SIRE_ENTITY_SUBTYPE" : "NONE",
      "SIRE_MENTION_TYPE" : "NONE",
      "SIRE_MENTION_CLASS" : "SPC"
    },
    "type" : "WarrDeedBookNum",
    "begin" : 388,
    "end" : 391,
    "inCoref" : false
  }, {
    "id" : "s1-m2",
    "properties" : {
      "SIRE_MENTION_ROLE" : "WarrDeedPageNum",
      "SIRE_ENTITY_SUBTYPE" : "NONE",
      "SIRE_MENTION_TYPE" : "NONE",
      "SIRE_MENTION_CLASS" : "SPC"
    },
    "type" : "WarrDeedPageNum",
    "begin" : 398,
    "end" : 402,
    "inCoref" : false
  } ],
  "relations" : [ ],
  "corefs" : [ ],
  "typeResolved" : true,
  "userResolved" : false
}