{
  "id" : "c8554300-54dc-11e9-b3f1-919b26b254ae-7",
  "name" : "WD197-17.txt",
  "createdDate" : 0,
  "version" : 3,
  "text" : "unto their heirs and assigns, the following described property, to-wit: Lying and being in the Second Civil District of Humphrey's County, Tennessee, West of Waverly and North of and adjacent to Dry Creek Road, to-wit: Book WD197 Page 17 BEGINNING at the SWC of the Landis Owen property and runs thence West with the North right of way margin for Dry Creek Road, the same being 25' from the roadway center line, N 80 deg. 41' 52 \" W 403.41 feet to the Chandler SEC; thence with Chandler???s EBL N 10 deg. 27' 39 \" B 278.18 feet to the Chandler NEC; thence N 87 deg. 37' 45 \" W 239.81 feet to the Curtis EBL; thence N 10 deg. 43' 17 \" B 157.05 feet to the Fleet SBL; thence s 85 deg. 59??? 14 \" B 625.38 feet to the Landis Owen NWC; thence S 08 deg. 20' 13 \" W 419.73 feet to the point of beginning, containing 4.65 acres by survey of Darrell McBride dated July 20, 2001. BEING the same property conveyed to Tory J. Hopkins and wife, Virginia L. Hopkins, by instrument of record at Deed Book 188, page 1206, Register???s Of???ce, Humphreys County, Tennessee.",
  "docLength" : 0,
  "language" : "EN",
  "status" : "SUBMITTED",
  "modifiedDate" : 1554165373433,
  "documentSet" : [ ],
  "preannotation" : [ ],
  "sentences" : [ {
    "id" : "s0",
    "begin" : 0,
    "end" : 421,
    "text" : "unto their heirs and assigns, the following described property, to-wit: Lying and being in the Second Civil District of Humphrey's County, Tennessee, West of Waverly and North of and adjacent to Dry Creek Road, to-wit: Book WD197 Page 17 BEGINNING at the SWC of the Landis Owen property and runs thence West with the North right of way margin for Dry Creek Road, the same being 25' from the roadway center line, N 80 deg.",
    "tokens" : [ {
      "id" : "s0-t0",
      "begin" : 0,
      "end" : 4,
      "text" : "unto",
      "whiteSpace" : false
    }, {
      "id" : "s0-t1",
      "begin" : 5,
      "end" : 10,
      "text" : "their",
      "whiteSpace" : false
    }, {
      "id" : "s0-t2",
      "begin" : 11,
      "end" : 16,
      "text" : "heirs",
      "whiteSpace" : false
    }, {
      "id" : "s0-t3",
      "begin" : 17,
      "end" : 20,
      "text" : "and",
      "whiteSpace" : false
    }, {
      "id" : "s0-t4",
      "begin" : 21,
      "end" : 28,
      "text" : "assigns",
      "whiteSpace" : false
    }, {
      "id" : "s0-t5",
      "begin" : 28,
      "end" : 29,
      "text" : ",",
      "whiteSpace" : false
    }, {
      "id" : "s0-t6",
      "begin" : 30,
      "end" : 33,
      "text" : "the",
      "whiteSpace" : false
    }, {
      "id" : "s0-t7",
      "begin" : 34,
      "end" : 43,
      "text" : "following",
      "whiteSpace" : false
    }, {
      "id" : "s0-t8",
      "begin" : 44,
      "end" : 53,
      "text" : "described",
      "whiteSpace" : false
    }, {
      "id" : "s0-t9",
      "begin" : 54,
      "end" : 62,
      "text" : "property",
      "whiteSpace" : false
    }, {
      "id" : "s0-t10",
      "begin" : 62,
      "end" : 63,
      "text" : ",",
      "whiteSpace" : false
    }, {
      "id" : "s0-t11",
      "begin" : 64,
      "end" : 66,
      "text" : "to",
      "whiteSpace" : false
    }, {
      "id" : "s0-t12",
      "begin" : 66,
      "end" : 67,
      "text" : "-",
      "whiteSpace" : false
    }, {
      "id" : "s0-t13",
      "begin" : 67,
      "end" : 70,
      "text" : "wit",
      "whiteSpace" : false
    }, {
      "id" : "s0-t14",
      "begin" : 70,
      "end" : 71,
      "text" : ":",
      "whiteSpace" : false
    }, {
      "id" : "s0-t15",
      "begin" : 72,
      "end" : 77,
      "text" : "Lying",
      "whiteSpace" : false
    }, {
      "id" : "s0-t16",
      "begin" : 78,
      "end" : 81,
      "text" : "and",
      "whiteSpace" : false
    }, {
      "id" : "s0-t17",
      "begin" : 82,
      "end" : 87,
      "text" : "being",
      "whiteSpace" : false
    }, {
      "id" : "s0-t18",
      "begin" : 88,
      "end" : 90,
      "text" : "in",
      "whiteSpace" : false
    }, {
      "id" : "s0-t19",
      "begin" : 91,
      "end" : 94,
      "text" : "the",
      "whiteSpace" : false
    }, {
      "id" : "s0-t20",
      "begin" : 95,
      "end" : 101,
      "text" : "Second",
      "whiteSpace" : false
    }, {
      "id" : "s0-t21",
      "begin" : 102,
      "end" : 107,
      "text" : "Civil",
      "whiteSpace" : false
    }, {
      "id" : "s0-t22",
      "begin" : 108,
      "end" : 116,
      "text" : "District",
      "whiteSpace" : false
    }, {
      "id" : "s0-t23",
      "begin" : 117,
      "end" : 119,
      "text" : "of",
      "whiteSpace" : false
    }, {
      "id" : "s0-t24",
      "begin" : 120,
      "end" : 128,
      "text" : "Humphrey",
      "whiteSpace" : false
    }, {
      "id" : "s0-t25",
      "begin" : 128,
      "end" : 130,
      "text" : "'s",
      "whiteSpace" : false
    }, {
      "id" : "s0-t26",
      "begin" : 131,
      "end" : 137,
      "text" : "County",
      "whiteSpace" : false
    }, {
      "id" : "s0-t27",
      "begin" : 137,
      "end" : 138,
      "text" : ",",
      "whiteSpace" : false
    }, {
      "id" : "s0-t28",
      "begin" : 139,
      "end" : 148,
      "text" : "Tennessee",
      "whiteSpace" : false
    }, {
      "id" : "s0-t29",
      "begin" : 148,
      "end" : 149,
      "text" : ",",
      "whiteSpace" : false
    }, {
      "id" : "s0-t30",
      "begin" : 150,
      "end" : 154,
      "text" : "West",
      "whiteSpace" : false
    }, {
      "id" : "s0-t31",
      "begin" : 155,
      "end" : 157,
      "text" : "of",
      "whiteSpace" : false
    }, {
      "id" : "s0-t32",
      "begin" : 158,
      "end" : 165,
      "text" : "Waverly",
      "whiteSpace" : false
    }, {
      "id" : "s0-t33",
      "begin" : 166,
      "end" : 169,
      "text" : "and",
      "whiteSpace" : false
    }, {
      "id" : "s0-t34",
      "begin" : 170,
      "end" : 175,
      "text" : "North",
      "whiteSpace" : false
    }, {
      "id" : "s0-t35",
      "begin" : 176,
      "end" : 178,
      "text" : "of",
      "whiteSpace" : false
    }, {
      "id" : "s0-t36",
      "begin" : 179,
      "end" : 182,
      "text" : "and",
      "whiteSpace" : false
    }, {
      "id" : "s0-t37",
      "begin" : 183,
      "end" : 191,
      "text" : "adjacent",
      "whiteSpace" : false
    }, {
      "id" : "s0-t38",
      "begin" : 192,
      "end" : 194,
      "text" : "to",
      "whiteSpace" : false
    }, {
      "id" : "s0-t39",
      "begin" : 195,
      "end" : 198,
      "text" : "Dry",
      "whiteSpace" : false
    }, {
      "id" : "s0-t40",
      "begin" : 199,
      "end" : 204,
      "text" : "Creek",
      "whiteSpace" : false
    }, {
      "id" : "s0-t41",
      "begin" : 205,
      "end" : 209,
      "text" : "Road",
      "whiteSpace" : false
    }, {
      "id" : "s0-t42",
      "begin" : 209,
      "end" : 210,
      "text" : ",",
      "whiteSpace" : false
    }, {
      "id" : "s0-t43",
      "begin" : 211,
      "end" : 213,
      "text" : "to",
      "whiteSpace" : false
    }, {
      "id" : "s0-t44",
      "begin" : 213,
      "end" : 214,
      "text" : "-",
      "whiteSpace" : false
    }, {
      "id" : "s0-t45",
      "begin" : 214,
      "end" : 217,
      "text" : "wit",
      "whiteSpace" : false
    }, {
      "id" : "s0-t46",
      "begin" : 217,
      "end" : 218,
      "text" : ":",
      "whiteSpace" : false
    }, {
      "id" : "s0-t47",
      "begin" : 219,
      "end" : 223,
      "text" : "Book",
      "whiteSpace" : false
    }, {
      "id" : "s0-t48",
      "begin" : 224,
      "end" : 229,
      "text" : "WD197",
      "whiteSpace" : false
    }, {
      "id" : "s0-t49",
      "begin" : 230,
      "end" : 234,
      "text" : "Page",
      "whiteSpace" : false
    }, {
      "id" : "s0-t50",
      "begin" : 235,
      "end" : 237,
      "text" : "17",
      "whiteSpace" : false
    }, {
      "id" : "s0-t51",
      "begin" : 238,
      "end" : 247,
      "text" : "BEGINNING",
      "whiteSpace" : false
    }, {
      "id" : "s0-t52",
      "begin" : 248,
      "end" : 250,
      "text" : "at",
      "whiteSpace" : false
    }, {
      "id" : "s0-t53",
      "begin" : 251,
      "end" : 254,
      "text" : "the",
      "whiteSpace" : false
    }, {
      "id" : "s0-t54",
      "begin" : 255,
      "end" : 258,
      "text" : "SWC",
      "whiteSpace" : false
    }, {
      "id" : "s0-t55",
      "begin" : 259,
      "end" : 261,
      "text" : "of",
      "whiteSpace" : false
    }, {
      "id" : "s0-t56",
      "begin" : 262,
      "end" : 265,
      "text" : "the",
      "whiteSpace" : false
    }, {
      "id" : "s0-t57",
      "begin" : 266,
      "end" : 272,
      "text" : "Landis",
      "whiteSpace" : false
    }, {
      "id" : "s0-t58",
      "begin" : 273,
      "end" : 277,
      "text" : "Owen",
      "whiteSpace" : false
    }, {
      "id" : "s0-t59",
      "begin" : 278,
      "end" : 286,
      "text" : "property",
      "whiteSpace" : false
    }, {
      "id" : "s0-t60",
      "begin" : 287,
      "end" : 290,
      "text" : "and",
      "whiteSpace" : false
    }, {
      "id" : "s0-t61",
      "begin" : 291,
      "end" : 295,
      "text" : "runs",
      "whiteSpace" : false
    }, {
      "id" : "s0-t62",
      "begin" : 296,
      "end" : 302,
      "text" : "thence",
      "whiteSpace" : false
    }, {
      "id" : "s0-t63",
      "begin" : 303,
      "end" : 307,
      "text" : "West",
      "whiteSpace" : false
    }, {
      "id" : "s0-t64",
      "begin" : 308,
      "end" : 312,
      "text" : "with",
      "whiteSpace" : false
    }, {
      "id" : "s0-t65",
      "begin" : 313,
      "end" : 316,
      "text" : "the",
      "whiteSpace" : false
    }, {
      "id" : "s0-t66",
      "begin" : 317,
      "end" : 322,
      "text" : "North",
      "whiteSpace" : false
    }, {
      "id" : "s0-t67",
      "begin" : 323,
      "end" : 328,
      "text" : "right",
      "whiteSpace" : false
    }, {
      "id" : "s0-t68",
      "begin" : 329,
      "end" : 331,
      "text" : "of",
      "whiteSpace" : false
    }, {
      "id" : "s0-t69",
      "begin" : 332,
      "end" : 335,
      "text" : "way",
      "whiteSpace" : false
    }, {
      "id" : "s0-t70",
      "begin" : 336,
      "end" : 342,
      "text" : "margin",
      "whiteSpace" : false
    }, {
      "id" : "s0-t71",
      "begin" : 343,
      "end" : 346,
      "text" : "for",
      "whiteSpace" : false
    }, {
      "id" : "s0-t72",
      "begin" : 347,
      "end" : 350,
      "text" : "Dry",
      "whiteSpace" : false
    }, {
      "id" : "s0-t73",
      "begin" : 351,
      "end" : 356,
      "text" : "Creek",
      "whiteSpace" : false
    }, {
      "id" : "s0-t74",
      "begin" : 357,
      "end" : 361,
      "text" : "Road",
      "whiteSpace" : false
    }, {
      "id" : "s0-t75",
      "begin" : 361,
      "end" : 362,
      "text" : ",",
      "whiteSpace" : false
    }, {
      "id" : "s0-t76",
      "begin" : 363,
      "end" : 366,
      "text" : "the",
      "whiteSpace" : false
    }, {
      "id" : "s0-t77",
      "begin" : 367,
      "end" : 371,
      "text" : "same",
      "whiteSpace" : false
    }, {
      "id" : "s0-t78",
      "begin" : 372,
      "end" : 377,
      "text" : "being",
      "whiteSpace" : false
    }, {
      "id" : "s0-t79",
      "begin" : 378,
      "end" : 380,
      "text" : "25",
      "whiteSpace" : false
    }, {
      "id" : "s0-t80",
      "begin" : 380,
      "end" : 381,
      "text" : "'",
      "whiteSpace" : false
    }, {
      "id" : "s0-t81",
      "begin" : 382,
      "end" : 386,
      "text" : "from",
      "whiteSpace" : false
    }, {
      "id" : "s0-t82",
      "begin" : 387,
      "end" : 390,
      "text" : "the",
      "whiteSpace" : false
    }, {
      "id" : "s0-t83",
      "begin" : 391,
      "end" : 398,
      "text" : "roadway",
      "whiteSpace" : false
    }, {
      "id" : "s0-t84",
      "begin" : 399,
      "end" : 405,
      "text" : "center",
      "whiteSpace" : false
    }, {
      "id" : "s0-t85",
      "begin" : 406,
      "end" : 410,
      "text" : "line",
      "whiteSpace" : false
    }, {
      "id" : "s0-t86",
      "begin" : 410,
      "end" : 411,
      "text" : ",",
      "whiteSpace" : false
    }, {
      "id" : "s0-t87",
      "begin" : 412,
      "end" : 413,
      "text" : "N",
      "whiteSpace" : false
    }, {
      "id" : "s0-t88",
      "begin" : 414,
      "end" : 416,
      "text" : "80",
      "whiteSpace" : false
    }, {
      "id" : "s0-t89",
      "begin" : 417,
      "end" : 420,
      "text" : "deg",
      "whiteSpace" : false
    }, {
      "id" : "s0-t90",
      "begin" : 420,
      "end" : 421,
      "text" : ".",
      "whiteSpace" : false
    } ]
  }, {
    "id" : "s1",
    "begin" : 422,
    "end" : 487,
    "text" : "41' 52 \" W 403.41 feet to the Chandler SEC; thence with Chandler?",
    "tokens" : [ {
      "id" : "s1-t0",
      "begin" : 422,
      "end" : 424,
      "text" : "41",
      "whiteSpace" : false
    }, {
      "id" : "s1-t1",
      "begin" : 424,
      "end" : 425,
      "text" : "'",
      "whiteSpace" : false
    }, {
      "id" : "s1-t2",
      "begin" : 426,
      "end" : 428,
      "text" : "52",
      "whiteSpace" : false
    }, {
      "id" : "s1-t3",
      "begin" : 429,
      "end" : 430,
      "text" : "\"",
      "whiteSpace" : false
    }, {
      "id" : "s1-t4",
      "begin" : 431,
      "end" : 432,
      "text" : "W",
      "whiteSpace" : false
    }, {
      "id" : "s1-t5",
      "begin" : 433,
      "end" : 439,
      "text" : "403.41",
      "whiteSpace" : false
    }, {
      "id" : "s1-t6",
      "begin" : 440,
      "end" : 444,
      "text" : "feet",
      "whiteSpace" : false
    }, {
      "id" : "s1-t7",
      "begin" : 445,
      "end" : 447,
      "text" : "to",
      "whiteSpace" : false
    }, {
      "id" : "s1-t8",
      "begin" : 448,
      "end" : 451,
      "text" : "the",
      "whiteSpace" : false
    }, {
      "id" : "s1-t9",
      "begin" : 452,
      "end" : 460,
      "text" : "Chandler",
      "whiteSpace" : false
    }, {
      "id" : "s1-t10",
      "begin" : 461,
      "end" : 464,
      "text" : "SEC",
      "whiteSpace" : false
    }, {
      "id" : "s1-t11",
      "begin" : 464,
      "end" : 465,
      "text" : ";",
      "whiteSpace" : false
    }, {
      "id" : "s1-t12",
      "begin" : 466,
      "end" : 472,
      "text" : "thence",
      "whiteSpace" : false
    }, {
      "id" : "s1-t13",
      "begin" : 473,
      "end" : 477,
      "text" : "with",
      "whiteSpace" : false
    }, {
      "id" : "s1-t14",
      "begin" : 478,
      "end" : 486,
      "text" : "Chandler",
      "whiteSpace" : false
    }, {
      "id" : "s1-t15",
      "begin" : 486,
      "end" : 487,
      "text" : "?",
      "whiteSpace" : false
    } ]
  }, {
    "id" : "s2",
    "begin" : 487,
    "end" : 504,
    "text" : "??s EBL N 10 deg.",
    "tokens" : [ {
      "id" : "s2-t0",
      "begin" : 487,
      "end" : 490,
      "text" : "??s",
      "whiteSpace" : false
    }, {
      "id" : "s2-t1",
      "begin" : 491,
      "end" : 494,
      "text" : "EBL",
      "whiteSpace" : false
    }, {
      "id" : "s2-t2",
      "begin" : 495,
      "end" : 496,
      "text" : "N",
      "whiteSpace" : false
    }, {
      "id" : "s2-t3",
      "begin" : 497,
      "end" : 499,
      "text" : "10",
      "whiteSpace" : false
    }, {
      "id" : "s2-t4",
      "begin" : 500,
      "end" : 503,
      "text" : "deg",
      "whiteSpace" : false
    }, {
      "id" : "s2-t5",
      "begin" : 503,
      "end" : 504,
      "text" : ".",
      "whiteSpace" : false
    } ]
  }, {
    "id" : "s3",
    "begin" : 505,
    "end" : 565,
    "text" : "27' 39 \" B 278.18 feet to the Chandler NEC; thence N 87 deg.",
    "tokens" : [ {
      "id" : "s3-t0",
      "begin" : 505,
      "end" : 507,
      "text" : "27",
      "whiteSpace" : false
    }, {
      "id" : "s3-t1",
      "begin" : 507,
      "end" : 508,
      "text" : "'",
      "whiteSpace" : false
    }, {
      "id" : "s3-t2",
      "begin" : 509,
      "end" : 511,
      "text" : "39",
      "whiteSpace" : false
    }, {
      "id" : "s3-t3",
      "begin" : 512,
      "end" : 513,
      "text" : "\"",
      "whiteSpace" : false
    }, {
      "id" : "s3-t4",
      "begin" : 514,
      "end" : 515,
      "text" : "B",
      "whiteSpace" : false
    }, {
      "id" : "s3-t5",
      "begin" : 516,
      "end" : 522,
      "text" : "278.18",
      "whiteSpace" : false
    }, {
      "id" : "s3-t6",
      "begin" : 523,
      "end" : 527,
      "text" : "feet",
      "whiteSpace" : false
    }, {
      "id" : "s3-t7",
      "begin" : 528,
      "end" : 530,
      "text" : "to",
      "whiteSpace" : false
    }, {
      "id" : "s3-t8",
      "begin" : 531,
      "end" : 534,
      "text" : "the",
      "whiteSpace" : false
    }, {
      "id" : "s3-t9",
      "begin" : 535,
      "end" : 543,
      "text" : "Chandler",
      "whiteSpace" : false
    }, {
      "id" : "s3-t10",
      "begin" : 544,
      "end" : 547,
      "text" : "NEC",
      "whiteSpace" : false
    }, {
      "id" : "s3-t11",
      "begin" : 547,
      "end" : 548,
      "text" : ";",
      "whiteSpace" : false
    }, {
      "id" : "s3-t12",
      "begin" : 549,
      "end" : 555,
      "text" : "thence",
      "whiteSpace" : false
    }, {
      "id" : "s3-t13",
      "begin" : 556,
      "end" : 557,
      "text" : "N",
      "whiteSpace" : false
    }, {
      "id" : "s3-t14",
      "begin" : 558,
      "end" : 560,
      "text" : "87",
      "whiteSpace" : false
    }, {
      "id" : "s3-t15",
      "begin" : 561,
      "end" : 564,
      "text" : "deg",
      "whiteSpace" : false
    }, {
      "id" : "s3-t16",
      "begin" : 564,
      "end" : 565,
      "text" : ".",
      "whiteSpace" : false
    } ]
  }, {
    "id" : "s4",
    "begin" : 566,
    "end" : 624,
    "text" : "37' 45 \" W 239.81 feet to the Curtis EBL; thence N 10 deg.",
    "tokens" : [ {
      "id" : "s4-t0",
      "begin" : 566,
      "end" : 568,
      "text" : "37",
      "whiteSpace" : false
    }, {
      "id" : "s4-t1",
      "begin" : 568,
      "end" : 569,
      "text" : "'",
      "whiteSpace" : false
    }, {
      "id" : "s4-t2",
      "begin" : 570,
      "end" : 572,
      "text" : "45",
      "whiteSpace" : false
    }, {
      "id" : "s4-t3",
      "begin" : 573,
      "end" : 574,
      "text" : "\"",
      "whiteSpace" : false
    }, {
      "id" : "s4-t4",
      "begin" : 575,
      "end" : 576,
      "text" : "W",
      "whiteSpace" : false
    }, {
      "id" : "s4-t5",
      "begin" : 577,
      "end" : 583,
      "text" : "239.81",
      "whiteSpace" : false
    }, {
      "id" : "s4-t6",
      "begin" : 584,
      "end" : 588,
      "text" : "feet",
      "whiteSpace" : false
    }, {
      "id" : "s4-t7",
      "begin" : 589,
      "end" : 591,
      "text" : "to",
      "whiteSpace" : false
    }, {
      "id" : "s4-t8",
      "begin" : 592,
      "end" : 595,
      "text" : "the",
      "whiteSpace" : false
    }, {
      "id" : "s4-t9",
      "begin" : 596,
      "end" : 602,
      "text" : "Curtis",
      "whiteSpace" : false
    }, {
      "id" : "s4-t10",
      "begin" : 603,
      "end" : 606,
      "text" : "EBL",
      "whiteSpace" : false
    }, {
      "id" : "s4-t11",
      "begin" : 606,
      "end" : 607,
      "text" : ";",
      "whiteSpace" : false
    }, {
      "id" : "s4-t12",
      "begin" : 608,
      "end" : 614,
      "text" : "thence",
      "whiteSpace" : false
    }, {
      "id" : "s4-t13",
      "begin" : 615,
      "end" : 616,
      "text" : "N",
      "whiteSpace" : false
    }, {
      "id" : "s4-t14",
      "begin" : 617,
      "end" : 619,
      "text" : "10",
      "whiteSpace" : false
    }, {
      "id" : "s4-t15",
      "begin" : 620,
      "end" : 623,
      "text" : "deg",
      "whiteSpace" : false
    }, {
      "id" : "s4-t16",
      "begin" : 623,
      "end" : 624,
      "text" : ".",
      "whiteSpace" : false
    } ]
  }, {
    "id" : "s5",
    "begin" : 625,
    "end" : 682,
    "text" : "43' 17 \" B 157.05 feet to the Fleet SBL; thence s 85 deg.",
    "tokens" : [ {
      "id" : "s5-t0",
      "begin" : 625,
      "end" : 627,
      "text" : "43",
      "whiteSpace" : false
    }, {
      "id" : "s5-t1",
      "begin" : 627,
      "end" : 628,
      "text" : "'",
      "whiteSpace" : false
    }, {
      "id" : "s5-t2",
      "begin" : 629,
      "end" : 631,
      "text" : "17",
      "whiteSpace" : false
    }, {
      "id" : "s5-t3",
      "begin" : 632,
      "end" : 633,
      "text" : "\"",
      "whiteSpace" : false
    }, {
      "id" : "s5-t4",
      "begin" : 634,
      "end" : 635,
      "text" : "B",
      "whiteSpace" : false
    }, {
      "id" : "s5-t5",
      "begin" : 636,
      "end" : 642,
      "text" : "157.05",
      "whiteSpace" : false
    }, {
      "id" : "s5-t6",
      "begin" : 643,
      "end" : 647,
      "text" : "feet",
      "whiteSpace" : false
    }, {
      "id" : "s5-t7",
      "begin" : 648,
      "end" : 650,
      "text" : "to",
      "whiteSpace" : false
    }, {
      "id" : "s5-t8",
      "begin" : 651,
      "end" : 654,
      "text" : "the",
      "whiteSpace" : false
    }, {
      "id" : "s5-t9",
      "begin" : 655,
      "end" : 660,
      "text" : "Fleet",
      "whiteSpace" : false
    }, {
      "id" : "s5-t10",
      "begin" : 661,
      "end" : 664,
      "text" : "SBL",
      "whiteSpace" : false
    }, {
      "id" : "s5-t11",
      "begin" : 664,
      "end" : 665,
      "text" : ";",
      "whiteSpace" : false
    }, {
      "id" : "s5-t12",
      "begin" : 666,
      "end" : 672,
      "text" : "thence",
      "whiteSpace" : false
    }, {
      "id" : "s5-t13",
      "begin" : 673,
      "end" : 674,
      "text" : "s",
      "whiteSpace" : false
    }, {
      "id" : "s5-t14",
      "begin" : 675,
      "end" : 677,
      "text" : "85",
      "whiteSpace" : false
    }, {
      "id" : "s5-t15",
      "begin" : 678,
      "end" : 681,
      "text" : "deg",
      "whiteSpace" : false
    }, {
      "id" : "s5-t16",
      "begin" : 681,
      "end" : 682,
      "text" : ".",
      "whiteSpace" : false
    } ]
  }, {
    "id" : "s6",
    "begin" : 683,
    "end" : 688,
    "text" : "59???",
    "tokens" : [ {
      "id" : "s6-t0",
      "begin" : 683,
      "end" : 685,
      "text" : "59",
      "whiteSpace" : false
    }, {
      "id" : "s6-t1",
      "begin" : 685,
      "end" : 687,
      "text" : "??",
      "whiteSpace" : false
    }, {
      "id" : "s6-t2",
      "begin" : 687,
      "end" : 688,
      "text" : "?",
      "whiteSpace" : false
    } ]
  }, {
    "id" : "s7",
    "begin" : 689,
    "end" : 748,
    "text" : "14 \" B 625.38 feet to the Landis Owen NWC; thence S 08 deg.",
    "tokens" : [ {
      "id" : "s7-t0",
      "begin" : 689,
      "end" : 691,
      "text" : "14",
      "whiteSpace" : false
    }, {
      "id" : "s7-t1",
      "begin" : 692,
      "end" : 693,
      "text" : "\"",
      "whiteSpace" : false
    }, {
      "id" : "s7-t2",
      "begin" : 694,
      "end" : 695,
      "text" : "B",
      "whiteSpace" : false
    }, {
      "id" : "s7-t3",
      "begin" : 696,
      "end" : 702,
      "text" : "625.38",
      "whiteSpace" : false
    }, {
      "id" : "s7-t4",
      "begin" : 703,
      "end" : 707,
      "text" : "feet",
      "whiteSpace" : false
    }, {
      "id" : "s7-t5",
      "begin" : 708,
      "end" : 710,
      "text" : "to",
      "whiteSpace" : false
    }, {
      "id" : "s7-t6",
      "begin" : 711,
      "end" : 714,
      "text" : "the",
      "whiteSpace" : false
    }, {
      "id" : "s7-t7",
      "begin" : 715,
      "end" : 721,
      "text" : "Landis",
      "whiteSpace" : false
    }, {
      "id" : "s7-t8",
      "begin" : 722,
      "end" : 726,
      "text" : "Owen",
      "whiteSpace" : false
    }, {
      "id" : "s7-t9",
      "begin" : 727,
      "end" : 730,
      "text" : "NWC",
      "whiteSpace" : false
    }, {
      "id" : "s7-t10",
      "begin" : 730,
      "end" : 731,
      "text" : ";",
      "whiteSpace" : false
    }, {
      "id" : "s7-t11",
      "begin" : 732,
      "end" : 738,
      "text" : "thence",
      "whiteSpace" : false
    }, {
      "id" : "s7-t12",
      "begin" : 739,
      "end" : 740,
      "text" : "S",
      "whiteSpace" : false
    }, {
      "id" : "s7-t13",
      "begin" : 741,
      "end" : 743,
      "text" : "08",
      "whiteSpace" : false
    }, {
      "id" : "s7-t14",
      "begin" : 744,
      "end" : 747,
      "text" : "deg",
      "whiteSpace" : false
    }, {
      "id" : "s7-t15",
      "begin" : 747,
      "end" : 748,
      "text" : ".",
      "whiteSpace" : false
    } ]
  }, {
    "id" : "s8",
    "begin" : 749,
    "end" : 870,
    "text" : "20' 13 \" W 419.73 feet to the point of beginning, containing 4.65 acres by survey of Darrell McBride dated July 20, 2001.",
    "tokens" : [ {
      "id" : "s8-t0",
      "begin" : 749,
      "end" : 751,
      "text" : "20",
      "whiteSpace" : false
    }, {
      "id" : "s8-t1",
      "begin" : 751,
      "end" : 752,
      "text" : "'",
      "whiteSpace" : false
    }, {
      "id" : "s8-t2",
      "begin" : 753,
      "end" : 755,
      "text" : "13",
      "whiteSpace" : false
    }, {
      "id" : "s8-t3",
      "begin" : 756,
      "end" : 757,
      "text" : "\"",
      "whiteSpace" : false
    }, {
      "id" : "s8-t4",
      "begin" : 758,
      "end" : 759,
      "text" : "W",
      "whiteSpace" : false
    }, {
      "id" : "s8-t5",
      "begin" : 760,
      "end" : 766,
      "text" : "419.73",
      "whiteSpace" : false
    }, {
      "id" : "s8-t6",
      "begin" : 767,
      "end" : 771,
      "text" : "feet",
      "whiteSpace" : false
    }, {
      "id" : "s8-t7",
      "begin" : 772,
      "end" : 774,
      "text" : "to",
      "whiteSpace" : false
    }, {
      "id" : "s8-t8",
      "begin" : 775,
      "end" : 778,
      "text" : "the",
      "whiteSpace" : false
    }, {
      "id" : "s8-t9",
      "begin" : 779,
      "end" : 784,
      "text" : "point",
      "whiteSpace" : false
    }, {
      "id" : "s8-t10",
      "begin" : 785,
      "end" : 787,
      "text" : "of",
      "whiteSpace" : false
    }, {
      "id" : "s8-t11",
      "begin" : 788,
      "end" : 797,
      "text" : "beginning",
      "whiteSpace" : false
    }, {
      "id" : "s8-t12",
      "begin" : 797,
      "end" : 798,
      "text" : ",",
      "whiteSpace" : false
    }, {
      "id" : "s8-t13",
      "begin" : 799,
      "end" : 809,
      "text" : "containing",
      "whiteSpace" : false
    }, {
      "id" : "s8-t14",
      "begin" : 810,
      "end" : 814,
      "text" : "4.65",
      "whiteSpace" : false
    }, {
      "id" : "s8-t15",
      "begin" : 815,
      "end" : 820,
      "text" : "acres",
      "whiteSpace" : false
    }, {
      "id" : "s8-t16",
      "begin" : 821,
      "end" : 823,
      "text" : "by",
      "whiteSpace" : false
    }, {
      "id" : "s8-t17",
      "begin" : 824,
      "end" : 830,
      "text" : "survey",
      "whiteSpace" : false
    }, {
      "id" : "s8-t18",
      "begin" : 831,
      "end" : 833,
      "text" : "of",
      "whiteSpace" : false
    }, {
      "id" : "s8-t19",
      "begin" : 834,
      "end" : 841,
      "text" : "Darrell",
      "whiteSpace" : false
    }, {
      "id" : "s8-t20",
      "begin" : 842,
      "end" : 849,
      "text" : "McBride",
      "whiteSpace" : false
    }, {
      "id" : "s8-t21",
      "begin" : 850,
      "end" : 855,
      "text" : "dated",
      "whiteSpace" : false
    }, {
      "id" : "s8-t22",
      "begin" : 856,
      "end" : 860,
      "text" : "July",
      "whiteSpace" : false
    }, {
      "id" : "s8-t23",
      "begin" : 861,
      "end" : 863,
      "text" : "20",
      "whiteSpace" : false
    }, {
      "id" : "s8-t24",
      "begin" : 863,
      "end" : 864,
      "text" : ",",
      "whiteSpace" : false
    }, {
      "id" : "s8-t25",
      "begin" : 865,
      "end" : 869,
      "text" : "2001",
      "whiteSpace" : false
    }, {
      "id" : "s8-t26",
      "begin" : 869,
      "end" : 870,
      "text" : ".",
      "whiteSpace" : false
    } ]
  }, {
    "id" : "s9",
    "begin" : 871,
    "end" : 1016,
    "text" : "BEING the same property conveyed to Tory J. Hopkins and wife, Virginia L. Hopkins, by instrument of record at Deed Book 188, page 1206, Register?",
    "tokens" : [ {
      "id" : "s9-t0",
      "begin" : 871,
      "end" : 876,
      "text" : "BEING",
      "whiteSpace" : false
    }, {
      "id" : "s9-t1",
      "begin" : 877,
      "end" : 880,
      "text" : "the",
      "whiteSpace" : false
    }, {
      "id" : "s9-t2",
      "begin" : 881,
      "end" : 885,
      "text" : "same",
      "whiteSpace" : false
    }, {
      "id" : "s9-t3",
      "begin" : 886,
      "end" : 894,
      "text" : "property",
      "whiteSpace" : false
    }, {
      "id" : "s9-t4",
      "begin" : 895,
      "end" : 903,
      "text" : "conveyed",
      "whiteSpace" : false
    }, {
      "id" : "s9-t5",
      "begin" : 904,
      "end" : 906,
      "text" : "to",
      "whiteSpace" : false
    }, {
      "id" : "s9-t6",
      "begin" : 907,
      "end" : 911,
      "text" : "Tory",
      "whiteSpace" : false
    }, {
      "id" : "s9-t7",
      "begin" : 912,
      "end" : 914,
      "text" : "J.",
      "whiteSpace" : false
    }, {
      "id" : "s9-t8",
      "begin" : 915,
      "end" : 922,
      "text" : "Hopkins",
      "whiteSpace" : false
    }, {
      "id" : "s9-t9",
      "begin" : 923,
      "end" : 926,
      "text" : "and",
      "whiteSpace" : false
    }, {
      "id" : "s9-t10",
      "begin" : 927,
      "end" : 931,
      "text" : "wife",
      "whiteSpace" : false
    }, {
      "id" : "s9-t11",
      "begin" : 931,
      "end" : 932,
      "text" : ",",
      "whiteSpace" : false
    }, {
      "id" : "s9-t12",
      "begin" : 933,
      "end" : 941,
      "text" : "Virginia",
      "whiteSpace" : false
    }, {
      "id" : "s9-t13",
      "begin" : 942,
      "end" : 944,
      "text" : "L.",
      "whiteSpace" : false
    }, {
      "id" : "s9-t14",
      "begin" : 945,
      "end" : 952,
      "text" : "Hopkins",
      "whiteSpace" : false
    }, {
      "id" : "s9-t15",
      "begin" : 952,
      "end" : 953,
      "text" : ",",
      "whiteSpace" : false
    }, {
      "id" : "s9-t16",
      "begin" : 954,
      "end" : 956,
      "text" : "by",
      "whiteSpace" : false
    }, {
      "id" : "s9-t17",
      "begin" : 957,
      "end" : 967,
      "text" : "instrument",
      "whiteSpace" : false
    }, {
      "id" : "s9-t18",
      "begin" : 968,
      "end" : 970,
      "text" : "of",
      "whiteSpace" : false
    }, {
      "id" : "s9-t19",
      "begin" : 971,
      "end" : 977,
      "text" : "record",
      "whiteSpace" : false
    }, {
      "id" : "s9-t20",
      "begin" : 978,
      "end" : 980,
      "text" : "at",
      "whiteSpace" : false
    }, {
      "id" : "s9-t21",
      "begin" : 981,
      "end" : 985,
      "text" : "Deed",
      "whiteSpace" : false
    }, {
      "id" : "s9-t22",
      "begin" : 986,
      "end" : 990,
      "text" : "Book",
      "whiteSpace" : false
    }, {
      "id" : "s9-t23",
      "begin" : 991,
      "end" : 994,
      "text" : "188",
      "whiteSpace" : false
    }, {
      "id" : "s9-t24",
      "begin" : 994,
      "end" : 995,
      "text" : ",",
      "whiteSpace" : false
    }, {
      "id" : "s9-t25",
      "begin" : 996,
      "end" : 1000,
      "text" : "page",
      "whiteSpace" : false
    }, {
      "id" : "s9-t26",
      "begin" : 1001,
      "end" : 1005,
      "text" : "1206",
      "whiteSpace" : false
    }, {
      "id" : "s9-t27",
      "begin" : 1005,
      "end" : 1006,
      "text" : ",",
      "whiteSpace" : false
    }, {
      "id" : "s9-t28",
      "begin" : 1007,
      "end" : 1015,
      "text" : "Register",
      "whiteSpace" : false
    }, {
      "id" : "s9-t29",
      "begin" : 1015,
      "end" : 1016,
      "text" : "?",
      "whiteSpace" : false
    } ]
  }, {
    "id" : "s10",
    "begin" : 1016,
    "end" : 1023,
    "text" : "??s Of?",
    "tokens" : [ {
      "id" : "s10-t0",
      "begin" : 1016,
      "end" : 1019,
      "text" : "??s",
      "whiteSpace" : false
    }, {
      "id" : "s10-t1",
      "begin" : 1020,
      "end" : 1022,
      "text" : "Of",
      "whiteSpace" : false
    }, {
      "id" : "s10-t2",
      "begin" : 1022,
      "end" : 1023,
      "text" : "?",
      "whiteSpace" : false
    } ]
  }, {
    "id" : "s11",
    "begin" : 1023,
    "end" : 1057,
    "text" : "??ce, Humphreys County, Tennessee.",
    "tokens" : [ {
      "id" : "s11-t0",
      "begin" : 1023,
      "end" : 1027,
      "text" : "??ce",
      "whiteSpace" : false
    }, {
      "id" : "s11-t1",
      "begin" : 1027,
      "end" : 1028,
      "text" : ",",
      "whiteSpace" : false
    }, {
      "id" : "s11-t2",
      "begin" : 1029,
      "end" : 1038,
      "text" : "Humphreys",
      "whiteSpace" : false
    }, {
      "id" : "s11-t3",
      "begin" : 1039,
      "end" : 1045,
      "text" : "County",
      "whiteSpace" : false
    }, {
      "id" : "s11-t4",
      "begin" : 1045,
      "end" : 1046,
      "text" : ",",
      "whiteSpace" : false
    }, {
      "id" : "s11-t5",
      "begin" : 1047,
      "end" : 1056,
      "text" : "Tennessee",
      "whiteSpace" : false
    }, {
      "id" : "s11-t6",
      "begin" : 1056,
      "end" : 1057,
      "text" : ".",
      "whiteSpace" : false
    } ]
  } ],
  "mentions" : [ {
    "id" : "s9-m1",
    "properties" : {
      "SIRE_MENTION_ROLE" : "WarrDeedBookNum",
      "SIRE_ENTITY_SUBTYPE" : "NONE",
      "SIRE_MENTION_TYPE" : "NONE",
      "SIRE_MENTION_CLASS" : "SPC"
    },
    "type" : "WarrDeedBookNum",
    "begin" : 991,
    "end" : 994,
    "inCoref" : false
  }, {
    "id" : "s9-m2",
    "properties" : {
      "SIRE_MENTION_ROLE" : "WarrDeedPageNum",
      "SIRE_ENTITY_SUBTYPE" : "NONE",
      "SIRE_MENTION_TYPE" : "NONE",
      "SIRE_MENTION_CLASS" : "SPC"
    },
    "type" : "WarrDeedPageNum",
    "begin" : 1001,
    "end" : 1005,
    "inCoref" : false
  } ],
  "relations" : [ ],
  "corefs" : [ ],
  "typeResolved" : true,
  "userResolved" : false
}