{
  "id" : "c8554300-54dc-11e9-b3f1-919b26b254ae-4",
  "name" : "WD196-16.txt",
  "createdDate" : 0,
  "version" : 3,
  "text" : "being more particularly described as follows, to wit: BEGINNING at a new iron pin in Clair Dady???s East line ( Deed Book 125, Page 203); being 66.66 feet North of Dady???s southeast corner and Stephen J. Hooper???s Dickey, dated March 15, 1983 and February 22, 1984. Being the same property conveyed to Charles Collins and wife, Rita Marie Collins by deed from Margit Tuttle, dated June 10, 1984, of record in Deed Book 142, Page 515, at law of Charles Collins. This conveyance is subject to the right of way of Gravelly  more or less, according to a survey plat by David, in the Register???s Of???ce of Humphreys County, Tennessee. ",
  "docLength" : 0,
  "language" : "EN",
  "status" : "SUBMITTED",
  "modifiedDate" : 1554165320177,
  "documentSet" : [ ],
  "preannotation" : [ ],
  "sentences" : [ {
    "id" : "s0",
    "begin" : 0,
    "end" : 96,
    "text" : "being more particularly described as follows, to wit: BEGINNING at a new iron pin in Clair Dady?",
    "tokens" : [ {
      "id" : "s0-t0",
      "begin" : 0,
      "end" : 5,
      "text" : "being",
      "whiteSpace" : false
    }, {
      "id" : "s0-t1",
      "begin" : 6,
      "end" : 10,
      "text" : "more",
      "whiteSpace" : false
    }, {
      "id" : "s0-t2",
      "begin" : 11,
      "end" : 23,
      "text" : "particularly",
      "whiteSpace" : false
    }, {
      "id" : "s0-t3",
      "begin" : 24,
      "end" : 33,
      "text" : "described",
      "whiteSpace" : false
    }, {
      "id" : "s0-t4",
      "begin" : 34,
      "end" : 36,
      "text" : "as",
      "whiteSpace" : false
    }, {
      "id" : "s0-t5",
      "begin" : 37,
      "end" : 44,
      "text" : "follows",
      "whiteSpace" : false
    }, {
      "id" : "s0-t6",
      "begin" : 44,
      "end" : 45,
      "text" : ",",
      "whiteSpace" : false
    }, {
      "id" : "s0-t7",
      "begin" : 46,
      "end" : 48,
      "text" : "to",
      "whiteSpace" : false
    }, {
      "id" : "s0-t8",
      "begin" : 49,
      "end" : 52,
      "text" : "wit",
      "whiteSpace" : false
    }, {
      "id" : "s0-t9",
      "begin" : 52,
      "end" : 53,
      "text" : ":",
      "whiteSpace" : false
    }, {
      "id" : "s0-t10",
      "begin" : 54,
      "end" : 63,
      "text" : "BEGINNING",
      "whiteSpace" : false
    }, {
      "id" : "s0-t11",
      "begin" : 64,
      "end" : 66,
      "text" : "at",
      "whiteSpace" : false
    }, {
      "id" : "s0-t12",
      "begin" : 67,
      "end" : 68,
      "text" : "a",
      "whiteSpace" : false
    }, {
      "id" : "s0-t13",
      "begin" : 69,
      "end" : 72,
      "text" : "new",
      "whiteSpace" : false
    }, {
      "id" : "s0-t14",
      "begin" : 73,
      "end" : 77,
      "text" : "iron",
      "whiteSpace" : false
    }, {
      "id" : "s0-t15",
      "begin" : 78,
      "end" : 81,
      "text" : "pin",
      "whiteSpace" : false
    }, {
      "id" : "s0-t16",
      "begin" : 82,
      "end" : 84,
      "text" : "in",
      "whiteSpace" : false
    }, {
      "id" : "s0-t17",
      "begin" : 85,
      "end" : 90,
      "text" : "Clair",
      "whiteSpace" : false
    }, {
      "id" : "s0-t18",
      "begin" : 91,
      "end" : 95,
      "text" : "Dady",
      "whiteSpace" : false
    }, {
      "id" : "s0-t19",
      "begin" : 95,
      "end" : 96,
      "text" : "?",
      "whiteSpace" : false
    } ]
  }, {
    "id" : "s1",
    "begin" : 96,
    "end" : 169,
    "text" : "??s East line ( Deed Book 125, Page 203); being 66.66 feet North of Dady?",
    "tokens" : [ {
      "id" : "s1-t0",
      "begin" : 96,
      "end" : 99,
      "text" : "??s",
      "whiteSpace" : false
    }, {
      "id" : "s1-t1",
      "begin" : 100,
      "end" : 104,
      "text" : "East",
      "whiteSpace" : false
    }, {
      "id" : "s1-t2",
      "begin" : 105,
      "end" : 109,
      "text" : "line",
      "whiteSpace" : false
    }, {
      "id" : "s1-t3",
      "begin" : 110,
      "end" : 111,
      "text" : "(",
      "whiteSpace" : false
    }, {
      "id" : "s1-t4",
      "begin" : 112,
      "end" : 116,
      "text" : "Deed",
      "whiteSpace" : false
    }, {
      "id" : "s1-t5",
      "begin" : 117,
      "end" : 121,
      "text" : "Book",
      "whiteSpace" : false
    }, {
      "id" : "s1-t6",
      "begin" : 122,
      "end" : 125,
      "text" : "125",
      "whiteSpace" : false
    }, {
      "id" : "s1-t7",
      "begin" : 125,
      "end" : 126,
      "text" : ",",
      "whiteSpace" : false
    }, {
      "id" : "s1-t8",
      "begin" : 127,
      "end" : 131,
      "text" : "Page",
      "whiteSpace" : false
    }, {
      "id" : "s1-t9",
      "begin" : 132,
      "end" : 135,
      "text" : "203",
      "whiteSpace" : false
    }, {
      "id" : "s1-t10",
      "begin" : 135,
      "end" : 136,
      "text" : ")",
      "whiteSpace" : false
    }, {
      "id" : "s1-t11",
      "begin" : 136,
      "end" : 137,
      "text" : ";",
      "whiteSpace" : false
    }, {
      "id" : "s1-t12",
      "begin" : 138,
      "end" : 143,
      "text" : "being",
      "whiteSpace" : false
    }, {
      "id" : "s1-t13",
      "begin" : 144,
      "end" : 149,
      "text" : "66.66",
      "whiteSpace" : false
    }, {
      "id" : "s1-t14",
      "begin" : 150,
      "end" : 154,
      "text" : "feet",
      "whiteSpace" : false
    }, {
      "id" : "s1-t15",
      "begin" : 155,
      "end" : 160,
      "text" : "North",
      "whiteSpace" : false
    }, {
      "id" : "s1-t16",
      "begin" : 161,
      "end" : 163,
      "text" : "of",
      "whiteSpace" : false
    }, {
      "id" : "s1-t17",
      "begin" : 164,
      "end" : 168,
      "text" : "Dady",
      "whiteSpace" : false
    }, {
      "id" : "s1-t18",
      "begin" : 168,
      "end" : 169,
      "text" : "?",
      "whiteSpace" : false
    } ]
  }, {
    "id" : "s2",
    "begin" : 169,
    "end" : 212,
    "text" : "??s southeast corner and Stephen J. Hooper?",
    "tokens" : [ {
      "id" : "s2-t0",
      "begin" : 169,
      "end" : 172,
      "text" : "??s",
      "whiteSpace" : false
    }, {
      "id" : "s2-t1",
      "begin" : 173,
      "end" : 182,
      "text" : "southeast",
      "whiteSpace" : false
    }, {
      "id" : "s2-t2",
      "begin" : 183,
      "end" : 189,
      "text" : "corner",
      "whiteSpace" : false
    }, {
      "id" : "s2-t3",
      "begin" : 190,
      "end" : 193,
      "text" : "and",
      "whiteSpace" : false
    }, {
      "id" : "s2-t4",
      "begin" : 194,
      "end" : 201,
      "text" : "Stephen",
      "whiteSpace" : false
    }, {
      "id" : "s2-t5",
      "begin" : 202,
      "end" : 204,
      "text" : "J.",
      "whiteSpace" : false
    }, {
      "id" : "s2-t6",
      "begin" : 205,
      "end" : 211,
      "text" : "Hooper",
      "whiteSpace" : false
    }, {
      "id" : "s2-t7",
      "begin" : 211,
      "end" : 212,
      "text" : "?",
      "whiteSpace" : false
    } ]
  }, {
    "id" : "s3",
    "begin" : 212,
    "end" : 267,
    "text" : "??s Dickey, dated March 15, 1983 and February 22, 1984.",
    "tokens" : [ {
      "id" : "s3-t0",
      "begin" : 212,
      "end" : 215,
      "text" : "??s",
      "whiteSpace" : false
    }, {
      "id" : "s3-t1",
      "begin" : 216,
      "end" : 222,
      "text" : "Dickey",
      "whiteSpace" : false
    }, {
      "id" : "s3-t2",
      "begin" : 222,
      "end" : 223,
      "text" : ",",
      "whiteSpace" : false
    }, {
      "id" : "s3-t3",
      "begin" : 224,
      "end" : 229,
      "text" : "dated",
      "whiteSpace" : false
    }, {
      "id" : "s3-t4",
      "begin" : 230,
      "end" : 235,
      "text" : "March",
      "whiteSpace" : false
    }, {
      "id" : "s3-t5",
      "begin" : 236,
      "end" : 238,
      "text" : "15",
      "whiteSpace" : false
    }, {
      "id" : "s3-t6",
      "begin" : 238,
      "end" : 239,
      "text" : ",",
      "whiteSpace" : false
    }, {
      "id" : "s3-t7",
      "begin" : 240,
      "end" : 244,
      "text" : "1983",
      "whiteSpace" : false
    }, {
      "id" : "s3-t8",
      "begin" : 245,
      "end" : 248,
      "text" : "and",
      "whiteSpace" : false
    }, {
      "id" : "s3-t9",
      "begin" : 249,
      "end" : 257,
      "text" : "February",
      "whiteSpace" : false
    }, {
      "id" : "s3-t10",
      "begin" : 258,
      "end" : 260,
      "text" : "22",
      "whiteSpace" : false
    }, {
      "id" : "s3-t11",
      "begin" : 260,
      "end" : 261,
      "text" : ",",
      "whiteSpace" : false
    }, {
      "id" : "s3-t12",
      "begin" : 262,
      "end" : 266,
      "text" : "1984",
      "whiteSpace" : false
    }, {
      "id" : "s3-t13",
      "begin" : 266,
      "end" : 267,
      "text" : ".",
      "whiteSpace" : false
    } ]
  }, {
    "id" : "s4",
    "begin" : 268,
    "end" : 462,
    "text" : "Being the same property conveyed to Charles Collins and wife, Rita Marie Collins by deed from Margit Tuttle, dated June 10, 1984, of record in Deed Book 142, Page 515, at law of Charles Collins.",
    "tokens" : [ {
      "id" : "s4-t0",
      "begin" : 268,
      "end" : 273,
      "text" : "Being",
      "whiteSpace" : false
    }, {
      "id" : "s4-t1",
      "begin" : 274,
      "end" : 277,
      "text" : "the",
      "whiteSpace" : false
    }, {
      "id" : "s4-t2",
      "begin" : 278,
      "end" : 282,
      "text" : "same",
      "whiteSpace" : false
    }, {
      "id" : "s4-t3",
      "begin" : 283,
      "end" : 291,
      "text" : "property",
      "whiteSpace" : false
    }, {
      "id" : "s4-t4",
      "begin" : 292,
      "end" : 300,
      "text" : "conveyed",
      "whiteSpace" : false
    }, {
      "id" : "s4-t5",
      "begin" : 301,
      "end" : 303,
      "text" : "to",
      "whiteSpace" : false
    }, {
      "id" : "s4-t6",
      "begin" : 304,
      "end" : 311,
      "text" : "Charles",
      "whiteSpace" : false
    }, {
      "id" : "s4-t7",
      "begin" : 312,
      "end" : 319,
      "text" : "Collins",
      "whiteSpace" : false
    }, {
      "id" : "s4-t8",
      "begin" : 320,
      "end" : 323,
      "text" : "and",
      "whiteSpace" : false
    }, {
      "id" : "s4-t9",
      "begin" : 324,
      "end" : 328,
      "text" : "wife",
      "whiteSpace" : false
    }, {
      "id" : "s4-t10",
      "begin" : 328,
      "end" : 329,
      "text" : ",",
      "whiteSpace" : false
    }, {
      "id" : "s4-t11",
      "begin" : 330,
      "end" : 334,
      "text" : "Rita",
      "whiteSpace" : false
    }, {
      "id" : "s4-t12",
      "begin" : 335,
      "end" : 340,
      "text" : "Marie",
      "whiteSpace" : false
    }, {
      "id" : "s4-t13",
      "begin" : 341,
      "end" : 348,
      "text" : "Collins",
      "whiteSpace" : false
    }, {
      "id" : "s4-t14",
      "begin" : 349,
      "end" : 351,
      "text" : "by",
      "whiteSpace" : false
    }, {
      "id" : "s4-t15",
      "begin" : 352,
      "end" : 356,
      "text" : "deed",
      "whiteSpace" : false
    }, {
      "id" : "s4-t16",
      "begin" : 357,
      "end" : 361,
      "text" : "from",
      "whiteSpace" : false
    }, {
      "id" : "s4-t17",
      "begin" : 362,
      "end" : 368,
      "text" : "Margit",
      "whiteSpace" : false
    }, {
      "id" : "s4-t18",
      "begin" : 369,
      "end" : 375,
      "text" : "Tuttle",
      "whiteSpace" : false
    }, {
      "id" : "s4-t19",
      "begin" : 375,
      "end" : 376,
      "text" : ",",
      "whiteSpace" : false
    }, {
      "id" : "s4-t20",
      "begin" : 377,
      "end" : 382,
      "text" : "dated",
      "whiteSpace" : false
    }, {
      "id" : "s4-t21",
      "begin" : 383,
      "end" : 387,
      "text" : "June",
      "whiteSpace" : false
    }, {
      "id" : "s4-t22",
      "begin" : 388,
      "end" : 390,
      "text" : "10",
      "whiteSpace" : false
    }, {
      "id" : "s4-t23",
      "begin" : 390,
      "end" : 391,
      "text" : ",",
      "whiteSpace" : false
    }, {
      "id" : "s4-t24",
      "begin" : 392,
      "end" : 396,
      "text" : "1984",
      "whiteSpace" : false
    }, {
      "id" : "s4-t25",
      "begin" : 396,
      "end" : 397,
      "text" : ",",
      "whiteSpace" : false
    }, {
      "id" : "s4-t26",
      "begin" : 398,
      "end" : 400,
      "text" : "of",
      "whiteSpace" : false
    }, {
      "id" : "s4-t27",
      "begin" : 401,
      "end" : 407,
      "text" : "record",
      "whiteSpace" : false
    }, {
      "id" : "s4-t28",
      "begin" : 408,
      "end" : 410,
      "text" : "in",
      "whiteSpace" : false
    }, {
      "id" : "s4-t29",
      "begin" : 411,
      "end" : 415,
      "text" : "Deed",
      "whiteSpace" : false
    }, {
      "id" : "s4-t30",
      "begin" : 416,
      "end" : 420,
      "text" : "Book",
      "whiteSpace" : false
    }, {
      "id" : "s4-t31",
      "begin" : 421,
      "end" : 424,
      "text" : "142",
      "whiteSpace" : false
    }, {
      "id" : "s4-t32",
      "begin" : 424,
      "end" : 425,
      "text" : ",",
      "whiteSpace" : false
    }, {
      "id" : "s4-t33",
      "begin" : 426,
      "end" : 430,
      "text" : "Page",
      "whiteSpace" : false
    }, {
      "id" : "s4-t34",
      "begin" : 431,
      "end" : 434,
      "text" : "515",
      "whiteSpace" : false
    }, {
      "id" : "s4-t35",
      "begin" : 434,
      "end" : 435,
      "text" : ",",
      "whiteSpace" : false
    }, {
      "id" : "s4-t36",
      "begin" : 436,
      "end" : 438,
      "text" : "at",
      "whiteSpace" : false
    }, {
      "id" : "s4-t37",
      "begin" : 439,
      "end" : 442,
      "text" : "law",
      "whiteSpace" : false
    }, {
      "id" : "s4-t38",
      "begin" : 443,
      "end" : 445,
      "text" : "of",
      "whiteSpace" : false
    }, {
      "id" : "s4-t39",
      "begin" : 446,
      "end" : 453,
      "text" : "Charles",
      "whiteSpace" : false
    }, {
      "id" : "s4-t40",
      "begin" : 454,
      "end" : 461,
      "text" : "Collins",
      "whiteSpace" : false
    }, {
      "id" : "s4-t41",
      "begin" : 461,
      "end" : 462,
      "text" : ".",
      "whiteSpace" : false
    } ]
  }, {
    "id" : "s5",
    "begin" : 463,
    "end" : 590,
    "text" : "This conveyance is subject to the right of way of Gravelly  more or less, according to a survey plat by David, in the Register?",
    "tokens" : [ {
      "id" : "s5-t0",
      "begin" : 463,
      "end" : 467,
      "text" : "This",
      "whiteSpace" : false
    }, {
      "id" : "s5-t1",
      "begin" : 468,
      "end" : 478,
      "text" : "conveyance",
      "whiteSpace" : false
    }, {
      "id" : "s5-t2",
      "begin" : 479,
      "end" : 481,
      "text" : "is",
      "whiteSpace" : false
    }, {
      "id" : "s5-t3",
      "begin" : 482,
      "end" : 489,
      "text" : "subject",
      "whiteSpace" : false
    }, {
      "id" : "s5-t4",
      "begin" : 490,
      "end" : 492,
      "text" : "to",
      "whiteSpace" : false
    }, {
      "id" : "s5-t5",
      "begin" : 493,
      "end" : 496,
      "text" : "the",
      "whiteSpace" : false
    }, {
      "id" : "s5-t6",
      "begin" : 497,
      "end" : 502,
      "text" : "right",
      "whiteSpace" : false
    }, {
      "id" : "s5-t7",
      "begin" : 503,
      "end" : 505,
      "text" : "of",
      "whiteSpace" : false
    }, {
      "id" : "s5-t8",
      "begin" : 506,
      "end" : 509,
      "text" : "way",
      "whiteSpace" : false
    }, {
      "id" : "s5-t9",
      "begin" : 510,
      "end" : 512,
      "text" : "of",
      "whiteSpace" : false
    }, {
      "id" : "s5-t10",
      "begin" : 513,
      "end" : 521,
      "text" : "Gravelly",
      "whiteSpace" : false
    }, {
      "id" : "s5-t11",
      "begin" : 523,
      "end" : 527,
      "text" : "more",
      "whiteSpace" : false
    }, {
      "id" : "s5-t12",
      "begin" : 528,
      "end" : 530,
      "text" : "or",
      "whiteSpace" : false
    }, {
      "id" : "s5-t13",
      "begin" : 531,
      "end" : 535,
      "text" : "less",
      "whiteSpace" : false
    }, {
      "id" : "s5-t14",
      "begin" : 535,
      "end" : 536,
      "text" : ",",
      "whiteSpace" : false
    }, {
      "id" : "s5-t15",
      "begin" : 537,
      "end" : 546,
      "text" : "according",
      "whiteSpace" : false
    }, {
      "id" : "s5-t16",
      "begin" : 547,
      "end" : 549,
      "text" : "to",
      "whiteSpace" : false
    }, {
      "id" : "s5-t17",
      "begin" : 550,
      "end" : 551,
      "text" : "a",
      "whiteSpace" : false
    }, {
      "id" : "s5-t18",
      "begin" : 552,
      "end" : 558,
      "text" : "survey",
      "whiteSpace" : false
    }, {
      "id" : "s5-t19",
      "begin" : 559,
      "end" : 563,
      "text" : "plat",
      "whiteSpace" : false
    }, {
      "id" : "s5-t20",
      "begin" : 564,
      "end" : 566,
      "text" : "by",
      "whiteSpace" : false
    }, {
      "id" : "s5-t21",
      "begin" : 567,
      "end" : 572,
      "text" : "David",
      "whiteSpace" : false
    }, {
      "id" : "s5-t22",
      "begin" : 572,
      "end" : 573,
      "text" : ",",
      "whiteSpace" : false
    }, {
      "id" : "s5-t23",
      "begin" : 574,
      "end" : 576,
      "text" : "in",
      "whiteSpace" : false
    }, {
      "id" : "s5-t24",
      "begin" : 577,
      "end" : 580,
      "text" : "the",
      "whiteSpace" : false
    }, {
      "id" : "s5-t25",
      "begin" : 581,
      "end" : 589,
      "text" : "Register",
      "whiteSpace" : false
    }, {
      "id" : "s5-t26",
      "begin" : 589,
      "end" : 590,
      "text" : "?",
      "whiteSpace" : false
    } ]
  }, {
    "id" : "s6",
    "begin" : 590,
    "end" : 597,
    "text" : "??s Of?",
    "tokens" : [ {
      "id" : "s6-t0",
      "begin" : 590,
      "end" : 593,
      "text" : "??s",
      "whiteSpace" : false
    }, {
      "id" : "s6-t1",
      "begin" : 594,
      "end" : 596,
      "text" : "Of",
      "whiteSpace" : false
    }, {
      "id" : "s6-t2",
      "begin" : 596,
      "end" : 597,
      "text" : "?",
      "whiteSpace" : false
    } ]
  }, {
    "id" : "s7",
    "begin" : 597,
    "end" : 633,
    "text" : "??ce of Humphreys County, Tennessee.",
    "tokens" : [ {
      "id" : "s7-t0",
      "begin" : 597,
      "end" : 601,
      "text" : "??ce",
      "whiteSpace" : false
    }, {
      "id" : "s7-t1",
      "begin" : 602,
      "end" : 604,
      "text" : "of",
      "whiteSpace" : false
    }, {
      "id" : "s7-t2",
      "begin" : 605,
      "end" : 614,
      "text" : "Humphreys",
      "whiteSpace" : false
    }, {
      "id" : "s7-t3",
      "begin" : 615,
      "end" : 621,
      "text" : "County",
      "whiteSpace" : false
    }, {
      "id" : "s7-t4",
      "begin" : 621,
      "end" : 622,
      "text" : ",",
      "whiteSpace" : false
    }, {
      "id" : "s7-t5",
      "begin" : 623,
      "end" : 632,
      "text" : "Tennessee",
      "whiteSpace" : false
    }, {
      "id" : "s7-t6",
      "begin" : 632,
      "end" : 633,
      "text" : ".",
      "whiteSpace" : false
    } ]
  } ],
  "mentions" : [ {
    "id" : "s4-m2",
    "properties" : {
      "SIRE_MENTION_ROLE" : "WarrDeedBookNum",
      "SIRE_ENTITY_SUBTYPE" : "NONE",
      "SIRE_MENTION_TYPE" : "NONE",
      "SIRE_MENTION_CLASS" : "SPC"
    },
    "type" : "WarrDeedBookNum",
    "begin" : 421,
    "end" : 424,
    "inCoref" : false
  }, {
    "id" : "s4-m1",
    "properties" : {
      "SIRE_MENTION_ROLE" : "WarrDeedPageNum",
      "SIRE_ENTITY_SUBTYPE" : "NONE",
      "SIRE_MENTION_TYPE" : "NONE",
      "SIRE_MENTION_CLASS" : "SPC"
    },
    "type" : "WarrDeedPageNum",
    "begin" : 431,
    "end" : 434,
    "inCoref" : false
  } ],
  "relations" : [ ],
  "corefs" : [ ],
  "typeResolved" : true,
  "userResolved" : false
}