{
  "id" : "c8554300-54dc-11e9-b3f1-919b26b254ae-11",
  "name" : "WD201-6.txt",
  "createdDate" : 0,
  "version" : 3,
  "text" : "being recorded in Plat Book 1, page 142 (now Plat Cabinet A, Slide 9), Register???s Of???ce of Humphreys County, Tennessee, to which reference is hereby made for a more complete description. ABOVE DESCRIPTION COPIED FROM PRIOR INSTRUMENT OF RECORD. . This being the same property conveyed to J. Roy Wynne and wife, Donna K. Wynne, by virtue of a Warranty Deed dated February 17, 2006, from Thomas Turner Goodwin, as appears of record in Deed Book 189, page 1776, in the Register???s Of???ce of Humphreys County, Tennessee. TO HAVE AND TO HOLD the aforedescribed real estate, together with all the appurtenances and hereditaments thereunto belonging or in anywise appertaining unto ROBERT W. OVERTON and wife, MELINDA OVERTON, their heirs and assigns, in fee simple forever. We covenant and agree to and with the ",
  "docLength" : 0,
  "language" : "EN",
  "status" : "SUBMITTED",
  "modifiedDate" : 1554165227425,
  "documentSet" : [ ],
  "preannotation" : [ ],
  "sentences" : [ {
    "id" : "s0",
    "begin" : 0,
    "end" : 80,
    "text" : "being recorded in Plat Book 1, page 142 (now Plat Cabinet A, Slide 9), Register?",
    "tokens" : [ {
      "id" : "s0-t0",
      "begin" : 0,
      "end" : 5,
      "text" : "being",
      "whiteSpace" : false
    }, {
      "id" : "s0-t1",
      "begin" : 6,
      "end" : 14,
      "text" : "recorded",
      "whiteSpace" : false
    }, {
      "id" : "s0-t2",
      "begin" : 15,
      "end" : 17,
      "text" : "in",
      "whiteSpace" : false
    }, {
      "id" : "s0-t3",
      "begin" : 18,
      "end" : 22,
      "text" : "Plat",
      "whiteSpace" : false
    }, {
      "id" : "s0-t4",
      "begin" : 23,
      "end" : 27,
      "text" : "Book",
      "whiteSpace" : false
    }, {
      "id" : "s0-t5",
      "begin" : 28,
      "end" : 29,
      "text" : "1",
      "whiteSpace" : false
    }, {
      "id" : "s0-t6",
      "begin" : 29,
      "end" : 30,
      "text" : ",",
      "whiteSpace" : false
    }, {
      "id" : "s0-t7",
      "begin" : 31,
      "end" : 35,
      "text" : "page",
      "whiteSpace" : false
    }, {
      "id" : "s0-t8",
      "begin" : 36,
      "end" : 39,
      "text" : "142",
      "whiteSpace" : false
    }, {
      "id" : "s0-t9",
      "begin" : 40,
      "end" : 41,
      "text" : "(",
      "whiteSpace" : false
    }, {
      "id" : "s0-t10",
      "begin" : 41,
      "end" : 44,
      "text" : "now",
      "whiteSpace" : false
    }, {
      "id" : "s0-t11",
      "begin" : 45,
      "end" : 49,
      "text" : "Plat",
      "whiteSpace" : false
    }, {
      "id" : "s0-t12",
      "begin" : 50,
      "end" : 57,
      "text" : "Cabinet",
      "whiteSpace" : false
    }, {
      "id" : "s0-t13",
      "begin" : 58,
      "end" : 59,
      "text" : "A",
      "whiteSpace" : false
    }, {
      "id" : "s0-t14",
      "begin" : 59,
      "end" : 60,
      "text" : ",",
      "whiteSpace" : false
    }, {
      "id" : "s0-t15",
      "begin" : 61,
      "end" : 66,
      "text" : "Slide",
      "whiteSpace" : false
    }, {
      "id" : "s0-t16",
      "begin" : 67,
      "end" : 68,
      "text" : "9",
      "whiteSpace" : false
    }, {
      "id" : "s0-t17",
      "begin" : 68,
      "end" : 69,
      "text" : ")",
      "whiteSpace" : false
    }, {
      "id" : "s0-t18",
      "begin" : 69,
      "end" : 70,
      "text" : ",",
      "whiteSpace" : false
    }, {
      "id" : "s0-t19",
      "begin" : 71,
      "end" : 79,
      "text" : "Register",
      "whiteSpace" : false
    }, {
      "id" : "s0-t20",
      "begin" : 79,
      "end" : 80,
      "text" : "?",
      "whiteSpace" : false
    } ]
  }, {
    "id" : "s1",
    "begin" : 80,
    "end" : 87,
    "text" : "??s Of?",
    "tokens" : [ {
      "id" : "s1-t0",
      "begin" : 80,
      "end" : 83,
      "text" : "??s",
      "whiteSpace" : false
    }, {
      "id" : "s1-t1",
      "begin" : 84,
      "end" : 86,
      "text" : "Of",
      "whiteSpace" : false
    }, {
      "id" : "s1-t2",
      "begin" : 86,
      "end" : 87,
      "text" : "?",
      "whiteSpace" : false
    } ]
  }, {
    "id" : "s2",
    "begin" : 87,
    "end" : 190,
    "text" : "??ce of Humphreys County, Tennessee, to which reference is hereby made for a more complete description.",
    "tokens" : [ {
      "id" : "s2-t0",
      "begin" : 87,
      "end" : 91,
      "text" : "??ce",
      "whiteSpace" : false
    }, {
      "id" : "s2-t1",
      "begin" : 92,
      "end" : 94,
      "text" : "of",
      "whiteSpace" : false
    }, {
      "id" : "s2-t2",
      "begin" : 95,
      "end" : 104,
      "text" : "Humphreys",
      "whiteSpace" : false
    }, {
      "id" : "s2-t3",
      "begin" : 105,
      "end" : 111,
      "text" : "County",
      "whiteSpace" : false
    }, {
      "id" : "s2-t4",
      "begin" : 111,
      "end" : 112,
      "text" : ",",
      "whiteSpace" : false
    }, {
      "id" : "s2-t5",
      "begin" : 113,
      "end" : 122,
      "text" : "Tennessee",
      "whiteSpace" : false
    }, {
      "id" : "s2-t6",
      "begin" : 122,
      "end" : 123,
      "text" : ",",
      "whiteSpace" : false
    }, {
      "id" : "s2-t7",
      "begin" : 124,
      "end" : 126,
      "text" : "to",
      "whiteSpace" : false
    }, {
      "id" : "s2-t8",
      "begin" : 127,
      "end" : 132,
      "text" : "which",
      "whiteSpace" : false
    }, {
      "id" : "s2-t9",
      "begin" : 133,
      "end" : 142,
      "text" : "reference",
      "whiteSpace" : false
    }, {
      "id" : "s2-t10",
      "begin" : 143,
      "end" : 145,
      "text" : "is",
      "whiteSpace" : false
    }, {
      "id" : "s2-t11",
      "begin" : 146,
      "end" : 152,
      "text" : "hereby",
      "whiteSpace" : false
    }, {
      "id" : "s2-t12",
      "begin" : 153,
      "end" : 157,
      "text" : "made",
      "whiteSpace" : false
    }, {
      "id" : "s2-t13",
      "begin" : 158,
      "end" : 161,
      "text" : "for",
      "whiteSpace" : false
    }, {
      "id" : "s2-t14",
      "begin" : 162,
      "end" : 163,
      "text" : "a",
      "whiteSpace" : false
    }, {
      "id" : "s2-t15",
      "begin" : 164,
      "end" : 168,
      "text" : "more",
      "whiteSpace" : false
    }, {
      "id" : "s2-t16",
      "begin" : 169,
      "end" : 177,
      "text" : "complete",
      "whiteSpace" : false
    }, {
      "id" : "s2-t17",
      "begin" : 178,
      "end" : 189,
      "text" : "description",
      "whiteSpace" : false
    }, {
      "id" : "s2-t18",
      "begin" : 189,
      "end" : 190,
      "text" : ".",
      "whiteSpace" : false
    } ]
  }, {
    "id" : "s3",
    "begin" : 191,
    "end" : 250,
    "text" : "ABOVE DESCRIPTION COPIED FROM PRIOR INSTRUMENT OF RECORD. .",
    "tokens" : [ {
      "id" : "s3-t0",
      "begin" : 191,
      "end" : 196,
      "text" : "ABOVE",
      "whiteSpace" : false
    }, {
      "id" : "s3-t1",
      "begin" : 197,
      "end" : 208,
      "text" : "DESCRIPTION",
      "whiteSpace" : false
    }, {
      "id" : "s3-t2",
      "begin" : 209,
      "end" : 215,
      "text" : "COPIED",
      "whiteSpace" : false
    }, {
      "id" : "s3-t3",
      "begin" : 216,
      "end" : 220,
      "text" : "FROM",
      "whiteSpace" : false
    }, {
      "id" : "s3-t4",
      "begin" : 221,
      "end" : 226,
      "text" : "PRIOR",
      "whiteSpace" : false
    }, {
      "id" : "s3-t5",
      "begin" : 227,
      "end" : 237,
      "text" : "INSTRUMENT",
      "whiteSpace" : false
    }, {
      "id" : "s3-t6",
      "begin" : 238,
      "end" : 240,
      "text" : "OF",
      "whiteSpace" : false
    }, {
      "id" : "s3-t7",
      "begin" : 241,
      "end" : 247,
      "text" : "RECORD",
      "whiteSpace" : false
    }, {
      "id" : "s3-t8",
      "begin" : 247,
      "end" : 248,
      "text" : ".",
      "whiteSpace" : false
    }, {
      "id" : "s3-t9",
      "begin" : 249,
      "end" : 250,
      "text" : ".",
      "whiteSpace" : false
    } ]
  }, {
    "id" : "s4",
    "begin" : 251,
    "end" : 479,
    "text" : "This being the same property conveyed to J. Roy Wynne and wife, Donna K. Wynne, by virtue of a Warranty Deed dated February 17, 2006, from Thomas Turner Goodwin, as appears of record in Deed Book 189, page 1776, in the Register?",
    "tokens" : [ {
      "id" : "s4-t0",
      "begin" : 251,
      "end" : 255,
      "text" : "This",
      "whiteSpace" : false
    }, {
      "id" : "s4-t1",
      "begin" : 256,
      "end" : 261,
      "text" : "being",
      "whiteSpace" : false
    }, {
      "id" : "s4-t2",
      "begin" : 262,
      "end" : 265,
      "text" : "the",
      "whiteSpace" : false
    }, {
      "id" : "s4-t3",
      "begin" : 266,
      "end" : 270,
      "text" : "same",
      "whiteSpace" : false
    }, {
      "id" : "s4-t4",
      "begin" : 271,
      "end" : 279,
      "text" : "property",
      "whiteSpace" : false
    }, {
      "id" : "s4-t5",
      "begin" : 280,
      "end" : 288,
      "text" : "conveyed",
      "whiteSpace" : false
    }, {
      "id" : "s4-t6",
      "begin" : 289,
      "end" : 291,
      "text" : "to",
      "whiteSpace" : false
    }, {
      "id" : "s4-t7",
      "begin" : 292,
      "end" : 294,
      "text" : "J.",
      "whiteSpace" : false
    }, {
      "id" : "s4-t8",
      "begin" : 295,
      "end" : 298,
      "text" : "Roy",
      "whiteSpace" : false
    }, {
      "id" : "s4-t9",
      "begin" : 299,
      "end" : 304,
      "text" : "Wynne",
      "whiteSpace" : false
    }, {
      "id" : "s4-t10",
      "begin" : 305,
      "end" : 308,
      "text" : "and",
      "whiteSpace" : false
    }, {
      "id" : "s4-t11",
      "begin" : 309,
      "end" : 313,
      "text" : "wife",
      "whiteSpace" : false
    }, {
      "id" : "s4-t12",
      "begin" : 313,
      "end" : 314,
      "text" : ",",
      "whiteSpace" : false
    }, {
      "id" : "s4-t13",
      "begin" : 315,
      "end" : 320,
      "text" : "Donna",
      "whiteSpace" : false
    }, {
      "id" : "s4-t14",
      "begin" : 321,
      "end" : 323,
      "text" : "K.",
      "whiteSpace" : false
    }, {
      "id" : "s4-t15",
      "begin" : 324,
      "end" : 329,
      "text" : "Wynne",
      "whiteSpace" : false
    }, {
      "id" : "s4-t16",
      "begin" : 329,
      "end" : 330,
      "text" : ",",
      "whiteSpace" : false
    }, {
      "id" : "s4-t17",
      "begin" : 331,
      "end" : 333,
      "text" : "by",
      "whiteSpace" : false
    }, {
      "id" : "s4-t18",
      "begin" : 334,
      "end" : 340,
      "text" : "virtue",
      "whiteSpace" : false
    }, {
      "id" : "s4-t19",
      "begin" : 341,
      "end" : 343,
      "text" : "of",
      "whiteSpace" : false
    }, {
      "id" : "s4-t20",
      "begin" : 344,
      "end" : 345,
      "text" : "a",
      "whiteSpace" : false
    }, {
      "id" : "s4-t21",
      "begin" : 346,
      "end" : 354,
      "text" : "Warranty",
      "whiteSpace" : false
    }, {
      "id" : "s4-t22",
      "begin" : 355,
      "end" : 359,
      "text" : "Deed",
      "whiteSpace" : false
    }, {
      "id" : "s4-t23",
      "begin" : 360,
      "end" : 365,
      "text" : "dated",
      "whiteSpace" : false
    }, {
      "id" : "s4-t24",
      "begin" : 366,
      "end" : 374,
      "text" : "February",
      "whiteSpace" : false
    }, {
      "id" : "s4-t25",
      "begin" : 375,
      "end" : 377,
      "text" : "17",
      "whiteSpace" : false
    }, {
      "id" : "s4-t26",
      "begin" : 377,
      "end" : 378,
      "text" : ",",
      "whiteSpace" : false
    }, {
      "id" : "s4-t27",
      "begin" : 379,
      "end" : 383,
      "text" : "2006",
      "whiteSpace" : false
    }, {
      "id" : "s4-t28",
      "begin" : 383,
      "end" : 384,
      "text" : ",",
      "whiteSpace" : false
    }, {
      "id" : "s4-t29",
      "begin" : 385,
      "end" : 389,
      "text" : "from",
      "whiteSpace" : false
    }, {
      "id" : "s4-t30",
      "begin" : 390,
      "end" : 396,
      "text" : "Thomas",
      "whiteSpace" : false
    }, {
      "id" : "s4-t31",
      "begin" : 397,
      "end" : 403,
      "text" : "Turner",
      "whiteSpace" : false
    }, {
      "id" : "s4-t32",
      "begin" : 404,
      "end" : 411,
      "text" : "Goodwin",
      "whiteSpace" : false
    }, {
      "id" : "s4-t33",
      "begin" : 411,
      "end" : 412,
      "text" : ",",
      "whiteSpace" : false
    }, {
      "id" : "s4-t34",
      "begin" : 413,
      "end" : 415,
      "text" : "as",
      "whiteSpace" : false
    }, {
      "id" : "s4-t35",
      "begin" : 416,
      "end" : 423,
      "text" : "appears",
      "whiteSpace" : false
    }, {
      "id" : "s4-t36",
      "begin" : 424,
      "end" : 426,
      "text" : "of",
      "whiteSpace" : false
    }, {
      "id" : "s4-t37",
      "begin" : 427,
      "end" : 433,
      "text" : "record",
      "whiteSpace" : false
    }, {
      "id" : "s4-t38",
      "begin" : 434,
      "end" : 436,
      "text" : "in",
      "whiteSpace" : false
    }, {
      "id" : "s4-t39",
      "begin" : 437,
      "end" : 441,
      "text" : "Deed",
      "whiteSpace" : false
    }, {
      "id" : "s4-t40",
      "begin" : 442,
      "end" : 446,
      "text" : "Book",
      "whiteSpace" : false
    }, {
      "id" : "s4-t41",
      "begin" : 447,
      "end" : 450,
      "text" : "189",
      "whiteSpace" : false
    }, {
      "id" : "s4-t42",
      "begin" : 450,
      "end" : 451,
      "text" : ",",
      "whiteSpace" : false
    }, {
      "id" : "s4-t43",
      "begin" : 452,
      "end" : 456,
      "text" : "page",
      "whiteSpace" : false
    }, {
      "id" : "s4-t44",
      "begin" : 457,
      "end" : 461,
      "text" : "1776",
      "whiteSpace" : false
    }, {
      "id" : "s4-t45",
      "begin" : 461,
      "end" : 462,
      "text" : ",",
      "whiteSpace" : false
    }, {
      "id" : "s4-t46",
      "begin" : 463,
      "end" : 465,
      "text" : "in",
      "whiteSpace" : false
    }, {
      "id" : "s4-t47",
      "begin" : 466,
      "end" : 469,
      "text" : "the",
      "whiteSpace" : false
    }, {
      "id" : "s4-t48",
      "begin" : 470,
      "end" : 478,
      "text" : "Register",
      "whiteSpace" : false
    }, {
      "id" : "s4-t49",
      "begin" : 478,
      "end" : 479,
      "text" : "?",
      "whiteSpace" : false
    } ]
  }, {
    "id" : "s5",
    "begin" : 479,
    "end" : 486,
    "text" : "??s Of?",
    "tokens" : [ {
      "id" : "s5-t0",
      "begin" : 479,
      "end" : 482,
      "text" : "??s",
      "whiteSpace" : false
    }, {
      "id" : "s5-t1",
      "begin" : 483,
      "end" : 485,
      "text" : "Of",
      "whiteSpace" : false
    }, {
      "id" : "s5-t2",
      "begin" : 485,
      "end" : 486,
      "text" : "?",
      "whiteSpace" : false
    } ]
  }, {
    "id" : "s6",
    "begin" : 486,
    "end" : 522,
    "text" : "??ce of Humphreys County, Tennessee.",
    "tokens" : [ {
      "id" : "s6-t0",
      "begin" : 486,
      "end" : 490,
      "text" : "??ce",
      "whiteSpace" : false
    }, {
      "id" : "s6-t1",
      "begin" : 491,
      "end" : 493,
      "text" : "of",
      "whiteSpace" : false
    }, {
      "id" : "s6-t2",
      "begin" : 494,
      "end" : 503,
      "text" : "Humphreys",
      "whiteSpace" : false
    }, {
      "id" : "s6-t3",
      "begin" : 504,
      "end" : 510,
      "text" : "County",
      "whiteSpace" : false
    }, {
      "id" : "s6-t4",
      "begin" : 510,
      "end" : 511,
      "text" : ",",
      "whiteSpace" : false
    }, {
      "id" : "s6-t5",
      "begin" : 512,
      "end" : 521,
      "text" : "Tennessee",
      "whiteSpace" : false
    }, {
      "id" : "s6-t6",
      "begin" : 521,
      "end" : 522,
      "text" : ".",
      "whiteSpace" : false
    } ]
  }, {
    "id" : "s7",
    "begin" : 523,
    "end" : 773,
    "text" : "TO HAVE AND TO HOLD the aforedescribed real estate, together with all the appurtenances and hereditaments thereunto belonging or in anywise appertaining unto ROBERT W. OVERTON and wife, MELINDA OVERTON, their heirs and assigns, in fee simple forever.",
    "tokens" : [ {
      "id" : "s7-t0",
      "begin" : 523,
      "end" : 525,
      "text" : "TO",
      "whiteSpace" : false
    }, {
      "id" : "s7-t1",
      "begin" : 526,
      "end" : 530,
      "text" : "HAVE",
      "whiteSpace" : false
    }, {
      "id" : "s7-t2",
      "begin" : 531,
      "end" : 534,
      "text" : "AND",
      "whiteSpace" : false
    }, {
      "id" : "s7-t3",
      "begin" : 535,
      "end" : 537,
      "text" : "TO",
      "whiteSpace" : false
    }, {
      "id" : "s7-t4",
      "begin" : 538,
      "end" : 542,
      "text" : "HOLD",
      "whiteSpace" : false
    }, {
      "id" : "s7-t5",
      "begin" : 543,
      "end" : 546,
      "text" : "the",
      "whiteSpace" : false
    }, {
      "id" : "s7-t6",
      "begin" : 547,
      "end" : 561,
      "text" : "aforedescribed",
      "whiteSpace" : false
    }, {
      "id" : "s7-t7",
      "begin" : 562,
      "end" : 566,
      "text" : "real",
      "whiteSpace" : false
    }, {
      "id" : "s7-t8",
      "begin" : 567,
      "end" : 573,
      "text" : "estate",
      "whiteSpace" : false
    }, {
      "id" : "s7-t9",
      "begin" : 573,
      "end" : 574,
      "text" : ",",
      "whiteSpace" : false
    }, {
      "id" : "s7-t10",
      "begin" : 575,
      "end" : 583,
      "text" : "together",
      "whiteSpace" : false
    }, {
      "id" : "s7-t11",
      "begin" : 584,
      "end" : 588,
      "text" : "with",
      "whiteSpace" : false
    }, {
      "id" : "s7-t12",
      "begin" : 589,
      "end" : 592,
      "text" : "all",
      "whiteSpace" : false
    }, {
      "id" : "s7-t13",
      "begin" : 593,
      "end" : 596,
      "text" : "the",
      "whiteSpace" : false
    }, {
      "id" : "s7-t14",
      "begin" : 597,
      "end" : 610,
      "text" : "appurtenances",
      "whiteSpace" : false
    }, {
      "id" : "s7-t15",
      "begin" : 611,
      "end" : 614,
      "text" : "and",
      "whiteSpace" : false
    }, {
      "id" : "s7-t16",
      "begin" : 615,
      "end" : 628,
      "text" : "hereditaments",
      "whiteSpace" : false
    }, {
      "id" : "s7-t17",
      "begin" : 629,
      "end" : 638,
      "text" : "thereunto",
      "whiteSpace" : false
    }, {
      "id" : "s7-t18",
      "begin" : 639,
      "end" : 648,
      "text" : "belonging",
      "whiteSpace" : false
    }, {
      "id" : "s7-t19",
      "begin" : 649,
      "end" : 651,
      "text" : "or",
      "whiteSpace" : false
    }, {
      "id" : "s7-t20",
      "begin" : 652,
      "end" : 654,
      "text" : "in",
      "whiteSpace" : false
    }, {
      "id" : "s7-t21",
      "begin" : 655,
      "end" : 662,
      "text" : "anywise",
      "whiteSpace" : false
    }, {
      "id" : "s7-t22",
      "begin" : 663,
      "end" : 675,
      "text" : "appertaining",
      "whiteSpace" : false
    }, {
      "id" : "s7-t23",
      "begin" : 676,
      "end" : 680,
      "text" : "unto",
      "whiteSpace" : false
    }, {
      "id" : "s7-t24",
      "begin" : 681,
      "end" : 687,
      "text" : "ROBERT",
      "whiteSpace" : false
    }, {
      "id" : "s7-t25",
      "begin" : 688,
      "end" : 690,
      "text" : "W.",
      "whiteSpace" : false
    }, {
      "id" : "s7-t26",
      "begin" : 691,
      "end" : 698,
      "text" : "OVERTON",
      "whiteSpace" : false
    }, {
      "id" : "s7-t27",
      "begin" : 699,
      "end" : 702,
      "text" : "and",
      "whiteSpace" : false
    }, {
      "id" : "s7-t28",
      "begin" : 703,
      "end" : 707,
      "text" : "wife",
      "whiteSpace" : false
    }, {
      "id" : "s7-t29",
      "begin" : 707,
      "end" : 708,
      "text" : ",",
      "whiteSpace" : false
    }, {
      "id" : "s7-t30",
      "begin" : 709,
      "end" : 716,
      "text" : "MELINDA",
      "whiteSpace" : false
    }, {
      "id" : "s7-t31",
      "begin" : 717,
      "end" : 724,
      "text" : "OVERTON",
      "whiteSpace" : false
    }, {
      "id" : "s7-t32",
      "begin" : 724,
      "end" : 725,
      "text" : ",",
      "whiteSpace" : false
    }, {
      "id" : "s7-t33",
      "begin" : 726,
      "end" : 731,
      "text" : "their",
      "whiteSpace" : false
    }, {
      "id" : "s7-t34",
      "begin" : 732,
      "end" : 737,
      "text" : "heirs",
      "whiteSpace" : false
    }, {
      "id" : "s7-t35",
      "begin" : 738,
      "end" : 741,
      "text" : "and",
      "whiteSpace" : false
    }, {
      "id" : "s7-t36",
      "begin" : 742,
      "end" : 749,
      "text" : "assigns",
      "whiteSpace" : false
    }, {
      "id" : "s7-t37",
      "begin" : 749,
      "end" : 750,
      "text" : ",",
      "whiteSpace" : false
    }, {
      "id" : "s7-t38",
      "begin" : 751,
      "end" : 753,
      "text" : "in",
      "whiteSpace" : false
    }, {
      "id" : "s7-t39",
      "begin" : 754,
      "end" : 757,
      "text" : "fee",
      "whiteSpace" : false
    }, {
      "id" : "s7-t40",
      "begin" : 758,
      "end" : 764,
      "text" : "simple",
      "whiteSpace" : false
    }, {
      "id" : "s7-t41",
      "begin" : 765,
      "end" : 772,
      "text" : "forever",
      "whiteSpace" : false
    }, {
      "id" : "s7-t42",
      "begin" : 772,
      "end" : 773,
      "text" : ".",
      "whiteSpace" : false
    } ]
  }, {
    "id" : "s8",
    "begin" : 774,
    "end" : 811,
    "text" : "We covenant and agree to and with the",
    "tokens" : [ {
      "id" : "s8-t0",
      "begin" : 774,
      "end" : 776,
      "text" : "We",
      "whiteSpace" : false
    }, {
      "id" : "s8-t1",
      "begin" : 777,
      "end" : 785,
      "text" : "covenant",
      "whiteSpace" : false
    }, {
      "id" : "s8-t2",
      "begin" : 786,
      "end" : 789,
      "text" : "and",
      "whiteSpace" : false
    }, {
      "id" : "s8-t3",
      "begin" : 790,
      "end" : 795,
      "text" : "agree",
      "whiteSpace" : false
    }, {
      "id" : "s8-t4",
      "begin" : 796,
      "end" : 798,
      "text" : "to",
      "whiteSpace" : false
    }, {
      "id" : "s8-t5",
      "begin" : 799,
      "end" : 802,
      "text" : "and",
      "whiteSpace" : false
    }, {
      "id" : "s8-t6",
      "begin" : 803,
      "end" : 807,
      "text" : "with",
      "whiteSpace" : false
    }, {
      "id" : "s8-t7",
      "begin" : 808,
      "end" : 811,
      "text" : "the",
      "whiteSpace" : false
    } ]
  } ],
  "mentions" : [ {
    "id" : "s4-m1",
    "properties" : {
      "SIRE_MENTION_ROLE" : "WarrDeedBookNum",
      "SIRE_ENTITY_SUBTYPE" : "NONE",
      "SIRE_MENTION_TYPE" : "NONE",
      "SIRE_MENTION_CLASS" : "SPC"
    },
    "type" : "WarrDeedBookNum",
    "begin" : 447,
    "end" : 450,
    "inCoref" : false
  }, {
    "id" : "s4-m2",
    "properties" : {
      "SIRE_MENTION_ROLE" : "WarrDeedPageNum",
      "SIRE_ENTITY_SUBTYPE" : "NONE",
      "SIRE_MENTION_TYPE" : "NONE",
      "SIRE_MENTION_CLASS" : "SPC"
    },
    "type" : "WarrDeedPageNum",
    "begin" : 457,
    "end" : 461,
    "inCoref" : false
  } ],
  "relations" : [ ],
  "corefs" : [ ],
  "typeResolved" : true,
  "userResolved" : false
}