{
  "id" : "c8554300-54dc-11e9-b3f1-919b26b254ae-13",
  "name" : "WD201-12.txt",
  "createdDate" : 0,
  "version" : 3,
  "text" : " being the southwest corner of Lot 36A and the northwest corner of this lot; thence with the eastern margin of said lot, South 5?? West 100 feet to a stake; thence continuing with the northern margin of a 14 foot road, South 87?? East 204 feet more or less to a stake at the corner of said 14 foot road and Cuba Landing Road, thence with Cuba Landing Road???s western margin North 6?? East 100 feet to the beginning, containing one lot being lot No. 35???A., Being the same property conveyed to Sherri Mangrum, Executrix of the Estate of John B. Hargrove pursuant to the Last Will &amp; Testament of John B. Hargrove of record in Will Book CC, page 271, Of???ce of the, County Clerk of Humphreys County, Tennessee, the said John Billy Hargrove together with his wife, Laura E. Hargrove (deceased August 14, 2006), having acquired title by Warranty Deed recorded in Deed Book 1 1 8, page 233 , Register's Of???ce of Humphreys County, Tennessee., This conveyance is made subject to the following:, Restrictions and protective covenants as shown on a plat of record in Plat Book 2, page 187, Register???s Of???ce of Humphreys County, Tennessee.,",
  "docLength" : 0,
  "language" : "EN",
  "status" : "SUBMITTED",
  "modifiedDate" : 1554165269286,
  "documentSet" : [ ],
  "preannotation" : [ ],
  "sentences" : [ {
    "id" : "s0",
    "begin" : 1,
    "end" : 130,
    "text" : "being the southwest corner of Lot 36A and the northwest corner of this lot; thence with the eastern margin of said lot, South 5??",
    "tokens" : [ {
      "id" : "s0-t0",
      "begin" : 1,
      "end" : 6,
      "text" : "being",
      "whiteSpace" : false
    }, {
      "id" : "s0-t1",
      "begin" : 7,
      "end" : 10,
      "text" : "the",
      "whiteSpace" : false
    }, {
      "id" : "s0-t2",
      "begin" : 11,
      "end" : 20,
      "text" : "southwest",
      "whiteSpace" : false
    }, {
      "id" : "s0-t3",
      "begin" : 21,
      "end" : 27,
      "text" : "corner",
      "whiteSpace" : false
    }, {
      "id" : "s0-t4",
      "begin" : 28,
      "end" : 30,
      "text" : "of",
      "whiteSpace" : false
    }, {
      "id" : "s0-t5",
      "begin" : 31,
      "end" : 34,
      "text" : "Lot",
      "whiteSpace" : false
    }, {
      "id" : "s0-t6",
      "begin" : 35,
      "end" : 38,
      "text" : "36A",
      "whiteSpace" : false
    }, {
      "id" : "s0-t7",
      "begin" : 39,
      "end" : 42,
      "text" : "and",
      "whiteSpace" : false
    }, {
      "id" : "s0-t8",
      "begin" : 43,
      "end" : 46,
      "text" : "the",
      "whiteSpace" : false
    }, {
      "id" : "s0-t9",
      "begin" : 47,
      "end" : 56,
      "text" : "northwest",
      "whiteSpace" : false
    }, {
      "id" : "s0-t10",
      "begin" : 57,
      "end" : 63,
      "text" : "corner",
      "whiteSpace" : false
    }, {
      "id" : "s0-t11",
      "begin" : 64,
      "end" : 66,
      "text" : "of",
      "whiteSpace" : false
    }, {
      "id" : "s0-t12",
      "begin" : 67,
      "end" : 71,
      "text" : "this",
      "whiteSpace" : false
    }, {
      "id" : "s0-t13",
      "begin" : 72,
      "end" : 75,
      "text" : "lot",
      "whiteSpace" : false
    }, {
      "id" : "s0-t14",
      "begin" : 75,
      "end" : 76,
      "text" : ";",
      "whiteSpace" : false
    }, {
      "id" : "s0-t15",
      "begin" : 77,
      "end" : 83,
      "text" : "thence",
      "whiteSpace" : false
    }, {
      "id" : "s0-t16",
      "begin" : 84,
      "end" : 88,
      "text" : "with",
      "whiteSpace" : false
    }, {
      "id" : "s0-t17",
      "begin" : 89,
      "end" : 92,
      "text" : "the",
      "whiteSpace" : false
    }, {
      "id" : "s0-t18",
      "begin" : 93,
      "end" : 100,
      "text" : "eastern",
      "whiteSpace" : false
    }, {
      "id" : "s0-t19",
      "begin" : 101,
      "end" : 107,
      "text" : "margin",
      "whiteSpace" : false
    }, {
      "id" : "s0-t20",
      "begin" : 108,
      "end" : 110,
      "text" : "of",
      "whiteSpace" : false
    }, {
      "id" : "s0-t21",
      "begin" : 111,
      "end" : 115,
      "text" : "said",
      "whiteSpace" : false
    }, {
      "id" : "s0-t22",
      "begin" : 116,
      "end" : 119,
      "text" : "lot",
      "whiteSpace" : false
    }, {
      "id" : "s0-t23",
      "begin" : 119,
      "end" : 120,
      "text" : ",",
      "whiteSpace" : false
    }, {
      "id" : "s0-t24",
      "begin" : 121,
      "end" : 126,
      "text" : "South",
      "whiteSpace" : false
    }, {
      "id" : "s0-t25",
      "begin" : 127,
      "end" : 128,
      "text" : "5",
      "whiteSpace" : false
    }, {
      "id" : "s0-t26",
      "begin" : 128,
      "end" : 129,
      "text" : "?",
      "whiteSpace" : false
    }, {
      "id" : "s0-t27",
      "begin" : 129,
      "end" : 130,
      "text" : "?",
      "whiteSpace" : false
    } ]
  }, {
    "id" : "s1",
    "begin" : 131,
    "end" : 229,
    "text" : "West 100 feet to a stake; thence continuing with the northern margin of a 14 foot road, South 87??",
    "tokens" : [ {
      "id" : "s1-t0",
      "begin" : 131,
      "end" : 135,
      "text" : "West",
      "whiteSpace" : false
    }, {
      "id" : "s1-t1",
      "begin" : 136,
      "end" : 139,
      "text" : "100",
      "whiteSpace" : false
    }, {
      "id" : "s1-t2",
      "begin" : 140,
      "end" : 144,
      "text" : "feet",
      "whiteSpace" : false
    }, {
      "id" : "s1-t3",
      "begin" : 145,
      "end" : 147,
      "text" : "to",
      "whiteSpace" : false
    }, {
      "id" : "s1-t4",
      "begin" : 148,
      "end" : 149,
      "text" : "a",
      "whiteSpace" : false
    }, {
      "id" : "s1-t5",
      "begin" : 150,
      "end" : 155,
      "text" : "stake",
      "whiteSpace" : false
    }, {
      "id" : "s1-t6",
      "begin" : 155,
      "end" : 156,
      "text" : ";",
      "whiteSpace" : false
    }, {
      "id" : "s1-t7",
      "begin" : 157,
      "end" : 163,
      "text" : "thence",
      "whiteSpace" : false
    }, {
      "id" : "s1-t8",
      "begin" : 164,
      "end" : 174,
      "text" : "continuing",
      "whiteSpace" : false
    }, {
      "id" : "s1-t9",
      "begin" : 175,
      "end" : 179,
      "text" : "with",
      "whiteSpace" : false
    }, {
      "id" : "s1-t10",
      "begin" : 180,
      "end" : 183,
      "text" : "the",
      "whiteSpace" : false
    }, {
      "id" : "s1-t11",
      "begin" : 184,
      "end" : 192,
      "text" : "northern",
      "whiteSpace" : false
    }, {
      "id" : "s1-t12",
      "begin" : 193,
      "end" : 199,
      "text" : "margin",
      "whiteSpace" : false
    }, {
      "id" : "s1-t13",
      "begin" : 200,
      "end" : 202,
      "text" : "of",
      "whiteSpace" : false
    }, {
      "id" : "s1-t14",
      "begin" : 203,
      "end" : 204,
      "text" : "a",
      "whiteSpace" : false
    }, {
      "id" : "s1-t15",
      "begin" : 205,
      "end" : 207,
      "text" : "14",
      "whiteSpace" : false
    }, {
      "id" : "s1-t16",
      "begin" : 208,
      "end" : 212,
      "text" : "foot",
      "whiteSpace" : false
    }, {
      "id" : "s1-t17",
      "begin" : 213,
      "end" : 217,
      "text" : "road",
      "whiteSpace" : false
    }, {
      "id" : "s1-t18",
      "begin" : 217,
      "end" : 218,
      "text" : ",",
      "whiteSpace" : false
    }, {
      "id" : "s1-t19",
      "begin" : 219,
      "end" : 224,
      "text" : "South",
      "whiteSpace" : false
    }, {
      "id" : "s1-t20",
      "begin" : 225,
      "end" : 227,
      "text" : "87",
      "whiteSpace" : false
    }, {
      "id" : "s1-t21",
      "begin" : 227,
      "end" : 228,
      "text" : "?",
      "whiteSpace" : false
    }, {
      "id" : "s1-t22",
      "begin" : 228,
      "end" : 229,
      "text" : "?",
      "whiteSpace" : false
    } ]
  }, {
    "id" : "s2",
    "begin" : 230,
    "end" : 356,
    "text" : "East 204 feet more or less to a stake at the corner of said 14 foot road and Cuba Landing Road, thence with Cuba Landing Road?",
    "tokens" : [ {
      "id" : "s2-t0",
      "begin" : 230,
      "end" : 234,
      "text" : "East",
      "whiteSpace" : false
    }, {
      "id" : "s2-t1",
      "begin" : 235,
      "end" : 238,
      "text" : "204",
      "whiteSpace" : false
    }, {
      "id" : "s2-t2",
      "begin" : 239,
      "end" : 243,
      "text" : "feet",
      "whiteSpace" : false
    }, {
      "id" : "s2-t3",
      "begin" : 244,
      "end" : 248,
      "text" : "more",
      "whiteSpace" : false
    }, {
      "id" : "s2-t4",
      "begin" : 249,
      "end" : 251,
      "text" : "or",
      "whiteSpace" : false
    }, {
      "id" : "s2-t5",
      "begin" : 252,
      "end" : 256,
      "text" : "less",
      "whiteSpace" : false
    }, {
      "id" : "s2-t6",
      "begin" : 257,
      "end" : 259,
      "text" : "to",
      "whiteSpace" : false
    }, {
      "id" : "s2-t7",
      "begin" : 260,
      "end" : 261,
      "text" : "a",
      "whiteSpace" : false
    }, {
      "id" : "s2-t8",
      "begin" : 262,
      "end" : 267,
      "text" : "stake",
      "whiteSpace" : false
    }, {
      "id" : "s2-t9",
      "begin" : 268,
      "end" : 270,
      "text" : "at",
      "whiteSpace" : false
    }, {
      "id" : "s2-t10",
      "begin" : 271,
      "end" : 274,
      "text" : "the",
      "whiteSpace" : false
    }, {
      "id" : "s2-t11",
      "begin" : 275,
      "end" : 281,
      "text" : "corner",
      "whiteSpace" : false
    }, {
      "id" : "s2-t12",
      "begin" : 282,
      "end" : 284,
      "text" : "of",
      "whiteSpace" : false
    }, {
      "id" : "s2-t13",
      "begin" : 285,
      "end" : 289,
      "text" : "said",
      "whiteSpace" : false
    }, {
      "id" : "s2-t14",
      "begin" : 290,
      "end" : 292,
      "text" : "14",
      "whiteSpace" : false
    }, {
      "id" : "s2-t15",
      "begin" : 293,
      "end" : 297,
      "text" : "foot",
      "whiteSpace" : false
    }, {
      "id" : "s2-t16",
      "begin" : 298,
      "end" : 302,
      "text" : "road",
      "whiteSpace" : false
    }, {
      "id" : "s2-t17",
      "begin" : 303,
      "end" : 306,
      "text" : "and",
      "whiteSpace" : false
    }, {
      "id" : "s2-t18",
      "begin" : 307,
      "end" : 311,
      "text" : "Cuba",
      "whiteSpace" : false
    }, {
      "id" : "s2-t19",
      "begin" : 312,
      "end" : 319,
      "text" : "Landing",
      "whiteSpace" : false
    }, {
      "id" : "s2-t20",
      "begin" : 320,
      "end" : 324,
      "text" : "Road",
      "whiteSpace" : false
    }, {
      "id" : "s2-t21",
      "begin" : 324,
      "end" : 325,
      "text" : ",",
      "whiteSpace" : false
    }, {
      "id" : "s2-t22",
      "begin" : 326,
      "end" : 332,
      "text" : "thence",
      "whiteSpace" : false
    }, {
      "id" : "s2-t23",
      "begin" : 333,
      "end" : 337,
      "text" : "with",
      "whiteSpace" : false
    }, {
      "id" : "s2-t24",
      "begin" : 338,
      "end" : 342,
      "text" : "Cuba",
      "whiteSpace" : false
    }, {
      "id" : "s2-t25",
      "begin" : 343,
      "end" : 350,
      "text" : "Landing",
      "whiteSpace" : false
    }, {
      "id" : "s2-t26",
      "begin" : 351,
      "end" : 355,
      "text" : "Road",
      "whiteSpace" : false
    }, {
      "id" : "s2-t27",
      "begin" : 355,
      "end" : 356,
      "text" : "?",
      "whiteSpace" : false
    } ]
  }, {
    "id" : "s3",
    "begin" : 356,
    "end" : 384,
    "text" : "??s western margin North 6??",
    "tokens" : [ {
      "id" : "s3-t0",
      "begin" : 356,
      "end" : 359,
      "text" : "??s",
      "whiteSpace" : false
    }, {
      "id" : "s3-t1",
      "begin" : 360,
      "end" : 367,
      "text" : "western",
      "whiteSpace" : false
    }, {
      "id" : "s3-t2",
      "begin" : 368,
      "end" : 374,
      "text" : "margin",
      "whiteSpace" : false
    }, {
      "id" : "s3-t3",
      "begin" : 375,
      "end" : 380,
      "text" : "North",
      "whiteSpace" : false
    }, {
      "id" : "s3-t4",
      "begin" : 381,
      "end" : 382,
      "text" : "6",
      "whiteSpace" : false
    }, {
      "id" : "s3-t5",
      "begin" : 382,
      "end" : 383,
      "text" : "?",
      "whiteSpace" : false
    }, {
      "id" : "s3-t6",
      "begin" : 383,
      "end" : 384,
      "text" : "?",
      "whiteSpace" : false
    } ]
  }, {
    "id" : "s4",
    "begin" : 385,
    "end" : 657,
    "text" : "East 100 feet to the beginning, containing one lot being lot No. 35???A., Being the same property conveyed to Sherri Mangrum, Executrix of the Estate of John B. Hargrove pursuant to the Last Will &amp; Testament of John B. Hargrove of record in Will Book CC, page 271, Of?",
    "tokens" : [ {
      "id" : "s4-t0",
      "begin" : 385,
      "end" : 389,
      "text" : "East",
      "whiteSpace" : false
    }, {
      "id" : "s4-t1",
      "begin" : 390,
      "end" : 393,
      "text" : "100",
      "whiteSpace" : false
    }, {
      "id" : "s4-t2",
      "begin" : 394,
      "end" : 398,
      "text" : "feet",
      "whiteSpace" : false
    }, {
      "id" : "s4-t3",
      "begin" : 399,
      "end" : 401,
      "text" : "to",
      "whiteSpace" : false
    }, {
      "id" : "s4-t4",
      "begin" : 402,
      "end" : 405,
      "text" : "the",
      "whiteSpace" : false
    }, {
      "id" : "s4-t5",
      "begin" : 406,
      "end" : 415,
      "text" : "beginning",
      "whiteSpace" : false
    }, {
      "id" : "s4-t6",
      "begin" : 415,
      "end" : 416,
      "text" : ",",
      "whiteSpace" : false
    }, {
      "id" : "s4-t7",
      "begin" : 417,
      "end" : 427,
      "text" : "containing",
      "whiteSpace" : false
    }, {
      "id" : "s4-t8",
      "begin" : 428,
      "end" : 431,
      "text" : "one",
      "whiteSpace" : false
    }, {
      "id" : "s4-t9",
      "begin" : 432,
      "end" : 435,
      "text" : "lot",
      "whiteSpace" : false
    }, {
      "id" : "s4-t10",
      "begin" : 436,
      "end" : 441,
      "text" : "being",
      "whiteSpace" : false
    }, {
      "id" : "s4-t11",
      "begin" : 442,
      "end" : 445,
      "text" : "lot",
      "whiteSpace" : false
    }, {
      "id" : "s4-t12",
      "begin" : 446,
      "end" : 449,
      "text" : "No.",
      "whiteSpace" : false
    }, {
      "id" : "s4-t13",
      "begin" : 450,
      "end" : 452,
      "text" : "35",
      "whiteSpace" : false
    }, {
      "id" : "s4-t14",
      "begin" : 452,
      "end" : 457,
      "text" : "???A.",
      "whiteSpace" : false
    }, {
      "id" : "s4-t15",
      "begin" : 457,
      "end" : 458,
      "text" : ",",
      "whiteSpace" : false
    }, {
      "id" : "s4-t16",
      "begin" : 459,
      "end" : 464,
      "text" : "Being",
      "whiteSpace" : false
    }, {
      "id" : "s4-t17",
      "begin" : 465,
      "end" : 468,
      "text" : "the",
      "whiteSpace" : false
    }, {
      "id" : "s4-t18",
      "begin" : 469,
      "end" : 473,
      "text" : "same",
      "whiteSpace" : false
    }, {
      "id" : "s4-t19",
      "begin" : 474,
      "end" : 482,
      "text" : "property",
      "whiteSpace" : false
    }, {
      "id" : "s4-t20",
      "begin" : 483,
      "end" : 491,
      "text" : "conveyed",
      "whiteSpace" : false
    }, {
      "id" : "s4-t21",
      "begin" : 492,
      "end" : 494,
      "text" : "to",
      "whiteSpace" : false
    }, {
      "id" : "s4-t22",
      "begin" : 495,
      "end" : 501,
      "text" : "Sherri",
      "whiteSpace" : false
    }, {
      "id" : "s4-t23",
      "begin" : 502,
      "end" : 509,
      "text" : "Mangrum",
      "whiteSpace" : false
    }, {
      "id" : "s4-t24",
      "begin" : 509,
      "end" : 510,
      "text" : ",",
      "whiteSpace" : false
    }, {
      "id" : "s4-t25",
      "begin" : 511,
      "end" : 520,
      "text" : "Executrix",
      "whiteSpace" : false
    }, {
      "id" : "s4-t26",
      "begin" : 521,
      "end" : 523,
      "text" : "of",
      "whiteSpace" : false
    }, {
      "id" : "s4-t27",
      "begin" : 524,
      "end" : 527,
      "text" : "the",
      "whiteSpace" : false
    }, {
      "id" : "s4-t28",
      "begin" : 528,
      "end" : 534,
      "text" : "Estate",
      "whiteSpace" : false
    }, {
      "id" : "s4-t29",
      "begin" : 535,
      "end" : 537,
      "text" : "of",
      "whiteSpace" : false
    }, {
      "id" : "s4-t30",
      "begin" : 538,
      "end" : 542,
      "text" : "John",
      "whiteSpace" : false
    }, {
      "id" : "s4-t31",
      "begin" : 543,
      "end" : 545,
      "text" : "B.",
      "whiteSpace" : false
    }, {
      "id" : "s4-t32",
      "begin" : 546,
      "end" : 554,
      "text" : "Hargrove",
      "whiteSpace" : false
    }, {
      "id" : "s4-t33",
      "begin" : 555,
      "end" : 563,
      "text" : "pursuant",
      "whiteSpace" : false
    }, {
      "id" : "s4-t34",
      "begin" : 564,
      "end" : 566,
      "text" : "to",
      "whiteSpace" : false
    }, {
      "id" : "s4-t35",
      "begin" : 567,
      "end" : 570,
      "text" : "the",
      "whiteSpace" : false
    }, {
      "id" : "s4-t36",
      "begin" : 571,
      "end" : 575,
      "text" : "Last",
      "whiteSpace" : false
    }, {
      "id" : "s4-t37",
      "begin" : 576,
      "end" : 580,
      "text" : "Will",
      "whiteSpace" : false
    }, {
      "id" : "s4-t38",
      "begin" : 581,
      "end" : 586,
      "text" : "&amp;",
      "whiteSpace" : false
    }, {
      "id" : "s4-t39",
      "begin" : 587,
      "end" : 596,
      "text" : "Testament",
      "whiteSpace" : false
    }, {
      "id" : "s4-t40",
      "begin" : 597,
      "end" : 599,
      "text" : "of",
      "whiteSpace" : false
    }, {
      "id" : "s4-t41",
      "begin" : 600,
      "end" : 604,
      "text" : "John",
      "whiteSpace" : false
    }, {
      "id" : "s4-t42",
      "begin" : 605,
      "end" : 607,
      "text" : "B.",
      "whiteSpace" : false
    }, {
      "id" : "s4-t43",
      "begin" : 608,
      "end" : 616,
      "text" : "Hargrove",
      "whiteSpace" : false
    }, {
      "id" : "s4-t44",
      "begin" : 617,
      "end" : 619,
      "text" : "of",
      "whiteSpace" : false
    }, {
      "id" : "s4-t45",
      "begin" : 620,
      "end" : 626,
      "text" : "record",
      "whiteSpace" : false
    }, {
      "id" : "s4-t46",
      "begin" : 627,
      "end" : 629,
      "text" : "in",
      "whiteSpace" : false
    }, {
      "id" : "s4-t47",
      "begin" : 630,
      "end" : 634,
      "text" : "Will",
      "whiteSpace" : false
    }, {
      "id" : "s4-t48",
      "begin" : 635,
      "end" : 639,
      "text" : "Book",
      "whiteSpace" : false
    }, {
      "id" : "s4-t49",
      "begin" : 640,
      "end" : 642,
      "text" : "CC",
      "whiteSpace" : false
    }, {
      "id" : "s4-t50",
      "begin" : 642,
      "end" : 643,
      "text" : ",",
      "whiteSpace" : false
    }, {
      "id" : "s4-t51",
      "begin" : 644,
      "end" : 648,
      "text" : "page",
      "whiteSpace" : false
    }, {
      "id" : "s4-t52",
      "begin" : 649,
      "end" : 652,
      "text" : "271",
      "whiteSpace" : false
    }, {
      "id" : "s4-t53",
      "begin" : 652,
      "end" : 653,
      "text" : ",",
      "whiteSpace" : false
    }, {
      "id" : "s4-t54",
      "begin" : 654,
      "end" : 656,
      "text" : "Of",
      "whiteSpace" : false
    }, {
      "id" : "s4-t55",
      "begin" : 656,
      "end" : 657,
      "text" : "?",
      "whiteSpace" : false
    } ]
  }, {
    "id" : "s5",
    "begin" : 657,
    "end" : 907,
    "text" : "??ce of the, County Clerk of Humphreys County, Tennessee, the said John Billy Hargrove together with his wife, Laura E. Hargrove (deceased August 14, 2006), having acquired title by Warranty Deed recorded in Deed Book 1 1 8, page 233 , Register's Of?",
    "tokens" : [ {
      "id" : "s5-t0",
      "begin" : 657,
      "end" : 661,
      "text" : "??ce",
      "whiteSpace" : false
    }, {
      "id" : "s5-t1",
      "begin" : 662,
      "end" : 664,
      "text" : "of",
      "whiteSpace" : false
    }, {
      "id" : "s5-t2",
      "begin" : 665,
      "end" : 668,
      "text" : "the",
      "whiteSpace" : false
    }, {
      "id" : "s5-t3",
      "begin" : 668,
      "end" : 669,
      "text" : ",",
      "whiteSpace" : false
    }, {
      "id" : "s5-t4",
      "begin" : 670,
      "end" : 676,
      "text" : "County",
      "whiteSpace" : false
    }, {
      "id" : "s5-t5",
      "begin" : 677,
      "end" : 682,
      "text" : "Clerk",
      "whiteSpace" : false
    }, {
      "id" : "s5-t6",
      "begin" : 683,
      "end" : 685,
      "text" : "of",
      "whiteSpace" : false
    }, {
      "id" : "s5-t7",
      "begin" : 686,
      "end" : 695,
      "text" : "Humphreys",
      "whiteSpace" : false
    }, {
      "id" : "s5-t8",
      "begin" : 696,
      "end" : 702,
      "text" : "County",
      "whiteSpace" : false
    }, {
      "id" : "s5-t9",
      "begin" : 702,
      "end" : 703,
      "text" : ",",
      "whiteSpace" : false
    }, {
      "id" : "s5-t10",
      "begin" : 704,
      "end" : 713,
      "text" : "Tennessee",
      "whiteSpace" : false
    }, {
      "id" : "s5-t11",
      "begin" : 713,
      "end" : 714,
      "text" : ",",
      "whiteSpace" : false
    }, {
      "id" : "s5-t12",
      "begin" : 715,
      "end" : 718,
      "text" : "the",
      "whiteSpace" : false
    }, {
      "id" : "s5-t13",
      "begin" : 719,
      "end" : 723,
      "text" : "said",
      "whiteSpace" : false
    }, {
      "id" : "s5-t14",
      "begin" : 724,
      "end" : 728,
      "text" : "John",
      "whiteSpace" : false
    }, {
      "id" : "s5-t15",
      "begin" : 729,
      "end" : 734,
      "text" : "Billy",
      "whiteSpace" : false
    }, {
      "id" : "s5-t16",
      "begin" : 735,
      "end" : 743,
      "text" : "Hargrove",
      "whiteSpace" : false
    }, {
      "id" : "s5-t17",
      "begin" : 744,
      "end" : 752,
      "text" : "together",
      "whiteSpace" : false
    }, {
      "id" : "s5-t18",
      "begin" : 753,
      "end" : 757,
      "text" : "with",
      "whiteSpace" : false
    }, {
      "id" : "s5-t19",
      "begin" : 758,
      "end" : 761,
      "text" : "his",
      "whiteSpace" : false
    }, {
      "id" : "s5-t20",
      "begin" : 762,
      "end" : 766,
      "text" : "wife",
      "whiteSpace" : false
    }, {
      "id" : "s5-t21",
      "begin" : 766,
      "end" : 767,
      "text" : ",",
      "whiteSpace" : false
    }, {
      "id" : "s5-t22",
      "begin" : 768,
      "end" : 773,
      "text" : "Laura",
      "whiteSpace" : false
    }, {
      "id" : "s5-t23",
      "begin" : 774,
      "end" : 776,
      "text" : "E.",
      "whiteSpace" : false
    }, {
      "id" : "s5-t24",
      "begin" : 777,
      "end" : 785,
      "text" : "Hargrove",
      "whiteSpace" : false
    }, {
      "id" : "s5-t25",
      "begin" : 786,
      "end" : 787,
      "text" : "(",
      "whiteSpace" : false
    }, {
      "id" : "s5-t26",
      "begin" : 787,
      "end" : 795,
      "text" : "deceased",
      "whiteSpace" : false
    }, {
      "id" : "s5-t27",
      "begin" : 796,
      "end" : 802,
      "text" : "August",
      "whiteSpace" : false
    }, {
      "id" : "s5-t28",
      "begin" : 803,
      "end" : 805,
      "text" : "14",
      "whiteSpace" : false
    }, {
      "id" : "s5-t29",
      "begin" : 805,
      "end" : 806,
      "text" : ",",
      "whiteSpace" : false
    }, {
      "id" : "s5-t30",
      "begin" : 807,
      "end" : 811,
      "text" : "2006",
      "whiteSpace" : false
    }, {
      "id" : "s5-t31",
      "begin" : 811,
      "end" : 812,
      "text" : ")",
      "whiteSpace" : false
    }, {
      "id" : "s5-t32",
      "begin" : 812,
      "end" : 813,
      "text" : ",",
      "whiteSpace" : false
    }, {
      "id" : "s5-t33",
      "begin" : 814,
      "end" : 820,
      "text" : "having",
      "whiteSpace" : false
    }, {
      "id" : "s5-t34",
      "begin" : 821,
      "end" : 829,
      "text" : "acquired",
      "whiteSpace" : false
    }, {
      "id" : "s5-t35",
      "begin" : 830,
      "end" : 835,
      "text" : "title",
      "whiteSpace" : false
    }, {
      "id" : "s5-t36",
      "begin" : 836,
      "end" : 838,
      "text" : "by",
      "whiteSpace" : false
    }, {
      "id" : "s5-t37",
      "begin" : 839,
      "end" : 847,
      "text" : "Warranty",
      "whiteSpace" : false
    }, {
      "id" : "s5-t38",
      "begin" : 848,
      "end" : 852,
      "text" : "Deed",
      "whiteSpace" : false
    }, {
      "id" : "s5-t39",
      "begin" : 853,
      "end" : 861,
      "text" : "recorded",
      "whiteSpace" : false
    }, {
      "id" : "s5-t40",
      "begin" : 862,
      "end" : 864,
      "text" : "in",
      "whiteSpace" : false
    }, {
      "id" : "s5-t41",
      "begin" : 865,
      "end" : 869,
      "text" : "Deed",
      "whiteSpace" : false
    }, {
      "id" : "s5-t42",
      "begin" : 870,
      "end" : 874,
      "text" : "Book",
      "whiteSpace" : false
    }, {
      "id" : "s5-t43",
      "begin" : 875,
      "end" : 876,
      "text" : "1",
      "whiteSpace" : false
    }, {
      "id" : "s5-t44",
      "begin" : 877,
      "end" : 878,
      "text" : "1",
      "whiteSpace" : false
    }, {
      "id" : "s5-t45",
      "begin" : 879,
      "end" : 880,
      "text" : "8",
      "whiteSpace" : false
    }, {
      "id" : "s5-t46",
      "begin" : 880,
      "end" : 881,
      "text" : ",",
      "whiteSpace" : false
    }, {
      "id" : "s5-t47",
      "begin" : 882,
      "end" : 886,
      "text" : "page",
      "whiteSpace" : false
    }, {
      "id" : "s5-t48",
      "begin" : 887,
      "end" : 890,
      "text" : "233",
      "whiteSpace" : false
    }, {
      "id" : "s5-t49",
      "begin" : 891,
      "end" : 892,
      "text" : ",",
      "whiteSpace" : false
    }, {
      "id" : "s5-t50",
      "begin" : 893,
      "end" : 901,
      "text" : "Register",
      "whiteSpace" : false
    }, {
      "id" : "s5-t51",
      "begin" : 901,
      "end" : 903,
      "text" : "'s",
      "whiteSpace" : false
    }, {
      "id" : "s5-t52",
      "begin" : 904,
      "end" : 906,
      "text" : "Of",
      "whiteSpace" : false
    }, {
      "id" : "s5-t53",
      "begin" : 906,
      "end" : 907,
      "text" : "?",
      "whiteSpace" : false
    } ]
  }, {
    "id" : "s6",
    "begin" : 907,
    "end" : 1098,
    "text" : "??ce of Humphreys County, Tennessee., This conveyance is made subject to the following:, Restrictions and protective covenants as shown on a plat of record in Plat Book 2, page 187, Register?",
    "tokens" : [ {
      "id" : "s6-t0",
      "begin" : 907,
      "end" : 911,
      "text" : "??ce",
      "whiteSpace" : false
    }, {
      "id" : "s6-t1",
      "begin" : 912,
      "end" : 914,
      "text" : "of",
      "whiteSpace" : false
    }, {
      "id" : "s6-t2",
      "begin" : 915,
      "end" : 924,
      "text" : "Humphreys",
      "whiteSpace" : false
    }, {
      "id" : "s6-t3",
      "begin" : 925,
      "end" : 931,
      "text" : "County",
      "whiteSpace" : false
    }, {
      "id" : "s6-t4",
      "begin" : 931,
      "end" : 932,
      "text" : ",",
      "whiteSpace" : false
    }, {
      "id" : "s6-t5",
      "begin" : 933,
      "end" : 943,
      "text" : "Tennessee.",
      "whiteSpace" : false
    }, {
      "id" : "s6-t6",
      "begin" : 943,
      "end" : 944,
      "text" : ",",
      "whiteSpace" : false
    }, {
      "id" : "s6-t7",
      "begin" : 945,
      "end" : 949,
      "text" : "This",
      "whiteSpace" : false
    }, {
      "id" : "s6-t8",
      "begin" : 950,
      "end" : 960,
      "text" : "conveyance",
      "whiteSpace" : false
    }, {
      "id" : "s6-t9",
      "begin" : 961,
      "end" : 963,
      "text" : "is",
      "whiteSpace" : false
    }, {
      "id" : "s6-t10",
      "begin" : 964,
      "end" : 968,
      "text" : "made",
      "whiteSpace" : false
    }, {
      "id" : "s6-t11",
      "begin" : 969,
      "end" : 976,
      "text" : "subject",
      "whiteSpace" : false
    }, {
      "id" : "s6-t12",
      "begin" : 977,
      "end" : 979,
      "text" : "to",
      "whiteSpace" : false
    }, {
      "id" : "s6-t13",
      "begin" : 980,
      "end" : 983,
      "text" : "the",
      "whiteSpace" : false
    }, {
      "id" : "s6-t14",
      "begin" : 984,
      "end" : 993,
      "text" : "following",
      "whiteSpace" : false
    }, {
      "id" : "s6-t15",
      "begin" : 993,
      "end" : 994,
      "text" : ":",
      "whiteSpace" : false
    }, {
      "id" : "s6-t16",
      "begin" : 994,
      "end" : 995,
      "text" : ",",
      "whiteSpace" : false
    }, {
      "id" : "s6-t17",
      "begin" : 996,
      "end" : 1008,
      "text" : "Restrictions",
      "whiteSpace" : false
    }, {
      "id" : "s6-t18",
      "begin" : 1009,
      "end" : 1012,
      "text" : "and",
      "whiteSpace" : false
    }, {
      "id" : "s6-t19",
      "begin" : 1013,
      "end" : 1023,
      "text" : "protective",
      "whiteSpace" : false
    }, {
      "id" : "s6-t20",
      "begin" : 1024,
      "end" : 1033,
      "text" : "covenants",
      "whiteSpace" : false
    }, {
      "id" : "s6-t21",
      "begin" : 1034,
      "end" : 1036,
      "text" : "as",
      "whiteSpace" : false
    }, {
      "id" : "s6-t22",
      "begin" : 1037,
      "end" : 1042,
      "text" : "shown",
      "whiteSpace" : false
    }, {
      "id" : "s6-t23",
      "begin" : 1043,
      "end" : 1045,
      "text" : "on",
      "whiteSpace" : false
    }, {
      "id" : "s6-t24",
      "begin" : 1046,
      "end" : 1047,
      "text" : "a",
      "whiteSpace" : false
    }, {
      "id" : "s6-t25",
      "begin" : 1048,
      "end" : 1052,
      "text" : "plat",
      "whiteSpace" : false
    }, {
      "id" : "s6-t26",
      "begin" : 1053,
      "end" : 1055,
      "text" : "of",
      "whiteSpace" : false
    }, {
      "id" : "s6-t27",
      "begin" : 1056,
      "end" : 1062,
      "text" : "record",
      "whiteSpace" : false
    }, {
      "id" : "s6-t28",
      "begin" : 1063,
      "end" : 1065,
      "text" : "in",
      "whiteSpace" : false
    }, {
      "id" : "s6-t29",
      "begin" : 1066,
      "end" : 1070,
      "text" : "Plat",
      "whiteSpace" : false
    }, {
      "id" : "s6-t30",
      "begin" : 1071,
      "end" : 1075,
      "text" : "Book",
      "whiteSpace" : false
    }, {
      "id" : "s6-t31",
      "begin" : 1076,
      "end" : 1077,
      "text" : "2",
      "whiteSpace" : false
    }, {
      "id" : "s6-t32",
      "begin" : 1077,
      "end" : 1078,
      "text" : ",",
      "whiteSpace" : false
    }, {
      "id" : "s6-t33",
      "begin" : 1079,
      "end" : 1083,
      "text" : "page",
      "whiteSpace" : false
    }, {
      "id" : "s6-t34",
      "begin" : 1084,
      "end" : 1087,
      "text" : "187",
      "whiteSpace" : false
    }, {
      "id" : "s6-t35",
      "begin" : 1087,
      "end" : 1088,
      "text" : ",",
      "whiteSpace" : false
    }, {
      "id" : "s6-t36",
      "begin" : 1089,
      "end" : 1097,
      "text" : "Register",
      "whiteSpace" : false
    }, {
      "id" : "s6-t37",
      "begin" : 1097,
      "end" : 1098,
      "text" : "?",
      "whiteSpace" : false
    } ]
  }, {
    "id" : "s7",
    "begin" : 1098,
    "end" : 1105,
    "text" : "??s Of?",
    "tokens" : [ {
      "id" : "s7-t0",
      "begin" : 1098,
      "end" : 1101,
      "text" : "??s",
      "whiteSpace" : false
    }, {
      "id" : "s7-t1",
      "begin" : 1102,
      "end" : 1104,
      "text" : "Of",
      "whiteSpace" : false
    }, {
      "id" : "s7-t2",
      "begin" : 1104,
      "end" : 1105,
      "text" : "?",
      "whiteSpace" : false
    } ]
  }, {
    "id" : "s8",
    "begin" : 1105,
    "end" : 1142,
    "text" : "??ce of Humphreys County, Tennessee.,",
    "tokens" : [ {
      "id" : "s8-t0",
      "begin" : 1105,
      "end" : 1109,
      "text" : "??ce",
      "whiteSpace" : false
    }, {
      "id" : "s8-t1",
      "begin" : 1110,
      "end" : 1112,
      "text" : "of",
      "whiteSpace" : false
    }, {
      "id" : "s8-t2",
      "begin" : 1113,
      "end" : 1122,
      "text" : "Humphreys",
      "whiteSpace" : false
    }, {
      "id" : "s8-t3",
      "begin" : 1123,
      "end" : 1129,
      "text" : "County",
      "whiteSpace" : false
    }, {
      "id" : "s8-t4",
      "begin" : 1129,
      "end" : 1130,
      "text" : ",",
      "whiteSpace" : false
    }, {
      "id" : "s8-t5",
      "begin" : 1131,
      "end" : 1141,
      "text" : "Tennessee.",
      "whiteSpace" : false
    }, {
      "id" : "s8-t6",
      "begin" : 1141,
      "end" : 1142,
      "text" : ",",
      "whiteSpace" : false
    } ]
  } ],
  "mentions" : [ {
    "id" : "s5-m1",
    "properties" : {
      "SIRE_MENTION_ROLE" : "WarrDeedBookNum",
      "SIRE_ENTITY_SUBTYPE" : "NONE",
      "SIRE_MENTION_TYPE" : "NONE",
      "SIRE_MENTION_CLASS" : "SPC"
    },
    "type" : "WarrDeedBookNum",
    "begin" : 875,
    "end" : 880,
    "inCoref" : false
  }, {
    "id" : "s5-m2",
    "properties" : {
      "SIRE_MENTION_ROLE" : "WarrDeedPageNum",
      "SIRE_ENTITY_SUBTYPE" : "NONE",
      "SIRE_MENTION_TYPE" : "NONE",
      "SIRE_MENTION_CLASS" : "SPC"
    },
    "type" : "WarrDeedPageNum",
    "begin" : 887,
    "end" : 890,
    "inCoref" : false
  } ],
  "relations" : [ ],
  "corefs" : [ ],
  "typeResolved" : true,
  "userResolved" : false
}