{
  "id" : "11314c00-50ef-11e9-9b8e-4bc9d96d3dde-0",
  "name" : "WD22-Page-23-part1.txt",
  "createdDate" : 1553732332736,
  "version" : 3,
  "text" : " 1, Mrs. Ida Guthrie, the widow of A. L. Guthrie, deceased, have bargained and sold, and by these presents do transfer and convey unto the said Guy Triplett and wife, Leah Triplett their heirs and assigns, a certain tract or parcel of land in the Second Civil District of Humphreys County, Tennessee, located about two (2) miles east of the Courthouse in Waverly, and on the North side of the Railroad right of way and the 01d Stage Road, describe as follows, to wit:[Notary Public Mobile County State of Alabama]",
  "docLength" : 0,
  "language" : "EN",
  "status" : "SUBMITTED",
  "modifiedDate" : 1553733042237,
  "documentSet" : [ ],
  "preannotation" : [ ],
  "sentences" : [ {
    "id" : "s0",
    "begin" : 1,
    "end" : 513,
    "text" : "1, Mrs. Ida Guthrie, the widow of A. L. Guthrie, deceased, have bargained and sold, and by these presents do transfer and convey unto the said Guy Triplett and wife, Leah Triplett their heirs and assigns, a certain tract or parcel of land in the Second Civil District of Humphreys County, Tennessee, located about two (2) miles east of the Courthouse in Waverly, and on the North side of the Railroad right of way and the 01d Stage Road, describe as follows, to wit:[Notary Public Mobile County State of Alabama]",
    "tokens" : [ {
      "id" : "s0-t0",
      "begin" : 1,
      "end" : 2,
      "text" : "1",
      "whiteSpace" : false
    }, {
      "id" : "s0-t1",
      "begin" : 2,
      "end" : 3,
      "text" : ",",
      "whiteSpace" : false
    }, {
      "id" : "s0-t2",
      "begin" : 4,
      "end" : 8,
      "text" : "Mrs.",
      "whiteSpace" : false
    }, {
      "id" : "s0-t3",
      "begin" : 9,
      "end" : 12,
      "text" : "Ida",
      "whiteSpace" : false
    }, {
      "id" : "s0-t4",
      "begin" : 13,
      "end" : 20,
      "text" : "Guthrie",
      "whiteSpace" : false
    }, {
      "id" : "s0-t5",
      "begin" : 20,
      "end" : 21,
      "text" : ",",
      "whiteSpace" : false
    }, {
      "id" : "s0-t6",
      "begin" : 22,
      "end" : 25,
      "text" : "the",
      "whiteSpace" : false
    }, {
      "id" : "s0-t7",
      "begin" : 26,
      "end" : 31,
      "text" : "widow",
      "whiteSpace" : false
    }, {
      "id" : "s0-t8",
      "begin" : 32,
      "end" : 34,
      "text" : "of",
      "whiteSpace" : false
    }, {
      "id" : "s0-t9",
      "begin" : 35,
      "end" : 37,
      "text" : "A.",
      "whiteSpace" : false
    }, {
      "id" : "s0-t10",
      "begin" : 38,
      "end" : 40,
      "text" : "L.",
      "whiteSpace" : false
    }, {
      "id" : "s0-t11",
      "begin" : 41,
      "end" : 48,
      "text" : "Guthrie",
      "whiteSpace" : false
    }, {
      "id" : "s0-t12",
      "begin" : 48,
      "end" : 49,
      "text" : ",",
      "whiteSpace" : false
    }, {
      "id" : "s0-t13",
      "begin" : 50,
      "end" : 58,
      "text" : "deceased",
      "whiteSpace" : false
    }, {
      "id" : "s0-t14",
      "begin" : 58,
      "end" : 59,
      "text" : ",",
      "whiteSpace" : false
    }, {
      "id" : "s0-t15",
      "begin" : 60,
      "end" : 64,
      "text" : "have",
      "whiteSpace" : false
    }, {
      "id" : "s0-t16",
      "begin" : 65,
      "end" : 74,
      "text" : "bargained",
      "whiteSpace" : false
    }, {
      "id" : "s0-t17",
      "begin" : 75,
      "end" : 78,
      "text" : "and",
      "whiteSpace" : false
    }, {
      "id" : "s0-t18",
      "begin" : 79,
      "end" : 83,
      "text" : "sold",
      "whiteSpace" : false
    }, {
      "id" : "s0-t19",
      "begin" : 83,
      "end" : 84,
      "text" : ",",
      "whiteSpace" : false
    }, {
      "id" : "s0-t20",
      "begin" : 85,
      "end" : 88,
      "text" : "and",
      "whiteSpace" : false
    }, {
      "id" : "s0-t21",
      "begin" : 89,
      "end" : 91,
      "text" : "by",
      "whiteSpace" : false
    }, {
      "id" : "s0-t22",
      "begin" : 92,
      "end" : 97,
      "text" : "these",
      "whiteSpace" : false
    }, {
      "id" : "s0-t23",
      "begin" : 98,
      "end" : 106,
      "text" : "presents",
      "whiteSpace" : false
    }, {
      "id" : "s0-t24",
      "begin" : 107,
      "end" : 109,
      "text" : "do",
      "whiteSpace" : false
    }, {
      "id" : "s0-t25",
      "begin" : 110,
      "end" : 118,
      "text" : "transfer",
      "whiteSpace" : false
    }, {
      "id" : "s0-t26",
      "begin" : 119,
      "end" : 122,
      "text" : "and",
      "whiteSpace" : false
    }, {
      "id" : "s0-t27",
      "begin" : 123,
      "end" : 129,
      "text" : "convey",
      "whiteSpace" : false
    }, {
      "id" : "s0-t28",
      "begin" : 130,
      "end" : 134,
      "text" : "unto",
      "whiteSpace" : false
    }, {
      "id" : "s0-t29",
      "begin" : 135,
      "end" : 138,
      "text" : "the",
      "whiteSpace" : false
    }, {
      "id" : "s0-t30",
      "begin" : 139,
      "end" : 143,
      "text" : "said",
      "whiteSpace" : false
    }, {
      "id" : "s0-t31",
      "begin" : 144,
      "end" : 147,
      "text" : "Guy",
      "whiteSpace" : false
    }, {
      "id" : "s0-t32",
      "begin" : 148,
      "end" : 156,
      "text" : "Triplett",
      "whiteSpace" : false
    }, {
      "id" : "s0-t33",
      "begin" : 157,
      "end" : 160,
      "text" : "and",
      "whiteSpace" : false
    }, {
      "id" : "s0-t34",
      "begin" : 161,
      "end" : 165,
      "text" : "wife",
      "whiteSpace" : false
    }, {
      "id" : "s0-t35",
      "begin" : 165,
      "end" : 166,
      "text" : ",",
      "whiteSpace" : false
    }, {
      "id" : "s0-t36",
      "begin" : 167,
      "end" : 171,
      "text" : "Leah",
      "whiteSpace" : false
    }, {
      "id" : "s0-t37",
      "begin" : 172,
      "end" : 180,
      "text" : "Triplett",
      "whiteSpace" : false
    }, {
      "id" : "s0-t38",
      "begin" : 181,
      "end" : 186,
      "text" : "their",
      "whiteSpace" : false
    }, {
      "id" : "s0-t39",
      "begin" : 187,
      "end" : 192,
      "text" : "heirs",
      "whiteSpace" : false
    }, {
      "id" : "s0-t40",
      "begin" : 193,
      "end" : 196,
      "text" : "and",
      "whiteSpace" : false
    }, {
      "id" : "s0-t41",
      "begin" : 197,
      "end" : 204,
      "text" : "assigns",
      "whiteSpace" : false
    }, {
      "id" : "s0-t42",
      "begin" : 204,
      "end" : 205,
      "text" : ",",
      "whiteSpace" : false
    }, {
      "id" : "s0-t43",
      "begin" : 206,
      "end" : 207,
      "text" : "a",
      "whiteSpace" : false
    }, {
      "id" : "s0-t44",
      "begin" : 208,
      "end" : 215,
      "text" : "certain",
      "whiteSpace" : false
    }, {
      "id" : "s0-t45",
      "begin" : 216,
      "end" : 221,
      "text" : "tract",
      "whiteSpace" : false
    }, {
      "id" : "s0-t46",
      "begin" : 222,
      "end" : 224,
      "text" : "or",
      "whiteSpace" : false
    }, {
      "id" : "s0-t47",
      "begin" : 225,
      "end" : 231,
      "text" : "parcel",
      "whiteSpace" : false
    }, {
      "id" : "s0-t48",
      "begin" : 232,
      "end" : 234,
      "text" : "of",
      "whiteSpace" : false
    }, {
      "id" : "s0-t49",
      "begin" : 235,
      "end" : 239,
      "text" : "land",
      "whiteSpace" : false
    }, {
      "id" : "s0-t50",
      "begin" : 240,
      "end" : 242,
      "text" : "in",
      "whiteSpace" : false
    }, {
      "id" : "s0-t51",
      "begin" : 243,
      "end" : 246,
      "text" : "the",
      "whiteSpace" : false
    }, {
      "id" : "s0-t52",
      "begin" : 247,
      "end" : 253,
      "text" : "Second",
      "whiteSpace" : false
    }, {
      "id" : "s0-t53",
      "begin" : 254,
      "end" : 259,
      "text" : "Civil",
      "whiteSpace" : false
    }, {
      "id" : "s0-t54",
      "begin" : 260,
      "end" : 268,
      "text" : "District",
      "whiteSpace" : false
    }, {
      "id" : "s0-t55",
      "begin" : 269,
      "end" : 271,
      "text" : "of",
      "whiteSpace" : false
    }, {
      "id" : "s0-t56",
      "begin" : 272,
      "end" : 281,
      "text" : "Humphreys",
      "whiteSpace" : false
    }, {
      "id" : "s0-t57",
      "begin" : 282,
      "end" : 288,
      "text" : "County",
      "whiteSpace" : false
    }, {
      "id" : "s0-t58",
      "begin" : 288,
      "end" : 289,
      "text" : ",",
      "whiteSpace" : false
    }, {
      "id" : "s0-t59",
      "begin" : 290,
      "end" : 299,
      "text" : "Tennessee",
      "whiteSpace" : false
    }, {
      "id" : "s0-t60",
      "begin" : 299,
      "end" : 300,
      "text" : ",",
      "whiteSpace" : false
    }, {
      "id" : "s0-t61",
      "begin" : 301,
      "end" : 308,
      "text" : "located",
      "whiteSpace" : false
    }, {
      "id" : "s0-t62",
      "begin" : 309,
      "end" : 314,
      "text" : "about",
      "whiteSpace" : false
    }, {
      "id" : "s0-t63",
      "begin" : 315,
      "end" : 318,
      "text" : "two",
      "whiteSpace" : false
    }, {
      "id" : "s0-t64",
      "begin" : 319,
      "end" : 320,
      "text" : "(",
      "whiteSpace" : false
    }, {
      "id" : "s0-t65",
      "begin" : 320,
      "end" : 321,
      "text" : "2",
      "whiteSpace" : false
    }, {
      "id" : "s0-t66",
      "begin" : 321,
      "end" : 322,
      "text" : ")",
      "whiteSpace" : false
    }, {
      "id" : "s0-t67",
      "begin" : 323,
      "end" : 328,
      "text" : "miles",
      "whiteSpace" : false
    }, {
      "id" : "s0-t68",
      "begin" : 329,
      "end" : 333,
      "text" : "east",
      "whiteSpace" : false
    }, {
      "id" : "s0-t69",
      "begin" : 334,
      "end" : 336,
      "text" : "of",
      "whiteSpace" : false
    }, {
      "id" : "s0-t70",
      "begin" : 337,
      "end" : 340,
      "text" : "the",
      "whiteSpace" : false
    }, {
      "id" : "s0-t71",
      "begin" : 341,
      "end" : 351,
      "text" : "Courthouse",
      "whiteSpace" : false
    }, {
      "id" : "s0-t72",
      "begin" : 352,
      "end" : 354,
      "text" : "in",
      "whiteSpace" : false
    }, {
      "id" : "s0-t73",
      "begin" : 355,
      "end" : 362,
      "text" : "Waverly",
      "whiteSpace" : false
    }, {
      "id" : "s0-t74",
      "begin" : 362,
      "end" : 363,
      "text" : ",",
      "whiteSpace" : false
    }, {
      "id" : "s0-t75",
      "begin" : 364,
      "end" : 367,
      "text" : "and",
      "whiteSpace" : false
    }, {
      "id" : "s0-t76",
      "begin" : 368,
      "end" : 370,
      "text" : "on",
      "whiteSpace" : false
    }, {
      "id" : "s0-t77",
      "begin" : 371,
      "end" : 374,
      "text" : "the",
      "whiteSpace" : false
    }, {
      "id" : "s0-t78",
      "begin" : 375,
      "end" : 380,
      "text" : "North",
      "whiteSpace" : false
    }, {
      "id" : "s0-t79",
      "begin" : 381,
      "end" : 385,
      "text" : "side",
      "whiteSpace" : false
    }, {
      "id" : "s0-t80",
      "begin" : 386,
      "end" : 388,
      "text" : "of",
      "whiteSpace" : false
    }, {
      "id" : "s0-t81",
      "begin" : 389,
      "end" : 392,
      "text" : "the",
      "whiteSpace" : false
    }, {
      "id" : "s0-t82",
      "begin" : 393,
      "end" : 401,
      "text" : "Railroad",
      "whiteSpace" : false
    }, {
      "id" : "s0-t83",
      "begin" : 402,
      "end" : 407,
      "text" : "right",
      "whiteSpace" : false
    }, {
      "id" : "s0-t84",
      "begin" : 408,
      "end" : 410,
      "text" : "of",
      "whiteSpace" : false
    }, {
      "id" : "s0-t85",
      "begin" : 411,
      "end" : 414,
      "text" : "way",
      "whiteSpace" : false
    }, {
      "id" : "s0-t86",
      "begin" : 415,
      "end" : 418,
      "text" : "and",
      "whiteSpace" : false
    }, {
      "id" : "s0-t87",
      "begin" : 419,
      "end" : 422,
      "text" : "the",
      "whiteSpace" : false
    }, {
      "id" : "s0-t88",
      "begin" : 423,
      "end" : 426,
      "text" : "01d",
      "whiteSpace" : false
    }, {
      "id" : "s0-t89",
      "begin" : 427,
      "end" : 432,
      "text" : "Stage",
      "whiteSpace" : false
    }, {
      "id" : "s0-t90",
      "begin" : 433,
      "end" : 437,
      "text" : "Road",
      "whiteSpace" : false
    }, {
      "id" : "s0-t91",
      "begin" : 437,
      "end" : 438,
      "text" : ",",
      "whiteSpace" : false
    }, {
      "id" : "s0-t92",
      "begin" : 439,
      "end" : 447,
      "text" : "describe",
      "whiteSpace" : false
    }, {
      "id" : "s0-t93",
      "begin" : 448,
      "end" : 450,
      "text" : "as",
      "whiteSpace" : false
    }, {
      "id" : "s0-t94",
      "begin" : 451,
      "end" : 458,
      "text" : "follows",
      "whiteSpace" : false
    }, {
      "id" : "s0-t95",
      "begin" : 458,
      "end" : 459,
      "text" : ",",
      "whiteSpace" : false
    }, {
      "id" : "s0-t96",
      "begin" : 460,
      "end" : 462,
      "text" : "to",
      "whiteSpace" : false
    }, {
      "id" : "s0-t97",
      "begin" : 463,
      "end" : 466,
      "text" : "wit",
      "whiteSpace" : false
    }, {
      "id" : "s0-t98",
      "begin" : 466,
      "end" : 467,
      "text" : ":",
      "whiteSpace" : false
    }, {
      "id" : "s0-t99",
      "begin" : 467,
      "end" : 468,
      "text" : "[",
      "whiteSpace" : false
    }, {
      "id" : "s0-t100",
      "begin" : 468,
      "end" : 474,
      "text" : "Notary",
      "whiteSpace" : false
    }, {
      "id" : "s0-t101",
      "begin" : 475,
      "end" : 481,
      "text" : "Public",
      "whiteSpace" : false
    }, {
      "id" : "s0-t102",
      "begin" : 482,
      "end" : 488,
      "text" : "Mobile",
      "whiteSpace" : false
    }, {
      "id" : "s0-t103",
      "begin" : 489,
      "end" : 495,
      "text" : "County",
      "whiteSpace" : false
    }, {
      "id" : "s0-t104",
      "begin" : 496,
      "end" : 501,
      "text" : "State",
      "whiteSpace" : false
    }, {
      "id" : "s0-t105",
      "begin" : 502,
      "end" : 504,
      "text" : "of",
      "whiteSpace" : false
    }, {
      "id" : "s0-t106",
      "begin" : 505,
      "end" : 512,
      "text" : "Alabama",
      "whiteSpace" : false
    }, {
      "id" : "s0-t107",
      "begin" : 512,
      "end" : 513,
      "text" : "]",
      "whiteSpace" : false
    } ]
  } ],
  "mentions" : [ {
    "id" : "s0-m2",
    "properties" : {
      "SIRE_MENTION_ROLE" : "Grantor",
      "SIRE_ENTITY_SUBTYPE" : "NONE",
      "SIRE_MENTION_TYPE" : "NONE",
      "SIRE_MENTION_CLASS" : "SPC"
    },
    "type" : "Grantor",
    "begin" : 4,
    "end" : 20,
    "inCoref" : false
  }, {
    "id" : "s0-m4",
    "properties" : {
      "SIRE_MENTION_ROLE" : "Grantor",
      "SIRE_ENTITY_SUBTYPE" : "NONE",
      "SIRE_MENTION_TYPE" : "NONE",
      "SIRE_MENTION_CLASS" : "SPC"
    },
    "type" : "Grantor",
    "begin" : 35,
    "end" : 48,
    "inCoref" : false
  }, {
    "id" : "s0-m1",
    "properties" : {
      "SIRE_MENTION_ROLE" : "Grantee",
      "SIRE_ENTITY_SUBTYPE" : "NONE",
      "SIRE_MENTION_TYPE" : "NONE",
      "SIRE_MENTION_CLASS" : "SPC"
    },
    "type" : "Grantee",
    "begin" : 144,
    "end" : 156,
    "inCoref" : false
  }, {
    "id" : "s0-m3",
    "properties" : {
      "SIRE_MENTION_ROLE" : "Grantee",
      "SIRE_ENTITY_SUBTYPE" : "NONE",
      "SIRE_MENTION_TYPE" : "NONE",
      "SIRE_MENTION_CLASS" : "SPC"
    },
    "type" : "Grantee",
    "begin" : 167,
    "end" : 180,
    "inCoref" : false
  } ],
  "relations" : [ ],
  "corefs" : [ ],
  "typeResolved" : true,
  "userResolved" : false
}