{
  "id" : "11314c00-50ef-11e9-9b8e-4bc9d96d3dde-6",
  "name" : "WD148-Page-204.txt",
  "createdDate" : 1553732332736,
  "version" : 3,
  "text" : "I, LEAH TRIPLETT have bargained and sold, and by these presents do transfer and convey unto the said \"2:7ﬂ'lt-léy's‘.w‘:-¥2X9}Z'(' frm'mwtx'oxizfb‘ﬁkzarmﬂ' their Richard Kev1n Hicks, Sr. and wife Shelia Joyce Hicks,mhhmdnnmsacummtmm or parcel of land in Second Civil District of Humphreys County, State of Tennessee, as follows: This being a certain parcel of land in the Second Civil District of Humphreys County, Tennessee, ",
  "docLength" : 0,
  "language" : "EN",
  "status" : "SUBMITTED",
  "modifiedDate" : 1553733186054,
  "documentSet" : [ ],
  "preannotation" : [ ],
  "sentences" : [ {
    "id" : "s0",
    "begin" : 0,
    "end" : 425,
    "text" : "I, LEAH TRIPLETT have bargained and sold, and by these presents do transfer and convey unto the said \"2:7ﬂ'lt-léy's‘.w‘:-¥2X9}Z'(' frm'mwtx'oxizfb‘ﬁkzarmﬂ' their Richard Kev1n Hicks, Sr. and wife Shelia Joyce Hicks,mhhmdnnmsacummtmm or parcel of land in Second Civil District of Humphreys County, State of Tennessee, as follows: This being a certain parcel of land in the Second Civil District of Humphreys County, Tennessee,",
    "tokens" : [ {
      "id" : "s0-t0",
      "begin" : 0,
      "end" : 1,
      "text" : "I",
      "whiteSpace" : false
    }, {
      "id" : "s0-t1",
      "begin" : 1,
      "end" : 2,
      "text" : ",",
      "whiteSpace" : false
    }, {
      "id" : "s0-t2",
      "begin" : 3,
      "end" : 7,
      "text" : "LEAH",
      "whiteSpace" : false
    }, {
      "id" : "s0-t3",
      "begin" : 8,
      "end" : 16,
      "text" : "TRIPLETT",
      "whiteSpace" : false
    }, {
      "id" : "s0-t4",
      "begin" : 17,
      "end" : 21,
      "text" : "have",
      "whiteSpace" : false
    }, {
      "id" : "s0-t5",
      "begin" : 22,
      "end" : 31,
      "text" : "bargained",
      "whiteSpace" : false
    }, {
      "id" : "s0-t6",
      "begin" : 32,
      "end" : 35,
      "text" : "and",
      "whiteSpace" : false
    }, {
      "id" : "s0-t7",
      "begin" : 36,
      "end" : 40,
      "text" : "sold",
      "whiteSpace" : false
    }, {
      "id" : "s0-t8",
      "begin" : 40,
      "end" : 41,
      "text" : ",",
      "whiteSpace" : false
    }, {
      "id" : "s0-t9",
      "begin" : 42,
      "end" : 45,
      "text" : "and",
      "whiteSpace" : false
    }, {
      "id" : "s0-t10",
      "begin" : 46,
      "end" : 48,
      "text" : "by",
      "whiteSpace" : false
    }, {
      "id" : "s0-t11",
      "begin" : 49,
      "end" : 54,
      "text" : "these",
      "whiteSpace" : false
    }, {
      "id" : "s0-t12",
      "begin" : 55,
      "end" : 63,
      "text" : "presents",
      "whiteSpace" : false
    }, {
      "id" : "s0-t13",
      "begin" : 64,
      "end" : 66,
      "text" : "do",
      "whiteSpace" : false
    }, {
      "id" : "s0-t14",
      "begin" : 67,
      "end" : 75,
      "text" : "transfer",
      "whiteSpace" : false
    }, {
      "id" : "s0-t15",
      "begin" : 76,
      "end" : 79,
      "text" : "and",
      "whiteSpace" : false
    }, {
      "id" : "s0-t16",
      "begin" : 80,
      "end" : 86,
      "text" : "convey",
      "whiteSpace" : false
    }, {
      "id" : "s0-t17",
      "begin" : 87,
      "end" : 91,
      "text" : "unto",
      "whiteSpace" : false
    }, {
      "id" : "s0-t18",
      "begin" : 92,
      "end" : 95,
      "text" : "the",
      "whiteSpace" : false
    }, {
      "id" : "s0-t19",
      "begin" : 96,
      "end" : 100,
      "text" : "said",
      "whiteSpace" : false
    }, {
      "id" : "s0-t20",
      "begin" : 101,
      "end" : 102,
      "text" : "\"",
      "whiteSpace" : false
    }, {
      "id" : "s0-t21",
      "begin" : 102,
      "end" : 119,
      "text" : "2:7ﬂ'lt-léy's‘.w‘",
      "whiteSpace" : false
    }, {
      "id" : "s0-t22",
      "begin" : 119,
      "end" : 120,
      "text" : ":",
      "whiteSpace" : false
    }, {
      "id" : "s0-t23",
      "begin" : 120,
      "end" : 121,
      "text" : "-",
      "whiteSpace" : false
    }, {
      "id" : "s0-t24",
      "begin" : 121,
      "end" : 122,
      "text" : "¥",
      "whiteSpace" : false
    }, {
      "id" : "s0-t25",
      "begin" : 122,
      "end" : 125,
      "text" : "2X9",
      "whiteSpace" : false
    }, {
      "id" : "s0-t26",
      "begin" : 125,
      "end" : 126,
      "text" : "}",
      "whiteSpace" : false
    }, {
      "id" : "s0-t27",
      "begin" : 126,
      "end" : 127,
      "text" : "Z",
      "whiteSpace" : false
    }, {
      "id" : "s0-t28",
      "begin" : 127,
      "end" : 128,
      "text" : "'",
      "whiteSpace" : false
    }, {
      "id" : "s0-t29",
      "begin" : 128,
      "end" : 129,
      "text" : "(",
      "whiteSpace" : false
    }, {
      "id" : "s0-t30",
      "begin" : 129,
      "end" : 130,
      "text" : "'",
      "whiteSpace" : false
    }, {
      "id" : "s0-t31",
      "begin" : 131,
      "end" : 154,
      "text" : "frm'mwtx'oxizfb‘ﬁkzarmﬂ",
      "whiteSpace" : false
    }, {
      "id" : "s0-t32",
      "begin" : 154,
      "end" : 155,
      "text" : "'",
      "whiteSpace" : false
    }, {
      "id" : "s0-t33",
      "begin" : 156,
      "end" : 161,
      "text" : "their",
      "whiteSpace" : false
    }, {
      "id" : "s0-t34",
      "begin" : 162,
      "end" : 169,
      "text" : "Richard",
      "whiteSpace" : false
    }, {
      "id" : "s0-t35",
      "begin" : 170,
      "end" : 175,
      "text" : "Kev1n",
      "whiteSpace" : false
    }, {
      "id" : "s0-t36",
      "begin" : 176,
      "end" : 181,
      "text" : "Hicks",
      "whiteSpace" : false
    }, {
      "id" : "s0-t37",
      "begin" : 181,
      "end" : 182,
      "text" : ",",
      "whiteSpace" : false
    }, {
      "id" : "s0-t38",
      "begin" : 183,
      "end" : 186,
      "text" : "Sr.",
      "whiteSpace" : false
    }, {
      "id" : "s0-t39",
      "begin" : 187,
      "end" : 190,
      "text" : "and",
      "whiteSpace" : false
    }, {
      "id" : "s0-t40",
      "begin" : 191,
      "end" : 195,
      "text" : "wife",
      "whiteSpace" : false
    }, {
      "id" : "s0-t41",
      "begin" : 196,
      "end" : 202,
      "text" : "Shelia",
      "whiteSpace" : false
    }, {
      "id" : "s0-t42",
      "begin" : 203,
      "end" : 208,
      "text" : "Joyce",
      "whiteSpace" : false
    }, {
      "id" : "s0-t43",
      "begin" : 209,
      "end" : 214,
      "text" : "Hicks",
      "whiteSpace" : false
    }, {
      "id" : "s0-t44",
      "begin" : 214,
      "end" : 215,
      "text" : ",",
      "whiteSpace" : false
    }, {
      "id" : "s0-t45",
      "begin" : 215,
      "end" : 232,
      "text" : "mhhmdnnmsacummtmm",
      "whiteSpace" : false
    }, {
      "id" : "s0-t46",
      "begin" : 233,
      "end" : 235,
      "text" : "or",
      "whiteSpace" : false
    }, {
      "id" : "s0-t47",
      "begin" : 236,
      "end" : 242,
      "text" : "parcel",
      "whiteSpace" : false
    }, {
      "id" : "s0-t48",
      "begin" : 243,
      "end" : 245,
      "text" : "of",
      "whiteSpace" : false
    }, {
      "id" : "s0-t49",
      "begin" : 246,
      "end" : 250,
      "text" : "land",
      "whiteSpace" : false
    }, {
      "id" : "s0-t50",
      "begin" : 251,
      "end" : 253,
      "text" : "in",
      "whiteSpace" : false
    }, {
      "id" : "s0-t51",
      "begin" : 254,
      "end" : 260,
      "text" : "Second",
      "whiteSpace" : false
    }, {
      "id" : "s0-t52",
      "begin" : 261,
      "end" : 266,
      "text" : "Civil",
      "whiteSpace" : false
    }, {
      "id" : "s0-t53",
      "begin" : 267,
      "end" : 275,
      "text" : "District",
      "whiteSpace" : false
    }, {
      "id" : "s0-t54",
      "begin" : 276,
      "end" : 278,
      "text" : "of",
      "whiteSpace" : false
    }, {
      "id" : "s0-t55",
      "begin" : 279,
      "end" : 288,
      "text" : "Humphreys",
      "whiteSpace" : false
    }, {
      "id" : "s0-t56",
      "begin" : 289,
      "end" : 295,
      "text" : "County",
      "whiteSpace" : false
    }, {
      "id" : "s0-t57",
      "begin" : 295,
      "end" : 296,
      "text" : ",",
      "whiteSpace" : false
    }, {
      "id" : "s0-t58",
      "begin" : 297,
      "end" : 302,
      "text" : "State",
      "whiteSpace" : false
    }, {
      "id" : "s0-t59",
      "begin" : 303,
      "end" : 305,
      "text" : "of",
      "whiteSpace" : false
    }, {
      "id" : "s0-t60",
      "begin" : 306,
      "end" : 315,
      "text" : "Tennessee",
      "whiteSpace" : false
    }, {
      "id" : "s0-t61",
      "begin" : 315,
      "end" : 316,
      "text" : ",",
      "whiteSpace" : false
    }, {
      "id" : "s0-t62",
      "begin" : 317,
      "end" : 319,
      "text" : "as",
      "whiteSpace" : false
    }, {
      "id" : "s0-t63",
      "begin" : 320,
      "end" : 327,
      "text" : "follows",
      "whiteSpace" : false
    }, {
      "id" : "s0-t64",
      "begin" : 327,
      "end" : 328,
      "text" : ":",
      "whiteSpace" : false
    }, {
      "id" : "s0-t65",
      "begin" : 329,
      "end" : 333,
      "text" : "This",
      "whiteSpace" : false
    }, {
      "id" : "s0-t66",
      "begin" : 334,
      "end" : 339,
      "text" : "being",
      "whiteSpace" : false
    }, {
      "id" : "s0-t67",
      "begin" : 340,
      "end" : 341,
      "text" : "a",
      "whiteSpace" : false
    }, {
      "id" : "s0-t68",
      "begin" : 342,
      "end" : 349,
      "text" : "certain",
      "whiteSpace" : false
    }, {
      "id" : "s0-t69",
      "begin" : 350,
      "end" : 356,
      "text" : "parcel",
      "whiteSpace" : false
    }, {
      "id" : "s0-t70",
      "begin" : 357,
      "end" : 359,
      "text" : "of",
      "whiteSpace" : false
    }, {
      "id" : "s0-t71",
      "begin" : 360,
      "end" : 364,
      "text" : "land",
      "whiteSpace" : false
    }, {
      "id" : "s0-t72",
      "begin" : 365,
      "end" : 367,
      "text" : "in",
      "whiteSpace" : false
    }, {
      "id" : "s0-t73",
      "begin" : 368,
      "end" : 371,
      "text" : "the",
      "whiteSpace" : false
    }, {
      "id" : "s0-t74",
      "begin" : 372,
      "end" : 378,
      "text" : "Second",
      "whiteSpace" : false
    }, {
      "id" : "s0-t75",
      "begin" : 379,
      "end" : 384,
      "text" : "Civil",
      "whiteSpace" : false
    }, {
      "id" : "s0-t76",
      "begin" : 385,
      "end" : 393,
      "text" : "District",
      "whiteSpace" : false
    }, {
      "id" : "s0-t77",
      "begin" : 394,
      "end" : 396,
      "text" : "of",
      "whiteSpace" : false
    }, {
      "id" : "s0-t78",
      "begin" : 397,
      "end" : 406,
      "text" : "Humphreys",
      "whiteSpace" : false
    }, {
      "id" : "s0-t79",
      "begin" : 407,
      "end" : 413,
      "text" : "County",
      "whiteSpace" : false
    }, {
      "id" : "s0-t80",
      "begin" : 413,
      "end" : 414,
      "text" : ",",
      "whiteSpace" : false
    }, {
      "id" : "s0-t81",
      "begin" : 415,
      "end" : 424,
      "text" : "Tennessee",
      "whiteSpace" : false
    }, {
      "id" : "s0-t82",
      "begin" : 424,
      "end" : 425,
      "text" : ",",
      "whiteSpace" : false
    } ]
  } ],
  "mentions" : [ {
    "id" : "s0-m1",
    "properties" : {
      "SIRE_MENTION_ROLE" : "Grantor",
      "SIRE_ENTITY_SUBTYPE" : "NONE",
      "SIRE_MENTION_TYPE" : "NONE",
      "SIRE_MENTION_CLASS" : "SPC"
    },
    "type" : "Grantor",
    "begin" : 3,
    "end" : 16,
    "inCoref" : false
  }, {
    "id" : "s0-m2",
    "properties" : {
      "SIRE_MENTION_ROLE" : "Grantee",
      "SIRE_ENTITY_SUBTYPE" : "NONE",
      "SIRE_MENTION_TYPE" : "NONE",
      "SIRE_MENTION_CLASS" : "SPC"
    },
    "type" : "Grantee",
    "begin" : 162,
    "end" : 186,
    "inCoref" : false
  }, {
    "id" : "s0-m3",
    "properties" : {
      "SIRE_MENTION_ROLE" : "Grantee",
      "SIRE_ENTITY_SUBTYPE" : "NONE",
      "SIRE_MENTION_TYPE" : "NONE",
      "SIRE_MENTION_CLASS" : "SPC"
    },
    "type" : "Grantee",
    "begin" : 196,
    "end" : 214,
    "inCoref" : false
  } ],
  "relations" : [ ],
  "corefs" : [ ],
  "typeResolved" : true,
  "userResolved" : false
}