{
  "id" : "267f8d10-50ef-11e9-9b8e-4bc9d96d3dde-1",
  "name" : "WD84-45.txt",
  "createdDate" : 1553732368481,
  "version" : 3,
  "text" : "For and in Consideration of the sum of ONE ($1.00) Dollars, Cash in hand paid by CHARLES B. GENTRY, JR., the receipt of which is hereby acknowledged, and other good and valuable considerations, We, BETHEL GENTRY and wife, ZORETA GENTRY, this day have bargained and sold, and by these presents do transfer and convey unto the said CHARLES B. GENTRY, JR., his heirs and assigns, a certain tract or parcel of land in Humphreys County, State of Tennessee, as follows",
  "docLength" : 0,
  "language" : "EN",
  "status" : "SUBMITTED",
  "modifiedDate" : 1553734433393,
  "documentSet" : [ ],
  "preannotation" : [ ],
  "sentences" : [ {
    "id" : "s0",
    "begin" : 0,
    "end" : 462,
    "text" : "For and in Consideration of the sum of ONE ($1.00) Dollars, Cash in hand paid by CHARLES B. GENTRY, JR., the receipt of which is hereby acknowledged, and other good and valuable considerations, We, BETHEL GENTRY and wife, ZORETA GENTRY, this day have bargained and sold, and by these presents do transfer and convey unto the said CHARLES B. GENTRY, JR., his heirs and assigns, a certain tract or parcel of land in Humphreys County, State of Tennessee, as follows",
    "tokens" : [ {
      "id" : "s0-t0",
      "begin" : 0,
      "end" : 3,
      "text" : "For",
      "whiteSpace" : false
    }, {
      "id" : "s0-t1",
      "begin" : 4,
      "end" : 7,
      "text" : "and",
      "whiteSpace" : false
    }, {
      "id" : "s0-t2",
      "begin" : 8,
      "end" : 10,
      "text" : "in",
      "whiteSpace" : false
    }, {
      "id" : "s0-t3",
      "begin" : 11,
      "end" : 24,
      "text" : "Consideration",
      "whiteSpace" : false
    }, {
      "id" : "s0-t4",
      "begin" : 25,
      "end" : 27,
      "text" : "of",
      "whiteSpace" : false
    }, {
      "id" : "s0-t5",
      "begin" : 28,
      "end" : 31,
      "text" : "the",
      "whiteSpace" : false
    }, {
      "id" : "s0-t6",
      "begin" : 32,
      "end" : 35,
      "text" : "sum",
      "whiteSpace" : false
    }, {
      "id" : "s0-t7",
      "begin" : 36,
      "end" : 38,
      "text" : "of",
      "whiteSpace" : false
    }, {
      "id" : "s0-t8",
      "begin" : 39,
      "end" : 42,
      "text" : "ONE",
      "whiteSpace" : false
    }, {
      "id" : "s0-t9",
      "begin" : 43,
      "end" : 44,
      "text" : "(",
      "whiteSpace" : false
    }, {
      "id" : "s0-t10",
      "begin" : 44,
      "end" : 45,
      "text" : "$",
      "whiteSpace" : false
    }, {
      "id" : "s0-t11",
      "begin" : 45,
      "end" : 49,
      "text" : "1.00",
      "whiteSpace" : false
    }, {
      "id" : "s0-t12",
      "begin" : 49,
      "end" : 50,
      "text" : ")",
      "whiteSpace" : false
    }, {
      "id" : "s0-t13",
      "begin" : 51,
      "end" : 58,
      "text" : "Dollars",
      "whiteSpace" : false
    }, {
      "id" : "s0-t14",
      "begin" : 58,
      "end" : 59,
      "text" : ",",
      "whiteSpace" : false
    }, {
      "id" : "s0-t15",
      "begin" : 60,
      "end" : 64,
      "text" : "Cash",
      "whiteSpace" : false
    }, {
      "id" : "s0-t16",
      "begin" : 65,
      "end" : 67,
      "text" : "in",
      "whiteSpace" : false
    }, {
      "id" : "s0-t17",
      "begin" : 68,
      "end" : 72,
      "text" : "hand",
      "whiteSpace" : false
    }, {
      "id" : "s0-t18",
      "begin" : 73,
      "end" : 77,
      "text" : "paid",
      "whiteSpace" : false
    }, {
      "id" : "s0-t19",
      "begin" : 78,
      "end" : 80,
      "text" : "by",
      "whiteSpace" : false
    }, {
      "id" : "s0-t20",
      "begin" : 81,
      "end" : 88,
      "text" : "CHARLES",
      "whiteSpace" : false
    }, {
      "id" : "s0-t21",
      "begin" : 89,
      "end" : 91,
      "text" : "B.",
      "whiteSpace" : false
    }, {
      "id" : "s0-t22",
      "begin" : 92,
      "end" : 98,
      "text" : "GENTRY",
      "whiteSpace" : false
    }, {
      "id" : "s0-t23",
      "begin" : 98,
      "end" : 99,
      "text" : ",",
      "whiteSpace" : false
    }, {
      "id" : "s0-t24",
      "begin" : 100,
      "end" : 103,
      "text" : "JR.",
      "whiteSpace" : false
    }, {
      "id" : "s0-t25",
      "begin" : 103,
      "end" : 104,
      "text" : ",",
      "whiteSpace" : false
    }, {
      "id" : "s0-t26",
      "begin" : 105,
      "end" : 108,
      "text" : "the",
      "whiteSpace" : false
    }, {
      "id" : "s0-t27",
      "begin" : 109,
      "end" : 116,
      "text" : "receipt",
      "whiteSpace" : false
    }, {
      "id" : "s0-t28",
      "begin" : 117,
      "end" : 119,
      "text" : "of",
      "whiteSpace" : false
    }, {
      "id" : "s0-t29",
      "begin" : 120,
      "end" : 125,
      "text" : "which",
      "whiteSpace" : false
    }, {
      "id" : "s0-t30",
      "begin" : 126,
      "end" : 128,
      "text" : "is",
      "whiteSpace" : false
    }, {
      "id" : "s0-t31",
      "begin" : 129,
      "end" : 135,
      "text" : "hereby",
      "whiteSpace" : false
    }, {
      "id" : "s0-t32",
      "begin" : 136,
      "end" : 148,
      "text" : "acknowledged",
      "whiteSpace" : false
    }, {
      "id" : "s0-t33",
      "begin" : 148,
      "end" : 149,
      "text" : ",",
      "whiteSpace" : false
    }, {
      "id" : "s0-t34",
      "begin" : 150,
      "end" : 153,
      "text" : "and",
      "whiteSpace" : false
    }, {
      "id" : "s0-t35",
      "begin" : 154,
      "end" : 159,
      "text" : "other",
      "whiteSpace" : false
    }, {
      "id" : "s0-t36",
      "begin" : 160,
      "end" : 164,
      "text" : "good",
      "whiteSpace" : false
    }, {
      "id" : "s0-t37",
      "begin" : 165,
      "end" : 168,
      "text" : "and",
      "whiteSpace" : false
    }, {
      "id" : "s0-t38",
      "begin" : 169,
      "end" : 177,
      "text" : "valuable",
      "whiteSpace" : false
    }, {
      "id" : "s0-t39",
      "begin" : 178,
      "end" : 192,
      "text" : "considerations",
      "whiteSpace" : false
    }, {
      "id" : "s0-t40",
      "begin" : 192,
      "end" : 193,
      "text" : ",",
      "whiteSpace" : false
    }, {
      "id" : "s0-t41",
      "begin" : 194,
      "end" : 196,
      "text" : "We",
      "whiteSpace" : false
    }, {
      "id" : "s0-t42",
      "begin" : 196,
      "end" : 197,
      "text" : ",",
      "whiteSpace" : false
    }, {
      "id" : "s0-t43",
      "begin" : 198,
      "end" : 204,
      "text" : "BETHEL",
      "whiteSpace" : false
    }, {
      "id" : "s0-t44",
      "begin" : 205,
      "end" : 211,
      "text" : "GENTRY",
      "whiteSpace" : false
    }, {
      "id" : "s0-t45",
      "begin" : 212,
      "end" : 215,
      "text" : "and",
      "whiteSpace" : false
    }, {
      "id" : "s0-t46",
      "begin" : 216,
      "end" : 220,
      "text" : "wife",
      "whiteSpace" : false
    }, {
      "id" : "s0-t47",
      "begin" : 220,
      "end" : 221,
      "text" : ",",
      "whiteSpace" : false
    }, {
      "id" : "s0-t48",
      "begin" : 222,
      "end" : 228,
      "text" : "ZORETA",
      "whiteSpace" : false
    }, {
      "id" : "s0-t49",
      "begin" : 229,
      "end" : 235,
      "text" : "GENTRY",
      "whiteSpace" : false
    }, {
      "id" : "s0-t50",
      "begin" : 235,
      "end" : 236,
      "text" : ",",
      "whiteSpace" : false
    }, {
      "id" : "s0-t51",
      "begin" : 237,
      "end" : 241,
      "text" : "this",
      "whiteSpace" : false
    }, {
      "id" : "s0-t52",
      "begin" : 242,
      "end" : 245,
      "text" : "day",
      "whiteSpace" : false
    }, {
      "id" : "s0-t53",
      "begin" : 246,
      "end" : 250,
      "text" : "have",
      "whiteSpace" : false
    }, {
      "id" : "s0-t54",
      "begin" : 251,
      "end" : 260,
      "text" : "bargained",
      "whiteSpace" : false
    }, {
      "id" : "s0-t55",
      "begin" : 261,
      "end" : 264,
      "text" : "and",
      "whiteSpace" : false
    }, {
      "id" : "s0-t56",
      "begin" : 265,
      "end" : 269,
      "text" : "sold",
      "whiteSpace" : false
    }, {
      "id" : "s0-t57",
      "begin" : 269,
      "end" : 270,
      "text" : ",",
      "whiteSpace" : false
    }, {
      "id" : "s0-t58",
      "begin" : 271,
      "end" : 274,
      "text" : "and",
      "whiteSpace" : false
    }, {
      "id" : "s0-t59",
      "begin" : 275,
      "end" : 277,
      "text" : "by",
      "whiteSpace" : false
    }, {
      "id" : "s0-t60",
      "begin" : 278,
      "end" : 283,
      "text" : "these",
      "whiteSpace" : false
    }, {
      "id" : "s0-t61",
      "begin" : 284,
      "end" : 292,
      "text" : "presents",
      "whiteSpace" : false
    }, {
      "id" : "s0-t62",
      "begin" : 293,
      "end" : 295,
      "text" : "do",
      "whiteSpace" : false
    }, {
      "id" : "s0-t63",
      "begin" : 296,
      "end" : 304,
      "text" : "transfer",
      "whiteSpace" : false
    }, {
      "id" : "s0-t64",
      "begin" : 305,
      "end" : 308,
      "text" : "and",
      "whiteSpace" : false
    }, {
      "id" : "s0-t65",
      "begin" : 309,
      "end" : 315,
      "text" : "convey",
      "whiteSpace" : false
    }, {
      "id" : "s0-t66",
      "begin" : 316,
      "end" : 320,
      "text" : "unto",
      "whiteSpace" : false
    }, {
      "id" : "s0-t67",
      "begin" : 321,
      "end" : 324,
      "text" : "the",
      "whiteSpace" : false
    }, {
      "id" : "s0-t68",
      "begin" : 325,
      "end" : 329,
      "text" : "said",
      "whiteSpace" : false
    }, {
      "id" : "s0-t69",
      "begin" : 330,
      "end" : 337,
      "text" : "CHARLES",
      "whiteSpace" : false
    }, {
      "id" : "s0-t70",
      "begin" : 338,
      "end" : 340,
      "text" : "B.",
      "whiteSpace" : false
    }, {
      "id" : "s0-t71",
      "begin" : 341,
      "end" : 347,
      "text" : "GENTRY",
      "whiteSpace" : false
    }, {
      "id" : "s0-t72",
      "begin" : 347,
      "end" : 348,
      "text" : ",",
      "whiteSpace" : false
    }, {
      "id" : "s0-t73",
      "begin" : 349,
      "end" : 352,
      "text" : "JR.",
      "whiteSpace" : false
    }, {
      "id" : "s0-t74",
      "begin" : 352,
      "end" : 353,
      "text" : ",",
      "whiteSpace" : false
    }, {
      "id" : "s0-t75",
      "begin" : 354,
      "end" : 357,
      "text" : "his",
      "whiteSpace" : false
    }, {
      "id" : "s0-t76",
      "begin" : 358,
      "end" : 363,
      "text" : "heirs",
      "whiteSpace" : false
    }, {
      "id" : "s0-t77",
      "begin" : 364,
      "end" : 367,
      "text" : "and",
      "whiteSpace" : false
    }, {
      "id" : "s0-t78",
      "begin" : 368,
      "end" : 375,
      "text" : "assigns",
      "whiteSpace" : false
    }, {
      "id" : "s0-t79",
      "begin" : 375,
      "end" : 376,
      "text" : ",",
      "whiteSpace" : false
    }, {
      "id" : "s0-t80",
      "begin" : 377,
      "end" : 378,
      "text" : "a",
      "whiteSpace" : false
    }, {
      "id" : "s0-t81",
      "begin" : 379,
      "end" : 386,
      "text" : "certain",
      "whiteSpace" : false
    }, {
      "id" : "s0-t82",
      "begin" : 387,
      "end" : 392,
      "text" : "tract",
      "whiteSpace" : false
    }, {
      "id" : "s0-t83",
      "begin" : 393,
      "end" : 395,
      "text" : "or",
      "whiteSpace" : false
    }, {
      "id" : "s0-t84",
      "begin" : 396,
      "end" : 402,
      "text" : "parcel",
      "whiteSpace" : false
    }, {
      "id" : "s0-t85",
      "begin" : 403,
      "end" : 405,
      "text" : "of",
      "whiteSpace" : false
    }, {
      "id" : "s0-t86",
      "begin" : 406,
      "end" : 410,
      "text" : "land",
      "whiteSpace" : false
    }, {
      "id" : "s0-t87",
      "begin" : 411,
      "end" : 413,
      "text" : "in",
      "whiteSpace" : false
    }, {
      "id" : "s0-t88",
      "begin" : 414,
      "end" : 423,
      "text" : "Humphreys",
      "whiteSpace" : false
    }, {
      "id" : "s0-t89",
      "begin" : 424,
      "end" : 430,
      "text" : "County",
      "whiteSpace" : false
    }, {
      "id" : "s0-t90",
      "begin" : 430,
      "end" : 431,
      "text" : ",",
      "whiteSpace" : false
    }, {
      "id" : "s0-t91",
      "begin" : 432,
      "end" : 437,
      "text" : "State",
      "whiteSpace" : false
    }, {
      "id" : "s0-t92",
      "begin" : 438,
      "end" : 440,
      "text" : "of",
      "whiteSpace" : false
    }, {
      "id" : "s0-t93",
      "begin" : 441,
      "end" : 450,
      "text" : "Tennessee",
      "whiteSpace" : false
    }, {
      "id" : "s0-t94",
      "begin" : 450,
      "end" : 451,
      "text" : ",",
      "whiteSpace" : false
    }, {
      "id" : "s0-t95",
      "begin" : 452,
      "end" : 454,
      "text" : "as",
      "whiteSpace" : false
    }, {
      "id" : "s0-t96",
      "begin" : 455,
      "end" : 462,
      "text" : "follows",
      "whiteSpace" : false
    } ]
  } ],
  "mentions" : [ {
    "id" : "s0-m1",
    "properties" : {
      "SIRE_MENTION_ROLE" : "Grantee",
      "SIRE_ENTITY_SUBTYPE" : "NONE",
      "SIRE_MENTION_TYPE" : "NONE",
      "SIRE_MENTION_CLASS" : "SPC"
    },
    "type" : "Grantee",
    "begin" : 81,
    "end" : 103,
    "inCoref" : false
  }, {
    "id" : "s0-m2",
    "properties" : {
      "SIRE_MENTION_ROLE" : "Grantor",
      "SIRE_ENTITY_SUBTYPE" : "NONE",
      "SIRE_MENTION_TYPE" : "NONE",
      "SIRE_MENTION_CLASS" : "SPC"
    },
    "type" : "Grantor",
    "begin" : 198,
    "end" : 211,
    "inCoref" : false
  }, {
    "id" : "s0-m3",
    "properties" : {
      "SIRE_MENTION_ROLE" : "Grantor",
      "SIRE_ENTITY_SUBTYPE" : "NONE",
      "SIRE_MENTION_TYPE" : "NONE",
      "SIRE_MENTION_CLASS" : "SPC"
    },
    "type" : "Grantor",
    "begin" : 222,
    "end" : 235,
    "inCoref" : false
  }, {
    "id" : "s0-m4",
    "properties" : {
      "SIRE_MENTION_ROLE" : "Grantee",
      "SIRE_ENTITY_SUBTYPE" : "NONE",
      "SIRE_MENTION_TYPE" : "NONE",
      "SIRE_MENTION_CLASS" : "SPC"
    },
    "type" : "Grantee",
    "begin" : 330,
    "end" : 352,
    "inCoref" : false
  } ],
  "relations" : [ ],
  "corefs" : [ ],
  "typeResolved" : true,
  "userResolved" : false
}