{
  "id" : "3a6dc8f0-50ef-11e9-9b8e-4bc9d96d3dde-14",
  "name" : "WD202-1874.txt",
  "createdDate" : 1553732401919,
  "version" : 3,
  "text" : " TRUST, receipt of which is hereby acknowledged, I, JUDY C. BOSWELL, a widower, have bargained and sold, and by these presents do transfer and convey unto the said LEE A. MATHIS, TRUSTEE OF THE LEE A. MATHIS GENERATION SKIPPING TRUST; LUANNE M. GREER, TRUSTEE OF THE LUANNE M. GREER GENERATION SKIPPING TRUST AND DONNA M. STOCK, TRUSTEE OF THE DONNA M. STOCK GENERATION SKIPPING TRUST, and assigns, a certain tract or parcel of land as follows",
  "docLength" : 0,
  "language" : "EN",
  "status" : "SUBMITTED",
  "modifiedDate" : 1553735647716,
  "documentSet" : [ ],
  "preannotation" : [ ],
  "sentences" : [ {
    "id" : "s0",
    "begin" : 1,
    "end" : 443,
    "text" : "TRUST, receipt of which is hereby acknowledged, I, JUDY C. BOSWELL, a widower, have bargained and sold, and by these presents do transfer and convey unto the said LEE A. MATHIS, TRUSTEE OF THE LEE A. MATHIS GENERATION SKIPPING TRUST; LUANNE M. GREER, TRUSTEE OF THE LUANNE M. GREER GENERATION SKIPPING TRUST AND DONNA M. STOCK, TRUSTEE OF THE DONNA M. STOCK GENERATION SKIPPING TRUST, and assigns, a certain tract or parcel of land as follows",
    "tokens" : [ {
      "id" : "s0-t0",
      "begin" : 1,
      "end" : 6,
      "text" : "TRUST",
      "whiteSpace" : false
    }, {
      "id" : "s0-t1",
      "begin" : 6,
      "end" : 7,
      "text" : ",",
      "whiteSpace" : false
    }, {
      "id" : "s0-t2",
      "begin" : 8,
      "end" : 15,
      "text" : "receipt",
      "whiteSpace" : false
    }, {
      "id" : "s0-t3",
      "begin" : 16,
      "end" : 18,
      "text" : "of",
      "whiteSpace" : false
    }, {
      "id" : "s0-t4",
      "begin" : 19,
      "end" : 24,
      "text" : "which",
      "whiteSpace" : false
    }, {
      "id" : "s0-t5",
      "begin" : 25,
      "end" : 27,
      "text" : "is",
      "whiteSpace" : false
    }, {
      "id" : "s0-t6",
      "begin" : 28,
      "end" : 34,
      "text" : "hereby",
      "whiteSpace" : false
    }, {
      "id" : "s0-t7",
      "begin" : 35,
      "end" : 47,
      "text" : "acknowledged",
      "whiteSpace" : false
    }, {
      "id" : "s0-t8",
      "begin" : 47,
      "end" : 48,
      "text" : ",",
      "whiteSpace" : false
    }, {
      "id" : "s0-t9",
      "begin" : 49,
      "end" : 50,
      "text" : "I",
      "whiteSpace" : false
    }, {
      "id" : "s0-t10",
      "begin" : 50,
      "end" : 51,
      "text" : ",",
      "whiteSpace" : false
    }, {
      "id" : "s0-t11",
      "begin" : 52,
      "end" : 56,
      "text" : "JUDY",
      "whiteSpace" : false
    }, {
      "id" : "s0-t12",
      "begin" : 57,
      "end" : 59,
      "text" : "C.",
      "whiteSpace" : false
    }, {
      "id" : "s0-t13",
      "begin" : 60,
      "end" : 67,
      "text" : "BOSWELL",
      "whiteSpace" : false
    }, {
      "id" : "s0-t14",
      "begin" : 67,
      "end" : 68,
      "text" : ",",
      "whiteSpace" : false
    }, {
      "id" : "s0-t15",
      "begin" : 69,
      "end" : 70,
      "text" : "a",
      "whiteSpace" : false
    }, {
      "id" : "s0-t16",
      "begin" : 71,
      "end" : 78,
      "text" : "widower",
      "whiteSpace" : false
    }, {
      "id" : "s0-t17",
      "begin" : 78,
      "end" : 79,
      "text" : ",",
      "whiteSpace" : false
    }, {
      "id" : "s0-t18",
      "begin" : 80,
      "end" : 84,
      "text" : "have",
      "whiteSpace" : false
    }, {
      "id" : "s0-t19",
      "begin" : 85,
      "end" : 94,
      "text" : "bargained",
      "whiteSpace" : false
    }, {
      "id" : "s0-t20",
      "begin" : 95,
      "end" : 98,
      "text" : "and",
      "whiteSpace" : false
    }, {
      "id" : "s0-t21",
      "begin" : 99,
      "end" : 103,
      "text" : "sold",
      "whiteSpace" : false
    }, {
      "id" : "s0-t22",
      "begin" : 103,
      "end" : 104,
      "text" : ",",
      "whiteSpace" : false
    }, {
      "id" : "s0-t23",
      "begin" : 105,
      "end" : 108,
      "text" : "and",
      "whiteSpace" : false
    }, {
      "id" : "s0-t24",
      "begin" : 109,
      "end" : 111,
      "text" : "by",
      "whiteSpace" : false
    }, {
      "id" : "s0-t25",
      "begin" : 112,
      "end" : 117,
      "text" : "these",
      "whiteSpace" : false
    }, {
      "id" : "s0-t26",
      "begin" : 118,
      "end" : 126,
      "text" : "presents",
      "whiteSpace" : false
    }, {
      "id" : "s0-t27",
      "begin" : 127,
      "end" : 129,
      "text" : "do",
      "whiteSpace" : false
    }, {
      "id" : "s0-t28",
      "begin" : 130,
      "end" : 138,
      "text" : "transfer",
      "whiteSpace" : false
    }, {
      "id" : "s0-t29",
      "begin" : 139,
      "end" : 142,
      "text" : "and",
      "whiteSpace" : false
    }, {
      "id" : "s0-t30",
      "begin" : 143,
      "end" : 149,
      "text" : "convey",
      "whiteSpace" : false
    }, {
      "id" : "s0-t31",
      "begin" : 150,
      "end" : 154,
      "text" : "unto",
      "whiteSpace" : false
    }, {
      "id" : "s0-t32",
      "begin" : 155,
      "end" : 158,
      "text" : "the",
      "whiteSpace" : false
    }, {
      "id" : "s0-t33",
      "begin" : 159,
      "end" : 163,
      "text" : "said",
      "whiteSpace" : false
    }, {
      "id" : "s0-t34",
      "begin" : 164,
      "end" : 167,
      "text" : "LEE",
      "whiteSpace" : false
    }, {
      "id" : "s0-t35",
      "begin" : 168,
      "end" : 170,
      "text" : "A.",
      "whiteSpace" : false
    }, {
      "id" : "s0-t36",
      "begin" : 171,
      "end" : 177,
      "text" : "MATHIS",
      "whiteSpace" : false
    }, {
      "id" : "s0-t37",
      "begin" : 177,
      "end" : 178,
      "text" : ",",
      "whiteSpace" : false
    }, {
      "id" : "s0-t38",
      "begin" : 179,
      "end" : 186,
      "text" : "TRUSTEE",
      "whiteSpace" : false
    }, {
      "id" : "s0-t39",
      "begin" : 187,
      "end" : 189,
      "text" : "OF",
      "whiteSpace" : false
    }, {
      "id" : "s0-t40",
      "begin" : 190,
      "end" : 193,
      "text" : "THE",
      "whiteSpace" : false
    }, {
      "id" : "s0-t41",
      "begin" : 194,
      "end" : 197,
      "text" : "LEE",
      "whiteSpace" : false
    }, {
      "id" : "s0-t42",
      "begin" : 198,
      "end" : 200,
      "text" : "A.",
      "whiteSpace" : false
    }, {
      "id" : "s0-t43",
      "begin" : 201,
      "end" : 207,
      "text" : "MATHIS",
      "whiteSpace" : false
    }, {
      "id" : "s0-t44",
      "begin" : 208,
      "end" : 218,
      "text" : "GENERATION",
      "whiteSpace" : false
    }, {
      "id" : "s0-t45",
      "begin" : 219,
      "end" : 227,
      "text" : "SKIPPING",
      "whiteSpace" : false
    }, {
      "id" : "s0-t46",
      "begin" : 228,
      "end" : 233,
      "text" : "TRUST",
      "whiteSpace" : false
    }, {
      "id" : "s0-t47",
      "begin" : 233,
      "end" : 234,
      "text" : ";",
      "whiteSpace" : false
    }, {
      "id" : "s0-t48",
      "begin" : 235,
      "end" : 241,
      "text" : "LUANNE",
      "whiteSpace" : false
    }, {
      "id" : "s0-t49",
      "begin" : 242,
      "end" : 244,
      "text" : "M.",
      "whiteSpace" : false
    }, {
      "id" : "s0-t50",
      "begin" : 245,
      "end" : 250,
      "text" : "GREER",
      "whiteSpace" : false
    }, {
      "id" : "s0-t51",
      "begin" : 250,
      "end" : 251,
      "text" : ",",
      "whiteSpace" : false
    }, {
      "id" : "s0-t52",
      "begin" : 252,
      "end" : 259,
      "text" : "TRUSTEE",
      "whiteSpace" : false
    }, {
      "id" : "s0-t53",
      "begin" : 260,
      "end" : 262,
      "text" : "OF",
      "whiteSpace" : false
    }, {
      "id" : "s0-t54",
      "begin" : 263,
      "end" : 266,
      "text" : "THE",
      "whiteSpace" : false
    }, {
      "id" : "s0-t55",
      "begin" : 267,
      "end" : 273,
      "text" : "LUANNE",
      "whiteSpace" : false
    }, {
      "id" : "s0-t56",
      "begin" : 274,
      "end" : 276,
      "text" : "M.",
      "whiteSpace" : false
    }, {
      "id" : "s0-t57",
      "begin" : 277,
      "end" : 282,
      "text" : "GREER",
      "whiteSpace" : false
    }, {
      "id" : "s0-t58",
      "begin" : 283,
      "end" : 293,
      "text" : "GENERATION",
      "whiteSpace" : false
    }, {
      "id" : "s0-t59",
      "begin" : 294,
      "end" : 302,
      "text" : "SKIPPING",
      "whiteSpace" : false
    }, {
      "id" : "s0-t60",
      "begin" : 303,
      "end" : 308,
      "text" : "TRUST",
      "whiteSpace" : false
    }, {
      "id" : "s0-t61",
      "begin" : 309,
      "end" : 312,
      "text" : "AND",
      "whiteSpace" : false
    }, {
      "id" : "s0-t62",
      "begin" : 313,
      "end" : 318,
      "text" : "DONNA",
      "whiteSpace" : false
    }, {
      "id" : "s0-t63",
      "begin" : 319,
      "end" : 321,
      "text" : "M.",
      "whiteSpace" : false
    }, {
      "id" : "s0-t64",
      "begin" : 322,
      "end" : 327,
      "text" : "STOCK",
      "whiteSpace" : false
    }, {
      "id" : "s0-t65",
      "begin" : 327,
      "end" : 328,
      "text" : ",",
      "whiteSpace" : false
    }, {
      "id" : "s0-t66",
      "begin" : 329,
      "end" : 336,
      "text" : "TRUSTEE",
      "whiteSpace" : false
    }, {
      "id" : "s0-t67",
      "begin" : 337,
      "end" : 339,
      "text" : "OF",
      "whiteSpace" : false
    }, {
      "id" : "s0-t68",
      "begin" : 340,
      "end" : 343,
      "text" : "THE",
      "whiteSpace" : false
    }, {
      "id" : "s0-t69",
      "begin" : 344,
      "end" : 349,
      "text" : "DONNA",
      "whiteSpace" : false
    }, {
      "id" : "s0-t70",
      "begin" : 350,
      "end" : 352,
      "text" : "M.",
      "whiteSpace" : false
    }, {
      "id" : "s0-t71",
      "begin" : 353,
      "end" : 358,
      "text" : "STOCK",
      "whiteSpace" : false
    }, {
      "id" : "s0-t72",
      "begin" : 359,
      "end" : 369,
      "text" : "GENERATION",
      "whiteSpace" : false
    }, {
      "id" : "s0-t73",
      "begin" : 370,
      "end" : 378,
      "text" : "SKIPPING",
      "whiteSpace" : false
    }, {
      "id" : "s0-t74",
      "begin" : 379,
      "end" : 384,
      "text" : "TRUST",
      "whiteSpace" : false
    }, {
      "id" : "s0-t75",
      "begin" : 384,
      "end" : 385,
      "text" : ",",
      "whiteSpace" : false
    }, {
      "id" : "s0-t76",
      "begin" : 386,
      "end" : 389,
      "text" : "and",
      "whiteSpace" : false
    }, {
      "id" : "s0-t77",
      "begin" : 390,
      "end" : 397,
      "text" : "assigns",
      "whiteSpace" : false
    }, {
      "id" : "s0-t78",
      "begin" : 397,
      "end" : 398,
      "text" : ",",
      "whiteSpace" : false
    }, {
      "id" : "s0-t79",
      "begin" : 399,
      "end" : 400,
      "text" : "a",
      "whiteSpace" : false
    }, {
      "id" : "s0-t80",
      "begin" : 401,
      "end" : 408,
      "text" : "certain",
      "whiteSpace" : false
    }, {
      "id" : "s0-t81",
      "begin" : 409,
      "end" : 414,
      "text" : "tract",
      "whiteSpace" : false
    }, {
      "id" : "s0-t82",
      "begin" : 415,
      "end" : 417,
      "text" : "or",
      "whiteSpace" : false
    }, {
      "id" : "s0-t83",
      "begin" : 418,
      "end" : 424,
      "text" : "parcel",
      "whiteSpace" : false
    }, {
      "id" : "s0-t84",
      "begin" : 425,
      "end" : 427,
      "text" : "of",
      "whiteSpace" : false
    }, {
      "id" : "s0-t85",
      "begin" : 428,
      "end" : 432,
      "text" : "land",
      "whiteSpace" : false
    }, {
      "id" : "s0-t86",
      "begin" : 433,
      "end" : 435,
      "text" : "as",
      "whiteSpace" : false
    }, {
      "id" : "s0-t87",
      "begin" : 436,
      "end" : 443,
      "text" : "follows",
      "whiteSpace" : false
    } ]
  } ],
  "mentions" : [ {
    "id" : "s0-m1",
    "properties" : {
      "SIRE_MENTION_ROLE" : "Grantor",
      "SIRE_ENTITY_SUBTYPE" : "NONE",
      "SIRE_MENTION_TYPE" : "NONE",
      "SIRE_MENTION_CLASS" : "SPC"
    },
    "type" : "Grantor",
    "begin" : 52,
    "end" : 67,
    "inCoref" : false
  }, {
    "id" : "s0-m2",
    "properties" : {
      "SIRE_MENTION_ROLE" : "Grantee",
      "SIRE_ENTITY_SUBTYPE" : "NONE",
      "SIRE_MENTION_TYPE" : "NONE",
      "SIRE_MENTION_CLASS" : "SPC"
    },
    "type" : "Grantee",
    "begin" : 164,
    "end" : 233,
    "inCoref" : false
  }, {
    "id" : "s0-m4",
    "properties" : {
      "SIRE_MENTION_ROLE" : "Grantee",
      "SIRE_ENTITY_SUBTYPE" : "NONE",
      "SIRE_MENTION_TYPE" : "NONE",
      "SIRE_MENTION_CLASS" : "SPC"
    },
    "type" : "Grantee",
    "begin" : 235,
    "end" : 308,
    "inCoref" : false
  }, {
    "id" : "s0-m5",
    "properties" : {
      "SIRE_MENTION_ROLE" : "Grantee",
      "SIRE_ENTITY_SUBTYPE" : "NONE",
      "SIRE_MENTION_TYPE" : "NONE",
      "SIRE_MENTION_CLASS" : "SPC"
    },
    "type" : "Grantee",
    "begin" : 313,
    "end" : 384,
    "inCoref" : false
  } ],
  "relations" : [ ],
  "corefs" : [ ],
  "typeResolved" : true,
  "userResolved" : false
}