{
  "id" : "3a6dc8f0-50ef-11e9-9b8e-4bc9d96d3dde-17",
  "name" : "WD207-712.txt",
  "createdDate" : 1553732401919,
  "version" : 3,
  "text" : "For and in consideration of the sum of TWENTY-FOUR THOUSAND ONE HUNDRED FORTY DOLLARS ($24,140.00) DOLLARS, cash in hand paid, and other good and valuable considerations, the receipt of which is hereby acknowledged, we, NORMAN EUGENE TURNER, WILLIS L. TURNER and JESSIE CAROLYN TURNER MARABLE (???Grantors???), this date have bargained and sold, and by these presents do transfer and convey unto JON K. DICKERSON and KATHRINE BOOKER (???Grantees???), as joint tenants with right of survivorship and not as tenants in common, their heirs and assigns, a certain tract or parcel of land in the Second Civil District of Humphreys County, Tennessee, and being more particularly described as follows",
  "docLength" : 0,
  "language" : "EN",
  "status" : "SUBMITTED",
  "modifiedDate" : 1553735688951,
  "documentSet" : [ ],
  "preannotation" : [ ],
  "sentences" : [ {
    "id" : "s0",
    "begin" : 0,
    "end" : 306,
    "text" : "For and in consideration of the sum of TWENTY-FOUR THOUSAND ONE HUNDRED FORTY DOLLARS ($24,140.00) DOLLARS, cash in hand paid, and other good and valuable considerations, the receipt of which is hereby acknowledged, we, NORMAN EUGENE TURNER, WILLIS L. TURNER and JESSIE CAROLYN TURNER MARABLE (???Grantors?",
    "tokens" : [ {
      "id" : "s0-t0",
      "begin" : 0,
      "end" : 3,
      "text" : "For",
      "whiteSpace" : false
    }, {
      "id" : "s0-t1",
      "begin" : 4,
      "end" : 7,
      "text" : "and",
      "whiteSpace" : false
    }, {
      "id" : "s0-t2",
      "begin" : 8,
      "end" : 10,
      "text" : "in",
      "whiteSpace" : false
    }, {
      "id" : "s0-t3",
      "begin" : 11,
      "end" : 24,
      "text" : "consideration",
      "whiteSpace" : false
    }, {
      "id" : "s0-t4",
      "begin" : 25,
      "end" : 27,
      "text" : "of",
      "whiteSpace" : false
    }, {
      "id" : "s0-t5",
      "begin" : 28,
      "end" : 31,
      "text" : "the",
      "whiteSpace" : false
    }, {
      "id" : "s0-t6",
      "begin" : 32,
      "end" : 35,
      "text" : "sum",
      "whiteSpace" : false
    }, {
      "id" : "s0-t7",
      "begin" : 36,
      "end" : 38,
      "text" : "of",
      "whiteSpace" : false
    }, {
      "id" : "s0-t8",
      "begin" : 39,
      "end" : 50,
      "text" : "TWENTY-FOUR",
      "whiteSpace" : false
    }, {
      "id" : "s0-t9",
      "begin" : 51,
      "end" : 59,
      "text" : "THOUSAND",
      "whiteSpace" : false
    }, {
      "id" : "s0-t10",
      "begin" : 60,
      "end" : 63,
      "text" : "ONE",
      "whiteSpace" : false
    }, {
      "id" : "s0-t11",
      "begin" : 64,
      "end" : 71,
      "text" : "HUNDRED",
      "whiteSpace" : false
    }, {
      "id" : "s0-t12",
      "begin" : 72,
      "end" : 77,
      "text" : "FORTY",
      "whiteSpace" : false
    }, {
      "id" : "s0-t13",
      "begin" : 78,
      "end" : 85,
      "text" : "DOLLARS",
      "whiteSpace" : false
    }, {
      "id" : "s0-t14",
      "begin" : 86,
      "end" : 87,
      "text" : "(",
      "whiteSpace" : false
    }, {
      "id" : "s0-t15",
      "begin" : 87,
      "end" : 88,
      "text" : "$",
      "whiteSpace" : false
    }, {
      "id" : "s0-t16",
      "begin" : 88,
      "end" : 97,
      "text" : "24,140.00",
      "whiteSpace" : false
    }, {
      "id" : "s0-t17",
      "begin" : 97,
      "end" : 98,
      "text" : ")",
      "whiteSpace" : false
    }, {
      "id" : "s0-t18",
      "begin" : 99,
      "end" : 106,
      "text" : "DOLLARS",
      "whiteSpace" : false
    }, {
      "id" : "s0-t19",
      "begin" : 106,
      "end" : 107,
      "text" : ",",
      "whiteSpace" : false
    }, {
      "id" : "s0-t20",
      "begin" : 108,
      "end" : 112,
      "text" : "cash",
      "whiteSpace" : false
    }, {
      "id" : "s0-t21",
      "begin" : 113,
      "end" : 115,
      "text" : "in",
      "whiteSpace" : false
    }, {
      "id" : "s0-t22",
      "begin" : 116,
      "end" : 120,
      "text" : "hand",
      "whiteSpace" : false
    }, {
      "id" : "s0-t23",
      "begin" : 121,
      "end" : 125,
      "text" : "paid",
      "whiteSpace" : false
    }, {
      "id" : "s0-t24",
      "begin" : 125,
      "end" : 126,
      "text" : ",",
      "whiteSpace" : false
    }, {
      "id" : "s0-t25",
      "begin" : 127,
      "end" : 130,
      "text" : "and",
      "whiteSpace" : false
    }, {
      "id" : "s0-t26",
      "begin" : 131,
      "end" : 136,
      "text" : "other",
      "whiteSpace" : false
    }, {
      "id" : "s0-t27",
      "begin" : 137,
      "end" : 141,
      "text" : "good",
      "whiteSpace" : false
    }, {
      "id" : "s0-t28",
      "begin" : 142,
      "end" : 145,
      "text" : "and",
      "whiteSpace" : false
    }, {
      "id" : "s0-t29",
      "begin" : 146,
      "end" : 154,
      "text" : "valuable",
      "whiteSpace" : false
    }, {
      "id" : "s0-t30",
      "begin" : 155,
      "end" : 169,
      "text" : "considerations",
      "whiteSpace" : false
    }, {
      "id" : "s0-t31",
      "begin" : 169,
      "end" : 170,
      "text" : ",",
      "whiteSpace" : false
    }, {
      "id" : "s0-t32",
      "begin" : 171,
      "end" : 174,
      "text" : "the",
      "whiteSpace" : false
    }, {
      "id" : "s0-t33",
      "begin" : 175,
      "end" : 182,
      "text" : "receipt",
      "whiteSpace" : false
    }, {
      "id" : "s0-t34",
      "begin" : 183,
      "end" : 185,
      "text" : "of",
      "whiteSpace" : false
    }, {
      "id" : "s0-t35",
      "begin" : 186,
      "end" : 191,
      "text" : "which",
      "whiteSpace" : false
    }, {
      "id" : "s0-t36",
      "begin" : 192,
      "end" : 194,
      "text" : "is",
      "whiteSpace" : false
    }, {
      "id" : "s0-t37",
      "begin" : 195,
      "end" : 201,
      "text" : "hereby",
      "whiteSpace" : false
    }, {
      "id" : "s0-t38",
      "begin" : 202,
      "end" : 214,
      "text" : "acknowledged",
      "whiteSpace" : false
    }, {
      "id" : "s0-t39",
      "begin" : 214,
      "end" : 215,
      "text" : ",",
      "whiteSpace" : false
    }, {
      "id" : "s0-t40",
      "begin" : 216,
      "end" : 218,
      "text" : "we",
      "whiteSpace" : false
    }, {
      "id" : "s0-t41",
      "begin" : 218,
      "end" : 219,
      "text" : ",",
      "whiteSpace" : false
    }, {
      "id" : "s0-t42",
      "begin" : 220,
      "end" : 226,
      "text" : "NORMAN",
      "whiteSpace" : false
    }, {
      "id" : "s0-t43",
      "begin" : 227,
      "end" : 233,
      "text" : "EUGENE",
      "whiteSpace" : false
    }, {
      "id" : "s0-t44",
      "begin" : 234,
      "end" : 240,
      "text" : "TURNER",
      "whiteSpace" : false
    }, {
      "id" : "s0-t45",
      "begin" : 240,
      "end" : 241,
      "text" : ",",
      "whiteSpace" : false
    }, {
      "id" : "s0-t46",
      "begin" : 242,
      "end" : 248,
      "text" : "WILLIS",
      "whiteSpace" : false
    }, {
      "id" : "s0-t47",
      "begin" : 249,
      "end" : 251,
      "text" : "L.",
      "whiteSpace" : false
    }, {
      "id" : "s0-t48",
      "begin" : 252,
      "end" : 258,
      "text" : "TURNER",
      "whiteSpace" : false
    }, {
      "id" : "s0-t49",
      "begin" : 259,
      "end" : 262,
      "text" : "and",
      "whiteSpace" : false
    }, {
      "id" : "s0-t50",
      "begin" : 263,
      "end" : 269,
      "text" : "JESSIE",
      "whiteSpace" : false
    }, {
      "id" : "s0-t51",
      "begin" : 270,
      "end" : 277,
      "text" : "CAROLYN",
      "whiteSpace" : false
    }, {
      "id" : "s0-t52",
      "begin" : 278,
      "end" : 284,
      "text" : "TURNER",
      "whiteSpace" : false
    }, {
      "id" : "s0-t53",
      "begin" : 285,
      "end" : 292,
      "text" : "MARABLE",
      "whiteSpace" : false
    }, {
      "id" : "s0-t54",
      "begin" : 293,
      "end" : 294,
      "text" : "(",
      "whiteSpace" : false
    }, {
      "id" : "s0-t55",
      "begin" : 294,
      "end" : 305,
      "text" : "???Grantors",
      "whiteSpace" : false
    }, {
      "id" : "s0-t56",
      "begin" : 305,
      "end" : 306,
      "text" : "?",
      "whiteSpace" : false
    } ]
  }, {
    "id" : "s1",
    "begin" : 306,
    "end" : 446,
    "text" : "??), this date have bargained and sold, and by these presents do transfer and convey unto JON K. DICKERSON and KATHRINE BOOKER (???Grantees?",
    "tokens" : [ {
      "id" : "s1-t0",
      "begin" : 306,
      "end" : 308,
      "text" : "??",
      "whiteSpace" : false
    }, {
      "id" : "s1-t1",
      "begin" : 308,
      "end" : 309,
      "text" : ")",
      "whiteSpace" : false
    }, {
      "id" : "s1-t2",
      "begin" : 309,
      "end" : 310,
      "text" : ",",
      "whiteSpace" : false
    }, {
      "id" : "s1-t3",
      "begin" : 311,
      "end" : 315,
      "text" : "this",
      "whiteSpace" : false
    }, {
      "id" : "s1-t4",
      "begin" : 316,
      "end" : 320,
      "text" : "date",
      "whiteSpace" : false
    }, {
      "id" : "s1-t5",
      "begin" : 321,
      "end" : 325,
      "text" : "have",
      "whiteSpace" : false
    }, {
      "id" : "s1-t6",
      "begin" : 326,
      "end" : 335,
      "text" : "bargained",
      "whiteSpace" : false
    }, {
      "id" : "s1-t7",
      "begin" : 336,
      "end" : 339,
      "text" : "and",
      "whiteSpace" : false
    }, {
      "id" : "s1-t8",
      "begin" : 340,
      "end" : 344,
      "text" : "sold",
      "whiteSpace" : false
    }, {
      "id" : "s1-t9",
      "begin" : 344,
      "end" : 345,
      "text" : ",",
      "whiteSpace" : false
    }, {
      "id" : "s1-t10",
      "begin" : 346,
      "end" : 349,
      "text" : "and",
      "whiteSpace" : false
    }, {
      "id" : "s1-t11",
      "begin" : 350,
      "end" : 352,
      "text" : "by",
      "whiteSpace" : false
    }, {
      "id" : "s1-t12",
      "begin" : 353,
      "end" : 358,
      "text" : "these",
      "whiteSpace" : false
    }, {
      "id" : "s1-t13",
      "begin" : 359,
      "end" : 367,
      "text" : "presents",
      "whiteSpace" : false
    }, {
      "id" : "s1-t14",
      "begin" : 368,
      "end" : 370,
      "text" : "do",
      "whiteSpace" : false
    }, {
      "id" : "s1-t15",
      "begin" : 371,
      "end" : 379,
      "text" : "transfer",
      "whiteSpace" : false
    }, {
      "id" : "s1-t16",
      "begin" : 380,
      "end" : 383,
      "text" : "and",
      "whiteSpace" : false
    }, {
      "id" : "s1-t17",
      "begin" : 384,
      "end" : 390,
      "text" : "convey",
      "whiteSpace" : false
    }, {
      "id" : "s1-t18",
      "begin" : 391,
      "end" : 395,
      "text" : "unto",
      "whiteSpace" : false
    }, {
      "id" : "s1-t19",
      "begin" : 396,
      "end" : 399,
      "text" : "JON",
      "whiteSpace" : false
    }, {
      "id" : "s1-t20",
      "begin" : 400,
      "end" : 402,
      "text" : "K.",
      "whiteSpace" : false
    }, {
      "id" : "s1-t21",
      "begin" : 403,
      "end" : 412,
      "text" : "DICKERSON",
      "whiteSpace" : false
    }, {
      "id" : "s1-t22",
      "begin" : 413,
      "end" : 416,
      "text" : "and",
      "whiteSpace" : false
    }, {
      "id" : "s1-t23",
      "begin" : 417,
      "end" : 425,
      "text" : "KATHRINE",
      "whiteSpace" : false
    }, {
      "id" : "s1-t24",
      "begin" : 426,
      "end" : 432,
      "text" : "BOOKER",
      "whiteSpace" : false
    }, {
      "id" : "s1-t25",
      "begin" : 433,
      "end" : 434,
      "text" : "(",
      "whiteSpace" : false
    }, {
      "id" : "s1-t26",
      "begin" : 434,
      "end" : 445,
      "text" : "???Grantees",
      "whiteSpace" : false
    }, {
      "id" : "s1-t27",
      "begin" : 445,
      "end" : 446,
      "text" : "?",
      "whiteSpace" : false
    } ]
  }, {
    "id" : "s2",
    "begin" : 446,
    "end" : 693,
    "text" : "??), as joint tenants with right of survivorship and not as tenants in common, their heirs and assigns, a certain tract or parcel of land in the Second Civil District of Humphreys County, Tennessee, and being more particularly described as follows",
    "tokens" : [ {
      "id" : "s2-t0",
      "begin" : 446,
      "end" : 448,
      "text" : "??",
      "whiteSpace" : false
    }, {
      "id" : "s2-t1",
      "begin" : 448,
      "end" : 449,
      "text" : ")",
      "whiteSpace" : false
    }, {
      "id" : "s2-t2",
      "begin" : 449,
      "end" : 450,
      "text" : ",",
      "whiteSpace" : false
    }, {
      "id" : "s2-t3",
      "begin" : 451,
      "end" : 453,
      "text" : "as",
      "whiteSpace" : false
    }, {
      "id" : "s2-t4",
      "begin" : 454,
      "end" : 459,
      "text" : "joint",
      "whiteSpace" : false
    }, {
      "id" : "s2-t5",
      "begin" : 460,
      "end" : 467,
      "text" : "tenants",
      "whiteSpace" : false
    }, {
      "id" : "s2-t6",
      "begin" : 468,
      "end" : 472,
      "text" : "with",
      "whiteSpace" : false
    }, {
      "id" : "s2-t7",
      "begin" : 473,
      "end" : 478,
      "text" : "right",
      "whiteSpace" : false
    }, {
      "id" : "s2-t8",
      "begin" : 479,
      "end" : 481,
      "text" : "of",
      "whiteSpace" : false
    }, {
      "id" : "s2-t9",
      "begin" : 482,
      "end" : 494,
      "text" : "survivorship",
      "whiteSpace" : false
    }, {
      "id" : "s2-t10",
      "begin" : 495,
      "end" : 498,
      "text" : "and",
      "whiteSpace" : false
    }, {
      "id" : "s2-t11",
      "begin" : 499,
      "end" : 502,
      "text" : "not",
      "whiteSpace" : false
    }, {
      "id" : "s2-t12",
      "begin" : 503,
      "end" : 505,
      "text" : "as",
      "whiteSpace" : false
    }, {
      "id" : "s2-t13",
      "begin" : 506,
      "end" : 513,
      "text" : "tenants",
      "whiteSpace" : false
    }, {
      "id" : "s2-t14",
      "begin" : 514,
      "end" : 516,
      "text" : "in",
      "whiteSpace" : false
    }, {
      "id" : "s2-t15",
      "begin" : 517,
      "end" : 523,
      "text" : "common",
      "whiteSpace" : false
    }, {
      "id" : "s2-t16",
      "begin" : 523,
      "end" : 524,
      "text" : ",",
      "whiteSpace" : false
    }, {
      "id" : "s2-t17",
      "begin" : 525,
      "end" : 530,
      "text" : "their",
      "whiteSpace" : false
    }, {
      "id" : "s2-t18",
      "begin" : 531,
      "end" : 536,
      "text" : "heirs",
      "whiteSpace" : false
    }, {
      "id" : "s2-t19",
      "begin" : 537,
      "end" : 540,
      "text" : "and",
      "whiteSpace" : false
    }, {
      "id" : "s2-t20",
      "begin" : 541,
      "end" : 548,
      "text" : "assigns",
      "whiteSpace" : false
    }, {
      "id" : "s2-t21",
      "begin" : 548,
      "end" : 549,
      "text" : ",",
      "whiteSpace" : false
    }, {
      "id" : "s2-t22",
      "begin" : 550,
      "end" : 551,
      "text" : "a",
      "whiteSpace" : false
    }, {
      "id" : "s2-t23",
      "begin" : 552,
      "end" : 559,
      "text" : "certain",
      "whiteSpace" : false
    }, {
      "id" : "s2-t24",
      "begin" : 560,
      "end" : 565,
      "text" : "tract",
      "whiteSpace" : false
    }, {
      "id" : "s2-t25",
      "begin" : 566,
      "end" : 568,
      "text" : "or",
      "whiteSpace" : false
    }, {
      "id" : "s2-t26",
      "begin" : 569,
      "end" : 575,
      "text" : "parcel",
      "whiteSpace" : false
    }, {
      "id" : "s2-t27",
      "begin" : 576,
      "end" : 578,
      "text" : "of",
      "whiteSpace" : false
    }, {
      "id" : "s2-t28",
      "begin" : 579,
      "end" : 583,
      "text" : "land",
      "whiteSpace" : false
    }, {
      "id" : "s2-t29",
      "begin" : 584,
      "end" : 586,
      "text" : "in",
      "whiteSpace" : false
    }, {
      "id" : "s2-t30",
      "begin" : 587,
      "end" : 590,
      "text" : "the",
      "whiteSpace" : false
    }, {
      "id" : "s2-t31",
      "begin" : 591,
      "end" : 597,
      "text" : "Second",
      "whiteSpace" : false
    }, {
      "id" : "s2-t32",
      "begin" : 598,
      "end" : 603,
      "text" : "Civil",
      "whiteSpace" : false
    }, {
      "id" : "s2-t33",
      "begin" : 604,
      "end" : 612,
      "text" : "District",
      "whiteSpace" : false
    }, {
      "id" : "s2-t34",
      "begin" : 613,
      "end" : 615,
      "text" : "of",
      "whiteSpace" : false
    }, {
      "id" : "s2-t35",
      "begin" : 616,
      "end" : 625,
      "text" : "Humphreys",
      "whiteSpace" : false
    }, {
      "id" : "s2-t36",
      "begin" : 626,
      "end" : 632,
      "text" : "County",
      "whiteSpace" : false
    }, {
      "id" : "s2-t37",
      "begin" : 632,
      "end" : 633,
      "text" : ",",
      "whiteSpace" : false
    }, {
      "id" : "s2-t38",
      "begin" : 634,
      "end" : 643,
      "text" : "Tennessee",
      "whiteSpace" : false
    }, {
      "id" : "s2-t39",
      "begin" : 643,
      "end" : 644,
      "text" : ",",
      "whiteSpace" : false
    }, {
      "id" : "s2-t40",
      "begin" : 645,
      "end" : 648,
      "text" : "and",
      "whiteSpace" : false
    }, {
      "id" : "s2-t41",
      "begin" : 649,
      "end" : 654,
      "text" : "being",
      "whiteSpace" : false
    }, {
      "id" : "s2-t42",
      "begin" : 655,
      "end" : 659,
      "text" : "more",
      "whiteSpace" : false
    }, {
      "id" : "s2-t43",
      "begin" : 660,
      "end" : 672,
      "text" : "particularly",
      "whiteSpace" : false
    }, {
      "id" : "s2-t44",
      "begin" : 673,
      "end" : 682,
      "text" : "described",
      "whiteSpace" : false
    }, {
      "id" : "s2-t45",
      "begin" : 683,
      "end" : 685,
      "text" : "as",
      "whiteSpace" : false
    }, {
      "id" : "s2-t46",
      "begin" : 686,
      "end" : 693,
      "text" : "follows",
      "whiteSpace" : false
    } ]
  } ],
  "mentions" : [ {
    "id" : "s0-m1",
    "properties" : {
      "SIRE_MENTION_ROLE" : "Grantor",
      "SIRE_ENTITY_SUBTYPE" : "NONE",
      "SIRE_MENTION_TYPE" : "NONE",
      "SIRE_MENTION_CLASS" : "SPC"
    },
    "type" : "Grantor",
    "begin" : 220,
    "end" : 240,
    "inCoref" : false
  }, {
    "id" : "s0-m2",
    "properties" : {
      "SIRE_MENTION_ROLE" : "Grantor",
      "SIRE_ENTITY_SUBTYPE" : "NONE",
      "SIRE_MENTION_TYPE" : "NONE",
      "SIRE_MENTION_CLASS" : "SPC"
    },
    "type" : "Grantor",
    "begin" : 242,
    "end" : 258,
    "inCoref" : false
  }, {
    "id" : "s0-m3",
    "properties" : {
      "SIRE_MENTION_ROLE" : "Grantor",
      "SIRE_ENTITY_SUBTYPE" : "NONE",
      "SIRE_MENTION_TYPE" : "NONE",
      "SIRE_MENTION_CLASS" : "SPC"
    },
    "type" : "Grantor",
    "begin" : 263,
    "end" : 292,
    "inCoref" : false
  }, {
    "id" : "s1-m1",
    "properties" : {
      "SIRE_MENTION_ROLE" : "Grantee",
      "SIRE_ENTITY_SUBTYPE" : "NONE",
      "SIRE_MENTION_TYPE" : "NONE",
      "SIRE_MENTION_CLASS" : "SPC"
    },
    "type" : "Grantee",
    "begin" : 396,
    "end" : 412,
    "inCoref" : false
  }, {
    "id" : "s1-m2",
    "properties" : {
      "SIRE_MENTION_ROLE" : "Grantee",
      "SIRE_ENTITY_SUBTYPE" : "NONE",
      "SIRE_MENTION_TYPE" : "NONE",
      "SIRE_MENTION_CLASS" : "SPC"
    },
    "type" : "Grantee",
    "begin" : 417,
    "end" : 432,
    "inCoref" : false
  } ],
  "relations" : [ ],
  "corefs" : [ ],
  "typeResolved" : true,
  "userResolved" : false
}