{
  "id" : "3a6dc8f0-50ef-11e9-9b8e-4bc9d96d3dde-5",
  "name" : "WD182-945.txt",
  "createdDate" : 1553732401919,
  "version" : 3,
  "text" : "FOR AND IN CONSIDERATION of the sum of Five Hundred and no/100 Dollar ($500.00) cash in hand to me paid, and for other good and valuable considerations, the receipt and sufficiency of which is hereby acknowledged, WE, BOBBY D. JONES AND WIFE, NANCY C. JONES, have bargained and sold and by these presents do transfer and convey unto CARL W. BROWN, his heirs and assigns, a certain tract or parcel of land in the Second Civil District of Humphreys County, Tennessee, as follows",
  "docLength" : 0,
  "language" : "EN",
  "status" : "SUBMITTED",
  "modifiedDate" : 1553735748126,
  "documentSet" : [ ],
  "preannotation" : [ ],
  "sentences" : [ {
    "id" : "s0",
    "begin" : 0,
    "end" : 476,
    "text" : "FOR AND IN CONSIDERATION of the sum of Five Hundred and no/100 Dollar ($500.00) cash in hand to me paid, and for other good and valuable considerations, the receipt and sufficiency of which is hereby acknowledged, WE, BOBBY D. JONES AND WIFE, NANCY C. JONES, have bargained and sold and by these presents do transfer and convey unto CARL W. BROWN, his heirs and assigns, a certain tract or parcel of land in the Second Civil District of Humphreys County, Tennessee, as follows",
    "tokens" : [ {
      "id" : "s0-t0",
      "begin" : 0,
      "end" : 3,
      "text" : "FOR",
      "whiteSpace" : false
    }, {
      "id" : "s0-t1",
      "begin" : 4,
      "end" : 7,
      "text" : "AND",
      "whiteSpace" : false
    }, {
      "id" : "s0-t2",
      "begin" : 8,
      "end" : 10,
      "text" : "IN",
      "whiteSpace" : false
    }, {
      "id" : "s0-t3",
      "begin" : 11,
      "end" : 24,
      "text" : "CONSIDERATION",
      "whiteSpace" : false
    }, {
      "id" : "s0-t4",
      "begin" : 25,
      "end" : 27,
      "text" : "of",
      "whiteSpace" : false
    }, {
      "id" : "s0-t5",
      "begin" : 28,
      "end" : 31,
      "text" : "the",
      "whiteSpace" : false
    }, {
      "id" : "s0-t6",
      "begin" : 32,
      "end" : 35,
      "text" : "sum",
      "whiteSpace" : false
    }, {
      "id" : "s0-t7",
      "begin" : 36,
      "end" : 38,
      "text" : "of",
      "whiteSpace" : false
    }, {
      "id" : "s0-t8",
      "begin" : 39,
      "end" : 43,
      "text" : "Five",
      "whiteSpace" : false
    }, {
      "id" : "s0-t9",
      "begin" : 44,
      "end" : 51,
      "text" : "Hundred",
      "whiteSpace" : false
    }, {
      "id" : "s0-t10",
      "begin" : 52,
      "end" : 55,
      "text" : "and",
      "whiteSpace" : false
    }, {
      "id" : "s0-t11",
      "begin" : 56,
      "end" : 58,
      "text" : "no",
      "whiteSpace" : false
    }, {
      "id" : "s0-t12",
      "begin" : 58,
      "end" : 59,
      "text" : "/",
      "whiteSpace" : false
    }, {
      "id" : "s0-t13",
      "begin" : 59,
      "end" : 62,
      "text" : "100",
      "whiteSpace" : false
    }, {
      "id" : "s0-t14",
      "begin" : 63,
      "end" : 69,
      "text" : "Dollar",
      "whiteSpace" : false
    }, {
      "id" : "s0-t15",
      "begin" : 70,
      "end" : 71,
      "text" : "(",
      "whiteSpace" : false
    }, {
      "id" : "s0-t16",
      "begin" : 71,
      "end" : 72,
      "text" : "$",
      "whiteSpace" : false
    }, {
      "id" : "s0-t17",
      "begin" : 72,
      "end" : 78,
      "text" : "500.00",
      "whiteSpace" : false
    }, {
      "id" : "s0-t18",
      "begin" : 78,
      "end" : 79,
      "text" : ")",
      "whiteSpace" : false
    }, {
      "id" : "s0-t19",
      "begin" : 80,
      "end" : 84,
      "text" : "cash",
      "whiteSpace" : false
    }, {
      "id" : "s0-t20",
      "begin" : 85,
      "end" : 87,
      "text" : "in",
      "whiteSpace" : false
    }, {
      "id" : "s0-t21",
      "begin" : 88,
      "end" : 92,
      "text" : "hand",
      "whiteSpace" : false
    }, {
      "id" : "s0-t22",
      "begin" : 93,
      "end" : 95,
      "text" : "to",
      "whiteSpace" : false
    }, {
      "id" : "s0-t23",
      "begin" : 96,
      "end" : 98,
      "text" : "me",
      "whiteSpace" : false
    }, {
      "id" : "s0-t24",
      "begin" : 99,
      "end" : 103,
      "text" : "paid",
      "whiteSpace" : false
    }, {
      "id" : "s0-t25",
      "begin" : 103,
      "end" : 104,
      "text" : ",",
      "whiteSpace" : false
    }, {
      "id" : "s0-t26",
      "begin" : 105,
      "end" : 108,
      "text" : "and",
      "whiteSpace" : false
    }, {
      "id" : "s0-t27",
      "begin" : 109,
      "end" : 112,
      "text" : "for",
      "whiteSpace" : false
    }, {
      "id" : "s0-t28",
      "begin" : 113,
      "end" : 118,
      "text" : "other",
      "whiteSpace" : false
    }, {
      "id" : "s0-t29",
      "begin" : 119,
      "end" : 123,
      "text" : "good",
      "whiteSpace" : false
    }, {
      "id" : "s0-t30",
      "begin" : 124,
      "end" : 127,
      "text" : "and",
      "whiteSpace" : false
    }, {
      "id" : "s0-t31",
      "begin" : 128,
      "end" : 136,
      "text" : "valuable",
      "whiteSpace" : false
    }, {
      "id" : "s0-t32",
      "begin" : 137,
      "end" : 151,
      "text" : "considerations",
      "whiteSpace" : false
    }, {
      "id" : "s0-t33",
      "begin" : 151,
      "end" : 152,
      "text" : ",",
      "whiteSpace" : false
    }, {
      "id" : "s0-t34",
      "begin" : 153,
      "end" : 156,
      "text" : "the",
      "whiteSpace" : false
    }, {
      "id" : "s0-t35",
      "begin" : 157,
      "end" : 164,
      "text" : "receipt",
      "whiteSpace" : false
    }, {
      "id" : "s0-t36",
      "begin" : 165,
      "end" : 168,
      "text" : "and",
      "whiteSpace" : false
    }, {
      "id" : "s0-t37",
      "begin" : 169,
      "end" : 180,
      "text" : "sufficiency",
      "whiteSpace" : false
    }, {
      "id" : "s0-t38",
      "begin" : 181,
      "end" : 183,
      "text" : "of",
      "whiteSpace" : false
    }, {
      "id" : "s0-t39",
      "begin" : 184,
      "end" : 189,
      "text" : "which",
      "whiteSpace" : false
    }, {
      "id" : "s0-t40",
      "begin" : 190,
      "end" : 192,
      "text" : "is",
      "whiteSpace" : false
    }, {
      "id" : "s0-t41",
      "begin" : 193,
      "end" : 199,
      "text" : "hereby",
      "whiteSpace" : false
    }, {
      "id" : "s0-t42",
      "begin" : 200,
      "end" : 212,
      "text" : "acknowledged",
      "whiteSpace" : false
    }, {
      "id" : "s0-t43",
      "begin" : 212,
      "end" : 213,
      "text" : ",",
      "whiteSpace" : false
    }, {
      "id" : "s0-t44",
      "begin" : 214,
      "end" : 216,
      "text" : "WE",
      "whiteSpace" : false
    }, {
      "id" : "s0-t45",
      "begin" : 216,
      "end" : 217,
      "text" : ",",
      "whiteSpace" : false
    }, {
      "id" : "s0-t46",
      "begin" : 218,
      "end" : 223,
      "text" : "BOBBY",
      "whiteSpace" : false
    }, {
      "id" : "s0-t47",
      "begin" : 224,
      "end" : 226,
      "text" : "D.",
      "whiteSpace" : false
    }, {
      "id" : "s0-t48",
      "begin" : 227,
      "end" : 232,
      "text" : "JONES",
      "whiteSpace" : false
    }, {
      "id" : "s0-t49",
      "begin" : 233,
      "end" : 236,
      "text" : "AND",
      "whiteSpace" : false
    }, {
      "id" : "s0-t50",
      "begin" : 237,
      "end" : 241,
      "text" : "WIFE",
      "whiteSpace" : false
    }, {
      "id" : "s0-t51",
      "begin" : 241,
      "end" : 242,
      "text" : ",",
      "whiteSpace" : false
    }, {
      "id" : "s0-t52",
      "begin" : 243,
      "end" : 248,
      "text" : "NANCY",
      "whiteSpace" : false
    }, {
      "id" : "s0-t53",
      "begin" : 249,
      "end" : 251,
      "text" : "C.",
      "whiteSpace" : false
    }, {
      "id" : "s0-t54",
      "begin" : 252,
      "end" : 257,
      "text" : "JONES",
      "whiteSpace" : false
    }, {
      "id" : "s0-t55",
      "begin" : 257,
      "end" : 258,
      "text" : ",",
      "whiteSpace" : false
    }, {
      "id" : "s0-t56",
      "begin" : 259,
      "end" : 263,
      "text" : "have",
      "whiteSpace" : false
    }, {
      "id" : "s0-t57",
      "begin" : 264,
      "end" : 273,
      "text" : "bargained",
      "whiteSpace" : false
    }, {
      "id" : "s0-t58",
      "begin" : 274,
      "end" : 277,
      "text" : "and",
      "whiteSpace" : false
    }, {
      "id" : "s0-t59",
      "begin" : 278,
      "end" : 282,
      "text" : "sold",
      "whiteSpace" : false
    }, {
      "id" : "s0-t60",
      "begin" : 283,
      "end" : 286,
      "text" : "and",
      "whiteSpace" : false
    }, {
      "id" : "s0-t61",
      "begin" : 287,
      "end" : 289,
      "text" : "by",
      "whiteSpace" : false
    }, {
      "id" : "s0-t62",
      "begin" : 290,
      "end" : 295,
      "text" : "these",
      "whiteSpace" : false
    }, {
      "id" : "s0-t63",
      "begin" : 296,
      "end" : 304,
      "text" : "presents",
      "whiteSpace" : false
    }, {
      "id" : "s0-t64",
      "begin" : 305,
      "end" : 307,
      "text" : "do",
      "whiteSpace" : false
    }, {
      "id" : "s0-t65",
      "begin" : 308,
      "end" : 316,
      "text" : "transfer",
      "whiteSpace" : false
    }, {
      "id" : "s0-t66",
      "begin" : 317,
      "end" : 320,
      "text" : "and",
      "whiteSpace" : false
    }, {
      "id" : "s0-t67",
      "begin" : 321,
      "end" : 327,
      "text" : "convey",
      "whiteSpace" : false
    }, {
      "id" : "s0-t68",
      "begin" : 328,
      "end" : 332,
      "text" : "unto",
      "whiteSpace" : false
    }, {
      "id" : "s0-t69",
      "begin" : 333,
      "end" : 337,
      "text" : "CARL",
      "whiteSpace" : false
    }, {
      "id" : "s0-t70",
      "begin" : 338,
      "end" : 340,
      "text" : "W.",
      "whiteSpace" : false
    }, {
      "id" : "s0-t71",
      "begin" : 341,
      "end" : 346,
      "text" : "BROWN",
      "whiteSpace" : false
    }, {
      "id" : "s0-t72",
      "begin" : 346,
      "end" : 347,
      "text" : ",",
      "whiteSpace" : false
    }, {
      "id" : "s0-t73",
      "begin" : 348,
      "end" : 351,
      "text" : "his",
      "whiteSpace" : false
    }, {
      "id" : "s0-t74",
      "begin" : 352,
      "end" : 357,
      "text" : "heirs",
      "whiteSpace" : false
    }, {
      "id" : "s0-t75",
      "begin" : 358,
      "end" : 361,
      "text" : "and",
      "whiteSpace" : false
    }, {
      "id" : "s0-t76",
      "begin" : 362,
      "end" : 369,
      "text" : "assigns",
      "whiteSpace" : false
    }, {
      "id" : "s0-t77",
      "begin" : 369,
      "end" : 370,
      "text" : ",",
      "whiteSpace" : false
    }, {
      "id" : "s0-t78",
      "begin" : 371,
      "end" : 372,
      "text" : "a",
      "whiteSpace" : false
    }, {
      "id" : "s0-t79",
      "begin" : 373,
      "end" : 380,
      "text" : "certain",
      "whiteSpace" : false
    }, {
      "id" : "s0-t80",
      "begin" : 381,
      "end" : 386,
      "text" : "tract",
      "whiteSpace" : false
    }, {
      "id" : "s0-t81",
      "begin" : 387,
      "end" : 389,
      "text" : "or",
      "whiteSpace" : false
    }, {
      "id" : "s0-t82",
      "begin" : 390,
      "end" : 396,
      "text" : "parcel",
      "whiteSpace" : false
    }, {
      "id" : "s0-t83",
      "begin" : 397,
      "end" : 399,
      "text" : "of",
      "whiteSpace" : false
    }, {
      "id" : "s0-t84",
      "begin" : 400,
      "end" : 404,
      "text" : "land",
      "whiteSpace" : false
    }, {
      "id" : "s0-t85",
      "begin" : 405,
      "end" : 407,
      "text" : "in",
      "whiteSpace" : false
    }, {
      "id" : "s0-t86",
      "begin" : 408,
      "end" : 411,
      "text" : "the",
      "whiteSpace" : false
    }, {
      "id" : "s0-t87",
      "begin" : 412,
      "end" : 418,
      "text" : "Second",
      "whiteSpace" : false
    }, {
      "id" : "s0-t88",
      "begin" : 419,
      "end" : 424,
      "text" : "Civil",
      "whiteSpace" : false
    }, {
      "id" : "s0-t89",
      "begin" : 425,
      "end" : 433,
      "text" : "District",
      "whiteSpace" : false
    }, {
      "id" : "s0-t90",
      "begin" : 434,
      "end" : 436,
      "text" : "of",
      "whiteSpace" : false
    }, {
      "id" : "s0-t91",
      "begin" : 437,
      "end" : 446,
      "text" : "Humphreys",
      "whiteSpace" : false
    }, {
      "id" : "s0-t92",
      "begin" : 447,
      "end" : 453,
      "text" : "County",
      "whiteSpace" : false
    }, {
      "id" : "s0-t93",
      "begin" : 453,
      "end" : 454,
      "text" : ",",
      "whiteSpace" : false
    }, {
      "id" : "s0-t94",
      "begin" : 455,
      "end" : 464,
      "text" : "Tennessee",
      "whiteSpace" : false
    }, {
      "id" : "s0-t95",
      "begin" : 464,
      "end" : 465,
      "text" : ",",
      "whiteSpace" : false
    }, {
      "id" : "s0-t96",
      "begin" : 466,
      "end" : 468,
      "text" : "as",
      "whiteSpace" : false
    }, {
      "id" : "s0-t97",
      "begin" : 469,
      "end" : 476,
      "text" : "follows",
      "whiteSpace" : false
    } ]
  } ],
  "mentions" : [ {
    "id" : "s0-m1",
    "properties" : {
      "SIRE_MENTION_ROLE" : "Grantor",
      "SIRE_ENTITY_SUBTYPE" : "NONE",
      "SIRE_MENTION_TYPE" : "NONE",
      "SIRE_MENTION_CLASS" : "SPC"
    },
    "type" : "Grantor",
    "begin" : 218,
    "end" : 232,
    "inCoref" : false
  }, {
    "id" : "s0-m2",
    "properties" : {
      "SIRE_MENTION_ROLE" : "Grantor",
      "SIRE_ENTITY_SUBTYPE" : "NONE",
      "SIRE_MENTION_TYPE" : "NONE",
      "SIRE_MENTION_CLASS" : "SPC"
    },
    "type" : "Grantor",
    "begin" : 243,
    "end" : 257,
    "inCoref" : false
  }, {
    "id" : "s0-m3",
    "properties" : {
      "SIRE_MENTION_ROLE" : "Grantee",
      "SIRE_ENTITY_SUBTYPE" : "NONE",
      "SIRE_MENTION_TYPE" : "NONE",
      "SIRE_MENTION_CLASS" : "SPC"
    },
    "type" : "Grantee",
    "begin" : 333,
    "end" : 346,
    "inCoref" : false
  } ],
  "relations" : [ ],
  "corefs" : [ ],
  "typeResolved" : true,
  "userResolved" : false
}