{
  "id" : "3a6dc8f0-50ef-11e9-9b8e-4bc9d96d3dde-0",
  "name" : "WD170-457.txt",
  "createdDate" : 1553732401919,
  "version" : 3,
  "text" : "FOR AND IN CONSIDERATION OF THE SUM OF ONE AND NO/lOO -($1.00) -- -DOLLARS cash, in hand paid, the receipt and sufficiency of which is hereby acknowledged, and other good and valuable considerations, NOW, THEREFORE, WE, MALCOLM EUGENE BISHOP and Wife, FRANCES LUCILLE BISHOP, have bargained and sold, and by these presents do transfer and convey unto heirs and assigns, a certain tract or parcel of land in the Second Civil District of Humphreys County, Tennessee, as follows",
  "docLength" : 0,
  "language" : "EN",
  "status" : "SUBMITTED",
  "modifiedDate" : 1553735557593,
  "documentSet" : [ ],
  "preannotation" : [ ],
  "sentences" : [ {
    "id" : "s0",
    "begin" : 0,
    "end" : 475,
    "text" : "FOR AND IN CONSIDERATION OF THE SUM OF ONE AND NO/lOO -($1.00) -- -DOLLARS cash, in hand paid, the receipt and sufficiency of which is hereby acknowledged, and other good and valuable considerations, NOW, THEREFORE, WE, MALCOLM EUGENE BISHOP and Wife, FRANCES LUCILLE BISHOP, have bargained and sold, and by these presents do transfer and convey unto heirs and assigns, a certain tract or parcel of land in the Second Civil District of Humphreys County, Tennessee, as follows",
    "tokens" : [ {
      "id" : "s0-t0",
      "begin" : 0,
      "end" : 3,
      "text" : "FOR",
      "whiteSpace" : false
    }, {
      "id" : "s0-t1",
      "begin" : 4,
      "end" : 7,
      "text" : "AND",
      "whiteSpace" : false
    }, {
      "id" : "s0-t2",
      "begin" : 8,
      "end" : 10,
      "text" : "IN",
      "whiteSpace" : false
    }, {
      "id" : "s0-t3",
      "begin" : 11,
      "end" : 24,
      "text" : "CONSIDERATION",
      "whiteSpace" : false
    }, {
      "id" : "s0-t4",
      "begin" : 25,
      "end" : 27,
      "text" : "OF",
      "whiteSpace" : false
    }, {
      "id" : "s0-t5",
      "begin" : 28,
      "end" : 31,
      "text" : "THE",
      "whiteSpace" : false
    }, {
      "id" : "s0-t6",
      "begin" : 32,
      "end" : 35,
      "text" : "SUM",
      "whiteSpace" : false
    }, {
      "id" : "s0-t7",
      "begin" : 36,
      "end" : 38,
      "text" : "OF",
      "whiteSpace" : false
    }, {
      "id" : "s0-t8",
      "begin" : 39,
      "end" : 42,
      "text" : "ONE",
      "whiteSpace" : false
    }, {
      "id" : "s0-t9",
      "begin" : 43,
      "end" : 46,
      "text" : "AND",
      "whiteSpace" : false
    }, {
      "id" : "s0-t10",
      "begin" : 47,
      "end" : 53,
      "text" : "NO/lOO",
      "whiteSpace" : false
    }, {
      "id" : "s0-t11",
      "begin" : 54,
      "end" : 55,
      "text" : "-",
      "whiteSpace" : false
    }, {
      "id" : "s0-t12",
      "begin" : 55,
      "end" : 56,
      "text" : "(",
      "whiteSpace" : false
    }, {
      "id" : "s0-t13",
      "begin" : 56,
      "end" : 57,
      "text" : "$",
      "whiteSpace" : false
    }, {
      "id" : "s0-t14",
      "begin" : 57,
      "end" : 61,
      "text" : "1.00",
      "whiteSpace" : false
    }, {
      "id" : "s0-t15",
      "begin" : 61,
      "end" : 62,
      "text" : ")",
      "whiteSpace" : false
    }, {
      "id" : "s0-t16",
      "begin" : 63,
      "end" : 65,
      "text" : "--",
      "whiteSpace" : false
    }, {
      "id" : "s0-t17",
      "begin" : 66,
      "end" : 74,
      "text" : "-DOLLARS",
      "whiteSpace" : false
    }, {
      "id" : "s0-t18",
      "begin" : 75,
      "end" : 79,
      "text" : "cash",
      "whiteSpace" : false
    }, {
      "id" : "s0-t19",
      "begin" : 79,
      "end" : 80,
      "text" : ",",
      "whiteSpace" : false
    }, {
      "id" : "s0-t20",
      "begin" : 81,
      "end" : 83,
      "text" : "in",
      "whiteSpace" : false
    }, {
      "id" : "s0-t21",
      "begin" : 84,
      "end" : 88,
      "text" : "hand",
      "whiteSpace" : false
    }, {
      "id" : "s0-t22",
      "begin" : 89,
      "end" : 93,
      "text" : "paid",
      "whiteSpace" : false
    }, {
      "id" : "s0-t23",
      "begin" : 93,
      "end" : 94,
      "text" : ",",
      "whiteSpace" : false
    }, {
      "id" : "s0-t24",
      "begin" : 95,
      "end" : 98,
      "text" : "the",
      "whiteSpace" : false
    }, {
      "id" : "s0-t25",
      "begin" : 99,
      "end" : 106,
      "text" : "receipt",
      "whiteSpace" : false
    }, {
      "id" : "s0-t26",
      "begin" : 107,
      "end" : 110,
      "text" : "and",
      "whiteSpace" : false
    }, {
      "id" : "s0-t27",
      "begin" : 111,
      "end" : 122,
      "text" : "sufficiency",
      "whiteSpace" : false
    }, {
      "id" : "s0-t28",
      "begin" : 123,
      "end" : 125,
      "text" : "of",
      "whiteSpace" : false
    }, {
      "id" : "s0-t29",
      "begin" : 126,
      "end" : 131,
      "text" : "which",
      "whiteSpace" : false
    }, {
      "id" : "s0-t30",
      "begin" : 132,
      "end" : 134,
      "text" : "is",
      "whiteSpace" : false
    }, {
      "id" : "s0-t31",
      "begin" : 135,
      "end" : 141,
      "text" : "hereby",
      "whiteSpace" : false
    }, {
      "id" : "s0-t32",
      "begin" : 142,
      "end" : 154,
      "text" : "acknowledged",
      "whiteSpace" : false
    }, {
      "id" : "s0-t33",
      "begin" : 154,
      "end" : 155,
      "text" : ",",
      "whiteSpace" : false
    }, {
      "id" : "s0-t34",
      "begin" : 156,
      "end" : 159,
      "text" : "and",
      "whiteSpace" : false
    }, {
      "id" : "s0-t35",
      "begin" : 160,
      "end" : 165,
      "text" : "other",
      "whiteSpace" : false
    }, {
      "id" : "s0-t36",
      "begin" : 166,
      "end" : 170,
      "text" : "good",
      "whiteSpace" : false
    }, {
      "id" : "s0-t37",
      "begin" : 171,
      "end" : 174,
      "text" : "and",
      "whiteSpace" : false
    }, {
      "id" : "s0-t38",
      "begin" : 175,
      "end" : 183,
      "text" : "valuable",
      "whiteSpace" : false
    }, {
      "id" : "s0-t39",
      "begin" : 184,
      "end" : 198,
      "text" : "considerations",
      "whiteSpace" : false
    }, {
      "id" : "s0-t40",
      "begin" : 198,
      "end" : 199,
      "text" : ",",
      "whiteSpace" : false
    }, {
      "id" : "s0-t41",
      "begin" : 200,
      "end" : 203,
      "text" : "NOW",
      "whiteSpace" : false
    }, {
      "id" : "s0-t42",
      "begin" : 203,
      "end" : 204,
      "text" : ",",
      "whiteSpace" : false
    }, {
      "id" : "s0-t43",
      "begin" : 205,
      "end" : 214,
      "text" : "THEREFORE",
      "whiteSpace" : false
    }, {
      "id" : "s0-t44",
      "begin" : 214,
      "end" : 215,
      "text" : ",",
      "whiteSpace" : false
    }, {
      "id" : "s0-t45",
      "begin" : 216,
      "end" : 218,
      "text" : "WE",
      "whiteSpace" : false
    }, {
      "id" : "s0-t46",
      "begin" : 218,
      "end" : 219,
      "text" : ",",
      "whiteSpace" : false
    }, {
      "id" : "s0-t47",
      "begin" : 220,
      "end" : 227,
      "text" : "MALCOLM",
      "whiteSpace" : false
    }, {
      "id" : "s0-t48",
      "begin" : 228,
      "end" : 234,
      "text" : "EUGENE",
      "whiteSpace" : false
    }, {
      "id" : "s0-t49",
      "begin" : 235,
      "end" : 241,
      "text" : "BISHOP",
      "whiteSpace" : false
    }, {
      "id" : "s0-t50",
      "begin" : 242,
      "end" : 245,
      "text" : "and",
      "whiteSpace" : false
    }, {
      "id" : "s0-t51",
      "begin" : 246,
      "end" : 250,
      "text" : "Wife",
      "whiteSpace" : false
    }, {
      "id" : "s0-t52",
      "begin" : 250,
      "end" : 251,
      "text" : ",",
      "whiteSpace" : false
    }, {
      "id" : "s0-t53",
      "begin" : 252,
      "end" : 259,
      "text" : "FRANCES",
      "whiteSpace" : false
    }, {
      "id" : "s0-t54",
      "begin" : 260,
      "end" : 267,
      "text" : "LUCILLE",
      "whiteSpace" : false
    }, {
      "id" : "s0-t55",
      "begin" : 268,
      "end" : 274,
      "text" : "BISHOP",
      "whiteSpace" : false
    }, {
      "id" : "s0-t56",
      "begin" : 274,
      "end" : 275,
      "text" : ",",
      "whiteSpace" : false
    }, {
      "id" : "s0-t57",
      "begin" : 276,
      "end" : 280,
      "text" : "have",
      "whiteSpace" : false
    }, {
      "id" : "s0-t58",
      "begin" : 281,
      "end" : 290,
      "text" : "bargained",
      "whiteSpace" : false
    }, {
      "id" : "s0-t59",
      "begin" : 291,
      "end" : 294,
      "text" : "and",
      "whiteSpace" : false
    }, {
      "id" : "s0-t60",
      "begin" : 295,
      "end" : 299,
      "text" : "sold",
      "whiteSpace" : false
    }, {
      "id" : "s0-t61",
      "begin" : 299,
      "end" : 300,
      "text" : ",",
      "whiteSpace" : false
    }, {
      "id" : "s0-t62",
      "begin" : 301,
      "end" : 304,
      "text" : "and",
      "whiteSpace" : false
    }, {
      "id" : "s0-t63",
      "begin" : 305,
      "end" : 307,
      "text" : "by",
      "whiteSpace" : false
    }, {
      "id" : "s0-t64",
      "begin" : 308,
      "end" : 313,
      "text" : "these",
      "whiteSpace" : false
    }, {
      "id" : "s0-t65",
      "begin" : 314,
      "end" : 322,
      "text" : "presents",
      "whiteSpace" : false
    }, {
      "id" : "s0-t66",
      "begin" : 323,
      "end" : 325,
      "text" : "do",
      "whiteSpace" : false
    }, {
      "id" : "s0-t67",
      "begin" : 326,
      "end" : 334,
      "text" : "transfer",
      "whiteSpace" : false
    }, {
      "id" : "s0-t68",
      "begin" : 335,
      "end" : 338,
      "text" : "and",
      "whiteSpace" : false
    }, {
      "id" : "s0-t69",
      "begin" : 339,
      "end" : 345,
      "text" : "convey",
      "whiteSpace" : false
    }, {
      "id" : "s0-t70",
      "begin" : 346,
      "end" : 350,
      "text" : "unto",
      "whiteSpace" : false
    }, {
      "id" : "s0-t71",
      "begin" : 351,
      "end" : 356,
      "text" : "heirs",
      "whiteSpace" : false
    }, {
      "id" : "s0-t72",
      "begin" : 357,
      "end" : 360,
      "text" : "and",
      "whiteSpace" : false
    }, {
      "id" : "s0-t73",
      "begin" : 361,
      "end" : 368,
      "text" : "assigns",
      "whiteSpace" : false
    }, {
      "id" : "s0-t74",
      "begin" : 368,
      "end" : 369,
      "text" : ",",
      "whiteSpace" : false
    }, {
      "id" : "s0-t75",
      "begin" : 370,
      "end" : 371,
      "text" : "a",
      "whiteSpace" : false
    }, {
      "id" : "s0-t76",
      "begin" : 372,
      "end" : 379,
      "text" : "certain",
      "whiteSpace" : false
    }, {
      "id" : "s0-t77",
      "begin" : 380,
      "end" : 385,
      "text" : "tract",
      "whiteSpace" : false
    }, {
      "id" : "s0-t78",
      "begin" : 386,
      "end" : 388,
      "text" : "or",
      "whiteSpace" : false
    }, {
      "id" : "s0-t79",
      "begin" : 389,
      "end" : 395,
      "text" : "parcel",
      "whiteSpace" : false
    }, {
      "id" : "s0-t80",
      "begin" : 396,
      "end" : 398,
      "text" : "of",
      "whiteSpace" : false
    }, {
      "id" : "s0-t81",
      "begin" : 399,
      "end" : 403,
      "text" : "land",
      "whiteSpace" : false
    }, {
      "id" : "s0-t82",
      "begin" : 404,
      "end" : 406,
      "text" : "in",
      "whiteSpace" : false
    }, {
      "id" : "s0-t83",
      "begin" : 407,
      "end" : 410,
      "text" : "the",
      "whiteSpace" : false
    }, {
      "id" : "s0-t84",
      "begin" : 411,
      "end" : 417,
      "text" : "Second",
      "whiteSpace" : false
    }, {
      "id" : "s0-t85",
      "begin" : 418,
      "end" : 423,
      "text" : "Civil",
      "whiteSpace" : false
    }, {
      "id" : "s0-t86",
      "begin" : 424,
      "end" : 432,
      "text" : "District",
      "whiteSpace" : false
    }, {
      "id" : "s0-t87",
      "begin" : 433,
      "end" : 435,
      "text" : "of",
      "whiteSpace" : false
    }, {
      "id" : "s0-t88",
      "begin" : 436,
      "end" : 445,
      "text" : "Humphreys",
      "whiteSpace" : false
    }, {
      "id" : "s0-t89",
      "begin" : 446,
      "end" : 452,
      "text" : "County",
      "whiteSpace" : false
    }, {
      "id" : "s0-t90",
      "begin" : 452,
      "end" : 453,
      "text" : ",",
      "whiteSpace" : false
    }, {
      "id" : "s0-t91",
      "begin" : 454,
      "end" : 463,
      "text" : "Tennessee",
      "whiteSpace" : false
    }, {
      "id" : "s0-t92",
      "begin" : 463,
      "end" : 464,
      "text" : ",",
      "whiteSpace" : false
    }, {
      "id" : "s0-t93",
      "begin" : 465,
      "end" : 467,
      "text" : "as",
      "whiteSpace" : false
    }, {
      "id" : "s0-t94",
      "begin" : 468,
      "end" : 475,
      "text" : "follows",
      "whiteSpace" : false
    } ]
  } ],
  "mentions" : [ {
    "id" : "s0-m1",
    "properties" : {
      "SIRE_MENTION_ROLE" : "Grantor",
      "SIRE_ENTITY_SUBTYPE" : "NONE",
      "SIRE_MENTION_TYPE" : "NONE",
      "SIRE_MENTION_CLASS" : "SPC"
    },
    "type" : "Grantor",
    "begin" : 220,
    "end" : 241,
    "inCoref" : false
  }, {
    "id" : "s0-m2",
    "properties" : {
      "SIRE_MENTION_ROLE" : "Grantor",
      "SIRE_ENTITY_SUBTYPE" : "NONE",
      "SIRE_MENTION_TYPE" : "NONE",
      "SIRE_MENTION_CLASS" : "SPC"
    },
    "type" : "Grantor",
    "begin" : 252,
    "end" : 274,
    "inCoref" : false
  } ],
  "relations" : [ ],
  "corefs" : [ ],
  "typeResolved" : true,
  "userResolved" : false
}