{
  "id" : "3a6dc8f0-50ef-11e9-9b8e-4bc9d96d3dde-12",
  "name" : "WD195-1166.txt",
  "createdDate" : 1553732401919,
  "version" : 3,
  "text" : "Mrs. Florence Patterson have bargained and said, and by these presents do transfer and convey unto the laid J. Mack Edwards and wife, Mary Edwards, their hdn ?????? ??????KM-ICHHMtn??? I . :- M???s! land In Hous ton County, State of Tennessee, as follows",
  "docLength" : 0,
  "language" : "EN",
  "status" : "SUBMITTED",
  "modifiedDate" : 1553735611814,
  "documentSet" : [ ],
  "preannotation" : [ ],
  "sentences" : [ {
    "id" : "s0",
    "begin" : 0,
    "end" : 159,
    "text" : "Mrs. Florence Patterson have bargained and said, and by these presents do transfer and convey unto the laid J. Mack Edwards and wife, Mary Edwards, their hdn ?",
    "tokens" : [ {
      "id" : "s0-t0",
      "begin" : 0,
      "end" : 4,
      "text" : "Mrs.",
      "whiteSpace" : false
    }, {
      "id" : "s0-t1",
      "begin" : 5,
      "end" : 13,
      "text" : "Florence",
      "whiteSpace" : false
    }, {
      "id" : "s0-t2",
      "begin" : 14,
      "end" : 23,
      "text" : "Patterson",
      "whiteSpace" : false
    }, {
      "id" : "s0-t3",
      "begin" : 24,
      "end" : 28,
      "text" : "have",
      "whiteSpace" : false
    }, {
      "id" : "s0-t4",
      "begin" : 29,
      "end" : 38,
      "text" : "bargained",
      "whiteSpace" : false
    }, {
      "id" : "s0-t5",
      "begin" : 39,
      "end" : 42,
      "text" : "and",
      "whiteSpace" : false
    }, {
      "id" : "s0-t6",
      "begin" : 43,
      "end" : 47,
      "text" : "said",
      "whiteSpace" : false
    }, {
      "id" : "s0-t7",
      "begin" : 47,
      "end" : 48,
      "text" : ",",
      "whiteSpace" : false
    }, {
      "id" : "s0-t8",
      "begin" : 49,
      "end" : 52,
      "text" : "and",
      "whiteSpace" : false
    }, {
      "id" : "s0-t9",
      "begin" : 53,
      "end" : 55,
      "text" : "by",
      "whiteSpace" : false
    }, {
      "id" : "s0-t10",
      "begin" : 56,
      "end" : 61,
      "text" : "these",
      "whiteSpace" : false
    }, {
      "id" : "s0-t11",
      "begin" : 62,
      "end" : 70,
      "text" : "presents",
      "whiteSpace" : false
    }, {
      "id" : "s0-t12",
      "begin" : 71,
      "end" : 73,
      "text" : "do",
      "whiteSpace" : false
    }, {
      "id" : "s0-t13",
      "begin" : 74,
      "end" : 82,
      "text" : "transfer",
      "whiteSpace" : false
    }, {
      "id" : "s0-t14",
      "begin" : 83,
      "end" : 86,
      "text" : "and",
      "whiteSpace" : false
    }, {
      "id" : "s0-t15",
      "begin" : 87,
      "end" : 93,
      "text" : "convey",
      "whiteSpace" : false
    }, {
      "id" : "s0-t16",
      "begin" : 94,
      "end" : 98,
      "text" : "unto",
      "whiteSpace" : false
    }, {
      "id" : "s0-t17",
      "begin" : 99,
      "end" : 102,
      "text" : "the",
      "whiteSpace" : false
    }, {
      "id" : "s0-t18",
      "begin" : 103,
      "end" : 107,
      "text" : "laid",
      "whiteSpace" : false
    }, {
      "id" : "s0-t19",
      "begin" : 108,
      "end" : 110,
      "text" : "J.",
      "whiteSpace" : false
    }, {
      "id" : "s0-t20",
      "begin" : 111,
      "end" : 115,
      "text" : "Mack",
      "whiteSpace" : false
    }, {
      "id" : "s0-t21",
      "begin" : 116,
      "end" : 123,
      "text" : "Edwards",
      "whiteSpace" : false
    }, {
      "id" : "s0-t22",
      "begin" : 124,
      "end" : 127,
      "text" : "and",
      "whiteSpace" : false
    }, {
      "id" : "s0-t23",
      "begin" : 128,
      "end" : 132,
      "text" : "wife",
      "whiteSpace" : false
    }, {
      "id" : "s0-t24",
      "begin" : 132,
      "end" : 133,
      "text" : ",",
      "whiteSpace" : false
    }, {
      "id" : "s0-t25",
      "begin" : 134,
      "end" : 138,
      "text" : "Mary",
      "whiteSpace" : false
    }, {
      "id" : "s0-t26",
      "begin" : 139,
      "end" : 146,
      "text" : "Edwards",
      "whiteSpace" : false
    }, {
      "id" : "s0-t27",
      "begin" : 146,
      "end" : 147,
      "text" : ",",
      "whiteSpace" : false
    }, {
      "id" : "s0-t28",
      "begin" : 148,
      "end" : 153,
      "text" : "their",
      "whiteSpace" : false
    }, {
      "id" : "s0-t29",
      "begin" : 154,
      "end" : 157,
      "text" : "hdn",
      "whiteSpace" : false
    }, {
      "id" : "s0-t30",
      "begin" : 158,
      "end" : 159,
      "text" : "?",
      "whiteSpace" : false
    } ]
  }, {
    "id" : "s1",
    "begin" : 159,
    "end" : 166,
    "text" : "????? ?",
    "tokens" : [ {
      "id" : "s1-t0",
      "begin" : 159,
      "end" : 163,
      "text" : "????",
      "whiteSpace" : false
    }, {
      "id" : "s1-t1",
      "begin" : 163,
      "end" : 164,
      "text" : "?",
      "whiteSpace" : false
    }, {
      "id" : "s1-t2",
      "begin" : 165,
      "end" : 166,
      "text" : "?",
      "whiteSpace" : false
    } ]
  }, {
    "id" : "s2",
    "begin" : 166,
    "end" : 182,
    "text" : "?????KM-ICHHMtn?",
    "tokens" : [ {
      "id" : "s2-t0",
      "begin" : 166,
      "end" : 181,
      "text" : "?????KM-ICHHMtn",
      "whiteSpace" : false
    }, {
      "id" : "s2-t1",
      "begin" : 181,
      "end" : 182,
      "text" : "?",
      "whiteSpace" : false
    } ]
  }, {
    "id" : "s3",
    "begin" : 182,
    "end" : 184,
    "text" : "??",
    "tokens" : [ {
      "id" : "s3-t0",
      "begin" : 182,
      "end" : 183,
      "text" : "?",
      "whiteSpace" : false
    }, {
      "id" : "s3-t1",
      "begin" : 183,
      "end" : 184,
      "text" : "?",
      "whiteSpace" : false
    } ]
  }, {
    "id" : "s4",
    "begin" : 185,
    "end" : 254,
    "text" : "I . :- M???s! land In Hous ton County, State of Tennessee, as follows",
    "tokens" : [ {
      "id" : "s4-t0",
      "begin" : 185,
      "end" : 186,
      "text" : "I",
      "whiteSpace" : false
    }, {
      "id" : "s4-t1",
      "begin" : 187,
      "end" : 188,
      "text" : ".",
      "whiteSpace" : false
    }, {
      "id" : "s4-t2",
      "begin" : 189,
      "end" : 190,
      "text" : ":",
      "whiteSpace" : false
    }, {
      "id" : "s4-t3",
      "begin" : 190,
      "end" : 191,
      "text" : "-",
      "whiteSpace" : false
    }, {
      "id" : "s4-t4",
      "begin" : 192,
      "end" : 198,
      "text" : "M???s!",
      "whiteSpace" : false
    }, {
      "id" : "s4-t5",
      "begin" : 199,
      "end" : 203,
      "text" : "land",
      "whiteSpace" : false
    }, {
      "id" : "s4-t6",
      "begin" : 204,
      "end" : 206,
      "text" : "In",
      "whiteSpace" : false
    }, {
      "id" : "s4-t7",
      "begin" : 207,
      "end" : 211,
      "text" : "Hous",
      "whiteSpace" : false
    }, {
      "id" : "s4-t8",
      "begin" : 212,
      "end" : 215,
      "text" : "ton",
      "whiteSpace" : false
    }, {
      "id" : "s4-t9",
      "begin" : 216,
      "end" : 222,
      "text" : "County",
      "whiteSpace" : false
    }, {
      "id" : "s4-t10",
      "begin" : 222,
      "end" : 223,
      "text" : ",",
      "whiteSpace" : false
    }, {
      "id" : "s4-t11",
      "begin" : 224,
      "end" : 229,
      "text" : "State",
      "whiteSpace" : false
    }, {
      "id" : "s4-t12",
      "begin" : 230,
      "end" : 232,
      "text" : "of",
      "whiteSpace" : false
    }, {
      "id" : "s4-t13",
      "begin" : 233,
      "end" : 242,
      "text" : "Tennessee",
      "whiteSpace" : false
    }, {
      "id" : "s4-t14",
      "begin" : 242,
      "end" : 243,
      "text" : ",",
      "whiteSpace" : false
    }, {
      "id" : "s4-t15",
      "begin" : 244,
      "end" : 246,
      "text" : "as",
      "whiteSpace" : false
    }, {
      "id" : "s4-t16",
      "begin" : 247,
      "end" : 254,
      "text" : "follows",
      "whiteSpace" : false
    } ]
  } ],
  "mentions" : [ {
    "id" : "s0-m3",
    "properties" : {
      "SIRE_MENTION_ROLE" : "Grantor",
      "SIRE_ENTITY_SUBTYPE" : "NONE",
      "SIRE_MENTION_TYPE" : "NONE",
      "SIRE_MENTION_CLASS" : "SPC"
    },
    "type" : "Grantor",
    "begin" : 0,
    "end" : 23,
    "inCoref" : false
  }, {
    "id" : "s0-m1",
    "properties" : {
      "SIRE_MENTION_ROLE" : "Grantee",
      "SIRE_ENTITY_SUBTYPE" : "NONE",
      "SIRE_MENTION_TYPE" : "NONE",
      "SIRE_MENTION_CLASS" : "SPC"
    },
    "type" : "Grantee",
    "begin" : 108,
    "end" : 123,
    "inCoref" : false
  }, {
    "id" : "s0-m2",
    "properties" : {
      "SIRE_MENTION_ROLE" : "Grantee",
      "SIRE_ENTITY_SUBTYPE" : "NONE",
      "SIRE_MENTION_TYPE" : "NONE",
      "SIRE_MENTION_CLASS" : "SPC"
    },
    "type" : "Grantee",
    "begin" : 134,
    "end" : 146,
    "inCoref" : false
  } ],
  "relations" : [ ],
  "corefs" : [ ],
  "typeResolved" : true,
  "userResolved" : false
}