{
  "id" : "3a6dc8f0-50ef-11e9-9b8e-4bc9d96d3dde-7",
  "name" : "WD185-738.txt",
  "createdDate" : 1553732401919,
  "version" : 3,
  "text" : " FOR AND CONSIDERATION OF THE SUM OF TEN DOLLARS, CASH IN HAND PAID BY THE HEREINAFTER NAMED GRANTEES, AND OTHER GOOD AND VALUABLE CONSIDERATIONS, THE RECEIPT OF WHICH IS HEREBY ACKNOWL-EDGED,???H; Charles F. Sprinqman and wife. Joyce A. Sprinaman HEREINAFTER CALLED THE GRANTORS, HAVE BARGAINED AND SOLD, AND BY THESE PRESENTS DO TRANSFER AND CONVEYUNTO William E. Blosser and wife, Arlene K. Blosser HEREINAFTER CALLED THE GRANTEES, THEIR HEIRS AND ASSIGNS, A CERTAIN TRACT OR PARCEL OF LAND IN Humphreys COUNTY, STATE OF TENNESSEE, DESCRIBED AS FOLLOWS",
  "docLength" : 0,
  "language" : "EN",
  "status" : "SUBMITTED",
  "modifiedDate" : 1553735782671,
  "documentSet" : [ ],
  "preannotation" : [ ],
  "sentences" : [ {
    "id" : "s0",
    "begin" : 1,
    "end" : 228,
    "text" : "FOR AND CONSIDERATION OF THE SUM OF TEN DOLLARS, CASH IN HAND PAID BY THE HEREINAFTER NAMED GRANTEES, AND OTHER GOOD AND VALUABLE CONSIDERATIONS, THE RECEIPT OF WHICH IS HEREBY ACKNOWL-EDGED,???H; Charles F. Sprinqman and wife.",
    "tokens" : [ {
      "id" : "s0-t0",
      "begin" : 1,
      "end" : 4,
      "text" : "FOR",
      "whiteSpace" : false
    }, {
      "id" : "s0-t1",
      "begin" : 5,
      "end" : 8,
      "text" : "AND",
      "whiteSpace" : false
    }, {
      "id" : "s0-t2",
      "begin" : 9,
      "end" : 22,
      "text" : "CONSIDERATION",
      "whiteSpace" : false
    }, {
      "id" : "s0-t3",
      "begin" : 23,
      "end" : 25,
      "text" : "OF",
      "whiteSpace" : false
    }, {
      "id" : "s0-t4",
      "begin" : 26,
      "end" : 29,
      "text" : "THE",
      "whiteSpace" : false
    }, {
      "id" : "s0-t5",
      "begin" : 30,
      "end" : 33,
      "text" : "SUM",
      "whiteSpace" : false
    }, {
      "id" : "s0-t6",
      "begin" : 34,
      "end" : 36,
      "text" : "OF",
      "whiteSpace" : false
    }, {
      "id" : "s0-t7",
      "begin" : 37,
      "end" : 40,
      "text" : "TEN",
      "whiteSpace" : false
    }, {
      "id" : "s0-t8",
      "begin" : 41,
      "end" : 48,
      "text" : "DOLLARS",
      "whiteSpace" : false
    }, {
      "id" : "s0-t9",
      "begin" : 48,
      "end" : 49,
      "text" : ",",
      "whiteSpace" : false
    }, {
      "id" : "s0-t10",
      "begin" : 50,
      "end" : 54,
      "text" : "CASH",
      "whiteSpace" : false
    }, {
      "id" : "s0-t11",
      "begin" : 55,
      "end" : 57,
      "text" : "IN",
      "whiteSpace" : false
    }, {
      "id" : "s0-t12",
      "begin" : 58,
      "end" : 62,
      "text" : "HAND",
      "whiteSpace" : false
    }, {
      "id" : "s0-t13",
      "begin" : 63,
      "end" : 67,
      "text" : "PAID",
      "whiteSpace" : false
    }, {
      "id" : "s0-t14",
      "begin" : 68,
      "end" : 70,
      "text" : "BY",
      "whiteSpace" : false
    }, {
      "id" : "s0-t15",
      "begin" : 71,
      "end" : 74,
      "text" : "THE",
      "whiteSpace" : false
    }, {
      "id" : "s0-t16",
      "begin" : 75,
      "end" : 86,
      "text" : "HEREINAFTER",
      "whiteSpace" : false
    }, {
      "id" : "s0-t17",
      "begin" : 87,
      "end" : 92,
      "text" : "NAMED",
      "whiteSpace" : false
    }, {
      "id" : "s0-t18",
      "begin" : 93,
      "end" : 101,
      "text" : "GRANTEES",
      "whiteSpace" : false
    }, {
      "id" : "s0-t19",
      "begin" : 101,
      "end" : 102,
      "text" : ",",
      "whiteSpace" : false
    }, {
      "id" : "s0-t20",
      "begin" : 103,
      "end" : 106,
      "text" : "AND",
      "whiteSpace" : false
    }, {
      "id" : "s0-t21",
      "begin" : 107,
      "end" : 112,
      "text" : "OTHER",
      "whiteSpace" : false
    }, {
      "id" : "s0-t22",
      "begin" : 113,
      "end" : 117,
      "text" : "GOOD",
      "whiteSpace" : false
    }, {
      "id" : "s0-t23",
      "begin" : 118,
      "end" : 121,
      "text" : "AND",
      "whiteSpace" : false
    }, {
      "id" : "s0-t24",
      "begin" : 122,
      "end" : 130,
      "text" : "VALUABLE",
      "whiteSpace" : false
    }, {
      "id" : "s0-t25",
      "begin" : 131,
      "end" : 145,
      "text" : "CONSIDERATIONS",
      "whiteSpace" : false
    }, {
      "id" : "s0-t26",
      "begin" : 145,
      "end" : 146,
      "text" : ",",
      "whiteSpace" : false
    }, {
      "id" : "s0-t27",
      "begin" : 147,
      "end" : 150,
      "text" : "THE",
      "whiteSpace" : false
    }, {
      "id" : "s0-t28",
      "begin" : 151,
      "end" : 158,
      "text" : "RECEIPT",
      "whiteSpace" : false
    }, {
      "id" : "s0-t29",
      "begin" : 159,
      "end" : 161,
      "text" : "OF",
      "whiteSpace" : false
    }, {
      "id" : "s0-t30",
      "begin" : 162,
      "end" : 167,
      "text" : "WHICH",
      "whiteSpace" : false
    }, {
      "id" : "s0-t31",
      "begin" : 168,
      "end" : 170,
      "text" : "IS",
      "whiteSpace" : false
    }, {
      "id" : "s0-t32",
      "begin" : 171,
      "end" : 177,
      "text" : "HEREBY",
      "whiteSpace" : false
    }, {
      "id" : "s0-t33",
      "begin" : 178,
      "end" : 191,
      "text" : "ACKNOWL-EDGED",
      "whiteSpace" : false
    }, {
      "id" : "s0-t34",
      "begin" : 191,
      "end" : 192,
      "text" : ",",
      "whiteSpace" : false
    }, {
      "id" : "s0-t35",
      "begin" : 192,
      "end" : 197,
      "text" : "???H;",
      "whiteSpace" : false
    }, {
      "id" : "s0-t36",
      "begin" : 198,
      "end" : 205,
      "text" : "Charles",
      "whiteSpace" : false
    }, {
      "id" : "s0-t37",
      "begin" : 206,
      "end" : 208,
      "text" : "F.",
      "whiteSpace" : false
    }, {
      "id" : "s0-t38",
      "begin" : 209,
      "end" : 218,
      "text" : "Sprinqman",
      "whiteSpace" : false
    }, {
      "id" : "s0-t39",
      "begin" : 219,
      "end" : 222,
      "text" : "and",
      "whiteSpace" : false
    }, {
      "id" : "s0-t40",
      "begin" : 223,
      "end" : 227,
      "text" : "wife",
      "whiteSpace" : false
    }, {
      "id" : "s0-t41",
      "begin" : 227,
      "end" : 228,
      "text" : ".",
      "whiteSpace" : false
    } ]
  }, {
    "id" : "s1",
    "begin" : 229,
    "end" : 555,
    "text" : "Joyce A. Sprinaman HEREINAFTER CALLED THE GRANTORS, HAVE BARGAINED AND SOLD, AND BY THESE PRESENTS DO TRANSFER AND CONVEYUNTO William E. Blosser and wife, Arlene K. Blosser HEREINAFTER CALLED THE GRANTEES, THEIR HEIRS AND ASSIGNS, A CERTAIN TRACT OR PARCEL OF LAND IN Humphreys COUNTY, STATE OF TENNESSEE, DESCRIBED AS FOLLOWS",
    "tokens" : [ {
      "id" : "s1-t0",
      "begin" : 229,
      "end" : 234,
      "text" : "Joyce",
      "whiteSpace" : false
    }, {
      "id" : "s1-t1",
      "begin" : 235,
      "end" : 237,
      "text" : "A.",
      "whiteSpace" : false
    }, {
      "id" : "s1-t2",
      "begin" : 238,
      "end" : 247,
      "text" : "Sprinaman",
      "whiteSpace" : false
    }, {
      "id" : "s1-t3",
      "begin" : 248,
      "end" : 259,
      "text" : "HEREINAFTER",
      "whiteSpace" : false
    }, {
      "id" : "s1-t4",
      "begin" : 260,
      "end" : 266,
      "text" : "CALLED",
      "whiteSpace" : false
    }, {
      "id" : "s1-t5",
      "begin" : 267,
      "end" : 270,
      "text" : "THE",
      "whiteSpace" : false
    }, {
      "id" : "s1-t6",
      "begin" : 271,
      "end" : 279,
      "text" : "GRANTORS",
      "whiteSpace" : false
    }, {
      "id" : "s1-t7",
      "begin" : 279,
      "end" : 280,
      "text" : ",",
      "whiteSpace" : false
    }, {
      "id" : "s1-t8",
      "begin" : 281,
      "end" : 285,
      "text" : "HAVE",
      "whiteSpace" : false
    }, {
      "id" : "s1-t9",
      "begin" : 286,
      "end" : 295,
      "text" : "BARGAINED",
      "whiteSpace" : false
    }, {
      "id" : "s1-t10",
      "begin" : 296,
      "end" : 299,
      "text" : "AND",
      "whiteSpace" : false
    }, {
      "id" : "s1-t11",
      "begin" : 300,
      "end" : 304,
      "text" : "SOLD",
      "whiteSpace" : false
    }, {
      "id" : "s1-t12",
      "begin" : 304,
      "end" : 305,
      "text" : ",",
      "whiteSpace" : false
    }, {
      "id" : "s1-t13",
      "begin" : 306,
      "end" : 309,
      "text" : "AND",
      "whiteSpace" : false
    }, {
      "id" : "s1-t14",
      "begin" : 310,
      "end" : 312,
      "text" : "BY",
      "whiteSpace" : false
    }, {
      "id" : "s1-t15",
      "begin" : 313,
      "end" : 318,
      "text" : "THESE",
      "whiteSpace" : false
    }, {
      "id" : "s1-t16",
      "begin" : 319,
      "end" : 327,
      "text" : "PRESENTS",
      "whiteSpace" : false
    }, {
      "id" : "s1-t17",
      "begin" : 328,
      "end" : 330,
      "text" : "DO",
      "whiteSpace" : false
    }, {
      "id" : "s1-t18",
      "begin" : 331,
      "end" : 339,
      "text" : "TRANSFER",
      "whiteSpace" : false
    }, {
      "id" : "s1-t19",
      "begin" : 340,
      "end" : 343,
      "text" : "AND",
      "whiteSpace" : false
    }, {
      "id" : "s1-t20",
      "begin" : 344,
      "end" : 354,
      "text" : "CONVEYUNTO",
      "whiteSpace" : false
    }, {
      "id" : "s1-t21",
      "begin" : 355,
      "end" : 362,
      "text" : "William",
      "whiteSpace" : false
    }, {
      "id" : "s1-t22",
      "begin" : 363,
      "end" : 365,
      "text" : "E.",
      "whiteSpace" : false
    }, {
      "id" : "s1-t23",
      "begin" : 366,
      "end" : 373,
      "text" : "Blosser",
      "whiteSpace" : false
    }, {
      "id" : "s1-t24",
      "begin" : 374,
      "end" : 377,
      "text" : "and",
      "whiteSpace" : false
    }, {
      "id" : "s1-t25",
      "begin" : 378,
      "end" : 382,
      "text" : "wife",
      "whiteSpace" : false
    }, {
      "id" : "s1-t26",
      "begin" : 382,
      "end" : 383,
      "text" : ",",
      "whiteSpace" : false
    }, {
      "id" : "s1-t27",
      "begin" : 384,
      "end" : 390,
      "text" : "Arlene",
      "whiteSpace" : false
    }, {
      "id" : "s1-t28",
      "begin" : 391,
      "end" : 393,
      "text" : "K.",
      "whiteSpace" : false
    }, {
      "id" : "s1-t29",
      "begin" : 394,
      "end" : 401,
      "text" : "Blosser",
      "whiteSpace" : false
    }, {
      "id" : "s1-t30",
      "begin" : 402,
      "end" : 413,
      "text" : "HEREINAFTER",
      "whiteSpace" : false
    }, {
      "id" : "s1-t31",
      "begin" : 414,
      "end" : 420,
      "text" : "CALLED",
      "whiteSpace" : false
    }, {
      "id" : "s1-t32",
      "begin" : 421,
      "end" : 424,
      "text" : "THE",
      "whiteSpace" : false
    }, {
      "id" : "s1-t33",
      "begin" : 425,
      "end" : 433,
      "text" : "GRANTEES",
      "whiteSpace" : false
    }, {
      "id" : "s1-t34",
      "begin" : 433,
      "end" : 434,
      "text" : ",",
      "whiteSpace" : false
    }, {
      "id" : "s1-t35",
      "begin" : 435,
      "end" : 440,
      "text" : "THEIR",
      "whiteSpace" : false
    }, {
      "id" : "s1-t36",
      "begin" : 441,
      "end" : 446,
      "text" : "HEIRS",
      "whiteSpace" : false
    }, {
      "id" : "s1-t37",
      "begin" : 447,
      "end" : 450,
      "text" : "AND",
      "whiteSpace" : false
    }, {
      "id" : "s1-t38",
      "begin" : 451,
      "end" : 458,
      "text" : "ASSIGNS",
      "whiteSpace" : false
    }, {
      "id" : "s1-t39",
      "begin" : 458,
      "end" : 459,
      "text" : ",",
      "whiteSpace" : false
    }, {
      "id" : "s1-t40",
      "begin" : 460,
      "end" : 461,
      "text" : "A",
      "whiteSpace" : false
    }, {
      "id" : "s1-t41",
      "begin" : 462,
      "end" : 469,
      "text" : "CERTAIN",
      "whiteSpace" : false
    }, {
      "id" : "s1-t42",
      "begin" : 470,
      "end" : 475,
      "text" : "TRACT",
      "whiteSpace" : false
    }, {
      "id" : "s1-t43",
      "begin" : 476,
      "end" : 478,
      "text" : "OR",
      "whiteSpace" : false
    }, {
      "id" : "s1-t44",
      "begin" : 479,
      "end" : 485,
      "text" : "PARCEL",
      "whiteSpace" : false
    }, {
      "id" : "s1-t45",
      "begin" : 486,
      "end" : 488,
      "text" : "OF",
      "whiteSpace" : false
    }, {
      "id" : "s1-t46",
      "begin" : 489,
      "end" : 493,
      "text" : "LAND",
      "whiteSpace" : false
    }, {
      "id" : "s1-t47",
      "begin" : 494,
      "end" : 496,
      "text" : "IN",
      "whiteSpace" : false
    }, {
      "id" : "s1-t48",
      "begin" : 497,
      "end" : 506,
      "text" : "Humphreys",
      "whiteSpace" : false
    }, {
      "id" : "s1-t49",
      "begin" : 507,
      "end" : 513,
      "text" : "COUNTY",
      "whiteSpace" : false
    }, {
      "id" : "s1-t50",
      "begin" : 513,
      "end" : 514,
      "text" : ",",
      "whiteSpace" : false
    }, {
      "id" : "s1-t51",
      "begin" : 515,
      "end" : 520,
      "text" : "STATE",
      "whiteSpace" : false
    }, {
      "id" : "s1-t52",
      "begin" : 521,
      "end" : 523,
      "text" : "OF",
      "whiteSpace" : false
    }, {
      "id" : "s1-t53",
      "begin" : 524,
      "end" : 533,
      "text" : "TENNESSEE",
      "whiteSpace" : false
    }, {
      "id" : "s1-t54",
      "begin" : 533,
      "end" : 534,
      "text" : ",",
      "whiteSpace" : false
    }, {
      "id" : "s1-t55",
      "begin" : 535,
      "end" : 544,
      "text" : "DESCRIBED",
      "whiteSpace" : false
    }, {
      "id" : "s1-t56",
      "begin" : 545,
      "end" : 547,
      "text" : "AS",
      "whiteSpace" : false
    }, {
      "id" : "s1-t57",
      "begin" : 548,
      "end" : 555,
      "text" : "FOLLOWS",
      "whiteSpace" : false
    } ]
  } ],
  "mentions" : [ {
    "id" : "s0-m1",
    "properties" : {
      "SIRE_MENTION_ROLE" : "Grantor",
      "SIRE_ENTITY_SUBTYPE" : "NONE",
      "SIRE_MENTION_TYPE" : "NONE",
      "SIRE_MENTION_CLASS" : "SPC"
    },
    "type" : "Grantor",
    "begin" : 198,
    "end" : 218,
    "inCoref" : false
  }, {
    "id" : "s1-m1",
    "properties" : {
      "SIRE_MENTION_ROLE" : "Grantor",
      "SIRE_ENTITY_SUBTYPE" : "NONE",
      "SIRE_MENTION_TYPE" : "NONE",
      "SIRE_MENTION_CLASS" : "SPC"
    },
    "type" : "Grantor",
    "begin" : 229,
    "end" : 247,
    "inCoref" : false
  }, {
    "id" : "s1-m2",
    "properties" : {
      "SIRE_MENTION_ROLE" : "Grantee",
      "SIRE_ENTITY_SUBTYPE" : "NONE",
      "SIRE_MENTION_TYPE" : "NONE",
      "SIRE_MENTION_CLASS" : "SPC"
    },
    "type" : "Grantee",
    "begin" : 355,
    "end" : 373,
    "inCoref" : false
  }, {
    "id" : "s1-m3",
    "properties" : {
      "SIRE_MENTION_ROLE" : "Grantee",
      "SIRE_ENTITY_SUBTYPE" : "NONE",
      "SIRE_MENTION_TYPE" : "NONE",
      "SIRE_MENTION_CLASS" : "SPC"
    },
    "type" : "Grantee",
    "begin" : 384,
    "end" : 401,
    "inCoref" : false
  } ],
  "relations" : [ ],
  "corefs" : [ ],
  "typeResolved" : true,
  "userResolved" : false
}