{
  "id" : "3a6dc8f0-50ef-11e9-9b8e-4bc9d96d3dde-15",
  "name" : "WD203-88.txt",
  "createdDate" : 1553732401919,
  "version" : 3,
  "text" : "For and consideration of the sum of Ten Dollars, cash in hand paid by the hereinafter named Grantees, and other good and valuable considerations, the receipt of which is hereby acknowledged, I, John M. Ramsey New Owners TOTAL AMOUNT 53.70 hereinafter called the Grantors, have bargained and sold, and by these presents do transfer and convey unto Nicholas C. Smith and wife, April M. Smith hereinafter called the Grantees, their heirs and assigns, a certain tract or parcel of land in Humphreys County, State of Tennessee, described as follows",
  "docLength" : 0,
  "language" : "EN",
  "status" : "SUBMITTED",
  "modifiedDate" : 1553735661350,
  "documentSet" : [ ],
  "preannotation" : [ ],
  "sentences" : [ {
    "id" : "s0",
    "begin" : 0,
    "end" : 543,
    "text" : "For and consideration of the sum of Ten Dollars, cash in hand paid by the hereinafter named Grantees, and other good and valuable considerations, the receipt of which is hereby acknowledged, I, John M. Ramsey New Owners TOTAL AMOUNT 53.70 hereinafter called the Grantors, have bargained and sold, and by these presents do transfer and convey unto Nicholas C. Smith and wife, April M. Smith hereinafter called the Grantees, their heirs and assigns, a certain tract or parcel of land in Humphreys County, State of Tennessee, described as follows",
    "tokens" : [ {
      "id" : "s0-t0",
      "begin" : 0,
      "end" : 3,
      "text" : "For",
      "whiteSpace" : false
    }, {
      "id" : "s0-t1",
      "begin" : 4,
      "end" : 7,
      "text" : "and",
      "whiteSpace" : false
    }, {
      "id" : "s0-t2",
      "begin" : 8,
      "end" : 21,
      "text" : "consideration",
      "whiteSpace" : false
    }, {
      "id" : "s0-t3",
      "begin" : 22,
      "end" : 24,
      "text" : "of",
      "whiteSpace" : false
    }, {
      "id" : "s0-t4",
      "begin" : 25,
      "end" : 28,
      "text" : "the",
      "whiteSpace" : false
    }, {
      "id" : "s0-t5",
      "begin" : 29,
      "end" : 32,
      "text" : "sum",
      "whiteSpace" : false
    }, {
      "id" : "s0-t6",
      "begin" : 33,
      "end" : 35,
      "text" : "of",
      "whiteSpace" : false
    }, {
      "id" : "s0-t7",
      "begin" : 36,
      "end" : 39,
      "text" : "Ten",
      "whiteSpace" : false
    }, {
      "id" : "s0-t8",
      "begin" : 40,
      "end" : 47,
      "text" : "Dollars",
      "whiteSpace" : false
    }, {
      "id" : "s0-t9",
      "begin" : 47,
      "end" : 48,
      "text" : ",",
      "whiteSpace" : false
    }, {
      "id" : "s0-t10",
      "begin" : 49,
      "end" : 53,
      "text" : "cash",
      "whiteSpace" : false
    }, {
      "id" : "s0-t11",
      "begin" : 54,
      "end" : 56,
      "text" : "in",
      "whiteSpace" : false
    }, {
      "id" : "s0-t12",
      "begin" : 57,
      "end" : 61,
      "text" : "hand",
      "whiteSpace" : false
    }, {
      "id" : "s0-t13",
      "begin" : 62,
      "end" : 66,
      "text" : "paid",
      "whiteSpace" : false
    }, {
      "id" : "s0-t14",
      "begin" : 67,
      "end" : 69,
      "text" : "by",
      "whiteSpace" : false
    }, {
      "id" : "s0-t15",
      "begin" : 70,
      "end" : 73,
      "text" : "the",
      "whiteSpace" : false
    }, {
      "id" : "s0-t16",
      "begin" : 74,
      "end" : 85,
      "text" : "hereinafter",
      "whiteSpace" : false
    }, {
      "id" : "s0-t17",
      "begin" : 86,
      "end" : 91,
      "text" : "named",
      "whiteSpace" : false
    }, {
      "id" : "s0-t18",
      "begin" : 92,
      "end" : 100,
      "text" : "Grantees",
      "whiteSpace" : false
    }, {
      "id" : "s0-t19",
      "begin" : 100,
      "end" : 101,
      "text" : ",",
      "whiteSpace" : false
    }, {
      "id" : "s0-t20",
      "begin" : 102,
      "end" : 105,
      "text" : "and",
      "whiteSpace" : false
    }, {
      "id" : "s0-t21",
      "begin" : 106,
      "end" : 111,
      "text" : "other",
      "whiteSpace" : false
    }, {
      "id" : "s0-t22",
      "begin" : 112,
      "end" : 116,
      "text" : "good",
      "whiteSpace" : false
    }, {
      "id" : "s0-t23",
      "begin" : 117,
      "end" : 120,
      "text" : "and",
      "whiteSpace" : false
    }, {
      "id" : "s0-t24",
      "begin" : 121,
      "end" : 129,
      "text" : "valuable",
      "whiteSpace" : false
    }, {
      "id" : "s0-t25",
      "begin" : 130,
      "end" : 144,
      "text" : "considerations",
      "whiteSpace" : false
    }, {
      "id" : "s0-t26",
      "begin" : 144,
      "end" : 145,
      "text" : ",",
      "whiteSpace" : false
    }, {
      "id" : "s0-t27",
      "begin" : 146,
      "end" : 149,
      "text" : "the",
      "whiteSpace" : false
    }, {
      "id" : "s0-t28",
      "begin" : 150,
      "end" : 157,
      "text" : "receipt",
      "whiteSpace" : false
    }, {
      "id" : "s0-t29",
      "begin" : 158,
      "end" : 160,
      "text" : "of",
      "whiteSpace" : false
    }, {
      "id" : "s0-t30",
      "begin" : 161,
      "end" : 166,
      "text" : "which",
      "whiteSpace" : false
    }, {
      "id" : "s0-t31",
      "begin" : 167,
      "end" : 169,
      "text" : "is",
      "whiteSpace" : false
    }, {
      "id" : "s0-t32",
      "begin" : 170,
      "end" : 176,
      "text" : "hereby",
      "whiteSpace" : false
    }, {
      "id" : "s0-t33",
      "begin" : 177,
      "end" : 189,
      "text" : "acknowledged",
      "whiteSpace" : false
    }, {
      "id" : "s0-t34",
      "begin" : 189,
      "end" : 190,
      "text" : ",",
      "whiteSpace" : false
    }, {
      "id" : "s0-t35",
      "begin" : 191,
      "end" : 192,
      "text" : "I",
      "whiteSpace" : false
    }, {
      "id" : "s0-t36",
      "begin" : 192,
      "end" : 193,
      "text" : ",",
      "whiteSpace" : false
    }, {
      "id" : "s0-t37",
      "begin" : 194,
      "end" : 198,
      "text" : "John",
      "whiteSpace" : false
    }, {
      "id" : "s0-t38",
      "begin" : 199,
      "end" : 201,
      "text" : "M.",
      "whiteSpace" : false
    }, {
      "id" : "s0-t39",
      "begin" : 202,
      "end" : 208,
      "text" : "Ramsey",
      "whiteSpace" : false
    }, {
      "id" : "s0-t40",
      "begin" : 209,
      "end" : 212,
      "text" : "New",
      "whiteSpace" : false
    }, {
      "id" : "s0-t41",
      "begin" : 213,
      "end" : 219,
      "text" : "Owners",
      "whiteSpace" : false
    }, {
      "id" : "s0-t42",
      "begin" : 220,
      "end" : 225,
      "text" : "TOTAL",
      "whiteSpace" : false
    }, {
      "id" : "s0-t43",
      "begin" : 226,
      "end" : 232,
      "text" : "AMOUNT",
      "whiteSpace" : false
    }, {
      "id" : "s0-t44",
      "begin" : 233,
      "end" : 238,
      "text" : "53.70",
      "whiteSpace" : false
    }, {
      "id" : "s0-t45",
      "begin" : 239,
      "end" : 250,
      "text" : "hereinafter",
      "whiteSpace" : false
    }, {
      "id" : "s0-t46",
      "begin" : 251,
      "end" : 257,
      "text" : "called",
      "whiteSpace" : false
    }, {
      "id" : "s0-t47",
      "begin" : 258,
      "end" : 261,
      "text" : "the",
      "whiteSpace" : false
    }, {
      "id" : "s0-t48",
      "begin" : 262,
      "end" : 270,
      "text" : "Grantors",
      "whiteSpace" : false
    }, {
      "id" : "s0-t49",
      "begin" : 270,
      "end" : 271,
      "text" : ",",
      "whiteSpace" : false
    }, {
      "id" : "s0-t50",
      "begin" : 272,
      "end" : 276,
      "text" : "have",
      "whiteSpace" : false
    }, {
      "id" : "s0-t51",
      "begin" : 277,
      "end" : 286,
      "text" : "bargained",
      "whiteSpace" : false
    }, {
      "id" : "s0-t52",
      "begin" : 287,
      "end" : 290,
      "text" : "and",
      "whiteSpace" : false
    }, {
      "id" : "s0-t53",
      "begin" : 291,
      "end" : 295,
      "text" : "sold",
      "whiteSpace" : false
    }, {
      "id" : "s0-t54",
      "begin" : 295,
      "end" : 296,
      "text" : ",",
      "whiteSpace" : false
    }, {
      "id" : "s0-t55",
      "begin" : 297,
      "end" : 300,
      "text" : "and",
      "whiteSpace" : false
    }, {
      "id" : "s0-t56",
      "begin" : 301,
      "end" : 303,
      "text" : "by",
      "whiteSpace" : false
    }, {
      "id" : "s0-t57",
      "begin" : 304,
      "end" : 309,
      "text" : "these",
      "whiteSpace" : false
    }, {
      "id" : "s0-t58",
      "begin" : 310,
      "end" : 318,
      "text" : "presents",
      "whiteSpace" : false
    }, {
      "id" : "s0-t59",
      "begin" : 319,
      "end" : 321,
      "text" : "do",
      "whiteSpace" : false
    }, {
      "id" : "s0-t60",
      "begin" : 322,
      "end" : 330,
      "text" : "transfer",
      "whiteSpace" : false
    }, {
      "id" : "s0-t61",
      "begin" : 331,
      "end" : 334,
      "text" : "and",
      "whiteSpace" : false
    }, {
      "id" : "s0-t62",
      "begin" : 335,
      "end" : 341,
      "text" : "convey",
      "whiteSpace" : false
    }, {
      "id" : "s0-t63",
      "begin" : 342,
      "end" : 346,
      "text" : "unto",
      "whiteSpace" : false
    }, {
      "id" : "s0-t64",
      "begin" : 347,
      "end" : 355,
      "text" : "Nicholas",
      "whiteSpace" : false
    }, {
      "id" : "s0-t65",
      "begin" : 356,
      "end" : 358,
      "text" : "C.",
      "whiteSpace" : false
    }, {
      "id" : "s0-t66",
      "begin" : 359,
      "end" : 364,
      "text" : "Smith",
      "whiteSpace" : false
    }, {
      "id" : "s0-t67",
      "begin" : 365,
      "end" : 368,
      "text" : "and",
      "whiteSpace" : false
    }, {
      "id" : "s0-t68",
      "begin" : 369,
      "end" : 373,
      "text" : "wife",
      "whiteSpace" : false
    }, {
      "id" : "s0-t69",
      "begin" : 373,
      "end" : 374,
      "text" : ",",
      "whiteSpace" : false
    }, {
      "id" : "s0-t70",
      "begin" : 375,
      "end" : 380,
      "text" : "April",
      "whiteSpace" : false
    }, {
      "id" : "s0-t71",
      "begin" : 381,
      "end" : 383,
      "text" : "M.",
      "whiteSpace" : false
    }, {
      "id" : "s0-t72",
      "begin" : 384,
      "end" : 389,
      "text" : "Smith",
      "whiteSpace" : false
    }, {
      "id" : "s0-t73",
      "begin" : 390,
      "end" : 401,
      "text" : "hereinafter",
      "whiteSpace" : false
    }, {
      "id" : "s0-t74",
      "begin" : 402,
      "end" : 408,
      "text" : "called",
      "whiteSpace" : false
    }, {
      "id" : "s0-t75",
      "begin" : 409,
      "end" : 412,
      "text" : "the",
      "whiteSpace" : false
    }, {
      "id" : "s0-t76",
      "begin" : 413,
      "end" : 421,
      "text" : "Grantees",
      "whiteSpace" : false
    }, {
      "id" : "s0-t77",
      "begin" : 421,
      "end" : 422,
      "text" : ",",
      "whiteSpace" : false
    }, {
      "id" : "s0-t78",
      "begin" : 423,
      "end" : 428,
      "text" : "their",
      "whiteSpace" : false
    }, {
      "id" : "s0-t79",
      "begin" : 429,
      "end" : 434,
      "text" : "heirs",
      "whiteSpace" : false
    }, {
      "id" : "s0-t80",
      "begin" : 435,
      "end" : 438,
      "text" : "and",
      "whiteSpace" : false
    }, {
      "id" : "s0-t81",
      "begin" : 439,
      "end" : 446,
      "text" : "assigns",
      "whiteSpace" : false
    }, {
      "id" : "s0-t82",
      "begin" : 446,
      "end" : 447,
      "text" : ",",
      "whiteSpace" : false
    }, {
      "id" : "s0-t83",
      "begin" : 448,
      "end" : 449,
      "text" : "a",
      "whiteSpace" : false
    }, {
      "id" : "s0-t84",
      "begin" : 450,
      "end" : 457,
      "text" : "certain",
      "whiteSpace" : false
    }, {
      "id" : "s0-t85",
      "begin" : 458,
      "end" : 463,
      "text" : "tract",
      "whiteSpace" : false
    }, {
      "id" : "s0-t86",
      "begin" : 464,
      "end" : 466,
      "text" : "or",
      "whiteSpace" : false
    }, {
      "id" : "s0-t87",
      "begin" : 467,
      "end" : 473,
      "text" : "parcel",
      "whiteSpace" : false
    }, {
      "id" : "s0-t88",
      "begin" : 474,
      "end" : 476,
      "text" : "of",
      "whiteSpace" : false
    }, {
      "id" : "s0-t89",
      "begin" : 477,
      "end" : 481,
      "text" : "land",
      "whiteSpace" : false
    }, {
      "id" : "s0-t90",
      "begin" : 482,
      "end" : 484,
      "text" : "in",
      "whiteSpace" : false
    }, {
      "id" : "s0-t91",
      "begin" : 485,
      "end" : 494,
      "text" : "Humphreys",
      "whiteSpace" : false
    }, {
      "id" : "s0-t92",
      "begin" : 495,
      "end" : 501,
      "text" : "County",
      "whiteSpace" : false
    }, {
      "id" : "s0-t93",
      "begin" : 501,
      "end" : 502,
      "text" : ",",
      "whiteSpace" : false
    }, {
      "id" : "s0-t94",
      "begin" : 503,
      "end" : 508,
      "text" : "State",
      "whiteSpace" : false
    }, {
      "id" : "s0-t95",
      "begin" : 509,
      "end" : 511,
      "text" : "of",
      "whiteSpace" : false
    }, {
      "id" : "s0-t96",
      "begin" : 512,
      "end" : 521,
      "text" : "Tennessee",
      "whiteSpace" : false
    }, {
      "id" : "s0-t97",
      "begin" : 521,
      "end" : 522,
      "text" : ",",
      "whiteSpace" : false
    }, {
      "id" : "s0-t98",
      "begin" : 523,
      "end" : 532,
      "text" : "described",
      "whiteSpace" : false
    }, {
      "id" : "s0-t99",
      "begin" : 533,
      "end" : 535,
      "text" : "as",
      "whiteSpace" : false
    }, {
      "id" : "s0-t100",
      "begin" : 536,
      "end" : 543,
      "text" : "follows",
      "whiteSpace" : false
    } ]
  } ],
  "mentions" : [ {
    "id" : "s0-m1",
    "properties" : {
      "SIRE_MENTION_ROLE" : "Grantor",
      "SIRE_ENTITY_SUBTYPE" : "NONE",
      "SIRE_MENTION_TYPE" : "NONE",
      "SIRE_MENTION_CLASS" : "SPC"
    },
    "type" : "Grantor",
    "begin" : 194,
    "end" : 208,
    "inCoref" : false
  }, {
    "id" : "s0-m2",
    "properties" : {
      "SIRE_MENTION_ROLE" : "Grantee",
      "SIRE_ENTITY_SUBTYPE" : "NONE",
      "SIRE_MENTION_TYPE" : "NONE",
      "SIRE_MENTION_CLASS" : "SPC"
    },
    "type" : "Grantee",
    "begin" : 347,
    "end" : 364,
    "inCoref" : false
  }, {
    "id" : "s0-m3",
    "properties" : {
      "SIRE_MENTION_ROLE" : "Grantee",
      "SIRE_ENTITY_SUBTYPE" : "NONE",
      "SIRE_MENTION_TYPE" : "NONE",
      "SIRE_MENTION_CLASS" : "SPC"
    },
    "type" : "Grantee",
    "begin" : 375,
    "end" : 389,
    "inCoref" : false
  } ],
  "relations" : [ ],
  "corefs" : [ ],
  "typeResolved" : true,
  "userResolved" : false
}