{
  "id" : "3b31a630-5676-11e9-8538-e5e57d696462-12",
  "name" : "WD1-20_4.txt",
  "createdDate" : 0,
  "version" : 3,
  "text" : "Street, N 80 deg. 15' 0 \" West 121.12 feet to the point of beginning, containing .92 acres, more or less., BEING the same property conveyed to Will 0. Sanders by deeds of record in Deed Book 183, page 1545 and Deed Book 190, page 2945, Register???s Of???ce of Humphreys County, Tennessee., This conveyance is made subject to an ",
  "docLength" : 0,
  "language" : "EN",
  "status" : "SUBMITTED",
  "modifiedDate" : 1554342780728,
  "documentSet" : [ ],
  "preannotation" : [ ],
  "sentences" : [ {
    "id" : "s0",
    "begin" : 0,
    "end" : 17,
    "text" : "Street, N 80 deg.",
    "tokens" : [ {
      "id" : "s0-t0",
      "begin" : 0,
      "end" : 6,
      "text" : "Street",
      "whiteSpace" : false
    }, {
      "id" : "s0-t1",
      "begin" : 6,
      "end" : 7,
      "text" : ",",
      "whiteSpace" : false
    }, {
      "id" : "s0-t2",
      "begin" : 8,
      "end" : 9,
      "text" : "N",
      "whiteSpace" : false
    }, {
      "id" : "s0-t3",
      "begin" : 10,
      "end" : 12,
      "text" : "80",
      "whiteSpace" : false
    }, {
      "id" : "s0-t4",
      "begin" : 13,
      "end" : 16,
      "text" : "deg",
      "whiteSpace" : false
    }, {
      "id" : "s0-t5",
      "begin" : 16,
      "end" : 17,
      "text" : ".",
      "whiteSpace" : false
    } ]
  }, {
    "id" : "s1",
    "begin" : 18,
    "end" : 150,
    "text" : "15' 0 \" West 121.12 feet to the point of beginning, containing .92 acres, more or less., BEING the same property conveyed to Will 0.",
    "tokens" : [ {
      "id" : "s1-t0",
      "begin" : 18,
      "end" : 20,
      "text" : "15",
      "whiteSpace" : false
    }, {
      "id" : "s1-t1",
      "begin" : 20,
      "end" : 21,
      "text" : "'",
      "whiteSpace" : false
    }, {
      "id" : "s1-t2",
      "begin" : 22,
      "end" : 23,
      "text" : "0",
      "whiteSpace" : false
    }, {
      "id" : "s1-t3",
      "begin" : 24,
      "end" : 25,
      "text" : "\"",
      "whiteSpace" : false
    }, {
      "id" : "s1-t4",
      "begin" : 26,
      "end" : 30,
      "text" : "West",
      "whiteSpace" : false
    }, {
      "id" : "s1-t5",
      "begin" : 31,
      "end" : 37,
      "text" : "121.12",
      "whiteSpace" : false
    }, {
      "id" : "s1-t6",
      "begin" : 38,
      "end" : 42,
      "text" : "feet",
      "whiteSpace" : false
    }, {
      "id" : "s1-t7",
      "begin" : 43,
      "end" : 45,
      "text" : "to",
      "whiteSpace" : false
    }, {
      "id" : "s1-t8",
      "begin" : 46,
      "end" : 49,
      "text" : "the",
      "whiteSpace" : false
    }, {
      "id" : "s1-t9",
      "begin" : 50,
      "end" : 55,
      "text" : "point",
      "whiteSpace" : false
    }, {
      "id" : "s1-t10",
      "begin" : 56,
      "end" : 58,
      "text" : "of",
      "whiteSpace" : false
    }, {
      "id" : "s1-t11",
      "begin" : 59,
      "end" : 68,
      "text" : "beginning",
      "whiteSpace" : false
    }, {
      "id" : "s1-t12",
      "begin" : 68,
      "end" : 69,
      "text" : ",",
      "whiteSpace" : false
    }, {
      "id" : "s1-t13",
      "begin" : 70,
      "end" : 80,
      "text" : "containing",
      "whiteSpace" : false
    }, {
      "id" : "s1-t14",
      "begin" : 81,
      "end" : 84,
      "text" : ".92",
      "whiteSpace" : false
    }, {
      "id" : "s1-t15",
      "begin" : 85,
      "end" : 90,
      "text" : "acres",
      "whiteSpace" : false
    }, {
      "id" : "s1-t16",
      "begin" : 90,
      "end" : 91,
      "text" : ",",
      "whiteSpace" : false
    }, {
      "id" : "s1-t17",
      "begin" : 92,
      "end" : 96,
      "text" : "more",
      "whiteSpace" : false
    }, {
      "id" : "s1-t18",
      "begin" : 97,
      "end" : 99,
      "text" : "or",
      "whiteSpace" : false
    }, {
      "id" : "s1-t19",
      "begin" : 100,
      "end" : 105,
      "text" : "less.",
      "whiteSpace" : false
    }, {
      "id" : "s1-t20",
      "begin" : 105,
      "end" : 106,
      "text" : ",",
      "whiteSpace" : false
    }, {
      "id" : "s1-t21",
      "begin" : 107,
      "end" : 112,
      "text" : "BEING",
      "whiteSpace" : false
    }, {
      "id" : "s1-t22",
      "begin" : 113,
      "end" : 116,
      "text" : "the",
      "whiteSpace" : false
    }, {
      "id" : "s1-t23",
      "begin" : 117,
      "end" : 121,
      "text" : "same",
      "whiteSpace" : false
    }, {
      "id" : "s1-t24",
      "begin" : 122,
      "end" : 130,
      "text" : "property",
      "whiteSpace" : false
    }, {
      "id" : "s1-t25",
      "begin" : 131,
      "end" : 139,
      "text" : "conveyed",
      "whiteSpace" : false
    }, {
      "id" : "s1-t26",
      "begin" : 140,
      "end" : 142,
      "text" : "to",
      "whiteSpace" : false
    }, {
      "id" : "s1-t27",
      "begin" : 143,
      "end" : 147,
      "text" : "Will",
      "whiteSpace" : false
    }, {
      "id" : "s1-t28",
      "begin" : 148,
      "end" : 149,
      "text" : "0",
      "whiteSpace" : false
    }, {
      "id" : "s1-t29",
      "begin" : 149,
      "end" : 150,
      "text" : ".",
      "whiteSpace" : false
    } ]
  }, {
    "id" : "s2",
    "begin" : 151,
    "end" : 245,
    "text" : "Sanders by deeds of record in Deed Book 183, page 1545 and Deed Book 190, page 2945, Register?",
    "tokens" : [ {
      "id" : "s2-t0",
      "begin" : 151,
      "end" : 158,
      "text" : "Sanders",
      "whiteSpace" : false
    }, {
      "id" : "s2-t1",
      "begin" : 159,
      "end" : 161,
      "text" : "by",
      "whiteSpace" : false
    }, {
      "id" : "s2-t2",
      "begin" : 162,
      "end" : 167,
      "text" : "deeds",
      "whiteSpace" : false
    }, {
      "id" : "s2-t3",
      "begin" : 168,
      "end" : 170,
      "text" : "of",
      "whiteSpace" : false
    }, {
      "id" : "s2-t4",
      "begin" : 171,
      "end" : 177,
      "text" : "record",
      "whiteSpace" : false
    }, {
      "id" : "s2-t5",
      "begin" : 178,
      "end" : 180,
      "text" : "in",
      "whiteSpace" : false
    }, {
      "id" : "s2-t6",
      "begin" : 181,
      "end" : 185,
      "text" : "Deed",
      "whiteSpace" : false
    }, {
      "id" : "s2-t7",
      "begin" : 186,
      "end" : 190,
      "text" : "Book",
      "whiteSpace" : false
    }, {
      "id" : "s2-t8",
      "begin" : 191,
      "end" : 194,
      "text" : "183",
      "whiteSpace" : false
    }, {
      "id" : "s2-t9",
      "begin" : 194,
      "end" : 195,
      "text" : ",",
      "whiteSpace" : false
    }, {
      "id" : "s2-t10",
      "begin" : 196,
      "end" : 200,
      "text" : "page",
      "whiteSpace" : false
    }, {
      "id" : "s2-t11",
      "begin" : 201,
      "end" : 205,
      "text" : "1545",
      "whiteSpace" : false
    }, {
      "id" : "s2-t12",
      "begin" : 206,
      "end" : 209,
      "text" : "and",
      "whiteSpace" : false
    }, {
      "id" : "s2-t13",
      "begin" : 210,
      "end" : 214,
      "text" : "Deed",
      "whiteSpace" : false
    }, {
      "id" : "s2-t14",
      "begin" : 215,
      "end" : 219,
      "text" : "Book",
      "whiteSpace" : false
    }, {
      "id" : "s2-t15",
      "begin" : 220,
      "end" : 223,
      "text" : "190",
      "whiteSpace" : false
    }, {
      "id" : "s2-t16",
      "begin" : 223,
      "end" : 224,
      "text" : ",",
      "whiteSpace" : false
    }, {
      "id" : "s2-t17",
      "begin" : 225,
      "end" : 229,
      "text" : "page",
      "whiteSpace" : false
    }, {
      "id" : "s2-t18",
      "begin" : 230,
      "end" : 234,
      "text" : "2945",
      "whiteSpace" : false
    }, {
      "id" : "s2-t19",
      "begin" : 234,
      "end" : 235,
      "text" : ",",
      "whiteSpace" : false
    }, {
      "id" : "s2-t20",
      "begin" : 236,
      "end" : 244,
      "text" : "Register",
      "whiteSpace" : false
    }, {
      "id" : "s2-t21",
      "begin" : 244,
      "end" : 245,
      "text" : "?",
      "whiteSpace" : false
    } ]
  }, {
    "id" : "s3",
    "begin" : 245,
    "end" : 252,
    "text" : "??s Of?",
    "tokens" : [ {
      "id" : "s3-t0",
      "begin" : 245,
      "end" : 248,
      "text" : "??s",
      "whiteSpace" : false
    }, {
      "id" : "s3-t1",
      "begin" : 249,
      "end" : 251,
      "text" : "Of",
      "whiteSpace" : false
    }, {
      "id" : "s3-t2",
      "begin" : 251,
      "end" : 252,
      "text" : "?",
      "whiteSpace" : false
    } ]
  }, {
    "id" : "s4",
    "begin" : 252,
    "end" : 327,
    "text" : "??ce of Humphreys County, Tennessee., This conveyance is made subject to an",
    "tokens" : [ {
      "id" : "s4-t0",
      "begin" : 252,
      "end" : 256,
      "text" : "??ce",
      "whiteSpace" : false
    }, {
      "id" : "s4-t1",
      "begin" : 257,
      "end" : 259,
      "text" : "of",
      "whiteSpace" : false
    }, {
      "id" : "s4-t2",
      "begin" : 260,
      "end" : 269,
      "text" : "Humphreys",
      "whiteSpace" : false
    }, {
      "id" : "s4-t3",
      "begin" : 270,
      "end" : 276,
      "text" : "County",
      "whiteSpace" : false
    }, {
      "id" : "s4-t4",
      "begin" : 276,
      "end" : 277,
      "text" : ",",
      "whiteSpace" : false
    }, {
      "id" : "s4-t5",
      "begin" : 278,
      "end" : 288,
      "text" : "Tennessee.",
      "whiteSpace" : false
    }, {
      "id" : "s4-t6",
      "begin" : 288,
      "end" : 289,
      "text" : ",",
      "whiteSpace" : false
    }, {
      "id" : "s4-t7",
      "begin" : 290,
      "end" : 294,
      "text" : "This",
      "whiteSpace" : false
    }, {
      "id" : "s4-t8",
      "begin" : 295,
      "end" : 305,
      "text" : "conveyance",
      "whiteSpace" : false
    }, {
      "id" : "s4-t9",
      "begin" : 306,
      "end" : 308,
      "text" : "is",
      "whiteSpace" : false
    }, {
      "id" : "s4-t10",
      "begin" : 309,
      "end" : 313,
      "text" : "made",
      "whiteSpace" : false
    }, {
      "id" : "s4-t11",
      "begin" : 314,
      "end" : 321,
      "text" : "subject",
      "whiteSpace" : false
    }, {
      "id" : "s4-t12",
      "begin" : 322,
      "end" : 324,
      "text" : "to",
      "whiteSpace" : false
    }, {
      "id" : "s4-t13",
      "begin" : 325,
      "end" : 327,
      "text" : "an",
      "whiteSpace" : false
    } ]
  } ],
  "mentions" : [ {
    "id" : "s2-m3",
    "properties" : {
      "SIRE_MENTION_ROLE" : "WarrDeedBookNum",
      "SIRE_ENTITY_SUBTYPE" : "NONE",
      "SIRE_MENTION_TYPE" : "NONE",
      "SIRE_MENTION_CLASS" : "SPC"
    },
    "type" : "WarrDeedBookNum",
    "begin" : 191,
    "end" : 194,
    "inCoref" : false
  }, {
    "id" : "s2-m4",
    "properties" : {
      "SIRE_MENTION_ROLE" : "WarrDeedPageNum",
      "SIRE_ENTITY_SUBTYPE" : "NONE",
      "SIRE_MENTION_TYPE" : "NONE",
      "SIRE_MENTION_CLASS" : "SPC"
    },
    "type" : "WarrDeedPageNum",
    "begin" : 201,
    "end" : 205,
    "inCoref" : false
  }, {
    "id" : "s2-m1",
    "properties" : {
      "SIRE_MENTION_ROLE" : "WarrDeedBookNum",
      "SIRE_ENTITY_SUBTYPE" : "NONE",
      "SIRE_MENTION_TYPE" : "NONE",
      "SIRE_MENTION_CLASS" : "SPC"
    },
    "type" : "WarrDeedBookNum",
    "begin" : 220,
    "end" : 223,
    "inCoref" : false
  }, {
    "id" : "s2-m2",
    "properties" : {
      "SIRE_MENTION_ROLE" : "WarrDeedPageNum",
      "SIRE_ENTITY_SUBTYPE" : "NONE",
      "SIRE_MENTION_TYPE" : "NONE",
      "SIRE_MENTION_CLASS" : "SPC"
    },
    "type" : "WarrDeedPageNum",
    "begin" : 230,
    "end" : 234,
    "inCoref" : false
  } ],
  "relations" : [ ],
  "corefs" : [ ],
  "typeResolved" : true,
  "userResolved" : false
}