{
  "id" : "3b31a630-5676-11e9-8538-e5e57d696462-18",
  "name" : "WD1-21_2.txt",
  "createdDate" : 0,
  "version" : 3,
  "text" : " Pherrell Breeden South 80 degrees 12 minutes 47 seconds East 278.53 feet to the point of beginning, containing an area of 1.55 acres by calculation. Survey made by McBride Survey Co. 08/03/99. BEING a portion of the same property conveyed to Jessie Wayne Himes &amp; wife, Betty E. Himes by deed of record in Deed Book 139, page 675, and a portion of the same property conveyed to Jessie Wayne Himes and wife, Betty E. Himes by deed of record in Deed Book 118, page 1067, Register???s Of???ce, Humphreys County, Tennessee. TO HAVE AND TO HOLD the ",
  "docLength" : 0,
  "language" : "EN",
  "status" : "SUBMITTED",
  "modifiedDate" : 1554342833041,
  "documentSet" : [ ],
  "preannotation" : [ ],
  "sentences" : [ {
    "id" : "s0",
    "begin" : 1,
    "end" : 149,
    "text" : "Pherrell Breeden South 80 degrees 12 minutes 47 seconds East 278.53 feet to the point of beginning, containing an area of 1.55 acres by calculation.",
    "tokens" : [ {
      "id" : "s0-t0",
      "begin" : 1,
      "end" : 9,
      "text" : "Pherrell",
      "whiteSpace" : false
    }, {
      "id" : "s0-t1",
      "begin" : 10,
      "end" : 17,
      "text" : "Breeden",
      "whiteSpace" : false
    }, {
      "id" : "s0-t2",
      "begin" : 18,
      "end" : 23,
      "text" : "South",
      "whiteSpace" : false
    }, {
      "id" : "s0-t3",
      "begin" : 24,
      "end" : 26,
      "text" : "80",
      "whiteSpace" : false
    }, {
      "id" : "s0-t4",
      "begin" : 27,
      "end" : 34,
      "text" : "degrees",
      "whiteSpace" : false
    }, {
      "id" : "s0-t5",
      "begin" : 35,
      "end" : 37,
      "text" : "12",
      "whiteSpace" : false
    }, {
      "id" : "s0-t6",
      "begin" : 38,
      "end" : 45,
      "text" : "minutes",
      "whiteSpace" : false
    }, {
      "id" : "s0-t7",
      "begin" : 46,
      "end" : 48,
      "text" : "47",
      "whiteSpace" : false
    }, {
      "id" : "s0-t8",
      "begin" : 49,
      "end" : 56,
      "text" : "seconds",
      "whiteSpace" : false
    }, {
      "id" : "s0-t9",
      "begin" : 57,
      "end" : 61,
      "text" : "East",
      "whiteSpace" : false
    }, {
      "id" : "s0-t10",
      "begin" : 62,
      "end" : 68,
      "text" : "278.53",
      "whiteSpace" : false
    }, {
      "id" : "s0-t11",
      "begin" : 69,
      "end" : 73,
      "text" : "feet",
      "whiteSpace" : false
    }, {
      "id" : "s0-t12",
      "begin" : 74,
      "end" : 76,
      "text" : "to",
      "whiteSpace" : false
    }, {
      "id" : "s0-t13",
      "begin" : 77,
      "end" : 80,
      "text" : "the",
      "whiteSpace" : false
    }, {
      "id" : "s0-t14",
      "begin" : 81,
      "end" : 86,
      "text" : "point",
      "whiteSpace" : false
    }, {
      "id" : "s0-t15",
      "begin" : 87,
      "end" : 89,
      "text" : "of",
      "whiteSpace" : false
    }, {
      "id" : "s0-t16",
      "begin" : 90,
      "end" : 99,
      "text" : "beginning",
      "whiteSpace" : false
    }, {
      "id" : "s0-t17",
      "begin" : 99,
      "end" : 100,
      "text" : ",",
      "whiteSpace" : false
    }, {
      "id" : "s0-t18",
      "begin" : 101,
      "end" : 111,
      "text" : "containing",
      "whiteSpace" : false
    }, {
      "id" : "s0-t19",
      "begin" : 112,
      "end" : 114,
      "text" : "an",
      "whiteSpace" : false
    }, {
      "id" : "s0-t20",
      "begin" : 115,
      "end" : 119,
      "text" : "area",
      "whiteSpace" : false
    }, {
      "id" : "s0-t21",
      "begin" : 120,
      "end" : 122,
      "text" : "of",
      "whiteSpace" : false
    }, {
      "id" : "s0-t22",
      "begin" : 123,
      "end" : 127,
      "text" : "1.55",
      "whiteSpace" : false
    }, {
      "id" : "s0-t23",
      "begin" : 128,
      "end" : 133,
      "text" : "acres",
      "whiteSpace" : false
    }, {
      "id" : "s0-t24",
      "begin" : 134,
      "end" : 136,
      "text" : "by",
      "whiteSpace" : false
    }, {
      "id" : "s0-t25",
      "begin" : 137,
      "end" : 148,
      "text" : "calculation",
      "whiteSpace" : false
    }, {
      "id" : "s0-t26",
      "begin" : 148,
      "end" : 149,
      "text" : ".",
      "whiteSpace" : false
    } ]
  }, {
    "id" : "s1",
    "begin" : 150,
    "end" : 193,
    "text" : "Survey made by McBride Survey Co. 08/03/99.",
    "tokens" : [ {
      "id" : "s1-t0",
      "begin" : 150,
      "end" : 156,
      "text" : "Survey",
      "whiteSpace" : false
    }, {
      "id" : "s1-t1",
      "begin" : 157,
      "end" : 161,
      "text" : "made",
      "whiteSpace" : false
    }, {
      "id" : "s1-t2",
      "begin" : 162,
      "end" : 164,
      "text" : "by",
      "whiteSpace" : false
    }, {
      "id" : "s1-t3",
      "begin" : 165,
      "end" : 172,
      "text" : "McBride",
      "whiteSpace" : false
    }, {
      "id" : "s1-t4",
      "begin" : 173,
      "end" : 179,
      "text" : "Survey",
      "whiteSpace" : false
    }, {
      "id" : "s1-t5",
      "begin" : 180,
      "end" : 183,
      "text" : "Co.",
      "whiteSpace" : false
    }, {
      "id" : "s1-t6",
      "begin" : 184,
      "end" : 192,
      "text" : "08/03/99",
      "whiteSpace" : false
    }, {
      "id" : "s1-t7",
      "begin" : 192,
      "end" : 193,
      "text" : ".",
      "whiteSpace" : false
    } ]
  }, {
    "id" : "s2",
    "begin" : 194,
    "end" : 482,
    "text" : "BEING a portion of the same property conveyed to Jessie Wayne Himes &amp; wife, Betty E. Himes by deed of record in Deed Book 139, page 675, and a portion of the same property conveyed to Jessie Wayne Himes and wife, Betty E. Himes by deed of record in Deed Book 118, page 1067, Register?",
    "tokens" : [ {
      "id" : "s2-t0",
      "begin" : 194,
      "end" : 199,
      "text" : "BEING",
      "whiteSpace" : false
    }, {
      "id" : "s2-t1",
      "begin" : 200,
      "end" : 201,
      "text" : "a",
      "whiteSpace" : false
    }, {
      "id" : "s2-t2",
      "begin" : 202,
      "end" : 209,
      "text" : "portion",
      "whiteSpace" : false
    }, {
      "id" : "s2-t3",
      "begin" : 210,
      "end" : 212,
      "text" : "of",
      "whiteSpace" : false
    }, {
      "id" : "s2-t4",
      "begin" : 213,
      "end" : 216,
      "text" : "the",
      "whiteSpace" : false
    }, {
      "id" : "s2-t5",
      "begin" : 217,
      "end" : 221,
      "text" : "same",
      "whiteSpace" : false
    }, {
      "id" : "s2-t6",
      "begin" : 222,
      "end" : 230,
      "text" : "property",
      "whiteSpace" : false
    }, {
      "id" : "s2-t7",
      "begin" : 231,
      "end" : 239,
      "text" : "conveyed",
      "whiteSpace" : false
    }, {
      "id" : "s2-t8",
      "begin" : 240,
      "end" : 242,
      "text" : "to",
      "whiteSpace" : false
    }, {
      "id" : "s2-t9",
      "begin" : 243,
      "end" : 249,
      "text" : "Jessie",
      "whiteSpace" : false
    }, {
      "id" : "s2-t10",
      "begin" : 250,
      "end" : 255,
      "text" : "Wayne",
      "whiteSpace" : false
    }, {
      "id" : "s2-t11",
      "begin" : 256,
      "end" : 261,
      "text" : "Himes",
      "whiteSpace" : false
    }, {
      "id" : "s2-t12",
      "begin" : 262,
      "end" : 267,
      "text" : "&amp;",
      "whiteSpace" : false
    }, {
      "id" : "s2-t13",
      "begin" : 268,
      "end" : 272,
      "text" : "wife",
      "whiteSpace" : false
    }, {
      "id" : "s2-t14",
      "begin" : 272,
      "end" : 273,
      "text" : ",",
      "whiteSpace" : false
    }, {
      "id" : "s2-t15",
      "begin" : 274,
      "end" : 279,
      "text" : "Betty",
      "whiteSpace" : false
    }, {
      "id" : "s2-t16",
      "begin" : 280,
      "end" : 282,
      "text" : "E.",
      "whiteSpace" : false
    }, {
      "id" : "s2-t17",
      "begin" : 283,
      "end" : 288,
      "text" : "Himes",
      "whiteSpace" : false
    }, {
      "id" : "s2-t18",
      "begin" : 289,
      "end" : 291,
      "text" : "by",
      "whiteSpace" : false
    }, {
      "id" : "s2-t19",
      "begin" : 292,
      "end" : 296,
      "text" : "deed",
      "whiteSpace" : false
    }, {
      "id" : "s2-t20",
      "begin" : 297,
      "end" : 299,
      "text" : "of",
      "whiteSpace" : false
    }, {
      "id" : "s2-t21",
      "begin" : 300,
      "end" : 306,
      "text" : "record",
      "whiteSpace" : false
    }, {
      "id" : "s2-t22",
      "begin" : 307,
      "end" : 309,
      "text" : "in",
      "whiteSpace" : false
    }, {
      "id" : "s2-t23",
      "begin" : 310,
      "end" : 314,
      "text" : "Deed",
      "whiteSpace" : false
    }, {
      "id" : "s2-t24",
      "begin" : 315,
      "end" : 319,
      "text" : "Book",
      "whiteSpace" : false
    }, {
      "id" : "s2-t25",
      "begin" : 320,
      "end" : 323,
      "text" : "139",
      "whiteSpace" : false
    }, {
      "id" : "s2-t26",
      "begin" : 323,
      "end" : 324,
      "text" : ",",
      "whiteSpace" : false
    }, {
      "id" : "s2-t27",
      "begin" : 325,
      "end" : 329,
      "text" : "page",
      "whiteSpace" : false
    }, {
      "id" : "s2-t28",
      "begin" : 330,
      "end" : 333,
      "text" : "675",
      "whiteSpace" : false
    }, {
      "id" : "s2-t29",
      "begin" : 333,
      "end" : 334,
      "text" : ",",
      "whiteSpace" : false
    }, {
      "id" : "s2-t30",
      "begin" : 335,
      "end" : 338,
      "text" : "and",
      "whiteSpace" : false
    }, {
      "id" : "s2-t31",
      "begin" : 339,
      "end" : 340,
      "text" : "a",
      "whiteSpace" : false
    }, {
      "id" : "s2-t32",
      "begin" : 341,
      "end" : 348,
      "text" : "portion",
      "whiteSpace" : false
    }, {
      "id" : "s2-t33",
      "begin" : 349,
      "end" : 351,
      "text" : "of",
      "whiteSpace" : false
    }, {
      "id" : "s2-t34",
      "begin" : 352,
      "end" : 355,
      "text" : "the",
      "whiteSpace" : false
    }, {
      "id" : "s2-t35",
      "begin" : 356,
      "end" : 360,
      "text" : "same",
      "whiteSpace" : false
    }, {
      "id" : "s2-t36",
      "begin" : 361,
      "end" : 369,
      "text" : "property",
      "whiteSpace" : false
    }, {
      "id" : "s2-t37",
      "begin" : 370,
      "end" : 378,
      "text" : "conveyed",
      "whiteSpace" : false
    }, {
      "id" : "s2-t38",
      "begin" : 379,
      "end" : 381,
      "text" : "to",
      "whiteSpace" : false
    }, {
      "id" : "s2-t39",
      "begin" : 382,
      "end" : 388,
      "text" : "Jessie",
      "whiteSpace" : false
    }, {
      "id" : "s2-t40",
      "begin" : 389,
      "end" : 394,
      "text" : "Wayne",
      "whiteSpace" : false
    }, {
      "id" : "s2-t41",
      "begin" : 395,
      "end" : 400,
      "text" : "Himes",
      "whiteSpace" : false
    }, {
      "id" : "s2-t42",
      "begin" : 401,
      "end" : 404,
      "text" : "and",
      "whiteSpace" : false
    }, {
      "id" : "s2-t43",
      "begin" : 405,
      "end" : 409,
      "text" : "wife",
      "whiteSpace" : false
    }, {
      "id" : "s2-t44",
      "begin" : 409,
      "end" : 410,
      "text" : ",",
      "whiteSpace" : false
    }, {
      "id" : "s2-t45",
      "begin" : 411,
      "end" : 416,
      "text" : "Betty",
      "whiteSpace" : false
    }, {
      "id" : "s2-t46",
      "begin" : 417,
      "end" : 419,
      "text" : "E.",
      "whiteSpace" : false
    }, {
      "id" : "s2-t47",
      "begin" : 420,
      "end" : 425,
      "text" : "Himes",
      "whiteSpace" : false
    }, {
      "id" : "s2-t48",
      "begin" : 426,
      "end" : 428,
      "text" : "by",
      "whiteSpace" : false
    }, {
      "id" : "s2-t49",
      "begin" : 429,
      "end" : 433,
      "text" : "deed",
      "whiteSpace" : false
    }, {
      "id" : "s2-t50",
      "begin" : 434,
      "end" : 436,
      "text" : "of",
      "whiteSpace" : false
    }, {
      "id" : "s2-t51",
      "begin" : 437,
      "end" : 443,
      "text" : "record",
      "whiteSpace" : false
    }, {
      "id" : "s2-t52",
      "begin" : 444,
      "end" : 446,
      "text" : "in",
      "whiteSpace" : false
    }, {
      "id" : "s2-t53",
      "begin" : 447,
      "end" : 451,
      "text" : "Deed",
      "whiteSpace" : false
    }, {
      "id" : "s2-t54",
      "begin" : 452,
      "end" : 456,
      "text" : "Book",
      "whiteSpace" : false
    }, {
      "id" : "s2-t55",
      "begin" : 457,
      "end" : 460,
      "text" : "118",
      "whiteSpace" : false
    }, {
      "id" : "s2-t56",
      "begin" : 460,
      "end" : 461,
      "text" : ",",
      "whiteSpace" : false
    }, {
      "id" : "s2-t57",
      "begin" : 462,
      "end" : 466,
      "text" : "page",
      "whiteSpace" : false
    }, {
      "id" : "s2-t58",
      "begin" : 467,
      "end" : 471,
      "text" : "1067",
      "whiteSpace" : false
    }, {
      "id" : "s2-t59",
      "begin" : 471,
      "end" : 472,
      "text" : ",",
      "whiteSpace" : false
    }, {
      "id" : "s2-t60",
      "begin" : 473,
      "end" : 481,
      "text" : "Register",
      "whiteSpace" : false
    }, {
      "id" : "s2-t61",
      "begin" : 481,
      "end" : 482,
      "text" : "?",
      "whiteSpace" : false
    } ]
  }, {
    "id" : "s3",
    "begin" : 482,
    "end" : 489,
    "text" : "??s Of?",
    "tokens" : [ {
      "id" : "s3-t0",
      "begin" : 482,
      "end" : 485,
      "text" : "??s",
      "whiteSpace" : false
    }, {
      "id" : "s3-t1",
      "begin" : 486,
      "end" : 488,
      "text" : "Of",
      "whiteSpace" : false
    }, {
      "id" : "s3-t2",
      "begin" : 488,
      "end" : 489,
      "text" : "?",
      "whiteSpace" : false
    } ]
  }, {
    "id" : "s4",
    "begin" : 489,
    "end" : 523,
    "text" : "??ce, Humphreys County, Tennessee.",
    "tokens" : [ {
      "id" : "s4-t0",
      "begin" : 489,
      "end" : 493,
      "text" : "??ce",
      "whiteSpace" : false
    }, {
      "id" : "s4-t1",
      "begin" : 493,
      "end" : 494,
      "text" : ",",
      "whiteSpace" : false
    }, {
      "id" : "s4-t2",
      "begin" : 495,
      "end" : 504,
      "text" : "Humphreys",
      "whiteSpace" : false
    }, {
      "id" : "s4-t3",
      "begin" : 505,
      "end" : 511,
      "text" : "County",
      "whiteSpace" : false
    }, {
      "id" : "s4-t4",
      "begin" : 511,
      "end" : 512,
      "text" : ",",
      "whiteSpace" : false
    }, {
      "id" : "s4-t5",
      "begin" : 513,
      "end" : 522,
      "text" : "Tennessee",
      "whiteSpace" : false
    }, {
      "id" : "s4-t6",
      "begin" : 522,
      "end" : 523,
      "text" : ".",
      "whiteSpace" : false
    } ]
  }, {
    "id" : "s5",
    "begin" : 524,
    "end" : 547,
    "text" : "TO HAVE AND TO HOLD the",
    "tokens" : [ {
      "id" : "s5-t0",
      "begin" : 524,
      "end" : 526,
      "text" : "TO",
      "whiteSpace" : false
    }, {
      "id" : "s5-t1",
      "begin" : 527,
      "end" : 531,
      "text" : "HAVE",
      "whiteSpace" : false
    }, {
      "id" : "s5-t2",
      "begin" : 532,
      "end" : 535,
      "text" : "AND",
      "whiteSpace" : false
    }, {
      "id" : "s5-t3",
      "begin" : 536,
      "end" : 538,
      "text" : "TO",
      "whiteSpace" : false
    }, {
      "id" : "s5-t4",
      "begin" : 539,
      "end" : 543,
      "text" : "HOLD",
      "whiteSpace" : false
    }, {
      "id" : "s5-t5",
      "begin" : 544,
      "end" : 547,
      "text" : "the",
      "whiteSpace" : false
    } ]
  } ],
  "mentions" : [ {
    "id" : "s2-m1",
    "properties" : {
      "SIRE_MENTION_ROLE" : "WarrDeedBookNum",
      "SIRE_ENTITY_SUBTYPE" : "NONE",
      "SIRE_MENTION_TYPE" : "NONE",
      "SIRE_MENTION_CLASS" : "SPC"
    },
    "type" : "WarrDeedBookNum",
    "begin" : 320,
    "end" : 323,
    "inCoref" : false
  }, {
    "id" : "s2-m2",
    "properties" : {
      "SIRE_MENTION_ROLE" : "WarrDeedPageNum",
      "SIRE_ENTITY_SUBTYPE" : "NONE",
      "SIRE_MENTION_TYPE" : "NONE",
      "SIRE_MENTION_CLASS" : "SPC"
    },
    "type" : "WarrDeedPageNum",
    "begin" : 330,
    "end" : 333,
    "inCoref" : false
  }, {
    "id" : "s2-m3",
    "properties" : {
      "SIRE_MENTION_ROLE" : "WarrDeedBookNum",
      "SIRE_ENTITY_SUBTYPE" : "NONE",
      "SIRE_MENTION_TYPE" : "NONE",
      "SIRE_MENTION_CLASS" : "SPC"
    },
    "type" : "WarrDeedBookNum",
    "begin" : 457,
    "end" : 460,
    "inCoref" : false
  }, {
    "id" : "s2-m4",
    "properties" : {
      "SIRE_MENTION_ROLE" : "WarrDeedPageNum",
      "SIRE_ENTITY_SUBTYPE" : "NONE",
      "SIRE_MENTION_TYPE" : "NONE",
      "SIRE_MENTION_CLASS" : "SPC"
    },
    "type" : "WarrDeedPageNum",
    "begin" : 467,
    "end" : 471,
    "inCoref" : false
  } ],
  "relations" : [ ],
  "corefs" : [ ],
  "typeResolved" : true,
  "userResolved" : false
}