{
  "id" : "3b31a630-5676-11e9-8538-e5e57d696462-9",
  "name" : "WD1-20_1.txt",
  "createdDate" : 0,
  "version" : 3,
  "text" : " being conveyed subject to certain restrictions and protective covenants for Cedar??? Hill Subdivision,, Register???s Office of Humphreys County, Tennessee., BEING a portion of the same property conveyed to J. Doyle Dillingham (now deceased), and J. L. Bradley, Jr. by deed of record in Deed Book 141, page 725, Register???s Office of Humphreys County, Tennessee., TO HAVE AND TO HOLD the said tracts or parcels of land,",
  "docLength" : 0,
  "language" : "EN",
  "status" : "SUBMITTED",
  "modifiedDate" : 1554342935321,
  "documentSet" : [ ],
  "preannotation" : [ ],
  "sentences" : [ {
    "id" : "s0",
    "begin" : 1,
    "end" : 83,
    "text" : "being conveyed subject to certain restrictions and protective covenants for Cedar?",
    "tokens" : [ {
      "id" : "s0-t0",
      "begin" : 1,
      "end" : 6,
      "text" : "being",
      "whiteSpace" : false
    }, {
      "id" : "s0-t1",
      "begin" : 7,
      "end" : 15,
      "text" : "conveyed",
      "whiteSpace" : false
    }, {
      "id" : "s0-t2",
      "begin" : 16,
      "end" : 23,
      "text" : "subject",
      "whiteSpace" : false
    }, {
      "id" : "s0-t3",
      "begin" : 24,
      "end" : 26,
      "text" : "to",
      "whiteSpace" : false
    }, {
      "id" : "s0-t4",
      "begin" : 27,
      "end" : 34,
      "text" : "certain",
      "whiteSpace" : false
    }, {
      "id" : "s0-t5",
      "begin" : 35,
      "end" : 47,
      "text" : "restrictions",
      "whiteSpace" : false
    }, {
      "id" : "s0-t6",
      "begin" : 48,
      "end" : 51,
      "text" : "and",
      "whiteSpace" : false
    }, {
      "id" : "s0-t7",
      "begin" : 52,
      "end" : 62,
      "text" : "protective",
      "whiteSpace" : false
    }, {
      "id" : "s0-t8",
      "begin" : 63,
      "end" : 72,
      "text" : "covenants",
      "whiteSpace" : false
    }, {
      "id" : "s0-t9",
      "begin" : 73,
      "end" : 76,
      "text" : "for",
      "whiteSpace" : false
    }, {
      "id" : "s0-t10",
      "begin" : 77,
      "end" : 82,
      "text" : "Cedar",
      "whiteSpace" : false
    }, {
      "id" : "s0-t11",
      "begin" : 82,
      "end" : 83,
      "text" : "?",
      "whiteSpace" : false
    } ]
  }, {
    "id" : "s1",
    "begin" : 83,
    "end" : 85,
    "text" : "??",
    "tokens" : [ {
      "id" : "s1-t0",
      "begin" : 83,
      "end" : 84,
      "text" : "?",
      "whiteSpace" : false
    }, {
      "id" : "s1-t1",
      "begin" : 84,
      "end" : 85,
      "text" : "?",
      "whiteSpace" : false
    } ]
  }, {
    "id" : "s2",
    "begin" : 86,
    "end" : 114,
    "text" : "Hill Subdivision,, Register?",
    "tokens" : [ {
      "id" : "s2-t0",
      "begin" : 86,
      "end" : 90,
      "text" : "Hill",
      "whiteSpace" : false
    }, {
      "id" : "s2-t1",
      "begin" : 91,
      "end" : 102,
      "text" : "Subdivision",
      "whiteSpace" : false
    }, {
      "id" : "s2-t2",
      "begin" : 102,
      "end" : 103,
      "text" : ",",
      "whiteSpace" : false
    }, {
      "id" : "s2-t3",
      "begin" : 103,
      "end" : 104,
      "text" : ",",
      "whiteSpace" : false
    }, {
      "id" : "s2-t4",
      "begin" : 105,
      "end" : 113,
      "text" : "Register",
      "whiteSpace" : false
    }, {
      "id" : "s2-t5",
      "begin" : 113,
      "end" : 114,
      "text" : "?",
      "whiteSpace" : false
    } ]
  }, {
    "id" : "s3",
    "begin" : 114,
    "end" : 321,
    "text" : "??s Office of Humphreys County, Tennessee., BEING a portion of the same property conveyed to J. Doyle Dillingham (now deceased), and J. L. Bradley, Jr. by deed of record in Deed Book 141, page 725, Register?",
    "tokens" : [ {
      "id" : "s3-t0",
      "begin" : 114,
      "end" : 117,
      "text" : "??s",
      "whiteSpace" : false
    }, {
      "id" : "s3-t1",
      "begin" : 118,
      "end" : 124,
      "text" : "Office",
      "whiteSpace" : false
    }, {
      "id" : "s3-t2",
      "begin" : 125,
      "end" : 127,
      "text" : "of",
      "whiteSpace" : false
    }, {
      "id" : "s3-t3",
      "begin" : 128,
      "end" : 137,
      "text" : "Humphreys",
      "whiteSpace" : false
    }, {
      "id" : "s3-t4",
      "begin" : 138,
      "end" : 144,
      "text" : "County",
      "whiteSpace" : false
    }, {
      "id" : "s3-t5",
      "begin" : 144,
      "end" : 145,
      "text" : ",",
      "whiteSpace" : false
    }, {
      "id" : "s3-t6",
      "begin" : 146,
      "end" : 156,
      "text" : "Tennessee.",
      "whiteSpace" : false
    }, {
      "id" : "s3-t7",
      "begin" : 156,
      "end" : 157,
      "text" : ",",
      "whiteSpace" : false
    }, {
      "id" : "s3-t8",
      "begin" : 158,
      "end" : 163,
      "text" : "BEING",
      "whiteSpace" : false
    }, {
      "id" : "s3-t9",
      "begin" : 164,
      "end" : 165,
      "text" : "a",
      "whiteSpace" : false
    }, {
      "id" : "s3-t10",
      "begin" : 166,
      "end" : 173,
      "text" : "portion",
      "whiteSpace" : false
    }, {
      "id" : "s3-t11",
      "begin" : 174,
      "end" : 176,
      "text" : "of",
      "whiteSpace" : false
    }, {
      "id" : "s3-t12",
      "begin" : 177,
      "end" : 180,
      "text" : "the",
      "whiteSpace" : false
    }, {
      "id" : "s3-t13",
      "begin" : 181,
      "end" : 185,
      "text" : "same",
      "whiteSpace" : false
    }, {
      "id" : "s3-t14",
      "begin" : 186,
      "end" : 194,
      "text" : "property",
      "whiteSpace" : false
    }, {
      "id" : "s3-t15",
      "begin" : 195,
      "end" : 203,
      "text" : "conveyed",
      "whiteSpace" : false
    }, {
      "id" : "s3-t16",
      "begin" : 204,
      "end" : 206,
      "text" : "to",
      "whiteSpace" : false
    }, {
      "id" : "s3-t17",
      "begin" : 207,
      "end" : 209,
      "text" : "J.",
      "whiteSpace" : false
    }, {
      "id" : "s3-t18",
      "begin" : 210,
      "end" : 215,
      "text" : "Doyle",
      "whiteSpace" : false
    }, {
      "id" : "s3-t19",
      "begin" : 216,
      "end" : 226,
      "text" : "Dillingham",
      "whiteSpace" : false
    }, {
      "id" : "s3-t20",
      "begin" : 227,
      "end" : 228,
      "text" : "(",
      "whiteSpace" : false
    }, {
      "id" : "s3-t21",
      "begin" : 228,
      "end" : 231,
      "text" : "now",
      "whiteSpace" : false
    }, {
      "id" : "s3-t22",
      "begin" : 232,
      "end" : 240,
      "text" : "deceased",
      "whiteSpace" : false
    }, {
      "id" : "s3-t23",
      "begin" : 240,
      "end" : 241,
      "text" : ")",
      "whiteSpace" : false
    }, {
      "id" : "s3-t24",
      "begin" : 241,
      "end" : 242,
      "text" : ",",
      "whiteSpace" : false
    }, {
      "id" : "s3-t25",
      "begin" : 243,
      "end" : 246,
      "text" : "and",
      "whiteSpace" : false
    }, {
      "id" : "s3-t26",
      "begin" : 247,
      "end" : 249,
      "text" : "J.",
      "whiteSpace" : false
    }, {
      "id" : "s3-t27",
      "begin" : 250,
      "end" : 252,
      "text" : "L.",
      "whiteSpace" : false
    }, {
      "id" : "s3-t28",
      "begin" : 253,
      "end" : 260,
      "text" : "Bradley",
      "whiteSpace" : false
    }, {
      "id" : "s3-t29",
      "begin" : 260,
      "end" : 261,
      "text" : ",",
      "whiteSpace" : false
    }, {
      "id" : "s3-t30",
      "begin" : 262,
      "end" : 265,
      "text" : "Jr.",
      "whiteSpace" : false
    }, {
      "id" : "s3-t31",
      "begin" : 266,
      "end" : 268,
      "text" : "by",
      "whiteSpace" : false
    }, {
      "id" : "s3-t32",
      "begin" : 269,
      "end" : 273,
      "text" : "deed",
      "whiteSpace" : false
    }, {
      "id" : "s3-t33",
      "begin" : 274,
      "end" : 276,
      "text" : "of",
      "whiteSpace" : false
    }, {
      "id" : "s3-t34",
      "begin" : 277,
      "end" : 283,
      "text" : "record",
      "whiteSpace" : false
    }, {
      "id" : "s3-t35",
      "begin" : 284,
      "end" : 286,
      "text" : "in",
      "whiteSpace" : false
    }, {
      "id" : "s3-t36",
      "begin" : 287,
      "end" : 291,
      "text" : "Deed",
      "whiteSpace" : false
    }, {
      "id" : "s3-t37",
      "begin" : 292,
      "end" : 296,
      "text" : "Book",
      "whiteSpace" : false
    }, {
      "id" : "s3-t38",
      "begin" : 297,
      "end" : 300,
      "text" : "141",
      "whiteSpace" : false
    }, {
      "id" : "s3-t39",
      "begin" : 300,
      "end" : 301,
      "text" : ",",
      "whiteSpace" : false
    }, {
      "id" : "s3-t40",
      "begin" : 302,
      "end" : 306,
      "text" : "page",
      "whiteSpace" : false
    }, {
      "id" : "s3-t41",
      "begin" : 307,
      "end" : 310,
      "text" : "725",
      "whiteSpace" : false
    }, {
      "id" : "s3-t42",
      "begin" : 310,
      "end" : 311,
      "text" : ",",
      "whiteSpace" : false
    }, {
      "id" : "s3-t43",
      "begin" : 312,
      "end" : 320,
      "text" : "Register",
      "whiteSpace" : false
    }, {
      "id" : "s3-t44",
      "begin" : 320,
      "end" : 321,
      "text" : "?",
      "whiteSpace" : false
    } ]
  }, {
    "id" : "s4",
    "begin" : 321,
    "end" : 420,
    "text" : "??s Office of Humphreys County, Tennessee., TO HAVE AND TO HOLD the said tracts or parcels of land,",
    "tokens" : [ {
      "id" : "s4-t0",
      "begin" : 321,
      "end" : 324,
      "text" : "??s",
      "whiteSpace" : false
    }, {
      "id" : "s4-t1",
      "begin" : 325,
      "end" : 331,
      "text" : "Office",
      "whiteSpace" : false
    }, {
      "id" : "s4-t2",
      "begin" : 332,
      "end" : 334,
      "text" : "of",
      "whiteSpace" : false
    }, {
      "id" : "s4-t3",
      "begin" : 335,
      "end" : 344,
      "text" : "Humphreys",
      "whiteSpace" : false
    }, {
      "id" : "s4-t4",
      "begin" : 345,
      "end" : 351,
      "text" : "County",
      "whiteSpace" : false
    }, {
      "id" : "s4-t5",
      "begin" : 351,
      "end" : 352,
      "text" : ",",
      "whiteSpace" : false
    }, {
      "id" : "s4-t6",
      "begin" : 353,
      "end" : 363,
      "text" : "Tennessee.",
      "whiteSpace" : false
    }, {
      "id" : "s4-t7",
      "begin" : 363,
      "end" : 364,
      "text" : ",",
      "whiteSpace" : false
    }, {
      "id" : "s4-t8",
      "begin" : 365,
      "end" : 367,
      "text" : "TO",
      "whiteSpace" : false
    }, {
      "id" : "s4-t9",
      "begin" : 368,
      "end" : 372,
      "text" : "HAVE",
      "whiteSpace" : false
    }, {
      "id" : "s4-t10",
      "begin" : 373,
      "end" : 376,
      "text" : "AND",
      "whiteSpace" : false
    }, {
      "id" : "s4-t11",
      "begin" : 377,
      "end" : 379,
      "text" : "TO",
      "whiteSpace" : false
    }, {
      "id" : "s4-t12",
      "begin" : 380,
      "end" : 384,
      "text" : "HOLD",
      "whiteSpace" : false
    }, {
      "id" : "s4-t13",
      "begin" : 385,
      "end" : 388,
      "text" : "the",
      "whiteSpace" : false
    }, {
      "id" : "s4-t14",
      "begin" : 389,
      "end" : 393,
      "text" : "said",
      "whiteSpace" : false
    }, {
      "id" : "s4-t15",
      "begin" : 394,
      "end" : 400,
      "text" : "tracts",
      "whiteSpace" : false
    }, {
      "id" : "s4-t16",
      "begin" : 401,
      "end" : 403,
      "text" : "or",
      "whiteSpace" : false
    }, {
      "id" : "s4-t17",
      "begin" : 404,
      "end" : 411,
      "text" : "parcels",
      "whiteSpace" : false
    }, {
      "id" : "s4-t18",
      "begin" : 412,
      "end" : 414,
      "text" : "of",
      "whiteSpace" : false
    }, {
      "id" : "s4-t19",
      "begin" : 415,
      "end" : 419,
      "text" : "land",
      "whiteSpace" : false
    }, {
      "id" : "s4-t20",
      "begin" : 419,
      "end" : 420,
      "text" : ",",
      "whiteSpace" : false
    } ]
  } ],
  "mentions" : [ {
    "id" : "s3-m1",
    "properties" : {
      "SIRE_MENTION_ROLE" : "WarrDeedBookNum",
      "SIRE_ENTITY_SUBTYPE" : "NONE",
      "SIRE_MENTION_TYPE" : "NONE",
      "SIRE_MENTION_CLASS" : "SPC"
    },
    "type" : "WarrDeedBookNum",
    "begin" : 297,
    "end" : 300,
    "inCoref" : false
  }, {
    "id" : "s3-m2",
    "properties" : {
      "SIRE_MENTION_ROLE" : "WarrDeedPageNum",
      "SIRE_ENTITY_SUBTYPE" : "NONE",
      "SIRE_MENTION_TYPE" : "NONE",
      "SIRE_MENTION_CLASS" : "SPC"
    },
    "type" : "WarrDeedPageNum",
    "begin" : 307,
    "end" : 310,
    "inCoref" : false
  } ],
  "relations" : [ ],
  "corefs" : [ ],
  "typeResolved" : true,
  "userResolved" : false
}