{
  "id" : "3b31a630-5676-11e9-8538-e5e57d696462-1",
  "name" : "WD1-18_3.txt",
  "createdDate" : 0,
  "version" : 3,
  "text" : " being Lot #28, Cedar Hill Subdivision as of record in Plat Book 2, page 84, Register???s Of???ce of Humphreys County, Tennessee, and bounded as follows: BEGINNING at a stake in the west margin of Circle Drive, the same being the northeast corner of Lot #27, running thence with said drive North 3 degrees East 100 feet to a stake; thence North 87, degrees West 175 feet to a stake; thence South 3 degrees West 100 feet to a stake; thence South 87 degrees East 175 feet to the beginning., BEING the same property conveyed to Earlie W. Long and Corrine L. Spann by deed of record in Deed Book 164, page 1207, Register???s Of???ce of Humphreys County, Tennessee., This conveyance is made subject to ",
  "docLength" : 0,
  "language" : "EN",
  "status" : "SUBMITTED",
  "modifiedDate" : 1554342762423,
  "documentSet" : [ ],
  "preannotation" : [ ],
  "sentences" : [ {
    "id" : "s0",
    "begin" : 1,
    "end" : 86,
    "text" : "being Lot #28, Cedar Hill Subdivision as of record in Plat Book 2, page 84, Register?",
    "tokens" : [ {
      "id" : "s0-t0",
      "begin" : 1,
      "end" : 6,
      "text" : "being",
      "whiteSpace" : false
    }, {
      "id" : "s0-t1",
      "begin" : 7,
      "end" : 10,
      "text" : "Lot",
      "whiteSpace" : false
    }, {
      "id" : "s0-t2",
      "begin" : 11,
      "end" : 14,
      "text" : "#28",
      "whiteSpace" : false
    }, {
      "id" : "s0-t3",
      "begin" : 14,
      "end" : 15,
      "text" : ",",
      "whiteSpace" : false
    }, {
      "id" : "s0-t4",
      "begin" : 16,
      "end" : 21,
      "text" : "Cedar",
      "whiteSpace" : false
    }, {
      "id" : "s0-t5",
      "begin" : 22,
      "end" : 26,
      "text" : "Hill",
      "whiteSpace" : false
    }, {
      "id" : "s0-t6",
      "begin" : 27,
      "end" : 38,
      "text" : "Subdivision",
      "whiteSpace" : false
    }, {
      "id" : "s0-t7",
      "begin" : 39,
      "end" : 41,
      "text" : "as",
      "whiteSpace" : false
    }, {
      "id" : "s0-t8",
      "begin" : 42,
      "end" : 44,
      "text" : "of",
      "whiteSpace" : false
    }, {
      "id" : "s0-t9",
      "begin" : 45,
      "end" : 51,
      "text" : "record",
      "whiteSpace" : false
    }, {
      "id" : "s0-t10",
      "begin" : 52,
      "end" : 54,
      "text" : "in",
      "whiteSpace" : false
    }, {
      "id" : "s0-t11",
      "begin" : 55,
      "end" : 59,
      "text" : "Plat",
      "whiteSpace" : false
    }, {
      "id" : "s0-t12",
      "begin" : 60,
      "end" : 64,
      "text" : "Book",
      "whiteSpace" : false
    }, {
      "id" : "s0-t13",
      "begin" : 65,
      "end" : 66,
      "text" : "2",
      "whiteSpace" : false
    }, {
      "id" : "s0-t14",
      "begin" : 66,
      "end" : 67,
      "text" : ",",
      "whiteSpace" : false
    }, {
      "id" : "s0-t15",
      "begin" : 68,
      "end" : 72,
      "text" : "page",
      "whiteSpace" : false
    }, {
      "id" : "s0-t16",
      "begin" : 73,
      "end" : 75,
      "text" : "84",
      "whiteSpace" : false
    }, {
      "id" : "s0-t17",
      "begin" : 75,
      "end" : 76,
      "text" : ",",
      "whiteSpace" : false
    }, {
      "id" : "s0-t18",
      "begin" : 77,
      "end" : 85,
      "text" : "Register",
      "whiteSpace" : false
    }, {
      "id" : "s0-t19",
      "begin" : 85,
      "end" : 86,
      "text" : "?",
      "whiteSpace" : false
    } ]
  }, {
    "id" : "s1",
    "begin" : 86,
    "end" : 93,
    "text" : "??s Of?",
    "tokens" : [ {
      "id" : "s1-t0",
      "begin" : 86,
      "end" : 89,
      "text" : "??s",
      "whiteSpace" : false
    }, {
      "id" : "s1-t1",
      "begin" : 90,
      "end" : 92,
      "text" : "Of",
      "whiteSpace" : false
    }, {
      "id" : "s1-t2",
      "begin" : 92,
      "end" : 93,
      "text" : "?",
      "whiteSpace" : false
    } ]
  }, {
    "id" : "s2",
    "begin" : 93,
    "end" : 617,
    "text" : "??ce of Humphreys County, Tennessee, and bounded as follows: BEGINNING at a stake in the west margin of Circle Drive, the same being the northeast corner of Lot #27, running thence with said drive North 3 degrees East 100 feet to a stake; thence North 87, degrees West 175 feet to a stake; thence South 3 degrees West 100 feet to a stake; thence South 87 degrees East 175 feet to the beginning., BEING the same property conveyed to Earlie W. Long and Corrine L. Spann by deed of record in Deed Book 164, page 1207, Register?",
    "tokens" : [ {
      "id" : "s2-t0",
      "begin" : 93,
      "end" : 97,
      "text" : "??ce",
      "whiteSpace" : false
    }, {
      "id" : "s2-t1",
      "begin" : 98,
      "end" : 100,
      "text" : "of",
      "whiteSpace" : false
    }, {
      "id" : "s2-t2",
      "begin" : 101,
      "end" : 110,
      "text" : "Humphreys",
      "whiteSpace" : false
    }, {
      "id" : "s2-t3",
      "begin" : 111,
      "end" : 117,
      "text" : "County",
      "whiteSpace" : false
    }, {
      "id" : "s2-t4",
      "begin" : 117,
      "end" : 118,
      "text" : ",",
      "whiteSpace" : false
    }, {
      "id" : "s2-t5",
      "begin" : 119,
      "end" : 128,
      "text" : "Tennessee",
      "whiteSpace" : false
    }, {
      "id" : "s2-t6",
      "begin" : 128,
      "end" : 129,
      "text" : ",",
      "whiteSpace" : false
    }, {
      "id" : "s2-t7",
      "begin" : 130,
      "end" : 133,
      "text" : "and",
      "whiteSpace" : false
    }, {
      "id" : "s2-t8",
      "begin" : 134,
      "end" : 141,
      "text" : "bounded",
      "whiteSpace" : false
    }, {
      "id" : "s2-t9",
      "begin" : 142,
      "end" : 144,
      "text" : "as",
      "whiteSpace" : false
    }, {
      "id" : "s2-t10",
      "begin" : 145,
      "end" : 152,
      "text" : "follows",
      "whiteSpace" : false
    }, {
      "id" : "s2-t11",
      "begin" : 152,
      "end" : 153,
      "text" : ":",
      "whiteSpace" : false
    }, {
      "id" : "s2-t12",
      "begin" : 154,
      "end" : 163,
      "text" : "BEGINNING",
      "whiteSpace" : false
    }, {
      "id" : "s2-t13",
      "begin" : 164,
      "end" : 166,
      "text" : "at",
      "whiteSpace" : false
    }, {
      "id" : "s2-t14",
      "begin" : 167,
      "end" : 168,
      "text" : "a",
      "whiteSpace" : false
    }, {
      "id" : "s2-t15",
      "begin" : 169,
      "end" : 174,
      "text" : "stake",
      "whiteSpace" : false
    }, {
      "id" : "s2-t16",
      "begin" : 175,
      "end" : 177,
      "text" : "in",
      "whiteSpace" : false
    }, {
      "id" : "s2-t17",
      "begin" : 178,
      "end" : 181,
      "text" : "the",
      "whiteSpace" : false
    }, {
      "id" : "s2-t18",
      "begin" : 182,
      "end" : 186,
      "text" : "west",
      "whiteSpace" : false
    }, {
      "id" : "s2-t19",
      "begin" : 187,
      "end" : 193,
      "text" : "margin",
      "whiteSpace" : false
    }, {
      "id" : "s2-t20",
      "begin" : 194,
      "end" : 196,
      "text" : "of",
      "whiteSpace" : false
    }, {
      "id" : "s2-t21",
      "begin" : 197,
      "end" : 203,
      "text" : "Circle",
      "whiteSpace" : false
    }, {
      "id" : "s2-t22",
      "begin" : 204,
      "end" : 209,
      "text" : "Drive",
      "whiteSpace" : false
    }, {
      "id" : "s2-t23",
      "begin" : 209,
      "end" : 210,
      "text" : ",",
      "whiteSpace" : false
    }, {
      "id" : "s2-t24",
      "begin" : 211,
      "end" : 214,
      "text" : "the",
      "whiteSpace" : false
    }, {
      "id" : "s2-t25",
      "begin" : 215,
      "end" : 219,
      "text" : "same",
      "whiteSpace" : false
    }, {
      "id" : "s2-t26",
      "begin" : 220,
      "end" : 225,
      "text" : "being",
      "whiteSpace" : false
    }, {
      "id" : "s2-t27",
      "begin" : 226,
      "end" : 229,
      "text" : "the",
      "whiteSpace" : false
    }, {
      "id" : "s2-t28",
      "begin" : 230,
      "end" : 239,
      "text" : "northeast",
      "whiteSpace" : false
    }, {
      "id" : "s2-t29",
      "begin" : 240,
      "end" : 246,
      "text" : "corner",
      "whiteSpace" : false
    }, {
      "id" : "s2-t30",
      "begin" : 247,
      "end" : 249,
      "text" : "of",
      "whiteSpace" : false
    }, {
      "id" : "s2-t31",
      "begin" : 250,
      "end" : 253,
      "text" : "Lot",
      "whiteSpace" : false
    }, {
      "id" : "s2-t32",
      "begin" : 254,
      "end" : 257,
      "text" : "#27",
      "whiteSpace" : false
    }, {
      "id" : "s2-t33",
      "begin" : 257,
      "end" : 258,
      "text" : ",",
      "whiteSpace" : false
    }, {
      "id" : "s2-t34",
      "begin" : 259,
      "end" : 266,
      "text" : "running",
      "whiteSpace" : false
    }, {
      "id" : "s2-t35",
      "begin" : 267,
      "end" : 273,
      "text" : "thence",
      "whiteSpace" : false
    }, {
      "id" : "s2-t36",
      "begin" : 274,
      "end" : 278,
      "text" : "with",
      "whiteSpace" : false
    }, {
      "id" : "s2-t37",
      "begin" : 279,
      "end" : 283,
      "text" : "said",
      "whiteSpace" : false
    }, {
      "id" : "s2-t38",
      "begin" : 284,
      "end" : 289,
      "text" : "drive",
      "whiteSpace" : false
    }, {
      "id" : "s2-t39",
      "begin" : 290,
      "end" : 295,
      "text" : "North",
      "whiteSpace" : false
    }, {
      "id" : "s2-t40",
      "begin" : 296,
      "end" : 297,
      "text" : "3",
      "whiteSpace" : false
    }, {
      "id" : "s2-t41",
      "begin" : 298,
      "end" : 305,
      "text" : "degrees",
      "whiteSpace" : false
    }, {
      "id" : "s2-t42",
      "begin" : 306,
      "end" : 310,
      "text" : "East",
      "whiteSpace" : false
    }, {
      "id" : "s2-t43",
      "begin" : 311,
      "end" : 314,
      "text" : "100",
      "whiteSpace" : false
    }, {
      "id" : "s2-t44",
      "begin" : 315,
      "end" : 319,
      "text" : "feet",
      "whiteSpace" : false
    }, {
      "id" : "s2-t45",
      "begin" : 320,
      "end" : 322,
      "text" : "to",
      "whiteSpace" : false
    }, {
      "id" : "s2-t46",
      "begin" : 323,
      "end" : 324,
      "text" : "a",
      "whiteSpace" : false
    }, {
      "id" : "s2-t47",
      "begin" : 325,
      "end" : 330,
      "text" : "stake",
      "whiteSpace" : false
    }, {
      "id" : "s2-t48",
      "begin" : 330,
      "end" : 331,
      "text" : ";",
      "whiteSpace" : false
    }, {
      "id" : "s2-t49",
      "begin" : 332,
      "end" : 338,
      "text" : "thence",
      "whiteSpace" : false
    }, {
      "id" : "s2-t50",
      "begin" : 339,
      "end" : 344,
      "text" : "North",
      "whiteSpace" : false
    }, {
      "id" : "s2-t51",
      "begin" : 345,
      "end" : 347,
      "text" : "87",
      "whiteSpace" : false
    }, {
      "id" : "s2-t52",
      "begin" : 347,
      "end" : 348,
      "text" : ",",
      "whiteSpace" : false
    }, {
      "id" : "s2-t53",
      "begin" : 349,
      "end" : 356,
      "text" : "degrees",
      "whiteSpace" : false
    }, {
      "id" : "s2-t54",
      "begin" : 357,
      "end" : 361,
      "text" : "West",
      "whiteSpace" : false
    }, {
      "id" : "s2-t55",
      "begin" : 362,
      "end" : 365,
      "text" : "175",
      "whiteSpace" : false
    }, {
      "id" : "s2-t56",
      "begin" : 366,
      "end" : 370,
      "text" : "feet",
      "whiteSpace" : false
    }, {
      "id" : "s2-t57",
      "begin" : 371,
      "end" : 373,
      "text" : "to",
      "whiteSpace" : false
    }, {
      "id" : "s2-t58",
      "begin" : 374,
      "end" : 375,
      "text" : "a",
      "whiteSpace" : false
    }, {
      "id" : "s2-t59",
      "begin" : 376,
      "end" : 381,
      "text" : "stake",
      "whiteSpace" : false
    }, {
      "id" : "s2-t60",
      "begin" : 381,
      "end" : 382,
      "text" : ";",
      "whiteSpace" : false
    }, {
      "id" : "s2-t61",
      "begin" : 383,
      "end" : 389,
      "text" : "thence",
      "whiteSpace" : false
    }, {
      "id" : "s2-t62",
      "begin" : 390,
      "end" : 395,
      "text" : "South",
      "whiteSpace" : false
    }, {
      "id" : "s2-t63",
      "begin" : 396,
      "end" : 397,
      "text" : "3",
      "whiteSpace" : false
    }, {
      "id" : "s2-t64",
      "begin" : 398,
      "end" : 405,
      "text" : "degrees",
      "whiteSpace" : false
    }, {
      "id" : "s2-t65",
      "begin" : 406,
      "end" : 410,
      "text" : "West",
      "whiteSpace" : false
    }, {
      "id" : "s2-t66",
      "begin" : 411,
      "end" : 414,
      "text" : "100",
      "whiteSpace" : false
    }, {
      "id" : "s2-t67",
      "begin" : 415,
      "end" : 419,
      "text" : "feet",
      "whiteSpace" : false
    }, {
      "id" : "s2-t68",
      "begin" : 420,
      "end" : 422,
      "text" : "to",
      "whiteSpace" : false
    }, {
      "id" : "s2-t69",
      "begin" : 423,
      "end" : 424,
      "text" : "a",
      "whiteSpace" : false
    }, {
      "id" : "s2-t70",
      "begin" : 425,
      "end" : 430,
      "text" : "stake",
      "whiteSpace" : false
    }, {
      "id" : "s2-t71",
      "begin" : 430,
      "end" : 431,
      "text" : ";",
      "whiteSpace" : false
    }, {
      "id" : "s2-t72",
      "begin" : 432,
      "end" : 438,
      "text" : "thence",
      "whiteSpace" : false
    }, {
      "id" : "s2-t73",
      "begin" : 439,
      "end" : 444,
      "text" : "South",
      "whiteSpace" : false
    }, {
      "id" : "s2-t74",
      "begin" : 445,
      "end" : 447,
      "text" : "87",
      "whiteSpace" : false
    }, {
      "id" : "s2-t75",
      "begin" : 448,
      "end" : 455,
      "text" : "degrees",
      "whiteSpace" : false
    }, {
      "id" : "s2-t76",
      "begin" : 456,
      "end" : 460,
      "text" : "East",
      "whiteSpace" : false
    }, {
      "id" : "s2-t77",
      "begin" : 461,
      "end" : 464,
      "text" : "175",
      "whiteSpace" : false
    }, {
      "id" : "s2-t78",
      "begin" : 465,
      "end" : 469,
      "text" : "feet",
      "whiteSpace" : false
    }, {
      "id" : "s2-t79",
      "begin" : 470,
      "end" : 472,
      "text" : "to",
      "whiteSpace" : false
    }, {
      "id" : "s2-t80",
      "begin" : 473,
      "end" : 476,
      "text" : "the",
      "whiteSpace" : false
    }, {
      "id" : "s2-t81",
      "begin" : 477,
      "end" : 487,
      "text" : "beginning.",
      "whiteSpace" : false
    }, {
      "id" : "s2-t82",
      "begin" : 487,
      "end" : 488,
      "text" : ",",
      "whiteSpace" : false
    }, {
      "id" : "s2-t83",
      "begin" : 489,
      "end" : 494,
      "text" : "BEING",
      "whiteSpace" : false
    }, {
      "id" : "s2-t84",
      "begin" : 495,
      "end" : 498,
      "text" : "the",
      "whiteSpace" : false
    }, {
      "id" : "s2-t85",
      "begin" : 499,
      "end" : 503,
      "text" : "same",
      "whiteSpace" : false
    }, {
      "id" : "s2-t86",
      "begin" : 504,
      "end" : 512,
      "text" : "property",
      "whiteSpace" : false
    }, {
      "id" : "s2-t87",
      "begin" : 513,
      "end" : 521,
      "text" : "conveyed",
      "whiteSpace" : false
    }, {
      "id" : "s2-t88",
      "begin" : 522,
      "end" : 524,
      "text" : "to",
      "whiteSpace" : false
    }, {
      "id" : "s2-t89",
      "begin" : 525,
      "end" : 531,
      "text" : "Earlie",
      "whiteSpace" : false
    }, {
      "id" : "s2-t90",
      "begin" : 532,
      "end" : 534,
      "text" : "W.",
      "whiteSpace" : false
    }, {
      "id" : "s2-t91",
      "begin" : 535,
      "end" : 539,
      "text" : "Long",
      "whiteSpace" : false
    }, {
      "id" : "s2-t92",
      "begin" : 540,
      "end" : 543,
      "text" : "and",
      "whiteSpace" : false
    }, {
      "id" : "s2-t93",
      "begin" : 544,
      "end" : 551,
      "text" : "Corrine",
      "whiteSpace" : false
    }, {
      "id" : "s2-t94",
      "begin" : 552,
      "end" : 554,
      "text" : "L.",
      "whiteSpace" : false
    }, {
      "id" : "s2-t95",
      "begin" : 555,
      "end" : 560,
      "text" : "Spann",
      "whiteSpace" : false
    }, {
      "id" : "s2-t96",
      "begin" : 561,
      "end" : 563,
      "text" : "by",
      "whiteSpace" : false
    }, {
      "id" : "s2-t97",
      "begin" : 564,
      "end" : 568,
      "text" : "deed",
      "whiteSpace" : false
    }, {
      "id" : "s2-t98",
      "begin" : 569,
      "end" : 571,
      "text" : "of",
      "whiteSpace" : false
    }, {
      "id" : "s2-t99",
      "begin" : 572,
      "end" : 578,
      "text" : "record",
      "whiteSpace" : false
    }, {
      "id" : "s2-t100",
      "begin" : 579,
      "end" : 581,
      "text" : "in",
      "whiteSpace" : false
    }, {
      "id" : "s2-t101",
      "begin" : 582,
      "end" : 586,
      "text" : "Deed",
      "whiteSpace" : false
    }, {
      "id" : "s2-t102",
      "begin" : 587,
      "end" : 591,
      "text" : "Book",
      "whiteSpace" : false
    }, {
      "id" : "s2-t103",
      "begin" : 592,
      "end" : 595,
      "text" : "164",
      "whiteSpace" : false
    }, {
      "id" : "s2-t104",
      "begin" : 595,
      "end" : 596,
      "text" : ",",
      "whiteSpace" : false
    }, {
      "id" : "s2-t105",
      "begin" : 597,
      "end" : 601,
      "text" : "page",
      "whiteSpace" : false
    }, {
      "id" : "s2-t106",
      "begin" : 602,
      "end" : 606,
      "text" : "1207",
      "whiteSpace" : false
    }, {
      "id" : "s2-t107",
      "begin" : 606,
      "end" : 607,
      "text" : ",",
      "whiteSpace" : false
    }, {
      "id" : "s2-t108",
      "begin" : 608,
      "end" : 616,
      "text" : "Register",
      "whiteSpace" : false
    }, {
      "id" : "s2-t109",
      "begin" : 616,
      "end" : 617,
      "text" : "?",
      "whiteSpace" : false
    } ]
  }, {
    "id" : "s3",
    "begin" : 617,
    "end" : 624,
    "text" : "??s Of?",
    "tokens" : [ {
      "id" : "s3-t0",
      "begin" : 617,
      "end" : 620,
      "text" : "??s",
      "whiteSpace" : false
    }, {
      "id" : "s3-t1",
      "begin" : 621,
      "end" : 623,
      "text" : "Of",
      "whiteSpace" : false
    }, {
      "id" : "s3-t2",
      "begin" : 623,
      "end" : 624,
      "text" : "?",
      "whiteSpace" : false
    } ]
  }, {
    "id" : "s4",
    "begin" : 624,
    "end" : 696,
    "text" : "??ce of Humphreys County, Tennessee., This conveyance is made subject to",
    "tokens" : [ {
      "id" : "s4-t0",
      "begin" : 624,
      "end" : 628,
      "text" : "??ce",
      "whiteSpace" : false
    }, {
      "id" : "s4-t1",
      "begin" : 629,
      "end" : 631,
      "text" : "of",
      "whiteSpace" : false
    }, {
      "id" : "s4-t2",
      "begin" : 632,
      "end" : 641,
      "text" : "Humphreys",
      "whiteSpace" : false
    }, {
      "id" : "s4-t3",
      "begin" : 642,
      "end" : 648,
      "text" : "County",
      "whiteSpace" : false
    }, {
      "id" : "s4-t4",
      "begin" : 648,
      "end" : 649,
      "text" : ",",
      "whiteSpace" : false
    }, {
      "id" : "s4-t5",
      "begin" : 650,
      "end" : 660,
      "text" : "Tennessee.",
      "whiteSpace" : false
    }, {
      "id" : "s4-t6",
      "begin" : 660,
      "end" : 661,
      "text" : ",",
      "whiteSpace" : false
    }, {
      "id" : "s4-t7",
      "begin" : 662,
      "end" : 666,
      "text" : "This",
      "whiteSpace" : false
    }, {
      "id" : "s4-t8",
      "begin" : 667,
      "end" : 677,
      "text" : "conveyance",
      "whiteSpace" : false
    }, {
      "id" : "s4-t9",
      "begin" : 678,
      "end" : 680,
      "text" : "is",
      "whiteSpace" : false
    }, {
      "id" : "s4-t10",
      "begin" : 681,
      "end" : 685,
      "text" : "made",
      "whiteSpace" : false
    }, {
      "id" : "s4-t11",
      "begin" : 686,
      "end" : 693,
      "text" : "subject",
      "whiteSpace" : false
    }, {
      "id" : "s4-t12",
      "begin" : 694,
      "end" : 696,
      "text" : "to",
      "whiteSpace" : false
    } ]
  } ],
  "mentions" : [ {
    "id" : "s2-m1",
    "properties" : {
      "SIRE_MENTION_ROLE" : "WarrDeedBookNum",
      "SIRE_ENTITY_SUBTYPE" : "NONE",
      "SIRE_MENTION_TYPE" : "NONE",
      "SIRE_MENTION_CLASS" : "SPC"
    },
    "type" : "WarrDeedBookNum",
    "begin" : 592,
    "end" : 595,
    "inCoref" : false
  }, {
    "id" : "s2-m2",
    "properties" : {
      "SIRE_MENTION_ROLE" : "WarrDeedPageNum",
      "SIRE_ENTITY_SUBTYPE" : "NONE",
      "SIRE_MENTION_TYPE" : "NONE",
      "SIRE_MENTION_CLASS" : "SPC"
    },
    "type" : "WarrDeedPageNum",
    "begin" : 602,
    "end" : 606,
    "inCoref" : false
  } ],
  "relations" : [ ],
  "corefs" : [ ],
  "typeResolved" : true,
  "userResolved" : false
}