{
  "id" : "3b31a630-5676-11e9-8538-e5e57d696462-11",
  "name" : "WD1-20_3.txt",
  "createdDate" : 0,
  "version" : 3,
  "text" : "tract dated December 23, 1976. Also conveyed herewith is a 1998 Clayton mobile home, 28' x 60', Label No. TEN396354, which is permanently attached to the above described property and is a part thereof. Being part of the same property conveyed to Billy Joe Warren by deed from Paul J. Pultey and wife, Lillie F. Pulley, dated June 28, 1993, and of record in Deed Book 161, Page 1356, in the Register???s Of???ce of Humphreys County, Tennessee. This property is subject to right-of-way ",
  "docLength" : 0,
  "language" : "EN",
  "status" : "SUBMITTED",
  "modifiedDate" : 1554342790372,
  "documentSet" : [ ],
  "preannotation" : [ ],
  "sentences" : [ {
    "id" : "s0",
    "begin" : 0,
    "end" : 30,
    "text" : "tract dated December 23, 1976.",
    "tokens" : [ {
      "id" : "s0-t0",
      "begin" : 0,
      "end" : 5,
      "text" : "tract",
      "whiteSpace" : false
    }, {
      "id" : "s0-t1",
      "begin" : 6,
      "end" : 11,
      "text" : "dated",
      "whiteSpace" : false
    }, {
      "id" : "s0-t2",
      "begin" : 12,
      "end" : 20,
      "text" : "December",
      "whiteSpace" : false
    }, {
      "id" : "s0-t3",
      "begin" : 21,
      "end" : 23,
      "text" : "23",
      "whiteSpace" : false
    }, {
      "id" : "s0-t4",
      "begin" : 23,
      "end" : 24,
      "text" : ",",
      "whiteSpace" : false
    }, {
      "id" : "s0-t5",
      "begin" : 25,
      "end" : 29,
      "text" : "1976",
      "whiteSpace" : false
    }, {
      "id" : "s0-t6",
      "begin" : 29,
      "end" : 30,
      "text" : ".",
      "whiteSpace" : false
    } ]
  }, {
    "id" : "s1",
    "begin" : 31,
    "end" : 201,
    "text" : "Also conveyed herewith is a 1998 Clayton mobile home, 28' x 60', Label No. TEN396354, which is permanently attached to the above described property and is a part thereof.",
    "tokens" : [ {
      "id" : "s1-t0",
      "begin" : 31,
      "end" : 35,
      "text" : "Also",
      "whiteSpace" : false
    }, {
      "id" : "s1-t1",
      "begin" : 36,
      "end" : 44,
      "text" : "conveyed",
      "whiteSpace" : false
    }, {
      "id" : "s1-t2",
      "begin" : 45,
      "end" : 53,
      "text" : "herewith",
      "whiteSpace" : false
    }, {
      "id" : "s1-t3",
      "begin" : 54,
      "end" : 56,
      "text" : "is",
      "whiteSpace" : false
    }, {
      "id" : "s1-t4",
      "begin" : 57,
      "end" : 58,
      "text" : "a",
      "whiteSpace" : false
    }, {
      "id" : "s1-t5",
      "begin" : 59,
      "end" : 63,
      "text" : "1998",
      "whiteSpace" : false
    }, {
      "id" : "s1-t6",
      "begin" : 64,
      "end" : 71,
      "text" : "Clayton",
      "whiteSpace" : false
    }, {
      "id" : "s1-t7",
      "begin" : 72,
      "end" : 78,
      "text" : "mobile",
      "whiteSpace" : false
    }, {
      "id" : "s1-t8",
      "begin" : 79,
      "end" : 83,
      "text" : "home",
      "whiteSpace" : false
    }, {
      "id" : "s1-t9",
      "begin" : 83,
      "end" : 84,
      "text" : ",",
      "whiteSpace" : false
    }, {
      "id" : "s1-t10",
      "begin" : 85,
      "end" : 87,
      "text" : "28",
      "whiteSpace" : false
    }, {
      "id" : "s1-t11",
      "begin" : 87,
      "end" : 88,
      "text" : "'",
      "whiteSpace" : false
    }, {
      "id" : "s1-t12",
      "begin" : 89,
      "end" : 90,
      "text" : "x",
      "whiteSpace" : false
    }, {
      "id" : "s1-t13",
      "begin" : 91,
      "end" : 93,
      "text" : "60",
      "whiteSpace" : false
    }, {
      "id" : "s1-t14",
      "begin" : 93,
      "end" : 94,
      "text" : "'",
      "whiteSpace" : false
    }, {
      "id" : "s1-t15",
      "begin" : 94,
      "end" : 95,
      "text" : ",",
      "whiteSpace" : false
    }, {
      "id" : "s1-t16",
      "begin" : 96,
      "end" : 101,
      "text" : "Label",
      "whiteSpace" : false
    }, {
      "id" : "s1-t17",
      "begin" : 102,
      "end" : 105,
      "text" : "No.",
      "whiteSpace" : false
    }, {
      "id" : "s1-t18",
      "begin" : 106,
      "end" : 115,
      "text" : "TEN396354",
      "whiteSpace" : false
    }, {
      "id" : "s1-t19",
      "begin" : 115,
      "end" : 116,
      "text" : ",",
      "whiteSpace" : false
    }, {
      "id" : "s1-t20",
      "begin" : 117,
      "end" : 122,
      "text" : "which",
      "whiteSpace" : false
    }, {
      "id" : "s1-t21",
      "begin" : 123,
      "end" : 125,
      "text" : "is",
      "whiteSpace" : false
    }, {
      "id" : "s1-t22",
      "begin" : 126,
      "end" : 137,
      "text" : "permanently",
      "whiteSpace" : false
    }, {
      "id" : "s1-t23",
      "begin" : 138,
      "end" : 146,
      "text" : "attached",
      "whiteSpace" : false
    }, {
      "id" : "s1-t24",
      "begin" : 147,
      "end" : 149,
      "text" : "to",
      "whiteSpace" : false
    }, {
      "id" : "s1-t25",
      "begin" : 150,
      "end" : 153,
      "text" : "the",
      "whiteSpace" : false
    }, {
      "id" : "s1-t26",
      "begin" : 154,
      "end" : 159,
      "text" : "above",
      "whiteSpace" : false
    }, {
      "id" : "s1-t27",
      "begin" : 160,
      "end" : 169,
      "text" : "described",
      "whiteSpace" : false
    }, {
      "id" : "s1-t28",
      "begin" : 170,
      "end" : 178,
      "text" : "property",
      "whiteSpace" : false
    }, {
      "id" : "s1-t29",
      "begin" : 179,
      "end" : 182,
      "text" : "and",
      "whiteSpace" : false
    }, {
      "id" : "s1-t30",
      "begin" : 183,
      "end" : 185,
      "text" : "is",
      "whiteSpace" : false
    }, {
      "id" : "s1-t31",
      "begin" : 186,
      "end" : 187,
      "text" : "a",
      "whiteSpace" : false
    }, {
      "id" : "s1-t32",
      "begin" : 188,
      "end" : 192,
      "text" : "part",
      "whiteSpace" : false
    }, {
      "id" : "s1-t33",
      "begin" : 193,
      "end" : 200,
      "text" : "thereof",
      "whiteSpace" : false
    }, {
      "id" : "s1-t34",
      "begin" : 200,
      "end" : 201,
      "text" : ".",
      "whiteSpace" : false
    } ]
  }, {
    "id" : "s2",
    "begin" : 202,
    "end" : 399,
    "text" : "Being part of the same property conveyed to Billy Joe Warren by deed from Paul J. Pultey and wife, Lillie F. Pulley, dated June 28, 1993, and of record in Deed Book 161, Page 1356, in the Register?",
    "tokens" : [ {
      "id" : "s2-t0",
      "begin" : 202,
      "end" : 207,
      "text" : "Being",
      "whiteSpace" : false
    }, {
      "id" : "s2-t1",
      "begin" : 208,
      "end" : 212,
      "text" : "part",
      "whiteSpace" : false
    }, {
      "id" : "s2-t2",
      "begin" : 213,
      "end" : 215,
      "text" : "of",
      "whiteSpace" : false
    }, {
      "id" : "s2-t3",
      "begin" : 216,
      "end" : 219,
      "text" : "the",
      "whiteSpace" : false
    }, {
      "id" : "s2-t4",
      "begin" : 220,
      "end" : 224,
      "text" : "same",
      "whiteSpace" : false
    }, {
      "id" : "s2-t5",
      "begin" : 225,
      "end" : 233,
      "text" : "property",
      "whiteSpace" : false
    }, {
      "id" : "s2-t6",
      "begin" : 234,
      "end" : 242,
      "text" : "conveyed",
      "whiteSpace" : false
    }, {
      "id" : "s2-t7",
      "begin" : 243,
      "end" : 245,
      "text" : "to",
      "whiteSpace" : false
    }, {
      "id" : "s2-t8",
      "begin" : 246,
      "end" : 251,
      "text" : "Billy",
      "whiteSpace" : false
    }, {
      "id" : "s2-t9",
      "begin" : 252,
      "end" : 255,
      "text" : "Joe",
      "whiteSpace" : false
    }, {
      "id" : "s2-t10",
      "begin" : 256,
      "end" : 262,
      "text" : "Warren",
      "whiteSpace" : false
    }, {
      "id" : "s2-t11",
      "begin" : 263,
      "end" : 265,
      "text" : "by",
      "whiteSpace" : false
    }, {
      "id" : "s2-t12",
      "begin" : 266,
      "end" : 270,
      "text" : "deed",
      "whiteSpace" : false
    }, {
      "id" : "s2-t13",
      "begin" : 271,
      "end" : 275,
      "text" : "from",
      "whiteSpace" : false
    }, {
      "id" : "s2-t14",
      "begin" : 276,
      "end" : 280,
      "text" : "Paul",
      "whiteSpace" : false
    }, {
      "id" : "s2-t15",
      "begin" : 281,
      "end" : 283,
      "text" : "J.",
      "whiteSpace" : false
    }, {
      "id" : "s2-t16",
      "begin" : 284,
      "end" : 290,
      "text" : "Pultey",
      "whiteSpace" : false
    }, {
      "id" : "s2-t17",
      "begin" : 291,
      "end" : 294,
      "text" : "and",
      "whiteSpace" : false
    }, {
      "id" : "s2-t18",
      "begin" : 295,
      "end" : 299,
      "text" : "wife",
      "whiteSpace" : false
    }, {
      "id" : "s2-t19",
      "begin" : 299,
      "end" : 300,
      "text" : ",",
      "whiteSpace" : false
    }, {
      "id" : "s2-t20",
      "begin" : 301,
      "end" : 307,
      "text" : "Lillie",
      "whiteSpace" : false
    }, {
      "id" : "s2-t21",
      "begin" : 308,
      "end" : 310,
      "text" : "F.",
      "whiteSpace" : false
    }, {
      "id" : "s2-t22",
      "begin" : 311,
      "end" : 317,
      "text" : "Pulley",
      "whiteSpace" : false
    }, {
      "id" : "s2-t23",
      "begin" : 317,
      "end" : 318,
      "text" : ",",
      "whiteSpace" : false
    }, {
      "id" : "s2-t24",
      "begin" : 319,
      "end" : 324,
      "text" : "dated",
      "whiteSpace" : false
    }, {
      "id" : "s2-t25",
      "begin" : 325,
      "end" : 329,
      "text" : "June",
      "whiteSpace" : false
    }, {
      "id" : "s2-t26",
      "begin" : 330,
      "end" : 332,
      "text" : "28",
      "whiteSpace" : false
    }, {
      "id" : "s2-t27",
      "begin" : 332,
      "end" : 333,
      "text" : ",",
      "whiteSpace" : false
    }, {
      "id" : "s2-t28",
      "begin" : 334,
      "end" : 338,
      "text" : "1993",
      "whiteSpace" : false
    }, {
      "id" : "s2-t29",
      "begin" : 338,
      "end" : 339,
      "text" : ",",
      "whiteSpace" : false
    }, {
      "id" : "s2-t30",
      "begin" : 340,
      "end" : 343,
      "text" : "and",
      "whiteSpace" : false
    }, {
      "id" : "s2-t31",
      "begin" : 344,
      "end" : 346,
      "text" : "of",
      "whiteSpace" : false
    }, {
      "id" : "s2-t32",
      "begin" : 347,
      "end" : 353,
      "text" : "record",
      "whiteSpace" : false
    }, {
      "id" : "s2-t33",
      "begin" : 354,
      "end" : 356,
      "text" : "in",
      "whiteSpace" : false
    }, {
      "id" : "s2-t34",
      "begin" : 357,
      "end" : 361,
      "text" : "Deed",
      "whiteSpace" : false
    }, {
      "id" : "s2-t35",
      "begin" : 362,
      "end" : 366,
      "text" : "Book",
      "whiteSpace" : false
    }, {
      "id" : "s2-t36",
      "begin" : 367,
      "end" : 370,
      "text" : "161",
      "whiteSpace" : false
    }, {
      "id" : "s2-t37",
      "begin" : 370,
      "end" : 371,
      "text" : ",",
      "whiteSpace" : false
    }, {
      "id" : "s2-t38",
      "begin" : 372,
      "end" : 376,
      "text" : "Page",
      "whiteSpace" : false
    }, {
      "id" : "s2-t39",
      "begin" : 377,
      "end" : 381,
      "text" : "1356",
      "whiteSpace" : false
    }, {
      "id" : "s2-t40",
      "begin" : 381,
      "end" : 382,
      "text" : ",",
      "whiteSpace" : false
    }, {
      "id" : "s2-t41",
      "begin" : 383,
      "end" : 385,
      "text" : "in",
      "whiteSpace" : false
    }, {
      "id" : "s2-t42",
      "begin" : 386,
      "end" : 389,
      "text" : "the",
      "whiteSpace" : false
    }, {
      "id" : "s2-t43",
      "begin" : 390,
      "end" : 398,
      "text" : "Register",
      "whiteSpace" : false
    }, {
      "id" : "s2-t44",
      "begin" : 398,
      "end" : 399,
      "text" : "?",
      "whiteSpace" : false
    } ]
  }, {
    "id" : "s3",
    "begin" : 399,
    "end" : 406,
    "text" : "??s Of?",
    "tokens" : [ {
      "id" : "s3-t0",
      "begin" : 399,
      "end" : 402,
      "text" : "??s",
      "whiteSpace" : false
    }, {
      "id" : "s3-t1",
      "begin" : 403,
      "end" : 405,
      "text" : "Of",
      "whiteSpace" : false
    }, {
      "id" : "s3-t2",
      "begin" : 405,
      "end" : 406,
      "text" : "?",
      "whiteSpace" : false
    } ]
  }, {
    "id" : "s4",
    "begin" : 406,
    "end" : 442,
    "text" : "??ce of Humphreys County, Tennessee.",
    "tokens" : [ {
      "id" : "s4-t0",
      "begin" : 406,
      "end" : 410,
      "text" : "??ce",
      "whiteSpace" : false
    }, {
      "id" : "s4-t1",
      "begin" : 411,
      "end" : 413,
      "text" : "of",
      "whiteSpace" : false
    }, {
      "id" : "s4-t2",
      "begin" : 414,
      "end" : 423,
      "text" : "Humphreys",
      "whiteSpace" : false
    }, {
      "id" : "s4-t3",
      "begin" : 424,
      "end" : 430,
      "text" : "County",
      "whiteSpace" : false
    }, {
      "id" : "s4-t4",
      "begin" : 430,
      "end" : 431,
      "text" : ",",
      "whiteSpace" : false
    }, {
      "id" : "s4-t5",
      "begin" : 432,
      "end" : 441,
      "text" : "Tennessee",
      "whiteSpace" : false
    }, {
      "id" : "s4-t6",
      "begin" : 441,
      "end" : 442,
      "text" : ".",
      "whiteSpace" : false
    } ]
  }, {
    "id" : "s5",
    "begin" : 443,
    "end" : 483,
    "text" : "This property is subject to right-of-way",
    "tokens" : [ {
      "id" : "s5-t0",
      "begin" : 443,
      "end" : 447,
      "text" : "This",
      "whiteSpace" : false
    }, {
      "id" : "s5-t1",
      "begin" : 448,
      "end" : 456,
      "text" : "property",
      "whiteSpace" : false
    }, {
      "id" : "s5-t2",
      "begin" : 457,
      "end" : 459,
      "text" : "is",
      "whiteSpace" : false
    }, {
      "id" : "s5-t3",
      "begin" : 460,
      "end" : 467,
      "text" : "subject",
      "whiteSpace" : false
    }, {
      "id" : "s5-t4",
      "begin" : 468,
      "end" : 470,
      "text" : "to",
      "whiteSpace" : false
    }, {
      "id" : "s5-t5",
      "begin" : 471,
      "end" : 483,
      "text" : "right-of-way",
      "whiteSpace" : false
    } ]
  } ],
  "mentions" : [ {
    "id" : "s2-m1",
    "properties" : {
      "SIRE_MENTION_ROLE" : "WarrDeedBookNum",
      "SIRE_ENTITY_SUBTYPE" : "NONE",
      "SIRE_MENTION_TYPE" : "NONE",
      "SIRE_MENTION_CLASS" : "SPC"
    },
    "type" : "WarrDeedBookNum",
    "begin" : 367,
    "end" : 370,
    "inCoref" : false
  }, {
    "id" : "s2-m2",
    "properties" : {
      "SIRE_MENTION_ROLE" : "WarrDeedPageNum",
      "SIRE_ENTITY_SUBTYPE" : "NONE",
      "SIRE_MENTION_TYPE" : "NONE",
      "SIRE_MENTION_CLASS" : "SPC"
    },
    "type" : "WarrDeedPageNum",
    "begin" : 377,
    "end" : 381,
    "inCoref" : false
  } ],
  "relations" : [ ],
  "corefs" : [ ],
  "typeResolved" : true,
  "userResolved" : false
}