{
  "id" : "47113ff0-5686-11e9-84a6-df86f9fa5a66-11",
  "name" : "WD1-23_2.txt",
  "createdDate" : 0,
  "version" : 3,
  "text" : "H For and in consideration of the sum of Sixty Nine Thousand Nine Hundred Dollars ($69,900.00), cash in hand paid, and other good and valuable considerations, the receipt of which is hereby acknowledged, I, HAROLD G. COX, this date have bargained and sold, and by these presents do transfer and convey unto KAREN LEE BROWN, her heirs and assigns, a certain tract or parcel of land in the Second Civil District of Humphreys County, Tennessee, and being more particularly described as follows",
  "docLength" : 0,
  "language" : "EN",
  "status" : "SUBMITTED",
  "modifiedDate" : 1554348691520,
  "documentSet" : [ ],
  "preannotation" : [ ],
  "sentences" : [ {
    "id" : "s0",
    "begin" : 0,
    "end" : 490,
    "text" : "H For and in consideration of the sum of Sixty Nine Thousand Nine Hundred Dollars ($69,900.00), cash in hand paid, and other good and valuable considerations, the receipt of which is hereby acknowledged, I, HAROLD G. COX, this date have bargained and sold, and by these presents do transfer and convey unto KAREN LEE BROWN, her heirs and assigns, a certain tract or parcel of land in the Second Civil District of Humphreys County, Tennessee, and being more particularly described as follows",
    "tokens" : [ {
      "id" : "s0-t0",
      "begin" : 0,
      "end" : 1,
      "text" : "H",
      "whiteSpace" : false
    }, {
      "id" : "s0-t1",
      "begin" : 2,
      "end" : 5,
      "text" : "For",
      "whiteSpace" : false
    }, {
      "id" : "s0-t2",
      "begin" : 6,
      "end" : 9,
      "text" : "and",
      "whiteSpace" : false
    }, {
      "id" : "s0-t3",
      "begin" : 10,
      "end" : 12,
      "text" : "in",
      "whiteSpace" : false
    }, {
      "id" : "s0-t4",
      "begin" : 13,
      "end" : 26,
      "text" : "consideration",
      "whiteSpace" : false
    }, {
      "id" : "s0-t5",
      "begin" : 27,
      "end" : 29,
      "text" : "of",
      "whiteSpace" : false
    }, {
      "id" : "s0-t6",
      "begin" : 30,
      "end" : 33,
      "text" : "the",
      "whiteSpace" : false
    }, {
      "id" : "s0-t7",
      "begin" : 34,
      "end" : 37,
      "text" : "sum",
      "whiteSpace" : false
    }, {
      "id" : "s0-t8",
      "begin" : 38,
      "end" : 40,
      "text" : "of",
      "whiteSpace" : false
    }, {
      "id" : "s0-t9",
      "begin" : 41,
      "end" : 46,
      "text" : "Sixty",
      "whiteSpace" : false
    }, {
      "id" : "s0-t10",
      "begin" : 47,
      "end" : 51,
      "text" : "Nine",
      "whiteSpace" : false
    }, {
      "id" : "s0-t11",
      "begin" : 52,
      "end" : 60,
      "text" : "Thousand",
      "whiteSpace" : false
    }, {
      "id" : "s0-t12",
      "begin" : 61,
      "end" : 65,
      "text" : "Nine",
      "whiteSpace" : false
    }, {
      "id" : "s0-t13",
      "begin" : 66,
      "end" : 73,
      "text" : "Hundred",
      "whiteSpace" : false
    }, {
      "id" : "s0-t14",
      "begin" : 74,
      "end" : 81,
      "text" : "Dollars",
      "whiteSpace" : false
    }, {
      "id" : "s0-t15",
      "begin" : 82,
      "end" : 83,
      "text" : "(",
      "whiteSpace" : false
    }, {
      "id" : "s0-t16",
      "begin" : 83,
      "end" : 84,
      "text" : "$",
      "whiteSpace" : false
    }, {
      "id" : "s0-t17",
      "begin" : 84,
      "end" : 93,
      "text" : "69,900.00",
      "whiteSpace" : false
    }, {
      "id" : "s0-t18",
      "begin" : 93,
      "end" : 94,
      "text" : ")",
      "whiteSpace" : false
    }, {
      "id" : "s0-t19",
      "begin" : 94,
      "end" : 95,
      "text" : ",",
      "whiteSpace" : false
    }, {
      "id" : "s0-t20",
      "begin" : 96,
      "end" : 100,
      "text" : "cash",
      "whiteSpace" : false
    }, {
      "id" : "s0-t21",
      "begin" : 101,
      "end" : 103,
      "text" : "in",
      "whiteSpace" : false
    }, {
      "id" : "s0-t22",
      "begin" : 104,
      "end" : 108,
      "text" : "hand",
      "whiteSpace" : false
    }, {
      "id" : "s0-t23",
      "begin" : 109,
      "end" : 113,
      "text" : "paid",
      "whiteSpace" : false
    }, {
      "id" : "s0-t24",
      "begin" : 113,
      "end" : 114,
      "text" : ",",
      "whiteSpace" : false
    }, {
      "id" : "s0-t25",
      "begin" : 115,
      "end" : 118,
      "text" : "and",
      "whiteSpace" : false
    }, {
      "id" : "s0-t26",
      "begin" : 119,
      "end" : 124,
      "text" : "other",
      "whiteSpace" : false
    }, {
      "id" : "s0-t27",
      "begin" : 125,
      "end" : 129,
      "text" : "good",
      "whiteSpace" : false
    }, {
      "id" : "s0-t28",
      "begin" : 130,
      "end" : 133,
      "text" : "and",
      "whiteSpace" : false
    }, {
      "id" : "s0-t29",
      "begin" : 134,
      "end" : 142,
      "text" : "valuable",
      "whiteSpace" : false
    }, {
      "id" : "s0-t30",
      "begin" : 143,
      "end" : 157,
      "text" : "considerations",
      "whiteSpace" : false
    }, {
      "id" : "s0-t31",
      "begin" : 157,
      "end" : 158,
      "text" : ",",
      "whiteSpace" : false
    }, {
      "id" : "s0-t32",
      "begin" : 159,
      "end" : 162,
      "text" : "the",
      "whiteSpace" : false
    }, {
      "id" : "s0-t33",
      "begin" : 163,
      "end" : 170,
      "text" : "receipt",
      "whiteSpace" : false
    }, {
      "id" : "s0-t34",
      "begin" : 171,
      "end" : 173,
      "text" : "of",
      "whiteSpace" : false
    }, {
      "id" : "s0-t35",
      "begin" : 174,
      "end" : 179,
      "text" : "which",
      "whiteSpace" : false
    }, {
      "id" : "s0-t36",
      "begin" : 180,
      "end" : 182,
      "text" : "is",
      "whiteSpace" : false
    }, {
      "id" : "s0-t37",
      "begin" : 183,
      "end" : 189,
      "text" : "hereby",
      "whiteSpace" : false
    }, {
      "id" : "s0-t38",
      "begin" : 190,
      "end" : 202,
      "text" : "acknowledged",
      "whiteSpace" : false
    }, {
      "id" : "s0-t39",
      "begin" : 202,
      "end" : 203,
      "text" : ",",
      "whiteSpace" : false
    }, {
      "id" : "s0-t40",
      "begin" : 204,
      "end" : 205,
      "text" : "I",
      "whiteSpace" : false
    }, {
      "id" : "s0-t41",
      "begin" : 205,
      "end" : 206,
      "text" : ",",
      "whiteSpace" : false
    }, {
      "id" : "s0-t42",
      "begin" : 207,
      "end" : 213,
      "text" : "HAROLD",
      "whiteSpace" : false
    }, {
      "id" : "s0-t43",
      "begin" : 214,
      "end" : 216,
      "text" : "G.",
      "whiteSpace" : false
    }, {
      "id" : "s0-t44",
      "begin" : 217,
      "end" : 220,
      "text" : "COX",
      "whiteSpace" : false
    }, {
      "id" : "s0-t45",
      "begin" : 220,
      "end" : 221,
      "text" : ",",
      "whiteSpace" : false
    }, {
      "id" : "s0-t46",
      "begin" : 222,
      "end" : 226,
      "text" : "this",
      "whiteSpace" : false
    }, {
      "id" : "s0-t47",
      "begin" : 227,
      "end" : 231,
      "text" : "date",
      "whiteSpace" : false
    }, {
      "id" : "s0-t48",
      "begin" : 232,
      "end" : 236,
      "text" : "have",
      "whiteSpace" : false
    }, {
      "id" : "s0-t49",
      "begin" : 237,
      "end" : 246,
      "text" : "bargained",
      "whiteSpace" : false
    }, {
      "id" : "s0-t50",
      "begin" : 247,
      "end" : 250,
      "text" : "and",
      "whiteSpace" : false
    }, {
      "id" : "s0-t51",
      "begin" : 251,
      "end" : 255,
      "text" : "sold",
      "whiteSpace" : false
    }, {
      "id" : "s0-t52",
      "begin" : 255,
      "end" : 256,
      "text" : ",",
      "whiteSpace" : false
    }, {
      "id" : "s0-t53",
      "begin" : 257,
      "end" : 260,
      "text" : "and",
      "whiteSpace" : false
    }, {
      "id" : "s0-t54",
      "begin" : 261,
      "end" : 263,
      "text" : "by",
      "whiteSpace" : false
    }, {
      "id" : "s0-t55",
      "begin" : 264,
      "end" : 269,
      "text" : "these",
      "whiteSpace" : false
    }, {
      "id" : "s0-t56",
      "begin" : 270,
      "end" : 278,
      "text" : "presents",
      "whiteSpace" : false
    }, {
      "id" : "s0-t57",
      "begin" : 279,
      "end" : 281,
      "text" : "do",
      "whiteSpace" : false
    }, {
      "id" : "s0-t58",
      "begin" : 282,
      "end" : 290,
      "text" : "transfer",
      "whiteSpace" : false
    }, {
      "id" : "s0-t59",
      "begin" : 291,
      "end" : 294,
      "text" : "and",
      "whiteSpace" : false
    }, {
      "id" : "s0-t60",
      "begin" : 295,
      "end" : 301,
      "text" : "convey",
      "whiteSpace" : false
    }, {
      "id" : "s0-t61",
      "begin" : 302,
      "end" : 306,
      "text" : "unto",
      "whiteSpace" : false
    }, {
      "id" : "s0-t62",
      "begin" : 307,
      "end" : 312,
      "text" : "KAREN",
      "whiteSpace" : false
    }, {
      "id" : "s0-t63",
      "begin" : 313,
      "end" : 316,
      "text" : "LEE",
      "whiteSpace" : false
    }, {
      "id" : "s0-t64",
      "begin" : 317,
      "end" : 322,
      "text" : "BROWN",
      "whiteSpace" : false
    }, {
      "id" : "s0-t65",
      "begin" : 322,
      "end" : 323,
      "text" : ",",
      "whiteSpace" : false
    }, {
      "id" : "s0-t66",
      "begin" : 324,
      "end" : 327,
      "text" : "her",
      "whiteSpace" : false
    }, {
      "id" : "s0-t67",
      "begin" : 328,
      "end" : 333,
      "text" : "heirs",
      "whiteSpace" : false
    }, {
      "id" : "s0-t68",
      "begin" : 334,
      "end" : 337,
      "text" : "and",
      "whiteSpace" : false
    }, {
      "id" : "s0-t69",
      "begin" : 338,
      "end" : 345,
      "text" : "assigns",
      "whiteSpace" : false
    }, {
      "id" : "s0-t70",
      "begin" : 345,
      "end" : 346,
      "text" : ",",
      "whiteSpace" : false
    }, {
      "id" : "s0-t71",
      "begin" : 347,
      "end" : 348,
      "text" : "a",
      "whiteSpace" : false
    }, {
      "id" : "s0-t72",
      "begin" : 349,
      "end" : 356,
      "text" : "certain",
      "whiteSpace" : false
    }, {
      "id" : "s0-t73",
      "begin" : 357,
      "end" : 362,
      "text" : "tract",
      "whiteSpace" : false
    }, {
      "id" : "s0-t74",
      "begin" : 363,
      "end" : 365,
      "text" : "or",
      "whiteSpace" : false
    }, {
      "id" : "s0-t75",
      "begin" : 366,
      "end" : 372,
      "text" : "parcel",
      "whiteSpace" : false
    }, {
      "id" : "s0-t76",
      "begin" : 373,
      "end" : 375,
      "text" : "of",
      "whiteSpace" : false
    }, {
      "id" : "s0-t77",
      "begin" : 376,
      "end" : 380,
      "text" : "land",
      "whiteSpace" : false
    }, {
      "id" : "s0-t78",
      "begin" : 381,
      "end" : 383,
      "text" : "in",
      "whiteSpace" : false
    }, {
      "id" : "s0-t79",
      "begin" : 384,
      "end" : 387,
      "text" : "the",
      "whiteSpace" : false
    }, {
      "id" : "s0-t80",
      "begin" : 388,
      "end" : 394,
      "text" : "Second",
      "whiteSpace" : false
    }, {
      "id" : "s0-t81",
      "begin" : 395,
      "end" : 400,
      "text" : "Civil",
      "whiteSpace" : false
    }, {
      "id" : "s0-t82",
      "begin" : 401,
      "end" : 409,
      "text" : "District",
      "whiteSpace" : false
    }, {
      "id" : "s0-t83",
      "begin" : 410,
      "end" : 412,
      "text" : "of",
      "whiteSpace" : false
    }, {
      "id" : "s0-t84",
      "begin" : 413,
      "end" : 422,
      "text" : "Humphreys",
      "whiteSpace" : false
    }, {
      "id" : "s0-t85",
      "begin" : 423,
      "end" : 429,
      "text" : "County",
      "whiteSpace" : false
    }, {
      "id" : "s0-t86",
      "begin" : 429,
      "end" : 430,
      "text" : ",",
      "whiteSpace" : false
    }, {
      "id" : "s0-t87",
      "begin" : 431,
      "end" : 440,
      "text" : "Tennessee",
      "whiteSpace" : false
    }, {
      "id" : "s0-t88",
      "begin" : 440,
      "end" : 441,
      "text" : ",",
      "whiteSpace" : false
    }, {
      "id" : "s0-t89",
      "begin" : 442,
      "end" : 445,
      "text" : "and",
      "whiteSpace" : false
    }, {
      "id" : "s0-t90",
      "begin" : 446,
      "end" : 451,
      "text" : "being",
      "whiteSpace" : false
    }, {
      "id" : "s0-t91",
      "begin" : 452,
      "end" : 456,
      "text" : "more",
      "whiteSpace" : false
    }, {
      "id" : "s0-t92",
      "begin" : 457,
      "end" : 469,
      "text" : "particularly",
      "whiteSpace" : false
    }, {
      "id" : "s0-t93",
      "begin" : 470,
      "end" : 479,
      "text" : "described",
      "whiteSpace" : false
    }, {
      "id" : "s0-t94",
      "begin" : 480,
      "end" : 482,
      "text" : "as",
      "whiteSpace" : false
    }, {
      "id" : "s0-t95",
      "begin" : 483,
      "end" : 490,
      "text" : "follows",
      "whiteSpace" : false
    } ]
  } ],
  "mentions" : [ {
    "id" : "s0-m1",
    "properties" : {
      "SIRE_MENTION_ROLE" : "Grantor",
      "SIRE_ENTITY_SUBTYPE" : "NONE",
      "SIRE_MENTION_TYPE" : "NONE",
      "SIRE_MENTION_CLASS" : "SPC"
    },
    "type" : "Grantor",
    "begin" : 207,
    "end" : 220,
    "inCoref" : false
  }, {
    "id" : "s0-m2",
    "properties" : {
      "SIRE_MENTION_ROLE" : "Grantee",
      "SIRE_ENTITY_SUBTYPE" : "NONE",
      "SIRE_MENTION_TYPE" : "NONE",
      "SIRE_MENTION_CLASS" : "SPC"
    },
    "type" : "Grantee",
    "begin" : 307,
    "end" : 322,
    "inCoref" : false
  } ],
  "relations" : [ ],
  "corefs" : [ ],
  "typeResolved" : true,
  "userResolved" : false
}