{
  "id" : "47113ff0-5686-11e9-84a6-df86f9fa5a66-0",
  "name" : "WD1-21_3.txt",
  "createdDate" : 0,
  "version" : 3,
  "text" : "For and in consideration of the sum of Three Hundred Seventy Five Thousand Dollars ($375,000.00), cash in hand paid, and other good and valuable considerations, the receipt of which is hereby acknowledged, I, PHILIP DOUGLAS PARRISH, TRUSTEE of The Philip Douglas Parrish Revocable Declaration of Trust, dated March 3 l, 1999 (???Grantor???), this date have bargained and sold, and by these presents do transfer and convey unto WILLIAM TYLER WILSON (???Grantee???), his heirs and assigns, a certain tract or parcel of land in the Third Civil District of Humphreys County, Tennessee, and being more particularly described as follows",
  "docLength" : 0,
  "language" : "EN",
  "status" : "SUBMITTED",
  "modifiedDate" : 1554348652454,
  "documentSet" : [ ],
  "preannotation" : [ ],
  "sentences" : [ {
    "id" : "s0",
    "begin" : 0,
    "end" : 337,
    "text" : "For and in consideration of the sum of Three Hundred Seventy Five Thousand Dollars ($375,000.00), cash in hand paid, and other good and valuable considerations, the receipt of which is hereby acknowledged, I, PHILIP DOUGLAS PARRISH, TRUSTEE of The Philip Douglas Parrish Revocable Declaration of Trust, dated March 3 l, 1999 (???Grantor?",
    "tokens" : [ {
      "id" : "s0-t0",
      "begin" : 0,
      "end" : 3,
      "text" : "For",
      "whiteSpace" : false
    }, {
      "id" : "s0-t1",
      "begin" : 4,
      "end" : 7,
      "text" : "and",
      "whiteSpace" : false
    }, {
      "id" : "s0-t2",
      "begin" : 8,
      "end" : 10,
      "text" : "in",
      "whiteSpace" : false
    }, {
      "id" : "s0-t3",
      "begin" : 11,
      "end" : 24,
      "text" : "consideration",
      "whiteSpace" : false
    }, {
      "id" : "s0-t4",
      "begin" : 25,
      "end" : 27,
      "text" : "of",
      "whiteSpace" : false
    }, {
      "id" : "s0-t5",
      "begin" : 28,
      "end" : 31,
      "text" : "the",
      "whiteSpace" : false
    }, {
      "id" : "s0-t6",
      "begin" : 32,
      "end" : 35,
      "text" : "sum",
      "whiteSpace" : false
    }, {
      "id" : "s0-t7",
      "begin" : 36,
      "end" : 38,
      "text" : "of",
      "whiteSpace" : false
    }, {
      "id" : "s0-t8",
      "begin" : 39,
      "end" : 44,
      "text" : "Three",
      "whiteSpace" : false
    }, {
      "id" : "s0-t9",
      "begin" : 45,
      "end" : 52,
      "text" : "Hundred",
      "whiteSpace" : false
    }, {
      "id" : "s0-t10",
      "begin" : 53,
      "end" : 60,
      "text" : "Seventy",
      "whiteSpace" : false
    }, {
      "id" : "s0-t11",
      "begin" : 61,
      "end" : 65,
      "text" : "Five",
      "whiteSpace" : false
    }, {
      "id" : "s0-t12",
      "begin" : 66,
      "end" : 74,
      "text" : "Thousand",
      "whiteSpace" : false
    }, {
      "id" : "s0-t13",
      "begin" : 75,
      "end" : 82,
      "text" : "Dollars",
      "whiteSpace" : false
    }, {
      "id" : "s0-t14",
      "begin" : 83,
      "end" : 84,
      "text" : "(",
      "whiteSpace" : false
    }, {
      "id" : "s0-t15",
      "begin" : 84,
      "end" : 85,
      "text" : "$",
      "whiteSpace" : false
    }, {
      "id" : "s0-t16",
      "begin" : 85,
      "end" : 95,
      "text" : "375,000.00",
      "whiteSpace" : false
    }, {
      "id" : "s0-t17",
      "begin" : 95,
      "end" : 96,
      "text" : ")",
      "whiteSpace" : false
    }, {
      "id" : "s0-t18",
      "begin" : 96,
      "end" : 97,
      "text" : ",",
      "whiteSpace" : false
    }, {
      "id" : "s0-t19",
      "begin" : 98,
      "end" : 102,
      "text" : "cash",
      "whiteSpace" : false
    }, {
      "id" : "s0-t20",
      "begin" : 103,
      "end" : 105,
      "text" : "in",
      "whiteSpace" : false
    }, {
      "id" : "s0-t21",
      "begin" : 106,
      "end" : 110,
      "text" : "hand",
      "whiteSpace" : false
    }, {
      "id" : "s0-t22",
      "begin" : 111,
      "end" : 115,
      "text" : "paid",
      "whiteSpace" : false
    }, {
      "id" : "s0-t23",
      "begin" : 115,
      "end" : 116,
      "text" : ",",
      "whiteSpace" : false
    }, {
      "id" : "s0-t24",
      "begin" : 117,
      "end" : 120,
      "text" : "and",
      "whiteSpace" : false
    }, {
      "id" : "s0-t25",
      "begin" : 121,
      "end" : 126,
      "text" : "other",
      "whiteSpace" : false
    }, {
      "id" : "s0-t26",
      "begin" : 127,
      "end" : 131,
      "text" : "good",
      "whiteSpace" : false
    }, {
      "id" : "s0-t27",
      "begin" : 132,
      "end" : 135,
      "text" : "and",
      "whiteSpace" : false
    }, {
      "id" : "s0-t28",
      "begin" : 136,
      "end" : 144,
      "text" : "valuable",
      "whiteSpace" : false
    }, {
      "id" : "s0-t29",
      "begin" : 145,
      "end" : 159,
      "text" : "considerations",
      "whiteSpace" : false
    }, {
      "id" : "s0-t30",
      "begin" : 159,
      "end" : 160,
      "text" : ",",
      "whiteSpace" : false
    }, {
      "id" : "s0-t31",
      "begin" : 161,
      "end" : 164,
      "text" : "the",
      "whiteSpace" : false
    }, {
      "id" : "s0-t32",
      "begin" : 165,
      "end" : 172,
      "text" : "receipt",
      "whiteSpace" : false
    }, {
      "id" : "s0-t33",
      "begin" : 173,
      "end" : 175,
      "text" : "of",
      "whiteSpace" : false
    }, {
      "id" : "s0-t34",
      "begin" : 176,
      "end" : 181,
      "text" : "which",
      "whiteSpace" : false
    }, {
      "id" : "s0-t35",
      "begin" : 182,
      "end" : 184,
      "text" : "is",
      "whiteSpace" : false
    }, {
      "id" : "s0-t36",
      "begin" : 185,
      "end" : 191,
      "text" : "hereby",
      "whiteSpace" : false
    }, {
      "id" : "s0-t37",
      "begin" : 192,
      "end" : 204,
      "text" : "acknowledged",
      "whiteSpace" : false
    }, {
      "id" : "s0-t38",
      "begin" : 204,
      "end" : 205,
      "text" : ",",
      "whiteSpace" : false
    }, {
      "id" : "s0-t39",
      "begin" : 206,
      "end" : 207,
      "text" : "I",
      "whiteSpace" : false
    }, {
      "id" : "s0-t40",
      "begin" : 207,
      "end" : 208,
      "text" : ",",
      "whiteSpace" : false
    }, {
      "id" : "s0-t41",
      "begin" : 209,
      "end" : 215,
      "text" : "PHILIP",
      "whiteSpace" : false
    }, {
      "id" : "s0-t42",
      "begin" : 216,
      "end" : 223,
      "text" : "DOUGLAS",
      "whiteSpace" : false
    }, {
      "id" : "s0-t43",
      "begin" : 224,
      "end" : 231,
      "text" : "PARRISH",
      "whiteSpace" : false
    }, {
      "id" : "s0-t44",
      "begin" : 231,
      "end" : 232,
      "text" : ",",
      "whiteSpace" : false
    }, {
      "id" : "s0-t45",
      "begin" : 233,
      "end" : 240,
      "text" : "TRUSTEE",
      "whiteSpace" : false
    }, {
      "id" : "s0-t46",
      "begin" : 241,
      "end" : 243,
      "text" : "of",
      "whiteSpace" : false
    }, {
      "id" : "s0-t47",
      "begin" : 244,
      "end" : 247,
      "text" : "The",
      "whiteSpace" : false
    }, {
      "id" : "s0-t48",
      "begin" : 248,
      "end" : 254,
      "text" : "Philip",
      "whiteSpace" : false
    }, {
      "id" : "s0-t49",
      "begin" : 255,
      "end" : 262,
      "text" : "Douglas",
      "whiteSpace" : false
    }, {
      "id" : "s0-t50",
      "begin" : 263,
      "end" : 270,
      "text" : "Parrish",
      "whiteSpace" : false
    }, {
      "id" : "s0-t51",
      "begin" : 271,
      "end" : 280,
      "text" : "Revocable",
      "whiteSpace" : false
    }, {
      "id" : "s0-t52",
      "begin" : 281,
      "end" : 292,
      "text" : "Declaration",
      "whiteSpace" : false
    }, {
      "id" : "s0-t53",
      "begin" : 293,
      "end" : 295,
      "text" : "of",
      "whiteSpace" : false
    }, {
      "id" : "s0-t54",
      "begin" : 296,
      "end" : 301,
      "text" : "Trust",
      "whiteSpace" : false
    }, {
      "id" : "s0-t55",
      "begin" : 301,
      "end" : 302,
      "text" : ",",
      "whiteSpace" : false
    }, {
      "id" : "s0-t56",
      "begin" : 303,
      "end" : 308,
      "text" : "dated",
      "whiteSpace" : false
    }, {
      "id" : "s0-t57",
      "begin" : 309,
      "end" : 314,
      "text" : "March",
      "whiteSpace" : false
    }, {
      "id" : "s0-t58",
      "begin" : 315,
      "end" : 316,
      "text" : "3",
      "whiteSpace" : false
    }, {
      "id" : "s0-t59",
      "begin" : 317,
      "end" : 318,
      "text" : "l",
      "whiteSpace" : false
    }, {
      "id" : "s0-t60",
      "begin" : 318,
      "end" : 319,
      "text" : ",",
      "whiteSpace" : false
    }, {
      "id" : "s0-t61",
      "begin" : 320,
      "end" : 324,
      "text" : "1999",
      "whiteSpace" : false
    }, {
      "id" : "s0-t62",
      "begin" : 325,
      "end" : 326,
      "text" : "(",
      "whiteSpace" : false
    }, {
      "id" : "s0-t63",
      "begin" : 326,
      "end" : 336,
      "text" : "???Grantor",
      "whiteSpace" : false
    }, {
      "id" : "s0-t64",
      "begin" : 336,
      "end" : 337,
      "text" : "?",
      "whiteSpace" : false
    } ]
  }, {
    "id" : "s1",
    "begin" : 337,
    "end" : 460,
    "text" : "??), this date have bargained and sold, and by these presents do transfer and convey unto WILLIAM TYLER WILSON (???Grantee?",
    "tokens" : [ {
      "id" : "s1-t0",
      "begin" : 337,
      "end" : 339,
      "text" : "??",
      "whiteSpace" : false
    }, {
      "id" : "s1-t1",
      "begin" : 339,
      "end" : 340,
      "text" : ")",
      "whiteSpace" : false
    }, {
      "id" : "s1-t2",
      "begin" : 340,
      "end" : 341,
      "text" : ",",
      "whiteSpace" : false
    }, {
      "id" : "s1-t3",
      "begin" : 342,
      "end" : 346,
      "text" : "this",
      "whiteSpace" : false
    }, {
      "id" : "s1-t4",
      "begin" : 347,
      "end" : 351,
      "text" : "date",
      "whiteSpace" : false
    }, {
      "id" : "s1-t5",
      "begin" : 352,
      "end" : 356,
      "text" : "have",
      "whiteSpace" : false
    }, {
      "id" : "s1-t6",
      "begin" : 357,
      "end" : 366,
      "text" : "bargained",
      "whiteSpace" : false
    }, {
      "id" : "s1-t7",
      "begin" : 367,
      "end" : 370,
      "text" : "and",
      "whiteSpace" : false
    }, {
      "id" : "s1-t8",
      "begin" : 371,
      "end" : 375,
      "text" : "sold",
      "whiteSpace" : false
    }, {
      "id" : "s1-t9",
      "begin" : 375,
      "end" : 376,
      "text" : ",",
      "whiteSpace" : false
    }, {
      "id" : "s1-t10",
      "begin" : 377,
      "end" : 380,
      "text" : "and",
      "whiteSpace" : false
    }, {
      "id" : "s1-t11",
      "begin" : 381,
      "end" : 383,
      "text" : "by",
      "whiteSpace" : false
    }, {
      "id" : "s1-t12",
      "begin" : 384,
      "end" : 389,
      "text" : "these",
      "whiteSpace" : false
    }, {
      "id" : "s1-t13",
      "begin" : 390,
      "end" : 398,
      "text" : "presents",
      "whiteSpace" : false
    }, {
      "id" : "s1-t14",
      "begin" : 399,
      "end" : 401,
      "text" : "do",
      "whiteSpace" : false
    }, {
      "id" : "s1-t15",
      "begin" : 402,
      "end" : 410,
      "text" : "transfer",
      "whiteSpace" : false
    }, {
      "id" : "s1-t16",
      "begin" : 411,
      "end" : 414,
      "text" : "and",
      "whiteSpace" : false
    }, {
      "id" : "s1-t17",
      "begin" : 415,
      "end" : 421,
      "text" : "convey",
      "whiteSpace" : false
    }, {
      "id" : "s1-t18",
      "begin" : 422,
      "end" : 426,
      "text" : "unto",
      "whiteSpace" : false
    }, {
      "id" : "s1-t19",
      "begin" : 427,
      "end" : 434,
      "text" : "WILLIAM",
      "whiteSpace" : false
    }, {
      "id" : "s1-t20",
      "begin" : 435,
      "end" : 440,
      "text" : "TYLER",
      "whiteSpace" : false
    }, {
      "id" : "s1-t21",
      "begin" : 441,
      "end" : 447,
      "text" : "WILSON",
      "whiteSpace" : false
    }, {
      "id" : "s1-t22",
      "begin" : 448,
      "end" : 449,
      "text" : "(",
      "whiteSpace" : false
    }, {
      "id" : "s1-t23",
      "begin" : 449,
      "end" : 459,
      "text" : "???Grantee",
      "whiteSpace" : false
    }, {
      "id" : "s1-t24",
      "begin" : 459,
      "end" : 460,
      "text" : "?",
      "whiteSpace" : false
    } ]
  }, {
    "id" : "s2",
    "begin" : 460,
    "end" : 630,
    "text" : "??), his heirs and assigns, a certain tract or parcel of land in the Third Civil District of Humphreys County, Tennessee, and being more particularly described as follows",
    "tokens" : [ {
      "id" : "s2-t0",
      "begin" : 460,
      "end" : 462,
      "text" : "??",
      "whiteSpace" : false
    }, {
      "id" : "s2-t1",
      "begin" : 462,
      "end" : 463,
      "text" : ")",
      "whiteSpace" : false
    }, {
      "id" : "s2-t2",
      "begin" : 463,
      "end" : 464,
      "text" : ",",
      "whiteSpace" : false
    }, {
      "id" : "s2-t3",
      "begin" : 465,
      "end" : 468,
      "text" : "his",
      "whiteSpace" : false
    }, {
      "id" : "s2-t4",
      "begin" : 469,
      "end" : 474,
      "text" : "heirs",
      "whiteSpace" : false
    }, {
      "id" : "s2-t5",
      "begin" : 475,
      "end" : 478,
      "text" : "and",
      "whiteSpace" : false
    }, {
      "id" : "s2-t6",
      "begin" : 479,
      "end" : 486,
      "text" : "assigns",
      "whiteSpace" : false
    }, {
      "id" : "s2-t7",
      "begin" : 486,
      "end" : 487,
      "text" : ",",
      "whiteSpace" : false
    }, {
      "id" : "s2-t8",
      "begin" : 488,
      "end" : 489,
      "text" : "a",
      "whiteSpace" : false
    }, {
      "id" : "s2-t9",
      "begin" : 490,
      "end" : 497,
      "text" : "certain",
      "whiteSpace" : false
    }, {
      "id" : "s2-t10",
      "begin" : 498,
      "end" : 503,
      "text" : "tract",
      "whiteSpace" : false
    }, {
      "id" : "s2-t11",
      "begin" : 504,
      "end" : 506,
      "text" : "or",
      "whiteSpace" : false
    }, {
      "id" : "s2-t12",
      "begin" : 507,
      "end" : 513,
      "text" : "parcel",
      "whiteSpace" : false
    }, {
      "id" : "s2-t13",
      "begin" : 514,
      "end" : 516,
      "text" : "of",
      "whiteSpace" : false
    }, {
      "id" : "s2-t14",
      "begin" : 517,
      "end" : 521,
      "text" : "land",
      "whiteSpace" : false
    }, {
      "id" : "s2-t15",
      "begin" : 522,
      "end" : 524,
      "text" : "in",
      "whiteSpace" : false
    }, {
      "id" : "s2-t16",
      "begin" : 525,
      "end" : 528,
      "text" : "the",
      "whiteSpace" : false
    }, {
      "id" : "s2-t17",
      "begin" : 529,
      "end" : 534,
      "text" : "Third",
      "whiteSpace" : false
    }, {
      "id" : "s2-t18",
      "begin" : 535,
      "end" : 540,
      "text" : "Civil",
      "whiteSpace" : false
    }, {
      "id" : "s2-t19",
      "begin" : 541,
      "end" : 549,
      "text" : "District",
      "whiteSpace" : false
    }, {
      "id" : "s2-t20",
      "begin" : 550,
      "end" : 552,
      "text" : "of",
      "whiteSpace" : false
    }, {
      "id" : "s2-t21",
      "begin" : 553,
      "end" : 562,
      "text" : "Humphreys",
      "whiteSpace" : false
    }, {
      "id" : "s2-t22",
      "begin" : 563,
      "end" : 569,
      "text" : "County",
      "whiteSpace" : false
    }, {
      "id" : "s2-t23",
      "begin" : 569,
      "end" : 570,
      "text" : ",",
      "whiteSpace" : false
    }, {
      "id" : "s2-t24",
      "begin" : 571,
      "end" : 580,
      "text" : "Tennessee",
      "whiteSpace" : false
    }, {
      "id" : "s2-t25",
      "begin" : 580,
      "end" : 581,
      "text" : ",",
      "whiteSpace" : false
    }, {
      "id" : "s2-t26",
      "begin" : 582,
      "end" : 585,
      "text" : "and",
      "whiteSpace" : false
    }, {
      "id" : "s2-t27",
      "begin" : 586,
      "end" : 591,
      "text" : "being",
      "whiteSpace" : false
    }, {
      "id" : "s2-t28",
      "begin" : 592,
      "end" : 596,
      "text" : "more",
      "whiteSpace" : false
    }, {
      "id" : "s2-t29",
      "begin" : 597,
      "end" : 609,
      "text" : "particularly",
      "whiteSpace" : false
    }, {
      "id" : "s2-t30",
      "begin" : 610,
      "end" : 619,
      "text" : "described",
      "whiteSpace" : false
    }, {
      "id" : "s2-t31",
      "begin" : 620,
      "end" : 622,
      "text" : "as",
      "whiteSpace" : false
    }, {
      "id" : "s2-t32",
      "begin" : 623,
      "end" : 630,
      "text" : "follows",
      "whiteSpace" : false
    } ]
  } ],
  "mentions" : [ {
    "id" : "s0-m1",
    "properties" : {
      "SIRE_MENTION_ROLE" : "Grantor",
      "SIRE_ENTITY_SUBTYPE" : "NONE",
      "SIRE_MENTION_TYPE" : "NONE",
      "SIRE_MENTION_CLASS" : "SPC"
    },
    "type" : "Grantor",
    "begin" : 209,
    "end" : 231,
    "inCoref" : false
  }, {
    "id" : "s1-m1",
    "properties" : {
      "SIRE_MENTION_ROLE" : "Grantee",
      "SIRE_ENTITY_SUBTYPE" : "NONE",
      "SIRE_MENTION_TYPE" : "NONE",
      "SIRE_MENTION_CLASS" : "SPC"
    },
    "type" : "Grantee",
    "begin" : 427,
    "end" : 447,
    "inCoref" : false
  } ],
  "relations" : [ ],
  "corefs" : [ ],
  "typeResolved" : true,
  "userResolved" : false
}