{
  "id" : "47113ff0-5686-11e9-84a6-df86f9fa5a66-9",
  "name" : "WD1-22.txt",
  "createdDate" : 0,
  "version" : 3,
  "text" : "FOR AND IN CONSIDERATION of the sum of Ten Dollars ($10.00), cash in hand paid, and other good and valuable considerations, the receipt of all of which is hereby expressly acknowledged, we, CLYDE MERCER, and wife, CHRISTINE MERCER, have this day bargained and sold, and by these presents do hereby bargain, sell, transfer and convey unto RAYMOND MITCHELL RICHARDS, and wife, LISA LALYNNE RICHARDS, as tenants, by the entirety, their heirs and assigns, in fee simple forever, all the right, title, claim and interest I have in and unto the following???described real prOperty situated in the Fi???th Civil District of Humphreys County, Tennessee, and more particularly described as follows",
  "docLength" : 0,
  "language" : "EN",
  "status" : "SUBMITTED",
  "modifiedDate" : 1554348861782,
  "documentSet" : [ ],
  "preannotation" : [ ],
  "sentences" : [ {
    "id" : "s0",
    "begin" : 0,
    "end" : 549,
    "text" : "FOR AND IN CONSIDERATION of the sum of Ten Dollars ($10.00), cash in hand paid, and other good and valuable considerations, the receipt of all of which is hereby expressly acknowledged, we, CLYDE MERCER, and wife, CHRISTINE MERCER, have this day bargained and sold, and by these presents do hereby bargain, sell, transfer and convey unto RAYMOND MITCHELL RICHARDS, and wife, LISA LALYNNE RICHARDS, as tenants, by the entirety, their heirs and assigns, in fee simple forever, all the right, title, claim and interest I have in and unto the following?",
    "tokens" : [ {
      "id" : "s0-t0",
      "begin" : 0,
      "end" : 3,
      "text" : "FOR",
      "whiteSpace" : false
    }, {
      "id" : "s0-t1",
      "begin" : 4,
      "end" : 7,
      "text" : "AND",
      "whiteSpace" : false
    }, {
      "id" : "s0-t2",
      "begin" : 8,
      "end" : 10,
      "text" : "IN",
      "whiteSpace" : false
    }, {
      "id" : "s0-t3",
      "begin" : 11,
      "end" : 24,
      "text" : "CONSIDERATION",
      "whiteSpace" : false
    }, {
      "id" : "s0-t4",
      "begin" : 25,
      "end" : 27,
      "text" : "of",
      "whiteSpace" : false
    }, {
      "id" : "s0-t5",
      "begin" : 28,
      "end" : 31,
      "text" : "the",
      "whiteSpace" : false
    }, {
      "id" : "s0-t6",
      "begin" : 32,
      "end" : 35,
      "text" : "sum",
      "whiteSpace" : false
    }, {
      "id" : "s0-t7",
      "begin" : 36,
      "end" : 38,
      "text" : "of",
      "whiteSpace" : false
    }, {
      "id" : "s0-t8",
      "begin" : 39,
      "end" : 42,
      "text" : "Ten",
      "whiteSpace" : false
    }, {
      "id" : "s0-t9",
      "begin" : 43,
      "end" : 50,
      "text" : "Dollars",
      "whiteSpace" : false
    }, {
      "id" : "s0-t10",
      "begin" : 51,
      "end" : 52,
      "text" : "(",
      "whiteSpace" : false
    }, {
      "id" : "s0-t11",
      "begin" : 52,
      "end" : 53,
      "text" : "$",
      "whiteSpace" : false
    }, {
      "id" : "s0-t12",
      "begin" : 53,
      "end" : 58,
      "text" : "10.00",
      "whiteSpace" : false
    }, {
      "id" : "s0-t13",
      "begin" : 58,
      "end" : 59,
      "text" : ")",
      "whiteSpace" : false
    }, {
      "id" : "s0-t14",
      "begin" : 59,
      "end" : 60,
      "text" : ",",
      "whiteSpace" : false
    }, {
      "id" : "s0-t15",
      "begin" : 61,
      "end" : 65,
      "text" : "cash",
      "whiteSpace" : false
    }, {
      "id" : "s0-t16",
      "begin" : 66,
      "end" : 68,
      "text" : "in",
      "whiteSpace" : false
    }, {
      "id" : "s0-t17",
      "begin" : 69,
      "end" : 73,
      "text" : "hand",
      "whiteSpace" : false
    }, {
      "id" : "s0-t18",
      "begin" : 74,
      "end" : 78,
      "text" : "paid",
      "whiteSpace" : false
    }, {
      "id" : "s0-t19",
      "begin" : 78,
      "end" : 79,
      "text" : ",",
      "whiteSpace" : false
    }, {
      "id" : "s0-t20",
      "begin" : 80,
      "end" : 83,
      "text" : "and",
      "whiteSpace" : false
    }, {
      "id" : "s0-t21",
      "begin" : 84,
      "end" : 89,
      "text" : "other",
      "whiteSpace" : false
    }, {
      "id" : "s0-t22",
      "begin" : 90,
      "end" : 94,
      "text" : "good",
      "whiteSpace" : false
    }, {
      "id" : "s0-t23",
      "begin" : 95,
      "end" : 98,
      "text" : "and",
      "whiteSpace" : false
    }, {
      "id" : "s0-t24",
      "begin" : 99,
      "end" : 107,
      "text" : "valuable",
      "whiteSpace" : false
    }, {
      "id" : "s0-t25",
      "begin" : 108,
      "end" : 122,
      "text" : "considerations",
      "whiteSpace" : false
    }, {
      "id" : "s0-t26",
      "begin" : 122,
      "end" : 123,
      "text" : ",",
      "whiteSpace" : false
    }, {
      "id" : "s0-t27",
      "begin" : 124,
      "end" : 127,
      "text" : "the",
      "whiteSpace" : false
    }, {
      "id" : "s0-t28",
      "begin" : 128,
      "end" : 135,
      "text" : "receipt",
      "whiteSpace" : false
    }, {
      "id" : "s0-t29",
      "begin" : 136,
      "end" : 138,
      "text" : "of",
      "whiteSpace" : false
    }, {
      "id" : "s0-t30",
      "begin" : 139,
      "end" : 142,
      "text" : "all",
      "whiteSpace" : false
    }, {
      "id" : "s0-t31",
      "begin" : 143,
      "end" : 145,
      "text" : "of",
      "whiteSpace" : false
    }, {
      "id" : "s0-t32",
      "begin" : 146,
      "end" : 151,
      "text" : "which",
      "whiteSpace" : false
    }, {
      "id" : "s0-t33",
      "begin" : 152,
      "end" : 154,
      "text" : "is",
      "whiteSpace" : false
    }, {
      "id" : "s0-t34",
      "begin" : 155,
      "end" : 161,
      "text" : "hereby",
      "whiteSpace" : false
    }, {
      "id" : "s0-t35",
      "begin" : 162,
      "end" : 171,
      "text" : "expressly",
      "whiteSpace" : false
    }, {
      "id" : "s0-t36",
      "begin" : 172,
      "end" : 184,
      "text" : "acknowledged",
      "whiteSpace" : false
    }, {
      "id" : "s0-t37",
      "begin" : 184,
      "end" : 185,
      "text" : ",",
      "whiteSpace" : false
    }, {
      "id" : "s0-t38",
      "begin" : 186,
      "end" : 188,
      "text" : "we",
      "whiteSpace" : false
    }, {
      "id" : "s0-t39",
      "begin" : 188,
      "end" : 189,
      "text" : ",",
      "whiteSpace" : false
    }, {
      "id" : "s0-t40",
      "begin" : 190,
      "end" : 195,
      "text" : "CLYDE",
      "whiteSpace" : false
    }, {
      "id" : "s0-t41",
      "begin" : 196,
      "end" : 202,
      "text" : "MERCER",
      "whiteSpace" : false
    }, {
      "id" : "s0-t42",
      "begin" : 202,
      "end" : 203,
      "text" : ",",
      "whiteSpace" : false
    }, {
      "id" : "s0-t43",
      "begin" : 204,
      "end" : 207,
      "text" : "and",
      "whiteSpace" : false
    }, {
      "id" : "s0-t44",
      "begin" : 208,
      "end" : 212,
      "text" : "wife",
      "whiteSpace" : false
    }, {
      "id" : "s0-t45",
      "begin" : 212,
      "end" : 213,
      "text" : ",",
      "whiteSpace" : false
    }, {
      "id" : "s0-t46",
      "begin" : 214,
      "end" : 223,
      "text" : "CHRISTINE",
      "whiteSpace" : false
    }, {
      "id" : "s0-t47",
      "begin" : 224,
      "end" : 230,
      "text" : "MERCER",
      "whiteSpace" : false
    }, {
      "id" : "s0-t48",
      "begin" : 230,
      "end" : 231,
      "text" : ",",
      "whiteSpace" : false
    }, {
      "id" : "s0-t49",
      "begin" : 232,
      "end" : 236,
      "text" : "have",
      "whiteSpace" : false
    }, {
      "id" : "s0-t50",
      "begin" : 237,
      "end" : 241,
      "text" : "this",
      "whiteSpace" : false
    }, {
      "id" : "s0-t51",
      "begin" : 242,
      "end" : 245,
      "text" : "day",
      "whiteSpace" : false
    }, {
      "id" : "s0-t52",
      "begin" : 246,
      "end" : 255,
      "text" : "bargained",
      "whiteSpace" : false
    }, {
      "id" : "s0-t53",
      "begin" : 256,
      "end" : 259,
      "text" : "and",
      "whiteSpace" : false
    }, {
      "id" : "s0-t54",
      "begin" : 260,
      "end" : 264,
      "text" : "sold",
      "whiteSpace" : false
    }, {
      "id" : "s0-t55",
      "begin" : 264,
      "end" : 265,
      "text" : ",",
      "whiteSpace" : false
    }, {
      "id" : "s0-t56",
      "begin" : 266,
      "end" : 269,
      "text" : "and",
      "whiteSpace" : false
    }, {
      "id" : "s0-t57",
      "begin" : 270,
      "end" : 272,
      "text" : "by",
      "whiteSpace" : false
    }, {
      "id" : "s0-t58",
      "begin" : 273,
      "end" : 278,
      "text" : "these",
      "whiteSpace" : false
    }, {
      "id" : "s0-t59",
      "begin" : 279,
      "end" : 287,
      "text" : "presents",
      "whiteSpace" : false
    }, {
      "id" : "s0-t60",
      "begin" : 288,
      "end" : 290,
      "text" : "do",
      "whiteSpace" : false
    }, {
      "id" : "s0-t61",
      "begin" : 291,
      "end" : 297,
      "text" : "hereby",
      "whiteSpace" : false
    }, {
      "id" : "s0-t62",
      "begin" : 298,
      "end" : 305,
      "text" : "bargain",
      "whiteSpace" : false
    }, {
      "id" : "s0-t63",
      "begin" : 305,
      "end" : 306,
      "text" : ",",
      "whiteSpace" : false
    }, {
      "id" : "s0-t64",
      "begin" : 307,
      "end" : 311,
      "text" : "sell",
      "whiteSpace" : false
    }, {
      "id" : "s0-t65",
      "begin" : 311,
      "end" : 312,
      "text" : ",",
      "whiteSpace" : false
    }, {
      "id" : "s0-t66",
      "begin" : 313,
      "end" : 321,
      "text" : "transfer",
      "whiteSpace" : false
    }, {
      "id" : "s0-t67",
      "begin" : 322,
      "end" : 325,
      "text" : "and",
      "whiteSpace" : false
    }, {
      "id" : "s0-t68",
      "begin" : 326,
      "end" : 332,
      "text" : "convey",
      "whiteSpace" : false
    }, {
      "id" : "s0-t69",
      "begin" : 333,
      "end" : 337,
      "text" : "unto",
      "whiteSpace" : false
    }, {
      "id" : "s0-t70",
      "begin" : 338,
      "end" : 345,
      "text" : "RAYMOND",
      "whiteSpace" : false
    }, {
      "id" : "s0-t71",
      "begin" : 346,
      "end" : 354,
      "text" : "MITCHELL",
      "whiteSpace" : false
    }, {
      "id" : "s0-t72",
      "begin" : 355,
      "end" : 363,
      "text" : "RICHARDS",
      "whiteSpace" : false
    }, {
      "id" : "s0-t73",
      "begin" : 363,
      "end" : 364,
      "text" : ",",
      "whiteSpace" : false
    }, {
      "id" : "s0-t74",
      "begin" : 365,
      "end" : 368,
      "text" : "and",
      "whiteSpace" : false
    }, {
      "id" : "s0-t75",
      "begin" : 369,
      "end" : 373,
      "text" : "wife",
      "whiteSpace" : false
    }, {
      "id" : "s0-t76",
      "begin" : 373,
      "end" : 374,
      "text" : ",",
      "whiteSpace" : false
    }, {
      "id" : "s0-t77",
      "begin" : 375,
      "end" : 379,
      "text" : "LISA",
      "whiteSpace" : false
    }, {
      "id" : "s0-t78",
      "begin" : 380,
      "end" : 387,
      "text" : "LALYNNE",
      "whiteSpace" : false
    }, {
      "id" : "s0-t79",
      "begin" : 388,
      "end" : 396,
      "text" : "RICHARDS",
      "whiteSpace" : false
    }, {
      "id" : "s0-t80",
      "begin" : 396,
      "end" : 397,
      "text" : ",",
      "whiteSpace" : false
    }, {
      "id" : "s0-t81",
      "begin" : 398,
      "end" : 400,
      "text" : "as",
      "whiteSpace" : false
    }, {
      "id" : "s0-t82",
      "begin" : 401,
      "end" : 408,
      "text" : "tenants",
      "whiteSpace" : false
    }, {
      "id" : "s0-t83",
      "begin" : 408,
      "end" : 409,
      "text" : ",",
      "whiteSpace" : false
    }, {
      "id" : "s0-t84",
      "begin" : 410,
      "end" : 412,
      "text" : "by",
      "whiteSpace" : false
    }, {
      "id" : "s0-t85",
      "begin" : 413,
      "end" : 416,
      "text" : "the",
      "whiteSpace" : false
    }, {
      "id" : "s0-t86",
      "begin" : 417,
      "end" : 425,
      "text" : "entirety",
      "whiteSpace" : false
    }, {
      "id" : "s0-t87",
      "begin" : 425,
      "end" : 426,
      "text" : ",",
      "whiteSpace" : false
    }, {
      "id" : "s0-t88",
      "begin" : 427,
      "end" : 432,
      "text" : "their",
      "whiteSpace" : false
    }, {
      "id" : "s0-t89",
      "begin" : 433,
      "end" : 438,
      "text" : "heirs",
      "whiteSpace" : false
    }, {
      "id" : "s0-t90",
      "begin" : 439,
      "end" : 442,
      "text" : "and",
      "whiteSpace" : false
    }, {
      "id" : "s0-t91",
      "begin" : 443,
      "end" : 450,
      "text" : "assigns",
      "whiteSpace" : false
    }, {
      "id" : "s0-t92",
      "begin" : 450,
      "end" : 451,
      "text" : ",",
      "whiteSpace" : false
    }, {
      "id" : "s0-t93",
      "begin" : 452,
      "end" : 454,
      "text" : "in",
      "whiteSpace" : false
    }, {
      "id" : "s0-t94",
      "begin" : 455,
      "end" : 458,
      "text" : "fee",
      "whiteSpace" : false
    }, {
      "id" : "s0-t95",
      "begin" : 459,
      "end" : 465,
      "text" : "simple",
      "whiteSpace" : false
    }, {
      "id" : "s0-t96",
      "begin" : 466,
      "end" : 473,
      "text" : "forever",
      "whiteSpace" : false
    }, {
      "id" : "s0-t97",
      "begin" : 473,
      "end" : 474,
      "text" : ",",
      "whiteSpace" : false
    }, {
      "id" : "s0-t98",
      "begin" : 475,
      "end" : 478,
      "text" : "all",
      "whiteSpace" : false
    }, {
      "id" : "s0-t99",
      "begin" : 479,
      "end" : 482,
      "text" : "the",
      "whiteSpace" : false
    }, {
      "id" : "s0-t100",
      "begin" : 483,
      "end" : 488,
      "text" : "right",
      "whiteSpace" : false
    }, {
      "id" : "s0-t101",
      "begin" : 488,
      "end" : 489,
      "text" : ",",
      "whiteSpace" : false
    }, {
      "id" : "s0-t102",
      "begin" : 490,
      "end" : 495,
      "text" : "title",
      "whiteSpace" : false
    }, {
      "id" : "s0-t103",
      "begin" : 495,
      "end" : 496,
      "text" : ",",
      "whiteSpace" : false
    }, {
      "id" : "s0-t104",
      "begin" : 497,
      "end" : 502,
      "text" : "claim",
      "whiteSpace" : false
    }, {
      "id" : "s0-t105",
      "begin" : 503,
      "end" : 506,
      "text" : "and",
      "whiteSpace" : false
    }, {
      "id" : "s0-t106",
      "begin" : 507,
      "end" : 515,
      "text" : "interest",
      "whiteSpace" : false
    }, {
      "id" : "s0-t107",
      "begin" : 516,
      "end" : 517,
      "text" : "I",
      "whiteSpace" : false
    }, {
      "id" : "s0-t108",
      "begin" : 518,
      "end" : 522,
      "text" : "have",
      "whiteSpace" : false
    }, {
      "id" : "s0-t109",
      "begin" : 523,
      "end" : 525,
      "text" : "in",
      "whiteSpace" : false
    }, {
      "id" : "s0-t110",
      "begin" : 526,
      "end" : 529,
      "text" : "and",
      "whiteSpace" : false
    }, {
      "id" : "s0-t111",
      "begin" : 530,
      "end" : 534,
      "text" : "unto",
      "whiteSpace" : false
    }, {
      "id" : "s0-t112",
      "begin" : 535,
      "end" : 538,
      "text" : "the",
      "whiteSpace" : false
    }, {
      "id" : "s0-t113",
      "begin" : 539,
      "end" : 548,
      "text" : "following",
      "whiteSpace" : false
    }, {
      "id" : "s0-t114",
      "begin" : 548,
      "end" : 549,
      "text" : "?",
      "whiteSpace" : false
    } ]
  }, {
    "id" : "s1",
    "begin" : 549,
    "end" : 594,
    "text" : "??described real prOperty situated in the Fi?",
    "tokens" : [ {
      "id" : "s1-t0",
      "begin" : 549,
      "end" : 560,
      "text" : "??described",
      "whiteSpace" : false
    }, {
      "id" : "s1-t1",
      "begin" : 561,
      "end" : 565,
      "text" : "real",
      "whiteSpace" : false
    }, {
      "id" : "s1-t2",
      "begin" : 566,
      "end" : 574,
      "text" : "prOperty",
      "whiteSpace" : false
    }, {
      "id" : "s1-t3",
      "begin" : 575,
      "end" : 583,
      "text" : "situated",
      "whiteSpace" : false
    }, {
      "id" : "s1-t4",
      "begin" : 584,
      "end" : 586,
      "text" : "in",
      "whiteSpace" : false
    }, {
      "id" : "s1-t5",
      "begin" : 587,
      "end" : 590,
      "text" : "the",
      "whiteSpace" : false
    }, {
      "id" : "s1-t6",
      "begin" : 591,
      "end" : 593,
      "text" : "Fi",
      "whiteSpace" : false
    }, {
      "id" : "s1-t7",
      "begin" : 593,
      "end" : 594,
      "text" : "?",
      "whiteSpace" : false
    } ]
  }, {
    "id" : "s2",
    "begin" : 594,
    "end" : 688,
    "text" : "??th Civil District of Humphreys County, Tennessee, and more particularly described as follows",
    "tokens" : [ {
      "id" : "s2-t0",
      "begin" : 594,
      "end" : 598,
      "text" : "??th",
      "whiteSpace" : false
    }, {
      "id" : "s2-t1",
      "begin" : 599,
      "end" : 604,
      "text" : "Civil",
      "whiteSpace" : false
    }, {
      "id" : "s2-t2",
      "begin" : 605,
      "end" : 613,
      "text" : "District",
      "whiteSpace" : false
    }, {
      "id" : "s2-t3",
      "begin" : 614,
      "end" : 616,
      "text" : "of",
      "whiteSpace" : false
    }, {
      "id" : "s2-t4",
      "begin" : 617,
      "end" : 626,
      "text" : "Humphreys",
      "whiteSpace" : false
    }, {
      "id" : "s2-t5",
      "begin" : 627,
      "end" : 633,
      "text" : "County",
      "whiteSpace" : false
    }, {
      "id" : "s2-t6",
      "begin" : 633,
      "end" : 634,
      "text" : ",",
      "whiteSpace" : false
    }, {
      "id" : "s2-t7",
      "begin" : 635,
      "end" : 644,
      "text" : "Tennessee",
      "whiteSpace" : false
    }, {
      "id" : "s2-t8",
      "begin" : 644,
      "end" : 645,
      "text" : ",",
      "whiteSpace" : false
    }, {
      "id" : "s2-t9",
      "begin" : 646,
      "end" : 649,
      "text" : "and",
      "whiteSpace" : false
    }, {
      "id" : "s2-t10",
      "begin" : 650,
      "end" : 654,
      "text" : "more",
      "whiteSpace" : false
    }, {
      "id" : "s2-t11",
      "begin" : 655,
      "end" : 667,
      "text" : "particularly",
      "whiteSpace" : false
    }, {
      "id" : "s2-t12",
      "begin" : 668,
      "end" : 677,
      "text" : "described",
      "whiteSpace" : false
    }, {
      "id" : "s2-t13",
      "begin" : 678,
      "end" : 680,
      "text" : "as",
      "whiteSpace" : false
    }, {
      "id" : "s2-t14",
      "begin" : 681,
      "end" : 688,
      "text" : "follows",
      "whiteSpace" : false
    } ]
  } ],
  "mentions" : [ {
    "id" : "s0-m2",
    "properties" : {
      "SIRE_MENTION_ROLE" : "Grantor",
      "SIRE_ENTITY_SUBTYPE" : "NONE",
      "SIRE_MENTION_TYPE" : "NONE",
      "SIRE_MENTION_CLASS" : "SPC"
    },
    "type" : "Grantor",
    "begin" : 190,
    "end" : 202,
    "inCoref" : false
  }, {
    "id" : "s0-m3",
    "properties" : {
      "SIRE_MENTION_ROLE" : "Grantor",
      "SIRE_ENTITY_SUBTYPE" : "NONE",
      "SIRE_MENTION_TYPE" : "NONE",
      "SIRE_MENTION_CLASS" : "SPC"
    },
    "type" : "Grantor",
    "begin" : 214,
    "end" : 230,
    "inCoref" : false
  }, {
    "id" : "s0-m4",
    "properties" : {
      "SIRE_MENTION_ROLE" : "Grantee",
      "SIRE_ENTITY_SUBTYPE" : "NONE",
      "SIRE_MENTION_TYPE" : "NONE",
      "SIRE_MENTION_CLASS" : "SPC"
    },
    "type" : "Grantee",
    "begin" : 338,
    "end" : 363,
    "inCoref" : false
  }, {
    "id" : "s0-m5",
    "properties" : {
      "SIRE_MENTION_ROLE" : "Grantee",
      "SIRE_ENTITY_SUBTYPE" : "NONE",
      "SIRE_MENTION_TYPE" : "NONE",
      "SIRE_MENTION_CLASS" : "SPC"
    },
    "type" : "Grantee",
    "begin" : 375,
    "end" : 396,
    "inCoref" : false
  } ],
  "relations" : [ ],
  "corefs" : [ ],
  "typeResolved" : true,
  "userResolved" : false
}