{
  "id" : "47113ff0-5686-11e9-84a6-df86f9fa5a66-12",
  "name" : "WD1-23_3.txt",
  "createdDate" : 0,
  "version" : 3,
  "text" : "For and in consideration of the sum of SEVENTY-NINE THOUSAND NINE HUNDRED DOLLARS ($79,900.00), paid in cash and by promissory note, the receipt of which is hereby acknowledged, l, E. W. LUCAS, this date have bargained and sold, and by these presents do transfer and convey unto DAVID E. MARLIN, his heirs and assigns, a certain tract or parcel ofland in the Second Civil District ofHumphreys County, Tennessee, being more particularly described as follows",
  "docLength" : 0,
  "language" : "EN",
  "status" : "SUBMITTED",
  "modifiedDate" : 1554348701182,
  "documentSet" : [ ],
  "preannotation" : [ ],
  "sentences" : [ {
    "id" : "s0",
    "begin" : 0,
    "end" : 456,
    "text" : "For and in consideration of the sum of SEVENTY-NINE THOUSAND NINE HUNDRED DOLLARS ($79,900.00), paid in cash and by promissory note, the receipt of which is hereby acknowledged, l, E. W. LUCAS, this date have bargained and sold, and by these presents do transfer and convey unto DAVID E. MARLIN, his heirs and assigns, a certain tract or parcel ofland in the Second Civil District ofHumphreys County, Tennessee, being more particularly described as follows",
    "tokens" : [ {
      "id" : "s0-t0",
      "begin" : 0,
      "end" : 3,
      "text" : "For",
      "whiteSpace" : false
    }, {
      "id" : "s0-t1",
      "begin" : 4,
      "end" : 7,
      "text" : "and",
      "whiteSpace" : false
    }, {
      "id" : "s0-t2",
      "begin" : 8,
      "end" : 10,
      "text" : "in",
      "whiteSpace" : false
    }, {
      "id" : "s0-t3",
      "begin" : 11,
      "end" : 24,
      "text" : "consideration",
      "whiteSpace" : false
    }, {
      "id" : "s0-t4",
      "begin" : 25,
      "end" : 27,
      "text" : "of",
      "whiteSpace" : false
    }, {
      "id" : "s0-t5",
      "begin" : 28,
      "end" : 31,
      "text" : "the",
      "whiteSpace" : false
    }, {
      "id" : "s0-t6",
      "begin" : 32,
      "end" : 35,
      "text" : "sum",
      "whiteSpace" : false
    }, {
      "id" : "s0-t7",
      "begin" : 36,
      "end" : 38,
      "text" : "of",
      "whiteSpace" : false
    }, {
      "id" : "s0-t8",
      "begin" : 39,
      "end" : 51,
      "text" : "SEVENTY-NINE",
      "whiteSpace" : false
    }, {
      "id" : "s0-t9",
      "begin" : 52,
      "end" : 60,
      "text" : "THOUSAND",
      "whiteSpace" : false
    }, {
      "id" : "s0-t10",
      "begin" : 61,
      "end" : 65,
      "text" : "NINE",
      "whiteSpace" : false
    }, {
      "id" : "s0-t11",
      "begin" : 66,
      "end" : 73,
      "text" : "HUNDRED",
      "whiteSpace" : false
    }, {
      "id" : "s0-t12",
      "begin" : 74,
      "end" : 81,
      "text" : "DOLLARS",
      "whiteSpace" : false
    }, {
      "id" : "s0-t13",
      "begin" : 82,
      "end" : 83,
      "text" : "(",
      "whiteSpace" : false
    }, {
      "id" : "s0-t14",
      "begin" : 83,
      "end" : 84,
      "text" : "$",
      "whiteSpace" : false
    }, {
      "id" : "s0-t15",
      "begin" : 84,
      "end" : 93,
      "text" : "79,900.00",
      "whiteSpace" : false
    }, {
      "id" : "s0-t16",
      "begin" : 93,
      "end" : 94,
      "text" : ")",
      "whiteSpace" : false
    }, {
      "id" : "s0-t17",
      "begin" : 94,
      "end" : 95,
      "text" : ",",
      "whiteSpace" : false
    }, {
      "id" : "s0-t18",
      "begin" : 96,
      "end" : 100,
      "text" : "paid",
      "whiteSpace" : false
    }, {
      "id" : "s0-t19",
      "begin" : 101,
      "end" : 103,
      "text" : "in",
      "whiteSpace" : false
    }, {
      "id" : "s0-t20",
      "begin" : 104,
      "end" : 108,
      "text" : "cash",
      "whiteSpace" : false
    }, {
      "id" : "s0-t21",
      "begin" : 109,
      "end" : 112,
      "text" : "and",
      "whiteSpace" : false
    }, {
      "id" : "s0-t22",
      "begin" : 113,
      "end" : 115,
      "text" : "by",
      "whiteSpace" : false
    }, {
      "id" : "s0-t23",
      "begin" : 116,
      "end" : 126,
      "text" : "promissory",
      "whiteSpace" : false
    }, {
      "id" : "s0-t24",
      "begin" : 127,
      "end" : 131,
      "text" : "note",
      "whiteSpace" : false
    }, {
      "id" : "s0-t25",
      "begin" : 131,
      "end" : 132,
      "text" : ",",
      "whiteSpace" : false
    }, {
      "id" : "s0-t26",
      "begin" : 133,
      "end" : 136,
      "text" : "the",
      "whiteSpace" : false
    }, {
      "id" : "s0-t27",
      "begin" : 137,
      "end" : 144,
      "text" : "receipt",
      "whiteSpace" : false
    }, {
      "id" : "s0-t28",
      "begin" : 145,
      "end" : 147,
      "text" : "of",
      "whiteSpace" : false
    }, {
      "id" : "s0-t29",
      "begin" : 148,
      "end" : 153,
      "text" : "which",
      "whiteSpace" : false
    }, {
      "id" : "s0-t30",
      "begin" : 154,
      "end" : 156,
      "text" : "is",
      "whiteSpace" : false
    }, {
      "id" : "s0-t31",
      "begin" : 157,
      "end" : 163,
      "text" : "hereby",
      "whiteSpace" : false
    }, {
      "id" : "s0-t32",
      "begin" : 164,
      "end" : 176,
      "text" : "acknowledged",
      "whiteSpace" : false
    }, {
      "id" : "s0-t33",
      "begin" : 176,
      "end" : 177,
      "text" : ",",
      "whiteSpace" : false
    }, {
      "id" : "s0-t34",
      "begin" : 178,
      "end" : 179,
      "text" : "l",
      "whiteSpace" : false
    }, {
      "id" : "s0-t35",
      "begin" : 179,
      "end" : 180,
      "text" : ",",
      "whiteSpace" : false
    }, {
      "id" : "s0-t36",
      "begin" : 181,
      "end" : 183,
      "text" : "E.",
      "whiteSpace" : false
    }, {
      "id" : "s0-t37",
      "begin" : 184,
      "end" : 186,
      "text" : "W.",
      "whiteSpace" : false
    }, {
      "id" : "s0-t38",
      "begin" : 187,
      "end" : 192,
      "text" : "LUCAS",
      "whiteSpace" : false
    }, {
      "id" : "s0-t39",
      "begin" : 192,
      "end" : 193,
      "text" : ",",
      "whiteSpace" : false
    }, {
      "id" : "s0-t40",
      "begin" : 194,
      "end" : 198,
      "text" : "this",
      "whiteSpace" : false
    }, {
      "id" : "s0-t41",
      "begin" : 199,
      "end" : 203,
      "text" : "date",
      "whiteSpace" : false
    }, {
      "id" : "s0-t42",
      "begin" : 204,
      "end" : 208,
      "text" : "have",
      "whiteSpace" : false
    }, {
      "id" : "s0-t43",
      "begin" : 209,
      "end" : 218,
      "text" : "bargained",
      "whiteSpace" : false
    }, {
      "id" : "s0-t44",
      "begin" : 219,
      "end" : 222,
      "text" : "and",
      "whiteSpace" : false
    }, {
      "id" : "s0-t45",
      "begin" : 223,
      "end" : 227,
      "text" : "sold",
      "whiteSpace" : false
    }, {
      "id" : "s0-t46",
      "begin" : 227,
      "end" : 228,
      "text" : ",",
      "whiteSpace" : false
    }, {
      "id" : "s0-t47",
      "begin" : 229,
      "end" : 232,
      "text" : "and",
      "whiteSpace" : false
    }, {
      "id" : "s0-t48",
      "begin" : 233,
      "end" : 235,
      "text" : "by",
      "whiteSpace" : false
    }, {
      "id" : "s0-t49",
      "begin" : 236,
      "end" : 241,
      "text" : "these",
      "whiteSpace" : false
    }, {
      "id" : "s0-t50",
      "begin" : 242,
      "end" : 250,
      "text" : "presents",
      "whiteSpace" : false
    }, {
      "id" : "s0-t51",
      "begin" : 251,
      "end" : 253,
      "text" : "do",
      "whiteSpace" : false
    }, {
      "id" : "s0-t52",
      "begin" : 254,
      "end" : 262,
      "text" : "transfer",
      "whiteSpace" : false
    }, {
      "id" : "s0-t53",
      "begin" : 263,
      "end" : 266,
      "text" : "and",
      "whiteSpace" : false
    }, {
      "id" : "s0-t54",
      "begin" : 267,
      "end" : 273,
      "text" : "convey",
      "whiteSpace" : false
    }, {
      "id" : "s0-t55",
      "begin" : 274,
      "end" : 278,
      "text" : "unto",
      "whiteSpace" : false
    }, {
      "id" : "s0-t56",
      "begin" : 279,
      "end" : 284,
      "text" : "DAVID",
      "whiteSpace" : false
    }, {
      "id" : "s0-t57",
      "begin" : 285,
      "end" : 287,
      "text" : "E.",
      "whiteSpace" : false
    }, {
      "id" : "s0-t58",
      "begin" : 288,
      "end" : 294,
      "text" : "MARLIN",
      "whiteSpace" : false
    }, {
      "id" : "s0-t59",
      "begin" : 294,
      "end" : 295,
      "text" : ",",
      "whiteSpace" : false
    }, {
      "id" : "s0-t60",
      "begin" : 296,
      "end" : 299,
      "text" : "his",
      "whiteSpace" : false
    }, {
      "id" : "s0-t61",
      "begin" : 300,
      "end" : 305,
      "text" : "heirs",
      "whiteSpace" : false
    }, {
      "id" : "s0-t62",
      "begin" : 306,
      "end" : 309,
      "text" : "and",
      "whiteSpace" : false
    }, {
      "id" : "s0-t63",
      "begin" : 310,
      "end" : 317,
      "text" : "assigns",
      "whiteSpace" : false
    }, {
      "id" : "s0-t64",
      "begin" : 317,
      "end" : 318,
      "text" : ",",
      "whiteSpace" : false
    }, {
      "id" : "s0-t65",
      "begin" : 319,
      "end" : 320,
      "text" : "a",
      "whiteSpace" : false
    }, {
      "id" : "s0-t66",
      "begin" : 321,
      "end" : 328,
      "text" : "certain",
      "whiteSpace" : false
    }, {
      "id" : "s0-t67",
      "begin" : 329,
      "end" : 334,
      "text" : "tract",
      "whiteSpace" : false
    }, {
      "id" : "s0-t68",
      "begin" : 335,
      "end" : 337,
      "text" : "or",
      "whiteSpace" : false
    }, {
      "id" : "s0-t69",
      "begin" : 338,
      "end" : 344,
      "text" : "parcel",
      "whiteSpace" : false
    }, {
      "id" : "s0-t70",
      "begin" : 345,
      "end" : 351,
      "text" : "ofland",
      "whiteSpace" : false
    }, {
      "id" : "s0-t71",
      "begin" : 352,
      "end" : 354,
      "text" : "in",
      "whiteSpace" : false
    }, {
      "id" : "s0-t72",
      "begin" : 355,
      "end" : 358,
      "text" : "the",
      "whiteSpace" : false
    }, {
      "id" : "s0-t73",
      "begin" : 359,
      "end" : 365,
      "text" : "Second",
      "whiteSpace" : false
    }, {
      "id" : "s0-t74",
      "begin" : 366,
      "end" : 371,
      "text" : "Civil",
      "whiteSpace" : false
    }, {
      "id" : "s0-t75",
      "begin" : 372,
      "end" : 380,
      "text" : "District",
      "whiteSpace" : false
    }, {
      "id" : "s0-t76",
      "begin" : 381,
      "end" : 392,
      "text" : "ofHumphreys",
      "whiteSpace" : false
    }, {
      "id" : "s0-t77",
      "begin" : 393,
      "end" : 399,
      "text" : "County",
      "whiteSpace" : false
    }, {
      "id" : "s0-t78",
      "begin" : 399,
      "end" : 400,
      "text" : ",",
      "whiteSpace" : false
    }, {
      "id" : "s0-t79",
      "begin" : 401,
      "end" : 410,
      "text" : "Tennessee",
      "whiteSpace" : false
    }, {
      "id" : "s0-t80",
      "begin" : 410,
      "end" : 411,
      "text" : ",",
      "whiteSpace" : false
    }, {
      "id" : "s0-t81",
      "begin" : 412,
      "end" : 417,
      "text" : "being",
      "whiteSpace" : false
    }, {
      "id" : "s0-t82",
      "begin" : 418,
      "end" : 422,
      "text" : "more",
      "whiteSpace" : false
    }, {
      "id" : "s0-t83",
      "begin" : 423,
      "end" : 435,
      "text" : "particularly",
      "whiteSpace" : false
    }, {
      "id" : "s0-t84",
      "begin" : 436,
      "end" : 445,
      "text" : "described",
      "whiteSpace" : false
    }, {
      "id" : "s0-t85",
      "begin" : 446,
      "end" : 448,
      "text" : "as",
      "whiteSpace" : false
    }, {
      "id" : "s0-t86",
      "begin" : 449,
      "end" : 456,
      "text" : "follows",
      "whiteSpace" : false
    } ]
  } ],
  "mentions" : [ {
    "id" : "s0-m1",
    "properties" : {
      "SIRE_MENTION_ROLE" : "Grantor",
      "SIRE_ENTITY_SUBTYPE" : "NONE",
      "SIRE_MENTION_TYPE" : "NONE",
      "SIRE_MENTION_CLASS" : "SPC"
    },
    "type" : "Grantor",
    "begin" : 181,
    "end" : 192,
    "inCoref" : false
  }, {
    "id" : "s0-m2",
    "properties" : {
      "SIRE_MENTION_ROLE" : "Grantee",
      "SIRE_ENTITY_SUBTYPE" : "NONE",
      "SIRE_MENTION_TYPE" : "NONE",
      "SIRE_MENTION_CLASS" : "SPC"
    },
    "type" : "Grantee",
    "begin" : 279,
    "end" : 294,
    "inCoref" : false
  } ],
  "relations" : [ ],
  "corefs" : [ ],
  "typeResolved" : true,
  "userResolved" : false
}