{
  "id" : "47113ff0-5686-11e9-84a6-df86f9fa5a66-8",
  "name" : "WD1-22_9.txt",
  "createdDate" : 0,
  "version" : 3,
  "text" : "FOR AND IN CONSIDERATION of the sum of ten dollars, cash in hand paid by the hereinafter named Grantees, and other good and valuable consideration, the receipt of which is hereby acknowledged, l/we, Timothy Wayne Terry and wife, Leanne P. Terry, hereinafter called the Grantors, have bargained and sold, and by these presents do transfer and convey unto Charles D. Bean, Jr. and wife, Mary Elizabeth Bean, hereinafter called the Grantees, their heirs and assigns, a certain tract or parcel of land in Humphreys County, Tennessee, described as follows",
  "docLength" : 0,
  "language" : "EN",
  "status" : "SUBMITTED",
  "modifiedDate" : 1554348846578,
  "documentSet" : [ ],
  "preannotation" : [ ],
  "sentences" : [ {
    "id" : "s0",
    "begin" : 0,
    "end" : 550,
    "text" : "FOR AND IN CONSIDERATION of the sum of ten dollars, cash in hand paid by the hereinafter named Grantees, and other good and valuable consideration, the receipt of which is hereby acknowledged, l/we, Timothy Wayne Terry and wife, Leanne P. Terry, hereinafter called the Grantors, have bargained and sold, and by these presents do transfer and convey unto Charles D. Bean, Jr. and wife, Mary Elizabeth Bean, hereinafter called the Grantees, their heirs and assigns, a certain tract or parcel of land in Humphreys County, Tennessee, described as follows",
    "tokens" : [ {
      "id" : "s0-t0",
      "begin" : 0,
      "end" : 3,
      "text" : "FOR",
      "whiteSpace" : false
    }, {
      "id" : "s0-t1",
      "begin" : 4,
      "end" : 7,
      "text" : "AND",
      "whiteSpace" : false
    }, {
      "id" : "s0-t2",
      "begin" : 8,
      "end" : 10,
      "text" : "IN",
      "whiteSpace" : false
    }, {
      "id" : "s0-t3",
      "begin" : 11,
      "end" : 24,
      "text" : "CONSIDERATION",
      "whiteSpace" : false
    }, {
      "id" : "s0-t4",
      "begin" : 25,
      "end" : 27,
      "text" : "of",
      "whiteSpace" : false
    }, {
      "id" : "s0-t5",
      "begin" : 28,
      "end" : 31,
      "text" : "the",
      "whiteSpace" : false
    }, {
      "id" : "s0-t6",
      "begin" : 32,
      "end" : 35,
      "text" : "sum",
      "whiteSpace" : false
    }, {
      "id" : "s0-t7",
      "begin" : 36,
      "end" : 38,
      "text" : "of",
      "whiteSpace" : false
    }, {
      "id" : "s0-t8",
      "begin" : 39,
      "end" : 42,
      "text" : "ten",
      "whiteSpace" : false
    }, {
      "id" : "s0-t9",
      "begin" : 43,
      "end" : 50,
      "text" : "dollars",
      "whiteSpace" : false
    }, {
      "id" : "s0-t10",
      "begin" : 50,
      "end" : 51,
      "text" : ",",
      "whiteSpace" : false
    }, {
      "id" : "s0-t11",
      "begin" : 52,
      "end" : 56,
      "text" : "cash",
      "whiteSpace" : false
    }, {
      "id" : "s0-t12",
      "begin" : 57,
      "end" : 59,
      "text" : "in",
      "whiteSpace" : false
    }, {
      "id" : "s0-t13",
      "begin" : 60,
      "end" : 64,
      "text" : "hand",
      "whiteSpace" : false
    }, {
      "id" : "s0-t14",
      "begin" : 65,
      "end" : 69,
      "text" : "paid",
      "whiteSpace" : false
    }, {
      "id" : "s0-t15",
      "begin" : 70,
      "end" : 72,
      "text" : "by",
      "whiteSpace" : false
    }, {
      "id" : "s0-t16",
      "begin" : 73,
      "end" : 76,
      "text" : "the",
      "whiteSpace" : false
    }, {
      "id" : "s0-t17",
      "begin" : 77,
      "end" : 88,
      "text" : "hereinafter",
      "whiteSpace" : false
    }, {
      "id" : "s0-t18",
      "begin" : 89,
      "end" : 94,
      "text" : "named",
      "whiteSpace" : false
    }, {
      "id" : "s0-t19",
      "begin" : 95,
      "end" : 103,
      "text" : "Grantees",
      "whiteSpace" : false
    }, {
      "id" : "s0-t20",
      "begin" : 103,
      "end" : 104,
      "text" : ",",
      "whiteSpace" : false
    }, {
      "id" : "s0-t21",
      "begin" : 105,
      "end" : 108,
      "text" : "and",
      "whiteSpace" : false
    }, {
      "id" : "s0-t22",
      "begin" : 109,
      "end" : 114,
      "text" : "other",
      "whiteSpace" : false
    }, {
      "id" : "s0-t23",
      "begin" : 115,
      "end" : 119,
      "text" : "good",
      "whiteSpace" : false
    }, {
      "id" : "s0-t24",
      "begin" : 120,
      "end" : 123,
      "text" : "and",
      "whiteSpace" : false
    }, {
      "id" : "s0-t25",
      "begin" : 124,
      "end" : 132,
      "text" : "valuable",
      "whiteSpace" : false
    }, {
      "id" : "s0-t26",
      "begin" : 133,
      "end" : 146,
      "text" : "consideration",
      "whiteSpace" : false
    }, {
      "id" : "s0-t27",
      "begin" : 146,
      "end" : 147,
      "text" : ",",
      "whiteSpace" : false
    }, {
      "id" : "s0-t28",
      "begin" : 148,
      "end" : 151,
      "text" : "the",
      "whiteSpace" : false
    }, {
      "id" : "s0-t29",
      "begin" : 152,
      "end" : 159,
      "text" : "receipt",
      "whiteSpace" : false
    }, {
      "id" : "s0-t30",
      "begin" : 160,
      "end" : 162,
      "text" : "of",
      "whiteSpace" : false
    }, {
      "id" : "s0-t31",
      "begin" : 163,
      "end" : 168,
      "text" : "which",
      "whiteSpace" : false
    }, {
      "id" : "s0-t32",
      "begin" : 169,
      "end" : 171,
      "text" : "is",
      "whiteSpace" : false
    }, {
      "id" : "s0-t33",
      "begin" : 172,
      "end" : 178,
      "text" : "hereby",
      "whiteSpace" : false
    }, {
      "id" : "s0-t34",
      "begin" : 179,
      "end" : 191,
      "text" : "acknowledged",
      "whiteSpace" : false
    }, {
      "id" : "s0-t35",
      "begin" : 191,
      "end" : 192,
      "text" : ",",
      "whiteSpace" : false
    }, {
      "id" : "s0-t36",
      "begin" : 193,
      "end" : 194,
      "text" : "l",
      "whiteSpace" : false
    }, {
      "id" : "s0-t37",
      "begin" : 194,
      "end" : 195,
      "text" : "/",
      "whiteSpace" : false
    }, {
      "id" : "s0-t38",
      "begin" : 195,
      "end" : 197,
      "text" : "we",
      "whiteSpace" : false
    }, {
      "id" : "s0-t39",
      "begin" : 197,
      "end" : 198,
      "text" : ",",
      "whiteSpace" : false
    }, {
      "id" : "s0-t40",
      "begin" : 199,
      "end" : 206,
      "text" : "Timothy",
      "whiteSpace" : false
    }, {
      "id" : "s0-t41",
      "begin" : 207,
      "end" : 212,
      "text" : "Wayne",
      "whiteSpace" : false
    }, {
      "id" : "s0-t42",
      "begin" : 213,
      "end" : 218,
      "text" : "Terry",
      "whiteSpace" : false
    }, {
      "id" : "s0-t43",
      "begin" : 219,
      "end" : 222,
      "text" : "and",
      "whiteSpace" : false
    }, {
      "id" : "s0-t44",
      "begin" : 223,
      "end" : 227,
      "text" : "wife",
      "whiteSpace" : false
    }, {
      "id" : "s0-t45",
      "begin" : 227,
      "end" : 228,
      "text" : ",",
      "whiteSpace" : false
    }, {
      "id" : "s0-t46",
      "begin" : 229,
      "end" : 235,
      "text" : "Leanne",
      "whiteSpace" : false
    }, {
      "id" : "s0-t47",
      "begin" : 236,
      "end" : 238,
      "text" : "P.",
      "whiteSpace" : false
    }, {
      "id" : "s0-t48",
      "begin" : 239,
      "end" : 244,
      "text" : "Terry",
      "whiteSpace" : false
    }, {
      "id" : "s0-t49",
      "begin" : 244,
      "end" : 245,
      "text" : ",",
      "whiteSpace" : false
    }, {
      "id" : "s0-t50",
      "begin" : 246,
      "end" : 257,
      "text" : "hereinafter",
      "whiteSpace" : false
    }, {
      "id" : "s0-t51",
      "begin" : 258,
      "end" : 264,
      "text" : "called",
      "whiteSpace" : false
    }, {
      "id" : "s0-t52",
      "begin" : 265,
      "end" : 268,
      "text" : "the",
      "whiteSpace" : false
    }, {
      "id" : "s0-t53",
      "begin" : 269,
      "end" : 277,
      "text" : "Grantors",
      "whiteSpace" : false
    }, {
      "id" : "s0-t54",
      "begin" : 277,
      "end" : 278,
      "text" : ",",
      "whiteSpace" : false
    }, {
      "id" : "s0-t55",
      "begin" : 279,
      "end" : 283,
      "text" : "have",
      "whiteSpace" : false
    }, {
      "id" : "s0-t56",
      "begin" : 284,
      "end" : 293,
      "text" : "bargained",
      "whiteSpace" : false
    }, {
      "id" : "s0-t57",
      "begin" : 294,
      "end" : 297,
      "text" : "and",
      "whiteSpace" : false
    }, {
      "id" : "s0-t58",
      "begin" : 298,
      "end" : 302,
      "text" : "sold",
      "whiteSpace" : false
    }, {
      "id" : "s0-t59",
      "begin" : 302,
      "end" : 303,
      "text" : ",",
      "whiteSpace" : false
    }, {
      "id" : "s0-t60",
      "begin" : 304,
      "end" : 307,
      "text" : "and",
      "whiteSpace" : false
    }, {
      "id" : "s0-t61",
      "begin" : 308,
      "end" : 310,
      "text" : "by",
      "whiteSpace" : false
    }, {
      "id" : "s0-t62",
      "begin" : 311,
      "end" : 316,
      "text" : "these",
      "whiteSpace" : false
    }, {
      "id" : "s0-t63",
      "begin" : 317,
      "end" : 325,
      "text" : "presents",
      "whiteSpace" : false
    }, {
      "id" : "s0-t64",
      "begin" : 326,
      "end" : 328,
      "text" : "do",
      "whiteSpace" : false
    }, {
      "id" : "s0-t65",
      "begin" : 329,
      "end" : 337,
      "text" : "transfer",
      "whiteSpace" : false
    }, {
      "id" : "s0-t66",
      "begin" : 338,
      "end" : 341,
      "text" : "and",
      "whiteSpace" : false
    }, {
      "id" : "s0-t67",
      "begin" : 342,
      "end" : 348,
      "text" : "convey",
      "whiteSpace" : false
    }, {
      "id" : "s0-t68",
      "begin" : 349,
      "end" : 353,
      "text" : "unto",
      "whiteSpace" : false
    }, {
      "id" : "s0-t69",
      "begin" : 354,
      "end" : 361,
      "text" : "Charles",
      "whiteSpace" : false
    }, {
      "id" : "s0-t70",
      "begin" : 362,
      "end" : 364,
      "text" : "D.",
      "whiteSpace" : false
    }, {
      "id" : "s0-t71",
      "begin" : 365,
      "end" : 369,
      "text" : "Bean",
      "whiteSpace" : false
    }, {
      "id" : "s0-t72",
      "begin" : 369,
      "end" : 370,
      "text" : ",",
      "whiteSpace" : false
    }, {
      "id" : "s0-t73",
      "begin" : 371,
      "end" : 374,
      "text" : "Jr.",
      "whiteSpace" : false
    }, {
      "id" : "s0-t74",
      "begin" : 375,
      "end" : 378,
      "text" : "and",
      "whiteSpace" : false
    }, {
      "id" : "s0-t75",
      "begin" : 379,
      "end" : 383,
      "text" : "wife",
      "whiteSpace" : false
    }, {
      "id" : "s0-t76",
      "begin" : 383,
      "end" : 384,
      "text" : ",",
      "whiteSpace" : false
    }, {
      "id" : "s0-t77",
      "begin" : 385,
      "end" : 389,
      "text" : "Mary",
      "whiteSpace" : false
    }, {
      "id" : "s0-t78",
      "begin" : 390,
      "end" : 399,
      "text" : "Elizabeth",
      "whiteSpace" : false
    }, {
      "id" : "s0-t79",
      "begin" : 400,
      "end" : 404,
      "text" : "Bean",
      "whiteSpace" : false
    }, {
      "id" : "s0-t80",
      "begin" : 404,
      "end" : 405,
      "text" : ",",
      "whiteSpace" : false
    }, {
      "id" : "s0-t81",
      "begin" : 406,
      "end" : 417,
      "text" : "hereinafter",
      "whiteSpace" : false
    }, {
      "id" : "s0-t82",
      "begin" : 418,
      "end" : 424,
      "text" : "called",
      "whiteSpace" : false
    }, {
      "id" : "s0-t83",
      "begin" : 425,
      "end" : 428,
      "text" : "the",
      "whiteSpace" : false
    }, {
      "id" : "s0-t84",
      "begin" : 429,
      "end" : 437,
      "text" : "Grantees",
      "whiteSpace" : false
    }, {
      "id" : "s0-t85",
      "begin" : 437,
      "end" : 438,
      "text" : ",",
      "whiteSpace" : false
    }, {
      "id" : "s0-t86",
      "begin" : 439,
      "end" : 444,
      "text" : "their",
      "whiteSpace" : false
    }, {
      "id" : "s0-t87",
      "begin" : 445,
      "end" : 450,
      "text" : "heirs",
      "whiteSpace" : false
    }, {
      "id" : "s0-t88",
      "begin" : 451,
      "end" : 454,
      "text" : "and",
      "whiteSpace" : false
    }, {
      "id" : "s0-t89",
      "begin" : 455,
      "end" : 462,
      "text" : "assigns",
      "whiteSpace" : false
    }, {
      "id" : "s0-t90",
      "begin" : 462,
      "end" : 463,
      "text" : ",",
      "whiteSpace" : false
    }, {
      "id" : "s0-t91",
      "begin" : 464,
      "end" : 465,
      "text" : "a",
      "whiteSpace" : false
    }, {
      "id" : "s0-t92",
      "begin" : 466,
      "end" : 473,
      "text" : "certain",
      "whiteSpace" : false
    }, {
      "id" : "s0-t93",
      "begin" : 474,
      "end" : 479,
      "text" : "tract",
      "whiteSpace" : false
    }, {
      "id" : "s0-t94",
      "begin" : 480,
      "end" : 482,
      "text" : "or",
      "whiteSpace" : false
    }, {
      "id" : "s0-t95",
      "begin" : 483,
      "end" : 489,
      "text" : "parcel",
      "whiteSpace" : false
    }, {
      "id" : "s0-t96",
      "begin" : 490,
      "end" : 492,
      "text" : "of",
      "whiteSpace" : false
    }, {
      "id" : "s0-t97",
      "begin" : 493,
      "end" : 497,
      "text" : "land",
      "whiteSpace" : false
    }, {
      "id" : "s0-t98",
      "begin" : 498,
      "end" : 500,
      "text" : "in",
      "whiteSpace" : false
    }, {
      "id" : "s0-t99",
      "begin" : 501,
      "end" : 510,
      "text" : "Humphreys",
      "whiteSpace" : false
    }, {
      "id" : "s0-t100",
      "begin" : 511,
      "end" : 517,
      "text" : "County",
      "whiteSpace" : false
    }, {
      "id" : "s0-t101",
      "begin" : 517,
      "end" : 518,
      "text" : ",",
      "whiteSpace" : false
    }, {
      "id" : "s0-t102",
      "begin" : 519,
      "end" : 528,
      "text" : "Tennessee",
      "whiteSpace" : false
    }, {
      "id" : "s0-t103",
      "begin" : 528,
      "end" : 529,
      "text" : ",",
      "whiteSpace" : false
    }, {
      "id" : "s0-t104",
      "begin" : 530,
      "end" : 539,
      "text" : "described",
      "whiteSpace" : false
    }, {
      "id" : "s0-t105",
      "begin" : 540,
      "end" : 542,
      "text" : "as",
      "whiteSpace" : false
    }, {
      "id" : "s0-t106",
      "begin" : 543,
      "end" : 550,
      "text" : "follows",
      "whiteSpace" : false
    } ]
  } ],
  "mentions" : [ {
    "id" : "s0-m1",
    "properties" : {
      "SIRE_MENTION_ROLE" : "Grantor",
      "SIRE_ENTITY_SUBTYPE" : "NONE",
      "SIRE_MENTION_TYPE" : "NONE",
      "SIRE_MENTION_CLASS" : "SPC"
    },
    "type" : "Grantor",
    "begin" : 199,
    "end" : 218,
    "inCoref" : false
  }, {
    "id" : "s0-m2",
    "properties" : {
      "SIRE_MENTION_ROLE" : "Grantor",
      "SIRE_ENTITY_SUBTYPE" : "NONE",
      "SIRE_MENTION_TYPE" : "NONE",
      "SIRE_MENTION_CLASS" : "SPC"
    },
    "type" : "Grantor",
    "begin" : 229,
    "end" : 244,
    "inCoref" : false
  }, {
    "id" : "s0-m3",
    "properties" : {
      "SIRE_MENTION_ROLE" : "Grantee",
      "SIRE_ENTITY_SUBTYPE" : "NONE",
      "SIRE_MENTION_TYPE" : "NONE",
      "SIRE_MENTION_CLASS" : "SPC"
    },
    "type" : "Grantee",
    "begin" : 354,
    "end" : 374,
    "inCoref" : false
  }, {
    "id" : "s0-m4",
    "properties" : {
      "SIRE_MENTION_ROLE" : "Grantee",
      "SIRE_ENTITY_SUBTYPE" : "NONE",
      "SIRE_MENTION_TYPE" : "NONE",
      "SIRE_MENTION_CLASS" : "SPC"
    },
    "type" : "Grantee",
    "begin" : 385,
    "end" : 404,
    "inCoref" : false
  } ],
  "relations" : [ ],
  "corefs" : [ ],
  "typeResolved" : true,
  "userResolved" : false
}