{
  "id" : "47113ff0-5686-11e9-84a6-df86f9fa5a66-2",
  "name" : "WD1-22_1.txt",
  "createdDate" : 0,
  "version" : 3,
  "text" : "FOR AND IN CONSIDERATION of the sum of Five Hundred and no/100 Dollar ($500.00) cash in hand to me paid, and for other good and valuable considerations, the receipt and sufficiency of which is hereby acknowledged, I, Gary French, have bargained and sold and by these presents do transfer and convey unto HIRAM GENTRY AND WIFE PATRICIA GENTRY, their heirs and assigns, a certain tract or parcel of land in the Third Civil District of Humphreys County, Tennessee, as follows",
  "docLength" : 0,
  "language" : "EN",
  "status" : "SUBMITTED",
  "modifiedDate" : 1554348769245,
  "documentSet" : [ ],
  "preannotation" : [ ],
  "sentences" : [ {
    "id" : "s0",
    "begin" : 0,
    "end" : 472,
    "text" : "FOR AND IN CONSIDERATION of the sum of Five Hundred and no/100 Dollar ($500.00) cash in hand to me paid, and for other good and valuable considerations, the receipt and sufficiency of which is hereby acknowledged, I, Gary French, have bargained and sold and by these presents do transfer and convey unto HIRAM GENTRY AND WIFE PATRICIA GENTRY, their heirs and assigns, a certain tract or parcel of land in the Third Civil District of Humphreys County, Tennessee, as follows",
    "tokens" : [ {
      "id" : "s0-t0",
      "begin" : 0,
      "end" : 3,
      "text" : "FOR",
      "whiteSpace" : false
    }, {
      "id" : "s0-t1",
      "begin" : 4,
      "end" : 7,
      "text" : "AND",
      "whiteSpace" : false
    }, {
      "id" : "s0-t2",
      "begin" : 8,
      "end" : 10,
      "text" : "IN",
      "whiteSpace" : false
    }, {
      "id" : "s0-t3",
      "begin" : 11,
      "end" : 24,
      "text" : "CONSIDERATION",
      "whiteSpace" : false
    }, {
      "id" : "s0-t4",
      "begin" : 25,
      "end" : 27,
      "text" : "of",
      "whiteSpace" : false
    }, {
      "id" : "s0-t5",
      "begin" : 28,
      "end" : 31,
      "text" : "the",
      "whiteSpace" : false
    }, {
      "id" : "s0-t6",
      "begin" : 32,
      "end" : 35,
      "text" : "sum",
      "whiteSpace" : false
    }, {
      "id" : "s0-t7",
      "begin" : 36,
      "end" : 38,
      "text" : "of",
      "whiteSpace" : false
    }, {
      "id" : "s0-t8",
      "begin" : 39,
      "end" : 43,
      "text" : "Five",
      "whiteSpace" : false
    }, {
      "id" : "s0-t9",
      "begin" : 44,
      "end" : 51,
      "text" : "Hundred",
      "whiteSpace" : false
    }, {
      "id" : "s0-t10",
      "begin" : 52,
      "end" : 55,
      "text" : "and",
      "whiteSpace" : false
    }, {
      "id" : "s0-t11",
      "begin" : 56,
      "end" : 58,
      "text" : "no",
      "whiteSpace" : false
    }, {
      "id" : "s0-t12",
      "begin" : 58,
      "end" : 59,
      "text" : "/",
      "whiteSpace" : false
    }, {
      "id" : "s0-t13",
      "begin" : 59,
      "end" : 62,
      "text" : "100",
      "whiteSpace" : false
    }, {
      "id" : "s0-t14",
      "begin" : 63,
      "end" : 69,
      "text" : "Dollar",
      "whiteSpace" : false
    }, {
      "id" : "s0-t15",
      "begin" : 70,
      "end" : 71,
      "text" : "(",
      "whiteSpace" : false
    }, {
      "id" : "s0-t16",
      "begin" : 71,
      "end" : 72,
      "text" : "$",
      "whiteSpace" : false
    }, {
      "id" : "s0-t17",
      "begin" : 72,
      "end" : 78,
      "text" : "500.00",
      "whiteSpace" : false
    }, {
      "id" : "s0-t18",
      "begin" : 78,
      "end" : 79,
      "text" : ")",
      "whiteSpace" : false
    }, {
      "id" : "s0-t19",
      "begin" : 80,
      "end" : 84,
      "text" : "cash",
      "whiteSpace" : false
    }, {
      "id" : "s0-t20",
      "begin" : 85,
      "end" : 87,
      "text" : "in",
      "whiteSpace" : false
    }, {
      "id" : "s0-t21",
      "begin" : 88,
      "end" : 92,
      "text" : "hand",
      "whiteSpace" : false
    }, {
      "id" : "s0-t22",
      "begin" : 93,
      "end" : 95,
      "text" : "to",
      "whiteSpace" : false
    }, {
      "id" : "s0-t23",
      "begin" : 96,
      "end" : 98,
      "text" : "me",
      "whiteSpace" : false
    }, {
      "id" : "s0-t24",
      "begin" : 99,
      "end" : 103,
      "text" : "paid",
      "whiteSpace" : false
    }, {
      "id" : "s0-t25",
      "begin" : 103,
      "end" : 104,
      "text" : ",",
      "whiteSpace" : false
    }, {
      "id" : "s0-t26",
      "begin" : 105,
      "end" : 108,
      "text" : "and",
      "whiteSpace" : false
    }, {
      "id" : "s0-t27",
      "begin" : 109,
      "end" : 112,
      "text" : "for",
      "whiteSpace" : false
    }, {
      "id" : "s0-t28",
      "begin" : 113,
      "end" : 118,
      "text" : "other",
      "whiteSpace" : false
    }, {
      "id" : "s0-t29",
      "begin" : 119,
      "end" : 123,
      "text" : "good",
      "whiteSpace" : false
    }, {
      "id" : "s0-t30",
      "begin" : 124,
      "end" : 127,
      "text" : "and",
      "whiteSpace" : false
    }, {
      "id" : "s0-t31",
      "begin" : 128,
      "end" : 136,
      "text" : "valuable",
      "whiteSpace" : false
    }, {
      "id" : "s0-t32",
      "begin" : 137,
      "end" : 151,
      "text" : "considerations",
      "whiteSpace" : false
    }, {
      "id" : "s0-t33",
      "begin" : 151,
      "end" : 152,
      "text" : ",",
      "whiteSpace" : false
    }, {
      "id" : "s0-t34",
      "begin" : 153,
      "end" : 156,
      "text" : "the",
      "whiteSpace" : false
    }, {
      "id" : "s0-t35",
      "begin" : 157,
      "end" : 164,
      "text" : "receipt",
      "whiteSpace" : false
    }, {
      "id" : "s0-t36",
      "begin" : 165,
      "end" : 168,
      "text" : "and",
      "whiteSpace" : false
    }, {
      "id" : "s0-t37",
      "begin" : 169,
      "end" : 180,
      "text" : "sufficiency",
      "whiteSpace" : false
    }, {
      "id" : "s0-t38",
      "begin" : 181,
      "end" : 183,
      "text" : "of",
      "whiteSpace" : false
    }, {
      "id" : "s0-t39",
      "begin" : 184,
      "end" : 189,
      "text" : "which",
      "whiteSpace" : false
    }, {
      "id" : "s0-t40",
      "begin" : 190,
      "end" : 192,
      "text" : "is",
      "whiteSpace" : false
    }, {
      "id" : "s0-t41",
      "begin" : 193,
      "end" : 199,
      "text" : "hereby",
      "whiteSpace" : false
    }, {
      "id" : "s0-t42",
      "begin" : 200,
      "end" : 212,
      "text" : "acknowledged",
      "whiteSpace" : false
    }, {
      "id" : "s0-t43",
      "begin" : 212,
      "end" : 213,
      "text" : ",",
      "whiteSpace" : false
    }, {
      "id" : "s0-t44",
      "begin" : 214,
      "end" : 215,
      "text" : "I",
      "whiteSpace" : false
    }, {
      "id" : "s0-t45",
      "begin" : 215,
      "end" : 216,
      "text" : ",",
      "whiteSpace" : false
    }, {
      "id" : "s0-t46",
      "begin" : 217,
      "end" : 221,
      "text" : "Gary",
      "whiteSpace" : false
    }, {
      "id" : "s0-t47",
      "begin" : 222,
      "end" : 228,
      "text" : "French",
      "whiteSpace" : false
    }, {
      "id" : "s0-t48",
      "begin" : 228,
      "end" : 229,
      "text" : ",",
      "whiteSpace" : false
    }, {
      "id" : "s0-t49",
      "begin" : 230,
      "end" : 234,
      "text" : "have",
      "whiteSpace" : false
    }, {
      "id" : "s0-t50",
      "begin" : 235,
      "end" : 244,
      "text" : "bargained",
      "whiteSpace" : false
    }, {
      "id" : "s0-t51",
      "begin" : 245,
      "end" : 248,
      "text" : "and",
      "whiteSpace" : false
    }, {
      "id" : "s0-t52",
      "begin" : 249,
      "end" : 253,
      "text" : "sold",
      "whiteSpace" : false
    }, {
      "id" : "s0-t53",
      "begin" : 254,
      "end" : 257,
      "text" : "and",
      "whiteSpace" : false
    }, {
      "id" : "s0-t54",
      "begin" : 258,
      "end" : 260,
      "text" : "by",
      "whiteSpace" : false
    }, {
      "id" : "s0-t55",
      "begin" : 261,
      "end" : 266,
      "text" : "these",
      "whiteSpace" : false
    }, {
      "id" : "s0-t56",
      "begin" : 267,
      "end" : 275,
      "text" : "presents",
      "whiteSpace" : false
    }, {
      "id" : "s0-t57",
      "begin" : 276,
      "end" : 278,
      "text" : "do",
      "whiteSpace" : false
    }, {
      "id" : "s0-t58",
      "begin" : 279,
      "end" : 287,
      "text" : "transfer",
      "whiteSpace" : false
    }, {
      "id" : "s0-t59",
      "begin" : 288,
      "end" : 291,
      "text" : "and",
      "whiteSpace" : false
    }, {
      "id" : "s0-t60",
      "begin" : 292,
      "end" : 298,
      "text" : "convey",
      "whiteSpace" : false
    }, {
      "id" : "s0-t61",
      "begin" : 299,
      "end" : 303,
      "text" : "unto",
      "whiteSpace" : false
    }, {
      "id" : "s0-t62",
      "begin" : 304,
      "end" : 309,
      "text" : "HIRAM",
      "whiteSpace" : false
    }, {
      "id" : "s0-t63",
      "begin" : 310,
      "end" : 316,
      "text" : "GENTRY",
      "whiteSpace" : false
    }, {
      "id" : "s0-t64",
      "begin" : 317,
      "end" : 320,
      "text" : "AND",
      "whiteSpace" : false
    }, {
      "id" : "s0-t65",
      "begin" : 321,
      "end" : 325,
      "text" : "WIFE",
      "whiteSpace" : false
    }, {
      "id" : "s0-t66",
      "begin" : 326,
      "end" : 334,
      "text" : "PATRICIA",
      "whiteSpace" : false
    }, {
      "id" : "s0-t67",
      "begin" : 335,
      "end" : 341,
      "text" : "GENTRY",
      "whiteSpace" : false
    }, {
      "id" : "s0-t68",
      "begin" : 341,
      "end" : 342,
      "text" : ",",
      "whiteSpace" : false
    }, {
      "id" : "s0-t69",
      "begin" : 343,
      "end" : 348,
      "text" : "their",
      "whiteSpace" : false
    }, {
      "id" : "s0-t70",
      "begin" : 349,
      "end" : 354,
      "text" : "heirs",
      "whiteSpace" : false
    }, {
      "id" : "s0-t71",
      "begin" : 355,
      "end" : 358,
      "text" : "and",
      "whiteSpace" : false
    }, {
      "id" : "s0-t72",
      "begin" : 359,
      "end" : 366,
      "text" : "assigns",
      "whiteSpace" : false
    }, {
      "id" : "s0-t73",
      "begin" : 366,
      "end" : 367,
      "text" : ",",
      "whiteSpace" : false
    }, {
      "id" : "s0-t74",
      "begin" : 368,
      "end" : 369,
      "text" : "a",
      "whiteSpace" : false
    }, {
      "id" : "s0-t75",
      "begin" : 370,
      "end" : 377,
      "text" : "certain",
      "whiteSpace" : false
    }, {
      "id" : "s0-t76",
      "begin" : 378,
      "end" : 383,
      "text" : "tract",
      "whiteSpace" : false
    }, {
      "id" : "s0-t77",
      "begin" : 384,
      "end" : 386,
      "text" : "or",
      "whiteSpace" : false
    }, {
      "id" : "s0-t78",
      "begin" : 387,
      "end" : 393,
      "text" : "parcel",
      "whiteSpace" : false
    }, {
      "id" : "s0-t79",
      "begin" : 394,
      "end" : 396,
      "text" : "of",
      "whiteSpace" : false
    }, {
      "id" : "s0-t80",
      "begin" : 397,
      "end" : 401,
      "text" : "land",
      "whiteSpace" : false
    }, {
      "id" : "s0-t81",
      "begin" : 402,
      "end" : 404,
      "text" : "in",
      "whiteSpace" : false
    }, {
      "id" : "s0-t82",
      "begin" : 405,
      "end" : 408,
      "text" : "the",
      "whiteSpace" : false
    }, {
      "id" : "s0-t83",
      "begin" : 409,
      "end" : 414,
      "text" : "Third",
      "whiteSpace" : false
    }, {
      "id" : "s0-t84",
      "begin" : 415,
      "end" : 420,
      "text" : "Civil",
      "whiteSpace" : false
    }, {
      "id" : "s0-t85",
      "begin" : 421,
      "end" : 429,
      "text" : "District",
      "whiteSpace" : false
    }, {
      "id" : "s0-t86",
      "begin" : 430,
      "end" : 432,
      "text" : "of",
      "whiteSpace" : false
    }, {
      "id" : "s0-t87",
      "begin" : 433,
      "end" : 442,
      "text" : "Humphreys",
      "whiteSpace" : false
    }, {
      "id" : "s0-t88",
      "begin" : 443,
      "end" : 449,
      "text" : "County",
      "whiteSpace" : false
    }, {
      "id" : "s0-t89",
      "begin" : 449,
      "end" : 450,
      "text" : ",",
      "whiteSpace" : false
    }, {
      "id" : "s0-t90",
      "begin" : 451,
      "end" : 460,
      "text" : "Tennessee",
      "whiteSpace" : false
    }, {
      "id" : "s0-t91",
      "begin" : 460,
      "end" : 461,
      "text" : ",",
      "whiteSpace" : false
    }, {
      "id" : "s0-t92",
      "begin" : 462,
      "end" : 464,
      "text" : "as",
      "whiteSpace" : false
    }, {
      "id" : "s0-t93",
      "begin" : 465,
      "end" : 472,
      "text" : "follows",
      "whiteSpace" : false
    } ]
  } ],
  "mentions" : [ {
    "id" : "s0-m1",
    "properties" : {
      "SIRE_MENTION_ROLE" : "Grantor",
      "SIRE_ENTITY_SUBTYPE" : "NONE",
      "SIRE_MENTION_TYPE" : "NONE",
      "SIRE_MENTION_CLASS" : "SPC"
    },
    "type" : "Grantor",
    "begin" : 217,
    "end" : 228,
    "inCoref" : false
  }, {
    "id" : "s0-m2",
    "properties" : {
      "SIRE_MENTION_ROLE" : "Grantee",
      "SIRE_ENTITY_SUBTYPE" : "NONE",
      "SIRE_MENTION_TYPE" : "NONE",
      "SIRE_MENTION_CLASS" : "SPC"
    },
    "type" : "Grantee",
    "begin" : 304,
    "end" : 316,
    "inCoref" : false
  }, {
    "id" : "s0-m3",
    "properties" : {
      "SIRE_MENTION_ROLE" : "Grantee",
      "SIRE_ENTITY_SUBTYPE" : "NONE",
      "SIRE_MENTION_TYPE" : "NONE",
      "SIRE_MENTION_CLASS" : "SPC"
    },
    "type" : "Grantee",
    "begin" : 326,
    "end" : 341,
    "inCoref" : false
  } ],
  "relations" : [ ],
  "corefs" : [ ],
  "typeResolved" : true,
  "userResolved" : false
}