{
  "id" : "47113ff0-5686-11e9-84a6-df86f9fa5a66-5",
  "name" : "WD1-22_5.txt",
  "createdDate" : 0,
  "version" : 3,
  "text" : "FOR AND CONSIDERATION OF THE SUM OF TEN DOLLARS, CASH IN HAND PAID BY THE HEREINAFTER NAIVIED GRANTEES, AND OTHER GOOD AND VALUABLE CONSIDERATIONS, THE RECEIPT OF WHICH IS HEREBY ACKNOWLEDGED, WE, DELMAS E. WHITE, AND WIFE,;,.IOHNNIE RUTH WHITE, HEREINAFTER CALLED THE GRANTORS, HAVE BARGAINED AND SOLD, AND BY THESE PRESENTS DO TRANSFER AND CONVEY UNTO ROBERT ALLEN???BROOKS AND WIFE, DORA ADEAN BROOKS, HEREINAFTER CALLED THE GRANTEES, THEIR HEIRS AND ASSIGNS, A CERTAIN TRACT OF LAND IN HUB/IPHREY???S COUNTY, STATE OF TENNESSEE, DESCRIBED AS FOLLOWS",
  "docLength" : 0,
  "language" : "EN",
  "status" : "SUBMITTED",
  "modifiedDate" : 1554348807330,
  "documentSet" : [ ],
  "preannotation" : [ ],
  "sentences" : [ {
    "id" : "s0",
    "begin" : 0,
    "end" : 553,
    "text" : "FOR AND CONSIDERATION OF THE SUM OF TEN DOLLARS, CASH IN HAND PAID BY THE HEREINAFTER NAIVIED GRANTEES, AND OTHER GOOD AND VALUABLE CONSIDERATIONS, THE RECEIPT OF WHICH IS HEREBY ACKNOWLEDGED, WE, DELMAS E. WHITE, AND WIFE,;,.IOHNNIE RUTH WHITE, HEREINAFTER CALLED THE GRANTORS, HAVE BARGAINED AND SOLD, AND BY THESE PRESENTS DO TRANSFER AND CONVEY UNTO ROBERT ALLEN???BROOKS AND WIFE, DORA ADEAN BROOKS, HEREINAFTER CALLED THE GRANTEES, THEIR HEIRS AND ASSIGNS, A CERTAIN TRACT OF LAND IN HUB/IPHREY???S COUNTY, STATE OF TENNESSEE, DESCRIBED AS FOLLOWS",
    "tokens" : [ {
      "id" : "s0-t0",
      "begin" : 0,
      "end" : 3,
      "text" : "FOR",
      "whiteSpace" : false
    }, {
      "id" : "s0-t1",
      "begin" : 4,
      "end" : 7,
      "text" : "AND",
      "whiteSpace" : false
    }, {
      "id" : "s0-t2",
      "begin" : 8,
      "end" : 21,
      "text" : "CONSIDERATION",
      "whiteSpace" : false
    }, {
      "id" : "s0-t3",
      "begin" : 22,
      "end" : 24,
      "text" : "OF",
      "whiteSpace" : false
    }, {
      "id" : "s0-t4",
      "begin" : 25,
      "end" : 28,
      "text" : "THE",
      "whiteSpace" : false
    }, {
      "id" : "s0-t5",
      "begin" : 29,
      "end" : 32,
      "text" : "SUM",
      "whiteSpace" : false
    }, {
      "id" : "s0-t6",
      "begin" : 33,
      "end" : 35,
      "text" : "OF",
      "whiteSpace" : false
    }, {
      "id" : "s0-t7",
      "begin" : 36,
      "end" : 39,
      "text" : "TEN",
      "whiteSpace" : false
    }, {
      "id" : "s0-t8",
      "begin" : 40,
      "end" : 47,
      "text" : "DOLLARS",
      "whiteSpace" : false
    }, {
      "id" : "s0-t9",
      "begin" : 47,
      "end" : 48,
      "text" : ",",
      "whiteSpace" : false
    }, {
      "id" : "s0-t10",
      "begin" : 49,
      "end" : 53,
      "text" : "CASH",
      "whiteSpace" : false
    }, {
      "id" : "s0-t11",
      "begin" : 54,
      "end" : 56,
      "text" : "IN",
      "whiteSpace" : false
    }, {
      "id" : "s0-t12",
      "begin" : 57,
      "end" : 61,
      "text" : "HAND",
      "whiteSpace" : false
    }, {
      "id" : "s0-t13",
      "begin" : 62,
      "end" : 66,
      "text" : "PAID",
      "whiteSpace" : false
    }, {
      "id" : "s0-t14",
      "begin" : 67,
      "end" : 69,
      "text" : "BY",
      "whiteSpace" : false
    }, {
      "id" : "s0-t15",
      "begin" : 70,
      "end" : 73,
      "text" : "THE",
      "whiteSpace" : false
    }, {
      "id" : "s0-t16",
      "begin" : 74,
      "end" : 85,
      "text" : "HEREINAFTER",
      "whiteSpace" : false
    }, {
      "id" : "s0-t17",
      "begin" : 86,
      "end" : 93,
      "text" : "NAIVIED",
      "whiteSpace" : false
    }, {
      "id" : "s0-t18",
      "begin" : 94,
      "end" : 102,
      "text" : "GRANTEES",
      "whiteSpace" : false
    }, {
      "id" : "s0-t19",
      "begin" : 102,
      "end" : 103,
      "text" : ",",
      "whiteSpace" : false
    }, {
      "id" : "s0-t20",
      "begin" : 104,
      "end" : 107,
      "text" : "AND",
      "whiteSpace" : false
    }, {
      "id" : "s0-t21",
      "begin" : 108,
      "end" : 113,
      "text" : "OTHER",
      "whiteSpace" : false
    }, {
      "id" : "s0-t22",
      "begin" : 114,
      "end" : 118,
      "text" : "GOOD",
      "whiteSpace" : false
    }, {
      "id" : "s0-t23",
      "begin" : 119,
      "end" : 122,
      "text" : "AND",
      "whiteSpace" : false
    }, {
      "id" : "s0-t24",
      "begin" : 123,
      "end" : 131,
      "text" : "VALUABLE",
      "whiteSpace" : false
    }, {
      "id" : "s0-t25",
      "begin" : 132,
      "end" : 146,
      "text" : "CONSIDERATIONS",
      "whiteSpace" : false
    }, {
      "id" : "s0-t26",
      "begin" : 146,
      "end" : 147,
      "text" : ",",
      "whiteSpace" : false
    }, {
      "id" : "s0-t27",
      "begin" : 148,
      "end" : 151,
      "text" : "THE",
      "whiteSpace" : false
    }, {
      "id" : "s0-t28",
      "begin" : 152,
      "end" : 159,
      "text" : "RECEIPT",
      "whiteSpace" : false
    }, {
      "id" : "s0-t29",
      "begin" : 160,
      "end" : 162,
      "text" : "OF",
      "whiteSpace" : false
    }, {
      "id" : "s0-t30",
      "begin" : 163,
      "end" : 168,
      "text" : "WHICH",
      "whiteSpace" : false
    }, {
      "id" : "s0-t31",
      "begin" : 169,
      "end" : 171,
      "text" : "IS",
      "whiteSpace" : false
    }, {
      "id" : "s0-t32",
      "begin" : 172,
      "end" : 178,
      "text" : "HEREBY",
      "whiteSpace" : false
    }, {
      "id" : "s0-t33",
      "begin" : 179,
      "end" : 191,
      "text" : "ACKNOWLEDGED",
      "whiteSpace" : false
    }, {
      "id" : "s0-t34",
      "begin" : 191,
      "end" : 192,
      "text" : ",",
      "whiteSpace" : false
    }, {
      "id" : "s0-t35",
      "begin" : 193,
      "end" : 195,
      "text" : "WE",
      "whiteSpace" : false
    }, {
      "id" : "s0-t36",
      "begin" : 195,
      "end" : 196,
      "text" : ",",
      "whiteSpace" : false
    }, {
      "id" : "s0-t37",
      "begin" : 197,
      "end" : 203,
      "text" : "DELMAS",
      "whiteSpace" : false
    }, {
      "id" : "s0-t38",
      "begin" : 204,
      "end" : 206,
      "text" : "E.",
      "whiteSpace" : false
    }, {
      "id" : "s0-t39",
      "begin" : 207,
      "end" : 212,
      "text" : "WHITE",
      "whiteSpace" : false
    }, {
      "id" : "s0-t40",
      "begin" : 212,
      "end" : 213,
      "text" : ",",
      "whiteSpace" : false
    }, {
      "id" : "s0-t41",
      "begin" : 214,
      "end" : 217,
      "text" : "AND",
      "whiteSpace" : false
    }, {
      "id" : "s0-t42",
      "begin" : 218,
      "end" : 222,
      "text" : "WIFE",
      "whiteSpace" : false
    }, {
      "id" : "s0-t43",
      "begin" : 222,
      "end" : 223,
      "text" : ",",
      "whiteSpace" : false
    }, {
      "id" : "s0-t44",
      "begin" : 223,
      "end" : 224,
      "text" : ";",
      "whiteSpace" : false
    }, {
      "id" : "s0-t45",
      "begin" : 224,
      "end" : 225,
      "text" : ",",
      "whiteSpace" : false
    }, {
      "id" : "s0-t46",
      "begin" : 225,
      "end" : 233,
      "text" : ".IOHNNIE",
      "whiteSpace" : false
    }, {
      "id" : "s0-t47",
      "begin" : 234,
      "end" : 238,
      "text" : "RUTH",
      "whiteSpace" : false
    }, {
      "id" : "s0-t48",
      "begin" : 239,
      "end" : 244,
      "text" : "WHITE",
      "whiteSpace" : false
    }, {
      "id" : "s0-t49",
      "begin" : 244,
      "end" : 245,
      "text" : ",",
      "whiteSpace" : false
    }, {
      "id" : "s0-t50",
      "begin" : 246,
      "end" : 257,
      "text" : "HEREINAFTER",
      "whiteSpace" : false
    }, {
      "id" : "s0-t51",
      "begin" : 258,
      "end" : 264,
      "text" : "CALLED",
      "whiteSpace" : false
    }, {
      "id" : "s0-t52",
      "begin" : 265,
      "end" : 268,
      "text" : "THE",
      "whiteSpace" : false
    }, {
      "id" : "s0-t53",
      "begin" : 269,
      "end" : 277,
      "text" : "GRANTORS",
      "whiteSpace" : false
    }, {
      "id" : "s0-t54",
      "begin" : 277,
      "end" : 278,
      "text" : ",",
      "whiteSpace" : false
    }, {
      "id" : "s0-t55",
      "begin" : 279,
      "end" : 283,
      "text" : "HAVE",
      "whiteSpace" : false
    }, {
      "id" : "s0-t56",
      "begin" : 284,
      "end" : 293,
      "text" : "BARGAINED",
      "whiteSpace" : false
    }, {
      "id" : "s0-t57",
      "begin" : 294,
      "end" : 297,
      "text" : "AND",
      "whiteSpace" : false
    }, {
      "id" : "s0-t58",
      "begin" : 298,
      "end" : 302,
      "text" : "SOLD",
      "whiteSpace" : false
    }, {
      "id" : "s0-t59",
      "begin" : 302,
      "end" : 303,
      "text" : ",",
      "whiteSpace" : false
    }, {
      "id" : "s0-t60",
      "begin" : 304,
      "end" : 307,
      "text" : "AND",
      "whiteSpace" : false
    }, {
      "id" : "s0-t61",
      "begin" : 308,
      "end" : 310,
      "text" : "BY",
      "whiteSpace" : false
    }, {
      "id" : "s0-t62",
      "begin" : 311,
      "end" : 316,
      "text" : "THESE",
      "whiteSpace" : false
    }, {
      "id" : "s0-t63",
      "begin" : 317,
      "end" : 325,
      "text" : "PRESENTS",
      "whiteSpace" : false
    }, {
      "id" : "s0-t64",
      "begin" : 326,
      "end" : 328,
      "text" : "DO",
      "whiteSpace" : false
    }, {
      "id" : "s0-t65",
      "begin" : 329,
      "end" : 337,
      "text" : "TRANSFER",
      "whiteSpace" : false
    }, {
      "id" : "s0-t66",
      "begin" : 338,
      "end" : 341,
      "text" : "AND",
      "whiteSpace" : false
    }, {
      "id" : "s0-t67",
      "begin" : 342,
      "end" : 348,
      "text" : "CONVEY",
      "whiteSpace" : false
    }, {
      "id" : "s0-t68",
      "begin" : 349,
      "end" : 353,
      "text" : "UNTO",
      "whiteSpace" : false
    }, {
      "id" : "s0-t69",
      "begin" : 354,
      "end" : 360,
      "text" : "ROBERT",
      "whiteSpace" : false
    }, {
      "id" : "s0-t70",
      "begin" : 361,
      "end" : 375,
      "text" : "ALLEN???BROOKS",
      "whiteSpace" : false
    }, {
      "id" : "s0-t71",
      "begin" : 376,
      "end" : 379,
      "text" : "AND",
      "whiteSpace" : false
    }, {
      "id" : "s0-t72",
      "begin" : 380,
      "end" : 384,
      "text" : "WIFE",
      "whiteSpace" : false
    }, {
      "id" : "s0-t73",
      "begin" : 384,
      "end" : 385,
      "text" : ",",
      "whiteSpace" : false
    }, {
      "id" : "s0-t74",
      "begin" : 386,
      "end" : 390,
      "text" : "DORA",
      "whiteSpace" : false
    }, {
      "id" : "s0-t75",
      "begin" : 391,
      "end" : 396,
      "text" : "ADEAN",
      "whiteSpace" : false
    }, {
      "id" : "s0-t76",
      "begin" : 397,
      "end" : 403,
      "text" : "BROOKS",
      "whiteSpace" : false
    }, {
      "id" : "s0-t77",
      "begin" : 403,
      "end" : 404,
      "text" : ",",
      "whiteSpace" : false
    }, {
      "id" : "s0-t78",
      "begin" : 405,
      "end" : 416,
      "text" : "HEREINAFTER",
      "whiteSpace" : false
    }, {
      "id" : "s0-t79",
      "begin" : 417,
      "end" : 423,
      "text" : "CALLED",
      "whiteSpace" : false
    }, {
      "id" : "s0-t80",
      "begin" : 424,
      "end" : 427,
      "text" : "THE",
      "whiteSpace" : false
    }, {
      "id" : "s0-t81",
      "begin" : 428,
      "end" : 436,
      "text" : "GRANTEES",
      "whiteSpace" : false
    }, {
      "id" : "s0-t82",
      "begin" : 436,
      "end" : 437,
      "text" : ",",
      "whiteSpace" : false
    }, {
      "id" : "s0-t83",
      "begin" : 438,
      "end" : 443,
      "text" : "THEIR",
      "whiteSpace" : false
    }, {
      "id" : "s0-t84",
      "begin" : 444,
      "end" : 449,
      "text" : "HEIRS",
      "whiteSpace" : false
    }, {
      "id" : "s0-t85",
      "begin" : 450,
      "end" : 453,
      "text" : "AND",
      "whiteSpace" : false
    }, {
      "id" : "s0-t86",
      "begin" : 454,
      "end" : 461,
      "text" : "ASSIGNS",
      "whiteSpace" : false
    }, {
      "id" : "s0-t87",
      "begin" : 461,
      "end" : 462,
      "text" : ",",
      "whiteSpace" : false
    }, {
      "id" : "s0-t88",
      "begin" : 463,
      "end" : 464,
      "text" : "A",
      "whiteSpace" : false
    }, {
      "id" : "s0-t89",
      "begin" : 465,
      "end" : 472,
      "text" : "CERTAIN",
      "whiteSpace" : false
    }, {
      "id" : "s0-t90",
      "begin" : 473,
      "end" : 478,
      "text" : "TRACT",
      "whiteSpace" : false
    }, {
      "id" : "s0-t91",
      "begin" : 479,
      "end" : 481,
      "text" : "OF",
      "whiteSpace" : false
    }, {
      "id" : "s0-t92",
      "begin" : 482,
      "end" : 486,
      "text" : "LAND",
      "whiteSpace" : false
    }, {
      "id" : "s0-t93",
      "begin" : 487,
      "end" : 489,
      "text" : "IN",
      "whiteSpace" : false
    }, {
      "id" : "s0-t94",
      "begin" : 490,
      "end" : 504,
      "text" : "HUB/IPHREY???S",
      "whiteSpace" : false
    }, {
      "id" : "s0-t95",
      "begin" : 505,
      "end" : 511,
      "text" : "COUNTY",
      "whiteSpace" : false
    }, {
      "id" : "s0-t96",
      "begin" : 511,
      "end" : 512,
      "text" : ",",
      "whiteSpace" : false
    }, {
      "id" : "s0-t97",
      "begin" : 513,
      "end" : 518,
      "text" : "STATE",
      "whiteSpace" : false
    }, {
      "id" : "s0-t98",
      "begin" : 519,
      "end" : 521,
      "text" : "OF",
      "whiteSpace" : false
    }, {
      "id" : "s0-t99",
      "begin" : 522,
      "end" : 531,
      "text" : "TENNESSEE",
      "whiteSpace" : false
    }, {
      "id" : "s0-t100",
      "begin" : 531,
      "end" : 532,
      "text" : ",",
      "whiteSpace" : false
    }, {
      "id" : "s0-t101",
      "begin" : 533,
      "end" : 542,
      "text" : "DESCRIBED",
      "whiteSpace" : false
    }, {
      "id" : "s0-t102",
      "begin" : 543,
      "end" : 545,
      "text" : "AS",
      "whiteSpace" : false
    }, {
      "id" : "s0-t103",
      "begin" : 546,
      "end" : 553,
      "text" : "FOLLOWS",
      "whiteSpace" : false
    } ]
  } ],
  "mentions" : [ {
    "id" : "s0-m1",
    "properties" : {
      "SIRE_MENTION_ROLE" : "Grantor",
      "SIRE_ENTITY_SUBTYPE" : "NONE",
      "SIRE_MENTION_TYPE" : "NONE",
      "SIRE_MENTION_CLASS" : "SPC"
    },
    "type" : "Grantor",
    "begin" : 197,
    "end" : 212,
    "inCoref" : false
  }, {
    "id" : "s0-m2",
    "properties" : {
      "SIRE_MENTION_ROLE" : "Grantor",
      "SIRE_ENTITY_SUBTYPE" : "NONE",
      "SIRE_MENTION_TYPE" : "NONE",
      "SIRE_MENTION_CLASS" : "SPC"
    },
    "type" : "Grantor",
    "begin" : 225,
    "end" : 244,
    "inCoref" : false
  }, {
    "id" : "s0-m3",
    "properties" : {
      "SIRE_MENTION_ROLE" : "Grantee",
      "SIRE_ENTITY_SUBTYPE" : "NONE",
      "SIRE_MENTION_TYPE" : "NONE",
      "SIRE_MENTION_CLASS" : "SPC"
    },
    "type" : "Grantee",
    "begin" : 354,
    "end" : 375,
    "inCoref" : false
  }, {
    "id" : "s0-m4",
    "properties" : {
      "SIRE_MENTION_ROLE" : "Grantee",
      "SIRE_ENTITY_SUBTYPE" : "NONE",
      "SIRE_MENTION_TYPE" : "NONE",
      "SIRE_MENTION_CLASS" : "SPC"
    },
    "type" : "Grantee",
    "begin" : 386,
    "end" : 403,
    "inCoref" : false
  } ],
  "relations" : [ ],
  "corefs" : [ ],
  "typeResolved" : true,
  "userResolved" : false
}