{
  "id" : "49632170-50ef-11e9-9b8e-4bc9d96d3dde-15",
  "name" : "WD164-3.txt",
  "createdDate" : 1553732427015,
  "version" : 3,
  "text" : "For and in consideration of the sum of TEN AND NO/loo ($10.00) ??considerations, the receipt of which is hereby acknowledged, we, REBECCA LAMPLEY DILLINGHAM and NATIONSBANK OF TENNESSEE, N.A., Co??? Executors of the estate of J. Doyle Dillingham, and J. L. BRADLEY, 'JR., hereinafter called Grantors, this date have bargained and sold, and by these presents do transfer and convey unto KERRY LITTLE and W. C. LITTLE, their heirs and assigns, certain tracts or parcels of land in the Second Civil District of Humphreys County, State of Tennessee, as follows",
  "docLength" : 0,
  "language" : "EN",
  "status" : "SUBMITTED",
  "modifiedDate" : 1553736114494,
  "documentSet" : [ ],
  "preannotation" : [ ],
  "sentences" : [ {
    "id" : "s0",
    "begin" : 0,
    "end" : 64,
    "text" : "For and in consideration of the sum of TEN AND NO/loo ($10.00) ?",
    "tokens" : [ {
      "id" : "s0-t0",
      "begin" : 0,
      "end" : 3,
      "text" : "For",
      "whiteSpace" : false
    }, {
      "id" : "s0-t1",
      "begin" : 4,
      "end" : 7,
      "text" : "and",
      "whiteSpace" : false
    }, {
      "id" : "s0-t2",
      "begin" : 8,
      "end" : 10,
      "text" : "in",
      "whiteSpace" : false
    }, {
      "id" : "s0-t3",
      "begin" : 11,
      "end" : 24,
      "text" : "consideration",
      "whiteSpace" : false
    }, {
      "id" : "s0-t4",
      "begin" : 25,
      "end" : 27,
      "text" : "of",
      "whiteSpace" : false
    }, {
      "id" : "s0-t5",
      "begin" : 28,
      "end" : 31,
      "text" : "the",
      "whiteSpace" : false
    }, {
      "id" : "s0-t6",
      "begin" : 32,
      "end" : 35,
      "text" : "sum",
      "whiteSpace" : false
    }, {
      "id" : "s0-t7",
      "begin" : 36,
      "end" : 38,
      "text" : "of",
      "whiteSpace" : false
    }, {
      "id" : "s0-t8",
      "begin" : 39,
      "end" : 42,
      "text" : "TEN",
      "whiteSpace" : false
    }, {
      "id" : "s0-t9",
      "begin" : 43,
      "end" : 46,
      "text" : "AND",
      "whiteSpace" : false
    }, {
      "id" : "s0-t10",
      "begin" : 47,
      "end" : 53,
      "text" : "NO/loo",
      "whiteSpace" : false
    }, {
      "id" : "s0-t11",
      "begin" : 54,
      "end" : 55,
      "text" : "(",
      "whiteSpace" : false
    }, {
      "id" : "s0-t12",
      "begin" : 55,
      "end" : 56,
      "text" : "$",
      "whiteSpace" : false
    }, {
      "id" : "s0-t13",
      "begin" : 56,
      "end" : 61,
      "text" : "10.00",
      "whiteSpace" : false
    }, {
      "id" : "s0-t14",
      "begin" : 61,
      "end" : 62,
      "text" : ")",
      "whiteSpace" : false
    }, {
      "id" : "s0-t15",
      "begin" : 63,
      "end" : 64,
      "text" : "?",
      "whiteSpace" : false
    } ]
  }, {
    "id" : "s1",
    "begin" : 64,
    "end" : 196,
    "text" : "?considerations, the receipt of which is hereby acknowledged, we, REBECCA LAMPLEY DILLINGHAM and NATIONSBANK OF TENNESSEE, N.A., Co?",
    "tokens" : [ {
      "id" : "s1-t0",
      "begin" : 64,
      "end" : 79,
      "text" : "?considerations",
      "whiteSpace" : false
    }, {
      "id" : "s1-t1",
      "begin" : 79,
      "end" : 80,
      "text" : ",",
      "whiteSpace" : false
    }, {
      "id" : "s1-t2",
      "begin" : 81,
      "end" : 84,
      "text" : "the",
      "whiteSpace" : false
    }, {
      "id" : "s1-t3",
      "begin" : 85,
      "end" : 92,
      "text" : "receipt",
      "whiteSpace" : false
    }, {
      "id" : "s1-t4",
      "begin" : 93,
      "end" : 95,
      "text" : "of",
      "whiteSpace" : false
    }, {
      "id" : "s1-t5",
      "begin" : 96,
      "end" : 101,
      "text" : "which",
      "whiteSpace" : false
    }, {
      "id" : "s1-t6",
      "begin" : 102,
      "end" : 104,
      "text" : "is",
      "whiteSpace" : false
    }, {
      "id" : "s1-t7",
      "begin" : 105,
      "end" : 111,
      "text" : "hereby",
      "whiteSpace" : false
    }, {
      "id" : "s1-t8",
      "begin" : 112,
      "end" : 124,
      "text" : "acknowledged",
      "whiteSpace" : false
    }, {
      "id" : "s1-t9",
      "begin" : 124,
      "end" : 125,
      "text" : ",",
      "whiteSpace" : false
    }, {
      "id" : "s1-t10",
      "begin" : 126,
      "end" : 128,
      "text" : "we",
      "whiteSpace" : false
    }, {
      "id" : "s1-t11",
      "begin" : 128,
      "end" : 129,
      "text" : ",",
      "whiteSpace" : false
    }, {
      "id" : "s1-t12",
      "begin" : 130,
      "end" : 137,
      "text" : "REBECCA",
      "whiteSpace" : false
    }, {
      "id" : "s1-t13",
      "begin" : 138,
      "end" : 145,
      "text" : "LAMPLEY",
      "whiteSpace" : false
    }, {
      "id" : "s1-t14",
      "begin" : 146,
      "end" : 156,
      "text" : "DILLINGHAM",
      "whiteSpace" : false
    }, {
      "id" : "s1-t15",
      "begin" : 157,
      "end" : 160,
      "text" : "and",
      "whiteSpace" : false
    }, {
      "id" : "s1-t16",
      "begin" : 161,
      "end" : 172,
      "text" : "NATIONSBANK",
      "whiteSpace" : false
    }, {
      "id" : "s1-t17",
      "begin" : 173,
      "end" : 175,
      "text" : "OF",
      "whiteSpace" : false
    }, {
      "id" : "s1-t18",
      "begin" : 176,
      "end" : 185,
      "text" : "TENNESSEE",
      "whiteSpace" : false
    }, {
      "id" : "s1-t19",
      "begin" : 185,
      "end" : 186,
      "text" : ",",
      "whiteSpace" : false
    }, {
      "id" : "s1-t20",
      "begin" : 187,
      "end" : 191,
      "text" : "N.A.",
      "whiteSpace" : false
    }, {
      "id" : "s1-t21",
      "begin" : 191,
      "end" : 192,
      "text" : ",",
      "whiteSpace" : false
    }, {
      "id" : "s1-t22",
      "begin" : 193,
      "end" : 195,
      "text" : "Co",
      "whiteSpace" : false
    }, {
      "id" : "s1-t23",
      "begin" : 195,
      "end" : 196,
      "text" : "?",
      "whiteSpace" : false
    } ]
  }, {
    "id" : "s2",
    "begin" : 196,
    "end" : 198,
    "text" : "??",
    "tokens" : [ {
      "id" : "s2-t0",
      "begin" : 196,
      "end" : 197,
      "text" : "?",
      "whiteSpace" : false
    }, {
      "id" : "s2-t1",
      "begin" : 197,
      "end" : 198,
      "text" : "?",
      "whiteSpace" : false
    } ]
  }, {
    "id" : "s3",
    "begin" : 199,
    "end" : 556,
    "text" : "Executors of the estate of J. Doyle Dillingham, and J. L. BRADLEY, 'JR., hereinafter called Grantors, this date have bargained and sold, and by these presents do transfer and convey unto KERRY LITTLE and W. C. LITTLE, their heirs and assigns, certain tracts or parcels of land in the Second Civil District of Humphreys County, State of Tennessee, as follows",
    "tokens" : [ {
      "id" : "s3-t0",
      "begin" : 199,
      "end" : 208,
      "text" : "Executors",
      "whiteSpace" : false
    }, {
      "id" : "s3-t1",
      "begin" : 209,
      "end" : 211,
      "text" : "of",
      "whiteSpace" : false
    }, {
      "id" : "s3-t2",
      "begin" : 212,
      "end" : 215,
      "text" : "the",
      "whiteSpace" : false
    }, {
      "id" : "s3-t3",
      "begin" : 216,
      "end" : 222,
      "text" : "estate",
      "whiteSpace" : false
    }, {
      "id" : "s3-t4",
      "begin" : 223,
      "end" : 225,
      "text" : "of",
      "whiteSpace" : false
    }, {
      "id" : "s3-t5",
      "begin" : 226,
      "end" : 228,
      "text" : "J.",
      "whiteSpace" : false
    }, {
      "id" : "s3-t6",
      "begin" : 229,
      "end" : 234,
      "text" : "Doyle",
      "whiteSpace" : false
    }, {
      "id" : "s3-t7",
      "begin" : 235,
      "end" : 245,
      "text" : "Dillingham",
      "whiteSpace" : false
    }, {
      "id" : "s3-t8",
      "begin" : 245,
      "end" : 246,
      "text" : ",",
      "whiteSpace" : false
    }, {
      "id" : "s3-t9",
      "begin" : 247,
      "end" : 250,
      "text" : "and",
      "whiteSpace" : false
    }, {
      "id" : "s3-t10",
      "begin" : 251,
      "end" : 253,
      "text" : "J.",
      "whiteSpace" : false
    }, {
      "id" : "s3-t11",
      "begin" : 254,
      "end" : 256,
      "text" : "L.",
      "whiteSpace" : false
    }, {
      "id" : "s3-t12",
      "begin" : 257,
      "end" : 264,
      "text" : "BRADLEY",
      "whiteSpace" : false
    }, {
      "id" : "s3-t13",
      "begin" : 264,
      "end" : 265,
      "text" : ",",
      "whiteSpace" : false
    }, {
      "id" : "s3-t14",
      "begin" : 266,
      "end" : 267,
      "text" : "'",
      "whiteSpace" : false
    }, {
      "id" : "s3-t15",
      "begin" : 267,
      "end" : 270,
      "text" : "JR.",
      "whiteSpace" : false
    }, {
      "id" : "s3-t16",
      "begin" : 270,
      "end" : 271,
      "text" : ",",
      "whiteSpace" : false
    }, {
      "id" : "s3-t17",
      "begin" : 272,
      "end" : 283,
      "text" : "hereinafter",
      "whiteSpace" : false
    }, {
      "id" : "s3-t18",
      "begin" : 284,
      "end" : 290,
      "text" : "called",
      "whiteSpace" : false
    }, {
      "id" : "s3-t19",
      "begin" : 291,
      "end" : 299,
      "text" : "Grantors",
      "whiteSpace" : false
    }, {
      "id" : "s3-t20",
      "begin" : 299,
      "end" : 300,
      "text" : ",",
      "whiteSpace" : false
    }, {
      "id" : "s3-t21",
      "begin" : 301,
      "end" : 305,
      "text" : "this",
      "whiteSpace" : false
    }, {
      "id" : "s3-t22",
      "begin" : 306,
      "end" : 310,
      "text" : "date",
      "whiteSpace" : false
    }, {
      "id" : "s3-t23",
      "begin" : 311,
      "end" : 315,
      "text" : "have",
      "whiteSpace" : false
    }, {
      "id" : "s3-t24",
      "begin" : 316,
      "end" : 325,
      "text" : "bargained",
      "whiteSpace" : false
    }, {
      "id" : "s3-t25",
      "begin" : 326,
      "end" : 329,
      "text" : "and",
      "whiteSpace" : false
    }, {
      "id" : "s3-t26",
      "begin" : 330,
      "end" : 334,
      "text" : "sold",
      "whiteSpace" : false
    }, {
      "id" : "s3-t27",
      "begin" : 334,
      "end" : 335,
      "text" : ",",
      "whiteSpace" : false
    }, {
      "id" : "s3-t28",
      "begin" : 336,
      "end" : 339,
      "text" : "and",
      "whiteSpace" : false
    }, {
      "id" : "s3-t29",
      "begin" : 340,
      "end" : 342,
      "text" : "by",
      "whiteSpace" : false
    }, {
      "id" : "s3-t30",
      "begin" : 343,
      "end" : 348,
      "text" : "these",
      "whiteSpace" : false
    }, {
      "id" : "s3-t31",
      "begin" : 349,
      "end" : 357,
      "text" : "presents",
      "whiteSpace" : false
    }, {
      "id" : "s3-t32",
      "begin" : 358,
      "end" : 360,
      "text" : "do",
      "whiteSpace" : false
    }, {
      "id" : "s3-t33",
      "begin" : 361,
      "end" : 369,
      "text" : "transfer",
      "whiteSpace" : false
    }, {
      "id" : "s3-t34",
      "begin" : 370,
      "end" : 373,
      "text" : "and",
      "whiteSpace" : false
    }, {
      "id" : "s3-t35",
      "begin" : 374,
      "end" : 380,
      "text" : "convey",
      "whiteSpace" : false
    }, {
      "id" : "s3-t36",
      "begin" : 381,
      "end" : 385,
      "text" : "unto",
      "whiteSpace" : false
    }, {
      "id" : "s3-t37",
      "begin" : 386,
      "end" : 391,
      "text" : "KERRY",
      "whiteSpace" : false
    }, {
      "id" : "s3-t38",
      "begin" : 392,
      "end" : 398,
      "text" : "LITTLE",
      "whiteSpace" : false
    }, {
      "id" : "s3-t39",
      "begin" : 399,
      "end" : 402,
      "text" : "and",
      "whiteSpace" : false
    }, {
      "id" : "s3-t40",
      "begin" : 403,
      "end" : 405,
      "text" : "W.",
      "whiteSpace" : false
    }, {
      "id" : "s3-t41",
      "begin" : 406,
      "end" : 408,
      "text" : "C.",
      "whiteSpace" : false
    }, {
      "id" : "s3-t42",
      "begin" : 409,
      "end" : 415,
      "text" : "LITTLE",
      "whiteSpace" : false
    }, {
      "id" : "s3-t43",
      "begin" : 415,
      "end" : 416,
      "text" : ",",
      "whiteSpace" : false
    }, {
      "id" : "s3-t44",
      "begin" : 417,
      "end" : 422,
      "text" : "their",
      "whiteSpace" : false
    }, {
      "id" : "s3-t45",
      "begin" : 423,
      "end" : 428,
      "text" : "heirs",
      "whiteSpace" : false
    }, {
      "id" : "s3-t46",
      "begin" : 429,
      "end" : 432,
      "text" : "and",
      "whiteSpace" : false
    }, {
      "id" : "s3-t47",
      "begin" : 433,
      "end" : 440,
      "text" : "assigns",
      "whiteSpace" : false
    }, {
      "id" : "s3-t48",
      "begin" : 440,
      "end" : 441,
      "text" : ",",
      "whiteSpace" : false
    }, {
      "id" : "s3-t49",
      "begin" : 442,
      "end" : 449,
      "text" : "certain",
      "whiteSpace" : false
    }, {
      "id" : "s3-t50",
      "begin" : 450,
      "end" : 456,
      "text" : "tracts",
      "whiteSpace" : false
    }, {
      "id" : "s3-t51",
      "begin" : 457,
      "end" : 459,
      "text" : "or",
      "whiteSpace" : false
    }, {
      "id" : "s3-t52",
      "begin" : 460,
      "end" : 467,
      "text" : "parcels",
      "whiteSpace" : false
    }, {
      "id" : "s3-t53",
      "begin" : 468,
      "end" : 470,
      "text" : "of",
      "whiteSpace" : false
    }, {
      "id" : "s3-t54",
      "begin" : 471,
      "end" : 475,
      "text" : "land",
      "whiteSpace" : false
    }, {
      "id" : "s3-t55",
      "begin" : 476,
      "end" : 478,
      "text" : "in",
      "whiteSpace" : false
    }, {
      "id" : "s3-t56",
      "begin" : 479,
      "end" : 482,
      "text" : "the",
      "whiteSpace" : false
    }, {
      "id" : "s3-t57",
      "begin" : 483,
      "end" : 489,
      "text" : "Second",
      "whiteSpace" : false
    }, {
      "id" : "s3-t58",
      "begin" : 490,
      "end" : 495,
      "text" : "Civil",
      "whiteSpace" : false
    }, {
      "id" : "s3-t59",
      "begin" : 496,
      "end" : 504,
      "text" : "District",
      "whiteSpace" : false
    }, {
      "id" : "s3-t60",
      "begin" : 505,
      "end" : 507,
      "text" : "of",
      "whiteSpace" : false
    }, {
      "id" : "s3-t61",
      "begin" : 508,
      "end" : 517,
      "text" : "Humphreys",
      "whiteSpace" : false
    }, {
      "id" : "s3-t62",
      "begin" : 518,
      "end" : 524,
      "text" : "County",
      "whiteSpace" : false
    }, {
      "id" : "s3-t63",
      "begin" : 524,
      "end" : 525,
      "text" : ",",
      "whiteSpace" : false
    }, {
      "id" : "s3-t64",
      "begin" : 526,
      "end" : 531,
      "text" : "State",
      "whiteSpace" : false
    }, {
      "id" : "s3-t65",
      "begin" : 532,
      "end" : 534,
      "text" : "of",
      "whiteSpace" : false
    }, {
      "id" : "s3-t66",
      "begin" : 535,
      "end" : 544,
      "text" : "Tennessee",
      "whiteSpace" : false
    }, {
      "id" : "s3-t67",
      "begin" : 544,
      "end" : 545,
      "text" : ",",
      "whiteSpace" : false
    }, {
      "id" : "s3-t68",
      "begin" : 546,
      "end" : 548,
      "text" : "as",
      "whiteSpace" : false
    }, {
      "id" : "s3-t69",
      "begin" : 549,
      "end" : 556,
      "text" : "follows",
      "whiteSpace" : false
    } ]
  } ],
  "mentions" : [ {
    "id" : "s1-m1",
    "properties" : {
      "SIRE_MENTION_ROLE" : "Grantor",
      "SIRE_ENTITY_SUBTYPE" : "NONE",
      "SIRE_MENTION_TYPE" : "NONE",
      "SIRE_MENTION_CLASS" : "SPC"
    },
    "type" : "Grantor",
    "begin" : 130,
    "end" : 156,
    "inCoref" : false
  }, {
    "id" : "s1-m2",
    "properties" : {
      "SIRE_MENTION_ROLE" : "Grantor",
      "SIRE_ENTITY_SUBTYPE" : "NONE",
      "SIRE_MENTION_TYPE" : "NONE",
      "SIRE_MENTION_CLASS" : "SPC"
    },
    "type" : "Grantor",
    "begin" : 161,
    "end" : 195,
    "inCoref" : false
  }, {
    "id" : "s3-m1",
    "properties" : {
      "SIRE_MENTION_ROLE" : "Grantor",
      "SIRE_ENTITY_SUBTYPE" : "NONE",
      "SIRE_MENTION_TYPE" : "NONE",
      "SIRE_MENTION_CLASS" : "SPC"
    },
    "type" : "Grantor",
    "begin" : 226,
    "end" : 245,
    "inCoref" : false
  }, {
    "id" : "s3-m2",
    "properties" : {
      "SIRE_MENTION_ROLE" : "Grantor",
      "SIRE_ENTITY_SUBTYPE" : "NONE",
      "SIRE_MENTION_TYPE" : "NONE",
      "SIRE_MENTION_CLASS" : "SPC"
    },
    "type" : "Grantor",
    "begin" : 251,
    "end" : 270,
    "inCoref" : false
  }, {
    "id" : "s3-m3",
    "properties" : {
      "SIRE_MENTION_ROLE" : "Grantee",
      "SIRE_ENTITY_SUBTYPE" : "NONE",
      "SIRE_MENTION_TYPE" : "NONE",
      "SIRE_MENTION_CLASS" : "SPC"
    },
    "type" : "Grantee",
    "begin" : 386,
    "end" : 398,
    "inCoref" : false
  }, {
    "id" : "s3-m4",
    "properties" : {
      "SIRE_MENTION_ROLE" : "Grantee",
      "SIRE_ENTITY_SUBTYPE" : "NONE",
      "SIRE_MENTION_TYPE" : "NONE",
      "SIRE_MENTION_CLASS" : "SPC"
    },
    "type" : "Grantee",
    "begin" : 403,
    "end" : 415,
    "inCoref" : false
  } ],
  "relations" : [ ],
  "corefs" : [ ],
  "typeResolved" : true,
  "userResolved" : false
}