{
  "id" : "49632170-50ef-11e9-9b8e-4bc9d96d3dde-1",
  "name" : "WD161-4.txt",
  "createdDate" : 1553732427015,
  "version" : 3,
  "text" : "For and in consideration of the sum of $2,500, cash in hand to me paid by the CITY OF McEWEN, TENNESSEE, a municipal Vcorporation organized and existing under the laws of the State of Tennessee, located within Humphreys County, I, PRESTON W. HOOPER, a single man, by these presents do transfer and convey unto the said CITY OF MCEWEN, TENNESSEE, its successors and assigns, certain tracts or parcels of land located in Humphreys COunty, Tennessee, described as follows",
  "docLength" : 0,
  "language" : "EN",
  "status" : "SUBMITTED",
  "modifiedDate" : 1553736016207,
  "documentSet" : [ ],
  "preannotation" : [ ],
  "sentences" : [ {
    "id" : "s0",
    "begin" : 0,
    "end" : 468,
    "text" : "For and in consideration of the sum of $2,500, cash in hand to me paid by the CITY OF McEWEN, TENNESSEE, a municipal Vcorporation organized and existing under the laws of the State of Tennessee, located within Humphreys County, I, PRESTON W. HOOPER, a single man, by these presents do transfer and convey unto the said CITY OF MCEWEN, TENNESSEE, its successors and assigns, certain tracts or parcels of land located in Humphreys COunty, Tennessee, described as follows",
    "tokens" : [ {
      "id" : "s0-t0",
      "begin" : 0,
      "end" : 3,
      "text" : "For",
      "whiteSpace" : false
    }, {
      "id" : "s0-t1",
      "begin" : 4,
      "end" : 7,
      "text" : "and",
      "whiteSpace" : false
    }, {
      "id" : "s0-t2",
      "begin" : 8,
      "end" : 10,
      "text" : "in",
      "whiteSpace" : false
    }, {
      "id" : "s0-t3",
      "begin" : 11,
      "end" : 24,
      "text" : "consideration",
      "whiteSpace" : false
    }, {
      "id" : "s0-t4",
      "begin" : 25,
      "end" : 27,
      "text" : "of",
      "whiteSpace" : false
    }, {
      "id" : "s0-t5",
      "begin" : 28,
      "end" : 31,
      "text" : "the",
      "whiteSpace" : false
    }, {
      "id" : "s0-t6",
      "begin" : 32,
      "end" : 35,
      "text" : "sum",
      "whiteSpace" : false
    }, {
      "id" : "s0-t7",
      "begin" : 36,
      "end" : 38,
      "text" : "of",
      "whiteSpace" : false
    }, {
      "id" : "s0-t8",
      "begin" : 39,
      "end" : 40,
      "text" : "$",
      "whiteSpace" : false
    }, {
      "id" : "s0-t9",
      "begin" : 40,
      "end" : 45,
      "text" : "2,500",
      "whiteSpace" : false
    }, {
      "id" : "s0-t10",
      "begin" : 45,
      "end" : 46,
      "text" : ",",
      "whiteSpace" : false
    }, {
      "id" : "s0-t11",
      "begin" : 47,
      "end" : 51,
      "text" : "cash",
      "whiteSpace" : false
    }, {
      "id" : "s0-t12",
      "begin" : 52,
      "end" : 54,
      "text" : "in",
      "whiteSpace" : false
    }, {
      "id" : "s0-t13",
      "begin" : 55,
      "end" : 59,
      "text" : "hand",
      "whiteSpace" : false
    }, {
      "id" : "s0-t14",
      "begin" : 60,
      "end" : 62,
      "text" : "to",
      "whiteSpace" : false
    }, {
      "id" : "s0-t15",
      "begin" : 63,
      "end" : 65,
      "text" : "me",
      "whiteSpace" : false
    }, {
      "id" : "s0-t16",
      "begin" : 66,
      "end" : 70,
      "text" : "paid",
      "whiteSpace" : false
    }, {
      "id" : "s0-t17",
      "begin" : 71,
      "end" : 73,
      "text" : "by",
      "whiteSpace" : false
    }, {
      "id" : "s0-t18",
      "begin" : 74,
      "end" : 77,
      "text" : "the",
      "whiteSpace" : false
    }, {
      "id" : "s0-t19",
      "begin" : 78,
      "end" : 82,
      "text" : "CITY",
      "whiteSpace" : false
    }, {
      "id" : "s0-t20",
      "begin" : 83,
      "end" : 85,
      "text" : "OF",
      "whiteSpace" : false
    }, {
      "id" : "s0-t21",
      "begin" : 86,
      "end" : 92,
      "text" : "McEWEN",
      "whiteSpace" : false
    }, {
      "id" : "s0-t22",
      "begin" : 92,
      "end" : 93,
      "text" : ",",
      "whiteSpace" : false
    }, {
      "id" : "s0-t23",
      "begin" : 94,
      "end" : 103,
      "text" : "TENNESSEE",
      "whiteSpace" : false
    }, {
      "id" : "s0-t24",
      "begin" : 103,
      "end" : 104,
      "text" : ",",
      "whiteSpace" : false
    }, {
      "id" : "s0-t25",
      "begin" : 105,
      "end" : 106,
      "text" : "a",
      "whiteSpace" : false
    }, {
      "id" : "s0-t26",
      "begin" : 107,
      "end" : 116,
      "text" : "municipal",
      "whiteSpace" : false
    }, {
      "id" : "s0-t27",
      "begin" : 117,
      "end" : 129,
      "text" : "Vcorporation",
      "whiteSpace" : false
    }, {
      "id" : "s0-t28",
      "begin" : 130,
      "end" : 139,
      "text" : "organized",
      "whiteSpace" : false
    }, {
      "id" : "s0-t29",
      "begin" : 140,
      "end" : 143,
      "text" : "and",
      "whiteSpace" : false
    }, {
      "id" : "s0-t30",
      "begin" : 144,
      "end" : 152,
      "text" : "existing",
      "whiteSpace" : false
    }, {
      "id" : "s0-t31",
      "begin" : 153,
      "end" : 158,
      "text" : "under",
      "whiteSpace" : false
    }, {
      "id" : "s0-t32",
      "begin" : 159,
      "end" : 162,
      "text" : "the",
      "whiteSpace" : false
    }, {
      "id" : "s0-t33",
      "begin" : 163,
      "end" : 167,
      "text" : "laws",
      "whiteSpace" : false
    }, {
      "id" : "s0-t34",
      "begin" : 168,
      "end" : 170,
      "text" : "of",
      "whiteSpace" : false
    }, {
      "id" : "s0-t35",
      "begin" : 171,
      "end" : 174,
      "text" : "the",
      "whiteSpace" : false
    }, {
      "id" : "s0-t36",
      "begin" : 175,
      "end" : 180,
      "text" : "State",
      "whiteSpace" : false
    }, {
      "id" : "s0-t37",
      "begin" : 181,
      "end" : 183,
      "text" : "of",
      "whiteSpace" : false
    }, {
      "id" : "s0-t38",
      "begin" : 184,
      "end" : 193,
      "text" : "Tennessee",
      "whiteSpace" : false
    }, {
      "id" : "s0-t39",
      "begin" : 193,
      "end" : 194,
      "text" : ",",
      "whiteSpace" : false
    }, {
      "id" : "s0-t40",
      "begin" : 195,
      "end" : 202,
      "text" : "located",
      "whiteSpace" : false
    }, {
      "id" : "s0-t41",
      "begin" : 203,
      "end" : 209,
      "text" : "within",
      "whiteSpace" : false
    }, {
      "id" : "s0-t42",
      "begin" : 210,
      "end" : 219,
      "text" : "Humphreys",
      "whiteSpace" : false
    }, {
      "id" : "s0-t43",
      "begin" : 220,
      "end" : 226,
      "text" : "County",
      "whiteSpace" : false
    }, {
      "id" : "s0-t44",
      "begin" : 226,
      "end" : 227,
      "text" : ",",
      "whiteSpace" : false
    }, {
      "id" : "s0-t45",
      "begin" : 228,
      "end" : 229,
      "text" : "I",
      "whiteSpace" : false
    }, {
      "id" : "s0-t46",
      "begin" : 229,
      "end" : 230,
      "text" : ",",
      "whiteSpace" : false
    }, {
      "id" : "s0-t47",
      "begin" : 231,
      "end" : 238,
      "text" : "PRESTON",
      "whiteSpace" : false
    }, {
      "id" : "s0-t48",
      "begin" : 239,
      "end" : 241,
      "text" : "W.",
      "whiteSpace" : false
    }, {
      "id" : "s0-t49",
      "begin" : 242,
      "end" : 248,
      "text" : "HOOPER",
      "whiteSpace" : false
    }, {
      "id" : "s0-t50",
      "begin" : 248,
      "end" : 249,
      "text" : ",",
      "whiteSpace" : false
    }, {
      "id" : "s0-t51",
      "begin" : 250,
      "end" : 251,
      "text" : "a",
      "whiteSpace" : false
    }, {
      "id" : "s0-t52",
      "begin" : 252,
      "end" : 258,
      "text" : "single",
      "whiteSpace" : false
    }, {
      "id" : "s0-t53",
      "begin" : 259,
      "end" : 262,
      "text" : "man",
      "whiteSpace" : false
    }, {
      "id" : "s0-t54",
      "begin" : 262,
      "end" : 263,
      "text" : ",",
      "whiteSpace" : false
    }, {
      "id" : "s0-t55",
      "begin" : 264,
      "end" : 266,
      "text" : "by",
      "whiteSpace" : false
    }, {
      "id" : "s0-t56",
      "begin" : 267,
      "end" : 272,
      "text" : "these",
      "whiteSpace" : false
    }, {
      "id" : "s0-t57",
      "begin" : 273,
      "end" : 281,
      "text" : "presents",
      "whiteSpace" : false
    }, {
      "id" : "s0-t58",
      "begin" : 282,
      "end" : 284,
      "text" : "do",
      "whiteSpace" : false
    }, {
      "id" : "s0-t59",
      "begin" : 285,
      "end" : 293,
      "text" : "transfer",
      "whiteSpace" : false
    }, {
      "id" : "s0-t60",
      "begin" : 294,
      "end" : 297,
      "text" : "and",
      "whiteSpace" : false
    }, {
      "id" : "s0-t61",
      "begin" : 298,
      "end" : 304,
      "text" : "convey",
      "whiteSpace" : false
    }, {
      "id" : "s0-t62",
      "begin" : 305,
      "end" : 309,
      "text" : "unto",
      "whiteSpace" : false
    }, {
      "id" : "s0-t63",
      "begin" : 310,
      "end" : 313,
      "text" : "the",
      "whiteSpace" : false
    }, {
      "id" : "s0-t64",
      "begin" : 314,
      "end" : 318,
      "text" : "said",
      "whiteSpace" : false
    }, {
      "id" : "s0-t65",
      "begin" : 319,
      "end" : 323,
      "text" : "CITY",
      "whiteSpace" : false
    }, {
      "id" : "s0-t66",
      "begin" : 324,
      "end" : 326,
      "text" : "OF",
      "whiteSpace" : false
    }, {
      "id" : "s0-t67",
      "begin" : 327,
      "end" : 333,
      "text" : "MCEWEN",
      "whiteSpace" : false
    }, {
      "id" : "s0-t68",
      "begin" : 333,
      "end" : 334,
      "text" : ",",
      "whiteSpace" : false
    }, {
      "id" : "s0-t69",
      "begin" : 335,
      "end" : 344,
      "text" : "TENNESSEE",
      "whiteSpace" : false
    }, {
      "id" : "s0-t70",
      "begin" : 344,
      "end" : 345,
      "text" : ",",
      "whiteSpace" : false
    }, {
      "id" : "s0-t71",
      "begin" : 346,
      "end" : 349,
      "text" : "its",
      "whiteSpace" : false
    }, {
      "id" : "s0-t72",
      "begin" : 350,
      "end" : 360,
      "text" : "successors",
      "whiteSpace" : false
    }, {
      "id" : "s0-t73",
      "begin" : 361,
      "end" : 364,
      "text" : "and",
      "whiteSpace" : false
    }, {
      "id" : "s0-t74",
      "begin" : 365,
      "end" : 372,
      "text" : "assigns",
      "whiteSpace" : false
    }, {
      "id" : "s0-t75",
      "begin" : 372,
      "end" : 373,
      "text" : ",",
      "whiteSpace" : false
    }, {
      "id" : "s0-t76",
      "begin" : 374,
      "end" : 381,
      "text" : "certain",
      "whiteSpace" : false
    }, {
      "id" : "s0-t77",
      "begin" : 382,
      "end" : 388,
      "text" : "tracts",
      "whiteSpace" : false
    }, {
      "id" : "s0-t78",
      "begin" : 389,
      "end" : 391,
      "text" : "or",
      "whiteSpace" : false
    }, {
      "id" : "s0-t79",
      "begin" : 392,
      "end" : 399,
      "text" : "parcels",
      "whiteSpace" : false
    }, {
      "id" : "s0-t80",
      "begin" : 400,
      "end" : 402,
      "text" : "of",
      "whiteSpace" : false
    }, {
      "id" : "s0-t81",
      "begin" : 403,
      "end" : 407,
      "text" : "land",
      "whiteSpace" : false
    }, {
      "id" : "s0-t82",
      "begin" : 408,
      "end" : 415,
      "text" : "located",
      "whiteSpace" : false
    }, {
      "id" : "s0-t83",
      "begin" : 416,
      "end" : 418,
      "text" : "in",
      "whiteSpace" : false
    }, {
      "id" : "s0-t84",
      "begin" : 419,
      "end" : 428,
      "text" : "Humphreys",
      "whiteSpace" : false
    }, {
      "id" : "s0-t85",
      "begin" : 429,
      "end" : 435,
      "text" : "COunty",
      "whiteSpace" : false
    }, {
      "id" : "s0-t86",
      "begin" : 435,
      "end" : 436,
      "text" : ",",
      "whiteSpace" : false
    }, {
      "id" : "s0-t87",
      "begin" : 437,
      "end" : 446,
      "text" : "Tennessee",
      "whiteSpace" : false
    }, {
      "id" : "s0-t88",
      "begin" : 446,
      "end" : 447,
      "text" : ",",
      "whiteSpace" : false
    }, {
      "id" : "s0-t89",
      "begin" : 448,
      "end" : 457,
      "text" : "described",
      "whiteSpace" : false
    }, {
      "id" : "s0-t90",
      "begin" : 458,
      "end" : 460,
      "text" : "as",
      "whiteSpace" : false
    }, {
      "id" : "s0-t91",
      "begin" : 461,
      "end" : 468,
      "text" : "follows",
      "whiteSpace" : false
    } ]
  } ],
  "mentions" : [ {
    "id" : "s0-m1",
    "properties" : {
      "SIRE_MENTION_ROLE" : "Grantor",
      "SIRE_ENTITY_SUBTYPE" : "NONE",
      "SIRE_MENTION_TYPE" : "NONE",
      "SIRE_MENTION_CLASS" : "SPC"
    },
    "type" : "Grantor",
    "begin" : 231,
    "end" : 248,
    "inCoref" : false
  }, {
    "id" : "s0-m2",
    "properties" : {
      "SIRE_MENTION_ROLE" : "Grantee",
      "SIRE_ENTITY_SUBTYPE" : "NONE",
      "SIRE_MENTION_TYPE" : "NONE",
      "SIRE_MENTION_CLASS" : "SPC"
    },
    "type" : "Grantee",
    "begin" : 319,
    "end" : 344,
    "inCoref" : false
  } ],
  "relations" : [ ],
  "corefs" : [ ],
  "typeResolved" : true,
  "userResolved" : false
}