{
  "id" : "49632170-50ef-11e9-9b8e-4bc9d96d3dde-18",
  "name" : "WD164-16.txt",
  "createdDate" : 1553732427015,
  "version" : 3,
  "text" : "For and in consideration of the sum of TEN AND NO/loo ($10.00) DOLLARS, cash in hand paid, and other good and valuable considerations, the receipt of which is hereby acknowledged, we, REBECCA LAMPLEY DILLINGHAM and NATIONSBANK OF TENNESSEE, N.A., Co-Executors of the estate of J. Doyle Dillingham, and J. L. BRADLEY, JR., hereinafter called Grantors, this date have bargained and sold, and by these presents do transfer and convey unto JEFF O. GREGORY and wife, BUFFY M. GREGORY, their heirs and assigns, certain tracts or parcels of land in the Second Civil District of Humphreys County, State of Tennessee, as follows",
  "docLength" : 0,
  "language" : "EN",
  "status" : "SUBMITTED",
  "modifiedDate" : 1553736232707,
  "documentSet" : [ ],
  "preannotation" : [ ],
  "sentences" : [ {
    "id" : "s0",
    "begin" : 0,
    "end" : 443,
    "text" : "For and in consideration of the sum of TEN AND NO/loo ($10.00) DOLLARS, cash in hand paid, and other good and valuable considerations, the receipt of which is hereby acknowledged, we, REBECCA LAMPLEY DILLINGHAM and NATIONSBANK OF TENNESSEE, N.A., Co-Executors of the estate of J. Doyle Dillingham, and J. L. BRADLEY, JR., hereinafter called Grantors, this date have bargained and sold, and by these presents do transfer and convey unto JEFF O.",
    "tokens" : [ {
      "id" : "s0-t0",
      "begin" : 0,
      "end" : 3,
      "text" : "For",
      "whiteSpace" : false
    }, {
      "id" : "s0-t1",
      "begin" : 4,
      "end" : 7,
      "text" : "and",
      "whiteSpace" : false
    }, {
      "id" : "s0-t2",
      "begin" : 8,
      "end" : 10,
      "text" : "in",
      "whiteSpace" : false
    }, {
      "id" : "s0-t3",
      "begin" : 11,
      "end" : 24,
      "text" : "consideration",
      "whiteSpace" : false
    }, {
      "id" : "s0-t4",
      "begin" : 25,
      "end" : 27,
      "text" : "of",
      "whiteSpace" : false
    }, {
      "id" : "s0-t5",
      "begin" : 28,
      "end" : 31,
      "text" : "the",
      "whiteSpace" : false
    }, {
      "id" : "s0-t6",
      "begin" : 32,
      "end" : 35,
      "text" : "sum",
      "whiteSpace" : false
    }, {
      "id" : "s0-t7",
      "begin" : 36,
      "end" : 38,
      "text" : "of",
      "whiteSpace" : false
    }, {
      "id" : "s0-t8",
      "begin" : 39,
      "end" : 42,
      "text" : "TEN",
      "whiteSpace" : false
    }, {
      "id" : "s0-t9",
      "begin" : 43,
      "end" : 46,
      "text" : "AND",
      "whiteSpace" : false
    }, {
      "id" : "s0-t10",
      "begin" : 47,
      "end" : 53,
      "text" : "NO/loo",
      "whiteSpace" : false
    }, {
      "id" : "s0-t11",
      "begin" : 54,
      "end" : 55,
      "text" : "(",
      "whiteSpace" : false
    }, {
      "id" : "s0-t12",
      "begin" : 55,
      "end" : 56,
      "text" : "$",
      "whiteSpace" : false
    }, {
      "id" : "s0-t13",
      "begin" : 56,
      "end" : 61,
      "text" : "10.00",
      "whiteSpace" : false
    }, {
      "id" : "s0-t14",
      "begin" : 61,
      "end" : 62,
      "text" : ")",
      "whiteSpace" : false
    }, {
      "id" : "s0-t15",
      "begin" : 63,
      "end" : 70,
      "text" : "DOLLARS",
      "whiteSpace" : false
    }, {
      "id" : "s0-t16",
      "begin" : 70,
      "end" : 71,
      "text" : ",",
      "whiteSpace" : false
    }, {
      "id" : "s0-t17",
      "begin" : 72,
      "end" : 76,
      "text" : "cash",
      "whiteSpace" : false
    }, {
      "id" : "s0-t18",
      "begin" : 77,
      "end" : 79,
      "text" : "in",
      "whiteSpace" : false
    }, {
      "id" : "s0-t19",
      "begin" : 80,
      "end" : 84,
      "text" : "hand",
      "whiteSpace" : false
    }, {
      "id" : "s0-t20",
      "begin" : 85,
      "end" : 89,
      "text" : "paid",
      "whiteSpace" : false
    }, {
      "id" : "s0-t21",
      "begin" : 89,
      "end" : 90,
      "text" : ",",
      "whiteSpace" : false
    }, {
      "id" : "s0-t22",
      "begin" : 91,
      "end" : 94,
      "text" : "and",
      "whiteSpace" : false
    }, {
      "id" : "s0-t23",
      "begin" : 95,
      "end" : 100,
      "text" : "other",
      "whiteSpace" : false
    }, {
      "id" : "s0-t24",
      "begin" : 101,
      "end" : 105,
      "text" : "good",
      "whiteSpace" : false
    }, {
      "id" : "s0-t25",
      "begin" : 106,
      "end" : 109,
      "text" : "and",
      "whiteSpace" : false
    }, {
      "id" : "s0-t26",
      "begin" : 110,
      "end" : 118,
      "text" : "valuable",
      "whiteSpace" : false
    }, {
      "id" : "s0-t27",
      "begin" : 119,
      "end" : 133,
      "text" : "considerations",
      "whiteSpace" : false
    }, {
      "id" : "s0-t28",
      "begin" : 133,
      "end" : 134,
      "text" : ",",
      "whiteSpace" : false
    }, {
      "id" : "s0-t29",
      "begin" : 135,
      "end" : 138,
      "text" : "the",
      "whiteSpace" : false
    }, {
      "id" : "s0-t30",
      "begin" : 139,
      "end" : 146,
      "text" : "receipt",
      "whiteSpace" : false
    }, {
      "id" : "s0-t31",
      "begin" : 147,
      "end" : 149,
      "text" : "of",
      "whiteSpace" : false
    }, {
      "id" : "s0-t32",
      "begin" : 150,
      "end" : 155,
      "text" : "which",
      "whiteSpace" : false
    }, {
      "id" : "s0-t33",
      "begin" : 156,
      "end" : 158,
      "text" : "is",
      "whiteSpace" : false
    }, {
      "id" : "s0-t34",
      "begin" : 159,
      "end" : 165,
      "text" : "hereby",
      "whiteSpace" : false
    }, {
      "id" : "s0-t35",
      "begin" : 166,
      "end" : 178,
      "text" : "acknowledged",
      "whiteSpace" : false
    }, {
      "id" : "s0-t36",
      "begin" : 178,
      "end" : 179,
      "text" : ",",
      "whiteSpace" : false
    }, {
      "id" : "s0-t37",
      "begin" : 180,
      "end" : 182,
      "text" : "we",
      "whiteSpace" : false
    }, {
      "id" : "s0-t38",
      "begin" : 182,
      "end" : 183,
      "text" : ",",
      "whiteSpace" : false
    }, {
      "id" : "s0-t39",
      "begin" : 184,
      "end" : 191,
      "text" : "REBECCA",
      "whiteSpace" : false
    }, {
      "id" : "s0-t40",
      "begin" : 192,
      "end" : 199,
      "text" : "LAMPLEY",
      "whiteSpace" : false
    }, {
      "id" : "s0-t41",
      "begin" : 200,
      "end" : 210,
      "text" : "DILLINGHAM",
      "whiteSpace" : false
    }, {
      "id" : "s0-t42",
      "begin" : 211,
      "end" : 214,
      "text" : "and",
      "whiteSpace" : false
    }, {
      "id" : "s0-t43",
      "begin" : 215,
      "end" : 226,
      "text" : "NATIONSBANK",
      "whiteSpace" : false
    }, {
      "id" : "s0-t44",
      "begin" : 227,
      "end" : 229,
      "text" : "OF",
      "whiteSpace" : false
    }, {
      "id" : "s0-t45",
      "begin" : 230,
      "end" : 239,
      "text" : "TENNESSEE",
      "whiteSpace" : false
    }, {
      "id" : "s0-t46",
      "begin" : 239,
      "end" : 240,
      "text" : ",",
      "whiteSpace" : false
    }, {
      "id" : "s0-t47",
      "begin" : 241,
      "end" : 245,
      "text" : "N.A.",
      "whiteSpace" : false
    }, {
      "id" : "s0-t48",
      "begin" : 245,
      "end" : 246,
      "text" : ",",
      "whiteSpace" : false
    }, {
      "id" : "s0-t49",
      "begin" : 247,
      "end" : 259,
      "text" : "Co-Executors",
      "whiteSpace" : false
    }, {
      "id" : "s0-t50",
      "begin" : 260,
      "end" : 262,
      "text" : "of",
      "whiteSpace" : false
    }, {
      "id" : "s0-t51",
      "begin" : 263,
      "end" : 266,
      "text" : "the",
      "whiteSpace" : false
    }, {
      "id" : "s0-t52",
      "begin" : 267,
      "end" : 273,
      "text" : "estate",
      "whiteSpace" : false
    }, {
      "id" : "s0-t53",
      "begin" : 274,
      "end" : 276,
      "text" : "of",
      "whiteSpace" : false
    }, {
      "id" : "s0-t54",
      "begin" : 277,
      "end" : 279,
      "text" : "J.",
      "whiteSpace" : false
    }, {
      "id" : "s0-t55",
      "begin" : 280,
      "end" : 285,
      "text" : "Doyle",
      "whiteSpace" : false
    }, {
      "id" : "s0-t56",
      "begin" : 286,
      "end" : 296,
      "text" : "Dillingham",
      "whiteSpace" : false
    }, {
      "id" : "s0-t57",
      "begin" : 296,
      "end" : 297,
      "text" : ",",
      "whiteSpace" : false
    }, {
      "id" : "s0-t58",
      "begin" : 298,
      "end" : 301,
      "text" : "and",
      "whiteSpace" : false
    }, {
      "id" : "s0-t59",
      "begin" : 302,
      "end" : 304,
      "text" : "J.",
      "whiteSpace" : false
    }, {
      "id" : "s0-t60",
      "begin" : 305,
      "end" : 307,
      "text" : "L.",
      "whiteSpace" : false
    }, {
      "id" : "s0-t61",
      "begin" : 308,
      "end" : 315,
      "text" : "BRADLEY",
      "whiteSpace" : false
    }, {
      "id" : "s0-t62",
      "begin" : 315,
      "end" : 316,
      "text" : ",",
      "whiteSpace" : false
    }, {
      "id" : "s0-t63",
      "begin" : 317,
      "end" : 320,
      "text" : "JR.",
      "whiteSpace" : false
    }, {
      "id" : "s0-t64",
      "begin" : 320,
      "end" : 321,
      "text" : ",",
      "whiteSpace" : false
    }, {
      "id" : "s0-t65",
      "begin" : 322,
      "end" : 333,
      "text" : "hereinafter",
      "whiteSpace" : false
    }, {
      "id" : "s0-t66",
      "begin" : 334,
      "end" : 340,
      "text" : "called",
      "whiteSpace" : false
    }, {
      "id" : "s0-t67",
      "begin" : 341,
      "end" : 349,
      "text" : "Grantors",
      "whiteSpace" : false
    }, {
      "id" : "s0-t68",
      "begin" : 349,
      "end" : 350,
      "text" : ",",
      "whiteSpace" : false
    }, {
      "id" : "s0-t69",
      "begin" : 351,
      "end" : 355,
      "text" : "this",
      "whiteSpace" : false
    }, {
      "id" : "s0-t70",
      "begin" : 356,
      "end" : 360,
      "text" : "date",
      "whiteSpace" : false
    }, {
      "id" : "s0-t71",
      "begin" : 361,
      "end" : 365,
      "text" : "have",
      "whiteSpace" : false
    }, {
      "id" : "s0-t72",
      "begin" : 366,
      "end" : 375,
      "text" : "bargained",
      "whiteSpace" : false
    }, {
      "id" : "s0-t73",
      "begin" : 376,
      "end" : 379,
      "text" : "and",
      "whiteSpace" : false
    }, {
      "id" : "s0-t74",
      "begin" : 380,
      "end" : 384,
      "text" : "sold",
      "whiteSpace" : false
    }, {
      "id" : "s0-t75",
      "begin" : 384,
      "end" : 385,
      "text" : ",",
      "whiteSpace" : false
    }, {
      "id" : "s0-t76",
      "begin" : 386,
      "end" : 389,
      "text" : "and",
      "whiteSpace" : false
    }, {
      "id" : "s0-t77",
      "begin" : 390,
      "end" : 392,
      "text" : "by",
      "whiteSpace" : false
    }, {
      "id" : "s0-t78",
      "begin" : 393,
      "end" : 398,
      "text" : "these",
      "whiteSpace" : false
    }, {
      "id" : "s0-t79",
      "begin" : 399,
      "end" : 407,
      "text" : "presents",
      "whiteSpace" : false
    }, {
      "id" : "s0-t80",
      "begin" : 408,
      "end" : 410,
      "text" : "do",
      "whiteSpace" : false
    }, {
      "id" : "s0-t81",
      "begin" : 411,
      "end" : 419,
      "text" : "transfer",
      "whiteSpace" : false
    }, {
      "id" : "s0-t82",
      "begin" : 420,
      "end" : 423,
      "text" : "and",
      "whiteSpace" : false
    }, {
      "id" : "s0-t83",
      "begin" : 424,
      "end" : 430,
      "text" : "convey",
      "whiteSpace" : false
    }, {
      "id" : "s0-t84",
      "begin" : 431,
      "end" : 435,
      "text" : "unto",
      "whiteSpace" : false
    }, {
      "id" : "s0-t85",
      "begin" : 436,
      "end" : 440,
      "text" : "JEFF",
      "whiteSpace" : false
    }, {
      "id" : "s0-t86",
      "begin" : 441,
      "end" : 442,
      "text" : "O",
      "whiteSpace" : false
    }, {
      "id" : "s0-t87",
      "begin" : 442,
      "end" : 443,
      "text" : ".",
      "whiteSpace" : false
    } ]
  }, {
    "id" : "s1",
    "begin" : 444,
    "end" : 619,
    "text" : "GREGORY and wife, BUFFY M. GREGORY, their heirs and assigns, certain tracts or parcels of land in the Second Civil District of Humphreys County, State of Tennessee, as follows",
    "tokens" : [ {
      "id" : "s1-t0",
      "begin" : 444,
      "end" : 451,
      "text" : "GREGORY",
      "whiteSpace" : false
    }, {
      "id" : "s1-t1",
      "begin" : 452,
      "end" : 455,
      "text" : "and",
      "whiteSpace" : false
    }, {
      "id" : "s1-t2",
      "begin" : 456,
      "end" : 460,
      "text" : "wife",
      "whiteSpace" : false
    }, {
      "id" : "s1-t3",
      "begin" : 460,
      "end" : 461,
      "text" : ",",
      "whiteSpace" : false
    }, {
      "id" : "s1-t4",
      "begin" : 462,
      "end" : 467,
      "text" : "BUFFY",
      "whiteSpace" : false
    }, {
      "id" : "s1-t5",
      "begin" : 468,
      "end" : 470,
      "text" : "M.",
      "whiteSpace" : false
    }, {
      "id" : "s1-t6",
      "begin" : 471,
      "end" : 478,
      "text" : "GREGORY",
      "whiteSpace" : false
    }, {
      "id" : "s1-t7",
      "begin" : 478,
      "end" : 479,
      "text" : ",",
      "whiteSpace" : false
    }, {
      "id" : "s1-t8",
      "begin" : 480,
      "end" : 485,
      "text" : "their",
      "whiteSpace" : false
    }, {
      "id" : "s1-t9",
      "begin" : 486,
      "end" : 491,
      "text" : "heirs",
      "whiteSpace" : false
    }, {
      "id" : "s1-t10",
      "begin" : 492,
      "end" : 495,
      "text" : "and",
      "whiteSpace" : false
    }, {
      "id" : "s1-t11",
      "begin" : 496,
      "end" : 503,
      "text" : "assigns",
      "whiteSpace" : false
    }, {
      "id" : "s1-t12",
      "begin" : 503,
      "end" : 504,
      "text" : ",",
      "whiteSpace" : false
    }, {
      "id" : "s1-t13",
      "begin" : 505,
      "end" : 512,
      "text" : "certain",
      "whiteSpace" : false
    }, {
      "id" : "s1-t14",
      "begin" : 513,
      "end" : 519,
      "text" : "tracts",
      "whiteSpace" : false
    }, {
      "id" : "s1-t15",
      "begin" : 520,
      "end" : 522,
      "text" : "or",
      "whiteSpace" : false
    }, {
      "id" : "s1-t16",
      "begin" : 523,
      "end" : 530,
      "text" : "parcels",
      "whiteSpace" : false
    }, {
      "id" : "s1-t17",
      "begin" : 531,
      "end" : 533,
      "text" : "of",
      "whiteSpace" : false
    }, {
      "id" : "s1-t18",
      "begin" : 534,
      "end" : 538,
      "text" : "land",
      "whiteSpace" : false
    }, {
      "id" : "s1-t19",
      "begin" : 539,
      "end" : 541,
      "text" : "in",
      "whiteSpace" : false
    }, {
      "id" : "s1-t20",
      "begin" : 542,
      "end" : 545,
      "text" : "the",
      "whiteSpace" : false
    }, {
      "id" : "s1-t21",
      "begin" : 546,
      "end" : 552,
      "text" : "Second",
      "whiteSpace" : false
    }, {
      "id" : "s1-t22",
      "begin" : 553,
      "end" : 558,
      "text" : "Civil",
      "whiteSpace" : false
    }, {
      "id" : "s1-t23",
      "begin" : 559,
      "end" : 567,
      "text" : "District",
      "whiteSpace" : false
    }, {
      "id" : "s1-t24",
      "begin" : 568,
      "end" : 570,
      "text" : "of",
      "whiteSpace" : false
    }, {
      "id" : "s1-t25",
      "begin" : 571,
      "end" : 580,
      "text" : "Humphreys",
      "whiteSpace" : false
    }, {
      "id" : "s1-t26",
      "begin" : 581,
      "end" : 587,
      "text" : "County",
      "whiteSpace" : false
    }, {
      "id" : "s1-t27",
      "begin" : 587,
      "end" : 588,
      "text" : ",",
      "whiteSpace" : false
    }, {
      "id" : "s1-t28",
      "begin" : 589,
      "end" : 594,
      "text" : "State",
      "whiteSpace" : false
    }, {
      "id" : "s1-t29",
      "begin" : 595,
      "end" : 597,
      "text" : "of",
      "whiteSpace" : false
    }, {
      "id" : "s1-t30",
      "begin" : 598,
      "end" : 607,
      "text" : "Tennessee",
      "whiteSpace" : false
    }, {
      "id" : "s1-t31",
      "begin" : 607,
      "end" : 608,
      "text" : ",",
      "whiteSpace" : false
    }, {
      "id" : "s1-t32",
      "begin" : 609,
      "end" : 611,
      "text" : "as",
      "whiteSpace" : false
    }, {
      "id" : "s1-t33",
      "begin" : 612,
      "end" : 619,
      "text" : "follows",
      "whiteSpace" : false
    } ]
  } ],
  "mentions" : [ {
    "id" : "s0-m1",
    "properties" : {
      "SIRE_MENTION_ROLE" : "Grantor",
      "SIRE_ENTITY_SUBTYPE" : "NONE",
      "SIRE_MENTION_TYPE" : "NONE",
      "SIRE_MENTION_CLASS" : "SPC"
    },
    "type" : "Grantor",
    "begin" : 184,
    "end" : 210,
    "inCoref" : false
  }, {
    "id" : "s0-m2",
    "properties" : {
      "SIRE_MENTION_ROLE" : "Grantor",
      "SIRE_ENTITY_SUBTYPE" : "NONE",
      "SIRE_MENTION_TYPE" : "NONE",
      "SIRE_MENTION_CLASS" : "SPC"
    },
    "type" : "Grantor",
    "begin" : 215,
    "end" : 245,
    "inCoref" : false
  }, {
    "id" : "s0-m3",
    "properties" : {
      "SIRE_MENTION_ROLE" : "Grantor",
      "SIRE_ENTITY_SUBTYPE" : "NONE",
      "SIRE_MENTION_TYPE" : "NONE",
      "SIRE_MENTION_CLASS" : "SPC"
    },
    "type" : "Grantor",
    "begin" : 277,
    "end" : 296,
    "inCoref" : false
  }, {
    "id" : "s0-m4",
    "properties" : {
      "SIRE_MENTION_ROLE" : "Grantor",
      "SIRE_ENTITY_SUBTYPE" : "NONE",
      "SIRE_MENTION_TYPE" : "NONE",
      "SIRE_MENTION_CLASS" : "SPC"
    },
    "type" : "Grantor",
    "begin" : 302,
    "end" : 320,
    "inCoref" : false
  }, {
    "id" : "s0-m5",
    "properties" : {
      "SIRE_MENTION_ROLE" : "Grantee",
      "SIRE_ENTITY_SUBTYPE" : "NONE",
      "SIRE_MENTION_TYPE" : "NONE",
      "SIRE_MENTION_CLASS" : "SPC"
    },
    "type" : "Grantee",
    "begin" : 436,
    "end" : 443,
    "inCoref" : false
  }, {
    "id" : "s1-m2",
    "properties" : {
      "SIRE_MENTION_ROLE" : "Grantee",
      "SIRE_ENTITY_SUBTYPE" : "NONE",
      "SIRE_MENTION_TYPE" : "NONE",
      "SIRE_MENTION_CLASS" : "SPC"
    },
    "type" : "Grantee",
    "begin" : 444,
    "end" : 451,
    "inCoref" : false
  }, {
    "id" : "s1-m1",
    "properties" : {
      "SIRE_MENTION_ROLE" : "Grantee",
      "SIRE_ENTITY_SUBTYPE" : "NONE",
      "SIRE_MENTION_TYPE" : "NONE",
      "SIRE_MENTION_CLASS" : "SPC"
    },
    "type" : "Grantee",
    "begin" : 462,
    "end" : 478,
    "inCoref" : false
  } ],
  "relations" : [ ],
  "corefs" : [ ],
  "typeResolved" : true,
  "userResolved" : false
}