{
  "id" : "49632170-50ef-11e9-9b8e-4bc9d96d3dde-19",
  "name" : "WD165-6.txt",
  "createdDate" : 1553732427015,
  "version" : 3,
  "text" : "For and in consideration of the sum of TEN AND NO/ 100 ($10.00) DOLLARS, cash in hand paid, and other good and valuable considerations, the receipt of which is hereby acknowledged, we, EDWIN FLETCHER and wife, SARAH ANN FLETCHER this date have bargained and sold, and by these presents do transfer and convey unto WINDEL LEE MARLOW, SR. and wife, CAROLYN J. MARLOW, their heirs and assigns, a certain tract or parcel of land in the Third Civil District of Humphreys County, Tennessee, and being more particularly described as follows",
  "docLength" : 0,
  "language" : "EN",
  "status" : "SUBMITTED",
  "modifiedDate" : 1553736253174,
  "documentSet" : [ ],
  "preannotation" : [ ],
  "sentences" : [ {
    "id" : "s0",
    "begin" : 0,
    "end" : 336,
    "text" : "For and in consideration of the sum of TEN AND NO/ 100 ($10.00) DOLLARS, cash in hand paid, and other good and valuable considerations, the receipt of which is hereby acknowledged, we, EDWIN FLETCHER and wife, SARAH ANN FLETCHER this date have bargained and sold, and by these presents do transfer and convey unto WINDEL LEE MARLOW, SR.",
    "tokens" : [ {
      "id" : "s0-t0",
      "begin" : 0,
      "end" : 3,
      "text" : "For",
      "whiteSpace" : false
    }, {
      "id" : "s0-t1",
      "begin" : 4,
      "end" : 7,
      "text" : "and",
      "whiteSpace" : false
    }, {
      "id" : "s0-t2",
      "begin" : 8,
      "end" : 10,
      "text" : "in",
      "whiteSpace" : false
    }, {
      "id" : "s0-t3",
      "begin" : 11,
      "end" : 24,
      "text" : "consideration",
      "whiteSpace" : false
    }, {
      "id" : "s0-t4",
      "begin" : 25,
      "end" : 27,
      "text" : "of",
      "whiteSpace" : false
    }, {
      "id" : "s0-t5",
      "begin" : 28,
      "end" : 31,
      "text" : "the",
      "whiteSpace" : false
    }, {
      "id" : "s0-t6",
      "begin" : 32,
      "end" : 35,
      "text" : "sum",
      "whiteSpace" : false
    }, {
      "id" : "s0-t7",
      "begin" : 36,
      "end" : 38,
      "text" : "of",
      "whiteSpace" : false
    }, {
      "id" : "s0-t8",
      "begin" : 39,
      "end" : 42,
      "text" : "TEN",
      "whiteSpace" : false
    }, {
      "id" : "s0-t9",
      "begin" : 43,
      "end" : 46,
      "text" : "AND",
      "whiteSpace" : false
    }, {
      "id" : "s0-t10",
      "begin" : 47,
      "end" : 50,
      "text" : "NO/",
      "whiteSpace" : false
    }, {
      "id" : "s0-t11",
      "begin" : 51,
      "end" : 54,
      "text" : "100",
      "whiteSpace" : false
    }, {
      "id" : "s0-t12",
      "begin" : 55,
      "end" : 56,
      "text" : "(",
      "whiteSpace" : false
    }, {
      "id" : "s0-t13",
      "begin" : 56,
      "end" : 57,
      "text" : "$",
      "whiteSpace" : false
    }, {
      "id" : "s0-t14",
      "begin" : 57,
      "end" : 62,
      "text" : "10.00",
      "whiteSpace" : false
    }, {
      "id" : "s0-t15",
      "begin" : 62,
      "end" : 63,
      "text" : ")",
      "whiteSpace" : false
    }, {
      "id" : "s0-t16",
      "begin" : 64,
      "end" : 71,
      "text" : "DOLLARS",
      "whiteSpace" : false
    }, {
      "id" : "s0-t17",
      "begin" : 71,
      "end" : 72,
      "text" : ",",
      "whiteSpace" : false
    }, {
      "id" : "s0-t18",
      "begin" : 73,
      "end" : 77,
      "text" : "cash",
      "whiteSpace" : false
    }, {
      "id" : "s0-t19",
      "begin" : 78,
      "end" : 80,
      "text" : "in",
      "whiteSpace" : false
    }, {
      "id" : "s0-t20",
      "begin" : 81,
      "end" : 85,
      "text" : "hand",
      "whiteSpace" : false
    }, {
      "id" : "s0-t21",
      "begin" : 86,
      "end" : 90,
      "text" : "paid",
      "whiteSpace" : false
    }, {
      "id" : "s0-t22",
      "begin" : 90,
      "end" : 91,
      "text" : ",",
      "whiteSpace" : false
    }, {
      "id" : "s0-t23",
      "begin" : 92,
      "end" : 95,
      "text" : "and",
      "whiteSpace" : false
    }, {
      "id" : "s0-t24",
      "begin" : 96,
      "end" : 101,
      "text" : "other",
      "whiteSpace" : false
    }, {
      "id" : "s0-t25",
      "begin" : 102,
      "end" : 106,
      "text" : "good",
      "whiteSpace" : false
    }, {
      "id" : "s0-t26",
      "begin" : 107,
      "end" : 110,
      "text" : "and",
      "whiteSpace" : false
    }, {
      "id" : "s0-t27",
      "begin" : 111,
      "end" : 119,
      "text" : "valuable",
      "whiteSpace" : false
    }, {
      "id" : "s0-t28",
      "begin" : 120,
      "end" : 134,
      "text" : "considerations",
      "whiteSpace" : false
    }, {
      "id" : "s0-t29",
      "begin" : 134,
      "end" : 135,
      "text" : ",",
      "whiteSpace" : false
    }, {
      "id" : "s0-t30",
      "begin" : 136,
      "end" : 139,
      "text" : "the",
      "whiteSpace" : false
    }, {
      "id" : "s0-t31",
      "begin" : 140,
      "end" : 147,
      "text" : "receipt",
      "whiteSpace" : false
    }, {
      "id" : "s0-t32",
      "begin" : 148,
      "end" : 150,
      "text" : "of",
      "whiteSpace" : false
    }, {
      "id" : "s0-t33",
      "begin" : 151,
      "end" : 156,
      "text" : "which",
      "whiteSpace" : false
    }, {
      "id" : "s0-t34",
      "begin" : 157,
      "end" : 159,
      "text" : "is",
      "whiteSpace" : false
    }, {
      "id" : "s0-t35",
      "begin" : 160,
      "end" : 166,
      "text" : "hereby",
      "whiteSpace" : false
    }, {
      "id" : "s0-t36",
      "begin" : 167,
      "end" : 179,
      "text" : "acknowledged",
      "whiteSpace" : false
    }, {
      "id" : "s0-t37",
      "begin" : 179,
      "end" : 180,
      "text" : ",",
      "whiteSpace" : false
    }, {
      "id" : "s0-t38",
      "begin" : 181,
      "end" : 183,
      "text" : "we",
      "whiteSpace" : false
    }, {
      "id" : "s0-t39",
      "begin" : 183,
      "end" : 184,
      "text" : ",",
      "whiteSpace" : false
    }, {
      "id" : "s0-t40",
      "begin" : 185,
      "end" : 190,
      "text" : "EDWIN",
      "whiteSpace" : false
    }, {
      "id" : "s0-t41",
      "begin" : 191,
      "end" : 199,
      "text" : "FLETCHER",
      "whiteSpace" : false
    }, {
      "id" : "s0-t42",
      "begin" : 200,
      "end" : 203,
      "text" : "and",
      "whiteSpace" : false
    }, {
      "id" : "s0-t43",
      "begin" : 204,
      "end" : 208,
      "text" : "wife",
      "whiteSpace" : false
    }, {
      "id" : "s0-t44",
      "begin" : 208,
      "end" : 209,
      "text" : ",",
      "whiteSpace" : false
    }, {
      "id" : "s0-t45",
      "begin" : 210,
      "end" : 215,
      "text" : "SARAH",
      "whiteSpace" : false
    }, {
      "id" : "s0-t46",
      "begin" : 216,
      "end" : 219,
      "text" : "ANN",
      "whiteSpace" : false
    }, {
      "id" : "s0-t47",
      "begin" : 220,
      "end" : 228,
      "text" : "FLETCHER",
      "whiteSpace" : false
    }, {
      "id" : "s0-t48",
      "begin" : 229,
      "end" : 233,
      "text" : "this",
      "whiteSpace" : false
    }, {
      "id" : "s0-t49",
      "begin" : 234,
      "end" : 238,
      "text" : "date",
      "whiteSpace" : false
    }, {
      "id" : "s0-t50",
      "begin" : 239,
      "end" : 243,
      "text" : "have",
      "whiteSpace" : false
    }, {
      "id" : "s0-t51",
      "begin" : 244,
      "end" : 253,
      "text" : "bargained",
      "whiteSpace" : false
    }, {
      "id" : "s0-t52",
      "begin" : 254,
      "end" : 257,
      "text" : "and",
      "whiteSpace" : false
    }, {
      "id" : "s0-t53",
      "begin" : 258,
      "end" : 262,
      "text" : "sold",
      "whiteSpace" : false
    }, {
      "id" : "s0-t54",
      "begin" : 262,
      "end" : 263,
      "text" : ",",
      "whiteSpace" : false
    }, {
      "id" : "s0-t55",
      "begin" : 264,
      "end" : 267,
      "text" : "and",
      "whiteSpace" : false
    }, {
      "id" : "s0-t56",
      "begin" : 268,
      "end" : 270,
      "text" : "by",
      "whiteSpace" : false
    }, {
      "id" : "s0-t57",
      "begin" : 271,
      "end" : 276,
      "text" : "these",
      "whiteSpace" : false
    }, {
      "id" : "s0-t58",
      "begin" : 277,
      "end" : 285,
      "text" : "presents",
      "whiteSpace" : false
    }, {
      "id" : "s0-t59",
      "begin" : 286,
      "end" : 288,
      "text" : "do",
      "whiteSpace" : false
    }, {
      "id" : "s0-t60",
      "begin" : 289,
      "end" : 297,
      "text" : "transfer",
      "whiteSpace" : false
    }, {
      "id" : "s0-t61",
      "begin" : 298,
      "end" : 301,
      "text" : "and",
      "whiteSpace" : false
    }, {
      "id" : "s0-t62",
      "begin" : 302,
      "end" : 308,
      "text" : "convey",
      "whiteSpace" : false
    }, {
      "id" : "s0-t63",
      "begin" : 309,
      "end" : 313,
      "text" : "unto",
      "whiteSpace" : false
    }, {
      "id" : "s0-t64",
      "begin" : 314,
      "end" : 320,
      "text" : "WINDEL",
      "whiteSpace" : false
    }, {
      "id" : "s0-t65",
      "begin" : 321,
      "end" : 324,
      "text" : "LEE",
      "whiteSpace" : false
    }, {
      "id" : "s0-t66",
      "begin" : 325,
      "end" : 331,
      "text" : "MARLOW",
      "whiteSpace" : false
    }, {
      "id" : "s0-t67",
      "begin" : 331,
      "end" : 332,
      "text" : ",",
      "whiteSpace" : false
    }, {
      "id" : "s0-t68",
      "begin" : 333,
      "end" : 335,
      "text" : "SR",
      "whiteSpace" : false
    }, {
      "id" : "s0-t69",
      "begin" : 335,
      "end" : 336,
      "text" : ".",
      "whiteSpace" : false
    } ]
  }, {
    "id" : "s1",
    "begin" : 337,
    "end" : 533,
    "text" : "and wife, CAROLYN J. MARLOW, their heirs and assigns, a certain tract or parcel of land in the Third Civil District of Humphreys County, Tennessee, and being more particularly described as follows",
    "tokens" : [ {
      "id" : "s1-t0",
      "begin" : 337,
      "end" : 340,
      "text" : "and",
      "whiteSpace" : false
    }, {
      "id" : "s1-t1",
      "begin" : 341,
      "end" : 345,
      "text" : "wife",
      "whiteSpace" : false
    }, {
      "id" : "s1-t2",
      "begin" : 345,
      "end" : 346,
      "text" : ",",
      "whiteSpace" : false
    }, {
      "id" : "s1-t3",
      "begin" : 347,
      "end" : 354,
      "text" : "CAROLYN",
      "whiteSpace" : false
    }, {
      "id" : "s1-t4",
      "begin" : 355,
      "end" : 357,
      "text" : "J.",
      "whiteSpace" : false
    }, {
      "id" : "s1-t5",
      "begin" : 358,
      "end" : 364,
      "text" : "MARLOW",
      "whiteSpace" : false
    }, {
      "id" : "s1-t6",
      "begin" : 364,
      "end" : 365,
      "text" : ",",
      "whiteSpace" : false
    }, {
      "id" : "s1-t7",
      "begin" : 366,
      "end" : 371,
      "text" : "their",
      "whiteSpace" : false
    }, {
      "id" : "s1-t8",
      "begin" : 372,
      "end" : 377,
      "text" : "heirs",
      "whiteSpace" : false
    }, {
      "id" : "s1-t9",
      "begin" : 378,
      "end" : 381,
      "text" : "and",
      "whiteSpace" : false
    }, {
      "id" : "s1-t10",
      "begin" : 382,
      "end" : 389,
      "text" : "assigns",
      "whiteSpace" : false
    }, {
      "id" : "s1-t11",
      "begin" : 389,
      "end" : 390,
      "text" : ",",
      "whiteSpace" : false
    }, {
      "id" : "s1-t12",
      "begin" : 391,
      "end" : 392,
      "text" : "a",
      "whiteSpace" : false
    }, {
      "id" : "s1-t13",
      "begin" : 393,
      "end" : 400,
      "text" : "certain",
      "whiteSpace" : false
    }, {
      "id" : "s1-t14",
      "begin" : 401,
      "end" : 406,
      "text" : "tract",
      "whiteSpace" : false
    }, {
      "id" : "s1-t15",
      "begin" : 407,
      "end" : 409,
      "text" : "or",
      "whiteSpace" : false
    }, {
      "id" : "s1-t16",
      "begin" : 410,
      "end" : 416,
      "text" : "parcel",
      "whiteSpace" : false
    }, {
      "id" : "s1-t17",
      "begin" : 417,
      "end" : 419,
      "text" : "of",
      "whiteSpace" : false
    }, {
      "id" : "s1-t18",
      "begin" : 420,
      "end" : 424,
      "text" : "land",
      "whiteSpace" : false
    }, {
      "id" : "s1-t19",
      "begin" : 425,
      "end" : 427,
      "text" : "in",
      "whiteSpace" : false
    }, {
      "id" : "s1-t20",
      "begin" : 428,
      "end" : 431,
      "text" : "the",
      "whiteSpace" : false
    }, {
      "id" : "s1-t21",
      "begin" : 432,
      "end" : 437,
      "text" : "Third",
      "whiteSpace" : false
    }, {
      "id" : "s1-t22",
      "begin" : 438,
      "end" : 443,
      "text" : "Civil",
      "whiteSpace" : false
    }, {
      "id" : "s1-t23",
      "begin" : 444,
      "end" : 452,
      "text" : "District",
      "whiteSpace" : false
    }, {
      "id" : "s1-t24",
      "begin" : 453,
      "end" : 455,
      "text" : "of",
      "whiteSpace" : false
    }, {
      "id" : "s1-t25",
      "begin" : 456,
      "end" : 465,
      "text" : "Humphreys",
      "whiteSpace" : false
    }, {
      "id" : "s1-t26",
      "begin" : 466,
      "end" : 472,
      "text" : "County",
      "whiteSpace" : false
    }, {
      "id" : "s1-t27",
      "begin" : 472,
      "end" : 473,
      "text" : ",",
      "whiteSpace" : false
    }, {
      "id" : "s1-t28",
      "begin" : 474,
      "end" : 483,
      "text" : "Tennessee",
      "whiteSpace" : false
    }, {
      "id" : "s1-t29",
      "begin" : 483,
      "end" : 484,
      "text" : ",",
      "whiteSpace" : false
    }, {
      "id" : "s1-t30",
      "begin" : 485,
      "end" : 488,
      "text" : "and",
      "whiteSpace" : false
    }, {
      "id" : "s1-t31",
      "begin" : 489,
      "end" : 494,
      "text" : "being",
      "whiteSpace" : false
    }, {
      "id" : "s1-t32",
      "begin" : 495,
      "end" : 499,
      "text" : "more",
      "whiteSpace" : false
    }, {
      "id" : "s1-t33",
      "begin" : 500,
      "end" : 512,
      "text" : "particularly",
      "whiteSpace" : false
    }, {
      "id" : "s1-t34",
      "begin" : 513,
      "end" : 522,
      "text" : "described",
      "whiteSpace" : false
    }, {
      "id" : "s1-t35",
      "begin" : 523,
      "end" : 525,
      "text" : "as",
      "whiteSpace" : false
    }, {
      "id" : "s1-t36",
      "begin" : 526,
      "end" : 533,
      "text" : "follows",
      "whiteSpace" : false
    } ]
  } ],
  "mentions" : [ {
    "id" : "s0-m1",
    "properties" : {
      "SIRE_MENTION_ROLE" : "Grantor",
      "SIRE_ENTITY_SUBTYPE" : "NONE",
      "SIRE_MENTION_TYPE" : "NONE",
      "SIRE_MENTION_CLASS" : "SPC"
    },
    "type" : "Grantor",
    "begin" : 185,
    "end" : 199,
    "inCoref" : false
  }, {
    "id" : "s0-m2",
    "properties" : {
      "SIRE_MENTION_ROLE" : "Grantor",
      "SIRE_ENTITY_SUBTYPE" : "NONE",
      "SIRE_MENTION_TYPE" : "NONE",
      "SIRE_MENTION_CLASS" : "SPC"
    },
    "type" : "Grantor",
    "begin" : 210,
    "end" : 228,
    "inCoref" : false
  }, {
    "id" : "s0-m4",
    "properties" : {
      "SIRE_MENTION_ROLE" : "Grantee",
      "SIRE_ENTITY_SUBTYPE" : "NONE",
      "SIRE_MENTION_TYPE" : "NONE",
      "SIRE_MENTION_CLASS" : "SPC"
    },
    "type" : "Grantee",
    "begin" : 314,
    "end" : 336,
    "inCoref" : false
  }, {
    "id" : "s1-m1",
    "properties" : {
      "SIRE_MENTION_ROLE" : "Grantee",
      "SIRE_ENTITY_SUBTYPE" : "NONE",
      "SIRE_MENTION_TYPE" : "NONE",
      "SIRE_MENTION_CLASS" : "SPC"
    },
    "type" : "Grantee",
    "begin" : 347,
    "end" : 364,
    "inCoref" : false
  } ],
  "relations" : [ ],
  "corefs" : [ ],
  "typeResolved" : true,
  "userResolved" : false
}