{
  "id" : "51c3bea0-5686-11e9-84a6-df86f9fa5a66-7",
  "name" : "WD1-25.txt",
  "createdDate" : 0,
  "version" : 3,
  "text" : "FOR AND IN CONSIDERATION of the sum of Ten and No/loo ($10.00) Dollars, cash le hand. paid by' RICHARDSON LUMBER COMPANY, _ and other good and valuable considerations, the receipt and sufficiency of all of which WARRANTY DEED: AUSTIN RAY BELL TO RICHARDSON LUMBER COMPANY Book WD162 Page 25 #55 are hereby acknowledged, I, AUSTIN RAY BELL, a single person, i have bargained and sold and by these presents do transfer and convey unto RICHARDSON LUMBER COMPANY. its successors and assigns,x a certain tract or parcel of land in the Fifth Civil District of Humphreys County, Tennessee, as follows",
  "docLength" : 0,
  "language" : "EN",
  "status" : "SUBMITTED",
  "modifiedDate" : 1554348236862,
  "documentSet" : [ ],
  "preannotation" : [ ],
  "sentences" : [ {
    "id" : "s0",
    "begin" : 0,
    "end" : 85,
    "text" : "FOR AND IN CONSIDERATION of the sum of Ten and No/loo ($10.00) Dollars, cash le hand.",
    "tokens" : [ {
      "id" : "s0-t0",
      "begin" : 0,
      "end" : 3,
      "text" : "FOR",
      "whiteSpace" : false
    }, {
      "id" : "s0-t1",
      "begin" : 4,
      "end" : 7,
      "text" : "AND",
      "whiteSpace" : false
    }, {
      "id" : "s0-t2",
      "begin" : 8,
      "end" : 10,
      "text" : "IN",
      "whiteSpace" : false
    }, {
      "id" : "s0-t3",
      "begin" : 11,
      "end" : 24,
      "text" : "CONSIDERATION",
      "whiteSpace" : false
    }, {
      "id" : "s0-t4",
      "begin" : 25,
      "end" : 27,
      "text" : "of",
      "whiteSpace" : false
    }, {
      "id" : "s0-t5",
      "begin" : 28,
      "end" : 31,
      "text" : "the",
      "whiteSpace" : false
    }, {
      "id" : "s0-t6",
      "begin" : 32,
      "end" : 35,
      "text" : "sum",
      "whiteSpace" : false
    }, {
      "id" : "s0-t7",
      "begin" : 36,
      "end" : 38,
      "text" : "of",
      "whiteSpace" : false
    }, {
      "id" : "s0-t8",
      "begin" : 39,
      "end" : 42,
      "text" : "Ten",
      "whiteSpace" : false
    }, {
      "id" : "s0-t9",
      "begin" : 43,
      "end" : 46,
      "text" : "and",
      "whiteSpace" : false
    }, {
      "id" : "s0-t10",
      "begin" : 47,
      "end" : 49,
      "text" : "No",
      "whiteSpace" : false
    }, {
      "id" : "s0-t11",
      "begin" : 49,
      "end" : 50,
      "text" : "/",
      "whiteSpace" : false
    }, {
      "id" : "s0-t12",
      "begin" : 50,
      "end" : 53,
      "text" : "loo",
      "whiteSpace" : false
    }, {
      "id" : "s0-t13",
      "begin" : 54,
      "end" : 55,
      "text" : "(",
      "whiteSpace" : false
    }, {
      "id" : "s0-t14",
      "begin" : 55,
      "end" : 56,
      "text" : "$",
      "whiteSpace" : false
    }, {
      "id" : "s0-t15",
      "begin" : 56,
      "end" : 61,
      "text" : "10.00",
      "whiteSpace" : false
    }, {
      "id" : "s0-t16",
      "begin" : 61,
      "end" : 62,
      "text" : ")",
      "whiteSpace" : false
    }, {
      "id" : "s0-t17",
      "begin" : 63,
      "end" : 70,
      "text" : "Dollars",
      "whiteSpace" : false
    }, {
      "id" : "s0-t18",
      "begin" : 70,
      "end" : 71,
      "text" : ",",
      "whiteSpace" : false
    }, {
      "id" : "s0-t19",
      "begin" : 72,
      "end" : 76,
      "text" : "cash",
      "whiteSpace" : false
    }, {
      "id" : "s0-t20",
      "begin" : 77,
      "end" : 79,
      "text" : "le",
      "whiteSpace" : false
    }, {
      "id" : "s0-t21",
      "begin" : 80,
      "end" : 84,
      "text" : "hand",
      "whiteSpace" : false
    }, {
      "id" : "s0-t22",
      "begin" : 84,
      "end" : 85,
      "text" : ".",
      "whiteSpace" : false
    } ]
  }, {
    "id" : "s1",
    "begin" : 86,
    "end" : 459,
    "text" : "paid by' RICHARDSON LUMBER COMPANY, _ and other good and valuable considerations, the receipt and sufficiency of all of which WARRANTY DEED: AUSTIN RAY BELL TO RICHARDSON LUMBER COMPANY Book WD162 Page 25 #55 are hereby acknowledged, I, AUSTIN RAY BELL, a single person, i have bargained and sold and by these presents do transfer and convey unto RICHARDSON LUMBER COMPANY.",
    "tokens" : [ {
      "id" : "s1-t0",
      "begin" : 86,
      "end" : 90,
      "text" : "paid",
      "whiteSpace" : false
    }, {
      "id" : "s1-t1",
      "begin" : 91,
      "end" : 93,
      "text" : "by",
      "whiteSpace" : false
    }, {
      "id" : "s1-t2",
      "begin" : 93,
      "end" : 94,
      "text" : "'",
      "whiteSpace" : false
    }, {
      "id" : "s1-t3",
      "begin" : 95,
      "end" : 105,
      "text" : "RICHARDSON",
      "whiteSpace" : false
    }, {
      "id" : "s1-t4",
      "begin" : 106,
      "end" : 112,
      "text" : "LUMBER",
      "whiteSpace" : false
    }, {
      "id" : "s1-t5",
      "begin" : 113,
      "end" : 120,
      "text" : "COMPANY",
      "whiteSpace" : false
    }, {
      "id" : "s1-t6",
      "begin" : 120,
      "end" : 121,
      "text" : ",",
      "whiteSpace" : false
    }, {
      "id" : "s1-t7",
      "begin" : 122,
      "end" : 123,
      "text" : "_",
      "whiteSpace" : false
    }, {
      "id" : "s1-t8",
      "begin" : 124,
      "end" : 127,
      "text" : "and",
      "whiteSpace" : false
    }, {
      "id" : "s1-t9",
      "begin" : 128,
      "end" : 133,
      "text" : "other",
      "whiteSpace" : false
    }, {
      "id" : "s1-t10",
      "begin" : 134,
      "end" : 138,
      "text" : "good",
      "whiteSpace" : false
    }, {
      "id" : "s1-t11",
      "begin" : 139,
      "end" : 142,
      "text" : "and",
      "whiteSpace" : false
    }, {
      "id" : "s1-t12",
      "begin" : 143,
      "end" : 151,
      "text" : "valuable",
      "whiteSpace" : false
    }, {
      "id" : "s1-t13",
      "begin" : 152,
      "end" : 166,
      "text" : "considerations",
      "whiteSpace" : false
    }, {
      "id" : "s1-t14",
      "begin" : 166,
      "end" : 167,
      "text" : ",",
      "whiteSpace" : false
    }, {
      "id" : "s1-t15",
      "begin" : 168,
      "end" : 171,
      "text" : "the",
      "whiteSpace" : false
    }, {
      "id" : "s1-t16",
      "begin" : 172,
      "end" : 179,
      "text" : "receipt",
      "whiteSpace" : false
    }, {
      "id" : "s1-t17",
      "begin" : 180,
      "end" : 183,
      "text" : "and",
      "whiteSpace" : false
    }, {
      "id" : "s1-t18",
      "begin" : 184,
      "end" : 195,
      "text" : "sufficiency",
      "whiteSpace" : false
    }, {
      "id" : "s1-t19",
      "begin" : 196,
      "end" : 198,
      "text" : "of",
      "whiteSpace" : false
    }, {
      "id" : "s1-t20",
      "begin" : 199,
      "end" : 202,
      "text" : "all",
      "whiteSpace" : false
    }, {
      "id" : "s1-t21",
      "begin" : 203,
      "end" : 205,
      "text" : "of",
      "whiteSpace" : false
    }, {
      "id" : "s1-t22",
      "begin" : 206,
      "end" : 211,
      "text" : "which",
      "whiteSpace" : false
    }, {
      "id" : "s1-t23",
      "begin" : 212,
      "end" : 220,
      "text" : "WARRANTY",
      "whiteSpace" : false
    }, {
      "id" : "s1-t24",
      "begin" : 221,
      "end" : 225,
      "text" : "DEED",
      "whiteSpace" : false
    }, {
      "id" : "s1-t25",
      "begin" : 225,
      "end" : 226,
      "text" : ":",
      "whiteSpace" : false
    }, {
      "id" : "s1-t26",
      "begin" : 227,
      "end" : 233,
      "text" : "AUSTIN",
      "whiteSpace" : false
    }, {
      "id" : "s1-t27",
      "begin" : 234,
      "end" : 237,
      "text" : "RAY",
      "whiteSpace" : false
    }, {
      "id" : "s1-t28",
      "begin" : 238,
      "end" : 242,
      "text" : "BELL",
      "whiteSpace" : false
    }, {
      "id" : "s1-t29",
      "begin" : 243,
      "end" : 245,
      "text" : "TO",
      "whiteSpace" : false
    }, {
      "id" : "s1-t30",
      "begin" : 246,
      "end" : 256,
      "text" : "RICHARDSON",
      "whiteSpace" : false
    }, {
      "id" : "s1-t31",
      "begin" : 257,
      "end" : 263,
      "text" : "LUMBER",
      "whiteSpace" : false
    }, {
      "id" : "s1-t32",
      "begin" : 264,
      "end" : 271,
      "text" : "COMPANY",
      "whiteSpace" : false
    }, {
      "id" : "s1-t33",
      "begin" : 272,
      "end" : 276,
      "text" : "Book",
      "whiteSpace" : false
    }, {
      "id" : "s1-t34",
      "begin" : 277,
      "end" : 282,
      "text" : "WD162",
      "whiteSpace" : false
    }, {
      "id" : "s1-t35",
      "begin" : 283,
      "end" : 287,
      "text" : "Page",
      "whiteSpace" : false
    }, {
      "id" : "s1-t36",
      "begin" : 288,
      "end" : 290,
      "text" : "25",
      "whiteSpace" : false
    }, {
      "id" : "s1-t37",
      "begin" : 291,
      "end" : 294,
      "text" : "#55",
      "whiteSpace" : false
    }, {
      "id" : "s1-t38",
      "begin" : 295,
      "end" : 298,
      "text" : "are",
      "whiteSpace" : false
    }, {
      "id" : "s1-t39",
      "begin" : 299,
      "end" : 305,
      "text" : "hereby",
      "whiteSpace" : false
    }, {
      "id" : "s1-t40",
      "begin" : 306,
      "end" : 318,
      "text" : "acknowledged",
      "whiteSpace" : false
    }, {
      "id" : "s1-t41",
      "begin" : 318,
      "end" : 319,
      "text" : ",",
      "whiteSpace" : false
    }, {
      "id" : "s1-t42",
      "begin" : 320,
      "end" : 321,
      "text" : "I",
      "whiteSpace" : false
    }, {
      "id" : "s1-t43",
      "begin" : 321,
      "end" : 322,
      "text" : ",",
      "whiteSpace" : false
    }, {
      "id" : "s1-t44",
      "begin" : 323,
      "end" : 329,
      "text" : "AUSTIN",
      "whiteSpace" : false
    }, {
      "id" : "s1-t45",
      "begin" : 330,
      "end" : 333,
      "text" : "RAY",
      "whiteSpace" : false
    }, {
      "id" : "s1-t46",
      "begin" : 334,
      "end" : 338,
      "text" : "BELL",
      "whiteSpace" : false
    }, {
      "id" : "s1-t47",
      "begin" : 338,
      "end" : 339,
      "text" : ",",
      "whiteSpace" : false
    }, {
      "id" : "s1-t48",
      "begin" : 340,
      "end" : 341,
      "text" : "a",
      "whiteSpace" : false
    }, {
      "id" : "s1-t49",
      "begin" : 342,
      "end" : 348,
      "text" : "single",
      "whiteSpace" : false
    }, {
      "id" : "s1-t50",
      "begin" : 349,
      "end" : 355,
      "text" : "person",
      "whiteSpace" : false
    }, {
      "id" : "s1-t51",
      "begin" : 355,
      "end" : 356,
      "text" : ",",
      "whiteSpace" : false
    }, {
      "id" : "s1-t52",
      "begin" : 357,
      "end" : 358,
      "text" : "i",
      "whiteSpace" : false
    }, {
      "id" : "s1-t53",
      "begin" : 359,
      "end" : 363,
      "text" : "have",
      "whiteSpace" : false
    }, {
      "id" : "s1-t54",
      "begin" : 364,
      "end" : 373,
      "text" : "bargained",
      "whiteSpace" : false
    }, {
      "id" : "s1-t55",
      "begin" : 374,
      "end" : 377,
      "text" : "and",
      "whiteSpace" : false
    }, {
      "id" : "s1-t56",
      "begin" : 378,
      "end" : 382,
      "text" : "sold",
      "whiteSpace" : false
    }, {
      "id" : "s1-t57",
      "begin" : 383,
      "end" : 386,
      "text" : "and",
      "whiteSpace" : false
    }, {
      "id" : "s1-t58",
      "begin" : 387,
      "end" : 389,
      "text" : "by",
      "whiteSpace" : false
    }, {
      "id" : "s1-t59",
      "begin" : 390,
      "end" : 395,
      "text" : "these",
      "whiteSpace" : false
    }, {
      "id" : "s1-t60",
      "begin" : 396,
      "end" : 404,
      "text" : "presents",
      "whiteSpace" : false
    }, {
      "id" : "s1-t61",
      "begin" : 405,
      "end" : 407,
      "text" : "do",
      "whiteSpace" : false
    }, {
      "id" : "s1-t62",
      "begin" : 408,
      "end" : 416,
      "text" : "transfer",
      "whiteSpace" : false
    }, {
      "id" : "s1-t63",
      "begin" : 417,
      "end" : 420,
      "text" : "and",
      "whiteSpace" : false
    }, {
      "id" : "s1-t64",
      "begin" : 421,
      "end" : 427,
      "text" : "convey",
      "whiteSpace" : false
    }, {
      "id" : "s1-t65",
      "begin" : 428,
      "end" : 432,
      "text" : "unto",
      "whiteSpace" : false
    }, {
      "id" : "s1-t66",
      "begin" : 433,
      "end" : 443,
      "text" : "RICHARDSON",
      "whiteSpace" : false
    }, {
      "id" : "s1-t67",
      "begin" : 444,
      "end" : 450,
      "text" : "LUMBER",
      "whiteSpace" : false
    }, {
      "id" : "s1-t68",
      "begin" : 451,
      "end" : 458,
      "text" : "COMPANY",
      "whiteSpace" : false
    }, {
      "id" : "s1-t69",
      "begin" : 458,
      "end" : 459,
      "text" : ".",
      "whiteSpace" : false
    } ]
  }, {
    "id" : "s2",
    "begin" : 460,
    "end" : 593,
    "text" : "its successors and assigns,x a certain tract or parcel of land in the Fifth Civil District of Humphreys County, Tennessee, as follows",
    "tokens" : [ {
      "id" : "s2-t0",
      "begin" : 460,
      "end" : 463,
      "text" : "its",
      "whiteSpace" : false
    }, {
      "id" : "s2-t1",
      "begin" : 464,
      "end" : 474,
      "text" : "successors",
      "whiteSpace" : false
    }, {
      "id" : "s2-t2",
      "begin" : 475,
      "end" : 478,
      "text" : "and",
      "whiteSpace" : false
    }, {
      "id" : "s2-t3",
      "begin" : 479,
      "end" : 486,
      "text" : "assigns",
      "whiteSpace" : false
    }, {
      "id" : "s2-t4",
      "begin" : 486,
      "end" : 487,
      "text" : ",",
      "whiteSpace" : false
    }, {
      "id" : "s2-t5",
      "begin" : 487,
      "end" : 488,
      "text" : "x",
      "whiteSpace" : false
    }, {
      "id" : "s2-t6",
      "begin" : 489,
      "end" : 490,
      "text" : "a",
      "whiteSpace" : false
    }, {
      "id" : "s2-t7",
      "begin" : 491,
      "end" : 498,
      "text" : "certain",
      "whiteSpace" : false
    }, {
      "id" : "s2-t8",
      "begin" : 499,
      "end" : 504,
      "text" : "tract",
      "whiteSpace" : false
    }, {
      "id" : "s2-t9",
      "begin" : 505,
      "end" : 507,
      "text" : "or",
      "whiteSpace" : false
    }, {
      "id" : "s2-t10",
      "begin" : 508,
      "end" : 514,
      "text" : "parcel",
      "whiteSpace" : false
    }, {
      "id" : "s2-t11",
      "begin" : 515,
      "end" : 517,
      "text" : "of",
      "whiteSpace" : false
    }, {
      "id" : "s2-t12",
      "begin" : 518,
      "end" : 522,
      "text" : "land",
      "whiteSpace" : false
    }, {
      "id" : "s2-t13",
      "begin" : 523,
      "end" : 525,
      "text" : "in",
      "whiteSpace" : false
    }, {
      "id" : "s2-t14",
      "begin" : 526,
      "end" : 529,
      "text" : "the",
      "whiteSpace" : false
    }, {
      "id" : "s2-t15",
      "begin" : 530,
      "end" : 535,
      "text" : "Fifth",
      "whiteSpace" : false
    }, {
      "id" : "s2-t16",
      "begin" : 536,
      "end" : 541,
      "text" : "Civil",
      "whiteSpace" : false
    }, {
      "id" : "s2-t17",
      "begin" : 542,
      "end" : 550,
      "text" : "District",
      "whiteSpace" : false
    }, {
      "id" : "s2-t18",
      "begin" : 551,
      "end" : 553,
      "text" : "of",
      "whiteSpace" : false
    }, {
      "id" : "s2-t19",
      "begin" : 554,
      "end" : 563,
      "text" : "Humphreys",
      "whiteSpace" : false
    }, {
      "id" : "s2-t20",
      "begin" : 564,
      "end" : 570,
      "text" : "County",
      "whiteSpace" : false
    }, {
      "id" : "s2-t21",
      "begin" : 570,
      "end" : 571,
      "text" : ",",
      "whiteSpace" : false
    }, {
      "id" : "s2-t22",
      "begin" : 572,
      "end" : 581,
      "text" : "Tennessee",
      "whiteSpace" : false
    }, {
      "id" : "s2-t23",
      "begin" : 581,
      "end" : 582,
      "text" : ",",
      "whiteSpace" : false
    }, {
      "id" : "s2-t24",
      "begin" : 583,
      "end" : 585,
      "text" : "as",
      "whiteSpace" : false
    }, {
      "id" : "s2-t25",
      "begin" : 586,
      "end" : 593,
      "text" : "follows",
      "whiteSpace" : false
    } ]
  } ],
  "mentions" : [ {
    "id" : "s1-m5",
    "properties" : {
      "SIRE_MENTION_ROLE" : "Grantee",
      "SIRE_ENTITY_SUBTYPE" : "NONE",
      "SIRE_MENTION_TYPE" : "NONE",
      "SIRE_MENTION_CLASS" : "SPC"
    },
    "type" : "Grantee",
    "begin" : 95,
    "end" : 120,
    "inCoref" : false
  }, {
    "id" : "s1-m3",
    "properties" : {
      "SIRE_MENTION_ROLE" : "Grantor",
      "SIRE_ENTITY_SUBTYPE" : "NONE",
      "SIRE_MENTION_TYPE" : "NONE",
      "SIRE_MENTION_CLASS" : "SPC"
    },
    "type" : "Grantor",
    "begin" : 227,
    "end" : 242,
    "inCoref" : false
  }, {
    "id" : "s1-m4",
    "properties" : {
      "SIRE_MENTION_ROLE" : "Grantee",
      "SIRE_ENTITY_SUBTYPE" : "NONE",
      "SIRE_MENTION_TYPE" : "NONE",
      "SIRE_MENTION_CLASS" : "SPC"
    },
    "type" : "Grantee",
    "begin" : 246,
    "end" : 271,
    "inCoref" : false
  }, {
    "id" : "s1-m1",
    "properties" : {
      "SIRE_MENTION_ROLE" : "Grantor",
      "SIRE_ENTITY_SUBTYPE" : "NONE",
      "SIRE_MENTION_TYPE" : "NONE",
      "SIRE_MENTION_CLASS" : "SPC"
    },
    "type" : "Grantor",
    "begin" : 323,
    "end" : 338,
    "inCoref" : false
  }, {
    "id" : "s1-m2",
    "properties" : {
      "SIRE_MENTION_ROLE" : "Grantee",
      "SIRE_ENTITY_SUBTYPE" : "NONE",
      "SIRE_MENTION_TYPE" : "NONE",
      "SIRE_MENTION_CLASS" : "SPC"
    },
    "type" : "Grantee",
    "begin" : 433,
    "end" : 458,
    "inCoref" : false
  } ],
  "relations" : [ ],
  "corefs" : [ ],
  "typeResolved" : true,
  "userResolved" : false
}