{
  "id" : "51c3bea0-5686-11e9-84a6-df86f9fa5a66-1",
  "name" : "WD1-24.txt",
  "createdDate" : 0,
  "version" : 3,
  "text" : "For and in consideration of the sum of TEN AND NO/100 ($10.00) DOLLARS, cash in hand paid, and other good and valuable considerations, the receipt of which is hereby acknowledged, I, MAURICE J. IDPER, Trustee of the Maurice J. Ioper Trust, this date have bargained and sold, and by these presents do transfer and convey unto RICHARD C. BRADLEY and wife, LEOLA DEE BRADLEY, their heirs and assigns, a certain tract or parcel of land in the First Civil District of HUmphreys County, Tennessee, and being more particularly described as follows",
  "docLength" : 0,
  "language" : "EN",
  "status" : "SUBMITTED",
  "modifiedDate" : 1554348058917,
  "documentSet" : [ ],
  "preannotation" : [ ],
  "sentences" : [ {
    "id" : "s0",
    "begin" : 0,
    "end" : 540,
    "text" : "For and in consideration of the sum of TEN AND NO/100 ($10.00) DOLLARS, cash in hand paid, and other good and valuable considerations, the receipt of which is hereby acknowledged, I, MAURICE J. IDPER, Trustee of the Maurice J. Ioper Trust, this date have bargained and sold, and by these presents do transfer and convey unto RICHARD C. BRADLEY and wife, LEOLA DEE BRADLEY, their heirs and assigns, a certain tract or parcel of land in the First Civil District of HUmphreys County, Tennessee, and being more particularly described as follows",
    "tokens" : [ {
      "id" : "s0-t0",
      "begin" : 0,
      "end" : 3,
      "text" : "For",
      "whiteSpace" : false
    }, {
      "id" : "s0-t1",
      "begin" : 4,
      "end" : 7,
      "text" : "and",
      "whiteSpace" : false
    }, {
      "id" : "s0-t2",
      "begin" : 8,
      "end" : 10,
      "text" : "in",
      "whiteSpace" : false
    }, {
      "id" : "s0-t3",
      "begin" : 11,
      "end" : 24,
      "text" : "consideration",
      "whiteSpace" : false
    }, {
      "id" : "s0-t4",
      "begin" : 25,
      "end" : 27,
      "text" : "of",
      "whiteSpace" : false
    }, {
      "id" : "s0-t5",
      "begin" : 28,
      "end" : 31,
      "text" : "the",
      "whiteSpace" : false
    }, {
      "id" : "s0-t6",
      "begin" : 32,
      "end" : 35,
      "text" : "sum",
      "whiteSpace" : false
    }, {
      "id" : "s0-t7",
      "begin" : 36,
      "end" : 38,
      "text" : "of",
      "whiteSpace" : false
    }, {
      "id" : "s0-t8",
      "begin" : 39,
      "end" : 42,
      "text" : "TEN",
      "whiteSpace" : false
    }, {
      "id" : "s0-t9",
      "begin" : 43,
      "end" : 46,
      "text" : "AND",
      "whiteSpace" : false
    }, {
      "id" : "s0-t10",
      "begin" : 47,
      "end" : 53,
      "text" : "NO/100",
      "whiteSpace" : false
    }, {
      "id" : "s0-t11",
      "begin" : 54,
      "end" : 55,
      "text" : "(",
      "whiteSpace" : false
    }, {
      "id" : "s0-t12",
      "begin" : 55,
      "end" : 56,
      "text" : "$",
      "whiteSpace" : false
    }, {
      "id" : "s0-t13",
      "begin" : 56,
      "end" : 61,
      "text" : "10.00",
      "whiteSpace" : false
    }, {
      "id" : "s0-t14",
      "begin" : 61,
      "end" : 62,
      "text" : ")",
      "whiteSpace" : false
    }, {
      "id" : "s0-t15",
      "begin" : 63,
      "end" : 70,
      "text" : "DOLLARS",
      "whiteSpace" : false
    }, {
      "id" : "s0-t16",
      "begin" : 70,
      "end" : 71,
      "text" : ",",
      "whiteSpace" : false
    }, {
      "id" : "s0-t17",
      "begin" : 72,
      "end" : 76,
      "text" : "cash",
      "whiteSpace" : false
    }, {
      "id" : "s0-t18",
      "begin" : 77,
      "end" : 79,
      "text" : "in",
      "whiteSpace" : false
    }, {
      "id" : "s0-t19",
      "begin" : 80,
      "end" : 84,
      "text" : "hand",
      "whiteSpace" : false
    }, {
      "id" : "s0-t20",
      "begin" : 85,
      "end" : 89,
      "text" : "paid",
      "whiteSpace" : false
    }, {
      "id" : "s0-t21",
      "begin" : 89,
      "end" : 90,
      "text" : ",",
      "whiteSpace" : false
    }, {
      "id" : "s0-t22",
      "begin" : 91,
      "end" : 94,
      "text" : "and",
      "whiteSpace" : false
    }, {
      "id" : "s0-t23",
      "begin" : 95,
      "end" : 100,
      "text" : "other",
      "whiteSpace" : false
    }, {
      "id" : "s0-t24",
      "begin" : 101,
      "end" : 105,
      "text" : "good",
      "whiteSpace" : false
    }, {
      "id" : "s0-t25",
      "begin" : 106,
      "end" : 109,
      "text" : "and",
      "whiteSpace" : false
    }, {
      "id" : "s0-t26",
      "begin" : 110,
      "end" : 118,
      "text" : "valuable",
      "whiteSpace" : false
    }, {
      "id" : "s0-t27",
      "begin" : 119,
      "end" : 133,
      "text" : "considerations",
      "whiteSpace" : false
    }, {
      "id" : "s0-t28",
      "begin" : 133,
      "end" : 134,
      "text" : ",",
      "whiteSpace" : false
    }, {
      "id" : "s0-t29",
      "begin" : 135,
      "end" : 138,
      "text" : "the",
      "whiteSpace" : false
    }, {
      "id" : "s0-t30",
      "begin" : 139,
      "end" : 146,
      "text" : "receipt",
      "whiteSpace" : false
    }, {
      "id" : "s0-t31",
      "begin" : 147,
      "end" : 149,
      "text" : "of",
      "whiteSpace" : false
    }, {
      "id" : "s0-t32",
      "begin" : 150,
      "end" : 155,
      "text" : "which",
      "whiteSpace" : false
    }, {
      "id" : "s0-t33",
      "begin" : 156,
      "end" : 158,
      "text" : "is",
      "whiteSpace" : false
    }, {
      "id" : "s0-t34",
      "begin" : 159,
      "end" : 165,
      "text" : "hereby",
      "whiteSpace" : false
    }, {
      "id" : "s0-t35",
      "begin" : 166,
      "end" : 178,
      "text" : "acknowledged",
      "whiteSpace" : false
    }, {
      "id" : "s0-t36",
      "begin" : 178,
      "end" : 179,
      "text" : ",",
      "whiteSpace" : false
    }, {
      "id" : "s0-t37",
      "begin" : 180,
      "end" : 181,
      "text" : "I",
      "whiteSpace" : false
    }, {
      "id" : "s0-t38",
      "begin" : 181,
      "end" : 182,
      "text" : ",",
      "whiteSpace" : false
    }, {
      "id" : "s0-t39",
      "begin" : 183,
      "end" : 190,
      "text" : "MAURICE",
      "whiteSpace" : false
    }, {
      "id" : "s0-t40",
      "begin" : 191,
      "end" : 193,
      "text" : "J.",
      "whiteSpace" : false
    }, {
      "id" : "s0-t41",
      "begin" : 194,
      "end" : 199,
      "text" : "IDPER",
      "whiteSpace" : false
    }, {
      "id" : "s0-t42",
      "begin" : 199,
      "end" : 200,
      "text" : ",",
      "whiteSpace" : false
    }, {
      "id" : "s0-t43",
      "begin" : 201,
      "end" : 208,
      "text" : "Trustee",
      "whiteSpace" : false
    }, {
      "id" : "s0-t44",
      "begin" : 209,
      "end" : 211,
      "text" : "of",
      "whiteSpace" : false
    }, {
      "id" : "s0-t45",
      "begin" : 212,
      "end" : 215,
      "text" : "the",
      "whiteSpace" : false
    }, {
      "id" : "s0-t46",
      "begin" : 216,
      "end" : 223,
      "text" : "Maurice",
      "whiteSpace" : false
    }, {
      "id" : "s0-t47",
      "begin" : 224,
      "end" : 226,
      "text" : "J.",
      "whiteSpace" : false
    }, {
      "id" : "s0-t48",
      "begin" : 227,
      "end" : 232,
      "text" : "Ioper",
      "whiteSpace" : false
    }, {
      "id" : "s0-t49",
      "begin" : 233,
      "end" : 238,
      "text" : "Trust",
      "whiteSpace" : false
    }, {
      "id" : "s0-t50",
      "begin" : 238,
      "end" : 239,
      "text" : ",",
      "whiteSpace" : false
    }, {
      "id" : "s0-t51",
      "begin" : 240,
      "end" : 244,
      "text" : "this",
      "whiteSpace" : false
    }, {
      "id" : "s0-t52",
      "begin" : 245,
      "end" : 249,
      "text" : "date",
      "whiteSpace" : false
    }, {
      "id" : "s0-t53",
      "begin" : 250,
      "end" : 254,
      "text" : "have",
      "whiteSpace" : false
    }, {
      "id" : "s0-t54",
      "begin" : 255,
      "end" : 264,
      "text" : "bargained",
      "whiteSpace" : false
    }, {
      "id" : "s0-t55",
      "begin" : 265,
      "end" : 268,
      "text" : "and",
      "whiteSpace" : false
    }, {
      "id" : "s0-t56",
      "begin" : 269,
      "end" : 273,
      "text" : "sold",
      "whiteSpace" : false
    }, {
      "id" : "s0-t57",
      "begin" : 273,
      "end" : 274,
      "text" : ",",
      "whiteSpace" : false
    }, {
      "id" : "s0-t58",
      "begin" : 275,
      "end" : 278,
      "text" : "and",
      "whiteSpace" : false
    }, {
      "id" : "s0-t59",
      "begin" : 279,
      "end" : 281,
      "text" : "by",
      "whiteSpace" : false
    }, {
      "id" : "s0-t60",
      "begin" : 282,
      "end" : 287,
      "text" : "these",
      "whiteSpace" : false
    }, {
      "id" : "s0-t61",
      "begin" : 288,
      "end" : 296,
      "text" : "presents",
      "whiteSpace" : false
    }, {
      "id" : "s0-t62",
      "begin" : 297,
      "end" : 299,
      "text" : "do",
      "whiteSpace" : false
    }, {
      "id" : "s0-t63",
      "begin" : 300,
      "end" : 308,
      "text" : "transfer",
      "whiteSpace" : false
    }, {
      "id" : "s0-t64",
      "begin" : 309,
      "end" : 312,
      "text" : "and",
      "whiteSpace" : false
    }, {
      "id" : "s0-t65",
      "begin" : 313,
      "end" : 319,
      "text" : "convey",
      "whiteSpace" : false
    }, {
      "id" : "s0-t66",
      "begin" : 320,
      "end" : 324,
      "text" : "unto",
      "whiteSpace" : false
    }, {
      "id" : "s0-t67",
      "begin" : 325,
      "end" : 332,
      "text" : "RICHARD",
      "whiteSpace" : false
    }, {
      "id" : "s0-t68",
      "begin" : 333,
      "end" : 335,
      "text" : "C.",
      "whiteSpace" : false
    }, {
      "id" : "s0-t69",
      "begin" : 336,
      "end" : 343,
      "text" : "BRADLEY",
      "whiteSpace" : false
    }, {
      "id" : "s0-t70",
      "begin" : 344,
      "end" : 347,
      "text" : "and",
      "whiteSpace" : false
    }, {
      "id" : "s0-t71",
      "begin" : 348,
      "end" : 352,
      "text" : "wife",
      "whiteSpace" : false
    }, {
      "id" : "s0-t72",
      "begin" : 352,
      "end" : 353,
      "text" : ",",
      "whiteSpace" : false
    }, {
      "id" : "s0-t73",
      "begin" : 354,
      "end" : 359,
      "text" : "LEOLA",
      "whiteSpace" : false
    }, {
      "id" : "s0-t74",
      "begin" : 360,
      "end" : 363,
      "text" : "DEE",
      "whiteSpace" : false
    }, {
      "id" : "s0-t75",
      "begin" : 364,
      "end" : 371,
      "text" : "BRADLEY",
      "whiteSpace" : false
    }, {
      "id" : "s0-t76",
      "begin" : 371,
      "end" : 372,
      "text" : ",",
      "whiteSpace" : false
    }, {
      "id" : "s0-t77",
      "begin" : 373,
      "end" : 378,
      "text" : "their",
      "whiteSpace" : false
    }, {
      "id" : "s0-t78",
      "begin" : 379,
      "end" : 384,
      "text" : "heirs",
      "whiteSpace" : false
    }, {
      "id" : "s0-t79",
      "begin" : 385,
      "end" : 388,
      "text" : "and",
      "whiteSpace" : false
    }, {
      "id" : "s0-t80",
      "begin" : 389,
      "end" : 396,
      "text" : "assigns",
      "whiteSpace" : false
    }, {
      "id" : "s0-t81",
      "begin" : 396,
      "end" : 397,
      "text" : ",",
      "whiteSpace" : false
    }, {
      "id" : "s0-t82",
      "begin" : 398,
      "end" : 399,
      "text" : "a",
      "whiteSpace" : false
    }, {
      "id" : "s0-t83",
      "begin" : 400,
      "end" : 407,
      "text" : "certain",
      "whiteSpace" : false
    }, {
      "id" : "s0-t84",
      "begin" : 408,
      "end" : 413,
      "text" : "tract",
      "whiteSpace" : false
    }, {
      "id" : "s0-t85",
      "begin" : 414,
      "end" : 416,
      "text" : "or",
      "whiteSpace" : false
    }, {
      "id" : "s0-t86",
      "begin" : 417,
      "end" : 423,
      "text" : "parcel",
      "whiteSpace" : false
    }, {
      "id" : "s0-t87",
      "begin" : 424,
      "end" : 426,
      "text" : "of",
      "whiteSpace" : false
    }, {
      "id" : "s0-t88",
      "begin" : 427,
      "end" : 431,
      "text" : "land",
      "whiteSpace" : false
    }, {
      "id" : "s0-t89",
      "begin" : 432,
      "end" : 434,
      "text" : "in",
      "whiteSpace" : false
    }, {
      "id" : "s0-t90",
      "begin" : 435,
      "end" : 438,
      "text" : "the",
      "whiteSpace" : false
    }, {
      "id" : "s0-t91",
      "begin" : 439,
      "end" : 444,
      "text" : "First",
      "whiteSpace" : false
    }, {
      "id" : "s0-t92",
      "begin" : 445,
      "end" : 450,
      "text" : "Civil",
      "whiteSpace" : false
    }, {
      "id" : "s0-t93",
      "begin" : 451,
      "end" : 459,
      "text" : "District",
      "whiteSpace" : false
    }, {
      "id" : "s0-t94",
      "begin" : 460,
      "end" : 462,
      "text" : "of",
      "whiteSpace" : false
    }, {
      "id" : "s0-t95",
      "begin" : 463,
      "end" : 472,
      "text" : "HUmphreys",
      "whiteSpace" : false
    }, {
      "id" : "s0-t96",
      "begin" : 473,
      "end" : 479,
      "text" : "County",
      "whiteSpace" : false
    }, {
      "id" : "s0-t97",
      "begin" : 479,
      "end" : 480,
      "text" : ",",
      "whiteSpace" : false
    }, {
      "id" : "s0-t98",
      "begin" : 481,
      "end" : 490,
      "text" : "Tennessee",
      "whiteSpace" : false
    }, {
      "id" : "s0-t99",
      "begin" : 490,
      "end" : 491,
      "text" : ",",
      "whiteSpace" : false
    }, {
      "id" : "s0-t100",
      "begin" : 492,
      "end" : 495,
      "text" : "and",
      "whiteSpace" : false
    }, {
      "id" : "s0-t101",
      "begin" : 496,
      "end" : 501,
      "text" : "being",
      "whiteSpace" : false
    }, {
      "id" : "s0-t102",
      "begin" : 502,
      "end" : 506,
      "text" : "more",
      "whiteSpace" : false
    }, {
      "id" : "s0-t103",
      "begin" : 507,
      "end" : 519,
      "text" : "particularly",
      "whiteSpace" : false
    }, {
      "id" : "s0-t104",
      "begin" : 520,
      "end" : 529,
      "text" : "described",
      "whiteSpace" : false
    }, {
      "id" : "s0-t105",
      "begin" : 530,
      "end" : 532,
      "text" : "as",
      "whiteSpace" : false
    }, {
      "id" : "s0-t106",
      "begin" : 533,
      "end" : 540,
      "text" : "follows",
      "whiteSpace" : false
    } ]
  } ],
  "mentions" : [ {
    "id" : "s0-m1",
    "properties" : {
      "SIRE_MENTION_ROLE" : "Grantor",
      "SIRE_ENTITY_SUBTYPE" : "NONE",
      "SIRE_MENTION_TYPE" : "NONE",
      "SIRE_MENTION_CLASS" : "SPC"
    },
    "type" : "Grantor",
    "begin" : 183,
    "end" : 199,
    "inCoref" : false
  }, {
    "id" : "s0-m2",
    "properties" : {
      "SIRE_MENTION_ROLE" : "Grantee",
      "SIRE_ENTITY_SUBTYPE" : "NONE",
      "SIRE_MENTION_TYPE" : "NONE",
      "SIRE_MENTION_CLASS" : "SPC"
    },
    "type" : "Grantee",
    "begin" : 325,
    "end" : 343,
    "inCoref" : false
  }, {
    "id" : "s0-m3",
    "properties" : {
      "SIRE_MENTION_ROLE" : "Grantee",
      "SIRE_ENTITY_SUBTYPE" : "NONE",
      "SIRE_MENTION_TYPE" : "NONE",
      "SIRE_MENTION_CLASS" : "SPC"
    },
    "type" : "Grantee",
    "begin" : 354,
    "end" : 371,
    "inCoref" : false
  } ],
  "relations" : [ ],
  "corefs" : [ ],
  "typeResolved" : true,
  "userResolved" : false
}