{
  "id" : "51c3bea0-5686-11e9-84a6-df86f9fa5a66-5",
  "name" : "WD1-25_4.txt",
  "createdDate" : 0,
  "version" : 3,
  "text" : "For and in consideration of the sum of FORTY FIVE THOUSAND DOLLARS ($45,000.00), cash in hand paid, and other good and valuable considerations, the receipt of which is hereby acknowledged, I, HESTER M. DIBRUNO, this date have bargained and sold, and by these presents do transfer and convey unto DON CHOATE and J OE CHOATE, their heirs and assigns, a certain tract or parcel of land in the Fourth Civil District of Humphreys County, Tennessee, and being more particularly described as follows",
  "docLength" : 0,
  "language" : "EN",
  "status" : "SUBMITTED",
  "modifiedDate" : 1554348134005,
  "documentSet" : [ ],
  "preannotation" : [ ],
  "sentences" : [ {
    "id" : "s0",
    "begin" : 0,
    "end" : 492,
    "text" : "For and in consideration of the sum of FORTY FIVE THOUSAND DOLLARS ($45,000.00), cash in hand paid, and other good and valuable considerations, the receipt of which is hereby acknowledged, I, HESTER M. DIBRUNO, this date have bargained and sold, and by these presents do transfer and convey unto DON CHOATE and J OE CHOATE, their heirs and assigns, a certain tract or parcel of land in the Fourth Civil District of Humphreys County, Tennessee, and being more particularly described as follows",
    "tokens" : [ {
      "id" : "s0-t0",
      "begin" : 0,
      "end" : 3,
      "text" : "For",
      "whiteSpace" : false
    }, {
      "id" : "s0-t1",
      "begin" : 4,
      "end" : 7,
      "text" : "and",
      "whiteSpace" : false
    }, {
      "id" : "s0-t2",
      "begin" : 8,
      "end" : 10,
      "text" : "in",
      "whiteSpace" : false
    }, {
      "id" : "s0-t3",
      "begin" : 11,
      "end" : 24,
      "text" : "consideration",
      "whiteSpace" : false
    }, {
      "id" : "s0-t4",
      "begin" : 25,
      "end" : 27,
      "text" : "of",
      "whiteSpace" : false
    }, {
      "id" : "s0-t5",
      "begin" : 28,
      "end" : 31,
      "text" : "the",
      "whiteSpace" : false
    }, {
      "id" : "s0-t6",
      "begin" : 32,
      "end" : 35,
      "text" : "sum",
      "whiteSpace" : false
    }, {
      "id" : "s0-t7",
      "begin" : 36,
      "end" : 38,
      "text" : "of",
      "whiteSpace" : false
    }, {
      "id" : "s0-t8",
      "begin" : 39,
      "end" : 44,
      "text" : "FORTY",
      "whiteSpace" : false
    }, {
      "id" : "s0-t9",
      "begin" : 45,
      "end" : 49,
      "text" : "FIVE",
      "whiteSpace" : false
    }, {
      "id" : "s0-t10",
      "begin" : 50,
      "end" : 58,
      "text" : "THOUSAND",
      "whiteSpace" : false
    }, {
      "id" : "s0-t11",
      "begin" : 59,
      "end" : 66,
      "text" : "DOLLARS",
      "whiteSpace" : false
    }, {
      "id" : "s0-t12",
      "begin" : 67,
      "end" : 68,
      "text" : "(",
      "whiteSpace" : false
    }, {
      "id" : "s0-t13",
      "begin" : 68,
      "end" : 69,
      "text" : "$",
      "whiteSpace" : false
    }, {
      "id" : "s0-t14",
      "begin" : 69,
      "end" : 78,
      "text" : "45,000.00",
      "whiteSpace" : false
    }, {
      "id" : "s0-t15",
      "begin" : 78,
      "end" : 79,
      "text" : ")",
      "whiteSpace" : false
    }, {
      "id" : "s0-t16",
      "begin" : 79,
      "end" : 80,
      "text" : ",",
      "whiteSpace" : false
    }, {
      "id" : "s0-t17",
      "begin" : 81,
      "end" : 85,
      "text" : "cash",
      "whiteSpace" : false
    }, {
      "id" : "s0-t18",
      "begin" : 86,
      "end" : 88,
      "text" : "in",
      "whiteSpace" : false
    }, {
      "id" : "s0-t19",
      "begin" : 89,
      "end" : 93,
      "text" : "hand",
      "whiteSpace" : false
    }, {
      "id" : "s0-t20",
      "begin" : 94,
      "end" : 98,
      "text" : "paid",
      "whiteSpace" : false
    }, {
      "id" : "s0-t21",
      "begin" : 98,
      "end" : 99,
      "text" : ",",
      "whiteSpace" : false
    }, {
      "id" : "s0-t22",
      "begin" : 100,
      "end" : 103,
      "text" : "and",
      "whiteSpace" : false
    }, {
      "id" : "s0-t23",
      "begin" : 104,
      "end" : 109,
      "text" : "other",
      "whiteSpace" : false
    }, {
      "id" : "s0-t24",
      "begin" : 110,
      "end" : 114,
      "text" : "good",
      "whiteSpace" : false
    }, {
      "id" : "s0-t25",
      "begin" : 115,
      "end" : 118,
      "text" : "and",
      "whiteSpace" : false
    }, {
      "id" : "s0-t26",
      "begin" : 119,
      "end" : 127,
      "text" : "valuable",
      "whiteSpace" : false
    }, {
      "id" : "s0-t27",
      "begin" : 128,
      "end" : 142,
      "text" : "considerations",
      "whiteSpace" : false
    }, {
      "id" : "s0-t28",
      "begin" : 142,
      "end" : 143,
      "text" : ",",
      "whiteSpace" : false
    }, {
      "id" : "s0-t29",
      "begin" : 144,
      "end" : 147,
      "text" : "the",
      "whiteSpace" : false
    }, {
      "id" : "s0-t30",
      "begin" : 148,
      "end" : 155,
      "text" : "receipt",
      "whiteSpace" : false
    }, {
      "id" : "s0-t31",
      "begin" : 156,
      "end" : 158,
      "text" : "of",
      "whiteSpace" : false
    }, {
      "id" : "s0-t32",
      "begin" : 159,
      "end" : 164,
      "text" : "which",
      "whiteSpace" : false
    }, {
      "id" : "s0-t33",
      "begin" : 165,
      "end" : 167,
      "text" : "is",
      "whiteSpace" : false
    }, {
      "id" : "s0-t34",
      "begin" : 168,
      "end" : 174,
      "text" : "hereby",
      "whiteSpace" : false
    }, {
      "id" : "s0-t35",
      "begin" : 175,
      "end" : 187,
      "text" : "acknowledged",
      "whiteSpace" : false
    }, {
      "id" : "s0-t36",
      "begin" : 187,
      "end" : 188,
      "text" : ",",
      "whiteSpace" : false
    }, {
      "id" : "s0-t37",
      "begin" : 189,
      "end" : 190,
      "text" : "I",
      "whiteSpace" : false
    }, {
      "id" : "s0-t38",
      "begin" : 190,
      "end" : 191,
      "text" : ",",
      "whiteSpace" : false
    }, {
      "id" : "s0-t39",
      "begin" : 192,
      "end" : 198,
      "text" : "HESTER",
      "whiteSpace" : false
    }, {
      "id" : "s0-t40",
      "begin" : 199,
      "end" : 201,
      "text" : "M.",
      "whiteSpace" : false
    }, {
      "id" : "s0-t41",
      "begin" : 202,
      "end" : 209,
      "text" : "DIBRUNO",
      "whiteSpace" : false
    }, {
      "id" : "s0-t42",
      "begin" : 209,
      "end" : 210,
      "text" : ",",
      "whiteSpace" : false
    }, {
      "id" : "s0-t43",
      "begin" : 211,
      "end" : 215,
      "text" : "this",
      "whiteSpace" : false
    }, {
      "id" : "s0-t44",
      "begin" : 216,
      "end" : 220,
      "text" : "date",
      "whiteSpace" : false
    }, {
      "id" : "s0-t45",
      "begin" : 221,
      "end" : 225,
      "text" : "have",
      "whiteSpace" : false
    }, {
      "id" : "s0-t46",
      "begin" : 226,
      "end" : 235,
      "text" : "bargained",
      "whiteSpace" : false
    }, {
      "id" : "s0-t47",
      "begin" : 236,
      "end" : 239,
      "text" : "and",
      "whiteSpace" : false
    }, {
      "id" : "s0-t48",
      "begin" : 240,
      "end" : 244,
      "text" : "sold",
      "whiteSpace" : false
    }, {
      "id" : "s0-t49",
      "begin" : 244,
      "end" : 245,
      "text" : ",",
      "whiteSpace" : false
    }, {
      "id" : "s0-t50",
      "begin" : 246,
      "end" : 249,
      "text" : "and",
      "whiteSpace" : false
    }, {
      "id" : "s0-t51",
      "begin" : 250,
      "end" : 252,
      "text" : "by",
      "whiteSpace" : false
    }, {
      "id" : "s0-t52",
      "begin" : 253,
      "end" : 258,
      "text" : "these",
      "whiteSpace" : false
    }, {
      "id" : "s0-t53",
      "begin" : 259,
      "end" : 267,
      "text" : "presents",
      "whiteSpace" : false
    }, {
      "id" : "s0-t54",
      "begin" : 268,
      "end" : 270,
      "text" : "do",
      "whiteSpace" : false
    }, {
      "id" : "s0-t55",
      "begin" : 271,
      "end" : 279,
      "text" : "transfer",
      "whiteSpace" : false
    }, {
      "id" : "s0-t56",
      "begin" : 280,
      "end" : 283,
      "text" : "and",
      "whiteSpace" : false
    }, {
      "id" : "s0-t57",
      "begin" : 284,
      "end" : 290,
      "text" : "convey",
      "whiteSpace" : false
    }, {
      "id" : "s0-t58",
      "begin" : 291,
      "end" : 295,
      "text" : "unto",
      "whiteSpace" : false
    }, {
      "id" : "s0-t59",
      "begin" : 296,
      "end" : 299,
      "text" : "DON",
      "whiteSpace" : false
    }, {
      "id" : "s0-t60",
      "begin" : 300,
      "end" : 306,
      "text" : "CHOATE",
      "whiteSpace" : false
    }, {
      "id" : "s0-t61",
      "begin" : 307,
      "end" : 310,
      "text" : "and",
      "whiteSpace" : false
    }, {
      "id" : "s0-t62",
      "begin" : 311,
      "end" : 312,
      "text" : "J",
      "whiteSpace" : false
    }, {
      "id" : "s0-t63",
      "begin" : 313,
      "end" : 315,
      "text" : "OE",
      "whiteSpace" : false
    }, {
      "id" : "s0-t64",
      "begin" : 316,
      "end" : 322,
      "text" : "CHOATE",
      "whiteSpace" : false
    }, {
      "id" : "s0-t65",
      "begin" : 322,
      "end" : 323,
      "text" : ",",
      "whiteSpace" : false
    }, {
      "id" : "s0-t66",
      "begin" : 324,
      "end" : 329,
      "text" : "their",
      "whiteSpace" : false
    }, {
      "id" : "s0-t67",
      "begin" : 330,
      "end" : 335,
      "text" : "heirs",
      "whiteSpace" : false
    }, {
      "id" : "s0-t68",
      "begin" : 336,
      "end" : 339,
      "text" : "and",
      "whiteSpace" : false
    }, {
      "id" : "s0-t69",
      "begin" : 340,
      "end" : 347,
      "text" : "assigns",
      "whiteSpace" : false
    }, {
      "id" : "s0-t70",
      "begin" : 347,
      "end" : 348,
      "text" : ",",
      "whiteSpace" : false
    }, {
      "id" : "s0-t71",
      "begin" : 349,
      "end" : 350,
      "text" : "a",
      "whiteSpace" : false
    }, {
      "id" : "s0-t72",
      "begin" : 351,
      "end" : 358,
      "text" : "certain",
      "whiteSpace" : false
    }, {
      "id" : "s0-t73",
      "begin" : 359,
      "end" : 364,
      "text" : "tract",
      "whiteSpace" : false
    }, {
      "id" : "s0-t74",
      "begin" : 365,
      "end" : 367,
      "text" : "or",
      "whiteSpace" : false
    }, {
      "id" : "s0-t75",
      "begin" : 368,
      "end" : 374,
      "text" : "parcel",
      "whiteSpace" : false
    }, {
      "id" : "s0-t76",
      "begin" : 375,
      "end" : 377,
      "text" : "of",
      "whiteSpace" : false
    }, {
      "id" : "s0-t77",
      "begin" : 378,
      "end" : 382,
      "text" : "land",
      "whiteSpace" : false
    }, {
      "id" : "s0-t78",
      "begin" : 383,
      "end" : 385,
      "text" : "in",
      "whiteSpace" : false
    }, {
      "id" : "s0-t79",
      "begin" : 386,
      "end" : 389,
      "text" : "the",
      "whiteSpace" : false
    }, {
      "id" : "s0-t80",
      "begin" : 390,
      "end" : 396,
      "text" : "Fourth",
      "whiteSpace" : false
    }, {
      "id" : "s0-t81",
      "begin" : 397,
      "end" : 402,
      "text" : "Civil",
      "whiteSpace" : false
    }, {
      "id" : "s0-t82",
      "begin" : 403,
      "end" : 411,
      "text" : "District",
      "whiteSpace" : false
    }, {
      "id" : "s0-t83",
      "begin" : 412,
      "end" : 414,
      "text" : "of",
      "whiteSpace" : false
    }, {
      "id" : "s0-t84",
      "begin" : 415,
      "end" : 424,
      "text" : "Humphreys",
      "whiteSpace" : false
    }, {
      "id" : "s0-t85",
      "begin" : 425,
      "end" : 431,
      "text" : "County",
      "whiteSpace" : false
    }, {
      "id" : "s0-t86",
      "begin" : 431,
      "end" : 432,
      "text" : ",",
      "whiteSpace" : false
    }, {
      "id" : "s0-t87",
      "begin" : 433,
      "end" : 442,
      "text" : "Tennessee",
      "whiteSpace" : false
    }, {
      "id" : "s0-t88",
      "begin" : 442,
      "end" : 443,
      "text" : ",",
      "whiteSpace" : false
    }, {
      "id" : "s0-t89",
      "begin" : 444,
      "end" : 447,
      "text" : "and",
      "whiteSpace" : false
    }, {
      "id" : "s0-t90",
      "begin" : 448,
      "end" : 453,
      "text" : "being",
      "whiteSpace" : false
    }, {
      "id" : "s0-t91",
      "begin" : 454,
      "end" : 458,
      "text" : "more",
      "whiteSpace" : false
    }, {
      "id" : "s0-t92",
      "begin" : 459,
      "end" : 471,
      "text" : "particularly",
      "whiteSpace" : false
    }, {
      "id" : "s0-t93",
      "begin" : 472,
      "end" : 481,
      "text" : "described",
      "whiteSpace" : false
    }, {
      "id" : "s0-t94",
      "begin" : 482,
      "end" : 484,
      "text" : "as",
      "whiteSpace" : false
    }, {
      "id" : "s0-t95",
      "begin" : 485,
      "end" : 492,
      "text" : "follows",
      "whiteSpace" : false
    } ]
  } ],
  "mentions" : [ {
    "id" : "s0-m4",
    "properties" : {
      "SIRE_MENTION_ROLE" : "Grantee",
      "SIRE_ENTITY_SUBTYPE" : "NONE",
      "SIRE_MENTION_TYPE" : "NONE",
      "SIRE_MENTION_CLASS" : "SPC"
    },
    "type" : "Grantee",
    "begin" : 192,
    "end" : 209,
    "inCoref" : false
  }, {
    "id" : "s0-m1",
    "properties" : {
      "SIRE_MENTION_ROLE" : "Grantee",
      "SIRE_ENTITY_SUBTYPE" : "NONE",
      "SIRE_MENTION_TYPE" : "NONE",
      "SIRE_MENTION_CLASS" : "SPC"
    },
    "type" : "Grantee",
    "begin" : 296,
    "end" : 306,
    "inCoref" : false
  }, {
    "id" : "s0-m3",
    "properties" : {
      "SIRE_MENTION_ROLE" : "Grantee",
      "SIRE_ENTITY_SUBTYPE" : "NONE",
      "SIRE_MENTION_TYPE" : "NONE",
      "SIRE_MENTION_CLASS" : "SPC"
    },
    "type" : "Grantee",
    "begin" : 311,
    "end" : 322,
    "inCoref" : false
  } ],
  "relations" : [ ],
  "corefs" : [ ],
  "typeResolved" : true,
  "userResolved" : false
}