{
  "id" : "51c3bea0-5686-11e9-84a6-df86f9fa5a66-0",
  "name" : "WD1-24_7.txt",
  "createdDate" : 0,
  "version" : 3,
  "text" : "FOR AND IN CONSIDERATION OF THE SUM OF TWENTY FOUR THOUSAND SEVEN HUNDRED AND 00/100 ($24,700.00) DOLLARS, cash, in hand paid, the receipt and suf???ciency of which is hereby acknowledged, SAMANTHA BERRY, THIS DAY have bargained and sold and by these presents do transfer and convey unto WILLIAM H. JOHNSON, his heirs and assigns, the following described property, to-wit: This being a certain parcel of land in the 3???~d Civil District of Humphreys County, Tennessee, lying northeast of and adjacent to Jiggers Lane (a private road) and being more particularly described as follows; Tract 4: Beginning on an existing iron pin, the northwest corner of this tract, at an interio",
  "docLength" : 0,
  "language" : "EN",
  "status" : "SUBMITTED",
  "modifiedDate" : 1554348047911,
  "documentSet" : [ ],
  "preannotation" : [ ],
  "sentences" : [ {
    "id" : "s0",
    "begin" : 0,
    "end" : 147,
    "text" : "FOR AND IN CONSIDERATION OF THE SUM OF TWENTY FOUR THOUSAND SEVEN HUNDRED AND 00/100 ($24,700.00) DOLLARS, cash, in hand paid, the receipt and suf?",
    "tokens" : [ {
      "id" : "s0-t0",
      "begin" : 0,
      "end" : 3,
      "text" : "FOR",
      "whiteSpace" : false
    }, {
      "id" : "s0-t1",
      "begin" : 4,
      "end" : 7,
      "text" : "AND",
      "whiteSpace" : false
    }, {
      "id" : "s0-t2",
      "begin" : 8,
      "end" : 10,
      "text" : "IN",
      "whiteSpace" : false
    }, {
      "id" : "s0-t3",
      "begin" : 11,
      "end" : 24,
      "text" : "CONSIDERATION",
      "whiteSpace" : false
    }, {
      "id" : "s0-t4",
      "begin" : 25,
      "end" : 27,
      "text" : "OF",
      "whiteSpace" : false
    }, {
      "id" : "s0-t5",
      "begin" : 28,
      "end" : 31,
      "text" : "THE",
      "whiteSpace" : false
    }, {
      "id" : "s0-t6",
      "begin" : 32,
      "end" : 35,
      "text" : "SUM",
      "whiteSpace" : false
    }, {
      "id" : "s0-t7",
      "begin" : 36,
      "end" : 38,
      "text" : "OF",
      "whiteSpace" : false
    }, {
      "id" : "s0-t8",
      "begin" : 39,
      "end" : 45,
      "text" : "TWENTY",
      "whiteSpace" : false
    }, {
      "id" : "s0-t9",
      "begin" : 46,
      "end" : 50,
      "text" : "FOUR",
      "whiteSpace" : false
    }, {
      "id" : "s0-t10",
      "begin" : 51,
      "end" : 59,
      "text" : "THOUSAND",
      "whiteSpace" : false
    }, {
      "id" : "s0-t11",
      "begin" : 60,
      "end" : 65,
      "text" : "SEVEN",
      "whiteSpace" : false
    }, {
      "id" : "s0-t12",
      "begin" : 66,
      "end" : 73,
      "text" : "HUNDRED",
      "whiteSpace" : false
    }, {
      "id" : "s0-t13",
      "begin" : 74,
      "end" : 77,
      "text" : "AND",
      "whiteSpace" : false
    }, {
      "id" : "s0-t14",
      "begin" : 78,
      "end" : 84,
      "text" : "00/100",
      "whiteSpace" : false
    }, {
      "id" : "s0-t15",
      "begin" : 85,
      "end" : 86,
      "text" : "(",
      "whiteSpace" : false
    }, {
      "id" : "s0-t16",
      "begin" : 86,
      "end" : 87,
      "text" : "$",
      "whiteSpace" : false
    }, {
      "id" : "s0-t17",
      "begin" : 87,
      "end" : 96,
      "text" : "24,700.00",
      "whiteSpace" : false
    }, {
      "id" : "s0-t18",
      "begin" : 96,
      "end" : 97,
      "text" : ")",
      "whiteSpace" : false
    }, {
      "id" : "s0-t19",
      "begin" : 98,
      "end" : 105,
      "text" : "DOLLARS",
      "whiteSpace" : false
    }, {
      "id" : "s0-t20",
      "begin" : 105,
      "end" : 106,
      "text" : ",",
      "whiteSpace" : false
    }, {
      "id" : "s0-t21",
      "begin" : 107,
      "end" : 111,
      "text" : "cash",
      "whiteSpace" : false
    }, {
      "id" : "s0-t22",
      "begin" : 111,
      "end" : 112,
      "text" : ",",
      "whiteSpace" : false
    }, {
      "id" : "s0-t23",
      "begin" : 113,
      "end" : 115,
      "text" : "in",
      "whiteSpace" : false
    }, {
      "id" : "s0-t24",
      "begin" : 116,
      "end" : 120,
      "text" : "hand",
      "whiteSpace" : false
    }, {
      "id" : "s0-t25",
      "begin" : 121,
      "end" : 125,
      "text" : "paid",
      "whiteSpace" : false
    }, {
      "id" : "s0-t26",
      "begin" : 125,
      "end" : 126,
      "text" : ",",
      "whiteSpace" : false
    }, {
      "id" : "s0-t27",
      "begin" : 127,
      "end" : 130,
      "text" : "the",
      "whiteSpace" : false
    }, {
      "id" : "s0-t28",
      "begin" : 131,
      "end" : 138,
      "text" : "receipt",
      "whiteSpace" : false
    }, {
      "id" : "s0-t29",
      "begin" : 139,
      "end" : 142,
      "text" : "and",
      "whiteSpace" : false
    }, {
      "id" : "s0-t30",
      "begin" : 143,
      "end" : 146,
      "text" : "suf",
      "whiteSpace" : false
    }, {
      "id" : "s0-t31",
      "begin" : 146,
      "end" : 147,
      "text" : "?",
      "whiteSpace" : false
    } ]
  }, {
    "id" : "s1",
    "begin" : 147,
    "end" : 678,
    "text" : "??ciency of which is hereby acknowledged, SAMANTHA BERRY, THIS DAY have bargained and sold and by these presents do transfer and convey unto WILLIAM H. JOHNSON, his heirs and assigns, the following described property, to-wit: This being a certain parcel of land in the 3???~d Civil District of Humphreys County, Tennessee, lying northeast of and adjacent to Jiggers Lane (a private road) and being more particularly described as follows; Tract 4: Beginning on an existing iron pin, the northwest corner of this tract, at an interio",
    "tokens" : [ {
      "id" : "s1-t0",
      "begin" : 147,
      "end" : 155,
      "text" : "??ciency",
      "whiteSpace" : false
    }, {
      "id" : "s1-t1",
      "begin" : 156,
      "end" : 158,
      "text" : "of",
      "whiteSpace" : false
    }, {
      "id" : "s1-t2",
      "begin" : 159,
      "end" : 164,
      "text" : "which",
      "whiteSpace" : false
    }, {
      "id" : "s1-t3",
      "begin" : 165,
      "end" : 167,
      "text" : "is",
      "whiteSpace" : false
    }, {
      "id" : "s1-t4",
      "begin" : 168,
      "end" : 174,
      "text" : "hereby",
      "whiteSpace" : false
    }, {
      "id" : "s1-t5",
      "begin" : 175,
      "end" : 187,
      "text" : "acknowledged",
      "whiteSpace" : false
    }, {
      "id" : "s1-t6",
      "begin" : 187,
      "end" : 188,
      "text" : ",",
      "whiteSpace" : false
    }, {
      "id" : "s1-t7",
      "begin" : 189,
      "end" : 197,
      "text" : "SAMANTHA",
      "whiteSpace" : false
    }, {
      "id" : "s1-t8",
      "begin" : 198,
      "end" : 203,
      "text" : "BERRY",
      "whiteSpace" : false
    }, {
      "id" : "s1-t9",
      "begin" : 203,
      "end" : 204,
      "text" : ",",
      "whiteSpace" : false
    }, {
      "id" : "s1-t10",
      "begin" : 205,
      "end" : 209,
      "text" : "THIS",
      "whiteSpace" : false
    }, {
      "id" : "s1-t11",
      "begin" : 210,
      "end" : 213,
      "text" : "DAY",
      "whiteSpace" : false
    }, {
      "id" : "s1-t12",
      "begin" : 214,
      "end" : 218,
      "text" : "have",
      "whiteSpace" : false
    }, {
      "id" : "s1-t13",
      "begin" : 219,
      "end" : 228,
      "text" : "bargained",
      "whiteSpace" : false
    }, {
      "id" : "s1-t14",
      "begin" : 229,
      "end" : 232,
      "text" : "and",
      "whiteSpace" : false
    }, {
      "id" : "s1-t15",
      "begin" : 233,
      "end" : 237,
      "text" : "sold",
      "whiteSpace" : false
    }, {
      "id" : "s1-t16",
      "begin" : 238,
      "end" : 241,
      "text" : "and",
      "whiteSpace" : false
    }, {
      "id" : "s1-t17",
      "begin" : 242,
      "end" : 244,
      "text" : "by",
      "whiteSpace" : false
    }, {
      "id" : "s1-t18",
      "begin" : 245,
      "end" : 250,
      "text" : "these",
      "whiteSpace" : false
    }, {
      "id" : "s1-t19",
      "begin" : 251,
      "end" : 259,
      "text" : "presents",
      "whiteSpace" : false
    }, {
      "id" : "s1-t20",
      "begin" : 260,
      "end" : 262,
      "text" : "do",
      "whiteSpace" : false
    }, {
      "id" : "s1-t21",
      "begin" : 263,
      "end" : 271,
      "text" : "transfer",
      "whiteSpace" : false
    }, {
      "id" : "s1-t22",
      "begin" : 272,
      "end" : 275,
      "text" : "and",
      "whiteSpace" : false
    }, {
      "id" : "s1-t23",
      "begin" : 276,
      "end" : 282,
      "text" : "convey",
      "whiteSpace" : false
    }, {
      "id" : "s1-t24",
      "begin" : 283,
      "end" : 287,
      "text" : "unto",
      "whiteSpace" : false
    }, {
      "id" : "s1-t25",
      "begin" : 288,
      "end" : 295,
      "text" : "WILLIAM",
      "whiteSpace" : false
    }, {
      "id" : "s1-t26",
      "begin" : 296,
      "end" : 298,
      "text" : "H.",
      "whiteSpace" : false
    }, {
      "id" : "s1-t27",
      "begin" : 299,
      "end" : 306,
      "text" : "JOHNSON",
      "whiteSpace" : false
    }, {
      "id" : "s1-t28",
      "begin" : 306,
      "end" : 307,
      "text" : ",",
      "whiteSpace" : false
    }, {
      "id" : "s1-t29",
      "begin" : 308,
      "end" : 311,
      "text" : "his",
      "whiteSpace" : false
    }, {
      "id" : "s1-t30",
      "begin" : 312,
      "end" : 317,
      "text" : "heirs",
      "whiteSpace" : false
    }, {
      "id" : "s1-t31",
      "begin" : 318,
      "end" : 321,
      "text" : "and",
      "whiteSpace" : false
    }, {
      "id" : "s1-t32",
      "begin" : 322,
      "end" : 329,
      "text" : "assigns",
      "whiteSpace" : false
    }, {
      "id" : "s1-t33",
      "begin" : 329,
      "end" : 330,
      "text" : ",",
      "whiteSpace" : false
    }, {
      "id" : "s1-t34",
      "begin" : 331,
      "end" : 334,
      "text" : "the",
      "whiteSpace" : false
    }, {
      "id" : "s1-t35",
      "begin" : 335,
      "end" : 344,
      "text" : "following",
      "whiteSpace" : false
    }, {
      "id" : "s1-t36",
      "begin" : 345,
      "end" : 354,
      "text" : "described",
      "whiteSpace" : false
    }, {
      "id" : "s1-t37",
      "begin" : 355,
      "end" : 363,
      "text" : "property",
      "whiteSpace" : false
    }, {
      "id" : "s1-t38",
      "begin" : 363,
      "end" : 364,
      "text" : ",",
      "whiteSpace" : false
    }, {
      "id" : "s1-t39",
      "begin" : 365,
      "end" : 367,
      "text" : "to",
      "whiteSpace" : false
    }, {
      "id" : "s1-t40",
      "begin" : 367,
      "end" : 368,
      "text" : "-",
      "whiteSpace" : false
    }, {
      "id" : "s1-t41",
      "begin" : 368,
      "end" : 371,
      "text" : "wit",
      "whiteSpace" : false
    }, {
      "id" : "s1-t42",
      "begin" : 371,
      "end" : 372,
      "text" : ":",
      "whiteSpace" : false
    }, {
      "id" : "s1-t43",
      "begin" : 373,
      "end" : 377,
      "text" : "This",
      "whiteSpace" : false
    }, {
      "id" : "s1-t44",
      "begin" : 378,
      "end" : 383,
      "text" : "being",
      "whiteSpace" : false
    }, {
      "id" : "s1-t45",
      "begin" : 384,
      "end" : 385,
      "text" : "a",
      "whiteSpace" : false
    }, {
      "id" : "s1-t46",
      "begin" : 386,
      "end" : 393,
      "text" : "certain",
      "whiteSpace" : false
    }, {
      "id" : "s1-t47",
      "begin" : 394,
      "end" : 400,
      "text" : "parcel",
      "whiteSpace" : false
    }, {
      "id" : "s1-t48",
      "begin" : 401,
      "end" : 403,
      "text" : "of",
      "whiteSpace" : false
    }, {
      "id" : "s1-t49",
      "begin" : 404,
      "end" : 408,
      "text" : "land",
      "whiteSpace" : false
    }, {
      "id" : "s1-t50",
      "begin" : 409,
      "end" : 411,
      "text" : "in",
      "whiteSpace" : false
    }, {
      "id" : "s1-t51",
      "begin" : 412,
      "end" : 415,
      "text" : "the",
      "whiteSpace" : false
    }, {
      "id" : "s1-t52",
      "begin" : 416,
      "end" : 417,
      "text" : "3",
      "whiteSpace" : false
    }, {
      "id" : "s1-t53",
      "begin" : 417,
      "end" : 420,
      "text" : "???",
      "whiteSpace" : false
    }, {
      "id" : "s1-t54",
      "begin" : 420,
      "end" : 421,
      "text" : "~",
      "whiteSpace" : false
    }, {
      "id" : "s1-t55",
      "begin" : 421,
      "end" : 422,
      "text" : "d",
      "whiteSpace" : false
    }, {
      "id" : "s1-t56",
      "begin" : 423,
      "end" : 428,
      "text" : "Civil",
      "whiteSpace" : false
    }, {
      "id" : "s1-t57",
      "begin" : 429,
      "end" : 437,
      "text" : "District",
      "whiteSpace" : false
    }, {
      "id" : "s1-t58",
      "begin" : 438,
      "end" : 440,
      "text" : "of",
      "whiteSpace" : false
    }, {
      "id" : "s1-t59",
      "begin" : 441,
      "end" : 450,
      "text" : "Humphreys",
      "whiteSpace" : false
    }, {
      "id" : "s1-t60",
      "begin" : 451,
      "end" : 457,
      "text" : "County",
      "whiteSpace" : false
    }, {
      "id" : "s1-t61",
      "begin" : 457,
      "end" : 458,
      "text" : ",",
      "whiteSpace" : false
    }, {
      "id" : "s1-t62",
      "begin" : 459,
      "end" : 468,
      "text" : "Tennessee",
      "whiteSpace" : false
    }, {
      "id" : "s1-t63",
      "begin" : 468,
      "end" : 469,
      "text" : ",",
      "whiteSpace" : false
    }, {
      "id" : "s1-t64",
      "begin" : 470,
      "end" : 475,
      "text" : "lying",
      "whiteSpace" : false
    }, {
      "id" : "s1-t65",
      "begin" : 476,
      "end" : 485,
      "text" : "northeast",
      "whiteSpace" : false
    }, {
      "id" : "s1-t66",
      "begin" : 486,
      "end" : 488,
      "text" : "of",
      "whiteSpace" : false
    }, {
      "id" : "s1-t67",
      "begin" : 489,
      "end" : 492,
      "text" : "and",
      "whiteSpace" : false
    }, {
      "id" : "s1-t68",
      "begin" : 493,
      "end" : 501,
      "text" : "adjacent",
      "whiteSpace" : false
    }, {
      "id" : "s1-t69",
      "begin" : 502,
      "end" : 504,
      "text" : "to",
      "whiteSpace" : false
    }, {
      "id" : "s1-t70",
      "begin" : 505,
      "end" : 512,
      "text" : "Jiggers",
      "whiteSpace" : false
    }, {
      "id" : "s1-t71",
      "begin" : 513,
      "end" : 517,
      "text" : "Lane",
      "whiteSpace" : false
    }, {
      "id" : "s1-t72",
      "begin" : 518,
      "end" : 519,
      "text" : "(",
      "whiteSpace" : false
    }, {
      "id" : "s1-t73",
      "begin" : 519,
      "end" : 520,
      "text" : "a",
      "whiteSpace" : false
    }, {
      "id" : "s1-t74",
      "begin" : 521,
      "end" : 528,
      "text" : "private",
      "whiteSpace" : false
    }, {
      "id" : "s1-t75",
      "begin" : 529,
      "end" : 533,
      "text" : "road",
      "whiteSpace" : false
    }, {
      "id" : "s1-t76",
      "begin" : 533,
      "end" : 534,
      "text" : ")",
      "whiteSpace" : false
    }, {
      "id" : "s1-t77",
      "begin" : 535,
      "end" : 538,
      "text" : "and",
      "whiteSpace" : false
    }, {
      "id" : "s1-t78",
      "begin" : 539,
      "end" : 544,
      "text" : "being",
      "whiteSpace" : false
    }, {
      "id" : "s1-t79",
      "begin" : 545,
      "end" : 549,
      "text" : "more",
      "whiteSpace" : false
    }, {
      "id" : "s1-t80",
      "begin" : 550,
      "end" : 562,
      "text" : "particularly",
      "whiteSpace" : false
    }, {
      "id" : "s1-t81",
      "begin" : 563,
      "end" : 572,
      "text" : "described",
      "whiteSpace" : false
    }, {
      "id" : "s1-t82",
      "begin" : 573,
      "end" : 575,
      "text" : "as",
      "whiteSpace" : false
    }, {
      "id" : "s1-t83",
      "begin" : 576,
      "end" : 583,
      "text" : "follows",
      "whiteSpace" : false
    }, {
      "id" : "s1-t84",
      "begin" : 583,
      "end" : 584,
      "text" : ";",
      "whiteSpace" : false
    }, {
      "id" : "s1-t85",
      "begin" : 585,
      "end" : 590,
      "text" : "Tract",
      "whiteSpace" : false
    }, {
      "id" : "s1-t86",
      "begin" : 591,
      "end" : 592,
      "text" : "4",
      "whiteSpace" : false
    }, {
      "id" : "s1-t87",
      "begin" : 592,
      "end" : 593,
      "text" : ":",
      "whiteSpace" : false
    }, {
      "id" : "s1-t88",
      "begin" : 594,
      "end" : 603,
      "text" : "Beginning",
      "whiteSpace" : false
    }, {
      "id" : "s1-t89",
      "begin" : 604,
      "end" : 606,
      "text" : "on",
      "whiteSpace" : false
    }, {
      "id" : "s1-t90",
      "begin" : 607,
      "end" : 609,
      "text" : "an",
      "whiteSpace" : false
    }, {
      "id" : "s1-t91",
      "begin" : 610,
      "end" : 618,
      "text" : "existing",
      "whiteSpace" : false
    }, {
      "id" : "s1-t92",
      "begin" : 619,
      "end" : 623,
      "text" : "iron",
      "whiteSpace" : false
    }, {
      "id" : "s1-t93",
      "begin" : 624,
      "end" : 627,
      "text" : "pin",
      "whiteSpace" : false
    }, {
      "id" : "s1-t94",
      "begin" : 627,
      "end" : 628,
      "text" : ",",
      "whiteSpace" : false
    }, {
      "id" : "s1-t95",
      "begin" : 629,
      "end" : 632,
      "text" : "the",
      "whiteSpace" : false
    }, {
      "id" : "s1-t96",
      "begin" : 633,
      "end" : 642,
      "text" : "northwest",
      "whiteSpace" : false
    }, {
      "id" : "s1-t97",
      "begin" : 643,
      "end" : 649,
      "text" : "corner",
      "whiteSpace" : false
    }, {
      "id" : "s1-t98",
      "begin" : 650,
      "end" : 652,
      "text" : "of",
      "whiteSpace" : false
    }, {
      "id" : "s1-t99",
      "begin" : 653,
      "end" : 657,
      "text" : "this",
      "whiteSpace" : false
    }, {
      "id" : "s1-t100",
      "begin" : 658,
      "end" : 663,
      "text" : "tract",
      "whiteSpace" : false
    }, {
      "id" : "s1-t101",
      "begin" : 663,
      "end" : 664,
      "text" : ",",
      "whiteSpace" : false
    }, {
      "id" : "s1-t102",
      "begin" : 665,
      "end" : 667,
      "text" : "at",
      "whiteSpace" : false
    }, {
      "id" : "s1-t103",
      "begin" : 668,
      "end" : 670,
      "text" : "an",
      "whiteSpace" : false
    }, {
      "id" : "s1-t104",
      "begin" : 671,
      "end" : 678,
      "text" : "interio",
      "whiteSpace" : false
    } ]
  } ],
  "mentions" : [ {
    "id" : "s1-m1",
    "properties" : {
      "SIRE_MENTION_ROLE" : "Grantor",
      "SIRE_ENTITY_SUBTYPE" : "NONE",
      "SIRE_MENTION_TYPE" : "NONE",
      "SIRE_MENTION_CLASS" : "SPC"
    },
    "type" : "Grantor",
    "begin" : 189,
    "end" : 203,
    "inCoref" : false
  }, {
    "id" : "s1-m2",
    "properties" : {
      "SIRE_MENTION_ROLE" : "Grantee",
      "SIRE_ENTITY_SUBTYPE" : "NONE",
      "SIRE_MENTION_TYPE" : "NONE",
      "SIRE_MENTION_CLASS" : "SPC"
    },
    "type" : "Grantee",
    "begin" : 288,
    "end" : 306,
    "inCoref" : false
  } ],
  "relations" : [ ],
  "corefs" : [ ],
  "typeResolved" : true,
  "userResolved" : false
}