{
  "id" : "51c3bea0-5686-11e9-84a6-df86f9fa5a66-10",
  "name" : "WD1-26_4.txt",
  "createdDate" : 0,
  "version" : 3,
  "text" : "FOR AND IN CONSIDERATION of the sum of Five Hundred and no/100 Dollar ($500.00) cash in hand to me paid, and for other good and valuable considerations, the receipt and sufficiency of which is hereby acknowledged, WE, MAURICE DAVID STOVALL AND WIFE, KATHY L. STOVALL, have bargained and sold and by these presents do transfer and convey unto TIM C. WALLACE, his heirs and assigns, a certain tractor parcel of land in the First Civil District of Humphreys County, Tennessee, as follows:",
  "docLength" : 0,
  "language" : "EN",
  "status" : "SUBMITTED",
  "modifiedDate" : 1554348068070,
  "documentSet" : [ ],
  "preannotation" : [ ],
  "sentences" : [ {
    "id" : "s0",
    "begin" : 0,
    "end" : 485,
    "text" : "FOR AND IN CONSIDERATION of the sum of Five Hundred and no/100 Dollar ($500.00) cash in hand to me paid, and for other good and valuable considerations, the receipt and sufficiency of which is hereby acknowledged, WE, MAURICE DAVID STOVALL AND WIFE, KATHY L. STOVALL, have bargained and sold and by these presents do transfer and convey unto TIM C. WALLACE, his heirs and assigns, a certain tractor parcel of land in the First Civil District of Humphreys County, Tennessee, as follows:",
    "tokens" : [ {
      "id" : "s0-t0",
      "begin" : 0,
      "end" : 3,
      "text" : "FOR",
      "whiteSpace" : false
    }, {
      "id" : "s0-t1",
      "begin" : 4,
      "end" : 7,
      "text" : "AND",
      "whiteSpace" : false
    }, {
      "id" : "s0-t2",
      "begin" : 8,
      "end" : 10,
      "text" : "IN",
      "whiteSpace" : false
    }, {
      "id" : "s0-t3",
      "begin" : 11,
      "end" : 24,
      "text" : "CONSIDERATION",
      "whiteSpace" : false
    }, {
      "id" : "s0-t4",
      "begin" : 25,
      "end" : 27,
      "text" : "of",
      "whiteSpace" : false
    }, {
      "id" : "s0-t5",
      "begin" : 28,
      "end" : 31,
      "text" : "the",
      "whiteSpace" : false
    }, {
      "id" : "s0-t6",
      "begin" : 32,
      "end" : 35,
      "text" : "sum",
      "whiteSpace" : false
    }, {
      "id" : "s0-t7",
      "begin" : 36,
      "end" : 38,
      "text" : "of",
      "whiteSpace" : false
    }, {
      "id" : "s0-t8",
      "begin" : 39,
      "end" : 43,
      "text" : "Five",
      "whiteSpace" : false
    }, {
      "id" : "s0-t9",
      "begin" : 44,
      "end" : 51,
      "text" : "Hundred",
      "whiteSpace" : false
    }, {
      "id" : "s0-t10",
      "begin" : 52,
      "end" : 55,
      "text" : "and",
      "whiteSpace" : false
    }, {
      "id" : "s0-t11",
      "begin" : 56,
      "end" : 58,
      "text" : "no",
      "whiteSpace" : false
    }, {
      "id" : "s0-t12",
      "begin" : 58,
      "end" : 59,
      "text" : "/",
      "whiteSpace" : false
    }, {
      "id" : "s0-t13",
      "begin" : 59,
      "end" : 62,
      "text" : "100",
      "whiteSpace" : false
    }, {
      "id" : "s0-t14",
      "begin" : 63,
      "end" : 69,
      "text" : "Dollar",
      "whiteSpace" : false
    }, {
      "id" : "s0-t15",
      "begin" : 70,
      "end" : 71,
      "text" : "(",
      "whiteSpace" : false
    }, {
      "id" : "s0-t16",
      "begin" : 71,
      "end" : 72,
      "text" : "$",
      "whiteSpace" : false
    }, {
      "id" : "s0-t17",
      "begin" : 72,
      "end" : 78,
      "text" : "500.00",
      "whiteSpace" : false
    }, {
      "id" : "s0-t18",
      "begin" : 78,
      "end" : 79,
      "text" : ")",
      "whiteSpace" : false
    }, {
      "id" : "s0-t19",
      "begin" : 80,
      "end" : 84,
      "text" : "cash",
      "whiteSpace" : false
    }, {
      "id" : "s0-t20",
      "begin" : 85,
      "end" : 87,
      "text" : "in",
      "whiteSpace" : false
    }, {
      "id" : "s0-t21",
      "begin" : 88,
      "end" : 92,
      "text" : "hand",
      "whiteSpace" : false
    }, {
      "id" : "s0-t22",
      "begin" : 93,
      "end" : 95,
      "text" : "to",
      "whiteSpace" : false
    }, {
      "id" : "s0-t23",
      "begin" : 96,
      "end" : 98,
      "text" : "me",
      "whiteSpace" : false
    }, {
      "id" : "s0-t24",
      "begin" : 99,
      "end" : 103,
      "text" : "paid",
      "whiteSpace" : false
    }, {
      "id" : "s0-t25",
      "begin" : 103,
      "end" : 104,
      "text" : ",",
      "whiteSpace" : false
    }, {
      "id" : "s0-t26",
      "begin" : 105,
      "end" : 108,
      "text" : "and",
      "whiteSpace" : false
    }, {
      "id" : "s0-t27",
      "begin" : 109,
      "end" : 112,
      "text" : "for",
      "whiteSpace" : false
    }, {
      "id" : "s0-t28",
      "begin" : 113,
      "end" : 118,
      "text" : "other",
      "whiteSpace" : false
    }, {
      "id" : "s0-t29",
      "begin" : 119,
      "end" : 123,
      "text" : "good",
      "whiteSpace" : false
    }, {
      "id" : "s0-t30",
      "begin" : 124,
      "end" : 127,
      "text" : "and",
      "whiteSpace" : false
    }, {
      "id" : "s0-t31",
      "begin" : 128,
      "end" : 136,
      "text" : "valuable",
      "whiteSpace" : false
    }, {
      "id" : "s0-t32",
      "begin" : 137,
      "end" : 151,
      "text" : "considerations",
      "whiteSpace" : false
    }, {
      "id" : "s0-t33",
      "begin" : 151,
      "end" : 152,
      "text" : ",",
      "whiteSpace" : false
    }, {
      "id" : "s0-t34",
      "begin" : 153,
      "end" : 156,
      "text" : "the",
      "whiteSpace" : false
    }, {
      "id" : "s0-t35",
      "begin" : 157,
      "end" : 164,
      "text" : "receipt",
      "whiteSpace" : false
    }, {
      "id" : "s0-t36",
      "begin" : 165,
      "end" : 168,
      "text" : "and",
      "whiteSpace" : false
    }, {
      "id" : "s0-t37",
      "begin" : 169,
      "end" : 180,
      "text" : "sufficiency",
      "whiteSpace" : false
    }, {
      "id" : "s0-t38",
      "begin" : 181,
      "end" : 183,
      "text" : "of",
      "whiteSpace" : false
    }, {
      "id" : "s0-t39",
      "begin" : 184,
      "end" : 189,
      "text" : "which",
      "whiteSpace" : false
    }, {
      "id" : "s0-t40",
      "begin" : 190,
      "end" : 192,
      "text" : "is",
      "whiteSpace" : false
    }, {
      "id" : "s0-t41",
      "begin" : 193,
      "end" : 199,
      "text" : "hereby",
      "whiteSpace" : false
    }, {
      "id" : "s0-t42",
      "begin" : 200,
      "end" : 212,
      "text" : "acknowledged",
      "whiteSpace" : false
    }, {
      "id" : "s0-t43",
      "begin" : 212,
      "end" : 213,
      "text" : ",",
      "whiteSpace" : false
    }, {
      "id" : "s0-t44",
      "begin" : 214,
      "end" : 216,
      "text" : "WE",
      "whiteSpace" : false
    }, {
      "id" : "s0-t45",
      "begin" : 216,
      "end" : 217,
      "text" : ",",
      "whiteSpace" : false
    }, {
      "id" : "s0-t46",
      "begin" : 218,
      "end" : 225,
      "text" : "MAURICE",
      "whiteSpace" : false
    }, {
      "id" : "s0-t47",
      "begin" : 226,
      "end" : 231,
      "text" : "DAVID",
      "whiteSpace" : false
    }, {
      "id" : "s0-t48",
      "begin" : 232,
      "end" : 239,
      "text" : "STOVALL",
      "whiteSpace" : false
    }, {
      "id" : "s0-t49",
      "begin" : 240,
      "end" : 243,
      "text" : "AND",
      "whiteSpace" : false
    }, {
      "id" : "s0-t50",
      "begin" : 244,
      "end" : 248,
      "text" : "WIFE",
      "whiteSpace" : false
    }, {
      "id" : "s0-t51",
      "begin" : 248,
      "end" : 249,
      "text" : ",",
      "whiteSpace" : false
    }, {
      "id" : "s0-t52",
      "begin" : 250,
      "end" : 255,
      "text" : "KATHY",
      "whiteSpace" : false
    }, {
      "id" : "s0-t53",
      "begin" : 256,
      "end" : 258,
      "text" : "L.",
      "whiteSpace" : false
    }, {
      "id" : "s0-t54",
      "begin" : 259,
      "end" : 266,
      "text" : "STOVALL",
      "whiteSpace" : false
    }, {
      "id" : "s0-t55",
      "begin" : 266,
      "end" : 267,
      "text" : ",",
      "whiteSpace" : false
    }, {
      "id" : "s0-t56",
      "begin" : 268,
      "end" : 272,
      "text" : "have",
      "whiteSpace" : false
    }, {
      "id" : "s0-t57",
      "begin" : 273,
      "end" : 282,
      "text" : "bargained",
      "whiteSpace" : false
    }, {
      "id" : "s0-t58",
      "begin" : 283,
      "end" : 286,
      "text" : "and",
      "whiteSpace" : false
    }, {
      "id" : "s0-t59",
      "begin" : 287,
      "end" : 291,
      "text" : "sold",
      "whiteSpace" : false
    }, {
      "id" : "s0-t60",
      "begin" : 292,
      "end" : 295,
      "text" : "and",
      "whiteSpace" : false
    }, {
      "id" : "s0-t61",
      "begin" : 296,
      "end" : 298,
      "text" : "by",
      "whiteSpace" : false
    }, {
      "id" : "s0-t62",
      "begin" : 299,
      "end" : 304,
      "text" : "these",
      "whiteSpace" : false
    }, {
      "id" : "s0-t63",
      "begin" : 305,
      "end" : 313,
      "text" : "presents",
      "whiteSpace" : false
    }, {
      "id" : "s0-t64",
      "begin" : 314,
      "end" : 316,
      "text" : "do",
      "whiteSpace" : false
    }, {
      "id" : "s0-t65",
      "begin" : 317,
      "end" : 325,
      "text" : "transfer",
      "whiteSpace" : false
    }, {
      "id" : "s0-t66",
      "begin" : 326,
      "end" : 329,
      "text" : "and",
      "whiteSpace" : false
    }, {
      "id" : "s0-t67",
      "begin" : 330,
      "end" : 336,
      "text" : "convey",
      "whiteSpace" : false
    }, {
      "id" : "s0-t68",
      "begin" : 337,
      "end" : 341,
      "text" : "unto",
      "whiteSpace" : false
    }, {
      "id" : "s0-t69",
      "begin" : 342,
      "end" : 345,
      "text" : "TIM",
      "whiteSpace" : false
    }, {
      "id" : "s0-t70",
      "begin" : 346,
      "end" : 348,
      "text" : "C.",
      "whiteSpace" : false
    }, {
      "id" : "s0-t71",
      "begin" : 349,
      "end" : 356,
      "text" : "WALLACE",
      "whiteSpace" : false
    }, {
      "id" : "s0-t72",
      "begin" : 356,
      "end" : 357,
      "text" : ",",
      "whiteSpace" : false
    }, {
      "id" : "s0-t73",
      "begin" : 358,
      "end" : 361,
      "text" : "his",
      "whiteSpace" : false
    }, {
      "id" : "s0-t74",
      "begin" : 362,
      "end" : 367,
      "text" : "heirs",
      "whiteSpace" : false
    }, {
      "id" : "s0-t75",
      "begin" : 368,
      "end" : 371,
      "text" : "and",
      "whiteSpace" : false
    }, {
      "id" : "s0-t76",
      "begin" : 372,
      "end" : 379,
      "text" : "assigns",
      "whiteSpace" : false
    }, {
      "id" : "s0-t77",
      "begin" : 379,
      "end" : 380,
      "text" : ",",
      "whiteSpace" : false
    }, {
      "id" : "s0-t78",
      "begin" : 381,
      "end" : 382,
      "text" : "a",
      "whiteSpace" : false
    }, {
      "id" : "s0-t79",
      "begin" : 383,
      "end" : 390,
      "text" : "certain",
      "whiteSpace" : false
    }, {
      "id" : "s0-t80",
      "begin" : 391,
      "end" : 398,
      "text" : "tractor",
      "whiteSpace" : false
    }, {
      "id" : "s0-t81",
      "begin" : 399,
      "end" : 405,
      "text" : "parcel",
      "whiteSpace" : false
    }, {
      "id" : "s0-t82",
      "begin" : 406,
      "end" : 408,
      "text" : "of",
      "whiteSpace" : false
    }, {
      "id" : "s0-t83",
      "begin" : 409,
      "end" : 413,
      "text" : "land",
      "whiteSpace" : false
    }, {
      "id" : "s0-t84",
      "begin" : 414,
      "end" : 416,
      "text" : "in",
      "whiteSpace" : false
    }, {
      "id" : "s0-t85",
      "begin" : 417,
      "end" : 420,
      "text" : "the",
      "whiteSpace" : false
    }, {
      "id" : "s0-t86",
      "begin" : 421,
      "end" : 426,
      "text" : "First",
      "whiteSpace" : false
    }, {
      "id" : "s0-t87",
      "begin" : 427,
      "end" : 432,
      "text" : "Civil",
      "whiteSpace" : false
    }, {
      "id" : "s0-t88",
      "begin" : 433,
      "end" : 441,
      "text" : "District",
      "whiteSpace" : false
    }, {
      "id" : "s0-t89",
      "begin" : 442,
      "end" : 444,
      "text" : "of",
      "whiteSpace" : false
    }, {
      "id" : "s0-t90",
      "begin" : 445,
      "end" : 454,
      "text" : "Humphreys",
      "whiteSpace" : false
    }, {
      "id" : "s0-t91",
      "begin" : 455,
      "end" : 461,
      "text" : "County",
      "whiteSpace" : false
    }, {
      "id" : "s0-t92",
      "begin" : 461,
      "end" : 462,
      "text" : ",",
      "whiteSpace" : false
    }, {
      "id" : "s0-t93",
      "begin" : 463,
      "end" : 472,
      "text" : "Tennessee",
      "whiteSpace" : false
    }, {
      "id" : "s0-t94",
      "begin" : 472,
      "end" : 473,
      "text" : ",",
      "whiteSpace" : false
    }, {
      "id" : "s0-t95",
      "begin" : 474,
      "end" : 476,
      "text" : "as",
      "whiteSpace" : false
    }, {
      "id" : "s0-t96",
      "begin" : 477,
      "end" : 484,
      "text" : "follows",
      "whiteSpace" : false
    }, {
      "id" : "s0-t97",
      "begin" : 484,
      "end" : 485,
      "text" : ":",
      "whiteSpace" : false
    } ]
  } ],
  "mentions" : [ {
    "id" : "s0-m2",
    "properties" : {
      "SIRE_MENTION_ROLE" : "Grantor",
      "SIRE_ENTITY_SUBTYPE" : "NONE",
      "SIRE_MENTION_TYPE" : "NONE",
      "SIRE_MENTION_CLASS" : "SPC"
    },
    "type" : "Grantor",
    "begin" : 218,
    "end" : 239,
    "inCoref" : false
  }, {
    "id" : "s0-m3",
    "properties" : {
      "SIRE_MENTION_ROLE" : "Grantor",
      "SIRE_ENTITY_SUBTYPE" : "NONE",
      "SIRE_MENTION_TYPE" : "NONE",
      "SIRE_MENTION_CLASS" : "SPC"
    },
    "type" : "Grantor",
    "begin" : 250,
    "end" : 266,
    "inCoref" : false
  }, {
    "id" : "s0-m1",
    "properties" : {
      "SIRE_MENTION_ROLE" : "Grantee",
      "SIRE_ENTITY_SUBTYPE" : "NONE",
      "SIRE_MENTION_TYPE" : "NONE",
      "SIRE_MENTION_CLASS" : "SPC"
    },
    "type" : "Grantee",
    "begin" : 342,
    "end" : 356,
    "inCoref" : false
  } ],
  "relations" : [ ],
  "corefs" : [ ],
  "typeResolved" : true,
  "userResolved" : false
}