{
  "id" : "51c3bea0-5686-11e9-84a6-df86f9fa5a66-12",
  "name" : "WD1-26_6.txt",
  "createdDate" : 0,
  "version" : 3,
  "text" : "For and in consideration of the sum of Ten Thousand Dollars ($10,000.00), cash in hand paid, and other good and valuable considerations, the receipt of which is hereby acknowledged, we, DENNIS ZIMMERMAN and wife, JANET ZIMMERMAN, this date have bargained and sold, and by these presents do transfer and convey unto THOMAS E. SPENCER, J R., his heirs and assigns, a certain tract or parcel of land in the Fifth Civil District of Humphreys County, Tennessee, and being more particularly described as follows",
  "docLength" : 0,
  "language" : "EN",
  "status" : "SUBMITTED",
  "modifiedDate" : 1554348093398,
  "documentSet" : [ ],
  "preannotation" : [ ],
  "sentences" : [ {
    "id" : "s0",
    "begin" : 0,
    "end" : 505,
    "text" : "For and in consideration of the sum of Ten Thousand Dollars ($10,000.00), cash in hand paid, and other good and valuable considerations, the receipt of which is hereby acknowledged, we, DENNIS ZIMMERMAN and wife, JANET ZIMMERMAN, this date have bargained and sold, and by these presents do transfer and convey unto THOMAS E. SPENCER, J R., his heirs and assigns, a certain tract or parcel of land in the Fifth Civil District of Humphreys County, Tennessee, and being more particularly described as follows",
    "tokens" : [ {
      "id" : "s0-t0",
      "begin" : 0,
      "end" : 3,
      "text" : "For",
      "whiteSpace" : false
    }, {
      "id" : "s0-t1",
      "begin" : 4,
      "end" : 7,
      "text" : "and",
      "whiteSpace" : false
    }, {
      "id" : "s0-t2",
      "begin" : 8,
      "end" : 10,
      "text" : "in",
      "whiteSpace" : false
    }, {
      "id" : "s0-t3",
      "begin" : 11,
      "end" : 24,
      "text" : "consideration",
      "whiteSpace" : false
    }, {
      "id" : "s0-t4",
      "begin" : 25,
      "end" : 27,
      "text" : "of",
      "whiteSpace" : false
    }, {
      "id" : "s0-t5",
      "begin" : 28,
      "end" : 31,
      "text" : "the",
      "whiteSpace" : false
    }, {
      "id" : "s0-t6",
      "begin" : 32,
      "end" : 35,
      "text" : "sum",
      "whiteSpace" : false
    }, {
      "id" : "s0-t7",
      "begin" : 36,
      "end" : 38,
      "text" : "of",
      "whiteSpace" : false
    }, {
      "id" : "s0-t8",
      "begin" : 39,
      "end" : 42,
      "text" : "Ten",
      "whiteSpace" : false
    }, {
      "id" : "s0-t9",
      "begin" : 43,
      "end" : 51,
      "text" : "Thousand",
      "whiteSpace" : false
    }, {
      "id" : "s0-t10",
      "begin" : 52,
      "end" : 59,
      "text" : "Dollars",
      "whiteSpace" : false
    }, {
      "id" : "s0-t11",
      "begin" : 60,
      "end" : 61,
      "text" : "(",
      "whiteSpace" : false
    }, {
      "id" : "s0-t12",
      "begin" : 61,
      "end" : 62,
      "text" : "$",
      "whiteSpace" : false
    }, {
      "id" : "s0-t13",
      "begin" : 62,
      "end" : 71,
      "text" : "10,000.00",
      "whiteSpace" : false
    }, {
      "id" : "s0-t14",
      "begin" : 71,
      "end" : 72,
      "text" : ")",
      "whiteSpace" : false
    }, {
      "id" : "s0-t15",
      "begin" : 72,
      "end" : 73,
      "text" : ",",
      "whiteSpace" : false
    }, {
      "id" : "s0-t16",
      "begin" : 74,
      "end" : 78,
      "text" : "cash",
      "whiteSpace" : false
    }, {
      "id" : "s0-t17",
      "begin" : 79,
      "end" : 81,
      "text" : "in",
      "whiteSpace" : false
    }, {
      "id" : "s0-t18",
      "begin" : 82,
      "end" : 86,
      "text" : "hand",
      "whiteSpace" : false
    }, {
      "id" : "s0-t19",
      "begin" : 87,
      "end" : 91,
      "text" : "paid",
      "whiteSpace" : false
    }, {
      "id" : "s0-t20",
      "begin" : 91,
      "end" : 92,
      "text" : ",",
      "whiteSpace" : false
    }, {
      "id" : "s0-t21",
      "begin" : 93,
      "end" : 96,
      "text" : "and",
      "whiteSpace" : false
    }, {
      "id" : "s0-t22",
      "begin" : 97,
      "end" : 102,
      "text" : "other",
      "whiteSpace" : false
    }, {
      "id" : "s0-t23",
      "begin" : 103,
      "end" : 107,
      "text" : "good",
      "whiteSpace" : false
    }, {
      "id" : "s0-t24",
      "begin" : 108,
      "end" : 111,
      "text" : "and",
      "whiteSpace" : false
    }, {
      "id" : "s0-t25",
      "begin" : 112,
      "end" : 120,
      "text" : "valuable",
      "whiteSpace" : false
    }, {
      "id" : "s0-t26",
      "begin" : 121,
      "end" : 135,
      "text" : "considerations",
      "whiteSpace" : false
    }, {
      "id" : "s0-t27",
      "begin" : 135,
      "end" : 136,
      "text" : ",",
      "whiteSpace" : false
    }, {
      "id" : "s0-t28",
      "begin" : 137,
      "end" : 140,
      "text" : "the",
      "whiteSpace" : false
    }, {
      "id" : "s0-t29",
      "begin" : 141,
      "end" : 148,
      "text" : "receipt",
      "whiteSpace" : false
    }, {
      "id" : "s0-t30",
      "begin" : 149,
      "end" : 151,
      "text" : "of",
      "whiteSpace" : false
    }, {
      "id" : "s0-t31",
      "begin" : 152,
      "end" : 157,
      "text" : "which",
      "whiteSpace" : false
    }, {
      "id" : "s0-t32",
      "begin" : 158,
      "end" : 160,
      "text" : "is",
      "whiteSpace" : false
    }, {
      "id" : "s0-t33",
      "begin" : 161,
      "end" : 167,
      "text" : "hereby",
      "whiteSpace" : false
    }, {
      "id" : "s0-t34",
      "begin" : 168,
      "end" : 180,
      "text" : "acknowledged",
      "whiteSpace" : false
    }, {
      "id" : "s0-t35",
      "begin" : 180,
      "end" : 181,
      "text" : ",",
      "whiteSpace" : false
    }, {
      "id" : "s0-t36",
      "begin" : 182,
      "end" : 184,
      "text" : "we",
      "whiteSpace" : false
    }, {
      "id" : "s0-t37",
      "begin" : 184,
      "end" : 185,
      "text" : ",",
      "whiteSpace" : false
    }, {
      "id" : "s0-t38",
      "begin" : 186,
      "end" : 192,
      "text" : "DENNIS",
      "whiteSpace" : false
    }, {
      "id" : "s0-t39",
      "begin" : 193,
      "end" : 202,
      "text" : "ZIMMERMAN",
      "whiteSpace" : false
    }, {
      "id" : "s0-t40",
      "begin" : 203,
      "end" : 206,
      "text" : "and",
      "whiteSpace" : false
    }, {
      "id" : "s0-t41",
      "begin" : 207,
      "end" : 211,
      "text" : "wife",
      "whiteSpace" : false
    }, {
      "id" : "s0-t42",
      "begin" : 211,
      "end" : 212,
      "text" : ",",
      "whiteSpace" : false
    }, {
      "id" : "s0-t43",
      "begin" : 213,
      "end" : 218,
      "text" : "JANET",
      "whiteSpace" : false
    }, {
      "id" : "s0-t44",
      "begin" : 219,
      "end" : 228,
      "text" : "ZIMMERMAN",
      "whiteSpace" : false
    }, {
      "id" : "s0-t45",
      "begin" : 228,
      "end" : 229,
      "text" : ",",
      "whiteSpace" : false
    }, {
      "id" : "s0-t46",
      "begin" : 230,
      "end" : 234,
      "text" : "this",
      "whiteSpace" : false
    }, {
      "id" : "s0-t47",
      "begin" : 235,
      "end" : 239,
      "text" : "date",
      "whiteSpace" : false
    }, {
      "id" : "s0-t48",
      "begin" : 240,
      "end" : 244,
      "text" : "have",
      "whiteSpace" : false
    }, {
      "id" : "s0-t49",
      "begin" : 245,
      "end" : 254,
      "text" : "bargained",
      "whiteSpace" : false
    }, {
      "id" : "s0-t50",
      "begin" : 255,
      "end" : 258,
      "text" : "and",
      "whiteSpace" : false
    }, {
      "id" : "s0-t51",
      "begin" : 259,
      "end" : 263,
      "text" : "sold",
      "whiteSpace" : false
    }, {
      "id" : "s0-t52",
      "begin" : 263,
      "end" : 264,
      "text" : ",",
      "whiteSpace" : false
    }, {
      "id" : "s0-t53",
      "begin" : 265,
      "end" : 268,
      "text" : "and",
      "whiteSpace" : false
    }, {
      "id" : "s0-t54",
      "begin" : 269,
      "end" : 271,
      "text" : "by",
      "whiteSpace" : false
    }, {
      "id" : "s0-t55",
      "begin" : 272,
      "end" : 277,
      "text" : "these",
      "whiteSpace" : false
    }, {
      "id" : "s0-t56",
      "begin" : 278,
      "end" : 286,
      "text" : "presents",
      "whiteSpace" : false
    }, {
      "id" : "s0-t57",
      "begin" : 287,
      "end" : 289,
      "text" : "do",
      "whiteSpace" : false
    }, {
      "id" : "s0-t58",
      "begin" : 290,
      "end" : 298,
      "text" : "transfer",
      "whiteSpace" : false
    }, {
      "id" : "s0-t59",
      "begin" : 299,
      "end" : 302,
      "text" : "and",
      "whiteSpace" : false
    }, {
      "id" : "s0-t60",
      "begin" : 303,
      "end" : 309,
      "text" : "convey",
      "whiteSpace" : false
    }, {
      "id" : "s0-t61",
      "begin" : 310,
      "end" : 314,
      "text" : "unto",
      "whiteSpace" : false
    }, {
      "id" : "s0-t62",
      "begin" : 315,
      "end" : 321,
      "text" : "THOMAS",
      "whiteSpace" : false
    }, {
      "id" : "s0-t63",
      "begin" : 322,
      "end" : 324,
      "text" : "E.",
      "whiteSpace" : false
    }, {
      "id" : "s0-t64",
      "begin" : 325,
      "end" : 332,
      "text" : "SPENCER",
      "whiteSpace" : false
    }, {
      "id" : "s0-t65",
      "begin" : 332,
      "end" : 333,
      "text" : ",",
      "whiteSpace" : false
    }, {
      "id" : "s0-t66",
      "begin" : 334,
      "end" : 335,
      "text" : "J",
      "whiteSpace" : false
    }, {
      "id" : "s0-t67",
      "begin" : 336,
      "end" : 338,
      "text" : "R.",
      "whiteSpace" : false
    }, {
      "id" : "s0-t68",
      "begin" : 338,
      "end" : 339,
      "text" : ",",
      "whiteSpace" : false
    }, {
      "id" : "s0-t69",
      "begin" : 340,
      "end" : 343,
      "text" : "his",
      "whiteSpace" : false
    }, {
      "id" : "s0-t70",
      "begin" : 344,
      "end" : 349,
      "text" : "heirs",
      "whiteSpace" : false
    }, {
      "id" : "s0-t71",
      "begin" : 350,
      "end" : 353,
      "text" : "and",
      "whiteSpace" : false
    }, {
      "id" : "s0-t72",
      "begin" : 354,
      "end" : 361,
      "text" : "assigns",
      "whiteSpace" : false
    }, {
      "id" : "s0-t73",
      "begin" : 361,
      "end" : 362,
      "text" : ",",
      "whiteSpace" : false
    }, {
      "id" : "s0-t74",
      "begin" : 363,
      "end" : 364,
      "text" : "a",
      "whiteSpace" : false
    }, {
      "id" : "s0-t75",
      "begin" : 365,
      "end" : 372,
      "text" : "certain",
      "whiteSpace" : false
    }, {
      "id" : "s0-t76",
      "begin" : 373,
      "end" : 378,
      "text" : "tract",
      "whiteSpace" : false
    }, {
      "id" : "s0-t77",
      "begin" : 379,
      "end" : 381,
      "text" : "or",
      "whiteSpace" : false
    }, {
      "id" : "s0-t78",
      "begin" : 382,
      "end" : 388,
      "text" : "parcel",
      "whiteSpace" : false
    }, {
      "id" : "s0-t79",
      "begin" : 389,
      "end" : 391,
      "text" : "of",
      "whiteSpace" : false
    }, {
      "id" : "s0-t80",
      "begin" : 392,
      "end" : 396,
      "text" : "land",
      "whiteSpace" : false
    }, {
      "id" : "s0-t81",
      "begin" : 397,
      "end" : 399,
      "text" : "in",
      "whiteSpace" : false
    }, {
      "id" : "s0-t82",
      "begin" : 400,
      "end" : 403,
      "text" : "the",
      "whiteSpace" : false
    }, {
      "id" : "s0-t83",
      "begin" : 404,
      "end" : 409,
      "text" : "Fifth",
      "whiteSpace" : false
    }, {
      "id" : "s0-t84",
      "begin" : 410,
      "end" : 415,
      "text" : "Civil",
      "whiteSpace" : false
    }, {
      "id" : "s0-t85",
      "begin" : 416,
      "end" : 424,
      "text" : "District",
      "whiteSpace" : false
    }, {
      "id" : "s0-t86",
      "begin" : 425,
      "end" : 427,
      "text" : "of",
      "whiteSpace" : false
    }, {
      "id" : "s0-t87",
      "begin" : 428,
      "end" : 437,
      "text" : "Humphreys",
      "whiteSpace" : false
    }, {
      "id" : "s0-t88",
      "begin" : 438,
      "end" : 444,
      "text" : "County",
      "whiteSpace" : false
    }, {
      "id" : "s0-t89",
      "begin" : 444,
      "end" : 445,
      "text" : ",",
      "whiteSpace" : false
    }, {
      "id" : "s0-t90",
      "begin" : 446,
      "end" : 455,
      "text" : "Tennessee",
      "whiteSpace" : false
    }, {
      "id" : "s0-t91",
      "begin" : 455,
      "end" : 456,
      "text" : ",",
      "whiteSpace" : false
    }, {
      "id" : "s0-t92",
      "begin" : 457,
      "end" : 460,
      "text" : "and",
      "whiteSpace" : false
    }, {
      "id" : "s0-t93",
      "begin" : 461,
      "end" : 466,
      "text" : "being",
      "whiteSpace" : false
    }, {
      "id" : "s0-t94",
      "begin" : 467,
      "end" : 471,
      "text" : "more",
      "whiteSpace" : false
    }, {
      "id" : "s0-t95",
      "begin" : 472,
      "end" : 484,
      "text" : "particularly",
      "whiteSpace" : false
    }, {
      "id" : "s0-t96",
      "begin" : 485,
      "end" : 494,
      "text" : "described",
      "whiteSpace" : false
    }, {
      "id" : "s0-t97",
      "begin" : 495,
      "end" : 497,
      "text" : "as",
      "whiteSpace" : false
    }, {
      "id" : "s0-t98",
      "begin" : 498,
      "end" : 505,
      "text" : "follows",
      "whiteSpace" : false
    } ]
  } ],
  "mentions" : [ {
    "id" : "s0-m2",
    "properties" : {
      "SIRE_MENTION_ROLE" : "Grantor",
      "SIRE_ENTITY_SUBTYPE" : "NONE",
      "SIRE_MENTION_TYPE" : "NONE",
      "SIRE_MENTION_CLASS" : "SPC"
    },
    "type" : "Grantor",
    "begin" : 186,
    "end" : 202,
    "inCoref" : false
  }, {
    "id" : "s0-m1",
    "properties" : {
      "SIRE_MENTION_ROLE" : "Grantor",
      "SIRE_ENTITY_SUBTYPE" : "NONE",
      "SIRE_MENTION_TYPE" : "NONE",
      "SIRE_MENTION_CLASS" : "SPC"
    },
    "type" : "Grantor",
    "begin" : 213,
    "end" : 228,
    "inCoref" : false
  }, {
    "id" : "s0-m3",
    "properties" : {
      "SIRE_MENTION_ROLE" : "Grantee",
      "SIRE_ENTITY_SUBTYPE" : "NONE",
      "SIRE_MENTION_TYPE" : "NONE",
      "SIRE_MENTION_CLASS" : "SPC"
    },
    "type" : "Grantee",
    "begin" : 315,
    "end" : 338,
    "inCoref" : false
  } ],
  "relations" : [ ],
  "corefs" : [ ],
  "typeResolved" : true,
  "userResolved" : false
}