{
  "id" : "53258bd0-5676-11e9-8538-e5e57d696462-7",
  "name" : "WD1-22_9.txt",
  "createdDate" : 0,
  "version" : 3,
  "text" : "442..43 acres by calculation, per a survey by McBride Survey Company dated October 23, 2008, as shown on McBride drawing #C368408., Property is subject to any and all easements and rights of way., Being the same property conveyed to Timothy Wayne Terry by Warranty Deed from Charles D. Bean dated December 16, 2008 and recorded on December 29, 2008, in Book WD193, Page 193, Register???s Of???ce for Humphreys County, Tennessee., Any and all plats, easements, restrictions, and other matters of record., Property taxes for the year 2015; ",
  "docLength" : 0,
  "language" : "EN",
  "status" : "SUBMITTED",
  "modifiedDate" : 1554343106304,
  "documentSet" : [ ],
  "preannotation" : [ ],
  "sentences" : [ {
    "id" : "s0",
    "begin" : 0,
    "end" : 384,
    "text" : "442..43 acres by calculation, per a survey by McBride Survey Company dated October 23, 2008, as shown on McBride drawing #C368408., Property is subject to any and all easements and rights of way., Being the same property conveyed to Timothy Wayne Terry by Warranty Deed from Charles D. Bean dated December 16, 2008 and recorded on December 29, 2008, in Book WD193, Page 193, Register?",
    "tokens" : [ {
      "id" : "s0-t0",
      "begin" : 0,
      "end" : 3,
      "text" : "442",
      "whiteSpace" : false
    }, {
      "id" : "s0-t1",
      "begin" : 3,
      "end" : 5,
      "text" : "..",
      "whiteSpace" : false
    }, {
      "id" : "s0-t2",
      "begin" : 5,
      "end" : 7,
      "text" : "43",
      "whiteSpace" : false
    }, {
      "id" : "s0-t3",
      "begin" : 8,
      "end" : 13,
      "text" : "acres",
      "whiteSpace" : false
    }, {
      "id" : "s0-t4",
      "begin" : 14,
      "end" : 16,
      "text" : "by",
      "whiteSpace" : false
    }, {
      "id" : "s0-t5",
      "begin" : 17,
      "end" : 28,
      "text" : "calculation",
      "whiteSpace" : false
    }, {
      "id" : "s0-t6",
      "begin" : 28,
      "end" : 29,
      "text" : ",",
      "whiteSpace" : false
    }, {
      "id" : "s0-t7",
      "begin" : 30,
      "end" : 33,
      "text" : "per",
      "whiteSpace" : false
    }, {
      "id" : "s0-t8",
      "begin" : 34,
      "end" : 35,
      "text" : "a",
      "whiteSpace" : false
    }, {
      "id" : "s0-t9",
      "begin" : 36,
      "end" : 42,
      "text" : "survey",
      "whiteSpace" : false
    }, {
      "id" : "s0-t10",
      "begin" : 43,
      "end" : 45,
      "text" : "by",
      "whiteSpace" : false
    }, {
      "id" : "s0-t11",
      "begin" : 46,
      "end" : 53,
      "text" : "McBride",
      "whiteSpace" : false
    }, {
      "id" : "s0-t12",
      "begin" : 54,
      "end" : 60,
      "text" : "Survey",
      "whiteSpace" : false
    }, {
      "id" : "s0-t13",
      "begin" : 61,
      "end" : 68,
      "text" : "Company",
      "whiteSpace" : false
    }, {
      "id" : "s0-t14",
      "begin" : 69,
      "end" : 74,
      "text" : "dated",
      "whiteSpace" : false
    }, {
      "id" : "s0-t15",
      "begin" : 75,
      "end" : 82,
      "text" : "October",
      "whiteSpace" : false
    }, {
      "id" : "s0-t16",
      "begin" : 83,
      "end" : 85,
      "text" : "23",
      "whiteSpace" : false
    }, {
      "id" : "s0-t17",
      "begin" : 85,
      "end" : 86,
      "text" : ",",
      "whiteSpace" : false
    }, {
      "id" : "s0-t18",
      "begin" : 87,
      "end" : 91,
      "text" : "2008",
      "whiteSpace" : false
    }, {
      "id" : "s0-t19",
      "begin" : 91,
      "end" : 92,
      "text" : ",",
      "whiteSpace" : false
    }, {
      "id" : "s0-t20",
      "begin" : 93,
      "end" : 95,
      "text" : "as",
      "whiteSpace" : false
    }, {
      "id" : "s0-t21",
      "begin" : 96,
      "end" : 101,
      "text" : "shown",
      "whiteSpace" : false
    }, {
      "id" : "s0-t22",
      "begin" : 102,
      "end" : 104,
      "text" : "on",
      "whiteSpace" : false
    }, {
      "id" : "s0-t23",
      "begin" : 105,
      "end" : 112,
      "text" : "McBride",
      "whiteSpace" : false
    }, {
      "id" : "s0-t24",
      "begin" : 113,
      "end" : 120,
      "text" : "drawing",
      "whiteSpace" : false
    }, {
      "id" : "s0-t25",
      "begin" : 121,
      "end" : 129,
      "text" : "#C368408",
      "whiteSpace" : false
    }, {
      "id" : "s0-t26",
      "begin" : 129,
      "end" : 130,
      "text" : ".",
      "whiteSpace" : false
    }, {
      "id" : "s0-t27",
      "begin" : 130,
      "end" : 131,
      "text" : ",",
      "whiteSpace" : false
    }, {
      "id" : "s0-t28",
      "begin" : 132,
      "end" : 140,
      "text" : "Property",
      "whiteSpace" : false
    }, {
      "id" : "s0-t29",
      "begin" : 141,
      "end" : 143,
      "text" : "is",
      "whiteSpace" : false
    }, {
      "id" : "s0-t30",
      "begin" : 144,
      "end" : 151,
      "text" : "subject",
      "whiteSpace" : false
    }, {
      "id" : "s0-t31",
      "begin" : 152,
      "end" : 154,
      "text" : "to",
      "whiteSpace" : false
    }, {
      "id" : "s0-t32",
      "begin" : 155,
      "end" : 158,
      "text" : "any",
      "whiteSpace" : false
    }, {
      "id" : "s0-t33",
      "begin" : 159,
      "end" : 162,
      "text" : "and",
      "whiteSpace" : false
    }, {
      "id" : "s0-t34",
      "begin" : 163,
      "end" : 166,
      "text" : "all",
      "whiteSpace" : false
    }, {
      "id" : "s0-t35",
      "begin" : 167,
      "end" : 176,
      "text" : "easements",
      "whiteSpace" : false
    }, {
      "id" : "s0-t36",
      "begin" : 177,
      "end" : 180,
      "text" : "and",
      "whiteSpace" : false
    }, {
      "id" : "s0-t37",
      "begin" : 181,
      "end" : 187,
      "text" : "rights",
      "whiteSpace" : false
    }, {
      "id" : "s0-t38",
      "begin" : 188,
      "end" : 190,
      "text" : "of",
      "whiteSpace" : false
    }, {
      "id" : "s0-t39",
      "begin" : 191,
      "end" : 195,
      "text" : "way.",
      "whiteSpace" : false
    }, {
      "id" : "s0-t40",
      "begin" : 195,
      "end" : 196,
      "text" : ",",
      "whiteSpace" : false
    }, {
      "id" : "s0-t41",
      "begin" : 197,
      "end" : 202,
      "text" : "Being",
      "whiteSpace" : false
    }, {
      "id" : "s0-t42",
      "begin" : 203,
      "end" : 206,
      "text" : "the",
      "whiteSpace" : false
    }, {
      "id" : "s0-t43",
      "begin" : 207,
      "end" : 211,
      "text" : "same",
      "whiteSpace" : false
    }, {
      "id" : "s0-t44",
      "begin" : 212,
      "end" : 220,
      "text" : "property",
      "whiteSpace" : false
    }, {
      "id" : "s0-t45",
      "begin" : 221,
      "end" : 229,
      "text" : "conveyed",
      "whiteSpace" : false
    }, {
      "id" : "s0-t46",
      "begin" : 230,
      "end" : 232,
      "text" : "to",
      "whiteSpace" : false
    }, {
      "id" : "s0-t47",
      "begin" : 233,
      "end" : 240,
      "text" : "Timothy",
      "whiteSpace" : false
    }, {
      "id" : "s0-t48",
      "begin" : 241,
      "end" : 246,
      "text" : "Wayne",
      "whiteSpace" : false
    }, {
      "id" : "s0-t49",
      "begin" : 247,
      "end" : 252,
      "text" : "Terry",
      "whiteSpace" : false
    }, {
      "id" : "s0-t50",
      "begin" : 253,
      "end" : 255,
      "text" : "by",
      "whiteSpace" : false
    }, {
      "id" : "s0-t51",
      "begin" : 256,
      "end" : 264,
      "text" : "Warranty",
      "whiteSpace" : false
    }, {
      "id" : "s0-t52",
      "begin" : 265,
      "end" : 269,
      "text" : "Deed",
      "whiteSpace" : false
    }, {
      "id" : "s0-t53",
      "begin" : 270,
      "end" : 274,
      "text" : "from",
      "whiteSpace" : false
    }, {
      "id" : "s0-t54",
      "begin" : 275,
      "end" : 282,
      "text" : "Charles",
      "whiteSpace" : false
    }, {
      "id" : "s0-t55",
      "begin" : 283,
      "end" : 285,
      "text" : "D.",
      "whiteSpace" : false
    }, {
      "id" : "s0-t56",
      "begin" : 286,
      "end" : 290,
      "text" : "Bean",
      "whiteSpace" : false
    }, {
      "id" : "s0-t57",
      "begin" : 291,
      "end" : 296,
      "text" : "dated",
      "whiteSpace" : false
    }, {
      "id" : "s0-t58",
      "begin" : 297,
      "end" : 305,
      "text" : "December",
      "whiteSpace" : false
    }, {
      "id" : "s0-t59",
      "begin" : 306,
      "end" : 308,
      "text" : "16",
      "whiteSpace" : false
    }, {
      "id" : "s0-t60",
      "begin" : 308,
      "end" : 309,
      "text" : ",",
      "whiteSpace" : false
    }, {
      "id" : "s0-t61",
      "begin" : 310,
      "end" : 314,
      "text" : "2008",
      "whiteSpace" : false
    }, {
      "id" : "s0-t62",
      "begin" : 315,
      "end" : 318,
      "text" : "and",
      "whiteSpace" : false
    }, {
      "id" : "s0-t63",
      "begin" : 319,
      "end" : 327,
      "text" : "recorded",
      "whiteSpace" : false
    }, {
      "id" : "s0-t64",
      "begin" : 328,
      "end" : 330,
      "text" : "on",
      "whiteSpace" : false
    }, {
      "id" : "s0-t65",
      "begin" : 331,
      "end" : 339,
      "text" : "December",
      "whiteSpace" : false
    }, {
      "id" : "s0-t66",
      "begin" : 340,
      "end" : 342,
      "text" : "29",
      "whiteSpace" : false
    }, {
      "id" : "s0-t67",
      "begin" : 342,
      "end" : 343,
      "text" : ",",
      "whiteSpace" : false
    }, {
      "id" : "s0-t68",
      "begin" : 344,
      "end" : 348,
      "text" : "2008",
      "whiteSpace" : false
    }, {
      "id" : "s0-t69",
      "begin" : 348,
      "end" : 349,
      "text" : ",",
      "whiteSpace" : false
    }, {
      "id" : "s0-t70",
      "begin" : 350,
      "end" : 352,
      "text" : "in",
      "whiteSpace" : false
    }, {
      "id" : "s0-t71",
      "begin" : 353,
      "end" : 357,
      "text" : "Book",
      "whiteSpace" : false
    }, {
      "id" : "s0-t72",
      "begin" : 358,
      "end" : 363,
      "text" : "WD193",
      "whiteSpace" : false
    }, {
      "id" : "s0-t73",
      "begin" : 363,
      "end" : 364,
      "text" : ",",
      "whiteSpace" : false
    }, {
      "id" : "s0-t74",
      "begin" : 365,
      "end" : 369,
      "text" : "Page",
      "whiteSpace" : false
    }, {
      "id" : "s0-t75",
      "begin" : 370,
      "end" : 373,
      "text" : "193",
      "whiteSpace" : false
    }, {
      "id" : "s0-t76",
      "begin" : 373,
      "end" : 374,
      "text" : ",",
      "whiteSpace" : false
    }, {
      "id" : "s0-t77",
      "begin" : 375,
      "end" : 383,
      "text" : "Register",
      "whiteSpace" : false
    }, {
      "id" : "s0-t78",
      "begin" : 383,
      "end" : 384,
      "text" : "?",
      "whiteSpace" : false
    } ]
  }, {
    "id" : "s1",
    "begin" : 384,
    "end" : 391,
    "text" : "??s Of?",
    "tokens" : [ {
      "id" : "s1-t0",
      "begin" : 384,
      "end" : 387,
      "text" : "??s",
      "whiteSpace" : false
    }, {
      "id" : "s1-t1",
      "begin" : 388,
      "end" : 390,
      "text" : "Of",
      "whiteSpace" : false
    }, {
      "id" : "s1-t2",
      "begin" : 390,
      "end" : 391,
      "text" : "?",
      "whiteSpace" : false
    } ]
  }, {
    "id" : "s2",
    "begin" : 391,
    "end" : 537,
    "text" : "??ce for Humphreys County, Tennessee., Any and all plats, easements, restrictions, and other matters of record., Property taxes for the year 2015;",
    "tokens" : [ {
      "id" : "s2-t0",
      "begin" : 391,
      "end" : 395,
      "text" : "??ce",
      "whiteSpace" : false
    }, {
      "id" : "s2-t1",
      "begin" : 396,
      "end" : 399,
      "text" : "for",
      "whiteSpace" : false
    }, {
      "id" : "s2-t2",
      "begin" : 400,
      "end" : 409,
      "text" : "Humphreys",
      "whiteSpace" : false
    }, {
      "id" : "s2-t3",
      "begin" : 410,
      "end" : 416,
      "text" : "County",
      "whiteSpace" : false
    }, {
      "id" : "s2-t4",
      "begin" : 416,
      "end" : 417,
      "text" : ",",
      "whiteSpace" : false
    }, {
      "id" : "s2-t5",
      "begin" : 418,
      "end" : 428,
      "text" : "Tennessee.",
      "whiteSpace" : false
    }, {
      "id" : "s2-t6",
      "begin" : 428,
      "end" : 429,
      "text" : ",",
      "whiteSpace" : false
    }, {
      "id" : "s2-t7",
      "begin" : 430,
      "end" : 433,
      "text" : "Any",
      "whiteSpace" : false
    }, {
      "id" : "s2-t8",
      "begin" : 434,
      "end" : 437,
      "text" : "and",
      "whiteSpace" : false
    }, {
      "id" : "s2-t9",
      "begin" : 438,
      "end" : 441,
      "text" : "all",
      "whiteSpace" : false
    }, {
      "id" : "s2-t10",
      "begin" : 442,
      "end" : 447,
      "text" : "plats",
      "whiteSpace" : false
    }, {
      "id" : "s2-t11",
      "begin" : 447,
      "end" : 448,
      "text" : ",",
      "whiteSpace" : false
    }, {
      "id" : "s2-t12",
      "begin" : 449,
      "end" : 458,
      "text" : "easements",
      "whiteSpace" : false
    }, {
      "id" : "s2-t13",
      "begin" : 458,
      "end" : 459,
      "text" : ",",
      "whiteSpace" : false
    }, {
      "id" : "s2-t14",
      "begin" : 460,
      "end" : 472,
      "text" : "restrictions",
      "whiteSpace" : false
    }, {
      "id" : "s2-t15",
      "begin" : 472,
      "end" : 473,
      "text" : ",",
      "whiteSpace" : false
    }, {
      "id" : "s2-t16",
      "begin" : 474,
      "end" : 477,
      "text" : "and",
      "whiteSpace" : false
    }, {
      "id" : "s2-t17",
      "begin" : 478,
      "end" : 483,
      "text" : "other",
      "whiteSpace" : false
    }, {
      "id" : "s2-t18",
      "begin" : 484,
      "end" : 491,
      "text" : "matters",
      "whiteSpace" : false
    }, {
      "id" : "s2-t19",
      "begin" : 492,
      "end" : 494,
      "text" : "of",
      "whiteSpace" : false
    }, {
      "id" : "s2-t20",
      "begin" : 495,
      "end" : 502,
      "text" : "record.",
      "whiteSpace" : false
    }, {
      "id" : "s2-t21",
      "begin" : 502,
      "end" : 503,
      "text" : ",",
      "whiteSpace" : false
    }, {
      "id" : "s2-t22",
      "begin" : 504,
      "end" : 512,
      "text" : "Property",
      "whiteSpace" : false
    }, {
      "id" : "s2-t23",
      "begin" : 513,
      "end" : 518,
      "text" : "taxes",
      "whiteSpace" : false
    }, {
      "id" : "s2-t24",
      "begin" : 519,
      "end" : 522,
      "text" : "for",
      "whiteSpace" : false
    }, {
      "id" : "s2-t25",
      "begin" : 523,
      "end" : 526,
      "text" : "the",
      "whiteSpace" : false
    }, {
      "id" : "s2-t26",
      "begin" : 527,
      "end" : 531,
      "text" : "year",
      "whiteSpace" : false
    }, {
      "id" : "s2-t27",
      "begin" : 532,
      "end" : 536,
      "text" : "2015",
      "whiteSpace" : false
    }, {
      "id" : "s2-t28",
      "begin" : 536,
      "end" : 537,
      "text" : ";",
      "whiteSpace" : false
    } ]
  } ],
  "mentions" : [ {
    "id" : "s0-m1",
    "properties" : {
      "SIRE_MENTION_ROLE" : "WarrDeedBookNum",
      "SIRE_ENTITY_SUBTYPE" : "NONE",
      "SIRE_MENTION_TYPE" : "NONE",
      "SIRE_MENTION_CLASS" : "SPC"
    },
    "type" : "WarrDeedBookNum",
    "begin" : 358,
    "end" : 363,
    "inCoref" : false
  }, {
    "id" : "s0-m2",
    "properties" : {
      "SIRE_MENTION_ROLE" : "WarrDeedPageNum",
      "SIRE_ENTITY_SUBTYPE" : "NONE",
      "SIRE_MENTION_TYPE" : "NONE",
      "SIRE_MENTION_CLASS" : "SPC"
    },
    "type" : "WarrDeedPageNum",
    "begin" : 370,
    "end" : 373,
    "inCoref" : false
  } ],
  "relations" : [ ],
  "corefs" : [ ],
  "typeResolved" : true,
  "userResolved" : false
}