{
  "id" : "53258bd0-5676-11e9-8538-e5e57d696462-1",
  "name" : "WD1-21.txt",
  "createdDate" : 0,
  "version" : 3,
  "text" : "QHLEQLALM DEED And now, I, WILMA JUNE CRAFT, former spouse of Elmer Britton Craft, and one and the same person as Wilma Craft, grantee in deed of record in Deed Book 118, page 1004, Register's Office of Humphreys County, Tennessee, do hereby and by these presents remise, release and quitclaim unto the said DAVID C. HAWN and wife, BEVERLY H. HAWN, ",
  "docLength" : 0,
  "language" : "EN",
  "status" : "SUBMITTED",
  "modifiedDate" : 1554343002028,
  "documentSet" : [ ],
  "preannotation" : [ ],
  "sentences" : [ {
    "id" : "s0",
    "begin" : 0,
    "end" : 348,
    "text" : "QHLEQLALM DEED And now, I, WILMA JUNE CRAFT, former spouse of Elmer Britton Craft, and one and the same person as Wilma Craft, grantee in deed of record in Deed Book 118, page 1004, Register's Office of Humphreys County, Tennessee, do hereby and by these presents remise, release and quitclaim unto the said DAVID C. HAWN and wife, BEVERLY H. HAWN,",
    "tokens" : [ {
      "id" : "s0-t0",
      "begin" : 0,
      "end" : 9,
      "text" : "QHLEQLALM",
      "whiteSpace" : false
    }, {
      "id" : "s0-t1",
      "begin" : 10,
      "end" : 14,
      "text" : "DEED",
      "whiteSpace" : false
    }, {
      "id" : "s0-t2",
      "begin" : 15,
      "end" : 18,
      "text" : "And",
      "whiteSpace" : false
    }, {
      "id" : "s0-t3",
      "begin" : 19,
      "end" : 22,
      "text" : "now",
      "whiteSpace" : false
    }, {
      "id" : "s0-t4",
      "begin" : 22,
      "end" : 23,
      "text" : ",",
      "whiteSpace" : false
    }, {
      "id" : "s0-t5",
      "begin" : 24,
      "end" : 25,
      "text" : "I",
      "whiteSpace" : false
    }, {
      "id" : "s0-t6",
      "begin" : 25,
      "end" : 26,
      "text" : ",",
      "whiteSpace" : false
    }, {
      "id" : "s0-t7",
      "begin" : 27,
      "end" : 32,
      "text" : "WILMA",
      "whiteSpace" : false
    }, {
      "id" : "s0-t8",
      "begin" : 33,
      "end" : 37,
      "text" : "JUNE",
      "whiteSpace" : false
    }, {
      "id" : "s0-t9",
      "begin" : 38,
      "end" : 43,
      "text" : "CRAFT",
      "whiteSpace" : false
    }, {
      "id" : "s0-t10",
      "begin" : 43,
      "end" : 44,
      "text" : ",",
      "whiteSpace" : false
    }, {
      "id" : "s0-t11",
      "begin" : 45,
      "end" : 51,
      "text" : "former",
      "whiteSpace" : false
    }, {
      "id" : "s0-t12",
      "begin" : 52,
      "end" : 58,
      "text" : "spouse",
      "whiteSpace" : false
    }, {
      "id" : "s0-t13",
      "begin" : 59,
      "end" : 61,
      "text" : "of",
      "whiteSpace" : false
    }, {
      "id" : "s0-t14",
      "begin" : 62,
      "end" : 67,
      "text" : "Elmer",
      "whiteSpace" : false
    }, {
      "id" : "s0-t15",
      "begin" : 68,
      "end" : 75,
      "text" : "Britton",
      "whiteSpace" : false
    }, {
      "id" : "s0-t16",
      "begin" : 76,
      "end" : 81,
      "text" : "Craft",
      "whiteSpace" : false
    }, {
      "id" : "s0-t17",
      "begin" : 81,
      "end" : 82,
      "text" : ",",
      "whiteSpace" : false
    }, {
      "id" : "s0-t18",
      "begin" : 83,
      "end" : 86,
      "text" : "and",
      "whiteSpace" : false
    }, {
      "id" : "s0-t19",
      "begin" : 87,
      "end" : 90,
      "text" : "one",
      "whiteSpace" : false
    }, {
      "id" : "s0-t20",
      "begin" : 91,
      "end" : 94,
      "text" : "and",
      "whiteSpace" : false
    }, {
      "id" : "s0-t21",
      "begin" : 95,
      "end" : 98,
      "text" : "the",
      "whiteSpace" : false
    }, {
      "id" : "s0-t22",
      "begin" : 99,
      "end" : 103,
      "text" : "same",
      "whiteSpace" : false
    }, {
      "id" : "s0-t23",
      "begin" : 104,
      "end" : 110,
      "text" : "person",
      "whiteSpace" : false
    }, {
      "id" : "s0-t24",
      "begin" : 111,
      "end" : 113,
      "text" : "as",
      "whiteSpace" : false
    }, {
      "id" : "s0-t25",
      "begin" : 114,
      "end" : 119,
      "text" : "Wilma",
      "whiteSpace" : false
    }, {
      "id" : "s0-t26",
      "begin" : 120,
      "end" : 125,
      "text" : "Craft",
      "whiteSpace" : false
    }, {
      "id" : "s0-t27",
      "begin" : 125,
      "end" : 126,
      "text" : ",",
      "whiteSpace" : false
    }, {
      "id" : "s0-t28",
      "begin" : 127,
      "end" : 134,
      "text" : "grantee",
      "whiteSpace" : false
    }, {
      "id" : "s0-t29",
      "begin" : 135,
      "end" : 137,
      "text" : "in",
      "whiteSpace" : false
    }, {
      "id" : "s0-t30",
      "begin" : 138,
      "end" : 142,
      "text" : "deed",
      "whiteSpace" : false
    }, {
      "id" : "s0-t31",
      "begin" : 143,
      "end" : 145,
      "text" : "of",
      "whiteSpace" : false
    }, {
      "id" : "s0-t32",
      "begin" : 146,
      "end" : 152,
      "text" : "record",
      "whiteSpace" : false
    }, {
      "id" : "s0-t33",
      "begin" : 153,
      "end" : 155,
      "text" : "in",
      "whiteSpace" : false
    }, {
      "id" : "s0-t34",
      "begin" : 156,
      "end" : 160,
      "text" : "Deed",
      "whiteSpace" : false
    }, {
      "id" : "s0-t35",
      "begin" : 161,
      "end" : 165,
      "text" : "Book",
      "whiteSpace" : false
    }, {
      "id" : "s0-t36",
      "begin" : 166,
      "end" : 169,
      "text" : "118",
      "whiteSpace" : false
    }, {
      "id" : "s0-t37",
      "begin" : 169,
      "end" : 170,
      "text" : ",",
      "whiteSpace" : false
    }, {
      "id" : "s0-t38",
      "begin" : 171,
      "end" : 175,
      "text" : "page",
      "whiteSpace" : false
    }, {
      "id" : "s0-t39",
      "begin" : 176,
      "end" : 180,
      "text" : "1004",
      "whiteSpace" : false
    }, {
      "id" : "s0-t40",
      "begin" : 180,
      "end" : 181,
      "text" : ",",
      "whiteSpace" : false
    }, {
      "id" : "s0-t41",
      "begin" : 182,
      "end" : 190,
      "text" : "Register",
      "whiteSpace" : false
    }, {
      "id" : "s0-t42",
      "begin" : 190,
      "end" : 192,
      "text" : "'s",
      "whiteSpace" : false
    }, {
      "id" : "s0-t43",
      "begin" : 193,
      "end" : 199,
      "text" : "Office",
      "whiteSpace" : false
    }, {
      "id" : "s0-t44",
      "begin" : 200,
      "end" : 202,
      "text" : "of",
      "whiteSpace" : false
    }, {
      "id" : "s0-t45",
      "begin" : 203,
      "end" : 212,
      "text" : "Humphreys",
      "whiteSpace" : false
    }, {
      "id" : "s0-t46",
      "begin" : 213,
      "end" : 219,
      "text" : "County",
      "whiteSpace" : false
    }, {
      "id" : "s0-t47",
      "begin" : 219,
      "end" : 220,
      "text" : ",",
      "whiteSpace" : false
    }, {
      "id" : "s0-t48",
      "begin" : 221,
      "end" : 230,
      "text" : "Tennessee",
      "whiteSpace" : false
    }, {
      "id" : "s0-t49",
      "begin" : 230,
      "end" : 231,
      "text" : ",",
      "whiteSpace" : false
    }, {
      "id" : "s0-t50",
      "begin" : 232,
      "end" : 234,
      "text" : "do",
      "whiteSpace" : false
    }, {
      "id" : "s0-t51",
      "begin" : 235,
      "end" : 241,
      "text" : "hereby",
      "whiteSpace" : false
    }, {
      "id" : "s0-t52",
      "begin" : 242,
      "end" : 245,
      "text" : "and",
      "whiteSpace" : false
    }, {
      "id" : "s0-t53",
      "begin" : 246,
      "end" : 248,
      "text" : "by",
      "whiteSpace" : false
    }, {
      "id" : "s0-t54",
      "begin" : 249,
      "end" : 254,
      "text" : "these",
      "whiteSpace" : false
    }, {
      "id" : "s0-t55",
      "begin" : 255,
      "end" : 263,
      "text" : "presents",
      "whiteSpace" : false
    }, {
      "id" : "s0-t56",
      "begin" : 264,
      "end" : 270,
      "text" : "remise",
      "whiteSpace" : false
    }, {
      "id" : "s0-t57",
      "begin" : 270,
      "end" : 271,
      "text" : ",",
      "whiteSpace" : false
    }, {
      "id" : "s0-t58",
      "begin" : 272,
      "end" : 279,
      "text" : "release",
      "whiteSpace" : false
    }, {
      "id" : "s0-t59",
      "begin" : 280,
      "end" : 283,
      "text" : "and",
      "whiteSpace" : false
    }, {
      "id" : "s0-t60",
      "begin" : 284,
      "end" : 293,
      "text" : "quitclaim",
      "whiteSpace" : false
    }, {
      "id" : "s0-t61",
      "begin" : 294,
      "end" : 298,
      "text" : "unto",
      "whiteSpace" : false
    }, {
      "id" : "s0-t62",
      "begin" : 299,
      "end" : 302,
      "text" : "the",
      "whiteSpace" : false
    }, {
      "id" : "s0-t63",
      "begin" : 303,
      "end" : 307,
      "text" : "said",
      "whiteSpace" : false
    }, {
      "id" : "s0-t64",
      "begin" : 308,
      "end" : 313,
      "text" : "DAVID",
      "whiteSpace" : false
    }, {
      "id" : "s0-t65",
      "begin" : 314,
      "end" : 316,
      "text" : "C.",
      "whiteSpace" : false
    }, {
      "id" : "s0-t66",
      "begin" : 317,
      "end" : 321,
      "text" : "HAWN",
      "whiteSpace" : false
    }, {
      "id" : "s0-t67",
      "begin" : 322,
      "end" : 325,
      "text" : "and",
      "whiteSpace" : false
    }, {
      "id" : "s0-t68",
      "begin" : 326,
      "end" : 330,
      "text" : "wife",
      "whiteSpace" : false
    }, {
      "id" : "s0-t69",
      "begin" : 330,
      "end" : 331,
      "text" : ",",
      "whiteSpace" : false
    }, {
      "id" : "s0-t70",
      "begin" : 332,
      "end" : 339,
      "text" : "BEVERLY",
      "whiteSpace" : false
    }, {
      "id" : "s0-t71",
      "begin" : 340,
      "end" : 342,
      "text" : "H.",
      "whiteSpace" : false
    }, {
      "id" : "s0-t72",
      "begin" : 343,
      "end" : 347,
      "text" : "HAWN",
      "whiteSpace" : false
    }, {
      "id" : "s0-t73",
      "begin" : 347,
      "end" : 348,
      "text" : ",",
      "whiteSpace" : false
    } ]
  } ],
  "mentions" : [ {
    "id" : "s0-m1",
    "properties" : {
      "SIRE_MENTION_ROLE" : "WarrDeedBookNum",
      "SIRE_ENTITY_SUBTYPE" : "NONE",
      "SIRE_MENTION_TYPE" : "NONE",
      "SIRE_MENTION_CLASS" : "SPC"
    },
    "type" : "WarrDeedBookNum",
    "begin" : 166,
    "end" : 169,
    "inCoref" : false
  }, {
    "id" : "s0-m2",
    "properties" : {
      "SIRE_MENTION_ROLE" : "WarrDeedPageNum",
      "SIRE_ENTITY_SUBTYPE" : "NONE",
      "SIRE_MENTION_TYPE" : "NONE",
      "SIRE_MENTION_CLASS" : "SPC"
    },
    "type" : "WarrDeedPageNum",
    "begin" : 176,
    "end" : 180,
    "inCoref" : false
  } ],
  "relations" : [ ],
  "corefs" : [ ],
  "typeResolved" : true,
  "userResolved" : false
}