{
  "id" : "53258bd0-5676-11e9-8538-e5e57d696462-14",
  "name" : "WD1-23_7.txt",
  "createdDate" : 0,
  "version" : 3,
  "text" : "a of0.44 acre by calculation. Survey made by McBride Survey Company, McEwen, Tennessee, Darrel R. McBride,, Being the same property conveyed to Richard T. Rye by deed of record in Deed Book 194, page 176, Register???s Of???ce of Humphreys County, Tennessee., Together with a perpetual right ",
  "docLength" : 0,
  "language" : "EN",
  "status" : "SUBMITTED",
  "modifiedDate" : 1554343039086,
  "documentSet" : [ ],
  "preannotation" : [ ],
  "sentences" : [ {
    "id" : "s0",
    "begin" : 0,
    "end" : 29,
    "text" : "a of0.44 acre by calculation.",
    "tokens" : [ {
      "id" : "s0-t0",
      "begin" : 0,
      "end" : 1,
      "text" : "a",
      "whiteSpace" : false
    }, {
      "id" : "s0-t1",
      "begin" : 2,
      "end" : 8,
      "text" : "of0.44",
      "whiteSpace" : false
    }, {
      "id" : "s0-t2",
      "begin" : 9,
      "end" : 13,
      "text" : "acre",
      "whiteSpace" : false
    }, {
      "id" : "s0-t3",
      "begin" : 14,
      "end" : 16,
      "text" : "by",
      "whiteSpace" : false
    }, {
      "id" : "s0-t4",
      "begin" : 17,
      "end" : 28,
      "text" : "calculation",
      "whiteSpace" : false
    }, {
      "id" : "s0-t5",
      "begin" : 28,
      "end" : 29,
      "text" : ".",
      "whiteSpace" : false
    } ]
  }, {
    "id" : "s1",
    "begin" : 30,
    "end" : 214,
    "text" : "Survey made by McBride Survey Company, McEwen, Tennessee, Darrel R. McBride,, Being the same property conveyed to Richard T. Rye by deed of record in Deed Book 194, page 176, Register?",
    "tokens" : [ {
      "id" : "s1-t0",
      "begin" : 30,
      "end" : 36,
      "text" : "Survey",
      "whiteSpace" : false
    }, {
      "id" : "s1-t1",
      "begin" : 37,
      "end" : 41,
      "text" : "made",
      "whiteSpace" : false
    }, {
      "id" : "s1-t2",
      "begin" : 42,
      "end" : 44,
      "text" : "by",
      "whiteSpace" : false
    }, {
      "id" : "s1-t3",
      "begin" : 45,
      "end" : 52,
      "text" : "McBride",
      "whiteSpace" : false
    }, {
      "id" : "s1-t4",
      "begin" : 53,
      "end" : 59,
      "text" : "Survey",
      "whiteSpace" : false
    }, {
      "id" : "s1-t5",
      "begin" : 60,
      "end" : 67,
      "text" : "Company",
      "whiteSpace" : false
    }, {
      "id" : "s1-t6",
      "begin" : 67,
      "end" : 68,
      "text" : ",",
      "whiteSpace" : false
    }, {
      "id" : "s1-t7",
      "begin" : 69,
      "end" : 75,
      "text" : "McEwen",
      "whiteSpace" : false
    }, {
      "id" : "s1-t8",
      "begin" : 75,
      "end" : 76,
      "text" : ",",
      "whiteSpace" : false
    }, {
      "id" : "s1-t9",
      "begin" : 77,
      "end" : 86,
      "text" : "Tennessee",
      "whiteSpace" : false
    }, {
      "id" : "s1-t10",
      "begin" : 86,
      "end" : 87,
      "text" : ",",
      "whiteSpace" : false
    }, {
      "id" : "s1-t11",
      "begin" : 88,
      "end" : 94,
      "text" : "Darrel",
      "whiteSpace" : false
    }, {
      "id" : "s1-t12",
      "begin" : 95,
      "end" : 97,
      "text" : "R.",
      "whiteSpace" : false
    }, {
      "id" : "s1-t13",
      "begin" : 98,
      "end" : 105,
      "text" : "McBride",
      "whiteSpace" : false
    }, {
      "id" : "s1-t14",
      "begin" : 105,
      "end" : 106,
      "text" : ",",
      "whiteSpace" : false
    }, {
      "id" : "s1-t15",
      "begin" : 106,
      "end" : 107,
      "text" : ",",
      "whiteSpace" : false
    }, {
      "id" : "s1-t16",
      "begin" : 108,
      "end" : 113,
      "text" : "Being",
      "whiteSpace" : false
    }, {
      "id" : "s1-t17",
      "begin" : 114,
      "end" : 117,
      "text" : "the",
      "whiteSpace" : false
    }, {
      "id" : "s1-t18",
      "begin" : 118,
      "end" : 122,
      "text" : "same",
      "whiteSpace" : false
    }, {
      "id" : "s1-t19",
      "begin" : 123,
      "end" : 131,
      "text" : "property",
      "whiteSpace" : false
    }, {
      "id" : "s1-t20",
      "begin" : 132,
      "end" : 140,
      "text" : "conveyed",
      "whiteSpace" : false
    }, {
      "id" : "s1-t21",
      "begin" : 141,
      "end" : 143,
      "text" : "to",
      "whiteSpace" : false
    }, {
      "id" : "s1-t22",
      "begin" : 144,
      "end" : 151,
      "text" : "Richard",
      "whiteSpace" : false
    }, {
      "id" : "s1-t23",
      "begin" : 152,
      "end" : 154,
      "text" : "T.",
      "whiteSpace" : false
    }, {
      "id" : "s1-t24",
      "begin" : 155,
      "end" : 158,
      "text" : "Rye",
      "whiteSpace" : false
    }, {
      "id" : "s1-t25",
      "begin" : 159,
      "end" : 161,
      "text" : "by",
      "whiteSpace" : false
    }, {
      "id" : "s1-t26",
      "begin" : 162,
      "end" : 166,
      "text" : "deed",
      "whiteSpace" : false
    }, {
      "id" : "s1-t27",
      "begin" : 167,
      "end" : 169,
      "text" : "of",
      "whiteSpace" : false
    }, {
      "id" : "s1-t28",
      "begin" : 170,
      "end" : 176,
      "text" : "record",
      "whiteSpace" : false
    }, {
      "id" : "s1-t29",
      "begin" : 177,
      "end" : 179,
      "text" : "in",
      "whiteSpace" : false
    }, {
      "id" : "s1-t30",
      "begin" : 180,
      "end" : 184,
      "text" : "Deed",
      "whiteSpace" : false
    }, {
      "id" : "s1-t31",
      "begin" : 185,
      "end" : 189,
      "text" : "Book",
      "whiteSpace" : false
    }, {
      "id" : "s1-t32",
      "begin" : 190,
      "end" : 193,
      "text" : "194",
      "whiteSpace" : false
    }, {
      "id" : "s1-t33",
      "begin" : 193,
      "end" : 194,
      "text" : ",",
      "whiteSpace" : false
    }, {
      "id" : "s1-t34",
      "begin" : 195,
      "end" : 199,
      "text" : "page",
      "whiteSpace" : false
    }, {
      "id" : "s1-t35",
      "begin" : 200,
      "end" : 203,
      "text" : "176",
      "whiteSpace" : false
    }, {
      "id" : "s1-t36",
      "begin" : 203,
      "end" : 204,
      "text" : ",",
      "whiteSpace" : false
    }, {
      "id" : "s1-t37",
      "begin" : 205,
      "end" : 213,
      "text" : "Register",
      "whiteSpace" : false
    }, {
      "id" : "s1-t38",
      "begin" : 213,
      "end" : 214,
      "text" : "?",
      "whiteSpace" : false
    } ]
  }, {
    "id" : "s2",
    "begin" : 214,
    "end" : 221,
    "text" : "??s Of?",
    "tokens" : [ {
      "id" : "s2-t0",
      "begin" : 214,
      "end" : 217,
      "text" : "??s",
      "whiteSpace" : false
    }, {
      "id" : "s2-t1",
      "begin" : 218,
      "end" : 220,
      "text" : "Of",
      "whiteSpace" : false
    }, {
      "id" : "s2-t2",
      "begin" : 220,
      "end" : 221,
      "text" : "?",
      "whiteSpace" : false
    } ]
  }, {
    "id" : "s3",
    "begin" : 221,
    "end" : 290,
    "text" : "??ce of Humphreys County, Tennessee., Together with a perpetual right",
    "tokens" : [ {
      "id" : "s3-t0",
      "begin" : 221,
      "end" : 225,
      "text" : "??ce",
      "whiteSpace" : false
    }, {
      "id" : "s3-t1",
      "begin" : 226,
      "end" : 228,
      "text" : "of",
      "whiteSpace" : false
    }, {
      "id" : "s3-t2",
      "begin" : 229,
      "end" : 238,
      "text" : "Humphreys",
      "whiteSpace" : false
    }, {
      "id" : "s3-t3",
      "begin" : 239,
      "end" : 245,
      "text" : "County",
      "whiteSpace" : false
    }, {
      "id" : "s3-t4",
      "begin" : 245,
      "end" : 246,
      "text" : ",",
      "whiteSpace" : false
    }, {
      "id" : "s3-t5",
      "begin" : 247,
      "end" : 257,
      "text" : "Tennessee.",
      "whiteSpace" : false
    }, {
      "id" : "s3-t6",
      "begin" : 257,
      "end" : 258,
      "text" : ",",
      "whiteSpace" : false
    }, {
      "id" : "s3-t7",
      "begin" : 259,
      "end" : 267,
      "text" : "Together",
      "whiteSpace" : false
    }, {
      "id" : "s3-t8",
      "begin" : 268,
      "end" : 272,
      "text" : "with",
      "whiteSpace" : false
    }, {
      "id" : "s3-t9",
      "begin" : 273,
      "end" : 274,
      "text" : "a",
      "whiteSpace" : false
    }, {
      "id" : "s3-t10",
      "begin" : 275,
      "end" : 284,
      "text" : "perpetual",
      "whiteSpace" : false
    }, {
      "id" : "s3-t11",
      "begin" : 285,
      "end" : 290,
      "text" : "right",
      "whiteSpace" : false
    } ]
  } ],
  "mentions" : [ {
    "id" : "s1-m1",
    "properties" : {
      "SIRE_MENTION_ROLE" : "WarrDeedBookNum",
      "SIRE_ENTITY_SUBTYPE" : "NONE",
      "SIRE_MENTION_TYPE" : "NONE",
      "SIRE_MENTION_CLASS" : "SPC"
    },
    "type" : "WarrDeedBookNum",
    "begin" : 190,
    "end" : 193,
    "inCoref" : false
  }, {
    "id" : "s1-m2",
    "properties" : {
      "SIRE_MENTION_ROLE" : "WarrDeedPageNum",
      "SIRE_ENTITY_SUBTYPE" : "NONE",
      "SIRE_MENTION_TYPE" : "NONE",
      "SIRE_MENTION_CLASS" : "SPC"
    },
    "type" : "WarrDeedPageNum",
    "begin" : 200,
    "end" : 203,
    "inCoref" : false
  } ],
  "relations" : [ ],
  "corefs" : [ ],
  "typeResolved" : true,
  "userResolved" : false
}