{
  "id" : "53258bd0-5676-11e9-8538-e5e57d696462-5",
  "name" : "WD1-22_5.txt",
  "createdDate" : 0,
  "version" : 3,
  "text" : "BEING the same property conveyed to Delmas E. White by deed from R R. Hedgepath, Sr., Trustee, of record in Book WD175, Page 1176, Register's Office for Humphrey's County, Tennessee.\n",
  "docLength" : 0,
  "language" : "EN",
  "status" : "SUBMITTED",
  "modifiedDate" : 1554343071655,
  "documentSet" : [ ],
  "preannotation" : [ ],
  "sentences" : [ {
    "id" : "s0",
    "begin" : 0,
    "end" : 182,
    "text" : "BEING the same property conveyed to Delmas E. White by deed from R R. Hedgepath, Sr., Trustee, of record in Book WD175, Page 1176, Register's Office for Humphrey's County, Tennessee.",
    "tokens" : [ {
      "id" : "s0-t0",
      "begin" : 0,
      "end" : 5,
      "text" : "BEING",
      "whiteSpace" : false
    }, {
      "id" : "s0-t1",
      "begin" : 6,
      "end" : 9,
      "text" : "the",
      "whiteSpace" : false
    }, {
      "id" : "s0-t2",
      "begin" : 10,
      "end" : 14,
      "text" : "same",
      "whiteSpace" : false
    }, {
      "id" : "s0-t3",
      "begin" : 15,
      "end" : 23,
      "text" : "property",
      "whiteSpace" : false
    }, {
      "id" : "s0-t4",
      "begin" : 24,
      "end" : 32,
      "text" : "conveyed",
      "whiteSpace" : false
    }, {
      "id" : "s0-t5",
      "begin" : 33,
      "end" : 35,
      "text" : "to",
      "whiteSpace" : false
    }, {
      "id" : "s0-t6",
      "begin" : 36,
      "end" : 42,
      "text" : "Delmas",
      "whiteSpace" : false
    }, {
      "id" : "s0-t7",
      "begin" : 43,
      "end" : 45,
      "text" : "E.",
      "whiteSpace" : false
    }, {
      "id" : "s0-t8",
      "begin" : 46,
      "end" : 51,
      "text" : "White",
      "whiteSpace" : false
    }, {
      "id" : "s0-t9",
      "begin" : 52,
      "end" : 54,
      "text" : "by",
      "whiteSpace" : false
    }, {
      "id" : "s0-t10",
      "begin" : 55,
      "end" : 59,
      "text" : "deed",
      "whiteSpace" : false
    }, {
      "id" : "s0-t11",
      "begin" : 60,
      "end" : 64,
      "text" : "from",
      "whiteSpace" : false
    }, {
      "id" : "s0-t12",
      "begin" : 65,
      "end" : 66,
      "text" : "R",
      "whiteSpace" : false
    }, {
      "id" : "s0-t13",
      "begin" : 67,
      "end" : 69,
      "text" : "R.",
      "whiteSpace" : false
    }, {
      "id" : "s0-t14",
      "begin" : 70,
      "end" : 79,
      "text" : "Hedgepath",
      "whiteSpace" : false
    }, {
      "id" : "s0-t15",
      "begin" : 79,
      "end" : 80,
      "text" : ",",
      "whiteSpace" : false
    }, {
      "id" : "s0-t16",
      "begin" : 81,
      "end" : 84,
      "text" : "Sr.",
      "whiteSpace" : false
    }, {
      "id" : "s0-t17",
      "begin" : 84,
      "end" : 85,
      "text" : ",",
      "whiteSpace" : false
    }, {
      "id" : "s0-t18",
      "begin" : 86,
      "end" : 93,
      "text" : "Trustee",
      "whiteSpace" : false
    }, {
      "id" : "s0-t19",
      "begin" : 93,
      "end" : 94,
      "text" : ",",
      "whiteSpace" : false
    }, {
      "id" : "s0-t20",
      "begin" : 95,
      "end" : 97,
      "text" : "of",
      "whiteSpace" : false
    }, {
      "id" : "s0-t21",
      "begin" : 98,
      "end" : 104,
      "text" : "record",
      "whiteSpace" : false
    }, {
      "id" : "s0-t22",
      "begin" : 105,
      "end" : 107,
      "text" : "in",
      "whiteSpace" : false
    }, {
      "id" : "s0-t23",
      "begin" : 108,
      "end" : 112,
      "text" : "Book",
      "whiteSpace" : false
    }, {
      "id" : "s0-t24",
      "begin" : 113,
      "end" : 118,
      "text" : "WD175",
      "whiteSpace" : false
    }, {
      "id" : "s0-t25",
      "begin" : 118,
      "end" : 119,
      "text" : ",",
      "whiteSpace" : false
    }, {
      "id" : "s0-t26",
      "begin" : 120,
      "end" : 124,
      "text" : "Page",
      "whiteSpace" : false
    }, {
      "id" : "s0-t27",
      "begin" : 125,
      "end" : 129,
      "text" : "1176",
      "whiteSpace" : false
    }, {
      "id" : "s0-t28",
      "begin" : 129,
      "end" : 130,
      "text" : ",",
      "whiteSpace" : false
    }, {
      "id" : "s0-t29",
      "begin" : 131,
      "end" : 139,
      "text" : "Register",
      "whiteSpace" : false
    }, {
      "id" : "s0-t30",
      "begin" : 139,
      "end" : 141,
      "text" : "'s",
      "whiteSpace" : false
    }, {
      "id" : "s0-t31",
      "begin" : 142,
      "end" : 148,
      "text" : "Office",
      "whiteSpace" : false
    }, {
      "id" : "s0-t32",
      "begin" : 149,
      "end" : 152,
      "text" : "for",
      "whiteSpace" : false
    }, {
      "id" : "s0-t33",
      "begin" : 153,
      "end" : 161,
      "text" : "Humphrey",
      "whiteSpace" : false
    }, {
      "id" : "s0-t34",
      "begin" : 161,
      "end" : 163,
      "text" : "'s",
      "whiteSpace" : false
    }, {
      "id" : "s0-t35",
      "begin" : 164,
      "end" : 170,
      "text" : "County",
      "whiteSpace" : false
    }, {
      "id" : "s0-t36",
      "begin" : 170,
      "end" : 171,
      "text" : ",",
      "whiteSpace" : false
    }, {
      "id" : "s0-t37",
      "begin" : 172,
      "end" : 181,
      "text" : "Tennessee",
      "whiteSpace" : false
    }, {
      "id" : "s0-t38",
      "begin" : 181,
      "end" : 182,
      "text" : ".",
      "whiteSpace" : false
    } ]
  } ],
  "mentions" : [ {
    "id" : "s0-m1",
    "properties" : {
      "SIRE_MENTION_ROLE" : "WarrDeedBookNum",
      "SIRE_ENTITY_SUBTYPE" : "NONE",
      "SIRE_MENTION_TYPE" : "NONE",
      "SIRE_MENTION_CLASS" : "SPC"
    },
    "type" : "WarrDeedBookNum",
    "begin" : 113,
    "end" : 118,
    "inCoref" : false
  }, {
    "id" : "s0-m2",
    "properties" : {
      "SIRE_MENTION_ROLE" : "WarrDeedPageNum",
      "SIRE_ENTITY_SUBTYPE" : "NONE",
      "SIRE_MENTION_TYPE" : "NONE",
      "SIRE_MENTION_CLASS" : "SPC"
    },
    "type" : "WarrDeedPageNum",
    "begin" : 125,
    "end" : 129,
    "inCoref" : false
  } ],
  "relations" : [ ],
  "corefs" : [ ],
  "typeResolved" : true,
  "userResolved" : false
}