{
  "id" : "53258bd0-5676-11e9-8538-e5e57d696462-11",
  "name" : "WD1-23_3.txt",
  "createdDate" : 0,
  "version" : 3,
  "text" : " made by McBride Survey Company. McEwen. Tennessee. Darrel R. McBride., Surveyor, R.l..S. No. 1463. April 24, 2000., Being a portion of the property conveyed to E. W. Lucas by deed of record in Deed Book 126. page 285. Register's Of???ce of Humphrey's County. Tennessee. 'l???his conveyance is made subject to restrictions and all oth",
  "docLength" : 0,
  "language" : "EN",
  "status" : "SUBMITTED",
  "modifiedDate" : 1554343008225,
  "documentSet" : [ ],
  "preannotation" : [ ],
  "sentences" : [ {
    "id" : "s0",
    "begin" : 1,
    "end" : 32,
    "text" : "made by McBride Survey Company.",
    "tokens" : [ {
      "id" : "s0-t0",
      "begin" : 1,
      "end" : 5,
      "text" : "made",
      "whiteSpace" : false
    }, {
      "id" : "s0-t1",
      "begin" : 6,
      "end" : 8,
      "text" : "by",
      "whiteSpace" : false
    }, {
      "id" : "s0-t2",
      "begin" : 9,
      "end" : 16,
      "text" : "McBride",
      "whiteSpace" : false
    }, {
      "id" : "s0-t3",
      "begin" : 17,
      "end" : 23,
      "text" : "Survey",
      "whiteSpace" : false
    }, {
      "id" : "s0-t4",
      "begin" : 24,
      "end" : 31,
      "text" : "Company",
      "whiteSpace" : false
    }, {
      "id" : "s0-t5",
      "begin" : 31,
      "end" : 32,
      "text" : ".",
      "whiteSpace" : false
    } ]
  }, {
    "id" : "s1",
    "begin" : 33,
    "end" : 40,
    "text" : "McEwen.",
    "tokens" : [ {
      "id" : "s1-t0",
      "begin" : 33,
      "end" : 39,
      "text" : "McEwen",
      "whiteSpace" : false
    }, {
      "id" : "s1-t1",
      "begin" : 39,
      "end" : 40,
      "text" : ".",
      "whiteSpace" : false
    } ]
  }, {
    "id" : "s2",
    "begin" : 41,
    "end" : 51,
    "text" : "Tennessee.",
    "tokens" : [ {
      "id" : "s2-t0",
      "begin" : 41,
      "end" : 50,
      "text" : "Tennessee",
      "whiteSpace" : false
    }, {
      "id" : "s2-t1",
      "begin" : 50,
      "end" : 51,
      "text" : ".",
      "whiteSpace" : false
    } ]
  }, {
    "id" : "s3",
    "begin" : 52,
    "end" : 99,
    "text" : "Darrel R. McBride., Surveyor, R.l..S. No. 1463.",
    "tokens" : [ {
      "id" : "s3-t0",
      "begin" : 52,
      "end" : 58,
      "text" : "Darrel",
      "whiteSpace" : false
    }, {
      "id" : "s3-t1",
      "begin" : 59,
      "end" : 61,
      "text" : "R.",
      "whiteSpace" : false
    }, {
      "id" : "s3-t2",
      "begin" : 62,
      "end" : 70,
      "text" : "McBride.",
      "whiteSpace" : false
    }, {
      "id" : "s3-t3",
      "begin" : 70,
      "end" : 71,
      "text" : ",",
      "whiteSpace" : false
    }, {
      "id" : "s3-t4",
      "begin" : 72,
      "end" : 80,
      "text" : "Surveyor",
      "whiteSpace" : false
    }, {
      "id" : "s3-t5",
      "begin" : 80,
      "end" : 81,
      "text" : ",",
      "whiteSpace" : false
    }, {
      "id" : "s3-t6",
      "begin" : 82,
      "end" : 89,
      "text" : "R.l..S.",
      "whiteSpace" : false
    }, {
      "id" : "s3-t7",
      "begin" : 90,
      "end" : 93,
      "text" : "No.",
      "whiteSpace" : false
    }, {
      "id" : "s3-t8",
      "begin" : 94,
      "end" : 98,
      "text" : "1463",
      "whiteSpace" : false
    }, {
      "id" : "s3-t9",
      "begin" : 98,
      "end" : 99,
      "text" : ".",
      "whiteSpace" : false
    } ]
  }, {
    "id" : "s4",
    "begin" : 100,
    "end" : 208,
    "text" : "April 24, 2000., Being a portion of the property conveyed to E. W. Lucas by deed of record in Deed Book 126.",
    "tokens" : [ {
      "id" : "s4-t0",
      "begin" : 100,
      "end" : 105,
      "text" : "April",
      "whiteSpace" : false
    }, {
      "id" : "s4-t1",
      "begin" : 106,
      "end" : 108,
      "text" : "24",
      "whiteSpace" : false
    }, {
      "id" : "s4-t2",
      "begin" : 108,
      "end" : 109,
      "text" : ",",
      "whiteSpace" : false
    }, {
      "id" : "s4-t3",
      "begin" : 110,
      "end" : 114,
      "text" : "2000",
      "whiteSpace" : false
    }, {
      "id" : "s4-t4",
      "begin" : 114,
      "end" : 115,
      "text" : ".",
      "whiteSpace" : false
    }, {
      "id" : "s4-t5",
      "begin" : 115,
      "end" : 116,
      "text" : ",",
      "whiteSpace" : false
    }, {
      "id" : "s4-t6",
      "begin" : 117,
      "end" : 122,
      "text" : "Being",
      "whiteSpace" : false
    }, {
      "id" : "s4-t7",
      "begin" : 123,
      "end" : 124,
      "text" : "a",
      "whiteSpace" : false
    }, {
      "id" : "s4-t8",
      "begin" : 125,
      "end" : 132,
      "text" : "portion",
      "whiteSpace" : false
    }, {
      "id" : "s4-t9",
      "begin" : 133,
      "end" : 135,
      "text" : "of",
      "whiteSpace" : false
    }, {
      "id" : "s4-t10",
      "begin" : 136,
      "end" : 139,
      "text" : "the",
      "whiteSpace" : false
    }, {
      "id" : "s4-t11",
      "begin" : 140,
      "end" : 148,
      "text" : "property",
      "whiteSpace" : false
    }, {
      "id" : "s4-t12",
      "begin" : 149,
      "end" : 157,
      "text" : "conveyed",
      "whiteSpace" : false
    }, {
      "id" : "s4-t13",
      "begin" : 158,
      "end" : 160,
      "text" : "to",
      "whiteSpace" : false
    }, {
      "id" : "s4-t14",
      "begin" : 161,
      "end" : 163,
      "text" : "E.",
      "whiteSpace" : false
    }, {
      "id" : "s4-t15",
      "begin" : 164,
      "end" : 166,
      "text" : "W.",
      "whiteSpace" : false
    }, {
      "id" : "s4-t16",
      "begin" : 167,
      "end" : 172,
      "text" : "Lucas",
      "whiteSpace" : false
    }, {
      "id" : "s4-t17",
      "begin" : 173,
      "end" : 175,
      "text" : "by",
      "whiteSpace" : false
    }, {
      "id" : "s4-t18",
      "begin" : 176,
      "end" : 180,
      "text" : "deed",
      "whiteSpace" : false
    }, {
      "id" : "s4-t19",
      "begin" : 181,
      "end" : 183,
      "text" : "of",
      "whiteSpace" : false
    }, {
      "id" : "s4-t20",
      "begin" : 184,
      "end" : 190,
      "text" : "record",
      "whiteSpace" : false
    }, {
      "id" : "s4-t21",
      "begin" : 191,
      "end" : 193,
      "text" : "in",
      "whiteSpace" : false
    }, {
      "id" : "s4-t22",
      "begin" : 194,
      "end" : 198,
      "text" : "Deed",
      "whiteSpace" : false
    }, {
      "id" : "s4-t23",
      "begin" : 199,
      "end" : 203,
      "text" : "Book",
      "whiteSpace" : false
    }, {
      "id" : "s4-t24",
      "begin" : 204,
      "end" : 207,
      "text" : "126",
      "whiteSpace" : false
    }, {
      "id" : "s4-t25",
      "begin" : 207,
      "end" : 208,
      "text" : ".",
      "whiteSpace" : false
    } ]
  }, {
    "id" : "s5",
    "begin" : 209,
    "end" : 218,
    "text" : "page 285.",
    "tokens" : [ {
      "id" : "s5-t0",
      "begin" : 209,
      "end" : 213,
      "text" : "page",
      "whiteSpace" : false
    }, {
      "id" : "s5-t1",
      "begin" : 214,
      "end" : 217,
      "text" : "285",
      "whiteSpace" : false
    }, {
      "id" : "s5-t2",
      "begin" : 217,
      "end" : 218,
      "text" : ".",
      "whiteSpace" : false
    } ]
  }, {
    "id" : "s6",
    "begin" : 219,
    "end" : 233,
    "text" : "Register's Of?",
    "tokens" : [ {
      "id" : "s6-t0",
      "begin" : 219,
      "end" : 227,
      "text" : "Register",
      "whiteSpace" : false
    }, {
      "id" : "s6-t1",
      "begin" : 227,
      "end" : 229,
      "text" : "'s",
      "whiteSpace" : false
    }, {
      "id" : "s6-t2",
      "begin" : 230,
      "end" : 232,
      "text" : "Of",
      "whiteSpace" : false
    }, {
      "id" : "s6-t3",
      "begin" : 232,
      "end" : 233,
      "text" : "?",
      "whiteSpace" : false
    } ]
  }, {
    "id" : "s7",
    "begin" : 233,
    "end" : 259,
    "text" : "??ce of Humphrey's County.",
    "tokens" : [ {
      "id" : "s7-t0",
      "begin" : 233,
      "end" : 237,
      "text" : "??ce",
      "whiteSpace" : false
    }, {
      "id" : "s7-t1",
      "begin" : 238,
      "end" : 240,
      "text" : "of",
      "whiteSpace" : false
    }, {
      "id" : "s7-t2",
      "begin" : 241,
      "end" : 249,
      "text" : "Humphrey",
      "whiteSpace" : false
    }, {
      "id" : "s7-t3",
      "begin" : 249,
      "end" : 251,
      "text" : "'s",
      "whiteSpace" : false
    }, {
      "id" : "s7-t4",
      "begin" : 252,
      "end" : 258,
      "text" : "County",
      "whiteSpace" : false
    }, {
      "id" : "s7-t5",
      "begin" : 258,
      "end" : 259,
      "text" : ".",
      "whiteSpace" : false
    } ]
  }, {
    "id" : "s8",
    "begin" : 260,
    "end" : 270,
    "text" : "Tennessee.",
    "tokens" : [ {
      "id" : "s8-t0",
      "begin" : 260,
      "end" : 269,
      "text" : "Tennessee",
      "whiteSpace" : false
    }, {
      "id" : "s8-t1",
      "begin" : 269,
      "end" : 270,
      "text" : ".",
      "whiteSpace" : false
    } ]
  }, {
    "id" : "s9",
    "begin" : 271,
    "end" : 274,
    "text" : "'l?",
    "tokens" : [ {
      "id" : "s9-t0",
      "begin" : 271,
      "end" : 272,
      "text" : "'",
      "whiteSpace" : false
    }, {
      "id" : "s9-t1",
      "begin" : 272,
      "end" : 273,
      "text" : "l",
      "whiteSpace" : false
    }, {
      "id" : "s9-t2",
      "begin" : 273,
      "end" : 274,
      "text" : "?",
      "whiteSpace" : false
    } ]
  }, {
    "id" : "s10",
    "begin" : 274,
    "end" : 334,
    "text" : "??his conveyance is made subject to restrictions and all oth",
    "tokens" : [ {
      "id" : "s10-t0",
      "begin" : 274,
      "end" : 279,
      "text" : "??his",
      "whiteSpace" : false
    }, {
      "id" : "s10-t1",
      "begin" : 280,
      "end" : 290,
      "text" : "conveyance",
      "whiteSpace" : false
    }, {
      "id" : "s10-t2",
      "begin" : 291,
      "end" : 293,
      "text" : "is",
      "whiteSpace" : false
    }, {
      "id" : "s10-t3",
      "begin" : 294,
      "end" : 298,
      "text" : "made",
      "whiteSpace" : false
    }, {
      "id" : "s10-t4",
      "begin" : 299,
      "end" : 306,
      "text" : "subject",
      "whiteSpace" : false
    }, {
      "id" : "s10-t5",
      "begin" : 307,
      "end" : 309,
      "text" : "to",
      "whiteSpace" : false
    }, {
      "id" : "s10-t6",
      "begin" : 310,
      "end" : 322,
      "text" : "restrictions",
      "whiteSpace" : false
    }, {
      "id" : "s10-t7",
      "begin" : 323,
      "end" : 326,
      "text" : "and",
      "whiteSpace" : false
    }, {
      "id" : "s10-t8",
      "begin" : 327,
      "end" : 330,
      "text" : "all",
      "whiteSpace" : false
    }, {
      "id" : "s10-t9",
      "begin" : 331,
      "end" : 334,
      "text" : "oth",
      "whiteSpace" : false
    } ]
  } ],
  "mentions" : [ {
    "id" : "s4-m1",
    "properties" : {
      "SIRE_MENTION_ROLE" : "WarrDeedBookNum",
      "SIRE_ENTITY_SUBTYPE" : "NONE",
      "SIRE_MENTION_TYPE" : "NONE",
      "SIRE_MENTION_CLASS" : "SPC"
    },
    "type" : "WarrDeedBookNum",
    "begin" : 204,
    "end" : 207,
    "inCoref" : false
  }, {
    "id" : "s5-m1",
    "properties" : {
      "SIRE_MENTION_ROLE" : "WarrDeedPageNum",
      "SIRE_ENTITY_SUBTYPE" : "NONE",
      "SIRE_MENTION_TYPE" : "NONE",
      "SIRE_MENTION_CLASS" : "SPC"
    },
    "type" : "WarrDeedPageNum",
    "begin" : 214,
    "end" : 217,
    "inCoref" : false
  } ],
  "relations" : [ ],
  "corefs" : [ ],
  "typeResolved" : true,
  "userResolved" : false
}