{
  "id" : "53258bd0-5676-11e9-8538-e5e57d696462-0",
  "name" : "WD1-21_3.txt",
  "createdDate" : 0,
  "version" : 3,
  "text" : " containing an area by computation of 97.4 acres., October 9, 1973 by Thomas C. White, All bearing given in reference to Magnetic meridian, approximate declination at time of survey 2 degrees 22 minutes East., BEING the same property conveyed to Philip Douglas Parrish as Trustee of The Philip Douglas Parrish Revocable Declaration of Trust by deed of record in Deed Book 176, page 1211, Register???s Of???ce of Humphreys County, Tennessee.]",
  "docLength" : 0,
  "language" : "EN",
  "status" : "SUBMITTED",
  "modifiedDate" : 1554342996458,
  "documentSet" : [ ],
  "preannotation" : [ ],
  "sentences" : [ {
    "id" : "s0",
    "begin" : 1,
    "end" : 397,
    "text" : "containing an area by computation of 97.4 acres., October 9, 1973 by Thomas C. White, All bearing given in reference to Magnetic meridian, approximate declination at time of survey 2 degrees 22 minutes East., BEING the same property conveyed to Philip Douglas Parrish as Trustee of The Philip Douglas Parrish Revocable Declaration of Trust by deed of record in Deed Book 176, page 1211, Register?",
    "tokens" : [ {
      "id" : "s0-t0",
      "begin" : 1,
      "end" : 11,
      "text" : "containing",
      "whiteSpace" : false
    }, {
      "id" : "s0-t1",
      "begin" : 12,
      "end" : 14,
      "text" : "an",
      "whiteSpace" : false
    }, {
      "id" : "s0-t2",
      "begin" : 15,
      "end" : 19,
      "text" : "area",
      "whiteSpace" : false
    }, {
      "id" : "s0-t3",
      "begin" : 20,
      "end" : 22,
      "text" : "by",
      "whiteSpace" : false
    }, {
      "id" : "s0-t4",
      "begin" : 23,
      "end" : 34,
      "text" : "computation",
      "whiteSpace" : false
    }, {
      "id" : "s0-t5",
      "begin" : 35,
      "end" : 37,
      "text" : "of",
      "whiteSpace" : false
    }, {
      "id" : "s0-t6",
      "begin" : 38,
      "end" : 42,
      "text" : "97.4",
      "whiteSpace" : false
    }, {
      "id" : "s0-t7",
      "begin" : 43,
      "end" : 49,
      "text" : "acres.",
      "whiteSpace" : false
    }, {
      "id" : "s0-t8",
      "begin" : 49,
      "end" : 50,
      "text" : ",",
      "whiteSpace" : false
    }, {
      "id" : "s0-t9",
      "begin" : 51,
      "end" : 58,
      "text" : "October",
      "whiteSpace" : false
    }, {
      "id" : "s0-t10",
      "begin" : 59,
      "end" : 60,
      "text" : "9",
      "whiteSpace" : false
    }, {
      "id" : "s0-t11",
      "begin" : 60,
      "end" : 61,
      "text" : ",",
      "whiteSpace" : false
    }, {
      "id" : "s0-t12",
      "begin" : 62,
      "end" : 66,
      "text" : "1973",
      "whiteSpace" : false
    }, {
      "id" : "s0-t13",
      "begin" : 67,
      "end" : 69,
      "text" : "by",
      "whiteSpace" : false
    }, {
      "id" : "s0-t14",
      "begin" : 70,
      "end" : 76,
      "text" : "Thomas",
      "whiteSpace" : false
    }, {
      "id" : "s0-t15",
      "begin" : 77,
      "end" : 79,
      "text" : "C.",
      "whiteSpace" : false
    }, {
      "id" : "s0-t16",
      "begin" : 80,
      "end" : 85,
      "text" : "White",
      "whiteSpace" : false
    }, {
      "id" : "s0-t17",
      "begin" : 85,
      "end" : 86,
      "text" : ",",
      "whiteSpace" : false
    }, {
      "id" : "s0-t18",
      "begin" : 87,
      "end" : 90,
      "text" : "All",
      "whiteSpace" : false
    }, {
      "id" : "s0-t19",
      "begin" : 91,
      "end" : 98,
      "text" : "bearing",
      "whiteSpace" : false
    }, {
      "id" : "s0-t20",
      "begin" : 99,
      "end" : 104,
      "text" : "given",
      "whiteSpace" : false
    }, {
      "id" : "s0-t21",
      "begin" : 105,
      "end" : 107,
      "text" : "in",
      "whiteSpace" : false
    }, {
      "id" : "s0-t22",
      "begin" : 108,
      "end" : 117,
      "text" : "reference",
      "whiteSpace" : false
    }, {
      "id" : "s0-t23",
      "begin" : 118,
      "end" : 120,
      "text" : "to",
      "whiteSpace" : false
    }, {
      "id" : "s0-t24",
      "begin" : 121,
      "end" : 129,
      "text" : "Magnetic",
      "whiteSpace" : false
    }, {
      "id" : "s0-t25",
      "begin" : 130,
      "end" : 138,
      "text" : "meridian",
      "whiteSpace" : false
    }, {
      "id" : "s0-t26",
      "begin" : 138,
      "end" : 139,
      "text" : ",",
      "whiteSpace" : false
    }, {
      "id" : "s0-t27",
      "begin" : 140,
      "end" : 151,
      "text" : "approximate",
      "whiteSpace" : false
    }, {
      "id" : "s0-t28",
      "begin" : 152,
      "end" : 163,
      "text" : "declination",
      "whiteSpace" : false
    }, {
      "id" : "s0-t29",
      "begin" : 164,
      "end" : 166,
      "text" : "at",
      "whiteSpace" : false
    }, {
      "id" : "s0-t30",
      "begin" : 167,
      "end" : 171,
      "text" : "time",
      "whiteSpace" : false
    }, {
      "id" : "s0-t31",
      "begin" : 172,
      "end" : 174,
      "text" : "of",
      "whiteSpace" : false
    }, {
      "id" : "s0-t32",
      "begin" : 175,
      "end" : 181,
      "text" : "survey",
      "whiteSpace" : false
    }, {
      "id" : "s0-t33",
      "begin" : 182,
      "end" : 183,
      "text" : "2",
      "whiteSpace" : false
    }, {
      "id" : "s0-t34",
      "begin" : 184,
      "end" : 191,
      "text" : "degrees",
      "whiteSpace" : false
    }, {
      "id" : "s0-t35",
      "begin" : 192,
      "end" : 194,
      "text" : "22",
      "whiteSpace" : false
    }, {
      "id" : "s0-t36",
      "begin" : 195,
      "end" : 202,
      "text" : "minutes",
      "whiteSpace" : false
    }, {
      "id" : "s0-t37",
      "begin" : 203,
      "end" : 208,
      "text" : "East.",
      "whiteSpace" : false
    }, {
      "id" : "s0-t38",
      "begin" : 208,
      "end" : 209,
      "text" : ",",
      "whiteSpace" : false
    }, {
      "id" : "s0-t39",
      "begin" : 210,
      "end" : 215,
      "text" : "BEING",
      "whiteSpace" : false
    }, {
      "id" : "s0-t40",
      "begin" : 216,
      "end" : 219,
      "text" : "the",
      "whiteSpace" : false
    }, {
      "id" : "s0-t41",
      "begin" : 220,
      "end" : 224,
      "text" : "same",
      "whiteSpace" : false
    }, {
      "id" : "s0-t42",
      "begin" : 225,
      "end" : 233,
      "text" : "property",
      "whiteSpace" : false
    }, {
      "id" : "s0-t43",
      "begin" : 234,
      "end" : 242,
      "text" : "conveyed",
      "whiteSpace" : false
    }, {
      "id" : "s0-t44",
      "begin" : 243,
      "end" : 245,
      "text" : "to",
      "whiteSpace" : false
    }, {
      "id" : "s0-t45",
      "begin" : 246,
      "end" : 252,
      "text" : "Philip",
      "whiteSpace" : false
    }, {
      "id" : "s0-t46",
      "begin" : 253,
      "end" : 260,
      "text" : "Douglas",
      "whiteSpace" : false
    }, {
      "id" : "s0-t47",
      "begin" : 261,
      "end" : 268,
      "text" : "Parrish",
      "whiteSpace" : false
    }, {
      "id" : "s0-t48",
      "begin" : 269,
      "end" : 271,
      "text" : "as",
      "whiteSpace" : false
    }, {
      "id" : "s0-t49",
      "begin" : 272,
      "end" : 279,
      "text" : "Trustee",
      "whiteSpace" : false
    }, {
      "id" : "s0-t50",
      "begin" : 280,
      "end" : 282,
      "text" : "of",
      "whiteSpace" : false
    }, {
      "id" : "s0-t51",
      "begin" : 283,
      "end" : 286,
      "text" : "The",
      "whiteSpace" : false
    }, {
      "id" : "s0-t52",
      "begin" : 287,
      "end" : 293,
      "text" : "Philip",
      "whiteSpace" : false
    }, {
      "id" : "s0-t53",
      "begin" : 294,
      "end" : 301,
      "text" : "Douglas",
      "whiteSpace" : false
    }, {
      "id" : "s0-t54",
      "begin" : 302,
      "end" : 309,
      "text" : "Parrish",
      "whiteSpace" : false
    }, {
      "id" : "s0-t55",
      "begin" : 310,
      "end" : 319,
      "text" : "Revocable",
      "whiteSpace" : false
    }, {
      "id" : "s0-t56",
      "begin" : 320,
      "end" : 331,
      "text" : "Declaration",
      "whiteSpace" : false
    }, {
      "id" : "s0-t57",
      "begin" : 332,
      "end" : 334,
      "text" : "of",
      "whiteSpace" : false
    }, {
      "id" : "s0-t58",
      "begin" : 335,
      "end" : 340,
      "text" : "Trust",
      "whiteSpace" : false
    }, {
      "id" : "s0-t59",
      "begin" : 341,
      "end" : 343,
      "text" : "by",
      "whiteSpace" : false
    }, {
      "id" : "s0-t60",
      "begin" : 344,
      "end" : 348,
      "text" : "deed",
      "whiteSpace" : false
    }, {
      "id" : "s0-t61",
      "begin" : 349,
      "end" : 351,
      "text" : "of",
      "whiteSpace" : false
    }, {
      "id" : "s0-t62",
      "begin" : 352,
      "end" : 358,
      "text" : "record",
      "whiteSpace" : false
    }, {
      "id" : "s0-t63",
      "begin" : 359,
      "end" : 361,
      "text" : "in",
      "whiteSpace" : false
    }, {
      "id" : "s0-t64",
      "begin" : 362,
      "end" : 366,
      "text" : "Deed",
      "whiteSpace" : false
    }, {
      "id" : "s0-t65",
      "begin" : 367,
      "end" : 371,
      "text" : "Book",
      "whiteSpace" : false
    }, {
      "id" : "s0-t66",
      "begin" : 372,
      "end" : 375,
      "text" : "176",
      "whiteSpace" : false
    }, {
      "id" : "s0-t67",
      "begin" : 375,
      "end" : 376,
      "text" : ",",
      "whiteSpace" : false
    }, {
      "id" : "s0-t68",
      "begin" : 377,
      "end" : 381,
      "text" : "page",
      "whiteSpace" : false
    }, {
      "id" : "s0-t69",
      "begin" : 382,
      "end" : 386,
      "text" : "1211",
      "whiteSpace" : false
    }, {
      "id" : "s0-t70",
      "begin" : 386,
      "end" : 387,
      "text" : ",",
      "whiteSpace" : false
    }, {
      "id" : "s0-t71",
      "begin" : 388,
      "end" : 396,
      "text" : "Register",
      "whiteSpace" : false
    }, {
      "id" : "s0-t72",
      "begin" : 396,
      "end" : 397,
      "text" : "?",
      "whiteSpace" : false
    } ]
  }, {
    "id" : "s1",
    "begin" : 397,
    "end" : 404,
    "text" : "??s Of?",
    "tokens" : [ {
      "id" : "s1-t0",
      "begin" : 397,
      "end" : 400,
      "text" : "??s",
      "whiteSpace" : false
    }, {
      "id" : "s1-t1",
      "begin" : 401,
      "end" : 403,
      "text" : "Of",
      "whiteSpace" : false
    }, {
      "id" : "s1-t2",
      "begin" : 403,
      "end" : 404,
      "text" : "?",
      "whiteSpace" : false
    } ]
  }, {
    "id" : "s2",
    "begin" : 404,
    "end" : 441,
    "text" : "??ce of Humphreys County, Tennessee.]",
    "tokens" : [ {
      "id" : "s2-t0",
      "begin" : 404,
      "end" : 408,
      "text" : "??ce",
      "whiteSpace" : false
    }, {
      "id" : "s2-t1",
      "begin" : 409,
      "end" : 411,
      "text" : "of",
      "whiteSpace" : false
    }, {
      "id" : "s2-t2",
      "begin" : 412,
      "end" : 421,
      "text" : "Humphreys",
      "whiteSpace" : false
    }, {
      "id" : "s2-t3",
      "begin" : 422,
      "end" : 428,
      "text" : "County",
      "whiteSpace" : false
    }, {
      "id" : "s2-t4",
      "begin" : 428,
      "end" : 429,
      "text" : ",",
      "whiteSpace" : false
    }, {
      "id" : "s2-t5",
      "begin" : 430,
      "end" : 439,
      "text" : "Tennessee",
      "whiteSpace" : false
    }, {
      "id" : "s2-t6",
      "begin" : 439,
      "end" : 440,
      "text" : ".",
      "whiteSpace" : false
    }, {
      "id" : "s2-t7",
      "begin" : 440,
      "end" : 441,
      "text" : "]",
      "whiteSpace" : false
    } ]
  } ],
  "mentions" : [ {
    "id" : "s0-m1",
    "properties" : {
      "SIRE_MENTION_ROLE" : "WarrDeedBookNum",
      "SIRE_ENTITY_SUBTYPE" : "NONE",
      "SIRE_MENTION_TYPE" : "NONE",
      "SIRE_MENTION_CLASS" : "SPC"
    },
    "type" : "WarrDeedBookNum",
    "begin" : 372,
    "end" : 375,
    "inCoref" : false
  }, {
    "id" : "s0-m2",
    "properties" : {
      "SIRE_MENTION_ROLE" : "WarrDeedPageNum",
      "SIRE_ENTITY_SUBTYPE" : "NONE",
      "SIRE_MENTION_TYPE" : "NONE",
      "SIRE_MENTION_CLASS" : "SPC"
    },
    "type" : "WarrDeedPageNum",
    "begin" : 382,
    "end" : 386,
    "inCoref" : false
  } ],
  "relations" : [ ],
  "corefs" : [ ],
  "typeResolved" : true,
  "userResolved" : false
}