{
  "id" : "558f95f0-50ef-11e9-9b8e-4bc9d96d3dde-15",
  "name" : "WD169-17.txt",
  "createdDate" : 1553732447439,
  "version" : 3,
  "text" : "KNOW ALL MEN BY THESE PRESENTS. That, I / we, H.D. Hasty have bargained and sold, and by these presents do transfer and convey unto the State of Tennessee, the land and or This instrument and the property description below were prepared from the plans of the captioned project by",
  "docLength" : 0,
  "language" : "EN",
  "status" : "SUBMITTED",
  "modifiedDate" : 1553736493488,
  "documentSet" : [ ],
  "preannotation" : [ ],
  "sentences" : [ {
    "id" : "s0",
    "begin" : 0,
    "end" : 31,
    "text" : "KNOW ALL MEN BY THESE PRESENTS.",
    "tokens" : [ {
      "id" : "s0-t0",
      "begin" : 0,
      "end" : 4,
      "text" : "KNOW",
      "whiteSpace" : false
    }, {
      "id" : "s0-t1",
      "begin" : 5,
      "end" : 8,
      "text" : "ALL",
      "whiteSpace" : false
    }, {
      "id" : "s0-t2",
      "begin" : 9,
      "end" : 12,
      "text" : "MEN",
      "whiteSpace" : false
    }, {
      "id" : "s0-t3",
      "begin" : 13,
      "end" : 15,
      "text" : "BY",
      "whiteSpace" : false
    }, {
      "id" : "s0-t4",
      "begin" : 16,
      "end" : 21,
      "text" : "THESE",
      "whiteSpace" : false
    }, {
      "id" : "s0-t5",
      "begin" : 22,
      "end" : 30,
      "text" : "PRESENTS",
      "whiteSpace" : false
    }, {
      "id" : "s0-t6",
      "begin" : 30,
      "end" : 31,
      "text" : ".",
      "whiteSpace" : false
    } ]
  }, {
    "id" : "s1",
    "begin" : 32,
    "end" : 279,
    "text" : "That, I / we, H.D. Hasty have bargained and sold, and by these presents do transfer and convey unto the State of Tennessee, the land and or This instrument and the property description below were prepared from the plans of the captioned project by",
    "tokens" : [ {
      "id" : "s1-t0",
      "begin" : 32,
      "end" : 36,
      "text" : "That",
      "whiteSpace" : false
    }, {
      "id" : "s1-t1",
      "begin" : 36,
      "end" : 37,
      "text" : ",",
      "whiteSpace" : false
    }, {
      "id" : "s1-t2",
      "begin" : 38,
      "end" : 39,
      "text" : "I",
      "whiteSpace" : false
    }, {
      "id" : "s1-t3",
      "begin" : 40,
      "end" : 41,
      "text" : "/",
      "whiteSpace" : false
    }, {
      "id" : "s1-t4",
      "begin" : 42,
      "end" : 44,
      "text" : "we",
      "whiteSpace" : false
    }, {
      "id" : "s1-t5",
      "begin" : 44,
      "end" : 45,
      "text" : ",",
      "whiteSpace" : false
    }, {
      "id" : "s1-t6",
      "begin" : 46,
      "end" : 50,
      "text" : "H.D.",
      "whiteSpace" : false
    }, {
      "id" : "s1-t7",
      "begin" : 51,
      "end" : 56,
      "text" : "Hasty",
      "whiteSpace" : false
    }, {
      "id" : "s1-t8",
      "begin" : 57,
      "end" : 61,
      "text" : "have",
      "whiteSpace" : false
    }, {
      "id" : "s1-t9",
      "begin" : 62,
      "end" : 71,
      "text" : "bargained",
      "whiteSpace" : false
    }, {
      "id" : "s1-t10",
      "begin" : 72,
      "end" : 75,
      "text" : "and",
      "whiteSpace" : false
    }, {
      "id" : "s1-t11",
      "begin" : 76,
      "end" : 80,
      "text" : "sold",
      "whiteSpace" : false
    }, {
      "id" : "s1-t12",
      "begin" : 80,
      "end" : 81,
      "text" : ",",
      "whiteSpace" : false
    }, {
      "id" : "s1-t13",
      "begin" : 82,
      "end" : 85,
      "text" : "and",
      "whiteSpace" : false
    }, {
      "id" : "s1-t14",
      "begin" : 86,
      "end" : 88,
      "text" : "by",
      "whiteSpace" : false
    }, {
      "id" : "s1-t15",
      "begin" : 89,
      "end" : 94,
      "text" : "these",
      "whiteSpace" : false
    }, {
      "id" : "s1-t16",
      "begin" : 95,
      "end" : 103,
      "text" : "presents",
      "whiteSpace" : false
    }, {
      "id" : "s1-t17",
      "begin" : 104,
      "end" : 106,
      "text" : "do",
      "whiteSpace" : false
    }, {
      "id" : "s1-t18",
      "begin" : 107,
      "end" : 115,
      "text" : "transfer",
      "whiteSpace" : false
    }, {
      "id" : "s1-t19",
      "begin" : 116,
      "end" : 119,
      "text" : "and",
      "whiteSpace" : false
    }, {
      "id" : "s1-t20",
      "begin" : 120,
      "end" : 126,
      "text" : "convey",
      "whiteSpace" : false
    }, {
      "id" : "s1-t21",
      "begin" : 127,
      "end" : 131,
      "text" : "unto",
      "whiteSpace" : false
    }, {
      "id" : "s1-t22",
      "begin" : 132,
      "end" : 135,
      "text" : "the",
      "whiteSpace" : false
    }, {
      "id" : "s1-t23",
      "begin" : 136,
      "end" : 141,
      "text" : "State",
      "whiteSpace" : false
    }, {
      "id" : "s1-t24",
      "begin" : 142,
      "end" : 144,
      "text" : "of",
      "whiteSpace" : false
    }, {
      "id" : "s1-t25",
      "begin" : 145,
      "end" : 154,
      "text" : "Tennessee",
      "whiteSpace" : false
    }, {
      "id" : "s1-t26",
      "begin" : 154,
      "end" : 155,
      "text" : ",",
      "whiteSpace" : false
    }, {
      "id" : "s1-t27",
      "begin" : 156,
      "end" : 159,
      "text" : "the",
      "whiteSpace" : false
    }, {
      "id" : "s1-t28",
      "begin" : 160,
      "end" : 164,
      "text" : "land",
      "whiteSpace" : false
    }, {
      "id" : "s1-t29",
      "begin" : 165,
      "end" : 168,
      "text" : "and",
      "whiteSpace" : false
    }, {
      "id" : "s1-t30",
      "begin" : 169,
      "end" : 171,
      "text" : "or",
      "whiteSpace" : false
    }, {
      "id" : "s1-t31",
      "begin" : 172,
      "end" : 176,
      "text" : "This",
      "whiteSpace" : false
    }, {
      "id" : "s1-t32",
      "begin" : 177,
      "end" : 187,
      "text" : "instrument",
      "whiteSpace" : false
    }, {
      "id" : "s1-t33",
      "begin" : 188,
      "end" : 191,
      "text" : "and",
      "whiteSpace" : false
    }, {
      "id" : "s1-t34",
      "begin" : 192,
      "end" : 195,
      "text" : "the",
      "whiteSpace" : false
    }, {
      "id" : "s1-t35",
      "begin" : 196,
      "end" : 204,
      "text" : "property",
      "whiteSpace" : false
    }, {
      "id" : "s1-t36",
      "begin" : 205,
      "end" : 216,
      "text" : "description",
      "whiteSpace" : false
    }, {
      "id" : "s1-t37",
      "begin" : 217,
      "end" : 222,
      "text" : "below",
      "whiteSpace" : false
    }, {
      "id" : "s1-t38",
      "begin" : 223,
      "end" : 227,
      "text" : "were",
      "whiteSpace" : false
    }, {
      "id" : "s1-t39",
      "begin" : 228,
      "end" : 236,
      "text" : "prepared",
      "whiteSpace" : false
    }, {
      "id" : "s1-t40",
      "begin" : 237,
      "end" : 241,
      "text" : "from",
      "whiteSpace" : false
    }, {
      "id" : "s1-t41",
      "begin" : 242,
      "end" : 245,
      "text" : "the",
      "whiteSpace" : false
    }, {
      "id" : "s1-t42",
      "begin" : 246,
      "end" : 251,
      "text" : "plans",
      "whiteSpace" : false
    }, {
      "id" : "s1-t43",
      "begin" : 252,
      "end" : 254,
      "text" : "of",
      "whiteSpace" : false
    }, {
      "id" : "s1-t44",
      "begin" : 255,
      "end" : 258,
      "text" : "the",
      "whiteSpace" : false
    }, {
      "id" : "s1-t45",
      "begin" : 259,
      "end" : 268,
      "text" : "captioned",
      "whiteSpace" : false
    }, {
      "id" : "s1-t46",
      "begin" : 269,
      "end" : 276,
      "text" : "project",
      "whiteSpace" : false
    }, {
      "id" : "s1-t47",
      "begin" : 277,
      "end" : 279,
      "text" : "by",
      "whiteSpace" : false
    } ]
  } ],
  "mentions" : [ {
    "id" : "s1-m1",
    "properties" : {
      "SIRE_MENTION_ROLE" : "Grantor",
      "SIRE_ENTITY_SUBTYPE" : "NONE",
      "SIRE_MENTION_TYPE" : "NONE",
      "SIRE_MENTION_CLASS" : "SPC"
    },
    "type" : "Grantor",
    "begin" : 46,
    "end" : 56,
    "inCoref" : false
  }, {
    "id" : "s1-m2",
    "properties" : {
      "SIRE_MENTION_ROLE" : "Grantee",
      "SIRE_ENTITY_SUBTYPE" : "NONE",
      "SIRE_MENTION_TYPE" : "NONE",
      "SIRE_MENTION_CLASS" : "SPC"
    },
    "type" : "Grantee",
    "begin" : 136,
    "end" : 154,
    "inCoref" : false
  } ],
  "relations" : [ ],
  "corefs" : [ ],
  "typeResolved" : true,
  "userResolved" : false
}