{
  "id" : "558f95f0-50ef-11e9-9b8e-4bc9d96d3dde-17",
  "name" : "WD170-3.txt",
  "createdDate" : 1553732447439,
  "version" : 3,
  "text" : "For and in consideration of the sum of TEN AND NO/ 100 ($10.00) DOLLARS, cash in hand paid, and other good and valuable considerations, the receipt of which is hereby acknowledged, we, JERRY W. LIGHT and wife, VICKY L. LIGHT, this date have bargained and sold, and by these presents do transfer and convey unto CHARLES W. HASTING, SR. and wife, BOBBIE J. HASTING, their heirs and assigns, a certain tract or??? parcel of land in the First Civil District of Humphreys County, Tennessee, and being more particularly described as follows",
  "docLength" : 0,
  "language" : "EN",
  "status" : "SUBMITTED",
  "modifiedDate" : 1553736518419,
  "documentSet" : [ ],
  "preannotation" : [ ],
  "sentences" : [ {
    "id" : "s0",
    "begin" : 0,
    "end" : 334,
    "text" : "For and in consideration of the sum of TEN AND NO/ 100 ($10.00) DOLLARS, cash in hand paid, and other good and valuable considerations, the receipt of which is hereby acknowledged, we, JERRY W. LIGHT and wife, VICKY L. LIGHT, this date have bargained and sold, and by these presents do transfer and convey unto CHARLES W. HASTING, SR.",
    "tokens" : [ {
      "id" : "s0-t0",
      "begin" : 0,
      "end" : 3,
      "text" : "For",
      "whiteSpace" : false
    }, {
      "id" : "s0-t1",
      "begin" : 4,
      "end" : 7,
      "text" : "and",
      "whiteSpace" : false
    }, {
      "id" : "s0-t2",
      "begin" : 8,
      "end" : 10,
      "text" : "in",
      "whiteSpace" : false
    }, {
      "id" : "s0-t3",
      "begin" : 11,
      "end" : 24,
      "text" : "consideration",
      "whiteSpace" : false
    }, {
      "id" : "s0-t4",
      "begin" : 25,
      "end" : 27,
      "text" : "of",
      "whiteSpace" : false
    }, {
      "id" : "s0-t5",
      "begin" : 28,
      "end" : 31,
      "text" : "the",
      "whiteSpace" : false
    }, {
      "id" : "s0-t6",
      "begin" : 32,
      "end" : 35,
      "text" : "sum",
      "whiteSpace" : false
    }, {
      "id" : "s0-t7",
      "begin" : 36,
      "end" : 38,
      "text" : "of",
      "whiteSpace" : false
    }, {
      "id" : "s0-t8",
      "begin" : 39,
      "end" : 42,
      "text" : "TEN",
      "whiteSpace" : false
    }, {
      "id" : "s0-t9",
      "begin" : 43,
      "end" : 46,
      "text" : "AND",
      "whiteSpace" : false
    }, {
      "id" : "s0-t10",
      "begin" : 47,
      "end" : 50,
      "text" : "NO/",
      "whiteSpace" : false
    }, {
      "id" : "s0-t11",
      "begin" : 51,
      "end" : 54,
      "text" : "100",
      "whiteSpace" : false
    }, {
      "id" : "s0-t12",
      "begin" : 55,
      "end" : 56,
      "text" : "(",
      "whiteSpace" : false
    }, {
      "id" : "s0-t13",
      "begin" : 56,
      "end" : 57,
      "text" : "$",
      "whiteSpace" : false
    }, {
      "id" : "s0-t14",
      "begin" : 57,
      "end" : 62,
      "text" : "10.00",
      "whiteSpace" : false
    }, {
      "id" : "s0-t15",
      "begin" : 62,
      "end" : 63,
      "text" : ")",
      "whiteSpace" : false
    }, {
      "id" : "s0-t16",
      "begin" : 64,
      "end" : 71,
      "text" : "DOLLARS",
      "whiteSpace" : false
    }, {
      "id" : "s0-t17",
      "begin" : 71,
      "end" : 72,
      "text" : ",",
      "whiteSpace" : false
    }, {
      "id" : "s0-t18",
      "begin" : 73,
      "end" : 77,
      "text" : "cash",
      "whiteSpace" : false
    }, {
      "id" : "s0-t19",
      "begin" : 78,
      "end" : 80,
      "text" : "in",
      "whiteSpace" : false
    }, {
      "id" : "s0-t20",
      "begin" : 81,
      "end" : 85,
      "text" : "hand",
      "whiteSpace" : false
    }, {
      "id" : "s0-t21",
      "begin" : 86,
      "end" : 90,
      "text" : "paid",
      "whiteSpace" : false
    }, {
      "id" : "s0-t22",
      "begin" : 90,
      "end" : 91,
      "text" : ",",
      "whiteSpace" : false
    }, {
      "id" : "s0-t23",
      "begin" : 92,
      "end" : 95,
      "text" : "and",
      "whiteSpace" : false
    }, {
      "id" : "s0-t24",
      "begin" : 96,
      "end" : 101,
      "text" : "other",
      "whiteSpace" : false
    }, {
      "id" : "s0-t25",
      "begin" : 102,
      "end" : 106,
      "text" : "good",
      "whiteSpace" : false
    }, {
      "id" : "s0-t26",
      "begin" : 107,
      "end" : 110,
      "text" : "and",
      "whiteSpace" : false
    }, {
      "id" : "s0-t27",
      "begin" : 111,
      "end" : 119,
      "text" : "valuable",
      "whiteSpace" : false
    }, {
      "id" : "s0-t28",
      "begin" : 120,
      "end" : 134,
      "text" : "considerations",
      "whiteSpace" : false
    }, {
      "id" : "s0-t29",
      "begin" : 134,
      "end" : 135,
      "text" : ",",
      "whiteSpace" : false
    }, {
      "id" : "s0-t30",
      "begin" : 136,
      "end" : 139,
      "text" : "the",
      "whiteSpace" : false
    }, {
      "id" : "s0-t31",
      "begin" : 140,
      "end" : 147,
      "text" : "receipt",
      "whiteSpace" : false
    }, {
      "id" : "s0-t32",
      "begin" : 148,
      "end" : 150,
      "text" : "of",
      "whiteSpace" : false
    }, {
      "id" : "s0-t33",
      "begin" : 151,
      "end" : 156,
      "text" : "which",
      "whiteSpace" : false
    }, {
      "id" : "s0-t34",
      "begin" : 157,
      "end" : 159,
      "text" : "is",
      "whiteSpace" : false
    }, {
      "id" : "s0-t35",
      "begin" : 160,
      "end" : 166,
      "text" : "hereby",
      "whiteSpace" : false
    }, {
      "id" : "s0-t36",
      "begin" : 167,
      "end" : 179,
      "text" : "acknowledged",
      "whiteSpace" : false
    }, {
      "id" : "s0-t37",
      "begin" : 179,
      "end" : 180,
      "text" : ",",
      "whiteSpace" : false
    }, {
      "id" : "s0-t38",
      "begin" : 181,
      "end" : 183,
      "text" : "we",
      "whiteSpace" : false
    }, {
      "id" : "s0-t39",
      "begin" : 183,
      "end" : 184,
      "text" : ",",
      "whiteSpace" : false
    }, {
      "id" : "s0-t40",
      "begin" : 185,
      "end" : 190,
      "text" : "JERRY",
      "whiteSpace" : false
    }, {
      "id" : "s0-t41",
      "begin" : 191,
      "end" : 193,
      "text" : "W.",
      "whiteSpace" : false
    }, {
      "id" : "s0-t42",
      "begin" : 194,
      "end" : 199,
      "text" : "LIGHT",
      "whiteSpace" : false
    }, {
      "id" : "s0-t43",
      "begin" : 200,
      "end" : 203,
      "text" : "and",
      "whiteSpace" : false
    }, {
      "id" : "s0-t44",
      "begin" : 204,
      "end" : 208,
      "text" : "wife",
      "whiteSpace" : false
    }, {
      "id" : "s0-t45",
      "begin" : 208,
      "end" : 209,
      "text" : ",",
      "whiteSpace" : false
    }, {
      "id" : "s0-t46",
      "begin" : 210,
      "end" : 215,
      "text" : "VICKY",
      "whiteSpace" : false
    }, {
      "id" : "s0-t47",
      "begin" : 216,
      "end" : 218,
      "text" : "L.",
      "whiteSpace" : false
    }, {
      "id" : "s0-t48",
      "begin" : 219,
      "end" : 224,
      "text" : "LIGHT",
      "whiteSpace" : false
    }, {
      "id" : "s0-t49",
      "begin" : 224,
      "end" : 225,
      "text" : ",",
      "whiteSpace" : false
    }, {
      "id" : "s0-t50",
      "begin" : 226,
      "end" : 230,
      "text" : "this",
      "whiteSpace" : false
    }, {
      "id" : "s0-t51",
      "begin" : 231,
      "end" : 235,
      "text" : "date",
      "whiteSpace" : false
    }, {
      "id" : "s0-t52",
      "begin" : 236,
      "end" : 240,
      "text" : "have",
      "whiteSpace" : false
    }, {
      "id" : "s0-t53",
      "begin" : 241,
      "end" : 250,
      "text" : "bargained",
      "whiteSpace" : false
    }, {
      "id" : "s0-t54",
      "begin" : 251,
      "end" : 254,
      "text" : "and",
      "whiteSpace" : false
    }, {
      "id" : "s0-t55",
      "begin" : 255,
      "end" : 259,
      "text" : "sold",
      "whiteSpace" : false
    }, {
      "id" : "s0-t56",
      "begin" : 259,
      "end" : 260,
      "text" : ",",
      "whiteSpace" : false
    }, {
      "id" : "s0-t57",
      "begin" : 261,
      "end" : 264,
      "text" : "and",
      "whiteSpace" : false
    }, {
      "id" : "s0-t58",
      "begin" : 265,
      "end" : 267,
      "text" : "by",
      "whiteSpace" : false
    }, {
      "id" : "s0-t59",
      "begin" : 268,
      "end" : 273,
      "text" : "these",
      "whiteSpace" : false
    }, {
      "id" : "s0-t60",
      "begin" : 274,
      "end" : 282,
      "text" : "presents",
      "whiteSpace" : false
    }, {
      "id" : "s0-t61",
      "begin" : 283,
      "end" : 285,
      "text" : "do",
      "whiteSpace" : false
    }, {
      "id" : "s0-t62",
      "begin" : 286,
      "end" : 294,
      "text" : "transfer",
      "whiteSpace" : false
    }, {
      "id" : "s0-t63",
      "begin" : 295,
      "end" : 298,
      "text" : "and",
      "whiteSpace" : false
    }, {
      "id" : "s0-t64",
      "begin" : 299,
      "end" : 305,
      "text" : "convey",
      "whiteSpace" : false
    }, {
      "id" : "s0-t65",
      "begin" : 306,
      "end" : 310,
      "text" : "unto",
      "whiteSpace" : false
    }, {
      "id" : "s0-t66",
      "begin" : 311,
      "end" : 318,
      "text" : "CHARLES",
      "whiteSpace" : false
    }, {
      "id" : "s0-t67",
      "begin" : 319,
      "end" : 321,
      "text" : "W.",
      "whiteSpace" : false
    }, {
      "id" : "s0-t68",
      "begin" : 322,
      "end" : 329,
      "text" : "HASTING",
      "whiteSpace" : false
    }, {
      "id" : "s0-t69",
      "begin" : 329,
      "end" : 330,
      "text" : ",",
      "whiteSpace" : false
    }, {
      "id" : "s0-t70",
      "begin" : 331,
      "end" : 333,
      "text" : "SR",
      "whiteSpace" : false
    }, {
      "id" : "s0-t71",
      "begin" : 333,
      "end" : 334,
      "text" : ".",
      "whiteSpace" : false
    } ]
  }, {
    "id" : "s1",
    "begin" : 335,
    "end" : 408,
    "text" : "and wife, BOBBIE J. HASTING, their heirs and assigns, a certain tract or?",
    "tokens" : [ {
      "id" : "s1-t0",
      "begin" : 335,
      "end" : 338,
      "text" : "and",
      "whiteSpace" : false
    }, {
      "id" : "s1-t1",
      "begin" : 339,
      "end" : 343,
      "text" : "wife",
      "whiteSpace" : false
    }, {
      "id" : "s1-t2",
      "begin" : 343,
      "end" : 344,
      "text" : ",",
      "whiteSpace" : false
    }, {
      "id" : "s1-t3",
      "begin" : 345,
      "end" : 351,
      "text" : "BOBBIE",
      "whiteSpace" : false
    }, {
      "id" : "s1-t4",
      "begin" : 352,
      "end" : 354,
      "text" : "J.",
      "whiteSpace" : false
    }, {
      "id" : "s1-t5",
      "begin" : 355,
      "end" : 362,
      "text" : "HASTING",
      "whiteSpace" : false
    }, {
      "id" : "s1-t6",
      "begin" : 362,
      "end" : 363,
      "text" : ",",
      "whiteSpace" : false
    }, {
      "id" : "s1-t7",
      "begin" : 364,
      "end" : 369,
      "text" : "their",
      "whiteSpace" : false
    }, {
      "id" : "s1-t8",
      "begin" : 370,
      "end" : 375,
      "text" : "heirs",
      "whiteSpace" : false
    }, {
      "id" : "s1-t9",
      "begin" : 376,
      "end" : 379,
      "text" : "and",
      "whiteSpace" : false
    }, {
      "id" : "s1-t10",
      "begin" : 380,
      "end" : 387,
      "text" : "assigns",
      "whiteSpace" : false
    }, {
      "id" : "s1-t11",
      "begin" : 387,
      "end" : 388,
      "text" : ",",
      "whiteSpace" : false
    }, {
      "id" : "s1-t12",
      "begin" : 389,
      "end" : 390,
      "text" : "a",
      "whiteSpace" : false
    }, {
      "id" : "s1-t13",
      "begin" : 391,
      "end" : 398,
      "text" : "certain",
      "whiteSpace" : false
    }, {
      "id" : "s1-t14",
      "begin" : 399,
      "end" : 404,
      "text" : "tract",
      "whiteSpace" : false
    }, {
      "id" : "s1-t15",
      "begin" : 405,
      "end" : 407,
      "text" : "or",
      "whiteSpace" : false
    }, {
      "id" : "s1-t16",
      "begin" : 407,
      "end" : 408,
      "text" : "?",
      "whiteSpace" : false
    } ]
  }, {
    "id" : "s2",
    "begin" : 408,
    "end" : 410,
    "text" : "??",
    "tokens" : [ {
      "id" : "s2-t0",
      "begin" : 408,
      "end" : 409,
      "text" : "?",
      "whiteSpace" : false
    }, {
      "id" : "s2-t1",
      "begin" : 409,
      "end" : 410,
      "text" : "?",
      "whiteSpace" : false
    } ]
  }, {
    "id" : "s3",
    "begin" : 411,
    "end" : 534,
    "text" : "parcel of land in the First Civil District of Humphreys County, Tennessee, and being more particularly described as follows",
    "tokens" : [ {
      "id" : "s3-t0",
      "begin" : 411,
      "end" : 417,
      "text" : "parcel",
      "whiteSpace" : false
    }, {
      "id" : "s3-t1",
      "begin" : 418,
      "end" : 420,
      "text" : "of",
      "whiteSpace" : false
    }, {
      "id" : "s3-t2",
      "begin" : 421,
      "end" : 425,
      "text" : "land",
      "whiteSpace" : false
    }, {
      "id" : "s3-t3",
      "begin" : 426,
      "end" : 428,
      "text" : "in",
      "whiteSpace" : false
    }, {
      "id" : "s3-t4",
      "begin" : 429,
      "end" : 432,
      "text" : "the",
      "whiteSpace" : false
    }, {
      "id" : "s3-t5",
      "begin" : 433,
      "end" : 438,
      "text" : "First",
      "whiteSpace" : false
    }, {
      "id" : "s3-t6",
      "begin" : 439,
      "end" : 444,
      "text" : "Civil",
      "whiteSpace" : false
    }, {
      "id" : "s3-t7",
      "begin" : 445,
      "end" : 453,
      "text" : "District",
      "whiteSpace" : false
    }, {
      "id" : "s3-t8",
      "begin" : 454,
      "end" : 456,
      "text" : "of",
      "whiteSpace" : false
    }, {
      "id" : "s3-t9",
      "begin" : 457,
      "end" : 466,
      "text" : "Humphreys",
      "whiteSpace" : false
    }, {
      "id" : "s3-t10",
      "begin" : 467,
      "end" : 473,
      "text" : "County",
      "whiteSpace" : false
    }, {
      "id" : "s3-t11",
      "begin" : 473,
      "end" : 474,
      "text" : ",",
      "whiteSpace" : false
    }, {
      "id" : "s3-t12",
      "begin" : 475,
      "end" : 484,
      "text" : "Tennessee",
      "whiteSpace" : false
    }, {
      "id" : "s3-t13",
      "begin" : 484,
      "end" : 485,
      "text" : ",",
      "whiteSpace" : false
    }, {
      "id" : "s3-t14",
      "begin" : 486,
      "end" : 489,
      "text" : "and",
      "whiteSpace" : false
    }, {
      "id" : "s3-t15",
      "begin" : 490,
      "end" : 495,
      "text" : "being",
      "whiteSpace" : false
    }, {
      "id" : "s3-t16",
      "begin" : 496,
      "end" : 500,
      "text" : "more",
      "whiteSpace" : false
    }, {
      "id" : "s3-t17",
      "begin" : 501,
      "end" : 513,
      "text" : "particularly",
      "whiteSpace" : false
    }, {
      "id" : "s3-t18",
      "begin" : 514,
      "end" : 523,
      "text" : "described",
      "whiteSpace" : false
    }, {
      "id" : "s3-t19",
      "begin" : 524,
      "end" : 526,
      "text" : "as",
      "whiteSpace" : false
    }, {
      "id" : "s3-t20",
      "begin" : 527,
      "end" : 534,
      "text" : "follows",
      "whiteSpace" : false
    } ]
  } ],
  "mentions" : [ {
    "id" : "s0-m1",
    "properties" : {
      "SIRE_MENTION_ROLE" : "Grantor",
      "SIRE_ENTITY_SUBTYPE" : "NONE",
      "SIRE_MENTION_TYPE" : "NONE",
      "SIRE_MENTION_CLASS" : "SPC"
    },
    "type" : "Grantor",
    "begin" : 185,
    "end" : 199,
    "inCoref" : false
  }, {
    "id" : "s0-m2",
    "properties" : {
      "SIRE_MENTION_ROLE" : "Grantor",
      "SIRE_ENTITY_SUBTYPE" : "NONE",
      "SIRE_MENTION_TYPE" : "NONE",
      "SIRE_MENTION_CLASS" : "SPC"
    },
    "type" : "Grantor",
    "begin" : 210,
    "end" : 224,
    "inCoref" : false
  }, {
    "id" : "s0-m3",
    "properties" : {
      "SIRE_MENTION_ROLE" : "Grantee",
      "SIRE_ENTITY_SUBTYPE" : "NONE",
      "SIRE_MENTION_TYPE" : "NONE",
      "SIRE_MENTION_CLASS" : "SPC"
    },
    "type" : "Grantee",
    "begin" : 311,
    "end" : 333,
    "inCoref" : false
  }, {
    "id" : "s1-m1",
    "properties" : {
      "SIRE_MENTION_ROLE" : "Grantee",
      "SIRE_ENTITY_SUBTYPE" : "NONE",
      "SIRE_MENTION_TYPE" : "NONE",
      "SIRE_MENTION_CLASS" : "SPC"
    },
    "type" : "Grantee",
    "begin" : 345,
    "end" : 362,
    "inCoref" : false
  } ],
  "relations" : [ ],
  "corefs" : [ ],
  "typeResolved" : true,
  "userResolved" : false
}