{
  "id" : "558f95f0-50ef-11e9-9b8e-4bc9d96d3dde-0",
  "name" : "WD165-9.txt",
  "createdDate" : 1553732447439,
  "version" : 3,
  "text" : "For and in consideration of the sum of TEN AND NO/100 ($10.00) DOLLARS, cash in hand paid, and other good and valuable considerations, the receipt of which is hereby acknowledged, we, ARTHUR WAYNE PATTERSON and Wife, FAYE D. PATTERSON, this date have bargained and sold, and by these presents do transfer and convey unto DANNY F. BERRY and wife, PATRICIA J. BERRY, their heirs and assigns, a certain tracts or parcels of land in the First Civil ",
  "docLength" : 0,
  "language" : "EN",
  "status" : "SUBMITTED",
  "modifiedDate" : 1553736409037,
  "documentSet" : [ ],
  "preannotation" : [ ],
  "sentences" : [ {
    "id" : "s0",
    "begin" : 0,
    "end" : 444,
    "text" : "For and in consideration of the sum of TEN AND NO/100 ($10.00) DOLLARS, cash in hand paid, and other good and valuable considerations, the receipt of which is hereby acknowledged, we, ARTHUR WAYNE PATTERSON and Wife, FAYE D. PATTERSON, this date have bargained and sold, and by these presents do transfer and convey unto DANNY F. BERRY and wife, PATRICIA J. BERRY, their heirs and assigns, a certain tracts or parcels of land in the First Civil",
    "tokens" : [ {
      "id" : "s0-t0",
      "begin" : 0,
      "end" : 3,
      "text" : "For",
      "whiteSpace" : false
    }, {
      "id" : "s0-t1",
      "begin" : 4,
      "end" : 7,
      "text" : "and",
      "whiteSpace" : false
    }, {
      "id" : "s0-t2",
      "begin" : 8,
      "end" : 10,
      "text" : "in",
      "whiteSpace" : false
    }, {
      "id" : "s0-t3",
      "begin" : 11,
      "end" : 24,
      "text" : "consideration",
      "whiteSpace" : false
    }, {
      "id" : "s0-t4",
      "begin" : 25,
      "end" : 27,
      "text" : "of",
      "whiteSpace" : false
    }, {
      "id" : "s0-t5",
      "begin" : 28,
      "end" : 31,
      "text" : "the",
      "whiteSpace" : false
    }, {
      "id" : "s0-t6",
      "begin" : 32,
      "end" : 35,
      "text" : "sum",
      "whiteSpace" : false
    }, {
      "id" : "s0-t7",
      "begin" : 36,
      "end" : 38,
      "text" : "of",
      "whiteSpace" : false
    }, {
      "id" : "s0-t8",
      "begin" : 39,
      "end" : 42,
      "text" : "TEN",
      "whiteSpace" : false
    }, {
      "id" : "s0-t9",
      "begin" : 43,
      "end" : 46,
      "text" : "AND",
      "whiteSpace" : false
    }, {
      "id" : "s0-t10",
      "begin" : 47,
      "end" : 53,
      "text" : "NO/100",
      "whiteSpace" : false
    }, {
      "id" : "s0-t11",
      "begin" : 54,
      "end" : 55,
      "text" : "(",
      "whiteSpace" : false
    }, {
      "id" : "s0-t12",
      "begin" : 55,
      "end" : 56,
      "text" : "$",
      "whiteSpace" : false
    }, {
      "id" : "s0-t13",
      "begin" : 56,
      "end" : 61,
      "text" : "10.00",
      "whiteSpace" : false
    }, {
      "id" : "s0-t14",
      "begin" : 61,
      "end" : 62,
      "text" : ")",
      "whiteSpace" : false
    }, {
      "id" : "s0-t15",
      "begin" : 63,
      "end" : 70,
      "text" : "DOLLARS",
      "whiteSpace" : false
    }, {
      "id" : "s0-t16",
      "begin" : 70,
      "end" : 71,
      "text" : ",",
      "whiteSpace" : false
    }, {
      "id" : "s0-t17",
      "begin" : 72,
      "end" : 76,
      "text" : "cash",
      "whiteSpace" : false
    }, {
      "id" : "s0-t18",
      "begin" : 77,
      "end" : 79,
      "text" : "in",
      "whiteSpace" : false
    }, {
      "id" : "s0-t19",
      "begin" : 80,
      "end" : 84,
      "text" : "hand",
      "whiteSpace" : false
    }, {
      "id" : "s0-t20",
      "begin" : 85,
      "end" : 89,
      "text" : "paid",
      "whiteSpace" : false
    }, {
      "id" : "s0-t21",
      "begin" : 89,
      "end" : 90,
      "text" : ",",
      "whiteSpace" : false
    }, {
      "id" : "s0-t22",
      "begin" : 91,
      "end" : 94,
      "text" : "and",
      "whiteSpace" : false
    }, {
      "id" : "s0-t23",
      "begin" : 95,
      "end" : 100,
      "text" : "other",
      "whiteSpace" : false
    }, {
      "id" : "s0-t24",
      "begin" : 101,
      "end" : 105,
      "text" : "good",
      "whiteSpace" : false
    }, {
      "id" : "s0-t25",
      "begin" : 106,
      "end" : 109,
      "text" : "and",
      "whiteSpace" : false
    }, {
      "id" : "s0-t26",
      "begin" : 110,
      "end" : 118,
      "text" : "valuable",
      "whiteSpace" : false
    }, {
      "id" : "s0-t27",
      "begin" : 119,
      "end" : 133,
      "text" : "considerations",
      "whiteSpace" : false
    }, {
      "id" : "s0-t28",
      "begin" : 133,
      "end" : 134,
      "text" : ",",
      "whiteSpace" : false
    }, {
      "id" : "s0-t29",
      "begin" : 135,
      "end" : 138,
      "text" : "the",
      "whiteSpace" : false
    }, {
      "id" : "s0-t30",
      "begin" : 139,
      "end" : 146,
      "text" : "receipt",
      "whiteSpace" : false
    }, {
      "id" : "s0-t31",
      "begin" : 147,
      "end" : 149,
      "text" : "of",
      "whiteSpace" : false
    }, {
      "id" : "s0-t32",
      "begin" : 150,
      "end" : 155,
      "text" : "which",
      "whiteSpace" : false
    }, {
      "id" : "s0-t33",
      "begin" : 156,
      "end" : 158,
      "text" : "is",
      "whiteSpace" : false
    }, {
      "id" : "s0-t34",
      "begin" : 159,
      "end" : 165,
      "text" : "hereby",
      "whiteSpace" : false
    }, {
      "id" : "s0-t35",
      "begin" : 166,
      "end" : 178,
      "text" : "acknowledged",
      "whiteSpace" : false
    }, {
      "id" : "s0-t36",
      "begin" : 178,
      "end" : 179,
      "text" : ",",
      "whiteSpace" : false
    }, {
      "id" : "s0-t37",
      "begin" : 180,
      "end" : 182,
      "text" : "we",
      "whiteSpace" : false
    }, {
      "id" : "s0-t38",
      "begin" : 182,
      "end" : 183,
      "text" : ",",
      "whiteSpace" : false
    }, {
      "id" : "s0-t39",
      "begin" : 184,
      "end" : 190,
      "text" : "ARTHUR",
      "whiteSpace" : false
    }, {
      "id" : "s0-t40",
      "begin" : 191,
      "end" : 196,
      "text" : "WAYNE",
      "whiteSpace" : false
    }, {
      "id" : "s0-t41",
      "begin" : 197,
      "end" : 206,
      "text" : "PATTERSON",
      "whiteSpace" : false
    }, {
      "id" : "s0-t42",
      "begin" : 207,
      "end" : 210,
      "text" : "and",
      "whiteSpace" : false
    }, {
      "id" : "s0-t43",
      "begin" : 211,
      "end" : 215,
      "text" : "Wife",
      "whiteSpace" : false
    }, {
      "id" : "s0-t44",
      "begin" : 215,
      "end" : 216,
      "text" : ",",
      "whiteSpace" : false
    }, {
      "id" : "s0-t45",
      "begin" : 217,
      "end" : 221,
      "text" : "FAYE",
      "whiteSpace" : false
    }, {
      "id" : "s0-t46",
      "begin" : 222,
      "end" : 224,
      "text" : "D.",
      "whiteSpace" : false
    }, {
      "id" : "s0-t47",
      "begin" : 225,
      "end" : 234,
      "text" : "PATTERSON",
      "whiteSpace" : false
    }, {
      "id" : "s0-t48",
      "begin" : 234,
      "end" : 235,
      "text" : ",",
      "whiteSpace" : false
    }, {
      "id" : "s0-t49",
      "begin" : 236,
      "end" : 240,
      "text" : "this",
      "whiteSpace" : false
    }, {
      "id" : "s0-t50",
      "begin" : 241,
      "end" : 245,
      "text" : "date",
      "whiteSpace" : false
    }, {
      "id" : "s0-t51",
      "begin" : 246,
      "end" : 250,
      "text" : "have",
      "whiteSpace" : false
    }, {
      "id" : "s0-t52",
      "begin" : 251,
      "end" : 260,
      "text" : "bargained",
      "whiteSpace" : false
    }, {
      "id" : "s0-t53",
      "begin" : 261,
      "end" : 264,
      "text" : "and",
      "whiteSpace" : false
    }, {
      "id" : "s0-t54",
      "begin" : 265,
      "end" : 269,
      "text" : "sold",
      "whiteSpace" : false
    }, {
      "id" : "s0-t55",
      "begin" : 269,
      "end" : 270,
      "text" : ",",
      "whiteSpace" : false
    }, {
      "id" : "s0-t56",
      "begin" : 271,
      "end" : 274,
      "text" : "and",
      "whiteSpace" : false
    }, {
      "id" : "s0-t57",
      "begin" : 275,
      "end" : 277,
      "text" : "by",
      "whiteSpace" : false
    }, {
      "id" : "s0-t58",
      "begin" : 278,
      "end" : 283,
      "text" : "these",
      "whiteSpace" : false
    }, {
      "id" : "s0-t59",
      "begin" : 284,
      "end" : 292,
      "text" : "presents",
      "whiteSpace" : false
    }, {
      "id" : "s0-t60",
      "begin" : 293,
      "end" : 295,
      "text" : "do",
      "whiteSpace" : false
    }, {
      "id" : "s0-t61",
      "begin" : 296,
      "end" : 304,
      "text" : "transfer",
      "whiteSpace" : false
    }, {
      "id" : "s0-t62",
      "begin" : 305,
      "end" : 308,
      "text" : "and",
      "whiteSpace" : false
    }, {
      "id" : "s0-t63",
      "begin" : 309,
      "end" : 315,
      "text" : "convey",
      "whiteSpace" : false
    }, {
      "id" : "s0-t64",
      "begin" : 316,
      "end" : 320,
      "text" : "unto",
      "whiteSpace" : false
    }, {
      "id" : "s0-t65",
      "begin" : 321,
      "end" : 326,
      "text" : "DANNY",
      "whiteSpace" : false
    }, {
      "id" : "s0-t66",
      "begin" : 327,
      "end" : 329,
      "text" : "F.",
      "whiteSpace" : false
    }, {
      "id" : "s0-t67",
      "begin" : 330,
      "end" : 335,
      "text" : "BERRY",
      "whiteSpace" : false
    }, {
      "id" : "s0-t68",
      "begin" : 336,
      "end" : 339,
      "text" : "and",
      "whiteSpace" : false
    }, {
      "id" : "s0-t69",
      "begin" : 340,
      "end" : 344,
      "text" : "wife",
      "whiteSpace" : false
    }, {
      "id" : "s0-t70",
      "begin" : 344,
      "end" : 345,
      "text" : ",",
      "whiteSpace" : false
    }, {
      "id" : "s0-t71",
      "begin" : 346,
      "end" : 354,
      "text" : "PATRICIA",
      "whiteSpace" : false
    }, {
      "id" : "s0-t72",
      "begin" : 355,
      "end" : 357,
      "text" : "J.",
      "whiteSpace" : false
    }, {
      "id" : "s0-t73",
      "begin" : 358,
      "end" : 363,
      "text" : "BERRY",
      "whiteSpace" : false
    }, {
      "id" : "s0-t74",
      "begin" : 363,
      "end" : 364,
      "text" : ",",
      "whiteSpace" : false
    }, {
      "id" : "s0-t75",
      "begin" : 365,
      "end" : 370,
      "text" : "their",
      "whiteSpace" : false
    }, {
      "id" : "s0-t76",
      "begin" : 371,
      "end" : 376,
      "text" : "heirs",
      "whiteSpace" : false
    }, {
      "id" : "s0-t77",
      "begin" : 377,
      "end" : 380,
      "text" : "and",
      "whiteSpace" : false
    }, {
      "id" : "s0-t78",
      "begin" : 381,
      "end" : 388,
      "text" : "assigns",
      "whiteSpace" : false
    }, {
      "id" : "s0-t79",
      "begin" : 388,
      "end" : 389,
      "text" : ",",
      "whiteSpace" : false
    }, {
      "id" : "s0-t80",
      "begin" : 390,
      "end" : 391,
      "text" : "a",
      "whiteSpace" : false
    }, {
      "id" : "s0-t81",
      "begin" : 392,
      "end" : 399,
      "text" : "certain",
      "whiteSpace" : false
    }, {
      "id" : "s0-t82",
      "begin" : 400,
      "end" : 406,
      "text" : "tracts",
      "whiteSpace" : false
    }, {
      "id" : "s0-t83",
      "begin" : 407,
      "end" : 409,
      "text" : "or",
      "whiteSpace" : false
    }, {
      "id" : "s0-t84",
      "begin" : 410,
      "end" : 417,
      "text" : "parcels",
      "whiteSpace" : false
    }, {
      "id" : "s0-t85",
      "begin" : 418,
      "end" : 420,
      "text" : "of",
      "whiteSpace" : false
    }, {
      "id" : "s0-t86",
      "begin" : 421,
      "end" : 425,
      "text" : "land",
      "whiteSpace" : false
    }, {
      "id" : "s0-t87",
      "begin" : 426,
      "end" : 428,
      "text" : "in",
      "whiteSpace" : false
    }, {
      "id" : "s0-t88",
      "begin" : 429,
      "end" : 432,
      "text" : "the",
      "whiteSpace" : false
    }, {
      "id" : "s0-t89",
      "begin" : 433,
      "end" : 438,
      "text" : "First",
      "whiteSpace" : false
    }, {
      "id" : "s0-t90",
      "begin" : 439,
      "end" : 444,
      "text" : "Civil",
      "whiteSpace" : false
    } ]
  } ],
  "mentions" : [ {
    "id" : "s0-m1",
    "properties" : {
      "SIRE_MENTION_ROLE" : "Grantor",
      "SIRE_ENTITY_SUBTYPE" : "NONE",
      "SIRE_MENTION_TYPE" : "NONE",
      "SIRE_MENTION_CLASS" : "SPC"
    },
    "type" : "Grantor",
    "begin" : 184,
    "end" : 206,
    "inCoref" : false
  }, {
    "id" : "s0-m2",
    "properties" : {
      "SIRE_MENTION_ROLE" : "Grantor",
      "SIRE_ENTITY_SUBTYPE" : "NONE",
      "SIRE_MENTION_TYPE" : "NONE",
      "SIRE_MENTION_CLASS" : "SPC"
    },
    "type" : "Grantor",
    "begin" : 217,
    "end" : 234,
    "inCoref" : false
  }, {
    "id" : "s0-m3",
    "properties" : {
      "SIRE_MENTION_ROLE" : "Grantee",
      "SIRE_ENTITY_SUBTYPE" : "NONE",
      "SIRE_MENTION_TYPE" : "NONE",
      "SIRE_MENTION_CLASS" : "SPC"
    },
    "type" : "Grantee",
    "begin" : 321,
    "end" : 335,
    "inCoref" : false
  }, {
    "id" : "s0-m4",
    "properties" : {
      "SIRE_MENTION_ROLE" : "Grantee",
      "SIRE_ENTITY_SUBTYPE" : "NONE",
      "SIRE_MENTION_TYPE" : "NONE",
      "SIRE_MENTION_CLASS" : "SPC"
    },
    "type" : "Grantee",
    "begin" : 346,
    "end" : 363,
    "inCoref" : false
  } ],
  "relations" : [ ],
  "corefs" : [ ],
  "typeResolved" : true,
  "userResolved" : false
}