{
  "id" : "558f95f0-50ef-11e9-9b8e-4bc9d96d3dde-19",
  "name" : "WD170-17.txt",
  "createdDate" : 1553732447439,
  "version" : 3,
  "text" : "For and in consideration of the sum of TEN AND NO/lOO ($10.00) DOLLARS, cash in hand paid, and other good and. valuable considerations, the receipt of which is hereby acknowledged, we, W. J. WOOD AND WIFE, LOUISE WOOD, this date have bargained and sold, and by these presents do transfer and convey unto DELMER L. HOLLAND AND WIFE PEGGY J. HOLLAND, their heirs and assigns, a certain tract or parcel of land in the First Civil District of Humphreys County,: State of Tennessee, as follows",
  "docLength" : 0,
  "language" : "EN",
  "status" : "SUBMITTED",
  "modifiedDate" : 1553736545113,
  "documentSet" : [ ],
  "preannotation" : [ ],
  "sentences" : [ {
    "id" : "s0",
    "begin" : 0,
    "end" : 110,
    "text" : "For and in consideration of the sum of TEN AND NO/lOO ($10.00) DOLLARS, cash in hand paid, and other good and.",
    "tokens" : [ {
      "id" : "s0-t0",
      "begin" : 0,
      "end" : 3,
      "text" : "For",
      "whiteSpace" : false
    }, {
      "id" : "s0-t1",
      "begin" : 4,
      "end" : 7,
      "text" : "and",
      "whiteSpace" : false
    }, {
      "id" : "s0-t2",
      "begin" : 8,
      "end" : 10,
      "text" : "in",
      "whiteSpace" : false
    }, {
      "id" : "s0-t3",
      "begin" : 11,
      "end" : 24,
      "text" : "consideration",
      "whiteSpace" : false
    }, {
      "id" : "s0-t4",
      "begin" : 25,
      "end" : 27,
      "text" : "of",
      "whiteSpace" : false
    }, {
      "id" : "s0-t5",
      "begin" : 28,
      "end" : 31,
      "text" : "the",
      "whiteSpace" : false
    }, {
      "id" : "s0-t6",
      "begin" : 32,
      "end" : 35,
      "text" : "sum",
      "whiteSpace" : false
    }, {
      "id" : "s0-t7",
      "begin" : 36,
      "end" : 38,
      "text" : "of",
      "whiteSpace" : false
    }, {
      "id" : "s0-t8",
      "begin" : 39,
      "end" : 42,
      "text" : "TEN",
      "whiteSpace" : false
    }, {
      "id" : "s0-t9",
      "begin" : 43,
      "end" : 46,
      "text" : "AND",
      "whiteSpace" : false
    }, {
      "id" : "s0-t10",
      "begin" : 47,
      "end" : 53,
      "text" : "NO/lOO",
      "whiteSpace" : false
    }, {
      "id" : "s0-t11",
      "begin" : 54,
      "end" : 55,
      "text" : "(",
      "whiteSpace" : false
    }, {
      "id" : "s0-t12",
      "begin" : 55,
      "end" : 56,
      "text" : "$",
      "whiteSpace" : false
    }, {
      "id" : "s0-t13",
      "begin" : 56,
      "end" : 61,
      "text" : "10.00",
      "whiteSpace" : false
    }, {
      "id" : "s0-t14",
      "begin" : 61,
      "end" : 62,
      "text" : ")",
      "whiteSpace" : false
    }, {
      "id" : "s0-t15",
      "begin" : 63,
      "end" : 70,
      "text" : "DOLLARS",
      "whiteSpace" : false
    }, {
      "id" : "s0-t16",
      "begin" : 70,
      "end" : 71,
      "text" : ",",
      "whiteSpace" : false
    }, {
      "id" : "s0-t17",
      "begin" : 72,
      "end" : 76,
      "text" : "cash",
      "whiteSpace" : false
    }, {
      "id" : "s0-t18",
      "begin" : 77,
      "end" : 79,
      "text" : "in",
      "whiteSpace" : false
    }, {
      "id" : "s0-t19",
      "begin" : 80,
      "end" : 84,
      "text" : "hand",
      "whiteSpace" : false
    }, {
      "id" : "s0-t20",
      "begin" : 85,
      "end" : 89,
      "text" : "paid",
      "whiteSpace" : false
    }, {
      "id" : "s0-t21",
      "begin" : 89,
      "end" : 90,
      "text" : ",",
      "whiteSpace" : false
    }, {
      "id" : "s0-t22",
      "begin" : 91,
      "end" : 94,
      "text" : "and",
      "whiteSpace" : false
    }, {
      "id" : "s0-t23",
      "begin" : 95,
      "end" : 100,
      "text" : "other",
      "whiteSpace" : false
    }, {
      "id" : "s0-t24",
      "begin" : 101,
      "end" : 105,
      "text" : "good",
      "whiteSpace" : false
    }, {
      "id" : "s0-t25",
      "begin" : 106,
      "end" : 109,
      "text" : "and",
      "whiteSpace" : false
    }, {
      "id" : "s0-t26",
      "begin" : 109,
      "end" : 110,
      "text" : ".",
      "whiteSpace" : false
    } ]
  }, {
    "id" : "s1",
    "begin" : 111,
    "end" : 488,
    "text" : "valuable considerations, the receipt of which is hereby acknowledged, we, W. J. WOOD AND WIFE, LOUISE WOOD, this date have bargained and sold, and by these presents do transfer and convey unto DELMER L. HOLLAND AND WIFE PEGGY J. HOLLAND, their heirs and assigns, a certain tract or parcel of land in the First Civil District of Humphreys County,: State of Tennessee, as follows",
    "tokens" : [ {
      "id" : "s1-t0",
      "begin" : 111,
      "end" : 119,
      "text" : "valuable",
      "whiteSpace" : false
    }, {
      "id" : "s1-t1",
      "begin" : 120,
      "end" : 134,
      "text" : "considerations",
      "whiteSpace" : false
    }, {
      "id" : "s1-t2",
      "begin" : 134,
      "end" : 135,
      "text" : ",",
      "whiteSpace" : false
    }, {
      "id" : "s1-t3",
      "begin" : 136,
      "end" : 139,
      "text" : "the",
      "whiteSpace" : false
    }, {
      "id" : "s1-t4",
      "begin" : 140,
      "end" : 147,
      "text" : "receipt",
      "whiteSpace" : false
    }, {
      "id" : "s1-t5",
      "begin" : 148,
      "end" : 150,
      "text" : "of",
      "whiteSpace" : false
    }, {
      "id" : "s1-t6",
      "begin" : 151,
      "end" : 156,
      "text" : "which",
      "whiteSpace" : false
    }, {
      "id" : "s1-t7",
      "begin" : 157,
      "end" : 159,
      "text" : "is",
      "whiteSpace" : false
    }, {
      "id" : "s1-t8",
      "begin" : 160,
      "end" : 166,
      "text" : "hereby",
      "whiteSpace" : false
    }, {
      "id" : "s1-t9",
      "begin" : 167,
      "end" : 179,
      "text" : "acknowledged",
      "whiteSpace" : false
    }, {
      "id" : "s1-t10",
      "begin" : 179,
      "end" : 180,
      "text" : ",",
      "whiteSpace" : false
    }, {
      "id" : "s1-t11",
      "begin" : 181,
      "end" : 183,
      "text" : "we",
      "whiteSpace" : false
    }, {
      "id" : "s1-t12",
      "begin" : 183,
      "end" : 184,
      "text" : ",",
      "whiteSpace" : false
    }, {
      "id" : "s1-t13",
      "begin" : 185,
      "end" : 187,
      "text" : "W.",
      "whiteSpace" : false
    }, {
      "id" : "s1-t14",
      "begin" : 188,
      "end" : 190,
      "text" : "J.",
      "whiteSpace" : false
    }, {
      "id" : "s1-t15",
      "begin" : 191,
      "end" : 195,
      "text" : "WOOD",
      "whiteSpace" : false
    }, {
      "id" : "s1-t16",
      "begin" : 196,
      "end" : 199,
      "text" : "AND",
      "whiteSpace" : false
    }, {
      "id" : "s1-t17",
      "begin" : 200,
      "end" : 204,
      "text" : "WIFE",
      "whiteSpace" : false
    }, {
      "id" : "s1-t18",
      "begin" : 204,
      "end" : 205,
      "text" : ",",
      "whiteSpace" : false
    }, {
      "id" : "s1-t19",
      "begin" : 206,
      "end" : 212,
      "text" : "LOUISE",
      "whiteSpace" : false
    }, {
      "id" : "s1-t20",
      "begin" : 213,
      "end" : 217,
      "text" : "WOOD",
      "whiteSpace" : false
    }, {
      "id" : "s1-t21",
      "begin" : 217,
      "end" : 218,
      "text" : ",",
      "whiteSpace" : false
    }, {
      "id" : "s1-t22",
      "begin" : 219,
      "end" : 223,
      "text" : "this",
      "whiteSpace" : false
    }, {
      "id" : "s1-t23",
      "begin" : 224,
      "end" : 228,
      "text" : "date",
      "whiteSpace" : false
    }, {
      "id" : "s1-t24",
      "begin" : 229,
      "end" : 233,
      "text" : "have",
      "whiteSpace" : false
    }, {
      "id" : "s1-t25",
      "begin" : 234,
      "end" : 243,
      "text" : "bargained",
      "whiteSpace" : false
    }, {
      "id" : "s1-t26",
      "begin" : 244,
      "end" : 247,
      "text" : "and",
      "whiteSpace" : false
    }, {
      "id" : "s1-t27",
      "begin" : 248,
      "end" : 252,
      "text" : "sold",
      "whiteSpace" : false
    }, {
      "id" : "s1-t28",
      "begin" : 252,
      "end" : 253,
      "text" : ",",
      "whiteSpace" : false
    }, {
      "id" : "s1-t29",
      "begin" : 254,
      "end" : 257,
      "text" : "and",
      "whiteSpace" : false
    }, {
      "id" : "s1-t30",
      "begin" : 258,
      "end" : 260,
      "text" : "by",
      "whiteSpace" : false
    }, {
      "id" : "s1-t31",
      "begin" : 261,
      "end" : 266,
      "text" : "these",
      "whiteSpace" : false
    }, {
      "id" : "s1-t32",
      "begin" : 267,
      "end" : 275,
      "text" : "presents",
      "whiteSpace" : false
    }, {
      "id" : "s1-t33",
      "begin" : 276,
      "end" : 278,
      "text" : "do",
      "whiteSpace" : false
    }, {
      "id" : "s1-t34",
      "begin" : 279,
      "end" : 287,
      "text" : "transfer",
      "whiteSpace" : false
    }, {
      "id" : "s1-t35",
      "begin" : 288,
      "end" : 291,
      "text" : "and",
      "whiteSpace" : false
    }, {
      "id" : "s1-t36",
      "begin" : 292,
      "end" : 298,
      "text" : "convey",
      "whiteSpace" : false
    }, {
      "id" : "s1-t37",
      "begin" : 299,
      "end" : 303,
      "text" : "unto",
      "whiteSpace" : false
    }, {
      "id" : "s1-t38",
      "begin" : 304,
      "end" : 310,
      "text" : "DELMER",
      "whiteSpace" : false
    }, {
      "id" : "s1-t39",
      "begin" : 311,
      "end" : 313,
      "text" : "L.",
      "whiteSpace" : false
    }, {
      "id" : "s1-t40",
      "begin" : 314,
      "end" : 321,
      "text" : "HOLLAND",
      "whiteSpace" : false
    }, {
      "id" : "s1-t41",
      "begin" : 322,
      "end" : 325,
      "text" : "AND",
      "whiteSpace" : false
    }, {
      "id" : "s1-t42",
      "begin" : 326,
      "end" : 330,
      "text" : "WIFE",
      "whiteSpace" : false
    }, {
      "id" : "s1-t43",
      "begin" : 331,
      "end" : 336,
      "text" : "PEGGY",
      "whiteSpace" : false
    }, {
      "id" : "s1-t44",
      "begin" : 337,
      "end" : 339,
      "text" : "J.",
      "whiteSpace" : false
    }, {
      "id" : "s1-t45",
      "begin" : 340,
      "end" : 347,
      "text" : "HOLLAND",
      "whiteSpace" : false
    }, {
      "id" : "s1-t46",
      "begin" : 347,
      "end" : 348,
      "text" : ",",
      "whiteSpace" : false
    }, {
      "id" : "s1-t47",
      "begin" : 349,
      "end" : 354,
      "text" : "their",
      "whiteSpace" : false
    }, {
      "id" : "s1-t48",
      "begin" : 355,
      "end" : 360,
      "text" : "heirs",
      "whiteSpace" : false
    }, {
      "id" : "s1-t49",
      "begin" : 361,
      "end" : 364,
      "text" : "and",
      "whiteSpace" : false
    }, {
      "id" : "s1-t50",
      "begin" : 365,
      "end" : 372,
      "text" : "assigns",
      "whiteSpace" : false
    }, {
      "id" : "s1-t51",
      "begin" : 372,
      "end" : 373,
      "text" : ",",
      "whiteSpace" : false
    }, {
      "id" : "s1-t52",
      "begin" : 374,
      "end" : 375,
      "text" : "a",
      "whiteSpace" : false
    }, {
      "id" : "s1-t53",
      "begin" : 376,
      "end" : 383,
      "text" : "certain",
      "whiteSpace" : false
    }, {
      "id" : "s1-t54",
      "begin" : 384,
      "end" : 389,
      "text" : "tract",
      "whiteSpace" : false
    }, {
      "id" : "s1-t55",
      "begin" : 390,
      "end" : 392,
      "text" : "or",
      "whiteSpace" : false
    }, {
      "id" : "s1-t56",
      "begin" : 393,
      "end" : 399,
      "text" : "parcel",
      "whiteSpace" : false
    }, {
      "id" : "s1-t57",
      "begin" : 400,
      "end" : 402,
      "text" : "of",
      "whiteSpace" : false
    }, {
      "id" : "s1-t58",
      "begin" : 403,
      "end" : 407,
      "text" : "land",
      "whiteSpace" : false
    }, {
      "id" : "s1-t59",
      "begin" : 408,
      "end" : 410,
      "text" : "in",
      "whiteSpace" : false
    }, {
      "id" : "s1-t60",
      "begin" : 411,
      "end" : 414,
      "text" : "the",
      "whiteSpace" : false
    }, {
      "id" : "s1-t61",
      "begin" : 415,
      "end" : 420,
      "text" : "First",
      "whiteSpace" : false
    }, {
      "id" : "s1-t62",
      "begin" : 421,
      "end" : 426,
      "text" : "Civil",
      "whiteSpace" : false
    }, {
      "id" : "s1-t63",
      "begin" : 427,
      "end" : 435,
      "text" : "District",
      "whiteSpace" : false
    }, {
      "id" : "s1-t64",
      "begin" : 436,
      "end" : 438,
      "text" : "of",
      "whiteSpace" : false
    }, {
      "id" : "s1-t65",
      "begin" : 439,
      "end" : 448,
      "text" : "Humphreys",
      "whiteSpace" : false
    }, {
      "id" : "s1-t66",
      "begin" : 449,
      "end" : 455,
      "text" : "County",
      "whiteSpace" : false
    }, {
      "id" : "s1-t67",
      "begin" : 455,
      "end" : 456,
      "text" : ",",
      "whiteSpace" : false
    }, {
      "id" : "s1-t68",
      "begin" : 456,
      "end" : 457,
      "text" : ":",
      "whiteSpace" : false
    }, {
      "id" : "s1-t69",
      "begin" : 458,
      "end" : 463,
      "text" : "State",
      "whiteSpace" : false
    }, {
      "id" : "s1-t70",
      "begin" : 464,
      "end" : 466,
      "text" : "of",
      "whiteSpace" : false
    }, {
      "id" : "s1-t71",
      "begin" : 467,
      "end" : 476,
      "text" : "Tennessee",
      "whiteSpace" : false
    }, {
      "id" : "s1-t72",
      "begin" : 476,
      "end" : 477,
      "text" : ",",
      "whiteSpace" : false
    }, {
      "id" : "s1-t73",
      "begin" : 478,
      "end" : 480,
      "text" : "as",
      "whiteSpace" : false
    }, {
      "id" : "s1-t74",
      "begin" : 481,
      "end" : 488,
      "text" : "follows",
      "whiteSpace" : false
    } ]
  } ],
  "mentions" : [ {
    "id" : "s1-m1",
    "properties" : {
      "SIRE_MENTION_ROLE" : "Grantor",
      "SIRE_ENTITY_SUBTYPE" : "NONE",
      "SIRE_MENTION_TYPE" : "NONE",
      "SIRE_MENTION_CLASS" : "SPC"
    },
    "type" : "Grantor",
    "begin" : 185,
    "end" : 195,
    "inCoref" : false
  }, {
    "id" : "s1-m2",
    "properties" : {
      "SIRE_MENTION_ROLE" : "Grantor",
      "SIRE_ENTITY_SUBTYPE" : "NONE",
      "SIRE_MENTION_TYPE" : "NONE",
      "SIRE_MENTION_CLASS" : "SPC"
    },
    "type" : "Grantor",
    "begin" : 206,
    "end" : 217,
    "inCoref" : false
  }, {
    "id" : "s1-m3",
    "properties" : {
      "SIRE_MENTION_ROLE" : "Grantee",
      "SIRE_ENTITY_SUBTYPE" : "NONE",
      "SIRE_MENTION_TYPE" : "NONE",
      "SIRE_MENTION_CLASS" : "SPC"
    },
    "type" : "Grantee",
    "begin" : 304,
    "end" : 321,
    "inCoref" : false
  }, {
    "id" : "s1-m4",
    "properties" : {
      "SIRE_MENTION_ROLE" : "Grantee",
      "SIRE_ENTITY_SUBTYPE" : "NONE",
      "SIRE_MENTION_TYPE" : "NONE",
      "SIRE_MENTION_CLASS" : "SPC"
    },
    "type" : "Grantee",
    "begin" : 331,
    "end" : 347,
    "inCoref" : false
  } ],
  "relations" : [ ],
  "corefs" : [ ],
  "typeResolved" : true,
  "userResolved" : false
}