{
  "id" : "558f95f0-50ef-11e9-9b8e-4bc9d96d3dde-12",
  "name" : "WD169-10.txt",
  "createdDate" : 1553732447439,
  "version" : 3,
  "text" : "WARRANTY DEED FOR AND IN CONSIDERATION of the sum of Ten and No/ 100 Dollars ($10.00) cash in hand paid, and other good and valuable consideration, the receipt and suf???ciency of which are hereby acknowledged, we, William W. Cunningham, Jr. and wife, Eloise J. Cunningham, have bargained and sold, and by these presents do transfer and convey unto Charles R. Lashlee and wife, Lisa G. Lashlee, their heirs and assigns, the real property being described in Exhibit A, which is attached hereto and incorporated herein by reference. ",
  "docLength" : 0,
  "language" : "EN",
  "status" : "SUBMITTED",
  "modifiedDate" : 1553736461119,
  "documentSet" : [ ],
  "preannotation" : [ ],
  "sentences" : [ {
    "id" : "s0",
    "begin" : 0,
    "end" : 168,
    "text" : "WARRANTY DEED FOR AND IN CONSIDERATION of the sum of Ten and No/ 100 Dollars ($10.00) cash in hand paid, and other good and valuable consideration, the receipt and suf?",
    "tokens" : [ {
      "id" : "s0-t0",
      "begin" : 0,
      "end" : 8,
      "text" : "WARRANTY",
      "whiteSpace" : false
    }, {
      "id" : "s0-t1",
      "begin" : 9,
      "end" : 13,
      "text" : "DEED",
      "whiteSpace" : false
    }, {
      "id" : "s0-t2",
      "begin" : 14,
      "end" : 17,
      "text" : "FOR",
      "whiteSpace" : false
    }, {
      "id" : "s0-t3",
      "begin" : 18,
      "end" : 21,
      "text" : "AND",
      "whiteSpace" : false
    }, {
      "id" : "s0-t4",
      "begin" : 22,
      "end" : 24,
      "text" : "IN",
      "whiteSpace" : false
    }, {
      "id" : "s0-t5",
      "begin" : 25,
      "end" : 38,
      "text" : "CONSIDERATION",
      "whiteSpace" : false
    }, {
      "id" : "s0-t6",
      "begin" : 39,
      "end" : 41,
      "text" : "of",
      "whiteSpace" : false
    }, {
      "id" : "s0-t7",
      "begin" : 42,
      "end" : 45,
      "text" : "the",
      "whiteSpace" : false
    }, {
      "id" : "s0-t8",
      "begin" : 46,
      "end" : 49,
      "text" : "sum",
      "whiteSpace" : false
    }, {
      "id" : "s0-t9",
      "begin" : 50,
      "end" : 52,
      "text" : "of",
      "whiteSpace" : false
    }, {
      "id" : "s0-t10",
      "begin" : 53,
      "end" : 56,
      "text" : "Ten",
      "whiteSpace" : false
    }, {
      "id" : "s0-t11",
      "begin" : 57,
      "end" : 60,
      "text" : "and",
      "whiteSpace" : false
    }, {
      "id" : "s0-t12",
      "begin" : 61,
      "end" : 64,
      "text" : "No/",
      "whiteSpace" : false
    }, {
      "id" : "s0-t13",
      "begin" : 65,
      "end" : 68,
      "text" : "100",
      "whiteSpace" : false
    }, {
      "id" : "s0-t14",
      "begin" : 69,
      "end" : 76,
      "text" : "Dollars",
      "whiteSpace" : false
    }, {
      "id" : "s0-t15",
      "begin" : 77,
      "end" : 78,
      "text" : "(",
      "whiteSpace" : false
    }, {
      "id" : "s0-t16",
      "begin" : 78,
      "end" : 79,
      "text" : "$",
      "whiteSpace" : false
    }, {
      "id" : "s0-t17",
      "begin" : 79,
      "end" : 84,
      "text" : "10.00",
      "whiteSpace" : false
    }, {
      "id" : "s0-t18",
      "begin" : 84,
      "end" : 85,
      "text" : ")",
      "whiteSpace" : false
    }, {
      "id" : "s0-t19",
      "begin" : 86,
      "end" : 90,
      "text" : "cash",
      "whiteSpace" : false
    }, {
      "id" : "s0-t20",
      "begin" : 91,
      "end" : 93,
      "text" : "in",
      "whiteSpace" : false
    }, {
      "id" : "s0-t21",
      "begin" : 94,
      "end" : 98,
      "text" : "hand",
      "whiteSpace" : false
    }, {
      "id" : "s0-t22",
      "begin" : 99,
      "end" : 103,
      "text" : "paid",
      "whiteSpace" : false
    }, {
      "id" : "s0-t23",
      "begin" : 103,
      "end" : 104,
      "text" : ",",
      "whiteSpace" : false
    }, {
      "id" : "s0-t24",
      "begin" : 105,
      "end" : 108,
      "text" : "and",
      "whiteSpace" : false
    }, {
      "id" : "s0-t25",
      "begin" : 109,
      "end" : 114,
      "text" : "other",
      "whiteSpace" : false
    }, {
      "id" : "s0-t26",
      "begin" : 115,
      "end" : 119,
      "text" : "good",
      "whiteSpace" : false
    }, {
      "id" : "s0-t27",
      "begin" : 120,
      "end" : 123,
      "text" : "and",
      "whiteSpace" : false
    }, {
      "id" : "s0-t28",
      "begin" : 124,
      "end" : 132,
      "text" : "valuable",
      "whiteSpace" : false
    }, {
      "id" : "s0-t29",
      "begin" : 133,
      "end" : 146,
      "text" : "consideration",
      "whiteSpace" : false
    }, {
      "id" : "s0-t30",
      "begin" : 146,
      "end" : 147,
      "text" : ",",
      "whiteSpace" : false
    }, {
      "id" : "s0-t31",
      "begin" : 148,
      "end" : 151,
      "text" : "the",
      "whiteSpace" : false
    }, {
      "id" : "s0-t32",
      "begin" : 152,
      "end" : 159,
      "text" : "receipt",
      "whiteSpace" : false
    }, {
      "id" : "s0-t33",
      "begin" : 160,
      "end" : 163,
      "text" : "and",
      "whiteSpace" : false
    }, {
      "id" : "s0-t34",
      "begin" : 164,
      "end" : 167,
      "text" : "suf",
      "whiteSpace" : false
    }, {
      "id" : "s0-t35",
      "begin" : 167,
      "end" : 168,
      "text" : "?",
      "whiteSpace" : false
    } ]
  }, {
    "id" : "s1",
    "begin" : 168,
    "end" : 530,
    "text" : "??ciency of which are hereby acknowledged, we, William W. Cunningham, Jr. and wife, Eloise J. Cunningham, have bargained and sold, and by these presents do transfer and convey unto Charles R. Lashlee and wife, Lisa G. Lashlee, their heirs and assigns, the real property being described in Exhibit A, which is attached hereto and incorporated herein by reference.",
    "tokens" : [ {
      "id" : "s1-t0",
      "begin" : 168,
      "end" : 176,
      "text" : "??ciency",
      "whiteSpace" : false
    }, {
      "id" : "s1-t1",
      "begin" : 177,
      "end" : 179,
      "text" : "of",
      "whiteSpace" : false
    }, {
      "id" : "s1-t2",
      "begin" : 180,
      "end" : 185,
      "text" : "which",
      "whiteSpace" : false
    }, {
      "id" : "s1-t3",
      "begin" : 186,
      "end" : 189,
      "text" : "are",
      "whiteSpace" : false
    }, {
      "id" : "s1-t4",
      "begin" : 190,
      "end" : 196,
      "text" : "hereby",
      "whiteSpace" : false
    }, {
      "id" : "s1-t5",
      "begin" : 197,
      "end" : 209,
      "text" : "acknowledged",
      "whiteSpace" : false
    }, {
      "id" : "s1-t6",
      "begin" : 209,
      "end" : 210,
      "text" : ",",
      "whiteSpace" : false
    }, {
      "id" : "s1-t7",
      "begin" : 211,
      "end" : 213,
      "text" : "we",
      "whiteSpace" : false
    }, {
      "id" : "s1-t8",
      "begin" : 213,
      "end" : 214,
      "text" : ",",
      "whiteSpace" : false
    }, {
      "id" : "s1-t9",
      "begin" : 215,
      "end" : 222,
      "text" : "William",
      "whiteSpace" : false
    }, {
      "id" : "s1-t10",
      "begin" : 223,
      "end" : 225,
      "text" : "W.",
      "whiteSpace" : false
    }, {
      "id" : "s1-t11",
      "begin" : 226,
      "end" : 236,
      "text" : "Cunningham",
      "whiteSpace" : false
    }, {
      "id" : "s1-t12",
      "begin" : 236,
      "end" : 237,
      "text" : ",",
      "whiteSpace" : false
    }, {
      "id" : "s1-t13",
      "begin" : 238,
      "end" : 241,
      "text" : "Jr.",
      "whiteSpace" : false
    }, {
      "id" : "s1-t14",
      "begin" : 242,
      "end" : 245,
      "text" : "and",
      "whiteSpace" : false
    }, {
      "id" : "s1-t15",
      "begin" : 246,
      "end" : 250,
      "text" : "wife",
      "whiteSpace" : false
    }, {
      "id" : "s1-t16",
      "begin" : 250,
      "end" : 251,
      "text" : ",",
      "whiteSpace" : false
    }, {
      "id" : "s1-t17",
      "begin" : 252,
      "end" : 258,
      "text" : "Eloise",
      "whiteSpace" : false
    }, {
      "id" : "s1-t18",
      "begin" : 259,
      "end" : 261,
      "text" : "J.",
      "whiteSpace" : false
    }, {
      "id" : "s1-t19",
      "begin" : 262,
      "end" : 272,
      "text" : "Cunningham",
      "whiteSpace" : false
    }, {
      "id" : "s1-t20",
      "begin" : 272,
      "end" : 273,
      "text" : ",",
      "whiteSpace" : false
    }, {
      "id" : "s1-t21",
      "begin" : 274,
      "end" : 278,
      "text" : "have",
      "whiteSpace" : false
    }, {
      "id" : "s1-t22",
      "begin" : 279,
      "end" : 288,
      "text" : "bargained",
      "whiteSpace" : false
    }, {
      "id" : "s1-t23",
      "begin" : 289,
      "end" : 292,
      "text" : "and",
      "whiteSpace" : false
    }, {
      "id" : "s1-t24",
      "begin" : 293,
      "end" : 297,
      "text" : "sold",
      "whiteSpace" : false
    }, {
      "id" : "s1-t25",
      "begin" : 297,
      "end" : 298,
      "text" : ",",
      "whiteSpace" : false
    }, {
      "id" : "s1-t26",
      "begin" : 299,
      "end" : 302,
      "text" : "and",
      "whiteSpace" : false
    }, {
      "id" : "s1-t27",
      "begin" : 303,
      "end" : 305,
      "text" : "by",
      "whiteSpace" : false
    }, {
      "id" : "s1-t28",
      "begin" : 306,
      "end" : 311,
      "text" : "these",
      "whiteSpace" : false
    }, {
      "id" : "s1-t29",
      "begin" : 312,
      "end" : 320,
      "text" : "presents",
      "whiteSpace" : false
    }, {
      "id" : "s1-t30",
      "begin" : 321,
      "end" : 323,
      "text" : "do",
      "whiteSpace" : false
    }, {
      "id" : "s1-t31",
      "begin" : 324,
      "end" : 332,
      "text" : "transfer",
      "whiteSpace" : false
    }, {
      "id" : "s1-t32",
      "begin" : 333,
      "end" : 336,
      "text" : "and",
      "whiteSpace" : false
    }, {
      "id" : "s1-t33",
      "begin" : 337,
      "end" : 343,
      "text" : "convey",
      "whiteSpace" : false
    }, {
      "id" : "s1-t34",
      "begin" : 344,
      "end" : 348,
      "text" : "unto",
      "whiteSpace" : false
    }, {
      "id" : "s1-t35",
      "begin" : 349,
      "end" : 356,
      "text" : "Charles",
      "whiteSpace" : false
    }, {
      "id" : "s1-t36",
      "begin" : 357,
      "end" : 359,
      "text" : "R.",
      "whiteSpace" : false
    }, {
      "id" : "s1-t37",
      "begin" : 360,
      "end" : 367,
      "text" : "Lashlee",
      "whiteSpace" : false
    }, {
      "id" : "s1-t38",
      "begin" : 368,
      "end" : 371,
      "text" : "and",
      "whiteSpace" : false
    }, {
      "id" : "s1-t39",
      "begin" : 372,
      "end" : 376,
      "text" : "wife",
      "whiteSpace" : false
    }, {
      "id" : "s1-t40",
      "begin" : 376,
      "end" : 377,
      "text" : ",",
      "whiteSpace" : false
    }, {
      "id" : "s1-t41",
      "begin" : 378,
      "end" : 382,
      "text" : "Lisa",
      "whiteSpace" : false
    }, {
      "id" : "s1-t42",
      "begin" : 383,
      "end" : 385,
      "text" : "G.",
      "whiteSpace" : false
    }, {
      "id" : "s1-t43",
      "begin" : 386,
      "end" : 393,
      "text" : "Lashlee",
      "whiteSpace" : false
    }, {
      "id" : "s1-t44",
      "begin" : 393,
      "end" : 394,
      "text" : ",",
      "whiteSpace" : false
    }, {
      "id" : "s1-t45",
      "begin" : 395,
      "end" : 400,
      "text" : "their",
      "whiteSpace" : false
    }, {
      "id" : "s1-t46",
      "begin" : 401,
      "end" : 406,
      "text" : "heirs",
      "whiteSpace" : false
    }, {
      "id" : "s1-t47",
      "begin" : 407,
      "end" : 410,
      "text" : "and",
      "whiteSpace" : false
    }, {
      "id" : "s1-t48",
      "begin" : 411,
      "end" : 418,
      "text" : "assigns",
      "whiteSpace" : false
    }, {
      "id" : "s1-t49",
      "begin" : 418,
      "end" : 419,
      "text" : ",",
      "whiteSpace" : false
    }, {
      "id" : "s1-t50",
      "begin" : 420,
      "end" : 423,
      "text" : "the",
      "whiteSpace" : false
    }, {
      "id" : "s1-t51",
      "begin" : 424,
      "end" : 428,
      "text" : "real",
      "whiteSpace" : false
    }, {
      "id" : "s1-t52",
      "begin" : 429,
      "end" : 437,
      "text" : "property",
      "whiteSpace" : false
    }, {
      "id" : "s1-t53",
      "begin" : 438,
      "end" : 443,
      "text" : "being",
      "whiteSpace" : false
    }, {
      "id" : "s1-t54",
      "begin" : 444,
      "end" : 453,
      "text" : "described",
      "whiteSpace" : false
    }, {
      "id" : "s1-t55",
      "begin" : 454,
      "end" : 456,
      "text" : "in",
      "whiteSpace" : false
    }, {
      "id" : "s1-t56",
      "begin" : 457,
      "end" : 464,
      "text" : "Exhibit",
      "whiteSpace" : false
    }, {
      "id" : "s1-t57",
      "begin" : 465,
      "end" : 466,
      "text" : "A",
      "whiteSpace" : false
    }, {
      "id" : "s1-t58",
      "begin" : 466,
      "end" : 467,
      "text" : ",",
      "whiteSpace" : false
    }, {
      "id" : "s1-t59",
      "begin" : 468,
      "end" : 473,
      "text" : "which",
      "whiteSpace" : false
    }, {
      "id" : "s1-t60",
      "begin" : 474,
      "end" : 476,
      "text" : "is",
      "whiteSpace" : false
    }, {
      "id" : "s1-t61",
      "begin" : 477,
      "end" : 485,
      "text" : "attached",
      "whiteSpace" : false
    }, {
      "id" : "s1-t62",
      "begin" : 486,
      "end" : 492,
      "text" : "hereto",
      "whiteSpace" : false
    }, {
      "id" : "s1-t63",
      "begin" : 493,
      "end" : 496,
      "text" : "and",
      "whiteSpace" : false
    }, {
      "id" : "s1-t64",
      "begin" : 497,
      "end" : 509,
      "text" : "incorporated",
      "whiteSpace" : false
    }, {
      "id" : "s1-t65",
      "begin" : 510,
      "end" : 516,
      "text" : "herein",
      "whiteSpace" : false
    }, {
      "id" : "s1-t66",
      "begin" : 517,
      "end" : 519,
      "text" : "by",
      "whiteSpace" : false
    }, {
      "id" : "s1-t67",
      "begin" : 520,
      "end" : 529,
      "text" : "reference",
      "whiteSpace" : false
    }, {
      "id" : "s1-t68",
      "begin" : 529,
      "end" : 530,
      "text" : ".",
      "whiteSpace" : false
    } ]
  } ],
  "mentions" : [ {
    "id" : "s1-m2",
    "properties" : {
      "SIRE_MENTION_ROLE" : "Grantor",
      "SIRE_ENTITY_SUBTYPE" : "NONE",
      "SIRE_MENTION_TYPE" : "NONE",
      "SIRE_MENTION_CLASS" : "SPC"
    },
    "type" : "Grantor",
    "begin" : 215,
    "end" : 241,
    "inCoref" : false
  }, {
    "id" : "s1-m3",
    "properties" : {
      "SIRE_MENTION_ROLE" : "Grantor",
      "SIRE_ENTITY_SUBTYPE" : "NONE",
      "SIRE_MENTION_TYPE" : "NONE",
      "SIRE_MENTION_CLASS" : "SPC"
    },
    "type" : "Grantor",
    "begin" : 252,
    "end" : 272,
    "inCoref" : false
  }, {
    "id" : "s1-m4",
    "properties" : {
      "SIRE_MENTION_ROLE" : "Grantee",
      "SIRE_ENTITY_SUBTYPE" : "NONE",
      "SIRE_MENTION_TYPE" : "NONE",
      "SIRE_MENTION_CLASS" : "SPC"
    },
    "type" : "Grantee",
    "begin" : 349,
    "end" : 367,
    "inCoref" : false
  }, {
    "id" : "s1-m5",
    "properties" : {
      "SIRE_MENTION_ROLE" : "Grantee",
      "SIRE_ENTITY_SUBTYPE" : "NONE",
      "SIRE_MENTION_TYPE" : "NONE",
      "SIRE_MENTION_CLASS" : "SPC"
    },
    "type" : "Grantee",
    "begin" : 378,
    "end" : 393,
    "inCoref" : false
  } ],
  "relations" : [ ],
  "corefs" : [ ],
  "typeResolved" : true,
  "userResolved" : false
}