{
  "id" : "558f95f0-50ef-11e9-9b8e-4bc9d96d3dde-18",
  "name" : "WD170-14.txt",
  "createdDate" : 1553732447439,
  "version" : 3,
  "text" : "WARRANTY DEED FOR AW IN CONSIDERATION of the sum of Ten and No/lOO ($10.00) Dollars, cash in hand paid by HATCHCO, INC. and other good and valuable considerations, the receipt and suf???ciency of all of which are hereby acknowledged, I, DARLENE HATCHER, this date have bargained and sold and by these presents do transfer and convey unto HATCHCO, INC., its successors and assigns, a certain tract or parcel of land in the Fifth Civil District of Humphreys County, Tennessee, as follows",
  "docLength" : 0,
  "language" : "EN",
  "status" : "SUBMITTED",
  "modifiedDate" : 1553736532434,
  "documentSet" : [ ],
  "preannotation" : [ ],
  "sentences" : [ {
    "id" : "s0",
    "begin" : 0,
    "end" : 184,
    "text" : "WARRANTY DEED FOR AW IN CONSIDERATION of the sum of Ten and No/lOO ($10.00) Dollars, cash in hand paid by HATCHCO, INC. and other good and valuable considerations, the receipt and suf?",
    "tokens" : [ {
      "id" : "s0-t0",
      "begin" : 0,
      "end" : 8,
      "text" : "WARRANTY",
      "whiteSpace" : false
    }, {
      "id" : "s0-t1",
      "begin" : 9,
      "end" : 13,
      "text" : "DEED",
      "whiteSpace" : false
    }, {
      "id" : "s0-t2",
      "begin" : 14,
      "end" : 17,
      "text" : "FOR",
      "whiteSpace" : false
    }, {
      "id" : "s0-t3",
      "begin" : 18,
      "end" : 20,
      "text" : "AW",
      "whiteSpace" : false
    }, {
      "id" : "s0-t4",
      "begin" : 21,
      "end" : 23,
      "text" : "IN",
      "whiteSpace" : false
    }, {
      "id" : "s0-t5",
      "begin" : 24,
      "end" : 37,
      "text" : "CONSIDERATION",
      "whiteSpace" : false
    }, {
      "id" : "s0-t6",
      "begin" : 38,
      "end" : 40,
      "text" : "of",
      "whiteSpace" : false
    }, {
      "id" : "s0-t7",
      "begin" : 41,
      "end" : 44,
      "text" : "the",
      "whiteSpace" : false
    }, {
      "id" : "s0-t8",
      "begin" : 45,
      "end" : 48,
      "text" : "sum",
      "whiteSpace" : false
    }, {
      "id" : "s0-t9",
      "begin" : 49,
      "end" : 51,
      "text" : "of",
      "whiteSpace" : false
    }, {
      "id" : "s0-t10",
      "begin" : 52,
      "end" : 55,
      "text" : "Ten",
      "whiteSpace" : false
    }, {
      "id" : "s0-t11",
      "begin" : 56,
      "end" : 59,
      "text" : "and",
      "whiteSpace" : false
    }, {
      "id" : "s0-t12",
      "begin" : 60,
      "end" : 66,
      "text" : "No/lOO",
      "whiteSpace" : false
    }, {
      "id" : "s0-t13",
      "begin" : 67,
      "end" : 68,
      "text" : "(",
      "whiteSpace" : false
    }, {
      "id" : "s0-t14",
      "begin" : 68,
      "end" : 69,
      "text" : "$",
      "whiteSpace" : false
    }, {
      "id" : "s0-t15",
      "begin" : 69,
      "end" : 74,
      "text" : "10.00",
      "whiteSpace" : false
    }, {
      "id" : "s0-t16",
      "begin" : 74,
      "end" : 75,
      "text" : ")",
      "whiteSpace" : false
    }, {
      "id" : "s0-t17",
      "begin" : 76,
      "end" : 83,
      "text" : "Dollars",
      "whiteSpace" : false
    }, {
      "id" : "s0-t18",
      "begin" : 83,
      "end" : 84,
      "text" : ",",
      "whiteSpace" : false
    }, {
      "id" : "s0-t19",
      "begin" : 85,
      "end" : 89,
      "text" : "cash",
      "whiteSpace" : false
    }, {
      "id" : "s0-t20",
      "begin" : 90,
      "end" : 92,
      "text" : "in",
      "whiteSpace" : false
    }, {
      "id" : "s0-t21",
      "begin" : 93,
      "end" : 97,
      "text" : "hand",
      "whiteSpace" : false
    }, {
      "id" : "s0-t22",
      "begin" : 98,
      "end" : 102,
      "text" : "paid",
      "whiteSpace" : false
    }, {
      "id" : "s0-t23",
      "begin" : 103,
      "end" : 105,
      "text" : "by",
      "whiteSpace" : false
    }, {
      "id" : "s0-t24",
      "begin" : 106,
      "end" : 113,
      "text" : "HATCHCO",
      "whiteSpace" : false
    }, {
      "id" : "s0-t25",
      "begin" : 113,
      "end" : 114,
      "text" : ",",
      "whiteSpace" : false
    }, {
      "id" : "s0-t26",
      "begin" : 115,
      "end" : 119,
      "text" : "INC.",
      "whiteSpace" : false
    }, {
      "id" : "s0-t27",
      "begin" : 120,
      "end" : 123,
      "text" : "and",
      "whiteSpace" : false
    }, {
      "id" : "s0-t28",
      "begin" : 124,
      "end" : 129,
      "text" : "other",
      "whiteSpace" : false
    }, {
      "id" : "s0-t29",
      "begin" : 130,
      "end" : 134,
      "text" : "good",
      "whiteSpace" : false
    }, {
      "id" : "s0-t30",
      "begin" : 135,
      "end" : 138,
      "text" : "and",
      "whiteSpace" : false
    }, {
      "id" : "s0-t31",
      "begin" : 139,
      "end" : 147,
      "text" : "valuable",
      "whiteSpace" : false
    }, {
      "id" : "s0-t32",
      "begin" : 148,
      "end" : 162,
      "text" : "considerations",
      "whiteSpace" : false
    }, {
      "id" : "s0-t33",
      "begin" : 162,
      "end" : 163,
      "text" : ",",
      "whiteSpace" : false
    }, {
      "id" : "s0-t34",
      "begin" : 164,
      "end" : 167,
      "text" : "the",
      "whiteSpace" : false
    }, {
      "id" : "s0-t35",
      "begin" : 168,
      "end" : 175,
      "text" : "receipt",
      "whiteSpace" : false
    }, {
      "id" : "s0-t36",
      "begin" : 176,
      "end" : 179,
      "text" : "and",
      "whiteSpace" : false
    }, {
      "id" : "s0-t37",
      "begin" : 180,
      "end" : 183,
      "text" : "suf",
      "whiteSpace" : false
    }, {
      "id" : "s0-t38",
      "begin" : 183,
      "end" : 184,
      "text" : "?",
      "whiteSpace" : false
    } ]
  }, {
    "id" : "s1",
    "begin" : 184,
    "end" : 485,
    "text" : "??ciency of all of which are hereby acknowledged, I, DARLENE HATCHER, this date have bargained and sold and by these presents do transfer and convey unto HATCHCO, INC., its successors and assigns, a certain tract or parcel of land in the Fifth Civil District of Humphreys County, Tennessee, as follows",
    "tokens" : [ {
      "id" : "s1-t0",
      "begin" : 184,
      "end" : 192,
      "text" : "??ciency",
      "whiteSpace" : false
    }, {
      "id" : "s1-t1",
      "begin" : 193,
      "end" : 195,
      "text" : "of",
      "whiteSpace" : false
    }, {
      "id" : "s1-t2",
      "begin" : 196,
      "end" : 199,
      "text" : "all",
      "whiteSpace" : false
    }, {
      "id" : "s1-t3",
      "begin" : 200,
      "end" : 202,
      "text" : "of",
      "whiteSpace" : false
    }, {
      "id" : "s1-t4",
      "begin" : 203,
      "end" : 208,
      "text" : "which",
      "whiteSpace" : false
    }, {
      "id" : "s1-t5",
      "begin" : 209,
      "end" : 212,
      "text" : "are",
      "whiteSpace" : false
    }, {
      "id" : "s1-t6",
      "begin" : 213,
      "end" : 219,
      "text" : "hereby",
      "whiteSpace" : false
    }, {
      "id" : "s1-t7",
      "begin" : 220,
      "end" : 232,
      "text" : "acknowledged",
      "whiteSpace" : false
    }, {
      "id" : "s1-t8",
      "begin" : 232,
      "end" : 233,
      "text" : ",",
      "whiteSpace" : false
    }, {
      "id" : "s1-t9",
      "begin" : 234,
      "end" : 235,
      "text" : "I",
      "whiteSpace" : false
    }, {
      "id" : "s1-t10",
      "begin" : 235,
      "end" : 236,
      "text" : ",",
      "whiteSpace" : false
    }, {
      "id" : "s1-t11",
      "begin" : 237,
      "end" : 244,
      "text" : "DARLENE",
      "whiteSpace" : false
    }, {
      "id" : "s1-t12",
      "begin" : 245,
      "end" : 252,
      "text" : "HATCHER",
      "whiteSpace" : false
    }, {
      "id" : "s1-t13",
      "begin" : 252,
      "end" : 253,
      "text" : ",",
      "whiteSpace" : false
    }, {
      "id" : "s1-t14",
      "begin" : 254,
      "end" : 258,
      "text" : "this",
      "whiteSpace" : false
    }, {
      "id" : "s1-t15",
      "begin" : 259,
      "end" : 263,
      "text" : "date",
      "whiteSpace" : false
    }, {
      "id" : "s1-t16",
      "begin" : 264,
      "end" : 268,
      "text" : "have",
      "whiteSpace" : false
    }, {
      "id" : "s1-t17",
      "begin" : 269,
      "end" : 278,
      "text" : "bargained",
      "whiteSpace" : false
    }, {
      "id" : "s1-t18",
      "begin" : 279,
      "end" : 282,
      "text" : "and",
      "whiteSpace" : false
    }, {
      "id" : "s1-t19",
      "begin" : 283,
      "end" : 287,
      "text" : "sold",
      "whiteSpace" : false
    }, {
      "id" : "s1-t20",
      "begin" : 288,
      "end" : 291,
      "text" : "and",
      "whiteSpace" : false
    }, {
      "id" : "s1-t21",
      "begin" : 292,
      "end" : 294,
      "text" : "by",
      "whiteSpace" : false
    }, {
      "id" : "s1-t22",
      "begin" : 295,
      "end" : 300,
      "text" : "these",
      "whiteSpace" : false
    }, {
      "id" : "s1-t23",
      "begin" : 301,
      "end" : 309,
      "text" : "presents",
      "whiteSpace" : false
    }, {
      "id" : "s1-t24",
      "begin" : 310,
      "end" : 312,
      "text" : "do",
      "whiteSpace" : false
    }, {
      "id" : "s1-t25",
      "begin" : 313,
      "end" : 321,
      "text" : "transfer",
      "whiteSpace" : false
    }, {
      "id" : "s1-t26",
      "begin" : 322,
      "end" : 325,
      "text" : "and",
      "whiteSpace" : false
    }, {
      "id" : "s1-t27",
      "begin" : 326,
      "end" : 332,
      "text" : "convey",
      "whiteSpace" : false
    }, {
      "id" : "s1-t28",
      "begin" : 333,
      "end" : 337,
      "text" : "unto",
      "whiteSpace" : false
    }, {
      "id" : "s1-t29",
      "begin" : 338,
      "end" : 345,
      "text" : "HATCHCO",
      "whiteSpace" : false
    }, {
      "id" : "s1-t30",
      "begin" : 345,
      "end" : 346,
      "text" : ",",
      "whiteSpace" : false
    }, {
      "id" : "s1-t31",
      "begin" : 347,
      "end" : 351,
      "text" : "INC.",
      "whiteSpace" : false
    }, {
      "id" : "s1-t32",
      "begin" : 351,
      "end" : 352,
      "text" : ",",
      "whiteSpace" : false
    }, {
      "id" : "s1-t33",
      "begin" : 353,
      "end" : 356,
      "text" : "its",
      "whiteSpace" : false
    }, {
      "id" : "s1-t34",
      "begin" : 357,
      "end" : 367,
      "text" : "successors",
      "whiteSpace" : false
    }, {
      "id" : "s1-t35",
      "begin" : 368,
      "end" : 371,
      "text" : "and",
      "whiteSpace" : false
    }, {
      "id" : "s1-t36",
      "begin" : 372,
      "end" : 379,
      "text" : "assigns",
      "whiteSpace" : false
    }, {
      "id" : "s1-t37",
      "begin" : 379,
      "end" : 380,
      "text" : ",",
      "whiteSpace" : false
    }, {
      "id" : "s1-t38",
      "begin" : 381,
      "end" : 382,
      "text" : "a",
      "whiteSpace" : false
    }, {
      "id" : "s1-t39",
      "begin" : 383,
      "end" : 390,
      "text" : "certain",
      "whiteSpace" : false
    }, {
      "id" : "s1-t40",
      "begin" : 391,
      "end" : 396,
      "text" : "tract",
      "whiteSpace" : false
    }, {
      "id" : "s1-t41",
      "begin" : 397,
      "end" : 399,
      "text" : "or",
      "whiteSpace" : false
    }, {
      "id" : "s1-t42",
      "begin" : 400,
      "end" : 406,
      "text" : "parcel",
      "whiteSpace" : false
    }, {
      "id" : "s1-t43",
      "begin" : 407,
      "end" : 409,
      "text" : "of",
      "whiteSpace" : false
    }, {
      "id" : "s1-t44",
      "begin" : 410,
      "end" : 414,
      "text" : "land",
      "whiteSpace" : false
    }, {
      "id" : "s1-t45",
      "begin" : 415,
      "end" : 417,
      "text" : "in",
      "whiteSpace" : false
    }, {
      "id" : "s1-t46",
      "begin" : 418,
      "end" : 421,
      "text" : "the",
      "whiteSpace" : false
    }, {
      "id" : "s1-t47",
      "begin" : 422,
      "end" : 427,
      "text" : "Fifth",
      "whiteSpace" : false
    }, {
      "id" : "s1-t48",
      "begin" : 428,
      "end" : 433,
      "text" : "Civil",
      "whiteSpace" : false
    }, {
      "id" : "s1-t49",
      "begin" : 434,
      "end" : 442,
      "text" : "District",
      "whiteSpace" : false
    }, {
      "id" : "s1-t50",
      "begin" : 443,
      "end" : 445,
      "text" : "of",
      "whiteSpace" : false
    }, {
      "id" : "s1-t51",
      "begin" : 446,
      "end" : 455,
      "text" : "Humphreys",
      "whiteSpace" : false
    }, {
      "id" : "s1-t52",
      "begin" : 456,
      "end" : 462,
      "text" : "County",
      "whiteSpace" : false
    }, {
      "id" : "s1-t53",
      "begin" : 462,
      "end" : 463,
      "text" : ",",
      "whiteSpace" : false
    }, {
      "id" : "s1-t54",
      "begin" : 464,
      "end" : 473,
      "text" : "Tennessee",
      "whiteSpace" : false
    }, {
      "id" : "s1-t55",
      "begin" : 473,
      "end" : 474,
      "text" : ",",
      "whiteSpace" : false
    }, {
      "id" : "s1-t56",
      "begin" : 475,
      "end" : 477,
      "text" : "as",
      "whiteSpace" : false
    }, {
      "id" : "s1-t57",
      "begin" : 478,
      "end" : 485,
      "text" : "follows",
      "whiteSpace" : false
    } ]
  } ],
  "mentions" : [ {
    "id" : "s0-m1",
    "properties" : {
      "SIRE_MENTION_ROLE" : "Grantee",
      "SIRE_ENTITY_SUBTYPE" : "NONE",
      "SIRE_MENTION_TYPE" : "NONE",
      "SIRE_MENTION_CLASS" : "SPC"
    },
    "type" : "Grantee",
    "begin" : 106,
    "end" : 119,
    "inCoref" : false
  }, {
    "id" : "s1-m1",
    "properties" : {
      "SIRE_MENTION_ROLE" : "Grantor",
      "SIRE_ENTITY_SUBTYPE" : "NONE",
      "SIRE_MENTION_TYPE" : "NONE",
      "SIRE_MENTION_CLASS" : "SPC"
    },
    "type" : "Grantor",
    "begin" : 237,
    "end" : 252,
    "inCoref" : false
  }, {
    "id" : "s1-m2",
    "properties" : {
      "SIRE_MENTION_ROLE" : "Grantee",
      "SIRE_ENTITY_SUBTYPE" : "NONE",
      "SIRE_MENTION_TYPE" : "NONE",
      "SIRE_MENTION_CLASS" : "SPC"
    },
    "type" : "Grantee",
    "begin" : 338,
    "end" : 351,
    "inCoref" : false
  } ],
  "relations" : [ ],
  "corefs" : [ ],
  "typeResolved" : true,
  "userResolved" : false
}