{
  "id" : "558f95f0-50ef-11e9-9b8e-4bc9d96d3dde-1",
  "name" : "WD165-13.txt",
  "createdDate" : 1553732447439,
  "version" : 3,
  "text" : "FOR AND IN CONSIDERATION OF THE SUM OF ONE AND NO/lOO ????????????????????????????????? ----------------------------- ($1.00) -------~~----------**DOLLARS cash, in hand paid, the receipt and sufficiency of which is hereby acknowledged, NOW, THEREFORE, We, MAXIE WILKINSON and Wife, LINDA WILKINSON, have bargained and sold, and by these presents do transfer and convey unto the said ROGER D. LITTERAL, his heirs and assigns, a certain tract or parcel of land in the Fifth Civil District of Humphreys County, Tennessee, as ",
  "docLength" : 0,
  "language" : "EN",
  "status" : "SUBMITTED",
  "modifiedDate" : 1553736417547,
  "documentSet" : [ ],
  "preannotation" : [ ],
  "sentences" : [ {
    "id" : "s0",
    "begin" : 0,
    "end" : 55,
    "text" : "FOR AND IN CONSIDERATION OF THE SUM OF ONE AND NO/lOO ?",
    "tokens" : [ {
      "id" : "s0-t0",
      "begin" : 0,
      "end" : 3,
      "text" : "FOR",
      "whiteSpace" : false
    }, {
      "id" : "s0-t1",
      "begin" : 4,
      "end" : 7,
      "text" : "AND",
      "whiteSpace" : false
    }, {
      "id" : "s0-t2",
      "begin" : 8,
      "end" : 10,
      "text" : "IN",
      "whiteSpace" : false
    }, {
      "id" : "s0-t3",
      "begin" : 11,
      "end" : 24,
      "text" : "CONSIDERATION",
      "whiteSpace" : false
    }, {
      "id" : "s0-t4",
      "begin" : 25,
      "end" : 27,
      "text" : "OF",
      "whiteSpace" : false
    }, {
      "id" : "s0-t5",
      "begin" : 28,
      "end" : 31,
      "text" : "THE",
      "whiteSpace" : false
    }, {
      "id" : "s0-t6",
      "begin" : 32,
      "end" : 35,
      "text" : "SUM",
      "whiteSpace" : false
    }, {
      "id" : "s0-t7",
      "begin" : 36,
      "end" : 38,
      "text" : "OF",
      "whiteSpace" : false
    }, {
      "id" : "s0-t8",
      "begin" : 39,
      "end" : 42,
      "text" : "ONE",
      "whiteSpace" : false
    }, {
      "id" : "s0-t9",
      "begin" : 43,
      "end" : 46,
      "text" : "AND",
      "whiteSpace" : false
    }, {
      "id" : "s0-t10",
      "begin" : 47,
      "end" : 53,
      "text" : "NO/lOO",
      "whiteSpace" : false
    }, {
      "id" : "s0-t11",
      "begin" : 54,
      "end" : 55,
      "text" : "?",
      "whiteSpace" : false
    } ]
  }, {
    "id" : "s1",
    "begin" : 55,
    "end" : 87,
    "text" : "????????????????????????????????",
    "tokens" : [ {
      "id" : "s1-t0",
      "begin" : 55,
      "end" : 86,
      "text" : "???????????????????????????????",
      "whiteSpace" : false
    }, {
      "id" : "s1-t1",
      "begin" : 86,
      "end" : 87,
      "text" : "?",
      "whiteSpace" : false
    } ]
  }, {
    "id" : "s2",
    "begin" : 88,
    "end" : 521,
    "text" : "----------------------------- ($1.00) -------~~----------**DOLLARS cash, in hand paid, the receipt and sufficiency of which is hereby acknowledged, NOW, THEREFORE, We, MAXIE WILKINSON and Wife, LINDA WILKINSON, have bargained and sold, and by these presents do transfer and convey unto the said ROGER D. LITTERAL, his heirs and assigns, a certain tract or parcel of land in the Fifth Civil District of Humphreys County, Tennessee, as",
    "tokens" : [ {
      "id" : "s2-t0",
      "begin" : 88,
      "end" : 117,
      "text" : "-----------------------------",
      "whiteSpace" : false
    }, {
      "id" : "s2-t1",
      "begin" : 118,
      "end" : 119,
      "text" : "(",
      "whiteSpace" : false
    }, {
      "id" : "s2-t2",
      "begin" : 119,
      "end" : 120,
      "text" : "$",
      "whiteSpace" : false
    }, {
      "id" : "s2-t3",
      "begin" : 120,
      "end" : 124,
      "text" : "1.00",
      "whiteSpace" : false
    }, {
      "id" : "s2-t4",
      "begin" : 124,
      "end" : 125,
      "text" : ")",
      "whiteSpace" : false
    }, {
      "id" : "s2-t5",
      "begin" : 126,
      "end" : 133,
      "text" : "-------",
      "whiteSpace" : false
    }, {
      "id" : "s2-t6",
      "begin" : 133,
      "end" : 134,
      "text" : "~",
      "whiteSpace" : false
    }, {
      "id" : "s2-t7",
      "begin" : 134,
      "end" : 135,
      "text" : "~",
      "whiteSpace" : false
    }, {
      "id" : "s2-t8",
      "begin" : 135,
      "end" : 145,
      "text" : "----------",
      "whiteSpace" : false
    }, {
      "id" : "s2-t9",
      "begin" : 145,
      "end" : 146,
      "text" : "*",
      "whiteSpace" : false
    }, {
      "id" : "s2-t10",
      "begin" : 146,
      "end" : 154,
      "text" : "*DOLLARS",
      "whiteSpace" : false
    }, {
      "id" : "s2-t11",
      "begin" : 155,
      "end" : 159,
      "text" : "cash",
      "whiteSpace" : false
    }, {
      "id" : "s2-t12",
      "begin" : 159,
      "end" : 160,
      "text" : ",",
      "whiteSpace" : false
    }, {
      "id" : "s2-t13",
      "begin" : 161,
      "end" : 163,
      "text" : "in",
      "whiteSpace" : false
    }, {
      "id" : "s2-t14",
      "begin" : 164,
      "end" : 168,
      "text" : "hand",
      "whiteSpace" : false
    }, {
      "id" : "s2-t15",
      "begin" : 169,
      "end" : 173,
      "text" : "paid",
      "whiteSpace" : false
    }, {
      "id" : "s2-t16",
      "begin" : 173,
      "end" : 174,
      "text" : ",",
      "whiteSpace" : false
    }, {
      "id" : "s2-t17",
      "begin" : 175,
      "end" : 178,
      "text" : "the",
      "whiteSpace" : false
    }, {
      "id" : "s2-t18",
      "begin" : 179,
      "end" : 186,
      "text" : "receipt",
      "whiteSpace" : false
    }, {
      "id" : "s2-t19",
      "begin" : 187,
      "end" : 190,
      "text" : "and",
      "whiteSpace" : false
    }, {
      "id" : "s2-t20",
      "begin" : 191,
      "end" : 202,
      "text" : "sufficiency",
      "whiteSpace" : false
    }, {
      "id" : "s2-t21",
      "begin" : 203,
      "end" : 205,
      "text" : "of",
      "whiteSpace" : false
    }, {
      "id" : "s2-t22",
      "begin" : 206,
      "end" : 211,
      "text" : "which",
      "whiteSpace" : false
    }, {
      "id" : "s2-t23",
      "begin" : 212,
      "end" : 214,
      "text" : "is",
      "whiteSpace" : false
    }, {
      "id" : "s2-t24",
      "begin" : 215,
      "end" : 221,
      "text" : "hereby",
      "whiteSpace" : false
    }, {
      "id" : "s2-t25",
      "begin" : 222,
      "end" : 234,
      "text" : "acknowledged",
      "whiteSpace" : false
    }, {
      "id" : "s2-t26",
      "begin" : 234,
      "end" : 235,
      "text" : ",",
      "whiteSpace" : false
    }, {
      "id" : "s2-t27",
      "begin" : 236,
      "end" : 239,
      "text" : "NOW",
      "whiteSpace" : false
    }, {
      "id" : "s2-t28",
      "begin" : 239,
      "end" : 240,
      "text" : ",",
      "whiteSpace" : false
    }, {
      "id" : "s2-t29",
      "begin" : 241,
      "end" : 250,
      "text" : "THEREFORE",
      "whiteSpace" : false
    }, {
      "id" : "s2-t30",
      "begin" : 250,
      "end" : 251,
      "text" : ",",
      "whiteSpace" : false
    }, {
      "id" : "s2-t31",
      "begin" : 252,
      "end" : 254,
      "text" : "We",
      "whiteSpace" : false
    }, {
      "id" : "s2-t32",
      "begin" : 254,
      "end" : 255,
      "text" : ",",
      "whiteSpace" : false
    }, {
      "id" : "s2-t33",
      "begin" : 256,
      "end" : 261,
      "text" : "MAXIE",
      "whiteSpace" : false
    }, {
      "id" : "s2-t34",
      "begin" : 262,
      "end" : 271,
      "text" : "WILKINSON",
      "whiteSpace" : false
    }, {
      "id" : "s2-t35",
      "begin" : 272,
      "end" : 275,
      "text" : "and",
      "whiteSpace" : false
    }, {
      "id" : "s2-t36",
      "begin" : 276,
      "end" : 280,
      "text" : "Wife",
      "whiteSpace" : false
    }, {
      "id" : "s2-t37",
      "begin" : 280,
      "end" : 281,
      "text" : ",",
      "whiteSpace" : false
    }, {
      "id" : "s2-t38",
      "begin" : 282,
      "end" : 287,
      "text" : "LINDA",
      "whiteSpace" : false
    }, {
      "id" : "s2-t39",
      "begin" : 288,
      "end" : 297,
      "text" : "WILKINSON",
      "whiteSpace" : false
    }, {
      "id" : "s2-t40",
      "begin" : 297,
      "end" : 298,
      "text" : ",",
      "whiteSpace" : false
    }, {
      "id" : "s2-t41",
      "begin" : 299,
      "end" : 303,
      "text" : "have",
      "whiteSpace" : false
    }, {
      "id" : "s2-t42",
      "begin" : 304,
      "end" : 313,
      "text" : "bargained",
      "whiteSpace" : false
    }, {
      "id" : "s2-t43",
      "begin" : 314,
      "end" : 317,
      "text" : "and",
      "whiteSpace" : false
    }, {
      "id" : "s2-t44",
      "begin" : 318,
      "end" : 322,
      "text" : "sold",
      "whiteSpace" : false
    }, {
      "id" : "s2-t45",
      "begin" : 322,
      "end" : 323,
      "text" : ",",
      "whiteSpace" : false
    }, {
      "id" : "s2-t46",
      "begin" : 324,
      "end" : 327,
      "text" : "and",
      "whiteSpace" : false
    }, {
      "id" : "s2-t47",
      "begin" : 328,
      "end" : 330,
      "text" : "by",
      "whiteSpace" : false
    }, {
      "id" : "s2-t48",
      "begin" : 331,
      "end" : 336,
      "text" : "these",
      "whiteSpace" : false
    }, {
      "id" : "s2-t49",
      "begin" : 337,
      "end" : 345,
      "text" : "presents",
      "whiteSpace" : false
    }, {
      "id" : "s2-t50",
      "begin" : 346,
      "end" : 348,
      "text" : "do",
      "whiteSpace" : false
    }, {
      "id" : "s2-t51",
      "begin" : 349,
      "end" : 357,
      "text" : "transfer",
      "whiteSpace" : false
    }, {
      "id" : "s2-t52",
      "begin" : 358,
      "end" : 361,
      "text" : "and",
      "whiteSpace" : false
    }, {
      "id" : "s2-t53",
      "begin" : 362,
      "end" : 368,
      "text" : "convey",
      "whiteSpace" : false
    }, {
      "id" : "s2-t54",
      "begin" : 369,
      "end" : 373,
      "text" : "unto",
      "whiteSpace" : false
    }, {
      "id" : "s2-t55",
      "begin" : 374,
      "end" : 377,
      "text" : "the",
      "whiteSpace" : false
    }, {
      "id" : "s2-t56",
      "begin" : 378,
      "end" : 382,
      "text" : "said",
      "whiteSpace" : false
    }, {
      "id" : "s2-t57",
      "begin" : 383,
      "end" : 388,
      "text" : "ROGER",
      "whiteSpace" : false
    }, {
      "id" : "s2-t58",
      "begin" : 389,
      "end" : 391,
      "text" : "D.",
      "whiteSpace" : false
    }, {
      "id" : "s2-t59",
      "begin" : 392,
      "end" : 400,
      "text" : "LITTERAL",
      "whiteSpace" : false
    }, {
      "id" : "s2-t60",
      "begin" : 400,
      "end" : 401,
      "text" : ",",
      "whiteSpace" : false
    }, {
      "id" : "s2-t61",
      "begin" : 402,
      "end" : 405,
      "text" : "his",
      "whiteSpace" : false
    }, {
      "id" : "s2-t62",
      "begin" : 406,
      "end" : 411,
      "text" : "heirs",
      "whiteSpace" : false
    }, {
      "id" : "s2-t63",
      "begin" : 412,
      "end" : 415,
      "text" : "and",
      "whiteSpace" : false
    }, {
      "id" : "s2-t64",
      "begin" : 416,
      "end" : 423,
      "text" : "assigns",
      "whiteSpace" : false
    }, {
      "id" : "s2-t65",
      "begin" : 423,
      "end" : 424,
      "text" : ",",
      "whiteSpace" : false
    }, {
      "id" : "s2-t66",
      "begin" : 425,
      "end" : 426,
      "text" : "a",
      "whiteSpace" : false
    }, {
      "id" : "s2-t67",
      "begin" : 427,
      "end" : 434,
      "text" : "certain",
      "whiteSpace" : false
    }, {
      "id" : "s2-t68",
      "begin" : 435,
      "end" : 440,
      "text" : "tract",
      "whiteSpace" : false
    }, {
      "id" : "s2-t69",
      "begin" : 441,
      "end" : 443,
      "text" : "or",
      "whiteSpace" : false
    }, {
      "id" : "s2-t70",
      "begin" : 444,
      "end" : 450,
      "text" : "parcel",
      "whiteSpace" : false
    }, {
      "id" : "s2-t71",
      "begin" : 451,
      "end" : 453,
      "text" : "of",
      "whiteSpace" : false
    }, {
      "id" : "s2-t72",
      "begin" : 454,
      "end" : 458,
      "text" : "land",
      "whiteSpace" : false
    }, {
      "id" : "s2-t73",
      "begin" : 459,
      "end" : 461,
      "text" : "in",
      "whiteSpace" : false
    }, {
      "id" : "s2-t74",
      "begin" : 462,
      "end" : 465,
      "text" : "the",
      "whiteSpace" : false
    }, {
      "id" : "s2-t75",
      "begin" : 466,
      "end" : 471,
      "text" : "Fifth",
      "whiteSpace" : false
    }, {
      "id" : "s2-t76",
      "begin" : 472,
      "end" : 477,
      "text" : "Civil",
      "whiteSpace" : false
    }, {
      "id" : "s2-t77",
      "begin" : 478,
      "end" : 486,
      "text" : "District",
      "whiteSpace" : false
    }, {
      "id" : "s2-t78",
      "begin" : 487,
      "end" : 489,
      "text" : "of",
      "whiteSpace" : false
    }, {
      "id" : "s2-t79",
      "begin" : 490,
      "end" : 499,
      "text" : "Humphreys",
      "whiteSpace" : false
    }, {
      "id" : "s2-t80",
      "begin" : 500,
      "end" : 506,
      "text" : "County",
      "whiteSpace" : false
    }, {
      "id" : "s2-t81",
      "begin" : 506,
      "end" : 507,
      "text" : ",",
      "whiteSpace" : false
    }, {
      "id" : "s2-t82",
      "begin" : 508,
      "end" : 517,
      "text" : "Tennessee",
      "whiteSpace" : false
    }, {
      "id" : "s2-t83",
      "begin" : 517,
      "end" : 518,
      "text" : ",",
      "whiteSpace" : false
    }, {
      "id" : "s2-t84",
      "begin" : 519,
      "end" : 521,
      "text" : "as",
      "whiteSpace" : false
    } ]
  } ],
  "mentions" : [ {
    "id" : "s2-m2",
    "properties" : {
      "SIRE_MENTION_ROLE" : "Grantor",
      "SIRE_ENTITY_SUBTYPE" : "NONE",
      "SIRE_MENTION_TYPE" : "NONE",
      "SIRE_MENTION_CLASS" : "SPC"
    },
    "type" : "Grantor",
    "begin" : 256,
    "end" : 271,
    "inCoref" : false
  }, {
    "id" : "s2-m1",
    "properties" : {
      "SIRE_MENTION_ROLE" : "Grantor",
      "SIRE_ENTITY_SUBTYPE" : "NONE",
      "SIRE_MENTION_TYPE" : "NONE",
      "SIRE_MENTION_CLASS" : "SPC"
    },
    "type" : "Grantor",
    "begin" : 282,
    "end" : 297,
    "inCoref" : false
  }, {
    "id" : "s2-m3",
    "properties" : {
      "SIRE_MENTION_ROLE" : "Grantee",
      "SIRE_ENTITY_SUBTYPE" : "NONE",
      "SIRE_MENTION_TYPE" : "NONE",
      "SIRE_MENTION_CLASS" : "SPC"
    },
    "type" : "Grantee",
    "begin" : 383,
    "end" : 400,
    "inCoref" : false
  } ],
  "relations" : [ ],
  "corefs" : [ ],
  "typeResolved" : true,
  "userResolved" : false
}