{
  "id" : "5c132900-5676-11e9-98d8-3791fa0d0fd8-4",
  "name" : "WD1-25_1.txt",
  "createdDate" : 0,
  "version" : 3,
  "text" : "County Surveyor. Being the same property conveyed to Mary Martin, a widow, by deed from Felix Muiliniks and wife, Myrtle Mulliniks, dated May 19, 1983, and of record in Dead Book 140, Page 59, in the Register's Office of Humphreys County, Tennessee. This property is subject to the right-of-way",
  "docLength" : 0,
  "language" : "EN",
  "status" : "SUBMITTED",
  "modifiedDate" : 1554343229813,
  "documentSet" : [ ],
  "preannotation" : [ ],
  "sentences" : [ {
    "id" : "s0",
    "begin" : 0,
    "end" : 16,
    "text" : "County Surveyor.",
    "tokens" : [ {
      "id" : "s0-t0",
      "begin" : 0,
      "end" : 6,
      "text" : "County",
      "whiteSpace" : false
    }, {
      "id" : "s0-t1",
      "begin" : 7,
      "end" : 15,
      "text" : "Surveyor",
      "whiteSpace" : false
    }, {
      "id" : "s0-t2",
      "begin" : 15,
      "end" : 16,
      "text" : ".",
      "whiteSpace" : false
    } ]
  }, {
    "id" : "s1",
    "begin" : 17,
    "end" : 249,
    "text" : "Being the same property conveyed to Mary Martin, a widow, by deed from Felix Muiliniks and wife, Myrtle Mulliniks, dated May 19, 1983, and of record in Dead Book 140, Page 59, in the Register's Office of Humphreys County, Tennessee.",
    "tokens" : [ {
      "id" : "s1-t0",
      "begin" : 17,
      "end" : 22,
      "text" : "Being",
      "whiteSpace" : false
    }, {
      "id" : "s1-t1",
      "begin" : 23,
      "end" : 26,
      "text" : "the",
      "whiteSpace" : false
    }, {
      "id" : "s1-t2",
      "begin" : 27,
      "end" : 31,
      "text" : "same",
      "whiteSpace" : false
    }, {
      "id" : "s1-t3",
      "begin" : 32,
      "end" : 40,
      "text" : "property",
      "whiteSpace" : false
    }, {
      "id" : "s1-t4",
      "begin" : 41,
      "end" : 49,
      "text" : "conveyed",
      "whiteSpace" : false
    }, {
      "id" : "s1-t5",
      "begin" : 50,
      "end" : 52,
      "text" : "to",
      "whiteSpace" : false
    }, {
      "id" : "s1-t6",
      "begin" : 53,
      "end" : 57,
      "text" : "Mary",
      "whiteSpace" : false
    }, {
      "id" : "s1-t7",
      "begin" : 58,
      "end" : 64,
      "text" : "Martin",
      "whiteSpace" : false
    }, {
      "id" : "s1-t8",
      "begin" : 64,
      "end" : 65,
      "text" : ",",
      "whiteSpace" : false
    }, {
      "id" : "s1-t9",
      "begin" : 66,
      "end" : 67,
      "text" : "a",
      "whiteSpace" : false
    }, {
      "id" : "s1-t10",
      "begin" : 68,
      "end" : 73,
      "text" : "widow",
      "whiteSpace" : false
    }, {
      "id" : "s1-t11",
      "begin" : 73,
      "end" : 74,
      "text" : ",",
      "whiteSpace" : false
    }, {
      "id" : "s1-t12",
      "begin" : 75,
      "end" : 77,
      "text" : "by",
      "whiteSpace" : false
    }, {
      "id" : "s1-t13",
      "begin" : 78,
      "end" : 82,
      "text" : "deed",
      "whiteSpace" : false
    }, {
      "id" : "s1-t14",
      "begin" : 83,
      "end" : 87,
      "text" : "from",
      "whiteSpace" : false
    }, {
      "id" : "s1-t15",
      "begin" : 88,
      "end" : 93,
      "text" : "Felix",
      "whiteSpace" : false
    }, {
      "id" : "s1-t16",
      "begin" : 94,
      "end" : 103,
      "text" : "Muiliniks",
      "whiteSpace" : false
    }, {
      "id" : "s1-t17",
      "begin" : 104,
      "end" : 107,
      "text" : "and",
      "whiteSpace" : false
    }, {
      "id" : "s1-t18",
      "begin" : 108,
      "end" : 112,
      "text" : "wife",
      "whiteSpace" : false
    }, {
      "id" : "s1-t19",
      "begin" : 112,
      "end" : 113,
      "text" : ",",
      "whiteSpace" : false
    }, {
      "id" : "s1-t20",
      "begin" : 114,
      "end" : 120,
      "text" : "Myrtle",
      "whiteSpace" : false
    }, {
      "id" : "s1-t21",
      "begin" : 121,
      "end" : 130,
      "text" : "Mulliniks",
      "whiteSpace" : false
    }, {
      "id" : "s1-t22",
      "begin" : 130,
      "end" : 131,
      "text" : ",",
      "whiteSpace" : false
    }, {
      "id" : "s1-t23",
      "begin" : 132,
      "end" : 137,
      "text" : "dated",
      "whiteSpace" : false
    }, {
      "id" : "s1-t24",
      "begin" : 138,
      "end" : 141,
      "text" : "May",
      "whiteSpace" : false
    }, {
      "id" : "s1-t25",
      "begin" : 142,
      "end" : 144,
      "text" : "19",
      "whiteSpace" : false
    }, {
      "id" : "s1-t26",
      "begin" : 144,
      "end" : 145,
      "text" : ",",
      "whiteSpace" : false
    }, {
      "id" : "s1-t27",
      "begin" : 146,
      "end" : 150,
      "text" : "1983",
      "whiteSpace" : false
    }, {
      "id" : "s1-t28",
      "begin" : 150,
      "end" : 151,
      "text" : ",",
      "whiteSpace" : false
    }, {
      "id" : "s1-t29",
      "begin" : 152,
      "end" : 155,
      "text" : "and",
      "whiteSpace" : false
    }, {
      "id" : "s1-t30",
      "begin" : 156,
      "end" : 158,
      "text" : "of",
      "whiteSpace" : false
    }, {
      "id" : "s1-t31",
      "begin" : 159,
      "end" : 165,
      "text" : "record",
      "whiteSpace" : false
    }, {
      "id" : "s1-t32",
      "begin" : 166,
      "end" : 168,
      "text" : "in",
      "whiteSpace" : false
    }, {
      "id" : "s1-t33",
      "begin" : 169,
      "end" : 173,
      "text" : "Dead",
      "whiteSpace" : false
    }, {
      "id" : "s1-t34",
      "begin" : 174,
      "end" : 178,
      "text" : "Book",
      "whiteSpace" : false
    }, {
      "id" : "s1-t35",
      "begin" : 179,
      "end" : 182,
      "text" : "140",
      "whiteSpace" : false
    }, {
      "id" : "s1-t36",
      "begin" : 182,
      "end" : 183,
      "text" : ",",
      "whiteSpace" : false
    }, {
      "id" : "s1-t37",
      "begin" : 184,
      "end" : 188,
      "text" : "Page",
      "whiteSpace" : false
    }, {
      "id" : "s1-t38",
      "begin" : 189,
      "end" : 191,
      "text" : "59",
      "whiteSpace" : false
    }, {
      "id" : "s1-t39",
      "begin" : 191,
      "end" : 192,
      "text" : ",",
      "whiteSpace" : false
    }, {
      "id" : "s1-t40",
      "begin" : 193,
      "end" : 195,
      "text" : "in",
      "whiteSpace" : false
    }, {
      "id" : "s1-t41",
      "begin" : 196,
      "end" : 199,
      "text" : "the",
      "whiteSpace" : false
    }, {
      "id" : "s1-t42",
      "begin" : 200,
      "end" : 208,
      "text" : "Register",
      "whiteSpace" : false
    }, {
      "id" : "s1-t43",
      "begin" : 208,
      "end" : 210,
      "text" : "'s",
      "whiteSpace" : false
    }, {
      "id" : "s1-t44",
      "begin" : 211,
      "end" : 217,
      "text" : "Office",
      "whiteSpace" : false
    }, {
      "id" : "s1-t45",
      "begin" : 218,
      "end" : 220,
      "text" : "of",
      "whiteSpace" : false
    }, {
      "id" : "s1-t46",
      "begin" : 221,
      "end" : 230,
      "text" : "Humphreys",
      "whiteSpace" : false
    }, {
      "id" : "s1-t47",
      "begin" : 231,
      "end" : 237,
      "text" : "County",
      "whiteSpace" : false
    }, {
      "id" : "s1-t48",
      "begin" : 237,
      "end" : 238,
      "text" : ",",
      "whiteSpace" : false
    }, {
      "id" : "s1-t49",
      "begin" : 239,
      "end" : 248,
      "text" : "Tennessee",
      "whiteSpace" : false
    }, {
      "id" : "s1-t50",
      "begin" : 248,
      "end" : 249,
      "text" : ".",
      "whiteSpace" : false
    } ]
  }, {
    "id" : "s2",
    "begin" : 250,
    "end" : 294,
    "text" : "This property is subject to the right-of-way",
    "tokens" : [ {
      "id" : "s2-t0",
      "begin" : 250,
      "end" : 254,
      "text" : "This",
      "whiteSpace" : false
    }, {
      "id" : "s2-t1",
      "begin" : 255,
      "end" : 263,
      "text" : "property",
      "whiteSpace" : false
    }, {
      "id" : "s2-t2",
      "begin" : 264,
      "end" : 266,
      "text" : "is",
      "whiteSpace" : false
    }, {
      "id" : "s2-t3",
      "begin" : 267,
      "end" : 274,
      "text" : "subject",
      "whiteSpace" : false
    }, {
      "id" : "s2-t4",
      "begin" : 275,
      "end" : 277,
      "text" : "to",
      "whiteSpace" : false
    }, {
      "id" : "s2-t5",
      "begin" : 278,
      "end" : 281,
      "text" : "the",
      "whiteSpace" : false
    }, {
      "id" : "s2-t6",
      "begin" : 282,
      "end" : 294,
      "text" : "right-of-way",
      "whiteSpace" : false
    } ]
  } ],
  "mentions" : [ {
    "id" : "s1-m1",
    "properties" : {
      "SIRE_MENTION_ROLE" : "WarrDeedBookNum",
      "SIRE_ENTITY_SUBTYPE" : "NONE",
      "SIRE_MENTION_TYPE" : "NONE",
      "SIRE_MENTION_CLASS" : "SPC"
    },
    "type" : "WarrDeedBookNum",
    "begin" : 179,
    "end" : 182,
    "inCoref" : false
  }, {
    "id" : "s1-m2",
    "properties" : {
      "SIRE_MENTION_ROLE" : "WarrDeedPageNum",
      "SIRE_ENTITY_SUBTYPE" : "NONE",
      "SIRE_MENTION_TYPE" : "NONE",
      "SIRE_MENTION_CLASS" : "SPC"
    },
    "type" : "WarrDeedPageNum",
    "begin" : 189,
    "end" : 191,
    "inCoref" : false
  } ],
  "relations" : [ ],
  "corefs" : [ ],
  "typeResolved" : true,
  "userResolved" : false
}