{
  "id" : "5c132900-5676-11e9-98d8-3791fa0d0fd8-5",
  "name" : "WD1-25_2.txt",
  "createdDate" : 0,
  "version" : 3,
  "text" : " Survey made by McBride Survey Company, Darrel R. McBride, Surveyor, RL???S #1463, McEwen, Tennessee, dated April 23, 1996., Being a portion of the same property conveyed to Earl Bailey by deed of record in Deed Book 135, page 377, Register???s Of???ce of Humphreys County, Tennessee.,",
  "docLength" : 0,
  "language" : "EN",
  "status" : "SUBMITTED",
  "modifiedDate" : 1554343236952,
  "documentSet" : [ ],
  "preannotation" : [ ],
  "sentences" : [ {
    "id" : "s0",
    "begin" : 1,
    "end" : 241,
    "text" : "Survey made by McBride Survey Company, Darrel R. McBride, Surveyor, RL???S #1463, McEwen, Tennessee, dated April 23, 1996., Being a portion of the same property conveyed to Earl Bailey by deed of record in Deed Book 135, page 377, Register?",
    "tokens" : [ {
      "id" : "s0-t0",
      "begin" : 1,
      "end" : 7,
      "text" : "Survey",
      "whiteSpace" : false
    }, {
      "id" : "s0-t1",
      "begin" : 8,
      "end" : 12,
      "text" : "made",
      "whiteSpace" : false
    }, {
      "id" : "s0-t2",
      "begin" : 13,
      "end" : 15,
      "text" : "by",
      "whiteSpace" : false
    }, {
      "id" : "s0-t3",
      "begin" : 16,
      "end" : 23,
      "text" : "McBride",
      "whiteSpace" : false
    }, {
      "id" : "s0-t4",
      "begin" : 24,
      "end" : 30,
      "text" : "Survey",
      "whiteSpace" : false
    }, {
      "id" : "s0-t5",
      "begin" : 31,
      "end" : 38,
      "text" : "Company",
      "whiteSpace" : false
    }, {
      "id" : "s0-t6",
      "begin" : 38,
      "end" : 39,
      "text" : ",",
      "whiteSpace" : false
    }, {
      "id" : "s0-t7",
      "begin" : 40,
      "end" : 46,
      "text" : "Darrel",
      "whiteSpace" : false
    }, {
      "id" : "s0-t8",
      "begin" : 47,
      "end" : 49,
      "text" : "R.",
      "whiteSpace" : false
    }, {
      "id" : "s0-t9",
      "begin" : 50,
      "end" : 57,
      "text" : "McBride",
      "whiteSpace" : false
    }, {
      "id" : "s0-t10",
      "begin" : 57,
      "end" : 58,
      "text" : ",",
      "whiteSpace" : false
    }, {
      "id" : "s0-t11",
      "begin" : 59,
      "end" : 67,
      "text" : "Surveyor",
      "whiteSpace" : false
    }, {
      "id" : "s0-t12",
      "begin" : 67,
      "end" : 68,
      "text" : ",",
      "whiteSpace" : false
    }, {
      "id" : "s0-t13",
      "begin" : 69,
      "end" : 75,
      "text" : "RL???S",
      "whiteSpace" : false
    }, {
      "id" : "s0-t14",
      "begin" : 76,
      "end" : 81,
      "text" : "#1463",
      "whiteSpace" : false
    }, {
      "id" : "s0-t15",
      "begin" : 81,
      "end" : 82,
      "text" : ",",
      "whiteSpace" : false
    }, {
      "id" : "s0-t16",
      "begin" : 83,
      "end" : 89,
      "text" : "McEwen",
      "whiteSpace" : false
    }, {
      "id" : "s0-t17",
      "begin" : 89,
      "end" : 90,
      "text" : ",",
      "whiteSpace" : false
    }, {
      "id" : "s0-t18",
      "begin" : 91,
      "end" : 100,
      "text" : "Tennessee",
      "whiteSpace" : false
    }, {
      "id" : "s0-t19",
      "begin" : 100,
      "end" : 101,
      "text" : ",",
      "whiteSpace" : false
    }, {
      "id" : "s0-t20",
      "begin" : 102,
      "end" : 107,
      "text" : "dated",
      "whiteSpace" : false
    }, {
      "id" : "s0-t21",
      "begin" : 108,
      "end" : 113,
      "text" : "April",
      "whiteSpace" : false
    }, {
      "id" : "s0-t22",
      "begin" : 114,
      "end" : 116,
      "text" : "23",
      "whiteSpace" : false
    }, {
      "id" : "s0-t23",
      "begin" : 116,
      "end" : 117,
      "text" : ",",
      "whiteSpace" : false
    }, {
      "id" : "s0-t24",
      "begin" : 118,
      "end" : 122,
      "text" : "1996",
      "whiteSpace" : false
    }, {
      "id" : "s0-t25",
      "begin" : 122,
      "end" : 123,
      "text" : ".",
      "whiteSpace" : false
    }, {
      "id" : "s0-t26",
      "begin" : 123,
      "end" : 124,
      "text" : ",",
      "whiteSpace" : false
    }, {
      "id" : "s0-t27",
      "begin" : 125,
      "end" : 130,
      "text" : "Being",
      "whiteSpace" : false
    }, {
      "id" : "s0-t28",
      "begin" : 131,
      "end" : 132,
      "text" : "a",
      "whiteSpace" : false
    }, {
      "id" : "s0-t29",
      "begin" : 133,
      "end" : 140,
      "text" : "portion",
      "whiteSpace" : false
    }, {
      "id" : "s0-t30",
      "begin" : 141,
      "end" : 143,
      "text" : "of",
      "whiteSpace" : false
    }, {
      "id" : "s0-t31",
      "begin" : 144,
      "end" : 147,
      "text" : "the",
      "whiteSpace" : false
    }, {
      "id" : "s0-t32",
      "begin" : 148,
      "end" : 152,
      "text" : "same",
      "whiteSpace" : false
    }, {
      "id" : "s0-t33",
      "begin" : 153,
      "end" : 161,
      "text" : "property",
      "whiteSpace" : false
    }, {
      "id" : "s0-t34",
      "begin" : 162,
      "end" : 170,
      "text" : "conveyed",
      "whiteSpace" : false
    }, {
      "id" : "s0-t35",
      "begin" : 171,
      "end" : 173,
      "text" : "to",
      "whiteSpace" : false
    }, {
      "id" : "s0-t36",
      "begin" : 174,
      "end" : 178,
      "text" : "Earl",
      "whiteSpace" : false
    }, {
      "id" : "s0-t37",
      "begin" : 179,
      "end" : 185,
      "text" : "Bailey",
      "whiteSpace" : false
    }, {
      "id" : "s0-t38",
      "begin" : 186,
      "end" : 188,
      "text" : "by",
      "whiteSpace" : false
    }, {
      "id" : "s0-t39",
      "begin" : 189,
      "end" : 193,
      "text" : "deed",
      "whiteSpace" : false
    }, {
      "id" : "s0-t40",
      "begin" : 194,
      "end" : 196,
      "text" : "of",
      "whiteSpace" : false
    }, {
      "id" : "s0-t41",
      "begin" : 197,
      "end" : 203,
      "text" : "record",
      "whiteSpace" : false
    }, {
      "id" : "s0-t42",
      "begin" : 204,
      "end" : 206,
      "text" : "in",
      "whiteSpace" : false
    }, {
      "id" : "s0-t43",
      "begin" : 207,
      "end" : 211,
      "text" : "Deed",
      "whiteSpace" : false
    }, {
      "id" : "s0-t44",
      "begin" : 212,
      "end" : 216,
      "text" : "Book",
      "whiteSpace" : false
    }, {
      "id" : "s0-t45",
      "begin" : 217,
      "end" : 220,
      "text" : "135",
      "whiteSpace" : false
    }, {
      "id" : "s0-t46",
      "begin" : 220,
      "end" : 221,
      "text" : ",",
      "whiteSpace" : false
    }, {
      "id" : "s0-t47",
      "begin" : 222,
      "end" : 226,
      "text" : "page",
      "whiteSpace" : false
    }, {
      "id" : "s0-t48",
      "begin" : 227,
      "end" : 230,
      "text" : "377",
      "whiteSpace" : false
    }, {
      "id" : "s0-t49",
      "begin" : 230,
      "end" : 231,
      "text" : ",",
      "whiteSpace" : false
    }, {
      "id" : "s0-t50",
      "begin" : 232,
      "end" : 240,
      "text" : "Register",
      "whiteSpace" : false
    }, {
      "id" : "s0-t51",
      "begin" : 240,
      "end" : 241,
      "text" : "?",
      "whiteSpace" : false
    } ]
  }, {
    "id" : "s1",
    "begin" : 241,
    "end" : 248,
    "text" : "??s Of?",
    "tokens" : [ {
      "id" : "s1-t0",
      "begin" : 241,
      "end" : 244,
      "text" : "??s",
      "whiteSpace" : false
    }, {
      "id" : "s1-t1",
      "begin" : 245,
      "end" : 247,
      "text" : "Of",
      "whiteSpace" : false
    }, {
      "id" : "s1-t2",
      "begin" : 247,
      "end" : 248,
      "text" : "?",
      "whiteSpace" : false
    } ]
  }, {
    "id" : "s2",
    "begin" : 248,
    "end" : 285,
    "text" : "??ce of Humphreys County, Tennessee.,",
    "tokens" : [ {
      "id" : "s2-t0",
      "begin" : 248,
      "end" : 252,
      "text" : "??ce",
      "whiteSpace" : false
    }, {
      "id" : "s2-t1",
      "begin" : 253,
      "end" : 255,
      "text" : "of",
      "whiteSpace" : false
    }, {
      "id" : "s2-t2",
      "begin" : 256,
      "end" : 265,
      "text" : "Humphreys",
      "whiteSpace" : false
    }, {
      "id" : "s2-t3",
      "begin" : 266,
      "end" : 272,
      "text" : "County",
      "whiteSpace" : false
    }, {
      "id" : "s2-t4",
      "begin" : 272,
      "end" : 273,
      "text" : ",",
      "whiteSpace" : false
    }, {
      "id" : "s2-t5",
      "begin" : 274,
      "end" : 284,
      "text" : "Tennessee.",
      "whiteSpace" : false
    }, {
      "id" : "s2-t6",
      "begin" : 284,
      "end" : 285,
      "text" : ",",
      "whiteSpace" : false
    } ]
  } ],
  "mentions" : [ {
    "id" : "s0-m1",
    "properties" : {
      "SIRE_MENTION_ROLE" : "WarrDeedBookNum",
      "SIRE_ENTITY_SUBTYPE" : "NONE",
      "SIRE_MENTION_TYPE" : "NONE",
      "SIRE_MENTION_CLASS" : "SPC"
    },
    "type" : "WarrDeedBookNum",
    "begin" : 217,
    "end" : 220,
    "inCoref" : false
  }, {
    "id" : "s0-m2",
    "properties" : {
      "SIRE_MENTION_ROLE" : "WarrDeedPageNum",
      "SIRE_ENTITY_SUBTYPE" : "NONE",
      "SIRE_MENTION_TYPE" : "NONE",
      "SIRE_MENTION_CLASS" : "SPC"
    },
    "type" : "WarrDeedPageNum",
    "begin" : 227,
    "end" : 230,
    "inCoref" : false
  } ],
  "relations" : [ ],
  "corefs" : [ ],
  "typeResolved" : true,
  "userResolved" : false
}