{
  "id" : "5c132900-5676-11e9-98d8-3791fa0d0fd8-13",
  "name" : "WD1-26_5.txt",
  "createdDate" : 0,
  "version" : 3,
  "text" : " being in the Third Civil District ot???Humphrey???s County, State of Tennessee, located on approximately 1.1 mile West from the McEwen, Tennessee West City Limit, and being what is known as Lot 2. Section 1, ol???Windy Hill Subdivision, a plat of said subdivision being of record in Plat Cabinet A. Slide 190, in the Register???s Of???ce of Humphrey???s County, Tennessee, to which reference is hereby made Being the same property conveyed to Sandra K. Gossett n/k/a Sandra K. Heely, by Deed from Larry Grant Forrester and wife, Janeene Forrester, dated October 28, 1998, in Warranty Deed Book 175, Page 505. in the Register???s Office ",
  "docLength" : 0,
  "language" : "EN",
  "status" : "SUBMITTED",
  "modifiedDate" : 1554343181777,
  "documentSet" : [ ],
  "preannotation" : [ ],
  "sentences" : [ {
    "id" : "s0",
    "begin" : 1,
    "end" : 38,
    "text" : "being in the Third Civil District ot?",
    "tokens" : [ {
      "id" : "s0-t0",
      "begin" : 1,
      "end" : 6,
      "text" : "being",
      "whiteSpace" : false
    }, {
      "id" : "s0-t1",
      "begin" : 7,
      "end" : 9,
      "text" : "in",
      "whiteSpace" : false
    }, {
      "id" : "s0-t2",
      "begin" : 10,
      "end" : 13,
      "text" : "the",
      "whiteSpace" : false
    }, {
      "id" : "s0-t3",
      "begin" : 14,
      "end" : 19,
      "text" : "Third",
      "whiteSpace" : false
    }, {
      "id" : "s0-t4",
      "begin" : 20,
      "end" : 25,
      "text" : "Civil",
      "whiteSpace" : false
    }, {
      "id" : "s0-t5",
      "begin" : 26,
      "end" : 34,
      "text" : "District",
      "whiteSpace" : false
    }, {
      "id" : "s0-t6",
      "begin" : 35,
      "end" : 37,
      "text" : "ot",
      "whiteSpace" : false
    }, {
      "id" : "s0-t7",
      "begin" : 37,
      "end" : 38,
      "text" : "?",
      "whiteSpace" : false
    } ]
  }, {
    "id" : "s1",
    "begin" : 38,
    "end" : 49,
    "text" : "??Humphrey?",
    "tokens" : [ {
      "id" : "s1-t0",
      "begin" : 38,
      "end" : 48,
      "text" : "??Humphrey",
      "whiteSpace" : false
    }, {
      "id" : "s1-t1",
      "begin" : 48,
      "end" : 49,
      "text" : "?",
      "whiteSpace" : false
    } ]
  }, {
    "id" : "s2",
    "begin" : 49,
    "end" : 197,
    "text" : "??s County, State of Tennessee, located on approximately 1.1 mile West from the McEwen, Tennessee West City Limit, and being what is known as Lot 2.",
    "tokens" : [ {
      "id" : "s2-t0",
      "begin" : 49,
      "end" : 52,
      "text" : "??s",
      "whiteSpace" : false
    }, {
      "id" : "s2-t1",
      "begin" : 53,
      "end" : 59,
      "text" : "County",
      "whiteSpace" : false
    }, {
      "id" : "s2-t2",
      "begin" : 59,
      "end" : 60,
      "text" : ",",
      "whiteSpace" : false
    }, {
      "id" : "s2-t3",
      "begin" : 61,
      "end" : 66,
      "text" : "State",
      "whiteSpace" : false
    }, {
      "id" : "s2-t4",
      "begin" : 67,
      "end" : 69,
      "text" : "of",
      "whiteSpace" : false
    }, {
      "id" : "s2-t5",
      "begin" : 70,
      "end" : 79,
      "text" : "Tennessee",
      "whiteSpace" : false
    }, {
      "id" : "s2-t6",
      "begin" : 79,
      "end" : 80,
      "text" : ",",
      "whiteSpace" : false
    }, {
      "id" : "s2-t7",
      "begin" : 81,
      "end" : 88,
      "text" : "located",
      "whiteSpace" : false
    }, {
      "id" : "s2-t8",
      "begin" : 89,
      "end" : 91,
      "text" : "on",
      "whiteSpace" : false
    }, {
      "id" : "s2-t9",
      "begin" : 92,
      "end" : 105,
      "text" : "approximately",
      "whiteSpace" : false
    }, {
      "id" : "s2-t10",
      "begin" : 106,
      "end" : 109,
      "text" : "1.1",
      "whiteSpace" : false
    }, {
      "id" : "s2-t11",
      "begin" : 110,
      "end" : 114,
      "text" : "mile",
      "whiteSpace" : false
    }, {
      "id" : "s2-t12",
      "begin" : 115,
      "end" : 119,
      "text" : "West",
      "whiteSpace" : false
    }, {
      "id" : "s2-t13",
      "begin" : 120,
      "end" : 124,
      "text" : "from",
      "whiteSpace" : false
    }, {
      "id" : "s2-t14",
      "begin" : 125,
      "end" : 128,
      "text" : "the",
      "whiteSpace" : false
    }, {
      "id" : "s2-t15",
      "begin" : 129,
      "end" : 135,
      "text" : "McEwen",
      "whiteSpace" : false
    }, {
      "id" : "s2-t16",
      "begin" : 135,
      "end" : 136,
      "text" : ",",
      "whiteSpace" : false
    }, {
      "id" : "s2-t17",
      "begin" : 137,
      "end" : 146,
      "text" : "Tennessee",
      "whiteSpace" : false
    }, {
      "id" : "s2-t18",
      "begin" : 147,
      "end" : 151,
      "text" : "West",
      "whiteSpace" : false
    }, {
      "id" : "s2-t19",
      "begin" : 152,
      "end" : 156,
      "text" : "City",
      "whiteSpace" : false
    }, {
      "id" : "s2-t20",
      "begin" : 157,
      "end" : 162,
      "text" : "Limit",
      "whiteSpace" : false
    }, {
      "id" : "s2-t21",
      "begin" : 162,
      "end" : 163,
      "text" : ",",
      "whiteSpace" : false
    }, {
      "id" : "s2-t22",
      "begin" : 164,
      "end" : 167,
      "text" : "and",
      "whiteSpace" : false
    }, {
      "id" : "s2-t23",
      "begin" : 168,
      "end" : 173,
      "text" : "being",
      "whiteSpace" : false
    }, {
      "id" : "s2-t24",
      "begin" : 174,
      "end" : 178,
      "text" : "what",
      "whiteSpace" : false
    }, {
      "id" : "s2-t25",
      "begin" : 179,
      "end" : 181,
      "text" : "is",
      "whiteSpace" : false
    }, {
      "id" : "s2-t26",
      "begin" : 182,
      "end" : 187,
      "text" : "known",
      "whiteSpace" : false
    }, {
      "id" : "s2-t27",
      "begin" : 188,
      "end" : 190,
      "text" : "as",
      "whiteSpace" : false
    }, {
      "id" : "s2-t28",
      "begin" : 191,
      "end" : 194,
      "text" : "Lot",
      "whiteSpace" : false
    }, {
      "id" : "s2-t29",
      "begin" : 195,
      "end" : 196,
      "text" : "2",
      "whiteSpace" : false
    }, {
      "id" : "s2-t30",
      "begin" : 196,
      "end" : 197,
      "text" : ".",
      "whiteSpace" : false
    } ]
  }, {
    "id" : "s3",
    "begin" : 198,
    "end" : 212,
    "text" : "Section 1, ol?",
    "tokens" : [ {
      "id" : "s3-t0",
      "begin" : 198,
      "end" : 205,
      "text" : "Section",
      "whiteSpace" : false
    }, {
      "id" : "s3-t1",
      "begin" : 206,
      "end" : 207,
      "text" : "1",
      "whiteSpace" : false
    }, {
      "id" : "s3-t2",
      "begin" : 207,
      "end" : 208,
      "text" : ",",
      "whiteSpace" : false
    }, {
      "id" : "s3-t3",
      "begin" : 209,
      "end" : 211,
      "text" : "ol",
      "whiteSpace" : false
    }, {
      "id" : "s3-t4",
      "begin" : 211,
      "end" : 212,
      "text" : "?",
      "whiteSpace" : false
    } ]
  }, {
    "id" : "s4",
    "begin" : 212,
    "end" : 327,
    "text" : "??Windy Hill Subdivision, a plat of said subdivision being of record in Plat Cabinet A. Slide 190, in the Register?",
    "tokens" : [ {
      "id" : "s4-t0",
      "begin" : 212,
      "end" : 219,
      "text" : "??Windy",
      "whiteSpace" : false
    }, {
      "id" : "s4-t1",
      "begin" : 220,
      "end" : 224,
      "text" : "Hill",
      "whiteSpace" : false
    }, {
      "id" : "s4-t2",
      "begin" : 225,
      "end" : 236,
      "text" : "Subdivision",
      "whiteSpace" : false
    }, {
      "id" : "s4-t3",
      "begin" : 236,
      "end" : 237,
      "text" : ",",
      "whiteSpace" : false
    }, {
      "id" : "s4-t4",
      "begin" : 238,
      "end" : 239,
      "text" : "a",
      "whiteSpace" : false
    }, {
      "id" : "s4-t5",
      "begin" : 240,
      "end" : 244,
      "text" : "plat",
      "whiteSpace" : false
    }, {
      "id" : "s4-t6",
      "begin" : 245,
      "end" : 247,
      "text" : "of",
      "whiteSpace" : false
    }, {
      "id" : "s4-t7",
      "begin" : 248,
      "end" : 252,
      "text" : "said",
      "whiteSpace" : false
    }, {
      "id" : "s4-t8",
      "begin" : 253,
      "end" : 264,
      "text" : "subdivision",
      "whiteSpace" : false
    }, {
      "id" : "s4-t9",
      "begin" : 265,
      "end" : 270,
      "text" : "being",
      "whiteSpace" : false
    }, {
      "id" : "s4-t10",
      "begin" : 271,
      "end" : 273,
      "text" : "of",
      "whiteSpace" : false
    }, {
      "id" : "s4-t11",
      "begin" : 274,
      "end" : 280,
      "text" : "record",
      "whiteSpace" : false
    }, {
      "id" : "s4-t12",
      "begin" : 281,
      "end" : 283,
      "text" : "in",
      "whiteSpace" : false
    }, {
      "id" : "s4-t13",
      "begin" : 284,
      "end" : 288,
      "text" : "Plat",
      "whiteSpace" : false
    }, {
      "id" : "s4-t14",
      "begin" : 289,
      "end" : 296,
      "text" : "Cabinet",
      "whiteSpace" : false
    }, {
      "id" : "s4-t15",
      "begin" : 297,
      "end" : 299,
      "text" : "A.",
      "whiteSpace" : false
    }, {
      "id" : "s4-t16",
      "begin" : 300,
      "end" : 305,
      "text" : "Slide",
      "whiteSpace" : false
    }, {
      "id" : "s4-t17",
      "begin" : 306,
      "end" : 309,
      "text" : "190",
      "whiteSpace" : false
    }, {
      "id" : "s4-t18",
      "begin" : 309,
      "end" : 310,
      "text" : ",",
      "whiteSpace" : false
    }, {
      "id" : "s4-t19",
      "begin" : 311,
      "end" : 313,
      "text" : "in",
      "whiteSpace" : false
    }, {
      "id" : "s4-t20",
      "begin" : 314,
      "end" : 317,
      "text" : "the",
      "whiteSpace" : false
    }, {
      "id" : "s4-t21",
      "begin" : 318,
      "end" : 326,
      "text" : "Register",
      "whiteSpace" : false
    }, {
      "id" : "s4-t22",
      "begin" : 326,
      "end" : 327,
      "text" : "?",
      "whiteSpace" : false
    } ]
  }, {
    "id" : "s5",
    "begin" : 327,
    "end" : 334,
    "text" : "??s Of?",
    "tokens" : [ {
      "id" : "s5-t0",
      "begin" : 327,
      "end" : 330,
      "text" : "??s",
      "whiteSpace" : false
    }, {
      "id" : "s5-t1",
      "begin" : 331,
      "end" : 333,
      "text" : "Of",
      "whiteSpace" : false
    }, {
      "id" : "s5-t2",
      "begin" : 333,
      "end" : 334,
      "text" : "?",
      "whiteSpace" : false
    } ]
  }, {
    "id" : "s6",
    "begin" : 334,
    "end" : 351,
    "text" : "??ce of Humphrey?",
    "tokens" : [ {
      "id" : "s6-t0",
      "begin" : 334,
      "end" : 338,
      "text" : "??ce",
      "whiteSpace" : false
    }, {
      "id" : "s6-t1",
      "begin" : 339,
      "end" : 341,
      "text" : "of",
      "whiteSpace" : false
    }, {
      "id" : "s6-t2",
      "begin" : 342,
      "end" : 350,
      "text" : "Humphrey",
      "whiteSpace" : false
    }, {
      "id" : "s6-t3",
      "begin" : 350,
      "end" : 351,
      "text" : "?",
      "whiteSpace" : false
    } ]
  }, {
    "id" : "s7",
    "begin" : 351,
    "end" : 609,
    "text" : "??s County, Tennessee, to which reference is hereby made Being the same property conveyed to Sandra K. Gossett n/k/a Sandra K. Heely, by Deed from Larry Grant Forrester and wife, Janeene Forrester, dated October 28, 1998, in Warranty Deed Book 175, Page 505.",
    "tokens" : [ {
      "id" : "s7-t0",
      "begin" : 351,
      "end" : 354,
      "text" : "??s",
      "whiteSpace" : false
    }, {
      "id" : "s7-t1",
      "begin" : 355,
      "end" : 361,
      "text" : "County",
      "whiteSpace" : false
    }, {
      "id" : "s7-t2",
      "begin" : 361,
      "end" : 362,
      "text" : ",",
      "whiteSpace" : false
    }, {
      "id" : "s7-t3",
      "begin" : 363,
      "end" : 372,
      "text" : "Tennessee",
      "whiteSpace" : false
    }, {
      "id" : "s7-t4",
      "begin" : 372,
      "end" : 373,
      "text" : ",",
      "whiteSpace" : false
    }, {
      "id" : "s7-t5",
      "begin" : 374,
      "end" : 376,
      "text" : "to",
      "whiteSpace" : false
    }, {
      "id" : "s7-t6",
      "begin" : 377,
      "end" : 382,
      "text" : "which",
      "whiteSpace" : false
    }, {
      "id" : "s7-t7",
      "begin" : 383,
      "end" : 392,
      "text" : "reference",
      "whiteSpace" : false
    }, {
      "id" : "s7-t8",
      "begin" : 393,
      "end" : 395,
      "text" : "is",
      "whiteSpace" : false
    }, {
      "id" : "s7-t9",
      "begin" : 396,
      "end" : 402,
      "text" : "hereby",
      "whiteSpace" : false
    }, {
      "id" : "s7-t10",
      "begin" : 403,
      "end" : 407,
      "text" : "made",
      "whiteSpace" : false
    }, {
      "id" : "s7-t11",
      "begin" : 408,
      "end" : 413,
      "text" : "Being",
      "whiteSpace" : false
    }, {
      "id" : "s7-t12",
      "begin" : 414,
      "end" : 417,
      "text" : "the",
      "whiteSpace" : false
    }, {
      "id" : "s7-t13",
      "begin" : 418,
      "end" : 422,
      "text" : "same",
      "whiteSpace" : false
    }, {
      "id" : "s7-t14",
      "begin" : 423,
      "end" : 431,
      "text" : "property",
      "whiteSpace" : false
    }, {
      "id" : "s7-t15",
      "begin" : 432,
      "end" : 440,
      "text" : "conveyed",
      "whiteSpace" : false
    }, {
      "id" : "s7-t16",
      "begin" : 441,
      "end" : 443,
      "text" : "to",
      "whiteSpace" : false
    }, {
      "id" : "s7-t17",
      "begin" : 444,
      "end" : 450,
      "text" : "Sandra",
      "whiteSpace" : false
    }, {
      "id" : "s7-t18",
      "begin" : 451,
      "end" : 453,
      "text" : "K.",
      "whiteSpace" : false
    }, {
      "id" : "s7-t19",
      "begin" : 454,
      "end" : 461,
      "text" : "Gossett",
      "whiteSpace" : false
    }, {
      "id" : "s7-t20",
      "begin" : 462,
      "end" : 463,
      "text" : "n",
      "whiteSpace" : false
    }, {
      "id" : "s7-t21",
      "begin" : 463,
      "end" : 464,
      "text" : "/",
      "whiteSpace" : false
    }, {
      "id" : "s7-t22",
      "begin" : 464,
      "end" : 467,
      "text" : "k/a",
      "whiteSpace" : false
    }, {
      "id" : "s7-t23",
      "begin" : 468,
      "end" : 474,
      "text" : "Sandra",
      "whiteSpace" : false
    }, {
      "id" : "s7-t24",
      "begin" : 475,
      "end" : 477,
      "text" : "K.",
      "whiteSpace" : false
    }, {
      "id" : "s7-t25",
      "begin" : 478,
      "end" : 483,
      "text" : "Heely",
      "whiteSpace" : false
    }, {
      "id" : "s7-t26",
      "begin" : 483,
      "end" : 484,
      "text" : ",",
      "whiteSpace" : false
    }, {
      "id" : "s7-t27",
      "begin" : 485,
      "end" : 487,
      "text" : "by",
      "whiteSpace" : false
    }, {
      "id" : "s7-t28",
      "begin" : 488,
      "end" : 492,
      "text" : "Deed",
      "whiteSpace" : false
    }, {
      "id" : "s7-t29",
      "begin" : 493,
      "end" : 497,
      "text" : "from",
      "whiteSpace" : false
    }, {
      "id" : "s7-t30",
      "begin" : 498,
      "end" : 503,
      "text" : "Larry",
      "whiteSpace" : false
    }, {
      "id" : "s7-t31",
      "begin" : 504,
      "end" : 509,
      "text" : "Grant",
      "whiteSpace" : false
    }, {
      "id" : "s7-t32",
      "begin" : 510,
      "end" : 519,
      "text" : "Forrester",
      "whiteSpace" : false
    }, {
      "id" : "s7-t33",
      "begin" : 520,
      "end" : 523,
      "text" : "and",
      "whiteSpace" : false
    }, {
      "id" : "s7-t34",
      "begin" : 524,
      "end" : 528,
      "text" : "wife",
      "whiteSpace" : false
    }, {
      "id" : "s7-t35",
      "begin" : 528,
      "end" : 529,
      "text" : ",",
      "whiteSpace" : false
    }, {
      "id" : "s7-t36",
      "begin" : 530,
      "end" : 537,
      "text" : "Janeene",
      "whiteSpace" : false
    }, {
      "id" : "s7-t37",
      "begin" : 538,
      "end" : 547,
      "text" : "Forrester",
      "whiteSpace" : false
    }, {
      "id" : "s7-t38",
      "begin" : 547,
      "end" : 548,
      "text" : ",",
      "whiteSpace" : false
    }, {
      "id" : "s7-t39",
      "begin" : 549,
      "end" : 554,
      "text" : "dated",
      "whiteSpace" : false
    }, {
      "id" : "s7-t40",
      "begin" : 555,
      "end" : 562,
      "text" : "October",
      "whiteSpace" : false
    }, {
      "id" : "s7-t41",
      "begin" : 563,
      "end" : 565,
      "text" : "28",
      "whiteSpace" : false
    }, {
      "id" : "s7-t42",
      "begin" : 565,
      "end" : 566,
      "text" : ",",
      "whiteSpace" : false
    }, {
      "id" : "s7-t43",
      "begin" : 567,
      "end" : 571,
      "text" : "1998",
      "whiteSpace" : false
    }, {
      "id" : "s7-t44",
      "begin" : 571,
      "end" : 572,
      "text" : ",",
      "whiteSpace" : false
    }, {
      "id" : "s7-t45",
      "begin" : 573,
      "end" : 575,
      "text" : "in",
      "whiteSpace" : false
    }, {
      "id" : "s7-t46",
      "begin" : 576,
      "end" : 584,
      "text" : "Warranty",
      "whiteSpace" : false
    }, {
      "id" : "s7-t47",
      "begin" : 585,
      "end" : 589,
      "text" : "Deed",
      "whiteSpace" : false
    }, {
      "id" : "s7-t48",
      "begin" : 590,
      "end" : 594,
      "text" : "Book",
      "whiteSpace" : false
    }, {
      "id" : "s7-t49",
      "begin" : 595,
      "end" : 598,
      "text" : "175",
      "whiteSpace" : false
    }, {
      "id" : "s7-t50",
      "begin" : 598,
      "end" : 599,
      "text" : ",",
      "whiteSpace" : false
    }, {
      "id" : "s7-t51",
      "begin" : 600,
      "end" : 604,
      "text" : "Page",
      "whiteSpace" : false
    }, {
      "id" : "s7-t52",
      "begin" : 605,
      "end" : 608,
      "text" : "505",
      "whiteSpace" : false
    }, {
      "id" : "s7-t53",
      "begin" : 608,
      "end" : 609,
      "text" : ".",
      "whiteSpace" : false
    } ]
  }, {
    "id" : "s8",
    "begin" : 610,
    "end" : 626,
    "text" : "in the Register?",
    "tokens" : [ {
      "id" : "s8-t0",
      "begin" : 610,
      "end" : 612,
      "text" : "in",
      "whiteSpace" : false
    }, {
      "id" : "s8-t1",
      "begin" : 613,
      "end" : 616,
      "text" : "the",
      "whiteSpace" : false
    }, {
      "id" : "s8-t2",
      "begin" : 617,
      "end" : 625,
      "text" : "Register",
      "whiteSpace" : false
    }, {
      "id" : "s8-t3",
      "begin" : 625,
      "end" : 626,
      "text" : "?",
      "whiteSpace" : false
    } ]
  }, {
    "id" : "s9",
    "begin" : 626,
    "end" : 636,
    "text" : "??s Office",
    "tokens" : [ {
      "id" : "s9-t0",
      "begin" : 626,
      "end" : 629,
      "text" : "??s",
      "whiteSpace" : false
    }, {
      "id" : "s9-t1",
      "begin" : 630,
      "end" : 636,
      "text" : "Office",
      "whiteSpace" : false
    } ]
  } ],
  "mentions" : [ {
    "id" : "s7-m1",
    "properties" : {
      "SIRE_MENTION_ROLE" : "WarrDeedBookNum",
      "SIRE_ENTITY_SUBTYPE" : "NONE",
      "SIRE_MENTION_TYPE" : "NONE",
      "SIRE_MENTION_CLASS" : "SPC"
    },
    "type" : "WarrDeedBookNum",
    "begin" : 595,
    "end" : 598,
    "inCoref" : false
  }, {
    "id" : "s7-m2",
    "properties" : {
      "SIRE_MENTION_ROLE" : "WarrDeedPageNum",
      "SIRE_ENTITY_SUBTYPE" : "NONE",
      "SIRE_MENTION_TYPE" : "NONE",
      "SIRE_MENTION_CLASS" : "SPC"
    },
    "type" : "WarrDeedPageNum",
    "begin" : 605,
    "end" : 608,
    "inCoref" : false
  } ],
  "relations" : [ ],
  "corefs" : [ ],
  "typeResolved" : true,
  "userResolved" : false
}