{
  "id" : "5dd72ce0-5686-11e9-84a6-df86f9fa5a66-17",
  "name" : "WD1-28_9.txt",
  "createdDate" : 0,
  "version" : 3,
  "text" : "FOR AND IN CONSIDERATION of the sum of TEN AND N0/100 DOLLARS ($10.00) cash in hand paid and other good and valuable consideration, the receipt of which is hereby acknowledged, CASS RYE (???Grantor???) has bargained and sold, and by these presents transfer and convey unto PHIL J. AVERITT and wife, REBECCA L. AVERITT (???Grantees???), their heirs, successors and assigns, his interest in two certain tracts or parcels of land in the First Civil District of Humphreys County, Tennessee, and being more particularly described as follows",
  "docLength" : 0,
  "language" : "EN",
  "status" : "SUBMITTED",
  "modifiedDate" : 1554348418330,
  "documentSet" : [ ],
  "preannotation" : [ ],
  "sentences" : [ {
    "id" : "s0",
    "begin" : 0,
    "end" : 198,
    "text" : "FOR AND IN CONSIDERATION of the sum of TEN AND N0/100 DOLLARS ($10.00) cash in hand paid and other good and valuable consideration, the receipt of which is hereby acknowledged, CASS RYE (???Grantor?",
    "tokens" : [ {
      "id" : "s0-t0",
      "begin" : 0,
      "end" : 3,
      "text" : "FOR",
      "whiteSpace" : false
    }, {
      "id" : "s0-t1",
      "begin" : 4,
      "end" : 7,
      "text" : "AND",
      "whiteSpace" : false
    }, {
      "id" : "s0-t2",
      "begin" : 8,
      "end" : 10,
      "text" : "IN",
      "whiteSpace" : false
    }, {
      "id" : "s0-t3",
      "begin" : 11,
      "end" : 24,
      "text" : "CONSIDERATION",
      "whiteSpace" : false
    }, {
      "id" : "s0-t4",
      "begin" : 25,
      "end" : 27,
      "text" : "of",
      "whiteSpace" : false
    }, {
      "id" : "s0-t5",
      "begin" : 28,
      "end" : 31,
      "text" : "the",
      "whiteSpace" : false
    }, {
      "id" : "s0-t6",
      "begin" : 32,
      "end" : 35,
      "text" : "sum",
      "whiteSpace" : false
    }, {
      "id" : "s0-t7",
      "begin" : 36,
      "end" : 38,
      "text" : "of",
      "whiteSpace" : false
    }, {
      "id" : "s0-t8",
      "begin" : 39,
      "end" : 42,
      "text" : "TEN",
      "whiteSpace" : false
    }, {
      "id" : "s0-t9",
      "begin" : 43,
      "end" : 46,
      "text" : "AND",
      "whiteSpace" : false
    }, {
      "id" : "s0-t10",
      "begin" : 47,
      "end" : 53,
      "text" : "N0/100",
      "whiteSpace" : false
    }, {
      "id" : "s0-t11",
      "begin" : 54,
      "end" : 61,
      "text" : "DOLLARS",
      "whiteSpace" : false
    }, {
      "id" : "s0-t12",
      "begin" : 62,
      "end" : 63,
      "text" : "(",
      "whiteSpace" : false
    }, {
      "id" : "s0-t13",
      "begin" : 63,
      "end" : 64,
      "text" : "$",
      "whiteSpace" : false
    }, {
      "id" : "s0-t14",
      "begin" : 64,
      "end" : 69,
      "text" : "10.00",
      "whiteSpace" : false
    }, {
      "id" : "s0-t15",
      "begin" : 69,
      "end" : 70,
      "text" : ")",
      "whiteSpace" : false
    }, {
      "id" : "s0-t16",
      "begin" : 71,
      "end" : 75,
      "text" : "cash",
      "whiteSpace" : false
    }, {
      "id" : "s0-t17",
      "begin" : 76,
      "end" : 78,
      "text" : "in",
      "whiteSpace" : false
    }, {
      "id" : "s0-t18",
      "begin" : 79,
      "end" : 83,
      "text" : "hand",
      "whiteSpace" : false
    }, {
      "id" : "s0-t19",
      "begin" : 84,
      "end" : 88,
      "text" : "paid",
      "whiteSpace" : false
    }, {
      "id" : "s0-t20",
      "begin" : 89,
      "end" : 92,
      "text" : "and",
      "whiteSpace" : false
    }, {
      "id" : "s0-t21",
      "begin" : 93,
      "end" : 98,
      "text" : "other",
      "whiteSpace" : false
    }, {
      "id" : "s0-t22",
      "begin" : 99,
      "end" : 103,
      "text" : "good",
      "whiteSpace" : false
    }, {
      "id" : "s0-t23",
      "begin" : 104,
      "end" : 107,
      "text" : "and",
      "whiteSpace" : false
    }, {
      "id" : "s0-t24",
      "begin" : 108,
      "end" : 116,
      "text" : "valuable",
      "whiteSpace" : false
    }, {
      "id" : "s0-t25",
      "begin" : 117,
      "end" : 130,
      "text" : "consideration",
      "whiteSpace" : false
    }, {
      "id" : "s0-t26",
      "begin" : 130,
      "end" : 131,
      "text" : ",",
      "whiteSpace" : false
    }, {
      "id" : "s0-t27",
      "begin" : 132,
      "end" : 135,
      "text" : "the",
      "whiteSpace" : false
    }, {
      "id" : "s0-t28",
      "begin" : 136,
      "end" : 143,
      "text" : "receipt",
      "whiteSpace" : false
    }, {
      "id" : "s0-t29",
      "begin" : 144,
      "end" : 146,
      "text" : "of",
      "whiteSpace" : false
    }, {
      "id" : "s0-t30",
      "begin" : 147,
      "end" : 152,
      "text" : "which",
      "whiteSpace" : false
    }, {
      "id" : "s0-t31",
      "begin" : 153,
      "end" : 155,
      "text" : "is",
      "whiteSpace" : false
    }, {
      "id" : "s0-t32",
      "begin" : 156,
      "end" : 162,
      "text" : "hereby",
      "whiteSpace" : false
    }, {
      "id" : "s0-t33",
      "begin" : 163,
      "end" : 175,
      "text" : "acknowledged",
      "whiteSpace" : false
    }, {
      "id" : "s0-t34",
      "begin" : 175,
      "end" : 176,
      "text" : ",",
      "whiteSpace" : false
    }, {
      "id" : "s0-t35",
      "begin" : 177,
      "end" : 181,
      "text" : "CASS",
      "whiteSpace" : false
    }, {
      "id" : "s0-t36",
      "begin" : 182,
      "end" : 185,
      "text" : "RYE",
      "whiteSpace" : false
    }, {
      "id" : "s0-t37",
      "begin" : 186,
      "end" : 187,
      "text" : "(",
      "whiteSpace" : false
    }, {
      "id" : "s0-t38",
      "begin" : 187,
      "end" : 197,
      "text" : "???Grantor",
      "whiteSpace" : false
    }, {
      "id" : "s0-t39",
      "begin" : 197,
      "end" : 198,
      "text" : "?",
      "whiteSpace" : false
    } ]
  }, {
    "id" : "s1",
    "begin" : 198,
    "end" : 331,
    "text" : "??) has bargained and sold, and by these presents transfer and convey unto PHIL J. AVERITT and wife, REBECCA L. AVERITT (???Grantees?",
    "tokens" : [ {
      "id" : "s1-t0",
      "begin" : 198,
      "end" : 200,
      "text" : "??",
      "whiteSpace" : false
    }, {
      "id" : "s1-t1",
      "begin" : 200,
      "end" : 201,
      "text" : ")",
      "whiteSpace" : false
    }, {
      "id" : "s1-t2",
      "begin" : 202,
      "end" : 205,
      "text" : "has",
      "whiteSpace" : false
    }, {
      "id" : "s1-t3",
      "begin" : 206,
      "end" : 215,
      "text" : "bargained",
      "whiteSpace" : false
    }, {
      "id" : "s1-t4",
      "begin" : 216,
      "end" : 219,
      "text" : "and",
      "whiteSpace" : false
    }, {
      "id" : "s1-t5",
      "begin" : 220,
      "end" : 224,
      "text" : "sold",
      "whiteSpace" : false
    }, {
      "id" : "s1-t6",
      "begin" : 224,
      "end" : 225,
      "text" : ",",
      "whiteSpace" : false
    }, {
      "id" : "s1-t7",
      "begin" : 226,
      "end" : 229,
      "text" : "and",
      "whiteSpace" : false
    }, {
      "id" : "s1-t8",
      "begin" : 230,
      "end" : 232,
      "text" : "by",
      "whiteSpace" : false
    }, {
      "id" : "s1-t9",
      "begin" : 233,
      "end" : 238,
      "text" : "these",
      "whiteSpace" : false
    }, {
      "id" : "s1-t10",
      "begin" : 239,
      "end" : 247,
      "text" : "presents",
      "whiteSpace" : false
    }, {
      "id" : "s1-t11",
      "begin" : 248,
      "end" : 256,
      "text" : "transfer",
      "whiteSpace" : false
    }, {
      "id" : "s1-t12",
      "begin" : 257,
      "end" : 260,
      "text" : "and",
      "whiteSpace" : false
    }, {
      "id" : "s1-t13",
      "begin" : 261,
      "end" : 267,
      "text" : "convey",
      "whiteSpace" : false
    }, {
      "id" : "s1-t14",
      "begin" : 268,
      "end" : 272,
      "text" : "unto",
      "whiteSpace" : false
    }, {
      "id" : "s1-t15",
      "begin" : 273,
      "end" : 277,
      "text" : "PHIL",
      "whiteSpace" : false
    }, {
      "id" : "s1-t16",
      "begin" : 278,
      "end" : 280,
      "text" : "J.",
      "whiteSpace" : false
    }, {
      "id" : "s1-t17",
      "begin" : 281,
      "end" : 288,
      "text" : "AVERITT",
      "whiteSpace" : false
    }, {
      "id" : "s1-t18",
      "begin" : 289,
      "end" : 292,
      "text" : "and",
      "whiteSpace" : false
    }, {
      "id" : "s1-t19",
      "begin" : 293,
      "end" : 297,
      "text" : "wife",
      "whiteSpace" : false
    }, {
      "id" : "s1-t20",
      "begin" : 297,
      "end" : 298,
      "text" : ",",
      "whiteSpace" : false
    }, {
      "id" : "s1-t21",
      "begin" : 299,
      "end" : 306,
      "text" : "REBECCA",
      "whiteSpace" : false
    }, {
      "id" : "s1-t22",
      "begin" : 307,
      "end" : 309,
      "text" : "L.",
      "whiteSpace" : false
    }, {
      "id" : "s1-t23",
      "begin" : 310,
      "end" : 317,
      "text" : "AVERITT",
      "whiteSpace" : false
    }, {
      "id" : "s1-t24",
      "begin" : 318,
      "end" : 319,
      "text" : "(",
      "whiteSpace" : false
    }, {
      "id" : "s1-t25",
      "begin" : 319,
      "end" : 330,
      "text" : "???Grantees",
      "whiteSpace" : false
    }, {
      "id" : "s1-t26",
      "begin" : 330,
      "end" : 331,
      "text" : "?",
      "whiteSpace" : false
    } ]
  }, {
    "id" : "s2",
    "begin" : 331,
    "end" : 535,
    "text" : "??), their heirs, successors and assigns, his interest in two certain tracts or parcels of land in the First Civil District of Humphreys County, Tennessee, and being more particularly described as follows",
    "tokens" : [ {
      "id" : "s2-t0",
      "begin" : 331,
      "end" : 333,
      "text" : "??",
      "whiteSpace" : false
    }, {
      "id" : "s2-t1",
      "begin" : 333,
      "end" : 334,
      "text" : ")",
      "whiteSpace" : false
    }, {
      "id" : "s2-t2",
      "begin" : 334,
      "end" : 335,
      "text" : ",",
      "whiteSpace" : false
    }, {
      "id" : "s2-t3",
      "begin" : 336,
      "end" : 341,
      "text" : "their",
      "whiteSpace" : false
    }, {
      "id" : "s2-t4",
      "begin" : 342,
      "end" : 347,
      "text" : "heirs",
      "whiteSpace" : false
    }, {
      "id" : "s2-t5",
      "begin" : 347,
      "end" : 348,
      "text" : ",",
      "whiteSpace" : false
    }, {
      "id" : "s2-t6",
      "begin" : 349,
      "end" : 359,
      "text" : "successors",
      "whiteSpace" : false
    }, {
      "id" : "s2-t7",
      "begin" : 360,
      "end" : 363,
      "text" : "and",
      "whiteSpace" : false
    }, {
      "id" : "s2-t8",
      "begin" : 364,
      "end" : 371,
      "text" : "assigns",
      "whiteSpace" : false
    }, {
      "id" : "s2-t9",
      "begin" : 371,
      "end" : 372,
      "text" : ",",
      "whiteSpace" : false
    }, {
      "id" : "s2-t10",
      "begin" : 373,
      "end" : 376,
      "text" : "his",
      "whiteSpace" : false
    }, {
      "id" : "s2-t11",
      "begin" : 377,
      "end" : 385,
      "text" : "interest",
      "whiteSpace" : false
    }, {
      "id" : "s2-t12",
      "begin" : 386,
      "end" : 388,
      "text" : "in",
      "whiteSpace" : false
    }, {
      "id" : "s2-t13",
      "begin" : 389,
      "end" : 392,
      "text" : "two",
      "whiteSpace" : false
    }, {
      "id" : "s2-t14",
      "begin" : 393,
      "end" : 400,
      "text" : "certain",
      "whiteSpace" : false
    }, {
      "id" : "s2-t15",
      "begin" : 401,
      "end" : 407,
      "text" : "tracts",
      "whiteSpace" : false
    }, {
      "id" : "s2-t16",
      "begin" : 408,
      "end" : 410,
      "text" : "or",
      "whiteSpace" : false
    }, {
      "id" : "s2-t17",
      "begin" : 411,
      "end" : 418,
      "text" : "parcels",
      "whiteSpace" : false
    }, {
      "id" : "s2-t18",
      "begin" : 419,
      "end" : 421,
      "text" : "of",
      "whiteSpace" : false
    }, {
      "id" : "s2-t19",
      "begin" : 422,
      "end" : 426,
      "text" : "land",
      "whiteSpace" : false
    }, {
      "id" : "s2-t20",
      "begin" : 427,
      "end" : 429,
      "text" : "in",
      "whiteSpace" : false
    }, {
      "id" : "s2-t21",
      "begin" : 430,
      "end" : 433,
      "text" : "the",
      "whiteSpace" : false
    }, {
      "id" : "s2-t22",
      "begin" : 434,
      "end" : 439,
      "text" : "First",
      "whiteSpace" : false
    }, {
      "id" : "s2-t23",
      "begin" : 440,
      "end" : 445,
      "text" : "Civil",
      "whiteSpace" : false
    }, {
      "id" : "s2-t24",
      "begin" : 446,
      "end" : 454,
      "text" : "District",
      "whiteSpace" : false
    }, {
      "id" : "s2-t25",
      "begin" : 455,
      "end" : 457,
      "text" : "of",
      "whiteSpace" : false
    }, {
      "id" : "s2-t26",
      "begin" : 458,
      "end" : 467,
      "text" : "Humphreys",
      "whiteSpace" : false
    }, {
      "id" : "s2-t27",
      "begin" : 468,
      "end" : 474,
      "text" : "County",
      "whiteSpace" : false
    }, {
      "id" : "s2-t28",
      "begin" : 474,
      "end" : 475,
      "text" : ",",
      "whiteSpace" : false
    }, {
      "id" : "s2-t29",
      "begin" : 476,
      "end" : 485,
      "text" : "Tennessee",
      "whiteSpace" : false
    }, {
      "id" : "s2-t30",
      "begin" : 485,
      "end" : 486,
      "text" : ",",
      "whiteSpace" : false
    }, {
      "id" : "s2-t31",
      "begin" : 487,
      "end" : 490,
      "text" : "and",
      "whiteSpace" : false
    }, {
      "id" : "s2-t32",
      "begin" : 491,
      "end" : 496,
      "text" : "being",
      "whiteSpace" : false
    }, {
      "id" : "s2-t33",
      "begin" : 497,
      "end" : 501,
      "text" : "more",
      "whiteSpace" : false
    }, {
      "id" : "s2-t34",
      "begin" : 502,
      "end" : 514,
      "text" : "particularly",
      "whiteSpace" : false
    }, {
      "id" : "s2-t35",
      "begin" : 515,
      "end" : 524,
      "text" : "described",
      "whiteSpace" : false
    }, {
      "id" : "s2-t36",
      "begin" : 525,
      "end" : 527,
      "text" : "as",
      "whiteSpace" : false
    }, {
      "id" : "s2-t37",
      "begin" : 528,
      "end" : 535,
      "text" : "follows",
      "whiteSpace" : false
    } ]
  } ],
  "mentions" : [ {
    "id" : "s0-m1",
    "properties" : {
      "SIRE_MENTION_ROLE" : "Grantor",
      "SIRE_ENTITY_SUBTYPE" : "NONE",
      "SIRE_MENTION_TYPE" : "NONE",
      "SIRE_MENTION_CLASS" : "SPC"
    },
    "type" : "Grantor",
    "begin" : 177,
    "end" : 185,
    "inCoref" : false
  }, {
    "id" : "s1-m1",
    "properties" : {
      "SIRE_MENTION_ROLE" : "Grantee",
      "SIRE_ENTITY_SUBTYPE" : "NONE",
      "SIRE_MENTION_TYPE" : "NONE",
      "SIRE_MENTION_CLASS" : "SPC"
    },
    "type" : "Grantee",
    "begin" : 273,
    "end" : 288,
    "inCoref" : false
  }, {
    "id" : "s1-m2",
    "properties" : {
      "SIRE_MENTION_ROLE" : "Grantee",
      "SIRE_ENTITY_SUBTYPE" : "NONE",
      "SIRE_MENTION_TYPE" : "NONE",
      "SIRE_MENTION_CLASS" : "SPC"
    },
    "type" : "Grantee",
    "begin" : 299,
    "end" : 317,
    "inCoref" : false
  } ],
  "relations" : [ ],
  "corefs" : [ ],
  "typeResolved" : true,
  "userResolved" : false
}