{
  "id" : "5dd72ce0-5686-11e9-84a6-df86f9fa5a66-19",
  "name" : "WD1-29_1.txt",
  "createdDate" : 0,
  "version" : 3,
  "text" : "For and in consideration of the sum of TEN AND NO/ 100 ($10.00) DOLLARS, cash in hand paid, and other good and valuable considerations, the receipt of which is hereby acknowledged, 1, JOHN P. FLORENCE, this date have bargained and sold, and by these presents do transfer and convey unto J. M. HENRY, his heirs and assigns, a certain tract or parcel of land in the Third District of Humphreys County, Tennessee, as follows",
  "docLength" : 0,
  "language" : "EN",
  "status" : "SUBMITTED",
  "modifiedDate" : 1554348433263,
  "documentSet" : [ ],
  "preannotation" : [ ],
  "sentences" : [ {
    "id" : "s0",
    "begin" : 0,
    "end" : 421,
    "text" : "For and in consideration of the sum of TEN AND NO/ 100 ($10.00) DOLLARS, cash in hand paid, and other good and valuable considerations, the receipt of which is hereby acknowledged, 1, JOHN P. FLORENCE, this date have bargained and sold, and by these presents do transfer and convey unto J. M. HENRY, his heirs and assigns, a certain tract or parcel of land in the Third District of Humphreys County, Tennessee, as follows",
    "tokens" : [ {
      "id" : "s0-t0",
      "begin" : 0,
      "end" : 3,
      "text" : "For",
      "whiteSpace" : false
    }, {
      "id" : "s0-t1",
      "begin" : 4,
      "end" : 7,
      "text" : "and",
      "whiteSpace" : false
    }, {
      "id" : "s0-t2",
      "begin" : 8,
      "end" : 10,
      "text" : "in",
      "whiteSpace" : false
    }, {
      "id" : "s0-t3",
      "begin" : 11,
      "end" : 24,
      "text" : "consideration",
      "whiteSpace" : false
    }, {
      "id" : "s0-t4",
      "begin" : 25,
      "end" : 27,
      "text" : "of",
      "whiteSpace" : false
    }, {
      "id" : "s0-t5",
      "begin" : 28,
      "end" : 31,
      "text" : "the",
      "whiteSpace" : false
    }, {
      "id" : "s0-t6",
      "begin" : 32,
      "end" : 35,
      "text" : "sum",
      "whiteSpace" : false
    }, {
      "id" : "s0-t7",
      "begin" : 36,
      "end" : 38,
      "text" : "of",
      "whiteSpace" : false
    }, {
      "id" : "s0-t8",
      "begin" : 39,
      "end" : 42,
      "text" : "TEN",
      "whiteSpace" : false
    }, {
      "id" : "s0-t9",
      "begin" : 43,
      "end" : 46,
      "text" : "AND",
      "whiteSpace" : false
    }, {
      "id" : "s0-t10",
      "begin" : 47,
      "end" : 50,
      "text" : "NO/",
      "whiteSpace" : false
    }, {
      "id" : "s0-t11",
      "begin" : 51,
      "end" : 54,
      "text" : "100",
      "whiteSpace" : false
    }, {
      "id" : "s0-t12",
      "begin" : 55,
      "end" : 56,
      "text" : "(",
      "whiteSpace" : false
    }, {
      "id" : "s0-t13",
      "begin" : 56,
      "end" : 57,
      "text" : "$",
      "whiteSpace" : false
    }, {
      "id" : "s0-t14",
      "begin" : 57,
      "end" : 62,
      "text" : "10.00",
      "whiteSpace" : false
    }, {
      "id" : "s0-t15",
      "begin" : 62,
      "end" : 63,
      "text" : ")",
      "whiteSpace" : false
    }, {
      "id" : "s0-t16",
      "begin" : 64,
      "end" : 71,
      "text" : "DOLLARS",
      "whiteSpace" : false
    }, {
      "id" : "s0-t17",
      "begin" : 71,
      "end" : 72,
      "text" : ",",
      "whiteSpace" : false
    }, {
      "id" : "s0-t18",
      "begin" : 73,
      "end" : 77,
      "text" : "cash",
      "whiteSpace" : false
    }, {
      "id" : "s0-t19",
      "begin" : 78,
      "end" : 80,
      "text" : "in",
      "whiteSpace" : false
    }, {
      "id" : "s0-t20",
      "begin" : 81,
      "end" : 85,
      "text" : "hand",
      "whiteSpace" : false
    }, {
      "id" : "s0-t21",
      "begin" : 86,
      "end" : 90,
      "text" : "paid",
      "whiteSpace" : false
    }, {
      "id" : "s0-t22",
      "begin" : 90,
      "end" : 91,
      "text" : ",",
      "whiteSpace" : false
    }, {
      "id" : "s0-t23",
      "begin" : 92,
      "end" : 95,
      "text" : "and",
      "whiteSpace" : false
    }, {
      "id" : "s0-t24",
      "begin" : 96,
      "end" : 101,
      "text" : "other",
      "whiteSpace" : false
    }, {
      "id" : "s0-t25",
      "begin" : 102,
      "end" : 106,
      "text" : "good",
      "whiteSpace" : false
    }, {
      "id" : "s0-t26",
      "begin" : 107,
      "end" : 110,
      "text" : "and",
      "whiteSpace" : false
    }, {
      "id" : "s0-t27",
      "begin" : 111,
      "end" : 119,
      "text" : "valuable",
      "whiteSpace" : false
    }, {
      "id" : "s0-t28",
      "begin" : 120,
      "end" : 134,
      "text" : "considerations",
      "whiteSpace" : false
    }, {
      "id" : "s0-t29",
      "begin" : 134,
      "end" : 135,
      "text" : ",",
      "whiteSpace" : false
    }, {
      "id" : "s0-t30",
      "begin" : 136,
      "end" : 139,
      "text" : "the",
      "whiteSpace" : false
    }, {
      "id" : "s0-t31",
      "begin" : 140,
      "end" : 147,
      "text" : "receipt",
      "whiteSpace" : false
    }, {
      "id" : "s0-t32",
      "begin" : 148,
      "end" : 150,
      "text" : "of",
      "whiteSpace" : false
    }, {
      "id" : "s0-t33",
      "begin" : 151,
      "end" : 156,
      "text" : "which",
      "whiteSpace" : false
    }, {
      "id" : "s0-t34",
      "begin" : 157,
      "end" : 159,
      "text" : "is",
      "whiteSpace" : false
    }, {
      "id" : "s0-t35",
      "begin" : 160,
      "end" : 166,
      "text" : "hereby",
      "whiteSpace" : false
    }, {
      "id" : "s0-t36",
      "begin" : 167,
      "end" : 179,
      "text" : "acknowledged",
      "whiteSpace" : false
    }, {
      "id" : "s0-t37",
      "begin" : 179,
      "end" : 180,
      "text" : ",",
      "whiteSpace" : false
    }, {
      "id" : "s0-t38",
      "begin" : 181,
      "end" : 182,
      "text" : "1",
      "whiteSpace" : false
    }, {
      "id" : "s0-t39",
      "begin" : 182,
      "end" : 183,
      "text" : ",",
      "whiteSpace" : false
    }, {
      "id" : "s0-t40",
      "begin" : 184,
      "end" : 188,
      "text" : "JOHN",
      "whiteSpace" : false
    }, {
      "id" : "s0-t41",
      "begin" : 189,
      "end" : 191,
      "text" : "P.",
      "whiteSpace" : false
    }, {
      "id" : "s0-t42",
      "begin" : 192,
      "end" : 200,
      "text" : "FLORENCE",
      "whiteSpace" : false
    }, {
      "id" : "s0-t43",
      "begin" : 200,
      "end" : 201,
      "text" : ",",
      "whiteSpace" : false
    }, {
      "id" : "s0-t44",
      "begin" : 202,
      "end" : 206,
      "text" : "this",
      "whiteSpace" : false
    }, {
      "id" : "s0-t45",
      "begin" : 207,
      "end" : 211,
      "text" : "date",
      "whiteSpace" : false
    }, {
      "id" : "s0-t46",
      "begin" : 212,
      "end" : 216,
      "text" : "have",
      "whiteSpace" : false
    }, {
      "id" : "s0-t47",
      "begin" : 217,
      "end" : 226,
      "text" : "bargained",
      "whiteSpace" : false
    }, {
      "id" : "s0-t48",
      "begin" : 227,
      "end" : 230,
      "text" : "and",
      "whiteSpace" : false
    }, {
      "id" : "s0-t49",
      "begin" : 231,
      "end" : 235,
      "text" : "sold",
      "whiteSpace" : false
    }, {
      "id" : "s0-t50",
      "begin" : 235,
      "end" : 236,
      "text" : ",",
      "whiteSpace" : false
    }, {
      "id" : "s0-t51",
      "begin" : 237,
      "end" : 240,
      "text" : "and",
      "whiteSpace" : false
    }, {
      "id" : "s0-t52",
      "begin" : 241,
      "end" : 243,
      "text" : "by",
      "whiteSpace" : false
    }, {
      "id" : "s0-t53",
      "begin" : 244,
      "end" : 249,
      "text" : "these",
      "whiteSpace" : false
    }, {
      "id" : "s0-t54",
      "begin" : 250,
      "end" : 258,
      "text" : "presents",
      "whiteSpace" : false
    }, {
      "id" : "s0-t55",
      "begin" : 259,
      "end" : 261,
      "text" : "do",
      "whiteSpace" : false
    }, {
      "id" : "s0-t56",
      "begin" : 262,
      "end" : 270,
      "text" : "transfer",
      "whiteSpace" : false
    }, {
      "id" : "s0-t57",
      "begin" : 271,
      "end" : 274,
      "text" : "and",
      "whiteSpace" : false
    }, {
      "id" : "s0-t58",
      "begin" : 275,
      "end" : 281,
      "text" : "convey",
      "whiteSpace" : false
    }, {
      "id" : "s0-t59",
      "begin" : 282,
      "end" : 286,
      "text" : "unto",
      "whiteSpace" : false
    }, {
      "id" : "s0-t60",
      "begin" : 287,
      "end" : 289,
      "text" : "J.",
      "whiteSpace" : false
    }, {
      "id" : "s0-t61",
      "begin" : 290,
      "end" : 292,
      "text" : "M.",
      "whiteSpace" : false
    }, {
      "id" : "s0-t62",
      "begin" : 293,
      "end" : 298,
      "text" : "HENRY",
      "whiteSpace" : false
    }, {
      "id" : "s0-t63",
      "begin" : 298,
      "end" : 299,
      "text" : ",",
      "whiteSpace" : false
    }, {
      "id" : "s0-t64",
      "begin" : 300,
      "end" : 303,
      "text" : "his",
      "whiteSpace" : false
    }, {
      "id" : "s0-t65",
      "begin" : 304,
      "end" : 309,
      "text" : "heirs",
      "whiteSpace" : false
    }, {
      "id" : "s0-t66",
      "begin" : 310,
      "end" : 313,
      "text" : "and",
      "whiteSpace" : false
    }, {
      "id" : "s0-t67",
      "begin" : 314,
      "end" : 321,
      "text" : "assigns",
      "whiteSpace" : false
    }, {
      "id" : "s0-t68",
      "begin" : 321,
      "end" : 322,
      "text" : ",",
      "whiteSpace" : false
    }, {
      "id" : "s0-t69",
      "begin" : 323,
      "end" : 324,
      "text" : "a",
      "whiteSpace" : false
    }, {
      "id" : "s0-t70",
      "begin" : 325,
      "end" : 332,
      "text" : "certain",
      "whiteSpace" : false
    }, {
      "id" : "s0-t71",
      "begin" : 333,
      "end" : 338,
      "text" : "tract",
      "whiteSpace" : false
    }, {
      "id" : "s0-t72",
      "begin" : 339,
      "end" : 341,
      "text" : "or",
      "whiteSpace" : false
    }, {
      "id" : "s0-t73",
      "begin" : 342,
      "end" : 348,
      "text" : "parcel",
      "whiteSpace" : false
    }, {
      "id" : "s0-t74",
      "begin" : 349,
      "end" : 351,
      "text" : "of",
      "whiteSpace" : false
    }, {
      "id" : "s0-t75",
      "begin" : 352,
      "end" : 356,
      "text" : "land",
      "whiteSpace" : false
    }, {
      "id" : "s0-t76",
      "begin" : 357,
      "end" : 359,
      "text" : "in",
      "whiteSpace" : false
    }, {
      "id" : "s0-t77",
      "begin" : 360,
      "end" : 363,
      "text" : "the",
      "whiteSpace" : false
    }, {
      "id" : "s0-t78",
      "begin" : 364,
      "end" : 369,
      "text" : "Third",
      "whiteSpace" : false
    }, {
      "id" : "s0-t79",
      "begin" : 370,
      "end" : 378,
      "text" : "District",
      "whiteSpace" : false
    }, {
      "id" : "s0-t80",
      "begin" : 379,
      "end" : 381,
      "text" : "of",
      "whiteSpace" : false
    }, {
      "id" : "s0-t81",
      "begin" : 382,
      "end" : 391,
      "text" : "Humphreys",
      "whiteSpace" : false
    }, {
      "id" : "s0-t82",
      "begin" : 392,
      "end" : 398,
      "text" : "County",
      "whiteSpace" : false
    }, {
      "id" : "s0-t83",
      "begin" : 398,
      "end" : 399,
      "text" : ",",
      "whiteSpace" : false
    }, {
      "id" : "s0-t84",
      "begin" : 400,
      "end" : 409,
      "text" : "Tennessee",
      "whiteSpace" : false
    }, {
      "id" : "s0-t85",
      "begin" : 409,
      "end" : 410,
      "text" : ",",
      "whiteSpace" : false
    }, {
      "id" : "s0-t86",
      "begin" : 411,
      "end" : 413,
      "text" : "as",
      "whiteSpace" : false
    }, {
      "id" : "s0-t87",
      "begin" : 414,
      "end" : 421,
      "text" : "follows",
      "whiteSpace" : false
    } ]
  } ],
  "mentions" : [ {
    "id" : "s0-m1",
    "properties" : {
      "SIRE_MENTION_ROLE" : "Grantor",
      "SIRE_ENTITY_SUBTYPE" : "NONE",
      "SIRE_MENTION_TYPE" : "NONE",
      "SIRE_MENTION_CLASS" : "SPC"
    },
    "type" : "Grantor",
    "begin" : 184,
    "end" : 200,
    "inCoref" : false
  }, {
    "id" : "s0-m2",
    "properties" : {
      "SIRE_MENTION_ROLE" : "Grantee",
      "SIRE_ENTITY_SUBTYPE" : "NONE",
      "SIRE_MENTION_TYPE" : "NONE",
      "SIRE_MENTION_CLASS" : "SPC"
    },
    "type" : "Grantee",
    "begin" : 287,
    "end" : 298,
    "inCoref" : false
  } ],
  "relations" : [ ],
  "corefs" : [ ],
  "typeResolved" : true,
  "userResolved" : false
}