{
  "id" : "5dd72ce0-5686-11e9-84a6-df86f9fa5a66-5",
  "name" : "WD1-27_5.txt",
  "createdDate" : 0,
  "version" : 3,
  "text" : " SUBSCRIBED AND SWORN TO B ORE ME, THIS THE31st day of July, 2001., ACKNOWLEDGED, WE, RAY CHANDLER AND WIFE, MARGARET CHANDLER, H EREINAFTER CALLED THE GRANTORS, HAVE BARGAINED AND SOLD, AND BY THESE PRESENTS DO TRANSFER AND CONVEY UNTO JASON MOOREAND WIFE, AMANDA MOORE,, and adjacent to Dry creek Road and being more particularly described as follows:, way. Survey made by McBride Survey Company 8/21/89., STATE 9F TENBISSEE COUNTY OF HUMPHREYS,",
  "docLength" : 0,
  "language" : "EN",
  "status" : "SUBMITTED",
  "modifiedDate" : 1554348547895,
  "documentSet" : [ ],
  "preannotation" : [ ],
  "sentences" : [ {
    "id" : "s0",
    "begin" : 1,
    "end" : 359,
    "text" : "SUBSCRIBED AND SWORN TO B ORE ME, THIS THE31st day of July, 2001., ACKNOWLEDGED, WE, RAY CHANDLER AND WIFE, MARGARET CHANDLER, H EREINAFTER CALLED THE GRANTORS, HAVE BARGAINED AND SOLD, AND BY THESE PRESENTS DO TRANSFER AND CONVEY UNTO JASON MOOREAND WIFE, AMANDA MOORE,, and adjacent to Dry creek Road and being more particularly described as follows:, way.",
    "tokens" : [ {
      "id" : "s0-t0",
      "begin" : 1,
      "end" : 11,
      "text" : "SUBSCRIBED",
      "whiteSpace" : false
    }, {
      "id" : "s0-t1",
      "begin" : 12,
      "end" : 15,
      "text" : "AND",
      "whiteSpace" : false
    }, {
      "id" : "s0-t2",
      "begin" : 16,
      "end" : 21,
      "text" : "SWORN",
      "whiteSpace" : false
    }, {
      "id" : "s0-t3",
      "begin" : 22,
      "end" : 24,
      "text" : "TO",
      "whiteSpace" : false
    }, {
      "id" : "s0-t4",
      "begin" : 25,
      "end" : 26,
      "text" : "B",
      "whiteSpace" : false
    }, {
      "id" : "s0-t5",
      "begin" : 27,
      "end" : 30,
      "text" : "ORE",
      "whiteSpace" : false
    }, {
      "id" : "s0-t6",
      "begin" : 31,
      "end" : 33,
      "text" : "ME",
      "whiteSpace" : false
    }, {
      "id" : "s0-t7",
      "begin" : 33,
      "end" : 34,
      "text" : ",",
      "whiteSpace" : false
    }, {
      "id" : "s0-t8",
      "begin" : 35,
      "end" : 39,
      "text" : "THIS",
      "whiteSpace" : false
    }, {
      "id" : "s0-t9",
      "begin" : 40,
      "end" : 47,
      "text" : "THE31st",
      "whiteSpace" : false
    }, {
      "id" : "s0-t10",
      "begin" : 48,
      "end" : 51,
      "text" : "day",
      "whiteSpace" : false
    }, {
      "id" : "s0-t11",
      "begin" : 52,
      "end" : 54,
      "text" : "of",
      "whiteSpace" : false
    }, {
      "id" : "s0-t12",
      "begin" : 55,
      "end" : 59,
      "text" : "July",
      "whiteSpace" : false
    }, {
      "id" : "s0-t13",
      "begin" : 59,
      "end" : 60,
      "text" : ",",
      "whiteSpace" : false
    }, {
      "id" : "s0-t14",
      "begin" : 61,
      "end" : 65,
      "text" : "2001",
      "whiteSpace" : false
    }, {
      "id" : "s0-t15",
      "begin" : 65,
      "end" : 66,
      "text" : ".",
      "whiteSpace" : false
    }, {
      "id" : "s0-t16",
      "begin" : 66,
      "end" : 67,
      "text" : ",",
      "whiteSpace" : false
    }, {
      "id" : "s0-t17",
      "begin" : 68,
      "end" : 80,
      "text" : "ACKNOWLEDGED",
      "whiteSpace" : false
    }, {
      "id" : "s0-t18",
      "begin" : 80,
      "end" : 81,
      "text" : ",",
      "whiteSpace" : false
    }, {
      "id" : "s0-t19",
      "begin" : 82,
      "end" : 84,
      "text" : "WE",
      "whiteSpace" : false
    }, {
      "id" : "s0-t20",
      "begin" : 84,
      "end" : 85,
      "text" : ",",
      "whiteSpace" : false
    }, {
      "id" : "s0-t21",
      "begin" : 86,
      "end" : 89,
      "text" : "RAY",
      "whiteSpace" : false
    }, {
      "id" : "s0-t22",
      "begin" : 90,
      "end" : 98,
      "text" : "CHANDLER",
      "whiteSpace" : false
    }, {
      "id" : "s0-t23",
      "begin" : 99,
      "end" : 102,
      "text" : "AND",
      "whiteSpace" : false
    }, {
      "id" : "s0-t24",
      "begin" : 103,
      "end" : 107,
      "text" : "WIFE",
      "whiteSpace" : false
    }, {
      "id" : "s0-t25",
      "begin" : 107,
      "end" : 108,
      "text" : ",",
      "whiteSpace" : false
    }, {
      "id" : "s0-t26",
      "begin" : 109,
      "end" : 117,
      "text" : "MARGARET",
      "whiteSpace" : false
    }, {
      "id" : "s0-t27",
      "begin" : 118,
      "end" : 126,
      "text" : "CHANDLER",
      "whiteSpace" : false
    }, {
      "id" : "s0-t28",
      "begin" : 126,
      "end" : 127,
      "text" : ",",
      "whiteSpace" : false
    }, {
      "id" : "s0-t29",
      "begin" : 128,
      "end" : 129,
      "text" : "H",
      "whiteSpace" : false
    }, {
      "id" : "s0-t30",
      "begin" : 130,
      "end" : 140,
      "text" : "EREINAFTER",
      "whiteSpace" : false
    }, {
      "id" : "s0-t31",
      "begin" : 141,
      "end" : 147,
      "text" : "CALLED",
      "whiteSpace" : false
    }, {
      "id" : "s0-t32",
      "begin" : 148,
      "end" : 151,
      "text" : "THE",
      "whiteSpace" : false
    }, {
      "id" : "s0-t33",
      "begin" : 152,
      "end" : 160,
      "text" : "GRANTORS",
      "whiteSpace" : false
    }, {
      "id" : "s0-t34",
      "begin" : 160,
      "end" : 161,
      "text" : ",",
      "whiteSpace" : false
    }, {
      "id" : "s0-t35",
      "begin" : 162,
      "end" : 166,
      "text" : "HAVE",
      "whiteSpace" : false
    }, {
      "id" : "s0-t36",
      "begin" : 167,
      "end" : 176,
      "text" : "BARGAINED",
      "whiteSpace" : false
    }, {
      "id" : "s0-t37",
      "begin" : 177,
      "end" : 180,
      "text" : "AND",
      "whiteSpace" : false
    }, {
      "id" : "s0-t38",
      "begin" : 181,
      "end" : 185,
      "text" : "SOLD",
      "whiteSpace" : false
    }, {
      "id" : "s0-t39",
      "begin" : 185,
      "end" : 186,
      "text" : ",",
      "whiteSpace" : false
    }, {
      "id" : "s0-t40",
      "begin" : 187,
      "end" : 190,
      "text" : "AND",
      "whiteSpace" : false
    }, {
      "id" : "s0-t41",
      "begin" : 191,
      "end" : 193,
      "text" : "BY",
      "whiteSpace" : false
    }, {
      "id" : "s0-t42",
      "begin" : 194,
      "end" : 199,
      "text" : "THESE",
      "whiteSpace" : false
    }, {
      "id" : "s0-t43",
      "begin" : 200,
      "end" : 208,
      "text" : "PRESENTS",
      "whiteSpace" : false
    }, {
      "id" : "s0-t44",
      "begin" : 209,
      "end" : 211,
      "text" : "DO",
      "whiteSpace" : false
    }, {
      "id" : "s0-t45",
      "begin" : 212,
      "end" : 220,
      "text" : "TRANSFER",
      "whiteSpace" : false
    }, {
      "id" : "s0-t46",
      "begin" : 221,
      "end" : 224,
      "text" : "AND",
      "whiteSpace" : false
    }, {
      "id" : "s0-t47",
      "begin" : 225,
      "end" : 231,
      "text" : "CONVEY",
      "whiteSpace" : false
    }, {
      "id" : "s0-t48",
      "begin" : 232,
      "end" : 236,
      "text" : "UNTO",
      "whiteSpace" : false
    }, {
      "id" : "s0-t49",
      "begin" : 237,
      "end" : 242,
      "text" : "JASON",
      "whiteSpace" : false
    }, {
      "id" : "s0-t50",
      "begin" : 243,
      "end" : 251,
      "text" : "MOOREAND",
      "whiteSpace" : false
    }, {
      "id" : "s0-t51",
      "begin" : 252,
      "end" : 256,
      "text" : "WIFE",
      "whiteSpace" : false
    }, {
      "id" : "s0-t52",
      "begin" : 256,
      "end" : 257,
      "text" : ",",
      "whiteSpace" : false
    }, {
      "id" : "s0-t53",
      "begin" : 258,
      "end" : 264,
      "text" : "AMANDA",
      "whiteSpace" : false
    }, {
      "id" : "s0-t54",
      "begin" : 265,
      "end" : 270,
      "text" : "MOORE",
      "whiteSpace" : false
    }, {
      "id" : "s0-t55",
      "begin" : 270,
      "end" : 271,
      "text" : ",",
      "whiteSpace" : false
    }, {
      "id" : "s0-t56",
      "begin" : 271,
      "end" : 272,
      "text" : ",",
      "whiteSpace" : false
    }, {
      "id" : "s0-t57",
      "begin" : 273,
      "end" : 276,
      "text" : "and",
      "whiteSpace" : false
    }, {
      "id" : "s0-t58",
      "begin" : 277,
      "end" : 285,
      "text" : "adjacent",
      "whiteSpace" : false
    }, {
      "id" : "s0-t59",
      "begin" : 286,
      "end" : 288,
      "text" : "to",
      "whiteSpace" : false
    }, {
      "id" : "s0-t60",
      "begin" : 289,
      "end" : 292,
      "text" : "Dry",
      "whiteSpace" : false
    }, {
      "id" : "s0-t61",
      "begin" : 293,
      "end" : 298,
      "text" : "creek",
      "whiteSpace" : false
    }, {
      "id" : "s0-t62",
      "begin" : 299,
      "end" : 303,
      "text" : "Road",
      "whiteSpace" : false
    }, {
      "id" : "s0-t63",
      "begin" : 304,
      "end" : 307,
      "text" : "and",
      "whiteSpace" : false
    }, {
      "id" : "s0-t64",
      "begin" : 308,
      "end" : 313,
      "text" : "being",
      "whiteSpace" : false
    }, {
      "id" : "s0-t65",
      "begin" : 314,
      "end" : 318,
      "text" : "more",
      "whiteSpace" : false
    }, {
      "id" : "s0-t66",
      "begin" : 319,
      "end" : 331,
      "text" : "particularly",
      "whiteSpace" : false
    }, {
      "id" : "s0-t67",
      "begin" : 332,
      "end" : 341,
      "text" : "described",
      "whiteSpace" : false
    }, {
      "id" : "s0-t68",
      "begin" : 342,
      "end" : 344,
      "text" : "as",
      "whiteSpace" : false
    }, {
      "id" : "s0-t69",
      "begin" : 345,
      "end" : 352,
      "text" : "follows",
      "whiteSpace" : false
    }, {
      "id" : "s0-t70",
      "begin" : 352,
      "end" : 353,
      "text" : ":",
      "whiteSpace" : false
    }, {
      "id" : "s0-t71",
      "begin" : 353,
      "end" : 354,
      "text" : ",",
      "whiteSpace" : false
    }, {
      "id" : "s0-t72",
      "begin" : 355,
      "end" : 358,
      "text" : "way",
      "whiteSpace" : false
    }, {
      "id" : "s0-t73",
      "begin" : 358,
      "end" : 359,
      "text" : ".",
      "whiteSpace" : false
    } ]
  }, {
    "id" : "s1",
    "begin" : 360,
    "end" : 447,
    "text" : "Survey made by McBride Survey Company 8/21/89., STATE 9F TENBISSEE COUNTY OF HUMPHREYS,",
    "tokens" : [ {
      "id" : "s1-t0",
      "begin" : 360,
      "end" : 366,
      "text" : "Survey",
      "whiteSpace" : false
    }, {
      "id" : "s1-t1",
      "begin" : 367,
      "end" : 371,
      "text" : "made",
      "whiteSpace" : false
    }, {
      "id" : "s1-t2",
      "begin" : 372,
      "end" : 374,
      "text" : "by",
      "whiteSpace" : false
    }, {
      "id" : "s1-t3",
      "begin" : 375,
      "end" : 382,
      "text" : "McBride",
      "whiteSpace" : false
    }, {
      "id" : "s1-t4",
      "begin" : 383,
      "end" : 389,
      "text" : "Survey",
      "whiteSpace" : false
    }, {
      "id" : "s1-t5",
      "begin" : 390,
      "end" : 397,
      "text" : "Company",
      "whiteSpace" : false
    }, {
      "id" : "s1-t6",
      "begin" : 398,
      "end" : 405,
      "text" : "8/21/89",
      "whiteSpace" : false
    }, {
      "id" : "s1-t7",
      "begin" : 405,
      "end" : 406,
      "text" : ".",
      "whiteSpace" : false
    }, {
      "id" : "s1-t8",
      "begin" : 406,
      "end" : 407,
      "text" : ",",
      "whiteSpace" : false
    }, {
      "id" : "s1-t9",
      "begin" : 408,
      "end" : 413,
      "text" : "STATE",
      "whiteSpace" : false
    }, {
      "id" : "s1-t10",
      "begin" : 414,
      "end" : 416,
      "text" : "9F",
      "whiteSpace" : false
    }, {
      "id" : "s1-t11",
      "begin" : 417,
      "end" : 426,
      "text" : "TENBISSEE",
      "whiteSpace" : false
    }, {
      "id" : "s1-t12",
      "begin" : 427,
      "end" : 433,
      "text" : "COUNTY",
      "whiteSpace" : false
    }, {
      "id" : "s1-t13",
      "begin" : 434,
      "end" : 436,
      "text" : "OF",
      "whiteSpace" : false
    }, {
      "id" : "s1-t14",
      "begin" : 437,
      "end" : 446,
      "text" : "HUMPHREYS",
      "whiteSpace" : false
    }, {
      "id" : "s1-t15",
      "begin" : 446,
      "end" : 447,
      "text" : ",",
      "whiteSpace" : false
    } ]
  } ],
  "mentions" : [ {
    "id" : "s0-m1",
    "properties" : {
      "SIRE_MENTION_ROLE" : "Grantor",
      "SIRE_ENTITY_SUBTYPE" : "NONE",
      "SIRE_MENTION_TYPE" : "NONE",
      "SIRE_MENTION_CLASS" : "SPC"
    },
    "type" : "Grantor",
    "begin" : 86,
    "end" : 98,
    "inCoref" : false
  }, {
    "id" : "s0-m2",
    "properties" : {
      "SIRE_MENTION_ROLE" : "Grantor",
      "SIRE_ENTITY_SUBTYPE" : "NONE",
      "SIRE_MENTION_TYPE" : "NONE",
      "SIRE_MENTION_CLASS" : "SPC"
    },
    "type" : "Grantor",
    "begin" : 109,
    "end" : 126,
    "inCoref" : false
  }, {
    "id" : "s0-m3",
    "properties" : {
      "SIRE_MENTION_ROLE" : "Grantee",
      "SIRE_ENTITY_SUBTYPE" : "NONE",
      "SIRE_MENTION_TYPE" : "NONE",
      "SIRE_MENTION_CLASS" : "SPC"
    },
    "type" : "Grantee",
    "begin" : 237,
    "end" : 251,
    "inCoref" : false
  }, {
    "id" : "s0-m4",
    "properties" : {
      "SIRE_MENTION_ROLE" : "Grantee",
      "SIRE_ENTITY_SUBTYPE" : "NONE",
      "SIRE_MENTION_TYPE" : "NONE",
      "SIRE_MENTION_CLASS" : "SPC"
    },
    "type" : "Grantee",
    "begin" : 258,
    "end" : 270,
    "inCoref" : false
  } ],
  "relations" : [ ],
  "corefs" : [ ],
  "typeResolved" : true,
  "userResolved" : false
}