{
  "id" : "5dd72ce0-5686-11e9-84a6-df86f9fa5a66-2",
  "name" : "WD1-27_2.txt",
  "createdDate" : 0,
  "version" : 3,
  "text" : "FOR AND IN CONSIDERATION of the sum of Ten and NO/IOO ($10.00) Dollars, cash in hand paid by ROBERT HAROLD KILLEN, ETUX. GLENDA O. KILLEN and other good and valuable considerations, the receipt and suf???ciency of all of which are hereby acknowledged. l. LANDON W. WARSTLER, have bargained and sold and by these presents my LANDON W. WARSI'LER To M633: ROBERT HAROLD KILLEN. ETUX, GLENDA O. KILLEN P-J BK ???[116? PS I Illl??? III ???III'II II IIIIII \" ??? lli???III'IIIIIIIIIIIIIIIIIIIIIIIIHIIII I???IIIIIIIIIIITII' l . L W _ 111111111111 do transfer and convey unto ROBERT HAROLD KILLEN, ETUX, GLENDA O. KILLEN, their heirs and assigns, a certain tract or parcel of land in the Fifth Civil District of Humphreys County. Tennessee, as follows]",
  "docLength" : 0,
  "language" : "EN",
  "status" : "SUBMITTED",
  "modifiedDate" : 1554348497977,
  "documentSet" : [ ],
  "preannotation" : [ ],
  "sentences" : [ {
    "id" : "s0",
    "begin" : 0,
    "end" : 120,
    "text" : "FOR AND IN CONSIDERATION of the sum of Ten and NO/IOO ($10.00) Dollars, cash in hand paid by ROBERT HAROLD KILLEN, ETUX.",
    "tokens" : [ {
      "id" : "s0-t0",
      "begin" : 0,
      "end" : 3,
      "text" : "FOR",
      "whiteSpace" : false
    }, {
      "id" : "s0-t1",
      "begin" : 4,
      "end" : 7,
      "text" : "AND",
      "whiteSpace" : false
    }, {
      "id" : "s0-t2",
      "begin" : 8,
      "end" : 10,
      "text" : "IN",
      "whiteSpace" : false
    }, {
      "id" : "s0-t3",
      "begin" : 11,
      "end" : 24,
      "text" : "CONSIDERATION",
      "whiteSpace" : false
    }, {
      "id" : "s0-t4",
      "begin" : 25,
      "end" : 27,
      "text" : "of",
      "whiteSpace" : false
    }, {
      "id" : "s0-t5",
      "begin" : 28,
      "end" : 31,
      "text" : "the",
      "whiteSpace" : false
    }, {
      "id" : "s0-t6",
      "begin" : 32,
      "end" : 35,
      "text" : "sum",
      "whiteSpace" : false
    }, {
      "id" : "s0-t7",
      "begin" : 36,
      "end" : 38,
      "text" : "of",
      "whiteSpace" : false
    }, {
      "id" : "s0-t8",
      "begin" : 39,
      "end" : 42,
      "text" : "Ten",
      "whiteSpace" : false
    }, {
      "id" : "s0-t9",
      "begin" : 43,
      "end" : 46,
      "text" : "and",
      "whiteSpace" : false
    }, {
      "id" : "s0-t10",
      "begin" : 47,
      "end" : 53,
      "text" : "NO/IOO",
      "whiteSpace" : false
    }, {
      "id" : "s0-t11",
      "begin" : 54,
      "end" : 55,
      "text" : "(",
      "whiteSpace" : false
    }, {
      "id" : "s0-t12",
      "begin" : 55,
      "end" : 56,
      "text" : "$",
      "whiteSpace" : false
    }, {
      "id" : "s0-t13",
      "begin" : 56,
      "end" : 61,
      "text" : "10.00",
      "whiteSpace" : false
    }, {
      "id" : "s0-t14",
      "begin" : 61,
      "end" : 62,
      "text" : ")",
      "whiteSpace" : false
    }, {
      "id" : "s0-t15",
      "begin" : 63,
      "end" : 70,
      "text" : "Dollars",
      "whiteSpace" : false
    }, {
      "id" : "s0-t16",
      "begin" : 70,
      "end" : 71,
      "text" : ",",
      "whiteSpace" : false
    }, {
      "id" : "s0-t17",
      "begin" : 72,
      "end" : 76,
      "text" : "cash",
      "whiteSpace" : false
    }, {
      "id" : "s0-t18",
      "begin" : 77,
      "end" : 79,
      "text" : "in",
      "whiteSpace" : false
    }, {
      "id" : "s0-t19",
      "begin" : 80,
      "end" : 84,
      "text" : "hand",
      "whiteSpace" : false
    }, {
      "id" : "s0-t20",
      "begin" : 85,
      "end" : 89,
      "text" : "paid",
      "whiteSpace" : false
    }, {
      "id" : "s0-t21",
      "begin" : 90,
      "end" : 92,
      "text" : "by",
      "whiteSpace" : false
    }, {
      "id" : "s0-t22",
      "begin" : 93,
      "end" : 99,
      "text" : "ROBERT",
      "whiteSpace" : false
    }, {
      "id" : "s0-t23",
      "begin" : 100,
      "end" : 106,
      "text" : "HAROLD",
      "whiteSpace" : false
    }, {
      "id" : "s0-t24",
      "begin" : 107,
      "end" : 113,
      "text" : "KILLEN",
      "whiteSpace" : false
    }, {
      "id" : "s0-t25",
      "begin" : 113,
      "end" : 114,
      "text" : ",",
      "whiteSpace" : false
    }, {
      "id" : "s0-t26",
      "begin" : 115,
      "end" : 119,
      "text" : "ETUX",
      "whiteSpace" : false
    }, {
      "id" : "s0-t27",
      "begin" : 119,
      "end" : 120,
      "text" : ".",
      "whiteSpace" : false
    } ]
  }, {
    "id" : "s1",
    "begin" : 121,
    "end" : 130,
    "text" : "GLENDA O.",
    "tokens" : [ {
      "id" : "s1-t0",
      "begin" : 121,
      "end" : 127,
      "text" : "GLENDA",
      "whiteSpace" : false
    }, {
      "id" : "s1-t1",
      "begin" : 128,
      "end" : 129,
      "text" : "O",
      "whiteSpace" : false
    }, {
      "id" : "s1-t2",
      "begin" : 129,
      "end" : 130,
      "text" : ".",
      "whiteSpace" : false
    } ]
  }, {
    "id" : "s2",
    "begin" : 131,
    "end" : 202,
    "text" : "KILLEN and other good and valuable considerations, the receipt and suf?",
    "tokens" : [ {
      "id" : "s2-t0",
      "begin" : 131,
      "end" : 137,
      "text" : "KILLEN",
      "whiteSpace" : false
    }, {
      "id" : "s2-t1",
      "begin" : 138,
      "end" : 141,
      "text" : "and",
      "whiteSpace" : false
    }, {
      "id" : "s2-t2",
      "begin" : 142,
      "end" : 147,
      "text" : "other",
      "whiteSpace" : false
    }, {
      "id" : "s2-t3",
      "begin" : 148,
      "end" : 152,
      "text" : "good",
      "whiteSpace" : false
    }, {
      "id" : "s2-t4",
      "begin" : 153,
      "end" : 156,
      "text" : "and",
      "whiteSpace" : false
    }, {
      "id" : "s2-t5",
      "begin" : 157,
      "end" : 165,
      "text" : "valuable",
      "whiteSpace" : false
    }, {
      "id" : "s2-t6",
      "begin" : 166,
      "end" : 180,
      "text" : "considerations",
      "whiteSpace" : false
    }, {
      "id" : "s2-t7",
      "begin" : 180,
      "end" : 181,
      "text" : ",",
      "whiteSpace" : false
    }, {
      "id" : "s2-t8",
      "begin" : 182,
      "end" : 185,
      "text" : "the",
      "whiteSpace" : false
    }, {
      "id" : "s2-t9",
      "begin" : 186,
      "end" : 193,
      "text" : "receipt",
      "whiteSpace" : false
    }, {
      "id" : "s2-t10",
      "begin" : 194,
      "end" : 197,
      "text" : "and",
      "whiteSpace" : false
    }, {
      "id" : "s2-t11",
      "begin" : 198,
      "end" : 201,
      "text" : "suf",
      "whiteSpace" : false
    }, {
      "id" : "s2-t12",
      "begin" : 201,
      "end" : 202,
      "text" : "?",
      "whiteSpace" : false
    } ]
  }, {
    "id" : "s3",
    "begin" : 202,
    "end" : 251,
    "text" : "??ciency of all of which are hereby acknowledged.",
    "tokens" : [ {
      "id" : "s3-t0",
      "begin" : 202,
      "end" : 210,
      "text" : "??ciency",
      "whiteSpace" : false
    }, {
      "id" : "s3-t1",
      "begin" : 211,
      "end" : 213,
      "text" : "of",
      "whiteSpace" : false
    }, {
      "id" : "s3-t2",
      "begin" : 214,
      "end" : 217,
      "text" : "all",
      "whiteSpace" : false
    }, {
      "id" : "s3-t3",
      "begin" : 218,
      "end" : 220,
      "text" : "of",
      "whiteSpace" : false
    }, {
      "id" : "s3-t4",
      "begin" : 221,
      "end" : 226,
      "text" : "which",
      "whiteSpace" : false
    }, {
      "id" : "s3-t5",
      "begin" : 227,
      "end" : 230,
      "text" : "are",
      "whiteSpace" : false
    }, {
      "id" : "s3-t6",
      "begin" : 231,
      "end" : 237,
      "text" : "hereby",
      "whiteSpace" : false
    }, {
      "id" : "s3-t7",
      "begin" : 238,
      "end" : 250,
      "text" : "acknowledged",
      "whiteSpace" : false
    }, {
      "id" : "s3-t8",
      "begin" : 250,
      "end" : 251,
      "text" : ".",
      "whiteSpace" : false
    } ]
  }, {
    "id" : "s4",
    "begin" : 252,
    "end" : 254,
    "text" : "l.",
    "tokens" : [ {
      "id" : "s4-t0",
      "begin" : 252,
      "end" : 253,
      "text" : "l",
      "whiteSpace" : false
    }, {
      "id" : "s4-t1",
      "begin" : 253,
      "end" : 254,
      "text" : ".",
      "whiteSpace" : false
    } ]
  }, {
    "id" : "s5",
    "begin" : 255,
    "end" : 374,
    "text" : "LANDON W. WARSTLER, have bargained and sold and by these presents my LANDON W. WARSI'LER To M633: ROBERT HAROLD KILLEN.",
    "tokens" : [ {
      "id" : "s5-t0",
      "begin" : 255,
      "end" : 261,
      "text" : "LANDON",
      "whiteSpace" : false
    }, {
      "id" : "s5-t1",
      "begin" : 262,
      "end" : 264,
      "text" : "W.",
      "whiteSpace" : false
    }, {
      "id" : "s5-t2",
      "begin" : 265,
      "end" : 273,
      "text" : "WARSTLER",
      "whiteSpace" : false
    }, {
      "id" : "s5-t3",
      "begin" : 273,
      "end" : 274,
      "text" : ",",
      "whiteSpace" : false
    }, {
      "id" : "s5-t4",
      "begin" : 275,
      "end" : 279,
      "text" : "have",
      "whiteSpace" : false
    }, {
      "id" : "s5-t5",
      "begin" : 280,
      "end" : 289,
      "text" : "bargained",
      "whiteSpace" : false
    }, {
      "id" : "s5-t6",
      "begin" : 290,
      "end" : 293,
      "text" : "and",
      "whiteSpace" : false
    }, {
      "id" : "s5-t7",
      "begin" : 294,
      "end" : 298,
      "text" : "sold",
      "whiteSpace" : false
    }, {
      "id" : "s5-t8",
      "begin" : 299,
      "end" : 302,
      "text" : "and",
      "whiteSpace" : false
    }, {
      "id" : "s5-t9",
      "begin" : 303,
      "end" : 305,
      "text" : "by",
      "whiteSpace" : false
    }, {
      "id" : "s5-t10",
      "begin" : 306,
      "end" : 311,
      "text" : "these",
      "whiteSpace" : false
    }, {
      "id" : "s5-t11",
      "begin" : 312,
      "end" : 320,
      "text" : "presents",
      "whiteSpace" : false
    }, {
      "id" : "s5-t12",
      "begin" : 321,
      "end" : 323,
      "text" : "my",
      "whiteSpace" : false
    }, {
      "id" : "s5-t13",
      "begin" : 324,
      "end" : 330,
      "text" : "LANDON",
      "whiteSpace" : false
    }, {
      "id" : "s5-t14",
      "begin" : 331,
      "end" : 333,
      "text" : "W.",
      "whiteSpace" : false
    }, {
      "id" : "s5-t15",
      "begin" : 334,
      "end" : 339,
      "text" : "WARSI",
      "whiteSpace" : false
    }, {
      "id" : "s5-t16",
      "begin" : 339,
      "end" : 340,
      "text" : "'",
      "whiteSpace" : false
    }, {
      "id" : "s5-t17",
      "begin" : 340,
      "end" : 343,
      "text" : "LER",
      "whiteSpace" : false
    }, {
      "id" : "s5-t18",
      "begin" : 344,
      "end" : 346,
      "text" : "To",
      "whiteSpace" : false
    }, {
      "id" : "s5-t19",
      "begin" : 347,
      "end" : 351,
      "text" : "M633",
      "whiteSpace" : false
    }, {
      "id" : "s5-t20",
      "begin" : 351,
      "end" : 352,
      "text" : ":",
      "whiteSpace" : false
    }, {
      "id" : "s5-t21",
      "begin" : 353,
      "end" : 359,
      "text" : "ROBERT",
      "whiteSpace" : false
    }, {
      "id" : "s5-t22",
      "begin" : 360,
      "end" : 366,
      "text" : "HAROLD",
      "whiteSpace" : false
    }, {
      "id" : "s5-t23",
      "begin" : 367,
      "end" : 373,
      "text" : "KILLEN",
      "whiteSpace" : false
    }, {
      "id" : "s5-t24",
      "begin" : 373,
      "end" : 374,
      "text" : ".",
      "whiteSpace" : false
    } ]
  }, {
    "id" : "s6",
    "begin" : 375,
    "end" : 390,
    "text" : "ETUX, GLENDA O.",
    "tokens" : [ {
      "id" : "s6-t0",
      "begin" : 375,
      "end" : 379,
      "text" : "ETUX",
      "whiteSpace" : false
    }, {
      "id" : "s6-t1",
      "begin" : 379,
      "end" : 380,
      "text" : ",",
      "whiteSpace" : false
    }, {
      "id" : "s6-t2",
      "begin" : 381,
      "end" : 387,
      "text" : "GLENDA",
      "whiteSpace" : false
    }, {
      "id" : "s6-t3",
      "begin" : 388,
      "end" : 389,
      "text" : "O",
      "whiteSpace" : false
    }, {
      "id" : "s6-t4",
      "begin" : 389,
      "end" : 390,
      "text" : ".",
      "whiteSpace" : false
    } ]
  }, {
    "id" : "s7",
    "begin" : 391,
    "end" : 406,
    "text" : "KILLEN P-J BK ?",
    "tokens" : [ {
      "id" : "s7-t0",
      "begin" : 391,
      "end" : 397,
      "text" : "KILLEN",
      "whiteSpace" : false
    }, {
      "id" : "s7-t1",
      "begin" : 398,
      "end" : 401,
      "text" : "P-J",
      "whiteSpace" : false
    }, {
      "id" : "s7-t2",
      "begin" : 402,
      "end" : 404,
      "text" : "BK",
      "whiteSpace" : false
    }, {
      "id" : "s7-t3",
      "begin" : 405,
      "end" : 406,
      "text" : "?",
      "whiteSpace" : false
    } ]
  }, {
    "id" : "s8",
    "begin" : 406,
    "end" : 413,
    "text" : "??[116?",
    "tokens" : [ {
      "id" : "s8-t0",
      "begin" : 406,
      "end" : 408,
      "text" : "??",
      "whiteSpace" : false
    }, {
      "id" : "s8-t1",
      "begin" : 408,
      "end" : 409,
      "text" : "[",
      "whiteSpace" : false
    }, {
      "id" : "s8-t2",
      "begin" : 409,
      "end" : 412,
      "text" : "116",
      "whiteSpace" : false
    }, {
      "id" : "s8-t3",
      "begin" : 412,
      "end" : 413,
      "text" : "?",
      "whiteSpace" : false
    } ]
  }, {
    "id" : "s9",
    "begin" : 414,
    "end" : 424,
    "text" : "PS I Illl?",
    "tokens" : [ {
      "id" : "s9-t0",
      "begin" : 414,
      "end" : 416,
      "text" : "PS",
      "whiteSpace" : false
    }, {
      "id" : "s9-t1",
      "begin" : 417,
      "end" : 418,
      "text" : "I",
      "whiteSpace" : false
    }, {
      "id" : "s9-t2",
      "begin" : 419,
      "end" : 423,
      "text" : "Illl",
      "whiteSpace" : false
    }, {
      "id" : "s9-t3",
      "begin" : 423,
      "end" : 424,
      "text" : "?",
      "whiteSpace" : false
    } ]
  }, {
    "id" : "s10",
    "begin" : 424,
    "end" : 426,
    "text" : "??",
    "tokens" : [ {
      "id" : "s10-t0",
      "begin" : 424,
      "end" : 425,
      "text" : "?",
      "whiteSpace" : false
    }, {
      "id" : "s10-t1",
      "begin" : 425,
      "end" : 426,
      "text" : "?",
      "whiteSpace" : false
    } ]
  }, {
    "id" : "s11",
    "begin" : 427,
    "end" : 432,
    "text" : "III ?",
    "tokens" : [ {
      "id" : "s11-t0",
      "begin" : 427,
      "end" : 430,
      "text" : "III",
      "whiteSpace" : false
    }, {
      "id" : "s11-t1",
      "begin" : 431,
      "end" : 432,
      "text" : "?",
      "whiteSpace" : false
    } ]
  }, {
    "id" : "s12",
    "begin" : 432,
    "end" : 454,
    "text" : "??III'II II IIIIII \" ?",
    "tokens" : [ {
      "id" : "s12-t0",
      "begin" : 432,
      "end" : 437,
      "text" : "??III",
      "whiteSpace" : false
    }, {
      "id" : "s12-t1",
      "begin" : 437,
      "end" : 438,
      "text" : "'",
      "whiteSpace" : false
    }, {
      "id" : "s12-t2",
      "begin" : 438,
      "end" : 440,
      "text" : "II",
      "whiteSpace" : false
    }, {
      "id" : "s12-t3",
      "begin" : 441,
      "end" : 443,
      "text" : "II",
      "whiteSpace" : false
    }, {
      "id" : "s12-t4",
      "begin" : 444,
      "end" : 450,
      "text" : "IIIIII",
      "whiteSpace" : false
    }, {
      "id" : "s12-t5",
      "begin" : 451,
      "end" : 452,
      "text" : "\"",
      "whiteSpace" : false
    }, {
      "id" : "s12-t6",
      "begin" : 453,
      "end" : 454,
      "text" : "?",
      "whiteSpace" : false
    } ]
  }, {
    "id" : "s13",
    "begin" : 454,
    "end" : 456,
    "text" : "??",
    "tokens" : [ {
      "id" : "s13-t0",
      "begin" : 454,
      "end" : 455,
      "text" : "?",
      "whiteSpace" : false
    }, {
      "id" : "s13-t1",
      "begin" : 455,
      "end" : 456,
      "text" : "?",
      "whiteSpace" : false
    } ]
  }, {
    "id" : "s14",
    "begin" : 457,
    "end" : 461,
    "text" : "lli?",
    "tokens" : [ {
      "id" : "s14-t0",
      "begin" : 457,
      "end" : 460,
      "text" : "lli",
      "whiteSpace" : false
    }, {
      "id" : "s14-t1",
      "begin" : 460,
      "end" : 461,
      "text" : "?",
      "whiteSpace" : false
    } ]
  }, {
    "id" : "s15",
    "begin" : 461,
    "end" : 520,
    "text" : "??III'IIIIIIIIIIIIIIIIIIIIIIIIHIIII I???IIIIIIIIIIITII' l .",
    "tokens" : [ {
      "id" : "s15-t0",
      "begin" : 461,
      "end" : 466,
      "text" : "??III",
      "whiteSpace" : false
    }, {
      "id" : "s15-t1",
      "begin" : 466,
      "end" : 467,
      "text" : "'",
      "whiteSpace" : false
    }, {
      "id" : "s15-t2",
      "begin" : 467,
      "end" : 496,
      "text" : "IIIIIIIIIIIIIIIIIIIIIIIIHIIII",
      "whiteSpace" : false
    }, {
      "id" : "s15-t3",
      "begin" : 497,
      "end" : 515,
      "text" : "I???IIIIIIIIIIITII",
      "whiteSpace" : false
    }, {
      "id" : "s15-t4",
      "begin" : 515,
      "end" : 516,
      "text" : "'",
      "whiteSpace" : false
    }, {
      "id" : "s15-t5",
      "begin" : 517,
      "end" : 518,
      "text" : "l",
      "whiteSpace" : false
    }, {
      "id" : "s15-t6",
      "begin" : 519,
      "end" : 520,
      "text" : ".",
      "whiteSpace" : false
    } ]
  }, {
    "id" : "s16",
    "begin" : 521,
    "end" : 605,
    "text" : "L W _ 111111111111 do transfer and convey unto ROBERT HAROLD KILLEN, ETUX, GLENDA O.",
    "tokens" : [ {
      "id" : "s16-t0",
      "begin" : 521,
      "end" : 522,
      "text" : "L",
      "whiteSpace" : false
    }, {
      "id" : "s16-t1",
      "begin" : 523,
      "end" : 524,
      "text" : "W",
      "whiteSpace" : false
    }, {
      "id" : "s16-t2",
      "begin" : 525,
      "end" : 526,
      "text" : "_",
      "whiteSpace" : false
    }, {
      "id" : "s16-t3",
      "begin" : 527,
      "end" : 539,
      "text" : "111111111111",
      "whiteSpace" : false
    }, {
      "id" : "s16-t4",
      "begin" : 540,
      "end" : 542,
      "text" : "do",
      "whiteSpace" : false
    }, {
      "id" : "s16-t5",
      "begin" : 543,
      "end" : 551,
      "text" : "transfer",
      "whiteSpace" : false
    }, {
      "id" : "s16-t6",
      "begin" : 552,
      "end" : 555,
      "text" : "and",
      "whiteSpace" : false
    }, {
      "id" : "s16-t7",
      "begin" : 556,
      "end" : 562,
      "text" : "convey",
      "whiteSpace" : false
    }, {
      "id" : "s16-t8",
      "begin" : 563,
      "end" : 567,
      "text" : "unto",
      "whiteSpace" : false
    }, {
      "id" : "s16-t9",
      "begin" : 568,
      "end" : 574,
      "text" : "ROBERT",
      "whiteSpace" : false
    }, {
      "id" : "s16-t10",
      "begin" : 575,
      "end" : 581,
      "text" : "HAROLD",
      "whiteSpace" : false
    }, {
      "id" : "s16-t11",
      "begin" : 582,
      "end" : 588,
      "text" : "KILLEN",
      "whiteSpace" : false
    }, {
      "id" : "s16-t12",
      "begin" : 588,
      "end" : 589,
      "text" : ",",
      "whiteSpace" : false
    }, {
      "id" : "s16-t13",
      "begin" : 590,
      "end" : 594,
      "text" : "ETUX",
      "whiteSpace" : false
    }, {
      "id" : "s16-t14",
      "begin" : 594,
      "end" : 595,
      "text" : ",",
      "whiteSpace" : false
    }, {
      "id" : "s16-t15",
      "begin" : 596,
      "end" : 602,
      "text" : "GLENDA",
      "whiteSpace" : false
    }, {
      "id" : "s16-t16",
      "begin" : 603,
      "end" : 604,
      "text" : "O",
      "whiteSpace" : false
    }, {
      "id" : "s16-t17",
      "begin" : 604,
      "end" : 605,
      "text" : ".",
      "whiteSpace" : false
    } ]
  }, {
    "id" : "s17",
    "begin" : 606,
    "end" : 721,
    "text" : "KILLEN, their heirs and assigns, a certain tract or parcel of land in the Fifth Civil District of Humphreys County.",
    "tokens" : [ {
      "id" : "s17-t0",
      "begin" : 606,
      "end" : 612,
      "text" : "KILLEN",
      "whiteSpace" : false
    }, {
      "id" : "s17-t1",
      "begin" : 612,
      "end" : 613,
      "text" : ",",
      "whiteSpace" : false
    }, {
      "id" : "s17-t2",
      "begin" : 614,
      "end" : 619,
      "text" : "their",
      "whiteSpace" : false
    }, {
      "id" : "s17-t3",
      "begin" : 620,
      "end" : 625,
      "text" : "heirs",
      "whiteSpace" : false
    }, {
      "id" : "s17-t4",
      "begin" : 626,
      "end" : 629,
      "text" : "and",
      "whiteSpace" : false
    }, {
      "id" : "s17-t5",
      "begin" : 630,
      "end" : 637,
      "text" : "assigns",
      "whiteSpace" : false
    }, {
      "id" : "s17-t6",
      "begin" : 637,
      "end" : 638,
      "text" : ",",
      "whiteSpace" : false
    }, {
      "id" : "s17-t7",
      "begin" : 639,
      "end" : 640,
      "text" : "a",
      "whiteSpace" : false
    }, {
      "id" : "s17-t8",
      "begin" : 641,
      "end" : 648,
      "text" : "certain",
      "whiteSpace" : false
    }, {
      "id" : "s17-t9",
      "begin" : 649,
      "end" : 654,
      "text" : "tract",
      "whiteSpace" : false
    }, {
      "id" : "s17-t10",
      "begin" : 655,
      "end" : 657,
      "text" : "or",
      "whiteSpace" : false
    }, {
      "id" : "s17-t11",
      "begin" : 658,
      "end" : 664,
      "text" : "parcel",
      "whiteSpace" : false
    }, {
      "id" : "s17-t12",
      "begin" : 665,
      "end" : 667,
      "text" : "of",
      "whiteSpace" : false
    }, {
      "id" : "s17-t13",
      "begin" : 668,
      "end" : 672,
      "text" : "land",
      "whiteSpace" : false
    }, {
      "id" : "s17-t14",
      "begin" : 673,
      "end" : 675,
      "text" : "in",
      "whiteSpace" : false
    }, {
      "id" : "s17-t15",
      "begin" : 676,
      "end" : 679,
      "text" : "the",
      "whiteSpace" : false
    }, {
      "id" : "s17-t16",
      "begin" : 680,
      "end" : 685,
      "text" : "Fifth",
      "whiteSpace" : false
    }, {
      "id" : "s17-t17",
      "begin" : 686,
      "end" : 691,
      "text" : "Civil",
      "whiteSpace" : false
    }, {
      "id" : "s17-t18",
      "begin" : 692,
      "end" : 700,
      "text" : "District",
      "whiteSpace" : false
    }, {
      "id" : "s17-t19",
      "begin" : 701,
      "end" : 703,
      "text" : "of",
      "whiteSpace" : false
    }, {
      "id" : "s17-t20",
      "begin" : 704,
      "end" : 713,
      "text" : "Humphreys",
      "whiteSpace" : false
    }, {
      "id" : "s17-t21",
      "begin" : 714,
      "end" : 720,
      "text" : "County",
      "whiteSpace" : false
    }, {
      "id" : "s17-t22",
      "begin" : 720,
      "end" : 721,
      "text" : ".",
      "whiteSpace" : false
    } ]
  }, {
    "id" : "s18",
    "begin" : 722,
    "end" : 744,
    "text" : "Tennessee, as follows]",
    "tokens" : [ {
      "id" : "s18-t0",
      "begin" : 722,
      "end" : 731,
      "text" : "Tennessee",
      "whiteSpace" : false
    }, {
      "id" : "s18-t1",
      "begin" : 731,
      "end" : 732,
      "text" : ",",
      "whiteSpace" : false
    }, {
      "id" : "s18-t2",
      "begin" : 733,
      "end" : 735,
      "text" : "as",
      "whiteSpace" : false
    }, {
      "id" : "s18-t3",
      "begin" : 736,
      "end" : 743,
      "text" : "follows",
      "whiteSpace" : false
    }, {
      "id" : "s18-t4",
      "begin" : 743,
      "end" : 744,
      "text" : "]",
      "whiteSpace" : false
    } ]
  } ],
  "mentions" : [ {
    "id" : "s0-m1",
    "properties" : {
      "SIRE_MENTION_ROLE" : "Grantee",
      "SIRE_ENTITY_SUBTYPE" : "NONE",
      "SIRE_MENTION_TYPE" : "NONE",
      "SIRE_MENTION_CLASS" : "SPC"
    },
    "type" : "Grantee",
    "begin" : 93,
    "end" : 113,
    "inCoref" : false
  }, {
    "id" : "s1-m1",
    "properties" : {
      "SIRE_MENTION_ROLE" : "Grantee",
      "SIRE_ENTITY_SUBTYPE" : "NONE",
      "SIRE_MENTION_TYPE" : "NONE",
      "SIRE_MENTION_CLASS" : "SPC"
    },
    "type" : "Grantee",
    "begin" : 121,
    "end" : 129,
    "inCoref" : false
  }, {
    "id" : "s2-m1",
    "properties" : {
      "SIRE_MENTION_ROLE" : "Grantee",
      "SIRE_ENTITY_SUBTYPE" : "NONE",
      "SIRE_MENTION_TYPE" : "NONE",
      "SIRE_MENTION_CLASS" : "SPC"
    },
    "type" : "Grantee",
    "begin" : 131,
    "end" : 137,
    "inCoref" : false
  }, {
    "id" : "s5-m1",
    "properties" : {
      "SIRE_MENTION_ROLE" : "Grantor",
      "SIRE_ENTITY_SUBTYPE" : "NONE",
      "SIRE_MENTION_TYPE" : "NONE",
      "SIRE_MENTION_CLASS" : "SPC"
    },
    "type" : "Grantor",
    "begin" : 255,
    "end" : 273,
    "inCoref" : false
  }, {
    "id" : "s5-m3",
    "properties" : {
      "SIRE_MENTION_ROLE" : "Grantee",
      "SIRE_ENTITY_SUBTYPE" : "NONE",
      "SIRE_MENTION_TYPE" : "NONE",
      "SIRE_MENTION_CLASS" : "SPC"
    },
    "type" : "Grantee",
    "begin" : 353,
    "end" : 373,
    "inCoref" : false
  }, {
    "id" : "s6-m1",
    "properties" : {
      "SIRE_MENTION_ROLE" : "Grantee",
      "SIRE_ENTITY_SUBTYPE" : "NONE",
      "SIRE_MENTION_TYPE" : "NONE",
      "SIRE_MENTION_CLASS" : "SPC"
    },
    "type" : "Grantee",
    "begin" : 381,
    "end" : 389,
    "inCoref" : false
  }, {
    "id" : "s7-m1",
    "properties" : {
      "SIRE_MENTION_ROLE" : "Grantee",
      "SIRE_ENTITY_SUBTYPE" : "NONE",
      "SIRE_MENTION_TYPE" : "NONE",
      "SIRE_MENTION_CLASS" : "SPC"
    },
    "type" : "Grantee",
    "begin" : 391,
    "end" : 397,
    "inCoref" : false
  }, {
    "id" : "s16-m1",
    "properties" : {
      "SIRE_MENTION_ROLE" : "Grantee",
      "SIRE_ENTITY_SUBTYPE" : "NONE",
      "SIRE_MENTION_TYPE" : "NONE",
      "SIRE_MENTION_CLASS" : "SPC"
    },
    "type" : "Grantee",
    "begin" : 568,
    "end" : 588,
    "inCoref" : false
  }, {
    "id" : "s16-m2",
    "properties" : {
      "SIRE_MENTION_ROLE" : "Grantee",
      "SIRE_ENTITY_SUBTYPE" : "NONE",
      "SIRE_MENTION_TYPE" : "NONE",
      "SIRE_MENTION_CLASS" : "SPC"
    },
    "type" : "Grantee",
    "begin" : 596,
    "end" : 605,
    "inCoref" : false
  }, {
    "id" : "s17-m1",
    "properties" : {
      "SIRE_MENTION_ROLE" : "Grantee",
      "SIRE_ENTITY_SUBTYPE" : "NONE",
      "SIRE_MENTION_TYPE" : "NONE",
      "SIRE_MENTION_CLASS" : "SPC"
    },
    "type" : "Grantee",
    "begin" : 606,
    "end" : 612,
    "inCoref" : false
  } ],
  "relations" : [ ],
  "corefs" : [ ],
  "typeResolved" : true,
  "userResolved" : false
}