{
  "id" : "5dd72ce0-5686-11e9-84a6-df86f9fa5a66-11",
  "name" : "WD1-28_3.txt",
  "createdDate" : 0,
  "version" : 3,
  "text" : "For and in consideration of the sum of TEN AND NO/ 100 ($10.00) DOLLARS, cash in hand paid, and other good and valuable considerations, the receipt of which is hereby acknowledged, I, H. C. TINNELL, SR. this date have bargained and sold, and by these presents do transfer and convey unto JOHN P. TINNELL III and wife, GINA TINNELL, their heirs and assigns, a certain tract or parcel of land in the Second Civil District of Humphreys County, Tennessee, and being more particularly described as follows",
  "docLength" : 0,
  "language" : "EN",
  "status" : "SUBMITTED",
  "modifiedDate" : 1554348347859,
  "documentSet" : [ ],
  "preannotation" : [ ],
  "sentences" : [ {
    "id" : "s0",
    "begin" : 0,
    "end" : 202,
    "text" : "For and in consideration of the sum of TEN AND NO/ 100 ($10.00) DOLLARS, cash in hand paid, and other good and valuable considerations, the receipt of which is hereby acknowledged, I, H. C. TINNELL, SR.",
    "tokens" : [ {
      "id" : "s0-t0",
      "begin" : 0,
      "end" : 3,
      "text" : "For",
      "whiteSpace" : false
    }, {
      "id" : "s0-t1",
      "begin" : 4,
      "end" : 7,
      "text" : "and",
      "whiteSpace" : false
    }, {
      "id" : "s0-t2",
      "begin" : 8,
      "end" : 10,
      "text" : "in",
      "whiteSpace" : false
    }, {
      "id" : "s0-t3",
      "begin" : 11,
      "end" : 24,
      "text" : "consideration",
      "whiteSpace" : false
    }, {
      "id" : "s0-t4",
      "begin" : 25,
      "end" : 27,
      "text" : "of",
      "whiteSpace" : false
    }, {
      "id" : "s0-t5",
      "begin" : 28,
      "end" : 31,
      "text" : "the",
      "whiteSpace" : false
    }, {
      "id" : "s0-t6",
      "begin" : 32,
      "end" : 35,
      "text" : "sum",
      "whiteSpace" : false
    }, {
      "id" : "s0-t7",
      "begin" : 36,
      "end" : 38,
      "text" : "of",
      "whiteSpace" : false
    }, {
      "id" : "s0-t8",
      "begin" : 39,
      "end" : 42,
      "text" : "TEN",
      "whiteSpace" : false
    }, {
      "id" : "s0-t9",
      "begin" : 43,
      "end" : 46,
      "text" : "AND",
      "whiteSpace" : false
    }, {
      "id" : "s0-t10",
      "begin" : 47,
      "end" : 50,
      "text" : "NO/",
      "whiteSpace" : false
    }, {
      "id" : "s0-t11",
      "begin" : 51,
      "end" : 54,
      "text" : "100",
      "whiteSpace" : false
    }, {
      "id" : "s0-t12",
      "begin" : 55,
      "end" : 56,
      "text" : "(",
      "whiteSpace" : false
    }, {
      "id" : "s0-t13",
      "begin" : 56,
      "end" : 57,
      "text" : "$",
      "whiteSpace" : false
    }, {
      "id" : "s0-t14",
      "begin" : 57,
      "end" : 62,
      "text" : "10.00",
      "whiteSpace" : false
    }, {
      "id" : "s0-t15",
      "begin" : 62,
      "end" : 63,
      "text" : ")",
      "whiteSpace" : false
    }, {
      "id" : "s0-t16",
      "begin" : 64,
      "end" : 71,
      "text" : "DOLLARS",
      "whiteSpace" : false
    }, {
      "id" : "s0-t17",
      "begin" : 71,
      "end" : 72,
      "text" : ",",
      "whiteSpace" : false
    }, {
      "id" : "s0-t18",
      "begin" : 73,
      "end" : 77,
      "text" : "cash",
      "whiteSpace" : false
    }, {
      "id" : "s0-t19",
      "begin" : 78,
      "end" : 80,
      "text" : "in",
      "whiteSpace" : false
    }, {
      "id" : "s0-t20",
      "begin" : 81,
      "end" : 85,
      "text" : "hand",
      "whiteSpace" : false
    }, {
      "id" : "s0-t21",
      "begin" : 86,
      "end" : 90,
      "text" : "paid",
      "whiteSpace" : false
    }, {
      "id" : "s0-t22",
      "begin" : 90,
      "end" : 91,
      "text" : ",",
      "whiteSpace" : false
    }, {
      "id" : "s0-t23",
      "begin" : 92,
      "end" : 95,
      "text" : "and",
      "whiteSpace" : false
    }, {
      "id" : "s0-t24",
      "begin" : 96,
      "end" : 101,
      "text" : "other",
      "whiteSpace" : false
    }, {
      "id" : "s0-t25",
      "begin" : 102,
      "end" : 106,
      "text" : "good",
      "whiteSpace" : false
    }, {
      "id" : "s0-t26",
      "begin" : 107,
      "end" : 110,
      "text" : "and",
      "whiteSpace" : false
    }, {
      "id" : "s0-t27",
      "begin" : 111,
      "end" : 119,
      "text" : "valuable",
      "whiteSpace" : false
    }, {
      "id" : "s0-t28",
      "begin" : 120,
      "end" : 134,
      "text" : "considerations",
      "whiteSpace" : false
    }, {
      "id" : "s0-t29",
      "begin" : 134,
      "end" : 135,
      "text" : ",",
      "whiteSpace" : false
    }, {
      "id" : "s0-t30",
      "begin" : 136,
      "end" : 139,
      "text" : "the",
      "whiteSpace" : false
    }, {
      "id" : "s0-t31",
      "begin" : 140,
      "end" : 147,
      "text" : "receipt",
      "whiteSpace" : false
    }, {
      "id" : "s0-t32",
      "begin" : 148,
      "end" : 150,
      "text" : "of",
      "whiteSpace" : false
    }, {
      "id" : "s0-t33",
      "begin" : 151,
      "end" : 156,
      "text" : "which",
      "whiteSpace" : false
    }, {
      "id" : "s0-t34",
      "begin" : 157,
      "end" : 159,
      "text" : "is",
      "whiteSpace" : false
    }, {
      "id" : "s0-t35",
      "begin" : 160,
      "end" : 166,
      "text" : "hereby",
      "whiteSpace" : false
    }, {
      "id" : "s0-t36",
      "begin" : 167,
      "end" : 179,
      "text" : "acknowledged",
      "whiteSpace" : false
    }, {
      "id" : "s0-t37",
      "begin" : 179,
      "end" : 180,
      "text" : ",",
      "whiteSpace" : false
    }, {
      "id" : "s0-t38",
      "begin" : 181,
      "end" : 182,
      "text" : "I",
      "whiteSpace" : false
    }, {
      "id" : "s0-t39",
      "begin" : 182,
      "end" : 183,
      "text" : ",",
      "whiteSpace" : false
    }, {
      "id" : "s0-t40",
      "begin" : 184,
      "end" : 186,
      "text" : "H.",
      "whiteSpace" : false
    }, {
      "id" : "s0-t41",
      "begin" : 187,
      "end" : 189,
      "text" : "C.",
      "whiteSpace" : false
    }, {
      "id" : "s0-t42",
      "begin" : 190,
      "end" : 197,
      "text" : "TINNELL",
      "whiteSpace" : false
    }, {
      "id" : "s0-t43",
      "begin" : 197,
      "end" : 198,
      "text" : ",",
      "whiteSpace" : false
    }, {
      "id" : "s0-t44",
      "begin" : 199,
      "end" : 201,
      "text" : "SR",
      "whiteSpace" : false
    }, {
      "id" : "s0-t45",
      "begin" : 201,
      "end" : 202,
      "text" : ".",
      "whiteSpace" : false
    } ]
  }, {
    "id" : "s1",
    "begin" : 203,
    "end" : 500,
    "text" : "this date have bargained and sold, and by these presents do transfer and convey unto JOHN P. TINNELL III and wife, GINA TINNELL, their heirs and assigns, a certain tract or parcel of land in the Second Civil District of Humphreys County, Tennessee, and being more particularly described as follows",
    "tokens" : [ {
      "id" : "s1-t0",
      "begin" : 203,
      "end" : 207,
      "text" : "this",
      "whiteSpace" : false
    }, {
      "id" : "s1-t1",
      "begin" : 208,
      "end" : 212,
      "text" : "date",
      "whiteSpace" : false
    }, {
      "id" : "s1-t2",
      "begin" : 213,
      "end" : 217,
      "text" : "have",
      "whiteSpace" : false
    }, {
      "id" : "s1-t3",
      "begin" : 218,
      "end" : 227,
      "text" : "bargained",
      "whiteSpace" : false
    }, {
      "id" : "s1-t4",
      "begin" : 228,
      "end" : 231,
      "text" : "and",
      "whiteSpace" : false
    }, {
      "id" : "s1-t5",
      "begin" : 232,
      "end" : 236,
      "text" : "sold",
      "whiteSpace" : false
    }, {
      "id" : "s1-t6",
      "begin" : 236,
      "end" : 237,
      "text" : ",",
      "whiteSpace" : false
    }, {
      "id" : "s1-t7",
      "begin" : 238,
      "end" : 241,
      "text" : "and",
      "whiteSpace" : false
    }, {
      "id" : "s1-t8",
      "begin" : 242,
      "end" : 244,
      "text" : "by",
      "whiteSpace" : false
    }, {
      "id" : "s1-t9",
      "begin" : 245,
      "end" : 250,
      "text" : "these",
      "whiteSpace" : false
    }, {
      "id" : "s1-t10",
      "begin" : 251,
      "end" : 259,
      "text" : "presents",
      "whiteSpace" : false
    }, {
      "id" : "s1-t11",
      "begin" : 260,
      "end" : 262,
      "text" : "do",
      "whiteSpace" : false
    }, {
      "id" : "s1-t12",
      "begin" : 263,
      "end" : 271,
      "text" : "transfer",
      "whiteSpace" : false
    }, {
      "id" : "s1-t13",
      "begin" : 272,
      "end" : 275,
      "text" : "and",
      "whiteSpace" : false
    }, {
      "id" : "s1-t14",
      "begin" : 276,
      "end" : 282,
      "text" : "convey",
      "whiteSpace" : false
    }, {
      "id" : "s1-t15",
      "begin" : 283,
      "end" : 287,
      "text" : "unto",
      "whiteSpace" : false
    }, {
      "id" : "s1-t16",
      "begin" : 288,
      "end" : 292,
      "text" : "JOHN",
      "whiteSpace" : false
    }, {
      "id" : "s1-t17",
      "begin" : 293,
      "end" : 295,
      "text" : "P.",
      "whiteSpace" : false
    }, {
      "id" : "s1-t18",
      "begin" : 296,
      "end" : 303,
      "text" : "TINNELL",
      "whiteSpace" : false
    }, {
      "id" : "s1-t19",
      "begin" : 304,
      "end" : 307,
      "text" : "III",
      "whiteSpace" : false
    }, {
      "id" : "s1-t20",
      "begin" : 308,
      "end" : 311,
      "text" : "and",
      "whiteSpace" : false
    }, {
      "id" : "s1-t21",
      "begin" : 312,
      "end" : 316,
      "text" : "wife",
      "whiteSpace" : false
    }, {
      "id" : "s1-t22",
      "begin" : 316,
      "end" : 317,
      "text" : ",",
      "whiteSpace" : false
    }, {
      "id" : "s1-t23",
      "begin" : 318,
      "end" : 322,
      "text" : "GINA",
      "whiteSpace" : false
    }, {
      "id" : "s1-t24",
      "begin" : 323,
      "end" : 330,
      "text" : "TINNELL",
      "whiteSpace" : false
    }, {
      "id" : "s1-t25",
      "begin" : 330,
      "end" : 331,
      "text" : ",",
      "whiteSpace" : false
    }, {
      "id" : "s1-t26",
      "begin" : 332,
      "end" : 337,
      "text" : "their",
      "whiteSpace" : false
    }, {
      "id" : "s1-t27",
      "begin" : 338,
      "end" : 343,
      "text" : "heirs",
      "whiteSpace" : false
    }, {
      "id" : "s1-t28",
      "begin" : 344,
      "end" : 347,
      "text" : "and",
      "whiteSpace" : false
    }, {
      "id" : "s1-t29",
      "begin" : 348,
      "end" : 355,
      "text" : "assigns",
      "whiteSpace" : false
    }, {
      "id" : "s1-t30",
      "begin" : 355,
      "end" : 356,
      "text" : ",",
      "whiteSpace" : false
    }, {
      "id" : "s1-t31",
      "begin" : 357,
      "end" : 358,
      "text" : "a",
      "whiteSpace" : false
    }, {
      "id" : "s1-t32",
      "begin" : 359,
      "end" : 366,
      "text" : "certain",
      "whiteSpace" : false
    }, {
      "id" : "s1-t33",
      "begin" : 367,
      "end" : 372,
      "text" : "tract",
      "whiteSpace" : false
    }, {
      "id" : "s1-t34",
      "begin" : 373,
      "end" : 375,
      "text" : "or",
      "whiteSpace" : false
    }, {
      "id" : "s1-t35",
      "begin" : 376,
      "end" : 382,
      "text" : "parcel",
      "whiteSpace" : false
    }, {
      "id" : "s1-t36",
      "begin" : 383,
      "end" : 385,
      "text" : "of",
      "whiteSpace" : false
    }, {
      "id" : "s1-t37",
      "begin" : 386,
      "end" : 390,
      "text" : "land",
      "whiteSpace" : false
    }, {
      "id" : "s1-t38",
      "begin" : 391,
      "end" : 393,
      "text" : "in",
      "whiteSpace" : false
    }, {
      "id" : "s1-t39",
      "begin" : 394,
      "end" : 397,
      "text" : "the",
      "whiteSpace" : false
    }, {
      "id" : "s1-t40",
      "begin" : 398,
      "end" : 404,
      "text" : "Second",
      "whiteSpace" : false
    }, {
      "id" : "s1-t41",
      "begin" : 405,
      "end" : 410,
      "text" : "Civil",
      "whiteSpace" : false
    }, {
      "id" : "s1-t42",
      "begin" : 411,
      "end" : 419,
      "text" : "District",
      "whiteSpace" : false
    }, {
      "id" : "s1-t43",
      "begin" : 420,
      "end" : 422,
      "text" : "of",
      "whiteSpace" : false
    }, {
      "id" : "s1-t44",
      "begin" : 423,
      "end" : 432,
      "text" : "Humphreys",
      "whiteSpace" : false
    }, {
      "id" : "s1-t45",
      "begin" : 433,
      "end" : 439,
      "text" : "County",
      "whiteSpace" : false
    }, {
      "id" : "s1-t46",
      "begin" : 439,
      "end" : 440,
      "text" : ",",
      "whiteSpace" : false
    }, {
      "id" : "s1-t47",
      "begin" : 441,
      "end" : 450,
      "text" : "Tennessee",
      "whiteSpace" : false
    }, {
      "id" : "s1-t48",
      "begin" : 450,
      "end" : 451,
      "text" : ",",
      "whiteSpace" : false
    }, {
      "id" : "s1-t49",
      "begin" : 452,
      "end" : 455,
      "text" : "and",
      "whiteSpace" : false
    }, {
      "id" : "s1-t50",
      "begin" : 456,
      "end" : 461,
      "text" : "being",
      "whiteSpace" : false
    }, {
      "id" : "s1-t51",
      "begin" : 462,
      "end" : 466,
      "text" : "more",
      "whiteSpace" : false
    }, {
      "id" : "s1-t52",
      "begin" : 467,
      "end" : 479,
      "text" : "particularly",
      "whiteSpace" : false
    }, {
      "id" : "s1-t53",
      "begin" : 480,
      "end" : 489,
      "text" : "described",
      "whiteSpace" : false
    }, {
      "id" : "s1-t54",
      "begin" : 490,
      "end" : 492,
      "text" : "as",
      "whiteSpace" : false
    }, {
      "id" : "s1-t55",
      "begin" : 493,
      "end" : 500,
      "text" : "follows",
      "whiteSpace" : false
    } ]
  } ],
  "mentions" : [ {
    "id" : "s0-m2",
    "properties" : {
      "SIRE_MENTION_ROLE" : "Grantor",
      "SIRE_ENTITY_SUBTYPE" : "NONE",
      "SIRE_MENTION_TYPE" : "NONE",
      "SIRE_MENTION_CLASS" : "SPC"
    },
    "type" : "Grantor",
    "begin" : 184,
    "end" : 202,
    "inCoref" : false
  }, {
    "id" : "s1-m1",
    "properties" : {
      "SIRE_MENTION_ROLE" : "Grantee",
      "SIRE_ENTITY_SUBTYPE" : "NONE",
      "SIRE_MENTION_TYPE" : "NONE",
      "SIRE_MENTION_CLASS" : "SPC"
    },
    "type" : "Grantee",
    "begin" : 288,
    "end" : 307,
    "inCoref" : false
  }, {
    "id" : "s1-m3",
    "properties" : {
      "SIRE_MENTION_ROLE" : "Grantee",
      "SIRE_ENTITY_SUBTYPE" : "NONE",
      "SIRE_MENTION_TYPE" : "NONE",
      "SIRE_MENTION_CLASS" : "SPC"
    },
    "type" : "Grantee",
    "begin" : 318,
    "end" : 330,
    "inCoref" : false
  } ],
  "relations" : [ ],
  "corefs" : [ ],
  "typeResolved" : true,
  "userResolved" : false
}