{
  "id" : "670a9ff0-5676-11e9-a5da-fdc443a70fd2-12",
  "name" : "WD1-28_7.txt",
  "createdDate" : 0,
  "version" : 3,
  "text" : " thence East 66 poles to a stake in J. M., Hickerson???s west boundary, South 61 poles to the beginning, containing 25 acres, more or less., BEING the same property conveyed to me and my late husband, T., Tennessee, and of record in Deed Book 108, page 441, JOHN LEE ",
  "docLength" : 0,
  "language" : "EN",
  "status" : "SUBMITTED",
  "modifiedDate" : 1554343322953,
  "documentSet" : [ ],
  "preannotation" : [ ],
  "sentences" : [ {
    "id" : "s0",
    "begin" : 1,
    "end" : 53,
    "text" : "thence East 66 poles to a stake in J. M., Hickerson?",
    "tokens" : [ {
      "id" : "s0-t0",
      "begin" : 1,
      "end" : 7,
      "text" : "thence",
      "whiteSpace" : false
    }, {
      "id" : "s0-t1",
      "begin" : 8,
      "end" : 12,
      "text" : "East",
      "whiteSpace" : false
    }, {
      "id" : "s0-t2",
      "begin" : 13,
      "end" : 15,
      "text" : "66",
      "whiteSpace" : false
    }, {
      "id" : "s0-t3",
      "begin" : 16,
      "end" : 21,
      "text" : "poles",
      "whiteSpace" : false
    }, {
      "id" : "s0-t4",
      "begin" : 22,
      "end" : 24,
      "text" : "to",
      "whiteSpace" : false
    }, {
      "id" : "s0-t5",
      "begin" : 25,
      "end" : 26,
      "text" : "a",
      "whiteSpace" : false
    }, {
      "id" : "s0-t6",
      "begin" : 27,
      "end" : 32,
      "text" : "stake",
      "whiteSpace" : false
    }, {
      "id" : "s0-t7",
      "begin" : 33,
      "end" : 35,
      "text" : "in",
      "whiteSpace" : false
    }, {
      "id" : "s0-t8",
      "begin" : 36,
      "end" : 38,
      "text" : "J.",
      "whiteSpace" : false
    }, {
      "id" : "s0-t9",
      "begin" : 39,
      "end" : 41,
      "text" : "M.",
      "whiteSpace" : false
    }, {
      "id" : "s0-t10",
      "begin" : 41,
      "end" : 42,
      "text" : ",",
      "whiteSpace" : false
    }, {
      "id" : "s0-t11",
      "begin" : 43,
      "end" : 52,
      "text" : "Hickerson",
      "whiteSpace" : false
    }, {
      "id" : "s0-t12",
      "begin" : 52,
      "end" : 53,
      "text" : "?",
      "whiteSpace" : false
    } ]
  }, {
    "id" : "s1",
    "begin" : 53,
    "end" : 266,
    "text" : "??s west boundary, South 61 poles to the beginning, containing 25 acres, more or less., BEING the same property conveyed to me and my late husband, T., Tennessee, and of record in Deed Book 108, page 441, JOHN LEE",
    "tokens" : [ {
      "id" : "s1-t0",
      "begin" : 53,
      "end" : 56,
      "text" : "??s",
      "whiteSpace" : false
    }, {
      "id" : "s1-t1",
      "begin" : 57,
      "end" : 61,
      "text" : "west",
      "whiteSpace" : false
    }, {
      "id" : "s1-t2",
      "begin" : 62,
      "end" : 70,
      "text" : "boundary",
      "whiteSpace" : false
    }, {
      "id" : "s1-t3",
      "begin" : 70,
      "end" : 71,
      "text" : ",",
      "whiteSpace" : false
    }, {
      "id" : "s1-t4",
      "begin" : 72,
      "end" : 77,
      "text" : "South",
      "whiteSpace" : false
    }, {
      "id" : "s1-t5",
      "begin" : 78,
      "end" : 80,
      "text" : "61",
      "whiteSpace" : false
    }, {
      "id" : "s1-t6",
      "begin" : 81,
      "end" : 86,
      "text" : "poles",
      "whiteSpace" : false
    }, {
      "id" : "s1-t7",
      "begin" : 87,
      "end" : 89,
      "text" : "to",
      "whiteSpace" : false
    }, {
      "id" : "s1-t8",
      "begin" : 90,
      "end" : 93,
      "text" : "the",
      "whiteSpace" : false
    }, {
      "id" : "s1-t9",
      "begin" : 94,
      "end" : 103,
      "text" : "beginning",
      "whiteSpace" : false
    }, {
      "id" : "s1-t10",
      "begin" : 103,
      "end" : 104,
      "text" : ",",
      "whiteSpace" : false
    }, {
      "id" : "s1-t11",
      "begin" : 105,
      "end" : 115,
      "text" : "containing",
      "whiteSpace" : false
    }, {
      "id" : "s1-t12",
      "begin" : 116,
      "end" : 118,
      "text" : "25",
      "whiteSpace" : false
    }, {
      "id" : "s1-t13",
      "begin" : 119,
      "end" : 124,
      "text" : "acres",
      "whiteSpace" : false
    }, {
      "id" : "s1-t14",
      "begin" : 124,
      "end" : 125,
      "text" : ",",
      "whiteSpace" : false
    }, {
      "id" : "s1-t15",
      "begin" : 126,
      "end" : 130,
      "text" : "more",
      "whiteSpace" : false
    }, {
      "id" : "s1-t16",
      "begin" : 131,
      "end" : 133,
      "text" : "or",
      "whiteSpace" : false
    }, {
      "id" : "s1-t17",
      "begin" : 134,
      "end" : 139,
      "text" : "less.",
      "whiteSpace" : false
    }, {
      "id" : "s1-t18",
      "begin" : 139,
      "end" : 140,
      "text" : ",",
      "whiteSpace" : false
    }, {
      "id" : "s1-t19",
      "begin" : 141,
      "end" : 146,
      "text" : "BEING",
      "whiteSpace" : false
    }, {
      "id" : "s1-t20",
      "begin" : 147,
      "end" : 150,
      "text" : "the",
      "whiteSpace" : false
    }, {
      "id" : "s1-t21",
      "begin" : 151,
      "end" : 155,
      "text" : "same",
      "whiteSpace" : false
    }, {
      "id" : "s1-t22",
      "begin" : 156,
      "end" : 164,
      "text" : "property",
      "whiteSpace" : false
    }, {
      "id" : "s1-t23",
      "begin" : 165,
      "end" : 173,
      "text" : "conveyed",
      "whiteSpace" : false
    }, {
      "id" : "s1-t24",
      "begin" : 174,
      "end" : 176,
      "text" : "to",
      "whiteSpace" : false
    }, {
      "id" : "s1-t25",
      "begin" : 177,
      "end" : 179,
      "text" : "me",
      "whiteSpace" : false
    }, {
      "id" : "s1-t26",
      "begin" : 180,
      "end" : 183,
      "text" : "and",
      "whiteSpace" : false
    }, {
      "id" : "s1-t27",
      "begin" : 184,
      "end" : 186,
      "text" : "my",
      "whiteSpace" : false
    }, {
      "id" : "s1-t28",
      "begin" : 187,
      "end" : 191,
      "text" : "late",
      "whiteSpace" : false
    }, {
      "id" : "s1-t29",
      "begin" : 192,
      "end" : 199,
      "text" : "husband",
      "whiteSpace" : false
    }, {
      "id" : "s1-t30",
      "begin" : 199,
      "end" : 200,
      "text" : ",",
      "whiteSpace" : false
    }, {
      "id" : "s1-t31",
      "begin" : 201,
      "end" : 203,
      "text" : "T.",
      "whiteSpace" : false
    }, {
      "id" : "s1-t32",
      "begin" : 203,
      "end" : 204,
      "text" : ",",
      "whiteSpace" : false
    }, {
      "id" : "s1-t33",
      "begin" : 205,
      "end" : 214,
      "text" : "Tennessee",
      "whiteSpace" : false
    }, {
      "id" : "s1-t34",
      "begin" : 214,
      "end" : 215,
      "text" : ",",
      "whiteSpace" : false
    }, {
      "id" : "s1-t35",
      "begin" : 216,
      "end" : 219,
      "text" : "and",
      "whiteSpace" : false
    }, {
      "id" : "s1-t36",
      "begin" : 220,
      "end" : 222,
      "text" : "of",
      "whiteSpace" : false
    }, {
      "id" : "s1-t37",
      "begin" : 223,
      "end" : 229,
      "text" : "record",
      "whiteSpace" : false
    }, {
      "id" : "s1-t38",
      "begin" : 230,
      "end" : 232,
      "text" : "in",
      "whiteSpace" : false
    }, {
      "id" : "s1-t39",
      "begin" : 233,
      "end" : 237,
      "text" : "Deed",
      "whiteSpace" : false
    }, {
      "id" : "s1-t40",
      "begin" : 238,
      "end" : 242,
      "text" : "Book",
      "whiteSpace" : false
    }, {
      "id" : "s1-t41",
      "begin" : 243,
      "end" : 246,
      "text" : "108",
      "whiteSpace" : false
    }, {
      "id" : "s1-t42",
      "begin" : 246,
      "end" : 247,
      "text" : ",",
      "whiteSpace" : false
    }, {
      "id" : "s1-t43",
      "begin" : 248,
      "end" : 252,
      "text" : "page",
      "whiteSpace" : false
    }, {
      "id" : "s1-t44",
      "begin" : 253,
      "end" : 256,
      "text" : "441",
      "whiteSpace" : false
    }, {
      "id" : "s1-t45",
      "begin" : 256,
      "end" : 257,
      "text" : ",",
      "whiteSpace" : false
    }, {
      "id" : "s1-t46",
      "begin" : 258,
      "end" : 262,
      "text" : "JOHN",
      "whiteSpace" : false
    }, {
      "id" : "s1-t47",
      "begin" : 263,
      "end" : 266,
      "text" : "LEE",
      "whiteSpace" : false
    } ]
  } ],
  "mentions" : [ {
    "id" : "s1-m1",
    "properties" : {
      "SIRE_MENTION_ROLE" : "WarrDeedBookNum",
      "SIRE_ENTITY_SUBTYPE" : "NONE",
      "SIRE_MENTION_TYPE" : "NONE",
      "SIRE_MENTION_CLASS" : "SPC"
    },
    "type" : "WarrDeedBookNum",
    "begin" : 243,
    "end" : 246,
    "inCoref" : false
  }, {
    "id" : "s1-m2",
    "properties" : {
      "SIRE_MENTION_ROLE" : "WarrDeedPageNum",
      "SIRE_ENTITY_SUBTYPE" : "NONE",
      "SIRE_MENTION_TYPE" : "NONE",
      "SIRE_MENTION_CLASS" : "SPC"
    },
    "type" : "WarrDeedPageNum",
    "begin" : 253,
    "end" : 256,
    "inCoref" : false
  } ],
  "relations" : [ ],
  "corefs" : [ ],
  "typeResolved" : true,
  "userResolved" : false
}