{
  "id" : "670a9ff0-5676-11e9-a5da-fdc443a70fd2-5",
  "name" : "WD1-27_5.txt",
  "createdDate" : 0,
  "version" : 3,
  "text" : "? west 240.29 ft. to the point of beginning, being made subject to a T.V.A. Transmission Line right-of- Being the same property conveyed to Ray Chandler and Margaret Chandler by deed from of record in Book 181, Page 250 Register???s Of???ce for Humphreys County, TN. THIS CONVEYANCE IS SUBJECT TO: ",
  "docLength" : 0,
  "language" : "EN",
  "status" : "SUBMITTED",
  "modifiedDate" : 1554343361738,
  "documentSet" : [ ],
  "preannotation" : [ ],
  "sentences" : [ {
    "id" : "s0",
    "begin" : 0,
    "end" : 1,
    "text" : "?",
    "tokens" : [ {
      "id" : "s0-t0",
      "begin" : 0,
      "end" : 1,
      "text" : "?",
      "whiteSpace" : false
    } ]
  }, {
    "id" : "s1",
    "begin" : 2,
    "end" : 229,
    "text" : "west 240.29 ft. to the point of beginning, being made subject to a T.V.A. Transmission Line right-of- Being the same property conveyed to Ray Chandler and Margaret Chandler by deed from of record in Book 181, Page 250 Register?",
    "tokens" : [ {
      "id" : "s1-t0",
      "begin" : 2,
      "end" : 6,
      "text" : "west",
      "whiteSpace" : false
    }, {
      "id" : "s1-t1",
      "begin" : 7,
      "end" : 13,
      "text" : "240.29",
      "whiteSpace" : false
    }, {
      "id" : "s1-t2",
      "begin" : 14,
      "end" : 17,
      "text" : "ft.",
      "whiteSpace" : false
    }, {
      "id" : "s1-t3",
      "begin" : 18,
      "end" : 20,
      "text" : "to",
      "whiteSpace" : false
    }, {
      "id" : "s1-t4",
      "begin" : 21,
      "end" : 24,
      "text" : "the",
      "whiteSpace" : false
    }, {
      "id" : "s1-t5",
      "begin" : 25,
      "end" : 30,
      "text" : "point",
      "whiteSpace" : false
    }, {
      "id" : "s1-t6",
      "begin" : 31,
      "end" : 33,
      "text" : "of",
      "whiteSpace" : false
    }, {
      "id" : "s1-t7",
      "begin" : 34,
      "end" : 43,
      "text" : "beginning",
      "whiteSpace" : false
    }, {
      "id" : "s1-t8",
      "begin" : 43,
      "end" : 44,
      "text" : ",",
      "whiteSpace" : false
    }, {
      "id" : "s1-t9",
      "begin" : 45,
      "end" : 50,
      "text" : "being",
      "whiteSpace" : false
    }, {
      "id" : "s1-t10",
      "begin" : 51,
      "end" : 55,
      "text" : "made",
      "whiteSpace" : false
    }, {
      "id" : "s1-t11",
      "begin" : 56,
      "end" : 63,
      "text" : "subject",
      "whiteSpace" : false
    }, {
      "id" : "s1-t12",
      "begin" : 64,
      "end" : 66,
      "text" : "to",
      "whiteSpace" : false
    }, {
      "id" : "s1-t13",
      "begin" : 67,
      "end" : 68,
      "text" : "a",
      "whiteSpace" : false
    }, {
      "id" : "s1-t14",
      "begin" : 69,
      "end" : 75,
      "text" : "T.V.A.",
      "whiteSpace" : false
    }, {
      "id" : "s1-t15",
      "begin" : 76,
      "end" : 88,
      "text" : "Transmission",
      "whiteSpace" : false
    }, {
      "id" : "s1-t16",
      "begin" : 89,
      "end" : 93,
      "text" : "Line",
      "whiteSpace" : false
    }, {
      "id" : "s1-t17",
      "begin" : 94,
      "end" : 99,
      "text" : "right",
      "whiteSpace" : false
    }, {
      "id" : "s1-t18",
      "begin" : 99,
      "end" : 100,
      "text" : "-",
      "whiteSpace" : false
    }, {
      "id" : "s1-t19",
      "begin" : 100,
      "end" : 102,
      "text" : "of",
      "whiteSpace" : false
    }, {
      "id" : "s1-t20",
      "begin" : 102,
      "end" : 103,
      "text" : "-",
      "whiteSpace" : false
    }, {
      "id" : "s1-t21",
      "begin" : 104,
      "end" : 109,
      "text" : "Being",
      "whiteSpace" : false
    }, {
      "id" : "s1-t22",
      "begin" : 110,
      "end" : 113,
      "text" : "the",
      "whiteSpace" : false
    }, {
      "id" : "s1-t23",
      "begin" : 114,
      "end" : 118,
      "text" : "same",
      "whiteSpace" : false
    }, {
      "id" : "s1-t24",
      "begin" : 119,
      "end" : 127,
      "text" : "property",
      "whiteSpace" : false
    }, {
      "id" : "s1-t25",
      "begin" : 128,
      "end" : 136,
      "text" : "conveyed",
      "whiteSpace" : false
    }, {
      "id" : "s1-t26",
      "begin" : 137,
      "end" : 139,
      "text" : "to",
      "whiteSpace" : false
    }, {
      "id" : "s1-t27",
      "begin" : 140,
      "end" : 143,
      "text" : "Ray",
      "whiteSpace" : false
    }, {
      "id" : "s1-t28",
      "begin" : 144,
      "end" : 152,
      "text" : "Chandler",
      "whiteSpace" : false
    }, {
      "id" : "s1-t29",
      "begin" : 153,
      "end" : 156,
      "text" : "and",
      "whiteSpace" : false
    }, {
      "id" : "s1-t30",
      "begin" : 157,
      "end" : 165,
      "text" : "Margaret",
      "whiteSpace" : false
    }, {
      "id" : "s1-t31",
      "begin" : 166,
      "end" : 174,
      "text" : "Chandler",
      "whiteSpace" : false
    }, {
      "id" : "s1-t32",
      "begin" : 175,
      "end" : 177,
      "text" : "by",
      "whiteSpace" : false
    }, {
      "id" : "s1-t33",
      "begin" : 178,
      "end" : 182,
      "text" : "deed",
      "whiteSpace" : false
    }, {
      "id" : "s1-t34",
      "begin" : 183,
      "end" : 187,
      "text" : "from",
      "whiteSpace" : false
    }, {
      "id" : "s1-t35",
      "begin" : 188,
      "end" : 190,
      "text" : "of",
      "whiteSpace" : false
    }, {
      "id" : "s1-t36",
      "begin" : 191,
      "end" : 197,
      "text" : "record",
      "whiteSpace" : false
    }, {
      "id" : "s1-t37",
      "begin" : 198,
      "end" : 200,
      "text" : "in",
      "whiteSpace" : false
    }, {
      "id" : "s1-t38",
      "begin" : 201,
      "end" : 205,
      "text" : "Book",
      "whiteSpace" : false
    }, {
      "id" : "s1-t39",
      "begin" : 206,
      "end" : 209,
      "text" : "181",
      "whiteSpace" : false
    }, {
      "id" : "s1-t40",
      "begin" : 209,
      "end" : 210,
      "text" : ",",
      "whiteSpace" : false
    }, {
      "id" : "s1-t41",
      "begin" : 211,
      "end" : 215,
      "text" : "Page",
      "whiteSpace" : false
    }, {
      "id" : "s1-t42",
      "begin" : 216,
      "end" : 219,
      "text" : "250",
      "whiteSpace" : false
    }, {
      "id" : "s1-t43",
      "begin" : 220,
      "end" : 228,
      "text" : "Register",
      "whiteSpace" : false
    }, {
      "id" : "s1-t44",
      "begin" : 228,
      "end" : 229,
      "text" : "?",
      "whiteSpace" : false
    } ]
  }, {
    "id" : "s2",
    "begin" : 229,
    "end" : 236,
    "text" : "??s Of?",
    "tokens" : [ {
      "id" : "s2-t0",
      "begin" : 229,
      "end" : 232,
      "text" : "??s",
      "whiteSpace" : false
    }, {
      "id" : "s2-t1",
      "begin" : 233,
      "end" : 235,
      "text" : "Of",
      "whiteSpace" : false
    }, {
      "id" : "s2-t2",
      "begin" : 235,
      "end" : 236,
      "text" : "?",
      "whiteSpace" : false
    } ]
  }, {
    "id" : "s3",
    "begin" : 236,
    "end" : 266,
    "text" : "??ce for Humphreys County, TN.",
    "tokens" : [ {
      "id" : "s3-t0",
      "begin" : 236,
      "end" : 240,
      "text" : "??ce",
      "whiteSpace" : false
    }, {
      "id" : "s3-t1",
      "begin" : 241,
      "end" : 244,
      "text" : "for",
      "whiteSpace" : false
    }, {
      "id" : "s3-t2",
      "begin" : 245,
      "end" : 254,
      "text" : "Humphreys",
      "whiteSpace" : false
    }, {
      "id" : "s3-t3",
      "begin" : 255,
      "end" : 261,
      "text" : "County",
      "whiteSpace" : false
    }, {
      "id" : "s3-t4",
      "begin" : 261,
      "end" : 262,
      "text" : ",",
      "whiteSpace" : false
    }, {
      "id" : "s3-t5",
      "begin" : 263,
      "end" : 265,
      "text" : "TN",
      "whiteSpace" : false
    }, {
      "id" : "s3-t6",
      "begin" : 265,
      "end" : 266,
      "text" : ".",
      "whiteSpace" : false
    } ]
  }, {
    "id" : "s4",
    "begin" : 267,
    "end" : 297,
    "text" : "THIS CONVEYANCE IS SUBJECT TO:",
    "tokens" : [ {
      "id" : "s4-t0",
      "begin" : 267,
      "end" : 271,
      "text" : "THIS",
      "whiteSpace" : false
    }, {
      "id" : "s4-t1",
      "begin" : 272,
      "end" : 282,
      "text" : "CONVEYANCE",
      "whiteSpace" : false
    }, {
      "id" : "s4-t2",
      "begin" : 283,
      "end" : 285,
      "text" : "IS",
      "whiteSpace" : false
    }, {
      "id" : "s4-t3",
      "begin" : 286,
      "end" : 293,
      "text" : "SUBJECT",
      "whiteSpace" : false
    }, {
      "id" : "s4-t4",
      "begin" : 294,
      "end" : 296,
      "text" : "TO",
      "whiteSpace" : false
    }, {
      "id" : "s4-t5",
      "begin" : 296,
      "end" : 297,
      "text" : ":",
      "whiteSpace" : false
    } ]
  } ],
  "mentions" : [ {
    "id" : "s1-m1",
    "properties" : {
      "SIRE_MENTION_ROLE" : "WarrDeedBookNum",
      "SIRE_ENTITY_SUBTYPE" : "NONE",
      "SIRE_MENTION_TYPE" : "NONE",
      "SIRE_MENTION_CLASS" : "SPC"
    },
    "type" : "WarrDeedBookNum",
    "begin" : 206,
    "end" : 209,
    "inCoref" : false
  }, {
    "id" : "s1-m2",
    "properties" : {
      "SIRE_MENTION_ROLE" : "WarrDeedPageNum",
      "SIRE_ENTITY_SUBTYPE" : "NONE",
      "SIRE_MENTION_TYPE" : "NONE",
      "SIRE_MENTION_CLASS" : "SPC"
    },
    "type" : "WarrDeedPageNum",
    "begin" : 216,
    "end" : 219,
    "inCoref" : false
  } ],
  "relations" : [ ],
  "corefs" : [ ],
  "typeResolved" : true,
  "userResolved" : false
}