{
  "id" : "670a9ff0-5676-11e9-a5da-fdc443a70fd2-13",
  "name" : "WD1-28_8.txt",
  "createdDate" : 0,
  "version" : 3,
  "text" : " survey made by Darrell R. McBride, Tennessee Registration Land Surveyor No. 1463 on July 24, 1991. Being the same property conveyed to David T. Tarpy and wife, Teresa Tarpy, by deed of record in Deed Book 158, page 347, Register's Of???ce of Humphreys County, Tennessee. TO HAVE AND TO HOLD the",
  "docLength" : 0,
  "language" : "EN",
  "status" : "SUBMITTED",
  "modifiedDate" : 1554343329086,
  "documentSet" : [ ],
  "preannotation" : [ ],
  "sentences" : [ {
    "id" : "s0",
    "begin" : 1,
    "end" : 99,
    "text" : "survey made by Darrell R. McBride, Tennessee Registration Land Surveyor No. 1463 on July 24, 1991.",
    "tokens" : [ {
      "id" : "s0-t0",
      "begin" : 1,
      "end" : 7,
      "text" : "survey",
      "whiteSpace" : false
    }, {
      "id" : "s0-t1",
      "begin" : 8,
      "end" : 12,
      "text" : "made",
      "whiteSpace" : false
    }, {
      "id" : "s0-t2",
      "begin" : 13,
      "end" : 15,
      "text" : "by",
      "whiteSpace" : false
    }, {
      "id" : "s0-t3",
      "begin" : 16,
      "end" : 23,
      "text" : "Darrell",
      "whiteSpace" : false
    }, {
      "id" : "s0-t4",
      "begin" : 24,
      "end" : 26,
      "text" : "R.",
      "whiteSpace" : false
    }, {
      "id" : "s0-t5",
      "begin" : 27,
      "end" : 34,
      "text" : "McBride",
      "whiteSpace" : false
    }, {
      "id" : "s0-t6",
      "begin" : 34,
      "end" : 35,
      "text" : ",",
      "whiteSpace" : false
    }, {
      "id" : "s0-t7",
      "begin" : 36,
      "end" : 45,
      "text" : "Tennessee",
      "whiteSpace" : false
    }, {
      "id" : "s0-t8",
      "begin" : 46,
      "end" : 58,
      "text" : "Registration",
      "whiteSpace" : false
    }, {
      "id" : "s0-t9",
      "begin" : 59,
      "end" : 63,
      "text" : "Land",
      "whiteSpace" : false
    }, {
      "id" : "s0-t10",
      "begin" : 64,
      "end" : 72,
      "text" : "Surveyor",
      "whiteSpace" : false
    }, {
      "id" : "s0-t11",
      "begin" : 73,
      "end" : 76,
      "text" : "No.",
      "whiteSpace" : false
    }, {
      "id" : "s0-t12",
      "begin" : 77,
      "end" : 81,
      "text" : "1463",
      "whiteSpace" : false
    }, {
      "id" : "s0-t13",
      "begin" : 82,
      "end" : 84,
      "text" : "on",
      "whiteSpace" : false
    }, {
      "id" : "s0-t14",
      "begin" : 85,
      "end" : 89,
      "text" : "July",
      "whiteSpace" : false
    }, {
      "id" : "s0-t15",
      "begin" : 90,
      "end" : 92,
      "text" : "24",
      "whiteSpace" : false
    }, {
      "id" : "s0-t16",
      "begin" : 92,
      "end" : 93,
      "text" : ",",
      "whiteSpace" : false
    }, {
      "id" : "s0-t17",
      "begin" : 94,
      "end" : 98,
      "text" : "1991",
      "whiteSpace" : false
    }, {
      "id" : "s0-t18",
      "begin" : 98,
      "end" : 99,
      "text" : ".",
      "whiteSpace" : false
    } ]
  }, {
    "id" : "s1",
    "begin" : 100,
    "end" : 235,
    "text" : "Being the same property conveyed to David T. Tarpy and wife, Teresa Tarpy, by deed of record in Deed Book 158, page 347, Register's Of?",
    "tokens" : [ {
      "id" : "s1-t0",
      "begin" : 100,
      "end" : 105,
      "text" : "Being",
      "whiteSpace" : false
    }, {
      "id" : "s1-t1",
      "begin" : 106,
      "end" : 109,
      "text" : "the",
      "whiteSpace" : false
    }, {
      "id" : "s1-t2",
      "begin" : 110,
      "end" : 114,
      "text" : "same",
      "whiteSpace" : false
    }, {
      "id" : "s1-t3",
      "begin" : 115,
      "end" : 123,
      "text" : "property",
      "whiteSpace" : false
    }, {
      "id" : "s1-t4",
      "begin" : 124,
      "end" : 132,
      "text" : "conveyed",
      "whiteSpace" : false
    }, {
      "id" : "s1-t5",
      "begin" : 133,
      "end" : 135,
      "text" : "to",
      "whiteSpace" : false
    }, {
      "id" : "s1-t6",
      "begin" : 136,
      "end" : 141,
      "text" : "David",
      "whiteSpace" : false
    }, {
      "id" : "s1-t7",
      "begin" : 142,
      "end" : 144,
      "text" : "T.",
      "whiteSpace" : false
    }, {
      "id" : "s1-t8",
      "begin" : 145,
      "end" : 150,
      "text" : "Tarpy",
      "whiteSpace" : false
    }, {
      "id" : "s1-t9",
      "begin" : 151,
      "end" : 154,
      "text" : "and",
      "whiteSpace" : false
    }, {
      "id" : "s1-t10",
      "begin" : 155,
      "end" : 159,
      "text" : "wife",
      "whiteSpace" : false
    }, {
      "id" : "s1-t11",
      "begin" : 159,
      "end" : 160,
      "text" : ",",
      "whiteSpace" : false
    }, {
      "id" : "s1-t12",
      "begin" : 161,
      "end" : 167,
      "text" : "Teresa",
      "whiteSpace" : false
    }, {
      "id" : "s1-t13",
      "begin" : 168,
      "end" : 173,
      "text" : "Tarpy",
      "whiteSpace" : false
    }, {
      "id" : "s1-t14",
      "begin" : 173,
      "end" : 174,
      "text" : ",",
      "whiteSpace" : false
    }, {
      "id" : "s1-t15",
      "begin" : 175,
      "end" : 177,
      "text" : "by",
      "whiteSpace" : false
    }, {
      "id" : "s1-t16",
      "begin" : 178,
      "end" : 182,
      "text" : "deed",
      "whiteSpace" : false
    }, {
      "id" : "s1-t17",
      "begin" : 183,
      "end" : 185,
      "text" : "of",
      "whiteSpace" : false
    }, {
      "id" : "s1-t18",
      "begin" : 186,
      "end" : 192,
      "text" : "record",
      "whiteSpace" : false
    }, {
      "id" : "s1-t19",
      "begin" : 193,
      "end" : 195,
      "text" : "in",
      "whiteSpace" : false
    }, {
      "id" : "s1-t20",
      "begin" : 196,
      "end" : 200,
      "text" : "Deed",
      "whiteSpace" : false
    }, {
      "id" : "s1-t21",
      "begin" : 201,
      "end" : 205,
      "text" : "Book",
      "whiteSpace" : false
    }, {
      "id" : "s1-t22",
      "begin" : 206,
      "end" : 209,
      "text" : "158",
      "whiteSpace" : false
    }, {
      "id" : "s1-t23",
      "begin" : 209,
      "end" : 210,
      "text" : ",",
      "whiteSpace" : false
    }, {
      "id" : "s1-t24",
      "begin" : 211,
      "end" : 215,
      "text" : "page",
      "whiteSpace" : false
    }, {
      "id" : "s1-t25",
      "begin" : 216,
      "end" : 219,
      "text" : "347",
      "whiteSpace" : false
    }, {
      "id" : "s1-t26",
      "begin" : 219,
      "end" : 220,
      "text" : ",",
      "whiteSpace" : false
    }, {
      "id" : "s1-t27",
      "begin" : 221,
      "end" : 229,
      "text" : "Register",
      "whiteSpace" : false
    }, {
      "id" : "s1-t28",
      "begin" : 229,
      "end" : 231,
      "text" : "'s",
      "whiteSpace" : false
    }, {
      "id" : "s1-t29",
      "begin" : 232,
      "end" : 234,
      "text" : "Of",
      "whiteSpace" : false
    }, {
      "id" : "s1-t30",
      "begin" : 234,
      "end" : 235,
      "text" : "?",
      "whiteSpace" : false
    } ]
  }, {
    "id" : "s2",
    "begin" : 235,
    "end" : 271,
    "text" : "??ce of Humphreys County, Tennessee.",
    "tokens" : [ {
      "id" : "s2-t0",
      "begin" : 235,
      "end" : 239,
      "text" : "??ce",
      "whiteSpace" : false
    }, {
      "id" : "s2-t1",
      "begin" : 240,
      "end" : 242,
      "text" : "of",
      "whiteSpace" : false
    }, {
      "id" : "s2-t2",
      "begin" : 243,
      "end" : 252,
      "text" : "Humphreys",
      "whiteSpace" : false
    }, {
      "id" : "s2-t3",
      "begin" : 253,
      "end" : 259,
      "text" : "County",
      "whiteSpace" : false
    }, {
      "id" : "s2-t4",
      "begin" : 259,
      "end" : 260,
      "text" : ",",
      "whiteSpace" : false
    }, {
      "id" : "s2-t5",
      "begin" : 261,
      "end" : 270,
      "text" : "Tennessee",
      "whiteSpace" : false
    }, {
      "id" : "s2-t6",
      "begin" : 270,
      "end" : 271,
      "text" : ".",
      "whiteSpace" : false
    } ]
  }, {
    "id" : "s3",
    "begin" : 272,
    "end" : 295,
    "text" : "TO HAVE AND TO HOLD the",
    "tokens" : [ {
      "id" : "s3-t0",
      "begin" : 272,
      "end" : 274,
      "text" : "TO",
      "whiteSpace" : false
    }, {
      "id" : "s3-t1",
      "begin" : 275,
      "end" : 279,
      "text" : "HAVE",
      "whiteSpace" : false
    }, {
      "id" : "s3-t2",
      "begin" : 280,
      "end" : 283,
      "text" : "AND",
      "whiteSpace" : false
    }, {
      "id" : "s3-t3",
      "begin" : 284,
      "end" : 286,
      "text" : "TO",
      "whiteSpace" : false
    }, {
      "id" : "s3-t4",
      "begin" : 287,
      "end" : 291,
      "text" : "HOLD",
      "whiteSpace" : false
    }, {
      "id" : "s3-t5",
      "begin" : 292,
      "end" : 295,
      "text" : "the",
      "whiteSpace" : false
    } ]
  } ],
  "mentions" : [ {
    "id" : "s1-m1",
    "properties" : {
      "SIRE_MENTION_ROLE" : "WarrDeedBookNum",
      "SIRE_ENTITY_SUBTYPE" : "NONE",
      "SIRE_MENTION_TYPE" : "NONE",
      "SIRE_MENTION_CLASS" : "SPC"
    },
    "type" : "WarrDeedBookNum",
    "begin" : 206,
    "end" : 209,
    "inCoref" : false
  }, {
    "id" : "s1-m2",
    "properties" : {
      "SIRE_MENTION_ROLE" : "WarrDeedPageNum",
      "SIRE_ENTITY_SUBTYPE" : "NONE",
      "SIRE_MENTION_TYPE" : "NONE",
      "SIRE_MENTION_CLASS" : "SPC"
    },
    "type" : "WarrDeedPageNum",
    "begin" : 216,
    "end" : 219,
    "inCoref" : false
  } ],
  "relations" : [ ],
  "corefs" : [ ],
  "typeResolved" : true,
  "userResolved" : false
}