{
  "id" : "670a9ff0-5676-11e9-a5da-fdc443a70fd2-9",
  "name" : "WD1-28_1.txt",
  "createdDate" : 0,
  "version" : 3,
  "text" : "BEING a portion of the same property conveyed to J. Doyle Dillingham (now deceased), and J. L. Bradley, Jr. by deed of record in Deed Book 141, page 725, Register???s Office of Humphreys County, Tennessee., The above parcel is being conveyed subject to certain,",
  "docLength" : 0,
  "language" : "EN",
  "status" : "SUBMITTED",
  "modifiedDate" : 1554343316405,
  "documentSet" : [ ],
  "preannotation" : [ ],
  "sentences" : [ {
    "id" : "s0",
    "begin" : 0,
    "end" : 163,
    "text" : "BEING a portion of the same property conveyed to J. Doyle Dillingham (now deceased), and J. L. Bradley, Jr. by deed of record in Deed Book 141, page 725, Register?",
    "tokens" : [ {
      "id" : "s0-t0",
      "begin" : 0,
      "end" : 5,
      "text" : "BEING",
      "whiteSpace" : false
    }, {
      "id" : "s0-t1",
      "begin" : 6,
      "end" : 7,
      "text" : "a",
      "whiteSpace" : false
    }, {
      "id" : "s0-t2",
      "begin" : 8,
      "end" : 15,
      "text" : "portion",
      "whiteSpace" : false
    }, {
      "id" : "s0-t3",
      "begin" : 16,
      "end" : 18,
      "text" : "of",
      "whiteSpace" : false
    }, {
      "id" : "s0-t4",
      "begin" : 19,
      "end" : 22,
      "text" : "the",
      "whiteSpace" : false
    }, {
      "id" : "s0-t5",
      "begin" : 23,
      "end" : 27,
      "text" : "same",
      "whiteSpace" : false
    }, {
      "id" : "s0-t6",
      "begin" : 28,
      "end" : 36,
      "text" : "property",
      "whiteSpace" : false
    }, {
      "id" : "s0-t7",
      "begin" : 37,
      "end" : 45,
      "text" : "conveyed",
      "whiteSpace" : false
    }, {
      "id" : "s0-t8",
      "begin" : 46,
      "end" : 48,
      "text" : "to",
      "whiteSpace" : false
    }, {
      "id" : "s0-t9",
      "begin" : 49,
      "end" : 51,
      "text" : "J.",
      "whiteSpace" : false
    }, {
      "id" : "s0-t10",
      "begin" : 52,
      "end" : 57,
      "text" : "Doyle",
      "whiteSpace" : false
    }, {
      "id" : "s0-t11",
      "begin" : 58,
      "end" : 68,
      "text" : "Dillingham",
      "whiteSpace" : false
    }, {
      "id" : "s0-t12",
      "begin" : 69,
      "end" : 70,
      "text" : "(",
      "whiteSpace" : false
    }, {
      "id" : "s0-t13",
      "begin" : 70,
      "end" : 73,
      "text" : "now",
      "whiteSpace" : false
    }, {
      "id" : "s0-t14",
      "begin" : 74,
      "end" : 82,
      "text" : "deceased",
      "whiteSpace" : false
    }, {
      "id" : "s0-t15",
      "begin" : 82,
      "end" : 83,
      "text" : ")",
      "whiteSpace" : false
    }, {
      "id" : "s0-t16",
      "begin" : 83,
      "end" : 84,
      "text" : ",",
      "whiteSpace" : false
    }, {
      "id" : "s0-t17",
      "begin" : 85,
      "end" : 88,
      "text" : "and",
      "whiteSpace" : false
    }, {
      "id" : "s0-t18",
      "begin" : 89,
      "end" : 91,
      "text" : "J.",
      "whiteSpace" : false
    }, {
      "id" : "s0-t19",
      "begin" : 92,
      "end" : 94,
      "text" : "L.",
      "whiteSpace" : false
    }, {
      "id" : "s0-t20",
      "begin" : 95,
      "end" : 102,
      "text" : "Bradley",
      "whiteSpace" : false
    }, {
      "id" : "s0-t21",
      "begin" : 102,
      "end" : 103,
      "text" : ",",
      "whiteSpace" : false
    }, {
      "id" : "s0-t22",
      "begin" : 104,
      "end" : 107,
      "text" : "Jr.",
      "whiteSpace" : false
    }, {
      "id" : "s0-t23",
      "begin" : 108,
      "end" : 110,
      "text" : "by",
      "whiteSpace" : false
    }, {
      "id" : "s0-t24",
      "begin" : 111,
      "end" : 115,
      "text" : "deed",
      "whiteSpace" : false
    }, {
      "id" : "s0-t25",
      "begin" : 116,
      "end" : 118,
      "text" : "of",
      "whiteSpace" : false
    }, {
      "id" : "s0-t26",
      "begin" : 119,
      "end" : 125,
      "text" : "record",
      "whiteSpace" : false
    }, {
      "id" : "s0-t27",
      "begin" : 126,
      "end" : 128,
      "text" : "in",
      "whiteSpace" : false
    }, {
      "id" : "s0-t28",
      "begin" : 129,
      "end" : 133,
      "text" : "Deed",
      "whiteSpace" : false
    }, {
      "id" : "s0-t29",
      "begin" : 134,
      "end" : 138,
      "text" : "Book",
      "whiteSpace" : false
    }, {
      "id" : "s0-t30",
      "begin" : 139,
      "end" : 142,
      "text" : "141",
      "whiteSpace" : false
    }, {
      "id" : "s0-t31",
      "begin" : 142,
      "end" : 143,
      "text" : ",",
      "whiteSpace" : false
    }, {
      "id" : "s0-t32",
      "begin" : 144,
      "end" : 148,
      "text" : "page",
      "whiteSpace" : false
    }, {
      "id" : "s0-t33",
      "begin" : 149,
      "end" : 152,
      "text" : "725",
      "whiteSpace" : false
    }, {
      "id" : "s0-t34",
      "begin" : 152,
      "end" : 153,
      "text" : ",",
      "whiteSpace" : false
    }, {
      "id" : "s0-t35",
      "begin" : 154,
      "end" : 162,
      "text" : "Register",
      "whiteSpace" : false
    }, {
      "id" : "s0-t36",
      "begin" : 162,
      "end" : 163,
      "text" : "?",
      "whiteSpace" : false
    } ]
  }, {
    "id" : "s1",
    "begin" : 163,
    "end" : 261,
    "text" : "??s Office of Humphreys County, Tennessee., The above parcel is being conveyed subject to certain,",
    "tokens" : [ {
      "id" : "s1-t0",
      "begin" : 163,
      "end" : 166,
      "text" : "??s",
      "whiteSpace" : false
    }, {
      "id" : "s1-t1",
      "begin" : 167,
      "end" : 173,
      "text" : "Office",
      "whiteSpace" : false
    }, {
      "id" : "s1-t2",
      "begin" : 174,
      "end" : 176,
      "text" : "of",
      "whiteSpace" : false
    }, {
      "id" : "s1-t3",
      "begin" : 177,
      "end" : 186,
      "text" : "Humphreys",
      "whiteSpace" : false
    }, {
      "id" : "s1-t4",
      "begin" : 187,
      "end" : 193,
      "text" : "County",
      "whiteSpace" : false
    }, {
      "id" : "s1-t5",
      "begin" : 193,
      "end" : 194,
      "text" : ",",
      "whiteSpace" : false
    }, {
      "id" : "s1-t6",
      "begin" : 195,
      "end" : 205,
      "text" : "Tennessee.",
      "whiteSpace" : false
    }, {
      "id" : "s1-t7",
      "begin" : 205,
      "end" : 206,
      "text" : ",",
      "whiteSpace" : false
    }, {
      "id" : "s1-t8",
      "begin" : 207,
      "end" : 210,
      "text" : "The",
      "whiteSpace" : false
    }, {
      "id" : "s1-t9",
      "begin" : 211,
      "end" : 216,
      "text" : "above",
      "whiteSpace" : false
    }, {
      "id" : "s1-t10",
      "begin" : 217,
      "end" : 223,
      "text" : "parcel",
      "whiteSpace" : false
    }, {
      "id" : "s1-t11",
      "begin" : 224,
      "end" : 226,
      "text" : "is",
      "whiteSpace" : false
    }, {
      "id" : "s1-t12",
      "begin" : 227,
      "end" : 232,
      "text" : "being",
      "whiteSpace" : false
    }, {
      "id" : "s1-t13",
      "begin" : 233,
      "end" : 241,
      "text" : "conveyed",
      "whiteSpace" : false
    }, {
      "id" : "s1-t14",
      "begin" : 242,
      "end" : 249,
      "text" : "subject",
      "whiteSpace" : false
    }, {
      "id" : "s1-t15",
      "begin" : 250,
      "end" : 252,
      "text" : "to",
      "whiteSpace" : false
    }, {
      "id" : "s1-t16",
      "begin" : 253,
      "end" : 260,
      "text" : "certain",
      "whiteSpace" : false
    }, {
      "id" : "s1-t17",
      "begin" : 260,
      "end" : 261,
      "text" : ",",
      "whiteSpace" : false
    } ]
  } ],
  "mentions" : [ {
    "id" : "s0-m1",
    "properties" : {
      "SIRE_MENTION_ROLE" : "WarrDeedBookNum",
      "SIRE_ENTITY_SUBTYPE" : "NONE",
      "SIRE_MENTION_TYPE" : "NONE",
      "SIRE_MENTION_CLASS" : "SPC"
    },
    "type" : "WarrDeedBookNum",
    "begin" : 139,
    "end" : 142,
    "inCoref" : false
  }, {
    "id" : "s0-m2",
    "properties" : {
      "SIRE_MENTION_ROLE" : "WarrDeedPageNum",
      "SIRE_ENTITY_SUBTYPE" : "NONE",
      "SIRE_MENTION_TYPE" : "NONE",
      "SIRE_MENTION_CLASS" : "SPC"
    },
    "type" : "WarrDeedPageNum",
    "begin" : 149,
    "end" : 152,
    "inCoref" : false
  } ],
  "relations" : [ ],
  "corefs" : [ ],
  "typeResolved" : true,
  "userResolved" : false
}