{
  "id" : "670a9ff0-5676-11e9-a5da-fdc443a70fd2-15",
  "name" : "WD1-29_1.txt",
  "createdDate" : 0,
  "version" : 3,
  "text" : " thence North, 24?? West 32% poles to a stake on the south side of High Street, thence South 65?? West with the street 22 poles and 11 links to the beginning., Being the same property conveyed to John P. Florence by deed of record in Deed Book 132, page 891, Register's Of???ce of Humphreys County, Tennessee., ",
  "docLength" : 0,
  "language" : "EN",
  "status" : "SUBMITTED",
  "modifiedDate" : 1554343345330,
  "documentSet" : [ ],
  "preannotation" : [ ],
  "sentences" : [ {
    "id" : "s0",
    "begin" : 1,
    "end" : 19,
    "text" : "thence North, 24??",
    "tokens" : [ {
      "id" : "s0-t0",
      "begin" : 1,
      "end" : 7,
      "text" : "thence",
      "whiteSpace" : false
    }, {
      "id" : "s0-t1",
      "begin" : 8,
      "end" : 13,
      "text" : "North",
      "whiteSpace" : false
    }, {
      "id" : "s0-t2",
      "begin" : 13,
      "end" : 14,
      "text" : ",",
      "whiteSpace" : false
    }, {
      "id" : "s0-t3",
      "begin" : 15,
      "end" : 17,
      "text" : "24",
      "whiteSpace" : false
    }, {
      "id" : "s0-t4",
      "begin" : 17,
      "end" : 18,
      "text" : "?",
      "whiteSpace" : false
    }, {
      "id" : "s0-t5",
      "begin" : 18,
      "end" : 19,
      "text" : "?",
      "whiteSpace" : false
    } ]
  }, {
    "id" : "s1",
    "begin" : 20,
    "end" : 97,
    "text" : "West 32% poles to a stake on the south side of High Street, thence South 65??",
    "tokens" : [ {
      "id" : "s1-t0",
      "begin" : 20,
      "end" : 24,
      "text" : "West",
      "whiteSpace" : false
    }, {
      "id" : "s1-t1",
      "begin" : 25,
      "end" : 27,
      "text" : "32",
      "whiteSpace" : false
    }, {
      "id" : "s1-t2",
      "begin" : 27,
      "end" : 28,
      "text" : "%",
      "whiteSpace" : false
    }, {
      "id" : "s1-t3",
      "begin" : 29,
      "end" : 34,
      "text" : "poles",
      "whiteSpace" : false
    }, {
      "id" : "s1-t4",
      "begin" : 35,
      "end" : 37,
      "text" : "to",
      "whiteSpace" : false
    }, {
      "id" : "s1-t5",
      "begin" : 38,
      "end" : 39,
      "text" : "a",
      "whiteSpace" : false
    }, {
      "id" : "s1-t6",
      "begin" : 40,
      "end" : 45,
      "text" : "stake",
      "whiteSpace" : false
    }, {
      "id" : "s1-t7",
      "begin" : 46,
      "end" : 48,
      "text" : "on",
      "whiteSpace" : false
    }, {
      "id" : "s1-t8",
      "begin" : 49,
      "end" : 52,
      "text" : "the",
      "whiteSpace" : false
    }, {
      "id" : "s1-t9",
      "begin" : 53,
      "end" : 58,
      "text" : "south",
      "whiteSpace" : false
    }, {
      "id" : "s1-t10",
      "begin" : 59,
      "end" : 63,
      "text" : "side",
      "whiteSpace" : false
    }, {
      "id" : "s1-t11",
      "begin" : 64,
      "end" : 66,
      "text" : "of",
      "whiteSpace" : false
    }, {
      "id" : "s1-t12",
      "begin" : 67,
      "end" : 71,
      "text" : "High",
      "whiteSpace" : false
    }, {
      "id" : "s1-t13",
      "begin" : 72,
      "end" : 78,
      "text" : "Street",
      "whiteSpace" : false
    }, {
      "id" : "s1-t14",
      "begin" : 78,
      "end" : 79,
      "text" : ",",
      "whiteSpace" : false
    }, {
      "id" : "s1-t15",
      "begin" : 80,
      "end" : 86,
      "text" : "thence",
      "whiteSpace" : false
    }, {
      "id" : "s1-t16",
      "begin" : 87,
      "end" : 92,
      "text" : "South",
      "whiteSpace" : false
    }, {
      "id" : "s1-t17",
      "begin" : 93,
      "end" : 95,
      "text" : "65",
      "whiteSpace" : false
    }, {
      "id" : "s1-t18",
      "begin" : 95,
      "end" : 96,
      "text" : "?",
      "whiteSpace" : false
    }, {
      "id" : "s1-t19",
      "begin" : 96,
      "end" : 97,
      "text" : "?",
      "whiteSpace" : false
    } ]
  }, {
    "id" : "s2",
    "begin" : 98,
    "end" : 273,
    "text" : "West with the street 22 poles and 11 links to the beginning., Being the same property conveyed to John P. Florence by deed of record in Deed Book 132, page 891, Register's Of?",
    "tokens" : [ {
      "id" : "s2-t0",
      "begin" : 98,
      "end" : 102,
      "text" : "West",
      "whiteSpace" : false
    }, {
      "id" : "s2-t1",
      "begin" : 103,
      "end" : 107,
      "text" : "with",
      "whiteSpace" : false
    }, {
      "id" : "s2-t2",
      "begin" : 108,
      "end" : 111,
      "text" : "the",
      "whiteSpace" : false
    }, {
      "id" : "s2-t3",
      "begin" : 112,
      "end" : 118,
      "text" : "street",
      "whiteSpace" : false
    }, {
      "id" : "s2-t4",
      "begin" : 119,
      "end" : 121,
      "text" : "22",
      "whiteSpace" : false
    }, {
      "id" : "s2-t5",
      "begin" : 122,
      "end" : 127,
      "text" : "poles",
      "whiteSpace" : false
    }, {
      "id" : "s2-t6",
      "begin" : 128,
      "end" : 131,
      "text" : "and",
      "whiteSpace" : false
    }, {
      "id" : "s2-t7",
      "begin" : 132,
      "end" : 134,
      "text" : "11",
      "whiteSpace" : false
    }, {
      "id" : "s2-t8",
      "begin" : 135,
      "end" : 140,
      "text" : "links",
      "whiteSpace" : false
    }, {
      "id" : "s2-t9",
      "begin" : 141,
      "end" : 143,
      "text" : "to",
      "whiteSpace" : false
    }, {
      "id" : "s2-t10",
      "begin" : 144,
      "end" : 147,
      "text" : "the",
      "whiteSpace" : false
    }, {
      "id" : "s2-t11",
      "begin" : 148,
      "end" : 158,
      "text" : "beginning.",
      "whiteSpace" : false
    }, {
      "id" : "s2-t12",
      "begin" : 158,
      "end" : 159,
      "text" : ",",
      "whiteSpace" : false
    }, {
      "id" : "s2-t13",
      "begin" : 160,
      "end" : 165,
      "text" : "Being",
      "whiteSpace" : false
    }, {
      "id" : "s2-t14",
      "begin" : 166,
      "end" : 169,
      "text" : "the",
      "whiteSpace" : false
    }, {
      "id" : "s2-t15",
      "begin" : 170,
      "end" : 174,
      "text" : "same",
      "whiteSpace" : false
    }, {
      "id" : "s2-t16",
      "begin" : 175,
      "end" : 183,
      "text" : "property",
      "whiteSpace" : false
    }, {
      "id" : "s2-t17",
      "begin" : 184,
      "end" : 192,
      "text" : "conveyed",
      "whiteSpace" : false
    }, {
      "id" : "s2-t18",
      "begin" : 193,
      "end" : 195,
      "text" : "to",
      "whiteSpace" : false
    }, {
      "id" : "s2-t19",
      "begin" : 196,
      "end" : 200,
      "text" : "John",
      "whiteSpace" : false
    }, {
      "id" : "s2-t20",
      "begin" : 201,
      "end" : 203,
      "text" : "P.",
      "whiteSpace" : false
    }, {
      "id" : "s2-t21",
      "begin" : 204,
      "end" : 212,
      "text" : "Florence",
      "whiteSpace" : false
    }, {
      "id" : "s2-t22",
      "begin" : 213,
      "end" : 215,
      "text" : "by",
      "whiteSpace" : false
    }, {
      "id" : "s2-t23",
      "begin" : 216,
      "end" : 220,
      "text" : "deed",
      "whiteSpace" : false
    }, {
      "id" : "s2-t24",
      "begin" : 221,
      "end" : 223,
      "text" : "of",
      "whiteSpace" : false
    }, {
      "id" : "s2-t25",
      "begin" : 224,
      "end" : 230,
      "text" : "record",
      "whiteSpace" : false
    }, {
      "id" : "s2-t26",
      "begin" : 231,
      "end" : 233,
      "text" : "in",
      "whiteSpace" : false
    }, {
      "id" : "s2-t27",
      "begin" : 234,
      "end" : 238,
      "text" : "Deed",
      "whiteSpace" : false
    }, {
      "id" : "s2-t28",
      "begin" : 239,
      "end" : 243,
      "text" : "Book",
      "whiteSpace" : false
    }, {
      "id" : "s2-t29",
      "begin" : 244,
      "end" : 247,
      "text" : "132",
      "whiteSpace" : false
    }, {
      "id" : "s2-t30",
      "begin" : 247,
      "end" : 248,
      "text" : ",",
      "whiteSpace" : false
    }, {
      "id" : "s2-t31",
      "begin" : 249,
      "end" : 253,
      "text" : "page",
      "whiteSpace" : false
    }, {
      "id" : "s2-t32",
      "begin" : 254,
      "end" : 257,
      "text" : "891",
      "whiteSpace" : false
    }, {
      "id" : "s2-t33",
      "begin" : 257,
      "end" : 258,
      "text" : ",",
      "whiteSpace" : false
    }, {
      "id" : "s2-t34",
      "begin" : 259,
      "end" : 267,
      "text" : "Register",
      "whiteSpace" : false
    }, {
      "id" : "s2-t35",
      "begin" : 267,
      "end" : 269,
      "text" : "'s",
      "whiteSpace" : false
    }, {
      "id" : "s2-t36",
      "begin" : 270,
      "end" : 272,
      "text" : "Of",
      "whiteSpace" : false
    }, {
      "id" : "s2-t37",
      "begin" : 272,
      "end" : 273,
      "text" : "?",
      "whiteSpace" : false
    } ]
  }, {
    "id" : "s3",
    "begin" : 273,
    "end" : 310,
    "text" : "??ce of Humphreys County, Tennessee.,",
    "tokens" : [ {
      "id" : "s3-t0",
      "begin" : 273,
      "end" : 277,
      "text" : "??ce",
      "whiteSpace" : false
    }, {
      "id" : "s3-t1",
      "begin" : 278,
      "end" : 280,
      "text" : "of",
      "whiteSpace" : false
    }, {
      "id" : "s3-t2",
      "begin" : 281,
      "end" : 290,
      "text" : "Humphreys",
      "whiteSpace" : false
    }, {
      "id" : "s3-t3",
      "begin" : 291,
      "end" : 297,
      "text" : "County",
      "whiteSpace" : false
    }, {
      "id" : "s3-t4",
      "begin" : 297,
      "end" : 298,
      "text" : ",",
      "whiteSpace" : false
    }, {
      "id" : "s3-t5",
      "begin" : 299,
      "end" : 309,
      "text" : "Tennessee.",
      "whiteSpace" : false
    }, {
      "id" : "s3-t6",
      "begin" : 309,
      "end" : 310,
      "text" : ",",
      "whiteSpace" : false
    } ]
  } ],
  "mentions" : [ {
    "id" : "s2-m1",
    "properties" : {
      "SIRE_MENTION_ROLE" : "WarrDeedBookNum",
      "SIRE_ENTITY_SUBTYPE" : "NONE",
      "SIRE_MENTION_TYPE" : "NONE",
      "SIRE_MENTION_CLASS" : "SPC"
    },
    "type" : "WarrDeedBookNum",
    "begin" : 244,
    "end" : 247,
    "inCoref" : false
  }, {
    "id" : "s2-m2",
    "properties" : {
      "SIRE_MENTION_ROLE" : "WarrDeedPageNum",
      "SIRE_ENTITY_SUBTYPE" : "NONE",
      "SIRE_MENTION_TYPE" : "NONE",
      "SIRE_MENTION_CLASS" : "SPC"
    },
    "type" : "WarrDeedPageNum",
    "begin" : 254,
    "end" : 257,
    "inCoref" : false
  } ],
  "relations" : [ ],
  "corefs" : [ ],
  "typeResolved" : true,
  "userResolved" : false
}