{
  "id" : "670a9ff0-5676-11e9-a5da-fdc443a70fd2-11",
  "name" : "WD1-28_3.txt",
  "createdDate" : 0,
  "version" : 3,
  "text" : "This being a portion of the same property inherited by Henry C., Tinnell, also known as H. C. Tinnell, Sr. being the sole heir at law of Audrey Tinnell, deceased intestate, the said Audrey Tinnell having acquired interest by deed of record in Deed Book 57, page 522, Register???s Office of Humphreys County, Tennessee, and by being the surviving tenant by the entireties of James Tinnell and wife, Audrey Tinnell, and also by virtue of a deed of record in Deed Book 167, page 705, Register???s Of???ce of Humphreys County, Tennessee, and a portion of the property conveyed to H., C. Tinnell, Sr. by deed of record in Deed Book 167, page 705, Register???s Of???ce of Humphreys County, Tennessee., ",
  "docLength" : 0,
  "language" : "EN",
  "status" : "SUBMITTED",
  "modifiedDate" : 1554343308471,
  "documentSet" : [ ],
  "preannotation" : [ ],
  "sentences" : [ {
    "id" : "s0",
    "begin" : 0,
    "end" : 276,
    "text" : "This being a portion of the same property inherited by Henry C., Tinnell, also known as H. C. Tinnell, Sr. being the sole heir at law of Audrey Tinnell, deceased intestate, the said Audrey Tinnell having acquired interest by deed of record in Deed Book 57, page 522, Register?",
    "tokens" : [ {
      "id" : "s0-t0",
      "begin" : 0,
      "end" : 4,
      "text" : "This",
      "whiteSpace" : false
    }, {
      "id" : "s0-t1",
      "begin" : 5,
      "end" : 10,
      "text" : "being",
      "whiteSpace" : false
    }, {
      "id" : "s0-t2",
      "begin" : 11,
      "end" : 12,
      "text" : "a",
      "whiteSpace" : false
    }, {
      "id" : "s0-t3",
      "begin" : 13,
      "end" : 20,
      "text" : "portion",
      "whiteSpace" : false
    }, {
      "id" : "s0-t4",
      "begin" : 21,
      "end" : 23,
      "text" : "of",
      "whiteSpace" : false
    }, {
      "id" : "s0-t5",
      "begin" : 24,
      "end" : 27,
      "text" : "the",
      "whiteSpace" : false
    }, {
      "id" : "s0-t6",
      "begin" : 28,
      "end" : 32,
      "text" : "same",
      "whiteSpace" : false
    }, {
      "id" : "s0-t7",
      "begin" : 33,
      "end" : 41,
      "text" : "property",
      "whiteSpace" : false
    }, {
      "id" : "s0-t8",
      "begin" : 42,
      "end" : 51,
      "text" : "inherited",
      "whiteSpace" : false
    }, {
      "id" : "s0-t9",
      "begin" : 52,
      "end" : 54,
      "text" : "by",
      "whiteSpace" : false
    }, {
      "id" : "s0-t10",
      "begin" : 55,
      "end" : 60,
      "text" : "Henry",
      "whiteSpace" : false
    }, {
      "id" : "s0-t11",
      "begin" : 61,
      "end" : 63,
      "text" : "C.",
      "whiteSpace" : false
    }, {
      "id" : "s0-t12",
      "begin" : 63,
      "end" : 64,
      "text" : ",",
      "whiteSpace" : false
    }, {
      "id" : "s0-t13",
      "begin" : 65,
      "end" : 72,
      "text" : "Tinnell",
      "whiteSpace" : false
    }, {
      "id" : "s0-t14",
      "begin" : 72,
      "end" : 73,
      "text" : ",",
      "whiteSpace" : false
    }, {
      "id" : "s0-t15",
      "begin" : 74,
      "end" : 78,
      "text" : "also",
      "whiteSpace" : false
    }, {
      "id" : "s0-t16",
      "begin" : 79,
      "end" : 84,
      "text" : "known",
      "whiteSpace" : false
    }, {
      "id" : "s0-t17",
      "begin" : 85,
      "end" : 87,
      "text" : "as",
      "whiteSpace" : false
    }, {
      "id" : "s0-t18",
      "begin" : 88,
      "end" : 90,
      "text" : "H.",
      "whiteSpace" : false
    }, {
      "id" : "s0-t19",
      "begin" : 91,
      "end" : 93,
      "text" : "C.",
      "whiteSpace" : false
    }, {
      "id" : "s0-t20",
      "begin" : 94,
      "end" : 101,
      "text" : "Tinnell",
      "whiteSpace" : false
    }, {
      "id" : "s0-t21",
      "begin" : 101,
      "end" : 102,
      "text" : ",",
      "whiteSpace" : false
    }, {
      "id" : "s0-t22",
      "begin" : 103,
      "end" : 106,
      "text" : "Sr.",
      "whiteSpace" : false
    }, {
      "id" : "s0-t23",
      "begin" : 107,
      "end" : 112,
      "text" : "being",
      "whiteSpace" : false
    }, {
      "id" : "s0-t24",
      "begin" : 113,
      "end" : 116,
      "text" : "the",
      "whiteSpace" : false
    }, {
      "id" : "s0-t25",
      "begin" : 117,
      "end" : 121,
      "text" : "sole",
      "whiteSpace" : false
    }, {
      "id" : "s0-t26",
      "begin" : 122,
      "end" : 126,
      "text" : "heir",
      "whiteSpace" : false
    }, {
      "id" : "s0-t27",
      "begin" : 127,
      "end" : 129,
      "text" : "at",
      "whiteSpace" : false
    }, {
      "id" : "s0-t28",
      "begin" : 130,
      "end" : 133,
      "text" : "law",
      "whiteSpace" : false
    }, {
      "id" : "s0-t29",
      "begin" : 134,
      "end" : 136,
      "text" : "of",
      "whiteSpace" : false
    }, {
      "id" : "s0-t30",
      "begin" : 137,
      "end" : 143,
      "text" : "Audrey",
      "whiteSpace" : false
    }, {
      "id" : "s0-t31",
      "begin" : 144,
      "end" : 151,
      "text" : "Tinnell",
      "whiteSpace" : false
    }, {
      "id" : "s0-t32",
      "begin" : 151,
      "end" : 152,
      "text" : ",",
      "whiteSpace" : false
    }, {
      "id" : "s0-t33",
      "begin" : 153,
      "end" : 161,
      "text" : "deceased",
      "whiteSpace" : false
    }, {
      "id" : "s0-t34",
      "begin" : 162,
      "end" : 171,
      "text" : "intestate",
      "whiteSpace" : false
    }, {
      "id" : "s0-t35",
      "begin" : 171,
      "end" : 172,
      "text" : ",",
      "whiteSpace" : false
    }, {
      "id" : "s0-t36",
      "begin" : 173,
      "end" : 176,
      "text" : "the",
      "whiteSpace" : false
    }, {
      "id" : "s0-t37",
      "begin" : 177,
      "end" : 181,
      "text" : "said",
      "whiteSpace" : false
    }, {
      "id" : "s0-t38",
      "begin" : 182,
      "end" : 188,
      "text" : "Audrey",
      "whiteSpace" : false
    }, {
      "id" : "s0-t39",
      "begin" : 189,
      "end" : 196,
      "text" : "Tinnell",
      "whiteSpace" : false
    }, {
      "id" : "s0-t40",
      "begin" : 197,
      "end" : 203,
      "text" : "having",
      "whiteSpace" : false
    }, {
      "id" : "s0-t41",
      "begin" : 204,
      "end" : 212,
      "text" : "acquired",
      "whiteSpace" : false
    }, {
      "id" : "s0-t42",
      "begin" : 213,
      "end" : 221,
      "text" : "interest",
      "whiteSpace" : false
    }, {
      "id" : "s0-t43",
      "begin" : 222,
      "end" : 224,
      "text" : "by",
      "whiteSpace" : false
    }, {
      "id" : "s0-t44",
      "begin" : 225,
      "end" : 229,
      "text" : "deed",
      "whiteSpace" : false
    }, {
      "id" : "s0-t45",
      "begin" : 230,
      "end" : 232,
      "text" : "of",
      "whiteSpace" : false
    }, {
      "id" : "s0-t46",
      "begin" : 233,
      "end" : 239,
      "text" : "record",
      "whiteSpace" : false
    }, {
      "id" : "s0-t47",
      "begin" : 240,
      "end" : 242,
      "text" : "in",
      "whiteSpace" : false
    }, {
      "id" : "s0-t48",
      "begin" : 243,
      "end" : 247,
      "text" : "Deed",
      "whiteSpace" : false
    }, {
      "id" : "s0-t49",
      "begin" : 248,
      "end" : 252,
      "text" : "Book",
      "whiteSpace" : false
    }, {
      "id" : "s0-t50",
      "begin" : 253,
      "end" : 255,
      "text" : "57",
      "whiteSpace" : false
    }, {
      "id" : "s0-t51",
      "begin" : 255,
      "end" : 256,
      "text" : ",",
      "whiteSpace" : false
    }, {
      "id" : "s0-t52",
      "begin" : 257,
      "end" : 261,
      "text" : "page",
      "whiteSpace" : false
    }, {
      "id" : "s0-t53",
      "begin" : 262,
      "end" : 265,
      "text" : "522",
      "whiteSpace" : false
    }, {
      "id" : "s0-t54",
      "begin" : 265,
      "end" : 266,
      "text" : ",",
      "whiteSpace" : false
    }, {
      "id" : "s0-t55",
      "begin" : 267,
      "end" : 275,
      "text" : "Register",
      "whiteSpace" : false
    }, {
      "id" : "s0-t56",
      "begin" : 275,
      "end" : 276,
      "text" : "?",
      "whiteSpace" : false
    } ]
  }, {
    "id" : "s1",
    "begin" : 276,
    "end" : 490,
    "text" : "??s Office of Humphreys County, Tennessee, and by being the surviving tenant by the entireties of James Tinnell and wife, Audrey Tinnell, and also by virtue of a deed of record in Deed Book 167, page 705, Register?",
    "tokens" : [ {
      "id" : "s1-t0",
      "begin" : 276,
      "end" : 279,
      "text" : "??s",
      "whiteSpace" : false
    }, {
      "id" : "s1-t1",
      "begin" : 280,
      "end" : 286,
      "text" : "Office",
      "whiteSpace" : false
    }, {
      "id" : "s1-t2",
      "begin" : 287,
      "end" : 289,
      "text" : "of",
      "whiteSpace" : false
    }, {
      "id" : "s1-t3",
      "begin" : 290,
      "end" : 299,
      "text" : "Humphreys",
      "whiteSpace" : false
    }, {
      "id" : "s1-t4",
      "begin" : 300,
      "end" : 306,
      "text" : "County",
      "whiteSpace" : false
    }, {
      "id" : "s1-t5",
      "begin" : 306,
      "end" : 307,
      "text" : ",",
      "whiteSpace" : false
    }, {
      "id" : "s1-t6",
      "begin" : 308,
      "end" : 317,
      "text" : "Tennessee",
      "whiteSpace" : false
    }, {
      "id" : "s1-t7",
      "begin" : 317,
      "end" : 318,
      "text" : ",",
      "whiteSpace" : false
    }, {
      "id" : "s1-t8",
      "begin" : 319,
      "end" : 322,
      "text" : "and",
      "whiteSpace" : false
    }, {
      "id" : "s1-t9",
      "begin" : 323,
      "end" : 325,
      "text" : "by",
      "whiteSpace" : false
    }, {
      "id" : "s1-t10",
      "begin" : 326,
      "end" : 331,
      "text" : "being",
      "whiteSpace" : false
    }, {
      "id" : "s1-t11",
      "begin" : 332,
      "end" : 335,
      "text" : "the",
      "whiteSpace" : false
    }, {
      "id" : "s1-t12",
      "begin" : 336,
      "end" : 345,
      "text" : "surviving",
      "whiteSpace" : false
    }, {
      "id" : "s1-t13",
      "begin" : 346,
      "end" : 352,
      "text" : "tenant",
      "whiteSpace" : false
    }, {
      "id" : "s1-t14",
      "begin" : 353,
      "end" : 355,
      "text" : "by",
      "whiteSpace" : false
    }, {
      "id" : "s1-t15",
      "begin" : 356,
      "end" : 359,
      "text" : "the",
      "whiteSpace" : false
    }, {
      "id" : "s1-t16",
      "begin" : 360,
      "end" : 370,
      "text" : "entireties",
      "whiteSpace" : false
    }, {
      "id" : "s1-t17",
      "begin" : 371,
      "end" : 373,
      "text" : "of",
      "whiteSpace" : false
    }, {
      "id" : "s1-t18",
      "begin" : 374,
      "end" : 379,
      "text" : "James",
      "whiteSpace" : false
    }, {
      "id" : "s1-t19",
      "begin" : 380,
      "end" : 387,
      "text" : "Tinnell",
      "whiteSpace" : false
    }, {
      "id" : "s1-t20",
      "begin" : 388,
      "end" : 391,
      "text" : "and",
      "whiteSpace" : false
    }, {
      "id" : "s1-t21",
      "begin" : 392,
      "end" : 396,
      "text" : "wife",
      "whiteSpace" : false
    }, {
      "id" : "s1-t22",
      "begin" : 396,
      "end" : 397,
      "text" : ",",
      "whiteSpace" : false
    }, {
      "id" : "s1-t23",
      "begin" : 398,
      "end" : 404,
      "text" : "Audrey",
      "whiteSpace" : false
    }, {
      "id" : "s1-t24",
      "begin" : 405,
      "end" : 412,
      "text" : "Tinnell",
      "whiteSpace" : false
    }, {
      "id" : "s1-t25",
      "begin" : 412,
      "end" : 413,
      "text" : ",",
      "whiteSpace" : false
    }, {
      "id" : "s1-t26",
      "begin" : 414,
      "end" : 417,
      "text" : "and",
      "whiteSpace" : false
    }, {
      "id" : "s1-t27",
      "begin" : 418,
      "end" : 422,
      "text" : "also",
      "whiteSpace" : false
    }, {
      "id" : "s1-t28",
      "begin" : 423,
      "end" : 425,
      "text" : "by",
      "whiteSpace" : false
    }, {
      "id" : "s1-t29",
      "begin" : 426,
      "end" : 432,
      "text" : "virtue",
      "whiteSpace" : false
    }, {
      "id" : "s1-t30",
      "begin" : 433,
      "end" : 435,
      "text" : "of",
      "whiteSpace" : false
    }, {
      "id" : "s1-t31",
      "begin" : 436,
      "end" : 437,
      "text" : "a",
      "whiteSpace" : false
    }, {
      "id" : "s1-t32",
      "begin" : 438,
      "end" : 442,
      "text" : "deed",
      "whiteSpace" : false
    }, {
      "id" : "s1-t33",
      "begin" : 443,
      "end" : 445,
      "text" : "of",
      "whiteSpace" : false
    }, {
      "id" : "s1-t34",
      "begin" : 446,
      "end" : 452,
      "text" : "record",
      "whiteSpace" : false
    }, {
      "id" : "s1-t35",
      "begin" : 453,
      "end" : 455,
      "text" : "in",
      "whiteSpace" : false
    }, {
      "id" : "s1-t36",
      "begin" : 456,
      "end" : 460,
      "text" : "Deed",
      "whiteSpace" : false
    }, {
      "id" : "s1-t37",
      "begin" : 461,
      "end" : 465,
      "text" : "Book",
      "whiteSpace" : false
    }, {
      "id" : "s1-t38",
      "begin" : 466,
      "end" : 469,
      "text" : "167",
      "whiteSpace" : false
    }, {
      "id" : "s1-t39",
      "begin" : 469,
      "end" : 470,
      "text" : ",",
      "whiteSpace" : false
    }, {
      "id" : "s1-t40",
      "begin" : 471,
      "end" : 475,
      "text" : "page",
      "whiteSpace" : false
    }, {
      "id" : "s1-t41",
      "begin" : 476,
      "end" : 479,
      "text" : "705",
      "whiteSpace" : false
    }, {
      "id" : "s1-t42",
      "begin" : 479,
      "end" : 480,
      "text" : ",",
      "whiteSpace" : false
    }, {
      "id" : "s1-t43",
      "begin" : 481,
      "end" : 489,
      "text" : "Register",
      "whiteSpace" : false
    }, {
      "id" : "s1-t44",
      "begin" : 489,
      "end" : 490,
      "text" : "?",
      "whiteSpace" : false
    } ]
  }, {
    "id" : "s2",
    "begin" : 490,
    "end" : 497,
    "text" : "??s Of?",
    "tokens" : [ {
      "id" : "s2-t0",
      "begin" : 490,
      "end" : 493,
      "text" : "??s",
      "whiteSpace" : false
    }, {
      "id" : "s2-t1",
      "begin" : 494,
      "end" : 496,
      "text" : "Of",
      "whiteSpace" : false
    }, {
      "id" : "s2-t2",
      "begin" : 496,
      "end" : 497,
      "text" : "?",
      "whiteSpace" : false
    } ]
  }, {
    "id" : "s3",
    "begin" : 497,
    "end" : 651,
    "text" : "??ce of Humphreys County, Tennessee, and a portion of the property conveyed to H., C. Tinnell, Sr. by deed of record in Deed Book 167, page 705, Register?",
    "tokens" : [ {
      "id" : "s3-t0",
      "begin" : 497,
      "end" : 501,
      "text" : "??ce",
      "whiteSpace" : false
    }, {
      "id" : "s3-t1",
      "begin" : 502,
      "end" : 504,
      "text" : "of",
      "whiteSpace" : false
    }, {
      "id" : "s3-t2",
      "begin" : 505,
      "end" : 514,
      "text" : "Humphreys",
      "whiteSpace" : false
    }, {
      "id" : "s3-t3",
      "begin" : 515,
      "end" : 521,
      "text" : "County",
      "whiteSpace" : false
    }, {
      "id" : "s3-t4",
      "begin" : 521,
      "end" : 522,
      "text" : ",",
      "whiteSpace" : false
    }, {
      "id" : "s3-t5",
      "begin" : 523,
      "end" : 532,
      "text" : "Tennessee",
      "whiteSpace" : false
    }, {
      "id" : "s3-t6",
      "begin" : 532,
      "end" : 533,
      "text" : ",",
      "whiteSpace" : false
    }, {
      "id" : "s3-t7",
      "begin" : 534,
      "end" : 537,
      "text" : "and",
      "whiteSpace" : false
    }, {
      "id" : "s3-t8",
      "begin" : 538,
      "end" : 539,
      "text" : "a",
      "whiteSpace" : false
    }, {
      "id" : "s3-t9",
      "begin" : 540,
      "end" : 547,
      "text" : "portion",
      "whiteSpace" : false
    }, {
      "id" : "s3-t10",
      "begin" : 548,
      "end" : 550,
      "text" : "of",
      "whiteSpace" : false
    }, {
      "id" : "s3-t11",
      "begin" : 551,
      "end" : 554,
      "text" : "the",
      "whiteSpace" : false
    }, {
      "id" : "s3-t12",
      "begin" : 555,
      "end" : 563,
      "text" : "property",
      "whiteSpace" : false
    }, {
      "id" : "s3-t13",
      "begin" : 564,
      "end" : 572,
      "text" : "conveyed",
      "whiteSpace" : false
    }, {
      "id" : "s3-t14",
      "begin" : 573,
      "end" : 575,
      "text" : "to",
      "whiteSpace" : false
    }, {
      "id" : "s3-t15",
      "begin" : 576,
      "end" : 578,
      "text" : "H.",
      "whiteSpace" : false
    }, {
      "id" : "s3-t16",
      "begin" : 578,
      "end" : 579,
      "text" : ",",
      "whiteSpace" : false
    }, {
      "id" : "s3-t17",
      "begin" : 580,
      "end" : 582,
      "text" : "C.",
      "whiteSpace" : false
    }, {
      "id" : "s3-t18",
      "begin" : 583,
      "end" : 590,
      "text" : "Tinnell",
      "whiteSpace" : false
    }, {
      "id" : "s3-t19",
      "begin" : 590,
      "end" : 591,
      "text" : ",",
      "whiteSpace" : false
    }, {
      "id" : "s3-t20",
      "begin" : 592,
      "end" : 595,
      "text" : "Sr.",
      "whiteSpace" : false
    }, {
      "id" : "s3-t21",
      "begin" : 596,
      "end" : 598,
      "text" : "by",
      "whiteSpace" : false
    }, {
      "id" : "s3-t22",
      "begin" : 599,
      "end" : 603,
      "text" : "deed",
      "whiteSpace" : false
    }, {
      "id" : "s3-t23",
      "begin" : 604,
      "end" : 606,
      "text" : "of",
      "whiteSpace" : false
    }, {
      "id" : "s3-t24",
      "begin" : 607,
      "end" : 613,
      "text" : "record",
      "whiteSpace" : false
    }, {
      "id" : "s3-t25",
      "begin" : 614,
      "end" : 616,
      "text" : "in",
      "whiteSpace" : false
    }, {
      "id" : "s3-t26",
      "begin" : 617,
      "end" : 621,
      "text" : "Deed",
      "whiteSpace" : false
    }, {
      "id" : "s3-t27",
      "begin" : 622,
      "end" : 626,
      "text" : "Book",
      "whiteSpace" : false
    }, {
      "id" : "s3-t28",
      "begin" : 627,
      "end" : 630,
      "text" : "167",
      "whiteSpace" : false
    }, {
      "id" : "s3-t29",
      "begin" : 630,
      "end" : 631,
      "text" : ",",
      "whiteSpace" : false
    }, {
      "id" : "s3-t30",
      "begin" : 632,
      "end" : 636,
      "text" : "page",
      "whiteSpace" : false
    }, {
      "id" : "s3-t31",
      "begin" : 637,
      "end" : 640,
      "text" : "705",
      "whiteSpace" : false
    }, {
      "id" : "s3-t32",
      "begin" : 640,
      "end" : 641,
      "text" : ",",
      "whiteSpace" : false
    }, {
      "id" : "s3-t33",
      "begin" : 642,
      "end" : 650,
      "text" : "Register",
      "whiteSpace" : false
    }, {
      "id" : "s3-t34",
      "begin" : 650,
      "end" : 651,
      "text" : "?",
      "whiteSpace" : false
    } ]
  }, {
    "id" : "s4",
    "begin" : 651,
    "end" : 658,
    "text" : "??s Of?",
    "tokens" : [ {
      "id" : "s4-t0",
      "begin" : 651,
      "end" : 654,
      "text" : "??s",
      "whiteSpace" : false
    }, {
      "id" : "s4-t1",
      "begin" : 655,
      "end" : 657,
      "text" : "Of",
      "whiteSpace" : false
    }, {
      "id" : "s4-t2",
      "begin" : 657,
      "end" : 658,
      "text" : "?",
      "whiteSpace" : false
    } ]
  }, {
    "id" : "s5",
    "begin" : 658,
    "end" : 695,
    "text" : "??ce of Humphreys County, Tennessee.,",
    "tokens" : [ {
      "id" : "s5-t0",
      "begin" : 658,
      "end" : 662,
      "text" : "??ce",
      "whiteSpace" : false
    }, {
      "id" : "s5-t1",
      "begin" : 663,
      "end" : 665,
      "text" : "of",
      "whiteSpace" : false
    }, {
      "id" : "s5-t2",
      "begin" : 666,
      "end" : 675,
      "text" : "Humphreys",
      "whiteSpace" : false
    }, {
      "id" : "s5-t3",
      "begin" : 676,
      "end" : 682,
      "text" : "County",
      "whiteSpace" : false
    }, {
      "id" : "s5-t4",
      "begin" : 682,
      "end" : 683,
      "text" : ",",
      "whiteSpace" : false
    }, {
      "id" : "s5-t5",
      "begin" : 684,
      "end" : 694,
      "text" : "Tennessee.",
      "whiteSpace" : false
    }, {
      "id" : "s5-t6",
      "begin" : 694,
      "end" : 695,
      "text" : ",",
      "whiteSpace" : false
    } ]
  } ],
  "mentions" : [ {
    "id" : "s0-m1",
    "properties" : {
      "SIRE_MENTION_ROLE" : "WarrDeedBookNum",
      "SIRE_ENTITY_SUBTYPE" : "NONE",
      "SIRE_MENTION_TYPE" : "NONE",
      "SIRE_MENTION_CLASS" : "SPC"
    },
    "type" : "WarrDeedBookNum",
    "begin" : 253,
    "end" : 255,
    "inCoref" : false
  }, {
    "id" : "s0-m2",
    "properties" : {
      "SIRE_MENTION_ROLE" : "WarrDeedPageNum",
      "SIRE_ENTITY_SUBTYPE" : "NONE",
      "SIRE_MENTION_TYPE" : "NONE",
      "SIRE_MENTION_CLASS" : "SPC"
    },
    "type" : "WarrDeedPageNum",
    "begin" : 262,
    "end" : 265,
    "inCoref" : false
  }, {
    "id" : "s1-m1",
    "properties" : {
      "SIRE_MENTION_ROLE" : "WarrDeedBookNum",
      "SIRE_ENTITY_SUBTYPE" : "NONE",
      "SIRE_MENTION_TYPE" : "NONE",
      "SIRE_MENTION_CLASS" : "SPC"
    },
    "type" : "WarrDeedBookNum",
    "begin" : 466,
    "end" : 469,
    "inCoref" : false
  }, {
    "id" : "s1-m2",
    "properties" : {
      "SIRE_MENTION_ROLE" : "WarrDeedPageNum",
      "SIRE_ENTITY_SUBTYPE" : "NONE",
      "SIRE_MENTION_TYPE" : "NONE",
      "SIRE_MENTION_CLASS" : "SPC"
    },
    "type" : "WarrDeedPageNum",
    "begin" : 476,
    "end" : 479,
    "inCoref" : false
  }, {
    "id" : "s3-m1",
    "properties" : {
      "SIRE_MENTION_ROLE" : "WarrDeedBookNum",
      "SIRE_ENTITY_SUBTYPE" : "NONE",
      "SIRE_MENTION_TYPE" : "NONE",
      "SIRE_MENTION_CLASS" : "SPC"
    },
    "type" : "WarrDeedBookNum",
    "begin" : 627,
    "end" : 630,
    "inCoref" : false
  }, {
    "id" : "s3-m2",
    "properties" : {
      "SIRE_MENTION_ROLE" : "WarrDeedPageNum",
      "SIRE_ENTITY_SUBTYPE" : "NONE",
      "SIRE_MENTION_TYPE" : "NONE",
      "SIRE_MENTION_CLASS" : "SPC"
    },
    "type" : "WarrDeedPageNum",
    "begin" : 637,
    "end" : 640,
    "inCoref" : false
  } ],
  "relations" : [ ],
  "corefs" : [ ],
  "typeResolved" : true,
  "userResolved" : false
}