{
  "id" : "670a9ff0-5676-11e9-a5da-fdc443a70fd2-7",
  "name" : "WD1-27_7.txt",
  "createdDate" : 0,
  "version" : 3,
  "text" : "e, Turnbow and Associates, Waverly, Tennessee. All bearings given in reference to magnetic meridian, approximate declination at time of survey 2?? 15' East., Being property acquired by me by deed of record in Deed Book 168, page 126, Register???s Of???ce of Humphreys County, Tennessee.",
  "docLength" : 0,
  "language" : "EN",
  "status" : "SUBMITTED",
  "modifiedDate" : 1554343380063,
  "documentSet" : [ ],
  "preannotation" : [ ],
  "sentences" : [ {
    "id" : "s0",
    "begin" : 0,
    "end" : 46,
    "text" : "e, Turnbow and Associates, Waverly, Tennessee.",
    "tokens" : [ {
      "id" : "s0-t0",
      "begin" : 0,
      "end" : 1,
      "text" : "e",
      "whiteSpace" : false
    }, {
      "id" : "s0-t1",
      "begin" : 1,
      "end" : 2,
      "text" : ",",
      "whiteSpace" : false
    }, {
      "id" : "s0-t2",
      "begin" : 3,
      "end" : 10,
      "text" : "Turnbow",
      "whiteSpace" : false
    }, {
      "id" : "s0-t3",
      "begin" : 11,
      "end" : 14,
      "text" : "and",
      "whiteSpace" : false
    }, {
      "id" : "s0-t4",
      "begin" : 15,
      "end" : 25,
      "text" : "Associates",
      "whiteSpace" : false
    }, {
      "id" : "s0-t5",
      "begin" : 25,
      "end" : 26,
      "text" : ",",
      "whiteSpace" : false
    }, {
      "id" : "s0-t6",
      "begin" : 27,
      "end" : 34,
      "text" : "Waverly",
      "whiteSpace" : false
    }, {
      "id" : "s0-t7",
      "begin" : 34,
      "end" : 35,
      "text" : ",",
      "whiteSpace" : false
    }, {
      "id" : "s0-t8",
      "begin" : 36,
      "end" : 45,
      "text" : "Tennessee",
      "whiteSpace" : false
    }, {
      "id" : "s0-t9",
      "begin" : 45,
      "end" : 46,
      "text" : ".",
      "whiteSpace" : false
    } ]
  }, {
    "id" : "s1",
    "begin" : 47,
    "end" : 146,
    "text" : "All bearings given in reference to magnetic meridian, approximate declination at time of survey 2??",
    "tokens" : [ {
      "id" : "s1-t0",
      "begin" : 47,
      "end" : 50,
      "text" : "All",
      "whiteSpace" : false
    }, {
      "id" : "s1-t1",
      "begin" : 51,
      "end" : 59,
      "text" : "bearings",
      "whiteSpace" : false
    }, {
      "id" : "s1-t2",
      "begin" : 60,
      "end" : 65,
      "text" : "given",
      "whiteSpace" : false
    }, {
      "id" : "s1-t3",
      "begin" : 66,
      "end" : 68,
      "text" : "in",
      "whiteSpace" : false
    }, {
      "id" : "s1-t4",
      "begin" : 69,
      "end" : 78,
      "text" : "reference",
      "whiteSpace" : false
    }, {
      "id" : "s1-t5",
      "begin" : 79,
      "end" : 81,
      "text" : "to",
      "whiteSpace" : false
    }, {
      "id" : "s1-t6",
      "begin" : 82,
      "end" : 90,
      "text" : "magnetic",
      "whiteSpace" : false
    }, {
      "id" : "s1-t7",
      "begin" : 91,
      "end" : 99,
      "text" : "meridian",
      "whiteSpace" : false
    }, {
      "id" : "s1-t8",
      "begin" : 99,
      "end" : 100,
      "text" : ",",
      "whiteSpace" : false
    }, {
      "id" : "s1-t9",
      "begin" : 101,
      "end" : 112,
      "text" : "approximate",
      "whiteSpace" : false
    }, {
      "id" : "s1-t10",
      "begin" : 113,
      "end" : 124,
      "text" : "declination",
      "whiteSpace" : false
    }, {
      "id" : "s1-t11",
      "begin" : 125,
      "end" : 127,
      "text" : "at",
      "whiteSpace" : false
    }, {
      "id" : "s1-t12",
      "begin" : 128,
      "end" : 132,
      "text" : "time",
      "whiteSpace" : false
    }, {
      "id" : "s1-t13",
      "begin" : 133,
      "end" : 135,
      "text" : "of",
      "whiteSpace" : false
    }, {
      "id" : "s1-t14",
      "begin" : 136,
      "end" : 142,
      "text" : "survey",
      "whiteSpace" : false
    }, {
      "id" : "s1-t15",
      "begin" : 143,
      "end" : 144,
      "text" : "2",
      "whiteSpace" : false
    }, {
      "id" : "s1-t16",
      "begin" : 144,
      "end" : 145,
      "text" : "?",
      "whiteSpace" : false
    }, {
      "id" : "s1-t17",
      "begin" : 145,
      "end" : 146,
      "text" : "?",
      "whiteSpace" : false
    } ]
  }, {
    "id" : "s2",
    "begin" : 147,
    "end" : 243,
    "text" : "15' East., Being property acquired by me by deed of record in Deed Book 168, page 126, Register?",
    "tokens" : [ {
      "id" : "s2-t0",
      "begin" : 147,
      "end" : 149,
      "text" : "15",
      "whiteSpace" : false
    }, {
      "id" : "s2-t1",
      "begin" : 149,
      "end" : 150,
      "text" : "'",
      "whiteSpace" : false
    }, {
      "id" : "s2-t2",
      "begin" : 151,
      "end" : 156,
      "text" : "East.",
      "whiteSpace" : false
    }, {
      "id" : "s2-t3",
      "begin" : 156,
      "end" : 157,
      "text" : ",",
      "whiteSpace" : false
    }, {
      "id" : "s2-t4",
      "begin" : 158,
      "end" : 163,
      "text" : "Being",
      "whiteSpace" : false
    }, {
      "id" : "s2-t5",
      "begin" : 164,
      "end" : 172,
      "text" : "property",
      "whiteSpace" : false
    }, {
      "id" : "s2-t6",
      "begin" : 173,
      "end" : 181,
      "text" : "acquired",
      "whiteSpace" : false
    }, {
      "id" : "s2-t7",
      "begin" : 182,
      "end" : 184,
      "text" : "by",
      "whiteSpace" : false
    }, {
      "id" : "s2-t8",
      "begin" : 185,
      "end" : 187,
      "text" : "me",
      "whiteSpace" : false
    }, {
      "id" : "s2-t9",
      "begin" : 188,
      "end" : 190,
      "text" : "by",
      "whiteSpace" : false
    }, {
      "id" : "s2-t10",
      "begin" : 191,
      "end" : 195,
      "text" : "deed",
      "whiteSpace" : false
    }, {
      "id" : "s2-t11",
      "begin" : 196,
      "end" : 198,
      "text" : "of",
      "whiteSpace" : false
    }, {
      "id" : "s2-t12",
      "begin" : 199,
      "end" : 205,
      "text" : "record",
      "whiteSpace" : false
    }, {
      "id" : "s2-t13",
      "begin" : 206,
      "end" : 208,
      "text" : "in",
      "whiteSpace" : false
    }, {
      "id" : "s2-t14",
      "begin" : 209,
      "end" : 213,
      "text" : "Deed",
      "whiteSpace" : false
    }, {
      "id" : "s2-t15",
      "begin" : 214,
      "end" : 218,
      "text" : "Book",
      "whiteSpace" : false
    }, {
      "id" : "s2-t16",
      "begin" : 219,
      "end" : 222,
      "text" : "168",
      "whiteSpace" : false
    }, {
      "id" : "s2-t17",
      "begin" : 222,
      "end" : 223,
      "text" : ",",
      "whiteSpace" : false
    }, {
      "id" : "s2-t18",
      "begin" : 224,
      "end" : 228,
      "text" : "page",
      "whiteSpace" : false
    }, {
      "id" : "s2-t19",
      "begin" : 229,
      "end" : 232,
      "text" : "126",
      "whiteSpace" : false
    }, {
      "id" : "s2-t20",
      "begin" : 232,
      "end" : 233,
      "text" : ",",
      "whiteSpace" : false
    }, {
      "id" : "s2-t21",
      "begin" : 234,
      "end" : 242,
      "text" : "Register",
      "whiteSpace" : false
    }, {
      "id" : "s2-t22",
      "begin" : 242,
      "end" : 243,
      "text" : "?",
      "whiteSpace" : false
    } ]
  }, {
    "id" : "s3",
    "begin" : 243,
    "end" : 250,
    "text" : "??s Of?",
    "tokens" : [ {
      "id" : "s3-t0",
      "begin" : 243,
      "end" : 246,
      "text" : "??s",
      "whiteSpace" : false
    }, {
      "id" : "s3-t1",
      "begin" : 247,
      "end" : 249,
      "text" : "Of",
      "whiteSpace" : false
    }, {
      "id" : "s3-t2",
      "begin" : 249,
      "end" : 250,
      "text" : "?",
      "whiteSpace" : false
    } ]
  }, {
    "id" : "s4",
    "begin" : 250,
    "end" : 286,
    "text" : "??ce of Humphreys County, Tennessee.",
    "tokens" : [ {
      "id" : "s4-t0",
      "begin" : 250,
      "end" : 254,
      "text" : "??ce",
      "whiteSpace" : false
    }, {
      "id" : "s4-t1",
      "begin" : 255,
      "end" : 257,
      "text" : "of",
      "whiteSpace" : false
    }, {
      "id" : "s4-t2",
      "begin" : 258,
      "end" : 267,
      "text" : "Humphreys",
      "whiteSpace" : false
    }, {
      "id" : "s4-t3",
      "begin" : 268,
      "end" : 274,
      "text" : "County",
      "whiteSpace" : false
    }, {
      "id" : "s4-t4",
      "begin" : 274,
      "end" : 275,
      "text" : ",",
      "whiteSpace" : false
    }, {
      "id" : "s4-t5",
      "begin" : 276,
      "end" : 285,
      "text" : "Tennessee",
      "whiteSpace" : false
    }, {
      "id" : "s4-t6",
      "begin" : 285,
      "end" : 286,
      "text" : ".",
      "whiteSpace" : false
    } ]
  } ],
  "mentions" : [ {
    "id" : "s2-m1",
    "properties" : {
      "SIRE_MENTION_ROLE" : "WarrDeedBookNum",
      "SIRE_ENTITY_SUBTYPE" : "NONE",
      "SIRE_MENTION_TYPE" : "NONE",
      "SIRE_MENTION_CLASS" : "SPC"
    },
    "type" : "WarrDeedBookNum",
    "begin" : 219,
    "end" : 222,
    "inCoref" : false
  }, {
    "id" : "s2-m2",
    "properties" : {
      "SIRE_MENTION_ROLE" : "WarrDeedPageNum",
      "SIRE_ENTITY_SUBTYPE" : "NONE",
      "SIRE_MENTION_TYPE" : "NONE",
      "SIRE_MENTION_CLASS" : "SPC"
    },
    "type" : "WarrDeedPageNum",
    "begin" : 229,
    "end" : 232,
    "inCoref" : false
  } ],
  "relations" : [ ],
  "corefs" : [ ],
  "typeResolved" : true,
  "userResolved" : false
}