{
  "id" : "670a9ff0-5676-11e9-a5da-fdc443a70fd2-2",
  "name" : "WD1-27_2.txt",
  "createdDate" : 0,
  "version" : 3,
  "text" : " in October, 1973., all as shown on Thomas C. White &amp;??? Associates Drawing 1???10. 165'5595., This being the same property that was conveyed to the grantor herein by deed of record in Deed Book 165, page 736, Register's O???ice for Humphreys County, Tennessee.,",
  "docLength" : 0,
  "language" : "EN",
  "status" : "SUBMITTED",
  "modifiedDate" : 1554343339812,
  "documentSet" : [ ],
  "preannotation" : [ ],
  "sentences" : [ {
    "id" : "s0",
    "begin" : 1,
    "end" : 58,
    "text" : "in October, 1973., all as shown on Thomas C. White &amp;?",
    "tokens" : [ {
      "id" : "s0-t0",
      "begin" : 1,
      "end" : 3,
      "text" : "in",
      "whiteSpace" : false
    }, {
      "id" : "s0-t1",
      "begin" : 4,
      "end" : 11,
      "text" : "October",
      "whiteSpace" : false
    }, {
      "id" : "s0-t2",
      "begin" : 11,
      "end" : 12,
      "text" : ",",
      "whiteSpace" : false
    }, {
      "id" : "s0-t3",
      "begin" : 13,
      "end" : 17,
      "text" : "1973",
      "whiteSpace" : false
    }, {
      "id" : "s0-t4",
      "begin" : 17,
      "end" : 18,
      "text" : ".",
      "whiteSpace" : false
    }, {
      "id" : "s0-t5",
      "begin" : 18,
      "end" : 19,
      "text" : ",",
      "whiteSpace" : false
    }, {
      "id" : "s0-t6",
      "begin" : 20,
      "end" : 23,
      "text" : "all",
      "whiteSpace" : false
    }, {
      "id" : "s0-t7",
      "begin" : 24,
      "end" : 26,
      "text" : "as",
      "whiteSpace" : false
    }, {
      "id" : "s0-t8",
      "begin" : 27,
      "end" : 32,
      "text" : "shown",
      "whiteSpace" : false
    }, {
      "id" : "s0-t9",
      "begin" : 33,
      "end" : 35,
      "text" : "on",
      "whiteSpace" : false
    }, {
      "id" : "s0-t10",
      "begin" : 36,
      "end" : 42,
      "text" : "Thomas",
      "whiteSpace" : false
    }, {
      "id" : "s0-t11",
      "begin" : 43,
      "end" : 45,
      "text" : "C.",
      "whiteSpace" : false
    }, {
      "id" : "s0-t12",
      "begin" : 46,
      "end" : 51,
      "text" : "White",
      "whiteSpace" : false
    }, {
      "id" : "s0-t13",
      "begin" : 52,
      "end" : 57,
      "text" : "&amp;",
      "whiteSpace" : false
    }, {
      "id" : "s0-t14",
      "begin" : 57,
      "end" : 58,
      "text" : "?",
      "whiteSpace" : false
    } ]
  }, {
    "id" : "s1",
    "begin" : 58,
    "end" : 60,
    "text" : "??",
    "tokens" : [ {
      "id" : "s1-t0",
      "begin" : 58,
      "end" : 59,
      "text" : "?",
      "whiteSpace" : false
    }, {
      "id" : "s1-t1",
      "begin" : 59,
      "end" : 60,
      "text" : "?",
      "whiteSpace" : false
    } ]
  }, {
    "id" : "s2",
    "begin" : 61,
    "end" : 87,
    "text" : "Associates Drawing 1???10.",
    "tokens" : [ {
      "id" : "s2-t0",
      "begin" : 61,
      "end" : 71,
      "text" : "Associates",
      "whiteSpace" : false
    }, {
      "id" : "s2-t1",
      "begin" : 72,
      "end" : 79,
      "text" : "Drawing",
      "whiteSpace" : false
    }, {
      "id" : "s2-t2",
      "begin" : 80,
      "end" : 86,
      "text" : "1???10",
      "whiteSpace" : false
    }, {
      "id" : "s2-t3",
      "begin" : 86,
      "end" : 87,
      "text" : ".",
      "whiteSpace" : false
    } ]
  }, {
    "id" : "s3",
    "begin" : 88,
    "end" : 266,
    "text" : "165'5595., This being the same property that was conveyed to the grantor herein by deed of record in Deed Book 165, page 736, Register's O???ice for Humphreys County, Tennessee.,",
    "tokens" : [ {
      "id" : "s3-t0",
      "begin" : 88,
      "end" : 91,
      "text" : "165",
      "whiteSpace" : false
    }, {
      "id" : "s3-t1",
      "begin" : 91,
      "end" : 92,
      "text" : "'",
      "whiteSpace" : false
    }, {
      "id" : "s3-t2",
      "begin" : 92,
      "end" : 96,
      "text" : "5595",
      "whiteSpace" : false
    }, {
      "id" : "s3-t3",
      "begin" : 96,
      "end" : 97,
      "text" : ".",
      "whiteSpace" : false
    }, {
      "id" : "s3-t4",
      "begin" : 97,
      "end" : 98,
      "text" : ",",
      "whiteSpace" : false
    }, {
      "id" : "s3-t5",
      "begin" : 99,
      "end" : 103,
      "text" : "This",
      "whiteSpace" : false
    }, {
      "id" : "s3-t6",
      "begin" : 104,
      "end" : 109,
      "text" : "being",
      "whiteSpace" : false
    }, {
      "id" : "s3-t7",
      "begin" : 110,
      "end" : 113,
      "text" : "the",
      "whiteSpace" : false
    }, {
      "id" : "s3-t8",
      "begin" : 114,
      "end" : 118,
      "text" : "same",
      "whiteSpace" : false
    }, {
      "id" : "s3-t9",
      "begin" : 119,
      "end" : 127,
      "text" : "property",
      "whiteSpace" : false
    }, {
      "id" : "s3-t10",
      "begin" : 128,
      "end" : 132,
      "text" : "that",
      "whiteSpace" : false
    }, {
      "id" : "s3-t11",
      "begin" : 133,
      "end" : 136,
      "text" : "was",
      "whiteSpace" : false
    }, {
      "id" : "s3-t12",
      "begin" : 137,
      "end" : 145,
      "text" : "conveyed",
      "whiteSpace" : false
    }, {
      "id" : "s3-t13",
      "begin" : 146,
      "end" : 148,
      "text" : "to",
      "whiteSpace" : false
    }, {
      "id" : "s3-t14",
      "begin" : 149,
      "end" : 152,
      "text" : "the",
      "whiteSpace" : false
    }, {
      "id" : "s3-t15",
      "begin" : 153,
      "end" : 160,
      "text" : "grantor",
      "whiteSpace" : false
    }, {
      "id" : "s3-t16",
      "begin" : 161,
      "end" : 167,
      "text" : "herein",
      "whiteSpace" : false
    }, {
      "id" : "s3-t17",
      "begin" : 168,
      "end" : 170,
      "text" : "by",
      "whiteSpace" : false
    }, {
      "id" : "s3-t18",
      "begin" : 171,
      "end" : 175,
      "text" : "deed",
      "whiteSpace" : false
    }, {
      "id" : "s3-t19",
      "begin" : 176,
      "end" : 178,
      "text" : "of",
      "whiteSpace" : false
    }, {
      "id" : "s3-t20",
      "begin" : 179,
      "end" : 185,
      "text" : "record",
      "whiteSpace" : false
    }, {
      "id" : "s3-t21",
      "begin" : 186,
      "end" : 188,
      "text" : "in",
      "whiteSpace" : false
    }, {
      "id" : "s3-t22",
      "begin" : 189,
      "end" : 193,
      "text" : "Deed",
      "whiteSpace" : false
    }, {
      "id" : "s3-t23",
      "begin" : 194,
      "end" : 198,
      "text" : "Book",
      "whiteSpace" : false
    }, {
      "id" : "s3-t24",
      "begin" : 199,
      "end" : 202,
      "text" : "165",
      "whiteSpace" : false
    }, {
      "id" : "s3-t25",
      "begin" : 202,
      "end" : 203,
      "text" : ",",
      "whiteSpace" : false
    }, {
      "id" : "s3-t26",
      "begin" : 204,
      "end" : 208,
      "text" : "page",
      "whiteSpace" : false
    }, {
      "id" : "s3-t27",
      "begin" : 209,
      "end" : 212,
      "text" : "736",
      "whiteSpace" : false
    }, {
      "id" : "s3-t28",
      "begin" : 212,
      "end" : 213,
      "text" : ",",
      "whiteSpace" : false
    }, {
      "id" : "s3-t29",
      "begin" : 214,
      "end" : 222,
      "text" : "Register",
      "whiteSpace" : false
    }, {
      "id" : "s3-t30",
      "begin" : 222,
      "end" : 224,
      "text" : "'s",
      "whiteSpace" : false
    }, {
      "id" : "s3-t31",
      "begin" : 225,
      "end" : 232,
      "text" : "O???ice",
      "whiteSpace" : false
    }, {
      "id" : "s3-t32",
      "begin" : 233,
      "end" : 236,
      "text" : "for",
      "whiteSpace" : false
    }, {
      "id" : "s3-t33",
      "begin" : 237,
      "end" : 246,
      "text" : "Humphreys",
      "whiteSpace" : false
    }, {
      "id" : "s3-t34",
      "begin" : 247,
      "end" : 253,
      "text" : "County",
      "whiteSpace" : false
    }, {
      "id" : "s3-t35",
      "begin" : 253,
      "end" : 254,
      "text" : ",",
      "whiteSpace" : false
    }, {
      "id" : "s3-t36",
      "begin" : 255,
      "end" : 265,
      "text" : "Tennessee.",
      "whiteSpace" : false
    }, {
      "id" : "s3-t37",
      "begin" : 265,
      "end" : 266,
      "text" : ",",
      "whiteSpace" : false
    } ]
  } ],
  "mentions" : [ {
    "id" : "s3-m1",
    "properties" : {
      "SIRE_MENTION_ROLE" : "WarrDeedBookNum",
      "SIRE_ENTITY_SUBTYPE" : "NONE",
      "SIRE_MENTION_TYPE" : "NONE",
      "SIRE_MENTION_CLASS" : "SPC"
    },
    "type" : "WarrDeedBookNum",
    "begin" : 199,
    "end" : 202,
    "inCoref" : false
  }, {
    "id" : "s3-m2",
    "properties" : {
      "SIRE_MENTION_ROLE" : "WarrDeedPageNum",
      "SIRE_ENTITY_SUBTYPE" : "NONE",
      "SIRE_MENTION_TYPE" : "NONE",
      "SIRE_MENTION_CLASS" : "SPC"
    },
    "type" : "WarrDeedPageNum",
    "begin" : 209,
    "end" : 212,
    "inCoref" : false
  } ],
  "relations" : [ ],
  "corefs" : [ ],
  "typeResolved" : true,
  "userResolved" : false
}