{
  "id" : "6ce600d0-5686-11e9-84a6-df86f9fa5a66-9",
  "name" : "WD1-30_6.txt",
  "createdDate" : 0,
  "version" : 3,
  "text" : "For and in consideration of the sum of SIXTY FIVE THOUSAND DOLLARS ($65,000.00), cash in hand paid, and other good and valuable considerations, the receipt of which is hereby acknowledged, we, RICKY DEAN COOLEY and wife, TAMMY LOUISE COOLEY, this date have bargained and sold, and by these presents do transfer and convey unto RICHARD M. BURLISON, his heirs and assigns, a certain tract or parcel of land in the Second Civil District of Humphreys County, Tennessee, and being more particularly described as follows",
  "docLength" : 0,
  "language" : "EN",
  "status" : "SUBMITTED",
  "modifiedDate" : 1554347700004,
  "documentSet" : [ ],
  "preannotation" : [ ],
  "sentences" : [ {
    "id" : "s0",
    "begin" : 0,
    "end" : 514,
    "text" : "For and in consideration of the sum of SIXTY FIVE THOUSAND DOLLARS ($65,000.00), cash in hand paid, and other good and valuable considerations, the receipt of which is hereby acknowledged, we, RICKY DEAN COOLEY and wife, TAMMY LOUISE COOLEY, this date have bargained and sold, and by these presents do transfer and convey unto RICHARD M. BURLISON, his heirs and assigns, a certain tract or parcel of land in the Second Civil District of Humphreys County, Tennessee, and being more particularly described as follows",
    "tokens" : [ {
      "id" : "s0-t0",
      "begin" : 0,
      "end" : 3,
      "text" : "For",
      "whiteSpace" : false
    }, {
      "id" : "s0-t1",
      "begin" : 4,
      "end" : 7,
      "text" : "and",
      "whiteSpace" : false
    }, {
      "id" : "s0-t2",
      "begin" : 8,
      "end" : 10,
      "text" : "in",
      "whiteSpace" : false
    }, {
      "id" : "s0-t3",
      "begin" : 11,
      "end" : 24,
      "text" : "consideration",
      "whiteSpace" : false
    }, {
      "id" : "s0-t4",
      "begin" : 25,
      "end" : 27,
      "text" : "of",
      "whiteSpace" : false
    }, {
      "id" : "s0-t5",
      "begin" : 28,
      "end" : 31,
      "text" : "the",
      "whiteSpace" : false
    }, {
      "id" : "s0-t6",
      "begin" : 32,
      "end" : 35,
      "text" : "sum",
      "whiteSpace" : false
    }, {
      "id" : "s0-t7",
      "begin" : 36,
      "end" : 38,
      "text" : "of",
      "whiteSpace" : false
    }, {
      "id" : "s0-t8",
      "begin" : 39,
      "end" : 44,
      "text" : "SIXTY",
      "whiteSpace" : false
    }, {
      "id" : "s0-t9",
      "begin" : 45,
      "end" : 49,
      "text" : "FIVE",
      "whiteSpace" : false
    }, {
      "id" : "s0-t10",
      "begin" : 50,
      "end" : 58,
      "text" : "THOUSAND",
      "whiteSpace" : false
    }, {
      "id" : "s0-t11",
      "begin" : 59,
      "end" : 66,
      "text" : "DOLLARS",
      "whiteSpace" : false
    }, {
      "id" : "s0-t12",
      "begin" : 67,
      "end" : 68,
      "text" : "(",
      "whiteSpace" : false
    }, {
      "id" : "s0-t13",
      "begin" : 68,
      "end" : 69,
      "text" : "$",
      "whiteSpace" : false
    }, {
      "id" : "s0-t14",
      "begin" : 69,
      "end" : 78,
      "text" : "65,000.00",
      "whiteSpace" : false
    }, {
      "id" : "s0-t15",
      "begin" : 78,
      "end" : 79,
      "text" : ")",
      "whiteSpace" : false
    }, {
      "id" : "s0-t16",
      "begin" : 79,
      "end" : 80,
      "text" : ",",
      "whiteSpace" : false
    }, {
      "id" : "s0-t17",
      "begin" : 81,
      "end" : 85,
      "text" : "cash",
      "whiteSpace" : false
    }, {
      "id" : "s0-t18",
      "begin" : 86,
      "end" : 88,
      "text" : "in",
      "whiteSpace" : false
    }, {
      "id" : "s0-t19",
      "begin" : 89,
      "end" : 93,
      "text" : "hand",
      "whiteSpace" : false
    }, {
      "id" : "s0-t20",
      "begin" : 94,
      "end" : 98,
      "text" : "paid",
      "whiteSpace" : false
    }, {
      "id" : "s0-t21",
      "begin" : 98,
      "end" : 99,
      "text" : ",",
      "whiteSpace" : false
    }, {
      "id" : "s0-t22",
      "begin" : 100,
      "end" : 103,
      "text" : "and",
      "whiteSpace" : false
    }, {
      "id" : "s0-t23",
      "begin" : 104,
      "end" : 109,
      "text" : "other",
      "whiteSpace" : false
    }, {
      "id" : "s0-t24",
      "begin" : 110,
      "end" : 114,
      "text" : "good",
      "whiteSpace" : false
    }, {
      "id" : "s0-t25",
      "begin" : 115,
      "end" : 118,
      "text" : "and",
      "whiteSpace" : false
    }, {
      "id" : "s0-t26",
      "begin" : 119,
      "end" : 127,
      "text" : "valuable",
      "whiteSpace" : false
    }, {
      "id" : "s0-t27",
      "begin" : 128,
      "end" : 142,
      "text" : "considerations",
      "whiteSpace" : false
    }, {
      "id" : "s0-t28",
      "begin" : 142,
      "end" : 143,
      "text" : ",",
      "whiteSpace" : false
    }, {
      "id" : "s0-t29",
      "begin" : 144,
      "end" : 147,
      "text" : "the",
      "whiteSpace" : false
    }, {
      "id" : "s0-t30",
      "begin" : 148,
      "end" : 155,
      "text" : "receipt",
      "whiteSpace" : false
    }, {
      "id" : "s0-t31",
      "begin" : 156,
      "end" : 158,
      "text" : "of",
      "whiteSpace" : false
    }, {
      "id" : "s0-t32",
      "begin" : 159,
      "end" : 164,
      "text" : "which",
      "whiteSpace" : false
    }, {
      "id" : "s0-t33",
      "begin" : 165,
      "end" : 167,
      "text" : "is",
      "whiteSpace" : false
    }, {
      "id" : "s0-t34",
      "begin" : 168,
      "end" : 174,
      "text" : "hereby",
      "whiteSpace" : false
    }, {
      "id" : "s0-t35",
      "begin" : 175,
      "end" : 187,
      "text" : "acknowledged",
      "whiteSpace" : false
    }, {
      "id" : "s0-t36",
      "begin" : 187,
      "end" : 188,
      "text" : ",",
      "whiteSpace" : false
    }, {
      "id" : "s0-t37",
      "begin" : 189,
      "end" : 191,
      "text" : "we",
      "whiteSpace" : false
    }, {
      "id" : "s0-t38",
      "begin" : 191,
      "end" : 192,
      "text" : ",",
      "whiteSpace" : false
    }, {
      "id" : "s0-t39",
      "begin" : 193,
      "end" : 198,
      "text" : "RICKY",
      "whiteSpace" : false
    }, {
      "id" : "s0-t40",
      "begin" : 199,
      "end" : 203,
      "text" : "DEAN",
      "whiteSpace" : false
    }, {
      "id" : "s0-t41",
      "begin" : 204,
      "end" : 210,
      "text" : "COOLEY",
      "whiteSpace" : false
    }, {
      "id" : "s0-t42",
      "begin" : 211,
      "end" : 214,
      "text" : "and",
      "whiteSpace" : false
    }, {
      "id" : "s0-t43",
      "begin" : 215,
      "end" : 219,
      "text" : "wife",
      "whiteSpace" : false
    }, {
      "id" : "s0-t44",
      "begin" : 219,
      "end" : 220,
      "text" : ",",
      "whiteSpace" : false
    }, {
      "id" : "s0-t45",
      "begin" : 221,
      "end" : 226,
      "text" : "TAMMY",
      "whiteSpace" : false
    }, {
      "id" : "s0-t46",
      "begin" : 227,
      "end" : 233,
      "text" : "LOUISE",
      "whiteSpace" : false
    }, {
      "id" : "s0-t47",
      "begin" : 234,
      "end" : 240,
      "text" : "COOLEY",
      "whiteSpace" : false
    }, {
      "id" : "s0-t48",
      "begin" : 240,
      "end" : 241,
      "text" : ",",
      "whiteSpace" : false
    }, {
      "id" : "s0-t49",
      "begin" : 242,
      "end" : 246,
      "text" : "this",
      "whiteSpace" : false
    }, {
      "id" : "s0-t50",
      "begin" : 247,
      "end" : 251,
      "text" : "date",
      "whiteSpace" : false
    }, {
      "id" : "s0-t51",
      "begin" : 252,
      "end" : 256,
      "text" : "have",
      "whiteSpace" : false
    }, {
      "id" : "s0-t52",
      "begin" : 257,
      "end" : 266,
      "text" : "bargained",
      "whiteSpace" : false
    }, {
      "id" : "s0-t53",
      "begin" : 267,
      "end" : 270,
      "text" : "and",
      "whiteSpace" : false
    }, {
      "id" : "s0-t54",
      "begin" : 271,
      "end" : 275,
      "text" : "sold",
      "whiteSpace" : false
    }, {
      "id" : "s0-t55",
      "begin" : 275,
      "end" : 276,
      "text" : ",",
      "whiteSpace" : false
    }, {
      "id" : "s0-t56",
      "begin" : 277,
      "end" : 280,
      "text" : "and",
      "whiteSpace" : false
    }, {
      "id" : "s0-t57",
      "begin" : 281,
      "end" : 283,
      "text" : "by",
      "whiteSpace" : false
    }, {
      "id" : "s0-t58",
      "begin" : 284,
      "end" : 289,
      "text" : "these",
      "whiteSpace" : false
    }, {
      "id" : "s0-t59",
      "begin" : 290,
      "end" : 298,
      "text" : "presents",
      "whiteSpace" : false
    }, {
      "id" : "s0-t60",
      "begin" : 299,
      "end" : 301,
      "text" : "do",
      "whiteSpace" : false
    }, {
      "id" : "s0-t61",
      "begin" : 302,
      "end" : 310,
      "text" : "transfer",
      "whiteSpace" : false
    }, {
      "id" : "s0-t62",
      "begin" : 311,
      "end" : 314,
      "text" : "and",
      "whiteSpace" : false
    }, {
      "id" : "s0-t63",
      "begin" : 315,
      "end" : 321,
      "text" : "convey",
      "whiteSpace" : false
    }, {
      "id" : "s0-t64",
      "begin" : 322,
      "end" : 326,
      "text" : "unto",
      "whiteSpace" : false
    }, {
      "id" : "s0-t65",
      "begin" : 327,
      "end" : 334,
      "text" : "RICHARD",
      "whiteSpace" : false
    }, {
      "id" : "s0-t66",
      "begin" : 335,
      "end" : 337,
      "text" : "M.",
      "whiteSpace" : false
    }, {
      "id" : "s0-t67",
      "begin" : 338,
      "end" : 346,
      "text" : "BURLISON",
      "whiteSpace" : false
    }, {
      "id" : "s0-t68",
      "begin" : 346,
      "end" : 347,
      "text" : ",",
      "whiteSpace" : false
    }, {
      "id" : "s0-t69",
      "begin" : 348,
      "end" : 351,
      "text" : "his",
      "whiteSpace" : false
    }, {
      "id" : "s0-t70",
      "begin" : 352,
      "end" : 357,
      "text" : "heirs",
      "whiteSpace" : false
    }, {
      "id" : "s0-t71",
      "begin" : 358,
      "end" : 361,
      "text" : "and",
      "whiteSpace" : false
    }, {
      "id" : "s0-t72",
      "begin" : 362,
      "end" : 369,
      "text" : "assigns",
      "whiteSpace" : false
    }, {
      "id" : "s0-t73",
      "begin" : 369,
      "end" : 370,
      "text" : ",",
      "whiteSpace" : false
    }, {
      "id" : "s0-t74",
      "begin" : 371,
      "end" : 372,
      "text" : "a",
      "whiteSpace" : false
    }, {
      "id" : "s0-t75",
      "begin" : 373,
      "end" : 380,
      "text" : "certain",
      "whiteSpace" : false
    }, {
      "id" : "s0-t76",
      "begin" : 381,
      "end" : 386,
      "text" : "tract",
      "whiteSpace" : false
    }, {
      "id" : "s0-t77",
      "begin" : 387,
      "end" : 389,
      "text" : "or",
      "whiteSpace" : false
    }, {
      "id" : "s0-t78",
      "begin" : 390,
      "end" : 396,
      "text" : "parcel",
      "whiteSpace" : false
    }, {
      "id" : "s0-t79",
      "begin" : 397,
      "end" : 399,
      "text" : "of",
      "whiteSpace" : false
    }, {
      "id" : "s0-t80",
      "begin" : 400,
      "end" : 404,
      "text" : "land",
      "whiteSpace" : false
    }, {
      "id" : "s0-t81",
      "begin" : 405,
      "end" : 407,
      "text" : "in",
      "whiteSpace" : false
    }, {
      "id" : "s0-t82",
      "begin" : 408,
      "end" : 411,
      "text" : "the",
      "whiteSpace" : false
    }, {
      "id" : "s0-t83",
      "begin" : 412,
      "end" : 418,
      "text" : "Second",
      "whiteSpace" : false
    }, {
      "id" : "s0-t84",
      "begin" : 419,
      "end" : 424,
      "text" : "Civil",
      "whiteSpace" : false
    }, {
      "id" : "s0-t85",
      "begin" : 425,
      "end" : 433,
      "text" : "District",
      "whiteSpace" : false
    }, {
      "id" : "s0-t86",
      "begin" : 434,
      "end" : 436,
      "text" : "of",
      "whiteSpace" : false
    }, {
      "id" : "s0-t87",
      "begin" : 437,
      "end" : 446,
      "text" : "Humphreys",
      "whiteSpace" : false
    }, {
      "id" : "s0-t88",
      "begin" : 447,
      "end" : 453,
      "text" : "County",
      "whiteSpace" : false
    }, {
      "id" : "s0-t89",
      "begin" : 453,
      "end" : 454,
      "text" : ",",
      "whiteSpace" : false
    }, {
      "id" : "s0-t90",
      "begin" : 455,
      "end" : 464,
      "text" : "Tennessee",
      "whiteSpace" : false
    }, {
      "id" : "s0-t91",
      "begin" : 464,
      "end" : 465,
      "text" : ",",
      "whiteSpace" : false
    }, {
      "id" : "s0-t92",
      "begin" : 466,
      "end" : 469,
      "text" : "and",
      "whiteSpace" : false
    }, {
      "id" : "s0-t93",
      "begin" : 470,
      "end" : 475,
      "text" : "being",
      "whiteSpace" : false
    }, {
      "id" : "s0-t94",
      "begin" : 476,
      "end" : 480,
      "text" : "more",
      "whiteSpace" : false
    }, {
      "id" : "s0-t95",
      "begin" : 481,
      "end" : 493,
      "text" : "particularly",
      "whiteSpace" : false
    }, {
      "id" : "s0-t96",
      "begin" : 494,
      "end" : 503,
      "text" : "described",
      "whiteSpace" : false
    }, {
      "id" : "s0-t97",
      "begin" : 504,
      "end" : 506,
      "text" : "as",
      "whiteSpace" : false
    }, {
      "id" : "s0-t98",
      "begin" : 507,
      "end" : 514,
      "text" : "follows",
      "whiteSpace" : false
    } ]
  } ],
  "mentions" : [ {
    "id" : "s0-m1",
    "properties" : {
      "SIRE_MENTION_ROLE" : "Grantor",
      "SIRE_ENTITY_SUBTYPE" : "NONE",
      "SIRE_MENTION_TYPE" : "NONE",
      "SIRE_MENTION_CLASS" : "SPC"
    },
    "type" : "Grantor",
    "begin" : 193,
    "end" : 210,
    "inCoref" : false
  }, {
    "id" : "s0-m2",
    "properties" : {
      "SIRE_MENTION_ROLE" : "Grantor",
      "SIRE_ENTITY_SUBTYPE" : "NONE",
      "SIRE_MENTION_TYPE" : "NONE",
      "SIRE_MENTION_CLASS" : "SPC"
    },
    "type" : "Grantor",
    "begin" : 221,
    "end" : 240,
    "inCoref" : false
  }, {
    "id" : "s0-m3",
    "properties" : {
      "SIRE_MENTION_ROLE" : "Grantee",
      "SIRE_ENTITY_SUBTYPE" : "NONE",
      "SIRE_MENTION_TYPE" : "NONE",
      "SIRE_MENTION_CLASS" : "SPC"
    },
    "type" : "Grantee",
    "begin" : 327,
    "end" : 346,
    "inCoref" : false
  } ],
  "relations" : [ ],
  "corefs" : [ ],
  "typeResolved" : true,
  "userResolved" : false
}