{
  "id" : "6ce600d0-5686-11e9-84a6-df86f9fa5a66-18",
  "name" : "WD1-31_5.txt",
  "createdDate" : 0,
  "version" : 3,
  "text" : "For and in consideration of the sum of Three Hundred Eighty Thousand Dollars ($380,000.00), cash in hand paid, and other good and valuable considerations, the receipt of which is hereby acknowledged, HELEN H. POWERS, SUCCESSOR TRUSTEE of THE JAMES MORRIS POWERS, SR, REVOCABLE LIVING TRUST, DATED JULY 17, 1998 (???Grantor???), this date has bargained and sold, and by these presents does transfer and convey unto JOHN T. STEINHOUSE and wife, WENDY STEINHOUSE (???Grantees???), their heirs and assigns, a certain tract or parcel of land in the First Civil District of Humphreys County, Tennessee, and being more particularly described as follows",
  "docLength" : 0,
  "language" : "EN",
  "status" : "SUBMITTED",
  "modifiedDate" : 1554347565042,
  "documentSet" : [ ],
  "preannotation" : [ ],
  "sentences" : [ {
    "id" : "s0",
    "begin" : 0,
    "end" : 323,
    "text" : "For and in consideration of the sum of Three Hundred Eighty Thousand Dollars ($380,000.00), cash in hand paid, and other good and valuable considerations, the receipt of which is hereby acknowledged, HELEN H. POWERS, SUCCESSOR TRUSTEE of THE JAMES MORRIS POWERS, SR, REVOCABLE LIVING TRUST, DATED JULY 17, 1998 (???Grantor?",
    "tokens" : [ {
      "id" : "s0-t0",
      "begin" : 0,
      "end" : 3,
      "text" : "For",
      "whiteSpace" : false
    }, {
      "id" : "s0-t1",
      "begin" : 4,
      "end" : 7,
      "text" : "and",
      "whiteSpace" : false
    }, {
      "id" : "s0-t2",
      "begin" : 8,
      "end" : 10,
      "text" : "in",
      "whiteSpace" : false
    }, {
      "id" : "s0-t3",
      "begin" : 11,
      "end" : 24,
      "text" : "consideration",
      "whiteSpace" : false
    }, {
      "id" : "s0-t4",
      "begin" : 25,
      "end" : 27,
      "text" : "of",
      "whiteSpace" : false
    }, {
      "id" : "s0-t5",
      "begin" : 28,
      "end" : 31,
      "text" : "the",
      "whiteSpace" : false
    }, {
      "id" : "s0-t6",
      "begin" : 32,
      "end" : 35,
      "text" : "sum",
      "whiteSpace" : false
    }, {
      "id" : "s0-t7",
      "begin" : 36,
      "end" : 38,
      "text" : "of",
      "whiteSpace" : false
    }, {
      "id" : "s0-t8",
      "begin" : 39,
      "end" : 44,
      "text" : "Three",
      "whiteSpace" : false
    }, {
      "id" : "s0-t9",
      "begin" : 45,
      "end" : 52,
      "text" : "Hundred",
      "whiteSpace" : false
    }, {
      "id" : "s0-t10",
      "begin" : 53,
      "end" : 59,
      "text" : "Eighty",
      "whiteSpace" : false
    }, {
      "id" : "s0-t11",
      "begin" : 60,
      "end" : 68,
      "text" : "Thousand",
      "whiteSpace" : false
    }, {
      "id" : "s0-t12",
      "begin" : 69,
      "end" : 76,
      "text" : "Dollars",
      "whiteSpace" : false
    }, {
      "id" : "s0-t13",
      "begin" : 77,
      "end" : 78,
      "text" : "(",
      "whiteSpace" : false
    }, {
      "id" : "s0-t14",
      "begin" : 78,
      "end" : 79,
      "text" : "$",
      "whiteSpace" : false
    }, {
      "id" : "s0-t15",
      "begin" : 79,
      "end" : 89,
      "text" : "380,000.00",
      "whiteSpace" : false
    }, {
      "id" : "s0-t16",
      "begin" : 89,
      "end" : 90,
      "text" : ")",
      "whiteSpace" : false
    }, {
      "id" : "s0-t17",
      "begin" : 90,
      "end" : 91,
      "text" : ",",
      "whiteSpace" : false
    }, {
      "id" : "s0-t18",
      "begin" : 92,
      "end" : 96,
      "text" : "cash",
      "whiteSpace" : false
    }, {
      "id" : "s0-t19",
      "begin" : 97,
      "end" : 99,
      "text" : "in",
      "whiteSpace" : false
    }, {
      "id" : "s0-t20",
      "begin" : 100,
      "end" : 104,
      "text" : "hand",
      "whiteSpace" : false
    }, {
      "id" : "s0-t21",
      "begin" : 105,
      "end" : 109,
      "text" : "paid",
      "whiteSpace" : false
    }, {
      "id" : "s0-t22",
      "begin" : 109,
      "end" : 110,
      "text" : ",",
      "whiteSpace" : false
    }, {
      "id" : "s0-t23",
      "begin" : 111,
      "end" : 114,
      "text" : "and",
      "whiteSpace" : false
    }, {
      "id" : "s0-t24",
      "begin" : 115,
      "end" : 120,
      "text" : "other",
      "whiteSpace" : false
    }, {
      "id" : "s0-t25",
      "begin" : 121,
      "end" : 125,
      "text" : "good",
      "whiteSpace" : false
    }, {
      "id" : "s0-t26",
      "begin" : 126,
      "end" : 129,
      "text" : "and",
      "whiteSpace" : false
    }, {
      "id" : "s0-t27",
      "begin" : 130,
      "end" : 138,
      "text" : "valuable",
      "whiteSpace" : false
    }, {
      "id" : "s0-t28",
      "begin" : 139,
      "end" : 153,
      "text" : "considerations",
      "whiteSpace" : false
    }, {
      "id" : "s0-t29",
      "begin" : 153,
      "end" : 154,
      "text" : ",",
      "whiteSpace" : false
    }, {
      "id" : "s0-t30",
      "begin" : 155,
      "end" : 158,
      "text" : "the",
      "whiteSpace" : false
    }, {
      "id" : "s0-t31",
      "begin" : 159,
      "end" : 166,
      "text" : "receipt",
      "whiteSpace" : false
    }, {
      "id" : "s0-t32",
      "begin" : 167,
      "end" : 169,
      "text" : "of",
      "whiteSpace" : false
    }, {
      "id" : "s0-t33",
      "begin" : 170,
      "end" : 175,
      "text" : "which",
      "whiteSpace" : false
    }, {
      "id" : "s0-t34",
      "begin" : 176,
      "end" : 178,
      "text" : "is",
      "whiteSpace" : false
    }, {
      "id" : "s0-t35",
      "begin" : 179,
      "end" : 185,
      "text" : "hereby",
      "whiteSpace" : false
    }, {
      "id" : "s0-t36",
      "begin" : 186,
      "end" : 198,
      "text" : "acknowledged",
      "whiteSpace" : false
    }, {
      "id" : "s0-t37",
      "begin" : 198,
      "end" : 199,
      "text" : ",",
      "whiteSpace" : false
    }, {
      "id" : "s0-t38",
      "begin" : 200,
      "end" : 205,
      "text" : "HELEN",
      "whiteSpace" : false
    }, {
      "id" : "s0-t39",
      "begin" : 206,
      "end" : 208,
      "text" : "H.",
      "whiteSpace" : false
    }, {
      "id" : "s0-t40",
      "begin" : 209,
      "end" : 215,
      "text" : "POWERS",
      "whiteSpace" : false
    }, {
      "id" : "s0-t41",
      "begin" : 215,
      "end" : 216,
      "text" : ",",
      "whiteSpace" : false
    }, {
      "id" : "s0-t42",
      "begin" : 217,
      "end" : 226,
      "text" : "SUCCESSOR",
      "whiteSpace" : false
    }, {
      "id" : "s0-t43",
      "begin" : 227,
      "end" : 234,
      "text" : "TRUSTEE",
      "whiteSpace" : false
    }, {
      "id" : "s0-t44",
      "begin" : 235,
      "end" : 237,
      "text" : "of",
      "whiteSpace" : false
    }, {
      "id" : "s0-t45",
      "begin" : 238,
      "end" : 241,
      "text" : "THE",
      "whiteSpace" : false
    }, {
      "id" : "s0-t46",
      "begin" : 242,
      "end" : 247,
      "text" : "JAMES",
      "whiteSpace" : false
    }, {
      "id" : "s0-t47",
      "begin" : 248,
      "end" : 254,
      "text" : "MORRIS",
      "whiteSpace" : false
    }, {
      "id" : "s0-t48",
      "begin" : 255,
      "end" : 261,
      "text" : "POWERS",
      "whiteSpace" : false
    }, {
      "id" : "s0-t49",
      "begin" : 261,
      "end" : 262,
      "text" : ",",
      "whiteSpace" : false
    }, {
      "id" : "s0-t50",
      "begin" : 263,
      "end" : 265,
      "text" : "SR",
      "whiteSpace" : false
    }, {
      "id" : "s0-t51",
      "begin" : 265,
      "end" : 266,
      "text" : ",",
      "whiteSpace" : false
    }, {
      "id" : "s0-t52",
      "begin" : 267,
      "end" : 276,
      "text" : "REVOCABLE",
      "whiteSpace" : false
    }, {
      "id" : "s0-t53",
      "begin" : 277,
      "end" : 283,
      "text" : "LIVING",
      "whiteSpace" : false
    }, {
      "id" : "s0-t54",
      "begin" : 284,
      "end" : 289,
      "text" : "TRUST",
      "whiteSpace" : false
    }, {
      "id" : "s0-t55",
      "begin" : 289,
      "end" : 290,
      "text" : ",",
      "whiteSpace" : false
    }, {
      "id" : "s0-t56",
      "begin" : 291,
      "end" : 296,
      "text" : "DATED",
      "whiteSpace" : false
    }, {
      "id" : "s0-t57",
      "begin" : 297,
      "end" : 301,
      "text" : "JULY",
      "whiteSpace" : false
    }, {
      "id" : "s0-t58",
      "begin" : 302,
      "end" : 304,
      "text" : "17",
      "whiteSpace" : false
    }, {
      "id" : "s0-t59",
      "begin" : 304,
      "end" : 305,
      "text" : ",",
      "whiteSpace" : false
    }, {
      "id" : "s0-t60",
      "begin" : 306,
      "end" : 310,
      "text" : "1998",
      "whiteSpace" : false
    }, {
      "id" : "s0-t61",
      "begin" : 311,
      "end" : 312,
      "text" : "(",
      "whiteSpace" : false
    }, {
      "id" : "s0-t62",
      "begin" : 312,
      "end" : 322,
      "text" : "???Grantor",
      "whiteSpace" : false
    }, {
      "id" : "s0-t63",
      "begin" : 322,
      "end" : 323,
      "text" : "?",
      "whiteSpace" : false
    } ]
  }, {
    "id" : "s1",
    "begin" : 323,
    "end" : 473,
    "text" : "??), this date has bargained and sold, and by these presents does transfer and convey unto JOHN T. STEINHOUSE and wife, WENDY STEINHOUSE (???Grantees?",
    "tokens" : [ {
      "id" : "s1-t0",
      "begin" : 323,
      "end" : 325,
      "text" : "??",
      "whiteSpace" : false
    }, {
      "id" : "s1-t1",
      "begin" : 325,
      "end" : 326,
      "text" : ")",
      "whiteSpace" : false
    }, {
      "id" : "s1-t2",
      "begin" : 326,
      "end" : 327,
      "text" : ",",
      "whiteSpace" : false
    }, {
      "id" : "s1-t3",
      "begin" : 328,
      "end" : 332,
      "text" : "this",
      "whiteSpace" : false
    }, {
      "id" : "s1-t4",
      "begin" : 333,
      "end" : 337,
      "text" : "date",
      "whiteSpace" : false
    }, {
      "id" : "s1-t5",
      "begin" : 338,
      "end" : 341,
      "text" : "has",
      "whiteSpace" : false
    }, {
      "id" : "s1-t6",
      "begin" : 342,
      "end" : 351,
      "text" : "bargained",
      "whiteSpace" : false
    }, {
      "id" : "s1-t7",
      "begin" : 352,
      "end" : 355,
      "text" : "and",
      "whiteSpace" : false
    }, {
      "id" : "s1-t8",
      "begin" : 356,
      "end" : 360,
      "text" : "sold",
      "whiteSpace" : false
    }, {
      "id" : "s1-t9",
      "begin" : 360,
      "end" : 361,
      "text" : ",",
      "whiteSpace" : false
    }, {
      "id" : "s1-t10",
      "begin" : 362,
      "end" : 365,
      "text" : "and",
      "whiteSpace" : false
    }, {
      "id" : "s1-t11",
      "begin" : 366,
      "end" : 368,
      "text" : "by",
      "whiteSpace" : false
    }, {
      "id" : "s1-t12",
      "begin" : 369,
      "end" : 374,
      "text" : "these",
      "whiteSpace" : false
    }, {
      "id" : "s1-t13",
      "begin" : 375,
      "end" : 383,
      "text" : "presents",
      "whiteSpace" : false
    }, {
      "id" : "s1-t14",
      "begin" : 384,
      "end" : 388,
      "text" : "does",
      "whiteSpace" : false
    }, {
      "id" : "s1-t15",
      "begin" : 389,
      "end" : 397,
      "text" : "transfer",
      "whiteSpace" : false
    }, {
      "id" : "s1-t16",
      "begin" : 398,
      "end" : 401,
      "text" : "and",
      "whiteSpace" : false
    }, {
      "id" : "s1-t17",
      "begin" : 402,
      "end" : 408,
      "text" : "convey",
      "whiteSpace" : false
    }, {
      "id" : "s1-t18",
      "begin" : 409,
      "end" : 413,
      "text" : "unto",
      "whiteSpace" : false
    }, {
      "id" : "s1-t19",
      "begin" : 414,
      "end" : 418,
      "text" : "JOHN",
      "whiteSpace" : false
    }, {
      "id" : "s1-t20",
      "begin" : 419,
      "end" : 421,
      "text" : "T.",
      "whiteSpace" : false
    }, {
      "id" : "s1-t21",
      "begin" : 422,
      "end" : 432,
      "text" : "STEINHOUSE",
      "whiteSpace" : false
    }, {
      "id" : "s1-t22",
      "begin" : 433,
      "end" : 436,
      "text" : "and",
      "whiteSpace" : false
    }, {
      "id" : "s1-t23",
      "begin" : 437,
      "end" : 441,
      "text" : "wife",
      "whiteSpace" : false
    }, {
      "id" : "s1-t24",
      "begin" : 441,
      "end" : 442,
      "text" : ",",
      "whiteSpace" : false
    }, {
      "id" : "s1-t25",
      "begin" : 443,
      "end" : 448,
      "text" : "WENDY",
      "whiteSpace" : false
    }, {
      "id" : "s1-t26",
      "begin" : 449,
      "end" : 459,
      "text" : "STEINHOUSE",
      "whiteSpace" : false
    }, {
      "id" : "s1-t27",
      "begin" : 460,
      "end" : 461,
      "text" : "(",
      "whiteSpace" : false
    }, {
      "id" : "s1-t28",
      "begin" : 461,
      "end" : 472,
      "text" : "???Grantees",
      "whiteSpace" : false
    }, {
      "id" : "s1-t29",
      "begin" : 472,
      "end" : 473,
      "text" : "?",
      "whiteSpace" : false
    } ]
  }, {
    "id" : "s2",
    "begin" : 473,
    "end" : 645,
    "text" : "??), their heirs and assigns, a certain tract or parcel of land in the First Civil District of Humphreys County, Tennessee, and being more particularly described as follows",
    "tokens" : [ {
      "id" : "s2-t0",
      "begin" : 473,
      "end" : 475,
      "text" : "??",
      "whiteSpace" : false
    }, {
      "id" : "s2-t1",
      "begin" : 475,
      "end" : 476,
      "text" : ")",
      "whiteSpace" : false
    }, {
      "id" : "s2-t2",
      "begin" : 476,
      "end" : 477,
      "text" : ",",
      "whiteSpace" : false
    }, {
      "id" : "s2-t3",
      "begin" : 478,
      "end" : 483,
      "text" : "their",
      "whiteSpace" : false
    }, {
      "id" : "s2-t4",
      "begin" : 484,
      "end" : 489,
      "text" : "heirs",
      "whiteSpace" : false
    }, {
      "id" : "s2-t5",
      "begin" : 490,
      "end" : 493,
      "text" : "and",
      "whiteSpace" : false
    }, {
      "id" : "s2-t6",
      "begin" : 494,
      "end" : 501,
      "text" : "assigns",
      "whiteSpace" : false
    }, {
      "id" : "s2-t7",
      "begin" : 501,
      "end" : 502,
      "text" : ",",
      "whiteSpace" : false
    }, {
      "id" : "s2-t8",
      "begin" : 503,
      "end" : 504,
      "text" : "a",
      "whiteSpace" : false
    }, {
      "id" : "s2-t9",
      "begin" : 505,
      "end" : 512,
      "text" : "certain",
      "whiteSpace" : false
    }, {
      "id" : "s2-t10",
      "begin" : 513,
      "end" : 518,
      "text" : "tract",
      "whiteSpace" : false
    }, {
      "id" : "s2-t11",
      "begin" : 519,
      "end" : 521,
      "text" : "or",
      "whiteSpace" : false
    }, {
      "id" : "s2-t12",
      "begin" : 522,
      "end" : 528,
      "text" : "parcel",
      "whiteSpace" : false
    }, {
      "id" : "s2-t13",
      "begin" : 529,
      "end" : 531,
      "text" : "of",
      "whiteSpace" : false
    }, {
      "id" : "s2-t14",
      "begin" : 532,
      "end" : 536,
      "text" : "land",
      "whiteSpace" : false
    }, {
      "id" : "s2-t15",
      "begin" : 537,
      "end" : 539,
      "text" : "in",
      "whiteSpace" : false
    }, {
      "id" : "s2-t16",
      "begin" : 540,
      "end" : 543,
      "text" : "the",
      "whiteSpace" : false
    }, {
      "id" : "s2-t17",
      "begin" : 544,
      "end" : 549,
      "text" : "First",
      "whiteSpace" : false
    }, {
      "id" : "s2-t18",
      "begin" : 550,
      "end" : 555,
      "text" : "Civil",
      "whiteSpace" : false
    }, {
      "id" : "s2-t19",
      "begin" : 556,
      "end" : 564,
      "text" : "District",
      "whiteSpace" : false
    }, {
      "id" : "s2-t20",
      "begin" : 565,
      "end" : 567,
      "text" : "of",
      "whiteSpace" : false
    }, {
      "id" : "s2-t21",
      "begin" : 568,
      "end" : 577,
      "text" : "Humphreys",
      "whiteSpace" : false
    }, {
      "id" : "s2-t22",
      "begin" : 578,
      "end" : 584,
      "text" : "County",
      "whiteSpace" : false
    }, {
      "id" : "s2-t23",
      "begin" : 584,
      "end" : 585,
      "text" : ",",
      "whiteSpace" : false
    }, {
      "id" : "s2-t24",
      "begin" : 586,
      "end" : 595,
      "text" : "Tennessee",
      "whiteSpace" : false
    }, {
      "id" : "s2-t25",
      "begin" : 595,
      "end" : 596,
      "text" : ",",
      "whiteSpace" : false
    }, {
      "id" : "s2-t26",
      "begin" : 597,
      "end" : 600,
      "text" : "and",
      "whiteSpace" : false
    }, {
      "id" : "s2-t27",
      "begin" : 601,
      "end" : 606,
      "text" : "being",
      "whiteSpace" : false
    }, {
      "id" : "s2-t28",
      "begin" : 607,
      "end" : 611,
      "text" : "more",
      "whiteSpace" : false
    }, {
      "id" : "s2-t29",
      "begin" : 612,
      "end" : 624,
      "text" : "particularly",
      "whiteSpace" : false
    }, {
      "id" : "s2-t30",
      "begin" : 625,
      "end" : 634,
      "text" : "described",
      "whiteSpace" : false
    }, {
      "id" : "s2-t31",
      "begin" : 635,
      "end" : 637,
      "text" : "as",
      "whiteSpace" : false
    }, {
      "id" : "s2-t32",
      "begin" : 638,
      "end" : 645,
      "text" : "follows",
      "whiteSpace" : false
    } ]
  } ],
  "mentions" : [ {
    "id" : "s0-m1",
    "properties" : {
      "SIRE_MENTION_ROLE" : "Grantor",
      "SIRE_ENTITY_SUBTYPE" : "NONE",
      "SIRE_MENTION_TYPE" : "NONE",
      "SIRE_MENTION_CLASS" : "SPC"
    },
    "type" : "Grantor",
    "begin" : 200,
    "end" : 289,
    "inCoref" : false
  }, {
    "id" : "s1-m1",
    "properties" : {
      "SIRE_MENTION_ROLE" : "Grantee",
      "SIRE_ENTITY_SUBTYPE" : "NONE",
      "SIRE_MENTION_TYPE" : "NONE",
      "SIRE_MENTION_CLASS" : "SPC"
    },
    "type" : "Grantee",
    "begin" : 414,
    "end" : 432,
    "inCoref" : false
  }, {
    "id" : "s1-m3",
    "properties" : {
      "SIRE_MENTION_ROLE" : "Grantee",
      "SIRE_ENTITY_SUBTYPE" : "NONE",
      "SIRE_MENTION_TYPE" : "NONE",
      "SIRE_MENTION_CLASS" : "SPC"
    },
    "type" : "Grantee",
    "begin" : 443,
    "end" : 459,
    "inCoref" : false
  } ],
  "relations" : [ ],
  "corefs" : [ ],
  "typeResolved" : true,
  "userResolved" : false
}