{
  "id" : "6ce600d0-5686-11e9-84a6-df86f9fa5a66-15",
  "name" : "WD1-31_2.txt",
  "createdDate" : 0,
  "version" : 3,
  "text" : "FOR AND IN CONSIDERA TION of the sum of Twenty Eight Thousand Five Hundred and N0/100 ($28,500.00) Dollars, cash in hand by WARREN E. GAGNER, JR., ETUX, CYNTHIA J. GAGNER, and other good and valuable considerations, the receipt and suf???ciency of all of which are hereby acknowledged, we, ARTHUR C. BEARD, ETUX, BONNIE L. BEARD, have bargained and sold and by these presents does transfer and convey unto WARREN E. GAGNER, JR., ETUX, CYNTHIA J. GAGNER, their heirs and assigns, a certain tract or parcel of land in the First Civil District of Humphreys County, Tennessee, as follows",
  "docLength" : 0,
  "language" : "EN",
  "status" : "SUBMITTED",
  "modifiedDate" : 1554347516511,
  "documentSet" : [ ],
  "preannotation" : [ ],
  "sentences" : [ {
    "id" : "s0",
    "begin" : 0,
    "end" : 236,
    "text" : "FOR AND IN CONSIDERA TION of the sum of Twenty Eight Thousand Five Hundred and N0/100 ($28,500.00) Dollars, cash in hand by WARREN E. GAGNER, JR., ETUX, CYNTHIA J. GAGNER, and other good and valuable considerations, the receipt and suf?",
    "tokens" : [ {
      "id" : "s0-t0",
      "begin" : 0,
      "end" : 3,
      "text" : "FOR",
      "whiteSpace" : false
    }, {
      "id" : "s0-t1",
      "begin" : 4,
      "end" : 7,
      "text" : "AND",
      "whiteSpace" : false
    }, {
      "id" : "s0-t2",
      "begin" : 8,
      "end" : 10,
      "text" : "IN",
      "whiteSpace" : false
    }, {
      "id" : "s0-t3",
      "begin" : 11,
      "end" : 20,
      "text" : "CONSIDERA",
      "whiteSpace" : false
    }, {
      "id" : "s0-t4",
      "begin" : 21,
      "end" : 25,
      "text" : "TION",
      "whiteSpace" : false
    }, {
      "id" : "s0-t5",
      "begin" : 26,
      "end" : 28,
      "text" : "of",
      "whiteSpace" : false
    }, {
      "id" : "s0-t6",
      "begin" : 29,
      "end" : 32,
      "text" : "the",
      "whiteSpace" : false
    }, {
      "id" : "s0-t7",
      "begin" : 33,
      "end" : 36,
      "text" : "sum",
      "whiteSpace" : false
    }, {
      "id" : "s0-t8",
      "begin" : 37,
      "end" : 39,
      "text" : "of",
      "whiteSpace" : false
    }, {
      "id" : "s0-t9",
      "begin" : 40,
      "end" : 46,
      "text" : "Twenty",
      "whiteSpace" : false
    }, {
      "id" : "s0-t10",
      "begin" : 47,
      "end" : 52,
      "text" : "Eight",
      "whiteSpace" : false
    }, {
      "id" : "s0-t11",
      "begin" : 53,
      "end" : 61,
      "text" : "Thousand",
      "whiteSpace" : false
    }, {
      "id" : "s0-t12",
      "begin" : 62,
      "end" : 66,
      "text" : "Five",
      "whiteSpace" : false
    }, {
      "id" : "s0-t13",
      "begin" : 67,
      "end" : 74,
      "text" : "Hundred",
      "whiteSpace" : false
    }, {
      "id" : "s0-t14",
      "begin" : 75,
      "end" : 78,
      "text" : "and",
      "whiteSpace" : false
    }, {
      "id" : "s0-t15",
      "begin" : 79,
      "end" : 85,
      "text" : "N0/100",
      "whiteSpace" : false
    }, {
      "id" : "s0-t16",
      "begin" : 86,
      "end" : 87,
      "text" : "(",
      "whiteSpace" : false
    }, {
      "id" : "s0-t17",
      "begin" : 87,
      "end" : 88,
      "text" : "$",
      "whiteSpace" : false
    }, {
      "id" : "s0-t18",
      "begin" : 88,
      "end" : 97,
      "text" : "28,500.00",
      "whiteSpace" : false
    }, {
      "id" : "s0-t19",
      "begin" : 97,
      "end" : 98,
      "text" : ")",
      "whiteSpace" : false
    }, {
      "id" : "s0-t20",
      "begin" : 99,
      "end" : 106,
      "text" : "Dollars",
      "whiteSpace" : false
    }, {
      "id" : "s0-t21",
      "begin" : 106,
      "end" : 107,
      "text" : ",",
      "whiteSpace" : false
    }, {
      "id" : "s0-t22",
      "begin" : 108,
      "end" : 112,
      "text" : "cash",
      "whiteSpace" : false
    }, {
      "id" : "s0-t23",
      "begin" : 113,
      "end" : 115,
      "text" : "in",
      "whiteSpace" : false
    }, {
      "id" : "s0-t24",
      "begin" : 116,
      "end" : 120,
      "text" : "hand",
      "whiteSpace" : false
    }, {
      "id" : "s0-t25",
      "begin" : 121,
      "end" : 123,
      "text" : "by",
      "whiteSpace" : false
    }, {
      "id" : "s0-t26",
      "begin" : 124,
      "end" : 130,
      "text" : "WARREN",
      "whiteSpace" : false
    }, {
      "id" : "s0-t27",
      "begin" : 131,
      "end" : 133,
      "text" : "E.",
      "whiteSpace" : false
    }, {
      "id" : "s0-t28",
      "begin" : 134,
      "end" : 140,
      "text" : "GAGNER",
      "whiteSpace" : false
    }, {
      "id" : "s0-t29",
      "begin" : 140,
      "end" : 141,
      "text" : ",",
      "whiteSpace" : false
    }, {
      "id" : "s0-t30",
      "begin" : 142,
      "end" : 145,
      "text" : "JR.",
      "whiteSpace" : false
    }, {
      "id" : "s0-t31",
      "begin" : 145,
      "end" : 146,
      "text" : ",",
      "whiteSpace" : false
    }, {
      "id" : "s0-t32",
      "begin" : 147,
      "end" : 151,
      "text" : "ETUX",
      "whiteSpace" : false
    }, {
      "id" : "s0-t33",
      "begin" : 151,
      "end" : 152,
      "text" : ",",
      "whiteSpace" : false
    }, {
      "id" : "s0-t34",
      "begin" : 153,
      "end" : 160,
      "text" : "CYNTHIA",
      "whiteSpace" : false
    }, {
      "id" : "s0-t35",
      "begin" : 161,
      "end" : 163,
      "text" : "J.",
      "whiteSpace" : false
    }, {
      "id" : "s0-t36",
      "begin" : 164,
      "end" : 170,
      "text" : "GAGNER",
      "whiteSpace" : false
    }, {
      "id" : "s0-t37",
      "begin" : 170,
      "end" : 171,
      "text" : ",",
      "whiteSpace" : false
    }, {
      "id" : "s0-t38",
      "begin" : 172,
      "end" : 175,
      "text" : "and",
      "whiteSpace" : false
    }, {
      "id" : "s0-t39",
      "begin" : 176,
      "end" : 181,
      "text" : "other",
      "whiteSpace" : false
    }, {
      "id" : "s0-t40",
      "begin" : 182,
      "end" : 186,
      "text" : "good",
      "whiteSpace" : false
    }, {
      "id" : "s0-t41",
      "begin" : 187,
      "end" : 190,
      "text" : "and",
      "whiteSpace" : false
    }, {
      "id" : "s0-t42",
      "begin" : 191,
      "end" : 199,
      "text" : "valuable",
      "whiteSpace" : false
    }, {
      "id" : "s0-t43",
      "begin" : 200,
      "end" : 214,
      "text" : "considerations",
      "whiteSpace" : false
    }, {
      "id" : "s0-t44",
      "begin" : 214,
      "end" : 215,
      "text" : ",",
      "whiteSpace" : false
    }, {
      "id" : "s0-t45",
      "begin" : 216,
      "end" : 219,
      "text" : "the",
      "whiteSpace" : false
    }, {
      "id" : "s0-t46",
      "begin" : 220,
      "end" : 227,
      "text" : "receipt",
      "whiteSpace" : false
    }, {
      "id" : "s0-t47",
      "begin" : 228,
      "end" : 231,
      "text" : "and",
      "whiteSpace" : false
    }, {
      "id" : "s0-t48",
      "begin" : 232,
      "end" : 235,
      "text" : "suf",
      "whiteSpace" : false
    }, {
      "id" : "s0-t49",
      "begin" : 235,
      "end" : 236,
      "text" : "?",
      "whiteSpace" : false
    } ]
  }, {
    "id" : "s1",
    "begin" : 236,
    "end" : 583,
    "text" : "??ciency of all of which are hereby acknowledged, we, ARTHUR C. BEARD, ETUX, BONNIE L. BEARD, have bargained and sold and by these presents does transfer and convey unto WARREN E. GAGNER, JR., ETUX, CYNTHIA J. GAGNER, their heirs and assigns, a certain tract or parcel of land in the First Civil District of Humphreys County, Tennessee, as follows",
    "tokens" : [ {
      "id" : "s1-t0",
      "begin" : 236,
      "end" : 244,
      "text" : "??ciency",
      "whiteSpace" : false
    }, {
      "id" : "s1-t1",
      "begin" : 245,
      "end" : 247,
      "text" : "of",
      "whiteSpace" : false
    }, {
      "id" : "s1-t2",
      "begin" : 248,
      "end" : 251,
      "text" : "all",
      "whiteSpace" : false
    }, {
      "id" : "s1-t3",
      "begin" : 252,
      "end" : 254,
      "text" : "of",
      "whiteSpace" : false
    }, {
      "id" : "s1-t4",
      "begin" : 255,
      "end" : 260,
      "text" : "which",
      "whiteSpace" : false
    }, {
      "id" : "s1-t5",
      "begin" : 261,
      "end" : 264,
      "text" : "are",
      "whiteSpace" : false
    }, {
      "id" : "s1-t6",
      "begin" : 265,
      "end" : 271,
      "text" : "hereby",
      "whiteSpace" : false
    }, {
      "id" : "s1-t7",
      "begin" : 272,
      "end" : 284,
      "text" : "acknowledged",
      "whiteSpace" : false
    }, {
      "id" : "s1-t8",
      "begin" : 284,
      "end" : 285,
      "text" : ",",
      "whiteSpace" : false
    }, {
      "id" : "s1-t9",
      "begin" : 286,
      "end" : 288,
      "text" : "we",
      "whiteSpace" : false
    }, {
      "id" : "s1-t10",
      "begin" : 288,
      "end" : 289,
      "text" : ",",
      "whiteSpace" : false
    }, {
      "id" : "s1-t11",
      "begin" : 290,
      "end" : 296,
      "text" : "ARTHUR",
      "whiteSpace" : false
    }, {
      "id" : "s1-t12",
      "begin" : 297,
      "end" : 299,
      "text" : "C.",
      "whiteSpace" : false
    }, {
      "id" : "s1-t13",
      "begin" : 300,
      "end" : 305,
      "text" : "BEARD",
      "whiteSpace" : false
    }, {
      "id" : "s1-t14",
      "begin" : 305,
      "end" : 306,
      "text" : ",",
      "whiteSpace" : false
    }, {
      "id" : "s1-t15",
      "begin" : 307,
      "end" : 311,
      "text" : "ETUX",
      "whiteSpace" : false
    }, {
      "id" : "s1-t16",
      "begin" : 311,
      "end" : 312,
      "text" : ",",
      "whiteSpace" : false
    }, {
      "id" : "s1-t17",
      "begin" : 313,
      "end" : 319,
      "text" : "BONNIE",
      "whiteSpace" : false
    }, {
      "id" : "s1-t18",
      "begin" : 320,
      "end" : 322,
      "text" : "L.",
      "whiteSpace" : false
    }, {
      "id" : "s1-t19",
      "begin" : 323,
      "end" : 328,
      "text" : "BEARD",
      "whiteSpace" : false
    }, {
      "id" : "s1-t20",
      "begin" : 328,
      "end" : 329,
      "text" : ",",
      "whiteSpace" : false
    }, {
      "id" : "s1-t21",
      "begin" : 330,
      "end" : 334,
      "text" : "have",
      "whiteSpace" : false
    }, {
      "id" : "s1-t22",
      "begin" : 335,
      "end" : 344,
      "text" : "bargained",
      "whiteSpace" : false
    }, {
      "id" : "s1-t23",
      "begin" : 345,
      "end" : 348,
      "text" : "and",
      "whiteSpace" : false
    }, {
      "id" : "s1-t24",
      "begin" : 349,
      "end" : 353,
      "text" : "sold",
      "whiteSpace" : false
    }, {
      "id" : "s1-t25",
      "begin" : 354,
      "end" : 357,
      "text" : "and",
      "whiteSpace" : false
    }, {
      "id" : "s1-t26",
      "begin" : 358,
      "end" : 360,
      "text" : "by",
      "whiteSpace" : false
    }, {
      "id" : "s1-t27",
      "begin" : 361,
      "end" : 366,
      "text" : "these",
      "whiteSpace" : false
    }, {
      "id" : "s1-t28",
      "begin" : 367,
      "end" : 375,
      "text" : "presents",
      "whiteSpace" : false
    }, {
      "id" : "s1-t29",
      "begin" : 376,
      "end" : 380,
      "text" : "does",
      "whiteSpace" : false
    }, {
      "id" : "s1-t30",
      "begin" : 381,
      "end" : 389,
      "text" : "transfer",
      "whiteSpace" : false
    }, {
      "id" : "s1-t31",
      "begin" : 390,
      "end" : 393,
      "text" : "and",
      "whiteSpace" : false
    }, {
      "id" : "s1-t32",
      "begin" : 394,
      "end" : 400,
      "text" : "convey",
      "whiteSpace" : false
    }, {
      "id" : "s1-t33",
      "begin" : 401,
      "end" : 405,
      "text" : "unto",
      "whiteSpace" : false
    }, {
      "id" : "s1-t34",
      "begin" : 406,
      "end" : 412,
      "text" : "WARREN",
      "whiteSpace" : false
    }, {
      "id" : "s1-t35",
      "begin" : 413,
      "end" : 415,
      "text" : "E.",
      "whiteSpace" : false
    }, {
      "id" : "s1-t36",
      "begin" : 416,
      "end" : 422,
      "text" : "GAGNER",
      "whiteSpace" : false
    }, {
      "id" : "s1-t37",
      "begin" : 422,
      "end" : 423,
      "text" : ",",
      "whiteSpace" : false
    }, {
      "id" : "s1-t38",
      "begin" : 424,
      "end" : 427,
      "text" : "JR.",
      "whiteSpace" : false
    }, {
      "id" : "s1-t39",
      "begin" : 427,
      "end" : 428,
      "text" : ",",
      "whiteSpace" : false
    }, {
      "id" : "s1-t40",
      "begin" : 429,
      "end" : 433,
      "text" : "ETUX",
      "whiteSpace" : false
    }, {
      "id" : "s1-t41",
      "begin" : 433,
      "end" : 434,
      "text" : ",",
      "whiteSpace" : false
    }, {
      "id" : "s1-t42",
      "begin" : 435,
      "end" : 442,
      "text" : "CYNTHIA",
      "whiteSpace" : false
    }, {
      "id" : "s1-t43",
      "begin" : 443,
      "end" : 445,
      "text" : "J.",
      "whiteSpace" : false
    }, {
      "id" : "s1-t44",
      "begin" : 446,
      "end" : 452,
      "text" : "GAGNER",
      "whiteSpace" : false
    }, {
      "id" : "s1-t45",
      "begin" : 452,
      "end" : 453,
      "text" : ",",
      "whiteSpace" : false
    }, {
      "id" : "s1-t46",
      "begin" : 454,
      "end" : 459,
      "text" : "their",
      "whiteSpace" : false
    }, {
      "id" : "s1-t47",
      "begin" : 460,
      "end" : 465,
      "text" : "heirs",
      "whiteSpace" : false
    }, {
      "id" : "s1-t48",
      "begin" : 466,
      "end" : 469,
      "text" : "and",
      "whiteSpace" : false
    }, {
      "id" : "s1-t49",
      "begin" : 470,
      "end" : 477,
      "text" : "assigns",
      "whiteSpace" : false
    }, {
      "id" : "s1-t50",
      "begin" : 477,
      "end" : 478,
      "text" : ",",
      "whiteSpace" : false
    }, {
      "id" : "s1-t51",
      "begin" : 479,
      "end" : 480,
      "text" : "a",
      "whiteSpace" : false
    }, {
      "id" : "s1-t52",
      "begin" : 481,
      "end" : 488,
      "text" : "certain",
      "whiteSpace" : false
    }, {
      "id" : "s1-t53",
      "begin" : 489,
      "end" : 494,
      "text" : "tract",
      "whiteSpace" : false
    }, {
      "id" : "s1-t54",
      "begin" : 495,
      "end" : 497,
      "text" : "or",
      "whiteSpace" : false
    }, {
      "id" : "s1-t55",
      "begin" : 498,
      "end" : 504,
      "text" : "parcel",
      "whiteSpace" : false
    }, {
      "id" : "s1-t56",
      "begin" : 505,
      "end" : 507,
      "text" : "of",
      "whiteSpace" : false
    }, {
      "id" : "s1-t57",
      "begin" : 508,
      "end" : 512,
      "text" : "land",
      "whiteSpace" : false
    }, {
      "id" : "s1-t58",
      "begin" : 513,
      "end" : 515,
      "text" : "in",
      "whiteSpace" : false
    }, {
      "id" : "s1-t59",
      "begin" : 516,
      "end" : 519,
      "text" : "the",
      "whiteSpace" : false
    }, {
      "id" : "s1-t60",
      "begin" : 520,
      "end" : 525,
      "text" : "First",
      "whiteSpace" : false
    }, {
      "id" : "s1-t61",
      "begin" : 526,
      "end" : 531,
      "text" : "Civil",
      "whiteSpace" : false
    }, {
      "id" : "s1-t62",
      "begin" : 532,
      "end" : 540,
      "text" : "District",
      "whiteSpace" : false
    }, {
      "id" : "s1-t63",
      "begin" : 541,
      "end" : 543,
      "text" : "of",
      "whiteSpace" : false
    }, {
      "id" : "s1-t64",
      "begin" : 544,
      "end" : 553,
      "text" : "Humphreys",
      "whiteSpace" : false
    }, {
      "id" : "s1-t65",
      "begin" : 554,
      "end" : 560,
      "text" : "County",
      "whiteSpace" : false
    }, {
      "id" : "s1-t66",
      "begin" : 560,
      "end" : 561,
      "text" : ",",
      "whiteSpace" : false
    }, {
      "id" : "s1-t67",
      "begin" : 562,
      "end" : 571,
      "text" : "Tennessee",
      "whiteSpace" : false
    }, {
      "id" : "s1-t68",
      "begin" : 571,
      "end" : 572,
      "text" : ",",
      "whiteSpace" : false
    }, {
      "id" : "s1-t69",
      "begin" : 573,
      "end" : 575,
      "text" : "as",
      "whiteSpace" : false
    }, {
      "id" : "s1-t70",
      "begin" : 576,
      "end" : 583,
      "text" : "follows",
      "whiteSpace" : false
    } ]
  } ],
  "mentions" : [ {
    "id" : "s0-m1",
    "properties" : {
      "SIRE_MENTION_ROLE" : "Grantee",
      "SIRE_ENTITY_SUBTYPE" : "NONE",
      "SIRE_MENTION_TYPE" : "NONE",
      "SIRE_MENTION_CLASS" : "SPC"
    },
    "type" : "Grantee",
    "begin" : 124,
    "end" : 145,
    "inCoref" : false
  }, {
    "id" : "s0-m3",
    "properties" : {
      "SIRE_MENTION_ROLE" : "Grantee",
      "SIRE_ENTITY_SUBTYPE" : "NONE",
      "SIRE_MENTION_TYPE" : "NONE",
      "SIRE_MENTION_CLASS" : "SPC"
    },
    "type" : "Grantee",
    "begin" : 153,
    "end" : 170,
    "inCoref" : false
  }, {
    "id" : "s1-m1",
    "properties" : {
      "SIRE_MENTION_ROLE" : "Grantor",
      "SIRE_ENTITY_SUBTYPE" : "NONE",
      "SIRE_MENTION_TYPE" : "NONE",
      "SIRE_MENTION_CLASS" : "SPC"
    },
    "type" : "Grantor",
    "begin" : 290,
    "end" : 305,
    "inCoref" : false
  }, {
    "id" : "s1-m2",
    "properties" : {
      "SIRE_MENTION_ROLE" : "Grantor",
      "SIRE_ENTITY_SUBTYPE" : "NONE",
      "SIRE_MENTION_TYPE" : "NONE",
      "SIRE_MENTION_CLASS" : "SPC"
    },
    "type" : "Grantor",
    "begin" : 307,
    "end" : 311,
    "inCoref" : false
  }, {
    "id" : "s1-m4",
    "properties" : {
      "SIRE_MENTION_ROLE" : "Grantor",
      "SIRE_ENTITY_SUBTYPE" : "NONE",
      "SIRE_MENTION_TYPE" : "NONE",
      "SIRE_MENTION_CLASS" : "SPC"
    },
    "type" : "Grantor",
    "begin" : 313,
    "end" : 328,
    "inCoref" : false
  }, {
    "id" : "s1-m8",
    "properties" : {
      "SIRE_MENTION_ROLE" : "Grantee",
      "SIRE_ENTITY_SUBTYPE" : "NONE",
      "SIRE_MENTION_TYPE" : "NONE",
      "SIRE_MENTION_CLASS" : "SPC"
    },
    "type" : "Grantee",
    "begin" : 406,
    "end" : 427,
    "inCoref" : false
  }, {
    "id" : "s1-m9",
    "properties" : {
      "SIRE_MENTION_ROLE" : "Grantee",
      "SIRE_ENTITY_SUBTYPE" : "NONE",
      "SIRE_MENTION_TYPE" : "NONE",
      "SIRE_MENTION_CLASS" : "SPC"
    },
    "type" : "Grantee",
    "begin" : 435,
    "end" : 452,
    "inCoref" : false
  } ],
  "relations" : [ ],
  "corefs" : [ ],
  "typeResolved" : true,
  "userResolved" : false
}