{
  "id" : "6ce600d0-5686-11e9-84a6-df86f9fa5a66-6",
  "name" : "WD1-30_3.txt",
  "createdDate" : 0,
  "version" : 3,
  "text" : "FOR AND IN CONSIDER/4 T/ON of the sum of Ten and No/iOO ($10.00) Dollars, cash in hand paid by TIMOTHY L. PATRICK and other good and valuable considerations, the receipt and sufficiency of all of which are hereby acknowledged, I, MARY FRANCES WILLIAMS, have bargained and sold and by these presents do transfer and convey unto TIMOTHY L. PATRICK, his heirs and assigns, a certain tract or parcel of land in the First Civil District of Humphreys County, Tennessee, as follows",
  "docLength" : 0,
  "language" : "EN",
  "status" : "SUBMITTED",
  "modifiedDate" : 1554347645217,
  "documentSet" : [ ],
  "preannotation" : [ ],
  "sentences" : [ {
    "id" : "s0",
    "begin" : 0,
    "end" : 474,
    "text" : "FOR AND IN CONSIDER/4 T/ON of the sum of Ten and No/iOO ($10.00) Dollars, cash in hand paid by TIMOTHY L. PATRICK and other good and valuable considerations, the receipt and sufficiency of all of which are hereby acknowledged, I, MARY FRANCES WILLIAMS, have bargained and sold and by these presents do transfer and convey unto TIMOTHY L. PATRICK, his heirs and assigns, a certain tract or parcel of land in the First Civil District of Humphreys County, Tennessee, as follows",
    "tokens" : [ {
      "id" : "s0-t0",
      "begin" : 0,
      "end" : 3,
      "text" : "FOR",
      "whiteSpace" : false
    }, {
      "id" : "s0-t1",
      "begin" : 4,
      "end" : 7,
      "text" : "AND",
      "whiteSpace" : false
    }, {
      "id" : "s0-t2",
      "begin" : 8,
      "end" : 10,
      "text" : "IN",
      "whiteSpace" : false
    }, {
      "id" : "s0-t3",
      "begin" : 11,
      "end" : 21,
      "text" : "CONSIDER/4",
      "whiteSpace" : false
    }, {
      "id" : "s0-t4",
      "begin" : 22,
      "end" : 26,
      "text" : "T/ON",
      "whiteSpace" : false
    }, {
      "id" : "s0-t5",
      "begin" : 27,
      "end" : 29,
      "text" : "of",
      "whiteSpace" : false
    }, {
      "id" : "s0-t6",
      "begin" : 30,
      "end" : 33,
      "text" : "the",
      "whiteSpace" : false
    }, {
      "id" : "s0-t7",
      "begin" : 34,
      "end" : 37,
      "text" : "sum",
      "whiteSpace" : false
    }, {
      "id" : "s0-t8",
      "begin" : 38,
      "end" : 40,
      "text" : "of",
      "whiteSpace" : false
    }, {
      "id" : "s0-t9",
      "begin" : 41,
      "end" : 44,
      "text" : "Ten",
      "whiteSpace" : false
    }, {
      "id" : "s0-t10",
      "begin" : 45,
      "end" : 48,
      "text" : "and",
      "whiteSpace" : false
    }, {
      "id" : "s0-t11",
      "begin" : 49,
      "end" : 55,
      "text" : "No/iOO",
      "whiteSpace" : false
    }, {
      "id" : "s0-t12",
      "begin" : 56,
      "end" : 57,
      "text" : "(",
      "whiteSpace" : false
    }, {
      "id" : "s0-t13",
      "begin" : 57,
      "end" : 58,
      "text" : "$",
      "whiteSpace" : false
    }, {
      "id" : "s0-t14",
      "begin" : 58,
      "end" : 63,
      "text" : "10.00",
      "whiteSpace" : false
    }, {
      "id" : "s0-t15",
      "begin" : 63,
      "end" : 64,
      "text" : ")",
      "whiteSpace" : false
    }, {
      "id" : "s0-t16",
      "begin" : 65,
      "end" : 72,
      "text" : "Dollars",
      "whiteSpace" : false
    }, {
      "id" : "s0-t17",
      "begin" : 72,
      "end" : 73,
      "text" : ",",
      "whiteSpace" : false
    }, {
      "id" : "s0-t18",
      "begin" : 74,
      "end" : 78,
      "text" : "cash",
      "whiteSpace" : false
    }, {
      "id" : "s0-t19",
      "begin" : 79,
      "end" : 81,
      "text" : "in",
      "whiteSpace" : false
    }, {
      "id" : "s0-t20",
      "begin" : 82,
      "end" : 86,
      "text" : "hand",
      "whiteSpace" : false
    }, {
      "id" : "s0-t21",
      "begin" : 87,
      "end" : 91,
      "text" : "paid",
      "whiteSpace" : false
    }, {
      "id" : "s0-t22",
      "begin" : 92,
      "end" : 94,
      "text" : "by",
      "whiteSpace" : false
    }, {
      "id" : "s0-t23",
      "begin" : 95,
      "end" : 102,
      "text" : "TIMOTHY",
      "whiteSpace" : false
    }, {
      "id" : "s0-t24",
      "begin" : 103,
      "end" : 105,
      "text" : "L.",
      "whiteSpace" : false
    }, {
      "id" : "s0-t25",
      "begin" : 106,
      "end" : 113,
      "text" : "PATRICK",
      "whiteSpace" : false
    }, {
      "id" : "s0-t26",
      "begin" : 114,
      "end" : 117,
      "text" : "and",
      "whiteSpace" : false
    }, {
      "id" : "s0-t27",
      "begin" : 118,
      "end" : 123,
      "text" : "other",
      "whiteSpace" : false
    }, {
      "id" : "s0-t28",
      "begin" : 124,
      "end" : 128,
      "text" : "good",
      "whiteSpace" : false
    }, {
      "id" : "s0-t29",
      "begin" : 129,
      "end" : 132,
      "text" : "and",
      "whiteSpace" : false
    }, {
      "id" : "s0-t30",
      "begin" : 133,
      "end" : 141,
      "text" : "valuable",
      "whiteSpace" : false
    }, {
      "id" : "s0-t31",
      "begin" : 142,
      "end" : 156,
      "text" : "considerations",
      "whiteSpace" : false
    }, {
      "id" : "s0-t32",
      "begin" : 156,
      "end" : 157,
      "text" : ",",
      "whiteSpace" : false
    }, {
      "id" : "s0-t33",
      "begin" : 158,
      "end" : 161,
      "text" : "the",
      "whiteSpace" : false
    }, {
      "id" : "s0-t34",
      "begin" : 162,
      "end" : 169,
      "text" : "receipt",
      "whiteSpace" : false
    }, {
      "id" : "s0-t35",
      "begin" : 170,
      "end" : 173,
      "text" : "and",
      "whiteSpace" : false
    }, {
      "id" : "s0-t36",
      "begin" : 174,
      "end" : 185,
      "text" : "sufficiency",
      "whiteSpace" : false
    }, {
      "id" : "s0-t37",
      "begin" : 186,
      "end" : 188,
      "text" : "of",
      "whiteSpace" : false
    }, {
      "id" : "s0-t38",
      "begin" : 189,
      "end" : 192,
      "text" : "all",
      "whiteSpace" : false
    }, {
      "id" : "s0-t39",
      "begin" : 193,
      "end" : 195,
      "text" : "of",
      "whiteSpace" : false
    }, {
      "id" : "s0-t40",
      "begin" : 196,
      "end" : 201,
      "text" : "which",
      "whiteSpace" : false
    }, {
      "id" : "s0-t41",
      "begin" : 202,
      "end" : 205,
      "text" : "are",
      "whiteSpace" : false
    }, {
      "id" : "s0-t42",
      "begin" : 206,
      "end" : 212,
      "text" : "hereby",
      "whiteSpace" : false
    }, {
      "id" : "s0-t43",
      "begin" : 213,
      "end" : 225,
      "text" : "acknowledged",
      "whiteSpace" : false
    }, {
      "id" : "s0-t44",
      "begin" : 225,
      "end" : 226,
      "text" : ",",
      "whiteSpace" : false
    }, {
      "id" : "s0-t45",
      "begin" : 227,
      "end" : 228,
      "text" : "I",
      "whiteSpace" : false
    }, {
      "id" : "s0-t46",
      "begin" : 228,
      "end" : 229,
      "text" : ",",
      "whiteSpace" : false
    }, {
      "id" : "s0-t47",
      "begin" : 230,
      "end" : 234,
      "text" : "MARY",
      "whiteSpace" : false
    }, {
      "id" : "s0-t48",
      "begin" : 235,
      "end" : 242,
      "text" : "FRANCES",
      "whiteSpace" : false
    }, {
      "id" : "s0-t49",
      "begin" : 243,
      "end" : 251,
      "text" : "WILLIAMS",
      "whiteSpace" : false
    }, {
      "id" : "s0-t50",
      "begin" : 251,
      "end" : 252,
      "text" : ",",
      "whiteSpace" : false
    }, {
      "id" : "s0-t51",
      "begin" : 253,
      "end" : 257,
      "text" : "have",
      "whiteSpace" : false
    }, {
      "id" : "s0-t52",
      "begin" : 258,
      "end" : 267,
      "text" : "bargained",
      "whiteSpace" : false
    }, {
      "id" : "s0-t53",
      "begin" : 268,
      "end" : 271,
      "text" : "and",
      "whiteSpace" : false
    }, {
      "id" : "s0-t54",
      "begin" : 272,
      "end" : 276,
      "text" : "sold",
      "whiteSpace" : false
    }, {
      "id" : "s0-t55",
      "begin" : 277,
      "end" : 280,
      "text" : "and",
      "whiteSpace" : false
    }, {
      "id" : "s0-t56",
      "begin" : 281,
      "end" : 283,
      "text" : "by",
      "whiteSpace" : false
    }, {
      "id" : "s0-t57",
      "begin" : 284,
      "end" : 289,
      "text" : "these",
      "whiteSpace" : false
    }, {
      "id" : "s0-t58",
      "begin" : 290,
      "end" : 298,
      "text" : "presents",
      "whiteSpace" : false
    }, {
      "id" : "s0-t59",
      "begin" : 299,
      "end" : 301,
      "text" : "do",
      "whiteSpace" : false
    }, {
      "id" : "s0-t60",
      "begin" : 302,
      "end" : 310,
      "text" : "transfer",
      "whiteSpace" : false
    }, {
      "id" : "s0-t61",
      "begin" : 311,
      "end" : 314,
      "text" : "and",
      "whiteSpace" : false
    }, {
      "id" : "s0-t62",
      "begin" : 315,
      "end" : 321,
      "text" : "convey",
      "whiteSpace" : false
    }, {
      "id" : "s0-t63",
      "begin" : 322,
      "end" : 326,
      "text" : "unto",
      "whiteSpace" : false
    }, {
      "id" : "s0-t64",
      "begin" : 327,
      "end" : 334,
      "text" : "TIMOTHY",
      "whiteSpace" : false
    }, {
      "id" : "s0-t65",
      "begin" : 335,
      "end" : 337,
      "text" : "L.",
      "whiteSpace" : false
    }, {
      "id" : "s0-t66",
      "begin" : 338,
      "end" : 345,
      "text" : "PATRICK",
      "whiteSpace" : false
    }, {
      "id" : "s0-t67",
      "begin" : 345,
      "end" : 346,
      "text" : ",",
      "whiteSpace" : false
    }, {
      "id" : "s0-t68",
      "begin" : 347,
      "end" : 350,
      "text" : "his",
      "whiteSpace" : false
    }, {
      "id" : "s0-t69",
      "begin" : 351,
      "end" : 356,
      "text" : "heirs",
      "whiteSpace" : false
    }, {
      "id" : "s0-t70",
      "begin" : 357,
      "end" : 360,
      "text" : "and",
      "whiteSpace" : false
    }, {
      "id" : "s0-t71",
      "begin" : 361,
      "end" : 368,
      "text" : "assigns",
      "whiteSpace" : false
    }, {
      "id" : "s0-t72",
      "begin" : 368,
      "end" : 369,
      "text" : ",",
      "whiteSpace" : false
    }, {
      "id" : "s0-t73",
      "begin" : 370,
      "end" : 371,
      "text" : "a",
      "whiteSpace" : false
    }, {
      "id" : "s0-t74",
      "begin" : 372,
      "end" : 379,
      "text" : "certain",
      "whiteSpace" : false
    }, {
      "id" : "s0-t75",
      "begin" : 380,
      "end" : 385,
      "text" : "tract",
      "whiteSpace" : false
    }, {
      "id" : "s0-t76",
      "begin" : 386,
      "end" : 388,
      "text" : "or",
      "whiteSpace" : false
    }, {
      "id" : "s0-t77",
      "begin" : 389,
      "end" : 395,
      "text" : "parcel",
      "whiteSpace" : false
    }, {
      "id" : "s0-t78",
      "begin" : 396,
      "end" : 398,
      "text" : "of",
      "whiteSpace" : false
    }, {
      "id" : "s0-t79",
      "begin" : 399,
      "end" : 403,
      "text" : "land",
      "whiteSpace" : false
    }, {
      "id" : "s0-t80",
      "begin" : 404,
      "end" : 406,
      "text" : "in",
      "whiteSpace" : false
    }, {
      "id" : "s0-t81",
      "begin" : 407,
      "end" : 410,
      "text" : "the",
      "whiteSpace" : false
    }, {
      "id" : "s0-t82",
      "begin" : 411,
      "end" : 416,
      "text" : "First",
      "whiteSpace" : false
    }, {
      "id" : "s0-t83",
      "begin" : 417,
      "end" : 422,
      "text" : "Civil",
      "whiteSpace" : false
    }, {
      "id" : "s0-t84",
      "begin" : 423,
      "end" : 431,
      "text" : "District",
      "whiteSpace" : false
    }, {
      "id" : "s0-t85",
      "begin" : 432,
      "end" : 434,
      "text" : "of",
      "whiteSpace" : false
    }, {
      "id" : "s0-t86",
      "begin" : 435,
      "end" : 444,
      "text" : "Humphreys",
      "whiteSpace" : false
    }, {
      "id" : "s0-t87",
      "begin" : 445,
      "end" : 451,
      "text" : "County",
      "whiteSpace" : false
    }, {
      "id" : "s0-t88",
      "begin" : 451,
      "end" : 452,
      "text" : ",",
      "whiteSpace" : false
    }, {
      "id" : "s0-t89",
      "begin" : 453,
      "end" : 462,
      "text" : "Tennessee",
      "whiteSpace" : false
    }, {
      "id" : "s0-t90",
      "begin" : 462,
      "end" : 463,
      "text" : ",",
      "whiteSpace" : false
    }, {
      "id" : "s0-t91",
      "begin" : 464,
      "end" : 466,
      "text" : "as",
      "whiteSpace" : false
    }, {
      "id" : "s0-t92",
      "begin" : 467,
      "end" : 474,
      "text" : "follows",
      "whiteSpace" : false
    } ]
  } ],
  "mentions" : [ {
    "id" : "s0-m4",
    "properties" : {
      "SIRE_MENTION_ROLE" : "Grantee",
      "SIRE_ENTITY_SUBTYPE" : "NONE",
      "SIRE_MENTION_TYPE" : "NONE",
      "SIRE_MENTION_CLASS" : "SPC"
    },
    "type" : "Grantee",
    "begin" : 95,
    "end" : 113,
    "inCoref" : false
  }, {
    "id" : "s0-m1",
    "properties" : {
      "SIRE_MENTION_ROLE" : "Grantor",
      "SIRE_ENTITY_SUBTYPE" : "NONE",
      "SIRE_MENTION_TYPE" : "NONE",
      "SIRE_MENTION_CLASS" : "SPC"
    },
    "type" : "Grantor",
    "begin" : 230,
    "end" : 251,
    "inCoref" : false
  }, {
    "id" : "s0-m3",
    "properties" : {
      "SIRE_MENTION_ROLE" : "Grantee",
      "SIRE_ENTITY_SUBTYPE" : "NONE",
      "SIRE_MENTION_TYPE" : "NONE",
      "SIRE_MENTION_CLASS" : "SPC"
    },
    "type" : "Grantee",
    "begin" : 327,
    "end" : 345,
    "inCoref" : false
  } ],
  "relations" : [ ],
  "corefs" : [ ],
  "typeResolved" : true,
  "userResolved" : false
}