{
  "id" : "6ce600d0-5686-11e9-84a6-df86f9fa5a66-2",
  "name" : "WD1-29_4.txt",
  "createdDate" : 0,
  "version" : 3,
  "text" : "For and in consideration of the sum of NINE THOUSAND ($9000.00) DOLLARS, cash in hand paid, and other good and valuable considerations, the receipt of which is hereby acknowledged, I, JUSTIN C. BOYLE, JR., this date have bargained and sold, and by these presents do transfer and convey unto GARY R. WURSTER and wife, JANET M. WURSTER, their heirs and assigns, a certain tract or parcel of land in the Fourth Civil District of Humphreys County, Tennessee, being more particularly described as follows",
  "docLength" : 0,
  "language" : "EN",
  "status" : "SUBMITTED",
  "modifiedDate" : 1554347585464,
  "documentSet" : [ ],
  "preannotation" : [ ],
  "sentences" : [ {
    "id" : "s0",
    "begin" : 0,
    "end" : 499,
    "text" : "For and in consideration of the sum of NINE THOUSAND ($9000.00) DOLLARS, cash in hand paid, and other good and valuable considerations, the receipt of which is hereby acknowledged, I, JUSTIN C. BOYLE, JR., this date have bargained and sold, and by these presents do transfer and convey unto GARY R. WURSTER and wife, JANET M. WURSTER, their heirs and assigns, a certain tract or parcel of land in the Fourth Civil District of Humphreys County, Tennessee, being more particularly described as follows",
    "tokens" : [ {
      "id" : "s0-t0",
      "begin" : 0,
      "end" : 3,
      "text" : "For",
      "whiteSpace" : false
    }, {
      "id" : "s0-t1",
      "begin" : 4,
      "end" : 7,
      "text" : "and",
      "whiteSpace" : false
    }, {
      "id" : "s0-t2",
      "begin" : 8,
      "end" : 10,
      "text" : "in",
      "whiteSpace" : false
    }, {
      "id" : "s0-t3",
      "begin" : 11,
      "end" : 24,
      "text" : "consideration",
      "whiteSpace" : false
    }, {
      "id" : "s0-t4",
      "begin" : 25,
      "end" : 27,
      "text" : "of",
      "whiteSpace" : false
    }, {
      "id" : "s0-t5",
      "begin" : 28,
      "end" : 31,
      "text" : "the",
      "whiteSpace" : false
    }, {
      "id" : "s0-t6",
      "begin" : 32,
      "end" : 35,
      "text" : "sum",
      "whiteSpace" : false
    }, {
      "id" : "s0-t7",
      "begin" : 36,
      "end" : 38,
      "text" : "of",
      "whiteSpace" : false
    }, {
      "id" : "s0-t8",
      "begin" : 39,
      "end" : 43,
      "text" : "NINE",
      "whiteSpace" : false
    }, {
      "id" : "s0-t9",
      "begin" : 44,
      "end" : 52,
      "text" : "THOUSAND",
      "whiteSpace" : false
    }, {
      "id" : "s0-t10",
      "begin" : 53,
      "end" : 54,
      "text" : "(",
      "whiteSpace" : false
    }, {
      "id" : "s0-t11",
      "begin" : 54,
      "end" : 55,
      "text" : "$",
      "whiteSpace" : false
    }, {
      "id" : "s0-t12",
      "begin" : 55,
      "end" : 62,
      "text" : "9000.00",
      "whiteSpace" : false
    }, {
      "id" : "s0-t13",
      "begin" : 62,
      "end" : 63,
      "text" : ")",
      "whiteSpace" : false
    }, {
      "id" : "s0-t14",
      "begin" : 64,
      "end" : 71,
      "text" : "DOLLARS",
      "whiteSpace" : false
    }, {
      "id" : "s0-t15",
      "begin" : 71,
      "end" : 72,
      "text" : ",",
      "whiteSpace" : false
    }, {
      "id" : "s0-t16",
      "begin" : 73,
      "end" : 77,
      "text" : "cash",
      "whiteSpace" : false
    }, {
      "id" : "s0-t17",
      "begin" : 78,
      "end" : 80,
      "text" : "in",
      "whiteSpace" : false
    }, {
      "id" : "s0-t18",
      "begin" : 81,
      "end" : 85,
      "text" : "hand",
      "whiteSpace" : false
    }, {
      "id" : "s0-t19",
      "begin" : 86,
      "end" : 90,
      "text" : "paid",
      "whiteSpace" : false
    }, {
      "id" : "s0-t20",
      "begin" : 90,
      "end" : 91,
      "text" : ",",
      "whiteSpace" : false
    }, {
      "id" : "s0-t21",
      "begin" : 92,
      "end" : 95,
      "text" : "and",
      "whiteSpace" : false
    }, {
      "id" : "s0-t22",
      "begin" : 96,
      "end" : 101,
      "text" : "other",
      "whiteSpace" : false
    }, {
      "id" : "s0-t23",
      "begin" : 102,
      "end" : 106,
      "text" : "good",
      "whiteSpace" : false
    }, {
      "id" : "s0-t24",
      "begin" : 107,
      "end" : 110,
      "text" : "and",
      "whiteSpace" : false
    }, {
      "id" : "s0-t25",
      "begin" : 111,
      "end" : 119,
      "text" : "valuable",
      "whiteSpace" : false
    }, {
      "id" : "s0-t26",
      "begin" : 120,
      "end" : 134,
      "text" : "considerations",
      "whiteSpace" : false
    }, {
      "id" : "s0-t27",
      "begin" : 134,
      "end" : 135,
      "text" : ",",
      "whiteSpace" : false
    }, {
      "id" : "s0-t28",
      "begin" : 136,
      "end" : 139,
      "text" : "the",
      "whiteSpace" : false
    }, {
      "id" : "s0-t29",
      "begin" : 140,
      "end" : 147,
      "text" : "receipt",
      "whiteSpace" : false
    }, {
      "id" : "s0-t30",
      "begin" : 148,
      "end" : 150,
      "text" : "of",
      "whiteSpace" : false
    }, {
      "id" : "s0-t31",
      "begin" : 151,
      "end" : 156,
      "text" : "which",
      "whiteSpace" : false
    }, {
      "id" : "s0-t32",
      "begin" : 157,
      "end" : 159,
      "text" : "is",
      "whiteSpace" : false
    }, {
      "id" : "s0-t33",
      "begin" : 160,
      "end" : 166,
      "text" : "hereby",
      "whiteSpace" : false
    }, {
      "id" : "s0-t34",
      "begin" : 167,
      "end" : 179,
      "text" : "acknowledged",
      "whiteSpace" : false
    }, {
      "id" : "s0-t35",
      "begin" : 179,
      "end" : 180,
      "text" : ",",
      "whiteSpace" : false
    }, {
      "id" : "s0-t36",
      "begin" : 181,
      "end" : 182,
      "text" : "I",
      "whiteSpace" : false
    }, {
      "id" : "s0-t37",
      "begin" : 182,
      "end" : 183,
      "text" : ",",
      "whiteSpace" : false
    }, {
      "id" : "s0-t38",
      "begin" : 184,
      "end" : 190,
      "text" : "JUSTIN",
      "whiteSpace" : false
    }, {
      "id" : "s0-t39",
      "begin" : 191,
      "end" : 193,
      "text" : "C.",
      "whiteSpace" : false
    }, {
      "id" : "s0-t40",
      "begin" : 194,
      "end" : 199,
      "text" : "BOYLE",
      "whiteSpace" : false
    }, {
      "id" : "s0-t41",
      "begin" : 199,
      "end" : 200,
      "text" : ",",
      "whiteSpace" : false
    }, {
      "id" : "s0-t42",
      "begin" : 201,
      "end" : 204,
      "text" : "JR.",
      "whiteSpace" : false
    }, {
      "id" : "s0-t43",
      "begin" : 204,
      "end" : 205,
      "text" : ",",
      "whiteSpace" : false
    }, {
      "id" : "s0-t44",
      "begin" : 206,
      "end" : 210,
      "text" : "this",
      "whiteSpace" : false
    }, {
      "id" : "s0-t45",
      "begin" : 211,
      "end" : 215,
      "text" : "date",
      "whiteSpace" : false
    }, {
      "id" : "s0-t46",
      "begin" : 216,
      "end" : 220,
      "text" : "have",
      "whiteSpace" : false
    }, {
      "id" : "s0-t47",
      "begin" : 221,
      "end" : 230,
      "text" : "bargained",
      "whiteSpace" : false
    }, {
      "id" : "s0-t48",
      "begin" : 231,
      "end" : 234,
      "text" : "and",
      "whiteSpace" : false
    }, {
      "id" : "s0-t49",
      "begin" : 235,
      "end" : 239,
      "text" : "sold",
      "whiteSpace" : false
    }, {
      "id" : "s0-t50",
      "begin" : 239,
      "end" : 240,
      "text" : ",",
      "whiteSpace" : false
    }, {
      "id" : "s0-t51",
      "begin" : 241,
      "end" : 244,
      "text" : "and",
      "whiteSpace" : false
    }, {
      "id" : "s0-t52",
      "begin" : 245,
      "end" : 247,
      "text" : "by",
      "whiteSpace" : false
    }, {
      "id" : "s0-t53",
      "begin" : 248,
      "end" : 253,
      "text" : "these",
      "whiteSpace" : false
    }, {
      "id" : "s0-t54",
      "begin" : 254,
      "end" : 262,
      "text" : "presents",
      "whiteSpace" : false
    }, {
      "id" : "s0-t55",
      "begin" : 263,
      "end" : 265,
      "text" : "do",
      "whiteSpace" : false
    }, {
      "id" : "s0-t56",
      "begin" : 266,
      "end" : 274,
      "text" : "transfer",
      "whiteSpace" : false
    }, {
      "id" : "s0-t57",
      "begin" : 275,
      "end" : 278,
      "text" : "and",
      "whiteSpace" : false
    }, {
      "id" : "s0-t58",
      "begin" : 279,
      "end" : 285,
      "text" : "convey",
      "whiteSpace" : false
    }, {
      "id" : "s0-t59",
      "begin" : 286,
      "end" : 290,
      "text" : "unto",
      "whiteSpace" : false
    }, {
      "id" : "s0-t60",
      "begin" : 291,
      "end" : 295,
      "text" : "GARY",
      "whiteSpace" : false
    }, {
      "id" : "s0-t61",
      "begin" : 296,
      "end" : 298,
      "text" : "R.",
      "whiteSpace" : false
    }, {
      "id" : "s0-t62",
      "begin" : 299,
      "end" : 306,
      "text" : "WURSTER",
      "whiteSpace" : false
    }, {
      "id" : "s0-t63",
      "begin" : 307,
      "end" : 310,
      "text" : "and",
      "whiteSpace" : false
    }, {
      "id" : "s0-t64",
      "begin" : 311,
      "end" : 315,
      "text" : "wife",
      "whiteSpace" : false
    }, {
      "id" : "s0-t65",
      "begin" : 315,
      "end" : 316,
      "text" : ",",
      "whiteSpace" : false
    }, {
      "id" : "s0-t66",
      "begin" : 317,
      "end" : 322,
      "text" : "JANET",
      "whiteSpace" : false
    }, {
      "id" : "s0-t67",
      "begin" : 323,
      "end" : 325,
      "text" : "M.",
      "whiteSpace" : false
    }, {
      "id" : "s0-t68",
      "begin" : 326,
      "end" : 333,
      "text" : "WURSTER",
      "whiteSpace" : false
    }, {
      "id" : "s0-t69",
      "begin" : 333,
      "end" : 334,
      "text" : ",",
      "whiteSpace" : false
    }, {
      "id" : "s0-t70",
      "begin" : 335,
      "end" : 340,
      "text" : "their",
      "whiteSpace" : false
    }, {
      "id" : "s0-t71",
      "begin" : 341,
      "end" : 346,
      "text" : "heirs",
      "whiteSpace" : false
    }, {
      "id" : "s0-t72",
      "begin" : 347,
      "end" : 350,
      "text" : "and",
      "whiteSpace" : false
    }, {
      "id" : "s0-t73",
      "begin" : 351,
      "end" : 358,
      "text" : "assigns",
      "whiteSpace" : false
    }, {
      "id" : "s0-t74",
      "begin" : 358,
      "end" : 359,
      "text" : ",",
      "whiteSpace" : false
    }, {
      "id" : "s0-t75",
      "begin" : 360,
      "end" : 361,
      "text" : "a",
      "whiteSpace" : false
    }, {
      "id" : "s0-t76",
      "begin" : 362,
      "end" : 369,
      "text" : "certain",
      "whiteSpace" : false
    }, {
      "id" : "s0-t77",
      "begin" : 370,
      "end" : 375,
      "text" : "tract",
      "whiteSpace" : false
    }, {
      "id" : "s0-t78",
      "begin" : 376,
      "end" : 378,
      "text" : "or",
      "whiteSpace" : false
    }, {
      "id" : "s0-t79",
      "begin" : 379,
      "end" : 385,
      "text" : "parcel",
      "whiteSpace" : false
    }, {
      "id" : "s0-t80",
      "begin" : 386,
      "end" : 388,
      "text" : "of",
      "whiteSpace" : false
    }, {
      "id" : "s0-t81",
      "begin" : 389,
      "end" : 393,
      "text" : "land",
      "whiteSpace" : false
    }, {
      "id" : "s0-t82",
      "begin" : 394,
      "end" : 396,
      "text" : "in",
      "whiteSpace" : false
    }, {
      "id" : "s0-t83",
      "begin" : 397,
      "end" : 400,
      "text" : "the",
      "whiteSpace" : false
    }, {
      "id" : "s0-t84",
      "begin" : 401,
      "end" : 407,
      "text" : "Fourth",
      "whiteSpace" : false
    }, {
      "id" : "s0-t85",
      "begin" : 408,
      "end" : 413,
      "text" : "Civil",
      "whiteSpace" : false
    }, {
      "id" : "s0-t86",
      "begin" : 414,
      "end" : 422,
      "text" : "District",
      "whiteSpace" : false
    }, {
      "id" : "s0-t87",
      "begin" : 423,
      "end" : 425,
      "text" : "of",
      "whiteSpace" : false
    }, {
      "id" : "s0-t88",
      "begin" : 426,
      "end" : 435,
      "text" : "Humphreys",
      "whiteSpace" : false
    }, {
      "id" : "s0-t89",
      "begin" : 436,
      "end" : 442,
      "text" : "County",
      "whiteSpace" : false
    }, {
      "id" : "s0-t90",
      "begin" : 442,
      "end" : 443,
      "text" : ",",
      "whiteSpace" : false
    }, {
      "id" : "s0-t91",
      "begin" : 444,
      "end" : 453,
      "text" : "Tennessee",
      "whiteSpace" : false
    }, {
      "id" : "s0-t92",
      "begin" : 453,
      "end" : 454,
      "text" : ",",
      "whiteSpace" : false
    }, {
      "id" : "s0-t93",
      "begin" : 455,
      "end" : 460,
      "text" : "being",
      "whiteSpace" : false
    }, {
      "id" : "s0-t94",
      "begin" : 461,
      "end" : 465,
      "text" : "more",
      "whiteSpace" : false
    }, {
      "id" : "s0-t95",
      "begin" : 466,
      "end" : 478,
      "text" : "particularly",
      "whiteSpace" : false
    }, {
      "id" : "s0-t96",
      "begin" : 479,
      "end" : 488,
      "text" : "described",
      "whiteSpace" : false
    }, {
      "id" : "s0-t97",
      "begin" : 489,
      "end" : 491,
      "text" : "as",
      "whiteSpace" : false
    }, {
      "id" : "s0-t98",
      "begin" : 492,
      "end" : 499,
      "text" : "follows",
      "whiteSpace" : false
    } ]
  } ],
  "mentions" : [ {
    "id" : "s0-m1",
    "properties" : {
      "SIRE_MENTION_ROLE" : "Grantor",
      "SIRE_ENTITY_SUBTYPE" : "NONE",
      "SIRE_MENTION_TYPE" : "NONE",
      "SIRE_MENTION_CLASS" : "SPC"
    },
    "type" : "Grantor",
    "begin" : 184,
    "end" : 204,
    "inCoref" : false
  }, {
    "id" : "s0-m2",
    "properties" : {
      "SIRE_MENTION_ROLE" : "Grantee",
      "SIRE_ENTITY_SUBTYPE" : "NONE",
      "SIRE_MENTION_TYPE" : "NONE",
      "SIRE_MENTION_CLASS" : "SPC"
    },
    "type" : "Grantee",
    "begin" : 291,
    "end" : 306,
    "inCoref" : false
  }, {
    "id" : "s0-m3",
    "properties" : {
      "SIRE_MENTION_ROLE" : "Grantee",
      "SIRE_ENTITY_SUBTYPE" : "NONE",
      "SIRE_MENTION_TYPE" : "NONE",
      "SIRE_MENTION_CLASS" : "SPC"
    },
    "type" : "Grantee",
    "begin" : 317,
    "end" : 333,
    "inCoref" : false
  } ],
  "relations" : [ ],
  "corefs" : [ ],
  "typeResolved" : true,
  "userResolved" : false
}