{
  "id" : "6ce600d0-5686-11e9-84a6-df86f9fa5a66-13",
  "name" : "WD1-30.txt",
  "createdDate" : 0,
  "version" : 3,
  "text" : "For and in consideration of the sum of TEN AND NO/lOO ($10.00) DOLLARS, cash in hand paid, and other good and valuable considerations, the receipt of which is hereby acknowledged, I, RICHARD BRADLEY, this date have bargained and sold, and by these presents do transfer and convey unto CHARLES DOUGLAS PALK and wife, HELEN K. PALK, their heirs and assigns, a certain tract or parcel of land in the Third Civil District I of Humphreys County, State of Tennessee, as follows",
  "docLength" : 0,
  "language" : "EN",
  "status" : "SUBMITTED",
  "modifiedDate" : 1554347456660,
  "documentSet" : [ ],
  "preannotation" : [ ],
  "sentences" : [ {
    "id" : "s0",
    "begin" : 0,
    "end" : 471,
    "text" : "For and in consideration of the sum of TEN AND NO/lOO ($10.00) DOLLARS, cash in hand paid, and other good and valuable considerations, the receipt of which is hereby acknowledged, I, RICHARD BRADLEY, this date have bargained and sold, and by these presents do transfer and convey unto CHARLES DOUGLAS PALK and wife, HELEN K. PALK, their heirs and assigns, a certain tract or parcel of land in the Third Civil District I of Humphreys County, State of Tennessee, as follows",
    "tokens" : [ {
      "id" : "s0-t0",
      "begin" : 0,
      "end" : 3,
      "text" : "For",
      "whiteSpace" : false
    }, {
      "id" : "s0-t1",
      "begin" : 4,
      "end" : 7,
      "text" : "and",
      "whiteSpace" : false
    }, {
      "id" : "s0-t2",
      "begin" : 8,
      "end" : 10,
      "text" : "in",
      "whiteSpace" : false
    }, {
      "id" : "s0-t3",
      "begin" : 11,
      "end" : 24,
      "text" : "consideration",
      "whiteSpace" : false
    }, {
      "id" : "s0-t4",
      "begin" : 25,
      "end" : 27,
      "text" : "of",
      "whiteSpace" : false
    }, {
      "id" : "s0-t5",
      "begin" : 28,
      "end" : 31,
      "text" : "the",
      "whiteSpace" : false
    }, {
      "id" : "s0-t6",
      "begin" : 32,
      "end" : 35,
      "text" : "sum",
      "whiteSpace" : false
    }, {
      "id" : "s0-t7",
      "begin" : 36,
      "end" : 38,
      "text" : "of",
      "whiteSpace" : false
    }, {
      "id" : "s0-t8",
      "begin" : 39,
      "end" : 42,
      "text" : "TEN",
      "whiteSpace" : false
    }, {
      "id" : "s0-t9",
      "begin" : 43,
      "end" : 46,
      "text" : "AND",
      "whiteSpace" : false
    }, {
      "id" : "s0-t10",
      "begin" : 47,
      "end" : 53,
      "text" : "NO/lOO",
      "whiteSpace" : false
    }, {
      "id" : "s0-t11",
      "begin" : 54,
      "end" : 55,
      "text" : "(",
      "whiteSpace" : false
    }, {
      "id" : "s0-t12",
      "begin" : 55,
      "end" : 56,
      "text" : "$",
      "whiteSpace" : false
    }, {
      "id" : "s0-t13",
      "begin" : 56,
      "end" : 61,
      "text" : "10.00",
      "whiteSpace" : false
    }, {
      "id" : "s0-t14",
      "begin" : 61,
      "end" : 62,
      "text" : ")",
      "whiteSpace" : false
    }, {
      "id" : "s0-t15",
      "begin" : 63,
      "end" : 70,
      "text" : "DOLLARS",
      "whiteSpace" : false
    }, {
      "id" : "s0-t16",
      "begin" : 70,
      "end" : 71,
      "text" : ",",
      "whiteSpace" : false
    }, {
      "id" : "s0-t17",
      "begin" : 72,
      "end" : 76,
      "text" : "cash",
      "whiteSpace" : false
    }, {
      "id" : "s0-t18",
      "begin" : 77,
      "end" : 79,
      "text" : "in",
      "whiteSpace" : false
    }, {
      "id" : "s0-t19",
      "begin" : 80,
      "end" : 84,
      "text" : "hand",
      "whiteSpace" : false
    }, {
      "id" : "s0-t20",
      "begin" : 85,
      "end" : 89,
      "text" : "paid",
      "whiteSpace" : false
    }, {
      "id" : "s0-t21",
      "begin" : 89,
      "end" : 90,
      "text" : ",",
      "whiteSpace" : false
    }, {
      "id" : "s0-t22",
      "begin" : 91,
      "end" : 94,
      "text" : "and",
      "whiteSpace" : false
    }, {
      "id" : "s0-t23",
      "begin" : 95,
      "end" : 100,
      "text" : "other",
      "whiteSpace" : false
    }, {
      "id" : "s0-t24",
      "begin" : 101,
      "end" : 105,
      "text" : "good",
      "whiteSpace" : false
    }, {
      "id" : "s0-t25",
      "begin" : 106,
      "end" : 109,
      "text" : "and",
      "whiteSpace" : false
    }, {
      "id" : "s0-t26",
      "begin" : 110,
      "end" : 118,
      "text" : "valuable",
      "whiteSpace" : false
    }, {
      "id" : "s0-t27",
      "begin" : 119,
      "end" : 133,
      "text" : "considerations",
      "whiteSpace" : false
    }, {
      "id" : "s0-t28",
      "begin" : 133,
      "end" : 134,
      "text" : ",",
      "whiteSpace" : false
    }, {
      "id" : "s0-t29",
      "begin" : 135,
      "end" : 138,
      "text" : "the",
      "whiteSpace" : false
    }, {
      "id" : "s0-t30",
      "begin" : 139,
      "end" : 146,
      "text" : "receipt",
      "whiteSpace" : false
    }, {
      "id" : "s0-t31",
      "begin" : 147,
      "end" : 149,
      "text" : "of",
      "whiteSpace" : false
    }, {
      "id" : "s0-t32",
      "begin" : 150,
      "end" : 155,
      "text" : "which",
      "whiteSpace" : false
    }, {
      "id" : "s0-t33",
      "begin" : 156,
      "end" : 158,
      "text" : "is",
      "whiteSpace" : false
    }, {
      "id" : "s0-t34",
      "begin" : 159,
      "end" : 165,
      "text" : "hereby",
      "whiteSpace" : false
    }, {
      "id" : "s0-t35",
      "begin" : 166,
      "end" : 178,
      "text" : "acknowledged",
      "whiteSpace" : false
    }, {
      "id" : "s0-t36",
      "begin" : 178,
      "end" : 179,
      "text" : ",",
      "whiteSpace" : false
    }, {
      "id" : "s0-t37",
      "begin" : 180,
      "end" : 181,
      "text" : "I",
      "whiteSpace" : false
    }, {
      "id" : "s0-t38",
      "begin" : 181,
      "end" : 182,
      "text" : ",",
      "whiteSpace" : false
    }, {
      "id" : "s0-t39",
      "begin" : 183,
      "end" : 190,
      "text" : "RICHARD",
      "whiteSpace" : false
    }, {
      "id" : "s0-t40",
      "begin" : 191,
      "end" : 198,
      "text" : "BRADLEY",
      "whiteSpace" : false
    }, {
      "id" : "s0-t41",
      "begin" : 198,
      "end" : 199,
      "text" : ",",
      "whiteSpace" : false
    }, {
      "id" : "s0-t42",
      "begin" : 200,
      "end" : 204,
      "text" : "this",
      "whiteSpace" : false
    }, {
      "id" : "s0-t43",
      "begin" : 205,
      "end" : 209,
      "text" : "date",
      "whiteSpace" : false
    }, {
      "id" : "s0-t44",
      "begin" : 210,
      "end" : 214,
      "text" : "have",
      "whiteSpace" : false
    }, {
      "id" : "s0-t45",
      "begin" : 215,
      "end" : 224,
      "text" : "bargained",
      "whiteSpace" : false
    }, {
      "id" : "s0-t46",
      "begin" : 225,
      "end" : 228,
      "text" : "and",
      "whiteSpace" : false
    }, {
      "id" : "s0-t47",
      "begin" : 229,
      "end" : 233,
      "text" : "sold",
      "whiteSpace" : false
    }, {
      "id" : "s0-t48",
      "begin" : 233,
      "end" : 234,
      "text" : ",",
      "whiteSpace" : false
    }, {
      "id" : "s0-t49",
      "begin" : 235,
      "end" : 238,
      "text" : "and",
      "whiteSpace" : false
    }, {
      "id" : "s0-t50",
      "begin" : 239,
      "end" : 241,
      "text" : "by",
      "whiteSpace" : false
    }, {
      "id" : "s0-t51",
      "begin" : 242,
      "end" : 247,
      "text" : "these",
      "whiteSpace" : false
    }, {
      "id" : "s0-t52",
      "begin" : 248,
      "end" : 256,
      "text" : "presents",
      "whiteSpace" : false
    }, {
      "id" : "s0-t53",
      "begin" : 257,
      "end" : 259,
      "text" : "do",
      "whiteSpace" : false
    }, {
      "id" : "s0-t54",
      "begin" : 260,
      "end" : 268,
      "text" : "transfer",
      "whiteSpace" : false
    }, {
      "id" : "s0-t55",
      "begin" : 269,
      "end" : 272,
      "text" : "and",
      "whiteSpace" : false
    }, {
      "id" : "s0-t56",
      "begin" : 273,
      "end" : 279,
      "text" : "convey",
      "whiteSpace" : false
    }, {
      "id" : "s0-t57",
      "begin" : 280,
      "end" : 284,
      "text" : "unto",
      "whiteSpace" : false
    }, {
      "id" : "s0-t58",
      "begin" : 285,
      "end" : 292,
      "text" : "CHARLES",
      "whiteSpace" : false
    }, {
      "id" : "s0-t59",
      "begin" : 293,
      "end" : 300,
      "text" : "DOUGLAS",
      "whiteSpace" : false
    }, {
      "id" : "s0-t60",
      "begin" : 301,
      "end" : 305,
      "text" : "PALK",
      "whiteSpace" : false
    }, {
      "id" : "s0-t61",
      "begin" : 306,
      "end" : 309,
      "text" : "and",
      "whiteSpace" : false
    }, {
      "id" : "s0-t62",
      "begin" : 310,
      "end" : 314,
      "text" : "wife",
      "whiteSpace" : false
    }, {
      "id" : "s0-t63",
      "begin" : 314,
      "end" : 315,
      "text" : ",",
      "whiteSpace" : false
    }, {
      "id" : "s0-t64",
      "begin" : 316,
      "end" : 321,
      "text" : "HELEN",
      "whiteSpace" : false
    }, {
      "id" : "s0-t65",
      "begin" : 322,
      "end" : 324,
      "text" : "K.",
      "whiteSpace" : false
    }, {
      "id" : "s0-t66",
      "begin" : 325,
      "end" : 329,
      "text" : "PALK",
      "whiteSpace" : false
    }, {
      "id" : "s0-t67",
      "begin" : 329,
      "end" : 330,
      "text" : ",",
      "whiteSpace" : false
    }, {
      "id" : "s0-t68",
      "begin" : 331,
      "end" : 336,
      "text" : "their",
      "whiteSpace" : false
    }, {
      "id" : "s0-t69",
      "begin" : 337,
      "end" : 342,
      "text" : "heirs",
      "whiteSpace" : false
    }, {
      "id" : "s0-t70",
      "begin" : 343,
      "end" : 346,
      "text" : "and",
      "whiteSpace" : false
    }, {
      "id" : "s0-t71",
      "begin" : 347,
      "end" : 354,
      "text" : "assigns",
      "whiteSpace" : false
    }, {
      "id" : "s0-t72",
      "begin" : 354,
      "end" : 355,
      "text" : ",",
      "whiteSpace" : false
    }, {
      "id" : "s0-t73",
      "begin" : 356,
      "end" : 357,
      "text" : "a",
      "whiteSpace" : false
    }, {
      "id" : "s0-t74",
      "begin" : 358,
      "end" : 365,
      "text" : "certain",
      "whiteSpace" : false
    }, {
      "id" : "s0-t75",
      "begin" : 366,
      "end" : 371,
      "text" : "tract",
      "whiteSpace" : false
    }, {
      "id" : "s0-t76",
      "begin" : 372,
      "end" : 374,
      "text" : "or",
      "whiteSpace" : false
    }, {
      "id" : "s0-t77",
      "begin" : 375,
      "end" : 381,
      "text" : "parcel",
      "whiteSpace" : false
    }, {
      "id" : "s0-t78",
      "begin" : 382,
      "end" : 384,
      "text" : "of",
      "whiteSpace" : false
    }, {
      "id" : "s0-t79",
      "begin" : 385,
      "end" : 389,
      "text" : "land",
      "whiteSpace" : false
    }, {
      "id" : "s0-t80",
      "begin" : 390,
      "end" : 392,
      "text" : "in",
      "whiteSpace" : false
    }, {
      "id" : "s0-t81",
      "begin" : 393,
      "end" : 396,
      "text" : "the",
      "whiteSpace" : false
    }, {
      "id" : "s0-t82",
      "begin" : 397,
      "end" : 402,
      "text" : "Third",
      "whiteSpace" : false
    }, {
      "id" : "s0-t83",
      "begin" : 403,
      "end" : 408,
      "text" : "Civil",
      "whiteSpace" : false
    }, {
      "id" : "s0-t84",
      "begin" : 409,
      "end" : 417,
      "text" : "District",
      "whiteSpace" : false
    }, {
      "id" : "s0-t85",
      "begin" : 418,
      "end" : 419,
      "text" : "I",
      "whiteSpace" : false
    }, {
      "id" : "s0-t86",
      "begin" : 420,
      "end" : 422,
      "text" : "of",
      "whiteSpace" : false
    }, {
      "id" : "s0-t87",
      "begin" : 423,
      "end" : 432,
      "text" : "Humphreys",
      "whiteSpace" : false
    }, {
      "id" : "s0-t88",
      "begin" : 433,
      "end" : 439,
      "text" : "County",
      "whiteSpace" : false
    }, {
      "id" : "s0-t89",
      "begin" : 439,
      "end" : 440,
      "text" : ",",
      "whiteSpace" : false
    }, {
      "id" : "s0-t90",
      "begin" : 441,
      "end" : 446,
      "text" : "State",
      "whiteSpace" : false
    }, {
      "id" : "s0-t91",
      "begin" : 447,
      "end" : 449,
      "text" : "of",
      "whiteSpace" : false
    }, {
      "id" : "s0-t92",
      "begin" : 450,
      "end" : 459,
      "text" : "Tennessee",
      "whiteSpace" : false
    }, {
      "id" : "s0-t93",
      "begin" : 459,
      "end" : 460,
      "text" : ",",
      "whiteSpace" : false
    }, {
      "id" : "s0-t94",
      "begin" : 461,
      "end" : 463,
      "text" : "as",
      "whiteSpace" : false
    }, {
      "id" : "s0-t95",
      "begin" : 464,
      "end" : 471,
      "text" : "follows",
      "whiteSpace" : false
    } ]
  } ],
  "mentions" : [ {
    "id" : "s0-m4",
    "properties" : {
      "SIRE_MENTION_ROLE" : "Grantor",
      "SIRE_ENTITY_SUBTYPE" : "NONE",
      "SIRE_MENTION_TYPE" : "NONE",
      "SIRE_MENTION_CLASS" : "SPC"
    },
    "type" : "Grantor",
    "begin" : 183,
    "end" : 198,
    "inCoref" : false
  }, {
    "id" : "s0-m1",
    "properties" : {
      "SIRE_MENTION_ROLE" : "Grantee",
      "SIRE_ENTITY_SUBTYPE" : "NONE",
      "SIRE_MENTION_TYPE" : "NONE",
      "SIRE_MENTION_CLASS" : "SPC"
    },
    "type" : "Grantee",
    "begin" : 285,
    "end" : 305,
    "inCoref" : false
  }, {
    "id" : "s0-m3",
    "properties" : {
      "SIRE_MENTION_ROLE" : "Grantee",
      "SIRE_ENTITY_SUBTYPE" : "NONE",
      "SIRE_MENTION_TYPE" : "NONE",
      "SIRE_MENTION_CLASS" : "SPC"
    },
    "type" : "Grantee",
    "begin" : 316,
    "end" : 329,
    "inCoref" : false
  } ],
  "relations" : [ ],
  "corefs" : [ ],
  "typeResolved" : true,
  "userResolved" : false
}