{
  "id" : "6ce600d0-5686-11e9-84a6-df86f9fa5a66-8",
  "name" : "WD1-30_5.txt",
  "createdDate" : 0,
  "version" : 3,
  "text" : "FOR AND IN of the love and affection I have for my sons, Donnie M. Little and David Dwight Little, and for my grandson, Jason Lee Ferguson, I, WILMA LITTLE, unremarried widow of E. C. Little, Jr., lately deceased, this date by these presents transfer and convey unto them the said DONNIE M. LITTLE, DAVID DWIGHT LITTLE and JASON LEE FERGUSON, as equal tenants in common, their heirs and assigns, a certain tract or' parcel of land in the Fifth Civil District of Humphreys County, Tennessee, as follows\n",
  "docLength" : 0,
  "language" : "EN",
  "status" : "SUBMITTED",
  "modifiedDate" : 1554347689232,
  "documentSet" : [ ],
  "preannotation" : [ ],
  "sentences" : [ {
    "id" : "s0",
    "begin" : 0,
    "end" : 501,
    "text" : "FOR AND IN of the love and affection I have for my sons, Donnie M. Little and David Dwight Little, and for my grandson, Jason Lee Ferguson, I, WILMA LITTLE, unremarried widow of E. C. Little, Jr., lately deceased, this date by these presents transfer and convey unto them the said DONNIE M. LITTLE, DAVID DWIGHT LITTLE and JASON LEE FERGUSON, as equal tenants in common, their heirs and assigns, a certain tract or' parcel of land in the Fifth Civil District of Humphreys County, Tennessee, as follows",
    "tokens" : [ {
      "id" : "s0-t0",
      "begin" : 0,
      "end" : 3,
      "text" : "FOR",
      "whiteSpace" : false
    }, {
      "id" : "s0-t1",
      "begin" : 4,
      "end" : 7,
      "text" : "AND",
      "whiteSpace" : false
    }, {
      "id" : "s0-t2",
      "begin" : 8,
      "end" : 10,
      "text" : "IN",
      "whiteSpace" : false
    }, {
      "id" : "s0-t3",
      "begin" : 11,
      "end" : 13,
      "text" : "of",
      "whiteSpace" : false
    }, {
      "id" : "s0-t4",
      "begin" : 14,
      "end" : 17,
      "text" : "the",
      "whiteSpace" : false
    }, {
      "id" : "s0-t5",
      "begin" : 18,
      "end" : 22,
      "text" : "love",
      "whiteSpace" : false
    }, {
      "id" : "s0-t6",
      "begin" : 23,
      "end" : 26,
      "text" : "and",
      "whiteSpace" : false
    }, {
      "id" : "s0-t7",
      "begin" : 27,
      "end" : 36,
      "text" : "affection",
      "whiteSpace" : false
    }, {
      "id" : "s0-t8",
      "begin" : 37,
      "end" : 38,
      "text" : "I",
      "whiteSpace" : false
    }, {
      "id" : "s0-t9",
      "begin" : 39,
      "end" : 43,
      "text" : "have",
      "whiteSpace" : false
    }, {
      "id" : "s0-t10",
      "begin" : 44,
      "end" : 47,
      "text" : "for",
      "whiteSpace" : false
    }, {
      "id" : "s0-t11",
      "begin" : 48,
      "end" : 50,
      "text" : "my",
      "whiteSpace" : false
    }, {
      "id" : "s0-t12",
      "begin" : 51,
      "end" : 55,
      "text" : "sons",
      "whiteSpace" : false
    }, {
      "id" : "s0-t13",
      "begin" : 55,
      "end" : 56,
      "text" : ",",
      "whiteSpace" : false
    }, {
      "id" : "s0-t14",
      "begin" : 57,
      "end" : 63,
      "text" : "Donnie",
      "whiteSpace" : false
    }, {
      "id" : "s0-t15",
      "begin" : 64,
      "end" : 66,
      "text" : "M.",
      "whiteSpace" : false
    }, {
      "id" : "s0-t16",
      "begin" : 67,
      "end" : 73,
      "text" : "Little",
      "whiteSpace" : false
    }, {
      "id" : "s0-t17",
      "begin" : 74,
      "end" : 77,
      "text" : "and",
      "whiteSpace" : false
    }, {
      "id" : "s0-t18",
      "begin" : 78,
      "end" : 83,
      "text" : "David",
      "whiteSpace" : false
    }, {
      "id" : "s0-t19",
      "begin" : 84,
      "end" : 90,
      "text" : "Dwight",
      "whiteSpace" : false
    }, {
      "id" : "s0-t20",
      "begin" : 91,
      "end" : 97,
      "text" : "Little",
      "whiteSpace" : false
    }, {
      "id" : "s0-t21",
      "begin" : 97,
      "end" : 98,
      "text" : ",",
      "whiteSpace" : false
    }, {
      "id" : "s0-t22",
      "begin" : 99,
      "end" : 102,
      "text" : "and",
      "whiteSpace" : false
    }, {
      "id" : "s0-t23",
      "begin" : 103,
      "end" : 106,
      "text" : "for",
      "whiteSpace" : false
    }, {
      "id" : "s0-t24",
      "begin" : 107,
      "end" : 109,
      "text" : "my",
      "whiteSpace" : false
    }, {
      "id" : "s0-t25",
      "begin" : 110,
      "end" : 118,
      "text" : "grandson",
      "whiteSpace" : false
    }, {
      "id" : "s0-t26",
      "begin" : 118,
      "end" : 119,
      "text" : ",",
      "whiteSpace" : false
    }, {
      "id" : "s0-t27",
      "begin" : 120,
      "end" : 125,
      "text" : "Jason",
      "whiteSpace" : false
    }, {
      "id" : "s0-t28",
      "begin" : 126,
      "end" : 129,
      "text" : "Lee",
      "whiteSpace" : false
    }, {
      "id" : "s0-t29",
      "begin" : 130,
      "end" : 138,
      "text" : "Ferguson",
      "whiteSpace" : false
    }, {
      "id" : "s0-t30",
      "begin" : 138,
      "end" : 139,
      "text" : ",",
      "whiteSpace" : false
    }, {
      "id" : "s0-t31",
      "begin" : 140,
      "end" : 141,
      "text" : "I",
      "whiteSpace" : false
    }, {
      "id" : "s0-t32",
      "begin" : 141,
      "end" : 142,
      "text" : ",",
      "whiteSpace" : false
    }, {
      "id" : "s0-t33",
      "begin" : 143,
      "end" : 148,
      "text" : "WILMA",
      "whiteSpace" : false
    }, {
      "id" : "s0-t34",
      "begin" : 149,
      "end" : 155,
      "text" : "LITTLE",
      "whiteSpace" : false
    }, {
      "id" : "s0-t35",
      "begin" : 155,
      "end" : 156,
      "text" : ",",
      "whiteSpace" : false
    }, {
      "id" : "s0-t36",
      "begin" : 157,
      "end" : 168,
      "text" : "unremarried",
      "whiteSpace" : false
    }, {
      "id" : "s0-t37",
      "begin" : 169,
      "end" : 174,
      "text" : "widow",
      "whiteSpace" : false
    }, {
      "id" : "s0-t38",
      "begin" : 175,
      "end" : 177,
      "text" : "of",
      "whiteSpace" : false
    }, {
      "id" : "s0-t39",
      "begin" : 178,
      "end" : 180,
      "text" : "E.",
      "whiteSpace" : false
    }, {
      "id" : "s0-t40",
      "begin" : 181,
      "end" : 183,
      "text" : "C.",
      "whiteSpace" : false
    }, {
      "id" : "s0-t41",
      "begin" : 184,
      "end" : 190,
      "text" : "Little",
      "whiteSpace" : false
    }, {
      "id" : "s0-t42",
      "begin" : 190,
      "end" : 191,
      "text" : ",",
      "whiteSpace" : false
    }, {
      "id" : "s0-t43",
      "begin" : 192,
      "end" : 195,
      "text" : "Jr.",
      "whiteSpace" : false
    }, {
      "id" : "s0-t44",
      "begin" : 195,
      "end" : 196,
      "text" : ",",
      "whiteSpace" : false
    }, {
      "id" : "s0-t45",
      "begin" : 197,
      "end" : 203,
      "text" : "lately",
      "whiteSpace" : false
    }, {
      "id" : "s0-t46",
      "begin" : 204,
      "end" : 212,
      "text" : "deceased",
      "whiteSpace" : false
    }, {
      "id" : "s0-t47",
      "begin" : 212,
      "end" : 213,
      "text" : ",",
      "whiteSpace" : false
    }, {
      "id" : "s0-t48",
      "begin" : 214,
      "end" : 218,
      "text" : "this",
      "whiteSpace" : false
    }, {
      "id" : "s0-t49",
      "begin" : 219,
      "end" : 223,
      "text" : "date",
      "whiteSpace" : false
    }, {
      "id" : "s0-t50",
      "begin" : 224,
      "end" : 226,
      "text" : "by",
      "whiteSpace" : false
    }, {
      "id" : "s0-t51",
      "begin" : 227,
      "end" : 232,
      "text" : "these",
      "whiteSpace" : false
    }, {
      "id" : "s0-t52",
      "begin" : 233,
      "end" : 241,
      "text" : "presents",
      "whiteSpace" : false
    }, {
      "id" : "s0-t53",
      "begin" : 242,
      "end" : 250,
      "text" : "transfer",
      "whiteSpace" : false
    }, {
      "id" : "s0-t54",
      "begin" : 251,
      "end" : 254,
      "text" : "and",
      "whiteSpace" : false
    }, {
      "id" : "s0-t55",
      "begin" : 255,
      "end" : 261,
      "text" : "convey",
      "whiteSpace" : false
    }, {
      "id" : "s0-t56",
      "begin" : 262,
      "end" : 266,
      "text" : "unto",
      "whiteSpace" : false
    }, {
      "id" : "s0-t57",
      "begin" : 267,
      "end" : 271,
      "text" : "them",
      "whiteSpace" : false
    }, {
      "id" : "s0-t58",
      "begin" : 272,
      "end" : 275,
      "text" : "the",
      "whiteSpace" : false
    }, {
      "id" : "s0-t59",
      "begin" : 276,
      "end" : 280,
      "text" : "said",
      "whiteSpace" : false
    }, {
      "id" : "s0-t60",
      "begin" : 281,
      "end" : 287,
      "text" : "DONNIE",
      "whiteSpace" : false
    }, {
      "id" : "s0-t61",
      "begin" : 288,
      "end" : 290,
      "text" : "M.",
      "whiteSpace" : false
    }, {
      "id" : "s0-t62",
      "begin" : 291,
      "end" : 297,
      "text" : "LITTLE",
      "whiteSpace" : false
    }, {
      "id" : "s0-t63",
      "begin" : 297,
      "end" : 298,
      "text" : ",",
      "whiteSpace" : false
    }, {
      "id" : "s0-t64",
      "begin" : 299,
      "end" : 304,
      "text" : "DAVID",
      "whiteSpace" : false
    }, {
      "id" : "s0-t65",
      "begin" : 305,
      "end" : 311,
      "text" : "DWIGHT",
      "whiteSpace" : false
    }, {
      "id" : "s0-t66",
      "begin" : 312,
      "end" : 318,
      "text" : "LITTLE",
      "whiteSpace" : false
    }, {
      "id" : "s0-t67",
      "begin" : 319,
      "end" : 322,
      "text" : "and",
      "whiteSpace" : false
    }, {
      "id" : "s0-t68",
      "begin" : 323,
      "end" : 328,
      "text" : "JASON",
      "whiteSpace" : false
    }, {
      "id" : "s0-t69",
      "begin" : 329,
      "end" : 332,
      "text" : "LEE",
      "whiteSpace" : false
    }, {
      "id" : "s0-t70",
      "begin" : 333,
      "end" : 341,
      "text" : "FERGUSON",
      "whiteSpace" : false
    }, {
      "id" : "s0-t71",
      "begin" : 341,
      "end" : 342,
      "text" : ",",
      "whiteSpace" : false
    }, {
      "id" : "s0-t72",
      "begin" : 343,
      "end" : 345,
      "text" : "as",
      "whiteSpace" : false
    }, {
      "id" : "s0-t73",
      "begin" : 346,
      "end" : 351,
      "text" : "equal",
      "whiteSpace" : false
    }, {
      "id" : "s0-t74",
      "begin" : 352,
      "end" : 359,
      "text" : "tenants",
      "whiteSpace" : false
    }, {
      "id" : "s0-t75",
      "begin" : 360,
      "end" : 362,
      "text" : "in",
      "whiteSpace" : false
    }, {
      "id" : "s0-t76",
      "begin" : 363,
      "end" : 369,
      "text" : "common",
      "whiteSpace" : false
    }, {
      "id" : "s0-t77",
      "begin" : 369,
      "end" : 370,
      "text" : ",",
      "whiteSpace" : false
    }, {
      "id" : "s0-t78",
      "begin" : 371,
      "end" : 376,
      "text" : "their",
      "whiteSpace" : false
    }, {
      "id" : "s0-t79",
      "begin" : 377,
      "end" : 382,
      "text" : "heirs",
      "whiteSpace" : false
    }, {
      "id" : "s0-t80",
      "begin" : 383,
      "end" : 386,
      "text" : "and",
      "whiteSpace" : false
    }, {
      "id" : "s0-t81",
      "begin" : 387,
      "end" : 394,
      "text" : "assigns",
      "whiteSpace" : false
    }, {
      "id" : "s0-t82",
      "begin" : 394,
      "end" : 395,
      "text" : ",",
      "whiteSpace" : false
    }, {
      "id" : "s0-t83",
      "begin" : 396,
      "end" : 397,
      "text" : "a",
      "whiteSpace" : false
    }, {
      "id" : "s0-t84",
      "begin" : 398,
      "end" : 405,
      "text" : "certain",
      "whiteSpace" : false
    }, {
      "id" : "s0-t85",
      "begin" : 406,
      "end" : 411,
      "text" : "tract",
      "whiteSpace" : false
    }, {
      "id" : "s0-t86",
      "begin" : 412,
      "end" : 414,
      "text" : "or",
      "whiteSpace" : false
    }, {
      "id" : "s0-t87",
      "begin" : 414,
      "end" : 415,
      "text" : "'",
      "whiteSpace" : false
    }, {
      "id" : "s0-t88",
      "begin" : 416,
      "end" : 422,
      "text" : "parcel",
      "whiteSpace" : false
    }, {
      "id" : "s0-t89",
      "begin" : 423,
      "end" : 425,
      "text" : "of",
      "whiteSpace" : false
    }, {
      "id" : "s0-t90",
      "begin" : 426,
      "end" : 430,
      "text" : "land",
      "whiteSpace" : false
    }, {
      "id" : "s0-t91",
      "begin" : 431,
      "end" : 433,
      "text" : "in",
      "whiteSpace" : false
    }, {
      "id" : "s0-t92",
      "begin" : 434,
      "end" : 437,
      "text" : "the",
      "whiteSpace" : false
    }, {
      "id" : "s0-t93",
      "begin" : 438,
      "end" : 443,
      "text" : "Fifth",
      "whiteSpace" : false
    }, {
      "id" : "s0-t94",
      "begin" : 444,
      "end" : 449,
      "text" : "Civil",
      "whiteSpace" : false
    }, {
      "id" : "s0-t95",
      "begin" : 450,
      "end" : 458,
      "text" : "District",
      "whiteSpace" : false
    }, {
      "id" : "s0-t96",
      "begin" : 459,
      "end" : 461,
      "text" : "of",
      "whiteSpace" : false
    }, {
      "id" : "s0-t97",
      "begin" : 462,
      "end" : 471,
      "text" : "Humphreys",
      "whiteSpace" : false
    }, {
      "id" : "s0-t98",
      "begin" : 472,
      "end" : 478,
      "text" : "County",
      "whiteSpace" : false
    }, {
      "id" : "s0-t99",
      "begin" : 478,
      "end" : 479,
      "text" : ",",
      "whiteSpace" : false
    }, {
      "id" : "s0-t100",
      "begin" : 480,
      "end" : 489,
      "text" : "Tennessee",
      "whiteSpace" : false
    }, {
      "id" : "s0-t101",
      "begin" : 489,
      "end" : 490,
      "text" : ",",
      "whiteSpace" : false
    }, {
      "id" : "s0-t102",
      "begin" : 491,
      "end" : 493,
      "text" : "as",
      "whiteSpace" : false
    }, {
      "id" : "s0-t103",
      "begin" : 494,
      "end" : 501,
      "text" : "follows",
      "whiteSpace" : false
    } ]
  } ],
  "mentions" : [ {
    "id" : "s0-m6",
    "properties" : {
      "SIRE_MENTION_ROLE" : "Grantee",
      "SIRE_ENTITY_SUBTYPE" : "NONE",
      "SIRE_MENTION_TYPE" : "NONE",
      "SIRE_MENTION_CLASS" : "SPC"
    },
    "type" : "Grantee",
    "begin" : 57,
    "end" : 73,
    "inCoref" : false
  }, {
    "id" : "s0-m7",
    "properties" : {
      "SIRE_MENTION_ROLE" : "Grantee",
      "SIRE_ENTITY_SUBTYPE" : "NONE",
      "SIRE_MENTION_TYPE" : "NONE",
      "SIRE_MENTION_CLASS" : "SPC"
    },
    "type" : "Grantee",
    "begin" : 78,
    "end" : 97,
    "inCoref" : false
  }, {
    "id" : "s0-m8",
    "properties" : {
      "SIRE_MENTION_ROLE" : "Grantee",
      "SIRE_ENTITY_SUBTYPE" : "NONE",
      "SIRE_MENTION_TYPE" : "NONE",
      "SIRE_MENTION_CLASS" : "SPC"
    },
    "type" : "Grantee",
    "begin" : 120,
    "end" : 138,
    "inCoref" : false
  }, {
    "id" : "s0-m5",
    "properties" : {
      "SIRE_MENTION_ROLE" : "Grantor",
      "SIRE_ENTITY_SUBTYPE" : "NONE",
      "SIRE_MENTION_TYPE" : "NONE",
      "SIRE_MENTION_CLASS" : "SPC"
    },
    "type" : "Grantor",
    "begin" : 143,
    "end" : 155,
    "inCoref" : false
  }, {
    "id" : "s0-m4",
    "properties" : {
      "SIRE_MENTION_ROLE" : "Grantor",
      "SIRE_ENTITY_SUBTYPE" : "NONE",
      "SIRE_MENTION_TYPE" : "NONE",
      "SIRE_MENTION_CLASS" : "SPC"
    },
    "type" : "Grantor",
    "begin" : 178,
    "end" : 195,
    "inCoref" : false
  }, {
    "id" : "s0-m2",
    "properties" : {
      "SIRE_MENTION_ROLE" : "Grantee",
      "SIRE_ENTITY_SUBTYPE" : "NONE",
      "SIRE_MENTION_TYPE" : "NONE",
      "SIRE_MENTION_CLASS" : "SPC"
    },
    "type" : "Grantee",
    "begin" : 281,
    "end" : 297,
    "inCoref" : false
  }, {
    "id" : "s0-m3",
    "properties" : {
      "SIRE_MENTION_ROLE" : "Grantee",
      "SIRE_ENTITY_SUBTYPE" : "NONE",
      "SIRE_MENTION_TYPE" : "NONE",
      "SIRE_MENTION_CLASS" : "SPC"
    },
    "type" : "Grantee",
    "begin" : 299,
    "end" : 318,
    "inCoref" : false
  }, {
    "id" : "s0-m1",
    "properties" : {
      "SIRE_MENTION_ROLE" : "Grantee",
      "SIRE_ENTITY_SUBTYPE" : "NONE",
      "SIRE_MENTION_TYPE" : "NONE",
      "SIRE_MENTION_CLASS" : "SPC"
    },
    "type" : "Grantee",
    "begin" : 323,
    "end" : 341,
    "inCoref" : false
  } ],
  "relations" : [ ],
  "corefs" : [ ],
  "typeResolved" : true,
  "userResolved" : false
}