{
  "id" : "6ce600d0-5686-11e9-84a6-df86f9fa5a66-14",
  "name" : "WD1-31_1.txt",
  "createdDate" : 0,
  "version" : 3,
  "text" : "For and in consideration of the sum of TEN ($10.00) DOLLARS, cash in hand paid, and other good and valuable considerations, the receipt of which is hereby acknowledged, we, RAY BELL and wife, SUE BELL, DOUG MUHA and wife, RENEE MUHA and BRADLEY STORY and wife, CYNTHIA STORY, this date have bargained and sold, and by these presents do transfer and convey unto JAMES PHILIP LANDISS and wife, LORI UNDERWOOD LANDISS, their heirs and assigns, a certain tract or parcel of land in the Second Civil District of Humphreys County, Tennessee, and being more particularly described as follows",
  "docLength" : 0,
  "language" : "EN",
  "status" : "SUBMITTED",
  "modifiedDate" : 1554347475392,
  "documentSet" : [ ],
  "preannotation" : [ ],
  "sentences" : [ {
    "id" : "s0",
    "begin" : 0,
    "end" : 584,
    "text" : "For and in consideration of the sum of TEN ($10.00) DOLLARS, cash in hand paid, and other good and valuable considerations, the receipt of which is hereby acknowledged, we, RAY BELL and wife, SUE BELL, DOUG MUHA and wife, RENEE MUHA and BRADLEY STORY and wife, CYNTHIA STORY, this date have bargained and sold, and by these presents do transfer and convey unto JAMES PHILIP LANDISS and wife, LORI UNDERWOOD LANDISS, their heirs and assigns, a certain tract or parcel of land in the Second Civil District of Humphreys County, Tennessee, and being more particularly described as follows",
    "tokens" : [ {
      "id" : "s0-t0",
      "begin" : 0,
      "end" : 3,
      "text" : "For",
      "whiteSpace" : false
    }, {
      "id" : "s0-t1",
      "begin" : 4,
      "end" : 7,
      "text" : "and",
      "whiteSpace" : false
    }, {
      "id" : "s0-t2",
      "begin" : 8,
      "end" : 10,
      "text" : "in",
      "whiteSpace" : false
    }, {
      "id" : "s0-t3",
      "begin" : 11,
      "end" : 24,
      "text" : "consideration",
      "whiteSpace" : false
    }, {
      "id" : "s0-t4",
      "begin" : 25,
      "end" : 27,
      "text" : "of",
      "whiteSpace" : false
    }, {
      "id" : "s0-t5",
      "begin" : 28,
      "end" : 31,
      "text" : "the",
      "whiteSpace" : false
    }, {
      "id" : "s0-t6",
      "begin" : 32,
      "end" : 35,
      "text" : "sum",
      "whiteSpace" : false
    }, {
      "id" : "s0-t7",
      "begin" : 36,
      "end" : 38,
      "text" : "of",
      "whiteSpace" : false
    }, {
      "id" : "s0-t8",
      "begin" : 39,
      "end" : 42,
      "text" : "TEN",
      "whiteSpace" : false
    }, {
      "id" : "s0-t9",
      "begin" : 43,
      "end" : 44,
      "text" : "(",
      "whiteSpace" : false
    }, {
      "id" : "s0-t10",
      "begin" : 44,
      "end" : 45,
      "text" : "$",
      "whiteSpace" : false
    }, {
      "id" : "s0-t11",
      "begin" : 45,
      "end" : 50,
      "text" : "10.00",
      "whiteSpace" : false
    }, {
      "id" : "s0-t12",
      "begin" : 50,
      "end" : 51,
      "text" : ")",
      "whiteSpace" : false
    }, {
      "id" : "s0-t13",
      "begin" : 52,
      "end" : 59,
      "text" : "DOLLARS",
      "whiteSpace" : false
    }, {
      "id" : "s0-t14",
      "begin" : 59,
      "end" : 60,
      "text" : ",",
      "whiteSpace" : false
    }, {
      "id" : "s0-t15",
      "begin" : 61,
      "end" : 65,
      "text" : "cash",
      "whiteSpace" : false
    }, {
      "id" : "s0-t16",
      "begin" : 66,
      "end" : 68,
      "text" : "in",
      "whiteSpace" : false
    }, {
      "id" : "s0-t17",
      "begin" : 69,
      "end" : 73,
      "text" : "hand",
      "whiteSpace" : false
    }, {
      "id" : "s0-t18",
      "begin" : 74,
      "end" : 78,
      "text" : "paid",
      "whiteSpace" : false
    }, {
      "id" : "s0-t19",
      "begin" : 78,
      "end" : 79,
      "text" : ",",
      "whiteSpace" : false
    }, {
      "id" : "s0-t20",
      "begin" : 80,
      "end" : 83,
      "text" : "and",
      "whiteSpace" : false
    }, {
      "id" : "s0-t21",
      "begin" : 84,
      "end" : 89,
      "text" : "other",
      "whiteSpace" : false
    }, {
      "id" : "s0-t22",
      "begin" : 90,
      "end" : 94,
      "text" : "good",
      "whiteSpace" : false
    }, {
      "id" : "s0-t23",
      "begin" : 95,
      "end" : 98,
      "text" : "and",
      "whiteSpace" : false
    }, {
      "id" : "s0-t24",
      "begin" : 99,
      "end" : 107,
      "text" : "valuable",
      "whiteSpace" : false
    }, {
      "id" : "s0-t25",
      "begin" : 108,
      "end" : 122,
      "text" : "considerations",
      "whiteSpace" : false
    }, {
      "id" : "s0-t26",
      "begin" : 122,
      "end" : 123,
      "text" : ",",
      "whiteSpace" : false
    }, {
      "id" : "s0-t27",
      "begin" : 124,
      "end" : 127,
      "text" : "the",
      "whiteSpace" : false
    }, {
      "id" : "s0-t28",
      "begin" : 128,
      "end" : 135,
      "text" : "receipt",
      "whiteSpace" : false
    }, {
      "id" : "s0-t29",
      "begin" : 136,
      "end" : 138,
      "text" : "of",
      "whiteSpace" : false
    }, {
      "id" : "s0-t30",
      "begin" : 139,
      "end" : 144,
      "text" : "which",
      "whiteSpace" : false
    }, {
      "id" : "s0-t31",
      "begin" : 145,
      "end" : 147,
      "text" : "is",
      "whiteSpace" : false
    }, {
      "id" : "s0-t32",
      "begin" : 148,
      "end" : 154,
      "text" : "hereby",
      "whiteSpace" : false
    }, {
      "id" : "s0-t33",
      "begin" : 155,
      "end" : 167,
      "text" : "acknowledged",
      "whiteSpace" : false
    }, {
      "id" : "s0-t34",
      "begin" : 167,
      "end" : 168,
      "text" : ",",
      "whiteSpace" : false
    }, {
      "id" : "s0-t35",
      "begin" : 169,
      "end" : 171,
      "text" : "we",
      "whiteSpace" : false
    }, {
      "id" : "s0-t36",
      "begin" : 171,
      "end" : 172,
      "text" : ",",
      "whiteSpace" : false
    }, {
      "id" : "s0-t37",
      "begin" : 173,
      "end" : 176,
      "text" : "RAY",
      "whiteSpace" : false
    }, {
      "id" : "s0-t38",
      "begin" : 177,
      "end" : 181,
      "text" : "BELL",
      "whiteSpace" : false
    }, {
      "id" : "s0-t39",
      "begin" : 182,
      "end" : 185,
      "text" : "and",
      "whiteSpace" : false
    }, {
      "id" : "s0-t40",
      "begin" : 186,
      "end" : 190,
      "text" : "wife",
      "whiteSpace" : false
    }, {
      "id" : "s0-t41",
      "begin" : 190,
      "end" : 191,
      "text" : ",",
      "whiteSpace" : false
    }, {
      "id" : "s0-t42",
      "begin" : 192,
      "end" : 195,
      "text" : "SUE",
      "whiteSpace" : false
    }, {
      "id" : "s0-t43",
      "begin" : 196,
      "end" : 200,
      "text" : "BELL",
      "whiteSpace" : false
    }, {
      "id" : "s0-t44",
      "begin" : 200,
      "end" : 201,
      "text" : ",",
      "whiteSpace" : false
    }, {
      "id" : "s0-t45",
      "begin" : 202,
      "end" : 206,
      "text" : "DOUG",
      "whiteSpace" : false
    }, {
      "id" : "s0-t46",
      "begin" : 207,
      "end" : 211,
      "text" : "MUHA",
      "whiteSpace" : false
    }, {
      "id" : "s0-t47",
      "begin" : 212,
      "end" : 215,
      "text" : "and",
      "whiteSpace" : false
    }, {
      "id" : "s0-t48",
      "begin" : 216,
      "end" : 220,
      "text" : "wife",
      "whiteSpace" : false
    }, {
      "id" : "s0-t49",
      "begin" : 220,
      "end" : 221,
      "text" : ",",
      "whiteSpace" : false
    }, {
      "id" : "s0-t50",
      "begin" : 222,
      "end" : 227,
      "text" : "RENEE",
      "whiteSpace" : false
    }, {
      "id" : "s0-t51",
      "begin" : 228,
      "end" : 232,
      "text" : "MUHA",
      "whiteSpace" : false
    }, {
      "id" : "s0-t52",
      "begin" : 233,
      "end" : 236,
      "text" : "and",
      "whiteSpace" : false
    }, {
      "id" : "s0-t53",
      "begin" : 237,
      "end" : 244,
      "text" : "BRADLEY",
      "whiteSpace" : false
    }, {
      "id" : "s0-t54",
      "begin" : 245,
      "end" : 250,
      "text" : "STORY",
      "whiteSpace" : false
    }, {
      "id" : "s0-t55",
      "begin" : 251,
      "end" : 254,
      "text" : "and",
      "whiteSpace" : false
    }, {
      "id" : "s0-t56",
      "begin" : 255,
      "end" : 259,
      "text" : "wife",
      "whiteSpace" : false
    }, {
      "id" : "s0-t57",
      "begin" : 259,
      "end" : 260,
      "text" : ",",
      "whiteSpace" : false
    }, {
      "id" : "s0-t58",
      "begin" : 261,
      "end" : 268,
      "text" : "CYNTHIA",
      "whiteSpace" : false
    }, {
      "id" : "s0-t59",
      "begin" : 269,
      "end" : 274,
      "text" : "STORY",
      "whiteSpace" : false
    }, {
      "id" : "s0-t60",
      "begin" : 274,
      "end" : 275,
      "text" : ",",
      "whiteSpace" : false
    }, {
      "id" : "s0-t61",
      "begin" : 276,
      "end" : 280,
      "text" : "this",
      "whiteSpace" : false
    }, {
      "id" : "s0-t62",
      "begin" : 281,
      "end" : 285,
      "text" : "date",
      "whiteSpace" : false
    }, {
      "id" : "s0-t63",
      "begin" : 286,
      "end" : 290,
      "text" : "have",
      "whiteSpace" : false
    }, {
      "id" : "s0-t64",
      "begin" : 291,
      "end" : 300,
      "text" : "bargained",
      "whiteSpace" : false
    }, {
      "id" : "s0-t65",
      "begin" : 301,
      "end" : 304,
      "text" : "and",
      "whiteSpace" : false
    }, {
      "id" : "s0-t66",
      "begin" : 305,
      "end" : 309,
      "text" : "sold",
      "whiteSpace" : false
    }, {
      "id" : "s0-t67",
      "begin" : 309,
      "end" : 310,
      "text" : ",",
      "whiteSpace" : false
    }, {
      "id" : "s0-t68",
      "begin" : 311,
      "end" : 314,
      "text" : "and",
      "whiteSpace" : false
    }, {
      "id" : "s0-t69",
      "begin" : 315,
      "end" : 317,
      "text" : "by",
      "whiteSpace" : false
    }, {
      "id" : "s0-t70",
      "begin" : 318,
      "end" : 323,
      "text" : "these",
      "whiteSpace" : false
    }, {
      "id" : "s0-t71",
      "begin" : 324,
      "end" : 332,
      "text" : "presents",
      "whiteSpace" : false
    }, {
      "id" : "s0-t72",
      "begin" : 333,
      "end" : 335,
      "text" : "do",
      "whiteSpace" : false
    }, {
      "id" : "s0-t73",
      "begin" : 336,
      "end" : 344,
      "text" : "transfer",
      "whiteSpace" : false
    }, {
      "id" : "s0-t74",
      "begin" : 345,
      "end" : 348,
      "text" : "and",
      "whiteSpace" : false
    }, {
      "id" : "s0-t75",
      "begin" : 349,
      "end" : 355,
      "text" : "convey",
      "whiteSpace" : false
    }, {
      "id" : "s0-t76",
      "begin" : 356,
      "end" : 360,
      "text" : "unto",
      "whiteSpace" : false
    }, {
      "id" : "s0-t77",
      "begin" : 361,
      "end" : 366,
      "text" : "JAMES",
      "whiteSpace" : false
    }, {
      "id" : "s0-t78",
      "begin" : 367,
      "end" : 373,
      "text" : "PHILIP",
      "whiteSpace" : false
    }, {
      "id" : "s0-t79",
      "begin" : 374,
      "end" : 381,
      "text" : "LANDISS",
      "whiteSpace" : false
    }, {
      "id" : "s0-t80",
      "begin" : 382,
      "end" : 385,
      "text" : "and",
      "whiteSpace" : false
    }, {
      "id" : "s0-t81",
      "begin" : 386,
      "end" : 390,
      "text" : "wife",
      "whiteSpace" : false
    }, {
      "id" : "s0-t82",
      "begin" : 390,
      "end" : 391,
      "text" : ",",
      "whiteSpace" : false
    }, {
      "id" : "s0-t83",
      "begin" : 392,
      "end" : 396,
      "text" : "LORI",
      "whiteSpace" : false
    }, {
      "id" : "s0-t84",
      "begin" : 397,
      "end" : 406,
      "text" : "UNDERWOOD",
      "whiteSpace" : false
    }, {
      "id" : "s0-t85",
      "begin" : 407,
      "end" : 414,
      "text" : "LANDISS",
      "whiteSpace" : false
    }, {
      "id" : "s0-t86",
      "begin" : 414,
      "end" : 415,
      "text" : ",",
      "whiteSpace" : false
    }, {
      "id" : "s0-t87",
      "begin" : 416,
      "end" : 421,
      "text" : "their",
      "whiteSpace" : false
    }, {
      "id" : "s0-t88",
      "begin" : 422,
      "end" : 427,
      "text" : "heirs",
      "whiteSpace" : false
    }, {
      "id" : "s0-t89",
      "begin" : 428,
      "end" : 431,
      "text" : "and",
      "whiteSpace" : false
    }, {
      "id" : "s0-t90",
      "begin" : 432,
      "end" : 439,
      "text" : "assigns",
      "whiteSpace" : false
    }, {
      "id" : "s0-t91",
      "begin" : 439,
      "end" : 440,
      "text" : ",",
      "whiteSpace" : false
    }, {
      "id" : "s0-t92",
      "begin" : 441,
      "end" : 442,
      "text" : "a",
      "whiteSpace" : false
    }, {
      "id" : "s0-t93",
      "begin" : 443,
      "end" : 450,
      "text" : "certain",
      "whiteSpace" : false
    }, {
      "id" : "s0-t94",
      "begin" : 451,
      "end" : 456,
      "text" : "tract",
      "whiteSpace" : false
    }, {
      "id" : "s0-t95",
      "begin" : 457,
      "end" : 459,
      "text" : "or",
      "whiteSpace" : false
    }, {
      "id" : "s0-t96",
      "begin" : 460,
      "end" : 466,
      "text" : "parcel",
      "whiteSpace" : false
    }, {
      "id" : "s0-t97",
      "begin" : 467,
      "end" : 469,
      "text" : "of",
      "whiteSpace" : false
    }, {
      "id" : "s0-t98",
      "begin" : 470,
      "end" : 474,
      "text" : "land",
      "whiteSpace" : false
    }, {
      "id" : "s0-t99",
      "begin" : 475,
      "end" : 477,
      "text" : "in",
      "whiteSpace" : false
    }, {
      "id" : "s0-t100",
      "begin" : 478,
      "end" : 481,
      "text" : "the",
      "whiteSpace" : false
    }, {
      "id" : "s0-t101",
      "begin" : 482,
      "end" : 488,
      "text" : "Second",
      "whiteSpace" : false
    }, {
      "id" : "s0-t102",
      "begin" : 489,
      "end" : 494,
      "text" : "Civil",
      "whiteSpace" : false
    }, {
      "id" : "s0-t103",
      "begin" : 495,
      "end" : 503,
      "text" : "District",
      "whiteSpace" : false
    }, {
      "id" : "s0-t104",
      "begin" : 504,
      "end" : 506,
      "text" : "of",
      "whiteSpace" : false
    }, {
      "id" : "s0-t105",
      "begin" : 507,
      "end" : 516,
      "text" : "Humphreys",
      "whiteSpace" : false
    }, {
      "id" : "s0-t106",
      "begin" : 517,
      "end" : 523,
      "text" : "County",
      "whiteSpace" : false
    }, {
      "id" : "s0-t107",
      "begin" : 523,
      "end" : 524,
      "text" : ",",
      "whiteSpace" : false
    }, {
      "id" : "s0-t108",
      "begin" : 525,
      "end" : 534,
      "text" : "Tennessee",
      "whiteSpace" : false
    }, {
      "id" : "s0-t109",
      "begin" : 534,
      "end" : 535,
      "text" : ",",
      "whiteSpace" : false
    }, {
      "id" : "s0-t110",
      "begin" : 536,
      "end" : 539,
      "text" : "and",
      "whiteSpace" : false
    }, {
      "id" : "s0-t111",
      "begin" : 540,
      "end" : 545,
      "text" : "being",
      "whiteSpace" : false
    }, {
      "id" : "s0-t112",
      "begin" : 546,
      "end" : 550,
      "text" : "more",
      "whiteSpace" : false
    }, {
      "id" : "s0-t113",
      "begin" : 551,
      "end" : 563,
      "text" : "particularly",
      "whiteSpace" : false
    }, {
      "id" : "s0-t114",
      "begin" : 564,
      "end" : 573,
      "text" : "described",
      "whiteSpace" : false
    }, {
      "id" : "s0-t115",
      "begin" : 574,
      "end" : 576,
      "text" : "as",
      "whiteSpace" : false
    }, {
      "id" : "s0-t116",
      "begin" : 577,
      "end" : 584,
      "text" : "follows",
      "whiteSpace" : false
    } ]
  } ],
  "mentions" : [ {
    "id" : "s0-m1",
    "properties" : {
      "SIRE_MENTION_ROLE" : "Grantor",
      "SIRE_ENTITY_SUBTYPE" : "NONE",
      "SIRE_MENTION_TYPE" : "NONE",
      "SIRE_MENTION_CLASS" : "SPC"
    },
    "type" : "Grantor",
    "begin" : 173,
    "end" : 181,
    "inCoref" : false
  }, {
    "id" : "s0-m2",
    "properties" : {
      "SIRE_MENTION_ROLE" : "Grantor",
      "SIRE_ENTITY_SUBTYPE" : "NONE",
      "SIRE_MENTION_TYPE" : "NONE",
      "SIRE_MENTION_CLASS" : "SPC"
    },
    "type" : "Grantor",
    "begin" : 192,
    "end" : 200,
    "inCoref" : false
  }, {
    "id" : "s0-m3",
    "properties" : {
      "SIRE_MENTION_ROLE" : "Grantor",
      "SIRE_ENTITY_SUBTYPE" : "NONE",
      "SIRE_MENTION_TYPE" : "NONE",
      "SIRE_MENTION_CLASS" : "SPC"
    },
    "type" : "Grantor",
    "begin" : 202,
    "end" : 211,
    "inCoref" : false
  }, {
    "id" : "s0-m4",
    "properties" : {
      "SIRE_MENTION_ROLE" : "Grantor",
      "SIRE_ENTITY_SUBTYPE" : "NONE",
      "SIRE_MENTION_TYPE" : "NONE",
      "SIRE_MENTION_CLASS" : "SPC"
    },
    "type" : "Grantor",
    "begin" : 222,
    "end" : 232,
    "inCoref" : false
  }, {
    "id" : "s0-m5",
    "properties" : {
      "SIRE_MENTION_ROLE" : "Grantor",
      "SIRE_ENTITY_SUBTYPE" : "NONE",
      "SIRE_MENTION_TYPE" : "NONE",
      "SIRE_MENTION_CLASS" : "SPC"
    },
    "type" : "Grantor",
    "begin" : 237,
    "end" : 250,
    "inCoref" : false
  }, {
    "id" : "s0-m6",
    "properties" : {
      "SIRE_MENTION_ROLE" : "Grantor",
      "SIRE_ENTITY_SUBTYPE" : "NONE",
      "SIRE_MENTION_TYPE" : "NONE",
      "SIRE_MENTION_CLASS" : "SPC"
    },
    "type" : "Grantor",
    "begin" : 261,
    "end" : 274,
    "inCoref" : false
  }, {
    "id" : "s0-m7",
    "properties" : {
      "SIRE_MENTION_ROLE" : "Grantee",
      "SIRE_ENTITY_SUBTYPE" : "NONE",
      "SIRE_MENTION_TYPE" : "NONE",
      "SIRE_MENTION_CLASS" : "SPC"
    },
    "type" : "Grantee",
    "begin" : 361,
    "end" : 381,
    "inCoref" : false
  }, {
    "id" : "s0-m9",
    "properties" : {
      "SIRE_MENTION_ROLE" : "Grantee",
      "SIRE_ENTITY_SUBTYPE" : "NONE",
      "SIRE_MENTION_TYPE" : "NONE",
      "SIRE_MENTION_CLASS" : "SPC"
    },
    "type" : "Grantee",
    "begin" : 392,
    "end" : 414,
    "inCoref" : false
  } ],
  "relations" : [ ],
  "corefs" : [ ],
  "typeResolved" : true,
  "userResolved" : false
}