{
  "id" : "6ec38db0-5676-11e9-a5da-fdc443a70fd2-4",
  "name" : "WD1-30_2.txt",
  "createdDate" : 0,
  "version" : 3,
  "text" : " All bearings are given in reference to Magnetic meridian in relation to a survey of the parent tract BEING a portion of the same property conveyed to James Hughes and wife, Linda Sue Hughes, by deed of record in Deed Book 121, page 884, Register's Of???ce of Humphreys County, Tennessee. TO HAVE AND TO HOLD the said tract or parcel of land, with the appurtenances, estate, title, and interest thereto belonging,",
  "docLength" : 0,
  "language" : "EN",
  "status" : "SUBMITTED",
  "modifiedDate" : 1554343487024,
  "documentSet" : [ ],
  "preannotation" : [ ],
  "sentences" : [ {
    "id" : "s0",
    "begin" : 1,
    "end" : 252,
    "text" : "All bearings are given in reference to Magnetic meridian in relation to a survey of the parent tract BEING a portion of the same property conveyed to James Hughes and wife, Linda Sue Hughes, by deed of record in Deed Book 121, page 884, Register's Of?",
    "tokens" : [ {
      "id" : "s0-t0",
      "begin" : 1,
      "end" : 4,
      "text" : "All",
      "whiteSpace" : false
    }, {
      "id" : "s0-t1",
      "begin" : 5,
      "end" : 13,
      "text" : "bearings",
      "whiteSpace" : false
    }, {
      "id" : "s0-t2",
      "begin" : 14,
      "end" : 17,
      "text" : "are",
      "whiteSpace" : false
    }, {
      "id" : "s0-t3",
      "begin" : 18,
      "end" : 23,
      "text" : "given",
      "whiteSpace" : false
    }, {
      "id" : "s0-t4",
      "begin" : 24,
      "end" : 26,
      "text" : "in",
      "whiteSpace" : false
    }, {
      "id" : "s0-t5",
      "begin" : 27,
      "end" : 36,
      "text" : "reference",
      "whiteSpace" : false
    }, {
      "id" : "s0-t6",
      "begin" : 37,
      "end" : 39,
      "text" : "to",
      "whiteSpace" : false
    }, {
      "id" : "s0-t7",
      "begin" : 40,
      "end" : 48,
      "text" : "Magnetic",
      "whiteSpace" : false
    }, {
      "id" : "s0-t8",
      "begin" : 49,
      "end" : 57,
      "text" : "meridian",
      "whiteSpace" : false
    }, {
      "id" : "s0-t9",
      "begin" : 58,
      "end" : 60,
      "text" : "in",
      "whiteSpace" : false
    }, {
      "id" : "s0-t10",
      "begin" : 61,
      "end" : 69,
      "text" : "relation",
      "whiteSpace" : false
    }, {
      "id" : "s0-t11",
      "begin" : 70,
      "end" : 72,
      "text" : "to",
      "whiteSpace" : false
    }, {
      "id" : "s0-t12",
      "begin" : 73,
      "end" : 74,
      "text" : "a",
      "whiteSpace" : false
    }, {
      "id" : "s0-t13",
      "begin" : 75,
      "end" : 81,
      "text" : "survey",
      "whiteSpace" : false
    }, {
      "id" : "s0-t14",
      "begin" : 82,
      "end" : 84,
      "text" : "of",
      "whiteSpace" : false
    }, {
      "id" : "s0-t15",
      "begin" : 85,
      "end" : 88,
      "text" : "the",
      "whiteSpace" : false
    }, {
      "id" : "s0-t16",
      "begin" : 89,
      "end" : 95,
      "text" : "parent",
      "whiteSpace" : false
    }, {
      "id" : "s0-t17",
      "begin" : 96,
      "end" : 101,
      "text" : "tract",
      "whiteSpace" : false
    }, {
      "id" : "s0-t18",
      "begin" : 102,
      "end" : 107,
      "text" : "BEING",
      "whiteSpace" : false
    }, {
      "id" : "s0-t19",
      "begin" : 108,
      "end" : 109,
      "text" : "a",
      "whiteSpace" : false
    }, {
      "id" : "s0-t20",
      "begin" : 110,
      "end" : 117,
      "text" : "portion",
      "whiteSpace" : false
    }, {
      "id" : "s0-t21",
      "begin" : 118,
      "end" : 120,
      "text" : "of",
      "whiteSpace" : false
    }, {
      "id" : "s0-t22",
      "begin" : 121,
      "end" : 124,
      "text" : "the",
      "whiteSpace" : false
    }, {
      "id" : "s0-t23",
      "begin" : 125,
      "end" : 129,
      "text" : "same",
      "whiteSpace" : false
    }, {
      "id" : "s0-t24",
      "begin" : 130,
      "end" : 138,
      "text" : "property",
      "whiteSpace" : false
    }, {
      "id" : "s0-t25",
      "begin" : 139,
      "end" : 147,
      "text" : "conveyed",
      "whiteSpace" : false
    }, {
      "id" : "s0-t26",
      "begin" : 148,
      "end" : 150,
      "text" : "to",
      "whiteSpace" : false
    }, {
      "id" : "s0-t27",
      "begin" : 151,
      "end" : 156,
      "text" : "James",
      "whiteSpace" : false
    }, {
      "id" : "s0-t28",
      "begin" : 157,
      "end" : 163,
      "text" : "Hughes",
      "whiteSpace" : false
    }, {
      "id" : "s0-t29",
      "begin" : 164,
      "end" : 167,
      "text" : "and",
      "whiteSpace" : false
    }, {
      "id" : "s0-t30",
      "begin" : 168,
      "end" : 172,
      "text" : "wife",
      "whiteSpace" : false
    }, {
      "id" : "s0-t31",
      "begin" : 172,
      "end" : 173,
      "text" : ",",
      "whiteSpace" : false
    }, {
      "id" : "s0-t32",
      "begin" : 174,
      "end" : 179,
      "text" : "Linda",
      "whiteSpace" : false
    }, {
      "id" : "s0-t33",
      "begin" : 180,
      "end" : 183,
      "text" : "Sue",
      "whiteSpace" : false
    }, {
      "id" : "s0-t34",
      "begin" : 184,
      "end" : 190,
      "text" : "Hughes",
      "whiteSpace" : false
    }, {
      "id" : "s0-t35",
      "begin" : 190,
      "end" : 191,
      "text" : ",",
      "whiteSpace" : false
    }, {
      "id" : "s0-t36",
      "begin" : 192,
      "end" : 194,
      "text" : "by",
      "whiteSpace" : false
    }, {
      "id" : "s0-t37",
      "begin" : 195,
      "end" : 199,
      "text" : "deed",
      "whiteSpace" : false
    }, {
      "id" : "s0-t38",
      "begin" : 200,
      "end" : 202,
      "text" : "of",
      "whiteSpace" : false
    }, {
      "id" : "s0-t39",
      "begin" : 203,
      "end" : 209,
      "text" : "record",
      "whiteSpace" : false
    }, {
      "id" : "s0-t40",
      "begin" : 210,
      "end" : 212,
      "text" : "in",
      "whiteSpace" : false
    }, {
      "id" : "s0-t41",
      "begin" : 213,
      "end" : 217,
      "text" : "Deed",
      "whiteSpace" : false
    }, {
      "id" : "s0-t42",
      "begin" : 218,
      "end" : 222,
      "text" : "Book",
      "whiteSpace" : false
    }, {
      "id" : "s0-t43",
      "begin" : 223,
      "end" : 226,
      "text" : "121",
      "whiteSpace" : false
    }, {
      "id" : "s0-t44",
      "begin" : 226,
      "end" : 227,
      "text" : ",",
      "whiteSpace" : false
    }, {
      "id" : "s0-t45",
      "begin" : 228,
      "end" : 232,
      "text" : "page",
      "whiteSpace" : false
    }, {
      "id" : "s0-t46",
      "begin" : 233,
      "end" : 236,
      "text" : "884",
      "whiteSpace" : false
    }, {
      "id" : "s0-t47",
      "begin" : 236,
      "end" : 237,
      "text" : ",",
      "whiteSpace" : false
    }, {
      "id" : "s0-t48",
      "begin" : 238,
      "end" : 246,
      "text" : "Register",
      "whiteSpace" : false
    }, {
      "id" : "s0-t49",
      "begin" : 246,
      "end" : 248,
      "text" : "'s",
      "whiteSpace" : false
    }, {
      "id" : "s0-t50",
      "begin" : 249,
      "end" : 251,
      "text" : "Of",
      "whiteSpace" : false
    }, {
      "id" : "s0-t51",
      "begin" : 251,
      "end" : 252,
      "text" : "?",
      "whiteSpace" : false
    } ]
  }, {
    "id" : "s1",
    "begin" : 252,
    "end" : 288,
    "text" : "??ce of Humphreys County, Tennessee.",
    "tokens" : [ {
      "id" : "s1-t0",
      "begin" : 252,
      "end" : 256,
      "text" : "??ce",
      "whiteSpace" : false
    }, {
      "id" : "s1-t1",
      "begin" : 257,
      "end" : 259,
      "text" : "of",
      "whiteSpace" : false
    }, {
      "id" : "s1-t2",
      "begin" : 260,
      "end" : 269,
      "text" : "Humphreys",
      "whiteSpace" : false
    }, {
      "id" : "s1-t3",
      "begin" : 270,
      "end" : 276,
      "text" : "County",
      "whiteSpace" : false
    }, {
      "id" : "s1-t4",
      "begin" : 276,
      "end" : 277,
      "text" : ",",
      "whiteSpace" : false
    }, {
      "id" : "s1-t5",
      "begin" : 278,
      "end" : 287,
      "text" : "Tennessee",
      "whiteSpace" : false
    }, {
      "id" : "s1-t6",
      "begin" : 287,
      "end" : 288,
      "text" : ".",
      "whiteSpace" : false
    } ]
  }, {
    "id" : "s2",
    "begin" : 289,
    "end" : 413,
    "text" : "TO HAVE AND TO HOLD the said tract or parcel of land, with the appurtenances, estate, title, and interest thereto belonging,",
    "tokens" : [ {
      "id" : "s2-t0",
      "begin" : 289,
      "end" : 291,
      "text" : "TO",
      "whiteSpace" : false
    }, {
      "id" : "s2-t1",
      "begin" : 292,
      "end" : 296,
      "text" : "HAVE",
      "whiteSpace" : false
    }, {
      "id" : "s2-t2",
      "begin" : 297,
      "end" : 300,
      "text" : "AND",
      "whiteSpace" : false
    }, {
      "id" : "s2-t3",
      "begin" : 301,
      "end" : 303,
      "text" : "TO",
      "whiteSpace" : false
    }, {
      "id" : "s2-t4",
      "begin" : 304,
      "end" : 308,
      "text" : "HOLD",
      "whiteSpace" : false
    }, {
      "id" : "s2-t5",
      "begin" : 309,
      "end" : 312,
      "text" : "the",
      "whiteSpace" : false
    }, {
      "id" : "s2-t6",
      "begin" : 313,
      "end" : 317,
      "text" : "said",
      "whiteSpace" : false
    }, {
      "id" : "s2-t7",
      "begin" : 318,
      "end" : 323,
      "text" : "tract",
      "whiteSpace" : false
    }, {
      "id" : "s2-t8",
      "begin" : 324,
      "end" : 326,
      "text" : "or",
      "whiteSpace" : false
    }, {
      "id" : "s2-t9",
      "begin" : 327,
      "end" : 333,
      "text" : "parcel",
      "whiteSpace" : false
    }, {
      "id" : "s2-t10",
      "begin" : 334,
      "end" : 336,
      "text" : "of",
      "whiteSpace" : false
    }, {
      "id" : "s2-t11",
      "begin" : 337,
      "end" : 341,
      "text" : "land",
      "whiteSpace" : false
    }, {
      "id" : "s2-t12",
      "begin" : 341,
      "end" : 342,
      "text" : ",",
      "whiteSpace" : false
    }, {
      "id" : "s2-t13",
      "begin" : 343,
      "end" : 347,
      "text" : "with",
      "whiteSpace" : false
    }, {
      "id" : "s2-t14",
      "begin" : 348,
      "end" : 351,
      "text" : "the",
      "whiteSpace" : false
    }, {
      "id" : "s2-t15",
      "begin" : 352,
      "end" : 365,
      "text" : "appurtenances",
      "whiteSpace" : false
    }, {
      "id" : "s2-t16",
      "begin" : 365,
      "end" : 366,
      "text" : ",",
      "whiteSpace" : false
    }, {
      "id" : "s2-t17",
      "begin" : 367,
      "end" : 373,
      "text" : "estate",
      "whiteSpace" : false
    }, {
      "id" : "s2-t18",
      "begin" : 373,
      "end" : 374,
      "text" : ",",
      "whiteSpace" : false
    }, {
      "id" : "s2-t19",
      "begin" : 375,
      "end" : 380,
      "text" : "title",
      "whiteSpace" : false
    }, {
      "id" : "s2-t20",
      "begin" : 380,
      "end" : 381,
      "text" : ",",
      "whiteSpace" : false
    }, {
      "id" : "s2-t21",
      "begin" : 382,
      "end" : 385,
      "text" : "and",
      "whiteSpace" : false
    }, {
      "id" : "s2-t22",
      "begin" : 386,
      "end" : 394,
      "text" : "interest",
      "whiteSpace" : false
    }, {
      "id" : "s2-t23",
      "begin" : 395,
      "end" : 402,
      "text" : "thereto",
      "whiteSpace" : false
    }, {
      "id" : "s2-t24",
      "begin" : 403,
      "end" : 412,
      "text" : "belonging",
      "whiteSpace" : false
    }, {
      "id" : "s2-t25",
      "begin" : 412,
      "end" : 413,
      "text" : ",",
      "whiteSpace" : false
    } ]
  } ],
  "mentions" : [ {
    "id" : "s0-m1",
    "properties" : {
      "SIRE_MENTION_ROLE" : "WarrDeedBookNum",
      "SIRE_ENTITY_SUBTYPE" : "NONE",
      "SIRE_MENTION_TYPE" : "NONE",
      "SIRE_MENTION_CLASS" : "SPC"
    },
    "type" : "WarrDeedBookNum",
    "begin" : 223,
    "end" : 226,
    "inCoref" : false
  }, {
    "id" : "s0-m2",
    "properties" : {
      "SIRE_MENTION_ROLE" : "WarrDeedPageNum",
      "SIRE_ENTITY_SUBTYPE" : "NONE",
      "SIRE_MENTION_TYPE" : "NONE",
      "SIRE_MENTION_CLASS" : "SPC"
    },
    "type" : "WarrDeedPageNum",
    "begin" : 233,
    "end" : 236,
    "inCoref" : false
  } ],
  "relations" : [ ],
  "corefs" : [ ],
  "typeResolved" : true,
  "userResolved" : false
}