{
  "id" : "6ec38db0-5676-11e9-a5da-fdc443a70fd2-7",
  "name" : "WD1-30_5.txt",
  "createdDate" : 0,
  "version" : 3,
  "text" : "t,, BEING the same parcel of land acquired by me and my late husband by deed of record in Deed Book 111, page 117, Register???s Office, ",
  "docLength" : 0,
  "language" : "EN",
  "status" : "SUBMITTED",
  "modifiedDate" : 1554343508983,
  "documentSet" : [ ],
  "preannotation" : [ ],
  "sentences" : [ {
    "id" : "s0",
    "begin" : 0,
    "end" : 124,
    "text" : "t,, BEING the same parcel of land acquired by me and my late husband by deed of record in Deed Book 111, page 117, Register?",
    "tokens" : [ {
      "id" : "s0-t0",
      "begin" : 0,
      "end" : 1,
      "text" : "t",
      "whiteSpace" : false
    }, {
      "id" : "s0-t1",
      "begin" : 1,
      "end" : 2,
      "text" : ",",
      "whiteSpace" : false
    }, {
      "id" : "s0-t2",
      "begin" : 2,
      "end" : 3,
      "text" : ",",
      "whiteSpace" : false
    }, {
      "id" : "s0-t3",
      "begin" : 4,
      "end" : 9,
      "text" : "BEING",
      "whiteSpace" : false
    }, {
      "id" : "s0-t4",
      "begin" : 10,
      "end" : 13,
      "text" : "the",
      "whiteSpace" : false
    }, {
      "id" : "s0-t5",
      "begin" : 14,
      "end" : 18,
      "text" : "same",
      "whiteSpace" : false
    }, {
      "id" : "s0-t6",
      "begin" : 19,
      "end" : 25,
      "text" : "parcel",
      "whiteSpace" : false
    }, {
      "id" : "s0-t7",
      "begin" : 26,
      "end" : 28,
      "text" : "of",
      "whiteSpace" : false
    }, {
      "id" : "s0-t8",
      "begin" : 29,
      "end" : 33,
      "text" : "land",
      "whiteSpace" : false
    }, {
      "id" : "s0-t9",
      "begin" : 34,
      "end" : 42,
      "text" : "acquired",
      "whiteSpace" : false
    }, {
      "id" : "s0-t10",
      "begin" : 43,
      "end" : 45,
      "text" : "by",
      "whiteSpace" : false
    }, {
      "id" : "s0-t11",
      "begin" : 46,
      "end" : 48,
      "text" : "me",
      "whiteSpace" : false
    }, {
      "id" : "s0-t12",
      "begin" : 49,
      "end" : 52,
      "text" : "and",
      "whiteSpace" : false
    }, {
      "id" : "s0-t13",
      "begin" : 53,
      "end" : 55,
      "text" : "my",
      "whiteSpace" : false
    }, {
      "id" : "s0-t14",
      "begin" : 56,
      "end" : 60,
      "text" : "late",
      "whiteSpace" : false
    }, {
      "id" : "s0-t15",
      "begin" : 61,
      "end" : 68,
      "text" : "husband",
      "whiteSpace" : false
    }, {
      "id" : "s0-t16",
      "begin" : 69,
      "end" : 71,
      "text" : "by",
      "whiteSpace" : false
    }, {
      "id" : "s0-t17",
      "begin" : 72,
      "end" : 76,
      "text" : "deed",
      "whiteSpace" : false
    }, {
      "id" : "s0-t18",
      "begin" : 77,
      "end" : 79,
      "text" : "of",
      "whiteSpace" : false
    }, {
      "id" : "s0-t19",
      "begin" : 80,
      "end" : 86,
      "text" : "record",
      "whiteSpace" : false
    }, {
      "id" : "s0-t20",
      "begin" : 87,
      "end" : 89,
      "text" : "in",
      "whiteSpace" : false
    }, {
      "id" : "s0-t21",
      "begin" : 90,
      "end" : 94,
      "text" : "Deed",
      "whiteSpace" : false
    }, {
      "id" : "s0-t22",
      "begin" : 95,
      "end" : 99,
      "text" : "Book",
      "whiteSpace" : false
    }, {
      "id" : "s0-t23",
      "begin" : 100,
      "end" : 103,
      "text" : "111",
      "whiteSpace" : false
    }, {
      "id" : "s0-t24",
      "begin" : 103,
      "end" : 104,
      "text" : ",",
      "whiteSpace" : false
    }, {
      "id" : "s0-t25",
      "begin" : 105,
      "end" : 109,
      "text" : "page",
      "whiteSpace" : false
    }, {
      "id" : "s0-t26",
      "begin" : 110,
      "end" : 113,
      "text" : "117",
      "whiteSpace" : false
    }, {
      "id" : "s0-t27",
      "begin" : 113,
      "end" : 114,
      "text" : ",",
      "whiteSpace" : false
    }, {
      "id" : "s0-t28",
      "begin" : 115,
      "end" : 123,
      "text" : "Register",
      "whiteSpace" : false
    }, {
      "id" : "s0-t29",
      "begin" : 123,
      "end" : 124,
      "text" : "?",
      "whiteSpace" : false
    } ]
  }, {
    "id" : "s1",
    "begin" : 124,
    "end" : 135,
    "text" : "??s Office,",
    "tokens" : [ {
      "id" : "s1-t0",
      "begin" : 124,
      "end" : 127,
      "text" : "??s",
      "whiteSpace" : false
    }, {
      "id" : "s1-t1",
      "begin" : 128,
      "end" : 134,
      "text" : "Office",
      "whiteSpace" : false
    }, {
      "id" : "s1-t2",
      "begin" : 134,
      "end" : 135,
      "text" : ",",
      "whiteSpace" : false
    } ]
  } ],
  "mentions" : [ {
    "id" : "s0-m1",
    "properties" : {
      "SIRE_MENTION_ROLE" : "WarrDeedBookNum",
      "SIRE_ENTITY_SUBTYPE" : "NONE",
      "SIRE_MENTION_TYPE" : "NONE",
      "SIRE_MENTION_CLASS" : "SPC"
    },
    "type" : "WarrDeedBookNum",
    "begin" : 100,
    "end" : 103,
    "inCoref" : false
  }, {
    "id" : "s0-m2",
    "properties" : {
      "SIRE_MENTION_ROLE" : "WarrDeedPageNum",
      "SIRE_ENTITY_SUBTYPE" : "NONE",
      "SIRE_MENTION_TYPE" : "NONE",
      "SIRE_MENTION_CLASS" : "SPC"
    },
    "type" : "WarrDeedPageNum",
    "begin" : 110,
    "end" : 113,
    "inCoref" : false
  } ],
  "relations" : [ ],
  "corefs" : [ ],
  "typeResolved" : true,
  "userResolved" : false
}