{
  "id" : "6ec38db0-5676-11e9-a5da-fdc443a70fd2-0",
  "name" : "WD1-29_3.txt",
  "createdDate" : 0,
  "version" : 3,
  "text" : "1971. BK ???[1181 PG 29 BEING a portion of the same property conveyed to Stephen S. Little and wife, Brenda M. Little by instrument of record at Deed Book 168, page 856, Register???s Of???ce, Humphreys County, Tennessee. TO HAVE AND TO HOLD the said tract or parcel of land with the ",
  "docLength" : 0,
  "language" : "EN",
  "status" : "SUBMITTED",
  "modifiedDate" : 1554343409009,
  "documentSet" : [ ],
  "preannotation" : [ ],
  "sentences" : [ {
    "id" : "s0",
    "begin" : 0,
    "end" : 5,
    "text" : "1971.",
    "tokens" : [ {
      "id" : "s0-t0",
      "begin" : 0,
      "end" : 4,
      "text" : "1971",
      "whiteSpace" : false
    }, {
      "id" : "s0-t1",
      "begin" : 4,
      "end" : 5,
      "text" : ".",
      "whiteSpace" : false
    } ]
  }, {
    "id" : "s1",
    "begin" : 6,
    "end" : 10,
    "text" : "BK ?",
    "tokens" : [ {
      "id" : "s1-t0",
      "begin" : 6,
      "end" : 8,
      "text" : "BK",
      "whiteSpace" : false
    }, {
      "id" : "s1-t1",
      "begin" : 9,
      "end" : 10,
      "text" : "?",
      "whiteSpace" : false
    } ]
  }, {
    "id" : "s2",
    "begin" : 10,
    "end" : 179,
    "text" : "??[1181 PG 29 BEING a portion of the same property conveyed to Stephen S. Little and wife, Brenda M. Little by instrument of record at Deed Book 168, page 856, Register?",
    "tokens" : [ {
      "id" : "s2-t0",
      "begin" : 10,
      "end" : 12,
      "text" : "??",
      "whiteSpace" : false
    }, {
      "id" : "s2-t1",
      "begin" : 12,
      "end" : 13,
      "text" : "[",
      "whiteSpace" : false
    }, {
      "id" : "s2-t2",
      "begin" : 13,
      "end" : 17,
      "text" : "1181",
      "whiteSpace" : false
    }, {
      "id" : "s2-t3",
      "begin" : 18,
      "end" : 20,
      "text" : "PG",
      "whiteSpace" : false
    }, {
      "id" : "s2-t4",
      "begin" : 21,
      "end" : 23,
      "text" : "29",
      "whiteSpace" : false
    }, {
      "id" : "s2-t5",
      "begin" : 24,
      "end" : 29,
      "text" : "BEING",
      "whiteSpace" : false
    }, {
      "id" : "s2-t6",
      "begin" : 30,
      "end" : 31,
      "text" : "a",
      "whiteSpace" : false
    }, {
      "id" : "s2-t7",
      "begin" : 32,
      "end" : 39,
      "text" : "portion",
      "whiteSpace" : false
    }, {
      "id" : "s2-t8",
      "begin" : 40,
      "end" : 42,
      "text" : "of",
      "whiteSpace" : false
    }, {
      "id" : "s2-t9",
      "begin" : 43,
      "end" : 46,
      "text" : "the",
      "whiteSpace" : false
    }, {
      "id" : "s2-t10",
      "begin" : 47,
      "end" : 51,
      "text" : "same",
      "whiteSpace" : false
    }, {
      "id" : "s2-t11",
      "begin" : 52,
      "end" : 60,
      "text" : "property",
      "whiteSpace" : false
    }, {
      "id" : "s2-t12",
      "begin" : 61,
      "end" : 69,
      "text" : "conveyed",
      "whiteSpace" : false
    }, {
      "id" : "s2-t13",
      "begin" : 70,
      "end" : 72,
      "text" : "to",
      "whiteSpace" : false
    }, {
      "id" : "s2-t14",
      "begin" : 73,
      "end" : 80,
      "text" : "Stephen",
      "whiteSpace" : false
    }, {
      "id" : "s2-t15",
      "begin" : 81,
      "end" : 83,
      "text" : "S.",
      "whiteSpace" : false
    }, {
      "id" : "s2-t16",
      "begin" : 84,
      "end" : 90,
      "text" : "Little",
      "whiteSpace" : false
    }, {
      "id" : "s2-t17",
      "begin" : 91,
      "end" : 94,
      "text" : "and",
      "whiteSpace" : false
    }, {
      "id" : "s2-t18",
      "begin" : 95,
      "end" : 99,
      "text" : "wife",
      "whiteSpace" : false
    }, {
      "id" : "s2-t19",
      "begin" : 99,
      "end" : 100,
      "text" : ",",
      "whiteSpace" : false
    }, {
      "id" : "s2-t20",
      "begin" : 101,
      "end" : 107,
      "text" : "Brenda",
      "whiteSpace" : false
    }, {
      "id" : "s2-t21",
      "begin" : 108,
      "end" : 110,
      "text" : "M.",
      "whiteSpace" : false
    }, {
      "id" : "s2-t22",
      "begin" : 111,
      "end" : 117,
      "text" : "Little",
      "whiteSpace" : false
    }, {
      "id" : "s2-t23",
      "begin" : 118,
      "end" : 120,
      "text" : "by",
      "whiteSpace" : false
    }, {
      "id" : "s2-t24",
      "begin" : 121,
      "end" : 131,
      "text" : "instrument",
      "whiteSpace" : false
    }, {
      "id" : "s2-t25",
      "begin" : 132,
      "end" : 134,
      "text" : "of",
      "whiteSpace" : false
    }, {
      "id" : "s2-t26",
      "begin" : 135,
      "end" : 141,
      "text" : "record",
      "whiteSpace" : false
    }, {
      "id" : "s2-t27",
      "begin" : 142,
      "end" : 144,
      "text" : "at",
      "whiteSpace" : false
    }, {
      "id" : "s2-t28",
      "begin" : 145,
      "end" : 149,
      "text" : "Deed",
      "whiteSpace" : false
    }, {
      "id" : "s2-t29",
      "begin" : 150,
      "end" : 154,
      "text" : "Book",
      "whiteSpace" : false
    }, {
      "id" : "s2-t30",
      "begin" : 155,
      "end" : 158,
      "text" : "168",
      "whiteSpace" : false
    }, {
      "id" : "s2-t31",
      "begin" : 158,
      "end" : 159,
      "text" : ",",
      "whiteSpace" : false
    }, {
      "id" : "s2-t32",
      "begin" : 160,
      "end" : 164,
      "text" : "page",
      "whiteSpace" : false
    }, {
      "id" : "s2-t33",
      "begin" : 165,
      "end" : 168,
      "text" : "856",
      "whiteSpace" : false
    }, {
      "id" : "s2-t34",
      "begin" : 168,
      "end" : 169,
      "text" : ",",
      "whiteSpace" : false
    }, {
      "id" : "s2-t35",
      "begin" : 170,
      "end" : 178,
      "text" : "Register",
      "whiteSpace" : false
    }, {
      "id" : "s2-t36",
      "begin" : 178,
      "end" : 179,
      "text" : "?",
      "whiteSpace" : false
    } ]
  }, {
    "id" : "s3",
    "begin" : 179,
    "end" : 186,
    "text" : "??s Of?",
    "tokens" : [ {
      "id" : "s3-t0",
      "begin" : 179,
      "end" : 182,
      "text" : "??s",
      "whiteSpace" : false
    }, {
      "id" : "s3-t1",
      "begin" : 183,
      "end" : 185,
      "text" : "Of",
      "whiteSpace" : false
    }, {
      "id" : "s3-t2",
      "begin" : 185,
      "end" : 186,
      "text" : "?",
      "whiteSpace" : false
    } ]
  }, {
    "id" : "s4",
    "begin" : 186,
    "end" : 220,
    "text" : "??ce, Humphreys County, Tennessee.",
    "tokens" : [ {
      "id" : "s4-t0",
      "begin" : 186,
      "end" : 190,
      "text" : "??ce",
      "whiteSpace" : false
    }, {
      "id" : "s4-t1",
      "begin" : 190,
      "end" : 191,
      "text" : ",",
      "whiteSpace" : false
    }, {
      "id" : "s4-t2",
      "begin" : 192,
      "end" : 201,
      "text" : "Humphreys",
      "whiteSpace" : false
    }, {
      "id" : "s4-t3",
      "begin" : 202,
      "end" : 208,
      "text" : "County",
      "whiteSpace" : false
    }, {
      "id" : "s4-t4",
      "begin" : 208,
      "end" : 209,
      "text" : ",",
      "whiteSpace" : false
    }, {
      "id" : "s4-t5",
      "begin" : 210,
      "end" : 219,
      "text" : "Tennessee",
      "whiteSpace" : false
    }, {
      "id" : "s4-t6",
      "begin" : 219,
      "end" : 220,
      "text" : ".",
      "whiteSpace" : false
    } ]
  }, {
    "id" : "s5",
    "begin" : 221,
    "end" : 282,
    "text" : "TO HAVE AND TO HOLD the said tract or parcel of land with the",
    "tokens" : [ {
      "id" : "s5-t0",
      "begin" : 221,
      "end" : 223,
      "text" : "TO",
      "whiteSpace" : false
    }, {
      "id" : "s5-t1",
      "begin" : 224,
      "end" : 228,
      "text" : "HAVE",
      "whiteSpace" : false
    }, {
      "id" : "s5-t2",
      "begin" : 229,
      "end" : 232,
      "text" : "AND",
      "whiteSpace" : false
    }, {
      "id" : "s5-t3",
      "begin" : 233,
      "end" : 235,
      "text" : "TO",
      "whiteSpace" : false
    }, {
      "id" : "s5-t4",
      "begin" : 236,
      "end" : 240,
      "text" : "HOLD",
      "whiteSpace" : false
    }, {
      "id" : "s5-t5",
      "begin" : 241,
      "end" : 244,
      "text" : "the",
      "whiteSpace" : false
    }, {
      "id" : "s5-t6",
      "begin" : 245,
      "end" : 249,
      "text" : "said",
      "whiteSpace" : false
    }, {
      "id" : "s5-t7",
      "begin" : 250,
      "end" : 255,
      "text" : "tract",
      "whiteSpace" : false
    }, {
      "id" : "s5-t8",
      "begin" : 256,
      "end" : 258,
      "text" : "or",
      "whiteSpace" : false
    }, {
      "id" : "s5-t9",
      "begin" : 259,
      "end" : 265,
      "text" : "parcel",
      "whiteSpace" : false
    }, {
      "id" : "s5-t10",
      "begin" : 266,
      "end" : 268,
      "text" : "of",
      "whiteSpace" : false
    }, {
      "id" : "s5-t11",
      "begin" : 269,
      "end" : 273,
      "text" : "land",
      "whiteSpace" : false
    }, {
      "id" : "s5-t12",
      "begin" : 274,
      "end" : 278,
      "text" : "with",
      "whiteSpace" : false
    }, {
      "id" : "s5-t13",
      "begin" : 279,
      "end" : 282,
      "text" : "the",
      "whiteSpace" : false
    } ]
  } ],
  "mentions" : [ {
    "id" : "s2-m1",
    "properties" : {
      "SIRE_MENTION_ROLE" : "WarrDeedBookNum",
      "SIRE_ENTITY_SUBTYPE" : "NONE",
      "SIRE_MENTION_TYPE" : "NONE",
      "SIRE_MENTION_CLASS" : "SPC"
    },
    "type" : "WarrDeedBookNum",
    "begin" : 155,
    "end" : 158,
    "inCoref" : false
  }, {
    "id" : "s2-m2",
    "properties" : {
      "SIRE_MENTION_ROLE" : "WarrDeedPageNum",
      "SIRE_ENTITY_SUBTYPE" : "NONE",
      "SIRE_MENTION_TYPE" : "NONE",
      "SIRE_MENTION_CLASS" : "SPC"
    },
    "type" : "WarrDeedPageNum",
    "begin" : 165,
    "end" : 168,
    "inCoref" : false
  } ],
  "relations" : [ ],
  "corefs" : [ ],
  "typeResolved" : true,
  "userResolved" : false
}