{
  "id" : "6ec38db0-5676-11e9-a5da-fdc443a70fd2-11",
  "name" : "WD1-30.txt",
  "createdDate" : 0,
  "version" : 3,
  "text" : " 9,, BEING a portion of the same property conveyed to Richard Bradley by deed of record in Deed Book, Humphreys County, Tennessee., Witness my hand and official seal at Waverly, Tennessee,, STATE OF TENNESSEE ' HUMPHREYS COUNTY ",
  "docLength" : 0,
  "language" : "EN",
  "status" : "SUBMITTED",
  "modifiedDate" : 1554340227595,
  "documentSet" : [ ],
  "preannotation" : [ ],
  "sentences" : [ {
    "id" : "s0",
    "begin" : 1,
    "end" : 227,
    "text" : "9,, BEING a portion of the same property conveyed to Richard Bradley by deed of record in Deed Book, Humphreys County, Tennessee., Witness my hand and official seal at Waverly, Tennessee,, STATE OF TENNESSEE ' HUMPHREYS COUNTY",
    "tokens" : [ {
      "id" : "s0-t0",
      "begin" : 1,
      "end" : 2,
      "text" : "9",
      "whiteSpace" : false
    }, {
      "id" : "s0-t1",
      "begin" : 2,
      "end" : 3,
      "text" : ",",
      "whiteSpace" : false
    }, {
      "id" : "s0-t2",
      "begin" : 3,
      "end" : 4,
      "text" : ",",
      "whiteSpace" : false
    }, {
      "id" : "s0-t3",
      "begin" : 5,
      "end" : 10,
      "text" : "BEING",
      "whiteSpace" : false
    }, {
      "id" : "s0-t4",
      "begin" : 11,
      "end" : 12,
      "text" : "a",
      "whiteSpace" : false
    }, {
      "id" : "s0-t5",
      "begin" : 13,
      "end" : 20,
      "text" : "portion",
      "whiteSpace" : false
    }, {
      "id" : "s0-t6",
      "begin" : 21,
      "end" : 23,
      "text" : "of",
      "whiteSpace" : false
    }, {
      "id" : "s0-t7",
      "begin" : 24,
      "end" : 27,
      "text" : "the",
      "whiteSpace" : false
    }, {
      "id" : "s0-t8",
      "begin" : 28,
      "end" : 32,
      "text" : "same",
      "whiteSpace" : false
    }, {
      "id" : "s0-t9",
      "begin" : 33,
      "end" : 41,
      "text" : "property",
      "whiteSpace" : false
    }, {
      "id" : "s0-t10",
      "begin" : 42,
      "end" : 50,
      "text" : "conveyed",
      "whiteSpace" : false
    }, {
      "id" : "s0-t11",
      "begin" : 51,
      "end" : 53,
      "text" : "to",
      "whiteSpace" : false
    }, {
      "id" : "s0-t12",
      "begin" : 54,
      "end" : 61,
      "text" : "Richard",
      "whiteSpace" : false
    }, {
      "id" : "s0-t13",
      "begin" : 62,
      "end" : 69,
      "text" : "Bradley",
      "whiteSpace" : false
    }, {
      "id" : "s0-t14",
      "begin" : 70,
      "end" : 72,
      "text" : "by",
      "whiteSpace" : false
    }, {
      "id" : "s0-t15",
      "begin" : 73,
      "end" : 77,
      "text" : "deed",
      "whiteSpace" : false
    }, {
      "id" : "s0-t16",
      "begin" : 78,
      "end" : 80,
      "text" : "of",
      "whiteSpace" : false
    }, {
      "id" : "s0-t17",
      "begin" : 81,
      "end" : 87,
      "text" : "record",
      "whiteSpace" : false
    }, {
      "id" : "s0-t18",
      "begin" : 88,
      "end" : 90,
      "text" : "in",
      "whiteSpace" : false
    }, {
      "id" : "s0-t19",
      "begin" : 91,
      "end" : 95,
      "text" : "Deed",
      "whiteSpace" : false
    }, {
      "id" : "s0-t20",
      "begin" : 96,
      "end" : 100,
      "text" : "Book",
      "whiteSpace" : false
    }, {
      "id" : "s0-t21",
      "begin" : 100,
      "end" : 101,
      "text" : ",",
      "whiteSpace" : false
    }, {
      "id" : "s0-t22",
      "begin" : 102,
      "end" : 111,
      "text" : "Humphreys",
      "whiteSpace" : false
    }, {
      "id" : "s0-t23",
      "begin" : 112,
      "end" : 118,
      "text" : "County",
      "whiteSpace" : false
    }, {
      "id" : "s0-t24",
      "begin" : 118,
      "end" : 119,
      "text" : ",",
      "whiteSpace" : false
    }, {
      "id" : "s0-t25",
      "begin" : 120,
      "end" : 130,
      "text" : "Tennessee.",
      "whiteSpace" : false
    }, {
      "id" : "s0-t26",
      "begin" : 130,
      "end" : 131,
      "text" : ",",
      "whiteSpace" : false
    }, {
      "id" : "s0-t27",
      "begin" : 132,
      "end" : 139,
      "text" : "Witness",
      "whiteSpace" : false
    }, {
      "id" : "s0-t28",
      "begin" : 140,
      "end" : 142,
      "text" : "my",
      "whiteSpace" : false
    }, {
      "id" : "s0-t29",
      "begin" : 143,
      "end" : 147,
      "text" : "hand",
      "whiteSpace" : false
    }, {
      "id" : "s0-t30",
      "begin" : 148,
      "end" : 151,
      "text" : "and",
      "whiteSpace" : false
    }, {
      "id" : "s0-t31",
      "begin" : 152,
      "end" : 160,
      "text" : "official",
      "whiteSpace" : false
    }, {
      "id" : "s0-t32",
      "begin" : 161,
      "end" : 165,
      "text" : "seal",
      "whiteSpace" : false
    }, {
      "id" : "s0-t33",
      "begin" : 166,
      "end" : 168,
      "text" : "at",
      "whiteSpace" : false
    }, {
      "id" : "s0-t34",
      "begin" : 169,
      "end" : 176,
      "text" : "Waverly",
      "whiteSpace" : false
    }, {
      "id" : "s0-t35",
      "begin" : 176,
      "end" : 177,
      "text" : ",",
      "whiteSpace" : false
    }, {
      "id" : "s0-t36",
      "begin" : 178,
      "end" : 187,
      "text" : "Tennessee",
      "whiteSpace" : false
    }, {
      "id" : "s0-t37",
      "begin" : 187,
      "end" : 188,
      "text" : ",",
      "whiteSpace" : false
    }, {
      "id" : "s0-t38",
      "begin" : 188,
      "end" : 189,
      "text" : ",",
      "whiteSpace" : false
    }, {
      "id" : "s0-t39",
      "begin" : 190,
      "end" : 195,
      "text" : "STATE",
      "whiteSpace" : false
    }, {
      "id" : "s0-t40",
      "begin" : 196,
      "end" : 198,
      "text" : "OF",
      "whiteSpace" : false
    }, {
      "id" : "s0-t41",
      "begin" : 199,
      "end" : 208,
      "text" : "TENNESSEE",
      "whiteSpace" : false
    }, {
      "id" : "s0-t42",
      "begin" : 209,
      "end" : 210,
      "text" : "'",
      "whiteSpace" : false
    }, {
      "id" : "s0-t43",
      "begin" : 211,
      "end" : 220,
      "text" : "HUMPHREYS",
      "whiteSpace" : false
    }, {
      "id" : "s0-t44",
      "begin" : 221,
      "end" : 227,
      "text" : "COUNTY",
      "whiteSpace" : false
    } ]
  } ],
  "mentions" : [ ],
  "relations" : [ ],
  "corefs" : [ ],
  "typeResolved" : true,
  "userResolved" : false
}