{
  "id" : "6ec38db0-5676-11e9-a5da-fdc443a70fd2-14",
  "name" : "WD1-31_4.txt",
  "createdDate" : 0,
  "version" : 3,
  "text" : "County, Tennessee. Being the same property conveyed to Mary Jo Wells by deed from Martha Y. Binkley and husband, Michael G. Binkley, dated March 25 , 2000, and of record in Deed Book 179, Page 1046, in the Register???s Office of Humphreys County, Tennessee. This property is subject to the ",
  "docLength" : 0,
  "language" : "EN",
  "status" : "SUBMITTED",
  "modifiedDate" : 1554343445235,
  "documentSet" : [ ],
  "preannotation" : [ ],
  "sentences" : [ {
    "id" : "s0",
    "begin" : 0,
    "end" : 18,
    "text" : "County, Tennessee.",
    "tokens" : [ {
      "id" : "s0-t0",
      "begin" : 0,
      "end" : 6,
      "text" : "County",
      "whiteSpace" : false
    }, {
      "id" : "s0-t1",
      "begin" : 6,
      "end" : 7,
      "text" : ",",
      "whiteSpace" : false
    }, {
      "id" : "s0-t2",
      "begin" : 8,
      "end" : 17,
      "text" : "Tennessee",
      "whiteSpace" : false
    }, {
      "id" : "s0-t3",
      "begin" : 17,
      "end" : 18,
      "text" : ".",
      "whiteSpace" : false
    } ]
  }, {
    "id" : "s1",
    "begin" : 19,
    "end" : 91,
    "text" : "Being the same property conveyed to Mary Jo Wells by deed from Martha Y.",
    "tokens" : [ {
      "id" : "s1-t0",
      "begin" : 19,
      "end" : 24,
      "text" : "Being",
      "whiteSpace" : false
    }, {
      "id" : "s1-t1",
      "begin" : 25,
      "end" : 28,
      "text" : "the",
      "whiteSpace" : false
    }, {
      "id" : "s1-t2",
      "begin" : 29,
      "end" : 33,
      "text" : "same",
      "whiteSpace" : false
    }, {
      "id" : "s1-t3",
      "begin" : 34,
      "end" : 42,
      "text" : "property",
      "whiteSpace" : false
    }, {
      "id" : "s1-t4",
      "begin" : 43,
      "end" : 51,
      "text" : "conveyed",
      "whiteSpace" : false
    }, {
      "id" : "s1-t5",
      "begin" : 52,
      "end" : 54,
      "text" : "to",
      "whiteSpace" : false
    }, {
      "id" : "s1-t6",
      "begin" : 55,
      "end" : 59,
      "text" : "Mary",
      "whiteSpace" : false
    }, {
      "id" : "s1-t7",
      "begin" : 60,
      "end" : 62,
      "text" : "Jo",
      "whiteSpace" : false
    }, {
      "id" : "s1-t8",
      "begin" : 63,
      "end" : 68,
      "text" : "Wells",
      "whiteSpace" : false
    }, {
      "id" : "s1-t9",
      "begin" : 69,
      "end" : 71,
      "text" : "by",
      "whiteSpace" : false
    }, {
      "id" : "s1-t10",
      "begin" : 72,
      "end" : 76,
      "text" : "deed",
      "whiteSpace" : false
    }, {
      "id" : "s1-t11",
      "begin" : 77,
      "end" : 81,
      "text" : "from",
      "whiteSpace" : false
    }, {
      "id" : "s1-t12",
      "begin" : 82,
      "end" : 88,
      "text" : "Martha",
      "whiteSpace" : false
    }, {
      "id" : "s1-t13",
      "begin" : 89,
      "end" : 90,
      "text" : "Y",
      "whiteSpace" : false
    }, {
      "id" : "s1-t14",
      "begin" : 90,
      "end" : 91,
      "text" : ".",
      "whiteSpace" : false
    } ]
  }, {
    "id" : "s2",
    "begin" : 92,
    "end" : 215,
    "text" : "Binkley and husband, Michael G. Binkley, dated March 25 , 2000, and of record in Deed Book 179, Page 1046, in the Register?",
    "tokens" : [ {
      "id" : "s2-t0",
      "begin" : 92,
      "end" : 99,
      "text" : "Binkley",
      "whiteSpace" : false
    }, {
      "id" : "s2-t1",
      "begin" : 100,
      "end" : 103,
      "text" : "and",
      "whiteSpace" : false
    }, {
      "id" : "s2-t2",
      "begin" : 104,
      "end" : 111,
      "text" : "husband",
      "whiteSpace" : false
    }, {
      "id" : "s2-t3",
      "begin" : 111,
      "end" : 112,
      "text" : ",",
      "whiteSpace" : false
    }, {
      "id" : "s2-t4",
      "begin" : 113,
      "end" : 120,
      "text" : "Michael",
      "whiteSpace" : false
    }, {
      "id" : "s2-t5",
      "begin" : 121,
      "end" : 123,
      "text" : "G.",
      "whiteSpace" : false
    }, {
      "id" : "s2-t6",
      "begin" : 124,
      "end" : 131,
      "text" : "Binkley",
      "whiteSpace" : false
    }, {
      "id" : "s2-t7",
      "begin" : 131,
      "end" : 132,
      "text" : ",",
      "whiteSpace" : false
    }, {
      "id" : "s2-t8",
      "begin" : 133,
      "end" : 138,
      "text" : "dated",
      "whiteSpace" : false
    }, {
      "id" : "s2-t9",
      "begin" : 139,
      "end" : 144,
      "text" : "March",
      "whiteSpace" : false
    }, {
      "id" : "s2-t10",
      "begin" : 145,
      "end" : 147,
      "text" : "25",
      "whiteSpace" : false
    }, {
      "id" : "s2-t11",
      "begin" : 148,
      "end" : 149,
      "text" : ",",
      "whiteSpace" : false
    }, {
      "id" : "s2-t12",
      "begin" : 150,
      "end" : 154,
      "text" : "2000",
      "whiteSpace" : false
    }, {
      "id" : "s2-t13",
      "begin" : 154,
      "end" : 155,
      "text" : ",",
      "whiteSpace" : false
    }, {
      "id" : "s2-t14",
      "begin" : 156,
      "end" : 159,
      "text" : "and",
      "whiteSpace" : false
    }, {
      "id" : "s2-t15",
      "begin" : 160,
      "end" : 162,
      "text" : "of",
      "whiteSpace" : false
    }, {
      "id" : "s2-t16",
      "begin" : 163,
      "end" : 169,
      "text" : "record",
      "whiteSpace" : false
    }, {
      "id" : "s2-t17",
      "begin" : 170,
      "end" : 172,
      "text" : "in",
      "whiteSpace" : false
    }, {
      "id" : "s2-t18",
      "begin" : 173,
      "end" : 177,
      "text" : "Deed",
      "whiteSpace" : false
    }, {
      "id" : "s2-t19",
      "begin" : 178,
      "end" : 182,
      "text" : "Book",
      "whiteSpace" : false
    }, {
      "id" : "s2-t20",
      "begin" : 183,
      "end" : 186,
      "text" : "179",
      "whiteSpace" : false
    }, {
      "id" : "s2-t21",
      "begin" : 186,
      "end" : 187,
      "text" : ",",
      "whiteSpace" : false
    }, {
      "id" : "s2-t22",
      "begin" : 188,
      "end" : 192,
      "text" : "Page",
      "whiteSpace" : false
    }, {
      "id" : "s2-t23",
      "begin" : 193,
      "end" : 197,
      "text" : "1046",
      "whiteSpace" : false
    }, {
      "id" : "s2-t24",
      "begin" : 197,
      "end" : 198,
      "text" : ",",
      "whiteSpace" : false
    }, {
      "id" : "s2-t25",
      "begin" : 199,
      "end" : 201,
      "text" : "in",
      "whiteSpace" : false
    }, {
      "id" : "s2-t26",
      "begin" : 202,
      "end" : 205,
      "text" : "the",
      "whiteSpace" : false
    }, {
      "id" : "s2-t27",
      "begin" : 206,
      "end" : 214,
      "text" : "Register",
      "whiteSpace" : false
    }, {
      "id" : "s2-t28",
      "begin" : 214,
      "end" : 215,
      "text" : "?",
      "whiteSpace" : false
    } ]
  }, {
    "id" : "s3",
    "begin" : 215,
    "end" : 257,
    "text" : "??s Office of Humphreys County, Tennessee.",
    "tokens" : [ {
      "id" : "s3-t0",
      "begin" : 215,
      "end" : 218,
      "text" : "??s",
      "whiteSpace" : false
    }, {
      "id" : "s3-t1",
      "begin" : 219,
      "end" : 225,
      "text" : "Office",
      "whiteSpace" : false
    }, {
      "id" : "s3-t2",
      "begin" : 226,
      "end" : 228,
      "text" : "of",
      "whiteSpace" : false
    }, {
      "id" : "s3-t3",
      "begin" : 229,
      "end" : 238,
      "text" : "Humphreys",
      "whiteSpace" : false
    }, {
      "id" : "s3-t4",
      "begin" : 239,
      "end" : 245,
      "text" : "County",
      "whiteSpace" : false
    }, {
      "id" : "s3-t5",
      "begin" : 245,
      "end" : 246,
      "text" : ",",
      "whiteSpace" : false
    }, {
      "id" : "s3-t6",
      "begin" : 247,
      "end" : 256,
      "text" : "Tennessee",
      "whiteSpace" : false
    }, {
      "id" : "s3-t7",
      "begin" : 256,
      "end" : 257,
      "text" : ".",
      "whiteSpace" : false
    } ]
  }, {
    "id" : "s4",
    "begin" : 258,
    "end" : 289,
    "text" : "This property is subject to the",
    "tokens" : [ {
      "id" : "s4-t0",
      "begin" : 258,
      "end" : 262,
      "text" : "This",
      "whiteSpace" : false
    }, {
      "id" : "s4-t1",
      "begin" : 263,
      "end" : 271,
      "text" : "property",
      "whiteSpace" : false
    }, {
      "id" : "s4-t2",
      "begin" : 272,
      "end" : 274,
      "text" : "is",
      "whiteSpace" : false
    }, {
      "id" : "s4-t3",
      "begin" : 275,
      "end" : 282,
      "text" : "subject",
      "whiteSpace" : false
    }, {
      "id" : "s4-t4",
      "begin" : 283,
      "end" : 285,
      "text" : "to",
      "whiteSpace" : false
    }, {
      "id" : "s4-t5",
      "begin" : 286,
      "end" : 289,
      "text" : "the",
      "whiteSpace" : false
    } ]
  } ],
  "mentions" : [ {
    "id" : "s2-m1",
    "properties" : {
      "SIRE_MENTION_ROLE" : "WarrDeedBookNum",
      "SIRE_ENTITY_SUBTYPE" : "NONE",
      "SIRE_MENTION_TYPE" : "NONE",
      "SIRE_MENTION_CLASS" : "SPC"
    },
    "type" : "WarrDeedBookNum",
    "begin" : 183,
    "end" : 186,
    "inCoref" : false
  }, {
    "id" : "s2-m2",
    "properties" : {
      "SIRE_MENTION_ROLE" : "WarrDeedPageNum",
      "SIRE_ENTITY_SUBTYPE" : "NONE",
      "SIRE_MENTION_TYPE" : "NONE",
      "SIRE_MENTION_CLASS" : "SPC"
    },
    "type" : "WarrDeedPageNum",
    "begin" : 193,
    "end" : 197,
    "inCoref" : false
  } ],
  "relations" : [ ],
  "corefs" : [ ],
  "typeResolved" : true,
  "userResolved" : false
}