{
  "id" : "7321edc0-50ef-11e9-864f-311976351dcc-0",
  "name" : "WD171-13.txt",
  "createdDate" : 1553732497052,
  "version" : 3,
  "text" : "For and in consideration of the sum of $18,000, paid and to be paid by George Franklin Gerber and wife, Shirley E. Garber, as follows: $3,000 cash in hand paid, the receipt of which is hereby acknowledged, and the balance of $15,000 as evidenced by the punmissory note of than the said George Franklin Garber and wife, Shirley E. Gather, payable to my order of even date herewith, and to secure which said promissory note I specifically retain a lien upon the hereinafter described property, I, GLADYS MCKEEL GARBER, a widow, this date have bargained and sold and by these presents do transfer and convey unto them the said GEORGE FRANKLIN GARBER and wife, SHIRLEY E. GARBER, their heirs and assigns, a certain tract or parcel of land in the First Civil District of Humphreys County, Tennessee, described as follows",
  "docLength" : 0,
  "language" : "EN",
  "status" : "SUBMITTED",
  "modifiedDate" : 1553736828266,
  "documentSet" : [ ],
  "preannotation" : [ ],
  "sentences" : [ {
    "id" : "s0",
    "begin" : 0,
    "end" : 815,
    "text" : "For and in consideration of the sum of $18,000, paid and to be paid by George Franklin Gerber and wife, Shirley E. Garber, as follows: $3,000 cash in hand paid, the receipt of which is hereby acknowledged, and the balance of $15,000 as evidenced by the punmissory note of than the said George Franklin Garber and wife, Shirley E. Gather, payable to my order of even date herewith, and to secure which said promissory note I specifically retain a lien upon the hereinafter described property, I, GLADYS MCKEEL GARBER, a widow, this date have bargained and sold and by these presents do transfer and convey unto them the said GEORGE FRANKLIN GARBER and wife, SHIRLEY E. GARBER, their heirs and assigns, a certain tract or parcel of land in the First Civil District of Humphreys County, Tennessee, described as follows",
    "tokens" : [ {
      "id" : "s0-t0",
      "begin" : 0,
      "end" : 3,
      "text" : "For",
      "whiteSpace" : false
    }, {
      "id" : "s0-t1",
      "begin" : 4,
      "end" : 7,
      "text" : "and",
      "whiteSpace" : false
    }, {
      "id" : "s0-t2",
      "begin" : 8,
      "end" : 10,
      "text" : "in",
      "whiteSpace" : false
    }, {
      "id" : "s0-t3",
      "begin" : 11,
      "end" : 24,
      "text" : "consideration",
      "whiteSpace" : false
    }, {
      "id" : "s0-t4",
      "begin" : 25,
      "end" : 27,
      "text" : "of",
      "whiteSpace" : false
    }, {
      "id" : "s0-t5",
      "begin" : 28,
      "end" : 31,
      "text" : "the",
      "whiteSpace" : false
    }, {
      "id" : "s0-t6",
      "begin" : 32,
      "end" : 35,
      "text" : "sum",
      "whiteSpace" : false
    }, {
      "id" : "s0-t7",
      "begin" : 36,
      "end" : 38,
      "text" : "of",
      "whiteSpace" : false
    }, {
      "id" : "s0-t8",
      "begin" : 39,
      "end" : 40,
      "text" : "$",
      "whiteSpace" : false
    }, {
      "id" : "s0-t9",
      "begin" : 40,
      "end" : 46,
      "text" : "18,000",
      "whiteSpace" : false
    }, {
      "id" : "s0-t10",
      "begin" : 46,
      "end" : 47,
      "text" : ",",
      "whiteSpace" : false
    }, {
      "id" : "s0-t11",
      "begin" : 48,
      "end" : 52,
      "text" : "paid",
      "whiteSpace" : false
    }, {
      "id" : "s0-t12",
      "begin" : 53,
      "end" : 56,
      "text" : "and",
      "whiteSpace" : false
    }, {
      "id" : "s0-t13",
      "begin" : 57,
      "end" : 59,
      "text" : "to",
      "whiteSpace" : false
    }, {
      "id" : "s0-t14",
      "begin" : 60,
      "end" : 62,
      "text" : "be",
      "whiteSpace" : false
    }, {
      "id" : "s0-t15",
      "begin" : 63,
      "end" : 67,
      "text" : "paid",
      "whiteSpace" : false
    }, {
      "id" : "s0-t16",
      "begin" : 68,
      "end" : 70,
      "text" : "by",
      "whiteSpace" : false
    }, {
      "id" : "s0-t17",
      "begin" : 71,
      "end" : 77,
      "text" : "George",
      "whiteSpace" : false
    }, {
      "id" : "s0-t18",
      "begin" : 78,
      "end" : 86,
      "text" : "Franklin",
      "whiteSpace" : false
    }, {
      "id" : "s0-t19",
      "begin" : 87,
      "end" : 93,
      "text" : "Gerber",
      "whiteSpace" : false
    }, {
      "id" : "s0-t20",
      "begin" : 94,
      "end" : 97,
      "text" : "and",
      "whiteSpace" : false
    }, {
      "id" : "s0-t21",
      "begin" : 98,
      "end" : 102,
      "text" : "wife",
      "whiteSpace" : false
    }, {
      "id" : "s0-t22",
      "begin" : 102,
      "end" : 103,
      "text" : ",",
      "whiteSpace" : false
    }, {
      "id" : "s0-t23",
      "begin" : 104,
      "end" : 111,
      "text" : "Shirley",
      "whiteSpace" : false
    }, {
      "id" : "s0-t24",
      "begin" : 112,
      "end" : 114,
      "text" : "E.",
      "whiteSpace" : false
    }, {
      "id" : "s0-t25",
      "begin" : 115,
      "end" : 121,
      "text" : "Garber",
      "whiteSpace" : false
    }, {
      "id" : "s0-t26",
      "begin" : 121,
      "end" : 122,
      "text" : ",",
      "whiteSpace" : false
    }, {
      "id" : "s0-t27",
      "begin" : 123,
      "end" : 125,
      "text" : "as",
      "whiteSpace" : false
    }, {
      "id" : "s0-t28",
      "begin" : 126,
      "end" : 133,
      "text" : "follows",
      "whiteSpace" : false
    }, {
      "id" : "s0-t29",
      "begin" : 133,
      "end" : 134,
      "text" : ":",
      "whiteSpace" : false
    }, {
      "id" : "s0-t30",
      "begin" : 135,
      "end" : 136,
      "text" : "$",
      "whiteSpace" : false
    }, {
      "id" : "s0-t31",
      "begin" : 136,
      "end" : 141,
      "text" : "3,000",
      "whiteSpace" : false
    }, {
      "id" : "s0-t32",
      "begin" : 142,
      "end" : 146,
      "text" : "cash",
      "whiteSpace" : false
    }, {
      "id" : "s0-t33",
      "begin" : 147,
      "end" : 149,
      "text" : "in",
      "whiteSpace" : false
    }, {
      "id" : "s0-t34",
      "begin" : 150,
      "end" : 154,
      "text" : "hand",
      "whiteSpace" : false
    }, {
      "id" : "s0-t35",
      "begin" : 155,
      "end" : 159,
      "text" : "paid",
      "whiteSpace" : false
    }, {
      "id" : "s0-t36",
      "begin" : 159,
      "end" : 160,
      "text" : ",",
      "whiteSpace" : false
    }, {
      "id" : "s0-t37",
      "begin" : 161,
      "end" : 164,
      "text" : "the",
      "whiteSpace" : false
    }, {
      "id" : "s0-t38",
      "begin" : 165,
      "end" : 172,
      "text" : "receipt",
      "whiteSpace" : false
    }, {
      "id" : "s0-t39",
      "begin" : 173,
      "end" : 175,
      "text" : "of",
      "whiteSpace" : false
    }, {
      "id" : "s0-t40",
      "begin" : 176,
      "end" : 181,
      "text" : "which",
      "whiteSpace" : false
    }, {
      "id" : "s0-t41",
      "begin" : 182,
      "end" : 184,
      "text" : "is",
      "whiteSpace" : false
    }, {
      "id" : "s0-t42",
      "begin" : 185,
      "end" : 191,
      "text" : "hereby",
      "whiteSpace" : false
    }, {
      "id" : "s0-t43",
      "begin" : 192,
      "end" : 204,
      "text" : "acknowledged",
      "whiteSpace" : false
    }, {
      "id" : "s0-t44",
      "begin" : 204,
      "end" : 205,
      "text" : ",",
      "whiteSpace" : false
    }, {
      "id" : "s0-t45",
      "begin" : 206,
      "end" : 209,
      "text" : "and",
      "whiteSpace" : false
    }, {
      "id" : "s0-t46",
      "begin" : 210,
      "end" : 213,
      "text" : "the",
      "whiteSpace" : false
    }, {
      "id" : "s0-t47",
      "begin" : 214,
      "end" : 221,
      "text" : "balance",
      "whiteSpace" : false
    }, {
      "id" : "s0-t48",
      "begin" : 222,
      "end" : 224,
      "text" : "of",
      "whiteSpace" : false
    }, {
      "id" : "s0-t49",
      "begin" : 225,
      "end" : 226,
      "text" : "$",
      "whiteSpace" : false
    }, {
      "id" : "s0-t50",
      "begin" : 226,
      "end" : 232,
      "text" : "15,000",
      "whiteSpace" : false
    }, {
      "id" : "s0-t51",
      "begin" : 233,
      "end" : 235,
      "text" : "as",
      "whiteSpace" : false
    }, {
      "id" : "s0-t52",
      "begin" : 236,
      "end" : 245,
      "text" : "evidenced",
      "whiteSpace" : false
    }, {
      "id" : "s0-t53",
      "begin" : 246,
      "end" : 248,
      "text" : "by",
      "whiteSpace" : false
    }, {
      "id" : "s0-t54",
      "begin" : 249,
      "end" : 252,
      "text" : "the",
      "whiteSpace" : false
    }, {
      "id" : "s0-t55",
      "begin" : 253,
      "end" : 263,
      "text" : "punmissory",
      "whiteSpace" : false
    }, {
      "id" : "s0-t56",
      "begin" : 264,
      "end" : 268,
      "text" : "note",
      "whiteSpace" : false
    }, {
      "id" : "s0-t57",
      "begin" : 269,
      "end" : 271,
      "text" : "of",
      "whiteSpace" : false
    }, {
      "id" : "s0-t58",
      "begin" : 272,
      "end" : 276,
      "text" : "than",
      "whiteSpace" : false
    }, {
      "id" : "s0-t59",
      "begin" : 277,
      "end" : 280,
      "text" : "the",
      "whiteSpace" : false
    }, {
      "id" : "s0-t60",
      "begin" : 281,
      "end" : 285,
      "text" : "said",
      "whiteSpace" : false
    }, {
      "id" : "s0-t61",
      "begin" : 286,
      "end" : 292,
      "text" : "George",
      "whiteSpace" : false
    }, {
      "id" : "s0-t62",
      "begin" : 293,
      "end" : 301,
      "text" : "Franklin",
      "whiteSpace" : false
    }, {
      "id" : "s0-t63",
      "begin" : 302,
      "end" : 308,
      "text" : "Garber",
      "whiteSpace" : false
    }, {
      "id" : "s0-t64",
      "begin" : 309,
      "end" : 312,
      "text" : "and",
      "whiteSpace" : false
    }, {
      "id" : "s0-t65",
      "begin" : 313,
      "end" : 317,
      "text" : "wife",
      "whiteSpace" : false
    }, {
      "id" : "s0-t66",
      "begin" : 317,
      "end" : 318,
      "text" : ",",
      "whiteSpace" : false
    }, {
      "id" : "s0-t67",
      "begin" : 319,
      "end" : 326,
      "text" : "Shirley",
      "whiteSpace" : false
    }, {
      "id" : "s0-t68",
      "begin" : 327,
      "end" : 329,
      "text" : "E.",
      "whiteSpace" : false
    }, {
      "id" : "s0-t69",
      "begin" : 330,
      "end" : 336,
      "text" : "Gather",
      "whiteSpace" : false
    }, {
      "id" : "s0-t70",
      "begin" : 336,
      "end" : 337,
      "text" : ",",
      "whiteSpace" : false
    }, {
      "id" : "s0-t71",
      "begin" : 338,
      "end" : 345,
      "text" : "payable",
      "whiteSpace" : false
    }, {
      "id" : "s0-t72",
      "begin" : 346,
      "end" : 348,
      "text" : "to",
      "whiteSpace" : false
    }, {
      "id" : "s0-t73",
      "begin" : 349,
      "end" : 351,
      "text" : "my",
      "whiteSpace" : false
    }, {
      "id" : "s0-t74",
      "begin" : 352,
      "end" : 357,
      "text" : "order",
      "whiteSpace" : false
    }, {
      "id" : "s0-t75",
      "begin" : 358,
      "end" : 360,
      "text" : "of",
      "whiteSpace" : false
    }, {
      "id" : "s0-t76",
      "begin" : 361,
      "end" : 365,
      "text" : "even",
      "whiteSpace" : false
    }, {
      "id" : "s0-t77",
      "begin" : 366,
      "end" : 370,
      "text" : "date",
      "whiteSpace" : false
    }, {
      "id" : "s0-t78",
      "begin" : 371,
      "end" : 379,
      "text" : "herewith",
      "whiteSpace" : false
    }, {
      "id" : "s0-t79",
      "begin" : 379,
      "end" : 380,
      "text" : ",",
      "whiteSpace" : false
    }, {
      "id" : "s0-t80",
      "begin" : 381,
      "end" : 384,
      "text" : "and",
      "whiteSpace" : false
    }, {
      "id" : "s0-t81",
      "begin" : 385,
      "end" : 387,
      "text" : "to",
      "whiteSpace" : false
    }, {
      "id" : "s0-t82",
      "begin" : 388,
      "end" : 394,
      "text" : "secure",
      "whiteSpace" : false
    }, {
      "id" : "s0-t83",
      "begin" : 395,
      "end" : 400,
      "text" : "which",
      "whiteSpace" : false
    }, {
      "id" : "s0-t84",
      "begin" : 401,
      "end" : 405,
      "text" : "said",
      "whiteSpace" : false
    }, {
      "id" : "s0-t85",
      "begin" : 406,
      "end" : 416,
      "text" : "promissory",
      "whiteSpace" : false
    }, {
      "id" : "s0-t86",
      "begin" : 417,
      "end" : 421,
      "text" : "note",
      "whiteSpace" : false
    }, {
      "id" : "s0-t87",
      "begin" : 422,
      "end" : 423,
      "text" : "I",
      "whiteSpace" : false
    }, {
      "id" : "s0-t88",
      "begin" : 424,
      "end" : 436,
      "text" : "specifically",
      "whiteSpace" : false
    }, {
      "id" : "s0-t89",
      "begin" : 437,
      "end" : 443,
      "text" : "retain",
      "whiteSpace" : false
    }, {
      "id" : "s0-t90",
      "begin" : 444,
      "end" : 445,
      "text" : "a",
      "whiteSpace" : false
    }, {
      "id" : "s0-t91",
      "begin" : 446,
      "end" : 450,
      "text" : "lien",
      "whiteSpace" : false
    }, {
      "id" : "s0-t92",
      "begin" : 451,
      "end" : 455,
      "text" : "upon",
      "whiteSpace" : false
    }, {
      "id" : "s0-t93",
      "begin" : 456,
      "end" : 459,
      "text" : "the",
      "whiteSpace" : false
    }, {
      "id" : "s0-t94",
      "begin" : 460,
      "end" : 471,
      "text" : "hereinafter",
      "whiteSpace" : false
    }, {
      "id" : "s0-t95",
      "begin" : 472,
      "end" : 481,
      "text" : "described",
      "whiteSpace" : false
    }, {
      "id" : "s0-t96",
      "begin" : 482,
      "end" : 490,
      "text" : "property",
      "whiteSpace" : false
    }, {
      "id" : "s0-t97",
      "begin" : 490,
      "end" : 491,
      "text" : ",",
      "whiteSpace" : false
    }, {
      "id" : "s0-t98",
      "begin" : 492,
      "end" : 493,
      "text" : "I",
      "whiteSpace" : false
    }, {
      "id" : "s0-t99",
      "begin" : 493,
      "end" : 494,
      "text" : ",",
      "whiteSpace" : false
    }, {
      "id" : "s0-t100",
      "begin" : 495,
      "end" : 501,
      "text" : "GLADYS",
      "whiteSpace" : false
    }, {
      "id" : "s0-t101",
      "begin" : 502,
      "end" : 508,
      "text" : "MCKEEL",
      "whiteSpace" : false
    }, {
      "id" : "s0-t102",
      "begin" : 509,
      "end" : 515,
      "text" : "GARBER",
      "whiteSpace" : false
    }, {
      "id" : "s0-t103",
      "begin" : 515,
      "end" : 516,
      "text" : ",",
      "whiteSpace" : false
    }, {
      "id" : "s0-t104",
      "begin" : 517,
      "end" : 518,
      "text" : "a",
      "whiteSpace" : false
    }, {
      "id" : "s0-t105",
      "begin" : 519,
      "end" : 524,
      "text" : "widow",
      "whiteSpace" : false
    }, {
      "id" : "s0-t106",
      "begin" : 524,
      "end" : 525,
      "text" : ",",
      "whiteSpace" : false
    }, {
      "id" : "s0-t107",
      "begin" : 526,
      "end" : 530,
      "text" : "this",
      "whiteSpace" : false
    }, {
      "id" : "s0-t108",
      "begin" : 531,
      "end" : 535,
      "text" : "date",
      "whiteSpace" : false
    }, {
      "id" : "s0-t109",
      "begin" : 536,
      "end" : 540,
      "text" : "have",
      "whiteSpace" : false
    }, {
      "id" : "s0-t110",
      "begin" : 541,
      "end" : 550,
      "text" : "bargained",
      "whiteSpace" : false
    }, {
      "id" : "s0-t111",
      "begin" : 551,
      "end" : 554,
      "text" : "and",
      "whiteSpace" : false
    }, {
      "id" : "s0-t112",
      "begin" : 555,
      "end" : 559,
      "text" : "sold",
      "whiteSpace" : false
    }, {
      "id" : "s0-t113",
      "begin" : 560,
      "end" : 563,
      "text" : "and",
      "whiteSpace" : false
    }, {
      "id" : "s0-t114",
      "begin" : 564,
      "end" : 566,
      "text" : "by",
      "whiteSpace" : false
    }, {
      "id" : "s0-t115",
      "begin" : 567,
      "end" : 572,
      "text" : "these",
      "whiteSpace" : false
    }, {
      "id" : "s0-t116",
      "begin" : 573,
      "end" : 581,
      "text" : "presents",
      "whiteSpace" : false
    }, {
      "id" : "s0-t117",
      "begin" : 582,
      "end" : 584,
      "text" : "do",
      "whiteSpace" : false
    }, {
      "id" : "s0-t118",
      "begin" : 585,
      "end" : 593,
      "text" : "transfer",
      "whiteSpace" : false
    }, {
      "id" : "s0-t119",
      "begin" : 594,
      "end" : 597,
      "text" : "and",
      "whiteSpace" : false
    }, {
      "id" : "s0-t120",
      "begin" : 598,
      "end" : 604,
      "text" : "convey",
      "whiteSpace" : false
    }, {
      "id" : "s0-t121",
      "begin" : 605,
      "end" : 609,
      "text" : "unto",
      "whiteSpace" : false
    }, {
      "id" : "s0-t122",
      "begin" : 610,
      "end" : 614,
      "text" : "them",
      "whiteSpace" : false
    }, {
      "id" : "s0-t123",
      "begin" : 615,
      "end" : 618,
      "text" : "the",
      "whiteSpace" : false
    }, {
      "id" : "s0-t124",
      "begin" : 619,
      "end" : 623,
      "text" : "said",
      "whiteSpace" : false
    }, {
      "id" : "s0-t125",
      "begin" : 624,
      "end" : 630,
      "text" : "GEORGE",
      "whiteSpace" : false
    }, {
      "id" : "s0-t126",
      "begin" : 631,
      "end" : 639,
      "text" : "FRANKLIN",
      "whiteSpace" : false
    }, {
      "id" : "s0-t127",
      "begin" : 640,
      "end" : 646,
      "text" : "GARBER",
      "whiteSpace" : false
    }, {
      "id" : "s0-t128",
      "begin" : 647,
      "end" : 650,
      "text" : "and",
      "whiteSpace" : false
    }, {
      "id" : "s0-t129",
      "begin" : 651,
      "end" : 655,
      "text" : "wife",
      "whiteSpace" : false
    }, {
      "id" : "s0-t130",
      "begin" : 655,
      "end" : 656,
      "text" : ",",
      "whiteSpace" : false
    }, {
      "id" : "s0-t131",
      "begin" : 657,
      "end" : 664,
      "text" : "SHIRLEY",
      "whiteSpace" : false
    }, {
      "id" : "s0-t132",
      "begin" : 665,
      "end" : 667,
      "text" : "E.",
      "whiteSpace" : false
    }, {
      "id" : "s0-t133",
      "begin" : 668,
      "end" : 674,
      "text" : "GARBER",
      "whiteSpace" : false
    }, {
      "id" : "s0-t134",
      "begin" : 674,
      "end" : 675,
      "text" : ",",
      "whiteSpace" : false
    }, {
      "id" : "s0-t135",
      "begin" : 676,
      "end" : 681,
      "text" : "their",
      "whiteSpace" : false
    }, {
      "id" : "s0-t136",
      "begin" : 682,
      "end" : 687,
      "text" : "heirs",
      "whiteSpace" : false
    }, {
      "id" : "s0-t137",
      "begin" : 688,
      "end" : 691,
      "text" : "and",
      "whiteSpace" : false
    }, {
      "id" : "s0-t138",
      "begin" : 692,
      "end" : 699,
      "text" : "assigns",
      "whiteSpace" : false
    }, {
      "id" : "s0-t139",
      "begin" : 699,
      "end" : 700,
      "text" : ",",
      "whiteSpace" : false
    }, {
      "id" : "s0-t140",
      "begin" : 701,
      "end" : 702,
      "text" : "a",
      "whiteSpace" : false
    }, {
      "id" : "s0-t141",
      "begin" : 703,
      "end" : 710,
      "text" : "certain",
      "whiteSpace" : false
    }, {
      "id" : "s0-t142",
      "begin" : 711,
      "end" : 716,
      "text" : "tract",
      "whiteSpace" : false
    }, {
      "id" : "s0-t143",
      "begin" : 717,
      "end" : 719,
      "text" : "or",
      "whiteSpace" : false
    }, {
      "id" : "s0-t144",
      "begin" : 720,
      "end" : 726,
      "text" : "parcel",
      "whiteSpace" : false
    }, {
      "id" : "s0-t145",
      "begin" : 727,
      "end" : 729,
      "text" : "of",
      "whiteSpace" : false
    }, {
      "id" : "s0-t146",
      "begin" : 730,
      "end" : 734,
      "text" : "land",
      "whiteSpace" : false
    }, {
      "id" : "s0-t147",
      "begin" : 735,
      "end" : 737,
      "text" : "in",
      "whiteSpace" : false
    }, {
      "id" : "s0-t148",
      "begin" : 738,
      "end" : 741,
      "text" : "the",
      "whiteSpace" : false
    }, {
      "id" : "s0-t149",
      "begin" : 742,
      "end" : 747,
      "text" : "First",
      "whiteSpace" : false
    }, {
      "id" : "s0-t150",
      "begin" : 748,
      "end" : 753,
      "text" : "Civil",
      "whiteSpace" : false
    }, {
      "id" : "s0-t151",
      "begin" : 754,
      "end" : 762,
      "text" : "District",
      "whiteSpace" : false
    }, {
      "id" : "s0-t152",
      "begin" : 763,
      "end" : 765,
      "text" : "of",
      "whiteSpace" : false
    }, {
      "id" : "s0-t153",
      "begin" : 766,
      "end" : 775,
      "text" : "Humphreys",
      "whiteSpace" : false
    }, {
      "id" : "s0-t154",
      "begin" : 776,
      "end" : 782,
      "text" : "County",
      "whiteSpace" : false
    }, {
      "id" : "s0-t155",
      "begin" : 782,
      "end" : 783,
      "text" : ",",
      "whiteSpace" : false
    }, {
      "id" : "s0-t156",
      "begin" : 784,
      "end" : 793,
      "text" : "Tennessee",
      "whiteSpace" : false
    }, {
      "id" : "s0-t157",
      "begin" : 793,
      "end" : 794,
      "text" : ",",
      "whiteSpace" : false
    }, {
      "id" : "s0-t158",
      "begin" : 795,
      "end" : 804,
      "text" : "described",
      "whiteSpace" : false
    }, {
      "id" : "s0-t159",
      "begin" : 805,
      "end" : 807,
      "text" : "as",
      "whiteSpace" : false
    }, {
      "id" : "s0-t160",
      "begin" : 808,
      "end" : 815,
      "text" : "follows",
      "whiteSpace" : false
    } ]
  } ],
  "mentions" : [ {
    "id" : "s0-m6",
    "properties" : {
      "SIRE_MENTION_ROLE" : "Grantee",
      "SIRE_ENTITY_SUBTYPE" : "NONE",
      "SIRE_MENTION_TYPE" : "NONE",
      "SIRE_MENTION_CLASS" : "SPC"
    },
    "type" : "Grantee",
    "begin" : 71,
    "end" : 93,
    "inCoref" : false
  }, {
    "id" : "s0-m7",
    "properties" : {
      "SIRE_MENTION_ROLE" : "Grantee",
      "SIRE_ENTITY_SUBTYPE" : "NONE",
      "SIRE_MENTION_TYPE" : "NONE",
      "SIRE_MENTION_CLASS" : "SPC"
    },
    "type" : "Grantee",
    "begin" : 104,
    "end" : 121,
    "inCoref" : false
  }, {
    "id" : "s0-m4",
    "properties" : {
      "SIRE_MENTION_ROLE" : "Grantee",
      "SIRE_ENTITY_SUBTYPE" : "NONE",
      "SIRE_MENTION_TYPE" : "NONE",
      "SIRE_MENTION_CLASS" : "SPC"
    },
    "type" : "Grantee",
    "begin" : 286,
    "end" : 308,
    "inCoref" : false
  }, {
    "id" : "s0-m5",
    "properties" : {
      "SIRE_MENTION_ROLE" : "Grantee",
      "SIRE_ENTITY_SUBTYPE" : "NONE",
      "SIRE_MENTION_TYPE" : "NONE",
      "SIRE_MENTION_CLASS" : "SPC"
    },
    "type" : "Grantee",
    "begin" : 319,
    "end" : 336,
    "inCoref" : false
  }, {
    "id" : "s0-m1",
    "properties" : {
      "SIRE_MENTION_ROLE" : "Grantor",
      "SIRE_ENTITY_SUBTYPE" : "NONE",
      "SIRE_MENTION_TYPE" : "NONE",
      "SIRE_MENTION_CLASS" : "SPC"
    },
    "type" : "Grantor",
    "begin" : 495,
    "end" : 515,
    "inCoref" : false
  }, {
    "id" : "s0-m2",
    "properties" : {
      "SIRE_MENTION_ROLE" : "Grantee",
      "SIRE_ENTITY_SUBTYPE" : "NONE",
      "SIRE_MENTION_TYPE" : "NONE",
      "SIRE_MENTION_CLASS" : "SPC"
    },
    "type" : "Grantee",
    "begin" : 624,
    "end" : 646,
    "inCoref" : false
  }, {
    "id" : "s0-m3",
    "properties" : {
      "SIRE_MENTION_ROLE" : "Grantee",
      "SIRE_ENTITY_SUBTYPE" : "NONE",
      "SIRE_MENTION_TYPE" : "NONE",
      "SIRE_MENTION_CLASS" : "SPC"
    },
    "type" : "Grantee",
    "begin" : 657,
    "end" : 674,
    "inCoref" : false
  } ],
  "relations" : [ ],
  "corefs" : [ ],
  "typeResolved" : true,
  "userResolved" : false
}