{
  "id" : "7321edc0-50ef-11e9-864f-311976351dcc-7",
  "name" : "WD174-1.txt",
  "createdDate" : 1553732497052,
  "version" : 3,
  "text" : "THIS INSTRUMENT PREPARED BY: WARRANTY DEED FOR AND IN CONSIDERATION of the sum of EIGHTY TWO THOUSAND FIVE HUNDRED AND 00/100 ($82,500.00) DOLLARS, cash in hand paid by DEBORAH J. LOVELESS, married, receipt of which is hereby acknowledged, we, ROY E. GOODMILLER and?? wife, JOAN GOODMILLER, have bargained and sold, and by these presents do transfer and convey unto the said DEBORAH J. LOVELESS, married, her heirs and assigns, a certain tract or parcel of land as follows",
  "docLength" : 0,
  "language" : "EN",
  "status" : "SUBMITTED",
  "modifiedDate" : 1553737144492,
  "documentSet" : [ ],
  "preannotation" : [ ],
  "sentences" : [ {
    "id" : "s0",
    "begin" : 0,
    "end" : 267,
    "text" : "THIS INSTRUMENT PREPARED BY: WARRANTY DEED FOR AND IN CONSIDERATION of the sum of EIGHTY TWO THOUSAND FIVE HUNDRED AND 00/100 ($82,500.00) DOLLARS, cash in hand paid by DEBORAH J. LOVELESS, married, receipt of which is hereby acknowledged, we, ROY E. GOODMILLER and??",
    "tokens" : [ {
      "id" : "s0-t0",
      "begin" : 0,
      "end" : 4,
      "text" : "THIS",
      "whiteSpace" : false
    }, {
      "id" : "s0-t1",
      "begin" : 5,
      "end" : 15,
      "text" : "INSTRUMENT",
      "whiteSpace" : false
    }, {
      "id" : "s0-t2",
      "begin" : 16,
      "end" : 24,
      "text" : "PREPARED",
      "whiteSpace" : false
    }, {
      "id" : "s0-t3",
      "begin" : 25,
      "end" : 27,
      "text" : "BY",
      "whiteSpace" : false
    }, {
      "id" : "s0-t4",
      "begin" : 27,
      "end" : 28,
      "text" : ":",
      "whiteSpace" : false
    }, {
      "id" : "s0-t5",
      "begin" : 29,
      "end" : 37,
      "text" : "WARRANTY",
      "whiteSpace" : false
    }, {
      "id" : "s0-t6",
      "begin" : 38,
      "end" : 42,
      "text" : "DEED",
      "whiteSpace" : false
    }, {
      "id" : "s0-t7",
      "begin" : 43,
      "end" : 46,
      "text" : "FOR",
      "whiteSpace" : false
    }, {
      "id" : "s0-t8",
      "begin" : 47,
      "end" : 50,
      "text" : "AND",
      "whiteSpace" : false
    }, {
      "id" : "s0-t9",
      "begin" : 51,
      "end" : 53,
      "text" : "IN",
      "whiteSpace" : false
    }, {
      "id" : "s0-t10",
      "begin" : 54,
      "end" : 67,
      "text" : "CONSIDERATION",
      "whiteSpace" : false
    }, {
      "id" : "s0-t11",
      "begin" : 68,
      "end" : 70,
      "text" : "of",
      "whiteSpace" : false
    }, {
      "id" : "s0-t12",
      "begin" : 71,
      "end" : 74,
      "text" : "the",
      "whiteSpace" : false
    }, {
      "id" : "s0-t13",
      "begin" : 75,
      "end" : 78,
      "text" : "sum",
      "whiteSpace" : false
    }, {
      "id" : "s0-t14",
      "begin" : 79,
      "end" : 81,
      "text" : "of",
      "whiteSpace" : false
    }, {
      "id" : "s0-t15",
      "begin" : 82,
      "end" : 88,
      "text" : "EIGHTY",
      "whiteSpace" : false
    }, {
      "id" : "s0-t16",
      "begin" : 89,
      "end" : 92,
      "text" : "TWO",
      "whiteSpace" : false
    }, {
      "id" : "s0-t17",
      "begin" : 93,
      "end" : 101,
      "text" : "THOUSAND",
      "whiteSpace" : false
    }, {
      "id" : "s0-t18",
      "begin" : 102,
      "end" : 106,
      "text" : "FIVE",
      "whiteSpace" : false
    }, {
      "id" : "s0-t19",
      "begin" : 107,
      "end" : 114,
      "text" : "HUNDRED",
      "whiteSpace" : false
    }, {
      "id" : "s0-t20",
      "begin" : 115,
      "end" : 118,
      "text" : "AND",
      "whiteSpace" : false
    }, {
      "id" : "s0-t21",
      "begin" : 119,
      "end" : 125,
      "text" : "00/100",
      "whiteSpace" : false
    }, {
      "id" : "s0-t22",
      "begin" : 126,
      "end" : 127,
      "text" : "(",
      "whiteSpace" : false
    }, {
      "id" : "s0-t23",
      "begin" : 127,
      "end" : 128,
      "text" : "$",
      "whiteSpace" : false
    }, {
      "id" : "s0-t24",
      "begin" : 128,
      "end" : 137,
      "text" : "82,500.00",
      "whiteSpace" : false
    }, {
      "id" : "s0-t25",
      "begin" : 137,
      "end" : 138,
      "text" : ")",
      "whiteSpace" : false
    }, {
      "id" : "s0-t26",
      "begin" : 139,
      "end" : 146,
      "text" : "DOLLARS",
      "whiteSpace" : false
    }, {
      "id" : "s0-t27",
      "begin" : 146,
      "end" : 147,
      "text" : ",",
      "whiteSpace" : false
    }, {
      "id" : "s0-t28",
      "begin" : 148,
      "end" : 152,
      "text" : "cash",
      "whiteSpace" : false
    }, {
      "id" : "s0-t29",
      "begin" : 153,
      "end" : 155,
      "text" : "in",
      "whiteSpace" : false
    }, {
      "id" : "s0-t30",
      "begin" : 156,
      "end" : 160,
      "text" : "hand",
      "whiteSpace" : false
    }, {
      "id" : "s0-t31",
      "begin" : 161,
      "end" : 165,
      "text" : "paid",
      "whiteSpace" : false
    }, {
      "id" : "s0-t32",
      "begin" : 166,
      "end" : 168,
      "text" : "by",
      "whiteSpace" : false
    }, {
      "id" : "s0-t33",
      "begin" : 169,
      "end" : 176,
      "text" : "DEBORAH",
      "whiteSpace" : false
    }, {
      "id" : "s0-t34",
      "begin" : 177,
      "end" : 179,
      "text" : "J.",
      "whiteSpace" : false
    }, {
      "id" : "s0-t35",
      "begin" : 180,
      "end" : 188,
      "text" : "LOVELESS",
      "whiteSpace" : false
    }, {
      "id" : "s0-t36",
      "begin" : 188,
      "end" : 189,
      "text" : ",",
      "whiteSpace" : false
    }, {
      "id" : "s0-t37",
      "begin" : 190,
      "end" : 197,
      "text" : "married",
      "whiteSpace" : false
    }, {
      "id" : "s0-t38",
      "begin" : 197,
      "end" : 198,
      "text" : ",",
      "whiteSpace" : false
    }, {
      "id" : "s0-t39",
      "begin" : 199,
      "end" : 206,
      "text" : "receipt",
      "whiteSpace" : false
    }, {
      "id" : "s0-t40",
      "begin" : 207,
      "end" : 209,
      "text" : "of",
      "whiteSpace" : false
    }, {
      "id" : "s0-t41",
      "begin" : 210,
      "end" : 215,
      "text" : "which",
      "whiteSpace" : false
    }, {
      "id" : "s0-t42",
      "begin" : 216,
      "end" : 218,
      "text" : "is",
      "whiteSpace" : false
    }, {
      "id" : "s0-t43",
      "begin" : 219,
      "end" : 225,
      "text" : "hereby",
      "whiteSpace" : false
    }, {
      "id" : "s0-t44",
      "begin" : 226,
      "end" : 238,
      "text" : "acknowledged",
      "whiteSpace" : false
    }, {
      "id" : "s0-t45",
      "begin" : 238,
      "end" : 239,
      "text" : ",",
      "whiteSpace" : false
    }, {
      "id" : "s0-t46",
      "begin" : 240,
      "end" : 242,
      "text" : "we",
      "whiteSpace" : false
    }, {
      "id" : "s0-t47",
      "begin" : 242,
      "end" : 243,
      "text" : ",",
      "whiteSpace" : false
    }, {
      "id" : "s0-t48",
      "begin" : 244,
      "end" : 247,
      "text" : "ROY",
      "whiteSpace" : false
    }, {
      "id" : "s0-t49",
      "begin" : 248,
      "end" : 250,
      "text" : "E.",
      "whiteSpace" : false
    }, {
      "id" : "s0-t50",
      "begin" : 251,
      "end" : 261,
      "text" : "GOODMILLER",
      "whiteSpace" : false
    }, {
      "id" : "s0-t51",
      "begin" : 262,
      "end" : 265,
      "text" : "and",
      "whiteSpace" : false
    }, {
      "id" : "s0-t52",
      "begin" : 265,
      "end" : 266,
      "text" : "?",
      "whiteSpace" : false
    }, {
      "id" : "s0-t53",
      "begin" : 266,
      "end" : 267,
      "text" : "?",
      "whiteSpace" : false
    } ]
  }, {
    "id" : "s1",
    "begin" : 268,
    "end" : 472,
    "text" : "wife, JOAN GOODMILLER, have bargained and sold, and by these presents do transfer and convey unto the said DEBORAH J. LOVELESS, married, her heirs and assigns, a certain tract or parcel of land as follows",
    "tokens" : [ {
      "id" : "s1-t0",
      "begin" : 268,
      "end" : 272,
      "text" : "wife",
      "whiteSpace" : false
    }, {
      "id" : "s1-t1",
      "begin" : 272,
      "end" : 273,
      "text" : ",",
      "whiteSpace" : false
    }, {
      "id" : "s1-t2",
      "begin" : 274,
      "end" : 278,
      "text" : "JOAN",
      "whiteSpace" : false
    }, {
      "id" : "s1-t3",
      "begin" : 279,
      "end" : 289,
      "text" : "GOODMILLER",
      "whiteSpace" : false
    }, {
      "id" : "s1-t4",
      "begin" : 289,
      "end" : 290,
      "text" : ",",
      "whiteSpace" : false
    }, {
      "id" : "s1-t5",
      "begin" : 291,
      "end" : 295,
      "text" : "have",
      "whiteSpace" : false
    }, {
      "id" : "s1-t6",
      "begin" : 296,
      "end" : 305,
      "text" : "bargained",
      "whiteSpace" : false
    }, {
      "id" : "s1-t7",
      "begin" : 306,
      "end" : 309,
      "text" : "and",
      "whiteSpace" : false
    }, {
      "id" : "s1-t8",
      "begin" : 310,
      "end" : 314,
      "text" : "sold",
      "whiteSpace" : false
    }, {
      "id" : "s1-t9",
      "begin" : 314,
      "end" : 315,
      "text" : ",",
      "whiteSpace" : false
    }, {
      "id" : "s1-t10",
      "begin" : 316,
      "end" : 319,
      "text" : "and",
      "whiteSpace" : false
    }, {
      "id" : "s1-t11",
      "begin" : 320,
      "end" : 322,
      "text" : "by",
      "whiteSpace" : false
    }, {
      "id" : "s1-t12",
      "begin" : 323,
      "end" : 328,
      "text" : "these",
      "whiteSpace" : false
    }, {
      "id" : "s1-t13",
      "begin" : 329,
      "end" : 337,
      "text" : "presents",
      "whiteSpace" : false
    }, {
      "id" : "s1-t14",
      "begin" : 338,
      "end" : 340,
      "text" : "do",
      "whiteSpace" : false
    }, {
      "id" : "s1-t15",
      "begin" : 341,
      "end" : 349,
      "text" : "transfer",
      "whiteSpace" : false
    }, {
      "id" : "s1-t16",
      "begin" : 350,
      "end" : 353,
      "text" : "and",
      "whiteSpace" : false
    }, {
      "id" : "s1-t17",
      "begin" : 354,
      "end" : 360,
      "text" : "convey",
      "whiteSpace" : false
    }, {
      "id" : "s1-t18",
      "begin" : 361,
      "end" : 365,
      "text" : "unto",
      "whiteSpace" : false
    }, {
      "id" : "s1-t19",
      "begin" : 366,
      "end" : 369,
      "text" : "the",
      "whiteSpace" : false
    }, {
      "id" : "s1-t20",
      "begin" : 370,
      "end" : 374,
      "text" : "said",
      "whiteSpace" : false
    }, {
      "id" : "s1-t21",
      "begin" : 375,
      "end" : 382,
      "text" : "DEBORAH",
      "whiteSpace" : false
    }, {
      "id" : "s1-t22",
      "begin" : 383,
      "end" : 385,
      "text" : "J.",
      "whiteSpace" : false
    }, {
      "id" : "s1-t23",
      "begin" : 386,
      "end" : 394,
      "text" : "LOVELESS",
      "whiteSpace" : false
    }, {
      "id" : "s1-t24",
      "begin" : 394,
      "end" : 395,
      "text" : ",",
      "whiteSpace" : false
    }, {
      "id" : "s1-t25",
      "begin" : 396,
      "end" : 403,
      "text" : "married",
      "whiteSpace" : false
    }, {
      "id" : "s1-t26",
      "begin" : 403,
      "end" : 404,
      "text" : ",",
      "whiteSpace" : false
    }, {
      "id" : "s1-t27",
      "begin" : 405,
      "end" : 408,
      "text" : "her",
      "whiteSpace" : false
    }, {
      "id" : "s1-t28",
      "begin" : 409,
      "end" : 414,
      "text" : "heirs",
      "whiteSpace" : false
    }, {
      "id" : "s1-t29",
      "begin" : 415,
      "end" : 418,
      "text" : "and",
      "whiteSpace" : false
    }, {
      "id" : "s1-t30",
      "begin" : 419,
      "end" : 426,
      "text" : "assigns",
      "whiteSpace" : false
    }, {
      "id" : "s1-t31",
      "begin" : 426,
      "end" : 427,
      "text" : ",",
      "whiteSpace" : false
    }, {
      "id" : "s1-t32",
      "begin" : 428,
      "end" : 429,
      "text" : "a",
      "whiteSpace" : false
    }, {
      "id" : "s1-t33",
      "begin" : 430,
      "end" : 437,
      "text" : "certain",
      "whiteSpace" : false
    }, {
      "id" : "s1-t34",
      "begin" : 438,
      "end" : 443,
      "text" : "tract",
      "whiteSpace" : false
    }, {
      "id" : "s1-t35",
      "begin" : 444,
      "end" : 446,
      "text" : "or",
      "whiteSpace" : false
    }, {
      "id" : "s1-t36",
      "begin" : 447,
      "end" : 453,
      "text" : "parcel",
      "whiteSpace" : false
    }, {
      "id" : "s1-t37",
      "begin" : 454,
      "end" : 456,
      "text" : "of",
      "whiteSpace" : false
    }, {
      "id" : "s1-t38",
      "begin" : 457,
      "end" : 461,
      "text" : "land",
      "whiteSpace" : false
    }, {
      "id" : "s1-t39",
      "begin" : 462,
      "end" : 464,
      "text" : "as",
      "whiteSpace" : false
    }, {
      "id" : "s1-t40",
      "begin" : 465,
      "end" : 472,
      "text" : "follows",
      "whiteSpace" : false
    } ]
  } ],
  "mentions" : [ {
    "id" : "s0-m1",
    "properties" : {
      "SIRE_MENTION_ROLE" : "Grantee",
      "SIRE_ENTITY_SUBTYPE" : "NONE",
      "SIRE_MENTION_TYPE" : "NONE",
      "SIRE_MENTION_CLASS" : "SPC"
    },
    "type" : "Grantee",
    "begin" : 169,
    "end" : 188,
    "inCoref" : false
  }, {
    "id" : "s0-m2",
    "properties" : {
      "SIRE_MENTION_ROLE" : "Grantor",
      "SIRE_ENTITY_SUBTYPE" : "NONE",
      "SIRE_MENTION_TYPE" : "NONE",
      "SIRE_MENTION_CLASS" : "SPC"
    },
    "type" : "Grantor",
    "begin" : 244,
    "end" : 261,
    "inCoref" : false
  }, {
    "id" : "s1-m1",
    "properties" : {
      "SIRE_MENTION_ROLE" : "Grantor",
      "SIRE_ENTITY_SUBTYPE" : "NONE",
      "SIRE_MENTION_TYPE" : "NONE",
      "SIRE_MENTION_CLASS" : "SPC"
    },
    "type" : "Grantor",
    "begin" : 274,
    "end" : 289,
    "inCoref" : false
  }, {
    "id" : "s1-m2",
    "properties" : {
      "SIRE_MENTION_ROLE" : "Grantee",
      "SIRE_ENTITY_SUBTYPE" : "NONE",
      "SIRE_MENTION_TYPE" : "NONE",
      "SIRE_MENTION_CLASS" : "SPC"
    },
    "type" : "Grantee",
    "begin" : 375,
    "end" : 394,
    "inCoref" : false
  } ],
  "relations" : [ ],
  "corefs" : [ ],
  "typeResolved" : true,
  "userResolved" : false
}