{
  "id" : "85d52ef0-54dc-11e9-864f-311976351dcc-1",
  "name" : "WD148-Page-204.txt",
  "createdDate" : 1554164172639,
  "version" : 3,
  "text" : "Being a portion of the same property conveyed to Guy Triplett, now deceased, and wife Leah Triplett by deed of record in Deed Book 82, Page 23, of the Register's Office of Humphreys County, Tennessee.",
  "docLength" : 0,
  "language" : "EN",
  "status" : "SUBMITTED",
  "modifiedDate" : 1554166769308,
  "documentSet" : [ ],
  "preannotation" : [ ],
  "sentences" : [ {
    "id" : "s0",
    "begin" : 0,
    "end" : 200,
    "text" : "Being a portion of the same property conveyed to Guy Triplett, now deceased, and wife Leah Triplett by deed of record in Deed Book 82, Page 23, of the Register's Office of Humphreys County, Tennessee.",
    "tokens" : [ {
      "id" : "s0-t0",
      "begin" : 0,
      "end" : 5,
      "text" : "Being",
      "whiteSpace" : false
    }, {
      "id" : "s0-t1",
      "begin" : 6,
      "end" : 7,
      "text" : "a",
      "whiteSpace" : false
    }, {
      "id" : "s0-t2",
      "begin" : 8,
      "end" : 15,
      "text" : "portion",
      "whiteSpace" : false
    }, {
      "id" : "s0-t3",
      "begin" : 16,
      "end" : 18,
      "text" : "of",
      "whiteSpace" : false
    }, {
      "id" : "s0-t4",
      "begin" : 19,
      "end" : 22,
      "text" : "the",
      "whiteSpace" : false
    }, {
      "id" : "s0-t5",
      "begin" : 23,
      "end" : 27,
      "text" : "same",
      "whiteSpace" : false
    }, {
      "id" : "s0-t6",
      "begin" : 28,
      "end" : 36,
      "text" : "property",
      "whiteSpace" : false
    }, {
      "id" : "s0-t7",
      "begin" : 37,
      "end" : 45,
      "text" : "conveyed",
      "whiteSpace" : false
    }, {
      "id" : "s0-t8",
      "begin" : 46,
      "end" : 48,
      "text" : "to",
      "whiteSpace" : false
    }, {
      "id" : "s0-t9",
      "begin" : 49,
      "end" : 52,
      "text" : "Guy",
      "whiteSpace" : false
    }, {
      "id" : "s0-t10",
      "begin" : 53,
      "end" : 61,
      "text" : "Triplett",
      "whiteSpace" : false
    }, {
      "id" : "s0-t11",
      "begin" : 61,
      "end" : 62,
      "text" : ",",
      "whiteSpace" : false
    }, {
      "id" : "s0-t12",
      "begin" : 63,
      "end" : 66,
      "text" : "now",
      "whiteSpace" : false
    }, {
      "id" : "s0-t13",
      "begin" : 67,
      "end" : 75,
      "text" : "deceased",
      "whiteSpace" : false
    }, {
      "id" : "s0-t14",
      "begin" : 75,
      "end" : 76,
      "text" : ",",
      "whiteSpace" : false
    }, {
      "id" : "s0-t15",
      "begin" : 77,
      "end" : 80,
      "text" : "and",
      "whiteSpace" : false
    }, {
      "id" : "s0-t16",
      "begin" : 81,
      "end" : 85,
      "text" : "wife",
      "whiteSpace" : false
    }, {
      "id" : "s0-t17",
      "begin" : 86,
      "end" : 90,
      "text" : "Leah",
      "whiteSpace" : false
    }, {
      "id" : "s0-t18",
      "begin" : 91,
      "end" : 99,
      "text" : "Triplett",
      "whiteSpace" : false
    }, {
      "id" : "s0-t19",
      "begin" : 100,
      "end" : 102,
      "text" : "by",
      "whiteSpace" : false
    }, {
      "id" : "s0-t20",
      "begin" : 103,
      "end" : 107,
      "text" : "deed",
      "whiteSpace" : false
    }, {
      "id" : "s0-t21",
      "begin" : 108,
      "end" : 110,
      "text" : "of",
      "whiteSpace" : false
    }, {
      "id" : "s0-t22",
      "begin" : 111,
      "end" : 117,
      "text" : "record",
      "whiteSpace" : false
    }, {
      "id" : "s0-t23",
      "begin" : 118,
      "end" : 120,
      "text" : "in",
      "whiteSpace" : false
    }, {
      "id" : "s0-t24",
      "begin" : 121,
      "end" : 125,
      "text" : "Deed",
      "whiteSpace" : false
    }, {
      "id" : "s0-t25",
      "begin" : 126,
      "end" : 130,
      "text" : "Book",
      "whiteSpace" : false
    }, {
      "id" : "s0-t26",
      "begin" : 131,
      "end" : 133,
      "text" : "82",
      "whiteSpace" : false
    }, {
      "id" : "s0-t27",
      "begin" : 133,
      "end" : 134,
      "text" : ",",
      "whiteSpace" : false
    }, {
      "id" : "s0-t28",
      "begin" : 135,
      "end" : 139,
      "text" : "Page",
      "whiteSpace" : false
    }, {
      "id" : "s0-t29",
      "begin" : 140,
      "end" : 142,
      "text" : "23",
      "whiteSpace" : false
    }, {
      "id" : "s0-t30",
      "begin" : 142,
      "end" : 143,
      "text" : ",",
      "whiteSpace" : false
    }, {
      "id" : "s0-t31",
      "begin" : 144,
      "end" : 146,
      "text" : "of",
      "whiteSpace" : false
    }, {
      "id" : "s0-t32",
      "begin" : 147,
      "end" : 150,
      "text" : "the",
      "whiteSpace" : false
    }, {
      "id" : "s0-t33",
      "begin" : 151,
      "end" : 159,
      "text" : "Register",
      "whiteSpace" : false
    }, {
      "id" : "s0-t34",
      "begin" : 159,
      "end" : 161,
      "text" : "'s",
      "whiteSpace" : false
    }, {
      "id" : "s0-t35",
      "begin" : 162,
      "end" : 168,
      "text" : "Office",
      "whiteSpace" : false
    }, {
      "id" : "s0-t36",
      "begin" : 169,
      "end" : 171,
      "text" : "of",
      "whiteSpace" : false
    }, {
      "id" : "s0-t37",
      "begin" : 172,
      "end" : 181,
      "text" : "Humphreys",
      "whiteSpace" : false
    }, {
      "id" : "s0-t38",
      "begin" : 182,
      "end" : 188,
      "text" : "County",
      "whiteSpace" : false
    }, {
      "id" : "s0-t39",
      "begin" : 188,
      "end" : 189,
      "text" : ",",
      "whiteSpace" : false
    }, {
      "id" : "s0-t40",
      "begin" : 190,
      "end" : 199,
      "text" : "Tennessee",
      "whiteSpace" : false
    }, {
      "id" : "s0-t41",
      "begin" : 199,
      "end" : 200,
      "text" : ".",
      "whiteSpace" : false
    } ]
  } ],
  "mentions" : [ {
    "id" : "s0-m1",
    "properties" : {
      "SIRE_MENTION_ROLE" : "WarrDeedBookNum",
      "SIRE_ENTITY_SUBTYPE" : "NONE",
      "SIRE_MENTION_TYPE" : "NONE",
      "SIRE_MENTION_CLASS" : "SPC"
    },
    "type" : "WarrDeedBookNum",
    "begin" : 131,
    "end" : 133,
    "inCoref" : false
  }, {
    "id" : "s0-m2",
    "properties" : {
      "SIRE_MENTION_ROLE" : "WarrDeedPageNum",
      "SIRE_ENTITY_SUBTYPE" : "NONE",
      "SIRE_MENTION_TYPE" : "NONE",
      "SIRE_MENTION_CLASS" : "SPC"
    },
    "type" : "WarrDeedPageNum",
    "begin" : 140,
    "end" : 142,
    "inCoref" : false
  } ],
  "relations" : [ ],
  "corefs" : [ ],
  "typeResolved" : true,
  "userResolved" : false
}