{
  "id" : "8d46da80-54dc-11e9-91aa-93fcd1ae955b-9",
  "name" : "WD167-586.txt",
  "createdDate" : 1554164185128,
  "version" : 3,
  "text" : "thence with said margin N 72?? 09' 39 \" E 139.00 feet to a placed iron pin; said point lying S 72?? 09' 39 \" W 25.00 feet from an existing iron pipe at the northeast comer of the, tract of which this is a part; thence leaving said margin with a new line, parallel to an 8 ft. wide alley S 17?? 23' 49 \" E 140.29 feet to a placed iron pin; thence with a new line S 72?? 09' 39 \" W 138.39 feet to an existing iron rod at a fence corner, at the northeast corner of the John L. Deck property of record in Deed Book 53, page 311, Register's Office of Humphreys County, Tennessee; said point also being the southeast corner of the Ricky Parchman property; thence with Parchman's east boundary N 17?? 38' 35 \" W 140.29 feet to the point of beginning containing an area of 0.45 acres by calculation., Survey made by McBride Survey Company, Darrel R. McBride, Surveyor RLS # 1463, McEwen, Tennessee dated October 4, 1995., Being a portion of the same property conveyed to Thomas J., Killebrew and wife, Dorothy Killebrew by deed of record in Deed Book 145, page 1050, Register's Of???ce of Humphreys County, Tennessee., Thomas J. Killebrew rim \": *', ???q. 54v 3L3???: A-T' AP: 5 A25 CFTE JN_ 33:5 OFFICIAL SEAL r l i E 5' i L, ???5': r23 3:: is} rec-Iris 5???35- 333 '59 428]\n",
  "docLength" : 0,
  "language" : "EN",
  "status" : "SUBMITTED",
  "modifiedDate" : 1554165809604,
  "documentSet" : [ ],
  "preannotation" : [ ],
  "sentences" : [ {
    "id" : "s0",
    "begin" : 0,
    "end" : 30,
    "text" : "thence with said margin N 72??",
    "tokens" : [ {
      "id" : "s0-t0",
      "begin" : 0,
      "end" : 6,
      "text" : "thence",
      "whiteSpace" : false
    }, {
      "id" : "s0-t1",
      "begin" : 7,
      "end" : 11,
      "text" : "with",
      "whiteSpace" : false
    }, {
      "id" : "s0-t2",
      "begin" : 12,
      "end" : 16,
      "text" : "said",
      "whiteSpace" : false
    }, {
      "id" : "s0-t3",
      "begin" : 17,
      "end" : 23,
      "text" : "margin",
      "whiteSpace" : false
    }, {
      "id" : "s0-t4",
      "begin" : 24,
      "end" : 25,
      "text" : "N",
      "whiteSpace" : false
    }, {
      "id" : "s0-t5",
      "begin" : 26,
      "end" : 28,
      "text" : "72",
      "whiteSpace" : false
    }, {
      "id" : "s0-t6",
      "begin" : 28,
      "end" : 29,
      "text" : "?",
      "whiteSpace" : false
    }, {
      "id" : "s0-t7",
      "begin" : 29,
      "end" : 30,
      "text" : "?",
      "whiteSpace" : false
    } ]
  }, {
    "id" : "s1",
    "begin" : 31,
    "end" : 99,
    "text" : "09' 39 \" E 139.00 feet to a placed iron pin; said point lying S 72??",
    "tokens" : [ {
      "id" : "s1-t0",
      "begin" : 31,
      "end" : 33,
      "text" : "09",
      "whiteSpace" : false
    }, {
      "id" : "s1-t1",
      "begin" : 33,
      "end" : 34,
      "text" : "'",
      "whiteSpace" : false
    }, {
      "id" : "s1-t2",
      "begin" : 35,
      "end" : 37,
      "text" : "39",
      "whiteSpace" : false
    }, {
      "id" : "s1-t3",
      "begin" : 38,
      "end" : 39,
      "text" : "\"",
      "whiteSpace" : false
    }, {
      "id" : "s1-t4",
      "begin" : 40,
      "end" : 41,
      "text" : "E",
      "whiteSpace" : false
    }, {
      "id" : "s1-t5",
      "begin" : 42,
      "end" : 48,
      "text" : "139.00",
      "whiteSpace" : false
    }, {
      "id" : "s1-t6",
      "begin" : 49,
      "end" : 53,
      "text" : "feet",
      "whiteSpace" : false
    }, {
      "id" : "s1-t7",
      "begin" : 54,
      "end" : 56,
      "text" : "to",
      "whiteSpace" : false
    }, {
      "id" : "s1-t8",
      "begin" : 57,
      "end" : 58,
      "text" : "a",
      "whiteSpace" : false
    }, {
      "id" : "s1-t9",
      "begin" : 59,
      "end" : 65,
      "text" : "placed",
      "whiteSpace" : false
    }, {
      "id" : "s1-t10",
      "begin" : 66,
      "end" : 70,
      "text" : "iron",
      "whiteSpace" : false
    }, {
      "id" : "s1-t11",
      "begin" : 71,
      "end" : 74,
      "text" : "pin",
      "whiteSpace" : false
    }, {
      "id" : "s1-t12",
      "begin" : 74,
      "end" : 75,
      "text" : ";",
      "whiteSpace" : false
    }, {
      "id" : "s1-t13",
      "begin" : 76,
      "end" : 80,
      "text" : "said",
      "whiteSpace" : false
    }, {
      "id" : "s1-t14",
      "begin" : 81,
      "end" : 86,
      "text" : "point",
      "whiteSpace" : false
    }, {
      "id" : "s1-t15",
      "begin" : 87,
      "end" : 92,
      "text" : "lying",
      "whiteSpace" : false
    }, {
      "id" : "s1-t16",
      "begin" : 93,
      "end" : 94,
      "text" : "S",
      "whiteSpace" : false
    }, {
      "id" : "s1-t17",
      "begin" : 95,
      "end" : 97,
      "text" : "72",
      "whiteSpace" : false
    }, {
      "id" : "s1-t18",
      "begin" : 97,
      "end" : 98,
      "text" : "?",
      "whiteSpace" : false
    }, {
      "id" : "s1-t19",
      "begin" : 98,
      "end" : 99,
      "text" : "?",
      "whiteSpace" : false
    } ]
  }, {
    "id" : "s2",
    "begin" : 100,
    "end" : 293,
    "text" : "09' 39 \" W 25.00 feet from an existing iron pipe at the northeast comer of the, tract of which this is a part; thence leaving said margin with a new line, parallel to an 8 ft. wide alley S 17??",
    "tokens" : [ {
      "id" : "s2-t0",
      "begin" : 100,
      "end" : 102,
      "text" : "09",
      "whiteSpace" : false
    }, {
      "id" : "s2-t1",
      "begin" : 102,
      "end" : 103,
      "text" : "'",
      "whiteSpace" : false
    }, {
      "id" : "s2-t2",
      "begin" : 104,
      "end" : 106,
      "text" : "39",
      "whiteSpace" : false
    }, {
      "id" : "s2-t3",
      "begin" : 107,
      "end" : 108,
      "text" : "\"",
      "whiteSpace" : false
    }, {
      "id" : "s2-t4",
      "begin" : 109,
      "end" : 110,
      "text" : "W",
      "whiteSpace" : false
    }, {
      "id" : "s2-t5",
      "begin" : 111,
      "end" : 116,
      "text" : "25.00",
      "whiteSpace" : false
    }, {
      "id" : "s2-t6",
      "begin" : 117,
      "end" : 121,
      "text" : "feet",
      "whiteSpace" : false
    }, {
      "id" : "s2-t7",
      "begin" : 122,
      "end" : 126,
      "text" : "from",
      "whiteSpace" : false
    }, {
      "id" : "s2-t8",
      "begin" : 127,
      "end" : 129,
      "text" : "an",
      "whiteSpace" : false
    }, {
      "id" : "s2-t9",
      "begin" : 130,
      "end" : 138,
      "text" : "existing",
      "whiteSpace" : false
    }, {
      "id" : "s2-t10",
      "begin" : 139,
      "end" : 143,
      "text" : "iron",
      "whiteSpace" : false
    }, {
      "id" : "s2-t11",
      "begin" : 144,
      "end" : 148,
      "text" : "pipe",
      "whiteSpace" : false
    }, {
      "id" : "s2-t12",
      "begin" : 149,
      "end" : 151,
      "text" : "at",
      "whiteSpace" : false
    }, {
      "id" : "s2-t13",
      "begin" : 152,
      "end" : 155,
      "text" : "the",
      "whiteSpace" : false
    }, {
      "id" : "s2-t14",
      "begin" : 156,
      "end" : 165,
      "text" : "northeast",
      "whiteSpace" : false
    }, {
      "id" : "s2-t15",
      "begin" : 166,
      "end" : 171,
      "text" : "comer",
      "whiteSpace" : false
    }, {
      "id" : "s2-t16",
      "begin" : 172,
      "end" : 174,
      "text" : "of",
      "whiteSpace" : false
    }, {
      "id" : "s2-t17",
      "begin" : 175,
      "end" : 178,
      "text" : "the",
      "whiteSpace" : false
    }, {
      "id" : "s2-t18",
      "begin" : 178,
      "end" : 179,
      "text" : ",",
      "whiteSpace" : false
    }, {
      "id" : "s2-t19",
      "begin" : 180,
      "end" : 185,
      "text" : "tract",
      "whiteSpace" : false
    }, {
      "id" : "s2-t20",
      "begin" : 186,
      "end" : 188,
      "text" : "of",
      "whiteSpace" : false
    }, {
      "id" : "s2-t21",
      "begin" : 189,
      "end" : 194,
      "text" : "which",
      "whiteSpace" : false
    }, {
      "id" : "s2-t22",
      "begin" : 195,
      "end" : 199,
      "text" : "this",
      "whiteSpace" : false
    }, {
      "id" : "s2-t23",
      "begin" : 200,
      "end" : 202,
      "text" : "is",
      "whiteSpace" : false
    }, {
      "id" : "s2-t24",
      "begin" : 203,
      "end" : 204,
      "text" : "a",
      "whiteSpace" : false
    }, {
      "id" : "s2-t25",
      "begin" : 205,
      "end" : 209,
      "text" : "part",
      "whiteSpace" : false
    }, {
      "id" : "s2-t26",
      "begin" : 209,
      "end" : 210,
      "text" : ";",
      "whiteSpace" : false
    }, {
      "id" : "s2-t27",
      "begin" : 211,
      "end" : 217,
      "text" : "thence",
      "whiteSpace" : false
    }, {
      "id" : "s2-t28",
      "begin" : 218,
      "end" : 225,
      "text" : "leaving",
      "whiteSpace" : false
    }, {
      "id" : "s2-t29",
      "begin" : 226,
      "end" : 230,
      "text" : "said",
      "whiteSpace" : false
    }, {
      "id" : "s2-t30",
      "begin" : 231,
      "end" : 237,
      "text" : "margin",
      "whiteSpace" : false
    }, {
      "id" : "s2-t31",
      "begin" : 238,
      "end" : 242,
      "text" : "with",
      "whiteSpace" : false
    }, {
      "id" : "s2-t32",
      "begin" : 243,
      "end" : 244,
      "text" : "a",
      "whiteSpace" : false
    }, {
      "id" : "s2-t33",
      "begin" : 245,
      "end" : 248,
      "text" : "new",
      "whiteSpace" : false
    }, {
      "id" : "s2-t34",
      "begin" : 249,
      "end" : 253,
      "text" : "line",
      "whiteSpace" : false
    }, {
      "id" : "s2-t35",
      "begin" : 253,
      "end" : 254,
      "text" : ",",
      "whiteSpace" : false
    }, {
      "id" : "s2-t36",
      "begin" : 255,
      "end" : 263,
      "text" : "parallel",
      "whiteSpace" : false
    }, {
      "id" : "s2-t37",
      "begin" : 264,
      "end" : 266,
      "text" : "to",
      "whiteSpace" : false
    }, {
      "id" : "s2-t38",
      "begin" : 267,
      "end" : 269,
      "text" : "an",
      "whiteSpace" : false
    }, {
      "id" : "s2-t39",
      "begin" : 270,
      "end" : 271,
      "text" : "8",
      "whiteSpace" : false
    }, {
      "id" : "s2-t40",
      "begin" : 272,
      "end" : 275,
      "text" : "ft.",
      "whiteSpace" : false
    }, {
      "id" : "s2-t41",
      "begin" : 276,
      "end" : 280,
      "text" : "wide",
      "whiteSpace" : false
    }, {
      "id" : "s2-t42",
      "begin" : 281,
      "end" : 286,
      "text" : "alley",
      "whiteSpace" : false
    }, {
      "id" : "s2-t43",
      "begin" : 287,
      "end" : 288,
      "text" : "S",
      "whiteSpace" : false
    }, {
      "id" : "s2-t44",
      "begin" : 289,
      "end" : 291,
      "text" : "17",
      "whiteSpace" : false
    }, {
      "id" : "s2-t45",
      "begin" : 291,
      "end" : 292,
      "text" : "?",
      "whiteSpace" : false
    }, {
      "id" : "s2-t46",
      "begin" : 292,
      "end" : 293,
      "text" : "?",
      "whiteSpace" : false
    } ]
  }, {
    "id" : "s3",
    "begin" : 294,
    "end" : 368,
    "text" : "23' 49 \" E 140.29 feet to a placed iron pin; thence with a new line S 72??",
    "tokens" : [ {
      "id" : "s3-t0",
      "begin" : 294,
      "end" : 296,
      "text" : "23",
      "whiteSpace" : false
    }, {
      "id" : "s3-t1",
      "begin" : 296,
      "end" : 297,
      "text" : "'",
      "whiteSpace" : false
    }, {
      "id" : "s3-t2",
      "begin" : 298,
      "end" : 300,
      "text" : "49",
      "whiteSpace" : false
    }, {
      "id" : "s3-t3",
      "begin" : 301,
      "end" : 302,
      "text" : "\"",
      "whiteSpace" : false
    }, {
      "id" : "s3-t4",
      "begin" : 303,
      "end" : 304,
      "text" : "E",
      "whiteSpace" : false
    }, {
      "id" : "s3-t5",
      "begin" : 305,
      "end" : 311,
      "text" : "140.29",
      "whiteSpace" : false
    }, {
      "id" : "s3-t6",
      "begin" : 312,
      "end" : 316,
      "text" : "feet",
      "whiteSpace" : false
    }, {
      "id" : "s3-t7",
      "begin" : 317,
      "end" : 319,
      "text" : "to",
      "whiteSpace" : false
    }, {
      "id" : "s3-t8",
      "begin" : 320,
      "end" : 321,
      "text" : "a",
      "whiteSpace" : false
    }, {
      "id" : "s3-t9",
      "begin" : 322,
      "end" : 328,
      "text" : "placed",
      "whiteSpace" : false
    }, {
      "id" : "s3-t10",
      "begin" : 329,
      "end" : 333,
      "text" : "iron",
      "whiteSpace" : false
    }, {
      "id" : "s3-t11",
      "begin" : 334,
      "end" : 337,
      "text" : "pin",
      "whiteSpace" : false
    }, {
      "id" : "s3-t12",
      "begin" : 337,
      "end" : 338,
      "text" : ";",
      "whiteSpace" : false
    }, {
      "id" : "s3-t13",
      "begin" : 339,
      "end" : 345,
      "text" : "thence",
      "whiteSpace" : false
    }, {
      "id" : "s3-t14",
      "begin" : 346,
      "end" : 350,
      "text" : "with",
      "whiteSpace" : false
    }, {
      "id" : "s3-t15",
      "begin" : 351,
      "end" : 352,
      "text" : "a",
      "whiteSpace" : false
    }, {
      "id" : "s3-t16",
      "begin" : 353,
      "end" : 356,
      "text" : "new",
      "whiteSpace" : false
    }, {
      "id" : "s3-t17",
      "begin" : 357,
      "end" : 361,
      "text" : "line",
      "whiteSpace" : false
    }, {
      "id" : "s3-t18",
      "begin" : 362,
      "end" : 363,
      "text" : "S",
      "whiteSpace" : false
    }, {
      "id" : "s3-t19",
      "begin" : 364,
      "end" : 366,
      "text" : "72",
      "whiteSpace" : false
    }, {
      "id" : "s3-t20",
      "begin" : 366,
      "end" : 367,
      "text" : "?",
      "whiteSpace" : false
    }, {
      "id" : "s3-t21",
      "begin" : 367,
      "end" : 368,
      "text" : "?",
      "whiteSpace" : false
    } ]
  }, {
    "id" : "s4",
    "begin" : 369,
    "end" : 693,
    "text" : "09' 39 \" W 138.39 feet to an existing iron rod at a fence corner, at the northeast corner of the John L. Deck property of record in Deed Book 53, page 311, Register's Office of Humphreys County, Tennessee; said point also being the southeast corner of the Ricky Parchman property; thence with Parchman's east boundary N 17??",
    "tokens" : [ {
      "id" : "s4-t0",
      "begin" : 369,
      "end" : 371,
      "text" : "09",
      "whiteSpace" : false
    }, {
      "id" : "s4-t1",
      "begin" : 371,
      "end" : 372,
      "text" : "'",
      "whiteSpace" : false
    }, {
      "id" : "s4-t2",
      "begin" : 373,
      "end" : 375,
      "text" : "39",
      "whiteSpace" : false
    }, {
      "id" : "s4-t3",
      "begin" : 376,
      "end" : 377,
      "text" : "\"",
      "whiteSpace" : false
    }, {
      "id" : "s4-t4",
      "begin" : 378,
      "end" : 379,
      "text" : "W",
      "whiteSpace" : false
    }, {
      "id" : "s4-t5",
      "begin" : 380,
      "end" : 386,
      "text" : "138.39",
      "whiteSpace" : false
    }, {
      "id" : "s4-t6",
      "begin" : 387,
      "end" : 391,
      "text" : "feet",
      "whiteSpace" : false
    }, {
      "id" : "s4-t7",
      "begin" : 392,
      "end" : 394,
      "text" : "to",
      "whiteSpace" : false
    }, {
      "id" : "s4-t8",
      "begin" : 395,
      "end" : 397,
      "text" : "an",
      "whiteSpace" : false
    }, {
      "id" : "s4-t9",
      "begin" : 398,
      "end" : 406,
      "text" : "existing",
      "whiteSpace" : false
    }, {
      "id" : "s4-t10",
      "begin" : 407,
      "end" : 411,
      "text" : "iron",
      "whiteSpace" : false
    }, {
      "id" : "s4-t11",
      "begin" : 412,
      "end" : 415,
      "text" : "rod",
      "whiteSpace" : false
    }, {
      "id" : "s4-t12",
      "begin" : 416,
      "end" : 418,
      "text" : "at",
      "whiteSpace" : false
    }, {
      "id" : "s4-t13",
      "begin" : 419,
      "end" : 420,
      "text" : "a",
      "whiteSpace" : false
    }, {
      "id" : "s4-t14",
      "begin" : 421,
      "end" : 426,
      "text" : "fence",
      "whiteSpace" : false
    }, {
      "id" : "s4-t15",
      "begin" : 427,
      "end" : 433,
      "text" : "corner",
      "whiteSpace" : false
    }, {
      "id" : "s4-t16",
      "begin" : 433,
      "end" : 434,
      "text" : ",",
      "whiteSpace" : false
    }, {
      "id" : "s4-t17",
      "begin" : 435,
      "end" : 437,
      "text" : "at",
      "whiteSpace" : false
    }, {
      "id" : "s4-t18",
      "begin" : 438,
      "end" : 441,
      "text" : "the",
      "whiteSpace" : false
    }, {
      "id" : "s4-t19",
      "begin" : 442,
      "end" : 451,
      "text" : "northeast",
      "whiteSpace" : false
    }, {
      "id" : "s4-t20",
      "begin" : 452,
      "end" : 458,
      "text" : "corner",
      "whiteSpace" : false
    }, {
      "id" : "s4-t21",
      "begin" : 459,
      "end" : 461,
      "text" : "of",
      "whiteSpace" : false
    }, {
      "id" : "s4-t22",
      "begin" : 462,
      "end" : 465,
      "text" : "the",
      "whiteSpace" : false
    }, {
      "id" : "s4-t23",
      "begin" : 466,
      "end" : 470,
      "text" : "John",
      "whiteSpace" : false
    }, {
      "id" : "s4-t24",
      "begin" : 471,
      "end" : 473,
      "text" : "L.",
      "whiteSpace" : false
    }, {
      "id" : "s4-t25",
      "begin" : 474,
      "end" : 478,
      "text" : "Deck",
      "whiteSpace" : false
    }, {
      "id" : "s4-t26",
      "begin" : 479,
      "end" : 487,
      "text" : "property",
      "whiteSpace" : false
    }, {
      "id" : "s4-t27",
      "begin" : 488,
      "end" : 490,
      "text" : "of",
      "whiteSpace" : false
    }, {
      "id" : "s4-t28",
      "begin" : 491,
      "end" : 497,
      "text" : "record",
      "whiteSpace" : false
    }, {
      "id" : "s4-t29",
      "begin" : 498,
      "end" : 500,
      "text" : "in",
      "whiteSpace" : false
    }, {
      "id" : "s4-t30",
      "begin" : 501,
      "end" : 505,
      "text" : "Deed",
      "whiteSpace" : false
    }, {
      "id" : "s4-t31",
      "begin" : 506,
      "end" : 510,
      "text" : "Book",
      "whiteSpace" : false
    }, {
      "id" : "s4-t32",
      "begin" : 511,
      "end" : 513,
      "text" : "53",
      "whiteSpace" : false
    }, {
      "id" : "s4-t33",
      "begin" : 513,
      "end" : 514,
      "text" : ",",
      "whiteSpace" : false
    }, {
      "id" : "s4-t34",
      "begin" : 515,
      "end" : 519,
      "text" : "page",
      "whiteSpace" : false
    }, {
      "id" : "s4-t35",
      "begin" : 520,
      "end" : 523,
      "text" : "311",
      "whiteSpace" : false
    }, {
      "id" : "s4-t36",
      "begin" : 523,
      "end" : 524,
      "text" : ",",
      "whiteSpace" : false
    }, {
      "id" : "s4-t37",
      "begin" : 525,
      "end" : 533,
      "text" : "Register",
      "whiteSpace" : false
    }, {
      "id" : "s4-t38",
      "begin" : 533,
      "end" : 535,
      "text" : "'s",
      "whiteSpace" : false
    }, {
      "id" : "s4-t39",
      "begin" : 536,
      "end" : 542,
      "text" : "Office",
      "whiteSpace" : false
    }, {
      "id" : "s4-t40",
      "begin" : 543,
      "end" : 545,
      "text" : "of",
      "whiteSpace" : false
    }, {
      "id" : "s4-t41",
      "begin" : 546,
      "end" : 555,
      "text" : "Humphreys",
      "whiteSpace" : false
    }, {
      "id" : "s4-t42",
      "begin" : 556,
      "end" : 562,
      "text" : "County",
      "whiteSpace" : false
    }, {
      "id" : "s4-t43",
      "begin" : 562,
      "end" : 563,
      "text" : ",",
      "whiteSpace" : false
    }, {
      "id" : "s4-t44",
      "begin" : 564,
      "end" : 573,
      "text" : "Tennessee",
      "whiteSpace" : false
    }, {
      "id" : "s4-t45",
      "begin" : 573,
      "end" : 574,
      "text" : ";",
      "whiteSpace" : false
    }, {
      "id" : "s4-t46",
      "begin" : 575,
      "end" : 579,
      "text" : "said",
      "whiteSpace" : false
    }, {
      "id" : "s4-t47",
      "begin" : 580,
      "end" : 585,
      "text" : "point",
      "whiteSpace" : false
    }, {
      "id" : "s4-t48",
      "begin" : 586,
      "end" : 590,
      "text" : "also",
      "whiteSpace" : false
    }, {
      "id" : "s4-t49",
      "begin" : 591,
      "end" : 596,
      "text" : "being",
      "whiteSpace" : false
    }, {
      "id" : "s4-t50",
      "begin" : 597,
      "end" : 600,
      "text" : "the",
      "whiteSpace" : false
    }, {
      "id" : "s4-t51",
      "begin" : 601,
      "end" : 610,
      "text" : "southeast",
      "whiteSpace" : false
    }, {
      "id" : "s4-t52",
      "begin" : 611,
      "end" : 617,
      "text" : "corner",
      "whiteSpace" : false
    }, {
      "id" : "s4-t53",
      "begin" : 618,
      "end" : 620,
      "text" : "of",
      "whiteSpace" : false
    }, {
      "id" : "s4-t54",
      "begin" : 621,
      "end" : 624,
      "text" : "the",
      "whiteSpace" : false
    }, {
      "id" : "s4-t55",
      "begin" : 625,
      "end" : 630,
      "text" : "Ricky",
      "whiteSpace" : false
    }, {
      "id" : "s4-t56",
      "begin" : 631,
      "end" : 639,
      "text" : "Parchman",
      "whiteSpace" : false
    }, {
      "id" : "s4-t57",
      "begin" : 640,
      "end" : 648,
      "text" : "property",
      "whiteSpace" : false
    }, {
      "id" : "s4-t58",
      "begin" : 648,
      "end" : 649,
      "text" : ";",
      "whiteSpace" : false
    }, {
      "id" : "s4-t59",
      "begin" : 650,
      "end" : 656,
      "text" : "thence",
      "whiteSpace" : false
    }, {
      "id" : "s4-t60",
      "begin" : 657,
      "end" : 661,
      "text" : "with",
      "whiteSpace" : false
    }, {
      "id" : "s4-t61",
      "begin" : 662,
      "end" : 670,
      "text" : "Parchman",
      "whiteSpace" : false
    }, {
      "id" : "s4-t62",
      "begin" : 670,
      "end" : 672,
      "text" : "'s",
      "whiteSpace" : false
    }, {
      "id" : "s4-t63",
      "begin" : 673,
      "end" : 677,
      "text" : "east",
      "whiteSpace" : false
    }, {
      "id" : "s4-t64",
      "begin" : 678,
      "end" : 686,
      "text" : "boundary",
      "whiteSpace" : false
    }, {
      "id" : "s4-t65",
      "begin" : 687,
      "end" : 688,
      "text" : "N",
      "whiteSpace" : false
    }, {
      "id" : "s4-t66",
      "begin" : 689,
      "end" : 691,
      "text" : "17",
      "whiteSpace" : false
    }, {
      "id" : "s4-t67",
      "begin" : 691,
      "end" : 692,
      "text" : "?",
      "whiteSpace" : false
    }, {
      "id" : "s4-t68",
      "begin" : 692,
      "end" : 693,
      "text" : "?",
      "whiteSpace" : false
    } ]
  }, {
    "id" : "s5",
    "begin" : 694,
    "end" : 1073,
    "text" : "38' 35 \" W 140.29 feet to the point of beginning containing an area of 0.45 acres by calculation., Survey made by McBride Survey Company, Darrel R. McBride, Surveyor RLS # 1463, McEwen, Tennessee dated October 4, 1995., Being a portion of the same property conveyed to Thomas J., Killebrew and wife, Dorothy Killebrew by deed of record in Deed Book 145, page 1050, Register's Of?",
    "tokens" : [ {
      "id" : "s5-t0",
      "begin" : 694,
      "end" : 696,
      "text" : "38",
      "whiteSpace" : false
    }, {
      "id" : "s5-t1",
      "begin" : 696,
      "end" : 697,
      "text" : "'",
      "whiteSpace" : false
    }, {
      "id" : "s5-t2",
      "begin" : 698,
      "end" : 700,
      "text" : "35",
      "whiteSpace" : false
    }, {
      "id" : "s5-t3",
      "begin" : 701,
      "end" : 702,
      "text" : "\"",
      "whiteSpace" : false
    }, {
      "id" : "s5-t4",
      "begin" : 703,
      "end" : 704,
      "text" : "W",
      "whiteSpace" : false
    }, {
      "id" : "s5-t5",
      "begin" : 705,
      "end" : 711,
      "text" : "140.29",
      "whiteSpace" : false
    }, {
      "id" : "s5-t6",
      "begin" : 712,
      "end" : 716,
      "text" : "feet",
      "whiteSpace" : false
    }, {
      "id" : "s5-t7",
      "begin" : 717,
      "end" : 719,
      "text" : "to",
      "whiteSpace" : false
    }, {
      "id" : "s5-t8",
      "begin" : 720,
      "end" : 723,
      "text" : "the",
      "whiteSpace" : false
    }, {
      "id" : "s5-t9",
      "begin" : 724,
      "end" : 729,
      "text" : "point",
      "whiteSpace" : false
    }, {
      "id" : "s5-t10",
      "begin" : 730,
      "end" : 732,
      "text" : "of",
      "whiteSpace" : false
    }, {
      "id" : "s5-t11",
      "begin" : 733,
      "end" : 742,
      "text" : "beginning",
      "whiteSpace" : false
    }, {
      "id" : "s5-t12",
      "begin" : 743,
      "end" : 753,
      "text" : "containing",
      "whiteSpace" : false
    }, {
      "id" : "s5-t13",
      "begin" : 754,
      "end" : 756,
      "text" : "an",
      "whiteSpace" : false
    }, {
      "id" : "s5-t14",
      "begin" : 757,
      "end" : 761,
      "text" : "area",
      "whiteSpace" : false
    }, {
      "id" : "s5-t15",
      "begin" : 762,
      "end" : 764,
      "text" : "of",
      "whiteSpace" : false
    }, {
      "id" : "s5-t16",
      "begin" : 765,
      "end" : 769,
      "text" : "0.45",
      "whiteSpace" : false
    }, {
      "id" : "s5-t17",
      "begin" : 770,
      "end" : 775,
      "text" : "acres",
      "whiteSpace" : false
    }, {
      "id" : "s5-t18",
      "begin" : 776,
      "end" : 778,
      "text" : "by",
      "whiteSpace" : false
    }, {
      "id" : "s5-t19",
      "begin" : 779,
      "end" : 791,
      "text" : "calculation.",
      "whiteSpace" : false
    }, {
      "id" : "s5-t20",
      "begin" : 791,
      "end" : 792,
      "text" : ",",
      "whiteSpace" : false
    }, {
      "id" : "s5-t21",
      "begin" : 793,
      "end" : 799,
      "text" : "Survey",
      "whiteSpace" : false
    }, {
      "id" : "s5-t22",
      "begin" : 800,
      "end" : 804,
      "text" : "made",
      "whiteSpace" : false
    }, {
      "id" : "s5-t23",
      "begin" : 805,
      "end" : 807,
      "text" : "by",
      "whiteSpace" : false
    }, {
      "id" : "s5-t24",
      "begin" : 808,
      "end" : 815,
      "text" : "McBride",
      "whiteSpace" : false
    }, {
      "id" : "s5-t25",
      "begin" : 816,
      "end" : 822,
      "text" : "Survey",
      "whiteSpace" : false
    }, {
      "id" : "s5-t26",
      "begin" : 823,
      "end" : 830,
      "text" : "Company",
      "whiteSpace" : false
    }, {
      "id" : "s5-t27",
      "begin" : 830,
      "end" : 831,
      "text" : ",",
      "whiteSpace" : false
    }, {
      "id" : "s5-t28",
      "begin" : 832,
      "end" : 838,
      "text" : "Darrel",
      "whiteSpace" : false
    }, {
      "id" : "s5-t29",
      "begin" : 839,
      "end" : 841,
      "text" : "R.",
      "whiteSpace" : false
    }, {
      "id" : "s5-t30",
      "begin" : 842,
      "end" : 849,
      "text" : "McBride",
      "whiteSpace" : false
    }, {
      "id" : "s5-t31",
      "begin" : 849,
      "end" : 850,
      "text" : ",",
      "whiteSpace" : false
    }, {
      "id" : "s5-t32",
      "begin" : 851,
      "end" : 859,
      "text" : "Surveyor",
      "whiteSpace" : false
    }, {
      "id" : "s5-t33",
      "begin" : 860,
      "end" : 863,
      "text" : "RLS",
      "whiteSpace" : false
    }, {
      "id" : "s5-t34",
      "begin" : 864,
      "end" : 865,
      "text" : "#",
      "whiteSpace" : false
    }, {
      "id" : "s5-t35",
      "begin" : 866,
      "end" : 870,
      "text" : "1463",
      "whiteSpace" : false
    }, {
      "id" : "s5-t36",
      "begin" : 870,
      "end" : 871,
      "text" : ",",
      "whiteSpace" : false
    }, {
      "id" : "s5-t37",
      "begin" : 872,
      "end" : 878,
      "text" : "McEwen",
      "whiteSpace" : false
    }, {
      "id" : "s5-t38",
      "begin" : 878,
      "end" : 879,
      "text" : ",",
      "whiteSpace" : false
    }, {
      "id" : "s5-t39",
      "begin" : 880,
      "end" : 889,
      "text" : "Tennessee",
      "whiteSpace" : false
    }, {
      "id" : "s5-t40",
      "begin" : 890,
      "end" : 895,
      "text" : "dated",
      "whiteSpace" : false
    }, {
      "id" : "s5-t41",
      "begin" : 896,
      "end" : 903,
      "text" : "October",
      "whiteSpace" : false
    }, {
      "id" : "s5-t42",
      "begin" : 904,
      "end" : 905,
      "text" : "4",
      "whiteSpace" : false
    }, {
      "id" : "s5-t43",
      "begin" : 905,
      "end" : 906,
      "text" : ",",
      "whiteSpace" : false
    }, {
      "id" : "s5-t44",
      "begin" : 907,
      "end" : 911,
      "text" : "1995",
      "whiteSpace" : false
    }, {
      "id" : "s5-t45",
      "begin" : 911,
      "end" : 912,
      "text" : ".",
      "whiteSpace" : false
    }, {
      "id" : "s5-t46",
      "begin" : 912,
      "end" : 913,
      "text" : ",",
      "whiteSpace" : false
    }, {
      "id" : "s5-t47",
      "begin" : 914,
      "end" : 919,
      "text" : "Being",
      "whiteSpace" : false
    }, {
      "id" : "s5-t48",
      "begin" : 920,
      "end" : 921,
      "text" : "a",
      "whiteSpace" : false
    }, {
      "id" : "s5-t49",
      "begin" : 922,
      "end" : 929,
      "text" : "portion",
      "whiteSpace" : false
    }, {
      "id" : "s5-t50",
      "begin" : 930,
      "end" : 932,
      "text" : "of",
      "whiteSpace" : false
    }, {
      "id" : "s5-t51",
      "begin" : 933,
      "end" : 936,
      "text" : "the",
      "whiteSpace" : false
    }, {
      "id" : "s5-t52",
      "begin" : 937,
      "end" : 941,
      "text" : "same",
      "whiteSpace" : false
    }, {
      "id" : "s5-t53",
      "begin" : 942,
      "end" : 950,
      "text" : "property",
      "whiteSpace" : false
    }, {
      "id" : "s5-t54",
      "begin" : 951,
      "end" : 959,
      "text" : "conveyed",
      "whiteSpace" : false
    }, {
      "id" : "s5-t55",
      "begin" : 960,
      "end" : 962,
      "text" : "to",
      "whiteSpace" : false
    }, {
      "id" : "s5-t56",
      "begin" : 963,
      "end" : 969,
      "text" : "Thomas",
      "whiteSpace" : false
    }, {
      "id" : "s5-t57",
      "begin" : 970,
      "end" : 972,
      "text" : "J.",
      "whiteSpace" : false
    }, {
      "id" : "s5-t58",
      "begin" : 972,
      "end" : 973,
      "text" : ",",
      "whiteSpace" : false
    }, {
      "id" : "s5-t59",
      "begin" : 974,
      "end" : 983,
      "text" : "Killebrew",
      "whiteSpace" : false
    }, {
      "id" : "s5-t60",
      "begin" : 984,
      "end" : 987,
      "text" : "and",
      "whiteSpace" : false
    }, {
      "id" : "s5-t61",
      "begin" : 988,
      "end" : 992,
      "text" : "wife",
      "whiteSpace" : false
    }, {
      "id" : "s5-t62",
      "begin" : 992,
      "end" : 993,
      "text" : ",",
      "whiteSpace" : false
    }, {
      "id" : "s5-t63",
      "begin" : 994,
      "end" : 1001,
      "text" : "Dorothy",
      "whiteSpace" : false
    }, {
      "id" : "s5-t64",
      "begin" : 1002,
      "end" : 1011,
      "text" : "Killebrew",
      "whiteSpace" : false
    }, {
      "id" : "s5-t65",
      "begin" : 1012,
      "end" : 1014,
      "text" : "by",
      "whiteSpace" : false
    }, {
      "id" : "s5-t66",
      "begin" : 1015,
      "end" : 1019,
      "text" : "deed",
      "whiteSpace" : false
    }, {
      "id" : "s5-t67",
      "begin" : 1020,
      "end" : 1022,
      "text" : "of",
      "whiteSpace" : false
    }, {
      "id" : "s5-t68",
      "begin" : 1023,
      "end" : 1029,
      "text" : "record",
      "whiteSpace" : false
    }, {
      "id" : "s5-t69",
      "begin" : 1030,
      "end" : 1032,
      "text" : "in",
      "whiteSpace" : false
    }, {
      "id" : "s5-t70",
      "begin" : 1033,
      "end" : 1037,
      "text" : "Deed",
      "whiteSpace" : false
    }, {
      "id" : "s5-t71",
      "begin" : 1038,
      "end" : 1042,
      "text" : "Book",
      "whiteSpace" : false
    }, {
      "id" : "s5-t72",
      "begin" : 1043,
      "end" : 1046,
      "text" : "145",
      "whiteSpace" : false
    }, {
      "id" : "s5-t73",
      "begin" : 1046,
      "end" : 1047,
      "text" : ",",
      "whiteSpace" : false
    }, {
      "id" : "s5-t74",
      "begin" : 1048,
      "end" : 1052,
      "text" : "page",
      "whiteSpace" : false
    }, {
      "id" : "s5-t75",
      "begin" : 1053,
      "end" : 1057,
      "text" : "1050",
      "whiteSpace" : false
    }, {
      "id" : "s5-t76",
      "begin" : 1057,
      "end" : 1058,
      "text" : ",",
      "whiteSpace" : false
    }, {
      "id" : "s5-t77",
      "begin" : 1059,
      "end" : 1067,
      "text" : "Register",
      "whiteSpace" : false
    }, {
      "id" : "s5-t78",
      "begin" : 1067,
      "end" : 1069,
      "text" : "'s",
      "whiteSpace" : false
    }, {
      "id" : "s5-t79",
      "begin" : 1070,
      "end" : 1072,
      "text" : "Of",
      "whiteSpace" : false
    }, {
      "id" : "s5-t80",
      "begin" : 1072,
      "end" : 1073,
      "text" : "?",
      "whiteSpace" : false
    } ]
  }, {
    "id" : "s6",
    "begin" : 1073,
    "end" : 1143,
    "text" : "??ce of Humphreys County, Tennessee., Thomas J. Killebrew rim \": *', ?",
    "tokens" : [ {
      "id" : "s6-t0",
      "begin" : 1073,
      "end" : 1077,
      "text" : "??ce",
      "whiteSpace" : false
    }, {
      "id" : "s6-t1",
      "begin" : 1078,
      "end" : 1080,
      "text" : "of",
      "whiteSpace" : false
    }, {
      "id" : "s6-t2",
      "begin" : 1081,
      "end" : 1090,
      "text" : "Humphreys",
      "whiteSpace" : false
    }, {
      "id" : "s6-t3",
      "begin" : 1091,
      "end" : 1097,
      "text" : "County",
      "whiteSpace" : false
    }, {
      "id" : "s6-t4",
      "begin" : 1097,
      "end" : 1098,
      "text" : ",",
      "whiteSpace" : false
    }, {
      "id" : "s6-t5",
      "begin" : 1099,
      "end" : 1109,
      "text" : "Tennessee.",
      "whiteSpace" : false
    }, {
      "id" : "s6-t6",
      "begin" : 1109,
      "end" : 1110,
      "text" : ",",
      "whiteSpace" : false
    }, {
      "id" : "s6-t7",
      "begin" : 1111,
      "end" : 1117,
      "text" : "Thomas",
      "whiteSpace" : false
    }, {
      "id" : "s6-t8",
      "begin" : 1118,
      "end" : 1120,
      "text" : "J.",
      "whiteSpace" : false
    }, {
      "id" : "s6-t9",
      "begin" : 1121,
      "end" : 1130,
      "text" : "Killebrew",
      "whiteSpace" : false
    }, {
      "id" : "s6-t10",
      "begin" : 1131,
      "end" : 1134,
      "text" : "rim",
      "whiteSpace" : false
    }, {
      "id" : "s6-t11",
      "begin" : 1135,
      "end" : 1136,
      "text" : "\"",
      "whiteSpace" : false
    }, {
      "id" : "s6-t12",
      "begin" : 1136,
      "end" : 1137,
      "text" : ":",
      "whiteSpace" : false
    }, {
      "id" : "s6-t13",
      "begin" : 1138,
      "end" : 1139,
      "text" : "*",
      "whiteSpace" : false
    }, {
      "id" : "s6-t14",
      "begin" : 1139,
      "end" : 1140,
      "text" : "'",
      "whiteSpace" : false
    }, {
      "id" : "s6-t15",
      "begin" : 1140,
      "end" : 1141,
      "text" : ",",
      "whiteSpace" : false
    }, {
      "id" : "s6-t16",
      "begin" : 1142,
      "end" : 1143,
      "text" : "?",
      "whiteSpace" : false
    } ]
  }, {
    "id" : "s7",
    "begin" : 1143,
    "end" : 1147,
    "text" : "??q.",
    "tokens" : [ {
      "id" : "s7-t0",
      "begin" : 1143,
      "end" : 1146,
      "text" : "??q",
      "whiteSpace" : false
    }, {
      "id" : "s7-t1",
      "begin" : 1146,
      "end" : 1147,
      "text" : ".",
      "whiteSpace" : false
    } ]
  }, {
    "id" : "s8",
    "begin" : 1148,
    "end" : 1220,
    "text" : "54v 3L3???: A-T' AP: 5 A25 CFTE JN_ 33:5 OFFICIAL SEAL r l i E 5' i L, ?",
    "tokens" : [ {
      "id" : "s8-t0",
      "begin" : 1148,
      "end" : 1151,
      "text" : "54v",
      "whiteSpace" : false
    }, {
      "id" : "s8-t1",
      "begin" : 1152,
      "end" : 1155,
      "text" : "3L3",
      "whiteSpace" : false
    }, {
      "id" : "s8-t2",
      "begin" : 1155,
      "end" : 1158,
      "text" : "???",
      "whiteSpace" : false
    }, {
      "id" : "s8-t3",
      "begin" : 1158,
      "end" : 1159,
      "text" : ":",
      "whiteSpace" : false
    }, {
      "id" : "s8-t4",
      "begin" : 1160,
      "end" : 1163,
      "text" : "A-T",
      "whiteSpace" : false
    }, {
      "id" : "s8-t5",
      "begin" : 1163,
      "end" : 1164,
      "text" : "'",
      "whiteSpace" : false
    }, {
      "id" : "s8-t6",
      "begin" : 1165,
      "end" : 1167,
      "text" : "AP",
      "whiteSpace" : false
    }, {
      "id" : "s8-t7",
      "begin" : 1167,
      "end" : 1168,
      "text" : ":",
      "whiteSpace" : false
    }, {
      "id" : "s8-t8",
      "begin" : 1169,
      "end" : 1170,
      "text" : "5",
      "whiteSpace" : false
    }, {
      "id" : "s8-t9",
      "begin" : 1171,
      "end" : 1174,
      "text" : "A25",
      "whiteSpace" : false
    }, {
      "id" : "s8-t10",
      "begin" : 1175,
      "end" : 1179,
      "text" : "CFTE",
      "whiteSpace" : false
    }, {
      "id" : "s8-t11",
      "begin" : 1180,
      "end" : 1183,
      "text" : "JN_",
      "whiteSpace" : false
    }, {
      "id" : "s8-t12",
      "begin" : 1184,
      "end" : 1187,
      "text" : "33:",
      "whiteSpace" : false
    }, {
      "id" : "s8-t13",
      "begin" : 1187,
      "end" : 1188,
      "text" : "5",
      "whiteSpace" : false
    }, {
      "id" : "s8-t14",
      "begin" : 1189,
      "end" : 1197,
      "text" : "OFFICIAL",
      "whiteSpace" : false
    }, {
      "id" : "s8-t15",
      "begin" : 1198,
      "end" : 1202,
      "text" : "SEAL",
      "whiteSpace" : false
    }, {
      "id" : "s8-t16",
      "begin" : 1203,
      "end" : 1204,
      "text" : "r",
      "whiteSpace" : false
    }, {
      "id" : "s8-t17",
      "begin" : 1205,
      "end" : 1206,
      "text" : "l",
      "whiteSpace" : false
    }, {
      "id" : "s8-t18",
      "begin" : 1207,
      "end" : 1208,
      "text" : "i",
      "whiteSpace" : false
    }, {
      "id" : "s8-t19",
      "begin" : 1209,
      "end" : 1210,
      "text" : "E",
      "whiteSpace" : false
    }, {
      "id" : "s8-t20",
      "begin" : 1211,
      "end" : 1212,
      "text" : "5",
      "whiteSpace" : false
    }, {
      "id" : "s8-t21",
      "begin" : 1212,
      "end" : 1213,
      "text" : "'",
      "whiteSpace" : false
    }, {
      "id" : "s8-t22",
      "begin" : 1214,
      "end" : 1215,
      "text" : "i",
      "whiteSpace" : false
    }, {
      "id" : "s8-t23",
      "begin" : 1216,
      "end" : 1217,
      "text" : "L",
      "whiteSpace" : false
    }, {
      "id" : "s8-t24",
      "begin" : 1217,
      "end" : 1218,
      "text" : ",",
      "whiteSpace" : false
    }, {
      "id" : "s8-t25",
      "begin" : 1219,
      "end" : 1220,
      "text" : "?",
      "whiteSpace" : false
    } ]
  }, {
    "id" : "s9",
    "begin" : 1220,
    "end" : 1267,
    "text" : "??5': r23 3:: is} rec-Iris 5???35- 333 '59 428]",
    "tokens" : [ {
      "id" : "s9-t0",
      "begin" : 1220,
      "end" : 1223,
      "text" : "??5",
      "whiteSpace" : false
    }, {
      "id" : "s9-t1",
      "begin" : 1223,
      "end" : 1224,
      "text" : "'",
      "whiteSpace" : false
    }, {
      "id" : "s9-t2",
      "begin" : 1224,
      "end" : 1225,
      "text" : ":",
      "whiteSpace" : false
    }, {
      "id" : "s9-t3",
      "begin" : 1226,
      "end" : 1229,
      "text" : "r23",
      "whiteSpace" : false
    }, {
      "id" : "s9-t4",
      "begin" : 1230,
      "end" : 1231,
      "text" : "3",
      "whiteSpace" : false
    }, {
      "id" : "s9-t5",
      "begin" : 1231,
      "end" : 1232,
      "text" : ":",
      "whiteSpace" : false
    }, {
      "id" : "s9-t6",
      "begin" : 1232,
      "end" : 1233,
      "text" : ":",
      "whiteSpace" : false
    }, {
      "id" : "s9-t7",
      "begin" : 1234,
      "end" : 1236,
      "text" : "is",
      "whiteSpace" : false
    }, {
      "id" : "s9-t8",
      "begin" : 1236,
      "end" : 1237,
      "text" : "}",
      "whiteSpace" : false
    }, {
      "id" : "s9-t9",
      "begin" : 1238,
      "end" : 1241,
      "text" : "rec",
      "whiteSpace" : false
    }, {
      "id" : "s9-t10",
      "begin" : 1241,
      "end" : 1242,
      "text" : "-",
      "whiteSpace" : false
    }, {
      "id" : "s9-t11",
      "begin" : 1242,
      "end" : 1246,
      "text" : "Iris",
      "whiteSpace" : false
    }, {
      "id" : "s9-t12",
      "begin" : 1247,
      "end" : 1253,
      "text" : "5???35",
      "whiteSpace" : false
    }, {
      "id" : "s9-t13",
      "begin" : 1253,
      "end" : 1254,
      "text" : "-",
      "whiteSpace" : false
    }, {
      "id" : "s9-t14",
      "begin" : 1255,
      "end" : 1258,
      "text" : "333",
      "whiteSpace" : false
    }, {
      "id" : "s9-t15",
      "begin" : 1259,
      "end" : 1260,
      "text" : "'",
      "whiteSpace" : false
    }, {
      "id" : "s9-t16",
      "begin" : 1260,
      "end" : 1262,
      "text" : "59",
      "whiteSpace" : false
    }, {
      "id" : "s9-t17",
      "begin" : 1263,
      "end" : 1266,
      "text" : "428",
      "whiteSpace" : false
    }, {
      "id" : "s9-t18",
      "begin" : 1266,
      "end" : 1267,
      "text" : "]",
      "whiteSpace" : false
    } ]
  } ],
  "mentions" : [ {
    "id" : "s5-m1",
    "properties" : {
      "SIRE_MENTION_ROLE" : "WarrDeedBookNum",
      "SIRE_ENTITY_SUBTYPE" : "NONE",
      "SIRE_MENTION_TYPE" : "NONE",
      "SIRE_MENTION_CLASS" : "SPC"
    },
    "type" : "WarrDeedBookNum",
    "begin" : 1043,
    "end" : 1046,
    "inCoref" : false
  }, {
    "id" : "s5-m2",
    "properties" : {
      "SIRE_MENTION_ROLE" : "WarrDeedPageNum",
      "SIRE_ENTITY_SUBTYPE" : "NONE",
      "SIRE_MENTION_TYPE" : "NONE",
      "SIRE_MENTION_CLASS" : "SPC"
    },
    "type" : "WarrDeedPageNum",
    "begin" : 1053,
    "end" : 1057,
    "inCoref" : false
  } ],
  "relations" : [ ],
  "corefs" : [ ],
  "typeResolved" : true,
  "userResolved" : false
}