{
  "id" : "8d46da80-54dc-11e9-91aa-93fcd1ae955b-7",
  "name" : "WD165-13.txt",
  "createdDate" : 1554164185128,
  "version" : 3,
  "text" : "TN and being a part of a larger tract of land belonging to Maxie'and Linda Wilkinson (Tax Map #156, Parcel #25 as described in Deed Book 160, page 1106) and a portion of Tract #16 on Plat Cabinet \"A \", Slide 194 at the Register's Office of Humphreys County, TN and being more BEGINNING at an iron pin set in the East margin of a private gravel road (50 feet wide R.O.W.) at the Northwest corner of the larger tract of which this is a margin of a private gravel road; thence with said margin the following calls: North 61 degrees 17 minutes 35 BK amiss PG 11 seconds West 1.65 feet, North 34 degrees 26 minutes 09 seconds West 148.86 feet, North 04 degrees 37 minutes 36 seconds East 45.38 feet to the point of beginning and BEING a portion of the same property conveyed to Maxie Wilkinson and wife, Linda Wilkinson by instrument of record at Deed Book 160, page 1106, Register's Office, Humphreys County, Tennessee. THERE IS FURTHER transferred and conveyed to the grantee herein the right to use a private road easement as deeded to the owners of the properties adjoining and served by such private road easement as reflected ",
  "docLength" : 0,
  "language" : "EN",
  "status" : "SUBMITTED",
  "modifiedDate" : 1554165790171,
  "documentSet" : [ ],
  "preannotation" : [ ],
  "sentences" : [ {
    "id" : "s0",
    "begin" : 0,
    "end" : 915,
    "text" : "TN and being a part of a larger tract of land belonging to Maxie'and Linda Wilkinson (Tax Map #156, Parcel #25 as described in Deed Book 160, page 1106) and a portion of Tract #16 on Plat Cabinet \"A \", Slide 194 at the Register's Office of Humphreys County, TN and being more BEGINNING at an iron pin set in the East margin of a private gravel road (50 feet wide R.O.W.) at the Northwest corner of the larger tract of which this is a margin of a private gravel road; thence with said margin the following calls: North 61 degrees 17 minutes 35 BK amiss PG 11 seconds West 1.65 feet, North 34 degrees 26 minutes 09 seconds West 148.86 feet, North 04 degrees 37 minutes 36 seconds East 45.38 feet to the point of beginning and BEING a portion of the same property conveyed to Maxie Wilkinson and wife, Linda Wilkinson by instrument of record at Deed Book 160, page 1106, Register's Office, Humphreys County, Tennessee.",
    "tokens" : [ {
      "id" : "s0-t0",
      "begin" : 0,
      "end" : 2,
      "text" : "TN",
      "whiteSpace" : false
    }, {
      "id" : "s0-t1",
      "begin" : 3,
      "end" : 6,
      "text" : "and",
      "whiteSpace" : false
    }, {
      "id" : "s0-t2",
      "begin" : 7,
      "end" : 12,
      "text" : "being",
      "whiteSpace" : false
    }, {
      "id" : "s0-t3",
      "begin" : 13,
      "end" : 14,
      "text" : "a",
      "whiteSpace" : false
    }, {
      "id" : "s0-t4",
      "begin" : 15,
      "end" : 19,
      "text" : "part",
      "whiteSpace" : false
    }, {
      "id" : "s0-t5",
      "begin" : 20,
      "end" : 22,
      "text" : "of",
      "whiteSpace" : false
    }, {
      "id" : "s0-t6",
      "begin" : 23,
      "end" : 24,
      "text" : "a",
      "whiteSpace" : false
    }, {
      "id" : "s0-t7",
      "begin" : 25,
      "end" : 31,
      "text" : "larger",
      "whiteSpace" : false
    }, {
      "id" : "s0-t8",
      "begin" : 32,
      "end" : 37,
      "text" : "tract",
      "whiteSpace" : false
    }, {
      "id" : "s0-t9",
      "begin" : 38,
      "end" : 40,
      "text" : "of",
      "whiteSpace" : false
    }, {
      "id" : "s0-t10",
      "begin" : 41,
      "end" : 45,
      "text" : "land",
      "whiteSpace" : false
    }, {
      "id" : "s0-t11",
      "begin" : 46,
      "end" : 55,
      "text" : "belonging",
      "whiteSpace" : false
    }, {
      "id" : "s0-t12",
      "begin" : 56,
      "end" : 58,
      "text" : "to",
      "whiteSpace" : false
    }, {
      "id" : "s0-t13",
      "begin" : 59,
      "end" : 68,
      "text" : "Maxie'and",
      "whiteSpace" : false
    }, {
      "id" : "s0-t14",
      "begin" : 69,
      "end" : 74,
      "text" : "Linda",
      "whiteSpace" : false
    }, {
      "id" : "s0-t15",
      "begin" : 75,
      "end" : 84,
      "text" : "Wilkinson",
      "whiteSpace" : false
    }, {
      "id" : "s0-t16",
      "begin" : 85,
      "end" : 86,
      "text" : "(",
      "whiteSpace" : false
    }, {
      "id" : "s0-t17",
      "begin" : 86,
      "end" : 89,
      "text" : "Tax",
      "whiteSpace" : false
    }, {
      "id" : "s0-t18",
      "begin" : 90,
      "end" : 93,
      "text" : "Map",
      "whiteSpace" : false
    }, {
      "id" : "s0-t19",
      "begin" : 94,
      "end" : 98,
      "text" : "#156",
      "whiteSpace" : false
    }, {
      "id" : "s0-t20",
      "begin" : 98,
      "end" : 99,
      "text" : ",",
      "whiteSpace" : false
    }, {
      "id" : "s0-t21",
      "begin" : 100,
      "end" : 106,
      "text" : "Parcel",
      "whiteSpace" : false
    }, {
      "id" : "s0-t22",
      "begin" : 107,
      "end" : 110,
      "text" : "#25",
      "whiteSpace" : false
    }, {
      "id" : "s0-t23",
      "begin" : 111,
      "end" : 113,
      "text" : "as",
      "whiteSpace" : false
    }, {
      "id" : "s0-t24",
      "begin" : 114,
      "end" : 123,
      "text" : "described",
      "whiteSpace" : false
    }, {
      "id" : "s0-t25",
      "begin" : 124,
      "end" : 126,
      "text" : "in",
      "whiteSpace" : false
    }, {
      "id" : "s0-t26",
      "begin" : 127,
      "end" : 131,
      "text" : "Deed",
      "whiteSpace" : false
    }, {
      "id" : "s0-t27",
      "begin" : 132,
      "end" : 136,
      "text" : "Book",
      "whiteSpace" : false
    }, {
      "id" : "s0-t28",
      "begin" : 137,
      "end" : 140,
      "text" : "160",
      "whiteSpace" : false
    }, {
      "id" : "s0-t29",
      "begin" : 140,
      "end" : 141,
      "text" : ",",
      "whiteSpace" : false
    }, {
      "id" : "s0-t30",
      "begin" : 142,
      "end" : 146,
      "text" : "page",
      "whiteSpace" : false
    }, {
      "id" : "s0-t31",
      "begin" : 147,
      "end" : 151,
      "text" : "1106",
      "whiteSpace" : false
    }, {
      "id" : "s0-t32",
      "begin" : 151,
      "end" : 152,
      "text" : ")",
      "whiteSpace" : false
    }, {
      "id" : "s0-t33",
      "begin" : 153,
      "end" : 156,
      "text" : "and",
      "whiteSpace" : false
    }, {
      "id" : "s0-t34",
      "begin" : 157,
      "end" : 158,
      "text" : "a",
      "whiteSpace" : false
    }, {
      "id" : "s0-t35",
      "begin" : 159,
      "end" : 166,
      "text" : "portion",
      "whiteSpace" : false
    }, {
      "id" : "s0-t36",
      "begin" : 167,
      "end" : 169,
      "text" : "of",
      "whiteSpace" : false
    }, {
      "id" : "s0-t37",
      "begin" : 170,
      "end" : 175,
      "text" : "Tract",
      "whiteSpace" : false
    }, {
      "id" : "s0-t38",
      "begin" : 176,
      "end" : 179,
      "text" : "#16",
      "whiteSpace" : false
    }, {
      "id" : "s0-t39",
      "begin" : 180,
      "end" : 182,
      "text" : "on",
      "whiteSpace" : false
    }, {
      "id" : "s0-t40",
      "begin" : 183,
      "end" : 187,
      "text" : "Plat",
      "whiteSpace" : false
    }, {
      "id" : "s0-t41",
      "begin" : 188,
      "end" : 195,
      "text" : "Cabinet",
      "whiteSpace" : false
    }, {
      "id" : "s0-t42",
      "begin" : 196,
      "end" : 197,
      "text" : "\"",
      "whiteSpace" : false
    }, {
      "id" : "s0-t43",
      "begin" : 197,
      "end" : 198,
      "text" : "A",
      "whiteSpace" : false
    }, {
      "id" : "s0-t44",
      "begin" : 199,
      "end" : 200,
      "text" : "\"",
      "whiteSpace" : false
    }, {
      "id" : "s0-t45",
      "begin" : 200,
      "end" : 201,
      "text" : ",",
      "whiteSpace" : false
    }, {
      "id" : "s0-t46",
      "begin" : 202,
      "end" : 207,
      "text" : "Slide",
      "whiteSpace" : false
    }, {
      "id" : "s0-t47",
      "begin" : 208,
      "end" : 211,
      "text" : "194",
      "whiteSpace" : false
    }, {
      "id" : "s0-t48",
      "begin" : 212,
      "end" : 214,
      "text" : "at",
      "whiteSpace" : false
    }, {
      "id" : "s0-t49",
      "begin" : 215,
      "end" : 218,
      "text" : "the",
      "whiteSpace" : false
    }, {
      "id" : "s0-t50",
      "begin" : 219,
      "end" : 227,
      "text" : "Register",
      "whiteSpace" : false
    }, {
      "id" : "s0-t51",
      "begin" : 227,
      "end" : 229,
      "text" : "'s",
      "whiteSpace" : false
    }, {
      "id" : "s0-t52",
      "begin" : 230,
      "end" : 236,
      "text" : "Office",
      "whiteSpace" : false
    }, {
      "id" : "s0-t53",
      "begin" : 237,
      "end" : 239,
      "text" : "of",
      "whiteSpace" : false
    }, {
      "id" : "s0-t54",
      "begin" : 240,
      "end" : 249,
      "text" : "Humphreys",
      "whiteSpace" : false
    }, {
      "id" : "s0-t55",
      "begin" : 250,
      "end" : 256,
      "text" : "County",
      "whiteSpace" : false
    }, {
      "id" : "s0-t56",
      "begin" : 256,
      "end" : 257,
      "text" : ",",
      "whiteSpace" : false
    }, {
      "id" : "s0-t57",
      "begin" : 258,
      "end" : 260,
      "text" : "TN",
      "whiteSpace" : false
    }, {
      "id" : "s0-t58",
      "begin" : 261,
      "end" : 264,
      "text" : "and",
      "whiteSpace" : false
    }, {
      "id" : "s0-t59",
      "begin" : 265,
      "end" : 270,
      "text" : "being",
      "whiteSpace" : false
    }, {
      "id" : "s0-t60",
      "begin" : 271,
      "end" : 275,
      "text" : "more",
      "whiteSpace" : false
    }, {
      "id" : "s0-t61",
      "begin" : 276,
      "end" : 285,
      "text" : "BEGINNING",
      "whiteSpace" : false
    }, {
      "id" : "s0-t62",
      "begin" : 286,
      "end" : 288,
      "text" : "at",
      "whiteSpace" : false
    }, {
      "id" : "s0-t63",
      "begin" : 289,
      "end" : 291,
      "text" : "an",
      "whiteSpace" : false
    }, {
      "id" : "s0-t64",
      "begin" : 292,
      "end" : 296,
      "text" : "iron",
      "whiteSpace" : false
    }, {
      "id" : "s0-t65",
      "begin" : 297,
      "end" : 300,
      "text" : "pin",
      "whiteSpace" : false
    }, {
      "id" : "s0-t66",
      "begin" : 301,
      "end" : 304,
      "text" : "set",
      "whiteSpace" : false
    }, {
      "id" : "s0-t67",
      "begin" : 305,
      "end" : 307,
      "text" : "in",
      "whiteSpace" : false
    }, {
      "id" : "s0-t68",
      "begin" : 308,
      "end" : 311,
      "text" : "the",
      "whiteSpace" : false
    }, {
      "id" : "s0-t69",
      "begin" : 312,
      "end" : 316,
      "text" : "East",
      "whiteSpace" : false
    }, {
      "id" : "s0-t70",
      "begin" : 317,
      "end" : 323,
      "text" : "margin",
      "whiteSpace" : false
    }, {
      "id" : "s0-t71",
      "begin" : 324,
      "end" : 326,
      "text" : "of",
      "whiteSpace" : false
    }, {
      "id" : "s0-t72",
      "begin" : 327,
      "end" : 328,
      "text" : "a",
      "whiteSpace" : false
    }, {
      "id" : "s0-t73",
      "begin" : 329,
      "end" : 336,
      "text" : "private",
      "whiteSpace" : false
    }, {
      "id" : "s0-t74",
      "begin" : 337,
      "end" : 343,
      "text" : "gravel",
      "whiteSpace" : false
    }, {
      "id" : "s0-t75",
      "begin" : 344,
      "end" : 348,
      "text" : "road",
      "whiteSpace" : false
    }, {
      "id" : "s0-t76",
      "begin" : 349,
      "end" : 350,
      "text" : "(",
      "whiteSpace" : false
    }, {
      "id" : "s0-t77",
      "begin" : 350,
      "end" : 352,
      "text" : "50",
      "whiteSpace" : false
    }, {
      "id" : "s0-t78",
      "begin" : 353,
      "end" : 357,
      "text" : "feet",
      "whiteSpace" : false
    }, {
      "id" : "s0-t79",
      "begin" : 358,
      "end" : 362,
      "text" : "wide",
      "whiteSpace" : false
    }, {
      "id" : "s0-t80",
      "begin" : 363,
      "end" : 369,
      "text" : "R.O.W.",
      "whiteSpace" : false
    }, {
      "id" : "s0-t81",
      "begin" : 369,
      "end" : 370,
      "text" : ")",
      "whiteSpace" : false
    }, {
      "id" : "s0-t82",
      "begin" : 371,
      "end" : 373,
      "text" : "at",
      "whiteSpace" : false
    }, {
      "id" : "s0-t83",
      "begin" : 374,
      "end" : 377,
      "text" : "the",
      "whiteSpace" : false
    }, {
      "id" : "s0-t84",
      "begin" : 378,
      "end" : 387,
      "text" : "Northwest",
      "whiteSpace" : false
    }, {
      "id" : "s0-t85",
      "begin" : 388,
      "end" : 394,
      "text" : "corner",
      "whiteSpace" : false
    }, {
      "id" : "s0-t86",
      "begin" : 395,
      "end" : 397,
      "text" : "of",
      "whiteSpace" : false
    }, {
      "id" : "s0-t87",
      "begin" : 398,
      "end" : 401,
      "text" : "the",
      "whiteSpace" : false
    }, {
      "id" : "s0-t88",
      "begin" : 402,
      "end" : 408,
      "text" : "larger",
      "whiteSpace" : false
    }, {
      "id" : "s0-t89",
      "begin" : 409,
      "end" : 414,
      "text" : "tract",
      "whiteSpace" : false
    }, {
      "id" : "s0-t90",
      "begin" : 415,
      "end" : 417,
      "text" : "of",
      "whiteSpace" : false
    }, {
      "id" : "s0-t91",
      "begin" : 418,
      "end" : 423,
      "text" : "which",
      "whiteSpace" : false
    }, {
      "id" : "s0-t92",
      "begin" : 424,
      "end" : 428,
      "text" : "this",
      "whiteSpace" : false
    }, {
      "id" : "s0-t93",
      "begin" : 429,
      "end" : 431,
      "text" : "is",
      "whiteSpace" : false
    }, {
      "id" : "s0-t94",
      "begin" : 432,
      "end" : 433,
      "text" : "a",
      "whiteSpace" : false
    }, {
      "id" : "s0-t95",
      "begin" : 434,
      "end" : 440,
      "text" : "margin",
      "whiteSpace" : false
    }, {
      "id" : "s0-t96",
      "begin" : 441,
      "end" : 443,
      "text" : "of",
      "whiteSpace" : false
    }, {
      "id" : "s0-t97",
      "begin" : 444,
      "end" : 445,
      "text" : "a",
      "whiteSpace" : false
    }, {
      "id" : "s0-t98",
      "begin" : 446,
      "end" : 453,
      "text" : "private",
      "whiteSpace" : false
    }, {
      "id" : "s0-t99",
      "begin" : 454,
      "end" : 460,
      "text" : "gravel",
      "whiteSpace" : false
    }, {
      "id" : "s0-t100",
      "begin" : 461,
      "end" : 465,
      "text" : "road",
      "whiteSpace" : false
    }, {
      "id" : "s0-t101",
      "begin" : 465,
      "end" : 466,
      "text" : ";",
      "whiteSpace" : false
    }, {
      "id" : "s0-t102",
      "begin" : 467,
      "end" : 473,
      "text" : "thence",
      "whiteSpace" : false
    }, {
      "id" : "s0-t103",
      "begin" : 474,
      "end" : 478,
      "text" : "with",
      "whiteSpace" : false
    }, {
      "id" : "s0-t104",
      "begin" : 479,
      "end" : 483,
      "text" : "said",
      "whiteSpace" : false
    }, {
      "id" : "s0-t105",
      "begin" : 484,
      "end" : 490,
      "text" : "margin",
      "whiteSpace" : false
    }, {
      "id" : "s0-t106",
      "begin" : 491,
      "end" : 494,
      "text" : "the",
      "whiteSpace" : false
    }, {
      "id" : "s0-t107",
      "begin" : 495,
      "end" : 504,
      "text" : "following",
      "whiteSpace" : false
    }, {
      "id" : "s0-t108",
      "begin" : 505,
      "end" : 510,
      "text" : "calls",
      "whiteSpace" : false
    }, {
      "id" : "s0-t109",
      "begin" : 510,
      "end" : 511,
      "text" : ":",
      "whiteSpace" : false
    }, {
      "id" : "s0-t110",
      "begin" : 512,
      "end" : 517,
      "text" : "North",
      "whiteSpace" : false
    }, {
      "id" : "s0-t111",
      "begin" : 518,
      "end" : 520,
      "text" : "61",
      "whiteSpace" : false
    }, {
      "id" : "s0-t112",
      "begin" : 521,
      "end" : 528,
      "text" : "degrees",
      "whiteSpace" : false
    }, {
      "id" : "s0-t113",
      "begin" : 529,
      "end" : 531,
      "text" : "17",
      "whiteSpace" : false
    }, {
      "id" : "s0-t114",
      "begin" : 532,
      "end" : 539,
      "text" : "minutes",
      "whiteSpace" : false
    }, {
      "id" : "s0-t115",
      "begin" : 540,
      "end" : 542,
      "text" : "35",
      "whiteSpace" : false
    }, {
      "id" : "s0-t116",
      "begin" : 543,
      "end" : 545,
      "text" : "BK",
      "whiteSpace" : false
    }, {
      "id" : "s0-t117",
      "begin" : 546,
      "end" : 551,
      "text" : "amiss",
      "whiteSpace" : false
    }, {
      "id" : "s0-t118",
      "begin" : 552,
      "end" : 554,
      "text" : "PG",
      "whiteSpace" : false
    }, {
      "id" : "s0-t119",
      "begin" : 555,
      "end" : 557,
      "text" : "11",
      "whiteSpace" : false
    }, {
      "id" : "s0-t120",
      "begin" : 558,
      "end" : 565,
      "text" : "seconds",
      "whiteSpace" : false
    }, {
      "id" : "s0-t121",
      "begin" : 566,
      "end" : 570,
      "text" : "West",
      "whiteSpace" : false
    }, {
      "id" : "s0-t122",
      "begin" : 571,
      "end" : 575,
      "text" : "1.65",
      "whiteSpace" : false
    }, {
      "id" : "s0-t123",
      "begin" : 576,
      "end" : 580,
      "text" : "feet",
      "whiteSpace" : false
    }, {
      "id" : "s0-t124",
      "begin" : 580,
      "end" : 581,
      "text" : ",",
      "whiteSpace" : false
    }, {
      "id" : "s0-t125",
      "begin" : 582,
      "end" : 587,
      "text" : "North",
      "whiteSpace" : false
    }, {
      "id" : "s0-t126",
      "begin" : 588,
      "end" : 590,
      "text" : "34",
      "whiteSpace" : false
    }, {
      "id" : "s0-t127",
      "begin" : 591,
      "end" : 598,
      "text" : "degrees",
      "whiteSpace" : false
    }, {
      "id" : "s0-t128",
      "begin" : 599,
      "end" : 601,
      "text" : "26",
      "whiteSpace" : false
    }, {
      "id" : "s0-t129",
      "begin" : 602,
      "end" : 609,
      "text" : "minutes",
      "whiteSpace" : false
    }, {
      "id" : "s0-t130",
      "begin" : 610,
      "end" : 612,
      "text" : "09",
      "whiteSpace" : false
    }, {
      "id" : "s0-t131",
      "begin" : 613,
      "end" : 620,
      "text" : "seconds",
      "whiteSpace" : false
    }, {
      "id" : "s0-t132",
      "begin" : 621,
      "end" : 625,
      "text" : "West",
      "whiteSpace" : false
    }, {
      "id" : "s0-t133",
      "begin" : 626,
      "end" : 632,
      "text" : "148.86",
      "whiteSpace" : false
    }, {
      "id" : "s0-t134",
      "begin" : 633,
      "end" : 637,
      "text" : "feet",
      "whiteSpace" : false
    }, {
      "id" : "s0-t135",
      "begin" : 637,
      "end" : 638,
      "text" : ",",
      "whiteSpace" : false
    }, {
      "id" : "s0-t136",
      "begin" : 639,
      "end" : 644,
      "text" : "North",
      "whiteSpace" : false
    }, {
      "id" : "s0-t137",
      "begin" : 645,
      "end" : 647,
      "text" : "04",
      "whiteSpace" : false
    }, {
      "id" : "s0-t138",
      "begin" : 648,
      "end" : 655,
      "text" : "degrees",
      "whiteSpace" : false
    }, {
      "id" : "s0-t139",
      "begin" : 656,
      "end" : 658,
      "text" : "37",
      "whiteSpace" : false
    }, {
      "id" : "s0-t140",
      "begin" : 659,
      "end" : 666,
      "text" : "minutes",
      "whiteSpace" : false
    }, {
      "id" : "s0-t141",
      "begin" : 667,
      "end" : 669,
      "text" : "36",
      "whiteSpace" : false
    }, {
      "id" : "s0-t142",
      "begin" : 670,
      "end" : 677,
      "text" : "seconds",
      "whiteSpace" : false
    }, {
      "id" : "s0-t143",
      "begin" : 678,
      "end" : 682,
      "text" : "East",
      "whiteSpace" : false
    }, {
      "id" : "s0-t144",
      "begin" : 683,
      "end" : 688,
      "text" : "45.38",
      "whiteSpace" : false
    }, {
      "id" : "s0-t145",
      "begin" : 689,
      "end" : 693,
      "text" : "feet",
      "whiteSpace" : false
    }, {
      "id" : "s0-t146",
      "begin" : 694,
      "end" : 696,
      "text" : "to",
      "whiteSpace" : false
    }, {
      "id" : "s0-t147",
      "begin" : 697,
      "end" : 700,
      "text" : "the",
      "whiteSpace" : false
    }, {
      "id" : "s0-t148",
      "begin" : 701,
      "end" : 706,
      "text" : "point",
      "whiteSpace" : false
    }, {
      "id" : "s0-t149",
      "begin" : 707,
      "end" : 709,
      "text" : "of",
      "whiteSpace" : false
    }, {
      "id" : "s0-t150",
      "begin" : 710,
      "end" : 719,
      "text" : "beginning",
      "whiteSpace" : false
    }, {
      "id" : "s0-t151",
      "begin" : 720,
      "end" : 723,
      "text" : "and",
      "whiteSpace" : false
    }, {
      "id" : "s0-t152",
      "begin" : 724,
      "end" : 729,
      "text" : "BEING",
      "whiteSpace" : false
    }, {
      "id" : "s0-t153",
      "begin" : 730,
      "end" : 731,
      "text" : "a",
      "whiteSpace" : false
    }, {
      "id" : "s0-t154",
      "begin" : 732,
      "end" : 739,
      "text" : "portion",
      "whiteSpace" : false
    }, {
      "id" : "s0-t155",
      "begin" : 740,
      "end" : 742,
      "text" : "of",
      "whiteSpace" : false
    }, {
      "id" : "s0-t156",
      "begin" : 743,
      "end" : 746,
      "text" : "the",
      "whiteSpace" : false
    }, {
      "id" : "s0-t157",
      "begin" : 747,
      "end" : 751,
      "text" : "same",
      "whiteSpace" : false
    }, {
      "id" : "s0-t158",
      "begin" : 752,
      "end" : 760,
      "text" : "property",
      "whiteSpace" : false
    }, {
      "id" : "s0-t159",
      "begin" : 761,
      "end" : 769,
      "text" : "conveyed",
      "whiteSpace" : false
    }, {
      "id" : "s0-t160",
      "begin" : 770,
      "end" : 772,
      "text" : "to",
      "whiteSpace" : false
    }, {
      "id" : "s0-t161",
      "begin" : 773,
      "end" : 778,
      "text" : "Maxie",
      "whiteSpace" : false
    }, {
      "id" : "s0-t162",
      "begin" : 779,
      "end" : 788,
      "text" : "Wilkinson",
      "whiteSpace" : false
    }, {
      "id" : "s0-t163",
      "begin" : 789,
      "end" : 792,
      "text" : "and",
      "whiteSpace" : false
    }, {
      "id" : "s0-t164",
      "begin" : 793,
      "end" : 797,
      "text" : "wife",
      "whiteSpace" : false
    }, {
      "id" : "s0-t165",
      "begin" : 797,
      "end" : 798,
      "text" : ",",
      "whiteSpace" : false
    }, {
      "id" : "s0-t166",
      "begin" : 799,
      "end" : 804,
      "text" : "Linda",
      "whiteSpace" : false
    }, {
      "id" : "s0-t167",
      "begin" : 805,
      "end" : 814,
      "text" : "Wilkinson",
      "whiteSpace" : false
    }, {
      "id" : "s0-t168",
      "begin" : 815,
      "end" : 817,
      "text" : "by",
      "whiteSpace" : false
    }, {
      "id" : "s0-t169",
      "begin" : 818,
      "end" : 828,
      "text" : "instrument",
      "whiteSpace" : false
    }, {
      "id" : "s0-t170",
      "begin" : 829,
      "end" : 831,
      "text" : "of",
      "whiteSpace" : false
    }, {
      "id" : "s0-t171",
      "begin" : 832,
      "end" : 838,
      "text" : "record",
      "whiteSpace" : false
    }, {
      "id" : "s0-t172",
      "begin" : 839,
      "end" : 841,
      "text" : "at",
      "whiteSpace" : false
    }, {
      "id" : "s0-t173",
      "begin" : 842,
      "end" : 846,
      "text" : "Deed",
      "whiteSpace" : false
    }, {
      "id" : "s0-t174",
      "begin" : 847,
      "end" : 851,
      "text" : "Book",
      "whiteSpace" : false
    }, {
      "id" : "s0-t175",
      "begin" : 852,
      "end" : 855,
      "text" : "160",
      "whiteSpace" : false
    }, {
      "id" : "s0-t176",
      "begin" : 855,
      "end" : 856,
      "text" : ",",
      "whiteSpace" : false
    }, {
      "id" : "s0-t177",
      "begin" : 857,
      "end" : 861,
      "text" : "page",
      "whiteSpace" : false
    }, {
      "id" : "s0-t178",
      "begin" : 862,
      "end" : 866,
      "text" : "1106",
      "whiteSpace" : false
    }, {
      "id" : "s0-t179",
      "begin" : 866,
      "end" : 867,
      "text" : ",",
      "whiteSpace" : false
    }, {
      "id" : "s0-t180",
      "begin" : 868,
      "end" : 876,
      "text" : "Register",
      "whiteSpace" : false
    }, {
      "id" : "s0-t181",
      "begin" : 876,
      "end" : 878,
      "text" : "'s",
      "whiteSpace" : false
    }, {
      "id" : "s0-t182",
      "begin" : 879,
      "end" : 885,
      "text" : "Office",
      "whiteSpace" : false
    }, {
      "id" : "s0-t183",
      "begin" : 885,
      "end" : 886,
      "text" : ",",
      "whiteSpace" : false
    }, {
      "id" : "s0-t184",
      "begin" : 887,
      "end" : 896,
      "text" : "Humphreys",
      "whiteSpace" : false
    }, {
      "id" : "s0-t185",
      "begin" : 897,
      "end" : 903,
      "text" : "County",
      "whiteSpace" : false
    }, {
      "id" : "s0-t186",
      "begin" : 903,
      "end" : 904,
      "text" : ",",
      "whiteSpace" : false
    }, {
      "id" : "s0-t187",
      "begin" : 905,
      "end" : 914,
      "text" : "Tennessee",
      "whiteSpace" : false
    }, {
      "id" : "s0-t188",
      "begin" : 914,
      "end" : 915,
      "text" : ".",
      "whiteSpace" : false
    } ]
  }, {
    "id" : "s1",
    "begin" : 916,
    "end" : 1126,
    "text" : "THERE IS FURTHER transferred and conveyed to the grantee herein the right to use a private road easement as deeded to the owners of the properties adjoining and served by such private road easement as reflected",
    "tokens" : [ {
      "id" : "s1-t0",
      "begin" : 916,
      "end" : 921,
      "text" : "THERE",
      "whiteSpace" : false
    }, {
      "id" : "s1-t1",
      "begin" : 922,
      "end" : 924,
      "text" : "IS",
      "whiteSpace" : false
    }, {
      "id" : "s1-t2",
      "begin" : 925,
      "end" : 932,
      "text" : "FURTHER",
      "whiteSpace" : false
    }, {
      "id" : "s1-t3",
      "begin" : 933,
      "end" : 944,
      "text" : "transferred",
      "whiteSpace" : false
    }, {
      "id" : "s1-t4",
      "begin" : 945,
      "end" : 948,
      "text" : "and",
      "whiteSpace" : false
    }, {
      "id" : "s1-t5",
      "begin" : 949,
      "end" : 957,
      "text" : "conveyed",
      "whiteSpace" : false
    }, {
      "id" : "s1-t6",
      "begin" : 958,
      "end" : 960,
      "text" : "to",
      "whiteSpace" : false
    }, {
      "id" : "s1-t7",
      "begin" : 961,
      "end" : 964,
      "text" : "the",
      "whiteSpace" : false
    }, {
      "id" : "s1-t8",
      "begin" : 965,
      "end" : 972,
      "text" : "grantee",
      "whiteSpace" : false
    }, {
      "id" : "s1-t9",
      "begin" : 973,
      "end" : 979,
      "text" : "herein",
      "whiteSpace" : false
    }, {
      "id" : "s1-t10",
      "begin" : 980,
      "end" : 983,
      "text" : "the",
      "whiteSpace" : false
    }, {
      "id" : "s1-t11",
      "begin" : 984,
      "end" : 989,
      "text" : "right",
      "whiteSpace" : false
    }, {
      "id" : "s1-t12",
      "begin" : 990,
      "end" : 992,
      "text" : "to",
      "whiteSpace" : false
    }, {
      "id" : "s1-t13",
      "begin" : 993,
      "end" : 996,
      "text" : "use",
      "whiteSpace" : false
    }, {
      "id" : "s1-t14",
      "begin" : 997,
      "end" : 998,
      "text" : "a",
      "whiteSpace" : false
    }, {
      "id" : "s1-t15",
      "begin" : 999,
      "end" : 1006,
      "text" : "private",
      "whiteSpace" : false
    }, {
      "id" : "s1-t16",
      "begin" : 1007,
      "end" : 1011,
      "text" : "road",
      "whiteSpace" : false
    }, {
      "id" : "s1-t17",
      "begin" : 1012,
      "end" : 1020,
      "text" : "easement",
      "whiteSpace" : false
    }, {
      "id" : "s1-t18",
      "begin" : 1021,
      "end" : 1023,
      "text" : "as",
      "whiteSpace" : false
    }, {
      "id" : "s1-t19",
      "begin" : 1024,
      "end" : 1030,
      "text" : "deeded",
      "whiteSpace" : false
    }, {
      "id" : "s1-t20",
      "begin" : 1031,
      "end" : 1033,
      "text" : "to",
      "whiteSpace" : false
    }, {
      "id" : "s1-t21",
      "begin" : 1034,
      "end" : 1037,
      "text" : "the",
      "whiteSpace" : false
    }, {
      "id" : "s1-t22",
      "begin" : 1038,
      "end" : 1044,
      "text" : "owners",
      "whiteSpace" : false
    }, {
      "id" : "s1-t23",
      "begin" : 1045,
      "end" : 1047,
      "text" : "of",
      "whiteSpace" : false
    }, {
      "id" : "s1-t24",
      "begin" : 1048,
      "end" : 1051,
      "text" : "the",
      "whiteSpace" : false
    }, {
      "id" : "s1-t25",
      "begin" : 1052,
      "end" : 1062,
      "text" : "properties",
      "whiteSpace" : false
    }, {
      "id" : "s1-t26",
      "begin" : 1063,
      "end" : 1072,
      "text" : "adjoining",
      "whiteSpace" : false
    }, {
      "id" : "s1-t27",
      "begin" : 1073,
      "end" : 1076,
      "text" : "and",
      "whiteSpace" : false
    }, {
      "id" : "s1-t28",
      "begin" : 1077,
      "end" : 1083,
      "text" : "served",
      "whiteSpace" : false
    }, {
      "id" : "s1-t29",
      "begin" : 1084,
      "end" : 1086,
      "text" : "by",
      "whiteSpace" : false
    }, {
      "id" : "s1-t30",
      "begin" : 1087,
      "end" : 1091,
      "text" : "such",
      "whiteSpace" : false
    }, {
      "id" : "s1-t31",
      "begin" : 1092,
      "end" : 1099,
      "text" : "private",
      "whiteSpace" : false
    }, {
      "id" : "s1-t32",
      "begin" : 1100,
      "end" : 1104,
      "text" : "road",
      "whiteSpace" : false
    }, {
      "id" : "s1-t33",
      "begin" : 1105,
      "end" : 1113,
      "text" : "easement",
      "whiteSpace" : false
    }, {
      "id" : "s1-t34",
      "begin" : 1114,
      "end" : 1116,
      "text" : "as",
      "whiteSpace" : false
    }, {
      "id" : "s1-t35",
      "begin" : 1117,
      "end" : 1126,
      "text" : "reflected",
      "whiteSpace" : false
    } ]
  } ],
  "mentions" : [ {
    "id" : "s0-m1",
    "properties" : {
      "SIRE_MENTION_ROLE" : "WarrDeedBookNum",
      "SIRE_ENTITY_SUBTYPE" : "NONE",
      "SIRE_MENTION_TYPE" : "NONE",
      "SIRE_MENTION_CLASS" : "SPC"
    },
    "type" : "WarrDeedBookNum",
    "begin" : 852,
    "end" : 855,
    "inCoref" : false
  }, {
    "id" : "s0-m2",
    "properties" : {
      "SIRE_MENTION_ROLE" : "WarrDeedPageNum",
      "SIRE_ENTITY_SUBTYPE" : "NONE",
      "SIRE_MENTION_TYPE" : "NONE",
      "SIRE_MENTION_CLASS" : "SPC"
    },
    "type" : "WarrDeedPageNum",
    "begin" : 862,
    "end" : 866,
    "inCoref" : false
  } ],
  "relations" : [ ],
  "corefs" : [ ],
  "typeResolved" : true,
  "userResolved" : false
}