{
  "id" : "8d46da80-54dc-11e9-91aa-93fcd1ae955b-4",
  "name" : "WD162-20.txt",
  "createdDate" : 1554164185128,
  "version" : 3,
  "text" : "obstruct or hinder the free passage thereon by any, such, shall have the right to improve the roadway but, participate therein or to share in the cost thereof., BEING a portion of the same property conveyed to Buffalo Valley Resources, Inc., by deed of record in Deed Book 158, page 983, Register???s Office of Humphreys County, Tennessee., This, TO HAVE AND TO HOLD the said tract or parcel of land, with the appurtenances, estate, title, and interest thereto belonging, to the, HERBERT DWIGHT AUSTIN, that it is lawfully seized and possessed of said land in Fee Simple, has a good right to convey it, and the same is unencumbered, except as set forth above., forever defend the title to said land to the said HERBERT DWIGHT AUSTIN, his heirs and assigns, against the lawful claims of all persons whomsoever., IN, Malcolm McCarn, its Agent and Attorney???in???fact under Special Power of Attorney of record in Deed Book 161, page 1419, Register's Office of Humphreys County, Tennessee., me on the, evidence), and who upon oath acknowledged himself to be the Agent and Attorney???in???Fact of BUFFALO VALLEY RESOURCES, INC., a",
  "docLength" : 0,
  "language" : "EN",
  "status" : "SUBMITTED",
  "modifiedDate" : 1554165754616,
  "documentSet" : [ ],
  "preannotation" : [ ],
  "sentences" : [ {
    "id" : "s0",
    "begin" : 0,
    "end" : 297,
    "text" : "obstruct or hinder the free passage thereon by any, such, shall have the right to improve the roadway but, participate therein or to share in the cost thereof., BEING a portion of the same property conveyed to Buffalo Valley Resources, Inc., by deed of record in Deed Book 158, page 983, Register?",
    "tokens" : [ {
      "id" : "s0-t0",
      "begin" : 0,
      "end" : 8,
      "text" : "obstruct",
      "whiteSpace" : false
    }, {
      "id" : "s0-t1",
      "begin" : 9,
      "end" : 11,
      "text" : "or",
      "whiteSpace" : false
    }, {
      "id" : "s0-t2",
      "begin" : 12,
      "end" : 18,
      "text" : "hinder",
      "whiteSpace" : false
    }, {
      "id" : "s0-t3",
      "begin" : 19,
      "end" : 22,
      "text" : "the",
      "whiteSpace" : false
    }, {
      "id" : "s0-t4",
      "begin" : 23,
      "end" : 27,
      "text" : "free",
      "whiteSpace" : false
    }, {
      "id" : "s0-t5",
      "begin" : 28,
      "end" : 35,
      "text" : "passage",
      "whiteSpace" : false
    }, {
      "id" : "s0-t6",
      "begin" : 36,
      "end" : 43,
      "text" : "thereon",
      "whiteSpace" : false
    }, {
      "id" : "s0-t7",
      "begin" : 44,
      "end" : 46,
      "text" : "by",
      "whiteSpace" : false
    }, {
      "id" : "s0-t8",
      "begin" : 47,
      "end" : 50,
      "text" : "any",
      "whiteSpace" : false
    }, {
      "id" : "s0-t9",
      "begin" : 50,
      "end" : 51,
      "text" : ",",
      "whiteSpace" : false
    }, {
      "id" : "s0-t10",
      "begin" : 52,
      "end" : 56,
      "text" : "such",
      "whiteSpace" : false
    }, {
      "id" : "s0-t11",
      "begin" : 56,
      "end" : 57,
      "text" : ",",
      "whiteSpace" : false
    }, {
      "id" : "s0-t12",
      "begin" : 58,
      "end" : 63,
      "text" : "shall",
      "whiteSpace" : false
    }, {
      "id" : "s0-t13",
      "begin" : 64,
      "end" : 68,
      "text" : "have",
      "whiteSpace" : false
    }, {
      "id" : "s0-t14",
      "begin" : 69,
      "end" : 72,
      "text" : "the",
      "whiteSpace" : false
    }, {
      "id" : "s0-t15",
      "begin" : 73,
      "end" : 78,
      "text" : "right",
      "whiteSpace" : false
    }, {
      "id" : "s0-t16",
      "begin" : 79,
      "end" : 81,
      "text" : "to",
      "whiteSpace" : false
    }, {
      "id" : "s0-t17",
      "begin" : 82,
      "end" : 89,
      "text" : "improve",
      "whiteSpace" : false
    }, {
      "id" : "s0-t18",
      "begin" : 90,
      "end" : 93,
      "text" : "the",
      "whiteSpace" : false
    }, {
      "id" : "s0-t19",
      "begin" : 94,
      "end" : 101,
      "text" : "roadway",
      "whiteSpace" : false
    }, {
      "id" : "s0-t20",
      "begin" : 102,
      "end" : 105,
      "text" : "but",
      "whiteSpace" : false
    }, {
      "id" : "s0-t21",
      "begin" : 105,
      "end" : 106,
      "text" : ",",
      "whiteSpace" : false
    }, {
      "id" : "s0-t22",
      "begin" : 107,
      "end" : 118,
      "text" : "participate",
      "whiteSpace" : false
    }, {
      "id" : "s0-t23",
      "begin" : 119,
      "end" : 126,
      "text" : "therein",
      "whiteSpace" : false
    }, {
      "id" : "s0-t24",
      "begin" : 127,
      "end" : 129,
      "text" : "or",
      "whiteSpace" : false
    }, {
      "id" : "s0-t25",
      "begin" : 130,
      "end" : 132,
      "text" : "to",
      "whiteSpace" : false
    }, {
      "id" : "s0-t26",
      "begin" : 133,
      "end" : 138,
      "text" : "share",
      "whiteSpace" : false
    }, {
      "id" : "s0-t27",
      "begin" : 139,
      "end" : 141,
      "text" : "in",
      "whiteSpace" : false
    }, {
      "id" : "s0-t28",
      "begin" : 142,
      "end" : 145,
      "text" : "the",
      "whiteSpace" : false
    }, {
      "id" : "s0-t29",
      "begin" : 146,
      "end" : 150,
      "text" : "cost",
      "whiteSpace" : false
    }, {
      "id" : "s0-t30",
      "begin" : 151,
      "end" : 159,
      "text" : "thereof.",
      "whiteSpace" : false
    }, {
      "id" : "s0-t31",
      "begin" : 159,
      "end" : 160,
      "text" : ",",
      "whiteSpace" : false
    }, {
      "id" : "s0-t32",
      "begin" : 161,
      "end" : 166,
      "text" : "BEING",
      "whiteSpace" : false
    }, {
      "id" : "s0-t33",
      "begin" : 167,
      "end" : 168,
      "text" : "a",
      "whiteSpace" : false
    }, {
      "id" : "s0-t34",
      "begin" : 169,
      "end" : 176,
      "text" : "portion",
      "whiteSpace" : false
    }, {
      "id" : "s0-t35",
      "begin" : 177,
      "end" : 179,
      "text" : "of",
      "whiteSpace" : false
    }, {
      "id" : "s0-t36",
      "begin" : 180,
      "end" : 183,
      "text" : "the",
      "whiteSpace" : false
    }, {
      "id" : "s0-t37",
      "begin" : 184,
      "end" : 188,
      "text" : "same",
      "whiteSpace" : false
    }, {
      "id" : "s0-t38",
      "begin" : 189,
      "end" : 197,
      "text" : "property",
      "whiteSpace" : false
    }, {
      "id" : "s0-t39",
      "begin" : 198,
      "end" : 206,
      "text" : "conveyed",
      "whiteSpace" : false
    }, {
      "id" : "s0-t40",
      "begin" : 207,
      "end" : 209,
      "text" : "to",
      "whiteSpace" : false
    }, {
      "id" : "s0-t41",
      "begin" : 210,
      "end" : 217,
      "text" : "Buffalo",
      "whiteSpace" : false
    }, {
      "id" : "s0-t42",
      "begin" : 218,
      "end" : 224,
      "text" : "Valley",
      "whiteSpace" : false
    }, {
      "id" : "s0-t43",
      "begin" : 225,
      "end" : 234,
      "text" : "Resources",
      "whiteSpace" : false
    }, {
      "id" : "s0-t44",
      "begin" : 234,
      "end" : 235,
      "text" : ",",
      "whiteSpace" : false
    }, {
      "id" : "s0-t45",
      "begin" : 236,
      "end" : 240,
      "text" : "Inc.",
      "whiteSpace" : false
    }, {
      "id" : "s0-t46",
      "begin" : 240,
      "end" : 241,
      "text" : ",",
      "whiteSpace" : false
    }, {
      "id" : "s0-t47",
      "begin" : 242,
      "end" : 244,
      "text" : "by",
      "whiteSpace" : false
    }, {
      "id" : "s0-t48",
      "begin" : 245,
      "end" : 249,
      "text" : "deed",
      "whiteSpace" : false
    }, {
      "id" : "s0-t49",
      "begin" : 250,
      "end" : 252,
      "text" : "of",
      "whiteSpace" : false
    }, {
      "id" : "s0-t50",
      "begin" : 253,
      "end" : 259,
      "text" : "record",
      "whiteSpace" : false
    }, {
      "id" : "s0-t51",
      "begin" : 260,
      "end" : 262,
      "text" : "in",
      "whiteSpace" : false
    }, {
      "id" : "s0-t52",
      "begin" : 263,
      "end" : 267,
      "text" : "Deed",
      "whiteSpace" : false
    }, {
      "id" : "s0-t53",
      "begin" : 268,
      "end" : 272,
      "text" : "Book",
      "whiteSpace" : false
    }, {
      "id" : "s0-t54",
      "begin" : 273,
      "end" : 276,
      "text" : "158",
      "whiteSpace" : false
    }, {
      "id" : "s0-t55",
      "begin" : 276,
      "end" : 277,
      "text" : ",",
      "whiteSpace" : false
    }, {
      "id" : "s0-t56",
      "begin" : 278,
      "end" : 282,
      "text" : "page",
      "whiteSpace" : false
    }, {
      "id" : "s0-t57",
      "begin" : 283,
      "end" : 286,
      "text" : "983",
      "whiteSpace" : false
    }, {
      "id" : "s0-t58",
      "begin" : 286,
      "end" : 287,
      "text" : ",",
      "whiteSpace" : false
    }, {
      "id" : "s0-t59",
      "begin" : 288,
      "end" : 296,
      "text" : "Register",
      "whiteSpace" : false
    }, {
      "id" : "s0-t60",
      "begin" : 296,
      "end" : 297,
      "text" : "?",
      "whiteSpace" : false
    } ]
  }, {
    "id" : "s1",
    "begin" : 297,
    "end" : 854,
    "text" : "??s Office of Humphreys County, Tennessee., This, TO HAVE AND TO HOLD the said tract or parcel of land, with the appurtenances, estate, title, and interest thereto belonging, to the, HERBERT DWIGHT AUSTIN, that it is lawfully seized and possessed of said land in Fee Simple, has a good right to convey it, and the same is unencumbered, except as set forth above., forever defend the title to said land to the said HERBERT DWIGHT AUSTIN, his heirs and assigns, against the lawful claims of all persons whomsoever., IN, Malcolm McCarn, its Agent and Attorney?",
    "tokens" : [ {
      "id" : "s1-t0",
      "begin" : 297,
      "end" : 300,
      "text" : "??s",
      "whiteSpace" : false
    }, {
      "id" : "s1-t1",
      "begin" : 301,
      "end" : 307,
      "text" : "Office",
      "whiteSpace" : false
    }, {
      "id" : "s1-t2",
      "begin" : 308,
      "end" : 310,
      "text" : "of",
      "whiteSpace" : false
    }, {
      "id" : "s1-t3",
      "begin" : 311,
      "end" : 320,
      "text" : "Humphreys",
      "whiteSpace" : false
    }, {
      "id" : "s1-t4",
      "begin" : 321,
      "end" : 327,
      "text" : "County",
      "whiteSpace" : false
    }, {
      "id" : "s1-t5",
      "begin" : 327,
      "end" : 328,
      "text" : ",",
      "whiteSpace" : false
    }, {
      "id" : "s1-t6",
      "begin" : 329,
      "end" : 339,
      "text" : "Tennessee.",
      "whiteSpace" : false
    }, {
      "id" : "s1-t7",
      "begin" : 339,
      "end" : 340,
      "text" : ",",
      "whiteSpace" : false
    }, {
      "id" : "s1-t8",
      "begin" : 341,
      "end" : 345,
      "text" : "This",
      "whiteSpace" : false
    }, {
      "id" : "s1-t9",
      "begin" : 345,
      "end" : 346,
      "text" : ",",
      "whiteSpace" : false
    }, {
      "id" : "s1-t10",
      "begin" : 347,
      "end" : 349,
      "text" : "TO",
      "whiteSpace" : false
    }, {
      "id" : "s1-t11",
      "begin" : 350,
      "end" : 354,
      "text" : "HAVE",
      "whiteSpace" : false
    }, {
      "id" : "s1-t12",
      "begin" : 355,
      "end" : 358,
      "text" : "AND",
      "whiteSpace" : false
    }, {
      "id" : "s1-t13",
      "begin" : 359,
      "end" : 361,
      "text" : "TO",
      "whiteSpace" : false
    }, {
      "id" : "s1-t14",
      "begin" : 362,
      "end" : 366,
      "text" : "HOLD",
      "whiteSpace" : false
    }, {
      "id" : "s1-t15",
      "begin" : 367,
      "end" : 370,
      "text" : "the",
      "whiteSpace" : false
    }, {
      "id" : "s1-t16",
      "begin" : 371,
      "end" : 375,
      "text" : "said",
      "whiteSpace" : false
    }, {
      "id" : "s1-t17",
      "begin" : 376,
      "end" : 381,
      "text" : "tract",
      "whiteSpace" : false
    }, {
      "id" : "s1-t18",
      "begin" : 382,
      "end" : 384,
      "text" : "or",
      "whiteSpace" : false
    }, {
      "id" : "s1-t19",
      "begin" : 385,
      "end" : 391,
      "text" : "parcel",
      "whiteSpace" : false
    }, {
      "id" : "s1-t20",
      "begin" : 392,
      "end" : 394,
      "text" : "of",
      "whiteSpace" : false
    }, {
      "id" : "s1-t21",
      "begin" : 395,
      "end" : 399,
      "text" : "land",
      "whiteSpace" : false
    }, {
      "id" : "s1-t22",
      "begin" : 399,
      "end" : 400,
      "text" : ",",
      "whiteSpace" : false
    }, {
      "id" : "s1-t23",
      "begin" : 401,
      "end" : 405,
      "text" : "with",
      "whiteSpace" : false
    }, {
      "id" : "s1-t24",
      "begin" : 406,
      "end" : 409,
      "text" : "the",
      "whiteSpace" : false
    }, {
      "id" : "s1-t25",
      "begin" : 410,
      "end" : 423,
      "text" : "appurtenances",
      "whiteSpace" : false
    }, {
      "id" : "s1-t26",
      "begin" : 423,
      "end" : 424,
      "text" : ",",
      "whiteSpace" : false
    }, {
      "id" : "s1-t27",
      "begin" : 425,
      "end" : 431,
      "text" : "estate",
      "whiteSpace" : false
    }, {
      "id" : "s1-t28",
      "begin" : 431,
      "end" : 432,
      "text" : ",",
      "whiteSpace" : false
    }, {
      "id" : "s1-t29",
      "begin" : 433,
      "end" : 438,
      "text" : "title",
      "whiteSpace" : false
    }, {
      "id" : "s1-t30",
      "begin" : 438,
      "end" : 439,
      "text" : ",",
      "whiteSpace" : false
    }, {
      "id" : "s1-t31",
      "begin" : 440,
      "end" : 443,
      "text" : "and",
      "whiteSpace" : false
    }, {
      "id" : "s1-t32",
      "begin" : 444,
      "end" : 452,
      "text" : "interest",
      "whiteSpace" : false
    }, {
      "id" : "s1-t33",
      "begin" : 453,
      "end" : 460,
      "text" : "thereto",
      "whiteSpace" : false
    }, {
      "id" : "s1-t34",
      "begin" : 461,
      "end" : 470,
      "text" : "belonging",
      "whiteSpace" : false
    }, {
      "id" : "s1-t35",
      "begin" : 470,
      "end" : 471,
      "text" : ",",
      "whiteSpace" : false
    }, {
      "id" : "s1-t36",
      "begin" : 472,
      "end" : 474,
      "text" : "to",
      "whiteSpace" : false
    }, {
      "id" : "s1-t37",
      "begin" : 475,
      "end" : 478,
      "text" : "the",
      "whiteSpace" : false
    }, {
      "id" : "s1-t38",
      "begin" : 478,
      "end" : 479,
      "text" : ",",
      "whiteSpace" : false
    }, {
      "id" : "s1-t39",
      "begin" : 480,
      "end" : 487,
      "text" : "HERBERT",
      "whiteSpace" : false
    }, {
      "id" : "s1-t40",
      "begin" : 488,
      "end" : 494,
      "text" : "DWIGHT",
      "whiteSpace" : false
    }, {
      "id" : "s1-t41",
      "begin" : 495,
      "end" : 501,
      "text" : "AUSTIN",
      "whiteSpace" : false
    }, {
      "id" : "s1-t42",
      "begin" : 501,
      "end" : 502,
      "text" : ",",
      "whiteSpace" : false
    }, {
      "id" : "s1-t43",
      "begin" : 503,
      "end" : 507,
      "text" : "that",
      "whiteSpace" : false
    }, {
      "id" : "s1-t44",
      "begin" : 508,
      "end" : 510,
      "text" : "it",
      "whiteSpace" : false
    }, {
      "id" : "s1-t45",
      "begin" : 511,
      "end" : 513,
      "text" : "is",
      "whiteSpace" : false
    }, {
      "id" : "s1-t46",
      "begin" : 514,
      "end" : 522,
      "text" : "lawfully",
      "whiteSpace" : false
    }, {
      "id" : "s1-t47",
      "begin" : 523,
      "end" : 529,
      "text" : "seized",
      "whiteSpace" : false
    }, {
      "id" : "s1-t48",
      "begin" : 530,
      "end" : 533,
      "text" : "and",
      "whiteSpace" : false
    }, {
      "id" : "s1-t49",
      "begin" : 534,
      "end" : 543,
      "text" : "possessed",
      "whiteSpace" : false
    }, {
      "id" : "s1-t50",
      "begin" : 544,
      "end" : 546,
      "text" : "of",
      "whiteSpace" : false
    }, {
      "id" : "s1-t51",
      "begin" : 547,
      "end" : 551,
      "text" : "said",
      "whiteSpace" : false
    }, {
      "id" : "s1-t52",
      "begin" : 552,
      "end" : 556,
      "text" : "land",
      "whiteSpace" : false
    }, {
      "id" : "s1-t53",
      "begin" : 557,
      "end" : 559,
      "text" : "in",
      "whiteSpace" : false
    }, {
      "id" : "s1-t54",
      "begin" : 560,
      "end" : 563,
      "text" : "Fee",
      "whiteSpace" : false
    }, {
      "id" : "s1-t55",
      "begin" : 564,
      "end" : 570,
      "text" : "Simple",
      "whiteSpace" : false
    }, {
      "id" : "s1-t56",
      "begin" : 570,
      "end" : 571,
      "text" : ",",
      "whiteSpace" : false
    }, {
      "id" : "s1-t57",
      "begin" : 572,
      "end" : 575,
      "text" : "has",
      "whiteSpace" : false
    }, {
      "id" : "s1-t58",
      "begin" : 576,
      "end" : 577,
      "text" : "a",
      "whiteSpace" : false
    }, {
      "id" : "s1-t59",
      "begin" : 578,
      "end" : 582,
      "text" : "good",
      "whiteSpace" : false
    }, {
      "id" : "s1-t60",
      "begin" : 583,
      "end" : 588,
      "text" : "right",
      "whiteSpace" : false
    }, {
      "id" : "s1-t61",
      "begin" : 589,
      "end" : 591,
      "text" : "to",
      "whiteSpace" : false
    }, {
      "id" : "s1-t62",
      "begin" : 592,
      "end" : 598,
      "text" : "convey",
      "whiteSpace" : false
    }, {
      "id" : "s1-t63",
      "begin" : 599,
      "end" : 601,
      "text" : "it",
      "whiteSpace" : false
    }, {
      "id" : "s1-t64",
      "begin" : 601,
      "end" : 602,
      "text" : ",",
      "whiteSpace" : false
    }, {
      "id" : "s1-t65",
      "begin" : 603,
      "end" : 606,
      "text" : "and",
      "whiteSpace" : false
    }, {
      "id" : "s1-t66",
      "begin" : 607,
      "end" : 610,
      "text" : "the",
      "whiteSpace" : false
    }, {
      "id" : "s1-t67",
      "begin" : 611,
      "end" : 615,
      "text" : "same",
      "whiteSpace" : false
    }, {
      "id" : "s1-t68",
      "begin" : 616,
      "end" : 618,
      "text" : "is",
      "whiteSpace" : false
    }, {
      "id" : "s1-t69",
      "begin" : 619,
      "end" : 631,
      "text" : "unencumbered",
      "whiteSpace" : false
    }, {
      "id" : "s1-t70",
      "begin" : 631,
      "end" : 632,
      "text" : ",",
      "whiteSpace" : false
    }, {
      "id" : "s1-t71",
      "begin" : 633,
      "end" : 639,
      "text" : "except",
      "whiteSpace" : false
    }, {
      "id" : "s1-t72",
      "begin" : 640,
      "end" : 642,
      "text" : "as",
      "whiteSpace" : false
    }, {
      "id" : "s1-t73",
      "begin" : 643,
      "end" : 646,
      "text" : "set",
      "whiteSpace" : false
    }, {
      "id" : "s1-t74",
      "begin" : 647,
      "end" : 652,
      "text" : "forth",
      "whiteSpace" : false
    }, {
      "id" : "s1-t75",
      "begin" : 653,
      "end" : 659,
      "text" : "above.",
      "whiteSpace" : false
    }, {
      "id" : "s1-t76",
      "begin" : 659,
      "end" : 660,
      "text" : ",",
      "whiteSpace" : false
    }, {
      "id" : "s1-t77",
      "begin" : 661,
      "end" : 668,
      "text" : "forever",
      "whiteSpace" : false
    }, {
      "id" : "s1-t78",
      "begin" : 669,
      "end" : 675,
      "text" : "defend",
      "whiteSpace" : false
    }, {
      "id" : "s1-t79",
      "begin" : 676,
      "end" : 679,
      "text" : "the",
      "whiteSpace" : false
    }, {
      "id" : "s1-t80",
      "begin" : 680,
      "end" : 685,
      "text" : "title",
      "whiteSpace" : false
    }, {
      "id" : "s1-t81",
      "begin" : 686,
      "end" : 688,
      "text" : "to",
      "whiteSpace" : false
    }, {
      "id" : "s1-t82",
      "begin" : 689,
      "end" : 693,
      "text" : "said",
      "whiteSpace" : false
    }, {
      "id" : "s1-t83",
      "begin" : 694,
      "end" : 698,
      "text" : "land",
      "whiteSpace" : false
    }, {
      "id" : "s1-t84",
      "begin" : 699,
      "end" : 701,
      "text" : "to",
      "whiteSpace" : false
    }, {
      "id" : "s1-t85",
      "begin" : 702,
      "end" : 705,
      "text" : "the",
      "whiteSpace" : false
    }, {
      "id" : "s1-t86",
      "begin" : 706,
      "end" : 710,
      "text" : "said",
      "whiteSpace" : false
    }, {
      "id" : "s1-t87",
      "begin" : 711,
      "end" : 718,
      "text" : "HERBERT",
      "whiteSpace" : false
    }, {
      "id" : "s1-t88",
      "begin" : 719,
      "end" : 725,
      "text" : "DWIGHT",
      "whiteSpace" : false
    }, {
      "id" : "s1-t89",
      "begin" : 726,
      "end" : 732,
      "text" : "AUSTIN",
      "whiteSpace" : false
    }, {
      "id" : "s1-t90",
      "begin" : 732,
      "end" : 733,
      "text" : ",",
      "whiteSpace" : false
    }, {
      "id" : "s1-t91",
      "begin" : 734,
      "end" : 737,
      "text" : "his",
      "whiteSpace" : false
    }, {
      "id" : "s1-t92",
      "begin" : 738,
      "end" : 743,
      "text" : "heirs",
      "whiteSpace" : false
    }, {
      "id" : "s1-t93",
      "begin" : 744,
      "end" : 747,
      "text" : "and",
      "whiteSpace" : false
    }, {
      "id" : "s1-t94",
      "begin" : 748,
      "end" : 755,
      "text" : "assigns",
      "whiteSpace" : false
    }, {
      "id" : "s1-t95",
      "begin" : 755,
      "end" : 756,
      "text" : ",",
      "whiteSpace" : false
    }, {
      "id" : "s1-t96",
      "begin" : 757,
      "end" : 764,
      "text" : "against",
      "whiteSpace" : false
    }, {
      "id" : "s1-t97",
      "begin" : 765,
      "end" : 768,
      "text" : "the",
      "whiteSpace" : false
    }, {
      "id" : "s1-t98",
      "begin" : 769,
      "end" : 775,
      "text" : "lawful",
      "whiteSpace" : false
    }, {
      "id" : "s1-t99",
      "begin" : 776,
      "end" : 782,
      "text" : "claims",
      "whiteSpace" : false
    }, {
      "id" : "s1-t100",
      "begin" : 783,
      "end" : 785,
      "text" : "of",
      "whiteSpace" : false
    }, {
      "id" : "s1-t101",
      "begin" : 786,
      "end" : 789,
      "text" : "all",
      "whiteSpace" : false
    }, {
      "id" : "s1-t102",
      "begin" : 790,
      "end" : 797,
      "text" : "persons",
      "whiteSpace" : false
    }, {
      "id" : "s1-t103",
      "begin" : 798,
      "end" : 809,
      "text" : "whomsoever.",
      "whiteSpace" : false
    }, {
      "id" : "s1-t104",
      "begin" : 809,
      "end" : 810,
      "text" : ",",
      "whiteSpace" : false
    }, {
      "id" : "s1-t105",
      "begin" : 811,
      "end" : 813,
      "text" : "IN",
      "whiteSpace" : false
    }, {
      "id" : "s1-t106",
      "begin" : 813,
      "end" : 814,
      "text" : ",",
      "whiteSpace" : false
    }, {
      "id" : "s1-t107",
      "begin" : 815,
      "end" : 822,
      "text" : "Malcolm",
      "whiteSpace" : false
    }, {
      "id" : "s1-t108",
      "begin" : 823,
      "end" : 829,
      "text" : "McCarn",
      "whiteSpace" : false
    }, {
      "id" : "s1-t109",
      "begin" : 829,
      "end" : 830,
      "text" : ",",
      "whiteSpace" : false
    }, {
      "id" : "s1-t110",
      "begin" : 831,
      "end" : 834,
      "text" : "its",
      "whiteSpace" : false
    }, {
      "id" : "s1-t111",
      "begin" : 835,
      "end" : 840,
      "text" : "Agent",
      "whiteSpace" : false
    }, {
      "id" : "s1-t112",
      "begin" : 841,
      "end" : 844,
      "text" : "and",
      "whiteSpace" : false
    }, {
      "id" : "s1-t113",
      "begin" : 845,
      "end" : 853,
      "text" : "Attorney",
      "whiteSpace" : false
    }, {
      "id" : "s1-t114",
      "begin" : 853,
      "end" : 854,
      "text" : "?",
      "whiteSpace" : false
    } ]
  }, {
    "id" : "s2",
    "begin" : 854,
    "end" : 859,
    "text" : "??in?",
    "tokens" : [ {
      "id" : "s2-t0",
      "begin" : 854,
      "end" : 858,
      "text" : "??in",
      "whiteSpace" : false
    }, {
      "id" : "s2-t1",
      "begin" : 858,
      "end" : 859,
      "text" : "?",
      "whiteSpace" : false
    } ]
  }, {
    "id" : "s3",
    "begin" : 859,
    "end" : 1078,
    "text" : "??fact under Special Power of Attorney of record in Deed Book 161, page 1419, Register's Office of Humphreys County, Tennessee., me on the, evidence), and who upon oath acknowledged himself to be the Agent and Attorney?",
    "tokens" : [ {
      "id" : "s3-t0",
      "begin" : 859,
      "end" : 865,
      "text" : "??fact",
      "whiteSpace" : false
    }, {
      "id" : "s3-t1",
      "begin" : 866,
      "end" : 871,
      "text" : "under",
      "whiteSpace" : false
    }, {
      "id" : "s3-t2",
      "begin" : 872,
      "end" : 879,
      "text" : "Special",
      "whiteSpace" : false
    }, {
      "id" : "s3-t3",
      "begin" : 880,
      "end" : 885,
      "text" : "Power",
      "whiteSpace" : false
    }, {
      "id" : "s3-t4",
      "begin" : 886,
      "end" : 888,
      "text" : "of",
      "whiteSpace" : false
    }, {
      "id" : "s3-t5",
      "begin" : 889,
      "end" : 897,
      "text" : "Attorney",
      "whiteSpace" : false
    }, {
      "id" : "s3-t6",
      "begin" : 898,
      "end" : 900,
      "text" : "of",
      "whiteSpace" : false
    }, {
      "id" : "s3-t7",
      "begin" : 901,
      "end" : 907,
      "text" : "record",
      "whiteSpace" : false
    }, {
      "id" : "s3-t8",
      "begin" : 908,
      "end" : 910,
      "text" : "in",
      "whiteSpace" : false
    }, {
      "id" : "s3-t9",
      "begin" : 911,
      "end" : 915,
      "text" : "Deed",
      "whiteSpace" : false
    }, {
      "id" : "s3-t10",
      "begin" : 916,
      "end" : 920,
      "text" : "Book",
      "whiteSpace" : false
    }, {
      "id" : "s3-t11",
      "begin" : 921,
      "end" : 924,
      "text" : "161",
      "whiteSpace" : false
    }, {
      "id" : "s3-t12",
      "begin" : 924,
      "end" : 925,
      "text" : ",",
      "whiteSpace" : false
    }, {
      "id" : "s3-t13",
      "begin" : 926,
      "end" : 930,
      "text" : "page",
      "whiteSpace" : false
    }, {
      "id" : "s3-t14",
      "begin" : 931,
      "end" : 935,
      "text" : "1419",
      "whiteSpace" : false
    }, {
      "id" : "s3-t15",
      "begin" : 935,
      "end" : 936,
      "text" : ",",
      "whiteSpace" : false
    }, {
      "id" : "s3-t16",
      "begin" : 937,
      "end" : 945,
      "text" : "Register",
      "whiteSpace" : false
    }, {
      "id" : "s3-t17",
      "begin" : 945,
      "end" : 947,
      "text" : "'s",
      "whiteSpace" : false
    }, {
      "id" : "s3-t18",
      "begin" : 948,
      "end" : 954,
      "text" : "Office",
      "whiteSpace" : false
    }, {
      "id" : "s3-t19",
      "begin" : 955,
      "end" : 957,
      "text" : "of",
      "whiteSpace" : false
    }, {
      "id" : "s3-t20",
      "begin" : 958,
      "end" : 967,
      "text" : "Humphreys",
      "whiteSpace" : false
    }, {
      "id" : "s3-t21",
      "begin" : 968,
      "end" : 974,
      "text" : "County",
      "whiteSpace" : false
    }, {
      "id" : "s3-t22",
      "begin" : 974,
      "end" : 975,
      "text" : ",",
      "whiteSpace" : false
    }, {
      "id" : "s3-t23",
      "begin" : 976,
      "end" : 986,
      "text" : "Tennessee.",
      "whiteSpace" : false
    }, {
      "id" : "s3-t24",
      "begin" : 986,
      "end" : 987,
      "text" : ",",
      "whiteSpace" : false
    }, {
      "id" : "s3-t25",
      "begin" : 988,
      "end" : 990,
      "text" : "me",
      "whiteSpace" : false
    }, {
      "id" : "s3-t26",
      "begin" : 991,
      "end" : 993,
      "text" : "on",
      "whiteSpace" : false
    }, {
      "id" : "s3-t27",
      "begin" : 994,
      "end" : 997,
      "text" : "the",
      "whiteSpace" : false
    }, {
      "id" : "s3-t28",
      "begin" : 997,
      "end" : 998,
      "text" : ",",
      "whiteSpace" : false
    }, {
      "id" : "s3-t29",
      "begin" : 999,
      "end" : 1007,
      "text" : "evidence",
      "whiteSpace" : false
    }, {
      "id" : "s3-t30",
      "begin" : 1007,
      "end" : 1008,
      "text" : ")",
      "whiteSpace" : false
    }, {
      "id" : "s3-t31",
      "begin" : 1008,
      "end" : 1009,
      "text" : ",",
      "whiteSpace" : false
    }, {
      "id" : "s3-t32",
      "begin" : 1010,
      "end" : 1013,
      "text" : "and",
      "whiteSpace" : false
    }, {
      "id" : "s3-t33",
      "begin" : 1014,
      "end" : 1017,
      "text" : "who",
      "whiteSpace" : false
    }, {
      "id" : "s3-t34",
      "begin" : 1018,
      "end" : 1022,
      "text" : "upon",
      "whiteSpace" : false
    }, {
      "id" : "s3-t35",
      "begin" : 1023,
      "end" : 1027,
      "text" : "oath",
      "whiteSpace" : false
    }, {
      "id" : "s3-t36",
      "begin" : 1028,
      "end" : 1040,
      "text" : "acknowledged",
      "whiteSpace" : false
    }, {
      "id" : "s3-t37",
      "begin" : 1041,
      "end" : 1048,
      "text" : "himself",
      "whiteSpace" : false
    }, {
      "id" : "s3-t38",
      "begin" : 1049,
      "end" : 1051,
      "text" : "to",
      "whiteSpace" : false
    }, {
      "id" : "s3-t39",
      "begin" : 1052,
      "end" : 1054,
      "text" : "be",
      "whiteSpace" : false
    }, {
      "id" : "s3-t40",
      "begin" : 1055,
      "end" : 1058,
      "text" : "the",
      "whiteSpace" : false
    }, {
      "id" : "s3-t41",
      "begin" : 1059,
      "end" : 1064,
      "text" : "Agent",
      "whiteSpace" : false
    }, {
      "id" : "s3-t42",
      "begin" : 1065,
      "end" : 1068,
      "text" : "and",
      "whiteSpace" : false
    }, {
      "id" : "s3-t43",
      "begin" : 1069,
      "end" : 1077,
      "text" : "Attorney",
      "whiteSpace" : false
    }, {
      "id" : "s3-t44",
      "begin" : 1077,
      "end" : 1078,
      "text" : "?",
      "whiteSpace" : false
    } ]
  }, {
    "id" : "s4",
    "begin" : 1078,
    "end" : 1083,
    "text" : "??in?",
    "tokens" : [ {
      "id" : "s4-t0",
      "begin" : 1078,
      "end" : 1082,
      "text" : "??in",
      "whiteSpace" : false
    }, {
      "id" : "s4-t1",
      "begin" : 1082,
      "end" : 1083,
      "text" : "?",
      "whiteSpace" : false
    } ]
  }, {
    "id" : "s5",
    "begin" : 1083,
    "end" : 1126,
    "text" : "??Fact of BUFFALO VALLEY RESOURCES, INC., a",
    "tokens" : [ {
      "id" : "s5-t0",
      "begin" : 1083,
      "end" : 1089,
      "text" : "??Fact",
      "whiteSpace" : false
    }, {
      "id" : "s5-t1",
      "begin" : 1090,
      "end" : 1092,
      "text" : "of",
      "whiteSpace" : false
    }, {
      "id" : "s5-t2",
      "begin" : 1093,
      "end" : 1100,
      "text" : "BUFFALO",
      "whiteSpace" : false
    }, {
      "id" : "s5-t3",
      "begin" : 1101,
      "end" : 1107,
      "text" : "VALLEY",
      "whiteSpace" : false
    }, {
      "id" : "s5-t4",
      "begin" : 1108,
      "end" : 1117,
      "text" : "RESOURCES",
      "whiteSpace" : false
    }, {
      "id" : "s5-t5",
      "begin" : 1117,
      "end" : 1118,
      "text" : ",",
      "whiteSpace" : false
    }, {
      "id" : "s5-t6",
      "begin" : 1119,
      "end" : 1123,
      "text" : "INC.",
      "whiteSpace" : false
    }, {
      "id" : "s5-t7",
      "begin" : 1123,
      "end" : 1124,
      "text" : ",",
      "whiteSpace" : false
    }, {
      "id" : "s5-t8",
      "begin" : 1125,
      "end" : 1126,
      "text" : "a",
      "whiteSpace" : false
    } ]
  } ],
  "mentions" : [ {
    "id" : "s0-m1",
    "properties" : {
      "SIRE_MENTION_ROLE" : "WarrDeedBookNum",
      "SIRE_ENTITY_SUBTYPE" : "NONE",
      "SIRE_MENTION_TYPE" : "NONE",
      "SIRE_MENTION_CLASS" : "SPC"
    },
    "type" : "WarrDeedBookNum",
    "begin" : 273,
    "end" : 276,
    "inCoref" : false
  }, {
    "id" : "s0-m2",
    "properties" : {
      "SIRE_MENTION_ROLE" : "WarrDeedPageNum",
      "SIRE_ENTITY_SUBTYPE" : "NONE",
      "SIRE_MENTION_TYPE" : "NONE",
      "SIRE_MENTION_CLASS" : "SPC"
    },
    "type" : "WarrDeedPageNum",
    "begin" : 283,
    "end" : 286,
    "inCoref" : false
  } ],
  "relations" : [ ],
  "corefs" : [ ],
  "typeResolved" : true,
  "userResolved" : false
}