{
  "id" : "977b2880-54dc-11e9-b3f1-919b26b254ae-0",
  "name" : "WD170-457.txt",
  "createdDate" : 1554164202248,
  "version" : 3,
  "text" : "of record at Deed Book 95, page 171, Register's Office, Humphreys County, Tennessee. A life estate was heretofore reserved by Julia Davis in the deed from Julia Davis to Nellie Marie Dendy of record at Deed Book 152, page 1296, Register's Office, Humphreys County, Tennessee. Julia Davis deceased on March 25, 1990, a resident of County. BEING the same property conveyed to Malcolm Eugene Bishop and wife, Frances Lucille Bishop by instrument of record at Deed Book 155, page 597, Register's Office, Humphreys County, Tennessee. Humphreys County real property taxes for 1996 have been pro-rated and will be the responsibility of the buyers. ",
  "docLength" : 0,
  "language" : "EN",
  "status" : "SUBMITTED",
  "modifiedDate" : 1554166009326,
  "documentSet" : [ ],
  "preannotation" : [ ],
  "sentences" : [ {
    "id" : "s0",
    "begin" : 0,
    "end" : 84,
    "text" : "of record at Deed Book 95, page 171, Register's Office, Humphreys County, Tennessee.",
    "tokens" : [ {
      "id" : "s0-t0",
      "begin" : 0,
      "end" : 2,
      "text" : "of",
      "whiteSpace" : false
    }, {
      "id" : "s0-t1",
      "begin" : 3,
      "end" : 9,
      "text" : "record",
      "whiteSpace" : false
    }, {
      "id" : "s0-t2",
      "begin" : 10,
      "end" : 12,
      "text" : "at",
      "whiteSpace" : false
    }, {
      "id" : "s0-t3",
      "begin" : 13,
      "end" : 17,
      "text" : "Deed",
      "whiteSpace" : false
    }, {
      "id" : "s0-t4",
      "begin" : 18,
      "end" : 22,
      "text" : "Book",
      "whiteSpace" : false
    }, {
      "id" : "s0-t5",
      "begin" : 23,
      "end" : 25,
      "text" : "95",
      "whiteSpace" : false
    }, {
      "id" : "s0-t6",
      "begin" : 25,
      "end" : 26,
      "text" : ",",
      "whiteSpace" : false
    }, {
      "id" : "s0-t7",
      "begin" : 27,
      "end" : 31,
      "text" : "page",
      "whiteSpace" : false
    }, {
      "id" : "s0-t8",
      "begin" : 32,
      "end" : 35,
      "text" : "171",
      "whiteSpace" : false
    }, {
      "id" : "s0-t9",
      "begin" : 35,
      "end" : 36,
      "text" : ",",
      "whiteSpace" : false
    }, {
      "id" : "s0-t10",
      "begin" : 37,
      "end" : 45,
      "text" : "Register",
      "whiteSpace" : false
    }, {
      "id" : "s0-t11",
      "begin" : 45,
      "end" : 47,
      "text" : "'s",
      "whiteSpace" : false
    }, {
      "id" : "s0-t12",
      "begin" : 48,
      "end" : 54,
      "text" : "Office",
      "whiteSpace" : false
    }, {
      "id" : "s0-t13",
      "begin" : 54,
      "end" : 55,
      "text" : ",",
      "whiteSpace" : false
    }, {
      "id" : "s0-t14",
      "begin" : 56,
      "end" : 65,
      "text" : "Humphreys",
      "whiteSpace" : false
    }, {
      "id" : "s0-t15",
      "begin" : 66,
      "end" : 72,
      "text" : "County",
      "whiteSpace" : false
    }, {
      "id" : "s0-t16",
      "begin" : 72,
      "end" : 73,
      "text" : ",",
      "whiteSpace" : false
    }, {
      "id" : "s0-t17",
      "begin" : 74,
      "end" : 83,
      "text" : "Tennessee",
      "whiteSpace" : false
    }, {
      "id" : "s0-t18",
      "begin" : 83,
      "end" : 84,
      "text" : ".",
      "whiteSpace" : false
    } ]
  }, {
    "id" : "s1",
    "begin" : 85,
    "end" : 275,
    "text" : "A life estate was heretofore reserved by Julia Davis in the deed from Julia Davis to Nellie Marie Dendy of record at Deed Book 152, page 1296, Register's Office, Humphreys County, Tennessee.",
    "tokens" : [ {
      "id" : "s1-t0",
      "begin" : 85,
      "end" : 86,
      "text" : "A",
      "whiteSpace" : false
    }, {
      "id" : "s1-t1",
      "begin" : 87,
      "end" : 91,
      "text" : "life",
      "whiteSpace" : false
    }, {
      "id" : "s1-t2",
      "begin" : 92,
      "end" : 98,
      "text" : "estate",
      "whiteSpace" : false
    }, {
      "id" : "s1-t3",
      "begin" : 99,
      "end" : 102,
      "text" : "was",
      "whiteSpace" : false
    }, {
      "id" : "s1-t4",
      "begin" : 103,
      "end" : 113,
      "text" : "heretofore",
      "whiteSpace" : false
    }, {
      "id" : "s1-t5",
      "begin" : 114,
      "end" : 122,
      "text" : "reserved",
      "whiteSpace" : false
    }, {
      "id" : "s1-t6",
      "begin" : 123,
      "end" : 125,
      "text" : "by",
      "whiteSpace" : false
    }, {
      "id" : "s1-t7",
      "begin" : 126,
      "end" : 131,
      "text" : "Julia",
      "whiteSpace" : false
    }, {
      "id" : "s1-t8",
      "begin" : 132,
      "end" : 137,
      "text" : "Davis",
      "whiteSpace" : false
    }, {
      "id" : "s1-t9",
      "begin" : 138,
      "end" : 140,
      "text" : "in",
      "whiteSpace" : false
    }, {
      "id" : "s1-t10",
      "begin" : 141,
      "end" : 144,
      "text" : "the",
      "whiteSpace" : false
    }, {
      "id" : "s1-t11",
      "begin" : 145,
      "end" : 149,
      "text" : "deed",
      "whiteSpace" : false
    }, {
      "id" : "s1-t12",
      "begin" : 150,
      "end" : 154,
      "text" : "from",
      "whiteSpace" : false
    }, {
      "id" : "s1-t13",
      "begin" : 155,
      "end" : 160,
      "text" : "Julia",
      "whiteSpace" : false
    }, {
      "id" : "s1-t14",
      "begin" : 161,
      "end" : 166,
      "text" : "Davis",
      "whiteSpace" : false
    }, {
      "id" : "s1-t15",
      "begin" : 167,
      "end" : 169,
      "text" : "to",
      "whiteSpace" : false
    }, {
      "id" : "s1-t16",
      "begin" : 170,
      "end" : 176,
      "text" : "Nellie",
      "whiteSpace" : false
    }, {
      "id" : "s1-t17",
      "begin" : 177,
      "end" : 182,
      "text" : "Marie",
      "whiteSpace" : false
    }, {
      "id" : "s1-t18",
      "begin" : 183,
      "end" : 188,
      "text" : "Dendy",
      "whiteSpace" : false
    }, {
      "id" : "s1-t19",
      "begin" : 189,
      "end" : 191,
      "text" : "of",
      "whiteSpace" : false
    }, {
      "id" : "s1-t20",
      "begin" : 192,
      "end" : 198,
      "text" : "record",
      "whiteSpace" : false
    }, {
      "id" : "s1-t21",
      "begin" : 199,
      "end" : 201,
      "text" : "at",
      "whiteSpace" : false
    }, {
      "id" : "s1-t22",
      "begin" : 202,
      "end" : 206,
      "text" : "Deed",
      "whiteSpace" : false
    }, {
      "id" : "s1-t23",
      "begin" : 207,
      "end" : 211,
      "text" : "Book",
      "whiteSpace" : false
    }, {
      "id" : "s1-t24",
      "begin" : 212,
      "end" : 215,
      "text" : "152",
      "whiteSpace" : false
    }, {
      "id" : "s1-t25",
      "begin" : 215,
      "end" : 216,
      "text" : ",",
      "whiteSpace" : false
    }, {
      "id" : "s1-t26",
      "begin" : 217,
      "end" : 221,
      "text" : "page",
      "whiteSpace" : false
    }, {
      "id" : "s1-t27",
      "begin" : 222,
      "end" : 226,
      "text" : "1296",
      "whiteSpace" : false
    }, {
      "id" : "s1-t28",
      "begin" : 226,
      "end" : 227,
      "text" : ",",
      "whiteSpace" : false
    }, {
      "id" : "s1-t29",
      "begin" : 228,
      "end" : 236,
      "text" : "Register",
      "whiteSpace" : false
    }, {
      "id" : "s1-t30",
      "begin" : 236,
      "end" : 238,
      "text" : "'s",
      "whiteSpace" : false
    }, {
      "id" : "s1-t31",
      "begin" : 239,
      "end" : 245,
      "text" : "Office",
      "whiteSpace" : false
    }, {
      "id" : "s1-t32",
      "begin" : 245,
      "end" : 246,
      "text" : ",",
      "whiteSpace" : false
    }, {
      "id" : "s1-t33",
      "begin" : 247,
      "end" : 256,
      "text" : "Humphreys",
      "whiteSpace" : false
    }, {
      "id" : "s1-t34",
      "begin" : 257,
      "end" : 263,
      "text" : "County",
      "whiteSpace" : false
    }, {
      "id" : "s1-t35",
      "begin" : 263,
      "end" : 264,
      "text" : ",",
      "whiteSpace" : false
    }, {
      "id" : "s1-t36",
      "begin" : 265,
      "end" : 274,
      "text" : "Tennessee",
      "whiteSpace" : false
    }, {
      "id" : "s1-t37",
      "begin" : 274,
      "end" : 275,
      "text" : ".",
      "whiteSpace" : false
    } ]
  }, {
    "id" : "s2",
    "begin" : 276,
    "end" : 337,
    "text" : "Julia Davis deceased on March 25, 1990, a resident of County.",
    "tokens" : [ {
      "id" : "s2-t0",
      "begin" : 276,
      "end" : 281,
      "text" : "Julia",
      "whiteSpace" : false
    }, {
      "id" : "s2-t1",
      "begin" : 282,
      "end" : 287,
      "text" : "Davis",
      "whiteSpace" : false
    }, {
      "id" : "s2-t2",
      "begin" : 288,
      "end" : 296,
      "text" : "deceased",
      "whiteSpace" : false
    }, {
      "id" : "s2-t3",
      "begin" : 297,
      "end" : 299,
      "text" : "on",
      "whiteSpace" : false
    }, {
      "id" : "s2-t4",
      "begin" : 300,
      "end" : 305,
      "text" : "March",
      "whiteSpace" : false
    }, {
      "id" : "s2-t5",
      "begin" : 306,
      "end" : 308,
      "text" : "25",
      "whiteSpace" : false
    }, {
      "id" : "s2-t6",
      "begin" : 308,
      "end" : 309,
      "text" : ",",
      "whiteSpace" : false
    }, {
      "id" : "s2-t7",
      "begin" : 310,
      "end" : 314,
      "text" : "1990",
      "whiteSpace" : false
    }, {
      "id" : "s2-t8",
      "begin" : 314,
      "end" : 315,
      "text" : ",",
      "whiteSpace" : false
    }, {
      "id" : "s2-t9",
      "begin" : 316,
      "end" : 317,
      "text" : "a",
      "whiteSpace" : false
    }, {
      "id" : "s2-t10",
      "begin" : 318,
      "end" : 326,
      "text" : "resident",
      "whiteSpace" : false
    }, {
      "id" : "s2-t11",
      "begin" : 327,
      "end" : 329,
      "text" : "of",
      "whiteSpace" : false
    }, {
      "id" : "s2-t12",
      "begin" : 330,
      "end" : 336,
      "text" : "County",
      "whiteSpace" : false
    }, {
      "id" : "s2-t13",
      "begin" : 336,
      "end" : 337,
      "text" : ".",
      "whiteSpace" : false
    } ]
  }, {
    "id" : "s3",
    "begin" : 338,
    "end" : 528,
    "text" : "BEING the same property conveyed to Malcolm Eugene Bishop and wife, Frances Lucille Bishop by instrument of record at Deed Book 155, page 597, Register's Office, Humphreys County, Tennessee.",
    "tokens" : [ {
      "id" : "s3-t0",
      "begin" : 338,
      "end" : 343,
      "text" : "BEING",
      "whiteSpace" : false
    }, {
      "id" : "s3-t1",
      "begin" : 344,
      "end" : 347,
      "text" : "the",
      "whiteSpace" : false
    }, {
      "id" : "s3-t2",
      "begin" : 348,
      "end" : 352,
      "text" : "same",
      "whiteSpace" : false
    }, {
      "id" : "s3-t3",
      "begin" : 353,
      "end" : 361,
      "text" : "property",
      "whiteSpace" : false
    }, {
      "id" : "s3-t4",
      "begin" : 362,
      "end" : 370,
      "text" : "conveyed",
      "whiteSpace" : false
    }, {
      "id" : "s3-t5",
      "begin" : 371,
      "end" : 373,
      "text" : "to",
      "whiteSpace" : false
    }, {
      "id" : "s3-t6",
      "begin" : 374,
      "end" : 381,
      "text" : "Malcolm",
      "whiteSpace" : false
    }, {
      "id" : "s3-t7",
      "begin" : 382,
      "end" : 388,
      "text" : "Eugene",
      "whiteSpace" : false
    }, {
      "id" : "s3-t8",
      "begin" : 389,
      "end" : 395,
      "text" : "Bishop",
      "whiteSpace" : false
    }, {
      "id" : "s3-t9",
      "begin" : 396,
      "end" : 399,
      "text" : "and",
      "whiteSpace" : false
    }, {
      "id" : "s3-t10",
      "begin" : 400,
      "end" : 404,
      "text" : "wife",
      "whiteSpace" : false
    }, {
      "id" : "s3-t11",
      "begin" : 404,
      "end" : 405,
      "text" : ",",
      "whiteSpace" : false
    }, {
      "id" : "s3-t12",
      "begin" : 406,
      "end" : 413,
      "text" : "Frances",
      "whiteSpace" : false
    }, {
      "id" : "s3-t13",
      "begin" : 414,
      "end" : 421,
      "text" : "Lucille",
      "whiteSpace" : false
    }, {
      "id" : "s3-t14",
      "begin" : 422,
      "end" : 428,
      "text" : "Bishop",
      "whiteSpace" : false
    }, {
      "id" : "s3-t15",
      "begin" : 429,
      "end" : 431,
      "text" : "by",
      "whiteSpace" : false
    }, {
      "id" : "s3-t16",
      "begin" : 432,
      "end" : 442,
      "text" : "instrument",
      "whiteSpace" : false
    }, {
      "id" : "s3-t17",
      "begin" : 443,
      "end" : 445,
      "text" : "of",
      "whiteSpace" : false
    }, {
      "id" : "s3-t18",
      "begin" : 446,
      "end" : 452,
      "text" : "record",
      "whiteSpace" : false
    }, {
      "id" : "s3-t19",
      "begin" : 453,
      "end" : 455,
      "text" : "at",
      "whiteSpace" : false
    }, {
      "id" : "s3-t20",
      "begin" : 456,
      "end" : 460,
      "text" : "Deed",
      "whiteSpace" : false
    }, {
      "id" : "s3-t21",
      "begin" : 461,
      "end" : 465,
      "text" : "Book",
      "whiteSpace" : false
    }, {
      "id" : "s3-t22",
      "begin" : 466,
      "end" : 469,
      "text" : "155",
      "whiteSpace" : false
    }, {
      "id" : "s3-t23",
      "begin" : 469,
      "end" : 470,
      "text" : ",",
      "whiteSpace" : false
    }, {
      "id" : "s3-t24",
      "begin" : 471,
      "end" : 475,
      "text" : "page",
      "whiteSpace" : false
    }, {
      "id" : "s3-t25",
      "begin" : 476,
      "end" : 479,
      "text" : "597",
      "whiteSpace" : false
    }, {
      "id" : "s3-t26",
      "begin" : 479,
      "end" : 480,
      "text" : ",",
      "whiteSpace" : false
    }, {
      "id" : "s3-t27",
      "begin" : 481,
      "end" : 489,
      "text" : "Register",
      "whiteSpace" : false
    }, {
      "id" : "s3-t28",
      "begin" : 489,
      "end" : 491,
      "text" : "'s",
      "whiteSpace" : false
    }, {
      "id" : "s3-t29",
      "begin" : 492,
      "end" : 498,
      "text" : "Office",
      "whiteSpace" : false
    }, {
      "id" : "s3-t30",
      "begin" : 498,
      "end" : 499,
      "text" : ",",
      "whiteSpace" : false
    }, {
      "id" : "s3-t31",
      "begin" : 500,
      "end" : 509,
      "text" : "Humphreys",
      "whiteSpace" : false
    }, {
      "id" : "s3-t32",
      "begin" : 510,
      "end" : 516,
      "text" : "County",
      "whiteSpace" : false
    }, {
      "id" : "s3-t33",
      "begin" : 516,
      "end" : 517,
      "text" : ",",
      "whiteSpace" : false
    }, {
      "id" : "s3-t34",
      "begin" : 518,
      "end" : 527,
      "text" : "Tennessee",
      "whiteSpace" : false
    }, {
      "id" : "s3-t35",
      "begin" : 527,
      "end" : 528,
      "text" : ".",
      "whiteSpace" : false
    } ]
  }, {
    "id" : "s4",
    "begin" : 529,
    "end" : 640,
    "text" : "Humphreys County real property taxes for 1996 have been pro-rated and will be the responsibility of the buyers.",
    "tokens" : [ {
      "id" : "s4-t0",
      "begin" : 529,
      "end" : 538,
      "text" : "Humphreys",
      "whiteSpace" : false
    }, {
      "id" : "s4-t1",
      "begin" : 539,
      "end" : 545,
      "text" : "County",
      "whiteSpace" : false
    }, {
      "id" : "s4-t2",
      "begin" : 546,
      "end" : 550,
      "text" : "real",
      "whiteSpace" : false
    }, {
      "id" : "s4-t3",
      "begin" : 551,
      "end" : 559,
      "text" : "property",
      "whiteSpace" : false
    }, {
      "id" : "s4-t4",
      "begin" : 560,
      "end" : 565,
      "text" : "taxes",
      "whiteSpace" : false
    }, {
      "id" : "s4-t5",
      "begin" : 566,
      "end" : 569,
      "text" : "for",
      "whiteSpace" : false
    }, {
      "id" : "s4-t6",
      "begin" : 570,
      "end" : 574,
      "text" : "1996",
      "whiteSpace" : false
    }, {
      "id" : "s4-t7",
      "begin" : 575,
      "end" : 579,
      "text" : "have",
      "whiteSpace" : false
    }, {
      "id" : "s4-t8",
      "begin" : 580,
      "end" : 584,
      "text" : "been",
      "whiteSpace" : false
    }, {
      "id" : "s4-t9",
      "begin" : 585,
      "end" : 594,
      "text" : "pro-rated",
      "whiteSpace" : false
    }, {
      "id" : "s4-t10",
      "begin" : 595,
      "end" : 598,
      "text" : "and",
      "whiteSpace" : false
    }, {
      "id" : "s4-t11",
      "begin" : 599,
      "end" : 603,
      "text" : "will",
      "whiteSpace" : false
    }, {
      "id" : "s4-t12",
      "begin" : 604,
      "end" : 606,
      "text" : "be",
      "whiteSpace" : false
    }, {
      "id" : "s4-t13",
      "begin" : 607,
      "end" : 610,
      "text" : "the",
      "whiteSpace" : false
    }, {
      "id" : "s4-t14",
      "begin" : 611,
      "end" : 625,
      "text" : "responsibility",
      "whiteSpace" : false
    }, {
      "id" : "s4-t15",
      "begin" : 626,
      "end" : 628,
      "text" : "of",
      "whiteSpace" : false
    }, {
      "id" : "s4-t16",
      "begin" : 629,
      "end" : 632,
      "text" : "the",
      "whiteSpace" : false
    }, {
      "id" : "s4-t17",
      "begin" : 633,
      "end" : 639,
      "text" : "buyers",
      "whiteSpace" : false
    }, {
      "id" : "s4-t18",
      "begin" : 639,
      "end" : 640,
      "text" : ".",
      "whiteSpace" : false
    } ]
  } ],
  "mentions" : [ {
    "id" : "s3-m1",
    "properties" : {
      "SIRE_MENTION_ROLE" : "WarrDeedBookNum",
      "SIRE_ENTITY_SUBTYPE" : "NONE",
      "SIRE_MENTION_TYPE" : "NONE",
      "SIRE_MENTION_CLASS" : "SPC"
    },
    "type" : "WarrDeedBookNum",
    "begin" : 466,
    "end" : 469,
    "inCoref" : false
  }, {
    "id" : "s3-m2",
    "properties" : {
      "SIRE_MENTION_ROLE" : "WarrDeedPageNum",
      "SIRE_ENTITY_SUBTYPE" : "NONE",
      "SIRE_MENTION_TYPE" : "NONE",
      "SIRE_MENTION_CLASS" : "SPC"
    },
    "type" : "WarrDeedPageNum",
    "begin" : 476,
    "end" : 479,
    "inCoref" : false
  } ],
  "relations" : [ ],
  "corefs" : [ ],
  "typeResolved" : true,
  "userResolved" : false
}