{
  "id" : "977b2880-54dc-11e9-b3f1-919b26b254ae-5",
  "name" : "WD182-945.txt",
  "createdDate" : 1554164202248,
  "version" : 3,
  "text" : "THI thence south with Matlock???s east boundary line 267 feet to the beginning. BEING the same property conveyed to Bobby D. Jones and wife, Nancy C. Jones, by deed of record in Deed Book 176, Page 453, Register???s Office of TO HAVE AND TO HOLD the said tract or parcel of land, with the appurtenances, estate, title and interest thereto belonging, to the said CARL W. BROWN, his heirs and assigns, forever",
  "docLength" : 0,
  "language" : "EN",
  "status" : "SUBMITTED",
  "modifiedDate" : 1554166481878,
  "documentSet" : [ ],
  "preannotation" : [ ],
  "sentences" : [ {
    "id" : "s0",
    "begin" : 0,
    "end" : 30,
    "text" : "THI thence south with Matlock?",
    "tokens" : [ {
      "id" : "s0-t0",
      "begin" : 0,
      "end" : 3,
      "text" : "THI",
      "whiteSpace" : false
    }, {
      "id" : "s0-t1",
      "begin" : 4,
      "end" : 10,
      "text" : "thence",
      "whiteSpace" : false
    }, {
      "id" : "s0-t2",
      "begin" : 11,
      "end" : 16,
      "text" : "south",
      "whiteSpace" : false
    }, {
      "id" : "s0-t3",
      "begin" : 17,
      "end" : 21,
      "text" : "with",
      "whiteSpace" : false
    }, {
      "id" : "s0-t4",
      "begin" : 22,
      "end" : 29,
      "text" : "Matlock",
      "whiteSpace" : false
    }, {
      "id" : "s0-t5",
      "begin" : 29,
      "end" : 30,
      "text" : "?",
      "whiteSpace" : false
    } ]
  }, {
    "id" : "s1",
    "begin" : 30,
    "end" : 79,
    "text" : "??s east boundary line 267 feet to the beginning.",
    "tokens" : [ {
      "id" : "s1-t0",
      "begin" : 30,
      "end" : 33,
      "text" : "??s",
      "whiteSpace" : false
    }, {
      "id" : "s1-t1",
      "begin" : 34,
      "end" : 38,
      "text" : "east",
      "whiteSpace" : false
    }, {
      "id" : "s1-t2",
      "begin" : 39,
      "end" : 47,
      "text" : "boundary",
      "whiteSpace" : false
    }, {
      "id" : "s1-t3",
      "begin" : 48,
      "end" : 52,
      "text" : "line",
      "whiteSpace" : false
    }, {
      "id" : "s1-t4",
      "begin" : 53,
      "end" : 56,
      "text" : "267",
      "whiteSpace" : false
    }, {
      "id" : "s1-t5",
      "begin" : 57,
      "end" : 61,
      "text" : "feet",
      "whiteSpace" : false
    }, {
      "id" : "s1-t6",
      "begin" : 62,
      "end" : 64,
      "text" : "to",
      "whiteSpace" : false
    }, {
      "id" : "s1-t7",
      "begin" : 65,
      "end" : 68,
      "text" : "the",
      "whiteSpace" : false
    }, {
      "id" : "s1-t8",
      "begin" : 69,
      "end" : 78,
      "text" : "beginning",
      "whiteSpace" : false
    }, {
      "id" : "s1-t9",
      "begin" : 78,
      "end" : 79,
      "text" : ".",
      "whiteSpace" : false
    } ]
  }, {
    "id" : "s2",
    "begin" : 80,
    "end" : 212,
    "text" : "BEING the same property conveyed to Bobby D. Jones and wife, Nancy C. Jones, by deed of record in Deed Book 176, Page 453, Register?",
    "tokens" : [ {
      "id" : "s2-t0",
      "begin" : 80,
      "end" : 85,
      "text" : "BEING",
      "whiteSpace" : false
    }, {
      "id" : "s2-t1",
      "begin" : 86,
      "end" : 89,
      "text" : "the",
      "whiteSpace" : false
    }, {
      "id" : "s2-t2",
      "begin" : 90,
      "end" : 94,
      "text" : "same",
      "whiteSpace" : false
    }, {
      "id" : "s2-t3",
      "begin" : 95,
      "end" : 103,
      "text" : "property",
      "whiteSpace" : false
    }, {
      "id" : "s2-t4",
      "begin" : 104,
      "end" : 112,
      "text" : "conveyed",
      "whiteSpace" : false
    }, {
      "id" : "s2-t5",
      "begin" : 113,
      "end" : 115,
      "text" : "to",
      "whiteSpace" : false
    }, {
      "id" : "s2-t6",
      "begin" : 116,
      "end" : 121,
      "text" : "Bobby",
      "whiteSpace" : false
    }, {
      "id" : "s2-t7",
      "begin" : 122,
      "end" : 124,
      "text" : "D.",
      "whiteSpace" : false
    }, {
      "id" : "s2-t8",
      "begin" : 125,
      "end" : 130,
      "text" : "Jones",
      "whiteSpace" : false
    }, {
      "id" : "s2-t9",
      "begin" : 131,
      "end" : 134,
      "text" : "and",
      "whiteSpace" : false
    }, {
      "id" : "s2-t10",
      "begin" : 135,
      "end" : 139,
      "text" : "wife",
      "whiteSpace" : false
    }, {
      "id" : "s2-t11",
      "begin" : 139,
      "end" : 140,
      "text" : ",",
      "whiteSpace" : false
    }, {
      "id" : "s2-t12",
      "begin" : 141,
      "end" : 146,
      "text" : "Nancy",
      "whiteSpace" : false
    }, {
      "id" : "s2-t13",
      "begin" : 147,
      "end" : 149,
      "text" : "C.",
      "whiteSpace" : false
    }, {
      "id" : "s2-t14",
      "begin" : 150,
      "end" : 155,
      "text" : "Jones",
      "whiteSpace" : false
    }, {
      "id" : "s2-t15",
      "begin" : 155,
      "end" : 156,
      "text" : ",",
      "whiteSpace" : false
    }, {
      "id" : "s2-t16",
      "begin" : 157,
      "end" : 159,
      "text" : "by",
      "whiteSpace" : false
    }, {
      "id" : "s2-t17",
      "begin" : 160,
      "end" : 164,
      "text" : "deed",
      "whiteSpace" : false
    }, {
      "id" : "s2-t18",
      "begin" : 165,
      "end" : 167,
      "text" : "of",
      "whiteSpace" : false
    }, {
      "id" : "s2-t19",
      "begin" : 168,
      "end" : 174,
      "text" : "record",
      "whiteSpace" : false
    }, {
      "id" : "s2-t20",
      "begin" : 175,
      "end" : 177,
      "text" : "in",
      "whiteSpace" : false
    }, {
      "id" : "s2-t21",
      "begin" : 178,
      "end" : 182,
      "text" : "Deed",
      "whiteSpace" : false
    }, {
      "id" : "s2-t22",
      "begin" : 183,
      "end" : 187,
      "text" : "Book",
      "whiteSpace" : false
    }, {
      "id" : "s2-t23",
      "begin" : 188,
      "end" : 191,
      "text" : "176",
      "whiteSpace" : false
    }, {
      "id" : "s2-t24",
      "begin" : 191,
      "end" : 192,
      "text" : ",",
      "whiteSpace" : false
    }, {
      "id" : "s2-t25",
      "begin" : 193,
      "end" : 197,
      "text" : "Page",
      "whiteSpace" : false
    }, {
      "id" : "s2-t26",
      "begin" : 198,
      "end" : 201,
      "text" : "453",
      "whiteSpace" : false
    }, {
      "id" : "s2-t27",
      "begin" : 201,
      "end" : 202,
      "text" : ",",
      "whiteSpace" : false
    }, {
      "id" : "s2-t28",
      "begin" : 203,
      "end" : 211,
      "text" : "Register",
      "whiteSpace" : false
    }, {
      "id" : "s2-t29",
      "begin" : 211,
      "end" : 212,
      "text" : "?",
      "whiteSpace" : false
    } ]
  }, {
    "id" : "s3",
    "begin" : 212,
    "end" : 407,
    "text" : "??s Office of TO HAVE AND TO HOLD the said tract or parcel of land, with the appurtenances, estate, title and interest thereto belonging, to the said CARL W. BROWN, his heirs and assigns, forever",
    "tokens" : [ {
      "id" : "s3-t0",
      "begin" : 212,
      "end" : 215,
      "text" : "??s",
      "whiteSpace" : false
    }, {
      "id" : "s3-t1",
      "begin" : 216,
      "end" : 222,
      "text" : "Office",
      "whiteSpace" : false
    }, {
      "id" : "s3-t2",
      "begin" : 223,
      "end" : 225,
      "text" : "of",
      "whiteSpace" : false
    }, {
      "id" : "s3-t3",
      "begin" : 226,
      "end" : 228,
      "text" : "TO",
      "whiteSpace" : false
    }, {
      "id" : "s3-t4",
      "begin" : 229,
      "end" : 233,
      "text" : "HAVE",
      "whiteSpace" : false
    }, {
      "id" : "s3-t5",
      "begin" : 234,
      "end" : 237,
      "text" : "AND",
      "whiteSpace" : false
    }, {
      "id" : "s3-t6",
      "begin" : 238,
      "end" : 240,
      "text" : "TO",
      "whiteSpace" : false
    }, {
      "id" : "s3-t7",
      "begin" : 241,
      "end" : 245,
      "text" : "HOLD",
      "whiteSpace" : false
    }, {
      "id" : "s3-t8",
      "begin" : 246,
      "end" : 249,
      "text" : "the",
      "whiteSpace" : false
    }, {
      "id" : "s3-t9",
      "begin" : 250,
      "end" : 254,
      "text" : "said",
      "whiteSpace" : false
    }, {
      "id" : "s3-t10",
      "begin" : 255,
      "end" : 260,
      "text" : "tract",
      "whiteSpace" : false
    }, {
      "id" : "s3-t11",
      "begin" : 261,
      "end" : 263,
      "text" : "or",
      "whiteSpace" : false
    }, {
      "id" : "s3-t12",
      "begin" : 264,
      "end" : 270,
      "text" : "parcel",
      "whiteSpace" : false
    }, {
      "id" : "s3-t13",
      "begin" : 271,
      "end" : 273,
      "text" : "of",
      "whiteSpace" : false
    }, {
      "id" : "s3-t14",
      "begin" : 274,
      "end" : 278,
      "text" : "land",
      "whiteSpace" : false
    }, {
      "id" : "s3-t15",
      "begin" : 278,
      "end" : 279,
      "text" : ",",
      "whiteSpace" : false
    }, {
      "id" : "s3-t16",
      "begin" : 280,
      "end" : 284,
      "text" : "with",
      "whiteSpace" : false
    }, {
      "id" : "s3-t17",
      "begin" : 285,
      "end" : 288,
      "text" : "the",
      "whiteSpace" : false
    }, {
      "id" : "s3-t18",
      "begin" : 289,
      "end" : 302,
      "text" : "appurtenances",
      "whiteSpace" : false
    }, {
      "id" : "s3-t19",
      "begin" : 302,
      "end" : 303,
      "text" : ",",
      "whiteSpace" : false
    }, {
      "id" : "s3-t20",
      "begin" : 304,
      "end" : 310,
      "text" : "estate",
      "whiteSpace" : false
    }, {
      "id" : "s3-t21",
      "begin" : 310,
      "end" : 311,
      "text" : ",",
      "whiteSpace" : false
    }, {
      "id" : "s3-t22",
      "begin" : 312,
      "end" : 317,
      "text" : "title",
      "whiteSpace" : false
    }, {
      "id" : "s3-t23",
      "begin" : 318,
      "end" : 321,
      "text" : "and",
      "whiteSpace" : false
    }, {
      "id" : "s3-t24",
      "begin" : 322,
      "end" : 330,
      "text" : "interest",
      "whiteSpace" : false
    }, {
      "id" : "s3-t25",
      "begin" : 331,
      "end" : 338,
      "text" : "thereto",
      "whiteSpace" : false
    }, {
      "id" : "s3-t26",
      "begin" : 339,
      "end" : 348,
      "text" : "belonging",
      "whiteSpace" : false
    }, {
      "id" : "s3-t27",
      "begin" : 348,
      "end" : 349,
      "text" : ",",
      "whiteSpace" : false
    }, {
      "id" : "s3-t28",
      "begin" : 350,
      "end" : 352,
      "text" : "to",
      "whiteSpace" : false
    }, {
      "id" : "s3-t29",
      "begin" : 353,
      "end" : 356,
      "text" : "the",
      "whiteSpace" : false
    }, {
      "id" : "s3-t30",
      "begin" : 357,
      "end" : 361,
      "text" : "said",
      "whiteSpace" : false
    }, {
      "id" : "s3-t31",
      "begin" : 362,
      "end" : 366,
      "text" : "CARL",
      "whiteSpace" : false
    }, {
      "id" : "s3-t32",
      "begin" : 367,
      "end" : 369,
      "text" : "W.",
      "whiteSpace" : false
    }, {
      "id" : "s3-t33",
      "begin" : 370,
      "end" : 375,
      "text" : "BROWN",
      "whiteSpace" : false
    }, {
      "id" : "s3-t34",
      "begin" : 375,
      "end" : 376,
      "text" : ",",
      "whiteSpace" : false
    }, {
      "id" : "s3-t35",
      "begin" : 377,
      "end" : 380,
      "text" : "his",
      "whiteSpace" : false
    }, {
      "id" : "s3-t36",
      "begin" : 381,
      "end" : 386,
      "text" : "heirs",
      "whiteSpace" : false
    }, {
      "id" : "s3-t37",
      "begin" : 387,
      "end" : 390,
      "text" : "and",
      "whiteSpace" : false
    }, {
      "id" : "s3-t38",
      "begin" : 391,
      "end" : 398,
      "text" : "assigns",
      "whiteSpace" : false
    }, {
      "id" : "s3-t39",
      "begin" : 398,
      "end" : 399,
      "text" : ",",
      "whiteSpace" : false
    }, {
      "id" : "s3-t40",
      "begin" : 400,
      "end" : 407,
      "text" : "forever",
      "whiteSpace" : false
    } ]
  } ],
  "mentions" : [ {
    "id" : "s2-m1",
    "properties" : {
      "SIRE_MENTION_ROLE" : "WarrDeedBookNum",
      "SIRE_ENTITY_SUBTYPE" : "NONE",
      "SIRE_MENTION_TYPE" : "NONE",
      "SIRE_MENTION_CLASS" : "SPC"
    },
    "type" : "WarrDeedBookNum",
    "begin" : 188,
    "end" : 191,
    "inCoref" : false
  }, {
    "id" : "s2-m2",
    "properties" : {
      "SIRE_MENTION_ROLE" : "WarrDeedPageNum",
      "SIRE_ENTITY_SUBTYPE" : "NONE",
      "SIRE_MENTION_TYPE" : "NONE",
      "SIRE_MENTION_CLASS" : "SPC"
    },
    "type" : "WarrDeedPageNum",
    "begin" : 198,
    "end" : 201,
    "inCoref" : false
  } ],
  "relations" : [ ],
  "corefs" : [ ],
  "typeResolved" : true,
  "userResolved" : false
}