{
  "id" : "977b2880-54dc-11e9-b3f1-919b26b254ae-6",
  "name" : "WD183-163.txt",
  "createdDate" : 1554164202248,
  "version" : 3,
  "text" : " containing 1.59 acres., BEING under one survey Lots Nos. 25, 26 and a part of 27 as shown on the plat of record in Deed Book 63, page 492 and Plat Cabinet A, Slide 38, Register???s Of???ce of Humphreys County, Tennessee., BEING the same property conveyed to Kim Coleman by deed of record in Deed Book 162, page 434, Register???s Of???ce of Humphreys County, Tennessee., This conveyance is made subject to the following:, Reservations, easements, ???ood rights, covenants, etc., as set forth in the Special Warranty Deed from the USA/TVA to Roy Carter, ",
  "docLength" : 0,
  "language" : "EN",
  "status" : "SUBMITTED",
  "modifiedDate" : 1554166489181,
  "documentSet" : [ ],
  "preannotation" : [ ],
  "sentences" : [ {
    "id" : "s0",
    "begin" : 1,
    "end" : 178,
    "text" : "containing 1.59 acres., BEING under one survey Lots Nos. 25, 26 and a part of 27 as shown on the plat of record in Deed Book 63, page 492 and Plat Cabinet A, Slide 38, Register?",
    "tokens" : [ {
      "id" : "s0-t0",
      "begin" : 1,
      "end" : 11,
      "text" : "containing",
      "whiteSpace" : false
    }, {
      "id" : "s0-t1",
      "begin" : 12,
      "end" : 16,
      "text" : "1.59",
      "whiteSpace" : false
    }, {
      "id" : "s0-t2",
      "begin" : 17,
      "end" : 23,
      "text" : "acres.",
      "whiteSpace" : false
    }, {
      "id" : "s0-t3",
      "begin" : 23,
      "end" : 24,
      "text" : ",",
      "whiteSpace" : false
    }, {
      "id" : "s0-t4",
      "begin" : 25,
      "end" : 30,
      "text" : "BEING",
      "whiteSpace" : false
    }, {
      "id" : "s0-t5",
      "begin" : 31,
      "end" : 36,
      "text" : "under",
      "whiteSpace" : false
    }, {
      "id" : "s0-t6",
      "begin" : 37,
      "end" : 40,
      "text" : "one",
      "whiteSpace" : false
    }, {
      "id" : "s0-t7",
      "begin" : 41,
      "end" : 47,
      "text" : "survey",
      "whiteSpace" : false
    }, {
      "id" : "s0-t8",
      "begin" : 48,
      "end" : 52,
      "text" : "Lots",
      "whiteSpace" : false
    }, {
      "id" : "s0-t9",
      "begin" : 53,
      "end" : 57,
      "text" : "Nos.",
      "whiteSpace" : false
    }, {
      "id" : "s0-t10",
      "begin" : 58,
      "end" : 60,
      "text" : "25",
      "whiteSpace" : false
    }, {
      "id" : "s0-t11",
      "begin" : 60,
      "end" : 61,
      "text" : ",",
      "whiteSpace" : false
    }, {
      "id" : "s0-t12",
      "begin" : 62,
      "end" : 64,
      "text" : "26",
      "whiteSpace" : false
    }, {
      "id" : "s0-t13",
      "begin" : 65,
      "end" : 68,
      "text" : "and",
      "whiteSpace" : false
    }, {
      "id" : "s0-t14",
      "begin" : 69,
      "end" : 70,
      "text" : "a",
      "whiteSpace" : false
    }, {
      "id" : "s0-t15",
      "begin" : 71,
      "end" : 75,
      "text" : "part",
      "whiteSpace" : false
    }, {
      "id" : "s0-t16",
      "begin" : 76,
      "end" : 78,
      "text" : "of",
      "whiteSpace" : false
    }, {
      "id" : "s0-t17",
      "begin" : 79,
      "end" : 81,
      "text" : "27",
      "whiteSpace" : false
    }, {
      "id" : "s0-t18",
      "begin" : 82,
      "end" : 84,
      "text" : "as",
      "whiteSpace" : false
    }, {
      "id" : "s0-t19",
      "begin" : 85,
      "end" : 90,
      "text" : "shown",
      "whiteSpace" : false
    }, {
      "id" : "s0-t20",
      "begin" : 91,
      "end" : 93,
      "text" : "on",
      "whiteSpace" : false
    }, {
      "id" : "s0-t21",
      "begin" : 94,
      "end" : 97,
      "text" : "the",
      "whiteSpace" : false
    }, {
      "id" : "s0-t22",
      "begin" : 98,
      "end" : 102,
      "text" : "plat",
      "whiteSpace" : false
    }, {
      "id" : "s0-t23",
      "begin" : 103,
      "end" : 105,
      "text" : "of",
      "whiteSpace" : false
    }, {
      "id" : "s0-t24",
      "begin" : 106,
      "end" : 112,
      "text" : "record",
      "whiteSpace" : false
    }, {
      "id" : "s0-t25",
      "begin" : 113,
      "end" : 115,
      "text" : "in",
      "whiteSpace" : false
    }, {
      "id" : "s0-t26",
      "begin" : 116,
      "end" : 120,
      "text" : "Deed",
      "whiteSpace" : false
    }, {
      "id" : "s0-t27",
      "begin" : 121,
      "end" : 125,
      "text" : "Book",
      "whiteSpace" : false
    }, {
      "id" : "s0-t28",
      "begin" : 126,
      "end" : 128,
      "text" : "63",
      "whiteSpace" : false
    }, {
      "id" : "s0-t29",
      "begin" : 128,
      "end" : 129,
      "text" : ",",
      "whiteSpace" : false
    }, {
      "id" : "s0-t30",
      "begin" : 130,
      "end" : 134,
      "text" : "page",
      "whiteSpace" : false
    }, {
      "id" : "s0-t31",
      "begin" : 135,
      "end" : 138,
      "text" : "492",
      "whiteSpace" : false
    }, {
      "id" : "s0-t32",
      "begin" : 139,
      "end" : 142,
      "text" : "and",
      "whiteSpace" : false
    }, {
      "id" : "s0-t33",
      "begin" : 143,
      "end" : 147,
      "text" : "Plat",
      "whiteSpace" : false
    }, {
      "id" : "s0-t34",
      "begin" : 148,
      "end" : 155,
      "text" : "Cabinet",
      "whiteSpace" : false
    }, {
      "id" : "s0-t35",
      "begin" : 156,
      "end" : 157,
      "text" : "A",
      "whiteSpace" : false
    }, {
      "id" : "s0-t36",
      "begin" : 157,
      "end" : 158,
      "text" : ",",
      "whiteSpace" : false
    }, {
      "id" : "s0-t37",
      "begin" : 159,
      "end" : 164,
      "text" : "Slide",
      "whiteSpace" : false
    }, {
      "id" : "s0-t38",
      "begin" : 165,
      "end" : 167,
      "text" : "38",
      "whiteSpace" : false
    }, {
      "id" : "s0-t39",
      "begin" : 167,
      "end" : 168,
      "text" : ",",
      "whiteSpace" : false
    }, {
      "id" : "s0-t40",
      "begin" : 169,
      "end" : 177,
      "text" : "Register",
      "whiteSpace" : false
    }, {
      "id" : "s0-t41",
      "begin" : 177,
      "end" : 178,
      "text" : "?",
      "whiteSpace" : false
    } ]
  }, {
    "id" : "s1",
    "begin" : 178,
    "end" : 185,
    "text" : "??s Of?",
    "tokens" : [ {
      "id" : "s1-t0",
      "begin" : 178,
      "end" : 181,
      "text" : "??s",
      "whiteSpace" : false
    }, {
      "id" : "s1-t1",
      "begin" : 182,
      "end" : 184,
      "text" : "Of",
      "whiteSpace" : false
    }, {
      "id" : "s1-t2",
      "begin" : 184,
      "end" : 185,
      "text" : "?",
      "whiteSpace" : false
    } ]
  }, {
    "id" : "s2",
    "begin" : 185,
    "end" : 326,
    "text" : "??ce of Humphreys County, Tennessee., BEING the same property conveyed to Kim Coleman by deed of record in Deed Book 162, page 434, Register?",
    "tokens" : [ {
      "id" : "s2-t0",
      "begin" : 185,
      "end" : 189,
      "text" : "??ce",
      "whiteSpace" : false
    }, {
      "id" : "s2-t1",
      "begin" : 190,
      "end" : 192,
      "text" : "of",
      "whiteSpace" : false
    }, {
      "id" : "s2-t2",
      "begin" : 193,
      "end" : 202,
      "text" : "Humphreys",
      "whiteSpace" : false
    }, {
      "id" : "s2-t3",
      "begin" : 203,
      "end" : 209,
      "text" : "County",
      "whiteSpace" : false
    }, {
      "id" : "s2-t4",
      "begin" : 209,
      "end" : 210,
      "text" : ",",
      "whiteSpace" : false
    }, {
      "id" : "s2-t5",
      "begin" : 211,
      "end" : 221,
      "text" : "Tennessee.",
      "whiteSpace" : false
    }, {
      "id" : "s2-t6",
      "begin" : 221,
      "end" : 222,
      "text" : ",",
      "whiteSpace" : false
    }, {
      "id" : "s2-t7",
      "begin" : 223,
      "end" : 228,
      "text" : "BEING",
      "whiteSpace" : false
    }, {
      "id" : "s2-t8",
      "begin" : 229,
      "end" : 232,
      "text" : "the",
      "whiteSpace" : false
    }, {
      "id" : "s2-t9",
      "begin" : 233,
      "end" : 237,
      "text" : "same",
      "whiteSpace" : false
    }, {
      "id" : "s2-t10",
      "begin" : 238,
      "end" : 246,
      "text" : "property",
      "whiteSpace" : false
    }, {
      "id" : "s2-t11",
      "begin" : 247,
      "end" : 255,
      "text" : "conveyed",
      "whiteSpace" : false
    }, {
      "id" : "s2-t12",
      "begin" : 256,
      "end" : 258,
      "text" : "to",
      "whiteSpace" : false
    }, {
      "id" : "s2-t13",
      "begin" : 259,
      "end" : 262,
      "text" : "Kim",
      "whiteSpace" : false
    }, {
      "id" : "s2-t14",
      "begin" : 263,
      "end" : 270,
      "text" : "Coleman",
      "whiteSpace" : false
    }, {
      "id" : "s2-t15",
      "begin" : 271,
      "end" : 273,
      "text" : "by",
      "whiteSpace" : false
    }, {
      "id" : "s2-t16",
      "begin" : 274,
      "end" : 278,
      "text" : "deed",
      "whiteSpace" : false
    }, {
      "id" : "s2-t17",
      "begin" : 279,
      "end" : 281,
      "text" : "of",
      "whiteSpace" : false
    }, {
      "id" : "s2-t18",
      "begin" : 282,
      "end" : 288,
      "text" : "record",
      "whiteSpace" : false
    }, {
      "id" : "s2-t19",
      "begin" : 289,
      "end" : 291,
      "text" : "in",
      "whiteSpace" : false
    }, {
      "id" : "s2-t20",
      "begin" : 292,
      "end" : 296,
      "text" : "Deed",
      "whiteSpace" : false
    }, {
      "id" : "s2-t21",
      "begin" : 297,
      "end" : 301,
      "text" : "Book",
      "whiteSpace" : false
    }, {
      "id" : "s2-t22",
      "begin" : 302,
      "end" : 305,
      "text" : "162",
      "whiteSpace" : false
    }, {
      "id" : "s2-t23",
      "begin" : 305,
      "end" : 306,
      "text" : ",",
      "whiteSpace" : false
    }, {
      "id" : "s2-t24",
      "begin" : 307,
      "end" : 311,
      "text" : "page",
      "whiteSpace" : false
    }, {
      "id" : "s2-t25",
      "begin" : 312,
      "end" : 315,
      "text" : "434",
      "whiteSpace" : false
    }, {
      "id" : "s2-t26",
      "begin" : 315,
      "end" : 316,
      "text" : ",",
      "whiteSpace" : false
    }, {
      "id" : "s2-t27",
      "begin" : 317,
      "end" : 325,
      "text" : "Register",
      "whiteSpace" : false
    }, {
      "id" : "s2-t28",
      "begin" : 325,
      "end" : 326,
      "text" : "?",
      "whiteSpace" : false
    } ]
  }, {
    "id" : "s3",
    "begin" : 326,
    "end" : 333,
    "text" : "??s Of?",
    "tokens" : [ {
      "id" : "s3-t0",
      "begin" : 326,
      "end" : 329,
      "text" : "??s",
      "whiteSpace" : false
    }, {
      "id" : "s3-t1",
      "begin" : 330,
      "end" : 332,
      "text" : "Of",
      "whiteSpace" : false
    }, {
      "id" : "s3-t2",
      "begin" : 332,
      "end" : 333,
      "text" : "?",
      "whiteSpace" : false
    } ]
  }, {
    "id" : "s4",
    "begin" : 333,
    "end" : 448,
    "text" : "??ce of Humphreys County, Tennessee., This conveyance is made subject to the following:, Reservations, easements, ?",
    "tokens" : [ {
      "id" : "s4-t0",
      "begin" : 333,
      "end" : 337,
      "text" : "??ce",
      "whiteSpace" : false
    }, {
      "id" : "s4-t1",
      "begin" : 338,
      "end" : 340,
      "text" : "of",
      "whiteSpace" : false
    }, {
      "id" : "s4-t2",
      "begin" : 341,
      "end" : 350,
      "text" : "Humphreys",
      "whiteSpace" : false
    }, {
      "id" : "s4-t3",
      "begin" : 351,
      "end" : 357,
      "text" : "County",
      "whiteSpace" : false
    }, {
      "id" : "s4-t4",
      "begin" : 357,
      "end" : 358,
      "text" : ",",
      "whiteSpace" : false
    }, {
      "id" : "s4-t5",
      "begin" : 359,
      "end" : 369,
      "text" : "Tennessee.",
      "whiteSpace" : false
    }, {
      "id" : "s4-t6",
      "begin" : 369,
      "end" : 370,
      "text" : ",",
      "whiteSpace" : false
    }, {
      "id" : "s4-t7",
      "begin" : 371,
      "end" : 375,
      "text" : "This",
      "whiteSpace" : false
    }, {
      "id" : "s4-t8",
      "begin" : 376,
      "end" : 386,
      "text" : "conveyance",
      "whiteSpace" : false
    }, {
      "id" : "s4-t9",
      "begin" : 387,
      "end" : 389,
      "text" : "is",
      "whiteSpace" : false
    }, {
      "id" : "s4-t10",
      "begin" : 390,
      "end" : 394,
      "text" : "made",
      "whiteSpace" : false
    }, {
      "id" : "s4-t11",
      "begin" : 395,
      "end" : 402,
      "text" : "subject",
      "whiteSpace" : false
    }, {
      "id" : "s4-t12",
      "begin" : 403,
      "end" : 405,
      "text" : "to",
      "whiteSpace" : false
    }, {
      "id" : "s4-t13",
      "begin" : 406,
      "end" : 409,
      "text" : "the",
      "whiteSpace" : false
    }, {
      "id" : "s4-t14",
      "begin" : 410,
      "end" : 419,
      "text" : "following",
      "whiteSpace" : false
    }, {
      "id" : "s4-t15",
      "begin" : 419,
      "end" : 420,
      "text" : ":",
      "whiteSpace" : false
    }, {
      "id" : "s4-t16",
      "begin" : 420,
      "end" : 421,
      "text" : ",",
      "whiteSpace" : false
    }, {
      "id" : "s4-t17",
      "begin" : 422,
      "end" : 434,
      "text" : "Reservations",
      "whiteSpace" : false
    }, {
      "id" : "s4-t18",
      "begin" : 434,
      "end" : 435,
      "text" : ",",
      "whiteSpace" : false
    }, {
      "id" : "s4-t19",
      "begin" : 436,
      "end" : 445,
      "text" : "easements",
      "whiteSpace" : false
    }, {
      "id" : "s4-t20",
      "begin" : 445,
      "end" : 446,
      "text" : ",",
      "whiteSpace" : false
    }, {
      "id" : "s4-t21",
      "begin" : 447,
      "end" : 448,
      "text" : "?",
      "whiteSpace" : false
    } ]
  }, {
    "id" : "s5",
    "begin" : 448,
    "end" : 552,
    "text" : "??ood rights, covenants, etc., as set forth in the Special Warranty Deed from the USA/TVA to Roy Carter,",
    "tokens" : [ {
      "id" : "s5-t0",
      "begin" : 448,
      "end" : 453,
      "text" : "??ood",
      "whiteSpace" : false
    }, {
      "id" : "s5-t1",
      "begin" : 454,
      "end" : 460,
      "text" : "rights",
      "whiteSpace" : false
    }, {
      "id" : "s5-t2",
      "begin" : 460,
      "end" : 461,
      "text" : ",",
      "whiteSpace" : false
    }, {
      "id" : "s5-t3",
      "begin" : 462,
      "end" : 471,
      "text" : "covenants",
      "whiteSpace" : false
    }, {
      "id" : "s5-t4",
      "begin" : 471,
      "end" : 472,
      "text" : ",",
      "whiteSpace" : false
    }, {
      "id" : "s5-t5",
      "begin" : 473,
      "end" : 477,
      "text" : "etc.",
      "whiteSpace" : false
    }, {
      "id" : "s5-t6",
      "begin" : 477,
      "end" : 478,
      "text" : ",",
      "whiteSpace" : false
    }, {
      "id" : "s5-t7",
      "begin" : 479,
      "end" : 481,
      "text" : "as",
      "whiteSpace" : false
    }, {
      "id" : "s5-t8",
      "begin" : 482,
      "end" : 485,
      "text" : "set",
      "whiteSpace" : false
    }, {
      "id" : "s5-t9",
      "begin" : 486,
      "end" : 491,
      "text" : "forth",
      "whiteSpace" : false
    }, {
      "id" : "s5-t10",
      "begin" : 492,
      "end" : 494,
      "text" : "in",
      "whiteSpace" : false
    }, {
      "id" : "s5-t11",
      "begin" : 495,
      "end" : 498,
      "text" : "the",
      "whiteSpace" : false
    }, {
      "id" : "s5-t12",
      "begin" : 499,
      "end" : 506,
      "text" : "Special",
      "whiteSpace" : false
    }, {
      "id" : "s5-t13",
      "begin" : 507,
      "end" : 515,
      "text" : "Warranty",
      "whiteSpace" : false
    }, {
      "id" : "s5-t14",
      "begin" : 516,
      "end" : 520,
      "text" : "Deed",
      "whiteSpace" : false
    }, {
      "id" : "s5-t15",
      "begin" : 521,
      "end" : 525,
      "text" : "from",
      "whiteSpace" : false
    }, {
      "id" : "s5-t16",
      "begin" : 526,
      "end" : 529,
      "text" : "the",
      "whiteSpace" : false
    }, {
      "id" : "s5-t17",
      "begin" : 530,
      "end" : 537,
      "text" : "USA/TVA",
      "whiteSpace" : false
    }, {
      "id" : "s5-t18",
      "begin" : 538,
      "end" : 540,
      "text" : "to",
      "whiteSpace" : false
    }, {
      "id" : "s5-t19",
      "begin" : 541,
      "end" : 544,
      "text" : "Roy",
      "whiteSpace" : false
    }, {
      "id" : "s5-t20",
      "begin" : 545,
      "end" : 551,
      "text" : "Carter",
      "whiteSpace" : false
    }, {
      "id" : "s5-t21",
      "begin" : 551,
      "end" : 552,
      "text" : ",",
      "whiteSpace" : false
    } ]
  } ],
  "mentions" : [ {
    "id" : "s2-m1",
    "properties" : {
      "SIRE_MENTION_ROLE" : "WarrDeedBookNum",
      "SIRE_ENTITY_SUBTYPE" : "NONE",
      "SIRE_MENTION_TYPE" : "NONE",
      "SIRE_MENTION_CLASS" : "SPC"
    },
    "type" : "WarrDeedBookNum",
    "begin" : 302,
    "end" : 305,
    "inCoref" : false
  }, {
    "id" : "s2-m2",
    "properties" : {
      "SIRE_MENTION_ROLE" : "WarrDeedPageNum",
      "SIRE_ENTITY_SUBTYPE" : "NONE",
      "SIRE_MENTION_TYPE" : "NONE",
      "SIRE_MENTION_CLASS" : "SPC"
    },
    "type" : "WarrDeedPageNum",
    "begin" : 312,
    "end" : 315,
    "inCoref" : false
  } ],
  "relations" : [ ],
  "corefs" : [ ],
  "typeResolved" : true,
  "userResolved" : false
}