{
  "id" : "977b2880-54dc-11e9-b3f1-919b26b254ae-1",
  "name" : "WD174-16.txt",
  "createdDate" : 1554164202248,
  "version" : 3,
  "text" : "The same being Site No. 10 of the First Cabin Site Subdivision of Richland Harbor, Incorporated, as shown on Map No. RH-11-2, and as shown on said map recorded in Deed Book 63, page 492, Register???s Of???ce of Humphreys County, Tennessee., BEING the same property conveyed to James H. Stewart by deed of record in Deed Book 162, page 701, Register???s Of???ce of Humphreys County, Tennessee., contained in the deed from the United States of America to Roy Carter of record in Deed Book 62, page 134, and in the deed from the United States of America to Richland Harbor, Inc., of record in Deed Book 63, page 359, Register???s Of???ce of Humphreys County, Tennessee., easements, etc, as contained in the deed from Richland Harbor, Inc., to James W. Vaughn, et ux, of record in Deed Book 83, page 583, Register???s Of???ce of Humphreys County, Tennessee., ???ux/H, u \" \"7 \" NOTARY PIJ :JJ 10 AT! JaeE, Sta ts of Tennessee; ???cunti of HUHF'HREJ???S Receivej for record the 21 d=:?? 0f APRIL 1??9 at, Rator??ed in cffitial records Beak H???li?? Pass 16-]\n",
  "docLength" : 0,
  "language" : "EN",
  "status" : "SUBMITTED",
  "modifiedDate" : 1554166018127,
  "documentSet" : [ ],
  "preannotation" : [ ],
  "sentences" : [ {
    "id" : "s0",
    "begin" : 0,
    "end" : 196,
    "text" : "The same being Site No. 10 of the First Cabin Site Subdivision of Richland Harbor, Incorporated, as shown on Map No. RH-11-2, and as shown on said map recorded in Deed Book 63, page 492, Register?",
    "tokens" : [ {
      "id" : "s0-t0",
      "begin" : 0,
      "end" : 3,
      "text" : "The",
      "whiteSpace" : false
    }, {
      "id" : "s0-t1",
      "begin" : 4,
      "end" : 8,
      "text" : "same",
      "whiteSpace" : false
    }, {
      "id" : "s0-t2",
      "begin" : 9,
      "end" : 14,
      "text" : "being",
      "whiteSpace" : false
    }, {
      "id" : "s0-t3",
      "begin" : 15,
      "end" : 19,
      "text" : "Site",
      "whiteSpace" : false
    }, {
      "id" : "s0-t4",
      "begin" : 20,
      "end" : 23,
      "text" : "No.",
      "whiteSpace" : false
    }, {
      "id" : "s0-t5",
      "begin" : 24,
      "end" : 26,
      "text" : "10",
      "whiteSpace" : false
    }, {
      "id" : "s0-t6",
      "begin" : 27,
      "end" : 29,
      "text" : "of",
      "whiteSpace" : false
    }, {
      "id" : "s0-t7",
      "begin" : 30,
      "end" : 33,
      "text" : "the",
      "whiteSpace" : false
    }, {
      "id" : "s0-t8",
      "begin" : 34,
      "end" : 39,
      "text" : "First",
      "whiteSpace" : false
    }, {
      "id" : "s0-t9",
      "begin" : 40,
      "end" : 45,
      "text" : "Cabin",
      "whiteSpace" : false
    }, {
      "id" : "s0-t10",
      "begin" : 46,
      "end" : 50,
      "text" : "Site",
      "whiteSpace" : false
    }, {
      "id" : "s0-t11",
      "begin" : 51,
      "end" : 62,
      "text" : "Subdivision",
      "whiteSpace" : false
    }, {
      "id" : "s0-t12",
      "begin" : 63,
      "end" : 65,
      "text" : "of",
      "whiteSpace" : false
    }, {
      "id" : "s0-t13",
      "begin" : 66,
      "end" : 74,
      "text" : "Richland",
      "whiteSpace" : false
    }, {
      "id" : "s0-t14",
      "begin" : 75,
      "end" : 81,
      "text" : "Harbor",
      "whiteSpace" : false
    }, {
      "id" : "s0-t15",
      "begin" : 81,
      "end" : 82,
      "text" : ",",
      "whiteSpace" : false
    }, {
      "id" : "s0-t16",
      "begin" : 83,
      "end" : 95,
      "text" : "Incorporated",
      "whiteSpace" : false
    }, {
      "id" : "s0-t17",
      "begin" : 95,
      "end" : 96,
      "text" : ",",
      "whiteSpace" : false
    }, {
      "id" : "s0-t18",
      "begin" : 97,
      "end" : 99,
      "text" : "as",
      "whiteSpace" : false
    }, {
      "id" : "s0-t19",
      "begin" : 100,
      "end" : 105,
      "text" : "shown",
      "whiteSpace" : false
    }, {
      "id" : "s0-t20",
      "begin" : 106,
      "end" : 108,
      "text" : "on",
      "whiteSpace" : false
    }, {
      "id" : "s0-t21",
      "begin" : 109,
      "end" : 112,
      "text" : "Map",
      "whiteSpace" : false
    }, {
      "id" : "s0-t22",
      "begin" : 113,
      "end" : 116,
      "text" : "No.",
      "whiteSpace" : false
    }, {
      "id" : "s0-t23",
      "begin" : 117,
      "end" : 124,
      "text" : "RH-11-2",
      "whiteSpace" : false
    }, {
      "id" : "s0-t24",
      "begin" : 124,
      "end" : 125,
      "text" : ",",
      "whiteSpace" : false
    }, {
      "id" : "s0-t25",
      "begin" : 126,
      "end" : 129,
      "text" : "and",
      "whiteSpace" : false
    }, {
      "id" : "s0-t26",
      "begin" : 130,
      "end" : 132,
      "text" : "as",
      "whiteSpace" : false
    }, {
      "id" : "s0-t27",
      "begin" : 133,
      "end" : 138,
      "text" : "shown",
      "whiteSpace" : false
    }, {
      "id" : "s0-t28",
      "begin" : 139,
      "end" : 141,
      "text" : "on",
      "whiteSpace" : false
    }, {
      "id" : "s0-t29",
      "begin" : 142,
      "end" : 146,
      "text" : "said",
      "whiteSpace" : false
    }, {
      "id" : "s0-t30",
      "begin" : 147,
      "end" : 150,
      "text" : "map",
      "whiteSpace" : false
    }, {
      "id" : "s0-t31",
      "begin" : 151,
      "end" : 159,
      "text" : "recorded",
      "whiteSpace" : false
    }, {
      "id" : "s0-t32",
      "begin" : 160,
      "end" : 162,
      "text" : "in",
      "whiteSpace" : false
    }, {
      "id" : "s0-t33",
      "begin" : 163,
      "end" : 167,
      "text" : "Deed",
      "whiteSpace" : false
    }, {
      "id" : "s0-t34",
      "begin" : 168,
      "end" : 172,
      "text" : "Book",
      "whiteSpace" : false
    }, {
      "id" : "s0-t35",
      "begin" : 173,
      "end" : 175,
      "text" : "63",
      "whiteSpace" : false
    }, {
      "id" : "s0-t36",
      "begin" : 175,
      "end" : 176,
      "text" : ",",
      "whiteSpace" : false
    }, {
      "id" : "s0-t37",
      "begin" : 177,
      "end" : 181,
      "text" : "page",
      "whiteSpace" : false
    }, {
      "id" : "s0-t38",
      "begin" : 182,
      "end" : 185,
      "text" : "492",
      "whiteSpace" : false
    }, {
      "id" : "s0-t39",
      "begin" : 185,
      "end" : 186,
      "text" : ",",
      "whiteSpace" : false
    }, {
      "id" : "s0-t40",
      "begin" : 187,
      "end" : 195,
      "text" : "Register",
      "whiteSpace" : false
    }, {
      "id" : "s0-t41",
      "begin" : 195,
      "end" : 196,
      "text" : "?",
      "whiteSpace" : false
    } ]
  }, {
    "id" : "s1",
    "begin" : 196,
    "end" : 203,
    "text" : "??s Of?",
    "tokens" : [ {
      "id" : "s1-t0",
      "begin" : 196,
      "end" : 199,
      "text" : "??s",
      "whiteSpace" : false
    }, {
      "id" : "s1-t1",
      "begin" : 200,
      "end" : 202,
      "text" : "Of",
      "whiteSpace" : false
    }, {
      "id" : "s1-t2",
      "begin" : 202,
      "end" : 203,
      "text" : "?",
      "whiteSpace" : false
    } ]
  }, {
    "id" : "s2",
    "begin" : 203,
    "end" : 349,
    "text" : "??ce of Humphreys County, Tennessee., BEING the same property conveyed to James H. Stewart by deed of record in Deed Book 162, page 701, Register?",
    "tokens" : [ {
      "id" : "s2-t0",
      "begin" : 203,
      "end" : 207,
      "text" : "??ce",
      "whiteSpace" : false
    }, {
      "id" : "s2-t1",
      "begin" : 208,
      "end" : 210,
      "text" : "of",
      "whiteSpace" : false
    }, {
      "id" : "s2-t2",
      "begin" : 211,
      "end" : 220,
      "text" : "Humphreys",
      "whiteSpace" : false
    }, {
      "id" : "s2-t3",
      "begin" : 221,
      "end" : 227,
      "text" : "County",
      "whiteSpace" : false
    }, {
      "id" : "s2-t4",
      "begin" : 227,
      "end" : 228,
      "text" : ",",
      "whiteSpace" : false
    }, {
      "id" : "s2-t5",
      "begin" : 229,
      "end" : 239,
      "text" : "Tennessee.",
      "whiteSpace" : false
    }, {
      "id" : "s2-t6",
      "begin" : 239,
      "end" : 240,
      "text" : ",",
      "whiteSpace" : false
    }, {
      "id" : "s2-t7",
      "begin" : 241,
      "end" : 246,
      "text" : "BEING",
      "whiteSpace" : false
    }, {
      "id" : "s2-t8",
      "begin" : 247,
      "end" : 250,
      "text" : "the",
      "whiteSpace" : false
    }, {
      "id" : "s2-t9",
      "begin" : 251,
      "end" : 255,
      "text" : "same",
      "whiteSpace" : false
    }, {
      "id" : "s2-t10",
      "begin" : 256,
      "end" : 264,
      "text" : "property",
      "whiteSpace" : false
    }, {
      "id" : "s2-t11",
      "begin" : 265,
      "end" : 273,
      "text" : "conveyed",
      "whiteSpace" : false
    }, {
      "id" : "s2-t12",
      "begin" : 274,
      "end" : 276,
      "text" : "to",
      "whiteSpace" : false
    }, {
      "id" : "s2-t13",
      "begin" : 277,
      "end" : 282,
      "text" : "James",
      "whiteSpace" : false
    }, {
      "id" : "s2-t14",
      "begin" : 283,
      "end" : 285,
      "text" : "H.",
      "whiteSpace" : false
    }, {
      "id" : "s2-t15",
      "begin" : 286,
      "end" : 293,
      "text" : "Stewart",
      "whiteSpace" : false
    }, {
      "id" : "s2-t16",
      "begin" : 294,
      "end" : 296,
      "text" : "by",
      "whiteSpace" : false
    }, {
      "id" : "s2-t17",
      "begin" : 297,
      "end" : 301,
      "text" : "deed",
      "whiteSpace" : false
    }, {
      "id" : "s2-t18",
      "begin" : 302,
      "end" : 304,
      "text" : "of",
      "whiteSpace" : false
    }, {
      "id" : "s2-t19",
      "begin" : 305,
      "end" : 311,
      "text" : "record",
      "whiteSpace" : false
    }, {
      "id" : "s2-t20",
      "begin" : 312,
      "end" : 314,
      "text" : "in",
      "whiteSpace" : false
    }, {
      "id" : "s2-t21",
      "begin" : 315,
      "end" : 319,
      "text" : "Deed",
      "whiteSpace" : false
    }, {
      "id" : "s2-t22",
      "begin" : 320,
      "end" : 324,
      "text" : "Book",
      "whiteSpace" : false
    }, {
      "id" : "s2-t23",
      "begin" : 325,
      "end" : 328,
      "text" : "162",
      "whiteSpace" : false
    }, {
      "id" : "s2-t24",
      "begin" : 328,
      "end" : 329,
      "text" : ",",
      "whiteSpace" : false
    }, {
      "id" : "s2-t25",
      "begin" : 330,
      "end" : 334,
      "text" : "page",
      "whiteSpace" : false
    }, {
      "id" : "s2-t26",
      "begin" : 335,
      "end" : 338,
      "text" : "701",
      "whiteSpace" : false
    }, {
      "id" : "s2-t27",
      "begin" : 338,
      "end" : 339,
      "text" : ",",
      "whiteSpace" : false
    }, {
      "id" : "s2-t28",
      "begin" : 340,
      "end" : 348,
      "text" : "Register",
      "whiteSpace" : false
    }, {
      "id" : "s2-t29",
      "begin" : 348,
      "end" : 349,
      "text" : "?",
      "whiteSpace" : false
    } ]
  }, {
    "id" : "s3",
    "begin" : 349,
    "end" : 356,
    "text" : "??s Of?",
    "tokens" : [ {
      "id" : "s3-t0",
      "begin" : 349,
      "end" : 352,
      "text" : "??s",
      "whiteSpace" : false
    }, {
      "id" : "s3-t1",
      "begin" : 353,
      "end" : 355,
      "text" : "Of",
      "whiteSpace" : false
    }, {
      "id" : "s3-t2",
      "begin" : 355,
      "end" : 356,
      "text" : "?",
      "whiteSpace" : false
    } ]
  }, {
    "id" : "s4",
    "begin" : 356,
    "end" : 623,
    "text" : "??ce of Humphreys County, Tennessee., contained in the deed from the United States of America to Roy Carter of record in Deed Book 62, page 134, and in the deed from the United States of America to Richland Harbor, Inc., of record in Deed Book 63, page 359, Register?",
    "tokens" : [ {
      "id" : "s4-t0",
      "begin" : 356,
      "end" : 360,
      "text" : "??ce",
      "whiteSpace" : false
    }, {
      "id" : "s4-t1",
      "begin" : 361,
      "end" : 363,
      "text" : "of",
      "whiteSpace" : false
    }, {
      "id" : "s4-t2",
      "begin" : 364,
      "end" : 373,
      "text" : "Humphreys",
      "whiteSpace" : false
    }, {
      "id" : "s4-t3",
      "begin" : 374,
      "end" : 380,
      "text" : "County",
      "whiteSpace" : false
    }, {
      "id" : "s4-t4",
      "begin" : 380,
      "end" : 381,
      "text" : ",",
      "whiteSpace" : false
    }, {
      "id" : "s4-t5",
      "begin" : 382,
      "end" : 392,
      "text" : "Tennessee.",
      "whiteSpace" : false
    }, {
      "id" : "s4-t6",
      "begin" : 392,
      "end" : 393,
      "text" : ",",
      "whiteSpace" : false
    }, {
      "id" : "s4-t7",
      "begin" : 394,
      "end" : 403,
      "text" : "contained",
      "whiteSpace" : false
    }, {
      "id" : "s4-t8",
      "begin" : 404,
      "end" : 406,
      "text" : "in",
      "whiteSpace" : false
    }, {
      "id" : "s4-t9",
      "begin" : 407,
      "end" : 410,
      "text" : "the",
      "whiteSpace" : false
    }, {
      "id" : "s4-t10",
      "begin" : 411,
      "end" : 415,
      "text" : "deed",
      "whiteSpace" : false
    }, {
      "id" : "s4-t11",
      "begin" : 416,
      "end" : 420,
      "text" : "from",
      "whiteSpace" : false
    }, {
      "id" : "s4-t12",
      "begin" : 421,
      "end" : 424,
      "text" : "the",
      "whiteSpace" : false
    }, {
      "id" : "s4-t13",
      "begin" : 425,
      "end" : 431,
      "text" : "United",
      "whiteSpace" : false
    }, {
      "id" : "s4-t14",
      "begin" : 432,
      "end" : 438,
      "text" : "States",
      "whiteSpace" : false
    }, {
      "id" : "s4-t15",
      "begin" : 439,
      "end" : 441,
      "text" : "of",
      "whiteSpace" : false
    }, {
      "id" : "s4-t16",
      "begin" : 442,
      "end" : 449,
      "text" : "America",
      "whiteSpace" : false
    }, {
      "id" : "s4-t17",
      "begin" : 450,
      "end" : 452,
      "text" : "to",
      "whiteSpace" : false
    }, {
      "id" : "s4-t18",
      "begin" : 453,
      "end" : 456,
      "text" : "Roy",
      "whiteSpace" : false
    }, {
      "id" : "s4-t19",
      "begin" : 457,
      "end" : 463,
      "text" : "Carter",
      "whiteSpace" : false
    }, {
      "id" : "s4-t20",
      "begin" : 464,
      "end" : 466,
      "text" : "of",
      "whiteSpace" : false
    }, {
      "id" : "s4-t21",
      "begin" : 467,
      "end" : 473,
      "text" : "record",
      "whiteSpace" : false
    }, {
      "id" : "s4-t22",
      "begin" : 474,
      "end" : 476,
      "text" : "in",
      "whiteSpace" : false
    }, {
      "id" : "s4-t23",
      "begin" : 477,
      "end" : 481,
      "text" : "Deed",
      "whiteSpace" : false
    }, {
      "id" : "s4-t24",
      "begin" : 482,
      "end" : 486,
      "text" : "Book",
      "whiteSpace" : false
    }, {
      "id" : "s4-t25",
      "begin" : 487,
      "end" : 489,
      "text" : "62",
      "whiteSpace" : false
    }, {
      "id" : "s4-t26",
      "begin" : 489,
      "end" : 490,
      "text" : ",",
      "whiteSpace" : false
    }, {
      "id" : "s4-t27",
      "begin" : 491,
      "end" : 495,
      "text" : "page",
      "whiteSpace" : false
    }, {
      "id" : "s4-t28",
      "begin" : 496,
      "end" : 499,
      "text" : "134",
      "whiteSpace" : false
    }, {
      "id" : "s4-t29",
      "begin" : 499,
      "end" : 500,
      "text" : ",",
      "whiteSpace" : false
    }, {
      "id" : "s4-t30",
      "begin" : 501,
      "end" : 504,
      "text" : "and",
      "whiteSpace" : false
    }, {
      "id" : "s4-t31",
      "begin" : 505,
      "end" : 507,
      "text" : "in",
      "whiteSpace" : false
    }, {
      "id" : "s4-t32",
      "begin" : 508,
      "end" : 511,
      "text" : "the",
      "whiteSpace" : false
    }, {
      "id" : "s4-t33",
      "begin" : 512,
      "end" : 516,
      "text" : "deed",
      "whiteSpace" : false
    }, {
      "id" : "s4-t34",
      "begin" : 517,
      "end" : 521,
      "text" : "from",
      "whiteSpace" : false
    }, {
      "id" : "s4-t35",
      "begin" : 522,
      "end" : 525,
      "text" : "the",
      "whiteSpace" : false
    }, {
      "id" : "s4-t36",
      "begin" : 526,
      "end" : 532,
      "text" : "United",
      "whiteSpace" : false
    }, {
      "id" : "s4-t37",
      "begin" : 533,
      "end" : 539,
      "text" : "States",
      "whiteSpace" : false
    }, {
      "id" : "s4-t38",
      "begin" : 540,
      "end" : 542,
      "text" : "of",
      "whiteSpace" : false
    }, {
      "id" : "s4-t39",
      "begin" : 543,
      "end" : 550,
      "text" : "America",
      "whiteSpace" : false
    }, {
      "id" : "s4-t40",
      "begin" : 551,
      "end" : 553,
      "text" : "to",
      "whiteSpace" : false
    }, {
      "id" : "s4-t41",
      "begin" : 554,
      "end" : 562,
      "text" : "Richland",
      "whiteSpace" : false
    }, {
      "id" : "s4-t42",
      "begin" : 563,
      "end" : 569,
      "text" : "Harbor",
      "whiteSpace" : false
    }, {
      "id" : "s4-t43",
      "begin" : 569,
      "end" : 570,
      "text" : ",",
      "whiteSpace" : false
    }, {
      "id" : "s4-t44",
      "begin" : 571,
      "end" : 575,
      "text" : "Inc.",
      "whiteSpace" : false
    }, {
      "id" : "s4-t45",
      "begin" : 575,
      "end" : 576,
      "text" : ",",
      "whiteSpace" : false
    }, {
      "id" : "s4-t46",
      "begin" : 577,
      "end" : 579,
      "text" : "of",
      "whiteSpace" : false
    }, {
      "id" : "s4-t47",
      "begin" : 580,
      "end" : 586,
      "text" : "record",
      "whiteSpace" : false
    }, {
      "id" : "s4-t48",
      "begin" : 587,
      "end" : 589,
      "text" : "in",
      "whiteSpace" : false
    }, {
      "id" : "s4-t49",
      "begin" : 590,
      "end" : 594,
      "text" : "Deed",
      "whiteSpace" : false
    }, {
      "id" : "s4-t50",
      "begin" : 595,
      "end" : 599,
      "text" : "Book",
      "whiteSpace" : false
    }, {
      "id" : "s4-t51",
      "begin" : 600,
      "end" : 602,
      "text" : "63",
      "whiteSpace" : false
    }, {
      "id" : "s4-t52",
      "begin" : 602,
      "end" : 603,
      "text" : ",",
      "whiteSpace" : false
    }, {
      "id" : "s4-t53",
      "begin" : 604,
      "end" : 608,
      "text" : "page",
      "whiteSpace" : false
    }, {
      "id" : "s4-t54",
      "begin" : 609,
      "end" : 612,
      "text" : "359",
      "whiteSpace" : false
    }, {
      "id" : "s4-t55",
      "begin" : 612,
      "end" : 613,
      "text" : ",",
      "whiteSpace" : false
    }, {
      "id" : "s4-t56",
      "begin" : 614,
      "end" : 622,
      "text" : "Register",
      "whiteSpace" : false
    }, {
      "id" : "s4-t57",
      "begin" : 622,
      "end" : 623,
      "text" : "?",
      "whiteSpace" : false
    } ]
  }, {
    "id" : "s5",
    "begin" : 623,
    "end" : 630,
    "text" : "??s Of?",
    "tokens" : [ {
      "id" : "s5-t0",
      "begin" : 623,
      "end" : 626,
      "text" : "??s",
      "whiteSpace" : false
    }, {
      "id" : "s5-t1",
      "begin" : 627,
      "end" : 629,
      "text" : "Of",
      "whiteSpace" : false
    }, {
      "id" : "s5-t2",
      "begin" : 629,
      "end" : 630,
      "text" : "?",
      "whiteSpace" : false
    } ]
  }, {
    "id" : "s6",
    "begin" : 630,
    "end" : 810,
    "text" : "??ce of Humphreys County, Tennessee., easements, etc, as contained in the deed from Richland Harbor, Inc., to James W. Vaughn, et ux, of record in Deed Book 83, page 583, Register?",
    "tokens" : [ {
      "id" : "s6-t0",
      "begin" : 630,
      "end" : 634,
      "text" : "??ce",
      "whiteSpace" : false
    }, {
      "id" : "s6-t1",
      "begin" : 635,
      "end" : 637,
      "text" : "of",
      "whiteSpace" : false
    }, {
      "id" : "s6-t2",
      "begin" : 638,
      "end" : 647,
      "text" : "Humphreys",
      "whiteSpace" : false
    }, {
      "id" : "s6-t3",
      "begin" : 648,
      "end" : 654,
      "text" : "County",
      "whiteSpace" : false
    }, {
      "id" : "s6-t4",
      "begin" : 654,
      "end" : 655,
      "text" : ",",
      "whiteSpace" : false
    }, {
      "id" : "s6-t5",
      "begin" : 656,
      "end" : 666,
      "text" : "Tennessee.",
      "whiteSpace" : false
    }, {
      "id" : "s6-t6",
      "begin" : 666,
      "end" : 667,
      "text" : ",",
      "whiteSpace" : false
    }, {
      "id" : "s6-t7",
      "begin" : 668,
      "end" : 677,
      "text" : "easements",
      "whiteSpace" : false
    }, {
      "id" : "s6-t8",
      "begin" : 677,
      "end" : 678,
      "text" : ",",
      "whiteSpace" : false
    }, {
      "id" : "s6-t9",
      "begin" : 679,
      "end" : 682,
      "text" : "etc",
      "whiteSpace" : false
    }, {
      "id" : "s6-t10",
      "begin" : 682,
      "end" : 683,
      "text" : ",",
      "whiteSpace" : false
    }, {
      "id" : "s6-t11",
      "begin" : 684,
      "end" : 686,
      "text" : "as",
      "whiteSpace" : false
    }, {
      "id" : "s6-t12",
      "begin" : 687,
      "end" : 696,
      "text" : "contained",
      "whiteSpace" : false
    }, {
      "id" : "s6-t13",
      "begin" : 697,
      "end" : 699,
      "text" : "in",
      "whiteSpace" : false
    }, {
      "id" : "s6-t14",
      "begin" : 700,
      "end" : 703,
      "text" : "the",
      "whiteSpace" : false
    }, {
      "id" : "s6-t15",
      "begin" : 704,
      "end" : 708,
      "text" : "deed",
      "whiteSpace" : false
    }, {
      "id" : "s6-t16",
      "begin" : 709,
      "end" : 713,
      "text" : "from",
      "whiteSpace" : false
    }, {
      "id" : "s6-t17",
      "begin" : 714,
      "end" : 722,
      "text" : "Richland",
      "whiteSpace" : false
    }, {
      "id" : "s6-t18",
      "begin" : 723,
      "end" : 729,
      "text" : "Harbor",
      "whiteSpace" : false
    }, {
      "id" : "s6-t19",
      "begin" : 729,
      "end" : 730,
      "text" : ",",
      "whiteSpace" : false
    }, {
      "id" : "s6-t20",
      "begin" : 731,
      "end" : 735,
      "text" : "Inc.",
      "whiteSpace" : false
    }, {
      "id" : "s6-t21",
      "begin" : 735,
      "end" : 736,
      "text" : ",",
      "whiteSpace" : false
    }, {
      "id" : "s6-t22",
      "begin" : 737,
      "end" : 739,
      "text" : "to",
      "whiteSpace" : false
    }, {
      "id" : "s6-t23",
      "begin" : 740,
      "end" : 745,
      "text" : "James",
      "whiteSpace" : false
    }, {
      "id" : "s6-t24",
      "begin" : 746,
      "end" : 748,
      "text" : "W.",
      "whiteSpace" : false
    }, {
      "id" : "s6-t25",
      "begin" : 749,
      "end" : 755,
      "text" : "Vaughn",
      "whiteSpace" : false
    }, {
      "id" : "s6-t26",
      "begin" : 755,
      "end" : 756,
      "text" : ",",
      "whiteSpace" : false
    }, {
      "id" : "s6-t27",
      "begin" : 757,
      "end" : 759,
      "text" : "et",
      "whiteSpace" : false
    }, {
      "id" : "s6-t28",
      "begin" : 760,
      "end" : 762,
      "text" : "ux",
      "whiteSpace" : false
    }, {
      "id" : "s6-t29",
      "begin" : 762,
      "end" : 763,
      "text" : ",",
      "whiteSpace" : false
    }, {
      "id" : "s6-t30",
      "begin" : 764,
      "end" : 766,
      "text" : "of",
      "whiteSpace" : false
    }, {
      "id" : "s6-t31",
      "begin" : 767,
      "end" : 773,
      "text" : "record",
      "whiteSpace" : false
    }, {
      "id" : "s6-t32",
      "begin" : 774,
      "end" : 776,
      "text" : "in",
      "whiteSpace" : false
    }, {
      "id" : "s6-t33",
      "begin" : 777,
      "end" : 781,
      "text" : "Deed",
      "whiteSpace" : false
    }, {
      "id" : "s6-t34",
      "begin" : 782,
      "end" : 786,
      "text" : "Book",
      "whiteSpace" : false
    }, {
      "id" : "s6-t35",
      "begin" : 787,
      "end" : 789,
      "text" : "83",
      "whiteSpace" : false
    }, {
      "id" : "s6-t36",
      "begin" : 789,
      "end" : 790,
      "text" : ",",
      "whiteSpace" : false
    }, {
      "id" : "s6-t37",
      "begin" : 791,
      "end" : 795,
      "text" : "page",
      "whiteSpace" : false
    }, {
      "id" : "s6-t38",
      "begin" : 796,
      "end" : 799,
      "text" : "583",
      "whiteSpace" : false
    }, {
      "id" : "s6-t39",
      "begin" : 799,
      "end" : 800,
      "text" : ",",
      "whiteSpace" : false
    }, {
      "id" : "s6-t40",
      "begin" : 801,
      "end" : 809,
      "text" : "Register",
      "whiteSpace" : false
    }, {
      "id" : "s6-t41",
      "begin" : 809,
      "end" : 810,
      "text" : "?",
      "whiteSpace" : false
    } ]
  }, {
    "id" : "s7",
    "begin" : 810,
    "end" : 817,
    "text" : "??s Of?",
    "tokens" : [ {
      "id" : "s7-t0",
      "begin" : 810,
      "end" : 813,
      "text" : "??s",
      "whiteSpace" : false
    }, {
      "id" : "s7-t1",
      "begin" : 814,
      "end" : 816,
      "text" : "Of",
      "whiteSpace" : false
    }, {
      "id" : "s7-t2",
      "begin" : 816,
      "end" : 817,
      "text" : "?",
      "whiteSpace" : false
    } ]
  }, {
    "id" : "s8",
    "begin" : 817,
    "end" : 856,
    "text" : "??ce of Humphreys County, Tennessee., ?",
    "tokens" : [ {
      "id" : "s8-t0",
      "begin" : 817,
      "end" : 821,
      "text" : "??ce",
      "whiteSpace" : false
    }, {
      "id" : "s8-t1",
      "begin" : 822,
      "end" : 824,
      "text" : "of",
      "whiteSpace" : false
    }, {
      "id" : "s8-t2",
      "begin" : 825,
      "end" : 834,
      "text" : "Humphreys",
      "whiteSpace" : false
    }, {
      "id" : "s8-t3",
      "begin" : 835,
      "end" : 841,
      "text" : "County",
      "whiteSpace" : false
    }, {
      "id" : "s8-t4",
      "begin" : 841,
      "end" : 842,
      "text" : ",",
      "whiteSpace" : false
    }, {
      "id" : "s8-t5",
      "begin" : 843,
      "end" : 853,
      "text" : "Tennessee.",
      "whiteSpace" : false
    }, {
      "id" : "s8-t6",
      "begin" : 853,
      "end" : 854,
      "text" : ",",
      "whiteSpace" : false
    }, {
      "id" : "s8-t7",
      "begin" : 855,
      "end" : 856,
      "text" : "?",
      "whiteSpace" : false
    } ]
  }, {
    "id" : "s9",
    "begin" : 856,
    "end" : 894,
    "text" : "??ux/H, u \" \"7 \" NOTARY PIJ :JJ 10 AT!",
    "tokens" : [ {
      "id" : "s9-t0",
      "begin" : 856,
      "end" : 862,
      "text" : "??ux/H",
      "whiteSpace" : false
    }, {
      "id" : "s9-t1",
      "begin" : 862,
      "end" : 863,
      "text" : ",",
      "whiteSpace" : false
    }, {
      "id" : "s9-t2",
      "begin" : 864,
      "end" : 865,
      "text" : "u",
      "whiteSpace" : false
    }, {
      "id" : "s9-t3",
      "begin" : 866,
      "end" : 867,
      "text" : "\"",
      "whiteSpace" : false
    }, {
      "id" : "s9-t4",
      "begin" : 868,
      "end" : 869,
      "text" : "\"",
      "whiteSpace" : false
    }, {
      "id" : "s9-t5",
      "begin" : 869,
      "end" : 870,
      "text" : "7",
      "whiteSpace" : false
    }, {
      "id" : "s9-t6",
      "begin" : 871,
      "end" : 872,
      "text" : "\"",
      "whiteSpace" : false
    }, {
      "id" : "s9-t7",
      "begin" : 873,
      "end" : 879,
      "text" : "NOTARY",
      "whiteSpace" : false
    }, {
      "id" : "s9-t8",
      "begin" : 880,
      "end" : 883,
      "text" : "PIJ",
      "whiteSpace" : false
    }, {
      "id" : "s9-t9",
      "begin" : 884,
      "end" : 887,
      "text" : ":JJ",
      "whiteSpace" : false
    }, {
      "id" : "s9-t10",
      "begin" : 888,
      "end" : 890,
      "text" : "10",
      "whiteSpace" : false
    }, {
      "id" : "s9-t11",
      "begin" : 891,
      "end" : 893,
      "text" : "AT",
      "whiteSpace" : false
    }, {
      "id" : "s9-t12",
      "begin" : 893,
      "end" : 894,
      "text" : "!",
      "whiteSpace" : false
    } ]
  }, {
    "id" : "s10",
    "begin" : 895,
    "end" : 923,
    "text" : "JaeE, Sta ts of Tennessee; ?",
    "tokens" : [ {
      "id" : "s10-t0",
      "begin" : 895,
      "end" : 899,
      "text" : "JaeE",
      "whiteSpace" : false
    }, {
      "id" : "s10-t1",
      "begin" : 899,
      "end" : 900,
      "text" : ",",
      "whiteSpace" : false
    }, {
      "id" : "s10-t2",
      "begin" : 901,
      "end" : 904,
      "text" : "Sta",
      "whiteSpace" : false
    }, {
      "id" : "s10-t3",
      "begin" : 905,
      "end" : 907,
      "text" : "ts",
      "whiteSpace" : false
    }, {
      "id" : "s10-t4",
      "begin" : 908,
      "end" : 910,
      "text" : "of",
      "whiteSpace" : false
    }, {
      "id" : "s10-t5",
      "begin" : 911,
      "end" : 920,
      "text" : "Tennessee",
      "whiteSpace" : false
    }, {
      "id" : "s10-t6",
      "begin" : 920,
      "end" : 921,
      "text" : ";",
      "whiteSpace" : false
    }, {
      "id" : "s10-t7",
      "begin" : 922,
      "end" : 923,
      "text" : "?",
      "whiteSpace" : false
    } ]
  }, {
    "id" : "s11",
    "begin" : 923,
    "end" : 980,
    "text" : "??cunti of HUHF'HREJ???S Receivej for record the 21 d=:??",
    "tokens" : [ {
      "id" : "s11-t0",
      "begin" : 923,
      "end" : 930,
      "text" : "??cunti",
      "whiteSpace" : false
    }, {
      "id" : "s11-t1",
      "begin" : 931,
      "end" : 933,
      "text" : "of",
      "whiteSpace" : false
    }, {
      "id" : "s11-t2",
      "begin" : 934,
      "end" : 938,
      "text" : "HUHF",
      "whiteSpace" : false
    }, {
      "id" : "s11-t3",
      "begin" : 938,
      "end" : 939,
      "text" : "'",
      "whiteSpace" : false
    }, {
      "id" : "s11-t4",
      "begin" : 939,
      "end" : 947,
      "text" : "HREJ???S",
      "whiteSpace" : false
    }, {
      "id" : "s11-t5",
      "begin" : 948,
      "end" : 956,
      "text" : "Receivej",
      "whiteSpace" : false
    }, {
      "id" : "s11-t6",
      "begin" : 957,
      "end" : 960,
      "text" : "for",
      "whiteSpace" : false
    }, {
      "id" : "s11-t7",
      "begin" : 961,
      "end" : 967,
      "text" : "record",
      "whiteSpace" : false
    }, {
      "id" : "s11-t8",
      "begin" : 968,
      "end" : 971,
      "text" : "the",
      "whiteSpace" : false
    }, {
      "id" : "s11-t9",
      "begin" : 972,
      "end" : 974,
      "text" : "21",
      "whiteSpace" : false
    }, {
      "id" : "s11-t10",
      "begin" : 975,
      "end" : 977,
      "text" : "d=",
      "whiteSpace" : false
    }, {
      "id" : "s11-t11",
      "begin" : 977,
      "end" : 979,
      "text" : ":?",
      "whiteSpace" : false
    }, {
      "id" : "s11-t12",
      "begin" : 979,
      "end" : 980,
      "text" : "?",
      "whiteSpace" : false
    } ]
  }, {
    "id" : "s12",
    "begin" : 981,
    "end" : 1005,
    "text" : "0f APRIL 1??9 at, Rator?",
    "tokens" : [ {
      "id" : "s12-t0",
      "begin" : 981,
      "end" : 983,
      "text" : "0f",
      "whiteSpace" : false
    }, {
      "id" : "s12-t1",
      "begin" : 984,
      "end" : 989,
      "text" : "APRIL",
      "whiteSpace" : false
    }, {
      "id" : "s12-t2",
      "begin" : 990,
      "end" : 994,
      "text" : "1??9",
      "whiteSpace" : false
    }, {
      "id" : "s12-t3",
      "begin" : 995,
      "end" : 997,
      "text" : "at",
      "whiteSpace" : false
    }, {
      "id" : "s12-t4",
      "begin" : 997,
      "end" : 998,
      "text" : ",",
      "whiteSpace" : false
    }, {
      "id" : "s12-t5",
      "begin" : 999,
      "end" : 1004,
      "text" : "Rator",
      "whiteSpace" : false
    }, {
      "id" : "s12-t6",
      "begin" : 1004,
      "end" : 1005,
      "text" : "?",
      "whiteSpace" : false
    } ]
  }, {
    "id" : "s13",
    "begin" : 1005,
    "end" : 1042,
    "text" : "?ed in cffitial records Beak H???li??",
    "tokens" : [ {
      "id" : "s13-t0",
      "begin" : 1005,
      "end" : 1008,
      "text" : "?ed",
      "whiteSpace" : false
    }, {
      "id" : "s13-t1",
      "begin" : 1009,
      "end" : 1011,
      "text" : "in",
      "whiteSpace" : false
    }, {
      "id" : "s13-t2",
      "begin" : 1012,
      "end" : 1020,
      "text" : "cffitial",
      "whiteSpace" : false
    }, {
      "id" : "s13-t3",
      "begin" : 1021,
      "end" : 1028,
      "text" : "records",
      "whiteSpace" : false
    }, {
      "id" : "s13-t4",
      "begin" : 1029,
      "end" : 1033,
      "text" : "Beak",
      "whiteSpace" : false
    }, {
      "id" : "s13-t5",
      "begin" : 1034,
      "end" : 1040,
      "text" : "H???li",
      "whiteSpace" : false
    }, {
      "id" : "s13-t6",
      "begin" : 1040,
      "end" : 1041,
      "text" : "?",
      "whiteSpace" : false
    }, {
      "id" : "s13-t7",
      "begin" : 1041,
      "end" : 1042,
      "text" : "?",
      "whiteSpace" : false
    } ]
  }, {
    "id" : "s14",
    "begin" : 1043,
    "end" : 1052,
    "text" : "Pass 16-]",
    "tokens" : [ {
      "id" : "s14-t0",
      "begin" : 1043,
      "end" : 1047,
      "text" : "Pass",
      "whiteSpace" : false
    }, {
      "id" : "s14-t1",
      "begin" : 1048,
      "end" : 1050,
      "text" : "16",
      "whiteSpace" : false
    }, {
      "id" : "s14-t2",
      "begin" : 1050,
      "end" : 1051,
      "text" : "-",
      "whiteSpace" : false
    }, {
      "id" : "s14-t3",
      "begin" : 1051,
      "end" : 1052,
      "text" : "]",
      "whiteSpace" : false
    } ]
  } ],
  "mentions" : [ {
    "id" : "s2-m1",
    "properties" : {
      "SIRE_MENTION_ROLE" : "WarrDeedBookNum",
      "SIRE_ENTITY_SUBTYPE" : "NONE",
      "SIRE_MENTION_TYPE" : "NONE",
      "SIRE_MENTION_CLASS" : "SPC"
    },
    "type" : "WarrDeedBookNum",
    "begin" : 325,
    "end" : 328,
    "inCoref" : false
  }, {
    "id" : "s2-m2",
    "properties" : {
      "SIRE_MENTION_ROLE" : "WarrDeedPageNum",
      "SIRE_ENTITY_SUBTYPE" : "NONE",
      "SIRE_MENTION_TYPE" : "NONE",
      "SIRE_MENTION_CLASS" : "SPC"
    },
    "type" : "WarrDeedPageNum",
    "begin" : 335,
    "end" : 338,
    "inCoref" : false
  } ],
  "relations" : [ ],
  "corefs" : [ ],
  "typeResolved" : true,
  "userResolved" : false
}