{
  "id" : "9ee16260-54dc-11e9-b3f1-919b26b254ae-17",
  "name" : "WD164-16.txt",
  "createdDate" : 1554164214662,
  "version" : 3,
  "text" : "being Lot Nos. 7, 8, and 9 of SECTION C OF HIDDEN HILLS SUBDIVISION, as shown by a plat of, The above parcels are being conveyed subject to certain restrictions and protective covenants for Hidden Hills, Register???s Office of Humphreys County, Tennessee., BEING a portion of the same property conveyed to J. Doyle Dillingham (now deceased), and J. L. Bradley, Jr. by deed of record in Deed Book 141, page 725, Register's Office of Humphreys County, Tennessee., TO HAVE AND TO HOLD the said tracts or parcels of land, with;, ",
  "docLength" : 0,
  "language" : "EN",
  "status" : "SUBMITTED",
  "modifiedDate" : 1554164665806,
  "documentSet" : [ ],
  "preannotation" : [ ],
  "sentences" : [ {
    "id" : "s0",
    "begin" : 0,
    "end" : 213,
    "text" : "being Lot Nos. 7, 8, and 9 of SECTION C OF HIDDEN HILLS SUBDIVISION, as shown by a plat of, The above parcels are being conveyed subject to certain restrictions and protective covenants for Hidden Hills, Register?",
    "tokens" : [ {
      "id" : "s0-t0",
      "begin" : 0,
      "end" : 5,
      "text" : "being",
      "whiteSpace" : false
    }, {
      "id" : "s0-t1",
      "begin" : 6,
      "end" : 9,
      "text" : "Lot",
      "whiteSpace" : false
    }, {
      "id" : "s0-t2",
      "begin" : 10,
      "end" : 14,
      "text" : "Nos.",
      "whiteSpace" : false
    }, {
      "id" : "s0-t3",
      "begin" : 15,
      "end" : 16,
      "text" : "7",
      "whiteSpace" : false
    }, {
      "id" : "s0-t4",
      "begin" : 16,
      "end" : 17,
      "text" : ",",
      "whiteSpace" : false
    }, {
      "id" : "s0-t5",
      "begin" : 18,
      "end" : 19,
      "text" : "8",
      "whiteSpace" : false
    }, {
      "id" : "s0-t6",
      "begin" : 19,
      "end" : 20,
      "text" : ",",
      "whiteSpace" : false
    }, {
      "id" : "s0-t7",
      "begin" : 21,
      "end" : 24,
      "text" : "and",
      "whiteSpace" : false
    }, {
      "id" : "s0-t8",
      "begin" : 25,
      "end" : 26,
      "text" : "9",
      "whiteSpace" : false
    }, {
      "id" : "s0-t9",
      "begin" : 27,
      "end" : 29,
      "text" : "of",
      "whiteSpace" : false
    }, {
      "id" : "s0-t10",
      "begin" : 30,
      "end" : 37,
      "text" : "SECTION",
      "whiteSpace" : false
    }, {
      "id" : "s0-t11",
      "begin" : 38,
      "end" : 39,
      "text" : "C",
      "whiteSpace" : false
    }, {
      "id" : "s0-t12",
      "begin" : 40,
      "end" : 42,
      "text" : "OF",
      "whiteSpace" : false
    }, {
      "id" : "s0-t13",
      "begin" : 43,
      "end" : 49,
      "text" : "HIDDEN",
      "whiteSpace" : false
    }, {
      "id" : "s0-t14",
      "begin" : 50,
      "end" : 55,
      "text" : "HILLS",
      "whiteSpace" : false
    }, {
      "id" : "s0-t15",
      "begin" : 56,
      "end" : 67,
      "text" : "SUBDIVISION",
      "whiteSpace" : false
    }, {
      "id" : "s0-t16",
      "begin" : 67,
      "end" : 68,
      "text" : ",",
      "whiteSpace" : false
    }, {
      "id" : "s0-t17",
      "begin" : 69,
      "end" : 71,
      "text" : "as",
      "whiteSpace" : false
    }, {
      "id" : "s0-t18",
      "begin" : 72,
      "end" : 77,
      "text" : "shown",
      "whiteSpace" : false
    }, {
      "id" : "s0-t19",
      "begin" : 78,
      "end" : 80,
      "text" : "by",
      "whiteSpace" : false
    }, {
      "id" : "s0-t20",
      "begin" : 81,
      "end" : 82,
      "text" : "a",
      "whiteSpace" : false
    }, {
      "id" : "s0-t21",
      "begin" : 83,
      "end" : 87,
      "text" : "plat",
      "whiteSpace" : false
    }, {
      "id" : "s0-t22",
      "begin" : 88,
      "end" : 90,
      "text" : "of",
      "whiteSpace" : false
    }, {
      "id" : "s0-t23",
      "begin" : 90,
      "end" : 91,
      "text" : ",",
      "whiteSpace" : false
    }, {
      "id" : "s0-t24",
      "begin" : 92,
      "end" : 95,
      "text" : "The",
      "whiteSpace" : false
    }, {
      "id" : "s0-t25",
      "begin" : 96,
      "end" : 101,
      "text" : "above",
      "whiteSpace" : false
    }, {
      "id" : "s0-t26",
      "begin" : 102,
      "end" : 109,
      "text" : "parcels",
      "whiteSpace" : false
    }, {
      "id" : "s0-t27",
      "begin" : 110,
      "end" : 113,
      "text" : "are",
      "whiteSpace" : false
    }, {
      "id" : "s0-t28",
      "begin" : 114,
      "end" : 119,
      "text" : "being",
      "whiteSpace" : false
    }, {
      "id" : "s0-t29",
      "begin" : 120,
      "end" : 128,
      "text" : "conveyed",
      "whiteSpace" : false
    }, {
      "id" : "s0-t30",
      "begin" : 129,
      "end" : 136,
      "text" : "subject",
      "whiteSpace" : false
    }, {
      "id" : "s0-t31",
      "begin" : 137,
      "end" : 139,
      "text" : "to",
      "whiteSpace" : false
    }, {
      "id" : "s0-t32",
      "begin" : 140,
      "end" : 147,
      "text" : "certain",
      "whiteSpace" : false
    }, {
      "id" : "s0-t33",
      "begin" : 148,
      "end" : 160,
      "text" : "restrictions",
      "whiteSpace" : false
    }, {
      "id" : "s0-t34",
      "begin" : 161,
      "end" : 164,
      "text" : "and",
      "whiteSpace" : false
    }, {
      "id" : "s0-t35",
      "begin" : 165,
      "end" : 175,
      "text" : "protective",
      "whiteSpace" : false
    }, {
      "id" : "s0-t36",
      "begin" : 176,
      "end" : 185,
      "text" : "covenants",
      "whiteSpace" : false
    }, {
      "id" : "s0-t37",
      "begin" : 186,
      "end" : 189,
      "text" : "for",
      "whiteSpace" : false
    }, {
      "id" : "s0-t38",
      "begin" : 190,
      "end" : 196,
      "text" : "Hidden",
      "whiteSpace" : false
    }, {
      "id" : "s0-t39",
      "begin" : 197,
      "end" : 202,
      "text" : "Hills",
      "whiteSpace" : false
    }, {
      "id" : "s0-t40",
      "begin" : 202,
      "end" : 203,
      "text" : ",",
      "whiteSpace" : false
    }, {
      "id" : "s0-t41",
      "begin" : 204,
      "end" : 212,
      "text" : "Register",
      "whiteSpace" : false
    }, {
      "id" : "s0-t42",
      "begin" : 212,
      "end" : 213,
      "text" : "?",
      "whiteSpace" : false
    } ]
  }, {
    "id" : "s1",
    "begin" : 213,
    "end" : 524,
    "text" : "??s Office of Humphreys County, Tennessee., BEING a portion of the same property conveyed to J. Doyle Dillingham (now deceased), and J. L. Bradley, Jr. by deed of record in Deed Book 141, page 725, Register's Office of Humphreys County, Tennessee., TO HAVE AND TO HOLD the said tracts or parcels of land, with;,",
    "tokens" : [ {
      "id" : "s1-t0",
      "begin" : 213,
      "end" : 216,
      "text" : "??s",
      "whiteSpace" : false
    }, {
      "id" : "s1-t1",
      "begin" : 217,
      "end" : 223,
      "text" : "Office",
      "whiteSpace" : false
    }, {
      "id" : "s1-t2",
      "begin" : 224,
      "end" : 226,
      "text" : "of",
      "whiteSpace" : false
    }, {
      "id" : "s1-t3",
      "begin" : 227,
      "end" : 236,
      "text" : "Humphreys",
      "whiteSpace" : false
    }, {
      "id" : "s1-t4",
      "begin" : 237,
      "end" : 243,
      "text" : "County",
      "whiteSpace" : false
    }, {
      "id" : "s1-t5",
      "begin" : 243,
      "end" : 244,
      "text" : ",",
      "whiteSpace" : false
    }, {
      "id" : "s1-t6",
      "begin" : 245,
      "end" : 255,
      "text" : "Tennessee.",
      "whiteSpace" : false
    }, {
      "id" : "s1-t7",
      "begin" : 255,
      "end" : 256,
      "text" : ",",
      "whiteSpace" : false
    }, {
      "id" : "s1-t8",
      "begin" : 257,
      "end" : 262,
      "text" : "BEING",
      "whiteSpace" : false
    }, {
      "id" : "s1-t9",
      "begin" : 263,
      "end" : 264,
      "text" : "a",
      "whiteSpace" : false
    }, {
      "id" : "s1-t10",
      "begin" : 265,
      "end" : 272,
      "text" : "portion",
      "whiteSpace" : false
    }, {
      "id" : "s1-t11",
      "begin" : 273,
      "end" : 275,
      "text" : "of",
      "whiteSpace" : false
    }, {
      "id" : "s1-t12",
      "begin" : 276,
      "end" : 279,
      "text" : "the",
      "whiteSpace" : false
    }, {
      "id" : "s1-t13",
      "begin" : 280,
      "end" : 284,
      "text" : "same",
      "whiteSpace" : false
    }, {
      "id" : "s1-t14",
      "begin" : 285,
      "end" : 293,
      "text" : "property",
      "whiteSpace" : false
    }, {
      "id" : "s1-t15",
      "begin" : 294,
      "end" : 302,
      "text" : "conveyed",
      "whiteSpace" : false
    }, {
      "id" : "s1-t16",
      "begin" : 303,
      "end" : 305,
      "text" : "to",
      "whiteSpace" : false
    }, {
      "id" : "s1-t17",
      "begin" : 306,
      "end" : 308,
      "text" : "J.",
      "whiteSpace" : false
    }, {
      "id" : "s1-t18",
      "begin" : 309,
      "end" : 314,
      "text" : "Doyle",
      "whiteSpace" : false
    }, {
      "id" : "s1-t19",
      "begin" : 315,
      "end" : 325,
      "text" : "Dillingham",
      "whiteSpace" : false
    }, {
      "id" : "s1-t20",
      "begin" : 326,
      "end" : 327,
      "text" : "(",
      "whiteSpace" : false
    }, {
      "id" : "s1-t21",
      "begin" : 327,
      "end" : 330,
      "text" : "now",
      "whiteSpace" : false
    }, {
      "id" : "s1-t22",
      "begin" : 331,
      "end" : 339,
      "text" : "deceased",
      "whiteSpace" : false
    }, {
      "id" : "s1-t23",
      "begin" : 339,
      "end" : 340,
      "text" : ")",
      "whiteSpace" : false
    }, {
      "id" : "s1-t24",
      "begin" : 340,
      "end" : 341,
      "text" : ",",
      "whiteSpace" : false
    }, {
      "id" : "s1-t25",
      "begin" : 342,
      "end" : 345,
      "text" : "and",
      "whiteSpace" : false
    }, {
      "id" : "s1-t26",
      "begin" : 346,
      "end" : 348,
      "text" : "J.",
      "whiteSpace" : false
    }, {
      "id" : "s1-t27",
      "begin" : 349,
      "end" : 351,
      "text" : "L.",
      "whiteSpace" : false
    }, {
      "id" : "s1-t28",
      "begin" : 352,
      "end" : 359,
      "text" : "Bradley",
      "whiteSpace" : false
    }, {
      "id" : "s1-t29",
      "begin" : 359,
      "end" : 360,
      "text" : ",",
      "whiteSpace" : false
    }, {
      "id" : "s1-t30",
      "begin" : 361,
      "end" : 364,
      "text" : "Jr.",
      "whiteSpace" : false
    }, {
      "id" : "s1-t31",
      "begin" : 365,
      "end" : 367,
      "text" : "by",
      "whiteSpace" : false
    }, {
      "id" : "s1-t32",
      "begin" : 368,
      "end" : 372,
      "text" : "deed",
      "whiteSpace" : false
    }, {
      "id" : "s1-t33",
      "begin" : 373,
      "end" : 375,
      "text" : "of",
      "whiteSpace" : false
    }, {
      "id" : "s1-t34",
      "begin" : 376,
      "end" : 382,
      "text" : "record",
      "whiteSpace" : false
    }, {
      "id" : "s1-t35",
      "begin" : 383,
      "end" : 385,
      "text" : "in",
      "whiteSpace" : false
    }, {
      "id" : "s1-t36",
      "begin" : 386,
      "end" : 390,
      "text" : "Deed",
      "whiteSpace" : false
    }, {
      "id" : "s1-t37",
      "begin" : 391,
      "end" : 395,
      "text" : "Book",
      "whiteSpace" : false
    }, {
      "id" : "s1-t38",
      "begin" : 396,
      "end" : 399,
      "text" : "141",
      "whiteSpace" : false
    }, {
      "id" : "s1-t39",
      "begin" : 399,
      "end" : 400,
      "text" : ",",
      "whiteSpace" : false
    }, {
      "id" : "s1-t40",
      "begin" : 401,
      "end" : 405,
      "text" : "page",
      "whiteSpace" : false
    }, {
      "id" : "s1-t41",
      "begin" : 406,
      "end" : 409,
      "text" : "725",
      "whiteSpace" : false
    }, {
      "id" : "s1-t42",
      "begin" : 409,
      "end" : 410,
      "text" : ",",
      "whiteSpace" : false
    }, {
      "id" : "s1-t43",
      "begin" : 411,
      "end" : 419,
      "text" : "Register",
      "whiteSpace" : false
    }, {
      "id" : "s1-t44",
      "begin" : 419,
      "end" : 421,
      "text" : "'s",
      "whiteSpace" : false
    }, {
      "id" : "s1-t45",
      "begin" : 422,
      "end" : 428,
      "text" : "Office",
      "whiteSpace" : false
    }, {
      "id" : "s1-t46",
      "begin" : 429,
      "end" : 431,
      "text" : "of",
      "whiteSpace" : false
    }, {
      "id" : "s1-t47",
      "begin" : 432,
      "end" : 441,
      "text" : "Humphreys",
      "whiteSpace" : false
    }, {
      "id" : "s1-t48",
      "begin" : 442,
      "end" : 448,
      "text" : "County",
      "whiteSpace" : false
    }, {
      "id" : "s1-t49",
      "begin" : 448,
      "end" : 449,
      "text" : ",",
      "whiteSpace" : false
    }, {
      "id" : "s1-t50",
      "begin" : 450,
      "end" : 460,
      "text" : "Tennessee.",
      "whiteSpace" : false
    }, {
      "id" : "s1-t51",
      "begin" : 460,
      "end" : 461,
      "text" : ",",
      "whiteSpace" : false
    }, {
      "id" : "s1-t52",
      "begin" : 462,
      "end" : 464,
      "text" : "TO",
      "whiteSpace" : false
    }, {
      "id" : "s1-t53",
      "begin" : 465,
      "end" : 469,
      "text" : "HAVE",
      "whiteSpace" : false
    }, {
      "id" : "s1-t54",
      "begin" : 470,
      "end" : 473,
      "text" : "AND",
      "whiteSpace" : false
    }, {
      "id" : "s1-t55",
      "begin" : 474,
      "end" : 476,
      "text" : "TO",
      "whiteSpace" : false
    }, {
      "id" : "s1-t56",
      "begin" : 477,
      "end" : 481,
      "text" : "HOLD",
      "whiteSpace" : false
    }, {
      "id" : "s1-t57",
      "begin" : 482,
      "end" : 485,
      "text" : "the",
      "whiteSpace" : false
    }, {
      "id" : "s1-t58",
      "begin" : 486,
      "end" : 490,
      "text" : "said",
      "whiteSpace" : false
    }, {
      "id" : "s1-t59",
      "begin" : 491,
      "end" : 497,
      "text" : "tracts",
      "whiteSpace" : false
    }, {
      "id" : "s1-t60",
      "begin" : 498,
      "end" : 500,
      "text" : "or",
      "whiteSpace" : false
    }, {
      "id" : "s1-t61",
      "begin" : 501,
      "end" : 508,
      "text" : "parcels",
      "whiteSpace" : false
    }, {
      "id" : "s1-t62",
      "begin" : 509,
      "end" : 511,
      "text" : "of",
      "whiteSpace" : false
    }, {
      "id" : "s1-t63",
      "begin" : 512,
      "end" : 516,
      "text" : "land",
      "whiteSpace" : false
    }, {
      "id" : "s1-t64",
      "begin" : 516,
      "end" : 517,
      "text" : ",",
      "whiteSpace" : false
    }, {
      "id" : "s1-t65",
      "begin" : 518,
      "end" : 522,
      "text" : "with",
      "whiteSpace" : false
    }, {
      "id" : "s1-t66",
      "begin" : 522,
      "end" : 523,
      "text" : ";",
      "whiteSpace" : false
    }, {
      "id" : "s1-t67",
      "begin" : 523,
      "end" : 524,
      "text" : ",",
      "whiteSpace" : false
    } ]
  } ],
  "mentions" : [ {
    "id" : "s1-m1",
    "properties" : {
      "SIRE_MENTION_ROLE" : "WarrDeedBookNum",
      "SIRE_ENTITY_SUBTYPE" : "NONE",
      "SIRE_MENTION_TYPE" : "NONE",
      "SIRE_MENTION_CLASS" : "SPC"
    },
    "type" : "WarrDeedBookNum",
    "begin" : 396,
    "end" : 399,
    "inCoref" : false
  }, {
    "id" : "s1-m2",
    "properties" : {
      "SIRE_MENTION_ROLE" : "WarrDeedPageNum",
      "SIRE_ENTITY_SUBTYPE" : "NONE",
      "SIRE_MENTION_TYPE" : "NONE",
      "SIRE_MENTION_CLASS" : "SPC"
    },
    "type" : "WarrDeedPageNum",
    "begin" : 406,
    "end" : 409,
    "inCoref" : false
  } ],
  "relations" : [ ],
  "corefs" : [ ],
  "typeResolved" : true,
  "userResolved" : false
}