{
  "id" : "9ee16260-54dc-11e9-b3f1-919b26b254ae-5",
  "name" : "WD162-4.txt",
  "createdDate" : 1554164214662,
  "version" : 3,
  "text" : "being the southeast corner, thence with the west line of Ruston North 07?? 19', severing the land of Buffalo Valley Resources, Inc., point in the north margin of Barren Hollow Road;, 67.73 feet South 87?? 37??? East 189.54 feet to a concrete monument; thence North 00??, South 89?? 36??? East 275.90 feet to a concrete monument; thence North 02?? 39' West 19.91 feet to a concrete monument; thence South 89??, 67.41 acres more or less, as shown by a survey of, dated May 28, 1993 BEING a portion of the same property conveyed to Buffalo Valley Resources, Inc., by deed of record in Deed Book 158, page 983, Register's Office of Humphreys County, Tennessee., This, Attorney-in???fact under Special Power of Attorney of record in Deed Book J???LL_, ",
  "docLength" : 0,
  "language" : "EN",
  "status" : "SUBMITTED",
  "modifiedDate" : 1554164718477,
  "documentSet" : [ ],
  "preannotation" : [ ],
  "sentences" : [ {
    "id" : "s0",
    "begin" : 0,
    "end" : 74,
    "text" : "being the southeast corner, thence with the west line of Ruston North 07??",
    "tokens" : [ {
      "id" : "s0-t0",
      "begin" : 0,
      "end" : 5,
      "text" : "being",
      "whiteSpace" : false
    }, {
      "id" : "s0-t1",
      "begin" : 6,
      "end" : 9,
      "text" : "the",
      "whiteSpace" : false
    }, {
      "id" : "s0-t2",
      "begin" : 10,
      "end" : 19,
      "text" : "southeast",
      "whiteSpace" : false
    }, {
      "id" : "s0-t3",
      "begin" : 20,
      "end" : 26,
      "text" : "corner",
      "whiteSpace" : false
    }, {
      "id" : "s0-t4",
      "begin" : 26,
      "end" : 27,
      "text" : ",",
      "whiteSpace" : false
    }, {
      "id" : "s0-t5",
      "begin" : 28,
      "end" : 34,
      "text" : "thence",
      "whiteSpace" : false
    }, {
      "id" : "s0-t6",
      "begin" : 35,
      "end" : 39,
      "text" : "with",
      "whiteSpace" : false
    }, {
      "id" : "s0-t7",
      "begin" : 40,
      "end" : 43,
      "text" : "the",
      "whiteSpace" : false
    }, {
      "id" : "s0-t8",
      "begin" : 44,
      "end" : 48,
      "text" : "west",
      "whiteSpace" : false
    }, {
      "id" : "s0-t9",
      "begin" : 49,
      "end" : 53,
      "text" : "line",
      "whiteSpace" : false
    }, {
      "id" : "s0-t10",
      "begin" : 54,
      "end" : 56,
      "text" : "of",
      "whiteSpace" : false
    }, {
      "id" : "s0-t11",
      "begin" : 57,
      "end" : 63,
      "text" : "Ruston",
      "whiteSpace" : false
    }, {
      "id" : "s0-t12",
      "begin" : 64,
      "end" : 69,
      "text" : "North",
      "whiteSpace" : false
    }, {
      "id" : "s0-t13",
      "begin" : 70,
      "end" : 72,
      "text" : "07",
      "whiteSpace" : false
    }, {
      "id" : "s0-t14",
      "begin" : 72,
      "end" : 73,
      "text" : "?",
      "whiteSpace" : false
    }, {
      "id" : "s0-t15",
      "begin" : 73,
      "end" : 74,
      "text" : "?",
      "whiteSpace" : false
    } ]
  }, {
    "id" : "s1",
    "begin" : 75,
    "end" : 204,
    "text" : "19', severing the land of Buffalo Valley Resources, Inc., point in the north margin of Barren Hollow Road;, 67.73 feet South 87??",
    "tokens" : [ {
      "id" : "s1-t0",
      "begin" : 75,
      "end" : 77,
      "text" : "19",
      "whiteSpace" : false
    }, {
      "id" : "s1-t1",
      "begin" : 77,
      "end" : 78,
      "text" : "'",
      "whiteSpace" : false
    }, {
      "id" : "s1-t2",
      "begin" : 78,
      "end" : 79,
      "text" : ",",
      "whiteSpace" : false
    }, {
      "id" : "s1-t3",
      "begin" : 80,
      "end" : 88,
      "text" : "severing",
      "whiteSpace" : false
    }, {
      "id" : "s1-t4",
      "begin" : 89,
      "end" : 92,
      "text" : "the",
      "whiteSpace" : false
    }, {
      "id" : "s1-t5",
      "begin" : 93,
      "end" : 97,
      "text" : "land",
      "whiteSpace" : false
    }, {
      "id" : "s1-t6",
      "begin" : 98,
      "end" : 100,
      "text" : "of",
      "whiteSpace" : false
    }, {
      "id" : "s1-t7",
      "begin" : 101,
      "end" : 108,
      "text" : "Buffalo",
      "whiteSpace" : false
    }, {
      "id" : "s1-t8",
      "begin" : 109,
      "end" : 115,
      "text" : "Valley",
      "whiteSpace" : false
    }, {
      "id" : "s1-t9",
      "begin" : 116,
      "end" : 125,
      "text" : "Resources",
      "whiteSpace" : false
    }, {
      "id" : "s1-t10",
      "begin" : 125,
      "end" : 126,
      "text" : ",",
      "whiteSpace" : false
    }, {
      "id" : "s1-t11",
      "begin" : 127,
      "end" : 131,
      "text" : "Inc.",
      "whiteSpace" : false
    }, {
      "id" : "s1-t12",
      "begin" : 131,
      "end" : 132,
      "text" : ",",
      "whiteSpace" : false
    }, {
      "id" : "s1-t13",
      "begin" : 133,
      "end" : 138,
      "text" : "point",
      "whiteSpace" : false
    }, {
      "id" : "s1-t14",
      "begin" : 139,
      "end" : 141,
      "text" : "in",
      "whiteSpace" : false
    }, {
      "id" : "s1-t15",
      "begin" : 142,
      "end" : 145,
      "text" : "the",
      "whiteSpace" : false
    }, {
      "id" : "s1-t16",
      "begin" : 146,
      "end" : 151,
      "text" : "north",
      "whiteSpace" : false
    }, {
      "id" : "s1-t17",
      "begin" : 152,
      "end" : 158,
      "text" : "margin",
      "whiteSpace" : false
    }, {
      "id" : "s1-t18",
      "begin" : 159,
      "end" : 161,
      "text" : "of",
      "whiteSpace" : false
    }, {
      "id" : "s1-t19",
      "begin" : 162,
      "end" : 168,
      "text" : "Barren",
      "whiteSpace" : false
    }, {
      "id" : "s1-t20",
      "begin" : 169,
      "end" : 175,
      "text" : "Hollow",
      "whiteSpace" : false
    }, {
      "id" : "s1-t21",
      "begin" : 176,
      "end" : 180,
      "text" : "Road",
      "whiteSpace" : false
    }, {
      "id" : "s1-t22",
      "begin" : 180,
      "end" : 181,
      "text" : ";",
      "whiteSpace" : false
    }, {
      "id" : "s1-t23",
      "begin" : 181,
      "end" : 182,
      "text" : ",",
      "whiteSpace" : false
    }, {
      "id" : "s1-t24",
      "begin" : 183,
      "end" : 188,
      "text" : "67.73",
      "whiteSpace" : false
    }, {
      "id" : "s1-t25",
      "begin" : 189,
      "end" : 193,
      "text" : "feet",
      "whiteSpace" : false
    }, {
      "id" : "s1-t26",
      "begin" : 194,
      "end" : 199,
      "text" : "South",
      "whiteSpace" : false
    }, {
      "id" : "s1-t27",
      "begin" : 200,
      "end" : 202,
      "text" : "87",
      "whiteSpace" : false
    }, {
      "id" : "s1-t28",
      "begin" : 202,
      "end" : 203,
      "text" : "?",
      "whiteSpace" : false
    }, {
      "id" : "s1-t29",
      "begin" : 203,
      "end" : 204,
      "text" : "?",
      "whiteSpace" : false
    } ]
  }, {
    "id" : "s2",
    "begin" : 205,
    "end" : 210,
    "text" : "37???",
    "tokens" : [ {
      "id" : "s2-t0",
      "begin" : 205,
      "end" : 207,
      "text" : "37",
      "whiteSpace" : false
    }, {
      "id" : "s2-t1",
      "begin" : 207,
      "end" : 209,
      "text" : "??",
      "whiteSpace" : false
    }, {
      "id" : "s2-t2",
      "begin" : 209,
      "end" : 210,
      "text" : "?",
      "whiteSpace" : false
    } ]
  }, {
    "id" : "s3",
    "begin" : 211,
    "end" : 281,
    "text" : "East 189.54 feet to a concrete monument; thence North 00??, South 89??",
    "tokens" : [ {
      "id" : "s3-t0",
      "begin" : 211,
      "end" : 215,
      "text" : "East",
      "whiteSpace" : false
    }, {
      "id" : "s3-t1",
      "begin" : 216,
      "end" : 222,
      "text" : "189.54",
      "whiteSpace" : false
    }, {
      "id" : "s3-t2",
      "begin" : 223,
      "end" : 227,
      "text" : "feet",
      "whiteSpace" : false
    }, {
      "id" : "s3-t3",
      "begin" : 228,
      "end" : 230,
      "text" : "to",
      "whiteSpace" : false
    }, {
      "id" : "s3-t4",
      "begin" : 231,
      "end" : 232,
      "text" : "a",
      "whiteSpace" : false
    }, {
      "id" : "s3-t5",
      "begin" : 233,
      "end" : 241,
      "text" : "concrete",
      "whiteSpace" : false
    }, {
      "id" : "s3-t6",
      "begin" : 242,
      "end" : 250,
      "text" : "monument",
      "whiteSpace" : false
    }, {
      "id" : "s3-t7",
      "begin" : 250,
      "end" : 251,
      "text" : ";",
      "whiteSpace" : false
    }, {
      "id" : "s3-t8",
      "begin" : 252,
      "end" : 258,
      "text" : "thence",
      "whiteSpace" : false
    }, {
      "id" : "s3-t9",
      "begin" : 259,
      "end" : 264,
      "text" : "North",
      "whiteSpace" : false
    }, {
      "id" : "s3-t10",
      "begin" : 265,
      "end" : 267,
      "text" : "00",
      "whiteSpace" : false
    }, {
      "id" : "s3-t11",
      "begin" : 267,
      "end" : 269,
      "text" : "??",
      "whiteSpace" : false
    }, {
      "id" : "s3-t12",
      "begin" : 269,
      "end" : 270,
      "text" : ",",
      "whiteSpace" : false
    }, {
      "id" : "s3-t13",
      "begin" : 271,
      "end" : 276,
      "text" : "South",
      "whiteSpace" : false
    }, {
      "id" : "s3-t14",
      "begin" : 277,
      "end" : 279,
      "text" : "89",
      "whiteSpace" : false
    }, {
      "id" : "s3-t15",
      "begin" : 279,
      "end" : 280,
      "text" : "?",
      "whiteSpace" : false
    }, {
      "id" : "s3-t16",
      "begin" : 280,
      "end" : 281,
      "text" : "?",
      "whiteSpace" : false
    } ]
  }, {
    "id" : "s4",
    "begin" : 282,
    "end" : 287,
    "text" : "36???",
    "tokens" : [ {
      "id" : "s4-t0",
      "begin" : 282,
      "end" : 284,
      "text" : "36",
      "whiteSpace" : false
    }, {
      "id" : "s4-t1",
      "begin" : 284,
      "end" : 286,
      "text" : "??",
      "whiteSpace" : false
    }, {
      "id" : "s4-t2",
      "begin" : 286,
      "end" : 287,
      "text" : "?",
      "whiteSpace" : false
    } ]
  }, {
    "id" : "s5",
    "begin" : 288,
    "end" : 346,
    "text" : "East 275.90 feet to a concrete monument; thence North 02??",
    "tokens" : [ {
      "id" : "s5-t0",
      "begin" : 288,
      "end" : 292,
      "text" : "East",
      "whiteSpace" : false
    }, {
      "id" : "s5-t1",
      "begin" : 293,
      "end" : 299,
      "text" : "275.90",
      "whiteSpace" : false
    }, {
      "id" : "s5-t2",
      "begin" : 300,
      "end" : 304,
      "text" : "feet",
      "whiteSpace" : false
    }, {
      "id" : "s5-t3",
      "begin" : 305,
      "end" : 307,
      "text" : "to",
      "whiteSpace" : false
    }, {
      "id" : "s5-t4",
      "begin" : 308,
      "end" : 309,
      "text" : "a",
      "whiteSpace" : false
    }, {
      "id" : "s5-t5",
      "begin" : 310,
      "end" : 318,
      "text" : "concrete",
      "whiteSpace" : false
    }, {
      "id" : "s5-t6",
      "begin" : 319,
      "end" : 327,
      "text" : "monument",
      "whiteSpace" : false
    }, {
      "id" : "s5-t7",
      "begin" : 327,
      "end" : 328,
      "text" : ";",
      "whiteSpace" : false
    }, {
      "id" : "s5-t8",
      "begin" : 329,
      "end" : 335,
      "text" : "thence",
      "whiteSpace" : false
    }, {
      "id" : "s5-t9",
      "begin" : 336,
      "end" : 341,
      "text" : "North",
      "whiteSpace" : false
    }, {
      "id" : "s5-t10",
      "begin" : 342,
      "end" : 344,
      "text" : "02",
      "whiteSpace" : false
    }, {
      "id" : "s5-t11",
      "begin" : 344,
      "end" : 345,
      "text" : "?",
      "whiteSpace" : false
    }, {
      "id" : "s5-t12",
      "begin" : 345,
      "end" : 346,
      "text" : "?",
      "whiteSpace" : false
    } ]
  }, {
    "id" : "s6",
    "begin" : 347,
    "end" : 676,
    "text" : "39' West 19.91 feet to a concrete monument; thence South 89??, 67.41 acres more or less, as shown by a survey of, dated May 28, 1993 BEING a portion of the same property conveyed to Buffalo Valley Resources, Inc., by deed of record in Deed Book 158, page 983, Register's Office of Humphreys County, Tennessee., This, Attorney-in?",
    "tokens" : [ {
      "id" : "s6-t0",
      "begin" : 347,
      "end" : 349,
      "text" : "39",
      "whiteSpace" : false
    }, {
      "id" : "s6-t1",
      "begin" : 349,
      "end" : 350,
      "text" : "'",
      "whiteSpace" : false
    }, {
      "id" : "s6-t2",
      "begin" : 351,
      "end" : 355,
      "text" : "West",
      "whiteSpace" : false
    }, {
      "id" : "s6-t3",
      "begin" : 356,
      "end" : 361,
      "text" : "19.91",
      "whiteSpace" : false
    }, {
      "id" : "s6-t4",
      "begin" : 362,
      "end" : 366,
      "text" : "feet",
      "whiteSpace" : false
    }, {
      "id" : "s6-t5",
      "begin" : 367,
      "end" : 369,
      "text" : "to",
      "whiteSpace" : false
    }, {
      "id" : "s6-t6",
      "begin" : 370,
      "end" : 371,
      "text" : "a",
      "whiteSpace" : false
    }, {
      "id" : "s6-t7",
      "begin" : 372,
      "end" : 380,
      "text" : "concrete",
      "whiteSpace" : false
    }, {
      "id" : "s6-t8",
      "begin" : 381,
      "end" : 389,
      "text" : "monument",
      "whiteSpace" : false
    }, {
      "id" : "s6-t9",
      "begin" : 389,
      "end" : 390,
      "text" : ";",
      "whiteSpace" : false
    }, {
      "id" : "s6-t10",
      "begin" : 391,
      "end" : 397,
      "text" : "thence",
      "whiteSpace" : false
    }, {
      "id" : "s6-t11",
      "begin" : 398,
      "end" : 403,
      "text" : "South",
      "whiteSpace" : false
    }, {
      "id" : "s6-t12",
      "begin" : 404,
      "end" : 406,
      "text" : "89",
      "whiteSpace" : false
    }, {
      "id" : "s6-t13",
      "begin" : 406,
      "end" : 408,
      "text" : "??",
      "whiteSpace" : false
    }, {
      "id" : "s6-t14",
      "begin" : 408,
      "end" : 409,
      "text" : ",",
      "whiteSpace" : false
    }, {
      "id" : "s6-t15",
      "begin" : 410,
      "end" : 415,
      "text" : "67.41",
      "whiteSpace" : false
    }, {
      "id" : "s6-t16",
      "begin" : 416,
      "end" : 421,
      "text" : "acres",
      "whiteSpace" : false
    }, {
      "id" : "s6-t17",
      "begin" : 422,
      "end" : 426,
      "text" : "more",
      "whiteSpace" : false
    }, {
      "id" : "s6-t18",
      "begin" : 427,
      "end" : 429,
      "text" : "or",
      "whiteSpace" : false
    }, {
      "id" : "s6-t19",
      "begin" : 430,
      "end" : 434,
      "text" : "less",
      "whiteSpace" : false
    }, {
      "id" : "s6-t20",
      "begin" : 434,
      "end" : 435,
      "text" : ",",
      "whiteSpace" : false
    }, {
      "id" : "s6-t21",
      "begin" : 436,
      "end" : 438,
      "text" : "as",
      "whiteSpace" : false
    }, {
      "id" : "s6-t22",
      "begin" : 439,
      "end" : 444,
      "text" : "shown",
      "whiteSpace" : false
    }, {
      "id" : "s6-t23",
      "begin" : 445,
      "end" : 447,
      "text" : "by",
      "whiteSpace" : false
    }, {
      "id" : "s6-t24",
      "begin" : 448,
      "end" : 449,
      "text" : "a",
      "whiteSpace" : false
    }, {
      "id" : "s6-t25",
      "begin" : 450,
      "end" : 456,
      "text" : "survey",
      "whiteSpace" : false
    }, {
      "id" : "s6-t26",
      "begin" : 457,
      "end" : 459,
      "text" : "of",
      "whiteSpace" : false
    }, {
      "id" : "s6-t27",
      "begin" : 459,
      "end" : 460,
      "text" : ",",
      "whiteSpace" : false
    }, {
      "id" : "s6-t28",
      "begin" : 461,
      "end" : 466,
      "text" : "dated",
      "whiteSpace" : false
    }, {
      "id" : "s6-t29",
      "begin" : 467,
      "end" : 470,
      "text" : "May",
      "whiteSpace" : false
    }, {
      "id" : "s6-t30",
      "begin" : 471,
      "end" : 473,
      "text" : "28",
      "whiteSpace" : false
    }, {
      "id" : "s6-t31",
      "begin" : 473,
      "end" : 474,
      "text" : ",",
      "whiteSpace" : false
    }, {
      "id" : "s6-t32",
      "begin" : 475,
      "end" : 479,
      "text" : "1993",
      "whiteSpace" : false
    }, {
      "id" : "s6-t33",
      "begin" : 480,
      "end" : 485,
      "text" : "BEING",
      "whiteSpace" : false
    }, {
      "id" : "s6-t34",
      "begin" : 486,
      "end" : 487,
      "text" : "a",
      "whiteSpace" : false
    }, {
      "id" : "s6-t35",
      "begin" : 488,
      "end" : 495,
      "text" : "portion",
      "whiteSpace" : false
    }, {
      "id" : "s6-t36",
      "begin" : 496,
      "end" : 498,
      "text" : "of",
      "whiteSpace" : false
    }, {
      "id" : "s6-t37",
      "begin" : 499,
      "end" : 502,
      "text" : "the",
      "whiteSpace" : false
    }, {
      "id" : "s6-t38",
      "begin" : 503,
      "end" : 507,
      "text" : "same",
      "whiteSpace" : false
    }, {
      "id" : "s6-t39",
      "begin" : 508,
      "end" : 516,
      "text" : "property",
      "whiteSpace" : false
    }, {
      "id" : "s6-t40",
      "begin" : 517,
      "end" : 525,
      "text" : "conveyed",
      "whiteSpace" : false
    }, {
      "id" : "s6-t41",
      "begin" : 526,
      "end" : 528,
      "text" : "to",
      "whiteSpace" : false
    }, {
      "id" : "s6-t42",
      "begin" : 529,
      "end" : 536,
      "text" : "Buffalo",
      "whiteSpace" : false
    }, {
      "id" : "s6-t43",
      "begin" : 537,
      "end" : 543,
      "text" : "Valley",
      "whiteSpace" : false
    }, {
      "id" : "s6-t44",
      "begin" : 544,
      "end" : 553,
      "text" : "Resources",
      "whiteSpace" : false
    }, {
      "id" : "s6-t45",
      "begin" : 553,
      "end" : 554,
      "text" : ",",
      "whiteSpace" : false
    }, {
      "id" : "s6-t46",
      "begin" : 555,
      "end" : 559,
      "text" : "Inc.",
      "whiteSpace" : false
    }, {
      "id" : "s6-t47",
      "begin" : 559,
      "end" : 560,
      "text" : ",",
      "whiteSpace" : false
    }, {
      "id" : "s6-t48",
      "begin" : 561,
      "end" : 563,
      "text" : "by",
      "whiteSpace" : false
    }, {
      "id" : "s6-t49",
      "begin" : 564,
      "end" : 568,
      "text" : "deed",
      "whiteSpace" : false
    }, {
      "id" : "s6-t50",
      "begin" : 569,
      "end" : 571,
      "text" : "of",
      "whiteSpace" : false
    }, {
      "id" : "s6-t51",
      "begin" : 572,
      "end" : 578,
      "text" : "record",
      "whiteSpace" : false
    }, {
      "id" : "s6-t52",
      "begin" : 579,
      "end" : 581,
      "text" : "in",
      "whiteSpace" : false
    }, {
      "id" : "s6-t53",
      "begin" : 582,
      "end" : 586,
      "text" : "Deed",
      "whiteSpace" : false
    }, {
      "id" : "s6-t54",
      "begin" : 587,
      "end" : 591,
      "text" : "Book",
      "whiteSpace" : false
    }, {
      "id" : "s6-t55",
      "begin" : 592,
      "end" : 595,
      "text" : "158",
      "whiteSpace" : false
    }, {
      "id" : "s6-t56",
      "begin" : 595,
      "end" : 596,
      "text" : ",",
      "whiteSpace" : false
    }, {
      "id" : "s6-t57",
      "begin" : 597,
      "end" : 601,
      "text" : "page",
      "whiteSpace" : false
    }, {
      "id" : "s6-t58",
      "begin" : 602,
      "end" : 605,
      "text" : "983",
      "whiteSpace" : false
    }, {
      "id" : "s6-t59",
      "begin" : 605,
      "end" : 606,
      "text" : ",",
      "whiteSpace" : false
    }, {
      "id" : "s6-t60",
      "begin" : 607,
      "end" : 615,
      "text" : "Register",
      "whiteSpace" : false
    }, {
      "id" : "s6-t61",
      "begin" : 615,
      "end" : 617,
      "text" : "'s",
      "whiteSpace" : false
    }, {
      "id" : "s6-t62",
      "begin" : 618,
      "end" : 624,
      "text" : "Office",
      "whiteSpace" : false
    }, {
      "id" : "s6-t63",
      "begin" : 625,
      "end" : 627,
      "text" : "of",
      "whiteSpace" : false
    }, {
      "id" : "s6-t64",
      "begin" : 628,
      "end" : 637,
      "text" : "Humphreys",
      "whiteSpace" : false
    }, {
      "id" : "s6-t65",
      "begin" : 638,
      "end" : 644,
      "text" : "County",
      "whiteSpace" : false
    }, {
      "id" : "s6-t66",
      "begin" : 644,
      "end" : 645,
      "text" : ",",
      "whiteSpace" : false
    }, {
      "id" : "s6-t67",
      "begin" : 646,
      "end" : 656,
      "text" : "Tennessee.",
      "whiteSpace" : false
    }, {
      "id" : "s6-t68",
      "begin" : 656,
      "end" : 657,
      "text" : ",",
      "whiteSpace" : false
    }, {
      "id" : "s6-t69",
      "begin" : 658,
      "end" : 662,
      "text" : "This",
      "whiteSpace" : false
    }, {
      "id" : "s6-t70",
      "begin" : 662,
      "end" : 663,
      "text" : ",",
      "whiteSpace" : false
    }, {
      "id" : "s6-t71",
      "begin" : 664,
      "end" : 672,
      "text" : "Attorney",
      "whiteSpace" : false
    }, {
      "id" : "s6-t72",
      "begin" : 672,
      "end" : 673,
      "text" : "-",
      "whiteSpace" : false
    }, {
      "id" : "s6-t73",
      "begin" : 673,
      "end" : 675,
      "text" : "in",
      "whiteSpace" : false
    }, {
      "id" : "s6-t74",
      "begin" : 675,
      "end" : 676,
      "text" : "?",
      "whiteSpace" : false
    } ]
  }, {
    "id" : "s7",
    "begin" : 676,
    "end" : 746,
    "text" : "??fact under Special Power of Attorney of record in Deed Book J???LL_,",
    "tokens" : [ {
      "id" : "s7-t0",
      "begin" : 676,
      "end" : 682,
      "text" : "??fact",
      "whiteSpace" : false
    }, {
      "id" : "s7-t1",
      "begin" : 683,
      "end" : 688,
      "text" : "under",
      "whiteSpace" : false
    }, {
      "id" : "s7-t2",
      "begin" : 689,
      "end" : 696,
      "text" : "Special",
      "whiteSpace" : false
    }, {
      "id" : "s7-t3",
      "begin" : 697,
      "end" : 702,
      "text" : "Power",
      "whiteSpace" : false
    }, {
      "id" : "s7-t4",
      "begin" : 703,
      "end" : 705,
      "text" : "of",
      "whiteSpace" : false
    }, {
      "id" : "s7-t5",
      "begin" : 706,
      "end" : 714,
      "text" : "Attorney",
      "whiteSpace" : false
    }, {
      "id" : "s7-t6",
      "begin" : 715,
      "end" : 717,
      "text" : "of",
      "whiteSpace" : false
    }, {
      "id" : "s7-t7",
      "begin" : 718,
      "end" : 724,
      "text" : "record",
      "whiteSpace" : false
    }, {
      "id" : "s7-t8",
      "begin" : 725,
      "end" : 727,
      "text" : "in",
      "whiteSpace" : false
    }, {
      "id" : "s7-t9",
      "begin" : 728,
      "end" : 732,
      "text" : "Deed",
      "whiteSpace" : false
    }, {
      "id" : "s7-t10",
      "begin" : 733,
      "end" : 737,
      "text" : "Book",
      "whiteSpace" : false
    }, {
      "id" : "s7-t11",
      "begin" : 738,
      "end" : 745,
      "text" : "J???LL_",
      "whiteSpace" : false
    }, {
      "id" : "s7-t12",
      "begin" : 745,
      "end" : 746,
      "text" : ",",
      "whiteSpace" : false
    } ]
  } ],
  "mentions" : [ {
    "id" : "s6-m1",
    "properties" : {
      "SIRE_MENTION_ROLE" : "WarrDeedBookNum",
      "SIRE_ENTITY_SUBTYPE" : "NONE",
      "SIRE_MENTION_TYPE" : "NONE",
      "SIRE_MENTION_CLASS" : "SPC"
    },
    "type" : "WarrDeedBookNum",
    "begin" : 592,
    "end" : 595,
    "inCoref" : false
  }, {
    "id" : "s6-m2",
    "properties" : {
      "SIRE_MENTION_ROLE" : "WarrDeedPageNum",
      "SIRE_ENTITY_SUBTYPE" : "NONE",
      "SIRE_MENTION_TYPE" : "NONE",
      "SIRE_MENTION_CLASS" : "SPC"
    },
    "type" : "WarrDeedPageNum",
    "begin" : 602,
    "end" : 605,
    "inCoref" : false
  } ],
  "relations" : [ ],
  "corefs" : [ ],
  "typeResolved" : true,
  "userResolved" : false
}