{
  "id" : "9ee16260-54dc-11e9-b3f1-919b26b254ae-11",
  "name" : "WD163-8.txt",
  "createdDate" : 1554164214662,
  "version" : 3,
  "text" : "thence South 57?? West 140 feet more or, meanders of said 375 ft. contour line 110 feet more or less to the point of beginning., BEING the same property conveyed to Edward Lewis Curtis, Jr. and wife, Margaret M. Curtis and Ronald Lloyd Curtis, Deed Book 124, page 1118, Register's Office of Humphreys County, Tennessee., By, and restrictions to which the above described is subject and reference is hereby made to the said reservations and restrictions for a full and complete statement of the same and this conveyance is made subject to the same., ",
  "docLength" : 0,
  "language" : "EN",
  "status" : "SUBMITTED",
  "modifiedDate" : 1554164603142,
  "documentSet" : [ ],
  "preannotation" : [ ],
  "sentences" : [ {
    "id" : "s0",
    "begin" : 0,
    "end" : 17,
    "text" : "thence South 57??",
    "tokens" : [ {
      "id" : "s0-t0",
      "begin" : 0,
      "end" : 6,
      "text" : "thence",
      "whiteSpace" : false
    }, {
      "id" : "s0-t1",
      "begin" : 7,
      "end" : 12,
      "text" : "South",
      "whiteSpace" : false
    }, {
      "id" : "s0-t2",
      "begin" : 13,
      "end" : 15,
      "text" : "57",
      "whiteSpace" : false
    }, {
      "id" : "s0-t3",
      "begin" : 15,
      "end" : 16,
      "text" : "?",
      "whiteSpace" : false
    }, {
      "id" : "s0-t4",
      "begin" : 16,
      "end" : 17,
      "text" : "?",
      "whiteSpace" : false
    } ]
  }, {
    "id" : "s1",
    "begin" : 18,
    "end" : 548,
    "text" : "West 140 feet more or, meanders of said 375 ft. contour line 110 feet more or less to the point of beginning., BEING the same property conveyed to Edward Lewis Curtis, Jr. and wife, Margaret M. Curtis and Ronald Lloyd Curtis, Deed Book 124, page 1118, Register's Office of Humphreys County, Tennessee., By, and restrictions to which the above described is subject and reference is hereby made to the said reservations and restrictions for a full and complete statement of the same and this conveyance is made subject to the same.,",
    "tokens" : [ {
      "id" : "s1-t0",
      "begin" : 18,
      "end" : 22,
      "text" : "West",
      "whiteSpace" : false
    }, {
      "id" : "s1-t1",
      "begin" : 23,
      "end" : 26,
      "text" : "140",
      "whiteSpace" : false
    }, {
      "id" : "s1-t2",
      "begin" : 27,
      "end" : 31,
      "text" : "feet",
      "whiteSpace" : false
    }, {
      "id" : "s1-t3",
      "begin" : 32,
      "end" : 36,
      "text" : "more",
      "whiteSpace" : false
    }, {
      "id" : "s1-t4",
      "begin" : 37,
      "end" : 39,
      "text" : "or",
      "whiteSpace" : false
    }, {
      "id" : "s1-t5",
      "begin" : 39,
      "end" : 40,
      "text" : ",",
      "whiteSpace" : false
    }, {
      "id" : "s1-t6",
      "begin" : 41,
      "end" : 49,
      "text" : "meanders",
      "whiteSpace" : false
    }, {
      "id" : "s1-t7",
      "begin" : 50,
      "end" : 52,
      "text" : "of",
      "whiteSpace" : false
    }, {
      "id" : "s1-t8",
      "begin" : 53,
      "end" : 57,
      "text" : "said",
      "whiteSpace" : false
    }, {
      "id" : "s1-t9",
      "begin" : 58,
      "end" : 61,
      "text" : "375",
      "whiteSpace" : false
    }, {
      "id" : "s1-t10",
      "begin" : 62,
      "end" : 65,
      "text" : "ft.",
      "whiteSpace" : false
    }, {
      "id" : "s1-t11",
      "begin" : 66,
      "end" : 73,
      "text" : "contour",
      "whiteSpace" : false
    }, {
      "id" : "s1-t12",
      "begin" : 74,
      "end" : 78,
      "text" : "line",
      "whiteSpace" : false
    }, {
      "id" : "s1-t13",
      "begin" : 79,
      "end" : 82,
      "text" : "110",
      "whiteSpace" : false
    }, {
      "id" : "s1-t14",
      "begin" : 83,
      "end" : 87,
      "text" : "feet",
      "whiteSpace" : false
    }, {
      "id" : "s1-t15",
      "begin" : 88,
      "end" : 92,
      "text" : "more",
      "whiteSpace" : false
    }, {
      "id" : "s1-t16",
      "begin" : 93,
      "end" : 95,
      "text" : "or",
      "whiteSpace" : false
    }, {
      "id" : "s1-t17",
      "begin" : 96,
      "end" : 100,
      "text" : "less",
      "whiteSpace" : false
    }, {
      "id" : "s1-t18",
      "begin" : 101,
      "end" : 103,
      "text" : "to",
      "whiteSpace" : false
    }, {
      "id" : "s1-t19",
      "begin" : 104,
      "end" : 107,
      "text" : "the",
      "whiteSpace" : false
    }, {
      "id" : "s1-t20",
      "begin" : 108,
      "end" : 113,
      "text" : "point",
      "whiteSpace" : false
    }, {
      "id" : "s1-t21",
      "begin" : 114,
      "end" : 116,
      "text" : "of",
      "whiteSpace" : false
    }, {
      "id" : "s1-t22",
      "begin" : 117,
      "end" : 127,
      "text" : "beginning.",
      "whiteSpace" : false
    }, {
      "id" : "s1-t23",
      "begin" : 127,
      "end" : 128,
      "text" : ",",
      "whiteSpace" : false
    }, {
      "id" : "s1-t24",
      "begin" : 129,
      "end" : 134,
      "text" : "BEING",
      "whiteSpace" : false
    }, {
      "id" : "s1-t25",
      "begin" : 135,
      "end" : 138,
      "text" : "the",
      "whiteSpace" : false
    }, {
      "id" : "s1-t26",
      "begin" : 139,
      "end" : 143,
      "text" : "same",
      "whiteSpace" : false
    }, {
      "id" : "s1-t27",
      "begin" : 144,
      "end" : 152,
      "text" : "property",
      "whiteSpace" : false
    }, {
      "id" : "s1-t28",
      "begin" : 153,
      "end" : 161,
      "text" : "conveyed",
      "whiteSpace" : false
    }, {
      "id" : "s1-t29",
      "begin" : 162,
      "end" : 164,
      "text" : "to",
      "whiteSpace" : false
    }, {
      "id" : "s1-t30",
      "begin" : 165,
      "end" : 171,
      "text" : "Edward",
      "whiteSpace" : false
    }, {
      "id" : "s1-t31",
      "begin" : 172,
      "end" : 177,
      "text" : "Lewis",
      "whiteSpace" : false
    }, {
      "id" : "s1-t32",
      "begin" : 178,
      "end" : 184,
      "text" : "Curtis",
      "whiteSpace" : false
    }, {
      "id" : "s1-t33",
      "begin" : 184,
      "end" : 185,
      "text" : ",",
      "whiteSpace" : false
    }, {
      "id" : "s1-t34",
      "begin" : 186,
      "end" : 189,
      "text" : "Jr.",
      "whiteSpace" : false
    }, {
      "id" : "s1-t35",
      "begin" : 190,
      "end" : 193,
      "text" : "and",
      "whiteSpace" : false
    }, {
      "id" : "s1-t36",
      "begin" : 194,
      "end" : 198,
      "text" : "wife",
      "whiteSpace" : false
    }, {
      "id" : "s1-t37",
      "begin" : 198,
      "end" : 199,
      "text" : ",",
      "whiteSpace" : false
    }, {
      "id" : "s1-t38",
      "begin" : 200,
      "end" : 208,
      "text" : "Margaret",
      "whiteSpace" : false
    }, {
      "id" : "s1-t39",
      "begin" : 209,
      "end" : 211,
      "text" : "M.",
      "whiteSpace" : false
    }, {
      "id" : "s1-t40",
      "begin" : 212,
      "end" : 218,
      "text" : "Curtis",
      "whiteSpace" : false
    }, {
      "id" : "s1-t41",
      "begin" : 219,
      "end" : 222,
      "text" : "and",
      "whiteSpace" : false
    }, {
      "id" : "s1-t42",
      "begin" : 223,
      "end" : 229,
      "text" : "Ronald",
      "whiteSpace" : false
    }, {
      "id" : "s1-t43",
      "begin" : 230,
      "end" : 235,
      "text" : "Lloyd",
      "whiteSpace" : false
    }, {
      "id" : "s1-t44",
      "begin" : 236,
      "end" : 242,
      "text" : "Curtis",
      "whiteSpace" : false
    }, {
      "id" : "s1-t45",
      "begin" : 242,
      "end" : 243,
      "text" : ",",
      "whiteSpace" : false
    }, {
      "id" : "s1-t46",
      "begin" : 244,
      "end" : 248,
      "text" : "Deed",
      "whiteSpace" : false
    }, {
      "id" : "s1-t47",
      "begin" : 249,
      "end" : 253,
      "text" : "Book",
      "whiteSpace" : false
    }, {
      "id" : "s1-t48",
      "begin" : 254,
      "end" : 257,
      "text" : "124",
      "whiteSpace" : false
    }, {
      "id" : "s1-t49",
      "begin" : 257,
      "end" : 258,
      "text" : ",",
      "whiteSpace" : false
    }, {
      "id" : "s1-t50",
      "begin" : 259,
      "end" : 263,
      "text" : "page",
      "whiteSpace" : false
    }, {
      "id" : "s1-t51",
      "begin" : 264,
      "end" : 268,
      "text" : "1118",
      "whiteSpace" : false
    }, {
      "id" : "s1-t52",
      "begin" : 268,
      "end" : 269,
      "text" : ",",
      "whiteSpace" : false
    }, {
      "id" : "s1-t53",
      "begin" : 270,
      "end" : 278,
      "text" : "Register",
      "whiteSpace" : false
    }, {
      "id" : "s1-t54",
      "begin" : 278,
      "end" : 280,
      "text" : "'s",
      "whiteSpace" : false
    }, {
      "id" : "s1-t55",
      "begin" : 281,
      "end" : 287,
      "text" : "Office",
      "whiteSpace" : false
    }, {
      "id" : "s1-t56",
      "begin" : 288,
      "end" : 290,
      "text" : "of",
      "whiteSpace" : false
    }, {
      "id" : "s1-t57",
      "begin" : 291,
      "end" : 300,
      "text" : "Humphreys",
      "whiteSpace" : false
    }, {
      "id" : "s1-t58",
      "begin" : 301,
      "end" : 307,
      "text" : "County",
      "whiteSpace" : false
    }, {
      "id" : "s1-t59",
      "begin" : 307,
      "end" : 308,
      "text" : ",",
      "whiteSpace" : false
    }, {
      "id" : "s1-t60",
      "begin" : 309,
      "end" : 319,
      "text" : "Tennessee.",
      "whiteSpace" : false
    }, {
      "id" : "s1-t61",
      "begin" : 319,
      "end" : 320,
      "text" : ",",
      "whiteSpace" : false
    }, {
      "id" : "s1-t62",
      "begin" : 321,
      "end" : 323,
      "text" : "By",
      "whiteSpace" : false
    }, {
      "id" : "s1-t63",
      "begin" : 323,
      "end" : 324,
      "text" : ",",
      "whiteSpace" : false
    }, {
      "id" : "s1-t64",
      "begin" : 325,
      "end" : 328,
      "text" : "and",
      "whiteSpace" : false
    }, {
      "id" : "s1-t65",
      "begin" : 329,
      "end" : 341,
      "text" : "restrictions",
      "whiteSpace" : false
    }, {
      "id" : "s1-t66",
      "begin" : 342,
      "end" : 344,
      "text" : "to",
      "whiteSpace" : false
    }, {
      "id" : "s1-t67",
      "begin" : 345,
      "end" : 350,
      "text" : "which",
      "whiteSpace" : false
    }, {
      "id" : "s1-t68",
      "begin" : 351,
      "end" : 354,
      "text" : "the",
      "whiteSpace" : false
    }, {
      "id" : "s1-t69",
      "begin" : 355,
      "end" : 360,
      "text" : "above",
      "whiteSpace" : false
    }, {
      "id" : "s1-t70",
      "begin" : 361,
      "end" : 370,
      "text" : "described",
      "whiteSpace" : false
    }, {
      "id" : "s1-t71",
      "begin" : 371,
      "end" : 373,
      "text" : "is",
      "whiteSpace" : false
    }, {
      "id" : "s1-t72",
      "begin" : 374,
      "end" : 381,
      "text" : "subject",
      "whiteSpace" : false
    }, {
      "id" : "s1-t73",
      "begin" : 382,
      "end" : 385,
      "text" : "and",
      "whiteSpace" : false
    }, {
      "id" : "s1-t74",
      "begin" : 386,
      "end" : 395,
      "text" : "reference",
      "whiteSpace" : false
    }, {
      "id" : "s1-t75",
      "begin" : 396,
      "end" : 398,
      "text" : "is",
      "whiteSpace" : false
    }, {
      "id" : "s1-t76",
      "begin" : 399,
      "end" : 405,
      "text" : "hereby",
      "whiteSpace" : false
    }, {
      "id" : "s1-t77",
      "begin" : 406,
      "end" : 410,
      "text" : "made",
      "whiteSpace" : false
    }, {
      "id" : "s1-t78",
      "begin" : 411,
      "end" : 413,
      "text" : "to",
      "whiteSpace" : false
    }, {
      "id" : "s1-t79",
      "begin" : 414,
      "end" : 417,
      "text" : "the",
      "whiteSpace" : false
    }, {
      "id" : "s1-t80",
      "begin" : 418,
      "end" : 422,
      "text" : "said",
      "whiteSpace" : false
    }, {
      "id" : "s1-t81",
      "begin" : 423,
      "end" : 435,
      "text" : "reservations",
      "whiteSpace" : false
    }, {
      "id" : "s1-t82",
      "begin" : 436,
      "end" : 439,
      "text" : "and",
      "whiteSpace" : false
    }, {
      "id" : "s1-t83",
      "begin" : 440,
      "end" : 452,
      "text" : "restrictions",
      "whiteSpace" : false
    }, {
      "id" : "s1-t84",
      "begin" : 453,
      "end" : 456,
      "text" : "for",
      "whiteSpace" : false
    }, {
      "id" : "s1-t85",
      "begin" : 457,
      "end" : 458,
      "text" : "a",
      "whiteSpace" : false
    }, {
      "id" : "s1-t86",
      "begin" : 459,
      "end" : 463,
      "text" : "full",
      "whiteSpace" : false
    }, {
      "id" : "s1-t87",
      "begin" : 464,
      "end" : 467,
      "text" : "and",
      "whiteSpace" : false
    }, {
      "id" : "s1-t88",
      "begin" : 468,
      "end" : 476,
      "text" : "complete",
      "whiteSpace" : false
    }, {
      "id" : "s1-t89",
      "begin" : 477,
      "end" : 486,
      "text" : "statement",
      "whiteSpace" : false
    }, {
      "id" : "s1-t90",
      "begin" : 487,
      "end" : 489,
      "text" : "of",
      "whiteSpace" : false
    }, {
      "id" : "s1-t91",
      "begin" : 490,
      "end" : 493,
      "text" : "the",
      "whiteSpace" : false
    }, {
      "id" : "s1-t92",
      "begin" : 494,
      "end" : 498,
      "text" : "same",
      "whiteSpace" : false
    }, {
      "id" : "s1-t93",
      "begin" : 499,
      "end" : 502,
      "text" : "and",
      "whiteSpace" : false
    }, {
      "id" : "s1-t94",
      "begin" : 503,
      "end" : 507,
      "text" : "this",
      "whiteSpace" : false
    }, {
      "id" : "s1-t95",
      "begin" : 508,
      "end" : 518,
      "text" : "conveyance",
      "whiteSpace" : false
    }, {
      "id" : "s1-t96",
      "begin" : 519,
      "end" : 521,
      "text" : "is",
      "whiteSpace" : false
    }, {
      "id" : "s1-t97",
      "begin" : 522,
      "end" : 526,
      "text" : "made",
      "whiteSpace" : false
    }, {
      "id" : "s1-t98",
      "begin" : 527,
      "end" : 534,
      "text" : "subject",
      "whiteSpace" : false
    }, {
      "id" : "s1-t99",
      "begin" : 535,
      "end" : 537,
      "text" : "to",
      "whiteSpace" : false
    }, {
      "id" : "s1-t100",
      "begin" : 538,
      "end" : 541,
      "text" : "the",
      "whiteSpace" : false
    }, {
      "id" : "s1-t101",
      "begin" : 542,
      "end" : 547,
      "text" : "same.",
      "whiteSpace" : false
    }, {
      "id" : "s1-t102",
      "begin" : 547,
      "end" : 548,
      "text" : ",",
      "whiteSpace" : false
    } ]
  } ],
  "mentions" : [ {
    "id" : "s1-m1",
    "properties" : {
      "SIRE_MENTION_ROLE" : "WarrDeedBookNum",
      "SIRE_ENTITY_SUBTYPE" : "NONE",
      "SIRE_MENTION_TYPE" : "NONE",
      "SIRE_MENTION_CLASS" : "SPC"
    },
    "type" : "WarrDeedBookNum",
    "begin" : 254,
    "end" : 257,
    "inCoref" : false
  }, {
    "id" : "s1-m2",
    "properties" : {
      "SIRE_MENTION_ROLE" : "WarrDeedPageNum",
      "SIRE_ENTITY_SUBTYPE" : "NONE",
      "SIRE_MENTION_TYPE" : "NONE",
      "SIRE_MENTION_CLASS" : "SPC"
    },
    "type" : "WarrDeedPageNum",
    "begin" : 264,
    "end" : 268,
    "inCoref" : false
  } ],
  "relations" : [ ],
  "corefs" : [ ],
  "typeResolved" : true,
  "userResolved" : false
}