{
  "id" : "9ee16260-54dc-11e9-b3f1-919b26b254ae-3",
  "name" : "WD161-13.txt",
  "createdDate" : 1554164214662,
  "version" : 3,
  "text" : "thence in a westerly direction 60 poles with the meanders of Little Hurricane Creek and Hurricane Creek Road to the beginning, containing 61 acres more or less. Being the same property conveyed to Benjamin C. Rumsey by instrument of record at Deed Book 159, page 606, Register's Office, Humphreys County, Tennessee. TO HAVE AND To HOLD the said tract or parcel of land with the appurtenances, estate, title, and interest thereto unto the said BENJAMIN C. RUMSEY and wife, JO ANN RUMSEY, their heirs and assigns, forever. And I do covenant with the said BENJAMIN C. RUMSEY, and wife, JO ANN RUMSEY, that I am lawfully seized and possessed of said land in fee simple, have a good right to convey it, and the same is ",
  "docLength" : 0,
  "language" : "EN",
  "status" : "SUBMITTED",
  "modifiedDate" : 1554164700265,
  "documentSet" : [ ],
  "preannotation" : [ ],
  "sentences" : [ {
    "id" : "s0",
    "begin" : 0,
    "end" : 160,
    "text" : "thence in a westerly direction 60 poles with the meanders of Little Hurricane Creek and Hurricane Creek Road to the beginning, containing 61 acres more or less.",
    "tokens" : [ {
      "id" : "s0-t0",
      "begin" : 0,
      "end" : 6,
      "text" : "thence",
      "whiteSpace" : false
    }, {
      "id" : "s0-t1",
      "begin" : 7,
      "end" : 9,
      "text" : "in",
      "whiteSpace" : false
    }, {
      "id" : "s0-t2",
      "begin" : 10,
      "end" : 11,
      "text" : "a",
      "whiteSpace" : false
    }, {
      "id" : "s0-t3",
      "begin" : 12,
      "end" : 20,
      "text" : "westerly",
      "whiteSpace" : false
    }, {
      "id" : "s0-t4",
      "begin" : 21,
      "end" : 30,
      "text" : "direction",
      "whiteSpace" : false
    }, {
      "id" : "s0-t5",
      "begin" : 31,
      "end" : 33,
      "text" : "60",
      "whiteSpace" : false
    }, {
      "id" : "s0-t6",
      "begin" : 34,
      "end" : 39,
      "text" : "poles",
      "whiteSpace" : false
    }, {
      "id" : "s0-t7",
      "begin" : 40,
      "end" : 44,
      "text" : "with",
      "whiteSpace" : false
    }, {
      "id" : "s0-t8",
      "begin" : 45,
      "end" : 48,
      "text" : "the",
      "whiteSpace" : false
    }, {
      "id" : "s0-t9",
      "begin" : 49,
      "end" : 57,
      "text" : "meanders",
      "whiteSpace" : false
    }, {
      "id" : "s0-t10",
      "begin" : 58,
      "end" : 60,
      "text" : "of",
      "whiteSpace" : false
    }, {
      "id" : "s0-t11",
      "begin" : 61,
      "end" : 67,
      "text" : "Little",
      "whiteSpace" : false
    }, {
      "id" : "s0-t12",
      "begin" : 68,
      "end" : 77,
      "text" : "Hurricane",
      "whiteSpace" : false
    }, {
      "id" : "s0-t13",
      "begin" : 78,
      "end" : 83,
      "text" : "Creek",
      "whiteSpace" : false
    }, {
      "id" : "s0-t14",
      "begin" : 84,
      "end" : 87,
      "text" : "and",
      "whiteSpace" : false
    }, {
      "id" : "s0-t15",
      "begin" : 88,
      "end" : 97,
      "text" : "Hurricane",
      "whiteSpace" : false
    }, {
      "id" : "s0-t16",
      "begin" : 98,
      "end" : 103,
      "text" : "Creek",
      "whiteSpace" : false
    }, {
      "id" : "s0-t17",
      "begin" : 104,
      "end" : 108,
      "text" : "Road",
      "whiteSpace" : false
    }, {
      "id" : "s0-t18",
      "begin" : 109,
      "end" : 111,
      "text" : "to",
      "whiteSpace" : false
    }, {
      "id" : "s0-t19",
      "begin" : 112,
      "end" : 115,
      "text" : "the",
      "whiteSpace" : false
    }, {
      "id" : "s0-t20",
      "begin" : 116,
      "end" : 125,
      "text" : "beginning",
      "whiteSpace" : false
    }, {
      "id" : "s0-t21",
      "begin" : 125,
      "end" : 126,
      "text" : ",",
      "whiteSpace" : false
    }, {
      "id" : "s0-t22",
      "begin" : 127,
      "end" : 137,
      "text" : "containing",
      "whiteSpace" : false
    }, {
      "id" : "s0-t23",
      "begin" : 138,
      "end" : 140,
      "text" : "61",
      "whiteSpace" : false
    }, {
      "id" : "s0-t24",
      "begin" : 141,
      "end" : 146,
      "text" : "acres",
      "whiteSpace" : false
    }, {
      "id" : "s0-t25",
      "begin" : 147,
      "end" : 151,
      "text" : "more",
      "whiteSpace" : false
    }, {
      "id" : "s0-t26",
      "begin" : 152,
      "end" : 154,
      "text" : "or",
      "whiteSpace" : false
    }, {
      "id" : "s0-t27",
      "begin" : 155,
      "end" : 159,
      "text" : "less",
      "whiteSpace" : false
    }, {
      "id" : "s0-t28",
      "begin" : 159,
      "end" : 160,
      "text" : ".",
      "whiteSpace" : false
    } ]
  }, {
    "id" : "s1",
    "begin" : 161,
    "end" : 315,
    "text" : "Being the same property conveyed to Benjamin C. Rumsey by instrument of record at Deed Book 159, page 606, Register's Office, Humphreys County, Tennessee.",
    "tokens" : [ {
      "id" : "s1-t0",
      "begin" : 161,
      "end" : 166,
      "text" : "Being",
      "whiteSpace" : false
    }, {
      "id" : "s1-t1",
      "begin" : 167,
      "end" : 170,
      "text" : "the",
      "whiteSpace" : false
    }, {
      "id" : "s1-t2",
      "begin" : 171,
      "end" : 175,
      "text" : "same",
      "whiteSpace" : false
    }, {
      "id" : "s1-t3",
      "begin" : 176,
      "end" : 184,
      "text" : "property",
      "whiteSpace" : false
    }, {
      "id" : "s1-t4",
      "begin" : 185,
      "end" : 193,
      "text" : "conveyed",
      "whiteSpace" : false
    }, {
      "id" : "s1-t5",
      "begin" : 194,
      "end" : 196,
      "text" : "to",
      "whiteSpace" : false
    }, {
      "id" : "s1-t6",
      "begin" : 197,
      "end" : 205,
      "text" : "Benjamin",
      "whiteSpace" : false
    }, {
      "id" : "s1-t7",
      "begin" : 206,
      "end" : 208,
      "text" : "C.",
      "whiteSpace" : false
    }, {
      "id" : "s1-t8",
      "begin" : 209,
      "end" : 215,
      "text" : "Rumsey",
      "whiteSpace" : false
    }, {
      "id" : "s1-t9",
      "begin" : 216,
      "end" : 218,
      "text" : "by",
      "whiteSpace" : false
    }, {
      "id" : "s1-t10",
      "begin" : 219,
      "end" : 229,
      "text" : "instrument",
      "whiteSpace" : false
    }, {
      "id" : "s1-t11",
      "begin" : 230,
      "end" : 232,
      "text" : "of",
      "whiteSpace" : false
    }, {
      "id" : "s1-t12",
      "begin" : 233,
      "end" : 239,
      "text" : "record",
      "whiteSpace" : false
    }, {
      "id" : "s1-t13",
      "begin" : 240,
      "end" : 242,
      "text" : "at",
      "whiteSpace" : false
    }, {
      "id" : "s1-t14",
      "begin" : 243,
      "end" : 247,
      "text" : "Deed",
      "whiteSpace" : false
    }, {
      "id" : "s1-t15",
      "begin" : 248,
      "end" : 252,
      "text" : "Book",
      "whiteSpace" : false
    }, {
      "id" : "s1-t16",
      "begin" : 253,
      "end" : 256,
      "text" : "159",
      "whiteSpace" : false
    }, {
      "id" : "s1-t17",
      "begin" : 256,
      "end" : 257,
      "text" : ",",
      "whiteSpace" : false
    }, {
      "id" : "s1-t18",
      "begin" : 258,
      "end" : 262,
      "text" : "page",
      "whiteSpace" : false
    }, {
      "id" : "s1-t19",
      "begin" : 263,
      "end" : 266,
      "text" : "606",
      "whiteSpace" : false
    }, {
      "id" : "s1-t20",
      "begin" : 266,
      "end" : 267,
      "text" : ",",
      "whiteSpace" : false
    }, {
      "id" : "s1-t21",
      "begin" : 268,
      "end" : 276,
      "text" : "Register",
      "whiteSpace" : false
    }, {
      "id" : "s1-t22",
      "begin" : 276,
      "end" : 278,
      "text" : "'s",
      "whiteSpace" : false
    }, {
      "id" : "s1-t23",
      "begin" : 279,
      "end" : 285,
      "text" : "Office",
      "whiteSpace" : false
    }, {
      "id" : "s1-t24",
      "begin" : 285,
      "end" : 286,
      "text" : ",",
      "whiteSpace" : false
    }, {
      "id" : "s1-t25",
      "begin" : 287,
      "end" : 296,
      "text" : "Humphreys",
      "whiteSpace" : false
    }, {
      "id" : "s1-t26",
      "begin" : 297,
      "end" : 303,
      "text" : "County",
      "whiteSpace" : false
    }, {
      "id" : "s1-t27",
      "begin" : 303,
      "end" : 304,
      "text" : ",",
      "whiteSpace" : false
    }, {
      "id" : "s1-t28",
      "begin" : 305,
      "end" : 314,
      "text" : "Tennessee",
      "whiteSpace" : false
    }, {
      "id" : "s1-t29",
      "begin" : 314,
      "end" : 315,
      "text" : ".",
      "whiteSpace" : false
    } ]
  }, {
    "id" : "s2",
    "begin" : 316,
    "end" : 520,
    "text" : "TO HAVE AND To HOLD the said tract or parcel of land with the appurtenances, estate, title, and interest thereto unto the said BENJAMIN C. RUMSEY and wife, JO ANN RUMSEY, their heirs and assigns, forever.",
    "tokens" : [ {
      "id" : "s2-t0",
      "begin" : 316,
      "end" : 318,
      "text" : "TO",
      "whiteSpace" : false
    }, {
      "id" : "s2-t1",
      "begin" : 319,
      "end" : 323,
      "text" : "HAVE",
      "whiteSpace" : false
    }, {
      "id" : "s2-t2",
      "begin" : 324,
      "end" : 327,
      "text" : "AND",
      "whiteSpace" : false
    }, {
      "id" : "s2-t3",
      "begin" : 328,
      "end" : 330,
      "text" : "To",
      "whiteSpace" : false
    }, {
      "id" : "s2-t4",
      "begin" : 331,
      "end" : 335,
      "text" : "HOLD",
      "whiteSpace" : false
    }, {
      "id" : "s2-t5",
      "begin" : 336,
      "end" : 339,
      "text" : "the",
      "whiteSpace" : false
    }, {
      "id" : "s2-t6",
      "begin" : 340,
      "end" : 344,
      "text" : "said",
      "whiteSpace" : false
    }, {
      "id" : "s2-t7",
      "begin" : 345,
      "end" : 350,
      "text" : "tract",
      "whiteSpace" : false
    }, {
      "id" : "s2-t8",
      "begin" : 351,
      "end" : 353,
      "text" : "or",
      "whiteSpace" : false
    }, {
      "id" : "s2-t9",
      "begin" : 354,
      "end" : 360,
      "text" : "parcel",
      "whiteSpace" : false
    }, {
      "id" : "s2-t10",
      "begin" : 361,
      "end" : 363,
      "text" : "of",
      "whiteSpace" : false
    }, {
      "id" : "s2-t11",
      "begin" : 364,
      "end" : 368,
      "text" : "land",
      "whiteSpace" : false
    }, {
      "id" : "s2-t12",
      "begin" : 369,
      "end" : 373,
      "text" : "with",
      "whiteSpace" : false
    }, {
      "id" : "s2-t13",
      "begin" : 374,
      "end" : 377,
      "text" : "the",
      "whiteSpace" : false
    }, {
      "id" : "s2-t14",
      "begin" : 378,
      "end" : 391,
      "text" : "appurtenances",
      "whiteSpace" : false
    }, {
      "id" : "s2-t15",
      "begin" : 391,
      "end" : 392,
      "text" : ",",
      "whiteSpace" : false
    }, {
      "id" : "s2-t16",
      "begin" : 393,
      "end" : 399,
      "text" : "estate",
      "whiteSpace" : false
    }, {
      "id" : "s2-t17",
      "begin" : 399,
      "end" : 400,
      "text" : ",",
      "whiteSpace" : false
    }, {
      "id" : "s2-t18",
      "begin" : 401,
      "end" : 406,
      "text" : "title",
      "whiteSpace" : false
    }, {
      "id" : "s2-t19",
      "begin" : 406,
      "end" : 407,
      "text" : ",",
      "whiteSpace" : false
    }, {
      "id" : "s2-t20",
      "begin" : 408,
      "end" : 411,
      "text" : "and",
      "whiteSpace" : false
    }, {
      "id" : "s2-t21",
      "begin" : 412,
      "end" : 420,
      "text" : "interest",
      "whiteSpace" : false
    }, {
      "id" : "s2-t22",
      "begin" : 421,
      "end" : 428,
      "text" : "thereto",
      "whiteSpace" : false
    }, {
      "id" : "s2-t23",
      "begin" : 429,
      "end" : 433,
      "text" : "unto",
      "whiteSpace" : false
    }, {
      "id" : "s2-t24",
      "begin" : 434,
      "end" : 437,
      "text" : "the",
      "whiteSpace" : false
    }, {
      "id" : "s2-t25",
      "begin" : 438,
      "end" : 442,
      "text" : "said",
      "whiteSpace" : false
    }, {
      "id" : "s2-t26",
      "begin" : 443,
      "end" : 451,
      "text" : "BENJAMIN",
      "whiteSpace" : false
    }, {
      "id" : "s2-t27",
      "begin" : 452,
      "end" : 454,
      "text" : "C.",
      "whiteSpace" : false
    }, {
      "id" : "s2-t28",
      "begin" : 455,
      "end" : 461,
      "text" : "RUMSEY",
      "whiteSpace" : false
    }, {
      "id" : "s2-t29",
      "begin" : 462,
      "end" : 465,
      "text" : "and",
      "whiteSpace" : false
    }, {
      "id" : "s2-t30",
      "begin" : 466,
      "end" : 470,
      "text" : "wife",
      "whiteSpace" : false
    }, {
      "id" : "s2-t31",
      "begin" : 470,
      "end" : 471,
      "text" : ",",
      "whiteSpace" : false
    }, {
      "id" : "s2-t32",
      "begin" : 472,
      "end" : 474,
      "text" : "JO",
      "whiteSpace" : false
    }, {
      "id" : "s2-t33",
      "begin" : 475,
      "end" : 478,
      "text" : "ANN",
      "whiteSpace" : false
    }, {
      "id" : "s2-t34",
      "begin" : 479,
      "end" : 485,
      "text" : "RUMSEY",
      "whiteSpace" : false
    }, {
      "id" : "s2-t35",
      "begin" : 485,
      "end" : 486,
      "text" : ",",
      "whiteSpace" : false
    }, {
      "id" : "s2-t36",
      "begin" : 487,
      "end" : 492,
      "text" : "their",
      "whiteSpace" : false
    }, {
      "id" : "s2-t37",
      "begin" : 493,
      "end" : 498,
      "text" : "heirs",
      "whiteSpace" : false
    }, {
      "id" : "s2-t38",
      "begin" : 499,
      "end" : 502,
      "text" : "and",
      "whiteSpace" : false
    }, {
      "id" : "s2-t39",
      "begin" : 503,
      "end" : 510,
      "text" : "assigns",
      "whiteSpace" : false
    }, {
      "id" : "s2-t40",
      "begin" : 510,
      "end" : 511,
      "text" : ",",
      "whiteSpace" : false
    }, {
      "id" : "s2-t41",
      "begin" : 512,
      "end" : 519,
      "text" : "forever",
      "whiteSpace" : false
    }, {
      "id" : "s2-t42",
      "begin" : 519,
      "end" : 520,
      "text" : ".",
      "whiteSpace" : false
    } ]
  }, {
    "id" : "s3",
    "begin" : 521,
    "end" : 713,
    "text" : "And I do covenant with the said BENJAMIN C. RUMSEY, and wife, JO ANN RUMSEY, that I am lawfully seized and possessed of said land in fee simple, have a good right to convey it, and the same is",
    "tokens" : [ {
      "id" : "s3-t0",
      "begin" : 521,
      "end" : 524,
      "text" : "And",
      "whiteSpace" : false
    }, {
      "id" : "s3-t1",
      "begin" : 525,
      "end" : 526,
      "text" : "I",
      "whiteSpace" : false
    }, {
      "id" : "s3-t2",
      "begin" : 527,
      "end" : 529,
      "text" : "do",
      "whiteSpace" : false
    }, {
      "id" : "s3-t3",
      "begin" : 530,
      "end" : 538,
      "text" : "covenant",
      "whiteSpace" : false
    }, {
      "id" : "s3-t4",
      "begin" : 539,
      "end" : 543,
      "text" : "with",
      "whiteSpace" : false
    }, {
      "id" : "s3-t5",
      "begin" : 544,
      "end" : 547,
      "text" : "the",
      "whiteSpace" : false
    }, {
      "id" : "s3-t6",
      "begin" : 548,
      "end" : 552,
      "text" : "said",
      "whiteSpace" : false
    }, {
      "id" : "s3-t7",
      "begin" : 553,
      "end" : 561,
      "text" : "BENJAMIN",
      "whiteSpace" : false
    }, {
      "id" : "s3-t8",
      "begin" : 562,
      "end" : 564,
      "text" : "C.",
      "whiteSpace" : false
    }, {
      "id" : "s3-t9",
      "begin" : 565,
      "end" : 571,
      "text" : "RUMSEY",
      "whiteSpace" : false
    }, {
      "id" : "s3-t10",
      "begin" : 571,
      "end" : 572,
      "text" : ",",
      "whiteSpace" : false
    }, {
      "id" : "s3-t11",
      "begin" : 573,
      "end" : 576,
      "text" : "and",
      "whiteSpace" : false
    }, {
      "id" : "s3-t12",
      "begin" : 577,
      "end" : 581,
      "text" : "wife",
      "whiteSpace" : false
    }, {
      "id" : "s3-t13",
      "begin" : 581,
      "end" : 582,
      "text" : ",",
      "whiteSpace" : false
    }, {
      "id" : "s3-t14",
      "begin" : 583,
      "end" : 585,
      "text" : "JO",
      "whiteSpace" : false
    }, {
      "id" : "s3-t15",
      "begin" : 586,
      "end" : 589,
      "text" : "ANN",
      "whiteSpace" : false
    }, {
      "id" : "s3-t16",
      "begin" : 590,
      "end" : 596,
      "text" : "RUMSEY",
      "whiteSpace" : false
    }, {
      "id" : "s3-t17",
      "begin" : 596,
      "end" : 597,
      "text" : ",",
      "whiteSpace" : false
    }, {
      "id" : "s3-t18",
      "begin" : 598,
      "end" : 602,
      "text" : "that",
      "whiteSpace" : false
    }, {
      "id" : "s3-t19",
      "begin" : 603,
      "end" : 604,
      "text" : "I",
      "whiteSpace" : false
    }, {
      "id" : "s3-t20",
      "begin" : 605,
      "end" : 607,
      "text" : "am",
      "whiteSpace" : false
    }, {
      "id" : "s3-t21",
      "begin" : 608,
      "end" : 616,
      "text" : "lawfully",
      "whiteSpace" : false
    }, {
      "id" : "s3-t22",
      "begin" : 617,
      "end" : 623,
      "text" : "seized",
      "whiteSpace" : false
    }, {
      "id" : "s3-t23",
      "begin" : 624,
      "end" : 627,
      "text" : "and",
      "whiteSpace" : false
    }, {
      "id" : "s3-t24",
      "begin" : 628,
      "end" : 637,
      "text" : "possessed",
      "whiteSpace" : false
    }, {
      "id" : "s3-t25",
      "begin" : 638,
      "end" : 640,
      "text" : "of",
      "whiteSpace" : false
    }, {
      "id" : "s3-t26",
      "begin" : 641,
      "end" : 645,
      "text" : "said",
      "whiteSpace" : false
    }, {
      "id" : "s3-t27",
      "begin" : 646,
      "end" : 650,
      "text" : "land",
      "whiteSpace" : false
    }, {
      "id" : "s3-t28",
      "begin" : 651,
      "end" : 653,
      "text" : "in",
      "whiteSpace" : false
    }, {
      "id" : "s3-t29",
      "begin" : 654,
      "end" : 657,
      "text" : "fee",
      "whiteSpace" : false
    }, {
      "id" : "s3-t30",
      "begin" : 658,
      "end" : 664,
      "text" : "simple",
      "whiteSpace" : false
    }, {
      "id" : "s3-t31",
      "begin" : 664,
      "end" : 665,
      "text" : ",",
      "whiteSpace" : false
    }, {
      "id" : "s3-t32",
      "begin" : 666,
      "end" : 670,
      "text" : "have",
      "whiteSpace" : false
    }, {
      "id" : "s3-t33",
      "begin" : 671,
      "end" : 672,
      "text" : "a",
      "whiteSpace" : false
    }, {
      "id" : "s3-t34",
      "begin" : 673,
      "end" : 677,
      "text" : "good",
      "whiteSpace" : false
    }, {
      "id" : "s3-t35",
      "begin" : 678,
      "end" : 683,
      "text" : "right",
      "whiteSpace" : false
    }, {
      "id" : "s3-t36",
      "begin" : 684,
      "end" : 686,
      "text" : "to",
      "whiteSpace" : false
    }, {
      "id" : "s3-t37",
      "begin" : 687,
      "end" : 693,
      "text" : "convey",
      "whiteSpace" : false
    }, {
      "id" : "s3-t38",
      "begin" : 694,
      "end" : 696,
      "text" : "it",
      "whiteSpace" : false
    }, {
      "id" : "s3-t39",
      "begin" : 696,
      "end" : 697,
      "text" : ",",
      "whiteSpace" : false
    }, {
      "id" : "s3-t40",
      "begin" : 698,
      "end" : 701,
      "text" : "and",
      "whiteSpace" : false
    }, {
      "id" : "s3-t41",
      "begin" : 702,
      "end" : 705,
      "text" : "the",
      "whiteSpace" : false
    }, {
      "id" : "s3-t42",
      "begin" : 706,
      "end" : 710,
      "text" : "same",
      "whiteSpace" : false
    }, {
      "id" : "s3-t43",
      "begin" : 711,
      "end" : 713,
      "text" : "is",
      "whiteSpace" : false
    } ]
  } ],
  "mentions" : [ {
    "id" : "s1-m2",
    "properties" : {
      "SIRE_MENTION_ROLE" : "WarrDeedBookNum",
      "SIRE_ENTITY_SUBTYPE" : "NONE",
      "SIRE_MENTION_TYPE" : "NONE",
      "SIRE_MENTION_CLASS" : "SPC"
    },
    "type" : "WarrDeedBookNum",
    "begin" : 253,
    "end" : 256,
    "inCoref" : false
  }, {
    "id" : "s1-m3",
    "properties" : {
      "SIRE_MENTION_ROLE" : "WarrDeedPageNum",
      "SIRE_ENTITY_SUBTYPE" : "NONE",
      "SIRE_MENTION_TYPE" : "NONE",
      "SIRE_MENTION_CLASS" : "SPC"
    },
    "type" : "WarrDeedPageNum",
    "begin" : 263,
    "end" : 266,
    "inCoref" : false
  } ],
  "relations" : [ ],
  "corefs" : [ ],
  "typeResolved" : true,
  "userResolved" : false
}