{
  "id" : "9ee16260-54dc-11e9-b3f1-919b26b254ae-2",
  "name" : "WD161-7.txt",
  "createdDate" : 1554164214662,
  "version" : 3,
  "text" : "BEING Site, Subdivision of Richland Harbor, Incorporated, as shown on map number RH-ll-Z, and as shown on said Inap recorded in Book 63,, Tennessee., BEING the same property conveyed to Broox E., N. Holsinger, by deed of record in Deed Book 85, page 412, Register's Office of Humphreys County, Tennessee, and being the same property devised to Mildred May Markley Holsinger under the Last Will and Testament of Broox Eugene Newton Holsinger of record in Will Book h page 3,, This conveyance is subject to flood rights, easements,, restrictions, etc, as contained in the Special Warranty Deed from the U.S.A./T.V.A., \n",
  "docLength" : 0,
  "language" : "EN",
  "status" : "SUBMITTED",
  "modifiedDate" : 1554164686389,
  "documentSet" : [ ],
  "preannotation" : [ ],
  "sentences" : [ {
    "id" : "s0",
    "begin" : 0,
    "end" : 615,
    "text" : "BEING Site, Subdivision of Richland Harbor, Incorporated, as shown on map number RH-ll-Z, and as shown on said Inap recorded in Book 63,, Tennessee., BEING the same property conveyed to Broox E., N. Holsinger, by deed of record in Deed Book 85, page 412, Register's Office of Humphreys County, Tennessee, and being the same property devised to Mildred May Markley Holsinger under the Last Will and Testament of Broox Eugene Newton Holsinger of record in Will Book h page 3,, This conveyance is subject to flood rights, easements,, restrictions, etc, as contained in the Special Warranty Deed from the U.S.A./T.V.A.,",
    "tokens" : [ {
      "id" : "s0-t0",
      "begin" : 0,
      "end" : 5,
      "text" : "BEING",
      "whiteSpace" : false
    }, {
      "id" : "s0-t1",
      "begin" : 6,
      "end" : 10,
      "text" : "Site",
      "whiteSpace" : false
    }, {
      "id" : "s0-t2",
      "begin" : 10,
      "end" : 11,
      "text" : ",",
      "whiteSpace" : false
    }, {
      "id" : "s0-t3",
      "begin" : 12,
      "end" : 23,
      "text" : "Subdivision",
      "whiteSpace" : false
    }, {
      "id" : "s0-t4",
      "begin" : 24,
      "end" : 26,
      "text" : "of",
      "whiteSpace" : false
    }, {
      "id" : "s0-t5",
      "begin" : 27,
      "end" : 35,
      "text" : "Richland",
      "whiteSpace" : false
    }, {
      "id" : "s0-t6",
      "begin" : 36,
      "end" : 42,
      "text" : "Harbor",
      "whiteSpace" : false
    }, {
      "id" : "s0-t7",
      "begin" : 42,
      "end" : 43,
      "text" : ",",
      "whiteSpace" : false
    }, {
      "id" : "s0-t8",
      "begin" : 44,
      "end" : 56,
      "text" : "Incorporated",
      "whiteSpace" : false
    }, {
      "id" : "s0-t9",
      "begin" : 56,
      "end" : 57,
      "text" : ",",
      "whiteSpace" : false
    }, {
      "id" : "s0-t10",
      "begin" : 58,
      "end" : 60,
      "text" : "as",
      "whiteSpace" : false
    }, {
      "id" : "s0-t11",
      "begin" : 61,
      "end" : 66,
      "text" : "shown",
      "whiteSpace" : false
    }, {
      "id" : "s0-t12",
      "begin" : 67,
      "end" : 69,
      "text" : "on",
      "whiteSpace" : false
    }, {
      "id" : "s0-t13",
      "begin" : 70,
      "end" : 73,
      "text" : "map",
      "whiteSpace" : false
    }, {
      "id" : "s0-t14",
      "begin" : 74,
      "end" : 80,
      "text" : "number",
      "whiteSpace" : false
    }, {
      "id" : "s0-t15",
      "begin" : 81,
      "end" : 83,
      "text" : "RH",
      "whiteSpace" : false
    }, {
      "id" : "s0-t16",
      "begin" : 83,
      "end" : 84,
      "text" : "-",
      "whiteSpace" : false
    }, {
      "id" : "s0-t17",
      "begin" : 84,
      "end" : 86,
      "text" : "ll",
      "whiteSpace" : false
    }, {
      "id" : "s0-t18",
      "begin" : 86,
      "end" : 87,
      "text" : "-",
      "whiteSpace" : false
    }, {
      "id" : "s0-t19",
      "begin" : 87,
      "end" : 88,
      "text" : "Z",
      "whiteSpace" : false
    }, {
      "id" : "s0-t20",
      "begin" : 88,
      "end" : 89,
      "text" : ",",
      "whiteSpace" : false
    }, {
      "id" : "s0-t21",
      "begin" : 90,
      "end" : 93,
      "text" : "and",
      "whiteSpace" : false
    }, {
      "id" : "s0-t22",
      "begin" : 94,
      "end" : 96,
      "text" : "as",
      "whiteSpace" : false
    }, {
      "id" : "s0-t23",
      "begin" : 97,
      "end" : 102,
      "text" : "shown",
      "whiteSpace" : false
    }, {
      "id" : "s0-t24",
      "begin" : 103,
      "end" : 105,
      "text" : "on",
      "whiteSpace" : false
    }, {
      "id" : "s0-t25",
      "begin" : 106,
      "end" : 110,
      "text" : "said",
      "whiteSpace" : false
    }, {
      "id" : "s0-t26",
      "begin" : 111,
      "end" : 115,
      "text" : "Inap",
      "whiteSpace" : false
    }, {
      "id" : "s0-t27",
      "begin" : 116,
      "end" : 124,
      "text" : "recorded",
      "whiteSpace" : false
    }, {
      "id" : "s0-t28",
      "begin" : 125,
      "end" : 127,
      "text" : "in",
      "whiteSpace" : false
    }, {
      "id" : "s0-t29",
      "begin" : 128,
      "end" : 132,
      "text" : "Book",
      "whiteSpace" : false
    }, {
      "id" : "s0-t30",
      "begin" : 133,
      "end" : 135,
      "text" : "63",
      "whiteSpace" : false
    }, {
      "id" : "s0-t31",
      "begin" : 135,
      "end" : 136,
      "text" : ",",
      "whiteSpace" : false
    }, {
      "id" : "s0-t32",
      "begin" : 136,
      "end" : 137,
      "text" : ",",
      "whiteSpace" : false
    }, {
      "id" : "s0-t33",
      "begin" : 138,
      "end" : 148,
      "text" : "Tennessee.",
      "whiteSpace" : false
    }, {
      "id" : "s0-t34",
      "begin" : 148,
      "end" : 149,
      "text" : ",",
      "whiteSpace" : false
    }, {
      "id" : "s0-t35",
      "begin" : 150,
      "end" : 155,
      "text" : "BEING",
      "whiteSpace" : false
    }, {
      "id" : "s0-t36",
      "begin" : 156,
      "end" : 159,
      "text" : "the",
      "whiteSpace" : false
    }, {
      "id" : "s0-t37",
      "begin" : 160,
      "end" : 164,
      "text" : "same",
      "whiteSpace" : false
    }, {
      "id" : "s0-t38",
      "begin" : 165,
      "end" : 173,
      "text" : "property",
      "whiteSpace" : false
    }, {
      "id" : "s0-t39",
      "begin" : 174,
      "end" : 182,
      "text" : "conveyed",
      "whiteSpace" : false
    }, {
      "id" : "s0-t40",
      "begin" : 183,
      "end" : 185,
      "text" : "to",
      "whiteSpace" : false
    }, {
      "id" : "s0-t41",
      "begin" : 186,
      "end" : 191,
      "text" : "Broox",
      "whiteSpace" : false
    }, {
      "id" : "s0-t42",
      "begin" : 192,
      "end" : 194,
      "text" : "E.",
      "whiteSpace" : false
    }, {
      "id" : "s0-t43",
      "begin" : 194,
      "end" : 195,
      "text" : ",",
      "whiteSpace" : false
    }, {
      "id" : "s0-t44",
      "begin" : 196,
      "end" : 198,
      "text" : "N.",
      "whiteSpace" : false
    }, {
      "id" : "s0-t45",
      "begin" : 199,
      "end" : 208,
      "text" : "Holsinger",
      "whiteSpace" : false
    }, {
      "id" : "s0-t46",
      "begin" : 208,
      "end" : 209,
      "text" : ",",
      "whiteSpace" : false
    }, {
      "id" : "s0-t47",
      "begin" : 210,
      "end" : 212,
      "text" : "by",
      "whiteSpace" : false
    }, {
      "id" : "s0-t48",
      "begin" : 213,
      "end" : 217,
      "text" : "deed",
      "whiteSpace" : false
    }, {
      "id" : "s0-t49",
      "begin" : 218,
      "end" : 220,
      "text" : "of",
      "whiteSpace" : false
    }, {
      "id" : "s0-t50",
      "begin" : 221,
      "end" : 227,
      "text" : "record",
      "whiteSpace" : false
    }, {
      "id" : "s0-t51",
      "begin" : 228,
      "end" : 230,
      "text" : "in",
      "whiteSpace" : false
    }, {
      "id" : "s0-t52",
      "begin" : 231,
      "end" : 235,
      "text" : "Deed",
      "whiteSpace" : false
    }, {
      "id" : "s0-t53",
      "begin" : 236,
      "end" : 240,
      "text" : "Book",
      "whiteSpace" : false
    }, {
      "id" : "s0-t54",
      "begin" : 241,
      "end" : 243,
      "text" : "85",
      "whiteSpace" : false
    }, {
      "id" : "s0-t55",
      "begin" : 243,
      "end" : 244,
      "text" : ",",
      "whiteSpace" : false
    }, {
      "id" : "s0-t56",
      "begin" : 245,
      "end" : 249,
      "text" : "page",
      "whiteSpace" : false
    }, {
      "id" : "s0-t57",
      "begin" : 250,
      "end" : 253,
      "text" : "412",
      "whiteSpace" : false
    }, {
      "id" : "s0-t58",
      "begin" : 253,
      "end" : 254,
      "text" : ",",
      "whiteSpace" : false
    }, {
      "id" : "s0-t59",
      "begin" : 255,
      "end" : 263,
      "text" : "Register",
      "whiteSpace" : false
    }, {
      "id" : "s0-t60",
      "begin" : 263,
      "end" : 265,
      "text" : "'s",
      "whiteSpace" : false
    }, {
      "id" : "s0-t61",
      "begin" : 266,
      "end" : 272,
      "text" : "Office",
      "whiteSpace" : false
    }, {
      "id" : "s0-t62",
      "begin" : 273,
      "end" : 275,
      "text" : "of",
      "whiteSpace" : false
    }, {
      "id" : "s0-t63",
      "begin" : 276,
      "end" : 285,
      "text" : "Humphreys",
      "whiteSpace" : false
    }, {
      "id" : "s0-t64",
      "begin" : 286,
      "end" : 292,
      "text" : "County",
      "whiteSpace" : false
    }, {
      "id" : "s0-t65",
      "begin" : 292,
      "end" : 293,
      "text" : ",",
      "whiteSpace" : false
    }, {
      "id" : "s0-t66",
      "begin" : 294,
      "end" : 303,
      "text" : "Tennessee",
      "whiteSpace" : false
    }, {
      "id" : "s0-t67",
      "begin" : 303,
      "end" : 304,
      "text" : ",",
      "whiteSpace" : false
    }, {
      "id" : "s0-t68",
      "begin" : 305,
      "end" : 308,
      "text" : "and",
      "whiteSpace" : false
    }, {
      "id" : "s0-t69",
      "begin" : 309,
      "end" : 314,
      "text" : "being",
      "whiteSpace" : false
    }, {
      "id" : "s0-t70",
      "begin" : 315,
      "end" : 318,
      "text" : "the",
      "whiteSpace" : false
    }, {
      "id" : "s0-t71",
      "begin" : 319,
      "end" : 323,
      "text" : "same",
      "whiteSpace" : false
    }, {
      "id" : "s0-t72",
      "begin" : 324,
      "end" : 332,
      "text" : "property",
      "whiteSpace" : false
    }, {
      "id" : "s0-t73",
      "begin" : 333,
      "end" : 340,
      "text" : "devised",
      "whiteSpace" : false
    }, {
      "id" : "s0-t74",
      "begin" : 341,
      "end" : 343,
      "text" : "to",
      "whiteSpace" : false
    }, {
      "id" : "s0-t75",
      "begin" : 344,
      "end" : 351,
      "text" : "Mildred",
      "whiteSpace" : false
    }, {
      "id" : "s0-t76",
      "begin" : 352,
      "end" : 355,
      "text" : "May",
      "whiteSpace" : false
    }, {
      "id" : "s0-t77",
      "begin" : 356,
      "end" : 363,
      "text" : "Markley",
      "whiteSpace" : false
    }, {
      "id" : "s0-t78",
      "begin" : 364,
      "end" : 373,
      "text" : "Holsinger",
      "whiteSpace" : false
    }, {
      "id" : "s0-t79",
      "begin" : 374,
      "end" : 379,
      "text" : "under",
      "whiteSpace" : false
    }, {
      "id" : "s0-t80",
      "begin" : 380,
      "end" : 383,
      "text" : "the",
      "whiteSpace" : false
    }, {
      "id" : "s0-t81",
      "begin" : 384,
      "end" : 388,
      "text" : "Last",
      "whiteSpace" : false
    }, {
      "id" : "s0-t82",
      "begin" : 389,
      "end" : 393,
      "text" : "Will",
      "whiteSpace" : false
    }, {
      "id" : "s0-t83",
      "begin" : 394,
      "end" : 397,
      "text" : "and",
      "whiteSpace" : false
    }, {
      "id" : "s0-t84",
      "begin" : 398,
      "end" : 407,
      "text" : "Testament",
      "whiteSpace" : false
    }, {
      "id" : "s0-t85",
      "begin" : 408,
      "end" : 410,
      "text" : "of",
      "whiteSpace" : false
    }, {
      "id" : "s0-t86",
      "begin" : 411,
      "end" : 416,
      "text" : "Broox",
      "whiteSpace" : false
    }, {
      "id" : "s0-t87",
      "begin" : 417,
      "end" : 423,
      "text" : "Eugene",
      "whiteSpace" : false
    }, {
      "id" : "s0-t88",
      "begin" : 424,
      "end" : 430,
      "text" : "Newton",
      "whiteSpace" : false
    }, {
      "id" : "s0-t89",
      "begin" : 431,
      "end" : 440,
      "text" : "Holsinger",
      "whiteSpace" : false
    }, {
      "id" : "s0-t90",
      "begin" : 441,
      "end" : 443,
      "text" : "of",
      "whiteSpace" : false
    }, {
      "id" : "s0-t91",
      "begin" : 444,
      "end" : 450,
      "text" : "record",
      "whiteSpace" : false
    }, {
      "id" : "s0-t92",
      "begin" : 451,
      "end" : 453,
      "text" : "in",
      "whiteSpace" : false
    }, {
      "id" : "s0-t93",
      "begin" : 454,
      "end" : 458,
      "text" : "Will",
      "whiteSpace" : false
    }, {
      "id" : "s0-t94",
      "begin" : 459,
      "end" : 463,
      "text" : "Book",
      "whiteSpace" : false
    }, {
      "id" : "s0-t95",
      "begin" : 464,
      "end" : 465,
      "text" : "h",
      "whiteSpace" : false
    }, {
      "id" : "s0-t96",
      "begin" : 466,
      "end" : 470,
      "text" : "page",
      "whiteSpace" : false
    }, {
      "id" : "s0-t97",
      "begin" : 471,
      "end" : 472,
      "text" : "3",
      "whiteSpace" : false
    }, {
      "id" : "s0-t98",
      "begin" : 472,
      "end" : 473,
      "text" : ",",
      "whiteSpace" : false
    }, {
      "id" : "s0-t99",
      "begin" : 473,
      "end" : 474,
      "text" : ",",
      "whiteSpace" : false
    }, {
      "id" : "s0-t100",
      "begin" : 475,
      "end" : 479,
      "text" : "This",
      "whiteSpace" : false
    }, {
      "id" : "s0-t101",
      "begin" : 480,
      "end" : 490,
      "text" : "conveyance",
      "whiteSpace" : false
    }, {
      "id" : "s0-t102",
      "begin" : 491,
      "end" : 493,
      "text" : "is",
      "whiteSpace" : false
    }, {
      "id" : "s0-t103",
      "begin" : 494,
      "end" : 501,
      "text" : "subject",
      "whiteSpace" : false
    }, {
      "id" : "s0-t104",
      "begin" : 502,
      "end" : 504,
      "text" : "to",
      "whiteSpace" : false
    }, {
      "id" : "s0-t105",
      "begin" : 505,
      "end" : 510,
      "text" : "flood",
      "whiteSpace" : false
    }, {
      "id" : "s0-t106",
      "begin" : 511,
      "end" : 517,
      "text" : "rights",
      "whiteSpace" : false
    }, {
      "id" : "s0-t107",
      "begin" : 517,
      "end" : 518,
      "text" : ",",
      "whiteSpace" : false
    }, {
      "id" : "s0-t108",
      "begin" : 519,
      "end" : 528,
      "text" : "easements",
      "whiteSpace" : false
    }, {
      "id" : "s0-t109",
      "begin" : 528,
      "end" : 529,
      "text" : ",",
      "whiteSpace" : false
    }, {
      "id" : "s0-t110",
      "begin" : 529,
      "end" : 530,
      "text" : ",",
      "whiteSpace" : false
    }, {
      "id" : "s0-t111",
      "begin" : 531,
      "end" : 543,
      "text" : "restrictions",
      "whiteSpace" : false
    }, {
      "id" : "s0-t112",
      "begin" : 543,
      "end" : 544,
      "text" : ",",
      "whiteSpace" : false
    }, {
      "id" : "s0-t113",
      "begin" : 545,
      "end" : 548,
      "text" : "etc",
      "whiteSpace" : false
    }, {
      "id" : "s0-t114",
      "begin" : 548,
      "end" : 549,
      "text" : ",",
      "whiteSpace" : false
    }, {
      "id" : "s0-t115",
      "begin" : 550,
      "end" : 552,
      "text" : "as",
      "whiteSpace" : false
    }, {
      "id" : "s0-t116",
      "begin" : 553,
      "end" : 562,
      "text" : "contained",
      "whiteSpace" : false
    }, {
      "id" : "s0-t117",
      "begin" : 563,
      "end" : 565,
      "text" : "in",
      "whiteSpace" : false
    }, {
      "id" : "s0-t118",
      "begin" : 566,
      "end" : 569,
      "text" : "the",
      "whiteSpace" : false
    }, {
      "id" : "s0-t119",
      "begin" : 570,
      "end" : 577,
      "text" : "Special",
      "whiteSpace" : false
    }, {
      "id" : "s0-t120",
      "begin" : 578,
      "end" : 586,
      "text" : "Warranty",
      "whiteSpace" : false
    }, {
      "id" : "s0-t121",
      "begin" : 587,
      "end" : 591,
      "text" : "Deed",
      "whiteSpace" : false
    }, {
      "id" : "s0-t122",
      "begin" : 592,
      "end" : 596,
      "text" : "from",
      "whiteSpace" : false
    }, {
      "id" : "s0-t123",
      "begin" : 597,
      "end" : 600,
      "text" : "the",
      "whiteSpace" : false
    }, {
      "id" : "s0-t124",
      "begin" : 601,
      "end" : 614,
      "text" : "U.S.A./T.V.A.",
      "whiteSpace" : false
    }, {
      "id" : "s0-t125",
      "begin" : 614,
      "end" : 615,
      "text" : ",",
      "whiteSpace" : false
    } ]
  } ],
  "mentions" : [ {
    "id" : "s0-m1",
    "properties" : {
      "SIRE_MENTION_ROLE" : "WarrDeedBookNum",
      "SIRE_ENTITY_SUBTYPE" : "NONE",
      "SIRE_MENTION_TYPE" : "NONE",
      "SIRE_MENTION_CLASS" : "SPC"
    },
    "type" : "WarrDeedBookNum",
    "begin" : 241,
    "end" : 243,
    "inCoref" : false
  }, {
    "id" : "s0-m2",
    "properties" : {
      "SIRE_MENTION_ROLE" : "WarrDeedPageNum",
      "SIRE_ENTITY_SUBTYPE" : "NONE",
      "SIRE_MENTION_TYPE" : "NONE",
      "SIRE_MENTION_CLASS" : "SPC"
    },
    "type" : "WarrDeedPageNum",
    "begin" : 250,
    "end" : 253,
    "inCoref" : false
  } ],
  "relations" : [ ],
  "corefs" : [ ],
  "typeResolved" : true,
  "userResolved" : false
}