{
  "id" : "9ee16260-54dc-11e9-b3f1-919b26b254ae-8",
  "name" : "WD162-17.txt",
  "createdDate" : 1554164214662,
  "version" : 3,
  "text" : " being more particularly described as follows: TRACTS 10 &amp; 11: BEGINNING at a point in the north margin of Barren Hollow Road, said point being South 89?? 56' West 368.67 feet from the southeast corner of Jones Cemetery as measured along the north margin of Barren Hollow Road and also being, 81?? 25??? West 202.53 feet; thence South 81?? 36' West 302.77 feet;, iron pin, being the northeast corner of the property herein described;, 46??? West 2222.32 feet to a point; thence South 06??, containing 43.40 acres more or less, as shown by a survey of Tom B., Tennessee, Tennessee Registered Land Surveyor, No. 105, dated May 28, 1993 BEING a portion of the same property conveyed to Buffalo Valley Resources, Inc., by deed of record in Deed Book 158, page 983, Register's Office of Humphreys County, Tennessee., This, Malcolm McCarn, its Agent and Attorneydin-fact under Special Power of Attorney of record in Deed Book 161, page 1419, Register's Office of Humphreys County, Tennessee., ",
  "docLength" : 0,
  "language" : "EN",
  "status" : "SUBMITTED",
  "modifiedDate" : 1554164739026,
  "documentSet" : [ ],
  "preannotation" : [ ],
  "sentences" : [ {
    "id" : "s0",
    "begin" : 1,
    "end" : 158,
    "text" : "being more particularly described as follows: TRACTS 10 &amp; 11: BEGINNING at a point in the north margin of Barren Hollow Road, said point being South 89??",
    "tokens" : [ {
      "id" : "s0-t0",
      "begin" : 1,
      "end" : 6,
      "text" : "being",
      "whiteSpace" : false
    }, {
      "id" : "s0-t1",
      "begin" : 7,
      "end" : 11,
      "text" : "more",
      "whiteSpace" : false
    }, {
      "id" : "s0-t2",
      "begin" : 12,
      "end" : 24,
      "text" : "particularly",
      "whiteSpace" : false
    }, {
      "id" : "s0-t3",
      "begin" : 25,
      "end" : 34,
      "text" : "described",
      "whiteSpace" : false
    }, {
      "id" : "s0-t4",
      "begin" : 35,
      "end" : 37,
      "text" : "as",
      "whiteSpace" : false
    }, {
      "id" : "s0-t5",
      "begin" : 38,
      "end" : 45,
      "text" : "follows",
      "whiteSpace" : false
    }, {
      "id" : "s0-t6",
      "begin" : 45,
      "end" : 46,
      "text" : ":",
      "whiteSpace" : false
    }, {
      "id" : "s0-t7",
      "begin" : 47,
      "end" : 53,
      "text" : "TRACTS",
      "whiteSpace" : false
    }, {
      "id" : "s0-t8",
      "begin" : 54,
      "end" : 56,
      "text" : "10",
      "whiteSpace" : false
    }, {
      "id" : "s0-t9",
      "begin" : 57,
      "end" : 62,
      "text" : "&amp;",
      "whiteSpace" : false
    }, {
      "id" : "s0-t10",
      "begin" : 63,
      "end" : 65,
      "text" : "11",
      "whiteSpace" : false
    }, {
      "id" : "s0-t11",
      "begin" : 65,
      "end" : 66,
      "text" : ":",
      "whiteSpace" : false
    }, {
      "id" : "s0-t12",
      "begin" : 67,
      "end" : 76,
      "text" : "BEGINNING",
      "whiteSpace" : false
    }, {
      "id" : "s0-t13",
      "begin" : 77,
      "end" : 79,
      "text" : "at",
      "whiteSpace" : false
    }, {
      "id" : "s0-t14",
      "begin" : 80,
      "end" : 81,
      "text" : "a",
      "whiteSpace" : false
    }, {
      "id" : "s0-t15",
      "begin" : 82,
      "end" : 87,
      "text" : "point",
      "whiteSpace" : false
    }, {
      "id" : "s0-t16",
      "begin" : 88,
      "end" : 90,
      "text" : "in",
      "whiteSpace" : false
    }, {
      "id" : "s0-t17",
      "begin" : 91,
      "end" : 94,
      "text" : "the",
      "whiteSpace" : false
    }, {
      "id" : "s0-t18",
      "begin" : 95,
      "end" : 100,
      "text" : "north",
      "whiteSpace" : false
    }, {
      "id" : "s0-t19",
      "begin" : 101,
      "end" : 107,
      "text" : "margin",
      "whiteSpace" : false
    }, {
      "id" : "s0-t20",
      "begin" : 108,
      "end" : 110,
      "text" : "of",
      "whiteSpace" : false
    }, {
      "id" : "s0-t21",
      "begin" : 111,
      "end" : 117,
      "text" : "Barren",
      "whiteSpace" : false
    }, {
      "id" : "s0-t22",
      "begin" : 118,
      "end" : 124,
      "text" : "Hollow",
      "whiteSpace" : false
    }, {
      "id" : "s0-t23",
      "begin" : 125,
      "end" : 129,
      "text" : "Road",
      "whiteSpace" : false
    }, {
      "id" : "s0-t24",
      "begin" : 129,
      "end" : 130,
      "text" : ",",
      "whiteSpace" : false
    }, {
      "id" : "s0-t25",
      "begin" : 131,
      "end" : 135,
      "text" : "said",
      "whiteSpace" : false
    }, {
      "id" : "s0-t26",
      "begin" : 136,
      "end" : 141,
      "text" : "point",
      "whiteSpace" : false
    }, {
      "id" : "s0-t27",
      "begin" : 142,
      "end" : 147,
      "text" : "being",
      "whiteSpace" : false
    }, {
      "id" : "s0-t28",
      "begin" : 148,
      "end" : 153,
      "text" : "South",
      "whiteSpace" : false
    }, {
      "id" : "s0-t29",
      "begin" : 154,
      "end" : 156,
      "text" : "89",
      "whiteSpace" : false
    }, {
      "id" : "s0-t30",
      "begin" : 156,
      "end" : 157,
      "text" : "?",
      "whiteSpace" : false
    }, {
      "id" : "s0-t31",
      "begin" : 157,
      "end" : 158,
      "text" : "?",
      "whiteSpace" : false
    } ]
  }, {
    "id" : "s1",
    "begin" : 159,
    "end" : 301,
    "text" : "56' West 368.67 feet from the southeast corner of Jones Cemetery as measured along the north margin of Barren Hollow Road and also being, 81??",
    "tokens" : [ {
      "id" : "s1-t0",
      "begin" : 159,
      "end" : 161,
      "text" : "56",
      "whiteSpace" : false
    }, {
      "id" : "s1-t1",
      "begin" : 161,
      "end" : 162,
      "text" : "'",
      "whiteSpace" : false
    }, {
      "id" : "s1-t2",
      "begin" : 163,
      "end" : 167,
      "text" : "West",
      "whiteSpace" : false
    }, {
      "id" : "s1-t3",
      "begin" : 168,
      "end" : 174,
      "text" : "368.67",
      "whiteSpace" : false
    }, {
      "id" : "s1-t4",
      "begin" : 175,
      "end" : 179,
      "text" : "feet",
      "whiteSpace" : false
    }, {
      "id" : "s1-t5",
      "begin" : 180,
      "end" : 184,
      "text" : "from",
      "whiteSpace" : false
    }, {
      "id" : "s1-t6",
      "begin" : 185,
      "end" : 188,
      "text" : "the",
      "whiteSpace" : false
    }, {
      "id" : "s1-t7",
      "begin" : 189,
      "end" : 198,
      "text" : "southeast",
      "whiteSpace" : false
    }, {
      "id" : "s1-t8",
      "begin" : 199,
      "end" : 205,
      "text" : "corner",
      "whiteSpace" : false
    }, {
      "id" : "s1-t9",
      "begin" : 206,
      "end" : 208,
      "text" : "of",
      "whiteSpace" : false
    }, {
      "id" : "s1-t10",
      "begin" : 209,
      "end" : 214,
      "text" : "Jones",
      "whiteSpace" : false
    }, {
      "id" : "s1-t11",
      "begin" : 215,
      "end" : 223,
      "text" : "Cemetery",
      "whiteSpace" : false
    }, {
      "id" : "s1-t12",
      "begin" : 224,
      "end" : 226,
      "text" : "as",
      "whiteSpace" : false
    }, {
      "id" : "s1-t13",
      "begin" : 227,
      "end" : 235,
      "text" : "measured",
      "whiteSpace" : false
    }, {
      "id" : "s1-t14",
      "begin" : 236,
      "end" : 241,
      "text" : "along",
      "whiteSpace" : false
    }, {
      "id" : "s1-t15",
      "begin" : 242,
      "end" : 245,
      "text" : "the",
      "whiteSpace" : false
    }, {
      "id" : "s1-t16",
      "begin" : 246,
      "end" : 251,
      "text" : "north",
      "whiteSpace" : false
    }, {
      "id" : "s1-t17",
      "begin" : 252,
      "end" : 258,
      "text" : "margin",
      "whiteSpace" : false
    }, {
      "id" : "s1-t18",
      "begin" : 259,
      "end" : 261,
      "text" : "of",
      "whiteSpace" : false
    }, {
      "id" : "s1-t19",
      "begin" : 262,
      "end" : 268,
      "text" : "Barren",
      "whiteSpace" : false
    }, {
      "id" : "s1-t20",
      "begin" : 269,
      "end" : 275,
      "text" : "Hollow",
      "whiteSpace" : false
    }, {
      "id" : "s1-t21",
      "begin" : 276,
      "end" : 280,
      "text" : "Road",
      "whiteSpace" : false
    }, {
      "id" : "s1-t22",
      "begin" : 281,
      "end" : 284,
      "text" : "and",
      "whiteSpace" : false
    }, {
      "id" : "s1-t23",
      "begin" : 285,
      "end" : 289,
      "text" : "also",
      "whiteSpace" : false
    }, {
      "id" : "s1-t24",
      "begin" : 290,
      "end" : 295,
      "text" : "being",
      "whiteSpace" : false
    }, {
      "id" : "s1-t25",
      "begin" : 295,
      "end" : 296,
      "text" : ",",
      "whiteSpace" : false
    }, {
      "id" : "s1-t26",
      "begin" : 297,
      "end" : 299,
      "text" : "81",
      "whiteSpace" : false
    }, {
      "id" : "s1-t27",
      "begin" : 299,
      "end" : 300,
      "text" : "?",
      "whiteSpace" : false
    }, {
      "id" : "s1-t28",
      "begin" : 300,
      "end" : 301,
      "text" : "?",
      "whiteSpace" : false
    } ]
  }, {
    "id" : "s2",
    "begin" : 302,
    "end" : 307,
    "text" : "25???",
    "tokens" : [ {
      "id" : "s2-t0",
      "begin" : 302,
      "end" : 304,
      "text" : "25",
      "whiteSpace" : false
    }, {
      "id" : "s2-t1",
      "begin" : 304,
      "end" : 306,
      "text" : "??",
      "whiteSpace" : false
    }, {
      "id" : "s2-t2",
      "begin" : 306,
      "end" : 307,
      "text" : "?",
      "whiteSpace" : false
    } ]
  }, {
    "id" : "s3",
    "begin" : 308,
    "end" : 343,
    "text" : "West 202.53 feet; thence South 81??",
    "tokens" : [ {
      "id" : "s3-t0",
      "begin" : 308,
      "end" : 312,
      "text" : "West",
      "whiteSpace" : false
    }, {
      "id" : "s3-t1",
      "begin" : 313,
      "end" : 319,
      "text" : "202.53",
      "whiteSpace" : false
    }, {
      "id" : "s3-t2",
      "begin" : 320,
      "end" : 324,
      "text" : "feet",
      "whiteSpace" : false
    }, {
      "id" : "s3-t3",
      "begin" : 324,
      "end" : 325,
      "text" : ";",
      "whiteSpace" : false
    }, {
      "id" : "s3-t4",
      "begin" : 326,
      "end" : 332,
      "text" : "thence",
      "whiteSpace" : false
    }, {
      "id" : "s3-t5",
      "begin" : 333,
      "end" : 338,
      "text" : "South",
      "whiteSpace" : false
    }, {
      "id" : "s3-t6",
      "begin" : 339,
      "end" : 341,
      "text" : "81",
      "whiteSpace" : false
    }, {
      "id" : "s3-t7",
      "begin" : 341,
      "end" : 342,
      "text" : "?",
      "whiteSpace" : false
    }, {
      "id" : "s3-t8",
      "begin" : 342,
      "end" : 343,
      "text" : "?",
      "whiteSpace" : false
    } ]
  }, {
    "id" : "s4",
    "begin" : 344,
    "end" : 444,
    "text" : "36' West 302.77 feet;, iron pin, being the northeast corner of the property herein described;, 46???",
    "tokens" : [ {
      "id" : "s4-t0",
      "begin" : 344,
      "end" : 346,
      "text" : "36",
      "whiteSpace" : false
    }, {
      "id" : "s4-t1",
      "begin" : 346,
      "end" : 347,
      "text" : "'",
      "whiteSpace" : false
    }, {
      "id" : "s4-t2",
      "begin" : 348,
      "end" : 352,
      "text" : "West",
      "whiteSpace" : false
    }, {
      "id" : "s4-t3",
      "begin" : 353,
      "end" : 359,
      "text" : "302.77",
      "whiteSpace" : false
    }, {
      "id" : "s4-t4",
      "begin" : 360,
      "end" : 364,
      "text" : "feet",
      "whiteSpace" : false
    }, {
      "id" : "s4-t5",
      "begin" : 364,
      "end" : 365,
      "text" : ";",
      "whiteSpace" : false
    }, {
      "id" : "s4-t6",
      "begin" : 365,
      "end" : 366,
      "text" : ",",
      "whiteSpace" : false
    }, {
      "id" : "s4-t7",
      "begin" : 367,
      "end" : 371,
      "text" : "iron",
      "whiteSpace" : false
    }, {
      "id" : "s4-t8",
      "begin" : 372,
      "end" : 375,
      "text" : "pin",
      "whiteSpace" : false
    }, {
      "id" : "s4-t9",
      "begin" : 375,
      "end" : 376,
      "text" : ",",
      "whiteSpace" : false
    }, {
      "id" : "s4-t10",
      "begin" : 377,
      "end" : 382,
      "text" : "being",
      "whiteSpace" : false
    }, {
      "id" : "s4-t11",
      "begin" : 383,
      "end" : 386,
      "text" : "the",
      "whiteSpace" : false
    }, {
      "id" : "s4-t12",
      "begin" : 387,
      "end" : 396,
      "text" : "northeast",
      "whiteSpace" : false
    }, {
      "id" : "s4-t13",
      "begin" : 397,
      "end" : 403,
      "text" : "corner",
      "whiteSpace" : false
    }, {
      "id" : "s4-t14",
      "begin" : 404,
      "end" : 406,
      "text" : "of",
      "whiteSpace" : false
    }, {
      "id" : "s4-t15",
      "begin" : 407,
      "end" : 410,
      "text" : "the",
      "whiteSpace" : false
    }, {
      "id" : "s4-t16",
      "begin" : 411,
      "end" : 419,
      "text" : "property",
      "whiteSpace" : false
    }, {
      "id" : "s4-t17",
      "begin" : 420,
      "end" : 426,
      "text" : "herein",
      "whiteSpace" : false
    }, {
      "id" : "s4-t18",
      "begin" : 427,
      "end" : 436,
      "text" : "described",
      "whiteSpace" : false
    }, {
      "id" : "s4-t19",
      "begin" : 436,
      "end" : 437,
      "text" : ";",
      "whiteSpace" : false
    }, {
      "id" : "s4-t20",
      "begin" : 437,
      "end" : 438,
      "text" : ",",
      "whiteSpace" : false
    }, {
      "id" : "s4-t21",
      "begin" : 439,
      "end" : 441,
      "text" : "46",
      "whiteSpace" : false
    }, {
      "id" : "s4-t22",
      "begin" : 441,
      "end" : 443,
      "text" : "??",
      "whiteSpace" : false
    }, {
      "id" : "s4-t23",
      "begin" : 443,
      "end" : 444,
      "text" : "?",
      "whiteSpace" : false
    } ]
  }, {
    "id" : "s5",
    "begin" : 445,
    "end" : 990,
    "text" : "West 2222.32 feet to a point; thence South 06??, containing 43.40 acres more or less, as shown by a survey of Tom B., Tennessee, Tennessee Registered Land Surveyor, No. 105, dated May 28, 1993 BEING a portion of the same property conveyed to Buffalo Valley Resources, Inc., by deed of record in Deed Book 158, page 983, Register's Office of Humphreys County, Tennessee., This, Malcolm McCarn, its Agent and Attorneydin-fact under Special Power of Attorney of record in Deed Book 161, page 1419, Register's Office of Humphreys County, Tennessee.,",
    "tokens" : [ {
      "id" : "s5-t0",
      "begin" : 445,
      "end" : 449,
      "text" : "West",
      "whiteSpace" : false
    }, {
      "id" : "s5-t1",
      "begin" : 450,
      "end" : 457,
      "text" : "2222.32",
      "whiteSpace" : false
    }, {
      "id" : "s5-t2",
      "begin" : 458,
      "end" : 462,
      "text" : "feet",
      "whiteSpace" : false
    }, {
      "id" : "s5-t3",
      "begin" : 463,
      "end" : 465,
      "text" : "to",
      "whiteSpace" : false
    }, {
      "id" : "s5-t4",
      "begin" : 466,
      "end" : 467,
      "text" : "a",
      "whiteSpace" : false
    }, {
      "id" : "s5-t5",
      "begin" : 468,
      "end" : 473,
      "text" : "point",
      "whiteSpace" : false
    }, {
      "id" : "s5-t6",
      "begin" : 473,
      "end" : 474,
      "text" : ";",
      "whiteSpace" : false
    }, {
      "id" : "s5-t7",
      "begin" : 475,
      "end" : 481,
      "text" : "thence",
      "whiteSpace" : false
    }, {
      "id" : "s5-t8",
      "begin" : 482,
      "end" : 487,
      "text" : "South",
      "whiteSpace" : false
    }, {
      "id" : "s5-t9",
      "begin" : 488,
      "end" : 490,
      "text" : "06",
      "whiteSpace" : false
    }, {
      "id" : "s5-t10",
      "begin" : 490,
      "end" : 492,
      "text" : "??",
      "whiteSpace" : false
    }, {
      "id" : "s5-t11",
      "begin" : 492,
      "end" : 493,
      "text" : ",",
      "whiteSpace" : false
    }, {
      "id" : "s5-t12",
      "begin" : 494,
      "end" : 504,
      "text" : "containing",
      "whiteSpace" : false
    }, {
      "id" : "s5-t13",
      "begin" : 505,
      "end" : 510,
      "text" : "43.40",
      "whiteSpace" : false
    }, {
      "id" : "s5-t14",
      "begin" : 511,
      "end" : 516,
      "text" : "acres",
      "whiteSpace" : false
    }, {
      "id" : "s5-t15",
      "begin" : 517,
      "end" : 521,
      "text" : "more",
      "whiteSpace" : false
    }, {
      "id" : "s5-t16",
      "begin" : 522,
      "end" : 524,
      "text" : "or",
      "whiteSpace" : false
    }, {
      "id" : "s5-t17",
      "begin" : 525,
      "end" : 529,
      "text" : "less",
      "whiteSpace" : false
    }, {
      "id" : "s5-t18",
      "begin" : 529,
      "end" : 530,
      "text" : ",",
      "whiteSpace" : false
    }, {
      "id" : "s5-t19",
      "begin" : 531,
      "end" : 533,
      "text" : "as",
      "whiteSpace" : false
    }, {
      "id" : "s5-t20",
      "begin" : 534,
      "end" : 539,
      "text" : "shown",
      "whiteSpace" : false
    }, {
      "id" : "s5-t21",
      "begin" : 540,
      "end" : 542,
      "text" : "by",
      "whiteSpace" : false
    }, {
      "id" : "s5-t22",
      "begin" : 543,
      "end" : 544,
      "text" : "a",
      "whiteSpace" : false
    }, {
      "id" : "s5-t23",
      "begin" : 545,
      "end" : 551,
      "text" : "survey",
      "whiteSpace" : false
    }, {
      "id" : "s5-t24",
      "begin" : 552,
      "end" : 554,
      "text" : "of",
      "whiteSpace" : false
    }, {
      "id" : "s5-t25",
      "begin" : 555,
      "end" : 558,
      "text" : "Tom",
      "whiteSpace" : false
    }, {
      "id" : "s5-t26",
      "begin" : 559,
      "end" : 561,
      "text" : "B.",
      "whiteSpace" : false
    }, {
      "id" : "s5-t27",
      "begin" : 561,
      "end" : 562,
      "text" : ",",
      "whiteSpace" : false
    }, {
      "id" : "s5-t28",
      "begin" : 563,
      "end" : 572,
      "text" : "Tennessee",
      "whiteSpace" : false
    }, {
      "id" : "s5-t29",
      "begin" : 572,
      "end" : 573,
      "text" : ",",
      "whiteSpace" : false
    }, {
      "id" : "s5-t30",
      "begin" : 574,
      "end" : 583,
      "text" : "Tennessee",
      "whiteSpace" : false
    }, {
      "id" : "s5-t31",
      "begin" : 584,
      "end" : 594,
      "text" : "Registered",
      "whiteSpace" : false
    }, {
      "id" : "s5-t32",
      "begin" : 595,
      "end" : 599,
      "text" : "Land",
      "whiteSpace" : false
    }, {
      "id" : "s5-t33",
      "begin" : 600,
      "end" : 608,
      "text" : "Surveyor",
      "whiteSpace" : false
    }, {
      "id" : "s5-t34",
      "begin" : 608,
      "end" : 609,
      "text" : ",",
      "whiteSpace" : false
    }, {
      "id" : "s5-t35",
      "begin" : 610,
      "end" : 613,
      "text" : "No.",
      "whiteSpace" : false
    }, {
      "id" : "s5-t36",
      "begin" : 614,
      "end" : 617,
      "text" : "105",
      "whiteSpace" : false
    }, {
      "id" : "s5-t37",
      "begin" : 617,
      "end" : 618,
      "text" : ",",
      "whiteSpace" : false
    }, {
      "id" : "s5-t38",
      "begin" : 619,
      "end" : 624,
      "text" : "dated",
      "whiteSpace" : false
    }, {
      "id" : "s5-t39",
      "begin" : 625,
      "end" : 628,
      "text" : "May",
      "whiteSpace" : false
    }, {
      "id" : "s5-t40",
      "begin" : 629,
      "end" : 631,
      "text" : "28",
      "whiteSpace" : false
    }, {
      "id" : "s5-t41",
      "begin" : 631,
      "end" : 632,
      "text" : ",",
      "whiteSpace" : false
    }, {
      "id" : "s5-t42",
      "begin" : 633,
      "end" : 637,
      "text" : "1993",
      "whiteSpace" : false
    }, {
      "id" : "s5-t43",
      "begin" : 638,
      "end" : 643,
      "text" : "BEING",
      "whiteSpace" : false
    }, {
      "id" : "s5-t44",
      "begin" : 644,
      "end" : 645,
      "text" : "a",
      "whiteSpace" : false
    }, {
      "id" : "s5-t45",
      "begin" : 646,
      "end" : 653,
      "text" : "portion",
      "whiteSpace" : false
    }, {
      "id" : "s5-t46",
      "begin" : 654,
      "end" : 656,
      "text" : "of",
      "whiteSpace" : false
    }, {
      "id" : "s5-t47",
      "begin" : 657,
      "end" : 660,
      "text" : "the",
      "whiteSpace" : false
    }, {
      "id" : "s5-t48",
      "begin" : 661,
      "end" : 665,
      "text" : "same",
      "whiteSpace" : false
    }, {
      "id" : "s5-t49",
      "begin" : 666,
      "end" : 674,
      "text" : "property",
      "whiteSpace" : false
    }, {
      "id" : "s5-t50",
      "begin" : 675,
      "end" : 683,
      "text" : "conveyed",
      "whiteSpace" : false
    }, {
      "id" : "s5-t51",
      "begin" : 684,
      "end" : 686,
      "text" : "to",
      "whiteSpace" : false
    }, {
      "id" : "s5-t52",
      "begin" : 687,
      "end" : 694,
      "text" : "Buffalo",
      "whiteSpace" : false
    }, {
      "id" : "s5-t53",
      "begin" : 695,
      "end" : 701,
      "text" : "Valley",
      "whiteSpace" : false
    }, {
      "id" : "s5-t54",
      "begin" : 702,
      "end" : 711,
      "text" : "Resources",
      "whiteSpace" : false
    }, {
      "id" : "s5-t55",
      "begin" : 711,
      "end" : 712,
      "text" : ",",
      "whiteSpace" : false
    }, {
      "id" : "s5-t56",
      "begin" : 713,
      "end" : 717,
      "text" : "Inc.",
      "whiteSpace" : false
    }, {
      "id" : "s5-t57",
      "begin" : 717,
      "end" : 718,
      "text" : ",",
      "whiteSpace" : false
    }, {
      "id" : "s5-t58",
      "begin" : 719,
      "end" : 721,
      "text" : "by",
      "whiteSpace" : false
    }, {
      "id" : "s5-t59",
      "begin" : 722,
      "end" : 726,
      "text" : "deed",
      "whiteSpace" : false
    }, {
      "id" : "s5-t60",
      "begin" : 727,
      "end" : 729,
      "text" : "of",
      "whiteSpace" : false
    }, {
      "id" : "s5-t61",
      "begin" : 730,
      "end" : 736,
      "text" : "record",
      "whiteSpace" : false
    }, {
      "id" : "s5-t62",
      "begin" : 737,
      "end" : 739,
      "text" : "in",
      "whiteSpace" : false
    }, {
      "id" : "s5-t63",
      "begin" : 740,
      "end" : 744,
      "text" : "Deed",
      "whiteSpace" : false
    }, {
      "id" : "s5-t64",
      "begin" : 745,
      "end" : 749,
      "text" : "Book",
      "whiteSpace" : false
    }, {
      "id" : "s5-t65",
      "begin" : 750,
      "end" : 753,
      "text" : "158",
      "whiteSpace" : false
    }, {
      "id" : "s5-t66",
      "begin" : 753,
      "end" : 754,
      "text" : ",",
      "whiteSpace" : false
    }, {
      "id" : "s5-t67",
      "begin" : 755,
      "end" : 759,
      "text" : "page",
      "whiteSpace" : false
    }, {
      "id" : "s5-t68",
      "begin" : 760,
      "end" : 763,
      "text" : "983",
      "whiteSpace" : false
    }, {
      "id" : "s5-t69",
      "begin" : 763,
      "end" : 764,
      "text" : ",",
      "whiteSpace" : false
    }, {
      "id" : "s5-t70",
      "begin" : 765,
      "end" : 773,
      "text" : "Register",
      "whiteSpace" : false
    }, {
      "id" : "s5-t71",
      "begin" : 773,
      "end" : 775,
      "text" : "'s",
      "whiteSpace" : false
    }, {
      "id" : "s5-t72",
      "begin" : 776,
      "end" : 782,
      "text" : "Office",
      "whiteSpace" : false
    }, {
      "id" : "s5-t73",
      "begin" : 783,
      "end" : 785,
      "text" : "of",
      "whiteSpace" : false
    }, {
      "id" : "s5-t74",
      "begin" : 786,
      "end" : 795,
      "text" : "Humphreys",
      "whiteSpace" : false
    }, {
      "id" : "s5-t75",
      "begin" : 796,
      "end" : 802,
      "text" : "County",
      "whiteSpace" : false
    }, {
      "id" : "s5-t76",
      "begin" : 802,
      "end" : 803,
      "text" : ",",
      "whiteSpace" : false
    }, {
      "id" : "s5-t77",
      "begin" : 804,
      "end" : 814,
      "text" : "Tennessee.",
      "whiteSpace" : false
    }, {
      "id" : "s5-t78",
      "begin" : 814,
      "end" : 815,
      "text" : ",",
      "whiteSpace" : false
    }, {
      "id" : "s5-t79",
      "begin" : 816,
      "end" : 820,
      "text" : "This",
      "whiteSpace" : false
    }, {
      "id" : "s5-t80",
      "begin" : 820,
      "end" : 821,
      "text" : ",",
      "whiteSpace" : false
    }, {
      "id" : "s5-t81",
      "begin" : 822,
      "end" : 829,
      "text" : "Malcolm",
      "whiteSpace" : false
    }, {
      "id" : "s5-t82",
      "begin" : 830,
      "end" : 836,
      "text" : "McCarn",
      "whiteSpace" : false
    }, {
      "id" : "s5-t83",
      "begin" : 836,
      "end" : 837,
      "text" : ",",
      "whiteSpace" : false
    }, {
      "id" : "s5-t84",
      "begin" : 838,
      "end" : 841,
      "text" : "its",
      "whiteSpace" : false
    }, {
      "id" : "s5-t85",
      "begin" : 842,
      "end" : 847,
      "text" : "Agent",
      "whiteSpace" : false
    }, {
      "id" : "s5-t86",
      "begin" : 848,
      "end" : 851,
      "text" : "and",
      "whiteSpace" : false
    }, {
      "id" : "s5-t87",
      "begin" : 852,
      "end" : 863,
      "text" : "Attorneydin",
      "whiteSpace" : false
    }, {
      "id" : "s5-t88",
      "begin" : 863,
      "end" : 864,
      "text" : "-",
      "whiteSpace" : false
    }, {
      "id" : "s5-t89",
      "begin" : 864,
      "end" : 868,
      "text" : "fact",
      "whiteSpace" : false
    }, {
      "id" : "s5-t90",
      "begin" : 869,
      "end" : 874,
      "text" : "under",
      "whiteSpace" : false
    }, {
      "id" : "s5-t91",
      "begin" : 875,
      "end" : 882,
      "text" : "Special",
      "whiteSpace" : false
    }, {
      "id" : "s5-t92",
      "begin" : 883,
      "end" : 888,
      "text" : "Power",
      "whiteSpace" : false
    }, {
      "id" : "s5-t93",
      "begin" : 889,
      "end" : 891,
      "text" : "of",
      "whiteSpace" : false
    }, {
      "id" : "s5-t94",
      "begin" : 892,
      "end" : 900,
      "text" : "Attorney",
      "whiteSpace" : false
    }, {
      "id" : "s5-t95",
      "begin" : 901,
      "end" : 903,
      "text" : "of",
      "whiteSpace" : false
    }, {
      "id" : "s5-t96",
      "begin" : 904,
      "end" : 910,
      "text" : "record",
      "whiteSpace" : false
    }, {
      "id" : "s5-t97",
      "begin" : 911,
      "end" : 913,
      "text" : "in",
      "whiteSpace" : false
    }, {
      "id" : "s5-t98",
      "begin" : 914,
      "end" : 918,
      "text" : "Deed",
      "whiteSpace" : false
    }, {
      "id" : "s5-t99",
      "begin" : 919,
      "end" : 923,
      "text" : "Book",
      "whiteSpace" : false
    }, {
      "id" : "s5-t100",
      "begin" : 924,
      "end" : 927,
      "text" : "161",
      "whiteSpace" : false
    }, {
      "id" : "s5-t101",
      "begin" : 927,
      "end" : 928,
      "text" : ",",
      "whiteSpace" : false
    }, {
      "id" : "s5-t102",
      "begin" : 929,
      "end" : 933,
      "text" : "page",
      "whiteSpace" : false
    }, {
      "id" : "s5-t103",
      "begin" : 934,
      "end" : 938,
      "text" : "1419",
      "whiteSpace" : false
    }, {
      "id" : "s5-t104",
      "begin" : 938,
      "end" : 939,
      "text" : ",",
      "whiteSpace" : false
    }, {
      "id" : "s5-t105",
      "begin" : 940,
      "end" : 948,
      "text" : "Register",
      "whiteSpace" : false
    }, {
      "id" : "s5-t106",
      "begin" : 948,
      "end" : 950,
      "text" : "'s",
      "whiteSpace" : false
    }, {
      "id" : "s5-t107",
      "begin" : 951,
      "end" : 957,
      "text" : "Office",
      "whiteSpace" : false
    }, {
      "id" : "s5-t108",
      "begin" : 958,
      "end" : 960,
      "text" : "of",
      "whiteSpace" : false
    }, {
      "id" : "s5-t109",
      "begin" : 961,
      "end" : 970,
      "text" : "Humphreys",
      "whiteSpace" : false
    }, {
      "id" : "s5-t110",
      "begin" : 971,
      "end" : 977,
      "text" : "County",
      "whiteSpace" : false
    }, {
      "id" : "s5-t111",
      "begin" : 977,
      "end" : 978,
      "text" : ",",
      "whiteSpace" : false
    }, {
      "id" : "s5-t112",
      "begin" : 979,
      "end" : 989,
      "text" : "Tennessee.",
      "whiteSpace" : false
    }, {
      "id" : "s5-t113",
      "begin" : 989,
      "end" : 990,
      "text" : ",",
      "whiteSpace" : false
    } ]
  } ],
  "mentions" : [ {
    "id" : "s5-m1",
    "properties" : {
      "SIRE_MENTION_ROLE" : "WarrDeedBookNum",
      "SIRE_ENTITY_SUBTYPE" : "NONE",
      "SIRE_MENTION_TYPE" : "NONE",
      "SIRE_MENTION_CLASS" : "SPC"
    },
    "type" : "WarrDeedBookNum",
    "begin" : 924,
    "end" : 927,
    "inCoref" : false
  }, {
    "id" : "s5-m2",
    "properties" : {
      "SIRE_MENTION_ROLE" : "WarrDeedPageNum",
      "SIRE_ENTITY_SUBTYPE" : "NONE",
      "SIRE_MENTION_TYPE" : "NONE",
      "SIRE_MENTION_CLASS" : "SPC"
    },
    "type" : "WarrDeedPageNum",
    "begin" : 934,
    "end" : 938,
    "inCoref" : false
  } ],
  "relations" : [ ],
  "corefs" : [ ],
  "typeResolved" : true,
  "userResolved" : false
}