{
  "id" : "9ee16260-54dc-11e9-b3f1-919b26b254ae-7",
  "name" : "WD162-12.txt",
  "createdDate" : 1554164214662,
  "version" : 3,
  "text" : "South 33?? 08' East 79.91 ft., South, West 124.55 ft. South 22?? 29' West 175.86 ft., South 03??, East 100.22 ft. South 48?? 06' East 126.45 ft., South 39??, East 411.46 ft. North 85?? 22' East 190.32 ft., North 57??, East 112.81 ft. North 74?? 25' East 160.70 ft., North 85??, East 280.55 ft. South 07?? 40' East 103.59 ft., South 19?? 45', is a 25 ft. strip of land lying on each side of the above described centerline for, ft. access road., The Road Tract is a private roadway to be used in, obstruct or hinder the free passage thereon by any, shall have the right to improve the roadway but, participate therein or to share in the cost thereof., BEING a portion of the same property conveyed to Buffalo Valley Resources, Inc., by deed of record in Deed Book 158, page 983, Register's Office of Humphreys County, Tennessee., This, Malcolm McCarn, its Agent and Attorney~in???fact under Special Power of Attorney of record in Deed Book 161, page 1419, Register???s Office of Humphreys County, Tennessee., STATE OF TENNESSEE - HUMPHREYS comm aacnveo FOR RECORD THE 1.6.. DAY or, mm WWW]\n",
  "docLength" : 0,
  "language" : "EN",
  "status" : "SUBMITTED",
  "modifiedDate" : 1554164731397,
  "documentSet" : [ ],
  "preannotation" : [ ],
  "sentences" : [ {
    "id" : "s0",
    "begin" : 0,
    "end" : 10,
    "text" : "South 33??",
    "tokens" : [ {
      "id" : "s0-t0",
      "begin" : 0,
      "end" : 5,
      "text" : "South",
      "whiteSpace" : false
    }, {
      "id" : "s0-t1",
      "begin" : 6,
      "end" : 8,
      "text" : "33",
      "whiteSpace" : false
    }, {
      "id" : "s0-t2",
      "begin" : 8,
      "end" : 9,
      "text" : "?",
      "whiteSpace" : false
    }, {
      "id" : "s0-t3",
      "begin" : 9,
      "end" : 10,
      "text" : "?",
      "whiteSpace" : false
    } ]
  }, {
    "id" : "s1",
    "begin" : 11,
    "end" : 64,
    "text" : "08' East 79.91 ft., South, West 124.55 ft. South 22??",
    "tokens" : [ {
      "id" : "s1-t0",
      "begin" : 11,
      "end" : 13,
      "text" : "08",
      "whiteSpace" : false
    }, {
      "id" : "s1-t1",
      "begin" : 13,
      "end" : 14,
      "text" : "'",
      "whiteSpace" : false
    }, {
      "id" : "s1-t2",
      "begin" : 15,
      "end" : 19,
      "text" : "East",
      "whiteSpace" : false
    }, {
      "id" : "s1-t3",
      "begin" : 20,
      "end" : 25,
      "text" : "79.91",
      "whiteSpace" : false
    }, {
      "id" : "s1-t4",
      "begin" : 26,
      "end" : 29,
      "text" : "ft.",
      "whiteSpace" : false
    }, {
      "id" : "s1-t5",
      "begin" : 29,
      "end" : 30,
      "text" : ",",
      "whiteSpace" : false
    }, {
      "id" : "s1-t6",
      "begin" : 31,
      "end" : 36,
      "text" : "South",
      "whiteSpace" : false
    }, {
      "id" : "s1-t7",
      "begin" : 36,
      "end" : 37,
      "text" : ",",
      "whiteSpace" : false
    }, {
      "id" : "s1-t8",
      "begin" : 38,
      "end" : 42,
      "text" : "West",
      "whiteSpace" : false
    }, {
      "id" : "s1-t9",
      "begin" : 43,
      "end" : 49,
      "text" : "124.55",
      "whiteSpace" : false
    }, {
      "id" : "s1-t10",
      "begin" : 50,
      "end" : 53,
      "text" : "ft.",
      "whiteSpace" : false
    }, {
      "id" : "s1-t11",
      "begin" : 54,
      "end" : 59,
      "text" : "South",
      "whiteSpace" : false
    }, {
      "id" : "s1-t12",
      "begin" : 60,
      "end" : 62,
      "text" : "22",
      "whiteSpace" : false
    }, {
      "id" : "s1-t13",
      "begin" : 62,
      "end" : 63,
      "text" : "?",
      "whiteSpace" : false
    }, {
      "id" : "s1-t14",
      "begin" : 63,
      "end" : 64,
      "text" : "?",
      "whiteSpace" : false
    } ]
  }, {
    "id" : "s2",
    "begin" : 65,
    "end" : 124,
    "text" : "29' West 175.86 ft., South 03??, East 100.22 ft. South 48??",
    "tokens" : [ {
      "id" : "s2-t0",
      "begin" : 65,
      "end" : 67,
      "text" : "29",
      "whiteSpace" : false
    }, {
      "id" : "s2-t1",
      "begin" : 67,
      "end" : 68,
      "text" : "'",
      "whiteSpace" : false
    }, {
      "id" : "s2-t2",
      "begin" : 69,
      "end" : 73,
      "text" : "West",
      "whiteSpace" : false
    }, {
      "id" : "s2-t3",
      "begin" : 74,
      "end" : 80,
      "text" : "175.86",
      "whiteSpace" : false
    }, {
      "id" : "s2-t4",
      "begin" : 81,
      "end" : 84,
      "text" : "ft.",
      "whiteSpace" : false
    }, {
      "id" : "s2-t5",
      "begin" : 84,
      "end" : 85,
      "text" : ",",
      "whiteSpace" : false
    }, {
      "id" : "s2-t6",
      "begin" : 86,
      "end" : 91,
      "text" : "South",
      "whiteSpace" : false
    }, {
      "id" : "s2-t7",
      "begin" : 92,
      "end" : 94,
      "text" : "03",
      "whiteSpace" : false
    }, {
      "id" : "s2-t8",
      "begin" : 94,
      "end" : 96,
      "text" : "??",
      "whiteSpace" : false
    }, {
      "id" : "s2-t9",
      "begin" : 96,
      "end" : 97,
      "text" : ",",
      "whiteSpace" : false
    }, {
      "id" : "s2-t10",
      "begin" : 98,
      "end" : 102,
      "text" : "East",
      "whiteSpace" : false
    }, {
      "id" : "s2-t11",
      "begin" : 103,
      "end" : 109,
      "text" : "100.22",
      "whiteSpace" : false
    }, {
      "id" : "s2-t12",
      "begin" : 110,
      "end" : 113,
      "text" : "ft.",
      "whiteSpace" : false
    }, {
      "id" : "s2-t13",
      "begin" : 114,
      "end" : 119,
      "text" : "South",
      "whiteSpace" : false
    }, {
      "id" : "s2-t14",
      "begin" : 120,
      "end" : 122,
      "text" : "48",
      "whiteSpace" : false
    }, {
      "id" : "s2-t15",
      "begin" : 122,
      "end" : 123,
      "text" : "?",
      "whiteSpace" : false
    }, {
      "id" : "s2-t16",
      "begin" : 123,
      "end" : 124,
      "text" : "?",
      "whiteSpace" : false
    } ]
  }, {
    "id" : "s3",
    "begin" : 125,
    "end" : 184,
    "text" : "06' East 126.45 ft., South 39??, East 411.46 ft. North 85??",
    "tokens" : [ {
      "id" : "s3-t0",
      "begin" : 125,
      "end" : 127,
      "text" : "06",
      "whiteSpace" : false
    }, {
      "id" : "s3-t1",
      "begin" : 127,
      "end" : 128,
      "text" : "'",
      "whiteSpace" : false
    }, {
      "id" : "s3-t2",
      "begin" : 129,
      "end" : 133,
      "text" : "East",
      "whiteSpace" : false
    }, {
      "id" : "s3-t3",
      "begin" : 134,
      "end" : 140,
      "text" : "126.45",
      "whiteSpace" : false
    }, {
      "id" : "s3-t4",
      "begin" : 141,
      "end" : 144,
      "text" : "ft.",
      "whiteSpace" : false
    }, {
      "id" : "s3-t5",
      "begin" : 144,
      "end" : 145,
      "text" : ",",
      "whiteSpace" : false
    }, {
      "id" : "s3-t6",
      "begin" : 146,
      "end" : 151,
      "text" : "South",
      "whiteSpace" : false
    }, {
      "id" : "s3-t7",
      "begin" : 152,
      "end" : 154,
      "text" : "39",
      "whiteSpace" : false
    }, {
      "id" : "s3-t8",
      "begin" : 154,
      "end" : 156,
      "text" : "??",
      "whiteSpace" : false
    }, {
      "id" : "s3-t9",
      "begin" : 156,
      "end" : 157,
      "text" : ",",
      "whiteSpace" : false
    }, {
      "id" : "s3-t10",
      "begin" : 158,
      "end" : 162,
      "text" : "East",
      "whiteSpace" : false
    }, {
      "id" : "s3-t11",
      "begin" : 163,
      "end" : 169,
      "text" : "411.46",
      "whiteSpace" : false
    }, {
      "id" : "s3-t12",
      "begin" : 170,
      "end" : 173,
      "text" : "ft.",
      "whiteSpace" : false
    }, {
      "id" : "s3-t13",
      "begin" : 174,
      "end" : 179,
      "text" : "North",
      "whiteSpace" : false
    }, {
      "id" : "s3-t14",
      "begin" : 180,
      "end" : 182,
      "text" : "85",
      "whiteSpace" : false
    }, {
      "id" : "s3-t15",
      "begin" : 182,
      "end" : 183,
      "text" : "?",
      "whiteSpace" : false
    }, {
      "id" : "s3-t16",
      "begin" : 183,
      "end" : 184,
      "text" : "?",
      "whiteSpace" : false
    } ]
  }, {
    "id" : "s4",
    "begin" : 185,
    "end" : 244,
    "text" : "22' East 190.32 ft., North 57??, East 112.81 ft. North 74??",
    "tokens" : [ {
      "id" : "s4-t0",
      "begin" : 185,
      "end" : 187,
      "text" : "22",
      "whiteSpace" : false
    }, {
      "id" : "s4-t1",
      "begin" : 187,
      "end" : 188,
      "text" : "'",
      "whiteSpace" : false
    }, {
      "id" : "s4-t2",
      "begin" : 189,
      "end" : 193,
      "text" : "East",
      "whiteSpace" : false
    }, {
      "id" : "s4-t3",
      "begin" : 194,
      "end" : 200,
      "text" : "190.32",
      "whiteSpace" : false
    }, {
      "id" : "s4-t4",
      "begin" : 201,
      "end" : 204,
      "text" : "ft.",
      "whiteSpace" : false
    }, {
      "id" : "s4-t5",
      "begin" : 204,
      "end" : 205,
      "text" : ",",
      "whiteSpace" : false
    }, {
      "id" : "s4-t6",
      "begin" : 206,
      "end" : 211,
      "text" : "North",
      "whiteSpace" : false
    }, {
      "id" : "s4-t7",
      "begin" : 212,
      "end" : 214,
      "text" : "57",
      "whiteSpace" : false
    }, {
      "id" : "s4-t8",
      "begin" : 214,
      "end" : 216,
      "text" : "??",
      "whiteSpace" : false
    }, {
      "id" : "s4-t9",
      "begin" : 216,
      "end" : 217,
      "text" : ",",
      "whiteSpace" : false
    }, {
      "id" : "s4-t10",
      "begin" : 218,
      "end" : 222,
      "text" : "East",
      "whiteSpace" : false
    }, {
      "id" : "s4-t11",
      "begin" : 223,
      "end" : 229,
      "text" : "112.81",
      "whiteSpace" : false
    }, {
      "id" : "s4-t12",
      "begin" : 230,
      "end" : 233,
      "text" : "ft.",
      "whiteSpace" : false
    }, {
      "id" : "s4-t13",
      "begin" : 234,
      "end" : 239,
      "text" : "North",
      "whiteSpace" : false
    }, {
      "id" : "s4-t14",
      "begin" : 240,
      "end" : 242,
      "text" : "74",
      "whiteSpace" : false
    }, {
      "id" : "s4-t15",
      "begin" : 242,
      "end" : 243,
      "text" : "?",
      "whiteSpace" : false
    }, {
      "id" : "s4-t16",
      "begin" : 243,
      "end" : 244,
      "text" : "?",
      "whiteSpace" : false
    } ]
  }, {
    "id" : "s5",
    "begin" : 245,
    "end" : 304,
    "text" : "25' East 160.70 ft., North 85??, East 280.55 ft. South 07??",
    "tokens" : [ {
      "id" : "s5-t0",
      "begin" : 245,
      "end" : 247,
      "text" : "25",
      "whiteSpace" : false
    }, {
      "id" : "s5-t1",
      "begin" : 247,
      "end" : 248,
      "text" : "'",
      "whiteSpace" : false
    }, {
      "id" : "s5-t2",
      "begin" : 249,
      "end" : 253,
      "text" : "East",
      "whiteSpace" : false
    }, {
      "id" : "s5-t3",
      "begin" : 254,
      "end" : 260,
      "text" : "160.70",
      "whiteSpace" : false
    }, {
      "id" : "s5-t4",
      "begin" : 261,
      "end" : 264,
      "text" : "ft.",
      "whiteSpace" : false
    }, {
      "id" : "s5-t5",
      "begin" : 264,
      "end" : 265,
      "text" : ",",
      "whiteSpace" : false
    }, {
      "id" : "s5-t6",
      "begin" : 266,
      "end" : 271,
      "text" : "North",
      "whiteSpace" : false
    }, {
      "id" : "s5-t7",
      "begin" : 272,
      "end" : 274,
      "text" : "85",
      "whiteSpace" : false
    }, {
      "id" : "s5-t8",
      "begin" : 274,
      "end" : 276,
      "text" : "??",
      "whiteSpace" : false
    }, {
      "id" : "s5-t9",
      "begin" : 276,
      "end" : 277,
      "text" : ",",
      "whiteSpace" : false
    }, {
      "id" : "s5-t10",
      "begin" : 278,
      "end" : 282,
      "text" : "East",
      "whiteSpace" : false
    }, {
      "id" : "s5-t11",
      "begin" : 283,
      "end" : 289,
      "text" : "280.55",
      "whiteSpace" : false
    }, {
      "id" : "s5-t12",
      "begin" : 290,
      "end" : 293,
      "text" : "ft.",
      "whiteSpace" : false
    }, {
      "id" : "s5-t13",
      "begin" : 294,
      "end" : 299,
      "text" : "South",
      "whiteSpace" : false
    }, {
      "id" : "s5-t14",
      "begin" : 300,
      "end" : 302,
      "text" : "07",
      "whiteSpace" : false
    }, {
      "id" : "s5-t15",
      "begin" : 302,
      "end" : 303,
      "text" : "?",
      "whiteSpace" : false
    }, {
      "id" : "s5-t16",
      "begin" : 303,
      "end" : 304,
      "text" : "?",
      "whiteSpace" : false
    } ]
  }, {
    "id" : "s6",
    "begin" : 305,
    "end" : 336,
    "text" : "40' East 103.59 ft., South 19??",
    "tokens" : [ {
      "id" : "s6-t0",
      "begin" : 305,
      "end" : 307,
      "text" : "40",
      "whiteSpace" : false
    }, {
      "id" : "s6-t1",
      "begin" : 307,
      "end" : 308,
      "text" : "'",
      "whiteSpace" : false
    }, {
      "id" : "s6-t2",
      "begin" : 309,
      "end" : 313,
      "text" : "East",
      "whiteSpace" : false
    }, {
      "id" : "s6-t3",
      "begin" : 314,
      "end" : 320,
      "text" : "103.59",
      "whiteSpace" : false
    }, {
      "id" : "s6-t4",
      "begin" : 321,
      "end" : 324,
      "text" : "ft.",
      "whiteSpace" : false
    }, {
      "id" : "s6-t5",
      "begin" : 324,
      "end" : 325,
      "text" : ",",
      "whiteSpace" : false
    }, {
      "id" : "s6-t6",
      "begin" : 326,
      "end" : 331,
      "text" : "South",
      "whiteSpace" : false
    }, {
      "id" : "s6-t7",
      "begin" : 332,
      "end" : 334,
      "text" : "19",
      "whiteSpace" : false
    }, {
      "id" : "s6-t8",
      "begin" : 334,
      "end" : 335,
      "text" : "?",
      "whiteSpace" : false
    }, {
      "id" : "s6-t9",
      "begin" : 335,
      "end" : 336,
      "text" : "?",
      "whiteSpace" : false
    } ]
  }, {
    "id" : "s7",
    "begin" : 337,
    "end" : 876,
    "text" : "45', is a 25 ft. strip of land lying on each side of the above described centerline for, ft. access road., The Road Tract is a private roadway to be used in, obstruct or hinder the free passage thereon by any, shall have the right to improve the roadway but, participate therein or to share in the cost thereof., BEING a portion of the same property conveyed to Buffalo Valley Resources, Inc., by deed of record in Deed Book 158, page 983, Register's Office of Humphreys County, Tennessee., This, Malcolm McCarn, its Agent and Attorney~in?",
    "tokens" : [ {
      "id" : "s7-t0",
      "begin" : 337,
      "end" : 339,
      "text" : "45",
      "whiteSpace" : false
    }, {
      "id" : "s7-t1",
      "begin" : 339,
      "end" : 340,
      "text" : "'",
      "whiteSpace" : false
    }, {
      "id" : "s7-t2",
      "begin" : 340,
      "end" : 341,
      "text" : ",",
      "whiteSpace" : false
    }, {
      "id" : "s7-t3",
      "begin" : 342,
      "end" : 344,
      "text" : "is",
      "whiteSpace" : false
    }, {
      "id" : "s7-t4",
      "begin" : 345,
      "end" : 346,
      "text" : "a",
      "whiteSpace" : false
    }, {
      "id" : "s7-t5",
      "begin" : 347,
      "end" : 349,
      "text" : "25",
      "whiteSpace" : false
    }, {
      "id" : "s7-t6",
      "begin" : 350,
      "end" : 353,
      "text" : "ft.",
      "whiteSpace" : false
    }, {
      "id" : "s7-t7",
      "begin" : 354,
      "end" : 359,
      "text" : "strip",
      "whiteSpace" : false
    }, {
      "id" : "s7-t8",
      "begin" : 360,
      "end" : 362,
      "text" : "of",
      "whiteSpace" : false
    }, {
      "id" : "s7-t9",
      "begin" : 363,
      "end" : 367,
      "text" : "land",
      "whiteSpace" : false
    }, {
      "id" : "s7-t10",
      "begin" : 368,
      "end" : 373,
      "text" : "lying",
      "whiteSpace" : false
    }, {
      "id" : "s7-t11",
      "begin" : 374,
      "end" : 376,
      "text" : "on",
      "whiteSpace" : false
    }, {
      "id" : "s7-t12",
      "begin" : 377,
      "end" : 381,
      "text" : "each",
      "whiteSpace" : false
    }, {
      "id" : "s7-t13",
      "begin" : 382,
      "end" : 386,
      "text" : "side",
      "whiteSpace" : false
    }, {
      "id" : "s7-t14",
      "begin" : 387,
      "end" : 389,
      "text" : "of",
      "whiteSpace" : false
    }, {
      "id" : "s7-t15",
      "begin" : 390,
      "end" : 393,
      "text" : "the",
      "whiteSpace" : false
    }, {
      "id" : "s7-t16",
      "begin" : 394,
      "end" : 399,
      "text" : "above",
      "whiteSpace" : false
    }, {
      "id" : "s7-t17",
      "begin" : 400,
      "end" : 409,
      "text" : "described",
      "whiteSpace" : false
    }, {
      "id" : "s7-t18",
      "begin" : 410,
      "end" : 420,
      "text" : "centerline",
      "whiteSpace" : false
    }, {
      "id" : "s7-t19",
      "begin" : 421,
      "end" : 424,
      "text" : "for",
      "whiteSpace" : false
    }, {
      "id" : "s7-t20",
      "begin" : 424,
      "end" : 425,
      "text" : ",",
      "whiteSpace" : false
    }, {
      "id" : "s7-t21",
      "begin" : 426,
      "end" : 429,
      "text" : "ft.",
      "whiteSpace" : false
    }, {
      "id" : "s7-t22",
      "begin" : 430,
      "end" : 436,
      "text" : "access",
      "whiteSpace" : false
    }, {
      "id" : "s7-t23",
      "begin" : 437,
      "end" : 442,
      "text" : "road.",
      "whiteSpace" : false
    }, {
      "id" : "s7-t24",
      "begin" : 442,
      "end" : 443,
      "text" : ",",
      "whiteSpace" : false
    }, {
      "id" : "s7-t25",
      "begin" : 444,
      "end" : 447,
      "text" : "The",
      "whiteSpace" : false
    }, {
      "id" : "s7-t26",
      "begin" : 448,
      "end" : 452,
      "text" : "Road",
      "whiteSpace" : false
    }, {
      "id" : "s7-t27",
      "begin" : 453,
      "end" : 458,
      "text" : "Tract",
      "whiteSpace" : false
    }, {
      "id" : "s7-t28",
      "begin" : 459,
      "end" : 461,
      "text" : "is",
      "whiteSpace" : false
    }, {
      "id" : "s7-t29",
      "begin" : 462,
      "end" : 463,
      "text" : "a",
      "whiteSpace" : false
    }, {
      "id" : "s7-t30",
      "begin" : 464,
      "end" : 471,
      "text" : "private",
      "whiteSpace" : false
    }, {
      "id" : "s7-t31",
      "begin" : 472,
      "end" : 479,
      "text" : "roadway",
      "whiteSpace" : false
    }, {
      "id" : "s7-t32",
      "begin" : 480,
      "end" : 482,
      "text" : "to",
      "whiteSpace" : false
    }, {
      "id" : "s7-t33",
      "begin" : 483,
      "end" : 485,
      "text" : "be",
      "whiteSpace" : false
    }, {
      "id" : "s7-t34",
      "begin" : 486,
      "end" : 490,
      "text" : "used",
      "whiteSpace" : false
    }, {
      "id" : "s7-t35",
      "begin" : 491,
      "end" : 493,
      "text" : "in",
      "whiteSpace" : false
    }, {
      "id" : "s7-t36",
      "begin" : 493,
      "end" : 494,
      "text" : ",",
      "whiteSpace" : false
    }, {
      "id" : "s7-t37",
      "begin" : 495,
      "end" : 503,
      "text" : "obstruct",
      "whiteSpace" : false
    }, {
      "id" : "s7-t38",
      "begin" : 504,
      "end" : 506,
      "text" : "or",
      "whiteSpace" : false
    }, {
      "id" : "s7-t39",
      "begin" : 507,
      "end" : 513,
      "text" : "hinder",
      "whiteSpace" : false
    }, {
      "id" : "s7-t40",
      "begin" : 514,
      "end" : 517,
      "text" : "the",
      "whiteSpace" : false
    }, {
      "id" : "s7-t41",
      "begin" : 518,
      "end" : 522,
      "text" : "free",
      "whiteSpace" : false
    }, {
      "id" : "s7-t42",
      "begin" : 523,
      "end" : 530,
      "text" : "passage",
      "whiteSpace" : false
    }, {
      "id" : "s7-t43",
      "begin" : 531,
      "end" : 538,
      "text" : "thereon",
      "whiteSpace" : false
    }, {
      "id" : "s7-t44",
      "begin" : 539,
      "end" : 541,
      "text" : "by",
      "whiteSpace" : false
    }, {
      "id" : "s7-t45",
      "begin" : 542,
      "end" : 545,
      "text" : "any",
      "whiteSpace" : false
    }, {
      "id" : "s7-t46",
      "begin" : 545,
      "end" : 546,
      "text" : ",",
      "whiteSpace" : false
    }, {
      "id" : "s7-t47",
      "begin" : 547,
      "end" : 552,
      "text" : "shall",
      "whiteSpace" : false
    }, {
      "id" : "s7-t48",
      "begin" : 553,
      "end" : 557,
      "text" : "have",
      "whiteSpace" : false
    }, {
      "id" : "s7-t49",
      "begin" : 558,
      "end" : 561,
      "text" : "the",
      "whiteSpace" : false
    }, {
      "id" : "s7-t50",
      "begin" : 562,
      "end" : 567,
      "text" : "right",
      "whiteSpace" : false
    }, {
      "id" : "s7-t51",
      "begin" : 568,
      "end" : 570,
      "text" : "to",
      "whiteSpace" : false
    }, {
      "id" : "s7-t52",
      "begin" : 571,
      "end" : 578,
      "text" : "improve",
      "whiteSpace" : false
    }, {
      "id" : "s7-t53",
      "begin" : 579,
      "end" : 582,
      "text" : "the",
      "whiteSpace" : false
    }, {
      "id" : "s7-t54",
      "begin" : 583,
      "end" : 590,
      "text" : "roadway",
      "whiteSpace" : false
    }, {
      "id" : "s7-t55",
      "begin" : 591,
      "end" : 594,
      "text" : "but",
      "whiteSpace" : false
    }, {
      "id" : "s7-t56",
      "begin" : 594,
      "end" : 595,
      "text" : ",",
      "whiteSpace" : false
    }, {
      "id" : "s7-t57",
      "begin" : 596,
      "end" : 607,
      "text" : "participate",
      "whiteSpace" : false
    }, {
      "id" : "s7-t58",
      "begin" : 608,
      "end" : 615,
      "text" : "therein",
      "whiteSpace" : false
    }, {
      "id" : "s7-t59",
      "begin" : 616,
      "end" : 618,
      "text" : "or",
      "whiteSpace" : false
    }, {
      "id" : "s7-t60",
      "begin" : 619,
      "end" : 621,
      "text" : "to",
      "whiteSpace" : false
    }, {
      "id" : "s7-t61",
      "begin" : 622,
      "end" : 627,
      "text" : "share",
      "whiteSpace" : false
    }, {
      "id" : "s7-t62",
      "begin" : 628,
      "end" : 630,
      "text" : "in",
      "whiteSpace" : false
    }, {
      "id" : "s7-t63",
      "begin" : 631,
      "end" : 634,
      "text" : "the",
      "whiteSpace" : false
    }, {
      "id" : "s7-t64",
      "begin" : 635,
      "end" : 639,
      "text" : "cost",
      "whiteSpace" : false
    }, {
      "id" : "s7-t65",
      "begin" : 640,
      "end" : 648,
      "text" : "thereof.",
      "whiteSpace" : false
    }, {
      "id" : "s7-t66",
      "begin" : 648,
      "end" : 649,
      "text" : ",",
      "whiteSpace" : false
    }, {
      "id" : "s7-t67",
      "begin" : 650,
      "end" : 655,
      "text" : "BEING",
      "whiteSpace" : false
    }, {
      "id" : "s7-t68",
      "begin" : 656,
      "end" : 657,
      "text" : "a",
      "whiteSpace" : false
    }, {
      "id" : "s7-t69",
      "begin" : 658,
      "end" : 665,
      "text" : "portion",
      "whiteSpace" : false
    }, {
      "id" : "s7-t70",
      "begin" : 666,
      "end" : 668,
      "text" : "of",
      "whiteSpace" : false
    }, {
      "id" : "s7-t71",
      "begin" : 669,
      "end" : 672,
      "text" : "the",
      "whiteSpace" : false
    }, {
      "id" : "s7-t72",
      "begin" : 673,
      "end" : 677,
      "text" : "same",
      "whiteSpace" : false
    }, {
      "id" : "s7-t73",
      "begin" : 678,
      "end" : 686,
      "text" : "property",
      "whiteSpace" : false
    }, {
      "id" : "s7-t74",
      "begin" : 687,
      "end" : 695,
      "text" : "conveyed",
      "whiteSpace" : false
    }, {
      "id" : "s7-t75",
      "begin" : 696,
      "end" : 698,
      "text" : "to",
      "whiteSpace" : false
    }, {
      "id" : "s7-t76",
      "begin" : 699,
      "end" : 706,
      "text" : "Buffalo",
      "whiteSpace" : false
    }, {
      "id" : "s7-t77",
      "begin" : 707,
      "end" : 713,
      "text" : "Valley",
      "whiteSpace" : false
    }, {
      "id" : "s7-t78",
      "begin" : 714,
      "end" : 723,
      "text" : "Resources",
      "whiteSpace" : false
    }, {
      "id" : "s7-t79",
      "begin" : 723,
      "end" : 724,
      "text" : ",",
      "whiteSpace" : false
    }, {
      "id" : "s7-t80",
      "begin" : 725,
      "end" : 729,
      "text" : "Inc.",
      "whiteSpace" : false
    }, {
      "id" : "s7-t81",
      "begin" : 729,
      "end" : 730,
      "text" : ",",
      "whiteSpace" : false
    }, {
      "id" : "s7-t82",
      "begin" : 731,
      "end" : 733,
      "text" : "by",
      "whiteSpace" : false
    }, {
      "id" : "s7-t83",
      "begin" : 734,
      "end" : 738,
      "text" : "deed",
      "whiteSpace" : false
    }, {
      "id" : "s7-t84",
      "begin" : 739,
      "end" : 741,
      "text" : "of",
      "whiteSpace" : false
    }, {
      "id" : "s7-t85",
      "begin" : 742,
      "end" : 748,
      "text" : "record",
      "whiteSpace" : false
    }, {
      "id" : "s7-t86",
      "begin" : 749,
      "end" : 751,
      "text" : "in",
      "whiteSpace" : false
    }, {
      "id" : "s7-t87",
      "begin" : 752,
      "end" : 756,
      "text" : "Deed",
      "whiteSpace" : false
    }, {
      "id" : "s7-t88",
      "begin" : 757,
      "end" : 761,
      "text" : "Book",
      "whiteSpace" : false
    }, {
      "id" : "s7-t89",
      "begin" : 762,
      "end" : 765,
      "text" : "158",
      "whiteSpace" : false
    }, {
      "id" : "s7-t90",
      "begin" : 765,
      "end" : 766,
      "text" : ",",
      "whiteSpace" : false
    }, {
      "id" : "s7-t91",
      "begin" : 767,
      "end" : 771,
      "text" : "page",
      "whiteSpace" : false
    }, {
      "id" : "s7-t92",
      "begin" : 772,
      "end" : 775,
      "text" : "983",
      "whiteSpace" : false
    }, {
      "id" : "s7-t93",
      "begin" : 775,
      "end" : 776,
      "text" : ",",
      "whiteSpace" : false
    }, {
      "id" : "s7-t94",
      "begin" : 777,
      "end" : 785,
      "text" : "Register",
      "whiteSpace" : false
    }, {
      "id" : "s7-t95",
      "begin" : 785,
      "end" : 787,
      "text" : "'s",
      "whiteSpace" : false
    }, {
      "id" : "s7-t96",
      "begin" : 788,
      "end" : 794,
      "text" : "Office",
      "whiteSpace" : false
    }, {
      "id" : "s7-t97",
      "begin" : 795,
      "end" : 797,
      "text" : "of",
      "whiteSpace" : false
    }, {
      "id" : "s7-t98",
      "begin" : 798,
      "end" : 807,
      "text" : "Humphreys",
      "whiteSpace" : false
    }, {
      "id" : "s7-t99",
      "begin" : 808,
      "end" : 814,
      "text" : "County",
      "whiteSpace" : false
    }, {
      "id" : "s7-t100",
      "begin" : 814,
      "end" : 815,
      "text" : ",",
      "whiteSpace" : false
    }, {
      "id" : "s7-t101",
      "begin" : 816,
      "end" : 826,
      "text" : "Tennessee.",
      "whiteSpace" : false
    }, {
      "id" : "s7-t102",
      "begin" : 826,
      "end" : 827,
      "text" : ",",
      "whiteSpace" : false
    }, {
      "id" : "s7-t103",
      "begin" : 828,
      "end" : 832,
      "text" : "This",
      "whiteSpace" : false
    }, {
      "id" : "s7-t104",
      "begin" : 832,
      "end" : 833,
      "text" : ",",
      "whiteSpace" : false
    }, {
      "id" : "s7-t105",
      "begin" : 834,
      "end" : 841,
      "text" : "Malcolm",
      "whiteSpace" : false
    }, {
      "id" : "s7-t106",
      "begin" : 842,
      "end" : 848,
      "text" : "McCarn",
      "whiteSpace" : false
    }, {
      "id" : "s7-t107",
      "begin" : 848,
      "end" : 849,
      "text" : ",",
      "whiteSpace" : false
    }, {
      "id" : "s7-t108",
      "begin" : 850,
      "end" : 853,
      "text" : "its",
      "whiteSpace" : false
    }, {
      "id" : "s7-t109",
      "begin" : 854,
      "end" : 859,
      "text" : "Agent",
      "whiteSpace" : false
    }, {
      "id" : "s7-t110",
      "begin" : 860,
      "end" : 863,
      "text" : "and",
      "whiteSpace" : false
    }, {
      "id" : "s7-t111",
      "begin" : 864,
      "end" : 872,
      "text" : "Attorney",
      "whiteSpace" : false
    }, {
      "id" : "s7-t112",
      "begin" : 872,
      "end" : 873,
      "text" : "~",
      "whiteSpace" : false
    }, {
      "id" : "s7-t113",
      "begin" : 873,
      "end" : 875,
      "text" : "in",
      "whiteSpace" : false
    }, {
      "id" : "s7-t114",
      "begin" : 875,
      "end" : 876,
      "text" : "?",
      "whiteSpace" : false
    } ]
  }, {
    "id" : "s8",
    "begin" : 876,
    "end" : 963,
    "text" : "??fact under Special Power of Attorney of record in Deed Book 161, page 1419, Register?",
    "tokens" : [ {
      "id" : "s8-t0",
      "begin" : 876,
      "end" : 882,
      "text" : "??fact",
      "whiteSpace" : false
    }, {
      "id" : "s8-t1",
      "begin" : 883,
      "end" : 888,
      "text" : "under",
      "whiteSpace" : false
    }, {
      "id" : "s8-t2",
      "begin" : 889,
      "end" : 896,
      "text" : "Special",
      "whiteSpace" : false
    }, {
      "id" : "s8-t3",
      "begin" : 897,
      "end" : 902,
      "text" : "Power",
      "whiteSpace" : false
    }, {
      "id" : "s8-t4",
      "begin" : 903,
      "end" : 905,
      "text" : "of",
      "whiteSpace" : false
    }, {
      "id" : "s8-t5",
      "begin" : 906,
      "end" : 914,
      "text" : "Attorney",
      "whiteSpace" : false
    }, {
      "id" : "s8-t6",
      "begin" : 915,
      "end" : 917,
      "text" : "of",
      "whiteSpace" : false
    }, {
      "id" : "s8-t7",
      "begin" : 918,
      "end" : 924,
      "text" : "record",
      "whiteSpace" : false
    }, {
      "id" : "s8-t8",
      "begin" : 925,
      "end" : 927,
      "text" : "in",
      "whiteSpace" : false
    }, {
      "id" : "s8-t9",
      "begin" : 928,
      "end" : 932,
      "text" : "Deed",
      "whiteSpace" : false
    }, {
      "id" : "s8-t10",
      "begin" : 933,
      "end" : 937,
      "text" : "Book",
      "whiteSpace" : false
    }, {
      "id" : "s8-t11",
      "begin" : 938,
      "end" : 941,
      "text" : "161",
      "whiteSpace" : false
    }, {
      "id" : "s8-t12",
      "begin" : 941,
      "end" : 942,
      "text" : ",",
      "whiteSpace" : false
    }, {
      "id" : "s8-t13",
      "begin" : 943,
      "end" : 947,
      "text" : "page",
      "whiteSpace" : false
    }, {
      "id" : "s8-t14",
      "begin" : 948,
      "end" : 952,
      "text" : "1419",
      "whiteSpace" : false
    }, {
      "id" : "s8-t15",
      "begin" : 952,
      "end" : 953,
      "text" : ",",
      "whiteSpace" : false
    }, {
      "id" : "s8-t16",
      "begin" : 954,
      "end" : 962,
      "text" : "Register",
      "whiteSpace" : false
    }, {
      "id" : "s8-t17",
      "begin" : 962,
      "end" : 963,
      "text" : "?",
      "whiteSpace" : false
    } ]
  }, {
    "id" : "s9",
    "begin" : 963,
    "end" : 1087,
    "text" : "??s Office of Humphreys County, Tennessee., STATE OF TENNESSEE - HUMPHREYS comm aacnveo FOR RECORD THE 1.6.. DAY or, mm WWW]",
    "tokens" : [ {
      "id" : "s9-t0",
      "begin" : 963,
      "end" : 966,
      "text" : "??s",
      "whiteSpace" : false
    }, {
      "id" : "s9-t1",
      "begin" : 967,
      "end" : 973,
      "text" : "Office",
      "whiteSpace" : false
    }, {
      "id" : "s9-t2",
      "begin" : 974,
      "end" : 976,
      "text" : "of",
      "whiteSpace" : false
    }, {
      "id" : "s9-t3",
      "begin" : 977,
      "end" : 986,
      "text" : "Humphreys",
      "whiteSpace" : false
    }, {
      "id" : "s9-t4",
      "begin" : 987,
      "end" : 993,
      "text" : "County",
      "whiteSpace" : false
    }, {
      "id" : "s9-t5",
      "begin" : 993,
      "end" : 994,
      "text" : ",",
      "whiteSpace" : false
    }, {
      "id" : "s9-t6",
      "begin" : 995,
      "end" : 1005,
      "text" : "Tennessee.",
      "whiteSpace" : false
    }, {
      "id" : "s9-t7",
      "begin" : 1005,
      "end" : 1006,
      "text" : ",",
      "whiteSpace" : false
    }, {
      "id" : "s9-t8",
      "begin" : 1007,
      "end" : 1012,
      "text" : "STATE",
      "whiteSpace" : false
    }, {
      "id" : "s9-t9",
      "begin" : 1013,
      "end" : 1015,
      "text" : "OF",
      "whiteSpace" : false
    }, {
      "id" : "s9-t10",
      "begin" : 1016,
      "end" : 1025,
      "text" : "TENNESSEE",
      "whiteSpace" : false
    }, {
      "id" : "s9-t11",
      "begin" : 1026,
      "end" : 1027,
      "text" : "-",
      "whiteSpace" : false
    }, {
      "id" : "s9-t12",
      "begin" : 1028,
      "end" : 1037,
      "text" : "HUMPHREYS",
      "whiteSpace" : false
    }, {
      "id" : "s9-t13",
      "begin" : 1038,
      "end" : 1042,
      "text" : "comm",
      "whiteSpace" : false
    }, {
      "id" : "s9-t14",
      "begin" : 1043,
      "end" : 1050,
      "text" : "aacnveo",
      "whiteSpace" : false
    }, {
      "id" : "s9-t15",
      "begin" : 1051,
      "end" : 1054,
      "text" : "FOR",
      "whiteSpace" : false
    }, {
      "id" : "s9-t16",
      "begin" : 1055,
      "end" : 1061,
      "text" : "RECORD",
      "whiteSpace" : false
    }, {
      "id" : "s9-t17",
      "begin" : 1062,
      "end" : 1065,
      "text" : "THE",
      "whiteSpace" : false
    }, {
      "id" : "s9-t18",
      "begin" : 1066,
      "end" : 1069,
      "text" : "1.6",
      "whiteSpace" : false
    }, {
      "id" : "s9-t19",
      "begin" : 1069,
      "end" : 1071,
      "text" : "..",
      "whiteSpace" : false
    }, {
      "id" : "s9-t20",
      "begin" : 1072,
      "end" : 1075,
      "text" : "DAY",
      "whiteSpace" : false
    }, {
      "id" : "s9-t21",
      "begin" : 1076,
      "end" : 1078,
      "text" : "or",
      "whiteSpace" : false
    }, {
      "id" : "s9-t22",
      "begin" : 1078,
      "end" : 1079,
      "text" : ",",
      "whiteSpace" : false
    }, {
      "id" : "s9-t23",
      "begin" : 1080,
      "end" : 1082,
      "text" : "mm",
      "whiteSpace" : false
    }, {
      "id" : "s9-t24",
      "begin" : 1083,
      "end" : 1086,
      "text" : "WWW",
      "whiteSpace" : false
    }, {
      "id" : "s9-t25",
      "begin" : 1086,
      "end" : 1087,
      "text" : "]",
      "whiteSpace" : false
    } ]
  } ],
  "mentions" : [ {
    "id" : "s8-m1",
    "properties" : {
      "SIRE_MENTION_ROLE" : "WarrDeedBookNum",
      "SIRE_ENTITY_SUBTYPE" : "NONE",
      "SIRE_MENTION_TYPE" : "NONE",
      "SIRE_MENTION_CLASS" : "SPC"
    },
    "type" : "WarrDeedBookNum",
    "begin" : 938,
    "end" : 941,
    "inCoref" : false
  }, {
    "id" : "s8-m2",
    "properties" : {
      "SIRE_MENTION_ROLE" : "WarrDeedPageNum",
      "SIRE_ENTITY_SUBTYPE" : "NONE",
      "SIRE_MENTION_TYPE" : "NONE",
      "SIRE_MENTION_CLASS" : "SPC"
    },
    "type" : "WarrDeedPageNum",
    "begin" : 948,
    "end" : 952,
    "inCoref" : false
  } ],
  "relations" : [ ],
  "corefs" : [ ],
  "typeResolved" : true,
  "userResolved" : false
}