{
  "id" : "a5e530f0-54dc-11e9-9b8e-4bc9d96d3dde-1",
  "name" : "WD165-13.txt",
  "createdDate" : 1554164226431,
  "version" : 3,
  "text" : " Tennessee, as follows: TRACT NO. 1: Lying in the 5th Civil District of Humphreys County, TN and being a part of a larger tract of land belonging to Maxie'and Linda Wilkinson (Tax Map #156, Parcel #25 as described in Deed Book 160, page 1106) and a portion of Tract #16 on Plat Cabinet \"A \", Slide 194 at the Register's Office of Humphreys County, TN and being more BEGINNING at an iron pin set in the East margin of a private gravel road (50 feet wide R.O.W.) at the Northwest corner of the larger tract of which this is a margin of a private gravel road; thence with said margin the following calls: North 61 degrees 17 minutes 35 BK amiss PG 11 seconds West 1.65 feet, North 34 degrees 26 minutes 09 seconds West 148.86 feet, North 04 degrees 37 minutes 36 seconds East 45.38 feet to the point of beginning and BEING a portion of the same property conveyed to Maxie Wilkinson and wife, Linda Wilkinson by instrument of record at Deed Book 160, page 1106, Register's Office, Humphreys County, Tennessee. THERE IS FURTHER transferred and conveyed to the grantee herein the right to use a private road easement as deeded to the owners of the properties adjoining and served by such private road easement as reflected ???x: a plat of Southern Timber Mart Subdivision recorded at Cabinet A, Slide 194, Register's Office, Humphreys County, Tennessee. ",
  "docLength" : 0,
  "language" : "EN",
  "status" : "SUBMITTED",
  "modifiedDate" : 1554165411153,
  "documentSet" : [ ],
  "preannotation" : [ ],
  "sentences" : [ {
    "id" : "s0",
    "begin" : 1,
    "end" : 33,
    "text" : "Tennessee, as follows: TRACT NO.",
    "tokens" : [ {
      "id" : "s0-t0",
      "begin" : 1,
      "end" : 10,
      "text" : "Tennessee",
      "whiteSpace" : false
    }, {
      "id" : "s0-t1",
      "begin" : 10,
      "end" : 11,
      "text" : ",",
      "whiteSpace" : false
    }, {
      "id" : "s0-t2",
      "begin" : 12,
      "end" : 14,
      "text" : "as",
      "whiteSpace" : false
    }, {
      "id" : "s0-t3",
      "begin" : 15,
      "end" : 22,
      "text" : "follows",
      "whiteSpace" : false
    }, {
      "id" : "s0-t4",
      "begin" : 22,
      "end" : 23,
      "text" : ":",
      "whiteSpace" : false
    }, {
      "id" : "s0-t5",
      "begin" : 24,
      "end" : 29,
      "text" : "TRACT",
      "whiteSpace" : false
    }, {
      "id" : "s0-t6",
      "begin" : 30,
      "end" : 32,
      "text" : "NO",
      "whiteSpace" : false
    }, {
      "id" : "s0-t7",
      "begin" : 32,
      "end" : 33,
      "text" : ".",
      "whiteSpace" : false
    } ]
  }, {
    "id" : "s1",
    "begin" : 34,
    "end" : 1005,
    "text" : "1: Lying in the 5th Civil District of Humphreys County, TN and being a part of a larger tract of land belonging to Maxie'and Linda Wilkinson (Tax Map #156, Parcel #25 as described in Deed Book 160, page 1106) and a portion of Tract #16 on Plat Cabinet \"A \", Slide 194 at the Register's Office of Humphreys County, TN and being more BEGINNING at an iron pin set in the East margin of a private gravel road (50 feet wide R.O.W.) at the Northwest corner of the larger tract of which this is a margin of a private gravel road; thence with said margin the following calls: North 61 degrees 17 minutes 35 BK amiss PG 11 seconds West 1.65 feet, North 34 degrees 26 minutes 09 seconds West 148.86 feet, North 04 degrees 37 minutes 36 seconds East 45.38 feet to the point of beginning and BEING a portion of the same property conveyed to Maxie Wilkinson and wife, Linda Wilkinson by instrument of record at Deed Book 160, page 1106, Register's Office, Humphreys County, Tennessee.",
    "tokens" : [ {
      "id" : "s1-t0",
      "begin" : 34,
      "end" : 35,
      "text" : "1",
      "whiteSpace" : false
    }, {
      "id" : "s1-t1",
      "begin" : 35,
      "end" : 36,
      "text" : ":",
      "whiteSpace" : false
    }, {
      "id" : "s1-t2",
      "begin" : 37,
      "end" : 42,
      "text" : "Lying",
      "whiteSpace" : false
    }, {
      "id" : "s1-t3",
      "begin" : 43,
      "end" : 45,
      "text" : "in",
      "whiteSpace" : false
    }, {
      "id" : "s1-t4",
      "begin" : 46,
      "end" : 49,
      "text" : "the",
      "whiteSpace" : false
    }, {
      "id" : "s1-t5",
      "begin" : 50,
      "end" : 53,
      "text" : "5th",
      "whiteSpace" : false
    }, {
      "id" : "s1-t6",
      "begin" : 54,
      "end" : 59,
      "text" : "Civil",
      "whiteSpace" : false
    }, {
      "id" : "s1-t7",
      "begin" : 60,
      "end" : 68,
      "text" : "District",
      "whiteSpace" : false
    }, {
      "id" : "s1-t8",
      "begin" : 69,
      "end" : 71,
      "text" : "of",
      "whiteSpace" : false
    }, {
      "id" : "s1-t9",
      "begin" : 72,
      "end" : 81,
      "text" : "Humphreys",
      "whiteSpace" : false
    }, {
      "id" : "s1-t10",
      "begin" : 82,
      "end" : 88,
      "text" : "County",
      "whiteSpace" : false
    }, {
      "id" : "s1-t11",
      "begin" : 88,
      "end" : 89,
      "text" : ",",
      "whiteSpace" : false
    }, {
      "id" : "s1-t12",
      "begin" : 90,
      "end" : 92,
      "text" : "TN",
      "whiteSpace" : false
    }, {
      "id" : "s1-t13",
      "begin" : 93,
      "end" : 96,
      "text" : "and",
      "whiteSpace" : false
    }, {
      "id" : "s1-t14",
      "begin" : 97,
      "end" : 102,
      "text" : "being",
      "whiteSpace" : false
    }, {
      "id" : "s1-t15",
      "begin" : 103,
      "end" : 104,
      "text" : "a",
      "whiteSpace" : false
    }, {
      "id" : "s1-t16",
      "begin" : 105,
      "end" : 109,
      "text" : "part",
      "whiteSpace" : false
    }, {
      "id" : "s1-t17",
      "begin" : 110,
      "end" : 112,
      "text" : "of",
      "whiteSpace" : false
    }, {
      "id" : "s1-t18",
      "begin" : 113,
      "end" : 114,
      "text" : "a",
      "whiteSpace" : false
    }, {
      "id" : "s1-t19",
      "begin" : 115,
      "end" : 121,
      "text" : "larger",
      "whiteSpace" : false
    }, {
      "id" : "s1-t20",
      "begin" : 122,
      "end" : 127,
      "text" : "tract",
      "whiteSpace" : false
    }, {
      "id" : "s1-t21",
      "begin" : 128,
      "end" : 130,
      "text" : "of",
      "whiteSpace" : false
    }, {
      "id" : "s1-t22",
      "begin" : 131,
      "end" : 135,
      "text" : "land",
      "whiteSpace" : false
    }, {
      "id" : "s1-t23",
      "begin" : 136,
      "end" : 145,
      "text" : "belonging",
      "whiteSpace" : false
    }, {
      "id" : "s1-t24",
      "begin" : 146,
      "end" : 148,
      "text" : "to",
      "whiteSpace" : false
    }, {
      "id" : "s1-t25",
      "begin" : 149,
      "end" : 158,
      "text" : "Maxie'and",
      "whiteSpace" : false
    }, {
      "id" : "s1-t26",
      "begin" : 159,
      "end" : 164,
      "text" : "Linda",
      "whiteSpace" : false
    }, {
      "id" : "s1-t27",
      "begin" : 165,
      "end" : 174,
      "text" : "Wilkinson",
      "whiteSpace" : false
    }, {
      "id" : "s1-t28",
      "begin" : 175,
      "end" : 176,
      "text" : "(",
      "whiteSpace" : false
    }, {
      "id" : "s1-t29",
      "begin" : 176,
      "end" : 179,
      "text" : "Tax",
      "whiteSpace" : false
    }, {
      "id" : "s1-t30",
      "begin" : 180,
      "end" : 183,
      "text" : "Map",
      "whiteSpace" : false
    }, {
      "id" : "s1-t31",
      "begin" : 184,
      "end" : 188,
      "text" : "#156",
      "whiteSpace" : false
    }, {
      "id" : "s1-t32",
      "begin" : 188,
      "end" : 189,
      "text" : ",",
      "whiteSpace" : false
    }, {
      "id" : "s1-t33",
      "begin" : 190,
      "end" : 196,
      "text" : "Parcel",
      "whiteSpace" : false
    }, {
      "id" : "s1-t34",
      "begin" : 197,
      "end" : 200,
      "text" : "#25",
      "whiteSpace" : false
    }, {
      "id" : "s1-t35",
      "begin" : 201,
      "end" : 203,
      "text" : "as",
      "whiteSpace" : false
    }, {
      "id" : "s1-t36",
      "begin" : 204,
      "end" : 213,
      "text" : "described",
      "whiteSpace" : false
    }, {
      "id" : "s1-t37",
      "begin" : 214,
      "end" : 216,
      "text" : "in",
      "whiteSpace" : false
    }, {
      "id" : "s1-t38",
      "begin" : 217,
      "end" : 221,
      "text" : "Deed",
      "whiteSpace" : false
    }, {
      "id" : "s1-t39",
      "begin" : 222,
      "end" : 226,
      "text" : "Book",
      "whiteSpace" : false
    }, {
      "id" : "s1-t40",
      "begin" : 227,
      "end" : 230,
      "text" : "160",
      "whiteSpace" : false
    }, {
      "id" : "s1-t41",
      "begin" : 230,
      "end" : 231,
      "text" : ",",
      "whiteSpace" : false
    }, {
      "id" : "s1-t42",
      "begin" : 232,
      "end" : 236,
      "text" : "page",
      "whiteSpace" : false
    }, {
      "id" : "s1-t43",
      "begin" : 237,
      "end" : 241,
      "text" : "1106",
      "whiteSpace" : false
    }, {
      "id" : "s1-t44",
      "begin" : 241,
      "end" : 242,
      "text" : ")",
      "whiteSpace" : false
    }, {
      "id" : "s1-t45",
      "begin" : 243,
      "end" : 246,
      "text" : "and",
      "whiteSpace" : false
    }, {
      "id" : "s1-t46",
      "begin" : 247,
      "end" : 248,
      "text" : "a",
      "whiteSpace" : false
    }, {
      "id" : "s1-t47",
      "begin" : 249,
      "end" : 256,
      "text" : "portion",
      "whiteSpace" : false
    }, {
      "id" : "s1-t48",
      "begin" : 257,
      "end" : 259,
      "text" : "of",
      "whiteSpace" : false
    }, {
      "id" : "s1-t49",
      "begin" : 260,
      "end" : 265,
      "text" : "Tract",
      "whiteSpace" : false
    }, {
      "id" : "s1-t50",
      "begin" : 266,
      "end" : 269,
      "text" : "#16",
      "whiteSpace" : false
    }, {
      "id" : "s1-t51",
      "begin" : 270,
      "end" : 272,
      "text" : "on",
      "whiteSpace" : false
    }, {
      "id" : "s1-t52",
      "begin" : 273,
      "end" : 277,
      "text" : "Plat",
      "whiteSpace" : false
    }, {
      "id" : "s1-t53",
      "begin" : 278,
      "end" : 285,
      "text" : "Cabinet",
      "whiteSpace" : false
    }, {
      "id" : "s1-t54",
      "begin" : 286,
      "end" : 287,
      "text" : "\"",
      "whiteSpace" : false
    }, {
      "id" : "s1-t55",
      "begin" : 287,
      "end" : 288,
      "text" : "A",
      "whiteSpace" : false
    }, {
      "id" : "s1-t56",
      "begin" : 289,
      "end" : 290,
      "text" : "\"",
      "whiteSpace" : false
    }, {
      "id" : "s1-t57",
      "begin" : 290,
      "end" : 291,
      "text" : ",",
      "whiteSpace" : false
    }, {
      "id" : "s1-t58",
      "begin" : 292,
      "end" : 297,
      "text" : "Slide",
      "whiteSpace" : false
    }, {
      "id" : "s1-t59",
      "begin" : 298,
      "end" : 301,
      "text" : "194",
      "whiteSpace" : false
    }, {
      "id" : "s1-t60",
      "begin" : 302,
      "end" : 304,
      "text" : "at",
      "whiteSpace" : false
    }, {
      "id" : "s1-t61",
      "begin" : 305,
      "end" : 308,
      "text" : "the",
      "whiteSpace" : false
    }, {
      "id" : "s1-t62",
      "begin" : 309,
      "end" : 317,
      "text" : "Register",
      "whiteSpace" : false
    }, {
      "id" : "s1-t63",
      "begin" : 317,
      "end" : 319,
      "text" : "'s",
      "whiteSpace" : false
    }, {
      "id" : "s1-t64",
      "begin" : 320,
      "end" : 326,
      "text" : "Office",
      "whiteSpace" : false
    }, {
      "id" : "s1-t65",
      "begin" : 327,
      "end" : 329,
      "text" : "of",
      "whiteSpace" : false
    }, {
      "id" : "s1-t66",
      "begin" : 330,
      "end" : 339,
      "text" : "Humphreys",
      "whiteSpace" : false
    }, {
      "id" : "s1-t67",
      "begin" : 340,
      "end" : 346,
      "text" : "County",
      "whiteSpace" : false
    }, {
      "id" : "s1-t68",
      "begin" : 346,
      "end" : 347,
      "text" : ",",
      "whiteSpace" : false
    }, {
      "id" : "s1-t69",
      "begin" : 348,
      "end" : 350,
      "text" : "TN",
      "whiteSpace" : false
    }, {
      "id" : "s1-t70",
      "begin" : 351,
      "end" : 354,
      "text" : "and",
      "whiteSpace" : false
    }, {
      "id" : "s1-t71",
      "begin" : 355,
      "end" : 360,
      "text" : "being",
      "whiteSpace" : false
    }, {
      "id" : "s1-t72",
      "begin" : 361,
      "end" : 365,
      "text" : "more",
      "whiteSpace" : false
    }, {
      "id" : "s1-t73",
      "begin" : 366,
      "end" : 375,
      "text" : "BEGINNING",
      "whiteSpace" : false
    }, {
      "id" : "s1-t74",
      "begin" : 376,
      "end" : 378,
      "text" : "at",
      "whiteSpace" : false
    }, {
      "id" : "s1-t75",
      "begin" : 379,
      "end" : 381,
      "text" : "an",
      "whiteSpace" : false
    }, {
      "id" : "s1-t76",
      "begin" : 382,
      "end" : 386,
      "text" : "iron",
      "whiteSpace" : false
    }, {
      "id" : "s1-t77",
      "begin" : 387,
      "end" : 390,
      "text" : "pin",
      "whiteSpace" : false
    }, {
      "id" : "s1-t78",
      "begin" : 391,
      "end" : 394,
      "text" : "set",
      "whiteSpace" : false
    }, {
      "id" : "s1-t79",
      "begin" : 395,
      "end" : 397,
      "text" : "in",
      "whiteSpace" : false
    }, {
      "id" : "s1-t80",
      "begin" : 398,
      "end" : 401,
      "text" : "the",
      "whiteSpace" : false
    }, {
      "id" : "s1-t81",
      "begin" : 402,
      "end" : 406,
      "text" : "East",
      "whiteSpace" : false
    }, {
      "id" : "s1-t82",
      "begin" : 407,
      "end" : 413,
      "text" : "margin",
      "whiteSpace" : false
    }, {
      "id" : "s1-t83",
      "begin" : 414,
      "end" : 416,
      "text" : "of",
      "whiteSpace" : false
    }, {
      "id" : "s1-t84",
      "begin" : 417,
      "end" : 418,
      "text" : "a",
      "whiteSpace" : false
    }, {
      "id" : "s1-t85",
      "begin" : 419,
      "end" : 426,
      "text" : "private",
      "whiteSpace" : false
    }, {
      "id" : "s1-t86",
      "begin" : 427,
      "end" : 433,
      "text" : "gravel",
      "whiteSpace" : false
    }, {
      "id" : "s1-t87",
      "begin" : 434,
      "end" : 438,
      "text" : "road",
      "whiteSpace" : false
    }, {
      "id" : "s1-t88",
      "begin" : 439,
      "end" : 440,
      "text" : "(",
      "whiteSpace" : false
    }, {
      "id" : "s1-t89",
      "begin" : 440,
      "end" : 442,
      "text" : "50",
      "whiteSpace" : false
    }, {
      "id" : "s1-t90",
      "begin" : 443,
      "end" : 447,
      "text" : "feet",
      "whiteSpace" : false
    }, {
      "id" : "s1-t91",
      "begin" : 448,
      "end" : 452,
      "text" : "wide",
      "whiteSpace" : false
    }, {
      "id" : "s1-t92",
      "begin" : 453,
      "end" : 459,
      "text" : "R.O.W.",
      "whiteSpace" : false
    }, {
      "id" : "s1-t93",
      "begin" : 459,
      "end" : 460,
      "text" : ")",
      "whiteSpace" : false
    }, {
      "id" : "s1-t94",
      "begin" : 461,
      "end" : 463,
      "text" : "at",
      "whiteSpace" : false
    }, {
      "id" : "s1-t95",
      "begin" : 464,
      "end" : 467,
      "text" : "the",
      "whiteSpace" : false
    }, {
      "id" : "s1-t96",
      "begin" : 468,
      "end" : 477,
      "text" : "Northwest",
      "whiteSpace" : false
    }, {
      "id" : "s1-t97",
      "begin" : 478,
      "end" : 484,
      "text" : "corner",
      "whiteSpace" : false
    }, {
      "id" : "s1-t98",
      "begin" : 485,
      "end" : 487,
      "text" : "of",
      "whiteSpace" : false
    }, {
      "id" : "s1-t99",
      "begin" : 488,
      "end" : 491,
      "text" : "the",
      "whiteSpace" : false
    }, {
      "id" : "s1-t100",
      "begin" : 492,
      "end" : 498,
      "text" : "larger",
      "whiteSpace" : false
    }, {
      "id" : "s1-t101",
      "begin" : 499,
      "end" : 504,
      "text" : "tract",
      "whiteSpace" : false
    }, {
      "id" : "s1-t102",
      "begin" : 505,
      "end" : 507,
      "text" : "of",
      "whiteSpace" : false
    }, {
      "id" : "s1-t103",
      "begin" : 508,
      "end" : 513,
      "text" : "which",
      "whiteSpace" : false
    }, {
      "id" : "s1-t104",
      "begin" : 514,
      "end" : 518,
      "text" : "this",
      "whiteSpace" : false
    }, {
      "id" : "s1-t105",
      "begin" : 519,
      "end" : 521,
      "text" : "is",
      "whiteSpace" : false
    }, {
      "id" : "s1-t106",
      "begin" : 522,
      "end" : 523,
      "text" : "a",
      "whiteSpace" : false
    }, {
      "id" : "s1-t107",
      "begin" : 524,
      "end" : 530,
      "text" : "margin",
      "whiteSpace" : false
    }, {
      "id" : "s1-t108",
      "begin" : 531,
      "end" : 533,
      "text" : "of",
      "whiteSpace" : false
    }, {
      "id" : "s1-t109",
      "begin" : 534,
      "end" : 535,
      "text" : "a",
      "whiteSpace" : false
    }, {
      "id" : "s1-t110",
      "begin" : 536,
      "end" : 543,
      "text" : "private",
      "whiteSpace" : false
    }, {
      "id" : "s1-t111",
      "begin" : 544,
      "end" : 550,
      "text" : "gravel",
      "whiteSpace" : false
    }, {
      "id" : "s1-t112",
      "begin" : 551,
      "end" : 555,
      "text" : "road",
      "whiteSpace" : false
    }, {
      "id" : "s1-t113",
      "begin" : 555,
      "end" : 556,
      "text" : ";",
      "whiteSpace" : false
    }, {
      "id" : "s1-t114",
      "begin" : 557,
      "end" : 563,
      "text" : "thence",
      "whiteSpace" : false
    }, {
      "id" : "s1-t115",
      "begin" : 564,
      "end" : 568,
      "text" : "with",
      "whiteSpace" : false
    }, {
      "id" : "s1-t116",
      "begin" : 569,
      "end" : 573,
      "text" : "said",
      "whiteSpace" : false
    }, {
      "id" : "s1-t117",
      "begin" : 574,
      "end" : 580,
      "text" : "margin",
      "whiteSpace" : false
    }, {
      "id" : "s1-t118",
      "begin" : 581,
      "end" : 584,
      "text" : "the",
      "whiteSpace" : false
    }, {
      "id" : "s1-t119",
      "begin" : 585,
      "end" : 594,
      "text" : "following",
      "whiteSpace" : false
    }, {
      "id" : "s1-t120",
      "begin" : 595,
      "end" : 600,
      "text" : "calls",
      "whiteSpace" : false
    }, {
      "id" : "s1-t121",
      "begin" : 600,
      "end" : 601,
      "text" : ":",
      "whiteSpace" : false
    }, {
      "id" : "s1-t122",
      "begin" : 602,
      "end" : 607,
      "text" : "North",
      "whiteSpace" : false
    }, {
      "id" : "s1-t123",
      "begin" : 608,
      "end" : 610,
      "text" : "61",
      "whiteSpace" : false
    }, {
      "id" : "s1-t124",
      "begin" : 611,
      "end" : 618,
      "text" : "degrees",
      "whiteSpace" : false
    }, {
      "id" : "s1-t125",
      "begin" : 619,
      "end" : 621,
      "text" : "17",
      "whiteSpace" : false
    }, {
      "id" : "s1-t126",
      "begin" : 622,
      "end" : 629,
      "text" : "minutes",
      "whiteSpace" : false
    }, {
      "id" : "s1-t127",
      "begin" : 630,
      "end" : 632,
      "text" : "35",
      "whiteSpace" : false
    }, {
      "id" : "s1-t128",
      "begin" : 633,
      "end" : 635,
      "text" : "BK",
      "whiteSpace" : false
    }, {
      "id" : "s1-t129",
      "begin" : 636,
      "end" : 641,
      "text" : "amiss",
      "whiteSpace" : false
    }, {
      "id" : "s1-t130",
      "begin" : 642,
      "end" : 644,
      "text" : "PG",
      "whiteSpace" : false
    }, {
      "id" : "s1-t131",
      "begin" : 645,
      "end" : 647,
      "text" : "11",
      "whiteSpace" : false
    }, {
      "id" : "s1-t132",
      "begin" : 648,
      "end" : 655,
      "text" : "seconds",
      "whiteSpace" : false
    }, {
      "id" : "s1-t133",
      "begin" : 656,
      "end" : 660,
      "text" : "West",
      "whiteSpace" : false
    }, {
      "id" : "s1-t134",
      "begin" : 661,
      "end" : 665,
      "text" : "1.65",
      "whiteSpace" : false
    }, {
      "id" : "s1-t135",
      "begin" : 666,
      "end" : 670,
      "text" : "feet",
      "whiteSpace" : false
    }, {
      "id" : "s1-t136",
      "begin" : 670,
      "end" : 671,
      "text" : ",",
      "whiteSpace" : false
    }, {
      "id" : "s1-t137",
      "begin" : 672,
      "end" : 677,
      "text" : "North",
      "whiteSpace" : false
    }, {
      "id" : "s1-t138",
      "begin" : 678,
      "end" : 680,
      "text" : "34",
      "whiteSpace" : false
    }, {
      "id" : "s1-t139",
      "begin" : 681,
      "end" : 688,
      "text" : "degrees",
      "whiteSpace" : false
    }, {
      "id" : "s1-t140",
      "begin" : 689,
      "end" : 691,
      "text" : "26",
      "whiteSpace" : false
    }, {
      "id" : "s1-t141",
      "begin" : 692,
      "end" : 699,
      "text" : "minutes",
      "whiteSpace" : false
    }, {
      "id" : "s1-t142",
      "begin" : 700,
      "end" : 702,
      "text" : "09",
      "whiteSpace" : false
    }, {
      "id" : "s1-t143",
      "begin" : 703,
      "end" : 710,
      "text" : "seconds",
      "whiteSpace" : false
    }, {
      "id" : "s1-t144",
      "begin" : 711,
      "end" : 715,
      "text" : "West",
      "whiteSpace" : false
    }, {
      "id" : "s1-t145",
      "begin" : 716,
      "end" : 722,
      "text" : "148.86",
      "whiteSpace" : false
    }, {
      "id" : "s1-t146",
      "begin" : 723,
      "end" : 727,
      "text" : "feet",
      "whiteSpace" : false
    }, {
      "id" : "s1-t147",
      "begin" : 727,
      "end" : 728,
      "text" : ",",
      "whiteSpace" : false
    }, {
      "id" : "s1-t148",
      "begin" : 729,
      "end" : 734,
      "text" : "North",
      "whiteSpace" : false
    }, {
      "id" : "s1-t149",
      "begin" : 735,
      "end" : 737,
      "text" : "04",
      "whiteSpace" : false
    }, {
      "id" : "s1-t150",
      "begin" : 738,
      "end" : 745,
      "text" : "degrees",
      "whiteSpace" : false
    }, {
      "id" : "s1-t151",
      "begin" : 746,
      "end" : 748,
      "text" : "37",
      "whiteSpace" : false
    }, {
      "id" : "s1-t152",
      "begin" : 749,
      "end" : 756,
      "text" : "minutes",
      "whiteSpace" : false
    }, {
      "id" : "s1-t153",
      "begin" : 757,
      "end" : 759,
      "text" : "36",
      "whiteSpace" : false
    }, {
      "id" : "s1-t154",
      "begin" : 760,
      "end" : 767,
      "text" : "seconds",
      "whiteSpace" : false
    }, {
      "id" : "s1-t155",
      "begin" : 768,
      "end" : 772,
      "text" : "East",
      "whiteSpace" : false
    }, {
      "id" : "s1-t156",
      "begin" : 773,
      "end" : 778,
      "text" : "45.38",
      "whiteSpace" : false
    }, {
      "id" : "s1-t157",
      "begin" : 779,
      "end" : 783,
      "text" : "feet",
      "whiteSpace" : false
    }, {
      "id" : "s1-t158",
      "begin" : 784,
      "end" : 786,
      "text" : "to",
      "whiteSpace" : false
    }, {
      "id" : "s1-t159",
      "begin" : 787,
      "end" : 790,
      "text" : "the",
      "whiteSpace" : false
    }, {
      "id" : "s1-t160",
      "begin" : 791,
      "end" : 796,
      "text" : "point",
      "whiteSpace" : false
    }, {
      "id" : "s1-t161",
      "begin" : 797,
      "end" : 799,
      "text" : "of",
      "whiteSpace" : false
    }, {
      "id" : "s1-t162",
      "begin" : 800,
      "end" : 809,
      "text" : "beginning",
      "whiteSpace" : false
    }, {
      "id" : "s1-t163",
      "begin" : 810,
      "end" : 813,
      "text" : "and",
      "whiteSpace" : false
    }, {
      "id" : "s1-t164",
      "begin" : 814,
      "end" : 819,
      "text" : "BEING",
      "whiteSpace" : false
    }, {
      "id" : "s1-t165",
      "begin" : 820,
      "end" : 821,
      "text" : "a",
      "whiteSpace" : false
    }, {
      "id" : "s1-t166",
      "begin" : 822,
      "end" : 829,
      "text" : "portion",
      "whiteSpace" : false
    }, {
      "id" : "s1-t167",
      "begin" : 830,
      "end" : 832,
      "text" : "of",
      "whiteSpace" : false
    }, {
      "id" : "s1-t168",
      "begin" : 833,
      "end" : 836,
      "text" : "the",
      "whiteSpace" : false
    }, {
      "id" : "s1-t169",
      "begin" : 837,
      "end" : 841,
      "text" : "same",
      "whiteSpace" : false
    }, {
      "id" : "s1-t170",
      "begin" : 842,
      "end" : 850,
      "text" : "property",
      "whiteSpace" : false
    }, {
      "id" : "s1-t171",
      "begin" : 851,
      "end" : 859,
      "text" : "conveyed",
      "whiteSpace" : false
    }, {
      "id" : "s1-t172",
      "begin" : 860,
      "end" : 862,
      "text" : "to",
      "whiteSpace" : false
    }, {
      "id" : "s1-t173",
      "begin" : 863,
      "end" : 868,
      "text" : "Maxie",
      "whiteSpace" : false
    }, {
      "id" : "s1-t174",
      "begin" : 869,
      "end" : 878,
      "text" : "Wilkinson",
      "whiteSpace" : false
    }, {
      "id" : "s1-t175",
      "begin" : 879,
      "end" : 882,
      "text" : "and",
      "whiteSpace" : false
    }, {
      "id" : "s1-t176",
      "begin" : 883,
      "end" : 887,
      "text" : "wife",
      "whiteSpace" : false
    }, {
      "id" : "s1-t177",
      "begin" : 887,
      "end" : 888,
      "text" : ",",
      "whiteSpace" : false
    }, {
      "id" : "s1-t178",
      "begin" : 889,
      "end" : 894,
      "text" : "Linda",
      "whiteSpace" : false
    }, {
      "id" : "s1-t179",
      "begin" : 895,
      "end" : 904,
      "text" : "Wilkinson",
      "whiteSpace" : false
    }, {
      "id" : "s1-t180",
      "begin" : 905,
      "end" : 907,
      "text" : "by",
      "whiteSpace" : false
    }, {
      "id" : "s1-t181",
      "begin" : 908,
      "end" : 918,
      "text" : "instrument",
      "whiteSpace" : false
    }, {
      "id" : "s1-t182",
      "begin" : 919,
      "end" : 921,
      "text" : "of",
      "whiteSpace" : false
    }, {
      "id" : "s1-t183",
      "begin" : 922,
      "end" : 928,
      "text" : "record",
      "whiteSpace" : false
    }, {
      "id" : "s1-t184",
      "begin" : 929,
      "end" : 931,
      "text" : "at",
      "whiteSpace" : false
    }, {
      "id" : "s1-t185",
      "begin" : 932,
      "end" : 936,
      "text" : "Deed",
      "whiteSpace" : false
    }, {
      "id" : "s1-t186",
      "begin" : 937,
      "end" : 941,
      "text" : "Book",
      "whiteSpace" : false
    }, {
      "id" : "s1-t187",
      "begin" : 942,
      "end" : 945,
      "text" : "160",
      "whiteSpace" : false
    }, {
      "id" : "s1-t188",
      "begin" : 945,
      "end" : 946,
      "text" : ",",
      "whiteSpace" : false
    }, {
      "id" : "s1-t189",
      "begin" : 947,
      "end" : 951,
      "text" : "page",
      "whiteSpace" : false
    }, {
      "id" : "s1-t190",
      "begin" : 952,
      "end" : 956,
      "text" : "1106",
      "whiteSpace" : false
    }, {
      "id" : "s1-t191",
      "begin" : 956,
      "end" : 957,
      "text" : ",",
      "whiteSpace" : false
    }, {
      "id" : "s1-t192",
      "begin" : 958,
      "end" : 966,
      "text" : "Register",
      "whiteSpace" : false
    }, {
      "id" : "s1-t193",
      "begin" : 966,
      "end" : 968,
      "text" : "'s",
      "whiteSpace" : false
    }, {
      "id" : "s1-t194",
      "begin" : 969,
      "end" : 975,
      "text" : "Office",
      "whiteSpace" : false
    }, {
      "id" : "s1-t195",
      "begin" : 975,
      "end" : 976,
      "text" : ",",
      "whiteSpace" : false
    }, {
      "id" : "s1-t196",
      "begin" : 977,
      "end" : 986,
      "text" : "Humphreys",
      "whiteSpace" : false
    }, {
      "id" : "s1-t197",
      "begin" : 987,
      "end" : 993,
      "text" : "County",
      "whiteSpace" : false
    }, {
      "id" : "s1-t198",
      "begin" : 993,
      "end" : 994,
      "text" : ",",
      "whiteSpace" : false
    }, {
      "id" : "s1-t199",
      "begin" : 995,
      "end" : 1004,
      "text" : "Tennessee",
      "whiteSpace" : false
    }, {
      "id" : "s1-t200",
      "begin" : 1004,
      "end" : 1005,
      "text" : ".",
      "whiteSpace" : false
    } ]
  }, {
    "id" : "s2",
    "begin" : 1006,
    "end" : 1218,
    "text" : "THERE IS FURTHER transferred and conveyed to the grantee herein the right to use a private road easement as deeded to the owners of the properties adjoining and served by such private road easement as reflected ?",
    "tokens" : [ {
      "id" : "s2-t0",
      "begin" : 1006,
      "end" : 1011,
      "text" : "THERE",
      "whiteSpace" : false
    }, {
      "id" : "s2-t1",
      "begin" : 1012,
      "end" : 1014,
      "text" : "IS",
      "whiteSpace" : false
    }, {
      "id" : "s2-t2",
      "begin" : 1015,
      "end" : 1022,
      "text" : "FURTHER",
      "whiteSpace" : false
    }, {
      "id" : "s2-t3",
      "begin" : 1023,
      "end" : 1034,
      "text" : "transferred",
      "whiteSpace" : false
    }, {
      "id" : "s2-t4",
      "begin" : 1035,
      "end" : 1038,
      "text" : "and",
      "whiteSpace" : false
    }, {
      "id" : "s2-t5",
      "begin" : 1039,
      "end" : 1047,
      "text" : "conveyed",
      "whiteSpace" : false
    }, {
      "id" : "s2-t6",
      "begin" : 1048,
      "end" : 1050,
      "text" : "to",
      "whiteSpace" : false
    }, {
      "id" : "s2-t7",
      "begin" : 1051,
      "end" : 1054,
      "text" : "the",
      "whiteSpace" : false
    }, {
      "id" : "s2-t8",
      "begin" : 1055,
      "end" : 1062,
      "text" : "grantee",
      "whiteSpace" : false
    }, {
      "id" : "s2-t9",
      "begin" : 1063,
      "end" : 1069,
      "text" : "herein",
      "whiteSpace" : false
    }, {
      "id" : "s2-t10",
      "begin" : 1070,
      "end" : 1073,
      "text" : "the",
      "whiteSpace" : false
    }, {
      "id" : "s2-t11",
      "begin" : 1074,
      "end" : 1079,
      "text" : "right",
      "whiteSpace" : false
    }, {
      "id" : "s2-t12",
      "begin" : 1080,
      "end" : 1082,
      "text" : "to",
      "whiteSpace" : false
    }, {
      "id" : "s2-t13",
      "begin" : 1083,
      "end" : 1086,
      "text" : "use",
      "whiteSpace" : false
    }, {
      "id" : "s2-t14",
      "begin" : 1087,
      "end" : 1088,
      "text" : "a",
      "whiteSpace" : false
    }, {
      "id" : "s2-t15",
      "begin" : 1089,
      "end" : 1096,
      "text" : "private",
      "whiteSpace" : false
    }, {
      "id" : "s2-t16",
      "begin" : 1097,
      "end" : 1101,
      "text" : "road",
      "whiteSpace" : false
    }, {
      "id" : "s2-t17",
      "begin" : 1102,
      "end" : 1110,
      "text" : "easement",
      "whiteSpace" : false
    }, {
      "id" : "s2-t18",
      "begin" : 1111,
      "end" : 1113,
      "text" : "as",
      "whiteSpace" : false
    }, {
      "id" : "s2-t19",
      "begin" : 1114,
      "end" : 1120,
      "text" : "deeded",
      "whiteSpace" : false
    }, {
      "id" : "s2-t20",
      "begin" : 1121,
      "end" : 1123,
      "text" : "to",
      "whiteSpace" : false
    }, {
      "id" : "s2-t21",
      "begin" : 1124,
      "end" : 1127,
      "text" : "the",
      "whiteSpace" : false
    }, {
      "id" : "s2-t22",
      "begin" : 1128,
      "end" : 1134,
      "text" : "owners",
      "whiteSpace" : false
    }, {
      "id" : "s2-t23",
      "begin" : 1135,
      "end" : 1137,
      "text" : "of",
      "whiteSpace" : false
    }, {
      "id" : "s2-t24",
      "begin" : 1138,
      "end" : 1141,
      "text" : "the",
      "whiteSpace" : false
    }, {
      "id" : "s2-t25",
      "begin" : 1142,
      "end" : 1152,
      "text" : "properties",
      "whiteSpace" : false
    }, {
      "id" : "s2-t26",
      "begin" : 1153,
      "end" : 1162,
      "text" : "adjoining",
      "whiteSpace" : false
    }, {
      "id" : "s2-t27",
      "begin" : 1163,
      "end" : 1166,
      "text" : "and",
      "whiteSpace" : false
    }, {
      "id" : "s2-t28",
      "begin" : 1167,
      "end" : 1173,
      "text" : "served",
      "whiteSpace" : false
    }, {
      "id" : "s2-t29",
      "begin" : 1174,
      "end" : 1176,
      "text" : "by",
      "whiteSpace" : false
    }, {
      "id" : "s2-t30",
      "begin" : 1177,
      "end" : 1181,
      "text" : "such",
      "whiteSpace" : false
    }, {
      "id" : "s2-t31",
      "begin" : 1182,
      "end" : 1189,
      "text" : "private",
      "whiteSpace" : false
    }, {
      "id" : "s2-t32",
      "begin" : 1190,
      "end" : 1194,
      "text" : "road",
      "whiteSpace" : false
    }, {
      "id" : "s2-t33",
      "begin" : 1195,
      "end" : 1203,
      "text" : "easement",
      "whiteSpace" : false
    }, {
      "id" : "s2-t34",
      "begin" : 1204,
      "end" : 1206,
      "text" : "as",
      "whiteSpace" : false
    }, {
      "id" : "s2-t35",
      "begin" : 1207,
      "end" : 1216,
      "text" : "reflected",
      "whiteSpace" : false
    }, {
      "id" : "s2-t36",
      "begin" : 1217,
      "end" : 1218,
      "text" : "?",
      "whiteSpace" : false
    } ]
  }, {
    "id" : "s3",
    "begin" : 1218,
    "end" : 1347,
    "text" : "??x: a plat of Southern Timber Mart Subdivision recorded at Cabinet A, Slide 194, Register's Office, Humphreys County, Tennessee.",
    "tokens" : [ {
      "id" : "s3-t0",
      "begin" : 1218,
      "end" : 1221,
      "text" : "??x",
      "whiteSpace" : false
    }, {
      "id" : "s3-t1",
      "begin" : 1221,
      "end" : 1222,
      "text" : ":",
      "whiteSpace" : false
    }, {
      "id" : "s3-t2",
      "begin" : 1223,
      "end" : 1224,
      "text" : "a",
      "whiteSpace" : false
    }, {
      "id" : "s3-t3",
      "begin" : 1225,
      "end" : 1229,
      "text" : "plat",
      "whiteSpace" : false
    }, {
      "id" : "s3-t4",
      "begin" : 1230,
      "end" : 1232,
      "text" : "of",
      "whiteSpace" : false
    }, {
      "id" : "s3-t5",
      "begin" : 1233,
      "end" : 1241,
      "text" : "Southern",
      "whiteSpace" : false
    }, {
      "id" : "s3-t6",
      "begin" : 1242,
      "end" : 1248,
      "text" : "Timber",
      "whiteSpace" : false
    }, {
      "id" : "s3-t7",
      "begin" : 1249,
      "end" : 1253,
      "text" : "Mart",
      "whiteSpace" : false
    }, {
      "id" : "s3-t8",
      "begin" : 1254,
      "end" : 1265,
      "text" : "Subdivision",
      "whiteSpace" : false
    }, {
      "id" : "s3-t9",
      "begin" : 1266,
      "end" : 1274,
      "text" : "recorded",
      "whiteSpace" : false
    }, {
      "id" : "s3-t10",
      "begin" : 1275,
      "end" : 1277,
      "text" : "at",
      "whiteSpace" : false
    }, {
      "id" : "s3-t11",
      "begin" : 1278,
      "end" : 1285,
      "text" : "Cabinet",
      "whiteSpace" : false
    }, {
      "id" : "s3-t12",
      "begin" : 1286,
      "end" : 1287,
      "text" : "A",
      "whiteSpace" : false
    }, {
      "id" : "s3-t13",
      "begin" : 1287,
      "end" : 1288,
      "text" : ",",
      "whiteSpace" : false
    }, {
      "id" : "s3-t14",
      "begin" : 1289,
      "end" : 1294,
      "text" : "Slide",
      "whiteSpace" : false
    }, {
      "id" : "s3-t15",
      "begin" : 1295,
      "end" : 1298,
      "text" : "194",
      "whiteSpace" : false
    }, {
      "id" : "s3-t16",
      "begin" : 1298,
      "end" : 1299,
      "text" : ",",
      "whiteSpace" : false
    }, {
      "id" : "s3-t17",
      "begin" : 1300,
      "end" : 1308,
      "text" : "Register",
      "whiteSpace" : false
    }, {
      "id" : "s3-t18",
      "begin" : 1308,
      "end" : 1310,
      "text" : "'s",
      "whiteSpace" : false
    }, {
      "id" : "s3-t19",
      "begin" : 1311,
      "end" : 1317,
      "text" : "Office",
      "whiteSpace" : false
    }, {
      "id" : "s3-t20",
      "begin" : 1317,
      "end" : 1318,
      "text" : ",",
      "whiteSpace" : false
    }, {
      "id" : "s3-t21",
      "begin" : 1319,
      "end" : 1328,
      "text" : "Humphreys",
      "whiteSpace" : false
    }, {
      "id" : "s3-t22",
      "begin" : 1329,
      "end" : 1335,
      "text" : "County",
      "whiteSpace" : false
    }, {
      "id" : "s3-t23",
      "begin" : 1335,
      "end" : 1336,
      "text" : ",",
      "whiteSpace" : false
    }, {
      "id" : "s3-t24",
      "begin" : 1337,
      "end" : 1346,
      "text" : "Tennessee",
      "whiteSpace" : false
    }, {
      "id" : "s3-t25",
      "begin" : 1346,
      "end" : 1347,
      "text" : ".",
      "whiteSpace" : false
    } ]
  } ],
  "mentions" : [ {
    "id" : "s1-m1",
    "properties" : {
      "SIRE_MENTION_ROLE" : "WarrDeedBookNum",
      "SIRE_ENTITY_SUBTYPE" : "NONE",
      "SIRE_MENTION_TYPE" : "NONE",
      "SIRE_MENTION_CLASS" : "SPC"
    },
    "type" : "WarrDeedBookNum",
    "begin" : 942,
    "end" : 945,
    "inCoref" : false
  }, {
    "id" : "s1-m2",
    "properties" : {
      "SIRE_MENTION_ROLE" : "WarrDeedPageNum",
      "SIRE_ENTITY_SUBTYPE" : "NONE",
      "SIRE_MENTION_TYPE" : "NONE",
      "SIRE_MENTION_CLASS" : "SPC"
    },
    "type" : "WarrDeedPageNum",
    "begin" : 952,
    "end" : 956,
    "inCoref" : false
  } ],
  "relations" : [ ],
  "corefs" : [ ],
  "typeResolved" : true,
  "userResolved" : false
}