{
  "id" : "a5e530f0-54dc-11e9-9b8e-4bc9d96d3dde-12",
  "name" : "WD169-13.txt",
  "createdDate" : 1554164226431,
  "version" : 3,
  "text" : " of centerline station 294+38.88; thence, with said margin SSBdegrees-45minutes-42seconds w,, beginning containing 1307 square feet and being a portion of the property conveyed to Virginia L. Turner of record in deed book 168, page 781 in the Register's Office of Hunphrey's County, Tennessee., 302 Tennessee Code Annotated., By this instrument the grantors hereby convey an easement for construction of, l48/47 feet to a point in the easterly line of subject tract 42 feet right of, 26: less, right of centerline station 294+35, more or less; thence, with the, acre or less; thence, with said line 30 feet, more or less, to the point of beginning containing 3622 square feet., the connencement of construction., ",
  "docLength" : 0,
  "language" : "EN",
  "status" : "SUBMITTED",
  "modifiedDate" : 1554165475892,
  "documentSet" : [ ],
  "preannotation" : [ ],
  "sentences" : [ {
    "id" : "s0",
    "begin" : 1,
    "end" : 712,
    "text" : "of centerline station 294+38.88; thence, with said margin SSBdegrees-45minutes-42seconds w,, beginning containing 1307 square feet and being a portion of the property conveyed to Virginia L. Turner of record in deed book 168, page 781 in the Register's Office of Hunphrey's County, Tennessee., 302 Tennessee Code Annotated., By this instrument the grantors hereby convey an easement for construction of, l48/47 feet to a point in the easterly line of subject tract 42 feet right of, 26: less, right of centerline station 294+35, more or less; thence, with the, acre or less; thence, with said line 30 feet, more or less, to the point of beginning containing 3622 square feet., the connencement of construction.,",
    "tokens" : [ {
      "id" : "s0-t0",
      "begin" : 1,
      "end" : 3,
      "text" : "of",
      "whiteSpace" : false
    }, {
      "id" : "s0-t1",
      "begin" : 4,
      "end" : 14,
      "text" : "centerline",
      "whiteSpace" : false
    }, {
      "id" : "s0-t2",
      "begin" : 15,
      "end" : 22,
      "text" : "station",
      "whiteSpace" : false
    }, {
      "id" : "s0-t3",
      "begin" : 23,
      "end" : 26,
      "text" : "294",
      "whiteSpace" : false
    }, {
      "id" : "s0-t4",
      "begin" : 26,
      "end" : 27,
      "text" : "+",
      "whiteSpace" : false
    }, {
      "id" : "s0-t5",
      "begin" : 27,
      "end" : 32,
      "text" : "38.88",
      "whiteSpace" : false
    }, {
      "id" : "s0-t6",
      "begin" : 32,
      "end" : 33,
      "text" : ";",
      "whiteSpace" : false
    }, {
      "id" : "s0-t7",
      "begin" : 34,
      "end" : 40,
      "text" : "thence",
      "whiteSpace" : false
    }, {
      "id" : "s0-t8",
      "begin" : 40,
      "end" : 41,
      "text" : ",",
      "whiteSpace" : false
    }, {
      "id" : "s0-t9",
      "begin" : 42,
      "end" : 46,
      "text" : "with",
      "whiteSpace" : false
    }, {
      "id" : "s0-t10",
      "begin" : 47,
      "end" : 51,
      "text" : "said",
      "whiteSpace" : false
    }, {
      "id" : "s0-t11",
      "begin" : 52,
      "end" : 58,
      "text" : "margin",
      "whiteSpace" : false
    }, {
      "id" : "s0-t12",
      "begin" : 59,
      "end" : 89,
      "text" : "SSBdegrees-45minutes-42seconds",
      "whiteSpace" : false
    }, {
      "id" : "s0-t13",
      "begin" : 90,
      "end" : 91,
      "text" : "w",
      "whiteSpace" : false
    }, {
      "id" : "s0-t14",
      "begin" : 91,
      "end" : 92,
      "text" : ",",
      "whiteSpace" : false
    }, {
      "id" : "s0-t15",
      "begin" : 92,
      "end" : 93,
      "text" : ",",
      "whiteSpace" : false
    }, {
      "id" : "s0-t16",
      "begin" : 94,
      "end" : 103,
      "text" : "beginning",
      "whiteSpace" : false
    }, {
      "id" : "s0-t17",
      "begin" : 104,
      "end" : 114,
      "text" : "containing",
      "whiteSpace" : false
    }, {
      "id" : "s0-t18",
      "begin" : 115,
      "end" : 119,
      "text" : "1307",
      "whiteSpace" : false
    }, {
      "id" : "s0-t19",
      "begin" : 120,
      "end" : 126,
      "text" : "square",
      "whiteSpace" : false
    }, {
      "id" : "s0-t20",
      "begin" : 127,
      "end" : 131,
      "text" : "feet",
      "whiteSpace" : false
    }, {
      "id" : "s0-t21",
      "begin" : 132,
      "end" : 135,
      "text" : "and",
      "whiteSpace" : false
    }, {
      "id" : "s0-t22",
      "begin" : 136,
      "end" : 141,
      "text" : "being",
      "whiteSpace" : false
    }, {
      "id" : "s0-t23",
      "begin" : 142,
      "end" : 143,
      "text" : "a",
      "whiteSpace" : false
    }, {
      "id" : "s0-t24",
      "begin" : 144,
      "end" : 151,
      "text" : "portion",
      "whiteSpace" : false
    }, {
      "id" : "s0-t25",
      "begin" : 152,
      "end" : 154,
      "text" : "of",
      "whiteSpace" : false
    }, {
      "id" : "s0-t26",
      "begin" : 155,
      "end" : 158,
      "text" : "the",
      "whiteSpace" : false
    }, {
      "id" : "s0-t27",
      "begin" : 159,
      "end" : 167,
      "text" : "property",
      "whiteSpace" : false
    }, {
      "id" : "s0-t28",
      "begin" : 168,
      "end" : 176,
      "text" : "conveyed",
      "whiteSpace" : false
    }, {
      "id" : "s0-t29",
      "begin" : 177,
      "end" : 179,
      "text" : "to",
      "whiteSpace" : false
    }, {
      "id" : "s0-t30",
      "begin" : 180,
      "end" : 188,
      "text" : "Virginia",
      "whiteSpace" : false
    }, {
      "id" : "s0-t31",
      "begin" : 189,
      "end" : 191,
      "text" : "L.",
      "whiteSpace" : false
    }, {
      "id" : "s0-t32",
      "begin" : 192,
      "end" : 198,
      "text" : "Turner",
      "whiteSpace" : false
    }, {
      "id" : "s0-t33",
      "begin" : 199,
      "end" : 201,
      "text" : "of",
      "whiteSpace" : false
    }, {
      "id" : "s0-t34",
      "begin" : 202,
      "end" : 208,
      "text" : "record",
      "whiteSpace" : false
    }, {
      "id" : "s0-t35",
      "begin" : 209,
      "end" : 211,
      "text" : "in",
      "whiteSpace" : false
    }, {
      "id" : "s0-t36",
      "begin" : 212,
      "end" : 216,
      "text" : "deed",
      "whiteSpace" : false
    }, {
      "id" : "s0-t37",
      "begin" : 217,
      "end" : 221,
      "text" : "book",
      "whiteSpace" : false
    }, {
      "id" : "s0-t38",
      "begin" : 222,
      "end" : 225,
      "text" : "168",
      "whiteSpace" : false
    }, {
      "id" : "s0-t39",
      "begin" : 225,
      "end" : 226,
      "text" : ",",
      "whiteSpace" : false
    }, {
      "id" : "s0-t40",
      "begin" : 227,
      "end" : 231,
      "text" : "page",
      "whiteSpace" : false
    }, {
      "id" : "s0-t41",
      "begin" : 232,
      "end" : 235,
      "text" : "781",
      "whiteSpace" : false
    }, {
      "id" : "s0-t42",
      "begin" : 236,
      "end" : 238,
      "text" : "in",
      "whiteSpace" : false
    }, {
      "id" : "s0-t43",
      "begin" : 239,
      "end" : 242,
      "text" : "the",
      "whiteSpace" : false
    }, {
      "id" : "s0-t44",
      "begin" : 243,
      "end" : 251,
      "text" : "Register",
      "whiteSpace" : false
    }, {
      "id" : "s0-t45",
      "begin" : 251,
      "end" : 253,
      "text" : "'s",
      "whiteSpace" : false
    }, {
      "id" : "s0-t46",
      "begin" : 254,
      "end" : 260,
      "text" : "Office",
      "whiteSpace" : false
    }, {
      "id" : "s0-t47",
      "begin" : 261,
      "end" : 263,
      "text" : "of",
      "whiteSpace" : false
    }, {
      "id" : "s0-t48",
      "begin" : 264,
      "end" : 272,
      "text" : "Hunphrey",
      "whiteSpace" : false
    }, {
      "id" : "s0-t49",
      "begin" : 272,
      "end" : 274,
      "text" : "'s",
      "whiteSpace" : false
    }, {
      "id" : "s0-t50",
      "begin" : 275,
      "end" : 281,
      "text" : "County",
      "whiteSpace" : false
    }, {
      "id" : "s0-t51",
      "begin" : 281,
      "end" : 282,
      "text" : ",",
      "whiteSpace" : false
    }, {
      "id" : "s0-t52",
      "begin" : 283,
      "end" : 293,
      "text" : "Tennessee.",
      "whiteSpace" : false
    }, {
      "id" : "s0-t53",
      "begin" : 293,
      "end" : 294,
      "text" : ",",
      "whiteSpace" : false
    }, {
      "id" : "s0-t54",
      "begin" : 295,
      "end" : 298,
      "text" : "302",
      "whiteSpace" : false
    }, {
      "id" : "s0-t55",
      "begin" : 299,
      "end" : 308,
      "text" : "Tennessee",
      "whiteSpace" : false
    }, {
      "id" : "s0-t56",
      "begin" : 309,
      "end" : 313,
      "text" : "Code",
      "whiteSpace" : false
    }, {
      "id" : "s0-t57",
      "begin" : 314,
      "end" : 324,
      "text" : "Annotated.",
      "whiteSpace" : false
    }, {
      "id" : "s0-t58",
      "begin" : 324,
      "end" : 325,
      "text" : ",",
      "whiteSpace" : false
    }, {
      "id" : "s0-t59",
      "begin" : 326,
      "end" : 328,
      "text" : "By",
      "whiteSpace" : false
    }, {
      "id" : "s0-t60",
      "begin" : 329,
      "end" : 333,
      "text" : "this",
      "whiteSpace" : false
    }, {
      "id" : "s0-t61",
      "begin" : 334,
      "end" : 344,
      "text" : "instrument",
      "whiteSpace" : false
    }, {
      "id" : "s0-t62",
      "begin" : 345,
      "end" : 348,
      "text" : "the",
      "whiteSpace" : false
    }, {
      "id" : "s0-t63",
      "begin" : 349,
      "end" : 357,
      "text" : "grantors",
      "whiteSpace" : false
    }, {
      "id" : "s0-t64",
      "begin" : 358,
      "end" : 364,
      "text" : "hereby",
      "whiteSpace" : false
    }, {
      "id" : "s0-t65",
      "begin" : 365,
      "end" : 371,
      "text" : "convey",
      "whiteSpace" : false
    }, {
      "id" : "s0-t66",
      "begin" : 372,
      "end" : 374,
      "text" : "an",
      "whiteSpace" : false
    }, {
      "id" : "s0-t67",
      "begin" : 375,
      "end" : 383,
      "text" : "easement",
      "whiteSpace" : false
    }, {
      "id" : "s0-t68",
      "begin" : 384,
      "end" : 387,
      "text" : "for",
      "whiteSpace" : false
    }, {
      "id" : "s0-t69",
      "begin" : 388,
      "end" : 400,
      "text" : "construction",
      "whiteSpace" : false
    }, {
      "id" : "s0-t70",
      "begin" : 401,
      "end" : 403,
      "text" : "of",
      "whiteSpace" : false
    }, {
      "id" : "s0-t71",
      "begin" : 403,
      "end" : 404,
      "text" : ",",
      "whiteSpace" : false
    }, {
      "id" : "s0-t72",
      "begin" : 405,
      "end" : 411,
      "text" : "l48/47",
      "whiteSpace" : false
    }, {
      "id" : "s0-t73",
      "begin" : 412,
      "end" : 416,
      "text" : "feet",
      "whiteSpace" : false
    }, {
      "id" : "s0-t74",
      "begin" : 417,
      "end" : 419,
      "text" : "to",
      "whiteSpace" : false
    }, {
      "id" : "s0-t75",
      "begin" : 420,
      "end" : 421,
      "text" : "a",
      "whiteSpace" : false
    }, {
      "id" : "s0-t76",
      "begin" : 422,
      "end" : 427,
      "text" : "point",
      "whiteSpace" : false
    }, {
      "id" : "s0-t77",
      "begin" : 428,
      "end" : 430,
      "text" : "in",
      "whiteSpace" : false
    }, {
      "id" : "s0-t78",
      "begin" : 431,
      "end" : 434,
      "text" : "the",
      "whiteSpace" : false
    }, {
      "id" : "s0-t79",
      "begin" : 435,
      "end" : 443,
      "text" : "easterly",
      "whiteSpace" : false
    }, {
      "id" : "s0-t80",
      "begin" : 444,
      "end" : 448,
      "text" : "line",
      "whiteSpace" : false
    }, {
      "id" : "s0-t81",
      "begin" : 449,
      "end" : 451,
      "text" : "of",
      "whiteSpace" : false
    }, {
      "id" : "s0-t82",
      "begin" : 452,
      "end" : 459,
      "text" : "subject",
      "whiteSpace" : false
    }, {
      "id" : "s0-t83",
      "begin" : 460,
      "end" : 465,
      "text" : "tract",
      "whiteSpace" : false
    }, {
      "id" : "s0-t84",
      "begin" : 466,
      "end" : 468,
      "text" : "42",
      "whiteSpace" : false
    }, {
      "id" : "s0-t85",
      "begin" : 469,
      "end" : 473,
      "text" : "feet",
      "whiteSpace" : false
    }, {
      "id" : "s0-t86",
      "begin" : 474,
      "end" : 479,
      "text" : "right",
      "whiteSpace" : false
    }, {
      "id" : "s0-t87",
      "begin" : 480,
      "end" : 482,
      "text" : "of",
      "whiteSpace" : false
    }, {
      "id" : "s0-t88",
      "begin" : 482,
      "end" : 483,
      "text" : ",",
      "whiteSpace" : false
    }, {
      "id" : "s0-t89",
      "begin" : 484,
      "end" : 486,
      "text" : "26",
      "whiteSpace" : false
    }, {
      "id" : "s0-t90",
      "begin" : 486,
      "end" : 487,
      "text" : ":",
      "whiteSpace" : false
    }, {
      "id" : "s0-t91",
      "begin" : 488,
      "end" : 492,
      "text" : "less",
      "whiteSpace" : false
    }, {
      "id" : "s0-t92",
      "begin" : 492,
      "end" : 493,
      "text" : ",",
      "whiteSpace" : false
    }, {
      "id" : "s0-t93",
      "begin" : 494,
      "end" : 499,
      "text" : "right",
      "whiteSpace" : false
    }, {
      "id" : "s0-t94",
      "begin" : 500,
      "end" : 502,
      "text" : "of",
      "whiteSpace" : false
    }, {
      "id" : "s0-t95",
      "begin" : 503,
      "end" : 513,
      "text" : "centerline",
      "whiteSpace" : false
    }, {
      "id" : "s0-t96",
      "begin" : 514,
      "end" : 521,
      "text" : "station",
      "whiteSpace" : false
    }, {
      "id" : "s0-t97",
      "begin" : 522,
      "end" : 525,
      "text" : "294",
      "whiteSpace" : false
    }, {
      "id" : "s0-t98",
      "begin" : 525,
      "end" : 526,
      "text" : "+",
      "whiteSpace" : false
    }, {
      "id" : "s0-t99",
      "begin" : 526,
      "end" : 528,
      "text" : "35",
      "whiteSpace" : false
    }, {
      "id" : "s0-t100",
      "begin" : 528,
      "end" : 529,
      "text" : ",",
      "whiteSpace" : false
    }, {
      "id" : "s0-t101",
      "begin" : 530,
      "end" : 534,
      "text" : "more",
      "whiteSpace" : false
    }, {
      "id" : "s0-t102",
      "begin" : 535,
      "end" : 537,
      "text" : "or",
      "whiteSpace" : false
    }, {
      "id" : "s0-t103",
      "begin" : 538,
      "end" : 542,
      "text" : "less",
      "whiteSpace" : false
    }, {
      "id" : "s0-t104",
      "begin" : 542,
      "end" : 543,
      "text" : ";",
      "whiteSpace" : false
    }, {
      "id" : "s0-t105",
      "begin" : 544,
      "end" : 550,
      "text" : "thence",
      "whiteSpace" : false
    }, {
      "id" : "s0-t106",
      "begin" : 550,
      "end" : 551,
      "text" : ",",
      "whiteSpace" : false
    }, {
      "id" : "s0-t107",
      "begin" : 552,
      "end" : 556,
      "text" : "with",
      "whiteSpace" : false
    }, {
      "id" : "s0-t108",
      "begin" : 557,
      "end" : 560,
      "text" : "the",
      "whiteSpace" : false
    }, {
      "id" : "s0-t109",
      "begin" : 560,
      "end" : 561,
      "text" : ",",
      "whiteSpace" : false
    }, {
      "id" : "s0-t110",
      "begin" : 562,
      "end" : 566,
      "text" : "acre",
      "whiteSpace" : false
    }, {
      "id" : "s0-t111",
      "begin" : 567,
      "end" : 569,
      "text" : "or",
      "whiteSpace" : false
    }, {
      "id" : "s0-t112",
      "begin" : 570,
      "end" : 574,
      "text" : "less",
      "whiteSpace" : false
    }, {
      "id" : "s0-t113",
      "begin" : 574,
      "end" : 575,
      "text" : ";",
      "whiteSpace" : false
    }, {
      "id" : "s0-t114",
      "begin" : 576,
      "end" : 582,
      "text" : "thence",
      "whiteSpace" : false
    }, {
      "id" : "s0-t115",
      "begin" : 582,
      "end" : 583,
      "text" : ",",
      "whiteSpace" : false
    }, {
      "id" : "s0-t116",
      "begin" : 584,
      "end" : 588,
      "text" : "with",
      "whiteSpace" : false
    }, {
      "id" : "s0-t117",
      "begin" : 589,
      "end" : 593,
      "text" : "said",
      "whiteSpace" : false
    }, {
      "id" : "s0-t118",
      "begin" : 594,
      "end" : 598,
      "text" : "line",
      "whiteSpace" : false
    }, {
      "id" : "s0-t119",
      "begin" : 599,
      "end" : 601,
      "text" : "30",
      "whiteSpace" : false
    }, {
      "id" : "s0-t120",
      "begin" : 602,
      "end" : 606,
      "text" : "feet",
      "whiteSpace" : false
    }, {
      "id" : "s0-t121",
      "begin" : 606,
      "end" : 607,
      "text" : ",",
      "whiteSpace" : false
    }, {
      "id" : "s0-t122",
      "begin" : 608,
      "end" : 612,
      "text" : "more",
      "whiteSpace" : false
    }, {
      "id" : "s0-t123",
      "begin" : 613,
      "end" : 615,
      "text" : "or",
      "whiteSpace" : false
    }, {
      "id" : "s0-t124",
      "begin" : 616,
      "end" : 620,
      "text" : "less",
      "whiteSpace" : false
    }, {
      "id" : "s0-t125",
      "begin" : 620,
      "end" : 621,
      "text" : ",",
      "whiteSpace" : false
    }, {
      "id" : "s0-t126",
      "begin" : 622,
      "end" : 624,
      "text" : "to",
      "whiteSpace" : false
    }, {
      "id" : "s0-t127",
      "begin" : 625,
      "end" : 628,
      "text" : "the",
      "whiteSpace" : false
    }, {
      "id" : "s0-t128",
      "begin" : 629,
      "end" : 634,
      "text" : "point",
      "whiteSpace" : false
    }, {
      "id" : "s0-t129",
      "begin" : 635,
      "end" : 637,
      "text" : "of",
      "whiteSpace" : false
    }, {
      "id" : "s0-t130",
      "begin" : 638,
      "end" : 647,
      "text" : "beginning",
      "whiteSpace" : false
    }, {
      "id" : "s0-t131",
      "begin" : 648,
      "end" : 658,
      "text" : "containing",
      "whiteSpace" : false
    }, {
      "id" : "s0-t132",
      "begin" : 659,
      "end" : 663,
      "text" : "3622",
      "whiteSpace" : false
    }, {
      "id" : "s0-t133",
      "begin" : 664,
      "end" : 670,
      "text" : "square",
      "whiteSpace" : false
    }, {
      "id" : "s0-t134",
      "begin" : 671,
      "end" : 676,
      "text" : "feet.",
      "whiteSpace" : false
    }, {
      "id" : "s0-t135",
      "begin" : 676,
      "end" : 677,
      "text" : ",",
      "whiteSpace" : false
    }, {
      "id" : "s0-t136",
      "begin" : 678,
      "end" : 681,
      "text" : "the",
      "whiteSpace" : false
    }, {
      "id" : "s0-t137",
      "begin" : 682,
      "end" : 694,
      "text" : "connencement",
      "whiteSpace" : false
    }, {
      "id" : "s0-t138",
      "begin" : 695,
      "end" : 697,
      "text" : "of",
      "whiteSpace" : false
    }, {
      "id" : "s0-t139",
      "begin" : 698,
      "end" : 711,
      "text" : "construction.",
      "whiteSpace" : false
    }, {
      "id" : "s0-t140",
      "begin" : 711,
      "end" : 712,
      "text" : ",",
      "whiteSpace" : false
    } ]
  } ],
  "mentions" : [ {
    "id" : "s0-m1",
    "properties" : {
      "SIRE_MENTION_ROLE" : "WarrDeedBookNum",
      "SIRE_ENTITY_SUBTYPE" : "NONE",
      "SIRE_MENTION_TYPE" : "NONE",
      "SIRE_MENTION_CLASS" : "SPC"
    },
    "type" : "WarrDeedBookNum",
    "begin" : 222,
    "end" : 225,
    "inCoref" : false
  }, {
    "id" : "s0-m2",
    "properties" : {
      "SIRE_MENTION_ROLE" : "WarrDeedPageNum",
      "SIRE_ENTITY_SUBTYPE" : "NONE",
      "SIRE_MENTION_TYPE" : "NONE",
      "SIRE_MENTION_CLASS" : "SPC"
    },
    "type" : "WarrDeedPageNum",
    "begin" : 232,
    "end" : 235,
    "inCoref" : false
  } ],
  "relations" : [ ],
  "corefs" : [ ],
  "typeResolved" : true,
  "userResolved" : false
}