{
  "id" : "a5e530f0-54dc-11e9-9b8e-4bc9d96d3dde-17",
  "name" : "WD170-17.txt",
  "createdDate" : 1554164226431,
  "version" : 3,
  "text" : "being of record in Plat Cabinet \"A \", at Slide No. 183, in the Register's Office for Humphreys County, Tennessee. Survey of the above mentioned lots made in March and April, 1991, by Thomas C. White &amp; Associates, Land Surveyors, Waverly, Tennessee, Thomas C. White, Surveyor, Tennessee BK sn17o F8 17 Registration No. 69, all of the above as shown on above mentioned plat, the same being Thomas C. White &amp; BEING a portion of the same property conveyed to w. J. WOOD AND WIFE, LOUISE WOOD, by deed of record in Deed at page 421, in the Register's Office of across the southeastern portion of Lot 5 and the northeastern portion of Lot 4 as shown on the aforementioned plat, the minimum building setback lines any' one time. ",
  "docLength" : 0,
  "language" : "EN",
  "status" : "SUBMITTED",
  "modifiedDate" : 1554165582964,
  "documentSet" : [ ],
  "preannotation" : [ ],
  "sentences" : [ {
    "id" : "s0",
    "begin" : 0,
    "end" : 113,
    "text" : "being of record in Plat Cabinet \"A \", at Slide No. 183, in the Register's Office for Humphreys County, Tennessee.",
    "tokens" : [ {
      "id" : "s0-t0",
      "begin" : 0,
      "end" : 5,
      "text" : "being",
      "whiteSpace" : false
    }, {
      "id" : "s0-t1",
      "begin" : 6,
      "end" : 8,
      "text" : "of",
      "whiteSpace" : false
    }, {
      "id" : "s0-t2",
      "begin" : 9,
      "end" : 15,
      "text" : "record",
      "whiteSpace" : false
    }, {
      "id" : "s0-t3",
      "begin" : 16,
      "end" : 18,
      "text" : "in",
      "whiteSpace" : false
    }, {
      "id" : "s0-t4",
      "begin" : 19,
      "end" : 23,
      "text" : "Plat",
      "whiteSpace" : false
    }, {
      "id" : "s0-t5",
      "begin" : 24,
      "end" : 31,
      "text" : "Cabinet",
      "whiteSpace" : false
    }, {
      "id" : "s0-t6",
      "begin" : 32,
      "end" : 33,
      "text" : "\"",
      "whiteSpace" : false
    }, {
      "id" : "s0-t7",
      "begin" : 33,
      "end" : 34,
      "text" : "A",
      "whiteSpace" : false
    }, {
      "id" : "s0-t8",
      "begin" : 35,
      "end" : 36,
      "text" : "\"",
      "whiteSpace" : false
    }, {
      "id" : "s0-t9",
      "begin" : 36,
      "end" : 37,
      "text" : ",",
      "whiteSpace" : false
    }, {
      "id" : "s0-t10",
      "begin" : 38,
      "end" : 40,
      "text" : "at",
      "whiteSpace" : false
    }, {
      "id" : "s0-t11",
      "begin" : 41,
      "end" : 46,
      "text" : "Slide",
      "whiteSpace" : false
    }, {
      "id" : "s0-t12",
      "begin" : 47,
      "end" : 50,
      "text" : "No.",
      "whiteSpace" : false
    }, {
      "id" : "s0-t13",
      "begin" : 51,
      "end" : 54,
      "text" : "183",
      "whiteSpace" : false
    }, {
      "id" : "s0-t14",
      "begin" : 54,
      "end" : 55,
      "text" : ",",
      "whiteSpace" : false
    }, {
      "id" : "s0-t15",
      "begin" : 56,
      "end" : 58,
      "text" : "in",
      "whiteSpace" : false
    }, {
      "id" : "s0-t16",
      "begin" : 59,
      "end" : 62,
      "text" : "the",
      "whiteSpace" : false
    }, {
      "id" : "s0-t17",
      "begin" : 63,
      "end" : 71,
      "text" : "Register",
      "whiteSpace" : false
    }, {
      "id" : "s0-t18",
      "begin" : 71,
      "end" : 73,
      "text" : "'s",
      "whiteSpace" : false
    }, {
      "id" : "s0-t19",
      "begin" : 74,
      "end" : 80,
      "text" : "Office",
      "whiteSpace" : false
    }, {
      "id" : "s0-t20",
      "begin" : 81,
      "end" : 84,
      "text" : "for",
      "whiteSpace" : false
    }, {
      "id" : "s0-t21",
      "begin" : 85,
      "end" : 94,
      "text" : "Humphreys",
      "whiteSpace" : false
    }, {
      "id" : "s0-t22",
      "begin" : 95,
      "end" : 101,
      "text" : "County",
      "whiteSpace" : false
    }, {
      "id" : "s0-t23",
      "begin" : 101,
      "end" : 102,
      "text" : ",",
      "whiteSpace" : false
    }, {
      "id" : "s0-t24",
      "begin" : 103,
      "end" : 112,
      "text" : "Tennessee",
      "whiteSpace" : false
    }, {
      "id" : "s0-t25",
      "begin" : 112,
      "end" : 113,
      "text" : ".",
      "whiteSpace" : false
    } ]
  }, {
    "id" : "s1",
    "begin" : 114,
    "end" : 465,
    "text" : "Survey of the above mentioned lots made in March and April, 1991, by Thomas C. White &amp; Associates, Land Surveyors, Waverly, Tennessee, Thomas C. White, Surveyor, Tennessee BK sn17o F8 17 Registration No. 69, all of the above as shown on above mentioned plat, the same being Thomas C. White &amp; BEING a portion of the same property conveyed to w.",
    "tokens" : [ {
      "id" : "s1-t0",
      "begin" : 114,
      "end" : 120,
      "text" : "Survey",
      "whiteSpace" : false
    }, {
      "id" : "s1-t1",
      "begin" : 121,
      "end" : 123,
      "text" : "of",
      "whiteSpace" : false
    }, {
      "id" : "s1-t2",
      "begin" : 124,
      "end" : 127,
      "text" : "the",
      "whiteSpace" : false
    }, {
      "id" : "s1-t3",
      "begin" : 128,
      "end" : 133,
      "text" : "above",
      "whiteSpace" : false
    }, {
      "id" : "s1-t4",
      "begin" : 134,
      "end" : 143,
      "text" : "mentioned",
      "whiteSpace" : false
    }, {
      "id" : "s1-t5",
      "begin" : 144,
      "end" : 148,
      "text" : "lots",
      "whiteSpace" : false
    }, {
      "id" : "s1-t6",
      "begin" : 149,
      "end" : 153,
      "text" : "made",
      "whiteSpace" : false
    }, {
      "id" : "s1-t7",
      "begin" : 154,
      "end" : 156,
      "text" : "in",
      "whiteSpace" : false
    }, {
      "id" : "s1-t8",
      "begin" : 157,
      "end" : 162,
      "text" : "March",
      "whiteSpace" : false
    }, {
      "id" : "s1-t9",
      "begin" : 163,
      "end" : 166,
      "text" : "and",
      "whiteSpace" : false
    }, {
      "id" : "s1-t10",
      "begin" : 167,
      "end" : 172,
      "text" : "April",
      "whiteSpace" : false
    }, {
      "id" : "s1-t11",
      "begin" : 172,
      "end" : 173,
      "text" : ",",
      "whiteSpace" : false
    }, {
      "id" : "s1-t12",
      "begin" : 174,
      "end" : 178,
      "text" : "1991",
      "whiteSpace" : false
    }, {
      "id" : "s1-t13",
      "begin" : 178,
      "end" : 179,
      "text" : ",",
      "whiteSpace" : false
    }, {
      "id" : "s1-t14",
      "begin" : 180,
      "end" : 182,
      "text" : "by",
      "whiteSpace" : false
    }, {
      "id" : "s1-t15",
      "begin" : 183,
      "end" : 189,
      "text" : "Thomas",
      "whiteSpace" : false
    }, {
      "id" : "s1-t16",
      "begin" : 190,
      "end" : 192,
      "text" : "C.",
      "whiteSpace" : false
    }, {
      "id" : "s1-t17",
      "begin" : 193,
      "end" : 198,
      "text" : "White",
      "whiteSpace" : false
    }, {
      "id" : "s1-t18",
      "begin" : 199,
      "end" : 204,
      "text" : "&amp;",
      "whiteSpace" : false
    }, {
      "id" : "s1-t19",
      "begin" : 205,
      "end" : 215,
      "text" : "Associates",
      "whiteSpace" : false
    }, {
      "id" : "s1-t20",
      "begin" : 215,
      "end" : 216,
      "text" : ",",
      "whiteSpace" : false
    }, {
      "id" : "s1-t21",
      "begin" : 217,
      "end" : 221,
      "text" : "Land",
      "whiteSpace" : false
    }, {
      "id" : "s1-t22",
      "begin" : 222,
      "end" : 231,
      "text" : "Surveyors",
      "whiteSpace" : false
    }, {
      "id" : "s1-t23",
      "begin" : 231,
      "end" : 232,
      "text" : ",",
      "whiteSpace" : false
    }, {
      "id" : "s1-t24",
      "begin" : 233,
      "end" : 240,
      "text" : "Waverly",
      "whiteSpace" : false
    }, {
      "id" : "s1-t25",
      "begin" : 240,
      "end" : 241,
      "text" : ",",
      "whiteSpace" : false
    }, {
      "id" : "s1-t26",
      "begin" : 242,
      "end" : 251,
      "text" : "Tennessee",
      "whiteSpace" : false
    }, {
      "id" : "s1-t27",
      "begin" : 251,
      "end" : 252,
      "text" : ",",
      "whiteSpace" : false
    }, {
      "id" : "s1-t28",
      "begin" : 253,
      "end" : 259,
      "text" : "Thomas",
      "whiteSpace" : false
    }, {
      "id" : "s1-t29",
      "begin" : 260,
      "end" : 262,
      "text" : "C.",
      "whiteSpace" : false
    }, {
      "id" : "s1-t30",
      "begin" : 263,
      "end" : 268,
      "text" : "White",
      "whiteSpace" : false
    }, {
      "id" : "s1-t31",
      "begin" : 268,
      "end" : 269,
      "text" : ",",
      "whiteSpace" : false
    }, {
      "id" : "s1-t32",
      "begin" : 270,
      "end" : 278,
      "text" : "Surveyor",
      "whiteSpace" : false
    }, {
      "id" : "s1-t33",
      "begin" : 278,
      "end" : 279,
      "text" : ",",
      "whiteSpace" : false
    }, {
      "id" : "s1-t34",
      "begin" : 280,
      "end" : 289,
      "text" : "Tennessee",
      "whiteSpace" : false
    }, {
      "id" : "s1-t35",
      "begin" : 290,
      "end" : 292,
      "text" : "BK",
      "whiteSpace" : false
    }, {
      "id" : "s1-t36",
      "begin" : 293,
      "end" : 298,
      "text" : "sn17o",
      "whiteSpace" : false
    }, {
      "id" : "s1-t37",
      "begin" : 299,
      "end" : 301,
      "text" : "F8",
      "whiteSpace" : false
    }, {
      "id" : "s1-t38",
      "begin" : 302,
      "end" : 304,
      "text" : "17",
      "whiteSpace" : false
    }, {
      "id" : "s1-t39",
      "begin" : 305,
      "end" : 317,
      "text" : "Registration",
      "whiteSpace" : false
    }, {
      "id" : "s1-t40",
      "begin" : 318,
      "end" : 321,
      "text" : "No.",
      "whiteSpace" : false
    }, {
      "id" : "s1-t41",
      "begin" : 322,
      "end" : 324,
      "text" : "69",
      "whiteSpace" : false
    }, {
      "id" : "s1-t42",
      "begin" : 324,
      "end" : 325,
      "text" : ",",
      "whiteSpace" : false
    }, {
      "id" : "s1-t43",
      "begin" : 326,
      "end" : 329,
      "text" : "all",
      "whiteSpace" : false
    }, {
      "id" : "s1-t44",
      "begin" : 330,
      "end" : 332,
      "text" : "of",
      "whiteSpace" : false
    }, {
      "id" : "s1-t45",
      "begin" : 333,
      "end" : 336,
      "text" : "the",
      "whiteSpace" : false
    }, {
      "id" : "s1-t46",
      "begin" : 337,
      "end" : 342,
      "text" : "above",
      "whiteSpace" : false
    }, {
      "id" : "s1-t47",
      "begin" : 343,
      "end" : 345,
      "text" : "as",
      "whiteSpace" : false
    }, {
      "id" : "s1-t48",
      "begin" : 346,
      "end" : 351,
      "text" : "shown",
      "whiteSpace" : false
    }, {
      "id" : "s1-t49",
      "begin" : 352,
      "end" : 354,
      "text" : "on",
      "whiteSpace" : false
    }, {
      "id" : "s1-t50",
      "begin" : 355,
      "end" : 360,
      "text" : "above",
      "whiteSpace" : false
    }, {
      "id" : "s1-t51",
      "begin" : 361,
      "end" : 370,
      "text" : "mentioned",
      "whiteSpace" : false
    }, {
      "id" : "s1-t52",
      "begin" : 371,
      "end" : 375,
      "text" : "plat",
      "whiteSpace" : false
    }, {
      "id" : "s1-t53",
      "begin" : 375,
      "end" : 376,
      "text" : ",",
      "whiteSpace" : false
    }, {
      "id" : "s1-t54",
      "begin" : 377,
      "end" : 380,
      "text" : "the",
      "whiteSpace" : false
    }, {
      "id" : "s1-t55",
      "begin" : 381,
      "end" : 385,
      "text" : "same",
      "whiteSpace" : false
    }, {
      "id" : "s1-t56",
      "begin" : 386,
      "end" : 391,
      "text" : "being",
      "whiteSpace" : false
    }, {
      "id" : "s1-t57",
      "begin" : 392,
      "end" : 398,
      "text" : "Thomas",
      "whiteSpace" : false
    }, {
      "id" : "s1-t58",
      "begin" : 399,
      "end" : 401,
      "text" : "C.",
      "whiteSpace" : false
    }, {
      "id" : "s1-t59",
      "begin" : 402,
      "end" : 407,
      "text" : "White",
      "whiteSpace" : false
    }, {
      "id" : "s1-t60",
      "begin" : 408,
      "end" : 413,
      "text" : "&amp;",
      "whiteSpace" : false
    }, {
      "id" : "s1-t61",
      "begin" : 414,
      "end" : 419,
      "text" : "BEING",
      "whiteSpace" : false
    }, {
      "id" : "s1-t62",
      "begin" : 420,
      "end" : 421,
      "text" : "a",
      "whiteSpace" : false
    }, {
      "id" : "s1-t63",
      "begin" : 422,
      "end" : 429,
      "text" : "portion",
      "whiteSpace" : false
    }, {
      "id" : "s1-t64",
      "begin" : 430,
      "end" : 432,
      "text" : "of",
      "whiteSpace" : false
    }, {
      "id" : "s1-t65",
      "begin" : 433,
      "end" : 436,
      "text" : "the",
      "whiteSpace" : false
    }, {
      "id" : "s1-t66",
      "begin" : 437,
      "end" : 441,
      "text" : "same",
      "whiteSpace" : false
    }, {
      "id" : "s1-t67",
      "begin" : 442,
      "end" : 450,
      "text" : "property",
      "whiteSpace" : false
    }, {
      "id" : "s1-t68",
      "begin" : 451,
      "end" : 459,
      "text" : "conveyed",
      "whiteSpace" : false
    }, {
      "id" : "s1-t69",
      "begin" : 460,
      "end" : 462,
      "text" : "to",
      "whiteSpace" : false
    }, {
      "id" : "s1-t70",
      "begin" : 463,
      "end" : 464,
      "text" : "w",
      "whiteSpace" : false
    }, {
      "id" : "s1-t71",
      "begin" : 464,
      "end" : 465,
      "text" : ".",
      "whiteSpace" : false
    } ]
  }, {
    "id" : "s2",
    "begin" : 466,
    "end" : 729,
    "text" : "J. WOOD AND WIFE, LOUISE WOOD, by deed of record in Deed at page 421, in the Register's Office of across the southeastern portion of Lot 5 and the northeastern portion of Lot 4 as shown on the aforementioned plat, the minimum building setback lines any' one time.",
    "tokens" : [ {
      "id" : "s2-t0",
      "begin" : 466,
      "end" : 468,
      "text" : "J.",
      "whiteSpace" : false
    }, {
      "id" : "s2-t1",
      "begin" : 469,
      "end" : 473,
      "text" : "WOOD",
      "whiteSpace" : false
    }, {
      "id" : "s2-t2",
      "begin" : 474,
      "end" : 477,
      "text" : "AND",
      "whiteSpace" : false
    }, {
      "id" : "s2-t3",
      "begin" : 478,
      "end" : 482,
      "text" : "WIFE",
      "whiteSpace" : false
    }, {
      "id" : "s2-t4",
      "begin" : 482,
      "end" : 483,
      "text" : ",",
      "whiteSpace" : false
    }, {
      "id" : "s2-t5",
      "begin" : 484,
      "end" : 490,
      "text" : "LOUISE",
      "whiteSpace" : false
    }, {
      "id" : "s2-t6",
      "begin" : 491,
      "end" : 495,
      "text" : "WOOD",
      "whiteSpace" : false
    }, {
      "id" : "s2-t7",
      "begin" : 495,
      "end" : 496,
      "text" : ",",
      "whiteSpace" : false
    }, {
      "id" : "s2-t8",
      "begin" : 497,
      "end" : 499,
      "text" : "by",
      "whiteSpace" : false
    }, {
      "id" : "s2-t9",
      "begin" : 500,
      "end" : 504,
      "text" : "deed",
      "whiteSpace" : false
    }, {
      "id" : "s2-t10",
      "begin" : 505,
      "end" : 507,
      "text" : "of",
      "whiteSpace" : false
    }, {
      "id" : "s2-t11",
      "begin" : 508,
      "end" : 514,
      "text" : "record",
      "whiteSpace" : false
    }, {
      "id" : "s2-t12",
      "begin" : 515,
      "end" : 517,
      "text" : "in",
      "whiteSpace" : false
    }, {
      "id" : "s2-t13",
      "begin" : 518,
      "end" : 522,
      "text" : "Deed",
      "whiteSpace" : false
    }, {
      "id" : "s2-t14",
      "begin" : 523,
      "end" : 525,
      "text" : "at",
      "whiteSpace" : false
    }, {
      "id" : "s2-t15",
      "begin" : 526,
      "end" : 530,
      "text" : "page",
      "whiteSpace" : false
    }, {
      "id" : "s2-t16",
      "begin" : 531,
      "end" : 534,
      "text" : "421",
      "whiteSpace" : false
    }, {
      "id" : "s2-t17",
      "begin" : 534,
      "end" : 535,
      "text" : ",",
      "whiteSpace" : false
    }, {
      "id" : "s2-t18",
      "begin" : 536,
      "end" : 538,
      "text" : "in",
      "whiteSpace" : false
    }, {
      "id" : "s2-t19",
      "begin" : 539,
      "end" : 542,
      "text" : "the",
      "whiteSpace" : false
    }, {
      "id" : "s2-t20",
      "begin" : 543,
      "end" : 551,
      "text" : "Register",
      "whiteSpace" : false
    }, {
      "id" : "s2-t21",
      "begin" : 551,
      "end" : 553,
      "text" : "'s",
      "whiteSpace" : false
    }, {
      "id" : "s2-t22",
      "begin" : 554,
      "end" : 560,
      "text" : "Office",
      "whiteSpace" : false
    }, {
      "id" : "s2-t23",
      "begin" : 561,
      "end" : 563,
      "text" : "of",
      "whiteSpace" : false
    }, {
      "id" : "s2-t24",
      "begin" : 564,
      "end" : 570,
      "text" : "across",
      "whiteSpace" : false
    }, {
      "id" : "s2-t25",
      "begin" : 571,
      "end" : 574,
      "text" : "the",
      "whiteSpace" : false
    }, {
      "id" : "s2-t26",
      "begin" : 575,
      "end" : 587,
      "text" : "southeastern",
      "whiteSpace" : false
    }, {
      "id" : "s2-t27",
      "begin" : 588,
      "end" : 595,
      "text" : "portion",
      "whiteSpace" : false
    }, {
      "id" : "s2-t28",
      "begin" : 596,
      "end" : 598,
      "text" : "of",
      "whiteSpace" : false
    }, {
      "id" : "s2-t29",
      "begin" : 599,
      "end" : 602,
      "text" : "Lot",
      "whiteSpace" : false
    }, {
      "id" : "s2-t30",
      "begin" : 603,
      "end" : 604,
      "text" : "5",
      "whiteSpace" : false
    }, {
      "id" : "s2-t31",
      "begin" : 605,
      "end" : 608,
      "text" : "and",
      "whiteSpace" : false
    }, {
      "id" : "s2-t32",
      "begin" : 609,
      "end" : 612,
      "text" : "the",
      "whiteSpace" : false
    }, {
      "id" : "s2-t33",
      "begin" : 613,
      "end" : 625,
      "text" : "northeastern",
      "whiteSpace" : false
    }, {
      "id" : "s2-t34",
      "begin" : 626,
      "end" : 633,
      "text" : "portion",
      "whiteSpace" : false
    }, {
      "id" : "s2-t35",
      "begin" : 634,
      "end" : 636,
      "text" : "of",
      "whiteSpace" : false
    }, {
      "id" : "s2-t36",
      "begin" : 637,
      "end" : 640,
      "text" : "Lot",
      "whiteSpace" : false
    }, {
      "id" : "s2-t37",
      "begin" : 641,
      "end" : 642,
      "text" : "4",
      "whiteSpace" : false
    }, {
      "id" : "s2-t38",
      "begin" : 643,
      "end" : 645,
      "text" : "as",
      "whiteSpace" : false
    }, {
      "id" : "s2-t39",
      "begin" : 646,
      "end" : 651,
      "text" : "shown",
      "whiteSpace" : false
    }, {
      "id" : "s2-t40",
      "begin" : 652,
      "end" : 654,
      "text" : "on",
      "whiteSpace" : false
    }, {
      "id" : "s2-t41",
      "begin" : 655,
      "end" : 658,
      "text" : "the",
      "whiteSpace" : false
    }, {
      "id" : "s2-t42",
      "begin" : 659,
      "end" : 673,
      "text" : "aforementioned",
      "whiteSpace" : false
    }, {
      "id" : "s2-t43",
      "begin" : 674,
      "end" : 678,
      "text" : "plat",
      "whiteSpace" : false
    }, {
      "id" : "s2-t44",
      "begin" : 678,
      "end" : 679,
      "text" : ",",
      "whiteSpace" : false
    }, {
      "id" : "s2-t45",
      "begin" : 680,
      "end" : 683,
      "text" : "the",
      "whiteSpace" : false
    }, {
      "id" : "s2-t46",
      "begin" : 684,
      "end" : 691,
      "text" : "minimum",
      "whiteSpace" : false
    }, {
      "id" : "s2-t47",
      "begin" : 692,
      "end" : 700,
      "text" : "building",
      "whiteSpace" : false
    }, {
      "id" : "s2-t48",
      "begin" : 701,
      "end" : 708,
      "text" : "setback",
      "whiteSpace" : false
    }, {
      "id" : "s2-t49",
      "begin" : 709,
      "end" : 714,
      "text" : "lines",
      "whiteSpace" : false
    }, {
      "id" : "s2-t50",
      "begin" : 715,
      "end" : 718,
      "text" : "any",
      "whiteSpace" : false
    }, {
      "id" : "s2-t51",
      "begin" : 718,
      "end" : 719,
      "text" : "'",
      "whiteSpace" : false
    }, {
      "id" : "s2-t52",
      "begin" : 720,
      "end" : 723,
      "text" : "one",
      "whiteSpace" : false
    }, {
      "id" : "s2-t53",
      "begin" : 724,
      "end" : 728,
      "text" : "time",
      "whiteSpace" : false
    }, {
      "id" : "s2-t54",
      "begin" : 728,
      "end" : 729,
      "text" : ".",
      "whiteSpace" : false
    } ]
  } ],
  "mentions" : [ {
    "id" : "s2-m1",
    "properties" : {
      "SIRE_MENTION_ROLE" : "WarrDeedPageNum",
      "SIRE_ENTITY_SUBTYPE" : "NONE",
      "SIRE_MENTION_TYPE" : "NONE",
      "SIRE_MENTION_CLASS" : "SPC"
    },
    "type" : "WarrDeedPageNum",
    "begin" : 531,
    "end" : 534,
    "inCoref" : false
  } ],
  "relations" : [ ],
  "corefs" : [ ],
  "typeResolved" : true,
  "userResolved" : false
}