{
  "id" : "a5e530f0-54dc-11e9-9b8e-4bc9d96d3dde-3",
  "name" : "WD167-1.txt",
  "createdDate" : 1554164226431,
  "version" : 3,
  "text" : "thence with this lot South 3' 30' West 75 feet to a stake in the north boundary line of the said alley, said stake being 3 feet West of the center of a light pole; thence with the said alley North 86??30' West 125 feet to the beginning., Being the same property conveyed to Patti J. Bowles by deed of record in Deed Book 157, page 197, Register's Of???ce of Humphreys County, Tennessee.,",
  "docLength" : 0,
  "language" : "EN",
  "status" : "SUBMITTED",
  "modifiedDate" : 1554165603892,
  "documentSet" : [ ],
  "preannotation" : [ ],
  "sentences" : [ {
    "id" : "s0",
    "begin" : 0,
    "end" : 350,
    "text" : "thence with this lot South 3' 30' West 75 feet to a stake in the north boundary line of the said alley, said stake being 3 feet West of the center of a light pole; thence with the said alley North 86??30' West 125 feet to the beginning., Being the same property conveyed to Patti J. Bowles by deed of record in Deed Book 157, page 197, Register's Of?",
    "tokens" : [ {
      "id" : "s0-t0",
      "begin" : 0,
      "end" : 6,
      "text" : "thence",
      "whiteSpace" : false
    }, {
      "id" : "s0-t1",
      "begin" : 7,
      "end" : 11,
      "text" : "with",
      "whiteSpace" : false
    }, {
      "id" : "s0-t2",
      "begin" : 12,
      "end" : 16,
      "text" : "this",
      "whiteSpace" : false
    }, {
      "id" : "s0-t3",
      "begin" : 17,
      "end" : 20,
      "text" : "lot",
      "whiteSpace" : false
    }, {
      "id" : "s0-t4",
      "begin" : 21,
      "end" : 26,
      "text" : "South",
      "whiteSpace" : false
    }, {
      "id" : "s0-t5",
      "begin" : 27,
      "end" : 28,
      "text" : "3",
      "whiteSpace" : false
    }, {
      "id" : "s0-t6",
      "begin" : 28,
      "end" : 29,
      "text" : "'",
      "whiteSpace" : false
    }, {
      "id" : "s0-t7",
      "begin" : 30,
      "end" : 32,
      "text" : "30",
      "whiteSpace" : false
    }, {
      "id" : "s0-t8",
      "begin" : 32,
      "end" : 33,
      "text" : "'",
      "whiteSpace" : false
    }, {
      "id" : "s0-t9",
      "begin" : 34,
      "end" : 38,
      "text" : "West",
      "whiteSpace" : false
    }, {
      "id" : "s0-t10",
      "begin" : 39,
      "end" : 41,
      "text" : "75",
      "whiteSpace" : false
    }, {
      "id" : "s0-t11",
      "begin" : 42,
      "end" : 46,
      "text" : "feet",
      "whiteSpace" : false
    }, {
      "id" : "s0-t12",
      "begin" : 47,
      "end" : 49,
      "text" : "to",
      "whiteSpace" : false
    }, {
      "id" : "s0-t13",
      "begin" : 50,
      "end" : 51,
      "text" : "a",
      "whiteSpace" : false
    }, {
      "id" : "s0-t14",
      "begin" : 52,
      "end" : 57,
      "text" : "stake",
      "whiteSpace" : false
    }, {
      "id" : "s0-t15",
      "begin" : 58,
      "end" : 60,
      "text" : "in",
      "whiteSpace" : false
    }, {
      "id" : "s0-t16",
      "begin" : 61,
      "end" : 64,
      "text" : "the",
      "whiteSpace" : false
    }, {
      "id" : "s0-t17",
      "begin" : 65,
      "end" : 70,
      "text" : "north",
      "whiteSpace" : false
    }, {
      "id" : "s0-t18",
      "begin" : 71,
      "end" : 79,
      "text" : "boundary",
      "whiteSpace" : false
    }, {
      "id" : "s0-t19",
      "begin" : 80,
      "end" : 84,
      "text" : "line",
      "whiteSpace" : false
    }, {
      "id" : "s0-t20",
      "begin" : 85,
      "end" : 87,
      "text" : "of",
      "whiteSpace" : false
    }, {
      "id" : "s0-t21",
      "begin" : 88,
      "end" : 91,
      "text" : "the",
      "whiteSpace" : false
    }, {
      "id" : "s0-t22",
      "begin" : 92,
      "end" : 96,
      "text" : "said",
      "whiteSpace" : false
    }, {
      "id" : "s0-t23",
      "begin" : 97,
      "end" : 102,
      "text" : "alley",
      "whiteSpace" : false
    }, {
      "id" : "s0-t24",
      "begin" : 102,
      "end" : 103,
      "text" : ",",
      "whiteSpace" : false
    }, {
      "id" : "s0-t25",
      "begin" : 104,
      "end" : 108,
      "text" : "said",
      "whiteSpace" : false
    }, {
      "id" : "s0-t26",
      "begin" : 109,
      "end" : 114,
      "text" : "stake",
      "whiteSpace" : false
    }, {
      "id" : "s0-t27",
      "begin" : 115,
      "end" : 120,
      "text" : "being",
      "whiteSpace" : false
    }, {
      "id" : "s0-t28",
      "begin" : 121,
      "end" : 122,
      "text" : "3",
      "whiteSpace" : false
    }, {
      "id" : "s0-t29",
      "begin" : 123,
      "end" : 127,
      "text" : "feet",
      "whiteSpace" : false
    }, {
      "id" : "s0-t30",
      "begin" : 128,
      "end" : 132,
      "text" : "West",
      "whiteSpace" : false
    }, {
      "id" : "s0-t31",
      "begin" : 133,
      "end" : 135,
      "text" : "of",
      "whiteSpace" : false
    }, {
      "id" : "s0-t32",
      "begin" : 136,
      "end" : 139,
      "text" : "the",
      "whiteSpace" : false
    }, {
      "id" : "s0-t33",
      "begin" : 140,
      "end" : 146,
      "text" : "center",
      "whiteSpace" : false
    }, {
      "id" : "s0-t34",
      "begin" : 147,
      "end" : 149,
      "text" : "of",
      "whiteSpace" : false
    }, {
      "id" : "s0-t35",
      "begin" : 150,
      "end" : 151,
      "text" : "a",
      "whiteSpace" : false
    }, {
      "id" : "s0-t36",
      "begin" : 152,
      "end" : 157,
      "text" : "light",
      "whiteSpace" : false
    }, {
      "id" : "s0-t37",
      "begin" : 158,
      "end" : 162,
      "text" : "pole",
      "whiteSpace" : false
    }, {
      "id" : "s0-t38",
      "begin" : 162,
      "end" : 163,
      "text" : ";",
      "whiteSpace" : false
    }, {
      "id" : "s0-t39",
      "begin" : 164,
      "end" : 170,
      "text" : "thence",
      "whiteSpace" : false
    }, {
      "id" : "s0-t40",
      "begin" : 171,
      "end" : 175,
      "text" : "with",
      "whiteSpace" : false
    }, {
      "id" : "s0-t41",
      "begin" : 176,
      "end" : 179,
      "text" : "the",
      "whiteSpace" : false
    }, {
      "id" : "s0-t42",
      "begin" : 180,
      "end" : 184,
      "text" : "said",
      "whiteSpace" : false
    }, {
      "id" : "s0-t43",
      "begin" : 185,
      "end" : 190,
      "text" : "alley",
      "whiteSpace" : false
    }, {
      "id" : "s0-t44",
      "begin" : 191,
      "end" : 196,
      "text" : "North",
      "whiteSpace" : false
    }, {
      "id" : "s0-t45",
      "begin" : 197,
      "end" : 203,
      "text" : "86??30",
      "whiteSpace" : false
    }, {
      "id" : "s0-t46",
      "begin" : 203,
      "end" : 204,
      "text" : "'",
      "whiteSpace" : false
    }, {
      "id" : "s0-t47",
      "begin" : 205,
      "end" : 209,
      "text" : "West",
      "whiteSpace" : false
    }, {
      "id" : "s0-t48",
      "begin" : 210,
      "end" : 213,
      "text" : "125",
      "whiteSpace" : false
    }, {
      "id" : "s0-t49",
      "begin" : 214,
      "end" : 218,
      "text" : "feet",
      "whiteSpace" : false
    }, {
      "id" : "s0-t50",
      "begin" : 219,
      "end" : 221,
      "text" : "to",
      "whiteSpace" : false
    }, {
      "id" : "s0-t51",
      "begin" : 222,
      "end" : 225,
      "text" : "the",
      "whiteSpace" : false
    }, {
      "id" : "s0-t52",
      "begin" : 226,
      "end" : 236,
      "text" : "beginning.",
      "whiteSpace" : false
    }, {
      "id" : "s0-t53",
      "begin" : 236,
      "end" : 237,
      "text" : ",",
      "whiteSpace" : false
    }, {
      "id" : "s0-t54",
      "begin" : 238,
      "end" : 243,
      "text" : "Being",
      "whiteSpace" : false
    }, {
      "id" : "s0-t55",
      "begin" : 244,
      "end" : 247,
      "text" : "the",
      "whiteSpace" : false
    }, {
      "id" : "s0-t56",
      "begin" : 248,
      "end" : 252,
      "text" : "same",
      "whiteSpace" : false
    }, {
      "id" : "s0-t57",
      "begin" : 253,
      "end" : 261,
      "text" : "property",
      "whiteSpace" : false
    }, {
      "id" : "s0-t58",
      "begin" : 262,
      "end" : 270,
      "text" : "conveyed",
      "whiteSpace" : false
    }, {
      "id" : "s0-t59",
      "begin" : 271,
      "end" : 273,
      "text" : "to",
      "whiteSpace" : false
    }, {
      "id" : "s0-t60",
      "begin" : 274,
      "end" : 279,
      "text" : "Patti",
      "whiteSpace" : false
    }, {
      "id" : "s0-t61",
      "begin" : 280,
      "end" : 282,
      "text" : "J.",
      "whiteSpace" : false
    }, {
      "id" : "s0-t62",
      "begin" : 283,
      "end" : 289,
      "text" : "Bowles",
      "whiteSpace" : false
    }, {
      "id" : "s0-t63",
      "begin" : 290,
      "end" : 292,
      "text" : "by",
      "whiteSpace" : false
    }, {
      "id" : "s0-t64",
      "begin" : 293,
      "end" : 297,
      "text" : "deed",
      "whiteSpace" : false
    }, {
      "id" : "s0-t65",
      "begin" : 298,
      "end" : 300,
      "text" : "of",
      "whiteSpace" : false
    }, {
      "id" : "s0-t66",
      "begin" : 301,
      "end" : 307,
      "text" : "record",
      "whiteSpace" : false
    }, {
      "id" : "s0-t67",
      "begin" : 308,
      "end" : 310,
      "text" : "in",
      "whiteSpace" : false
    }, {
      "id" : "s0-t68",
      "begin" : 311,
      "end" : 315,
      "text" : "Deed",
      "whiteSpace" : false
    }, {
      "id" : "s0-t69",
      "begin" : 316,
      "end" : 320,
      "text" : "Book",
      "whiteSpace" : false
    }, {
      "id" : "s0-t70",
      "begin" : 321,
      "end" : 324,
      "text" : "157",
      "whiteSpace" : false
    }, {
      "id" : "s0-t71",
      "begin" : 324,
      "end" : 325,
      "text" : ",",
      "whiteSpace" : false
    }, {
      "id" : "s0-t72",
      "begin" : 326,
      "end" : 330,
      "text" : "page",
      "whiteSpace" : false
    }, {
      "id" : "s0-t73",
      "begin" : 331,
      "end" : 334,
      "text" : "197",
      "whiteSpace" : false
    }, {
      "id" : "s0-t74",
      "begin" : 334,
      "end" : 335,
      "text" : ",",
      "whiteSpace" : false
    }, {
      "id" : "s0-t75",
      "begin" : 336,
      "end" : 344,
      "text" : "Register",
      "whiteSpace" : false
    }, {
      "id" : "s0-t76",
      "begin" : 344,
      "end" : 346,
      "text" : "'s",
      "whiteSpace" : false
    }, {
      "id" : "s0-t77",
      "begin" : 347,
      "end" : 349,
      "text" : "Of",
      "whiteSpace" : false
    }, {
      "id" : "s0-t78",
      "begin" : 349,
      "end" : 350,
      "text" : "?",
      "whiteSpace" : false
    } ]
  }, {
    "id" : "s1",
    "begin" : 350,
    "end" : 387,
    "text" : "??ce of Humphreys County, Tennessee.,",
    "tokens" : [ {
      "id" : "s1-t0",
      "begin" : 350,
      "end" : 354,
      "text" : "??ce",
      "whiteSpace" : false
    }, {
      "id" : "s1-t1",
      "begin" : 355,
      "end" : 357,
      "text" : "of",
      "whiteSpace" : false
    }, {
      "id" : "s1-t2",
      "begin" : 358,
      "end" : 367,
      "text" : "Humphreys",
      "whiteSpace" : false
    }, {
      "id" : "s1-t3",
      "begin" : 368,
      "end" : 374,
      "text" : "County",
      "whiteSpace" : false
    }, {
      "id" : "s1-t4",
      "begin" : 374,
      "end" : 375,
      "text" : ",",
      "whiteSpace" : false
    }, {
      "id" : "s1-t5",
      "begin" : 376,
      "end" : 386,
      "text" : "Tennessee.",
      "whiteSpace" : false
    }, {
      "id" : "s1-t6",
      "begin" : 386,
      "end" : 387,
      "text" : ",",
      "whiteSpace" : false
    } ]
  } ],
  "mentions" : [ {
    "id" : "s0-m1",
    "properties" : {
      "SIRE_MENTION_ROLE" : "WarrDeedBookNum",
      "SIRE_ENTITY_SUBTYPE" : "NONE",
      "SIRE_MENTION_TYPE" : "NONE",
      "SIRE_MENTION_CLASS" : "SPC"
    },
    "type" : "WarrDeedBookNum",
    "begin" : 321,
    "end" : 324,
    "inCoref" : false
  }, {
    "id" : "s0-m2",
    "properties" : {
      "SIRE_MENTION_ROLE" : "WarrDeedPageNum",
      "SIRE_ENTITY_SUBTYPE" : "NONE",
      "SIRE_MENTION_TYPE" : "NONE",
      "SIRE_MENTION_CLASS" : "SPC"
    },
    "type" : "WarrDeedPageNum",
    "begin" : 331,
    "end" : 334,
    "inCoref" : false
  } ],
  "relations" : [ ],
  "corefs" : [ ],
  "typeResolved" : true,
  "userResolved" : false
}