{
  "id" : "a5e530f0-54dc-11e9-9b8e-4bc9d96d3dde-14",
  "name" : "WD169-17.txt",
  "createdDate" : 1554164226431,
  "version" : 3,
  "text" : "thence, with said line 11.19 feet to the beginning containing .124 of an acre and being a portion of the property conveyed to H.D. Hasty of record in deed book 50, page 211 in the The above described property is hereby conveyed in fee sinple and the lien for property taxes against the sane is to he removed as provided for in Section square feet., By this instrument the grantors hereby convey an easement for construction of, 1056.18 feet to a point in the westerly line of subject tract 42 feet left of centerline station 290+43.79; thence, with said line N07degrees-30minutes-OBseconds W, 19 feet, more or less, to a point in the toe of slope 61 feet, more or less, left of centerline station 290+46, more or less; thence, with the, the concenth of construction., Being a strip of land parallel to and. at all point no greater than 10 feet from the above described slope easement containing 10521 square feet., state of Tennessee James K. Polk Building Nashville, Tennessee, // /, 82315 fee at Beads.",
  "docLength" : 0,
  "language" : "EN",
  "status" : "SUBMITTED",
  "modifiedDate" : 1554165536454,
  "documentSet" : [ ],
  "preannotation" : [ ],
  "sentences" : [ {
    "id" : "s0",
    "begin" : 0,
    "end" : 806,
    "text" : "thence, with said line 11.19 feet to the beginning containing .124 of an acre and being a portion of the property conveyed to H.D. Hasty of record in deed book 50, page 211 in the The above described property is hereby conveyed in fee sinple and the lien for property taxes against the sane is to he removed as provided for in Section square feet., By this instrument the grantors hereby convey an easement for construction of, 1056.18 feet to a point in the westerly line of subject tract 42 feet left of centerline station 290+43.79; thence, with said line N07degrees-30minutes-OBseconds W, 19 feet, more or less, to a point in the toe of slope 61 feet, more or less, left of centerline station 290+46, more or less; thence, with the, the concenth of construction., Being a strip of land parallel to and.",
    "tokens" : [ {
      "id" : "s0-t0",
      "begin" : 0,
      "end" : 6,
      "text" : "thence",
      "whiteSpace" : false
    }, {
      "id" : "s0-t1",
      "begin" : 6,
      "end" : 7,
      "text" : ",",
      "whiteSpace" : false
    }, {
      "id" : "s0-t2",
      "begin" : 8,
      "end" : 12,
      "text" : "with",
      "whiteSpace" : false
    }, {
      "id" : "s0-t3",
      "begin" : 13,
      "end" : 17,
      "text" : "said",
      "whiteSpace" : false
    }, {
      "id" : "s0-t4",
      "begin" : 18,
      "end" : 22,
      "text" : "line",
      "whiteSpace" : false
    }, {
      "id" : "s0-t5",
      "begin" : 23,
      "end" : 28,
      "text" : "11.19",
      "whiteSpace" : false
    }, {
      "id" : "s0-t6",
      "begin" : 29,
      "end" : 33,
      "text" : "feet",
      "whiteSpace" : false
    }, {
      "id" : "s0-t7",
      "begin" : 34,
      "end" : 36,
      "text" : "to",
      "whiteSpace" : false
    }, {
      "id" : "s0-t8",
      "begin" : 37,
      "end" : 40,
      "text" : "the",
      "whiteSpace" : false
    }, {
      "id" : "s0-t9",
      "begin" : 41,
      "end" : 50,
      "text" : "beginning",
      "whiteSpace" : false
    }, {
      "id" : "s0-t10",
      "begin" : 51,
      "end" : 61,
      "text" : "containing",
      "whiteSpace" : false
    }, {
      "id" : "s0-t11",
      "begin" : 62,
      "end" : 66,
      "text" : ".124",
      "whiteSpace" : false
    }, {
      "id" : "s0-t12",
      "begin" : 67,
      "end" : 69,
      "text" : "of",
      "whiteSpace" : false
    }, {
      "id" : "s0-t13",
      "begin" : 70,
      "end" : 72,
      "text" : "an",
      "whiteSpace" : false
    }, {
      "id" : "s0-t14",
      "begin" : 73,
      "end" : 77,
      "text" : "acre",
      "whiteSpace" : false
    }, {
      "id" : "s0-t15",
      "begin" : 78,
      "end" : 81,
      "text" : "and",
      "whiteSpace" : false
    }, {
      "id" : "s0-t16",
      "begin" : 82,
      "end" : 87,
      "text" : "being",
      "whiteSpace" : false
    }, {
      "id" : "s0-t17",
      "begin" : 88,
      "end" : 89,
      "text" : "a",
      "whiteSpace" : false
    }, {
      "id" : "s0-t18",
      "begin" : 90,
      "end" : 97,
      "text" : "portion",
      "whiteSpace" : false
    }, {
      "id" : "s0-t19",
      "begin" : 98,
      "end" : 100,
      "text" : "of",
      "whiteSpace" : false
    }, {
      "id" : "s0-t20",
      "begin" : 101,
      "end" : 104,
      "text" : "the",
      "whiteSpace" : false
    }, {
      "id" : "s0-t21",
      "begin" : 105,
      "end" : 113,
      "text" : "property",
      "whiteSpace" : false
    }, {
      "id" : "s0-t22",
      "begin" : 114,
      "end" : 122,
      "text" : "conveyed",
      "whiteSpace" : false
    }, {
      "id" : "s0-t23",
      "begin" : 123,
      "end" : 125,
      "text" : "to",
      "whiteSpace" : false
    }, {
      "id" : "s0-t24",
      "begin" : 126,
      "end" : 130,
      "text" : "H.D.",
      "whiteSpace" : false
    }, {
      "id" : "s0-t25",
      "begin" : 131,
      "end" : 136,
      "text" : "Hasty",
      "whiteSpace" : false
    }, {
      "id" : "s0-t26",
      "begin" : 137,
      "end" : 139,
      "text" : "of",
      "whiteSpace" : false
    }, {
      "id" : "s0-t27",
      "begin" : 140,
      "end" : 146,
      "text" : "record",
      "whiteSpace" : false
    }, {
      "id" : "s0-t28",
      "begin" : 147,
      "end" : 149,
      "text" : "in",
      "whiteSpace" : false
    }, {
      "id" : "s0-t29",
      "begin" : 150,
      "end" : 154,
      "text" : "deed",
      "whiteSpace" : false
    }, {
      "id" : "s0-t30",
      "begin" : 155,
      "end" : 159,
      "text" : "book",
      "whiteSpace" : false
    }, {
      "id" : "s0-t31",
      "begin" : 160,
      "end" : 162,
      "text" : "50",
      "whiteSpace" : false
    }, {
      "id" : "s0-t32",
      "begin" : 162,
      "end" : 163,
      "text" : ",",
      "whiteSpace" : false
    }, {
      "id" : "s0-t33",
      "begin" : 164,
      "end" : 168,
      "text" : "page",
      "whiteSpace" : false
    }, {
      "id" : "s0-t34",
      "begin" : 169,
      "end" : 172,
      "text" : "211",
      "whiteSpace" : false
    }, {
      "id" : "s0-t35",
      "begin" : 173,
      "end" : 175,
      "text" : "in",
      "whiteSpace" : false
    }, {
      "id" : "s0-t36",
      "begin" : 176,
      "end" : 179,
      "text" : "the",
      "whiteSpace" : false
    }, {
      "id" : "s0-t37",
      "begin" : 180,
      "end" : 183,
      "text" : "The",
      "whiteSpace" : false
    }, {
      "id" : "s0-t38",
      "begin" : 184,
      "end" : 189,
      "text" : "above",
      "whiteSpace" : false
    }, {
      "id" : "s0-t39",
      "begin" : 190,
      "end" : 199,
      "text" : "described",
      "whiteSpace" : false
    }, {
      "id" : "s0-t40",
      "begin" : 200,
      "end" : 208,
      "text" : "property",
      "whiteSpace" : false
    }, {
      "id" : "s0-t41",
      "begin" : 209,
      "end" : 211,
      "text" : "is",
      "whiteSpace" : false
    }, {
      "id" : "s0-t42",
      "begin" : 212,
      "end" : 218,
      "text" : "hereby",
      "whiteSpace" : false
    }, {
      "id" : "s0-t43",
      "begin" : 219,
      "end" : 227,
      "text" : "conveyed",
      "whiteSpace" : false
    }, {
      "id" : "s0-t44",
      "begin" : 228,
      "end" : 230,
      "text" : "in",
      "whiteSpace" : false
    }, {
      "id" : "s0-t45",
      "begin" : 231,
      "end" : 234,
      "text" : "fee",
      "whiteSpace" : false
    }, {
      "id" : "s0-t46",
      "begin" : 235,
      "end" : 241,
      "text" : "sinple",
      "whiteSpace" : false
    }, {
      "id" : "s0-t47",
      "begin" : 242,
      "end" : 245,
      "text" : "and",
      "whiteSpace" : false
    }, {
      "id" : "s0-t48",
      "begin" : 246,
      "end" : 249,
      "text" : "the",
      "whiteSpace" : false
    }, {
      "id" : "s0-t49",
      "begin" : 250,
      "end" : 254,
      "text" : "lien",
      "whiteSpace" : false
    }, {
      "id" : "s0-t50",
      "begin" : 255,
      "end" : 258,
      "text" : "for",
      "whiteSpace" : false
    }, {
      "id" : "s0-t51",
      "begin" : 259,
      "end" : 267,
      "text" : "property",
      "whiteSpace" : false
    }, {
      "id" : "s0-t52",
      "begin" : 268,
      "end" : 273,
      "text" : "taxes",
      "whiteSpace" : false
    }, {
      "id" : "s0-t53",
      "begin" : 274,
      "end" : 281,
      "text" : "against",
      "whiteSpace" : false
    }, {
      "id" : "s0-t54",
      "begin" : 282,
      "end" : 285,
      "text" : "the",
      "whiteSpace" : false
    }, {
      "id" : "s0-t55",
      "begin" : 286,
      "end" : 290,
      "text" : "sane",
      "whiteSpace" : false
    }, {
      "id" : "s0-t56",
      "begin" : 291,
      "end" : 293,
      "text" : "is",
      "whiteSpace" : false
    }, {
      "id" : "s0-t57",
      "begin" : 294,
      "end" : 296,
      "text" : "to",
      "whiteSpace" : false
    }, {
      "id" : "s0-t58",
      "begin" : 297,
      "end" : 299,
      "text" : "he",
      "whiteSpace" : false
    }, {
      "id" : "s0-t59",
      "begin" : 300,
      "end" : 307,
      "text" : "removed",
      "whiteSpace" : false
    }, {
      "id" : "s0-t60",
      "begin" : 308,
      "end" : 310,
      "text" : "as",
      "whiteSpace" : false
    }, {
      "id" : "s0-t61",
      "begin" : 311,
      "end" : 319,
      "text" : "provided",
      "whiteSpace" : false
    }, {
      "id" : "s0-t62",
      "begin" : 320,
      "end" : 323,
      "text" : "for",
      "whiteSpace" : false
    }, {
      "id" : "s0-t63",
      "begin" : 324,
      "end" : 326,
      "text" : "in",
      "whiteSpace" : false
    }, {
      "id" : "s0-t64",
      "begin" : 327,
      "end" : 334,
      "text" : "Section",
      "whiteSpace" : false
    }, {
      "id" : "s0-t65",
      "begin" : 335,
      "end" : 341,
      "text" : "square",
      "whiteSpace" : false
    }, {
      "id" : "s0-t66",
      "begin" : 342,
      "end" : 347,
      "text" : "feet.",
      "whiteSpace" : false
    }, {
      "id" : "s0-t67",
      "begin" : 347,
      "end" : 348,
      "text" : ",",
      "whiteSpace" : false
    }, {
      "id" : "s0-t68",
      "begin" : 349,
      "end" : 351,
      "text" : "By",
      "whiteSpace" : false
    }, {
      "id" : "s0-t69",
      "begin" : 352,
      "end" : 356,
      "text" : "this",
      "whiteSpace" : false
    }, {
      "id" : "s0-t70",
      "begin" : 357,
      "end" : 367,
      "text" : "instrument",
      "whiteSpace" : false
    }, {
      "id" : "s0-t71",
      "begin" : 368,
      "end" : 371,
      "text" : "the",
      "whiteSpace" : false
    }, {
      "id" : "s0-t72",
      "begin" : 372,
      "end" : 380,
      "text" : "grantors",
      "whiteSpace" : false
    }, {
      "id" : "s0-t73",
      "begin" : 381,
      "end" : 387,
      "text" : "hereby",
      "whiteSpace" : false
    }, {
      "id" : "s0-t74",
      "begin" : 388,
      "end" : 394,
      "text" : "convey",
      "whiteSpace" : false
    }, {
      "id" : "s0-t75",
      "begin" : 395,
      "end" : 397,
      "text" : "an",
      "whiteSpace" : false
    }, {
      "id" : "s0-t76",
      "begin" : 398,
      "end" : 406,
      "text" : "easement",
      "whiteSpace" : false
    }, {
      "id" : "s0-t77",
      "begin" : 407,
      "end" : 410,
      "text" : "for",
      "whiteSpace" : false
    }, {
      "id" : "s0-t78",
      "begin" : 411,
      "end" : 423,
      "text" : "construction",
      "whiteSpace" : false
    }, {
      "id" : "s0-t79",
      "begin" : 424,
      "end" : 426,
      "text" : "of",
      "whiteSpace" : false
    }, {
      "id" : "s0-t80",
      "begin" : 426,
      "end" : 427,
      "text" : ",",
      "whiteSpace" : false
    }, {
      "id" : "s0-t81",
      "begin" : 428,
      "end" : 435,
      "text" : "1056.18",
      "whiteSpace" : false
    }, {
      "id" : "s0-t82",
      "begin" : 436,
      "end" : 440,
      "text" : "feet",
      "whiteSpace" : false
    }, {
      "id" : "s0-t83",
      "begin" : 441,
      "end" : 443,
      "text" : "to",
      "whiteSpace" : false
    }, {
      "id" : "s0-t84",
      "begin" : 444,
      "end" : 445,
      "text" : "a",
      "whiteSpace" : false
    }, {
      "id" : "s0-t85",
      "begin" : 446,
      "end" : 451,
      "text" : "point",
      "whiteSpace" : false
    }, {
      "id" : "s0-t86",
      "begin" : 452,
      "end" : 454,
      "text" : "in",
      "whiteSpace" : false
    }, {
      "id" : "s0-t87",
      "begin" : 455,
      "end" : 458,
      "text" : "the",
      "whiteSpace" : false
    }, {
      "id" : "s0-t88",
      "begin" : 459,
      "end" : 467,
      "text" : "westerly",
      "whiteSpace" : false
    }, {
      "id" : "s0-t89",
      "begin" : 468,
      "end" : 472,
      "text" : "line",
      "whiteSpace" : false
    }, {
      "id" : "s0-t90",
      "begin" : 473,
      "end" : 475,
      "text" : "of",
      "whiteSpace" : false
    }, {
      "id" : "s0-t91",
      "begin" : 476,
      "end" : 483,
      "text" : "subject",
      "whiteSpace" : false
    }, {
      "id" : "s0-t92",
      "begin" : 484,
      "end" : 489,
      "text" : "tract",
      "whiteSpace" : false
    }, {
      "id" : "s0-t93",
      "begin" : 490,
      "end" : 492,
      "text" : "42",
      "whiteSpace" : false
    }, {
      "id" : "s0-t94",
      "begin" : 493,
      "end" : 497,
      "text" : "feet",
      "whiteSpace" : false
    }, {
      "id" : "s0-t95",
      "begin" : 498,
      "end" : 502,
      "text" : "left",
      "whiteSpace" : false
    }, {
      "id" : "s0-t96",
      "begin" : 503,
      "end" : 505,
      "text" : "of",
      "whiteSpace" : false
    }, {
      "id" : "s0-t97",
      "begin" : 506,
      "end" : 516,
      "text" : "centerline",
      "whiteSpace" : false
    }, {
      "id" : "s0-t98",
      "begin" : 517,
      "end" : 524,
      "text" : "station",
      "whiteSpace" : false
    }, {
      "id" : "s0-t99",
      "begin" : 525,
      "end" : 528,
      "text" : "290",
      "whiteSpace" : false
    }, {
      "id" : "s0-t100",
      "begin" : 528,
      "end" : 529,
      "text" : "+",
      "whiteSpace" : false
    }, {
      "id" : "s0-t101",
      "begin" : 529,
      "end" : 534,
      "text" : "43.79",
      "whiteSpace" : false
    }, {
      "id" : "s0-t102",
      "begin" : 534,
      "end" : 535,
      "text" : ";",
      "whiteSpace" : false
    }, {
      "id" : "s0-t103",
      "begin" : 536,
      "end" : 542,
      "text" : "thence",
      "whiteSpace" : false
    }, {
      "id" : "s0-t104",
      "begin" : 542,
      "end" : 543,
      "text" : ",",
      "whiteSpace" : false
    }, {
      "id" : "s0-t105",
      "begin" : 544,
      "end" : 548,
      "text" : "with",
      "whiteSpace" : false
    }, {
      "id" : "s0-t106",
      "begin" : 549,
      "end" : 553,
      "text" : "said",
      "whiteSpace" : false
    }, {
      "id" : "s0-t107",
      "begin" : 554,
      "end" : 558,
      "text" : "line",
      "whiteSpace" : false
    }, {
      "id" : "s0-t108",
      "begin" : 559,
      "end" : 589,
      "text" : "N07degrees-30minutes-OBseconds",
      "whiteSpace" : false
    }, {
      "id" : "s0-t109",
      "begin" : 590,
      "end" : 591,
      "text" : "W",
      "whiteSpace" : false
    }, {
      "id" : "s0-t110",
      "begin" : 591,
      "end" : 592,
      "text" : ",",
      "whiteSpace" : false
    }, {
      "id" : "s0-t111",
      "begin" : 593,
      "end" : 595,
      "text" : "19",
      "whiteSpace" : false
    }, {
      "id" : "s0-t112",
      "begin" : 596,
      "end" : 600,
      "text" : "feet",
      "whiteSpace" : false
    }, {
      "id" : "s0-t113",
      "begin" : 600,
      "end" : 601,
      "text" : ",",
      "whiteSpace" : false
    }, {
      "id" : "s0-t114",
      "begin" : 602,
      "end" : 606,
      "text" : "more",
      "whiteSpace" : false
    }, {
      "id" : "s0-t115",
      "begin" : 607,
      "end" : 609,
      "text" : "or",
      "whiteSpace" : false
    }, {
      "id" : "s0-t116",
      "begin" : 610,
      "end" : 614,
      "text" : "less",
      "whiteSpace" : false
    }, {
      "id" : "s0-t117",
      "begin" : 614,
      "end" : 615,
      "text" : ",",
      "whiteSpace" : false
    }, {
      "id" : "s0-t118",
      "begin" : 616,
      "end" : 618,
      "text" : "to",
      "whiteSpace" : false
    }, {
      "id" : "s0-t119",
      "begin" : 619,
      "end" : 620,
      "text" : "a",
      "whiteSpace" : false
    }, {
      "id" : "s0-t120",
      "begin" : 621,
      "end" : 626,
      "text" : "point",
      "whiteSpace" : false
    }, {
      "id" : "s0-t121",
      "begin" : 627,
      "end" : 629,
      "text" : "in",
      "whiteSpace" : false
    }, {
      "id" : "s0-t122",
      "begin" : 630,
      "end" : 633,
      "text" : "the",
      "whiteSpace" : false
    }, {
      "id" : "s0-t123",
      "begin" : 634,
      "end" : 637,
      "text" : "toe",
      "whiteSpace" : false
    }, {
      "id" : "s0-t124",
      "begin" : 638,
      "end" : 640,
      "text" : "of",
      "whiteSpace" : false
    }, {
      "id" : "s0-t125",
      "begin" : 641,
      "end" : 646,
      "text" : "slope",
      "whiteSpace" : false
    }, {
      "id" : "s0-t126",
      "begin" : 647,
      "end" : 649,
      "text" : "61",
      "whiteSpace" : false
    }, {
      "id" : "s0-t127",
      "begin" : 650,
      "end" : 654,
      "text" : "feet",
      "whiteSpace" : false
    }, {
      "id" : "s0-t128",
      "begin" : 654,
      "end" : 655,
      "text" : ",",
      "whiteSpace" : false
    }, {
      "id" : "s0-t129",
      "begin" : 656,
      "end" : 660,
      "text" : "more",
      "whiteSpace" : false
    }, {
      "id" : "s0-t130",
      "begin" : 661,
      "end" : 663,
      "text" : "or",
      "whiteSpace" : false
    }, {
      "id" : "s0-t131",
      "begin" : 664,
      "end" : 668,
      "text" : "less",
      "whiteSpace" : false
    }, {
      "id" : "s0-t132",
      "begin" : 668,
      "end" : 669,
      "text" : ",",
      "whiteSpace" : false
    }, {
      "id" : "s0-t133",
      "begin" : 670,
      "end" : 674,
      "text" : "left",
      "whiteSpace" : false
    }, {
      "id" : "s0-t134",
      "begin" : 675,
      "end" : 677,
      "text" : "of",
      "whiteSpace" : false
    }, {
      "id" : "s0-t135",
      "begin" : 678,
      "end" : 688,
      "text" : "centerline",
      "whiteSpace" : false
    }, {
      "id" : "s0-t136",
      "begin" : 689,
      "end" : 696,
      "text" : "station",
      "whiteSpace" : false
    }, {
      "id" : "s0-t137",
      "begin" : 697,
      "end" : 700,
      "text" : "290",
      "whiteSpace" : false
    }, {
      "id" : "s0-t138",
      "begin" : 700,
      "end" : 701,
      "text" : "+",
      "whiteSpace" : false
    }, {
      "id" : "s0-t139",
      "begin" : 701,
      "end" : 703,
      "text" : "46",
      "whiteSpace" : false
    }, {
      "id" : "s0-t140",
      "begin" : 703,
      "end" : 704,
      "text" : ",",
      "whiteSpace" : false
    }, {
      "id" : "s0-t141",
      "begin" : 705,
      "end" : 709,
      "text" : "more",
      "whiteSpace" : false
    }, {
      "id" : "s0-t142",
      "begin" : 710,
      "end" : 712,
      "text" : "or",
      "whiteSpace" : false
    }, {
      "id" : "s0-t143",
      "begin" : 713,
      "end" : 717,
      "text" : "less",
      "whiteSpace" : false
    }, {
      "id" : "s0-t144",
      "begin" : 717,
      "end" : 718,
      "text" : ";",
      "whiteSpace" : false
    }, {
      "id" : "s0-t145",
      "begin" : 719,
      "end" : 725,
      "text" : "thence",
      "whiteSpace" : false
    }, {
      "id" : "s0-t146",
      "begin" : 725,
      "end" : 726,
      "text" : ",",
      "whiteSpace" : false
    }, {
      "id" : "s0-t147",
      "begin" : 727,
      "end" : 731,
      "text" : "with",
      "whiteSpace" : false
    }, {
      "id" : "s0-t148",
      "begin" : 732,
      "end" : 735,
      "text" : "the",
      "whiteSpace" : false
    }, {
      "id" : "s0-t149",
      "begin" : 735,
      "end" : 736,
      "text" : ",",
      "whiteSpace" : false
    }, {
      "id" : "s0-t150",
      "begin" : 737,
      "end" : 740,
      "text" : "the",
      "whiteSpace" : false
    }, {
      "id" : "s0-t151",
      "begin" : 741,
      "end" : 749,
      "text" : "concenth",
      "whiteSpace" : false
    }, {
      "id" : "s0-t152",
      "begin" : 750,
      "end" : 752,
      "text" : "of",
      "whiteSpace" : false
    }, {
      "id" : "s0-t153",
      "begin" : 753,
      "end" : 766,
      "text" : "construction.",
      "whiteSpace" : false
    }, {
      "id" : "s0-t154",
      "begin" : 766,
      "end" : 767,
      "text" : ",",
      "whiteSpace" : false
    }, {
      "id" : "s0-t155",
      "begin" : 768,
      "end" : 773,
      "text" : "Being",
      "whiteSpace" : false
    }, {
      "id" : "s0-t156",
      "begin" : 774,
      "end" : 775,
      "text" : "a",
      "whiteSpace" : false
    }, {
      "id" : "s0-t157",
      "begin" : 776,
      "end" : 781,
      "text" : "strip",
      "whiteSpace" : false
    }, {
      "id" : "s0-t158",
      "begin" : 782,
      "end" : 784,
      "text" : "of",
      "whiteSpace" : false
    }, {
      "id" : "s0-t159",
      "begin" : 785,
      "end" : 789,
      "text" : "land",
      "whiteSpace" : false
    }, {
      "id" : "s0-t160",
      "begin" : 790,
      "end" : 798,
      "text" : "parallel",
      "whiteSpace" : false
    }, {
      "id" : "s0-t161",
      "begin" : 799,
      "end" : 801,
      "text" : "to",
      "whiteSpace" : false
    }, {
      "id" : "s0-t162",
      "begin" : 802,
      "end" : 805,
      "text" : "and",
      "whiteSpace" : false
    }, {
      "id" : "s0-t163",
      "begin" : 805,
      "end" : 806,
      "text" : ".",
      "whiteSpace" : false
    } ]
  }, {
    "id" : "s1",
    "begin" : 807,
    "end" : 1004,
    "text" : "at all point no greater than 10 feet from the above described slope easement containing 10521 square feet., state of Tennessee James K. Polk Building Nashville, Tennessee, // /, 82315 fee at Beads.",
    "tokens" : [ {
      "id" : "s1-t0",
      "begin" : 807,
      "end" : 809,
      "text" : "at",
      "whiteSpace" : false
    }, {
      "id" : "s1-t1",
      "begin" : 810,
      "end" : 813,
      "text" : "all",
      "whiteSpace" : false
    }, {
      "id" : "s1-t2",
      "begin" : 814,
      "end" : 819,
      "text" : "point",
      "whiteSpace" : false
    }, {
      "id" : "s1-t3",
      "begin" : 820,
      "end" : 822,
      "text" : "no",
      "whiteSpace" : false
    }, {
      "id" : "s1-t4",
      "begin" : 823,
      "end" : 830,
      "text" : "greater",
      "whiteSpace" : false
    }, {
      "id" : "s1-t5",
      "begin" : 831,
      "end" : 835,
      "text" : "than",
      "whiteSpace" : false
    }, {
      "id" : "s1-t6",
      "begin" : 836,
      "end" : 838,
      "text" : "10",
      "whiteSpace" : false
    }, {
      "id" : "s1-t7",
      "begin" : 839,
      "end" : 843,
      "text" : "feet",
      "whiteSpace" : false
    }, {
      "id" : "s1-t8",
      "begin" : 844,
      "end" : 848,
      "text" : "from",
      "whiteSpace" : false
    }, {
      "id" : "s1-t9",
      "begin" : 849,
      "end" : 852,
      "text" : "the",
      "whiteSpace" : false
    }, {
      "id" : "s1-t10",
      "begin" : 853,
      "end" : 858,
      "text" : "above",
      "whiteSpace" : false
    }, {
      "id" : "s1-t11",
      "begin" : 859,
      "end" : 868,
      "text" : "described",
      "whiteSpace" : false
    }, {
      "id" : "s1-t12",
      "begin" : 869,
      "end" : 874,
      "text" : "slope",
      "whiteSpace" : false
    }, {
      "id" : "s1-t13",
      "begin" : 875,
      "end" : 883,
      "text" : "easement",
      "whiteSpace" : false
    }, {
      "id" : "s1-t14",
      "begin" : 884,
      "end" : 894,
      "text" : "containing",
      "whiteSpace" : false
    }, {
      "id" : "s1-t15",
      "begin" : 895,
      "end" : 900,
      "text" : "10521",
      "whiteSpace" : false
    }, {
      "id" : "s1-t16",
      "begin" : 901,
      "end" : 907,
      "text" : "square",
      "whiteSpace" : false
    }, {
      "id" : "s1-t17",
      "begin" : 908,
      "end" : 913,
      "text" : "feet.",
      "whiteSpace" : false
    }, {
      "id" : "s1-t18",
      "begin" : 913,
      "end" : 914,
      "text" : ",",
      "whiteSpace" : false
    }, {
      "id" : "s1-t19",
      "begin" : 915,
      "end" : 920,
      "text" : "state",
      "whiteSpace" : false
    }, {
      "id" : "s1-t20",
      "begin" : 921,
      "end" : 923,
      "text" : "of",
      "whiteSpace" : false
    }, {
      "id" : "s1-t21",
      "begin" : 924,
      "end" : 933,
      "text" : "Tennessee",
      "whiteSpace" : false
    }, {
      "id" : "s1-t22",
      "begin" : 934,
      "end" : 939,
      "text" : "James",
      "whiteSpace" : false
    }, {
      "id" : "s1-t23",
      "begin" : 940,
      "end" : 942,
      "text" : "K.",
      "whiteSpace" : false
    }, {
      "id" : "s1-t24",
      "begin" : 943,
      "end" : 947,
      "text" : "Polk",
      "whiteSpace" : false
    }, {
      "id" : "s1-t25",
      "begin" : 948,
      "end" : 956,
      "text" : "Building",
      "whiteSpace" : false
    }, {
      "id" : "s1-t26",
      "begin" : 957,
      "end" : 966,
      "text" : "Nashville",
      "whiteSpace" : false
    }, {
      "id" : "s1-t27",
      "begin" : 966,
      "end" : 967,
      "text" : ",",
      "whiteSpace" : false
    }, {
      "id" : "s1-t28",
      "begin" : 968,
      "end" : 977,
      "text" : "Tennessee",
      "whiteSpace" : false
    }, {
      "id" : "s1-t29",
      "begin" : 977,
      "end" : 978,
      "text" : ",",
      "whiteSpace" : false
    }, {
      "id" : "s1-t30",
      "begin" : 979,
      "end" : 981,
      "text" : "//",
      "whiteSpace" : false
    }, {
      "id" : "s1-t31",
      "begin" : 982,
      "end" : 983,
      "text" : "/",
      "whiteSpace" : false
    }, {
      "id" : "s1-t32",
      "begin" : 983,
      "end" : 984,
      "text" : ",",
      "whiteSpace" : false
    }, {
      "id" : "s1-t33",
      "begin" : 985,
      "end" : 990,
      "text" : "82315",
      "whiteSpace" : false
    }, {
      "id" : "s1-t34",
      "begin" : 991,
      "end" : 994,
      "text" : "fee",
      "whiteSpace" : false
    }, {
      "id" : "s1-t35",
      "begin" : 995,
      "end" : 997,
      "text" : "at",
      "whiteSpace" : false
    }, {
      "id" : "s1-t36",
      "begin" : 998,
      "end" : 1003,
      "text" : "Beads",
      "whiteSpace" : false
    }, {
      "id" : "s1-t37",
      "begin" : 1003,
      "end" : 1004,
      "text" : ".",
      "whiteSpace" : false
    } ]
  } ],
  "mentions" : [ {
    "id" : "s0-m1",
    "properties" : {
      "SIRE_MENTION_ROLE" : "WarrDeedBookNum",
      "SIRE_ENTITY_SUBTYPE" : "NONE",
      "SIRE_MENTION_TYPE" : "NONE",
      "SIRE_MENTION_CLASS" : "SPC"
    },
    "type" : "WarrDeedBookNum",
    "begin" : 160,
    "end" : 162,
    "inCoref" : false
  }, {
    "id" : "s0-m2",
    "properties" : {
      "SIRE_MENTION_ROLE" : "WarrDeedPageNum",
      "SIRE_ENTITY_SUBTYPE" : "NONE",
      "SIRE_MENTION_TYPE" : "NONE",
      "SIRE_MENTION_CLASS" : "SPC"
    },
    "type" : "WarrDeedPageNum",
    "begin" : 169,
    "end" : 172,
    "inCoref" : false
  } ],
  "relations" : [ ],
  "corefs" : [ ],
  "typeResolved" : true,
  "userResolved" : false
}