{
  "id" : "a5e530f0-54dc-11e9-9b8e-4bc9d96d3dde-6",
  "name" : "WD168-9.txt",
  "createdDate" : 1554164226431,
  "version" : 3,
  "text" : " McKeel's heirs and originally known as the Montgomery Entry; thence South with said line 105 poles to a stake; thence West 34 poles to a stake; thence South 6 poles; thence West 41 poles to a stake; thence North running with the east boundary line of the D. C. Wolverton tract now owned by Rube Buchanan to the beginning, BEING the same property conveyed to grantors herein by instrument of record at Deed book 160, page 479, Register's Office, Humphreys County, Tennessee. To HAVE AND To HOLD the said tract or parcel of land with the appurtenances, estate, title, and interest thereto unto the said CLAUDE EDWARD FORD, JR., DALE CRANDELL FORD and CLAUDE EDWARD FORD, III., their heirs and assigns, forever. And I do covenant with the said CLAUDE EDWARD FORD, JR., DALE CRANDELL FORD and CLAUDE EDWARD FORD, III. that I am lawfully seized and possessed of said undivided 1/4th interest in said land in fee simple, have a good right to convey it, and the same is unincumbered.",
  "docLength" : 0,
  "language" : "EN",
  "status" : "SUBMITTED",
  "modifiedDate" : 1554165632462,
  "documentSet" : [ ],
  "preannotation" : [ ],
  "sentences" : [ {
    "id" : "s0",
    "begin" : 1,
    "end" : 474,
    "text" : "McKeel's heirs and originally known as the Montgomery Entry; thence South with said line 105 poles to a stake; thence West 34 poles to a stake; thence South 6 poles; thence West 41 poles to a stake; thence North running with the east boundary line of the D. C. Wolverton tract now owned by Rube Buchanan to the beginning, BEING the same property conveyed to grantors herein by instrument of record at Deed book 160, page 479, Register's Office, Humphreys County, Tennessee.",
    "tokens" : [ {
      "id" : "s0-t0",
      "begin" : 1,
      "end" : 7,
      "text" : "McKeel",
      "whiteSpace" : false
    }, {
      "id" : "s0-t1",
      "begin" : 7,
      "end" : 9,
      "text" : "'s",
      "whiteSpace" : false
    }, {
      "id" : "s0-t2",
      "begin" : 10,
      "end" : 15,
      "text" : "heirs",
      "whiteSpace" : false
    }, {
      "id" : "s0-t3",
      "begin" : 16,
      "end" : 19,
      "text" : "and",
      "whiteSpace" : false
    }, {
      "id" : "s0-t4",
      "begin" : 20,
      "end" : 30,
      "text" : "originally",
      "whiteSpace" : false
    }, {
      "id" : "s0-t5",
      "begin" : 31,
      "end" : 36,
      "text" : "known",
      "whiteSpace" : false
    }, {
      "id" : "s0-t6",
      "begin" : 37,
      "end" : 39,
      "text" : "as",
      "whiteSpace" : false
    }, {
      "id" : "s0-t7",
      "begin" : 40,
      "end" : 43,
      "text" : "the",
      "whiteSpace" : false
    }, {
      "id" : "s0-t8",
      "begin" : 44,
      "end" : 54,
      "text" : "Montgomery",
      "whiteSpace" : false
    }, {
      "id" : "s0-t9",
      "begin" : 55,
      "end" : 60,
      "text" : "Entry",
      "whiteSpace" : false
    }, {
      "id" : "s0-t10",
      "begin" : 60,
      "end" : 61,
      "text" : ";",
      "whiteSpace" : false
    }, {
      "id" : "s0-t11",
      "begin" : 62,
      "end" : 68,
      "text" : "thence",
      "whiteSpace" : false
    }, {
      "id" : "s0-t12",
      "begin" : 69,
      "end" : 74,
      "text" : "South",
      "whiteSpace" : false
    }, {
      "id" : "s0-t13",
      "begin" : 75,
      "end" : 79,
      "text" : "with",
      "whiteSpace" : false
    }, {
      "id" : "s0-t14",
      "begin" : 80,
      "end" : 84,
      "text" : "said",
      "whiteSpace" : false
    }, {
      "id" : "s0-t15",
      "begin" : 85,
      "end" : 89,
      "text" : "line",
      "whiteSpace" : false
    }, {
      "id" : "s0-t16",
      "begin" : 90,
      "end" : 93,
      "text" : "105",
      "whiteSpace" : false
    }, {
      "id" : "s0-t17",
      "begin" : 94,
      "end" : 99,
      "text" : "poles",
      "whiteSpace" : false
    }, {
      "id" : "s0-t18",
      "begin" : 100,
      "end" : 102,
      "text" : "to",
      "whiteSpace" : false
    }, {
      "id" : "s0-t19",
      "begin" : 103,
      "end" : 104,
      "text" : "a",
      "whiteSpace" : false
    }, {
      "id" : "s0-t20",
      "begin" : 105,
      "end" : 110,
      "text" : "stake",
      "whiteSpace" : false
    }, {
      "id" : "s0-t21",
      "begin" : 110,
      "end" : 111,
      "text" : ";",
      "whiteSpace" : false
    }, {
      "id" : "s0-t22",
      "begin" : 112,
      "end" : 118,
      "text" : "thence",
      "whiteSpace" : false
    }, {
      "id" : "s0-t23",
      "begin" : 119,
      "end" : 123,
      "text" : "West",
      "whiteSpace" : false
    }, {
      "id" : "s0-t24",
      "begin" : 124,
      "end" : 126,
      "text" : "34",
      "whiteSpace" : false
    }, {
      "id" : "s0-t25",
      "begin" : 127,
      "end" : 132,
      "text" : "poles",
      "whiteSpace" : false
    }, {
      "id" : "s0-t26",
      "begin" : 133,
      "end" : 135,
      "text" : "to",
      "whiteSpace" : false
    }, {
      "id" : "s0-t27",
      "begin" : 136,
      "end" : 137,
      "text" : "a",
      "whiteSpace" : false
    }, {
      "id" : "s0-t28",
      "begin" : 138,
      "end" : 143,
      "text" : "stake",
      "whiteSpace" : false
    }, {
      "id" : "s0-t29",
      "begin" : 143,
      "end" : 144,
      "text" : ";",
      "whiteSpace" : false
    }, {
      "id" : "s0-t30",
      "begin" : 145,
      "end" : 151,
      "text" : "thence",
      "whiteSpace" : false
    }, {
      "id" : "s0-t31",
      "begin" : 152,
      "end" : 157,
      "text" : "South",
      "whiteSpace" : false
    }, {
      "id" : "s0-t32",
      "begin" : 158,
      "end" : 159,
      "text" : "6",
      "whiteSpace" : false
    }, {
      "id" : "s0-t33",
      "begin" : 160,
      "end" : 165,
      "text" : "poles",
      "whiteSpace" : false
    }, {
      "id" : "s0-t34",
      "begin" : 165,
      "end" : 166,
      "text" : ";",
      "whiteSpace" : false
    }, {
      "id" : "s0-t35",
      "begin" : 167,
      "end" : 173,
      "text" : "thence",
      "whiteSpace" : false
    }, {
      "id" : "s0-t36",
      "begin" : 174,
      "end" : 178,
      "text" : "West",
      "whiteSpace" : false
    }, {
      "id" : "s0-t37",
      "begin" : 179,
      "end" : 181,
      "text" : "41",
      "whiteSpace" : false
    }, {
      "id" : "s0-t38",
      "begin" : 182,
      "end" : 187,
      "text" : "poles",
      "whiteSpace" : false
    }, {
      "id" : "s0-t39",
      "begin" : 188,
      "end" : 190,
      "text" : "to",
      "whiteSpace" : false
    }, {
      "id" : "s0-t40",
      "begin" : 191,
      "end" : 192,
      "text" : "a",
      "whiteSpace" : false
    }, {
      "id" : "s0-t41",
      "begin" : 193,
      "end" : 198,
      "text" : "stake",
      "whiteSpace" : false
    }, {
      "id" : "s0-t42",
      "begin" : 198,
      "end" : 199,
      "text" : ";",
      "whiteSpace" : false
    }, {
      "id" : "s0-t43",
      "begin" : 200,
      "end" : 206,
      "text" : "thence",
      "whiteSpace" : false
    }, {
      "id" : "s0-t44",
      "begin" : 207,
      "end" : 212,
      "text" : "North",
      "whiteSpace" : false
    }, {
      "id" : "s0-t45",
      "begin" : 213,
      "end" : 220,
      "text" : "running",
      "whiteSpace" : false
    }, {
      "id" : "s0-t46",
      "begin" : 221,
      "end" : 225,
      "text" : "with",
      "whiteSpace" : false
    }, {
      "id" : "s0-t47",
      "begin" : 226,
      "end" : 229,
      "text" : "the",
      "whiteSpace" : false
    }, {
      "id" : "s0-t48",
      "begin" : 230,
      "end" : 234,
      "text" : "east",
      "whiteSpace" : false
    }, {
      "id" : "s0-t49",
      "begin" : 235,
      "end" : 243,
      "text" : "boundary",
      "whiteSpace" : false
    }, {
      "id" : "s0-t50",
      "begin" : 244,
      "end" : 248,
      "text" : "line",
      "whiteSpace" : false
    }, {
      "id" : "s0-t51",
      "begin" : 249,
      "end" : 251,
      "text" : "of",
      "whiteSpace" : false
    }, {
      "id" : "s0-t52",
      "begin" : 252,
      "end" : 255,
      "text" : "the",
      "whiteSpace" : false
    }, {
      "id" : "s0-t53",
      "begin" : 256,
      "end" : 258,
      "text" : "D.",
      "whiteSpace" : false
    }, {
      "id" : "s0-t54",
      "begin" : 259,
      "end" : 261,
      "text" : "C.",
      "whiteSpace" : false
    }, {
      "id" : "s0-t55",
      "begin" : 262,
      "end" : 271,
      "text" : "Wolverton",
      "whiteSpace" : false
    }, {
      "id" : "s0-t56",
      "begin" : 272,
      "end" : 277,
      "text" : "tract",
      "whiteSpace" : false
    }, {
      "id" : "s0-t57",
      "begin" : 278,
      "end" : 281,
      "text" : "now",
      "whiteSpace" : false
    }, {
      "id" : "s0-t58",
      "begin" : 282,
      "end" : 287,
      "text" : "owned",
      "whiteSpace" : false
    }, {
      "id" : "s0-t59",
      "begin" : 288,
      "end" : 290,
      "text" : "by",
      "whiteSpace" : false
    }, {
      "id" : "s0-t60",
      "begin" : 291,
      "end" : 295,
      "text" : "Rube",
      "whiteSpace" : false
    }, {
      "id" : "s0-t61",
      "begin" : 296,
      "end" : 304,
      "text" : "Buchanan",
      "whiteSpace" : false
    }, {
      "id" : "s0-t62",
      "begin" : 305,
      "end" : 307,
      "text" : "to",
      "whiteSpace" : false
    }, {
      "id" : "s0-t63",
      "begin" : 308,
      "end" : 311,
      "text" : "the",
      "whiteSpace" : false
    }, {
      "id" : "s0-t64",
      "begin" : 312,
      "end" : 321,
      "text" : "beginning",
      "whiteSpace" : false
    }, {
      "id" : "s0-t65",
      "begin" : 321,
      "end" : 322,
      "text" : ",",
      "whiteSpace" : false
    }, {
      "id" : "s0-t66",
      "begin" : 323,
      "end" : 328,
      "text" : "BEING",
      "whiteSpace" : false
    }, {
      "id" : "s0-t67",
      "begin" : 329,
      "end" : 332,
      "text" : "the",
      "whiteSpace" : false
    }, {
      "id" : "s0-t68",
      "begin" : 333,
      "end" : 337,
      "text" : "same",
      "whiteSpace" : false
    }, {
      "id" : "s0-t69",
      "begin" : 338,
      "end" : 346,
      "text" : "property",
      "whiteSpace" : false
    }, {
      "id" : "s0-t70",
      "begin" : 347,
      "end" : 355,
      "text" : "conveyed",
      "whiteSpace" : false
    }, {
      "id" : "s0-t71",
      "begin" : 356,
      "end" : 358,
      "text" : "to",
      "whiteSpace" : false
    }, {
      "id" : "s0-t72",
      "begin" : 359,
      "end" : 367,
      "text" : "grantors",
      "whiteSpace" : false
    }, {
      "id" : "s0-t73",
      "begin" : 368,
      "end" : 374,
      "text" : "herein",
      "whiteSpace" : false
    }, {
      "id" : "s0-t74",
      "begin" : 375,
      "end" : 377,
      "text" : "by",
      "whiteSpace" : false
    }, {
      "id" : "s0-t75",
      "begin" : 378,
      "end" : 388,
      "text" : "instrument",
      "whiteSpace" : false
    }, {
      "id" : "s0-t76",
      "begin" : 389,
      "end" : 391,
      "text" : "of",
      "whiteSpace" : false
    }, {
      "id" : "s0-t77",
      "begin" : 392,
      "end" : 398,
      "text" : "record",
      "whiteSpace" : false
    }, {
      "id" : "s0-t78",
      "begin" : 399,
      "end" : 401,
      "text" : "at",
      "whiteSpace" : false
    }, {
      "id" : "s0-t79",
      "begin" : 402,
      "end" : 406,
      "text" : "Deed",
      "whiteSpace" : false
    }, {
      "id" : "s0-t80",
      "begin" : 407,
      "end" : 411,
      "text" : "book",
      "whiteSpace" : false
    }, {
      "id" : "s0-t81",
      "begin" : 412,
      "end" : 415,
      "text" : "160",
      "whiteSpace" : false
    }, {
      "id" : "s0-t82",
      "begin" : 415,
      "end" : 416,
      "text" : ",",
      "whiteSpace" : false
    }, {
      "id" : "s0-t83",
      "begin" : 417,
      "end" : 421,
      "text" : "page",
      "whiteSpace" : false
    }, {
      "id" : "s0-t84",
      "begin" : 422,
      "end" : 425,
      "text" : "479",
      "whiteSpace" : false
    }, {
      "id" : "s0-t85",
      "begin" : 425,
      "end" : 426,
      "text" : ",",
      "whiteSpace" : false
    }, {
      "id" : "s0-t86",
      "begin" : 427,
      "end" : 435,
      "text" : "Register",
      "whiteSpace" : false
    }, {
      "id" : "s0-t87",
      "begin" : 435,
      "end" : 437,
      "text" : "'s",
      "whiteSpace" : false
    }, {
      "id" : "s0-t88",
      "begin" : 438,
      "end" : 444,
      "text" : "Office",
      "whiteSpace" : false
    }, {
      "id" : "s0-t89",
      "begin" : 444,
      "end" : 445,
      "text" : ",",
      "whiteSpace" : false
    }, {
      "id" : "s0-t90",
      "begin" : 446,
      "end" : 455,
      "text" : "Humphreys",
      "whiteSpace" : false
    }, {
      "id" : "s0-t91",
      "begin" : 456,
      "end" : 462,
      "text" : "County",
      "whiteSpace" : false
    }, {
      "id" : "s0-t92",
      "begin" : 462,
      "end" : 463,
      "text" : ",",
      "whiteSpace" : false
    }, {
      "id" : "s0-t93",
      "begin" : 464,
      "end" : 473,
      "text" : "Tennessee",
      "whiteSpace" : false
    }, {
      "id" : "s0-t94",
      "begin" : 473,
      "end" : 474,
      "text" : ".",
      "whiteSpace" : false
    } ]
  }, {
    "id" : "s1",
    "begin" : 475,
    "end" : 709,
    "text" : "To HAVE AND To HOLD the said tract or parcel of land with the appurtenances, estate, title, and interest thereto unto the said CLAUDE EDWARD FORD, JR., DALE CRANDELL FORD and CLAUDE EDWARD FORD, III., their heirs and assigns, forever.",
    "tokens" : [ {
      "id" : "s1-t0",
      "begin" : 475,
      "end" : 477,
      "text" : "To",
      "whiteSpace" : false
    }, {
      "id" : "s1-t1",
      "begin" : 478,
      "end" : 482,
      "text" : "HAVE",
      "whiteSpace" : false
    }, {
      "id" : "s1-t2",
      "begin" : 483,
      "end" : 486,
      "text" : "AND",
      "whiteSpace" : false
    }, {
      "id" : "s1-t3",
      "begin" : 487,
      "end" : 489,
      "text" : "To",
      "whiteSpace" : false
    }, {
      "id" : "s1-t4",
      "begin" : 490,
      "end" : 494,
      "text" : "HOLD",
      "whiteSpace" : false
    }, {
      "id" : "s1-t5",
      "begin" : 495,
      "end" : 498,
      "text" : "the",
      "whiteSpace" : false
    }, {
      "id" : "s1-t6",
      "begin" : 499,
      "end" : 503,
      "text" : "said",
      "whiteSpace" : false
    }, {
      "id" : "s1-t7",
      "begin" : 504,
      "end" : 509,
      "text" : "tract",
      "whiteSpace" : false
    }, {
      "id" : "s1-t8",
      "begin" : 510,
      "end" : 512,
      "text" : "or",
      "whiteSpace" : false
    }, {
      "id" : "s1-t9",
      "begin" : 513,
      "end" : 519,
      "text" : "parcel",
      "whiteSpace" : false
    }, {
      "id" : "s1-t10",
      "begin" : 520,
      "end" : 522,
      "text" : "of",
      "whiteSpace" : false
    }, {
      "id" : "s1-t11",
      "begin" : 523,
      "end" : 527,
      "text" : "land",
      "whiteSpace" : false
    }, {
      "id" : "s1-t12",
      "begin" : 528,
      "end" : 532,
      "text" : "with",
      "whiteSpace" : false
    }, {
      "id" : "s1-t13",
      "begin" : 533,
      "end" : 536,
      "text" : "the",
      "whiteSpace" : false
    }, {
      "id" : "s1-t14",
      "begin" : 537,
      "end" : 550,
      "text" : "appurtenances",
      "whiteSpace" : false
    }, {
      "id" : "s1-t15",
      "begin" : 550,
      "end" : 551,
      "text" : ",",
      "whiteSpace" : false
    }, {
      "id" : "s1-t16",
      "begin" : 552,
      "end" : 558,
      "text" : "estate",
      "whiteSpace" : false
    }, {
      "id" : "s1-t17",
      "begin" : 558,
      "end" : 559,
      "text" : ",",
      "whiteSpace" : false
    }, {
      "id" : "s1-t18",
      "begin" : 560,
      "end" : 565,
      "text" : "title",
      "whiteSpace" : false
    }, {
      "id" : "s1-t19",
      "begin" : 565,
      "end" : 566,
      "text" : ",",
      "whiteSpace" : false
    }, {
      "id" : "s1-t20",
      "begin" : 567,
      "end" : 570,
      "text" : "and",
      "whiteSpace" : false
    }, {
      "id" : "s1-t21",
      "begin" : 571,
      "end" : 579,
      "text" : "interest",
      "whiteSpace" : false
    }, {
      "id" : "s1-t22",
      "begin" : 580,
      "end" : 587,
      "text" : "thereto",
      "whiteSpace" : false
    }, {
      "id" : "s1-t23",
      "begin" : 588,
      "end" : 592,
      "text" : "unto",
      "whiteSpace" : false
    }, {
      "id" : "s1-t24",
      "begin" : 593,
      "end" : 596,
      "text" : "the",
      "whiteSpace" : false
    }, {
      "id" : "s1-t25",
      "begin" : 597,
      "end" : 601,
      "text" : "said",
      "whiteSpace" : false
    }, {
      "id" : "s1-t26",
      "begin" : 602,
      "end" : 608,
      "text" : "CLAUDE",
      "whiteSpace" : false
    }, {
      "id" : "s1-t27",
      "begin" : 609,
      "end" : 615,
      "text" : "EDWARD",
      "whiteSpace" : false
    }, {
      "id" : "s1-t28",
      "begin" : 616,
      "end" : 620,
      "text" : "FORD",
      "whiteSpace" : false
    }, {
      "id" : "s1-t29",
      "begin" : 620,
      "end" : 621,
      "text" : ",",
      "whiteSpace" : false
    }, {
      "id" : "s1-t30",
      "begin" : 622,
      "end" : 625,
      "text" : "JR.",
      "whiteSpace" : false
    }, {
      "id" : "s1-t31",
      "begin" : 625,
      "end" : 626,
      "text" : ",",
      "whiteSpace" : false
    }, {
      "id" : "s1-t32",
      "begin" : 627,
      "end" : 631,
      "text" : "DALE",
      "whiteSpace" : false
    }, {
      "id" : "s1-t33",
      "begin" : 632,
      "end" : 640,
      "text" : "CRANDELL",
      "whiteSpace" : false
    }, {
      "id" : "s1-t34",
      "begin" : 641,
      "end" : 645,
      "text" : "FORD",
      "whiteSpace" : false
    }, {
      "id" : "s1-t35",
      "begin" : 646,
      "end" : 649,
      "text" : "and",
      "whiteSpace" : false
    }, {
      "id" : "s1-t36",
      "begin" : 650,
      "end" : 656,
      "text" : "CLAUDE",
      "whiteSpace" : false
    }, {
      "id" : "s1-t37",
      "begin" : 657,
      "end" : 663,
      "text" : "EDWARD",
      "whiteSpace" : false
    }, {
      "id" : "s1-t38",
      "begin" : 664,
      "end" : 668,
      "text" : "FORD",
      "whiteSpace" : false
    }, {
      "id" : "s1-t39",
      "begin" : 668,
      "end" : 669,
      "text" : ",",
      "whiteSpace" : false
    }, {
      "id" : "s1-t40",
      "begin" : 670,
      "end" : 674,
      "text" : "III.",
      "whiteSpace" : false
    }, {
      "id" : "s1-t41",
      "begin" : 674,
      "end" : 675,
      "text" : ",",
      "whiteSpace" : false
    }, {
      "id" : "s1-t42",
      "begin" : 676,
      "end" : 681,
      "text" : "their",
      "whiteSpace" : false
    }, {
      "id" : "s1-t43",
      "begin" : 682,
      "end" : 687,
      "text" : "heirs",
      "whiteSpace" : false
    }, {
      "id" : "s1-t44",
      "begin" : 688,
      "end" : 691,
      "text" : "and",
      "whiteSpace" : false
    }, {
      "id" : "s1-t45",
      "begin" : 692,
      "end" : 699,
      "text" : "assigns",
      "whiteSpace" : false
    }, {
      "id" : "s1-t46",
      "begin" : 699,
      "end" : 700,
      "text" : ",",
      "whiteSpace" : false
    }, {
      "id" : "s1-t47",
      "begin" : 701,
      "end" : 708,
      "text" : "forever",
      "whiteSpace" : false
    }, {
      "id" : "s1-t48",
      "begin" : 708,
      "end" : 709,
      "text" : ".",
      "whiteSpace" : false
    } ]
  }, {
    "id" : "s2",
    "begin" : 710,
    "end" : 814,
    "text" : "And I do covenant with the said CLAUDE EDWARD FORD, JR., DALE CRANDELL FORD and CLAUDE EDWARD FORD, III.",
    "tokens" : [ {
      "id" : "s2-t0",
      "begin" : 710,
      "end" : 713,
      "text" : "And",
      "whiteSpace" : false
    }, {
      "id" : "s2-t1",
      "begin" : 714,
      "end" : 715,
      "text" : "I",
      "whiteSpace" : false
    }, {
      "id" : "s2-t2",
      "begin" : 716,
      "end" : 718,
      "text" : "do",
      "whiteSpace" : false
    }, {
      "id" : "s2-t3",
      "begin" : 719,
      "end" : 727,
      "text" : "covenant",
      "whiteSpace" : false
    }, {
      "id" : "s2-t4",
      "begin" : 728,
      "end" : 732,
      "text" : "with",
      "whiteSpace" : false
    }, {
      "id" : "s2-t5",
      "begin" : 733,
      "end" : 736,
      "text" : "the",
      "whiteSpace" : false
    }, {
      "id" : "s2-t6",
      "begin" : 737,
      "end" : 741,
      "text" : "said",
      "whiteSpace" : false
    }, {
      "id" : "s2-t7",
      "begin" : 742,
      "end" : 748,
      "text" : "CLAUDE",
      "whiteSpace" : false
    }, {
      "id" : "s2-t8",
      "begin" : 749,
      "end" : 755,
      "text" : "EDWARD",
      "whiteSpace" : false
    }, {
      "id" : "s2-t9",
      "begin" : 756,
      "end" : 760,
      "text" : "FORD",
      "whiteSpace" : false
    }, {
      "id" : "s2-t10",
      "begin" : 760,
      "end" : 761,
      "text" : ",",
      "whiteSpace" : false
    }, {
      "id" : "s2-t11",
      "begin" : 762,
      "end" : 765,
      "text" : "JR.",
      "whiteSpace" : false
    }, {
      "id" : "s2-t12",
      "begin" : 765,
      "end" : 766,
      "text" : ",",
      "whiteSpace" : false
    }, {
      "id" : "s2-t13",
      "begin" : 767,
      "end" : 771,
      "text" : "DALE",
      "whiteSpace" : false
    }, {
      "id" : "s2-t14",
      "begin" : 772,
      "end" : 780,
      "text" : "CRANDELL",
      "whiteSpace" : false
    }, {
      "id" : "s2-t15",
      "begin" : 781,
      "end" : 785,
      "text" : "FORD",
      "whiteSpace" : false
    }, {
      "id" : "s2-t16",
      "begin" : 786,
      "end" : 789,
      "text" : "and",
      "whiteSpace" : false
    }, {
      "id" : "s2-t17",
      "begin" : 790,
      "end" : 796,
      "text" : "CLAUDE",
      "whiteSpace" : false
    }, {
      "id" : "s2-t18",
      "begin" : 797,
      "end" : 803,
      "text" : "EDWARD",
      "whiteSpace" : false
    }, {
      "id" : "s2-t19",
      "begin" : 804,
      "end" : 808,
      "text" : "FORD",
      "whiteSpace" : false
    }, {
      "id" : "s2-t20",
      "begin" : 808,
      "end" : 809,
      "text" : ",",
      "whiteSpace" : false
    }, {
      "id" : "s2-t21",
      "begin" : 810,
      "end" : 813,
      "text" : "III",
      "whiteSpace" : false
    }, {
      "id" : "s2-t22",
      "begin" : 813,
      "end" : 814,
      "text" : ".",
      "whiteSpace" : false
    } ]
  }, {
    "id" : "s3",
    "begin" : 815,
    "end" : 977,
    "text" : "that I am lawfully seized and possessed of said undivided 1/4th interest in said land in fee simple, have a good right to convey it, and the same is unincumbered.",
    "tokens" : [ {
      "id" : "s3-t0",
      "begin" : 815,
      "end" : 819,
      "text" : "that",
      "whiteSpace" : false
    }, {
      "id" : "s3-t1",
      "begin" : 820,
      "end" : 821,
      "text" : "I",
      "whiteSpace" : false
    }, {
      "id" : "s3-t2",
      "begin" : 822,
      "end" : 824,
      "text" : "am",
      "whiteSpace" : false
    }, {
      "id" : "s3-t3",
      "begin" : 825,
      "end" : 833,
      "text" : "lawfully",
      "whiteSpace" : false
    }, {
      "id" : "s3-t4",
      "begin" : 834,
      "end" : 840,
      "text" : "seized",
      "whiteSpace" : false
    }, {
      "id" : "s3-t5",
      "begin" : 841,
      "end" : 844,
      "text" : "and",
      "whiteSpace" : false
    }, {
      "id" : "s3-t6",
      "begin" : 845,
      "end" : 854,
      "text" : "possessed",
      "whiteSpace" : false
    }, {
      "id" : "s3-t7",
      "begin" : 855,
      "end" : 857,
      "text" : "of",
      "whiteSpace" : false
    }, {
      "id" : "s3-t8",
      "begin" : 858,
      "end" : 862,
      "text" : "said",
      "whiteSpace" : false
    }, {
      "id" : "s3-t9",
      "begin" : 863,
      "end" : 872,
      "text" : "undivided",
      "whiteSpace" : false
    }, {
      "id" : "s3-t10",
      "begin" : 873,
      "end" : 878,
      "text" : "1/4th",
      "whiteSpace" : false
    }, {
      "id" : "s3-t11",
      "begin" : 879,
      "end" : 887,
      "text" : "interest",
      "whiteSpace" : false
    }, {
      "id" : "s3-t12",
      "begin" : 888,
      "end" : 890,
      "text" : "in",
      "whiteSpace" : false
    }, {
      "id" : "s3-t13",
      "begin" : 891,
      "end" : 895,
      "text" : "said",
      "whiteSpace" : false
    }, {
      "id" : "s3-t14",
      "begin" : 896,
      "end" : 900,
      "text" : "land",
      "whiteSpace" : false
    }, {
      "id" : "s3-t15",
      "begin" : 901,
      "end" : 903,
      "text" : "in",
      "whiteSpace" : false
    }, {
      "id" : "s3-t16",
      "begin" : 904,
      "end" : 907,
      "text" : "fee",
      "whiteSpace" : false
    }, {
      "id" : "s3-t17",
      "begin" : 908,
      "end" : 914,
      "text" : "simple",
      "whiteSpace" : false
    }, {
      "id" : "s3-t18",
      "begin" : 914,
      "end" : 915,
      "text" : ",",
      "whiteSpace" : false
    }, {
      "id" : "s3-t19",
      "begin" : 916,
      "end" : 920,
      "text" : "have",
      "whiteSpace" : false
    }, {
      "id" : "s3-t20",
      "begin" : 921,
      "end" : 922,
      "text" : "a",
      "whiteSpace" : false
    }, {
      "id" : "s3-t21",
      "begin" : 923,
      "end" : 927,
      "text" : "good",
      "whiteSpace" : false
    }, {
      "id" : "s3-t22",
      "begin" : 928,
      "end" : 933,
      "text" : "right",
      "whiteSpace" : false
    }, {
      "id" : "s3-t23",
      "begin" : 934,
      "end" : 936,
      "text" : "to",
      "whiteSpace" : false
    }, {
      "id" : "s3-t24",
      "begin" : 937,
      "end" : 943,
      "text" : "convey",
      "whiteSpace" : false
    }, {
      "id" : "s3-t25",
      "begin" : 944,
      "end" : 946,
      "text" : "it",
      "whiteSpace" : false
    }, {
      "id" : "s3-t26",
      "begin" : 946,
      "end" : 947,
      "text" : ",",
      "whiteSpace" : false
    }, {
      "id" : "s3-t27",
      "begin" : 948,
      "end" : 951,
      "text" : "and",
      "whiteSpace" : false
    }, {
      "id" : "s3-t28",
      "begin" : 952,
      "end" : 955,
      "text" : "the",
      "whiteSpace" : false
    }, {
      "id" : "s3-t29",
      "begin" : 956,
      "end" : 960,
      "text" : "same",
      "whiteSpace" : false
    }, {
      "id" : "s3-t30",
      "begin" : 961,
      "end" : 963,
      "text" : "is",
      "whiteSpace" : false
    }, {
      "id" : "s3-t31",
      "begin" : 964,
      "end" : 976,
      "text" : "unincumbered",
      "whiteSpace" : false
    }, {
      "id" : "s3-t32",
      "begin" : 976,
      "end" : 977,
      "text" : ".",
      "whiteSpace" : false
    } ]
  } ],
  "mentions" : [ {
    "id" : "s0-m1",
    "properties" : {
      "SIRE_MENTION_ROLE" : "WarrDeedBookNum",
      "SIRE_ENTITY_SUBTYPE" : "NONE",
      "SIRE_MENTION_TYPE" : "NONE",
      "SIRE_MENTION_CLASS" : "SPC"
    },
    "type" : "WarrDeedBookNum",
    "begin" : 412,
    "end" : 415,
    "inCoref" : false
  }, {
    "id" : "s0-m2",
    "properties" : {
      "SIRE_MENTION_ROLE" : "WarrDeedPageNum",
      "SIRE_ENTITY_SUBTYPE" : "NONE",
      "SIRE_MENTION_TYPE" : "NONE",
      "SIRE_MENTION_CLASS" : "SPC"
    },
    "type" : "WarrDeedPageNum",
    "begin" : 422,
    "end" : 425,
    "inCoref" : false
  } ],
  "relations" : [ ],
  "corefs" : [ ],
  "typeResolved" : true,
  "userResolved" : false
}