{
  "id" : "a5fdf2c0-50ef-11e9-864f-311976351dcc-4",
  "name" : "WD181-5.txt",
  "createdDate" : 1553732582380,
  "version" : 3,
  "text" : "For and in consideration of the sum of TEN DOLLARS, cash in hand, paid hereinafter named Grantees, and other good and valuable considerations, the receipt of which is hereby acknowledged, we MICHAEL BRANDON, hereinafter called the Grantors, have bargained and sold, and by these presents do transfer and convey unto JULIE PARKANS, hereinafter called the Grantees, their heirs and assigns, that certain tract or parcel of land in HUMPHREYS COUNTY, STATE OF TENNESSEE, described as follows",
  "docLength" : 0,
  "language" : "EN",
  "status" : "SUBMITTED",
  "modifiedDate" : 1553737404264,
  "documentSet" : [ ],
  "preannotation" : [ ],
  "sentences" : [ {
    "id" : "s0",
    "begin" : 0,
    "end" : 487,
    "text" : "For and in consideration of the sum of TEN DOLLARS, cash in hand, paid hereinafter named Grantees, and other good and valuable considerations, the receipt of which is hereby acknowledged, we MICHAEL BRANDON, hereinafter called the Grantors, have bargained and sold, and by these presents do transfer and convey unto JULIE PARKANS, hereinafter called the Grantees, their heirs and assigns, that certain tract or parcel of land in HUMPHREYS COUNTY, STATE OF TENNESSEE, described as follows",
    "tokens" : [ {
      "id" : "s0-t0",
      "begin" : 0,
      "end" : 3,
      "text" : "For",
      "whiteSpace" : false
    }, {
      "id" : "s0-t1",
      "begin" : 4,
      "end" : 7,
      "text" : "and",
      "whiteSpace" : false
    }, {
      "id" : "s0-t2",
      "begin" : 8,
      "end" : 10,
      "text" : "in",
      "whiteSpace" : false
    }, {
      "id" : "s0-t3",
      "begin" : 11,
      "end" : 24,
      "text" : "consideration",
      "whiteSpace" : false
    }, {
      "id" : "s0-t4",
      "begin" : 25,
      "end" : 27,
      "text" : "of",
      "whiteSpace" : false
    }, {
      "id" : "s0-t5",
      "begin" : 28,
      "end" : 31,
      "text" : "the",
      "whiteSpace" : false
    }, {
      "id" : "s0-t6",
      "begin" : 32,
      "end" : 35,
      "text" : "sum",
      "whiteSpace" : false
    }, {
      "id" : "s0-t7",
      "begin" : 36,
      "end" : 38,
      "text" : "of",
      "whiteSpace" : false
    }, {
      "id" : "s0-t8",
      "begin" : 39,
      "end" : 42,
      "text" : "TEN",
      "whiteSpace" : false
    }, {
      "id" : "s0-t9",
      "begin" : 43,
      "end" : 50,
      "text" : "DOLLARS",
      "whiteSpace" : false
    }, {
      "id" : "s0-t10",
      "begin" : 50,
      "end" : 51,
      "text" : ",",
      "whiteSpace" : false
    }, {
      "id" : "s0-t11",
      "begin" : 52,
      "end" : 56,
      "text" : "cash",
      "whiteSpace" : false
    }, {
      "id" : "s0-t12",
      "begin" : 57,
      "end" : 59,
      "text" : "in",
      "whiteSpace" : false
    }, {
      "id" : "s0-t13",
      "begin" : 60,
      "end" : 64,
      "text" : "hand",
      "whiteSpace" : false
    }, {
      "id" : "s0-t14",
      "begin" : 64,
      "end" : 65,
      "text" : ",",
      "whiteSpace" : false
    }, {
      "id" : "s0-t15",
      "begin" : 66,
      "end" : 70,
      "text" : "paid",
      "whiteSpace" : false
    }, {
      "id" : "s0-t16",
      "begin" : 71,
      "end" : 82,
      "text" : "hereinafter",
      "whiteSpace" : false
    }, {
      "id" : "s0-t17",
      "begin" : 83,
      "end" : 88,
      "text" : "named",
      "whiteSpace" : false
    }, {
      "id" : "s0-t18",
      "begin" : 89,
      "end" : 97,
      "text" : "Grantees",
      "whiteSpace" : false
    }, {
      "id" : "s0-t19",
      "begin" : 97,
      "end" : 98,
      "text" : ",",
      "whiteSpace" : false
    }, {
      "id" : "s0-t20",
      "begin" : 99,
      "end" : 102,
      "text" : "and",
      "whiteSpace" : false
    }, {
      "id" : "s0-t21",
      "begin" : 103,
      "end" : 108,
      "text" : "other",
      "whiteSpace" : false
    }, {
      "id" : "s0-t22",
      "begin" : 109,
      "end" : 113,
      "text" : "good",
      "whiteSpace" : false
    }, {
      "id" : "s0-t23",
      "begin" : 114,
      "end" : 117,
      "text" : "and",
      "whiteSpace" : false
    }, {
      "id" : "s0-t24",
      "begin" : 118,
      "end" : 126,
      "text" : "valuable",
      "whiteSpace" : false
    }, {
      "id" : "s0-t25",
      "begin" : 127,
      "end" : 141,
      "text" : "considerations",
      "whiteSpace" : false
    }, {
      "id" : "s0-t26",
      "begin" : 141,
      "end" : 142,
      "text" : ",",
      "whiteSpace" : false
    }, {
      "id" : "s0-t27",
      "begin" : 143,
      "end" : 146,
      "text" : "the",
      "whiteSpace" : false
    }, {
      "id" : "s0-t28",
      "begin" : 147,
      "end" : 154,
      "text" : "receipt",
      "whiteSpace" : false
    }, {
      "id" : "s0-t29",
      "begin" : 155,
      "end" : 157,
      "text" : "of",
      "whiteSpace" : false
    }, {
      "id" : "s0-t30",
      "begin" : 158,
      "end" : 163,
      "text" : "which",
      "whiteSpace" : false
    }, {
      "id" : "s0-t31",
      "begin" : 164,
      "end" : 166,
      "text" : "is",
      "whiteSpace" : false
    }, {
      "id" : "s0-t32",
      "begin" : 167,
      "end" : 173,
      "text" : "hereby",
      "whiteSpace" : false
    }, {
      "id" : "s0-t33",
      "begin" : 174,
      "end" : 186,
      "text" : "acknowledged",
      "whiteSpace" : false
    }, {
      "id" : "s0-t34",
      "begin" : 186,
      "end" : 187,
      "text" : ",",
      "whiteSpace" : false
    }, {
      "id" : "s0-t35",
      "begin" : 188,
      "end" : 190,
      "text" : "we",
      "whiteSpace" : false
    }, {
      "id" : "s0-t36",
      "begin" : 191,
      "end" : 198,
      "text" : "MICHAEL",
      "whiteSpace" : false
    }, {
      "id" : "s0-t37",
      "begin" : 199,
      "end" : 206,
      "text" : "BRANDON",
      "whiteSpace" : false
    }, {
      "id" : "s0-t38",
      "begin" : 206,
      "end" : 207,
      "text" : ",",
      "whiteSpace" : false
    }, {
      "id" : "s0-t39",
      "begin" : 208,
      "end" : 219,
      "text" : "hereinafter",
      "whiteSpace" : false
    }, {
      "id" : "s0-t40",
      "begin" : 220,
      "end" : 226,
      "text" : "called",
      "whiteSpace" : false
    }, {
      "id" : "s0-t41",
      "begin" : 227,
      "end" : 230,
      "text" : "the",
      "whiteSpace" : false
    }, {
      "id" : "s0-t42",
      "begin" : 231,
      "end" : 239,
      "text" : "Grantors",
      "whiteSpace" : false
    }, {
      "id" : "s0-t43",
      "begin" : 239,
      "end" : 240,
      "text" : ",",
      "whiteSpace" : false
    }, {
      "id" : "s0-t44",
      "begin" : 241,
      "end" : 245,
      "text" : "have",
      "whiteSpace" : false
    }, {
      "id" : "s0-t45",
      "begin" : 246,
      "end" : 255,
      "text" : "bargained",
      "whiteSpace" : false
    }, {
      "id" : "s0-t46",
      "begin" : 256,
      "end" : 259,
      "text" : "and",
      "whiteSpace" : false
    }, {
      "id" : "s0-t47",
      "begin" : 260,
      "end" : 264,
      "text" : "sold",
      "whiteSpace" : false
    }, {
      "id" : "s0-t48",
      "begin" : 264,
      "end" : 265,
      "text" : ",",
      "whiteSpace" : false
    }, {
      "id" : "s0-t49",
      "begin" : 266,
      "end" : 269,
      "text" : "and",
      "whiteSpace" : false
    }, {
      "id" : "s0-t50",
      "begin" : 270,
      "end" : 272,
      "text" : "by",
      "whiteSpace" : false
    }, {
      "id" : "s0-t51",
      "begin" : 273,
      "end" : 278,
      "text" : "these",
      "whiteSpace" : false
    }, {
      "id" : "s0-t52",
      "begin" : 279,
      "end" : 287,
      "text" : "presents",
      "whiteSpace" : false
    }, {
      "id" : "s0-t53",
      "begin" : 288,
      "end" : 290,
      "text" : "do",
      "whiteSpace" : false
    }, {
      "id" : "s0-t54",
      "begin" : 291,
      "end" : 299,
      "text" : "transfer",
      "whiteSpace" : false
    }, {
      "id" : "s0-t55",
      "begin" : 300,
      "end" : 303,
      "text" : "and",
      "whiteSpace" : false
    }, {
      "id" : "s0-t56",
      "begin" : 304,
      "end" : 310,
      "text" : "convey",
      "whiteSpace" : false
    }, {
      "id" : "s0-t57",
      "begin" : 311,
      "end" : 315,
      "text" : "unto",
      "whiteSpace" : false
    }, {
      "id" : "s0-t58",
      "begin" : 316,
      "end" : 321,
      "text" : "JULIE",
      "whiteSpace" : false
    }, {
      "id" : "s0-t59",
      "begin" : 322,
      "end" : 329,
      "text" : "PARKANS",
      "whiteSpace" : false
    }, {
      "id" : "s0-t60",
      "begin" : 329,
      "end" : 330,
      "text" : ",",
      "whiteSpace" : false
    }, {
      "id" : "s0-t61",
      "begin" : 331,
      "end" : 342,
      "text" : "hereinafter",
      "whiteSpace" : false
    }, {
      "id" : "s0-t62",
      "begin" : 343,
      "end" : 349,
      "text" : "called",
      "whiteSpace" : false
    }, {
      "id" : "s0-t63",
      "begin" : 350,
      "end" : 353,
      "text" : "the",
      "whiteSpace" : false
    }, {
      "id" : "s0-t64",
      "begin" : 354,
      "end" : 362,
      "text" : "Grantees",
      "whiteSpace" : false
    }, {
      "id" : "s0-t65",
      "begin" : 362,
      "end" : 363,
      "text" : ",",
      "whiteSpace" : false
    }, {
      "id" : "s0-t66",
      "begin" : 364,
      "end" : 369,
      "text" : "their",
      "whiteSpace" : false
    }, {
      "id" : "s0-t67",
      "begin" : 370,
      "end" : 375,
      "text" : "heirs",
      "whiteSpace" : false
    }, {
      "id" : "s0-t68",
      "begin" : 376,
      "end" : 379,
      "text" : "and",
      "whiteSpace" : false
    }, {
      "id" : "s0-t69",
      "begin" : 380,
      "end" : 387,
      "text" : "assigns",
      "whiteSpace" : false
    }, {
      "id" : "s0-t70",
      "begin" : 387,
      "end" : 388,
      "text" : ",",
      "whiteSpace" : false
    }, {
      "id" : "s0-t71",
      "begin" : 389,
      "end" : 393,
      "text" : "that",
      "whiteSpace" : false
    }, {
      "id" : "s0-t72",
      "begin" : 394,
      "end" : 401,
      "text" : "certain",
      "whiteSpace" : false
    }, {
      "id" : "s0-t73",
      "begin" : 402,
      "end" : 407,
      "text" : "tract",
      "whiteSpace" : false
    }, {
      "id" : "s0-t74",
      "begin" : 408,
      "end" : 410,
      "text" : "or",
      "whiteSpace" : false
    }, {
      "id" : "s0-t75",
      "begin" : 411,
      "end" : 417,
      "text" : "parcel",
      "whiteSpace" : false
    }, {
      "id" : "s0-t76",
      "begin" : 418,
      "end" : 420,
      "text" : "of",
      "whiteSpace" : false
    }, {
      "id" : "s0-t77",
      "begin" : 421,
      "end" : 425,
      "text" : "land",
      "whiteSpace" : false
    }, {
      "id" : "s0-t78",
      "begin" : 426,
      "end" : 428,
      "text" : "in",
      "whiteSpace" : false
    }, {
      "id" : "s0-t79",
      "begin" : 429,
      "end" : 438,
      "text" : "HUMPHREYS",
      "whiteSpace" : false
    }, {
      "id" : "s0-t80",
      "begin" : 439,
      "end" : 445,
      "text" : "COUNTY",
      "whiteSpace" : false
    }, {
      "id" : "s0-t81",
      "begin" : 445,
      "end" : 446,
      "text" : ",",
      "whiteSpace" : false
    }, {
      "id" : "s0-t82",
      "begin" : 447,
      "end" : 452,
      "text" : "STATE",
      "whiteSpace" : false
    }, {
      "id" : "s0-t83",
      "begin" : 453,
      "end" : 455,
      "text" : "OF",
      "whiteSpace" : false
    }, {
      "id" : "s0-t84",
      "begin" : 456,
      "end" : 465,
      "text" : "TENNESSEE",
      "whiteSpace" : false
    }, {
      "id" : "s0-t85",
      "begin" : 465,
      "end" : 466,
      "text" : ",",
      "whiteSpace" : false
    }, {
      "id" : "s0-t86",
      "begin" : 467,
      "end" : 476,
      "text" : "described",
      "whiteSpace" : false
    }, {
      "id" : "s0-t87",
      "begin" : 477,
      "end" : 479,
      "text" : "as",
      "whiteSpace" : false
    }, {
      "id" : "s0-t88",
      "begin" : 480,
      "end" : 487,
      "text" : "follows",
      "whiteSpace" : false
    } ]
  } ],
  "mentions" : [ {
    "id" : "s0-m1",
    "properties" : {
      "SIRE_MENTION_ROLE" : "Grantor",
      "SIRE_ENTITY_SUBTYPE" : "NONE",
      "SIRE_MENTION_TYPE" : "NONE",
      "SIRE_MENTION_CLASS" : "SPC"
    },
    "type" : "Grantor",
    "begin" : 191,
    "end" : 206,
    "inCoref" : false
  }, {
    "id" : "s0-m2",
    "properties" : {
      "SIRE_MENTION_ROLE" : "Grantee",
      "SIRE_ENTITY_SUBTYPE" : "NONE",
      "SIRE_MENTION_TYPE" : "NONE",
      "SIRE_MENTION_CLASS" : "SPC"
    },
    "type" : "Grantee",
    "begin" : 316,
    "end" : 329,
    "inCoref" : false
  } ],
  "relations" : [ ],
  "corefs" : [ ],
  "typeResolved" : true,
  "userResolved" : false
}