{
  "id" : "a5fdf2c0-50ef-11e9-864f-311976351dcc-9",
  "name" : "WD182-1.txt",
  "createdDate" : 1553732582380,
  "version" : 3,
  "text" : " For and in consideration of the sum of TEN DOLLARS ($10.00), cash in hand paid, and other good and valuable considerations, the receipt of which is hereby acknowledged, COLOGY HOMES, INC., this date has bargained and sold, and by these presents does transfer and convey unto JOHNNY W. TURNER and wife, JANET TURNER, their heirs and assigns, a certain tract or parcel of land in the Second Civil District of Humphreys County, Tennessee, and being more particularly described as follows",
  "docLength" : 0,
  "language" : "EN",
  "status" : "SUBMITTED",
  "modifiedDate" : 1553737461146,
  "documentSet" : [ ],
  "preannotation" : [ ],
  "sentences" : [ {
    "id" : "s0",
    "begin" : 1,
    "end" : 485,
    "text" : "For and in consideration of the sum of TEN DOLLARS ($10.00), cash in hand paid, and other good and valuable considerations, the receipt of which is hereby acknowledged, COLOGY HOMES, INC., this date has bargained and sold, and by these presents does transfer and convey unto JOHNNY W. TURNER and wife, JANET TURNER, their heirs and assigns, a certain tract or parcel of land in the Second Civil District of Humphreys County, Tennessee, and being more particularly described as follows",
    "tokens" : [ {
      "id" : "s0-t0",
      "begin" : 1,
      "end" : 4,
      "text" : "For",
      "whiteSpace" : false
    }, {
      "id" : "s0-t1",
      "begin" : 5,
      "end" : 8,
      "text" : "and",
      "whiteSpace" : false
    }, {
      "id" : "s0-t2",
      "begin" : 9,
      "end" : 11,
      "text" : "in",
      "whiteSpace" : false
    }, {
      "id" : "s0-t3",
      "begin" : 12,
      "end" : 25,
      "text" : "consideration",
      "whiteSpace" : false
    }, {
      "id" : "s0-t4",
      "begin" : 26,
      "end" : 28,
      "text" : "of",
      "whiteSpace" : false
    }, {
      "id" : "s0-t5",
      "begin" : 29,
      "end" : 32,
      "text" : "the",
      "whiteSpace" : false
    }, {
      "id" : "s0-t6",
      "begin" : 33,
      "end" : 36,
      "text" : "sum",
      "whiteSpace" : false
    }, {
      "id" : "s0-t7",
      "begin" : 37,
      "end" : 39,
      "text" : "of",
      "whiteSpace" : false
    }, {
      "id" : "s0-t8",
      "begin" : 40,
      "end" : 43,
      "text" : "TEN",
      "whiteSpace" : false
    }, {
      "id" : "s0-t9",
      "begin" : 44,
      "end" : 51,
      "text" : "DOLLARS",
      "whiteSpace" : false
    }, {
      "id" : "s0-t10",
      "begin" : 52,
      "end" : 53,
      "text" : "(",
      "whiteSpace" : false
    }, {
      "id" : "s0-t11",
      "begin" : 53,
      "end" : 54,
      "text" : "$",
      "whiteSpace" : false
    }, {
      "id" : "s0-t12",
      "begin" : 54,
      "end" : 59,
      "text" : "10.00",
      "whiteSpace" : false
    }, {
      "id" : "s0-t13",
      "begin" : 59,
      "end" : 60,
      "text" : ")",
      "whiteSpace" : false
    }, {
      "id" : "s0-t14",
      "begin" : 60,
      "end" : 61,
      "text" : ",",
      "whiteSpace" : false
    }, {
      "id" : "s0-t15",
      "begin" : 62,
      "end" : 66,
      "text" : "cash",
      "whiteSpace" : false
    }, {
      "id" : "s0-t16",
      "begin" : 67,
      "end" : 69,
      "text" : "in",
      "whiteSpace" : false
    }, {
      "id" : "s0-t17",
      "begin" : 70,
      "end" : 74,
      "text" : "hand",
      "whiteSpace" : false
    }, {
      "id" : "s0-t18",
      "begin" : 75,
      "end" : 79,
      "text" : "paid",
      "whiteSpace" : false
    }, {
      "id" : "s0-t19",
      "begin" : 79,
      "end" : 80,
      "text" : ",",
      "whiteSpace" : false
    }, {
      "id" : "s0-t20",
      "begin" : 81,
      "end" : 84,
      "text" : "and",
      "whiteSpace" : false
    }, {
      "id" : "s0-t21",
      "begin" : 85,
      "end" : 90,
      "text" : "other",
      "whiteSpace" : false
    }, {
      "id" : "s0-t22",
      "begin" : 91,
      "end" : 95,
      "text" : "good",
      "whiteSpace" : false
    }, {
      "id" : "s0-t23",
      "begin" : 96,
      "end" : 99,
      "text" : "and",
      "whiteSpace" : false
    }, {
      "id" : "s0-t24",
      "begin" : 100,
      "end" : 108,
      "text" : "valuable",
      "whiteSpace" : false
    }, {
      "id" : "s0-t25",
      "begin" : 109,
      "end" : 123,
      "text" : "considerations",
      "whiteSpace" : false
    }, {
      "id" : "s0-t26",
      "begin" : 123,
      "end" : 124,
      "text" : ",",
      "whiteSpace" : false
    }, {
      "id" : "s0-t27",
      "begin" : 125,
      "end" : 128,
      "text" : "the",
      "whiteSpace" : false
    }, {
      "id" : "s0-t28",
      "begin" : 129,
      "end" : 136,
      "text" : "receipt",
      "whiteSpace" : false
    }, {
      "id" : "s0-t29",
      "begin" : 137,
      "end" : 139,
      "text" : "of",
      "whiteSpace" : false
    }, {
      "id" : "s0-t30",
      "begin" : 140,
      "end" : 145,
      "text" : "which",
      "whiteSpace" : false
    }, {
      "id" : "s0-t31",
      "begin" : 146,
      "end" : 148,
      "text" : "is",
      "whiteSpace" : false
    }, {
      "id" : "s0-t32",
      "begin" : 149,
      "end" : 155,
      "text" : "hereby",
      "whiteSpace" : false
    }, {
      "id" : "s0-t33",
      "begin" : 156,
      "end" : 168,
      "text" : "acknowledged",
      "whiteSpace" : false
    }, {
      "id" : "s0-t34",
      "begin" : 168,
      "end" : 169,
      "text" : ",",
      "whiteSpace" : false
    }, {
      "id" : "s0-t35",
      "begin" : 170,
      "end" : 176,
      "text" : "COLOGY",
      "whiteSpace" : false
    }, {
      "id" : "s0-t36",
      "begin" : 177,
      "end" : 182,
      "text" : "HOMES",
      "whiteSpace" : false
    }, {
      "id" : "s0-t37",
      "begin" : 182,
      "end" : 183,
      "text" : ",",
      "whiteSpace" : false
    }, {
      "id" : "s0-t38",
      "begin" : 184,
      "end" : 188,
      "text" : "INC.",
      "whiteSpace" : false
    }, {
      "id" : "s0-t39",
      "begin" : 188,
      "end" : 189,
      "text" : ",",
      "whiteSpace" : false
    }, {
      "id" : "s0-t40",
      "begin" : 190,
      "end" : 194,
      "text" : "this",
      "whiteSpace" : false
    }, {
      "id" : "s0-t41",
      "begin" : 195,
      "end" : 199,
      "text" : "date",
      "whiteSpace" : false
    }, {
      "id" : "s0-t42",
      "begin" : 200,
      "end" : 203,
      "text" : "has",
      "whiteSpace" : false
    }, {
      "id" : "s0-t43",
      "begin" : 204,
      "end" : 213,
      "text" : "bargained",
      "whiteSpace" : false
    }, {
      "id" : "s0-t44",
      "begin" : 214,
      "end" : 217,
      "text" : "and",
      "whiteSpace" : false
    }, {
      "id" : "s0-t45",
      "begin" : 218,
      "end" : 222,
      "text" : "sold",
      "whiteSpace" : false
    }, {
      "id" : "s0-t46",
      "begin" : 222,
      "end" : 223,
      "text" : ",",
      "whiteSpace" : false
    }, {
      "id" : "s0-t47",
      "begin" : 224,
      "end" : 227,
      "text" : "and",
      "whiteSpace" : false
    }, {
      "id" : "s0-t48",
      "begin" : 228,
      "end" : 230,
      "text" : "by",
      "whiteSpace" : false
    }, {
      "id" : "s0-t49",
      "begin" : 231,
      "end" : 236,
      "text" : "these",
      "whiteSpace" : false
    }, {
      "id" : "s0-t50",
      "begin" : 237,
      "end" : 245,
      "text" : "presents",
      "whiteSpace" : false
    }, {
      "id" : "s0-t51",
      "begin" : 246,
      "end" : 250,
      "text" : "does",
      "whiteSpace" : false
    }, {
      "id" : "s0-t52",
      "begin" : 251,
      "end" : 259,
      "text" : "transfer",
      "whiteSpace" : false
    }, {
      "id" : "s0-t53",
      "begin" : 260,
      "end" : 263,
      "text" : "and",
      "whiteSpace" : false
    }, {
      "id" : "s0-t54",
      "begin" : 264,
      "end" : 270,
      "text" : "convey",
      "whiteSpace" : false
    }, {
      "id" : "s0-t55",
      "begin" : 271,
      "end" : 275,
      "text" : "unto",
      "whiteSpace" : false
    }, {
      "id" : "s0-t56",
      "begin" : 276,
      "end" : 282,
      "text" : "JOHNNY",
      "whiteSpace" : false
    }, {
      "id" : "s0-t57",
      "begin" : 283,
      "end" : 285,
      "text" : "W.",
      "whiteSpace" : false
    }, {
      "id" : "s0-t58",
      "begin" : 286,
      "end" : 292,
      "text" : "TURNER",
      "whiteSpace" : false
    }, {
      "id" : "s0-t59",
      "begin" : 293,
      "end" : 296,
      "text" : "and",
      "whiteSpace" : false
    }, {
      "id" : "s0-t60",
      "begin" : 297,
      "end" : 301,
      "text" : "wife",
      "whiteSpace" : false
    }, {
      "id" : "s0-t61",
      "begin" : 301,
      "end" : 302,
      "text" : ",",
      "whiteSpace" : false
    }, {
      "id" : "s0-t62",
      "begin" : 303,
      "end" : 308,
      "text" : "JANET",
      "whiteSpace" : false
    }, {
      "id" : "s0-t63",
      "begin" : 309,
      "end" : 315,
      "text" : "TURNER",
      "whiteSpace" : false
    }, {
      "id" : "s0-t64",
      "begin" : 315,
      "end" : 316,
      "text" : ",",
      "whiteSpace" : false
    }, {
      "id" : "s0-t65",
      "begin" : 317,
      "end" : 322,
      "text" : "their",
      "whiteSpace" : false
    }, {
      "id" : "s0-t66",
      "begin" : 323,
      "end" : 328,
      "text" : "heirs",
      "whiteSpace" : false
    }, {
      "id" : "s0-t67",
      "begin" : 329,
      "end" : 332,
      "text" : "and",
      "whiteSpace" : false
    }, {
      "id" : "s0-t68",
      "begin" : 333,
      "end" : 340,
      "text" : "assigns",
      "whiteSpace" : false
    }, {
      "id" : "s0-t69",
      "begin" : 340,
      "end" : 341,
      "text" : ",",
      "whiteSpace" : false
    }, {
      "id" : "s0-t70",
      "begin" : 342,
      "end" : 343,
      "text" : "a",
      "whiteSpace" : false
    }, {
      "id" : "s0-t71",
      "begin" : 344,
      "end" : 351,
      "text" : "certain",
      "whiteSpace" : false
    }, {
      "id" : "s0-t72",
      "begin" : 352,
      "end" : 357,
      "text" : "tract",
      "whiteSpace" : false
    }, {
      "id" : "s0-t73",
      "begin" : 358,
      "end" : 360,
      "text" : "or",
      "whiteSpace" : false
    }, {
      "id" : "s0-t74",
      "begin" : 361,
      "end" : 367,
      "text" : "parcel",
      "whiteSpace" : false
    }, {
      "id" : "s0-t75",
      "begin" : 368,
      "end" : 370,
      "text" : "of",
      "whiteSpace" : false
    }, {
      "id" : "s0-t76",
      "begin" : 371,
      "end" : 375,
      "text" : "land",
      "whiteSpace" : false
    }, {
      "id" : "s0-t77",
      "begin" : 376,
      "end" : 378,
      "text" : "in",
      "whiteSpace" : false
    }, {
      "id" : "s0-t78",
      "begin" : 379,
      "end" : 382,
      "text" : "the",
      "whiteSpace" : false
    }, {
      "id" : "s0-t79",
      "begin" : 383,
      "end" : 389,
      "text" : "Second",
      "whiteSpace" : false
    }, {
      "id" : "s0-t80",
      "begin" : 390,
      "end" : 395,
      "text" : "Civil",
      "whiteSpace" : false
    }, {
      "id" : "s0-t81",
      "begin" : 396,
      "end" : 404,
      "text" : "District",
      "whiteSpace" : false
    }, {
      "id" : "s0-t82",
      "begin" : 405,
      "end" : 407,
      "text" : "of",
      "whiteSpace" : false
    }, {
      "id" : "s0-t83",
      "begin" : 408,
      "end" : 417,
      "text" : "Humphreys",
      "whiteSpace" : false
    }, {
      "id" : "s0-t84",
      "begin" : 418,
      "end" : 424,
      "text" : "County",
      "whiteSpace" : false
    }, {
      "id" : "s0-t85",
      "begin" : 424,
      "end" : 425,
      "text" : ",",
      "whiteSpace" : false
    }, {
      "id" : "s0-t86",
      "begin" : 426,
      "end" : 435,
      "text" : "Tennessee",
      "whiteSpace" : false
    }, {
      "id" : "s0-t87",
      "begin" : 435,
      "end" : 436,
      "text" : ",",
      "whiteSpace" : false
    }, {
      "id" : "s0-t88",
      "begin" : 437,
      "end" : 440,
      "text" : "and",
      "whiteSpace" : false
    }, {
      "id" : "s0-t89",
      "begin" : 441,
      "end" : 446,
      "text" : "being",
      "whiteSpace" : false
    }, {
      "id" : "s0-t90",
      "begin" : 447,
      "end" : 451,
      "text" : "more",
      "whiteSpace" : false
    }, {
      "id" : "s0-t91",
      "begin" : 452,
      "end" : 464,
      "text" : "particularly",
      "whiteSpace" : false
    }, {
      "id" : "s0-t92",
      "begin" : 465,
      "end" : 474,
      "text" : "described",
      "whiteSpace" : false
    }, {
      "id" : "s0-t93",
      "begin" : 475,
      "end" : 477,
      "text" : "as",
      "whiteSpace" : false
    }, {
      "id" : "s0-t94",
      "begin" : 478,
      "end" : 485,
      "text" : "follows",
      "whiteSpace" : false
    } ]
  } ],
  "mentions" : [ {
    "id" : "s0-m4",
    "properties" : {
      "SIRE_MENTION_ROLE" : "Grantee",
      "SIRE_ENTITY_SUBTYPE" : "NONE",
      "SIRE_MENTION_TYPE" : "NONE",
      "SIRE_MENTION_CLASS" : "SPC"
    },
    "type" : "Grantee",
    "begin" : 170,
    "end" : 188,
    "inCoref" : false
  }, {
    "id" : "s0-m3",
    "properties" : {
      "SIRE_MENTION_ROLE" : "Grantor",
      "SIRE_ENTITY_SUBTYPE" : "NONE",
      "SIRE_MENTION_TYPE" : "NONE",
      "SIRE_MENTION_CLASS" : "SPC"
    },
    "type" : "Grantor",
    "begin" : 276,
    "end" : 292,
    "inCoref" : false
  }, {
    "id" : "s0-m1",
    "properties" : {
      "SIRE_MENTION_ROLE" : "Grantor",
      "SIRE_ENTITY_SUBTYPE" : "NONE",
      "SIRE_MENTION_TYPE" : "NONE",
      "SIRE_MENTION_CLASS" : "SPC"
    },
    "type" : "Grantor",
    "begin" : 303,
    "end" : 315,
    "inCoref" : false
  } ],
  "relations" : [ ],
  "corefs" : [ ],
  "typeResolved" : true,
  "userResolved" : false
}