{
  "id" : "a5fdf2c0-50ef-11e9-864f-311976351dcc-10",
  "name" : "WD182-8.txt",
  "createdDate" : 1553732582380,
  "version" : 3,
  "text" : "FOR AND IN CONSIDERATION OF THE SUM OF THIRTY SEVEN THOUSAND FIVE HUNDRED AND 00/100 ($37,500.00) DOLLARS, cash, in hand paid, the receipt and suf???ciency of which is hereby acknowledged, NOW, THEREFORE, I, WILMA S. WEBB, the sole heir of HAZEL STANFILL, THIS DAY have bargained and sold and by these presents do transfer and convey unto their heirs and assigns, the following described property, to-wit",
  "docLength" : 0,
  "language" : "EN",
  "status" : "SUBMITTED",
  "modifiedDate" : 1553737244591,
  "documentSet" : [ ],
  "preannotation" : [ ],
  "sentences" : [ {
    "id" : "s0",
    "begin" : 0,
    "end" : 147,
    "text" : "FOR AND IN CONSIDERATION OF THE SUM OF THIRTY SEVEN THOUSAND FIVE HUNDRED AND 00/100 ($37,500.00) DOLLARS, cash, in hand paid, the receipt and suf?",
    "tokens" : [ {
      "id" : "s0-t0",
      "begin" : 0,
      "end" : 3,
      "text" : "FOR",
      "whiteSpace" : false
    }, {
      "id" : "s0-t1",
      "begin" : 4,
      "end" : 7,
      "text" : "AND",
      "whiteSpace" : false
    }, {
      "id" : "s0-t2",
      "begin" : 8,
      "end" : 10,
      "text" : "IN",
      "whiteSpace" : false
    }, {
      "id" : "s0-t3",
      "begin" : 11,
      "end" : 24,
      "text" : "CONSIDERATION",
      "whiteSpace" : false
    }, {
      "id" : "s0-t4",
      "begin" : 25,
      "end" : 27,
      "text" : "OF",
      "whiteSpace" : false
    }, {
      "id" : "s0-t5",
      "begin" : 28,
      "end" : 31,
      "text" : "THE",
      "whiteSpace" : false
    }, {
      "id" : "s0-t6",
      "begin" : 32,
      "end" : 35,
      "text" : "SUM",
      "whiteSpace" : false
    }, {
      "id" : "s0-t7",
      "begin" : 36,
      "end" : 38,
      "text" : "OF",
      "whiteSpace" : false
    }, {
      "id" : "s0-t8",
      "begin" : 39,
      "end" : 45,
      "text" : "THIRTY",
      "whiteSpace" : false
    }, {
      "id" : "s0-t9",
      "begin" : 46,
      "end" : 51,
      "text" : "SEVEN",
      "whiteSpace" : false
    }, {
      "id" : "s0-t10",
      "begin" : 52,
      "end" : 60,
      "text" : "THOUSAND",
      "whiteSpace" : false
    }, {
      "id" : "s0-t11",
      "begin" : 61,
      "end" : 65,
      "text" : "FIVE",
      "whiteSpace" : false
    }, {
      "id" : "s0-t12",
      "begin" : 66,
      "end" : 73,
      "text" : "HUNDRED",
      "whiteSpace" : false
    }, {
      "id" : "s0-t13",
      "begin" : 74,
      "end" : 77,
      "text" : "AND",
      "whiteSpace" : false
    }, {
      "id" : "s0-t14",
      "begin" : 78,
      "end" : 84,
      "text" : "00/100",
      "whiteSpace" : false
    }, {
      "id" : "s0-t15",
      "begin" : 85,
      "end" : 86,
      "text" : "(",
      "whiteSpace" : false
    }, {
      "id" : "s0-t16",
      "begin" : 86,
      "end" : 87,
      "text" : "$",
      "whiteSpace" : false
    }, {
      "id" : "s0-t17",
      "begin" : 87,
      "end" : 96,
      "text" : "37,500.00",
      "whiteSpace" : false
    }, {
      "id" : "s0-t18",
      "begin" : 96,
      "end" : 97,
      "text" : ")",
      "whiteSpace" : false
    }, {
      "id" : "s0-t19",
      "begin" : 98,
      "end" : 105,
      "text" : "DOLLARS",
      "whiteSpace" : false
    }, {
      "id" : "s0-t20",
      "begin" : 105,
      "end" : 106,
      "text" : ",",
      "whiteSpace" : false
    }, {
      "id" : "s0-t21",
      "begin" : 107,
      "end" : 111,
      "text" : "cash",
      "whiteSpace" : false
    }, {
      "id" : "s0-t22",
      "begin" : 111,
      "end" : 112,
      "text" : ",",
      "whiteSpace" : false
    }, {
      "id" : "s0-t23",
      "begin" : 113,
      "end" : 115,
      "text" : "in",
      "whiteSpace" : false
    }, {
      "id" : "s0-t24",
      "begin" : 116,
      "end" : 120,
      "text" : "hand",
      "whiteSpace" : false
    }, {
      "id" : "s0-t25",
      "begin" : 121,
      "end" : 125,
      "text" : "paid",
      "whiteSpace" : false
    }, {
      "id" : "s0-t26",
      "begin" : 125,
      "end" : 126,
      "text" : ",",
      "whiteSpace" : false
    }, {
      "id" : "s0-t27",
      "begin" : 127,
      "end" : 130,
      "text" : "the",
      "whiteSpace" : false
    }, {
      "id" : "s0-t28",
      "begin" : 131,
      "end" : 138,
      "text" : "receipt",
      "whiteSpace" : false
    }, {
      "id" : "s0-t29",
      "begin" : 139,
      "end" : 142,
      "text" : "and",
      "whiteSpace" : false
    }, {
      "id" : "s0-t30",
      "begin" : 143,
      "end" : 146,
      "text" : "suf",
      "whiteSpace" : false
    }, {
      "id" : "s0-t31",
      "begin" : 146,
      "end" : 147,
      "text" : "?",
      "whiteSpace" : false
    } ]
  }, {
    "id" : "s1",
    "begin" : 147,
    "end" : 404,
    "text" : "??ciency of which is hereby acknowledged, NOW, THEREFORE, I, WILMA S. WEBB, the sole heir of HAZEL STANFILL, THIS DAY have bargained and sold and by these presents do transfer and convey unto their heirs and assigns, the following described property, to-wit",
    "tokens" : [ {
      "id" : "s1-t0",
      "begin" : 147,
      "end" : 155,
      "text" : "??ciency",
      "whiteSpace" : false
    }, {
      "id" : "s1-t1",
      "begin" : 156,
      "end" : 158,
      "text" : "of",
      "whiteSpace" : false
    }, {
      "id" : "s1-t2",
      "begin" : 159,
      "end" : 164,
      "text" : "which",
      "whiteSpace" : false
    }, {
      "id" : "s1-t3",
      "begin" : 165,
      "end" : 167,
      "text" : "is",
      "whiteSpace" : false
    }, {
      "id" : "s1-t4",
      "begin" : 168,
      "end" : 174,
      "text" : "hereby",
      "whiteSpace" : false
    }, {
      "id" : "s1-t5",
      "begin" : 175,
      "end" : 187,
      "text" : "acknowledged",
      "whiteSpace" : false
    }, {
      "id" : "s1-t6",
      "begin" : 187,
      "end" : 188,
      "text" : ",",
      "whiteSpace" : false
    }, {
      "id" : "s1-t7",
      "begin" : 189,
      "end" : 192,
      "text" : "NOW",
      "whiteSpace" : false
    }, {
      "id" : "s1-t8",
      "begin" : 192,
      "end" : 193,
      "text" : ",",
      "whiteSpace" : false
    }, {
      "id" : "s1-t9",
      "begin" : 194,
      "end" : 203,
      "text" : "THEREFORE",
      "whiteSpace" : false
    }, {
      "id" : "s1-t10",
      "begin" : 203,
      "end" : 204,
      "text" : ",",
      "whiteSpace" : false
    }, {
      "id" : "s1-t11",
      "begin" : 205,
      "end" : 206,
      "text" : "I",
      "whiteSpace" : false
    }, {
      "id" : "s1-t12",
      "begin" : 206,
      "end" : 207,
      "text" : ",",
      "whiteSpace" : false
    }, {
      "id" : "s1-t13",
      "begin" : 208,
      "end" : 213,
      "text" : "WILMA",
      "whiteSpace" : false
    }, {
      "id" : "s1-t14",
      "begin" : 214,
      "end" : 216,
      "text" : "S.",
      "whiteSpace" : false
    }, {
      "id" : "s1-t15",
      "begin" : 217,
      "end" : 221,
      "text" : "WEBB",
      "whiteSpace" : false
    }, {
      "id" : "s1-t16",
      "begin" : 221,
      "end" : 222,
      "text" : ",",
      "whiteSpace" : false
    }, {
      "id" : "s1-t17",
      "begin" : 223,
      "end" : 226,
      "text" : "the",
      "whiteSpace" : false
    }, {
      "id" : "s1-t18",
      "begin" : 227,
      "end" : 231,
      "text" : "sole",
      "whiteSpace" : false
    }, {
      "id" : "s1-t19",
      "begin" : 232,
      "end" : 236,
      "text" : "heir",
      "whiteSpace" : false
    }, {
      "id" : "s1-t20",
      "begin" : 237,
      "end" : 239,
      "text" : "of",
      "whiteSpace" : false
    }, {
      "id" : "s1-t21",
      "begin" : 240,
      "end" : 245,
      "text" : "HAZEL",
      "whiteSpace" : false
    }, {
      "id" : "s1-t22",
      "begin" : 246,
      "end" : 254,
      "text" : "STANFILL",
      "whiteSpace" : false
    }, {
      "id" : "s1-t23",
      "begin" : 254,
      "end" : 255,
      "text" : ",",
      "whiteSpace" : false
    }, {
      "id" : "s1-t24",
      "begin" : 256,
      "end" : 260,
      "text" : "THIS",
      "whiteSpace" : false
    }, {
      "id" : "s1-t25",
      "begin" : 261,
      "end" : 264,
      "text" : "DAY",
      "whiteSpace" : false
    }, {
      "id" : "s1-t26",
      "begin" : 265,
      "end" : 269,
      "text" : "have",
      "whiteSpace" : false
    }, {
      "id" : "s1-t27",
      "begin" : 270,
      "end" : 279,
      "text" : "bargained",
      "whiteSpace" : false
    }, {
      "id" : "s1-t28",
      "begin" : 280,
      "end" : 283,
      "text" : "and",
      "whiteSpace" : false
    }, {
      "id" : "s1-t29",
      "begin" : 284,
      "end" : 288,
      "text" : "sold",
      "whiteSpace" : false
    }, {
      "id" : "s1-t30",
      "begin" : 289,
      "end" : 292,
      "text" : "and",
      "whiteSpace" : false
    }, {
      "id" : "s1-t31",
      "begin" : 293,
      "end" : 295,
      "text" : "by",
      "whiteSpace" : false
    }, {
      "id" : "s1-t32",
      "begin" : 296,
      "end" : 301,
      "text" : "these",
      "whiteSpace" : false
    }, {
      "id" : "s1-t33",
      "begin" : 302,
      "end" : 310,
      "text" : "presents",
      "whiteSpace" : false
    }, {
      "id" : "s1-t34",
      "begin" : 311,
      "end" : 313,
      "text" : "do",
      "whiteSpace" : false
    }, {
      "id" : "s1-t35",
      "begin" : 314,
      "end" : 322,
      "text" : "transfer",
      "whiteSpace" : false
    }, {
      "id" : "s1-t36",
      "begin" : 323,
      "end" : 326,
      "text" : "and",
      "whiteSpace" : false
    }, {
      "id" : "s1-t37",
      "begin" : 327,
      "end" : 333,
      "text" : "convey",
      "whiteSpace" : false
    }, {
      "id" : "s1-t38",
      "begin" : 334,
      "end" : 338,
      "text" : "unto",
      "whiteSpace" : false
    }, {
      "id" : "s1-t39",
      "begin" : 339,
      "end" : 344,
      "text" : "their",
      "whiteSpace" : false
    }, {
      "id" : "s1-t40",
      "begin" : 345,
      "end" : 350,
      "text" : "heirs",
      "whiteSpace" : false
    }, {
      "id" : "s1-t41",
      "begin" : 351,
      "end" : 354,
      "text" : "and",
      "whiteSpace" : false
    }, {
      "id" : "s1-t42",
      "begin" : 355,
      "end" : 362,
      "text" : "assigns",
      "whiteSpace" : false
    }, {
      "id" : "s1-t43",
      "begin" : 362,
      "end" : 363,
      "text" : ",",
      "whiteSpace" : false
    }, {
      "id" : "s1-t44",
      "begin" : 364,
      "end" : 367,
      "text" : "the",
      "whiteSpace" : false
    }, {
      "id" : "s1-t45",
      "begin" : 368,
      "end" : 377,
      "text" : "following",
      "whiteSpace" : false
    }, {
      "id" : "s1-t46",
      "begin" : 378,
      "end" : 387,
      "text" : "described",
      "whiteSpace" : false
    }, {
      "id" : "s1-t47",
      "begin" : 388,
      "end" : 396,
      "text" : "property",
      "whiteSpace" : false
    }, {
      "id" : "s1-t48",
      "begin" : 396,
      "end" : 397,
      "text" : ",",
      "whiteSpace" : false
    }, {
      "id" : "s1-t49",
      "begin" : 398,
      "end" : 400,
      "text" : "to",
      "whiteSpace" : false
    }, {
      "id" : "s1-t50",
      "begin" : 400,
      "end" : 401,
      "text" : "-",
      "whiteSpace" : false
    }, {
      "id" : "s1-t51",
      "begin" : 401,
      "end" : 404,
      "text" : "wit",
      "whiteSpace" : false
    } ]
  } ],
  "mentions" : [ {
    "id" : "s1-m1",
    "properties" : {
      "SIRE_MENTION_ROLE" : "Grantor",
      "SIRE_ENTITY_SUBTYPE" : "NONE",
      "SIRE_MENTION_TYPE" : "NONE",
      "SIRE_MENTION_CLASS" : "SPC"
    },
    "type" : "Grantor",
    "begin" : 208,
    "end" : 221,
    "inCoref" : false
  }, {
    "id" : "s1-m2",
    "properties" : {
      "SIRE_MENTION_ROLE" : "Grantor",
      "SIRE_ENTITY_SUBTYPE" : "NONE",
      "SIRE_MENTION_TYPE" : "NONE",
      "SIRE_MENTION_CLASS" : "SPC"
    },
    "type" : "Grantor",
    "begin" : 240,
    "end" : 254,
    "inCoref" : false
  } ],
  "relations" : [ ],
  "corefs" : [ ],
  "typeResolved" : true,
  "userResolved" : false
}