{
  "id" : "a5fdf2c0-50ef-11e9-864f-311976351dcc-18",
  "name" : "WD185-4.txt",
  "createdDate" : 1553732582380,
  "version" : 3,
  "text" : "KNOW ALL MEN BY THESE PRESENTS, That I/we, BRIAN C. TYRON and wife , MIRANDA B. MCNEIL TYRON have bargained and sold, and by these presents do transfer and convey unto the State of Tennessee the land and/or land rights, more particularly described as follows: This instrument and the property description below were prepared from the plans of the captioned project by: ",
  "docLength" : 0,
  "language" : "EN",
  "status" : "SUBMITTED",
  "modifiedDate" : 1553737362539,
  "documentSet" : [ ],
  "preannotation" : [ ],
  "sentences" : [ {
    "id" : "s0",
    "begin" : 0,
    "end" : 368,
    "text" : "KNOW ALL MEN BY THESE PRESENTS, That I/we, BRIAN C. TYRON and wife , MIRANDA B. MCNEIL TYRON have bargained and sold, and by these presents do transfer and convey unto the State of Tennessee the land and/or land rights, more particularly described as follows: This instrument and the property description below were prepared from the plans of the captioned project by:",
    "tokens" : [ {
      "id" : "s0-t0",
      "begin" : 0,
      "end" : 4,
      "text" : "KNOW",
      "whiteSpace" : false
    }, {
      "id" : "s0-t1",
      "begin" : 5,
      "end" : 8,
      "text" : "ALL",
      "whiteSpace" : false
    }, {
      "id" : "s0-t2",
      "begin" : 9,
      "end" : 12,
      "text" : "MEN",
      "whiteSpace" : false
    }, {
      "id" : "s0-t3",
      "begin" : 13,
      "end" : 15,
      "text" : "BY",
      "whiteSpace" : false
    }, {
      "id" : "s0-t4",
      "begin" : 16,
      "end" : 21,
      "text" : "THESE",
      "whiteSpace" : false
    }, {
      "id" : "s0-t5",
      "begin" : 22,
      "end" : 30,
      "text" : "PRESENTS",
      "whiteSpace" : false
    }, {
      "id" : "s0-t6",
      "begin" : 30,
      "end" : 31,
      "text" : ",",
      "whiteSpace" : false
    }, {
      "id" : "s0-t7",
      "begin" : 32,
      "end" : 36,
      "text" : "That",
      "whiteSpace" : false
    }, {
      "id" : "s0-t8",
      "begin" : 37,
      "end" : 41,
      "text" : "I/we",
      "whiteSpace" : false
    }, {
      "id" : "s0-t9",
      "begin" : 41,
      "end" : 42,
      "text" : ",",
      "whiteSpace" : false
    }, {
      "id" : "s0-t10",
      "begin" : 43,
      "end" : 48,
      "text" : "BRIAN",
      "whiteSpace" : false
    }, {
      "id" : "s0-t11",
      "begin" : 49,
      "end" : 51,
      "text" : "C.",
      "whiteSpace" : false
    }, {
      "id" : "s0-t12",
      "begin" : 52,
      "end" : 57,
      "text" : "TYRON",
      "whiteSpace" : false
    }, {
      "id" : "s0-t13",
      "begin" : 58,
      "end" : 61,
      "text" : "and",
      "whiteSpace" : false
    }, {
      "id" : "s0-t14",
      "begin" : 62,
      "end" : 66,
      "text" : "wife",
      "whiteSpace" : false
    }, {
      "id" : "s0-t15",
      "begin" : 67,
      "end" : 68,
      "text" : ",",
      "whiteSpace" : false
    }, {
      "id" : "s0-t16",
      "begin" : 69,
      "end" : 76,
      "text" : "MIRANDA",
      "whiteSpace" : false
    }, {
      "id" : "s0-t17",
      "begin" : 77,
      "end" : 79,
      "text" : "B.",
      "whiteSpace" : false
    }, {
      "id" : "s0-t18",
      "begin" : 80,
      "end" : 86,
      "text" : "MCNEIL",
      "whiteSpace" : false
    }, {
      "id" : "s0-t19",
      "begin" : 87,
      "end" : 92,
      "text" : "TYRON",
      "whiteSpace" : false
    }, {
      "id" : "s0-t20",
      "begin" : 93,
      "end" : 97,
      "text" : "have",
      "whiteSpace" : false
    }, {
      "id" : "s0-t21",
      "begin" : 98,
      "end" : 107,
      "text" : "bargained",
      "whiteSpace" : false
    }, {
      "id" : "s0-t22",
      "begin" : 108,
      "end" : 111,
      "text" : "and",
      "whiteSpace" : false
    }, {
      "id" : "s0-t23",
      "begin" : 112,
      "end" : 116,
      "text" : "sold",
      "whiteSpace" : false
    }, {
      "id" : "s0-t24",
      "begin" : 116,
      "end" : 117,
      "text" : ",",
      "whiteSpace" : false
    }, {
      "id" : "s0-t25",
      "begin" : 118,
      "end" : 121,
      "text" : "and",
      "whiteSpace" : false
    }, {
      "id" : "s0-t26",
      "begin" : 122,
      "end" : 124,
      "text" : "by",
      "whiteSpace" : false
    }, {
      "id" : "s0-t27",
      "begin" : 125,
      "end" : 130,
      "text" : "these",
      "whiteSpace" : false
    }, {
      "id" : "s0-t28",
      "begin" : 131,
      "end" : 139,
      "text" : "presents",
      "whiteSpace" : false
    }, {
      "id" : "s0-t29",
      "begin" : 140,
      "end" : 142,
      "text" : "do",
      "whiteSpace" : false
    }, {
      "id" : "s0-t30",
      "begin" : 143,
      "end" : 151,
      "text" : "transfer",
      "whiteSpace" : false
    }, {
      "id" : "s0-t31",
      "begin" : 152,
      "end" : 155,
      "text" : "and",
      "whiteSpace" : false
    }, {
      "id" : "s0-t32",
      "begin" : 156,
      "end" : 162,
      "text" : "convey",
      "whiteSpace" : false
    }, {
      "id" : "s0-t33",
      "begin" : 163,
      "end" : 167,
      "text" : "unto",
      "whiteSpace" : false
    }, {
      "id" : "s0-t34",
      "begin" : 168,
      "end" : 171,
      "text" : "the",
      "whiteSpace" : false
    }, {
      "id" : "s0-t35",
      "begin" : 172,
      "end" : 177,
      "text" : "State",
      "whiteSpace" : false
    }, {
      "id" : "s0-t36",
      "begin" : 178,
      "end" : 180,
      "text" : "of",
      "whiteSpace" : false
    }, {
      "id" : "s0-t37",
      "begin" : 181,
      "end" : 190,
      "text" : "Tennessee",
      "whiteSpace" : false
    }, {
      "id" : "s0-t38",
      "begin" : 191,
      "end" : 194,
      "text" : "the",
      "whiteSpace" : false
    }, {
      "id" : "s0-t39",
      "begin" : 195,
      "end" : 199,
      "text" : "land",
      "whiteSpace" : false
    }, {
      "id" : "s0-t40",
      "begin" : 200,
      "end" : 203,
      "text" : "and",
      "whiteSpace" : false
    }, {
      "id" : "s0-t41",
      "begin" : 203,
      "end" : 204,
      "text" : "/",
      "whiteSpace" : false
    }, {
      "id" : "s0-t42",
      "begin" : 204,
      "end" : 206,
      "text" : "or",
      "whiteSpace" : false
    }, {
      "id" : "s0-t43",
      "begin" : 207,
      "end" : 211,
      "text" : "land",
      "whiteSpace" : false
    }, {
      "id" : "s0-t44",
      "begin" : 212,
      "end" : 218,
      "text" : "rights",
      "whiteSpace" : false
    }, {
      "id" : "s0-t45",
      "begin" : 218,
      "end" : 219,
      "text" : ",",
      "whiteSpace" : false
    }, {
      "id" : "s0-t46",
      "begin" : 220,
      "end" : 224,
      "text" : "more",
      "whiteSpace" : false
    }, {
      "id" : "s0-t47",
      "begin" : 225,
      "end" : 237,
      "text" : "particularly",
      "whiteSpace" : false
    }, {
      "id" : "s0-t48",
      "begin" : 238,
      "end" : 247,
      "text" : "described",
      "whiteSpace" : false
    }, {
      "id" : "s0-t49",
      "begin" : 248,
      "end" : 250,
      "text" : "as",
      "whiteSpace" : false
    }, {
      "id" : "s0-t50",
      "begin" : 251,
      "end" : 258,
      "text" : "follows",
      "whiteSpace" : false
    }, {
      "id" : "s0-t51",
      "begin" : 258,
      "end" : 259,
      "text" : ":",
      "whiteSpace" : false
    }, {
      "id" : "s0-t52",
      "begin" : 260,
      "end" : 264,
      "text" : "This",
      "whiteSpace" : false
    }, {
      "id" : "s0-t53",
      "begin" : 265,
      "end" : 275,
      "text" : "instrument",
      "whiteSpace" : false
    }, {
      "id" : "s0-t54",
      "begin" : 276,
      "end" : 279,
      "text" : "and",
      "whiteSpace" : false
    }, {
      "id" : "s0-t55",
      "begin" : 280,
      "end" : 283,
      "text" : "the",
      "whiteSpace" : false
    }, {
      "id" : "s0-t56",
      "begin" : 284,
      "end" : 292,
      "text" : "property",
      "whiteSpace" : false
    }, {
      "id" : "s0-t57",
      "begin" : 293,
      "end" : 304,
      "text" : "description",
      "whiteSpace" : false
    }, {
      "id" : "s0-t58",
      "begin" : 305,
      "end" : 310,
      "text" : "below",
      "whiteSpace" : false
    }, {
      "id" : "s0-t59",
      "begin" : 311,
      "end" : 315,
      "text" : "were",
      "whiteSpace" : false
    }, {
      "id" : "s0-t60",
      "begin" : 316,
      "end" : 324,
      "text" : "prepared",
      "whiteSpace" : false
    }, {
      "id" : "s0-t61",
      "begin" : 325,
      "end" : 329,
      "text" : "from",
      "whiteSpace" : false
    }, {
      "id" : "s0-t62",
      "begin" : 330,
      "end" : 333,
      "text" : "the",
      "whiteSpace" : false
    }, {
      "id" : "s0-t63",
      "begin" : 334,
      "end" : 339,
      "text" : "plans",
      "whiteSpace" : false
    }, {
      "id" : "s0-t64",
      "begin" : 340,
      "end" : 342,
      "text" : "of",
      "whiteSpace" : false
    }, {
      "id" : "s0-t65",
      "begin" : 343,
      "end" : 346,
      "text" : "the",
      "whiteSpace" : false
    }, {
      "id" : "s0-t66",
      "begin" : 347,
      "end" : 356,
      "text" : "captioned",
      "whiteSpace" : false
    }, {
      "id" : "s0-t67",
      "begin" : 357,
      "end" : 364,
      "text" : "project",
      "whiteSpace" : false
    }, {
      "id" : "s0-t68",
      "begin" : 365,
      "end" : 367,
      "text" : "by",
      "whiteSpace" : false
    }, {
      "id" : "s0-t69",
      "begin" : 367,
      "end" : 368,
      "text" : ":",
      "whiteSpace" : false
    } ]
  } ],
  "mentions" : [ {
    "id" : "s0-m1",
    "properties" : {
      "SIRE_MENTION_ROLE" : "Grantor",
      "SIRE_ENTITY_SUBTYPE" : "NONE",
      "SIRE_MENTION_TYPE" : "NONE",
      "SIRE_MENTION_CLASS" : "SPC"
    },
    "type" : "Grantor",
    "begin" : 43,
    "end" : 57,
    "inCoref" : false
  }, {
    "id" : "s0-m2",
    "properties" : {
      "SIRE_MENTION_ROLE" : "Grantor",
      "SIRE_ENTITY_SUBTYPE" : "NONE",
      "SIRE_MENTION_TYPE" : "NONE",
      "SIRE_MENTION_CLASS" : "SPC"
    },
    "type" : "Grantor",
    "begin" : 69,
    "end" : 92,
    "inCoref" : false
  }, {
    "id" : "s0-m3",
    "properties" : {
      "SIRE_MENTION_ROLE" : "Grantee",
      "SIRE_ENTITY_SUBTYPE" : "NONE",
      "SIRE_MENTION_TYPE" : "NONE",
      "SIRE_MENTION_CLASS" : "SPC"
    },
    "type" : "Grantee",
    "begin" : 172,
    "end" : 190,
    "inCoref" : false
  } ],
  "relations" : [ ],
  "corefs" : [ ],
  "typeResolved" : true,
  "userResolved" : false
}