{
  "id" : "acc7bbe0-54dc-11e9-8cbd-5f0b935e8fdd-15",
  "name" : "WD178-8.txt",
  "createdDate" : 1554164237982,
  "version" : 3,
  "text" : "boundary of the Arthur Coleman property of record in Deed Book 132, page 271, Register's Of???ce of Humphreys County, Tennessee; thence with said boundary N 7?? 10' 33 \" B 100.29 feet to a placed iron pin in Brazzle's south boundary; thence with said boundary S 81?? 50' 47 \" E 299.70 feet to the point of beginning containing an area of 1.28 acres by calculation. Survey made by McBride Survey Company. Darrel R. McBride, Surveyor, RLS # 1463, McEwen, Tennessee dated August 1, 1995., Being the same property conveyed to Joe Ann King Qualls by deed of record in Deed Book 155, page 389, Register's Of???ce of Humphreys County, Tennessee., .1 v '0 State of Tennessee, County of ",
  "docLength" : 0,
  "language" : "EN",
  "status" : "SUBMITTED",
  "modifiedDate" : 1554165032901,
  "documentSet" : [ ],
  "preannotation" : [ ],
  "sentences" : [ {
    "id" : "s0",
    "begin" : 0,
    "end" : 92,
    "text" : "boundary of the Arthur Coleman property of record in Deed Book 132, page 271, Register's Of?",
    "tokens" : [ {
      "id" : "s0-t0",
      "begin" : 0,
      "end" : 8,
      "text" : "boundary",
      "whiteSpace" : false
    }, {
      "id" : "s0-t1",
      "begin" : 9,
      "end" : 11,
      "text" : "of",
      "whiteSpace" : false
    }, {
      "id" : "s0-t2",
      "begin" : 12,
      "end" : 15,
      "text" : "the",
      "whiteSpace" : false
    }, {
      "id" : "s0-t3",
      "begin" : 16,
      "end" : 22,
      "text" : "Arthur",
      "whiteSpace" : false
    }, {
      "id" : "s0-t4",
      "begin" : 23,
      "end" : 30,
      "text" : "Coleman",
      "whiteSpace" : false
    }, {
      "id" : "s0-t5",
      "begin" : 31,
      "end" : 39,
      "text" : "property",
      "whiteSpace" : false
    }, {
      "id" : "s0-t6",
      "begin" : 40,
      "end" : 42,
      "text" : "of",
      "whiteSpace" : false
    }, {
      "id" : "s0-t7",
      "begin" : 43,
      "end" : 49,
      "text" : "record",
      "whiteSpace" : false
    }, {
      "id" : "s0-t8",
      "begin" : 50,
      "end" : 52,
      "text" : "in",
      "whiteSpace" : false
    }, {
      "id" : "s0-t9",
      "begin" : 53,
      "end" : 57,
      "text" : "Deed",
      "whiteSpace" : false
    }, {
      "id" : "s0-t10",
      "begin" : 58,
      "end" : 62,
      "text" : "Book",
      "whiteSpace" : false
    }, {
      "id" : "s0-t11",
      "begin" : 63,
      "end" : 66,
      "text" : "132",
      "whiteSpace" : false
    }, {
      "id" : "s0-t12",
      "begin" : 66,
      "end" : 67,
      "text" : ",",
      "whiteSpace" : false
    }, {
      "id" : "s0-t13",
      "begin" : 68,
      "end" : 72,
      "text" : "page",
      "whiteSpace" : false
    }, {
      "id" : "s0-t14",
      "begin" : 73,
      "end" : 76,
      "text" : "271",
      "whiteSpace" : false
    }, {
      "id" : "s0-t15",
      "begin" : 76,
      "end" : 77,
      "text" : ",",
      "whiteSpace" : false
    }, {
      "id" : "s0-t16",
      "begin" : 78,
      "end" : 86,
      "text" : "Register",
      "whiteSpace" : false
    }, {
      "id" : "s0-t17",
      "begin" : 86,
      "end" : 88,
      "text" : "'s",
      "whiteSpace" : false
    }, {
      "id" : "s0-t18",
      "begin" : 89,
      "end" : 91,
      "text" : "Of",
      "whiteSpace" : false
    }, {
      "id" : "s0-t19",
      "begin" : 91,
      "end" : 92,
      "text" : "?",
      "whiteSpace" : false
    } ]
  }, {
    "id" : "s1",
    "begin" : 92,
    "end" : 160,
    "text" : "??ce of Humphreys County, Tennessee; thence with said boundary N 7??",
    "tokens" : [ {
      "id" : "s1-t0",
      "begin" : 92,
      "end" : 96,
      "text" : "??ce",
      "whiteSpace" : false
    }, {
      "id" : "s1-t1",
      "begin" : 97,
      "end" : 99,
      "text" : "of",
      "whiteSpace" : false
    }, {
      "id" : "s1-t2",
      "begin" : 100,
      "end" : 109,
      "text" : "Humphreys",
      "whiteSpace" : false
    }, {
      "id" : "s1-t3",
      "begin" : 110,
      "end" : 116,
      "text" : "County",
      "whiteSpace" : false
    }, {
      "id" : "s1-t4",
      "begin" : 116,
      "end" : 117,
      "text" : ",",
      "whiteSpace" : false
    }, {
      "id" : "s1-t5",
      "begin" : 118,
      "end" : 127,
      "text" : "Tennessee",
      "whiteSpace" : false
    }, {
      "id" : "s1-t6",
      "begin" : 127,
      "end" : 128,
      "text" : ";",
      "whiteSpace" : false
    }, {
      "id" : "s1-t7",
      "begin" : 129,
      "end" : 135,
      "text" : "thence",
      "whiteSpace" : false
    }, {
      "id" : "s1-t8",
      "begin" : 136,
      "end" : 140,
      "text" : "with",
      "whiteSpace" : false
    }, {
      "id" : "s1-t9",
      "begin" : 141,
      "end" : 145,
      "text" : "said",
      "whiteSpace" : false
    }, {
      "id" : "s1-t10",
      "begin" : 146,
      "end" : 154,
      "text" : "boundary",
      "whiteSpace" : false
    }, {
      "id" : "s1-t11",
      "begin" : 155,
      "end" : 156,
      "text" : "N",
      "whiteSpace" : false
    }, {
      "id" : "s1-t12",
      "begin" : 157,
      "end" : 158,
      "text" : "7",
      "whiteSpace" : false
    }, {
      "id" : "s1-t13",
      "begin" : 158,
      "end" : 159,
      "text" : "?",
      "whiteSpace" : false
    }, {
      "id" : "s1-t14",
      "begin" : 159,
      "end" : 160,
      "text" : "?",
      "whiteSpace" : false
    } ]
  }, {
    "id" : "s2",
    "begin" : 161,
    "end" : 266,
    "text" : "10' 33 \" B 100.29 feet to a placed iron pin in Brazzle's south boundary; thence with said boundary S 81??",
    "tokens" : [ {
      "id" : "s2-t0",
      "begin" : 161,
      "end" : 163,
      "text" : "10",
      "whiteSpace" : false
    }, {
      "id" : "s2-t1",
      "begin" : 163,
      "end" : 164,
      "text" : "'",
      "whiteSpace" : false
    }, {
      "id" : "s2-t2",
      "begin" : 165,
      "end" : 167,
      "text" : "33",
      "whiteSpace" : false
    }, {
      "id" : "s2-t3",
      "begin" : 168,
      "end" : 169,
      "text" : "\"",
      "whiteSpace" : false
    }, {
      "id" : "s2-t4",
      "begin" : 170,
      "end" : 171,
      "text" : "B",
      "whiteSpace" : false
    }, {
      "id" : "s2-t5",
      "begin" : 172,
      "end" : 178,
      "text" : "100.29",
      "whiteSpace" : false
    }, {
      "id" : "s2-t6",
      "begin" : 179,
      "end" : 183,
      "text" : "feet",
      "whiteSpace" : false
    }, {
      "id" : "s2-t7",
      "begin" : 184,
      "end" : 186,
      "text" : "to",
      "whiteSpace" : false
    }, {
      "id" : "s2-t8",
      "begin" : 187,
      "end" : 188,
      "text" : "a",
      "whiteSpace" : false
    }, {
      "id" : "s2-t9",
      "begin" : 189,
      "end" : 195,
      "text" : "placed",
      "whiteSpace" : false
    }, {
      "id" : "s2-t10",
      "begin" : 196,
      "end" : 200,
      "text" : "iron",
      "whiteSpace" : false
    }, {
      "id" : "s2-t11",
      "begin" : 201,
      "end" : 204,
      "text" : "pin",
      "whiteSpace" : false
    }, {
      "id" : "s2-t12",
      "begin" : 205,
      "end" : 207,
      "text" : "in",
      "whiteSpace" : false
    }, {
      "id" : "s2-t13",
      "begin" : 208,
      "end" : 215,
      "text" : "Brazzle",
      "whiteSpace" : false
    }, {
      "id" : "s2-t14",
      "begin" : 215,
      "end" : 217,
      "text" : "'s",
      "whiteSpace" : false
    }, {
      "id" : "s2-t15",
      "begin" : 218,
      "end" : 223,
      "text" : "south",
      "whiteSpace" : false
    }, {
      "id" : "s2-t16",
      "begin" : 224,
      "end" : 232,
      "text" : "boundary",
      "whiteSpace" : false
    }, {
      "id" : "s2-t17",
      "begin" : 232,
      "end" : 233,
      "text" : ";",
      "whiteSpace" : false
    }, {
      "id" : "s2-t18",
      "begin" : 234,
      "end" : 240,
      "text" : "thence",
      "whiteSpace" : false
    }, {
      "id" : "s2-t19",
      "begin" : 241,
      "end" : 245,
      "text" : "with",
      "whiteSpace" : false
    }, {
      "id" : "s2-t20",
      "begin" : 246,
      "end" : 250,
      "text" : "said",
      "whiteSpace" : false
    }, {
      "id" : "s2-t21",
      "begin" : 251,
      "end" : 259,
      "text" : "boundary",
      "whiteSpace" : false
    }, {
      "id" : "s2-t22",
      "begin" : 260,
      "end" : 261,
      "text" : "S",
      "whiteSpace" : false
    }, {
      "id" : "s2-t23",
      "begin" : 262,
      "end" : 264,
      "text" : "81",
      "whiteSpace" : false
    }, {
      "id" : "s2-t24",
      "begin" : 264,
      "end" : 265,
      "text" : "?",
      "whiteSpace" : false
    }, {
      "id" : "s2-t25",
      "begin" : 265,
      "end" : 266,
      "text" : "?",
      "whiteSpace" : false
    } ]
  }, {
    "id" : "s3",
    "begin" : 267,
    "end" : 364,
    "text" : "50' 47 \" E 299.70 feet to the point of beginning containing an area of 1.28 acres by calculation.",
    "tokens" : [ {
      "id" : "s3-t0",
      "begin" : 267,
      "end" : 269,
      "text" : "50",
      "whiteSpace" : false
    }, {
      "id" : "s3-t1",
      "begin" : 269,
      "end" : 270,
      "text" : "'",
      "whiteSpace" : false
    }, {
      "id" : "s3-t2",
      "begin" : 271,
      "end" : 273,
      "text" : "47",
      "whiteSpace" : false
    }, {
      "id" : "s3-t3",
      "begin" : 274,
      "end" : 275,
      "text" : "\"",
      "whiteSpace" : false
    }, {
      "id" : "s3-t4",
      "begin" : 276,
      "end" : 277,
      "text" : "E",
      "whiteSpace" : false
    }, {
      "id" : "s3-t5",
      "begin" : 278,
      "end" : 284,
      "text" : "299.70",
      "whiteSpace" : false
    }, {
      "id" : "s3-t6",
      "begin" : 285,
      "end" : 289,
      "text" : "feet",
      "whiteSpace" : false
    }, {
      "id" : "s3-t7",
      "begin" : 290,
      "end" : 292,
      "text" : "to",
      "whiteSpace" : false
    }, {
      "id" : "s3-t8",
      "begin" : 293,
      "end" : 296,
      "text" : "the",
      "whiteSpace" : false
    }, {
      "id" : "s3-t9",
      "begin" : 297,
      "end" : 302,
      "text" : "point",
      "whiteSpace" : false
    }, {
      "id" : "s3-t10",
      "begin" : 303,
      "end" : 305,
      "text" : "of",
      "whiteSpace" : false
    }, {
      "id" : "s3-t11",
      "begin" : 306,
      "end" : 315,
      "text" : "beginning",
      "whiteSpace" : false
    }, {
      "id" : "s3-t12",
      "begin" : 316,
      "end" : 326,
      "text" : "containing",
      "whiteSpace" : false
    }, {
      "id" : "s3-t13",
      "begin" : 327,
      "end" : 329,
      "text" : "an",
      "whiteSpace" : false
    }, {
      "id" : "s3-t14",
      "begin" : 330,
      "end" : 334,
      "text" : "area",
      "whiteSpace" : false
    }, {
      "id" : "s3-t15",
      "begin" : 335,
      "end" : 337,
      "text" : "of",
      "whiteSpace" : false
    }, {
      "id" : "s3-t16",
      "begin" : 338,
      "end" : 342,
      "text" : "1.28",
      "whiteSpace" : false
    }, {
      "id" : "s3-t17",
      "begin" : 343,
      "end" : 348,
      "text" : "acres",
      "whiteSpace" : false
    }, {
      "id" : "s3-t18",
      "begin" : 349,
      "end" : 351,
      "text" : "by",
      "whiteSpace" : false
    }, {
      "id" : "s3-t19",
      "begin" : 352,
      "end" : 363,
      "text" : "calculation",
      "whiteSpace" : false
    }, {
      "id" : "s3-t20",
      "begin" : 363,
      "end" : 364,
      "text" : ".",
      "whiteSpace" : false
    } ]
  }, {
    "id" : "s4",
    "begin" : 365,
    "end" : 403,
    "text" : "Survey made by McBride Survey Company.",
    "tokens" : [ {
      "id" : "s4-t0",
      "begin" : 365,
      "end" : 371,
      "text" : "Survey",
      "whiteSpace" : false
    }, {
      "id" : "s4-t1",
      "begin" : 372,
      "end" : 376,
      "text" : "made",
      "whiteSpace" : false
    }, {
      "id" : "s4-t2",
      "begin" : 377,
      "end" : 379,
      "text" : "by",
      "whiteSpace" : false
    }, {
      "id" : "s4-t3",
      "begin" : 380,
      "end" : 387,
      "text" : "McBride",
      "whiteSpace" : false
    }, {
      "id" : "s4-t4",
      "begin" : 388,
      "end" : 394,
      "text" : "Survey",
      "whiteSpace" : false
    }, {
      "id" : "s4-t5",
      "begin" : 395,
      "end" : 402,
      "text" : "Company",
      "whiteSpace" : false
    }, {
      "id" : "s4-t6",
      "begin" : 402,
      "end" : 403,
      "text" : ".",
      "whiteSpace" : false
    } ]
  }, {
    "id" : "s5",
    "begin" : 404,
    "end" : 602,
    "text" : "Darrel R. McBride, Surveyor, RLS # 1463, McEwen, Tennessee dated August 1, 1995., Being the same property conveyed to Joe Ann King Qualls by deed of record in Deed Book 155, page 389, Register's Of?",
    "tokens" : [ {
      "id" : "s5-t0",
      "begin" : 404,
      "end" : 410,
      "text" : "Darrel",
      "whiteSpace" : false
    }, {
      "id" : "s5-t1",
      "begin" : 411,
      "end" : 413,
      "text" : "R.",
      "whiteSpace" : false
    }, {
      "id" : "s5-t2",
      "begin" : 414,
      "end" : 421,
      "text" : "McBride",
      "whiteSpace" : false
    }, {
      "id" : "s5-t3",
      "begin" : 421,
      "end" : 422,
      "text" : ",",
      "whiteSpace" : false
    }, {
      "id" : "s5-t4",
      "begin" : 423,
      "end" : 431,
      "text" : "Surveyor",
      "whiteSpace" : false
    }, {
      "id" : "s5-t5",
      "begin" : 431,
      "end" : 432,
      "text" : ",",
      "whiteSpace" : false
    }, {
      "id" : "s5-t6",
      "begin" : 433,
      "end" : 436,
      "text" : "RLS",
      "whiteSpace" : false
    }, {
      "id" : "s5-t7",
      "begin" : 437,
      "end" : 438,
      "text" : "#",
      "whiteSpace" : false
    }, {
      "id" : "s5-t8",
      "begin" : 439,
      "end" : 443,
      "text" : "1463",
      "whiteSpace" : false
    }, {
      "id" : "s5-t9",
      "begin" : 443,
      "end" : 444,
      "text" : ",",
      "whiteSpace" : false
    }, {
      "id" : "s5-t10",
      "begin" : 445,
      "end" : 451,
      "text" : "McEwen",
      "whiteSpace" : false
    }, {
      "id" : "s5-t11",
      "begin" : 451,
      "end" : 452,
      "text" : ",",
      "whiteSpace" : false
    }, {
      "id" : "s5-t12",
      "begin" : 453,
      "end" : 462,
      "text" : "Tennessee",
      "whiteSpace" : false
    }, {
      "id" : "s5-t13",
      "begin" : 463,
      "end" : 468,
      "text" : "dated",
      "whiteSpace" : false
    }, {
      "id" : "s5-t14",
      "begin" : 469,
      "end" : 475,
      "text" : "August",
      "whiteSpace" : false
    }, {
      "id" : "s5-t15",
      "begin" : 476,
      "end" : 477,
      "text" : "1",
      "whiteSpace" : false
    }, {
      "id" : "s5-t16",
      "begin" : 477,
      "end" : 478,
      "text" : ",",
      "whiteSpace" : false
    }, {
      "id" : "s5-t17",
      "begin" : 479,
      "end" : 483,
      "text" : "1995",
      "whiteSpace" : false
    }, {
      "id" : "s5-t18",
      "begin" : 483,
      "end" : 484,
      "text" : ".",
      "whiteSpace" : false
    }, {
      "id" : "s5-t19",
      "begin" : 484,
      "end" : 485,
      "text" : ",",
      "whiteSpace" : false
    }, {
      "id" : "s5-t20",
      "begin" : 486,
      "end" : 491,
      "text" : "Being",
      "whiteSpace" : false
    }, {
      "id" : "s5-t21",
      "begin" : 492,
      "end" : 495,
      "text" : "the",
      "whiteSpace" : false
    }, {
      "id" : "s5-t22",
      "begin" : 496,
      "end" : 500,
      "text" : "same",
      "whiteSpace" : false
    }, {
      "id" : "s5-t23",
      "begin" : 501,
      "end" : 509,
      "text" : "property",
      "whiteSpace" : false
    }, {
      "id" : "s5-t24",
      "begin" : 510,
      "end" : 518,
      "text" : "conveyed",
      "whiteSpace" : false
    }, {
      "id" : "s5-t25",
      "begin" : 519,
      "end" : 521,
      "text" : "to",
      "whiteSpace" : false
    }, {
      "id" : "s5-t26",
      "begin" : 522,
      "end" : 525,
      "text" : "Joe",
      "whiteSpace" : false
    }, {
      "id" : "s5-t27",
      "begin" : 526,
      "end" : 529,
      "text" : "Ann",
      "whiteSpace" : false
    }, {
      "id" : "s5-t28",
      "begin" : 530,
      "end" : 534,
      "text" : "King",
      "whiteSpace" : false
    }, {
      "id" : "s5-t29",
      "begin" : 535,
      "end" : 541,
      "text" : "Qualls",
      "whiteSpace" : false
    }, {
      "id" : "s5-t30",
      "begin" : 542,
      "end" : 544,
      "text" : "by",
      "whiteSpace" : false
    }, {
      "id" : "s5-t31",
      "begin" : 545,
      "end" : 549,
      "text" : "deed",
      "whiteSpace" : false
    }, {
      "id" : "s5-t32",
      "begin" : 550,
      "end" : 552,
      "text" : "of",
      "whiteSpace" : false
    }, {
      "id" : "s5-t33",
      "begin" : 553,
      "end" : 559,
      "text" : "record",
      "whiteSpace" : false
    }, {
      "id" : "s5-t34",
      "begin" : 560,
      "end" : 562,
      "text" : "in",
      "whiteSpace" : false
    }, {
      "id" : "s5-t35",
      "begin" : 563,
      "end" : 567,
      "text" : "Deed",
      "whiteSpace" : false
    }, {
      "id" : "s5-t36",
      "begin" : 568,
      "end" : 572,
      "text" : "Book",
      "whiteSpace" : false
    }, {
      "id" : "s5-t37",
      "begin" : 573,
      "end" : 576,
      "text" : "155",
      "whiteSpace" : false
    }, {
      "id" : "s5-t38",
      "begin" : 576,
      "end" : 577,
      "text" : ",",
      "whiteSpace" : false
    }, {
      "id" : "s5-t39",
      "begin" : 578,
      "end" : 582,
      "text" : "page",
      "whiteSpace" : false
    }, {
      "id" : "s5-t40",
      "begin" : 583,
      "end" : 586,
      "text" : "389",
      "whiteSpace" : false
    }, {
      "id" : "s5-t41",
      "begin" : 586,
      "end" : 587,
      "text" : ",",
      "whiteSpace" : false
    }, {
      "id" : "s5-t42",
      "begin" : 588,
      "end" : 596,
      "text" : "Register",
      "whiteSpace" : false
    }, {
      "id" : "s5-t43",
      "begin" : 596,
      "end" : 598,
      "text" : "'s",
      "whiteSpace" : false
    }, {
      "id" : "s5-t44",
      "begin" : 599,
      "end" : 601,
      "text" : "Of",
      "whiteSpace" : false
    }, {
      "id" : "s5-t45",
      "begin" : 601,
      "end" : 602,
      "text" : "?",
      "whiteSpace" : false
    } ]
  }, {
    "id" : "s6",
    "begin" : 602,
    "end" : 677,
    "text" : "??ce of Humphreys County, Tennessee., .1 v '0 State of Tennessee, County of",
    "tokens" : [ {
      "id" : "s6-t0",
      "begin" : 602,
      "end" : 606,
      "text" : "??ce",
      "whiteSpace" : false
    }, {
      "id" : "s6-t1",
      "begin" : 607,
      "end" : 609,
      "text" : "of",
      "whiteSpace" : false
    }, {
      "id" : "s6-t2",
      "begin" : 610,
      "end" : 619,
      "text" : "Humphreys",
      "whiteSpace" : false
    }, {
      "id" : "s6-t3",
      "begin" : 620,
      "end" : 626,
      "text" : "County",
      "whiteSpace" : false
    }, {
      "id" : "s6-t4",
      "begin" : 626,
      "end" : 627,
      "text" : ",",
      "whiteSpace" : false
    }, {
      "id" : "s6-t5",
      "begin" : 628,
      "end" : 638,
      "text" : "Tennessee.",
      "whiteSpace" : false
    }, {
      "id" : "s6-t6",
      "begin" : 638,
      "end" : 639,
      "text" : ",",
      "whiteSpace" : false
    }, {
      "id" : "s6-t7",
      "begin" : 640,
      "end" : 642,
      "text" : ".1",
      "whiteSpace" : false
    }, {
      "id" : "s6-t8",
      "begin" : 643,
      "end" : 644,
      "text" : "v",
      "whiteSpace" : false
    }, {
      "id" : "s6-t9",
      "begin" : 645,
      "end" : 646,
      "text" : "'",
      "whiteSpace" : false
    }, {
      "id" : "s6-t10",
      "begin" : 646,
      "end" : 647,
      "text" : "0",
      "whiteSpace" : false
    }, {
      "id" : "s6-t11",
      "begin" : 648,
      "end" : 653,
      "text" : "State",
      "whiteSpace" : false
    }, {
      "id" : "s6-t12",
      "begin" : 654,
      "end" : 656,
      "text" : "of",
      "whiteSpace" : false
    }, {
      "id" : "s6-t13",
      "begin" : 657,
      "end" : 666,
      "text" : "Tennessee",
      "whiteSpace" : false
    }, {
      "id" : "s6-t14",
      "begin" : 666,
      "end" : 667,
      "text" : ",",
      "whiteSpace" : false
    }, {
      "id" : "s6-t15",
      "begin" : 668,
      "end" : 674,
      "text" : "County",
      "whiteSpace" : false
    }, {
      "id" : "s6-t16",
      "begin" : 675,
      "end" : 677,
      "text" : "of",
      "whiteSpace" : false
    } ]
  } ],
  "mentions" : [ {
    "id" : "s5-m1",
    "properties" : {
      "SIRE_MENTION_ROLE" : "WarrDeedBookNum",
      "SIRE_ENTITY_SUBTYPE" : "NONE",
      "SIRE_MENTION_TYPE" : "NONE",
      "SIRE_MENTION_CLASS" : "SPC"
    },
    "type" : "WarrDeedBookNum",
    "begin" : 573,
    "end" : 576,
    "inCoref" : false
  }, {
    "id" : "s5-m2",
    "properties" : {
      "SIRE_MENTION_ROLE" : "WarrDeedPageNum",
      "SIRE_ENTITY_SUBTYPE" : "NONE",
      "SIRE_MENTION_TYPE" : "NONE",
      "SIRE_MENTION_CLASS" : "SPC"
    },
    "type" : "WarrDeedPageNum",
    "begin" : 583,
    "end" : 586,
    "inCoref" : false
  } ],
  "relations" : [ ],
  "corefs" : [ ],
  "typeResolved" : true,
  "userResolved" : false
}