{
  "id" : "acc7bbe0-54dc-11e9-8cbd-5f0b935e8fdd-4",
  "name" : "WD173-4.txt",
  "createdDate" : 1554164237982,
  "version" : 3,
  "text" : "and with the right of ingress and egress upon our adjoining lands to implement the rights so granted by deed dated September 2, 1995 of record in Deed Book 167, page 214, Register's Of???ce of Humphreys County, Tennessee., BEING the same property conveyed to Sally Creel by deed of record in Deed Book 171, page 1163, Register???s Of???ce of Humphreys County, Tennessee., #3103 ILNR, which is permanently attached to the real property., A permit for buried",
  "docLength" : 0,
  "language" : "EN",
  "status" : "SUBMITTED",
  "modifiedDate" : 1554165085768,
  "documentSet" : [ ],
  "preannotation" : [ ],
  "sentences" : [ {
    "id" : "s0",
    "begin" : 0,
    "end" : 185,
    "text" : "and with the right of ingress and egress upon our adjoining lands to implement the rights so granted by deed dated September 2, 1995 of record in Deed Book 167, page 214, Register's Of?",
    "tokens" : [ {
      "id" : "s0-t0",
      "begin" : 0,
      "end" : 3,
      "text" : "and",
      "whiteSpace" : false
    }, {
      "id" : "s0-t1",
      "begin" : 4,
      "end" : 8,
      "text" : "with",
      "whiteSpace" : false
    }, {
      "id" : "s0-t2",
      "begin" : 9,
      "end" : 12,
      "text" : "the",
      "whiteSpace" : false
    }, {
      "id" : "s0-t3",
      "begin" : 13,
      "end" : 18,
      "text" : "right",
      "whiteSpace" : false
    }, {
      "id" : "s0-t4",
      "begin" : 19,
      "end" : 21,
      "text" : "of",
      "whiteSpace" : false
    }, {
      "id" : "s0-t5",
      "begin" : 22,
      "end" : 29,
      "text" : "ingress",
      "whiteSpace" : false
    }, {
      "id" : "s0-t6",
      "begin" : 30,
      "end" : 33,
      "text" : "and",
      "whiteSpace" : false
    }, {
      "id" : "s0-t7",
      "begin" : 34,
      "end" : 40,
      "text" : "egress",
      "whiteSpace" : false
    }, {
      "id" : "s0-t8",
      "begin" : 41,
      "end" : 45,
      "text" : "upon",
      "whiteSpace" : false
    }, {
      "id" : "s0-t9",
      "begin" : 46,
      "end" : 49,
      "text" : "our",
      "whiteSpace" : false
    }, {
      "id" : "s0-t10",
      "begin" : 50,
      "end" : 59,
      "text" : "adjoining",
      "whiteSpace" : false
    }, {
      "id" : "s0-t11",
      "begin" : 60,
      "end" : 65,
      "text" : "lands",
      "whiteSpace" : false
    }, {
      "id" : "s0-t12",
      "begin" : 66,
      "end" : 68,
      "text" : "to",
      "whiteSpace" : false
    }, {
      "id" : "s0-t13",
      "begin" : 69,
      "end" : 78,
      "text" : "implement",
      "whiteSpace" : false
    }, {
      "id" : "s0-t14",
      "begin" : 79,
      "end" : 82,
      "text" : "the",
      "whiteSpace" : false
    }, {
      "id" : "s0-t15",
      "begin" : 83,
      "end" : 89,
      "text" : "rights",
      "whiteSpace" : false
    }, {
      "id" : "s0-t16",
      "begin" : 90,
      "end" : 92,
      "text" : "so",
      "whiteSpace" : false
    }, {
      "id" : "s0-t17",
      "begin" : 93,
      "end" : 100,
      "text" : "granted",
      "whiteSpace" : false
    }, {
      "id" : "s0-t18",
      "begin" : 101,
      "end" : 103,
      "text" : "by",
      "whiteSpace" : false
    }, {
      "id" : "s0-t19",
      "begin" : 104,
      "end" : 108,
      "text" : "deed",
      "whiteSpace" : false
    }, {
      "id" : "s0-t20",
      "begin" : 109,
      "end" : 114,
      "text" : "dated",
      "whiteSpace" : false
    }, {
      "id" : "s0-t21",
      "begin" : 115,
      "end" : 124,
      "text" : "September",
      "whiteSpace" : false
    }, {
      "id" : "s0-t22",
      "begin" : 125,
      "end" : 126,
      "text" : "2",
      "whiteSpace" : false
    }, {
      "id" : "s0-t23",
      "begin" : 126,
      "end" : 127,
      "text" : ",",
      "whiteSpace" : false
    }, {
      "id" : "s0-t24",
      "begin" : 128,
      "end" : 132,
      "text" : "1995",
      "whiteSpace" : false
    }, {
      "id" : "s0-t25",
      "begin" : 133,
      "end" : 135,
      "text" : "of",
      "whiteSpace" : false
    }, {
      "id" : "s0-t26",
      "begin" : 136,
      "end" : 142,
      "text" : "record",
      "whiteSpace" : false
    }, {
      "id" : "s0-t27",
      "begin" : 143,
      "end" : 145,
      "text" : "in",
      "whiteSpace" : false
    }, {
      "id" : "s0-t28",
      "begin" : 146,
      "end" : 150,
      "text" : "Deed",
      "whiteSpace" : false
    }, {
      "id" : "s0-t29",
      "begin" : 151,
      "end" : 155,
      "text" : "Book",
      "whiteSpace" : false
    }, {
      "id" : "s0-t30",
      "begin" : 156,
      "end" : 159,
      "text" : "167",
      "whiteSpace" : false
    }, {
      "id" : "s0-t31",
      "begin" : 159,
      "end" : 160,
      "text" : ",",
      "whiteSpace" : false
    }, {
      "id" : "s0-t32",
      "begin" : 161,
      "end" : 165,
      "text" : "page",
      "whiteSpace" : false
    }, {
      "id" : "s0-t33",
      "begin" : 166,
      "end" : 169,
      "text" : "214",
      "whiteSpace" : false
    }, {
      "id" : "s0-t34",
      "begin" : 169,
      "end" : 170,
      "text" : ",",
      "whiteSpace" : false
    }, {
      "id" : "s0-t35",
      "begin" : 171,
      "end" : 179,
      "text" : "Register",
      "whiteSpace" : false
    }, {
      "id" : "s0-t36",
      "begin" : 179,
      "end" : 181,
      "text" : "'s",
      "whiteSpace" : false
    }, {
      "id" : "s0-t37",
      "begin" : 182,
      "end" : 184,
      "text" : "Of",
      "whiteSpace" : false
    }, {
      "id" : "s0-t38",
      "begin" : 184,
      "end" : 185,
      "text" : "?",
      "whiteSpace" : false
    } ]
  }, {
    "id" : "s1",
    "begin" : 185,
    "end" : 327,
    "text" : "??ce of Humphreys County, Tennessee., BEING the same property conveyed to Sally Creel by deed of record in Deed Book 171, page 1163, Register?",
    "tokens" : [ {
      "id" : "s1-t0",
      "begin" : 185,
      "end" : 189,
      "text" : "??ce",
      "whiteSpace" : false
    }, {
      "id" : "s1-t1",
      "begin" : 190,
      "end" : 192,
      "text" : "of",
      "whiteSpace" : false
    }, {
      "id" : "s1-t2",
      "begin" : 193,
      "end" : 202,
      "text" : "Humphreys",
      "whiteSpace" : false
    }, {
      "id" : "s1-t3",
      "begin" : 203,
      "end" : 209,
      "text" : "County",
      "whiteSpace" : false
    }, {
      "id" : "s1-t4",
      "begin" : 209,
      "end" : 210,
      "text" : ",",
      "whiteSpace" : false
    }, {
      "id" : "s1-t5",
      "begin" : 211,
      "end" : 221,
      "text" : "Tennessee.",
      "whiteSpace" : false
    }, {
      "id" : "s1-t6",
      "begin" : 221,
      "end" : 222,
      "text" : ",",
      "whiteSpace" : false
    }, {
      "id" : "s1-t7",
      "begin" : 223,
      "end" : 228,
      "text" : "BEING",
      "whiteSpace" : false
    }, {
      "id" : "s1-t8",
      "begin" : 229,
      "end" : 232,
      "text" : "the",
      "whiteSpace" : false
    }, {
      "id" : "s1-t9",
      "begin" : 233,
      "end" : 237,
      "text" : "same",
      "whiteSpace" : false
    }, {
      "id" : "s1-t10",
      "begin" : 238,
      "end" : 246,
      "text" : "property",
      "whiteSpace" : false
    }, {
      "id" : "s1-t11",
      "begin" : 247,
      "end" : 255,
      "text" : "conveyed",
      "whiteSpace" : false
    }, {
      "id" : "s1-t12",
      "begin" : 256,
      "end" : 258,
      "text" : "to",
      "whiteSpace" : false
    }, {
      "id" : "s1-t13",
      "begin" : 259,
      "end" : 264,
      "text" : "Sally",
      "whiteSpace" : false
    }, {
      "id" : "s1-t14",
      "begin" : 265,
      "end" : 270,
      "text" : "Creel",
      "whiteSpace" : false
    }, {
      "id" : "s1-t15",
      "begin" : 271,
      "end" : 273,
      "text" : "by",
      "whiteSpace" : false
    }, {
      "id" : "s1-t16",
      "begin" : 274,
      "end" : 278,
      "text" : "deed",
      "whiteSpace" : false
    }, {
      "id" : "s1-t17",
      "begin" : 279,
      "end" : 281,
      "text" : "of",
      "whiteSpace" : false
    }, {
      "id" : "s1-t18",
      "begin" : 282,
      "end" : 288,
      "text" : "record",
      "whiteSpace" : false
    }, {
      "id" : "s1-t19",
      "begin" : 289,
      "end" : 291,
      "text" : "in",
      "whiteSpace" : false
    }, {
      "id" : "s1-t20",
      "begin" : 292,
      "end" : 296,
      "text" : "Deed",
      "whiteSpace" : false
    }, {
      "id" : "s1-t21",
      "begin" : 297,
      "end" : 301,
      "text" : "Book",
      "whiteSpace" : false
    }, {
      "id" : "s1-t22",
      "begin" : 302,
      "end" : 305,
      "text" : "171",
      "whiteSpace" : false
    }, {
      "id" : "s1-t23",
      "begin" : 305,
      "end" : 306,
      "text" : ",",
      "whiteSpace" : false
    }, {
      "id" : "s1-t24",
      "begin" : 307,
      "end" : 311,
      "text" : "page",
      "whiteSpace" : false
    }, {
      "id" : "s1-t25",
      "begin" : 312,
      "end" : 316,
      "text" : "1163",
      "whiteSpace" : false
    }, {
      "id" : "s1-t26",
      "begin" : 316,
      "end" : 317,
      "text" : ",",
      "whiteSpace" : false
    }, {
      "id" : "s1-t27",
      "begin" : 318,
      "end" : 326,
      "text" : "Register",
      "whiteSpace" : false
    }, {
      "id" : "s1-t28",
      "begin" : 326,
      "end" : 327,
      "text" : "?",
      "whiteSpace" : false
    } ]
  }, {
    "id" : "s2",
    "begin" : 327,
    "end" : 334,
    "text" : "??s Of?",
    "tokens" : [ {
      "id" : "s2-t0",
      "begin" : 327,
      "end" : 330,
      "text" : "??s",
      "whiteSpace" : false
    }, {
      "id" : "s2-t1",
      "begin" : 331,
      "end" : 333,
      "text" : "Of",
      "whiteSpace" : false
    }, {
      "id" : "s2-t2",
      "begin" : 333,
      "end" : 334,
      "text" : "?",
      "whiteSpace" : false
    } ]
  }, {
    "id" : "s3",
    "begin" : 334,
    "end" : 456,
    "text" : "??ce of Humphreys County, Tennessee., #3103 ILNR, which is permanently attached to the real property., A permit for buried",
    "tokens" : [ {
      "id" : "s3-t0",
      "begin" : 334,
      "end" : 338,
      "text" : "??ce",
      "whiteSpace" : false
    }, {
      "id" : "s3-t1",
      "begin" : 339,
      "end" : 341,
      "text" : "of",
      "whiteSpace" : false
    }, {
      "id" : "s3-t2",
      "begin" : 342,
      "end" : 351,
      "text" : "Humphreys",
      "whiteSpace" : false
    }, {
      "id" : "s3-t3",
      "begin" : 352,
      "end" : 358,
      "text" : "County",
      "whiteSpace" : false
    }, {
      "id" : "s3-t4",
      "begin" : 358,
      "end" : 359,
      "text" : ",",
      "whiteSpace" : false
    }, {
      "id" : "s3-t5",
      "begin" : 360,
      "end" : 370,
      "text" : "Tennessee.",
      "whiteSpace" : false
    }, {
      "id" : "s3-t6",
      "begin" : 370,
      "end" : 371,
      "text" : ",",
      "whiteSpace" : false
    }, {
      "id" : "s3-t7",
      "begin" : 372,
      "end" : 377,
      "text" : "#3103",
      "whiteSpace" : false
    }, {
      "id" : "s3-t8",
      "begin" : 378,
      "end" : 382,
      "text" : "ILNR",
      "whiteSpace" : false
    }, {
      "id" : "s3-t9",
      "begin" : 382,
      "end" : 383,
      "text" : ",",
      "whiteSpace" : false
    }, {
      "id" : "s3-t10",
      "begin" : 384,
      "end" : 389,
      "text" : "which",
      "whiteSpace" : false
    }, {
      "id" : "s3-t11",
      "begin" : 390,
      "end" : 392,
      "text" : "is",
      "whiteSpace" : false
    }, {
      "id" : "s3-t12",
      "begin" : 393,
      "end" : 404,
      "text" : "permanently",
      "whiteSpace" : false
    }, {
      "id" : "s3-t13",
      "begin" : 405,
      "end" : 413,
      "text" : "attached",
      "whiteSpace" : false
    }, {
      "id" : "s3-t14",
      "begin" : 414,
      "end" : 416,
      "text" : "to",
      "whiteSpace" : false
    }, {
      "id" : "s3-t15",
      "begin" : 417,
      "end" : 420,
      "text" : "the",
      "whiteSpace" : false
    }, {
      "id" : "s3-t16",
      "begin" : 421,
      "end" : 425,
      "text" : "real",
      "whiteSpace" : false
    }, {
      "id" : "s3-t17",
      "begin" : 426,
      "end" : 435,
      "text" : "property.",
      "whiteSpace" : false
    }, {
      "id" : "s3-t18",
      "begin" : 435,
      "end" : 436,
      "text" : ",",
      "whiteSpace" : false
    }, {
      "id" : "s3-t19",
      "begin" : 437,
      "end" : 438,
      "text" : "A",
      "whiteSpace" : false
    }, {
      "id" : "s3-t20",
      "begin" : 439,
      "end" : 445,
      "text" : "permit",
      "whiteSpace" : false
    }, {
      "id" : "s3-t21",
      "begin" : 446,
      "end" : 449,
      "text" : "for",
      "whiteSpace" : false
    }, {
      "id" : "s3-t22",
      "begin" : 450,
      "end" : 456,
      "text" : "buried",
      "whiteSpace" : false
    } ]
  } ],
  "mentions" : [ {
    "id" : "s1-m1",
    "properties" : {
      "SIRE_MENTION_ROLE" : "WarrDeedBookNum",
      "SIRE_ENTITY_SUBTYPE" : "NONE",
      "SIRE_MENTION_TYPE" : "NONE",
      "SIRE_MENTION_CLASS" : "SPC"
    },
    "type" : "WarrDeedBookNum",
    "begin" : 302,
    "end" : 305,
    "inCoref" : false
  }, {
    "id" : "s1-m2",
    "properties" : {
      "SIRE_MENTION_ROLE" : "WarrDeedPageNum",
      "SIRE_ENTITY_SUBTYPE" : "NONE",
      "SIRE_MENTION_TYPE" : "NONE",
      "SIRE_MENTION_CLASS" : "SPC"
    },
    "type" : "WarrDeedPageNum",
    "begin" : 312,
    "end" : 316,
    "inCoref" : false
  } ],
  "relations" : [ ],
  "corefs" : [ ],
  "typeResolved" : true,
  "userResolved" : false
}