{
  "id" : "acc7bbe0-54dc-11e9-8cbd-5f0b935e8fdd-10",
  "name" : "WD176-4.txt",
  "createdDate" : 1554164237982,
  "version" : 3,
  "text" : " 8 poles to a maple; thence South 40 deg. W 12 poles to the beginning by estimation 185 acres more or less. BEING the same property conveyed to Benjamin S. Rumsey and wife, Edna Rumsey and James W. Rumsey and wife,.Betty Sue Rumsey by instrument of record at Deed Book 132, page 148, Register???s Office, Humphreys County, Tennessee and being the same property in which Edna Rumsey conveyed by Quit Claim Deed all her right, title and interest to Benjamin S. Rumsey by instrument of record at deed Book 175, page 1187, Register???s Office, Humphreys County, Tennessee. TO HAVE AND TO HOLD the said tract or parcel of land with the appurtenances, estate, title, and interest thereto belonging, to the said JAMES W. RUMSEY AND WIFE, BETTY SUE RUMSEY, their heirs and assigns, forever. And I do covenant with the said JAMES W. RUMSEY AND WIFE, BETTY SUE RUMSEY that I am lawfully seized and possessed of said undivided interest in said land in Fee Simple; ",
  "docLength" : 0,
  "language" : "EN",
  "status" : "SUBMITTED",
  "modifiedDate" : 1554164868040,
  "documentSet" : [ ],
  "preannotation" : [ ],
  "sentences" : [ {
    "id" : "s0",
    "begin" : 1,
    "end" : 41,
    "text" : "8 poles to a maple; thence South 40 deg.",
    "tokens" : [ {
      "id" : "s0-t0",
      "begin" : 1,
      "end" : 2,
      "text" : "8",
      "whiteSpace" : false
    }, {
      "id" : "s0-t1",
      "begin" : 3,
      "end" : 8,
      "text" : "poles",
      "whiteSpace" : false
    }, {
      "id" : "s0-t2",
      "begin" : 9,
      "end" : 11,
      "text" : "to",
      "whiteSpace" : false
    }, {
      "id" : "s0-t3",
      "begin" : 12,
      "end" : 13,
      "text" : "a",
      "whiteSpace" : false
    }, {
      "id" : "s0-t4",
      "begin" : 14,
      "end" : 19,
      "text" : "maple",
      "whiteSpace" : false
    }, {
      "id" : "s0-t5",
      "begin" : 19,
      "end" : 20,
      "text" : ";",
      "whiteSpace" : false
    }, {
      "id" : "s0-t6",
      "begin" : 21,
      "end" : 27,
      "text" : "thence",
      "whiteSpace" : false
    }, {
      "id" : "s0-t7",
      "begin" : 28,
      "end" : 33,
      "text" : "South",
      "whiteSpace" : false
    }, {
      "id" : "s0-t8",
      "begin" : 34,
      "end" : 36,
      "text" : "40",
      "whiteSpace" : false
    }, {
      "id" : "s0-t9",
      "begin" : 37,
      "end" : 40,
      "text" : "deg",
      "whiteSpace" : false
    }, {
      "id" : "s0-t10",
      "begin" : 40,
      "end" : 41,
      "text" : ".",
      "whiteSpace" : false
    } ]
  }, {
    "id" : "s1",
    "begin" : 42,
    "end" : 107,
    "text" : "W 12 poles to the beginning by estimation 185 acres more or less.",
    "tokens" : [ {
      "id" : "s1-t0",
      "begin" : 42,
      "end" : 43,
      "text" : "W",
      "whiteSpace" : false
    }, {
      "id" : "s1-t1",
      "begin" : 44,
      "end" : 46,
      "text" : "12",
      "whiteSpace" : false
    }, {
      "id" : "s1-t2",
      "begin" : 47,
      "end" : 52,
      "text" : "poles",
      "whiteSpace" : false
    }, {
      "id" : "s1-t3",
      "begin" : 53,
      "end" : 55,
      "text" : "to",
      "whiteSpace" : false
    }, {
      "id" : "s1-t4",
      "begin" : 56,
      "end" : 59,
      "text" : "the",
      "whiteSpace" : false
    }, {
      "id" : "s1-t5",
      "begin" : 60,
      "end" : 69,
      "text" : "beginning",
      "whiteSpace" : false
    }, {
      "id" : "s1-t6",
      "begin" : 70,
      "end" : 72,
      "text" : "by",
      "whiteSpace" : false
    }, {
      "id" : "s1-t7",
      "begin" : 73,
      "end" : 83,
      "text" : "estimation",
      "whiteSpace" : false
    }, {
      "id" : "s1-t8",
      "begin" : 84,
      "end" : 87,
      "text" : "185",
      "whiteSpace" : false
    }, {
      "id" : "s1-t9",
      "begin" : 88,
      "end" : 93,
      "text" : "acres",
      "whiteSpace" : false
    }, {
      "id" : "s1-t10",
      "begin" : 94,
      "end" : 98,
      "text" : "more",
      "whiteSpace" : false
    }, {
      "id" : "s1-t11",
      "begin" : 99,
      "end" : 101,
      "text" : "or",
      "whiteSpace" : false
    }, {
      "id" : "s1-t12",
      "begin" : 102,
      "end" : 106,
      "text" : "less",
      "whiteSpace" : false
    }, {
      "id" : "s1-t13",
      "begin" : 106,
      "end" : 107,
      "text" : ".",
      "whiteSpace" : false
    } ]
  }, {
    "id" : "s2",
    "begin" : 108,
    "end" : 293,
    "text" : "BEING the same property conveyed to Benjamin S. Rumsey and wife, Edna Rumsey and James W. Rumsey and wife,.Betty Sue Rumsey by instrument of record at Deed Book 132, page 148, Register?",
    "tokens" : [ {
      "id" : "s2-t0",
      "begin" : 108,
      "end" : 113,
      "text" : "BEING",
      "whiteSpace" : false
    }, {
      "id" : "s2-t1",
      "begin" : 114,
      "end" : 117,
      "text" : "the",
      "whiteSpace" : false
    }, {
      "id" : "s2-t2",
      "begin" : 118,
      "end" : 122,
      "text" : "same",
      "whiteSpace" : false
    }, {
      "id" : "s2-t3",
      "begin" : 123,
      "end" : 131,
      "text" : "property",
      "whiteSpace" : false
    }, {
      "id" : "s2-t4",
      "begin" : 132,
      "end" : 140,
      "text" : "conveyed",
      "whiteSpace" : false
    }, {
      "id" : "s2-t5",
      "begin" : 141,
      "end" : 143,
      "text" : "to",
      "whiteSpace" : false
    }, {
      "id" : "s2-t6",
      "begin" : 144,
      "end" : 152,
      "text" : "Benjamin",
      "whiteSpace" : false
    }, {
      "id" : "s2-t7",
      "begin" : 153,
      "end" : 155,
      "text" : "S.",
      "whiteSpace" : false
    }, {
      "id" : "s2-t8",
      "begin" : 156,
      "end" : 162,
      "text" : "Rumsey",
      "whiteSpace" : false
    }, {
      "id" : "s2-t9",
      "begin" : 163,
      "end" : 166,
      "text" : "and",
      "whiteSpace" : false
    }, {
      "id" : "s2-t10",
      "begin" : 167,
      "end" : 171,
      "text" : "wife",
      "whiteSpace" : false
    }, {
      "id" : "s2-t11",
      "begin" : 171,
      "end" : 172,
      "text" : ",",
      "whiteSpace" : false
    }, {
      "id" : "s2-t12",
      "begin" : 173,
      "end" : 177,
      "text" : "Edna",
      "whiteSpace" : false
    }, {
      "id" : "s2-t13",
      "begin" : 178,
      "end" : 184,
      "text" : "Rumsey",
      "whiteSpace" : false
    }, {
      "id" : "s2-t14",
      "begin" : 185,
      "end" : 188,
      "text" : "and",
      "whiteSpace" : false
    }, {
      "id" : "s2-t15",
      "begin" : 189,
      "end" : 194,
      "text" : "James",
      "whiteSpace" : false
    }, {
      "id" : "s2-t16",
      "begin" : 195,
      "end" : 197,
      "text" : "W.",
      "whiteSpace" : false
    }, {
      "id" : "s2-t17",
      "begin" : 198,
      "end" : 204,
      "text" : "Rumsey",
      "whiteSpace" : false
    }, {
      "id" : "s2-t18",
      "begin" : 205,
      "end" : 208,
      "text" : "and",
      "whiteSpace" : false
    }, {
      "id" : "s2-t19",
      "begin" : 209,
      "end" : 213,
      "text" : "wife",
      "whiteSpace" : false
    }, {
      "id" : "s2-t20",
      "begin" : 213,
      "end" : 214,
      "text" : ",",
      "whiteSpace" : false
    }, {
      "id" : "s2-t21",
      "begin" : 214,
      "end" : 220,
      "text" : ".Betty",
      "whiteSpace" : false
    }, {
      "id" : "s2-t22",
      "begin" : 221,
      "end" : 224,
      "text" : "Sue",
      "whiteSpace" : false
    }, {
      "id" : "s2-t23",
      "begin" : 225,
      "end" : 231,
      "text" : "Rumsey",
      "whiteSpace" : false
    }, {
      "id" : "s2-t24",
      "begin" : 232,
      "end" : 234,
      "text" : "by",
      "whiteSpace" : false
    }, {
      "id" : "s2-t25",
      "begin" : 235,
      "end" : 245,
      "text" : "instrument",
      "whiteSpace" : false
    }, {
      "id" : "s2-t26",
      "begin" : 246,
      "end" : 248,
      "text" : "of",
      "whiteSpace" : false
    }, {
      "id" : "s2-t27",
      "begin" : 249,
      "end" : 255,
      "text" : "record",
      "whiteSpace" : false
    }, {
      "id" : "s2-t28",
      "begin" : 256,
      "end" : 258,
      "text" : "at",
      "whiteSpace" : false
    }, {
      "id" : "s2-t29",
      "begin" : 259,
      "end" : 263,
      "text" : "Deed",
      "whiteSpace" : false
    }, {
      "id" : "s2-t30",
      "begin" : 264,
      "end" : 268,
      "text" : "Book",
      "whiteSpace" : false
    }, {
      "id" : "s2-t31",
      "begin" : 269,
      "end" : 272,
      "text" : "132",
      "whiteSpace" : false
    }, {
      "id" : "s2-t32",
      "begin" : 272,
      "end" : 273,
      "text" : ",",
      "whiteSpace" : false
    }, {
      "id" : "s2-t33",
      "begin" : 274,
      "end" : 278,
      "text" : "page",
      "whiteSpace" : false
    }, {
      "id" : "s2-t34",
      "begin" : 279,
      "end" : 282,
      "text" : "148",
      "whiteSpace" : false
    }, {
      "id" : "s2-t35",
      "begin" : 282,
      "end" : 283,
      "text" : ",",
      "whiteSpace" : false
    }, {
      "id" : "s2-t36",
      "begin" : 284,
      "end" : 292,
      "text" : "Register",
      "whiteSpace" : false
    }, {
      "id" : "s2-t37",
      "begin" : 292,
      "end" : 293,
      "text" : "?",
      "whiteSpace" : false
    } ]
  }, {
    "id" : "s3",
    "begin" : 293,
    "end" : 528,
    "text" : "??s Office, Humphreys County, Tennessee and being the same property in which Edna Rumsey conveyed by Quit Claim Deed all her right, title and interest to Benjamin S. Rumsey by instrument of record at deed Book 175, page 1187, Register?",
    "tokens" : [ {
      "id" : "s3-t0",
      "begin" : 293,
      "end" : 296,
      "text" : "??s",
      "whiteSpace" : false
    }, {
      "id" : "s3-t1",
      "begin" : 297,
      "end" : 303,
      "text" : "Office",
      "whiteSpace" : false
    }, {
      "id" : "s3-t2",
      "begin" : 303,
      "end" : 304,
      "text" : ",",
      "whiteSpace" : false
    }, {
      "id" : "s3-t3",
      "begin" : 305,
      "end" : 314,
      "text" : "Humphreys",
      "whiteSpace" : false
    }, {
      "id" : "s3-t4",
      "begin" : 315,
      "end" : 321,
      "text" : "County",
      "whiteSpace" : false
    }, {
      "id" : "s3-t5",
      "begin" : 321,
      "end" : 322,
      "text" : ",",
      "whiteSpace" : false
    }, {
      "id" : "s3-t6",
      "begin" : 323,
      "end" : 332,
      "text" : "Tennessee",
      "whiteSpace" : false
    }, {
      "id" : "s3-t7",
      "begin" : 333,
      "end" : 336,
      "text" : "and",
      "whiteSpace" : false
    }, {
      "id" : "s3-t8",
      "begin" : 337,
      "end" : 342,
      "text" : "being",
      "whiteSpace" : false
    }, {
      "id" : "s3-t9",
      "begin" : 343,
      "end" : 346,
      "text" : "the",
      "whiteSpace" : false
    }, {
      "id" : "s3-t10",
      "begin" : 347,
      "end" : 351,
      "text" : "same",
      "whiteSpace" : false
    }, {
      "id" : "s3-t11",
      "begin" : 352,
      "end" : 360,
      "text" : "property",
      "whiteSpace" : false
    }, {
      "id" : "s3-t12",
      "begin" : 361,
      "end" : 363,
      "text" : "in",
      "whiteSpace" : false
    }, {
      "id" : "s3-t13",
      "begin" : 364,
      "end" : 369,
      "text" : "which",
      "whiteSpace" : false
    }, {
      "id" : "s3-t14",
      "begin" : 370,
      "end" : 374,
      "text" : "Edna",
      "whiteSpace" : false
    }, {
      "id" : "s3-t15",
      "begin" : 375,
      "end" : 381,
      "text" : "Rumsey",
      "whiteSpace" : false
    }, {
      "id" : "s3-t16",
      "begin" : 382,
      "end" : 390,
      "text" : "conveyed",
      "whiteSpace" : false
    }, {
      "id" : "s3-t17",
      "begin" : 391,
      "end" : 393,
      "text" : "by",
      "whiteSpace" : false
    }, {
      "id" : "s3-t18",
      "begin" : 394,
      "end" : 398,
      "text" : "Quit",
      "whiteSpace" : false
    }, {
      "id" : "s3-t19",
      "begin" : 399,
      "end" : 404,
      "text" : "Claim",
      "whiteSpace" : false
    }, {
      "id" : "s3-t20",
      "begin" : 405,
      "end" : 409,
      "text" : "Deed",
      "whiteSpace" : false
    }, {
      "id" : "s3-t21",
      "begin" : 410,
      "end" : 413,
      "text" : "all",
      "whiteSpace" : false
    }, {
      "id" : "s3-t22",
      "begin" : 414,
      "end" : 417,
      "text" : "her",
      "whiteSpace" : false
    }, {
      "id" : "s3-t23",
      "begin" : 418,
      "end" : 423,
      "text" : "right",
      "whiteSpace" : false
    }, {
      "id" : "s3-t24",
      "begin" : 423,
      "end" : 424,
      "text" : ",",
      "whiteSpace" : false
    }, {
      "id" : "s3-t25",
      "begin" : 425,
      "end" : 430,
      "text" : "title",
      "whiteSpace" : false
    }, {
      "id" : "s3-t26",
      "begin" : 431,
      "end" : 434,
      "text" : "and",
      "whiteSpace" : false
    }, {
      "id" : "s3-t27",
      "begin" : 435,
      "end" : 443,
      "text" : "interest",
      "whiteSpace" : false
    }, {
      "id" : "s3-t28",
      "begin" : 444,
      "end" : 446,
      "text" : "to",
      "whiteSpace" : false
    }, {
      "id" : "s3-t29",
      "begin" : 447,
      "end" : 455,
      "text" : "Benjamin",
      "whiteSpace" : false
    }, {
      "id" : "s3-t30",
      "begin" : 456,
      "end" : 458,
      "text" : "S.",
      "whiteSpace" : false
    }, {
      "id" : "s3-t31",
      "begin" : 459,
      "end" : 465,
      "text" : "Rumsey",
      "whiteSpace" : false
    }, {
      "id" : "s3-t32",
      "begin" : 466,
      "end" : 468,
      "text" : "by",
      "whiteSpace" : false
    }, {
      "id" : "s3-t33",
      "begin" : 469,
      "end" : 479,
      "text" : "instrument",
      "whiteSpace" : false
    }, {
      "id" : "s3-t34",
      "begin" : 480,
      "end" : 482,
      "text" : "of",
      "whiteSpace" : false
    }, {
      "id" : "s3-t35",
      "begin" : 483,
      "end" : 489,
      "text" : "record",
      "whiteSpace" : false
    }, {
      "id" : "s3-t36",
      "begin" : 490,
      "end" : 492,
      "text" : "at",
      "whiteSpace" : false
    }, {
      "id" : "s3-t37",
      "begin" : 493,
      "end" : 497,
      "text" : "deed",
      "whiteSpace" : false
    }, {
      "id" : "s3-t38",
      "begin" : 498,
      "end" : 502,
      "text" : "Book",
      "whiteSpace" : false
    }, {
      "id" : "s3-t39",
      "begin" : 503,
      "end" : 506,
      "text" : "175",
      "whiteSpace" : false
    }, {
      "id" : "s3-t40",
      "begin" : 506,
      "end" : 507,
      "text" : ",",
      "whiteSpace" : false
    }, {
      "id" : "s3-t41",
      "begin" : 508,
      "end" : 512,
      "text" : "page",
      "whiteSpace" : false
    }, {
      "id" : "s3-t42",
      "begin" : 513,
      "end" : 517,
      "text" : "1187",
      "whiteSpace" : false
    }, {
      "id" : "s3-t43",
      "begin" : 517,
      "end" : 518,
      "text" : ",",
      "whiteSpace" : false
    }, {
      "id" : "s3-t44",
      "begin" : 519,
      "end" : 527,
      "text" : "Register",
      "whiteSpace" : false
    }, {
      "id" : "s3-t45",
      "begin" : 527,
      "end" : 528,
      "text" : "?",
      "whiteSpace" : false
    } ]
  }, {
    "id" : "s4",
    "begin" : 528,
    "end" : 568,
    "text" : "??s Office, Humphreys County, Tennessee.",
    "tokens" : [ {
      "id" : "s4-t0",
      "begin" : 528,
      "end" : 531,
      "text" : "??s",
      "whiteSpace" : false
    }, {
      "id" : "s4-t1",
      "begin" : 532,
      "end" : 538,
      "text" : "Office",
      "whiteSpace" : false
    }, {
      "id" : "s4-t2",
      "begin" : 538,
      "end" : 539,
      "text" : ",",
      "whiteSpace" : false
    }, {
      "id" : "s4-t3",
      "begin" : 540,
      "end" : 549,
      "text" : "Humphreys",
      "whiteSpace" : false
    }, {
      "id" : "s4-t4",
      "begin" : 550,
      "end" : 556,
      "text" : "County",
      "whiteSpace" : false
    }, {
      "id" : "s4-t5",
      "begin" : 556,
      "end" : 557,
      "text" : ",",
      "whiteSpace" : false
    }, {
      "id" : "s4-t6",
      "begin" : 558,
      "end" : 567,
      "text" : "Tennessee",
      "whiteSpace" : false
    }, {
      "id" : "s4-t7",
      "begin" : 567,
      "end" : 568,
      "text" : ".",
      "whiteSpace" : false
    } ]
  }, {
    "id" : "s5",
    "begin" : 569,
    "end" : 782,
    "text" : "TO HAVE AND TO HOLD the said tract or parcel of land with the appurtenances, estate, title, and interest thereto belonging, to the said JAMES W. RUMSEY AND WIFE, BETTY SUE RUMSEY, their heirs and assigns, forever.",
    "tokens" : [ {
      "id" : "s5-t0",
      "begin" : 569,
      "end" : 571,
      "text" : "TO",
      "whiteSpace" : false
    }, {
      "id" : "s5-t1",
      "begin" : 572,
      "end" : 576,
      "text" : "HAVE",
      "whiteSpace" : false
    }, {
      "id" : "s5-t2",
      "begin" : 577,
      "end" : 580,
      "text" : "AND",
      "whiteSpace" : false
    }, {
      "id" : "s5-t3",
      "begin" : 581,
      "end" : 583,
      "text" : "TO",
      "whiteSpace" : false
    }, {
      "id" : "s5-t4",
      "begin" : 584,
      "end" : 588,
      "text" : "HOLD",
      "whiteSpace" : false
    }, {
      "id" : "s5-t5",
      "begin" : 589,
      "end" : 592,
      "text" : "the",
      "whiteSpace" : false
    }, {
      "id" : "s5-t6",
      "begin" : 593,
      "end" : 597,
      "text" : "said",
      "whiteSpace" : false
    }, {
      "id" : "s5-t7",
      "begin" : 598,
      "end" : 603,
      "text" : "tract",
      "whiteSpace" : false
    }, {
      "id" : "s5-t8",
      "begin" : 604,
      "end" : 606,
      "text" : "or",
      "whiteSpace" : false
    }, {
      "id" : "s5-t9",
      "begin" : 607,
      "end" : 613,
      "text" : "parcel",
      "whiteSpace" : false
    }, {
      "id" : "s5-t10",
      "begin" : 614,
      "end" : 616,
      "text" : "of",
      "whiteSpace" : false
    }, {
      "id" : "s5-t11",
      "begin" : 617,
      "end" : 621,
      "text" : "land",
      "whiteSpace" : false
    }, {
      "id" : "s5-t12",
      "begin" : 622,
      "end" : 626,
      "text" : "with",
      "whiteSpace" : false
    }, {
      "id" : "s5-t13",
      "begin" : 627,
      "end" : 630,
      "text" : "the",
      "whiteSpace" : false
    }, {
      "id" : "s5-t14",
      "begin" : 631,
      "end" : 644,
      "text" : "appurtenances",
      "whiteSpace" : false
    }, {
      "id" : "s5-t15",
      "begin" : 644,
      "end" : 645,
      "text" : ",",
      "whiteSpace" : false
    }, {
      "id" : "s5-t16",
      "begin" : 646,
      "end" : 652,
      "text" : "estate",
      "whiteSpace" : false
    }, {
      "id" : "s5-t17",
      "begin" : 652,
      "end" : 653,
      "text" : ",",
      "whiteSpace" : false
    }, {
      "id" : "s5-t18",
      "begin" : 654,
      "end" : 659,
      "text" : "title",
      "whiteSpace" : false
    }, {
      "id" : "s5-t19",
      "begin" : 659,
      "end" : 660,
      "text" : ",",
      "whiteSpace" : false
    }, {
      "id" : "s5-t20",
      "begin" : 661,
      "end" : 664,
      "text" : "and",
      "whiteSpace" : false
    }, {
      "id" : "s5-t21",
      "begin" : 665,
      "end" : 673,
      "text" : "interest",
      "whiteSpace" : false
    }, {
      "id" : "s5-t22",
      "begin" : 674,
      "end" : 681,
      "text" : "thereto",
      "whiteSpace" : false
    }, {
      "id" : "s5-t23",
      "begin" : 682,
      "end" : 691,
      "text" : "belonging",
      "whiteSpace" : false
    }, {
      "id" : "s5-t24",
      "begin" : 691,
      "end" : 692,
      "text" : ",",
      "whiteSpace" : false
    }, {
      "id" : "s5-t25",
      "begin" : 693,
      "end" : 695,
      "text" : "to",
      "whiteSpace" : false
    }, {
      "id" : "s5-t26",
      "begin" : 696,
      "end" : 699,
      "text" : "the",
      "whiteSpace" : false
    }, {
      "id" : "s5-t27",
      "begin" : 700,
      "end" : 704,
      "text" : "said",
      "whiteSpace" : false
    }, {
      "id" : "s5-t28",
      "begin" : 705,
      "end" : 710,
      "text" : "JAMES",
      "whiteSpace" : false
    }, {
      "id" : "s5-t29",
      "begin" : 711,
      "end" : 713,
      "text" : "W.",
      "whiteSpace" : false
    }, {
      "id" : "s5-t30",
      "begin" : 714,
      "end" : 720,
      "text" : "RUMSEY",
      "whiteSpace" : false
    }, {
      "id" : "s5-t31",
      "begin" : 721,
      "end" : 724,
      "text" : "AND",
      "whiteSpace" : false
    }, {
      "id" : "s5-t32",
      "begin" : 725,
      "end" : 729,
      "text" : "WIFE",
      "whiteSpace" : false
    }, {
      "id" : "s5-t33",
      "begin" : 729,
      "end" : 730,
      "text" : ",",
      "whiteSpace" : false
    }, {
      "id" : "s5-t34",
      "begin" : 731,
      "end" : 736,
      "text" : "BETTY",
      "whiteSpace" : false
    }, {
      "id" : "s5-t35",
      "begin" : 737,
      "end" : 740,
      "text" : "SUE",
      "whiteSpace" : false
    }, {
      "id" : "s5-t36",
      "begin" : 741,
      "end" : 747,
      "text" : "RUMSEY",
      "whiteSpace" : false
    }, {
      "id" : "s5-t37",
      "begin" : 747,
      "end" : 748,
      "text" : ",",
      "whiteSpace" : false
    }, {
      "id" : "s5-t38",
      "begin" : 749,
      "end" : 754,
      "text" : "their",
      "whiteSpace" : false
    }, {
      "id" : "s5-t39",
      "begin" : 755,
      "end" : 760,
      "text" : "heirs",
      "whiteSpace" : false
    }, {
      "id" : "s5-t40",
      "begin" : 761,
      "end" : 764,
      "text" : "and",
      "whiteSpace" : false
    }, {
      "id" : "s5-t41",
      "begin" : 765,
      "end" : 772,
      "text" : "assigns",
      "whiteSpace" : false
    }, {
      "id" : "s5-t42",
      "begin" : 772,
      "end" : 773,
      "text" : ",",
      "whiteSpace" : false
    }, {
      "id" : "s5-t43",
      "begin" : 774,
      "end" : 781,
      "text" : "forever",
      "whiteSpace" : false
    }, {
      "id" : "s5-t44",
      "begin" : 781,
      "end" : 782,
      "text" : ".",
      "whiteSpace" : false
    } ]
  }, {
    "id" : "s6",
    "begin" : 783,
    "end" : 952,
    "text" : "And I do covenant with the said JAMES W. RUMSEY AND WIFE, BETTY SUE RUMSEY that I am lawfully seized and possessed of said undivided interest in said land in Fee Simple;",
    "tokens" : [ {
      "id" : "s6-t0",
      "begin" : 783,
      "end" : 786,
      "text" : "And",
      "whiteSpace" : false
    }, {
      "id" : "s6-t1",
      "begin" : 787,
      "end" : 788,
      "text" : "I",
      "whiteSpace" : false
    }, {
      "id" : "s6-t2",
      "begin" : 789,
      "end" : 791,
      "text" : "do",
      "whiteSpace" : false
    }, {
      "id" : "s6-t3",
      "begin" : 792,
      "end" : 800,
      "text" : "covenant",
      "whiteSpace" : false
    }, {
      "id" : "s6-t4",
      "begin" : 801,
      "end" : 805,
      "text" : "with",
      "whiteSpace" : false
    }, {
      "id" : "s6-t5",
      "begin" : 806,
      "end" : 809,
      "text" : "the",
      "whiteSpace" : false
    }, {
      "id" : "s6-t6",
      "begin" : 810,
      "end" : 814,
      "text" : "said",
      "whiteSpace" : false
    }, {
      "id" : "s6-t7",
      "begin" : 815,
      "end" : 820,
      "text" : "JAMES",
      "whiteSpace" : false
    }, {
      "id" : "s6-t8",
      "begin" : 821,
      "end" : 823,
      "text" : "W.",
      "whiteSpace" : false
    }, {
      "id" : "s6-t9",
      "begin" : 824,
      "end" : 830,
      "text" : "RUMSEY",
      "whiteSpace" : false
    }, {
      "id" : "s6-t10",
      "begin" : 831,
      "end" : 834,
      "text" : "AND",
      "whiteSpace" : false
    }, {
      "id" : "s6-t11",
      "begin" : 835,
      "end" : 839,
      "text" : "WIFE",
      "whiteSpace" : false
    }, {
      "id" : "s6-t12",
      "begin" : 839,
      "end" : 840,
      "text" : ",",
      "whiteSpace" : false
    }, {
      "id" : "s6-t13",
      "begin" : 841,
      "end" : 846,
      "text" : "BETTY",
      "whiteSpace" : false
    }, {
      "id" : "s6-t14",
      "begin" : 847,
      "end" : 850,
      "text" : "SUE",
      "whiteSpace" : false
    }, {
      "id" : "s6-t15",
      "begin" : 851,
      "end" : 857,
      "text" : "RUMSEY",
      "whiteSpace" : false
    }, {
      "id" : "s6-t16",
      "begin" : 858,
      "end" : 862,
      "text" : "that",
      "whiteSpace" : false
    }, {
      "id" : "s6-t17",
      "begin" : 863,
      "end" : 864,
      "text" : "I",
      "whiteSpace" : false
    }, {
      "id" : "s6-t18",
      "begin" : 865,
      "end" : 867,
      "text" : "am",
      "whiteSpace" : false
    }, {
      "id" : "s6-t19",
      "begin" : 868,
      "end" : 876,
      "text" : "lawfully",
      "whiteSpace" : false
    }, {
      "id" : "s6-t20",
      "begin" : 877,
      "end" : 883,
      "text" : "seized",
      "whiteSpace" : false
    }, {
      "id" : "s6-t21",
      "begin" : 884,
      "end" : 887,
      "text" : "and",
      "whiteSpace" : false
    }, {
      "id" : "s6-t22",
      "begin" : 888,
      "end" : 897,
      "text" : "possessed",
      "whiteSpace" : false
    }, {
      "id" : "s6-t23",
      "begin" : 898,
      "end" : 900,
      "text" : "of",
      "whiteSpace" : false
    }, {
      "id" : "s6-t24",
      "begin" : 901,
      "end" : 905,
      "text" : "said",
      "whiteSpace" : false
    }, {
      "id" : "s6-t25",
      "begin" : 906,
      "end" : 915,
      "text" : "undivided",
      "whiteSpace" : false
    }, {
      "id" : "s6-t26",
      "begin" : 916,
      "end" : 924,
      "text" : "interest",
      "whiteSpace" : false
    }, {
      "id" : "s6-t27",
      "begin" : 925,
      "end" : 927,
      "text" : "in",
      "whiteSpace" : false
    }, {
      "id" : "s6-t28",
      "begin" : 928,
      "end" : 932,
      "text" : "said",
      "whiteSpace" : false
    }, {
      "id" : "s6-t29",
      "begin" : 933,
      "end" : 937,
      "text" : "land",
      "whiteSpace" : false
    }, {
      "id" : "s6-t30",
      "begin" : 938,
      "end" : 940,
      "text" : "in",
      "whiteSpace" : false
    }, {
      "id" : "s6-t31",
      "begin" : 941,
      "end" : 944,
      "text" : "Fee",
      "whiteSpace" : false
    }, {
      "id" : "s6-t32",
      "begin" : 945,
      "end" : 951,
      "text" : "Simple",
      "whiteSpace" : false
    }, {
      "id" : "s6-t33",
      "begin" : 951,
      "end" : 952,
      "text" : ";",
      "whiteSpace" : false
    } ]
  } ],
  "mentions" : [ {
    "id" : "s2-m5",
    "properties" : {
      "SIRE_MENTION_ROLE" : "WarrDeedBookNum",
      "SIRE_ENTITY_SUBTYPE" : "NONE",
      "SIRE_MENTION_TYPE" : "NONE",
      "SIRE_MENTION_CLASS" : "SPC"
    },
    "type" : "WarrDeedBookNum",
    "begin" : 269,
    "end" : 272,
    "inCoref" : false
  }, {
    "id" : "s2-m6",
    "properties" : {
      "SIRE_MENTION_ROLE" : "WarrDeedPageNum",
      "SIRE_ENTITY_SUBTYPE" : "NONE",
      "SIRE_MENTION_TYPE" : "NONE",
      "SIRE_MENTION_CLASS" : "SPC"
    },
    "type" : "WarrDeedPageNum",
    "begin" : 279,
    "end" : 282,
    "inCoref" : false
  }, {
    "id" : "s3-m1",
    "properties" : {
      "SIRE_MENTION_ROLE" : "WarrDeedBookNum",
      "SIRE_ENTITY_SUBTYPE" : "NONE",
      "SIRE_MENTION_TYPE" : "NONE",
      "SIRE_MENTION_CLASS" : "SPC"
    },
    "type" : "WarrDeedBookNum",
    "begin" : 503,
    "end" : 506,
    "inCoref" : false
  }, {
    "id" : "s3-m2",
    "properties" : {
      "SIRE_MENTION_ROLE" : "WarrDeedPageNum",
      "SIRE_ENTITY_SUBTYPE" : "NONE",
      "SIRE_MENTION_TYPE" : "NONE",
      "SIRE_MENTION_CLASS" : "SPC"
    },
    "type" : "WarrDeedPageNum",
    "begin" : 513,
    "end" : 517,
    "inCoref" : false
  } ],
  "relations" : [ ],
  "corefs" : [ ],
  "typeResolved" : true,
  "userResolved" : false
}