{
  "id" : "acc7bbe0-54dc-11e9-8cbd-5f0b935e8fdd-1",
  "name" : "WD172-1.txt",
  "createdDate" : 1554164237982,
  "version" : 3,
  "text" : "Beginning, northwest corner of record in Deed Book 117, Page 313, Register's Office of Humphreys County, Tennessee; thence 0?? 41??? 46 \" E 121.41 feet to a placed iron pin at Wilson Rourk and Kathy Ross??? southwest corner;, Rourk and Ross' south boundary S 85?? 27??? 46 \" E 339.47 feet to a placed iron pin at a southeast corner of Rourk and Ross;, feet to a placed iron pin at Herschel Ross' northeast corner;, 296.00 feet to the point of beginning containing an area of 0.88 acres by calculation., Survey on May 21, 1997., Being a portion of the property conveyed to Wilson Rourk and Kathy Ross by deed recorded in Deed Book 169, page 924, Register's Office of Humphreys County, Tennessee.]\n",
  "docLength" : 0,
  "language" : "EN",
  "status" : "SUBMITTED",
  "modifiedDate" : 1554164943258,
  "documentSet" : [ ],
  "preannotation" : [ ],
  "sentences" : [ {
    "id" : "s0",
    "begin" : 0,
    "end" : 126,
    "text" : "Beginning, northwest corner of record in Deed Book 117, Page 313, Register's Office of Humphreys County, Tennessee; thence 0??",
    "tokens" : [ {
      "id" : "s0-t0",
      "begin" : 0,
      "end" : 9,
      "text" : "Beginning",
      "whiteSpace" : false
    }, {
      "id" : "s0-t1",
      "begin" : 9,
      "end" : 10,
      "text" : ",",
      "whiteSpace" : false
    }, {
      "id" : "s0-t2",
      "begin" : 11,
      "end" : 20,
      "text" : "northwest",
      "whiteSpace" : false
    }, {
      "id" : "s0-t3",
      "begin" : 21,
      "end" : 27,
      "text" : "corner",
      "whiteSpace" : false
    }, {
      "id" : "s0-t4",
      "begin" : 28,
      "end" : 30,
      "text" : "of",
      "whiteSpace" : false
    }, {
      "id" : "s0-t5",
      "begin" : 31,
      "end" : 37,
      "text" : "record",
      "whiteSpace" : false
    }, {
      "id" : "s0-t6",
      "begin" : 38,
      "end" : 40,
      "text" : "in",
      "whiteSpace" : false
    }, {
      "id" : "s0-t7",
      "begin" : 41,
      "end" : 45,
      "text" : "Deed",
      "whiteSpace" : false
    }, {
      "id" : "s0-t8",
      "begin" : 46,
      "end" : 50,
      "text" : "Book",
      "whiteSpace" : false
    }, {
      "id" : "s0-t9",
      "begin" : 51,
      "end" : 54,
      "text" : "117",
      "whiteSpace" : false
    }, {
      "id" : "s0-t10",
      "begin" : 54,
      "end" : 55,
      "text" : ",",
      "whiteSpace" : false
    }, {
      "id" : "s0-t11",
      "begin" : 56,
      "end" : 60,
      "text" : "Page",
      "whiteSpace" : false
    }, {
      "id" : "s0-t12",
      "begin" : 61,
      "end" : 64,
      "text" : "313",
      "whiteSpace" : false
    }, {
      "id" : "s0-t13",
      "begin" : 64,
      "end" : 65,
      "text" : ",",
      "whiteSpace" : false
    }, {
      "id" : "s0-t14",
      "begin" : 66,
      "end" : 74,
      "text" : "Register",
      "whiteSpace" : false
    }, {
      "id" : "s0-t15",
      "begin" : 74,
      "end" : 76,
      "text" : "'s",
      "whiteSpace" : false
    }, {
      "id" : "s0-t16",
      "begin" : 77,
      "end" : 83,
      "text" : "Office",
      "whiteSpace" : false
    }, {
      "id" : "s0-t17",
      "begin" : 84,
      "end" : 86,
      "text" : "of",
      "whiteSpace" : false
    }, {
      "id" : "s0-t18",
      "begin" : 87,
      "end" : 96,
      "text" : "Humphreys",
      "whiteSpace" : false
    }, {
      "id" : "s0-t19",
      "begin" : 97,
      "end" : 103,
      "text" : "County",
      "whiteSpace" : false
    }, {
      "id" : "s0-t20",
      "begin" : 103,
      "end" : 104,
      "text" : ",",
      "whiteSpace" : false
    }, {
      "id" : "s0-t21",
      "begin" : 105,
      "end" : 114,
      "text" : "Tennessee",
      "whiteSpace" : false
    }, {
      "id" : "s0-t22",
      "begin" : 114,
      "end" : 115,
      "text" : ";",
      "whiteSpace" : false
    }, {
      "id" : "s0-t23",
      "begin" : 116,
      "end" : 122,
      "text" : "thence",
      "whiteSpace" : false
    }, {
      "id" : "s0-t24",
      "begin" : 123,
      "end" : 124,
      "text" : "0",
      "whiteSpace" : false
    }, {
      "id" : "s0-t25",
      "begin" : 124,
      "end" : 125,
      "text" : "?",
      "whiteSpace" : false
    }, {
      "id" : "s0-t26",
      "begin" : 125,
      "end" : 126,
      "text" : "?",
      "whiteSpace" : false
    } ]
  }, {
    "id" : "s1",
    "begin" : 127,
    "end" : 132,
    "text" : "41???",
    "tokens" : [ {
      "id" : "s1-t0",
      "begin" : 127,
      "end" : 130,
      "text" : "41?",
      "whiteSpace" : false
    }, {
      "id" : "s1-t1",
      "begin" : 130,
      "end" : 131,
      "text" : "?",
      "whiteSpace" : false
    }, {
      "id" : "s1-t2",
      "begin" : 131,
      "end" : 132,
      "text" : "?",
      "whiteSpace" : false
    } ]
  }, {
    "id" : "s2",
    "begin" : 133,
    "end" : 204,
    "text" : "46 \" E 121.41 feet to a placed iron pin at Wilson Rourk and Kathy Ross?",
    "tokens" : [ {
      "id" : "s2-t0",
      "begin" : 133,
      "end" : 135,
      "text" : "46",
      "whiteSpace" : false
    }, {
      "id" : "s2-t1",
      "begin" : 136,
      "end" : 137,
      "text" : "\"",
      "whiteSpace" : false
    }, {
      "id" : "s2-t2",
      "begin" : 138,
      "end" : 139,
      "text" : "E",
      "whiteSpace" : false
    }, {
      "id" : "s2-t3",
      "begin" : 140,
      "end" : 146,
      "text" : "121.41",
      "whiteSpace" : false
    }, {
      "id" : "s2-t4",
      "begin" : 147,
      "end" : 151,
      "text" : "feet",
      "whiteSpace" : false
    }, {
      "id" : "s2-t5",
      "begin" : 152,
      "end" : 154,
      "text" : "to",
      "whiteSpace" : false
    }, {
      "id" : "s2-t6",
      "begin" : 155,
      "end" : 156,
      "text" : "a",
      "whiteSpace" : false
    }, {
      "id" : "s2-t7",
      "begin" : 157,
      "end" : 163,
      "text" : "placed",
      "whiteSpace" : false
    }, {
      "id" : "s2-t8",
      "begin" : 164,
      "end" : 168,
      "text" : "iron",
      "whiteSpace" : false
    }, {
      "id" : "s2-t9",
      "begin" : 169,
      "end" : 172,
      "text" : "pin",
      "whiteSpace" : false
    }, {
      "id" : "s2-t10",
      "begin" : 173,
      "end" : 175,
      "text" : "at",
      "whiteSpace" : false
    }, {
      "id" : "s2-t11",
      "begin" : 176,
      "end" : 182,
      "text" : "Wilson",
      "whiteSpace" : false
    }, {
      "id" : "s2-t12",
      "begin" : 183,
      "end" : 188,
      "text" : "Rourk",
      "whiteSpace" : false
    }, {
      "id" : "s2-t13",
      "begin" : 189,
      "end" : 192,
      "text" : "and",
      "whiteSpace" : false
    }, {
      "id" : "s2-t14",
      "begin" : 193,
      "end" : 198,
      "text" : "Kathy",
      "whiteSpace" : false
    }, {
      "id" : "s2-t15",
      "begin" : 199,
      "end" : 203,
      "text" : "Ross",
      "whiteSpace" : false
    }, {
      "id" : "s2-t16",
      "begin" : 203,
      "end" : 204,
      "text" : "?",
      "whiteSpace" : false
    } ]
  }, {
    "id" : "s3",
    "begin" : 204,
    "end" : 206,
    "text" : "??",
    "tokens" : [ {
      "id" : "s3-t0",
      "begin" : 204,
      "end" : 205,
      "text" : "?",
      "whiteSpace" : false
    }, {
      "id" : "s3-t1",
      "begin" : 205,
      "end" : 206,
      "text" : "?",
      "whiteSpace" : false
    } ]
  }, {
    "id" : "s4",
    "begin" : 207,
    "end" : 263,
    "text" : "southwest corner;, Rourk and Ross' south boundary S 85??",
    "tokens" : [ {
      "id" : "s4-t0",
      "begin" : 207,
      "end" : 216,
      "text" : "southwest",
      "whiteSpace" : false
    }, {
      "id" : "s4-t1",
      "begin" : 217,
      "end" : 223,
      "text" : "corner",
      "whiteSpace" : false
    }, {
      "id" : "s4-t2",
      "begin" : 223,
      "end" : 224,
      "text" : ";",
      "whiteSpace" : false
    }, {
      "id" : "s4-t3",
      "begin" : 224,
      "end" : 225,
      "text" : ",",
      "whiteSpace" : false
    }, {
      "id" : "s4-t4",
      "begin" : 226,
      "end" : 231,
      "text" : "Rourk",
      "whiteSpace" : false
    }, {
      "id" : "s4-t5",
      "begin" : 232,
      "end" : 235,
      "text" : "and",
      "whiteSpace" : false
    }, {
      "id" : "s4-t6",
      "begin" : 236,
      "end" : 240,
      "text" : "Ross",
      "whiteSpace" : false
    }, {
      "id" : "s4-t7",
      "begin" : 240,
      "end" : 241,
      "text" : "'",
      "whiteSpace" : false
    }, {
      "id" : "s4-t8",
      "begin" : 242,
      "end" : 247,
      "text" : "south",
      "whiteSpace" : false
    }, {
      "id" : "s4-t9",
      "begin" : 248,
      "end" : 256,
      "text" : "boundary",
      "whiteSpace" : false
    }, {
      "id" : "s4-t10",
      "begin" : 257,
      "end" : 258,
      "text" : "S",
      "whiteSpace" : false
    }, {
      "id" : "s4-t11",
      "begin" : 259,
      "end" : 261,
      "text" : "85",
      "whiteSpace" : false
    }, {
      "id" : "s4-t12",
      "begin" : 261,
      "end" : 262,
      "text" : "?",
      "whiteSpace" : false
    }, {
      "id" : "s4-t13",
      "begin" : 262,
      "end" : 263,
      "text" : "?",
      "whiteSpace" : false
    } ]
  }, {
    "id" : "s5",
    "begin" : 264,
    "end" : 269,
    "text" : "27???",
    "tokens" : [ {
      "id" : "s5-t0",
      "begin" : 264,
      "end" : 266,
      "text" : "27",
      "whiteSpace" : false
    }, {
      "id" : "s5-t1",
      "begin" : 266,
      "end" : 268,
      "text" : "??",
      "whiteSpace" : false
    }, {
      "id" : "s5-t2",
      "begin" : 268,
      "end" : 269,
      "text" : "?",
      "whiteSpace" : false
    } ]
  }, {
    "id" : "s6",
    "begin" : 270,
    "end" : 695,
    "text" : "46 \" E 339.47 feet to a placed iron pin at a southeast corner of Rourk and Ross;, feet to a placed iron pin at Herschel Ross' northeast corner;, 296.00 feet to the point of beginning containing an area of 0.88 acres by calculation., Survey on May 21, 1997., Being a portion of the property conveyed to Wilson Rourk and Kathy Ross by deed recorded in Deed Book 169, page 924, Register's Office of Humphreys County, Tennessee.]",
    "tokens" : [ {
      "id" : "s6-t0",
      "begin" : 270,
      "end" : 272,
      "text" : "46",
      "whiteSpace" : false
    }, {
      "id" : "s6-t1",
      "begin" : 273,
      "end" : 274,
      "text" : "\"",
      "whiteSpace" : false
    }, {
      "id" : "s6-t2",
      "begin" : 275,
      "end" : 276,
      "text" : "E",
      "whiteSpace" : false
    }, {
      "id" : "s6-t3",
      "begin" : 277,
      "end" : 283,
      "text" : "339.47",
      "whiteSpace" : false
    }, {
      "id" : "s6-t4",
      "begin" : 284,
      "end" : 288,
      "text" : "feet",
      "whiteSpace" : false
    }, {
      "id" : "s6-t5",
      "begin" : 289,
      "end" : 291,
      "text" : "to",
      "whiteSpace" : false
    }, {
      "id" : "s6-t6",
      "begin" : 292,
      "end" : 293,
      "text" : "a",
      "whiteSpace" : false
    }, {
      "id" : "s6-t7",
      "begin" : 294,
      "end" : 300,
      "text" : "placed",
      "whiteSpace" : false
    }, {
      "id" : "s6-t8",
      "begin" : 301,
      "end" : 305,
      "text" : "iron",
      "whiteSpace" : false
    }, {
      "id" : "s6-t9",
      "begin" : 306,
      "end" : 309,
      "text" : "pin",
      "whiteSpace" : false
    }, {
      "id" : "s6-t10",
      "begin" : 310,
      "end" : 312,
      "text" : "at",
      "whiteSpace" : false
    }, {
      "id" : "s6-t11",
      "begin" : 313,
      "end" : 314,
      "text" : "a",
      "whiteSpace" : false
    }, {
      "id" : "s6-t12",
      "begin" : 315,
      "end" : 324,
      "text" : "southeast",
      "whiteSpace" : false
    }, {
      "id" : "s6-t13",
      "begin" : 325,
      "end" : 331,
      "text" : "corner",
      "whiteSpace" : false
    }, {
      "id" : "s6-t14",
      "begin" : 332,
      "end" : 334,
      "text" : "of",
      "whiteSpace" : false
    }, {
      "id" : "s6-t15",
      "begin" : 335,
      "end" : 340,
      "text" : "Rourk",
      "whiteSpace" : false
    }, {
      "id" : "s6-t16",
      "begin" : 341,
      "end" : 344,
      "text" : "and",
      "whiteSpace" : false
    }, {
      "id" : "s6-t17",
      "begin" : 345,
      "end" : 349,
      "text" : "Ross",
      "whiteSpace" : false
    }, {
      "id" : "s6-t18",
      "begin" : 349,
      "end" : 350,
      "text" : ";",
      "whiteSpace" : false
    }, {
      "id" : "s6-t19",
      "begin" : 350,
      "end" : 351,
      "text" : ",",
      "whiteSpace" : false
    }, {
      "id" : "s6-t20",
      "begin" : 352,
      "end" : 356,
      "text" : "feet",
      "whiteSpace" : false
    }, {
      "id" : "s6-t21",
      "begin" : 357,
      "end" : 359,
      "text" : "to",
      "whiteSpace" : false
    }, {
      "id" : "s6-t22",
      "begin" : 360,
      "end" : 361,
      "text" : "a",
      "whiteSpace" : false
    }, {
      "id" : "s6-t23",
      "begin" : 362,
      "end" : 368,
      "text" : "placed",
      "whiteSpace" : false
    }, {
      "id" : "s6-t24",
      "begin" : 369,
      "end" : 373,
      "text" : "iron",
      "whiteSpace" : false
    }, {
      "id" : "s6-t25",
      "begin" : 374,
      "end" : 377,
      "text" : "pin",
      "whiteSpace" : false
    }, {
      "id" : "s6-t26",
      "begin" : 378,
      "end" : 380,
      "text" : "at",
      "whiteSpace" : false
    }, {
      "id" : "s6-t27",
      "begin" : 381,
      "end" : 389,
      "text" : "Herschel",
      "whiteSpace" : false
    }, {
      "id" : "s6-t28",
      "begin" : 390,
      "end" : 394,
      "text" : "Ross",
      "whiteSpace" : false
    }, {
      "id" : "s6-t29",
      "begin" : 394,
      "end" : 395,
      "text" : "'",
      "whiteSpace" : false
    }, {
      "id" : "s6-t30",
      "begin" : 396,
      "end" : 405,
      "text" : "northeast",
      "whiteSpace" : false
    }, {
      "id" : "s6-t31",
      "begin" : 406,
      "end" : 412,
      "text" : "corner",
      "whiteSpace" : false
    }, {
      "id" : "s6-t32",
      "begin" : 412,
      "end" : 413,
      "text" : ";",
      "whiteSpace" : false
    }, {
      "id" : "s6-t33",
      "begin" : 413,
      "end" : 414,
      "text" : ",",
      "whiteSpace" : false
    }, {
      "id" : "s6-t34",
      "begin" : 415,
      "end" : 421,
      "text" : "296.00",
      "whiteSpace" : false
    }, {
      "id" : "s6-t35",
      "begin" : 422,
      "end" : 426,
      "text" : "feet",
      "whiteSpace" : false
    }, {
      "id" : "s6-t36",
      "begin" : 427,
      "end" : 429,
      "text" : "to",
      "whiteSpace" : false
    }, {
      "id" : "s6-t37",
      "begin" : 430,
      "end" : 433,
      "text" : "the",
      "whiteSpace" : false
    }, {
      "id" : "s6-t38",
      "begin" : 434,
      "end" : 439,
      "text" : "point",
      "whiteSpace" : false
    }, {
      "id" : "s6-t39",
      "begin" : 440,
      "end" : 442,
      "text" : "of",
      "whiteSpace" : false
    }, {
      "id" : "s6-t40",
      "begin" : 443,
      "end" : 452,
      "text" : "beginning",
      "whiteSpace" : false
    }, {
      "id" : "s6-t41",
      "begin" : 453,
      "end" : 463,
      "text" : "containing",
      "whiteSpace" : false
    }, {
      "id" : "s6-t42",
      "begin" : 464,
      "end" : 466,
      "text" : "an",
      "whiteSpace" : false
    }, {
      "id" : "s6-t43",
      "begin" : 467,
      "end" : 471,
      "text" : "area",
      "whiteSpace" : false
    }, {
      "id" : "s6-t44",
      "begin" : 472,
      "end" : 474,
      "text" : "of",
      "whiteSpace" : false
    }, {
      "id" : "s6-t45",
      "begin" : 475,
      "end" : 479,
      "text" : "0.88",
      "whiteSpace" : false
    }, {
      "id" : "s6-t46",
      "begin" : 480,
      "end" : 485,
      "text" : "acres",
      "whiteSpace" : false
    }, {
      "id" : "s6-t47",
      "begin" : 486,
      "end" : 488,
      "text" : "by",
      "whiteSpace" : false
    }, {
      "id" : "s6-t48",
      "begin" : 489,
      "end" : 501,
      "text" : "calculation.",
      "whiteSpace" : false
    }, {
      "id" : "s6-t49",
      "begin" : 501,
      "end" : 502,
      "text" : ",",
      "whiteSpace" : false
    }, {
      "id" : "s6-t50",
      "begin" : 503,
      "end" : 509,
      "text" : "Survey",
      "whiteSpace" : false
    }, {
      "id" : "s6-t51",
      "begin" : 510,
      "end" : 512,
      "text" : "on",
      "whiteSpace" : false
    }, {
      "id" : "s6-t52",
      "begin" : 513,
      "end" : 516,
      "text" : "May",
      "whiteSpace" : false
    }, {
      "id" : "s6-t53",
      "begin" : 517,
      "end" : 519,
      "text" : "21",
      "whiteSpace" : false
    }, {
      "id" : "s6-t54",
      "begin" : 519,
      "end" : 520,
      "text" : ",",
      "whiteSpace" : false
    }, {
      "id" : "s6-t55",
      "begin" : 521,
      "end" : 525,
      "text" : "1997",
      "whiteSpace" : false
    }, {
      "id" : "s6-t56",
      "begin" : 525,
      "end" : 526,
      "text" : ".",
      "whiteSpace" : false
    }, {
      "id" : "s6-t57",
      "begin" : 526,
      "end" : 527,
      "text" : ",",
      "whiteSpace" : false
    }, {
      "id" : "s6-t58",
      "begin" : 528,
      "end" : 533,
      "text" : "Being",
      "whiteSpace" : false
    }, {
      "id" : "s6-t59",
      "begin" : 534,
      "end" : 535,
      "text" : "a",
      "whiteSpace" : false
    }, {
      "id" : "s6-t60",
      "begin" : 536,
      "end" : 543,
      "text" : "portion",
      "whiteSpace" : false
    }, {
      "id" : "s6-t61",
      "begin" : 544,
      "end" : 546,
      "text" : "of",
      "whiteSpace" : false
    }, {
      "id" : "s6-t62",
      "begin" : 547,
      "end" : 550,
      "text" : "the",
      "whiteSpace" : false
    }, {
      "id" : "s6-t63",
      "begin" : 551,
      "end" : 559,
      "text" : "property",
      "whiteSpace" : false
    }, {
      "id" : "s6-t64",
      "begin" : 560,
      "end" : 568,
      "text" : "conveyed",
      "whiteSpace" : false
    }, {
      "id" : "s6-t65",
      "begin" : 569,
      "end" : 571,
      "text" : "to",
      "whiteSpace" : false
    }, {
      "id" : "s6-t66",
      "begin" : 572,
      "end" : 578,
      "text" : "Wilson",
      "whiteSpace" : false
    }, {
      "id" : "s6-t67",
      "begin" : 579,
      "end" : 584,
      "text" : "Rourk",
      "whiteSpace" : false
    }, {
      "id" : "s6-t68",
      "begin" : 585,
      "end" : 588,
      "text" : "and",
      "whiteSpace" : false
    }, {
      "id" : "s6-t69",
      "begin" : 589,
      "end" : 594,
      "text" : "Kathy",
      "whiteSpace" : false
    }, {
      "id" : "s6-t70",
      "begin" : 595,
      "end" : 599,
      "text" : "Ross",
      "whiteSpace" : false
    }, {
      "id" : "s6-t71",
      "begin" : 600,
      "end" : 602,
      "text" : "by",
      "whiteSpace" : false
    }, {
      "id" : "s6-t72",
      "begin" : 603,
      "end" : 607,
      "text" : "deed",
      "whiteSpace" : false
    }, {
      "id" : "s6-t73",
      "begin" : 608,
      "end" : 616,
      "text" : "recorded",
      "whiteSpace" : false
    }, {
      "id" : "s6-t74",
      "begin" : 617,
      "end" : 619,
      "text" : "in",
      "whiteSpace" : false
    }, {
      "id" : "s6-t75",
      "begin" : 620,
      "end" : 624,
      "text" : "Deed",
      "whiteSpace" : false
    }, {
      "id" : "s6-t76",
      "begin" : 625,
      "end" : 629,
      "text" : "Book",
      "whiteSpace" : false
    }, {
      "id" : "s6-t77",
      "begin" : 630,
      "end" : 633,
      "text" : "169",
      "whiteSpace" : false
    }, {
      "id" : "s6-t78",
      "begin" : 633,
      "end" : 634,
      "text" : ",",
      "whiteSpace" : false
    }, {
      "id" : "s6-t79",
      "begin" : 635,
      "end" : 639,
      "text" : "page",
      "whiteSpace" : false
    }, {
      "id" : "s6-t80",
      "begin" : 640,
      "end" : 643,
      "text" : "924",
      "whiteSpace" : false
    }, {
      "id" : "s6-t81",
      "begin" : 643,
      "end" : 644,
      "text" : ",",
      "whiteSpace" : false
    }, {
      "id" : "s6-t82",
      "begin" : 645,
      "end" : 653,
      "text" : "Register",
      "whiteSpace" : false
    }, {
      "id" : "s6-t83",
      "begin" : 653,
      "end" : 655,
      "text" : "'s",
      "whiteSpace" : false
    }, {
      "id" : "s6-t84",
      "begin" : 656,
      "end" : 662,
      "text" : "Office",
      "whiteSpace" : false
    }, {
      "id" : "s6-t85",
      "begin" : 663,
      "end" : 665,
      "text" : "of",
      "whiteSpace" : false
    }, {
      "id" : "s6-t86",
      "begin" : 666,
      "end" : 675,
      "text" : "Humphreys",
      "whiteSpace" : false
    }, {
      "id" : "s6-t87",
      "begin" : 676,
      "end" : 682,
      "text" : "County",
      "whiteSpace" : false
    }, {
      "id" : "s6-t88",
      "begin" : 682,
      "end" : 683,
      "text" : ",",
      "whiteSpace" : false
    }, {
      "id" : "s6-t89",
      "begin" : 684,
      "end" : 693,
      "text" : "Tennessee",
      "whiteSpace" : false
    }, {
      "id" : "s6-t90",
      "begin" : 693,
      "end" : 694,
      "text" : ".",
      "whiteSpace" : false
    }, {
      "id" : "s6-t91",
      "begin" : 694,
      "end" : 695,
      "text" : "]",
      "whiteSpace" : false
    } ]
  } ],
  "mentions" : [ {
    "id" : "s6-m1",
    "properties" : {
      "SIRE_MENTION_ROLE" : "WarrDeedBookNum",
      "SIRE_ENTITY_SUBTYPE" : "NONE",
      "SIRE_MENTION_TYPE" : "NONE",
      "SIRE_MENTION_CLASS" : "SPC"
    },
    "type" : "WarrDeedBookNum",
    "begin" : 630,
    "end" : 633,
    "inCoref" : false
  }, {
    "id" : "s6-m2",
    "properties" : {
      "SIRE_MENTION_ROLE" : "WarrDeedPageNum",
      "SIRE_ENTITY_SUBTYPE" : "NONE",
      "SIRE_MENTION_TYPE" : "NONE",
      "SIRE_MENTION_CLASS" : "SPC"
    },
    "type" : "WarrDeedPageNum",
    "begin" : 640,
    "end" : 643,
    "inCoref" : false
  } ],
  "relations" : [ ],
  "corefs" : [ ],
  "typeResolved" : true,
  "userResolved" : false
}