{
  "id" : "acc7bbe0-54dc-11e9-8cbd-5f0b935e8fdd-6",
  "name" : "WD173-11.txt",
  "createdDate" : 1554164237982,
  "version" : 3,
  "text" : "being a northeast corner of Tract #9; thence S 82 deg. 45' E with Long???s line 427.1 ft. To an iron. pin, the same being??? a northwest inside corner of the Long property; thence with Long???s line S 3 deg. 30' W passing an Iron pin at 42.0 ft. On in all 72.0 ft. To a point in the center of Old Highway #70, the same being a southwest corner of the Long property; thence with road S 72 deg. 45' W 366.0 ft. To the beginning containing 1.38 acres. BEING a portion of the same property conveyed to grantors herein by instrument of record at Deed Book 169, page 1254, Register's Office, Humphreys County, Tennessee. BESIRIQIlQNS_R_QQEENAKT$_BHNNIHQ_KIIBLLBND The foregoing property and this conveyance is made further subject to the following restrictions and covenants which shall run with the land and which shall be binding on the grantees, their heirs and assigns, and all persons claiming under them, for a period of twenty-five (25) years from the date hereof, to-wit: 1.) The property shall be used for residential ",
  "docLength" : 0,
  "language" : "EN",
  "status" : "SUBMITTED",
  "modifiedDate" : 1554165116563,
  "documentSet" : [ ],
  "preannotation" : [ ],
  "sentences" : [ {
    "id" : "s0",
    "begin" : 0,
    "end" : 54,
    "text" : "being a northeast corner of Tract #9; thence S 82 deg.",
    "tokens" : [ {
      "id" : "s0-t0",
      "begin" : 0,
      "end" : 5,
      "text" : "being",
      "whiteSpace" : false
    }, {
      "id" : "s0-t1",
      "begin" : 6,
      "end" : 7,
      "text" : "a",
      "whiteSpace" : false
    }, {
      "id" : "s0-t2",
      "begin" : 8,
      "end" : 17,
      "text" : "northeast",
      "whiteSpace" : false
    }, {
      "id" : "s0-t3",
      "begin" : 18,
      "end" : 24,
      "text" : "corner",
      "whiteSpace" : false
    }, {
      "id" : "s0-t4",
      "begin" : 25,
      "end" : 27,
      "text" : "of",
      "whiteSpace" : false
    }, {
      "id" : "s0-t5",
      "begin" : 28,
      "end" : 33,
      "text" : "Tract",
      "whiteSpace" : false
    }, {
      "id" : "s0-t6",
      "begin" : 34,
      "end" : 36,
      "text" : "#9",
      "whiteSpace" : false
    }, {
      "id" : "s0-t7",
      "begin" : 36,
      "end" : 37,
      "text" : ";",
      "whiteSpace" : false
    }, {
      "id" : "s0-t8",
      "begin" : 38,
      "end" : 44,
      "text" : "thence",
      "whiteSpace" : false
    }, {
      "id" : "s0-t9",
      "begin" : 45,
      "end" : 46,
      "text" : "S",
      "whiteSpace" : false
    }, {
      "id" : "s0-t10",
      "begin" : 47,
      "end" : 49,
      "text" : "82",
      "whiteSpace" : false
    }, {
      "id" : "s0-t11",
      "begin" : 50,
      "end" : 53,
      "text" : "deg",
      "whiteSpace" : false
    }, {
      "id" : "s0-t12",
      "begin" : 53,
      "end" : 54,
      "text" : ".",
      "whiteSpace" : false
    } ]
  }, {
    "id" : "s1",
    "begin" : 55,
    "end" : 71,
    "text" : "45' E with Long?",
    "tokens" : [ {
      "id" : "s1-t0",
      "begin" : 55,
      "end" : 57,
      "text" : "45",
      "whiteSpace" : false
    }, {
      "id" : "s1-t1",
      "begin" : 57,
      "end" : 58,
      "text" : "'",
      "whiteSpace" : false
    }, {
      "id" : "s1-t2",
      "begin" : 59,
      "end" : 60,
      "text" : "E",
      "whiteSpace" : false
    }, {
      "id" : "s1-t3",
      "begin" : 61,
      "end" : 65,
      "text" : "with",
      "whiteSpace" : false
    }, {
      "id" : "s1-t4",
      "begin" : 66,
      "end" : 70,
      "text" : "Long",
      "whiteSpace" : false
    }, {
      "id" : "s1-t5",
      "begin" : 70,
      "end" : 71,
      "text" : "?",
      "whiteSpace" : false
    } ]
  }, {
    "id" : "s2",
    "begin" : 71,
    "end" : 101,
    "text" : "??s line 427.1 ft. To an iron.",
    "tokens" : [ {
      "id" : "s2-t0",
      "begin" : 71,
      "end" : 74,
      "text" : "??s",
      "whiteSpace" : false
    }, {
      "id" : "s2-t1",
      "begin" : 75,
      "end" : 79,
      "text" : "line",
      "whiteSpace" : false
    }, {
      "id" : "s2-t2",
      "begin" : 80,
      "end" : 85,
      "text" : "427.1",
      "whiteSpace" : false
    }, {
      "id" : "s2-t3",
      "begin" : 86,
      "end" : 89,
      "text" : "ft.",
      "whiteSpace" : false
    }, {
      "id" : "s2-t4",
      "begin" : 90,
      "end" : 92,
      "text" : "To",
      "whiteSpace" : false
    }, {
      "id" : "s2-t5",
      "begin" : 93,
      "end" : 95,
      "text" : "an",
      "whiteSpace" : false
    }, {
      "id" : "s2-t6",
      "begin" : 96,
      "end" : 100,
      "text" : "iron",
      "whiteSpace" : false
    }, {
      "id" : "s2-t7",
      "begin" : 100,
      "end" : 101,
      "text" : ".",
      "whiteSpace" : false
    } ]
  }, {
    "id" : "s3",
    "begin" : 102,
    "end" : 122,
    "text" : "pin, the same being?",
    "tokens" : [ {
      "id" : "s3-t0",
      "begin" : 102,
      "end" : 105,
      "text" : "pin",
      "whiteSpace" : false
    }, {
      "id" : "s3-t1",
      "begin" : 105,
      "end" : 106,
      "text" : ",",
      "whiteSpace" : false
    }, {
      "id" : "s3-t2",
      "begin" : 107,
      "end" : 110,
      "text" : "the",
      "whiteSpace" : false
    }, {
      "id" : "s3-t3",
      "begin" : 111,
      "end" : 115,
      "text" : "same",
      "whiteSpace" : false
    }, {
      "id" : "s3-t4",
      "begin" : 116,
      "end" : 121,
      "text" : "being",
      "whiteSpace" : false
    }, {
      "id" : "s3-t5",
      "begin" : 121,
      "end" : 122,
      "text" : "?",
      "whiteSpace" : false
    } ]
  }, {
    "id" : "s4",
    "begin" : 122,
    "end" : 124,
    "text" : "??",
    "tokens" : [ {
      "id" : "s4-t0",
      "begin" : 122,
      "end" : 123,
      "text" : "?",
      "whiteSpace" : false
    }, {
      "id" : "s4-t1",
      "begin" : 123,
      "end" : 124,
      "text" : "?",
      "whiteSpace" : false
    } ]
  }, {
    "id" : "s5",
    "begin" : 125,
    "end" : 190,
    "text" : "a northwest inside corner of the Long property; thence with Long?",
    "tokens" : [ {
      "id" : "s5-t0",
      "begin" : 125,
      "end" : 126,
      "text" : "a",
      "whiteSpace" : false
    }, {
      "id" : "s5-t1",
      "begin" : 127,
      "end" : 136,
      "text" : "northwest",
      "whiteSpace" : false
    }, {
      "id" : "s5-t2",
      "begin" : 137,
      "end" : 143,
      "text" : "inside",
      "whiteSpace" : false
    }, {
      "id" : "s5-t3",
      "begin" : 144,
      "end" : 150,
      "text" : "corner",
      "whiteSpace" : false
    }, {
      "id" : "s5-t4",
      "begin" : 151,
      "end" : 153,
      "text" : "of",
      "whiteSpace" : false
    }, {
      "id" : "s5-t5",
      "begin" : 154,
      "end" : 157,
      "text" : "the",
      "whiteSpace" : false
    }, {
      "id" : "s5-t6",
      "begin" : 158,
      "end" : 162,
      "text" : "Long",
      "whiteSpace" : false
    }, {
      "id" : "s5-t7",
      "begin" : 163,
      "end" : 171,
      "text" : "property",
      "whiteSpace" : false
    }, {
      "id" : "s5-t8",
      "begin" : 171,
      "end" : 172,
      "text" : ";",
      "whiteSpace" : false
    }, {
      "id" : "s5-t9",
      "begin" : 173,
      "end" : 179,
      "text" : "thence",
      "whiteSpace" : false
    }, {
      "id" : "s5-t10",
      "begin" : 180,
      "end" : 184,
      "text" : "with",
      "whiteSpace" : false
    }, {
      "id" : "s5-t11",
      "begin" : 185,
      "end" : 189,
      "text" : "Long",
      "whiteSpace" : false
    }, {
      "id" : "s5-t12",
      "begin" : 189,
      "end" : 190,
      "text" : "?",
      "whiteSpace" : false
    } ]
  }, {
    "id" : "s6",
    "begin" : 190,
    "end" : 207,
    "text" : "??s line S 3 deg.",
    "tokens" : [ {
      "id" : "s6-t0",
      "begin" : 190,
      "end" : 193,
      "text" : "??s",
      "whiteSpace" : false
    }, {
      "id" : "s6-t1",
      "begin" : 194,
      "end" : 198,
      "text" : "line",
      "whiteSpace" : false
    }, {
      "id" : "s6-t2",
      "begin" : 199,
      "end" : 200,
      "text" : "S",
      "whiteSpace" : false
    }, {
      "id" : "s6-t3",
      "begin" : 201,
      "end" : 202,
      "text" : "3",
      "whiteSpace" : false
    }, {
      "id" : "s6-t4",
      "begin" : 203,
      "end" : 206,
      "text" : "deg",
      "whiteSpace" : false
    }, {
      "id" : "s6-t5",
      "begin" : 206,
      "end" : 207,
      "text" : ".",
      "whiteSpace" : false
    } ]
  }, {
    "id" : "s7",
    "begin" : 208,
    "end" : 392,
    "text" : "30' W passing an Iron pin at 42.0 ft. On in all 72.0 ft. To a point in the center of Old Highway #70, the same being a southwest corner of the Long property; thence with road S 72 deg.",
    "tokens" : [ {
      "id" : "s7-t0",
      "begin" : 208,
      "end" : 210,
      "text" : "30",
      "whiteSpace" : false
    }, {
      "id" : "s7-t1",
      "begin" : 210,
      "end" : 211,
      "text" : "'",
      "whiteSpace" : false
    }, {
      "id" : "s7-t2",
      "begin" : 212,
      "end" : 213,
      "text" : "W",
      "whiteSpace" : false
    }, {
      "id" : "s7-t3",
      "begin" : 214,
      "end" : 221,
      "text" : "passing",
      "whiteSpace" : false
    }, {
      "id" : "s7-t4",
      "begin" : 222,
      "end" : 224,
      "text" : "an",
      "whiteSpace" : false
    }, {
      "id" : "s7-t5",
      "begin" : 225,
      "end" : 229,
      "text" : "Iron",
      "whiteSpace" : false
    }, {
      "id" : "s7-t6",
      "begin" : 230,
      "end" : 233,
      "text" : "pin",
      "whiteSpace" : false
    }, {
      "id" : "s7-t7",
      "begin" : 234,
      "end" : 236,
      "text" : "at",
      "whiteSpace" : false
    }, {
      "id" : "s7-t8",
      "begin" : 237,
      "end" : 241,
      "text" : "42.0",
      "whiteSpace" : false
    }, {
      "id" : "s7-t9",
      "begin" : 242,
      "end" : 245,
      "text" : "ft.",
      "whiteSpace" : false
    }, {
      "id" : "s7-t10",
      "begin" : 246,
      "end" : 248,
      "text" : "On",
      "whiteSpace" : false
    }, {
      "id" : "s7-t11",
      "begin" : 249,
      "end" : 251,
      "text" : "in",
      "whiteSpace" : false
    }, {
      "id" : "s7-t12",
      "begin" : 252,
      "end" : 255,
      "text" : "all",
      "whiteSpace" : false
    }, {
      "id" : "s7-t13",
      "begin" : 256,
      "end" : 260,
      "text" : "72.0",
      "whiteSpace" : false
    }, {
      "id" : "s7-t14",
      "begin" : 261,
      "end" : 264,
      "text" : "ft.",
      "whiteSpace" : false
    }, {
      "id" : "s7-t15",
      "begin" : 265,
      "end" : 267,
      "text" : "To",
      "whiteSpace" : false
    }, {
      "id" : "s7-t16",
      "begin" : 268,
      "end" : 269,
      "text" : "a",
      "whiteSpace" : false
    }, {
      "id" : "s7-t17",
      "begin" : 270,
      "end" : 275,
      "text" : "point",
      "whiteSpace" : false
    }, {
      "id" : "s7-t18",
      "begin" : 276,
      "end" : 278,
      "text" : "in",
      "whiteSpace" : false
    }, {
      "id" : "s7-t19",
      "begin" : 279,
      "end" : 282,
      "text" : "the",
      "whiteSpace" : false
    }, {
      "id" : "s7-t20",
      "begin" : 283,
      "end" : 289,
      "text" : "center",
      "whiteSpace" : false
    }, {
      "id" : "s7-t21",
      "begin" : 290,
      "end" : 292,
      "text" : "of",
      "whiteSpace" : false
    }, {
      "id" : "s7-t22",
      "begin" : 293,
      "end" : 296,
      "text" : "Old",
      "whiteSpace" : false
    }, {
      "id" : "s7-t23",
      "begin" : 297,
      "end" : 304,
      "text" : "Highway",
      "whiteSpace" : false
    }, {
      "id" : "s7-t24",
      "begin" : 305,
      "end" : 308,
      "text" : "#70",
      "whiteSpace" : false
    }, {
      "id" : "s7-t25",
      "begin" : 308,
      "end" : 309,
      "text" : ",",
      "whiteSpace" : false
    }, {
      "id" : "s7-t26",
      "begin" : 310,
      "end" : 313,
      "text" : "the",
      "whiteSpace" : false
    }, {
      "id" : "s7-t27",
      "begin" : 314,
      "end" : 318,
      "text" : "same",
      "whiteSpace" : false
    }, {
      "id" : "s7-t28",
      "begin" : 319,
      "end" : 324,
      "text" : "being",
      "whiteSpace" : false
    }, {
      "id" : "s7-t29",
      "begin" : 325,
      "end" : 326,
      "text" : "a",
      "whiteSpace" : false
    }, {
      "id" : "s7-t30",
      "begin" : 327,
      "end" : 336,
      "text" : "southwest",
      "whiteSpace" : false
    }, {
      "id" : "s7-t31",
      "begin" : 337,
      "end" : 343,
      "text" : "corner",
      "whiteSpace" : false
    }, {
      "id" : "s7-t32",
      "begin" : 344,
      "end" : 346,
      "text" : "of",
      "whiteSpace" : false
    }, {
      "id" : "s7-t33",
      "begin" : 347,
      "end" : 350,
      "text" : "the",
      "whiteSpace" : false
    }, {
      "id" : "s7-t34",
      "begin" : 351,
      "end" : 355,
      "text" : "Long",
      "whiteSpace" : false
    }, {
      "id" : "s7-t35",
      "begin" : 356,
      "end" : 364,
      "text" : "property",
      "whiteSpace" : false
    }, {
      "id" : "s7-t36",
      "begin" : 364,
      "end" : 365,
      "text" : ";",
      "whiteSpace" : false
    }, {
      "id" : "s7-t37",
      "begin" : 366,
      "end" : 372,
      "text" : "thence",
      "whiteSpace" : false
    }, {
      "id" : "s7-t38",
      "begin" : 373,
      "end" : 377,
      "text" : "with",
      "whiteSpace" : false
    }, {
      "id" : "s7-t39",
      "begin" : 378,
      "end" : 382,
      "text" : "road",
      "whiteSpace" : false
    }, {
      "id" : "s7-t40",
      "begin" : 383,
      "end" : 384,
      "text" : "S",
      "whiteSpace" : false
    }, {
      "id" : "s7-t41",
      "begin" : 385,
      "end" : 387,
      "text" : "72",
      "whiteSpace" : false
    }, {
      "id" : "s7-t42",
      "begin" : 388,
      "end" : 391,
      "text" : "deg",
      "whiteSpace" : false
    }, {
      "id" : "s7-t43",
      "begin" : 391,
      "end" : 392,
      "text" : ".",
      "whiteSpace" : false
    } ]
  }, {
    "id" : "s8",
    "begin" : 393,
    "end" : 448,
    "text" : "45' W 366.0 ft. To the beginning containing 1.38 acres.",
    "tokens" : [ {
      "id" : "s8-t0",
      "begin" : 393,
      "end" : 395,
      "text" : "45",
      "whiteSpace" : false
    }, {
      "id" : "s8-t1",
      "begin" : 395,
      "end" : 396,
      "text" : "'",
      "whiteSpace" : false
    }, {
      "id" : "s8-t2",
      "begin" : 397,
      "end" : 398,
      "text" : "W",
      "whiteSpace" : false
    }, {
      "id" : "s8-t3",
      "begin" : 399,
      "end" : 404,
      "text" : "366.0",
      "whiteSpace" : false
    }, {
      "id" : "s8-t4",
      "begin" : 405,
      "end" : 408,
      "text" : "ft.",
      "whiteSpace" : false
    }, {
      "id" : "s8-t5",
      "begin" : 409,
      "end" : 411,
      "text" : "To",
      "whiteSpace" : false
    }, {
      "id" : "s8-t6",
      "begin" : 412,
      "end" : 415,
      "text" : "the",
      "whiteSpace" : false
    }, {
      "id" : "s8-t7",
      "begin" : 416,
      "end" : 425,
      "text" : "beginning",
      "whiteSpace" : false
    }, {
      "id" : "s8-t8",
      "begin" : 426,
      "end" : 436,
      "text" : "containing",
      "whiteSpace" : false
    }, {
      "id" : "s8-t9",
      "begin" : 437,
      "end" : 441,
      "text" : "1.38",
      "whiteSpace" : false
    }, {
      "id" : "s8-t10",
      "begin" : 442,
      "end" : 447,
      "text" : "acres",
      "whiteSpace" : false
    }, {
      "id" : "s8-t11",
      "begin" : 447,
      "end" : 448,
      "text" : ".",
      "whiteSpace" : false
    } ]
  }, {
    "id" : "s9",
    "begin" : 449,
    "end" : 614,
    "text" : "BEING a portion of the same property conveyed to grantors herein by instrument of record at Deed Book 169, page 1254, Register's Office, Humphreys County, Tennessee.",
    "tokens" : [ {
      "id" : "s9-t0",
      "begin" : 449,
      "end" : 454,
      "text" : "BEING",
      "whiteSpace" : false
    }, {
      "id" : "s9-t1",
      "begin" : 455,
      "end" : 456,
      "text" : "a",
      "whiteSpace" : false
    }, {
      "id" : "s9-t2",
      "begin" : 457,
      "end" : 464,
      "text" : "portion",
      "whiteSpace" : false
    }, {
      "id" : "s9-t3",
      "begin" : 465,
      "end" : 467,
      "text" : "of",
      "whiteSpace" : false
    }, {
      "id" : "s9-t4",
      "begin" : 468,
      "end" : 471,
      "text" : "the",
      "whiteSpace" : false
    }, {
      "id" : "s9-t5",
      "begin" : 472,
      "end" : 476,
      "text" : "same",
      "whiteSpace" : false
    }, {
      "id" : "s9-t6",
      "begin" : 477,
      "end" : 485,
      "text" : "property",
      "whiteSpace" : false
    }, {
      "id" : "s9-t7",
      "begin" : 486,
      "end" : 494,
      "text" : "conveyed",
      "whiteSpace" : false
    }, {
      "id" : "s9-t8",
      "begin" : 495,
      "end" : 497,
      "text" : "to",
      "whiteSpace" : false
    }, {
      "id" : "s9-t9",
      "begin" : 498,
      "end" : 506,
      "text" : "grantors",
      "whiteSpace" : false
    }, {
      "id" : "s9-t10",
      "begin" : 507,
      "end" : 513,
      "text" : "herein",
      "whiteSpace" : false
    }, {
      "id" : "s9-t11",
      "begin" : 514,
      "end" : 516,
      "text" : "by",
      "whiteSpace" : false
    }, {
      "id" : "s9-t12",
      "begin" : 517,
      "end" : 527,
      "text" : "instrument",
      "whiteSpace" : false
    }, {
      "id" : "s9-t13",
      "begin" : 528,
      "end" : 530,
      "text" : "of",
      "whiteSpace" : false
    }, {
      "id" : "s9-t14",
      "begin" : 531,
      "end" : 537,
      "text" : "record",
      "whiteSpace" : false
    }, {
      "id" : "s9-t15",
      "begin" : 538,
      "end" : 540,
      "text" : "at",
      "whiteSpace" : false
    }, {
      "id" : "s9-t16",
      "begin" : 541,
      "end" : 545,
      "text" : "Deed",
      "whiteSpace" : false
    }, {
      "id" : "s9-t17",
      "begin" : 546,
      "end" : 550,
      "text" : "Book",
      "whiteSpace" : false
    }, {
      "id" : "s9-t18",
      "begin" : 551,
      "end" : 554,
      "text" : "169",
      "whiteSpace" : false
    }, {
      "id" : "s9-t19",
      "begin" : 554,
      "end" : 555,
      "text" : ",",
      "whiteSpace" : false
    }, {
      "id" : "s9-t20",
      "begin" : 556,
      "end" : 560,
      "text" : "page",
      "whiteSpace" : false
    }, {
      "id" : "s9-t21",
      "begin" : 561,
      "end" : 565,
      "text" : "1254",
      "whiteSpace" : false
    }, {
      "id" : "s9-t22",
      "begin" : 565,
      "end" : 566,
      "text" : ",",
      "whiteSpace" : false
    }, {
      "id" : "s9-t23",
      "begin" : 567,
      "end" : 575,
      "text" : "Register",
      "whiteSpace" : false
    }, {
      "id" : "s9-t24",
      "begin" : 575,
      "end" : 577,
      "text" : "'s",
      "whiteSpace" : false
    }, {
      "id" : "s9-t25",
      "begin" : 578,
      "end" : 584,
      "text" : "Office",
      "whiteSpace" : false
    }, {
      "id" : "s9-t26",
      "begin" : 584,
      "end" : 585,
      "text" : ",",
      "whiteSpace" : false
    }, {
      "id" : "s9-t27",
      "begin" : 586,
      "end" : 595,
      "text" : "Humphreys",
      "whiteSpace" : false
    }, {
      "id" : "s9-t28",
      "begin" : 596,
      "end" : 602,
      "text" : "County",
      "whiteSpace" : false
    }, {
      "id" : "s9-t29",
      "begin" : 602,
      "end" : 603,
      "text" : ",",
      "whiteSpace" : false
    }, {
      "id" : "s9-t30",
      "begin" : 604,
      "end" : 613,
      "text" : "Tennessee",
      "whiteSpace" : false
    }, {
      "id" : "s9-t31",
      "begin" : 613,
      "end" : 614,
      "text" : ".",
      "whiteSpace" : false
    } ]
  }, {
    "id" : "s10",
    "begin" : 615,
    "end" : 976,
    "text" : "BESIRIQIlQNS_R_QQEENAKT$_BHNNIHQ_KIIBLLBND The foregoing property and this conveyance is made further subject to the following restrictions and covenants which shall run with the land and which shall be binding on the grantees, their heirs and assigns, and all persons claiming under them, for a period of twenty-five (25) years from the date hereof, to-wit: 1.",
    "tokens" : [ {
      "id" : "s10-t0",
      "begin" : 615,
      "end" : 657,
      "text" : "BESIRIQIlQNS_R_QQEENAKT$_BHNNIHQ_KIIBLLBND",
      "whiteSpace" : false
    }, {
      "id" : "s10-t1",
      "begin" : 658,
      "end" : 661,
      "text" : "The",
      "whiteSpace" : false
    }, {
      "id" : "s10-t2",
      "begin" : 662,
      "end" : 671,
      "text" : "foregoing",
      "whiteSpace" : false
    }, {
      "id" : "s10-t3",
      "begin" : 672,
      "end" : 680,
      "text" : "property",
      "whiteSpace" : false
    }, {
      "id" : "s10-t4",
      "begin" : 681,
      "end" : 684,
      "text" : "and",
      "whiteSpace" : false
    }, {
      "id" : "s10-t5",
      "begin" : 685,
      "end" : 689,
      "text" : "this",
      "whiteSpace" : false
    }, {
      "id" : "s10-t6",
      "begin" : 690,
      "end" : 700,
      "text" : "conveyance",
      "whiteSpace" : false
    }, {
      "id" : "s10-t7",
      "begin" : 701,
      "end" : 703,
      "text" : "is",
      "whiteSpace" : false
    }, {
      "id" : "s10-t8",
      "begin" : 704,
      "end" : 708,
      "text" : "made",
      "whiteSpace" : false
    }, {
      "id" : "s10-t9",
      "begin" : 709,
      "end" : 716,
      "text" : "further",
      "whiteSpace" : false
    }, {
      "id" : "s10-t10",
      "begin" : 717,
      "end" : 724,
      "text" : "subject",
      "whiteSpace" : false
    }, {
      "id" : "s10-t11",
      "begin" : 725,
      "end" : 727,
      "text" : "to",
      "whiteSpace" : false
    }, {
      "id" : "s10-t12",
      "begin" : 728,
      "end" : 731,
      "text" : "the",
      "whiteSpace" : false
    }, {
      "id" : "s10-t13",
      "begin" : 732,
      "end" : 741,
      "text" : "following",
      "whiteSpace" : false
    }, {
      "id" : "s10-t14",
      "begin" : 742,
      "end" : 754,
      "text" : "restrictions",
      "whiteSpace" : false
    }, {
      "id" : "s10-t15",
      "begin" : 755,
      "end" : 758,
      "text" : "and",
      "whiteSpace" : false
    }, {
      "id" : "s10-t16",
      "begin" : 759,
      "end" : 768,
      "text" : "covenants",
      "whiteSpace" : false
    }, {
      "id" : "s10-t17",
      "begin" : 769,
      "end" : 774,
      "text" : "which",
      "whiteSpace" : false
    }, {
      "id" : "s10-t18",
      "begin" : 775,
      "end" : 780,
      "text" : "shall",
      "whiteSpace" : false
    }, {
      "id" : "s10-t19",
      "begin" : 781,
      "end" : 784,
      "text" : "run",
      "whiteSpace" : false
    }, {
      "id" : "s10-t20",
      "begin" : 785,
      "end" : 789,
      "text" : "with",
      "whiteSpace" : false
    }, {
      "id" : "s10-t21",
      "begin" : 790,
      "end" : 793,
      "text" : "the",
      "whiteSpace" : false
    }, {
      "id" : "s10-t22",
      "begin" : 794,
      "end" : 798,
      "text" : "land",
      "whiteSpace" : false
    }, {
      "id" : "s10-t23",
      "begin" : 799,
      "end" : 802,
      "text" : "and",
      "whiteSpace" : false
    }, {
      "id" : "s10-t24",
      "begin" : 803,
      "end" : 808,
      "text" : "which",
      "whiteSpace" : false
    }, {
      "id" : "s10-t25",
      "begin" : 809,
      "end" : 814,
      "text" : "shall",
      "whiteSpace" : false
    }, {
      "id" : "s10-t26",
      "begin" : 815,
      "end" : 817,
      "text" : "be",
      "whiteSpace" : false
    }, {
      "id" : "s10-t27",
      "begin" : 818,
      "end" : 825,
      "text" : "binding",
      "whiteSpace" : false
    }, {
      "id" : "s10-t28",
      "begin" : 826,
      "end" : 828,
      "text" : "on",
      "whiteSpace" : false
    }, {
      "id" : "s10-t29",
      "begin" : 829,
      "end" : 832,
      "text" : "the",
      "whiteSpace" : false
    }, {
      "id" : "s10-t30",
      "begin" : 833,
      "end" : 841,
      "text" : "grantees",
      "whiteSpace" : false
    }, {
      "id" : "s10-t31",
      "begin" : 841,
      "end" : 842,
      "text" : ",",
      "whiteSpace" : false
    }, {
      "id" : "s10-t32",
      "begin" : 843,
      "end" : 848,
      "text" : "their",
      "whiteSpace" : false
    }, {
      "id" : "s10-t33",
      "begin" : 849,
      "end" : 854,
      "text" : "heirs",
      "whiteSpace" : false
    }, {
      "id" : "s10-t34",
      "begin" : 855,
      "end" : 858,
      "text" : "and",
      "whiteSpace" : false
    }, {
      "id" : "s10-t35",
      "begin" : 859,
      "end" : 866,
      "text" : "assigns",
      "whiteSpace" : false
    }, {
      "id" : "s10-t36",
      "begin" : 866,
      "end" : 867,
      "text" : ",",
      "whiteSpace" : false
    }, {
      "id" : "s10-t37",
      "begin" : 868,
      "end" : 871,
      "text" : "and",
      "whiteSpace" : false
    }, {
      "id" : "s10-t38",
      "begin" : 872,
      "end" : 875,
      "text" : "all",
      "whiteSpace" : false
    }, {
      "id" : "s10-t39",
      "begin" : 876,
      "end" : 883,
      "text" : "persons",
      "whiteSpace" : false
    }, {
      "id" : "s10-t40",
      "begin" : 884,
      "end" : 892,
      "text" : "claiming",
      "whiteSpace" : false
    }, {
      "id" : "s10-t41",
      "begin" : 893,
      "end" : 898,
      "text" : "under",
      "whiteSpace" : false
    }, {
      "id" : "s10-t42",
      "begin" : 899,
      "end" : 903,
      "text" : "them",
      "whiteSpace" : false
    }, {
      "id" : "s10-t43",
      "begin" : 903,
      "end" : 904,
      "text" : ",",
      "whiteSpace" : false
    }, {
      "id" : "s10-t44",
      "begin" : 905,
      "end" : 908,
      "text" : "for",
      "whiteSpace" : false
    }, {
      "id" : "s10-t45",
      "begin" : 909,
      "end" : 910,
      "text" : "a",
      "whiteSpace" : false
    }, {
      "id" : "s10-t46",
      "begin" : 911,
      "end" : 917,
      "text" : "period",
      "whiteSpace" : false
    }, {
      "id" : "s10-t47",
      "begin" : 918,
      "end" : 920,
      "text" : "of",
      "whiteSpace" : false
    }, {
      "id" : "s10-t48",
      "begin" : 921,
      "end" : 932,
      "text" : "twenty-five",
      "whiteSpace" : false
    }, {
      "id" : "s10-t49",
      "begin" : 933,
      "end" : 934,
      "text" : "(",
      "whiteSpace" : false
    }, {
      "id" : "s10-t50",
      "begin" : 934,
      "end" : 936,
      "text" : "25",
      "whiteSpace" : false
    }, {
      "id" : "s10-t51",
      "begin" : 936,
      "end" : 937,
      "text" : ")",
      "whiteSpace" : false
    }, {
      "id" : "s10-t52",
      "begin" : 938,
      "end" : 943,
      "text" : "years",
      "whiteSpace" : false
    }, {
      "id" : "s10-t53",
      "begin" : 944,
      "end" : 948,
      "text" : "from",
      "whiteSpace" : false
    }, {
      "id" : "s10-t54",
      "begin" : 949,
      "end" : 952,
      "text" : "the",
      "whiteSpace" : false
    }, {
      "id" : "s10-t55",
      "begin" : 953,
      "end" : 957,
      "text" : "date",
      "whiteSpace" : false
    }, {
      "id" : "s10-t56",
      "begin" : 958,
      "end" : 964,
      "text" : "hereof",
      "whiteSpace" : false
    }, {
      "id" : "s10-t57",
      "begin" : 964,
      "end" : 965,
      "text" : ",",
      "whiteSpace" : false
    }, {
      "id" : "s10-t58",
      "begin" : 966,
      "end" : 968,
      "text" : "to",
      "whiteSpace" : false
    }, {
      "id" : "s10-t59",
      "begin" : 968,
      "end" : 969,
      "text" : "-",
      "whiteSpace" : false
    }, {
      "id" : "s10-t60",
      "begin" : 969,
      "end" : 972,
      "text" : "wit",
      "whiteSpace" : false
    }, {
      "id" : "s10-t61",
      "begin" : 972,
      "end" : 973,
      "text" : ":",
      "whiteSpace" : false
    }, {
      "id" : "s10-t62",
      "begin" : 974,
      "end" : 975,
      "text" : "1",
      "whiteSpace" : false
    }, {
      "id" : "s10-t63",
      "begin" : 975,
      "end" : 976,
      "text" : ".",
      "whiteSpace" : false
    } ]
  }, {
    "id" : "s11",
    "begin" : 976,
    "end" : 1020,
    "text" : ") The property shall be used for residential",
    "tokens" : [ {
      "id" : "s11-t0",
      "begin" : 976,
      "end" : 977,
      "text" : ")",
      "whiteSpace" : false
    }, {
      "id" : "s11-t1",
      "begin" : 978,
      "end" : 981,
      "text" : "The",
      "whiteSpace" : false
    }, {
      "id" : "s11-t2",
      "begin" : 982,
      "end" : 990,
      "text" : "property",
      "whiteSpace" : false
    }, {
      "id" : "s11-t3",
      "begin" : 991,
      "end" : 996,
      "text" : "shall",
      "whiteSpace" : false
    }, {
      "id" : "s11-t4",
      "begin" : 997,
      "end" : 999,
      "text" : "be",
      "whiteSpace" : false
    }, {
      "id" : "s11-t5",
      "begin" : 1000,
      "end" : 1004,
      "text" : "used",
      "whiteSpace" : false
    }, {
      "id" : "s11-t6",
      "begin" : 1005,
      "end" : 1008,
      "text" : "for",
      "whiteSpace" : false
    }, {
      "id" : "s11-t7",
      "begin" : 1009,
      "end" : 1020,
      "text" : "residential",
      "whiteSpace" : false
    } ]
  } ],
  "mentions" : [ {
    "id" : "s9-m1",
    "properties" : {
      "SIRE_MENTION_ROLE" : "WarrDeedBookNum",
      "SIRE_ENTITY_SUBTYPE" : "NONE",
      "SIRE_MENTION_TYPE" : "NONE",
      "SIRE_MENTION_CLASS" : "SPC"
    },
    "type" : "WarrDeedBookNum",
    "begin" : 551,
    "end" : 554,
    "inCoref" : false
  }, {
    "id" : "s9-m2",
    "properties" : {
      "SIRE_MENTION_ROLE" : "WarrDeedPageNum",
      "SIRE_ENTITY_SUBTYPE" : "NONE",
      "SIRE_MENTION_TYPE" : "NONE",
      "SIRE_MENTION_CLASS" : "SPC"
    },
    "type" : "WarrDeedPageNum",
    "begin" : 561,
    "end" : 565,
    "inCoref" : false
  } ],
  "relations" : [ ],
  "corefs" : [ ],
  "typeResolved" : true,
  "userResolved" : false
}