{
  "id" : "acc7bbe0-54dc-11e9-8cbd-5f0b935e8fdd-5",
  "name" : "WD173-7.txt",
  "createdDate" : 1554164237982,
  "version" : 3,
  "text" : "BEGINNING on an iron stake at the Southwest corner of a lot sold to the said Felix Mulliniks, running thence with the said lot South 85 degrees East 105 feet to an iron stake at the Clyde Capps' Northwest comer; the same being Mulliniks Southeast comer; thence with Capps West boundary line South 4 degrees West 170 feet to an iron stake at Capps' Southwest corner; thence North 85 degrees West 105 feet to an iron stake; thence North 4 degrees East 170 feet to the point of beginning, containing 0.4 acre be the same more or less. According to a Survey made June 15, 1971, by Sam Long, County Surveyor. Being the same property conveyed to RONALD L. HOBSON and wife, CANDACE R. HOBSON by deed from MARY MARTIN (also known as MARY MARTIN LANE), a single person, dated September 2, 1995 and of record in Volume 167, Page 25, in the Registers Of???ce of Humphreys County, Tennessee. This property is subject to the right-of???way for Hargis Road To Have and to Hold the said tract or parcel of land, with the appurtenances, estate, title, and interest thereto belonging, to the said PALMER E. HOBSON, JR. and wife, LAURIE HOBSON,_ their heirs and assigns, forever. And we do covenant with the said PALMER E. HOBSON, JR. and wife, LAURIE HOBSON,",
  "docLength" : 0,
  "language" : "EN",
  "status" : "SUBMITTED",
  "modifiedDate" : 1554165106779,
  "documentSet" : [ ],
  "preannotation" : [ ],
  "sentences" : [ {
    "id" : "s0",
    "begin" : 0,
    "end" : 531,
    "text" : "BEGINNING on an iron stake at the Southwest corner of a lot sold to the said Felix Mulliniks, running thence with the said lot South 85 degrees East 105 feet to an iron stake at the Clyde Capps' Northwest comer; the same being Mulliniks Southeast comer; thence with Capps West boundary line South 4 degrees West 170 feet to an iron stake at Capps' Southwest corner; thence North 85 degrees West 105 feet to an iron stake; thence North 4 degrees East 170 feet to the point of beginning, containing 0.4 acre be the same more or less.",
    "tokens" : [ {
      "id" : "s0-t0",
      "begin" : 0,
      "end" : 9,
      "text" : "BEGINNING",
      "whiteSpace" : false
    }, {
      "id" : "s0-t1",
      "begin" : 10,
      "end" : 12,
      "text" : "on",
      "whiteSpace" : false
    }, {
      "id" : "s0-t2",
      "begin" : 13,
      "end" : 15,
      "text" : "an",
      "whiteSpace" : false
    }, {
      "id" : "s0-t3",
      "begin" : 16,
      "end" : 20,
      "text" : "iron",
      "whiteSpace" : false
    }, {
      "id" : "s0-t4",
      "begin" : 21,
      "end" : 26,
      "text" : "stake",
      "whiteSpace" : false
    }, {
      "id" : "s0-t5",
      "begin" : 27,
      "end" : 29,
      "text" : "at",
      "whiteSpace" : false
    }, {
      "id" : "s0-t6",
      "begin" : 30,
      "end" : 33,
      "text" : "the",
      "whiteSpace" : false
    }, {
      "id" : "s0-t7",
      "begin" : 34,
      "end" : 43,
      "text" : "Southwest",
      "whiteSpace" : false
    }, {
      "id" : "s0-t8",
      "begin" : 44,
      "end" : 50,
      "text" : "corner",
      "whiteSpace" : false
    }, {
      "id" : "s0-t9",
      "begin" : 51,
      "end" : 53,
      "text" : "of",
      "whiteSpace" : false
    }, {
      "id" : "s0-t10",
      "begin" : 54,
      "end" : 55,
      "text" : "a",
      "whiteSpace" : false
    }, {
      "id" : "s0-t11",
      "begin" : 56,
      "end" : 59,
      "text" : "lot",
      "whiteSpace" : false
    }, {
      "id" : "s0-t12",
      "begin" : 60,
      "end" : 64,
      "text" : "sold",
      "whiteSpace" : false
    }, {
      "id" : "s0-t13",
      "begin" : 65,
      "end" : 67,
      "text" : "to",
      "whiteSpace" : false
    }, {
      "id" : "s0-t14",
      "begin" : 68,
      "end" : 71,
      "text" : "the",
      "whiteSpace" : false
    }, {
      "id" : "s0-t15",
      "begin" : 72,
      "end" : 76,
      "text" : "said",
      "whiteSpace" : false
    }, {
      "id" : "s0-t16",
      "begin" : 77,
      "end" : 82,
      "text" : "Felix",
      "whiteSpace" : false
    }, {
      "id" : "s0-t17",
      "begin" : 83,
      "end" : 92,
      "text" : "Mulliniks",
      "whiteSpace" : false
    }, {
      "id" : "s0-t18",
      "begin" : 92,
      "end" : 93,
      "text" : ",",
      "whiteSpace" : false
    }, {
      "id" : "s0-t19",
      "begin" : 94,
      "end" : 101,
      "text" : "running",
      "whiteSpace" : false
    }, {
      "id" : "s0-t20",
      "begin" : 102,
      "end" : 108,
      "text" : "thence",
      "whiteSpace" : false
    }, {
      "id" : "s0-t21",
      "begin" : 109,
      "end" : 113,
      "text" : "with",
      "whiteSpace" : false
    }, {
      "id" : "s0-t22",
      "begin" : 114,
      "end" : 117,
      "text" : "the",
      "whiteSpace" : false
    }, {
      "id" : "s0-t23",
      "begin" : 118,
      "end" : 122,
      "text" : "said",
      "whiteSpace" : false
    }, {
      "id" : "s0-t24",
      "begin" : 123,
      "end" : 126,
      "text" : "lot",
      "whiteSpace" : false
    }, {
      "id" : "s0-t25",
      "begin" : 127,
      "end" : 132,
      "text" : "South",
      "whiteSpace" : false
    }, {
      "id" : "s0-t26",
      "begin" : 133,
      "end" : 135,
      "text" : "85",
      "whiteSpace" : false
    }, {
      "id" : "s0-t27",
      "begin" : 136,
      "end" : 143,
      "text" : "degrees",
      "whiteSpace" : false
    }, {
      "id" : "s0-t28",
      "begin" : 144,
      "end" : 148,
      "text" : "East",
      "whiteSpace" : false
    }, {
      "id" : "s0-t29",
      "begin" : 149,
      "end" : 152,
      "text" : "105",
      "whiteSpace" : false
    }, {
      "id" : "s0-t30",
      "begin" : 153,
      "end" : 157,
      "text" : "feet",
      "whiteSpace" : false
    }, {
      "id" : "s0-t31",
      "begin" : 158,
      "end" : 160,
      "text" : "to",
      "whiteSpace" : false
    }, {
      "id" : "s0-t32",
      "begin" : 161,
      "end" : 163,
      "text" : "an",
      "whiteSpace" : false
    }, {
      "id" : "s0-t33",
      "begin" : 164,
      "end" : 168,
      "text" : "iron",
      "whiteSpace" : false
    }, {
      "id" : "s0-t34",
      "begin" : 169,
      "end" : 174,
      "text" : "stake",
      "whiteSpace" : false
    }, {
      "id" : "s0-t35",
      "begin" : 175,
      "end" : 177,
      "text" : "at",
      "whiteSpace" : false
    }, {
      "id" : "s0-t36",
      "begin" : 178,
      "end" : 181,
      "text" : "the",
      "whiteSpace" : false
    }, {
      "id" : "s0-t37",
      "begin" : 182,
      "end" : 187,
      "text" : "Clyde",
      "whiteSpace" : false
    }, {
      "id" : "s0-t38",
      "begin" : 188,
      "end" : 193,
      "text" : "Capps",
      "whiteSpace" : false
    }, {
      "id" : "s0-t39",
      "begin" : 193,
      "end" : 194,
      "text" : "'",
      "whiteSpace" : false
    }, {
      "id" : "s0-t40",
      "begin" : 195,
      "end" : 204,
      "text" : "Northwest",
      "whiteSpace" : false
    }, {
      "id" : "s0-t41",
      "begin" : 205,
      "end" : 210,
      "text" : "comer",
      "whiteSpace" : false
    }, {
      "id" : "s0-t42",
      "begin" : 210,
      "end" : 211,
      "text" : ";",
      "whiteSpace" : false
    }, {
      "id" : "s0-t43",
      "begin" : 212,
      "end" : 215,
      "text" : "the",
      "whiteSpace" : false
    }, {
      "id" : "s0-t44",
      "begin" : 216,
      "end" : 220,
      "text" : "same",
      "whiteSpace" : false
    }, {
      "id" : "s0-t45",
      "begin" : 221,
      "end" : 226,
      "text" : "being",
      "whiteSpace" : false
    }, {
      "id" : "s0-t46",
      "begin" : 227,
      "end" : 236,
      "text" : "Mulliniks",
      "whiteSpace" : false
    }, {
      "id" : "s0-t47",
      "begin" : 237,
      "end" : 246,
      "text" : "Southeast",
      "whiteSpace" : false
    }, {
      "id" : "s0-t48",
      "begin" : 247,
      "end" : 252,
      "text" : "comer",
      "whiteSpace" : false
    }, {
      "id" : "s0-t49",
      "begin" : 252,
      "end" : 253,
      "text" : ";",
      "whiteSpace" : false
    }, {
      "id" : "s0-t50",
      "begin" : 254,
      "end" : 260,
      "text" : "thence",
      "whiteSpace" : false
    }, {
      "id" : "s0-t51",
      "begin" : 261,
      "end" : 265,
      "text" : "with",
      "whiteSpace" : false
    }, {
      "id" : "s0-t52",
      "begin" : 266,
      "end" : 271,
      "text" : "Capps",
      "whiteSpace" : false
    }, {
      "id" : "s0-t53",
      "begin" : 272,
      "end" : 276,
      "text" : "West",
      "whiteSpace" : false
    }, {
      "id" : "s0-t54",
      "begin" : 277,
      "end" : 285,
      "text" : "boundary",
      "whiteSpace" : false
    }, {
      "id" : "s0-t55",
      "begin" : 286,
      "end" : 290,
      "text" : "line",
      "whiteSpace" : false
    }, {
      "id" : "s0-t56",
      "begin" : 291,
      "end" : 296,
      "text" : "South",
      "whiteSpace" : false
    }, {
      "id" : "s0-t57",
      "begin" : 297,
      "end" : 298,
      "text" : "4",
      "whiteSpace" : false
    }, {
      "id" : "s0-t58",
      "begin" : 299,
      "end" : 306,
      "text" : "degrees",
      "whiteSpace" : false
    }, {
      "id" : "s0-t59",
      "begin" : 307,
      "end" : 311,
      "text" : "West",
      "whiteSpace" : false
    }, {
      "id" : "s0-t60",
      "begin" : 312,
      "end" : 315,
      "text" : "170",
      "whiteSpace" : false
    }, {
      "id" : "s0-t61",
      "begin" : 316,
      "end" : 320,
      "text" : "feet",
      "whiteSpace" : false
    }, {
      "id" : "s0-t62",
      "begin" : 321,
      "end" : 323,
      "text" : "to",
      "whiteSpace" : false
    }, {
      "id" : "s0-t63",
      "begin" : 324,
      "end" : 326,
      "text" : "an",
      "whiteSpace" : false
    }, {
      "id" : "s0-t64",
      "begin" : 327,
      "end" : 331,
      "text" : "iron",
      "whiteSpace" : false
    }, {
      "id" : "s0-t65",
      "begin" : 332,
      "end" : 337,
      "text" : "stake",
      "whiteSpace" : false
    }, {
      "id" : "s0-t66",
      "begin" : 338,
      "end" : 340,
      "text" : "at",
      "whiteSpace" : false
    }, {
      "id" : "s0-t67",
      "begin" : 341,
      "end" : 346,
      "text" : "Capps",
      "whiteSpace" : false
    }, {
      "id" : "s0-t68",
      "begin" : 346,
      "end" : 347,
      "text" : "'",
      "whiteSpace" : false
    }, {
      "id" : "s0-t69",
      "begin" : 348,
      "end" : 357,
      "text" : "Southwest",
      "whiteSpace" : false
    }, {
      "id" : "s0-t70",
      "begin" : 358,
      "end" : 364,
      "text" : "corner",
      "whiteSpace" : false
    }, {
      "id" : "s0-t71",
      "begin" : 364,
      "end" : 365,
      "text" : ";",
      "whiteSpace" : false
    }, {
      "id" : "s0-t72",
      "begin" : 366,
      "end" : 372,
      "text" : "thence",
      "whiteSpace" : false
    }, {
      "id" : "s0-t73",
      "begin" : 373,
      "end" : 378,
      "text" : "North",
      "whiteSpace" : false
    }, {
      "id" : "s0-t74",
      "begin" : 379,
      "end" : 381,
      "text" : "85",
      "whiteSpace" : false
    }, {
      "id" : "s0-t75",
      "begin" : 382,
      "end" : 389,
      "text" : "degrees",
      "whiteSpace" : false
    }, {
      "id" : "s0-t76",
      "begin" : 390,
      "end" : 394,
      "text" : "West",
      "whiteSpace" : false
    }, {
      "id" : "s0-t77",
      "begin" : 395,
      "end" : 398,
      "text" : "105",
      "whiteSpace" : false
    }, {
      "id" : "s0-t78",
      "begin" : 399,
      "end" : 403,
      "text" : "feet",
      "whiteSpace" : false
    }, {
      "id" : "s0-t79",
      "begin" : 404,
      "end" : 406,
      "text" : "to",
      "whiteSpace" : false
    }, {
      "id" : "s0-t80",
      "begin" : 407,
      "end" : 409,
      "text" : "an",
      "whiteSpace" : false
    }, {
      "id" : "s0-t81",
      "begin" : 410,
      "end" : 414,
      "text" : "iron",
      "whiteSpace" : false
    }, {
      "id" : "s0-t82",
      "begin" : 415,
      "end" : 420,
      "text" : "stake",
      "whiteSpace" : false
    }, {
      "id" : "s0-t83",
      "begin" : 420,
      "end" : 421,
      "text" : ";",
      "whiteSpace" : false
    }, {
      "id" : "s0-t84",
      "begin" : 422,
      "end" : 428,
      "text" : "thence",
      "whiteSpace" : false
    }, {
      "id" : "s0-t85",
      "begin" : 429,
      "end" : 434,
      "text" : "North",
      "whiteSpace" : false
    }, {
      "id" : "s0-t86",
      "begin" : 435,
      "end" : 436,
      "text" : "4",
      "whiteSpace" : false
    }, {
      "id" : "s0-t87",
      "begin" : 437,
      "end" : 444,
      "text" : "degrees",
      "whiteSpace" : false
    }, {
      "id" : "s0-t88",
      "begin" : 445,
      "end" : 449,
      "text" : "East",
      "whiteSpace" : false
    }, {
      "id" : "s0-t89",
      "begin" : 450,
      "end" : 453,
      "text" : "170",
      "whiteSpace" : false
    }, {
      "id" : "s0-t90",
      "begin" : 454,
      "end" : 458,
      "text" : "feet",
      "whiteSpace" : false
    }, {
      "id" : "s0-t91",
      "begin" : 459,
      "end" : 461,
      "text" : "to",
      "whiteSpace" : false
    }, {
      "id" : "s0-t92",
      "begin" : 462,
      "end" : 465,
      "text" : "the",
      "whiteSpace" : false
    }, {
      "id" : "s0-t93",
      "begin" : 466,
      "end" : 471,
      "text" : "point",
      "whiteSpace" : false
    }, {
      "id" : "s0-t94",
      "begin" : 472,
      "end" : 474,
      "text" : "of",
      "whiteSpace" : false
    }, {
      "id" : "s0-t95",
      "begin" : 475,
      "end" : 484,
      "text" : "beginning",
      "whiteSpace" : false
    }, {
      "id" : "s0-t96",
      "begin" : 484,
      "end" : 485,
      "text" : ",",
      "whiteSpace" : false
    }, {
      "id" : "s0-t97",
      "begin" : 486,
      "end" : 496,
      "text" : "containing",
      "whiteSpace" : false
    }, {
      "id" : "s0-t98",
      "begin" : 497,
      "end" : 500,
      "text" : "0.4",
      "whiteSpace" : false
    }, {
      "id" : "s0-t99",
      "begin" : 501,
      "end" : 505,
      "text" : "acre",
      "whiteSpace" : false
    }, {
      "id" : "s0-t100",
      "begin" : 506,
      "end" : 508,
      "text" : "be",
      "whiteSpace" : false
    }, {
      "id" : "s0-t101",
      "begin" : 509,
      "end" : 512,
      "text" : "the",
      "whiteSpace" : false
    }, {
      "id" : "s0-t102",
      "begin" : 513,
      "end" : 517,
      "text" : "same",
      "whiteSpace" : false
    }, {
      "id" : "s0-t103",
      "begin" : 518,
      "end" : 522,
      "text" : "more",
      "whiteSpace" : false
    }, {
      "id" : "s0-t104",
      "begin" : 523,
      "end" : 525,
      "text" : "or",
      "whiteSpace" : false
    }, {
      "id" : "s0-t105",
      "begin" : 526,
      "end" : 530,
      "text" : "less",
      "whiteSpace" : false
    }, {
      "id" : "s0-t106",
      "begin" : 530,
      "end" : 531,
      "text" : ".",
      "whiteSpace" : false
    } ]
  }, {
    "id" : "s1",
    "begin" : 532,
    "end" : 603,
    "text" : "According to a Survey made June 15, 1971, by Sam Long, County Surveyor.",
    "tokens" : [ {
      "id" : "s1-t0",
      "begin" : 532,
      "end" : 541,
      "text" : "According",
      "whiteSpace" : false
    }, {
      "id" : "s1-t1",
      "begin" : 542,
      "end" : 544,
      "text" : "to",
      "whiteSpace" : false
    }, {
      "id" : "s1-t2",
      "begin" : 545,
      "end" : 546,
      "text" : "a",
      "whiteSpace" : false
    }, {
      "id" : "s1-t3",
      "begin" : 547,
      "end" : 553,
      "text" : "Survey",
      "whiteSpace" : false
    }, {
      "id" : "s1-t4",
      "begin" : 554,
      "end" : 558,
      "text" : "made",
      "whiteSpace" : false
    }, {
      "id" : "s1-t5",
      "begin" : 559,
      "end" : 563,
      "text" : "June",
      "whiteSpace" : false
    }, {
      "id" : "s1-t6",
      "begin" : 564,
      "end" : 566,
      "text" : "15",
      "whiteSpace" : false
    }, {
      "id" : "s1-t7",
      "begin" : 566,
      "end" : 567,
      "text" : ",",
      "whiteSpace" : false
    }, {
      "id" : "s1-t8",
      "begin" : 568,
      "end" : 572,
      "text" : "1971",
      "whiteSpace" : false
    }, {
      "id" : "s1-t9",
      "begin" : 572,
      "end" : 573,
      "text" : ",",
      "whiteSpace" : false
    }, {
      "id" : "s1-t10",
      "begin" : 574,
      "end" : 576,
      "text" : "by",
      "whiteSpace" : false
    }, {
      "id" : "s1-t11",
      "begin" : 577,
      "end" : 580,
      "text" : "Sam",
      "whiteSpace" : false
    }, {
      "id" : "s1-t12",
      "begin" : 581,
      "end" : 585,
      "text" : "Long",
      "whiteSpace" : false
    }, {
      "id" : "s1-t13",
      "begin" : 585,
      "end" : 586,
      "text" : ",",
      "whiteSpace" : false
    }, {
      "id" : "s1-t14",
      "begin" : 587,
      "end" : 593,
      "text" : "County",
      "whiteSpace" : false
    }, {
      "id" : "s1-t15",
      "begin" : 594,
      "end" : 602,
      "text" : "Surveyor",
      "whiteSpace" : false
    }, {
      "id" : "s1-t16",
      "begin" : 602,
      "end" : 603,
      "text" : ".",
      "whiteSpace" : false
    } ]
  }, {
    "id" : "s2",
    "begin" : 604,
    "end" : 843,
    "text" : "Being the same property conveyed to RONALD L. HOBSON and wife, CANDACE R. HOBSON by deed from MARY MARTIN (also known as MARY MARTIN LANE), a single person, dated September 2, 1995 and of record in Volume 167, Page 25, in the Registers Of?",
    "tokens" : [ {
      "id" : "s2-t0",
      "begin" : 604,
      "end" : 609,
      "text" : "Being",
      "whiteSpace" : false
    }, {
      "id" : "s2-t1",
      "begin" : 610,
      "end" : 613,
      "text" : "the",
      "whiteSpace" : false
    }, {
      "id" : "s2-t2",
      "begin" : 614,
      "end" : 618,
      "text" : "same",
      "whiteSpace" : false
    }, {
      "id" : "s2-t3",
      "begin" : 619,
      "end" : 627,
      "text" : "property",
      "whiteSpace" : false
    }, {
      "id" : "s2-t4",
      "begin" : 628,
      "end" : 636,
      "text" : "conveyed",
      "whiteSpace" : false
    }, {
      "id" : "s2-t5",
      "begin" : 637,
      "end" : 639,
      "text" : "to",
      "whiteSpace" : false
    }, {
      "id" : "s2-t6",
      "begin" : 640,
      "end" : 646,
      "text" : "RONALD",
      "whiteSpace" : false
    }, {
      "id" : "s2-t7",
      "begin" : 647,
      "end" : 649,
      "text" : "L.",
      "whiteSpace" : false
    }, {
      "id" : "s2-t8",
      "begin" : 650,
      "end" : 656,
      "text" : "HOBSON",
      "whiteSpace" : false
    }, {
      "id" : "s2-t9",
      "begin" : 657,
      "end" : 660,
      "text" : "and",
      "whiteSpace" : false
    }, {
      "id" : "s2-t10",
      "begin" : 661,
      "end" : 665,
      "text" : "wife",
      "whiteSpace" : false
    }, {
      "id" : "s2-t11",
      "begin" : 665,
      "end" : 666,
      "text" : ",",
      "whiteSpace" : false
    }, {
      "id" : "s2-t12",
      "begin" : 667,
      "end" : 674,
      "text" : "CANDACE",
      "whiteSpace" : false
    }, {
      "id" : "s2-t13",
      "begin" : 675,
      "end" : 677,
      "text" : "R.",
      "whiteSpace" : false
    }, {
      "id" : "s2-t14",
      "begin" : 678,
      "end" : 684,
      "text" : "HOBSON",
      "whiteSpace" : false
    }, {
      "id" : "s2-t15",
      "begin" : 685,
      "end" : 687,
      "text" : "by",
      "whiteSpace" : false
    }, {
      "id" : "s2-t16",
      "begin" : 688,
      "end" : 692,
      "text" : "deed",
      "whiteSpace" : false
    }, {
      "id" : "s2-t17",
      "begin" : 693,
      "end" : 697,
      "text" : "from",
      "whiteSpace" : false
    }, {
      "id" : "s2-t18",
      "begin" : 698,
      "end" : 702,
      "text" : "MARY",
      "whiteSpace" : false
    }, {
      "id" : "s2-t19",
      "begin" : 703,
      "end" : 709,
      "text" : "MARTIN",
      "whiteSpace" : false
    }, {
      "id" : "s2-t20",
      "begin" : 710,
      "end" : 711,
      "text" : "(",
      "whiteSpace" : false
    }, {
      "id" : "s2-t21",
      "begin" : 711,
      "end" : 715,
      "text" : "also",
      "whiteSpace" : false
    }, {
      "id" : "s2-t22",
      "begin" : 716,
      "end" : 721,
      "text" : "known",
      "whiteSpace" : false
    }, {
      "id" : "s2-t23",
      "begin" : 722,
      "end" : 724,
      "text" : "as",
      "whiteSpace" : false
    }, {
      "id" : "s2-t24",
      "begin" : 725,
      "end" : 729,
      "text" : "MARY",
      "whiteSpace" : false
    }, {
      "id" : "s2-t25",
      "begin" : 730,
      "end" : 736,
      "text" : "MARTIN",
      "whiteSpace" : false
    }, {
      "id" : "s2-t26",
      "begin" : 737,
      "end" : 741,
      "text" : "LANE",
      "whiteSpace" : false
    }, {
      "id" : "s2-t27",
      "begin" : 741,
      "end" : 742,
      "text" : ")",
      "whiteSpace" : false
    }, {
      "id" : "s2-t28",
      "begin" : 742,
      "end" : 743,
      "text" : ",",
      "whiteSpace" : false
    }, {
      "id" : "s2-t29",
      "begin" : 744,
      "end" : 745,
      "text" : "a",
      "whiteSpace" : false
    }, {
      "id" : "s2-t30",
      "begin" : 746,
      "end" : 752,
      "text" : "single",
      "whiteSpace" : false
    }, {
      "id" : "s2-t31",
      "begin" : 753,
      "end" : 759,
      "text" : "person",
      "whiteSpace" : false
    }, {
      "id" : "s2-t32",
      "begin" : 759,
      "end" : 760,
      "text" : ",",
      "whiteSpace" : false
    }, {
      "id" : "s2-t33",
      "begin" : 761,
      "end" : 766,
      "text" : "dated",
      "whiteSpace" : false
    }, {
      "id" : "s2-t34",
      "begin" : 767,
      "end" : 776,
      "text" : "September",
      "whiteSpace" : false
    }, {
      "id" : "s2-t35",
      "begin" : 777,
      "end" : 778,
      "text" : "2",
      "whiteSpace" : false
    }, {
      "id" : "s2-t36",
      "begin" : 778,
      "end" : 779,
      "text" : ",",
      "whiteSpace" : false
    }, {
      "id" : "s2-t37",
      "begin" : 780,
      "end" : 784,
      "text" : "1995",
      "whiteSpace" : false
    }, {
      "id" : "s2-t38",
      "begin" : 785,
      "end" : 788,
      "text" : "and",
      "whiteSpace" : false
    }, {
      "id" : "s2-t39",
      "begin" : 789,
      "end" : 791,
      "text" : "of",
      "whiteSpace" : false
    }, {
      "id" : "s2-t40",
      "begin" : 792,
      "end" : 798,
      "text" : "record",
      "whiteSpace" : false
    }, {
      "id" : "s2-t41",
      "begin" : 799,
      "end" : 801,
      "text" : "in",
      "whiteSpace" : false
    }, {
      "id" : "s2-t42",
      "begin" : 802,
      "end" : 808,
      "text" : "Volume",
      "whiteSpace" : false
    }, {
      "id" : "s2-t43",
      "begin" : 809,
      "end" : 812,
      "text" : "167",
      "whiteSpace" : false
    }, {
      "id" : "s2-t44",
      "begin" : 812,
      "end" : 813,
      "text" : ",",
      "whiteSpace" : false
    }, {
      "id" : "s2-t45",
      "begin" : 814,
      "end" : 818,
      "text" : "Page",
      "whiteSpace" : false
    }, {
      "id" : "s2-t46",
      "begin" : 819,
      "end" : 821,
      "text" : "25",
      "whiteSpace" : false
    }, {
      "id" : "s2-t47",
      "begin" : 821,
      "end" : 822,
      "text" : ",",
      "whiteSpace" : false
    }, {
      "id" : "s2-t48",
      "begin" : 823,
      "end" : 825,
      "text" : "in",
      "whiteSpace" : false
    }, {
      "id" : "s2-t49",
      "begin" : 826,
      "end" : 829,
      "text" : "the",
      "whiteSpace" : false
    }, {
      "id" : "s2-t50",
      "begin" : 830,
      "end" : 839,
      "text" : "Registers",
      "whiteSpace" : false
    }, {
      "id" : "s2-t51",
      "begin" : 840,
      "end" : 842,
      "text" : "Of",
      "whiteSpace" : false
    }, {
      "id" : "s2-t52",
      "begin" : 842,
      "end" : 843,
      "text" : "?",
      "whiteSpace" : false
    } ]
  }, {
    "id" : "s3",
    "begin" : 843,
    "end" : 879,
    "text" : "??ce of Humphreys County, Tennessee.",
    "tokens" : [ {
      "id" : "s3-t0",
      "begin" : 843,
      "end" : 847,
      "text" : "??ce",
      "whiteSpace" : false
    }, {
      "id" : "s3-t1",
      "begin" : 848,
      "end" : 850,
      "text" : "of",
      "whiteSpace" : false
    }, {
      "id" : "s3-t2",
      "begin" : 851,
      "end" : 860,
      "text" : "Humphreys",
      "whiteSpace" : false
    }, {
      "id" : "s3-t3",
      "begin" : 861,
      "end" : 867,
      "text" : "County",
      "whiteSpace" : false
    }, {
      "id" : "s3-t4",
      "begin" : 867,
      "end" : 868,
      "text" : ",",
      "whiteSpace" : false
    }, {
      "id" : "s3-t5",
      "begin" : 869,
      "end" : 878,
      "text" : "Tennessee",
      "whiteSpace" : false
    }, {
      "id" : "s3-t6",
      "begin" : 878,
      "end" : 879,
      "text" : ".",
      "whiteSpace" : false
    } ]
  }, {
    "id" : "s4",
    "begin" : 880,
    "end" : 921,
    "text" : "This property is subject to the right-of?",
    "tokens" : [ {
      "id" : "s4-t0",
      "begin" : 880,
      "end" : 884,
      "text" : "This",
      "whiteSpace" : false
    }, {
      "id" : "s4-t1",
      "begin" : 885,
      "end" : 893,
      "text" : "property",
      "whiteSpace" : false
    }, {
      "id" : "s4-t2",
      "begin" : 894,
      "end" : 896,
      "text" : "is",
      "whiteSpace" : false
    }, {
      "id" : "s4-t3",
      "begin" : 897,
      "end" : 904,
      "text" : "subject",
      "whiteSpace" : false
    }, {
      "id" : "s4-t4",
      "begin" : 905,
      "end" : 907,
      "text" : "to",
      "whiteSpace" : false
    }, {
      "id" : "s4-t5",
      "begin" : 908,
      "end" : 911,
      "text" : "the",
      "whiteSpace" : false
    }, {
      "id" : "s4-t6",
      "begin" : 912,
      "end" : 917,
      "text" : "right",
      "whiteSpace" : false
    }, {
      "id" : "s4-t7",
      "begin" : 917,
      "end" : 918,
      "text" : "-",
      "whiteSpace" : false
    }, {
      "id" : "s4-t8",
      "begin" : 918,
      "end" : 920,
      "text" : "of",
      "whiteSpace" : false
    }, {
      "id" : "s4-t9",
      "begin" : 920,
      "end" : 921,
      "text" : "?",
      "whiteSpace" : false
    } ]
  }, {
    "id" : "s5",
    "begin" : 921,
    "end" : 1161,
    "text" : "??way for Hargis Road To Have and to Hold the said tract or parcel of land, with the appurtenances, estate, title, and interest thereto belonging, to the said PALMER E. HOBSON, JR. and wife, LAURIE HOBSON,_ their heirs and assigns, forever.",
    "tokens" : [ {
      "id" : "s5-t0",
      "begin" : 921,
      "end" : 926,
      "text" : "??way",
      "whiteSpace" : false
    }, {
      "id" : "s5-t1",
      "begin" : 927,
      "end" : 930,
      "text" : "for",
      "whiteSpace" : false
    }, {
      "id" : "s5-t2",
      "begin" : 931,
      "end" : 937,
      "text" : "Hargis",
      "whiteSpace" : false
    }, {
      "id" : "s5-t3",
      "begin" : 938,
      "end" : 942,
      "text" : "Road",
      "whiteSpace" : false
    }, {
      "id" : "s5-t4",
      "begin" : 943,
      "end" : 945,
      "text" : "To",
      "whiteSpace" : false
    }, {
      "id" : "s5-t5",
      "begin" : 946,
      "end" : 950,
      "text" : "Have",
      "whiteSpace" : false
    }, {
      "id" : "s5-t6",
      "begin" : 951,
      "end" : 954,
      "text" : "and",
      "whiteSpace" : false
    }, {
      "id" : "s5-t7",
      "begin" : 955,
      "end" : 957,
      "text" : "to",
      "whiteSpace" : false
    }, {
      "id" : "s5-t8",
      "begin" : 958,
      "end" : 962,
      "text" : "Hold",
      "whiteSpace" : false
    }, {
      "id" : "s5-t9",
      "begin" : 963,
      "end" : 966,
      "text" : "the",
      "whiteSpace" : false
    }, {
      "id" : "s5-t10",
      "begin" : 967,
      "end" : 971,
      "text" : "said",
      "whiteSpace" : false
    }, {
      "id" : "s5-t11",
      "begin" : 972,
      "end" : 977,
      "text" : "tract",
      "whiteSpace" : false
    }, {
      "id" : "s5-t12",
      "begin" : 978,
      "end" : 980,
      "text" : "or",
      "whiteSpace" : false
    }, {
      "id" : "s5-t13",
      "begin" : 981,
      "end" : 987,
      "text" : "parcel",
      "whiteSpace" : false
    }, {
      "id" : "s5-t14",
      "begin" : 988,
      "end" : 990,
      "text" : "of",
      "whiteSpace" : false
    }, {
      "id" : "s5-t15",
      "begin" : 991,
      "end" : 995,
      "text" : "land",
      "whiteSpace" : false
    }, {
      "id" : "s5-t16",
      "begin" : 995,
      "end" : 996,
      "text" : ",",
      "whiteSpace" : false
    }, {
      "id" : "s5-t17",
      "begin" : 997,
      "end" : 1001,
      "text" : "with",
      "whiteSpace" : false
    }, {
      "id" : "s5-t18",
      "begin" : 1002,
      "end" : 1005,
      "text" : "the",
      "whiteSpace" : false
    }, {
      "id" : "s5-t19",
      "begin" : 1006,
      "end" : 1019,
      "text" : "appurtenances",
      "whiteSpace" : false
    }, {
      "id" : "s5-t20",
      "begin" : 1019,
      "end" : 1020,
      "text" : ",",
      "whiteSpace" : false
    }, {
      "id" : "s5-t21",
      "begin" : 1021,
      "end" : 1027,
      "text" : "estate",
      "whiteSpace" : false
    }, {
      "id" : "s5-t22",
      "begin" : 1027,
      "end" : 1028,
      "text" : ",",
      "whiteSpace" : false
    }, {
      "id" : "s5-t23",
      "begin" : 1029,
      "end" : 1034,
      "text" : "title",
      "whiteSpace" : false
    }, {
      "id" : "s5-t24",
      "begin" : 1034,
      "end" : 1035,
      "text" : ",",
      "whiteSpace" : false
    }, {
      "id" : "s5-t25",
      "begin" : 1036,
      "end" : 1039,
      "text" : "and",
      "whiteSpace" : false
    }, {
      "id" : "s5-t26",
      "begin" : 1040,
      "end" : 1048,
      "text" : "interest",
      "whiteSpace" : false
    }, {
      "id" : "s5-t27",
      "begin" : 1049,
      "end" : 1056,
      "text" : "thereto",
      "whiteSpace" : false
    }, {
      "id" : "s5-t28",
      "begin" : 1057,
      "end" : 1066,
      "text" : "belonging",
      "whiteSpace" : false
    }, {
      "id" : "s5-t29",
      "begin" : 1066,
      "end" : 1067,
      "text" : ",",
      "whiteSpace" : false
    }, {
      "id" : "s5-t30",
      "begin" : 1068,
      "end" : 1070,
      "text" : "to",
      "whiteSpace" : false
    }, {
      "id" : "s5-t31",
      "begin" : 1071,
      "end" : 1074,
      "text" : "the",
      "whiteSpace" : false
    }, {
      "id" : "s5-t32",
      "begin" : 1075,
      "end" : 1079,
      "text" : "said",
      "whiteSpace" : false
    }, {
      "id" : "s5-t33",
      "begin" : 1080,
      "end" : 1086,
      "text" : "PALMER",
      "whiteSpace" : false
    }, {
      "id" : "s5-t34",
      "begin" : 1087,
      "end" : 1089,
      "text" : "E.",
      "whiteSpace" : false
    }, {
      "id" : "s5-t35",
      "begin" : 1090,
      "end" : 1096,
      "text" : "HOBSON",
      "whiteSpace" : false
    }, {
      "id" : "s5-t36",
      "begin" : 1096,
      "end" : 1097,
      "text" : ",",
      "whiteSpace" : false
    }, {
      "id" : "s5-t37",
      "begin" : 1098,
      "end" : 1101,
      "text" : "JR.",
      "whiteSpace" : false
    }, {
      "id" : "s5-t38",
      "begin" : 1102,
      "end" : 1105,
      "text" : "and",
      "whiteSpace" : false
    }, {
      "id" : "s5-t39",
      "begin" : 1106,
      "end" : 1110,
      "text" : "wife",
      "whiteSpace" : false
    }, {
      "id" : "s5-t40",
      "begin" : 1110,
      "end" : 1111,
      "text" : ",",
      "whiteSpace" : false
    }, {
      "id" : "s5-t41",
      "begin" : 1112,
      "end" : 1118,
      "text" : "LAURIE",
      "whiteSpace" : false
    }, {
      "id" : "s5-t42",
      "begin" : 1119,
      "end" : 1125,
      "text" : "HOBSON",
      "whiteSpace" : false
    }, {
      "id" : "s5-t43",
      "begin" : 1125,
      "end" : 1126,
      "text" : ",",
      "whiteSpace" : false
    }, {
      "id" : "s5-t44",
      "begin" : 1126,
      "end" : 1127,
      "text" : "_",
      "whiteSpace" : false
    }, {
      "id" : "s5-t45",
      "begin" : 1128,
      "end" : 1133,
      "text" : "their",
      "whiteSpace" : false
    }, {
      "id" : "s5-t46",
      "begin" : 1134,
      "end" : 1139,
      "text" : "heirs",
      "whiteSpace" : false
    }, {
      "id" : "s5-t47",
      "begin" : 1140,
      "end" : 1143,
      "text" : "and",
      "whiteSpace" : false
    }, {
      "id" : "s5-t48",
      "begin" : 1144,
      "end" : 1151,
      "text" : "assigns",
      "whiteSpace" : false
    }, {
      "id" : "s5-t49",
      "begin" : 1151,
      "end" : 1152,
      "text" : ",",
      "whiteSpace" : false
    }, {
      "id" : "s5-t50",
      "begin" : 1153,
      "end" : 1160,
      "text" : "forever",
      "whiteSpace" : false
    }, {
      "id" : "s5-t51",
      "begin" : 1160,
      "end" : 1161,
      "text" : ".",
      "whiteSpace" : false
    } ]
  }, {
    "id" : "s6",
    "begin" : 1162,
    "end" : 1241,
    "text" : "And we do covenant with the said PALMER E. HOBSON, JR. and wife, LAURIE HOBSON,",
    "tokens" : [ {
      "id" : "s6-t0",
      "begin" : 1162,
      "end" : 1165,
      "text" : "And",
      "whiteSpace" : false
    }, {
      "id" : "s6-t1",
      "begin" : 1166,
      "end" : 1168,
      "text" : "we",
      "whiteSpace" : false
    }, {
      "id" : "s6-t2",
      "begin" : 1169,
      "end" : 1171,
      "text" : "do",
      "whiteSpace" : false
    }, {
      "id" : "s6-t3",
      "begin" : 1172,
      "end" : 1180,
      "text" : "covenant",
      "whiteSpace" : false
    }, {
      "id" : "s6-t4",
      "begin" : 1181,
      "end" : 1185,
      "text" : "with",
      "whiteSpace" : false
    }, {
      "id" : "s6-t5",
      "begin" : 1186,
      "end" : 1189,
      "text" : "the",
      "whiteSpace" : false
    }, {
      "id" : "s6-t6",
      "begin" : 1190,
      "end" : 1194,
      "text" : "said",
      "whiteSpace" : false
    }, {
      "id" : "s6-t7",
      "begin" : 1195,
      "end" : 1201,
      "text" : "PALMER",
      "whiteSpace" : false
    }, {
      "id" : "s6-t8",
      "begin" : 1202,
      "end" : 1204,
      "text" : "E.",
      "whiteSpace" : false
    }, {
      "id" : "s6-t9",
      "begin" : 1205,
      "end" : 1211,
      "text" : "HOBSON",
      "whiteSpace" : false
    }, {
      "id" : "s6-t10",
      "begin" : 1211,
      "end" : 1212,
      "text" : ",",
      "whiteSpace" : false
    }, {
      "id" : "s6-t11",
      "begin" : 1213,
      "end" : 1216,
      "text" : "JR.",
      "whiteSpace" : false
    }, {
      "id" : "s6-t12",
      "begin" : 1217,
      "end" : 1220,
      "text" : "and",
      "whiteSpace" : false
    }, {
      "id" : "s6-t13",
      "begin" : 1221,
      "end" : 1225,
      "text" : "wife",
      "whiteSpace" : false
    }, {
      "id" : "s6-t14",
      "begin" : 1225,
      "end" : 1226,
      "text" : ",",
      "whiteSpace" : false
    }, {
      "id" : "s6-t15",
      "begin" : 1227,
      "end" : 1233,
      "text" : "LAURIE",
      "whiteSpace" : false
    }, {
      "id" : "s6-t16",
      "begin" : 1234,
      "end" : 1240,
      "text" : "HOBSON",
      "whiteSpace" : false
    }, {
      "id" : "s6-t17",
      "begin" : 1240,
      "end" : 1241,
      "text" : ",",
      "whiteSpace" : false
    } ]
  } ],
  "mentions" : [ {
    "id" : "s2-m1",
    "properties" : {
      "SIRE_MENTION_ROLE" : "WarrDeedBookNum",
      "SIRE_ENTITY_SUBTYPE" : "NONE",
      "SIRE_MENTION_TYPE" : "NONE",
      "SIRE_MENTION_CLASS" : "SPC"
    },
    "type" : "WarrDeedBookNum",
    "begin" : 809,
    "end" : 812,
    "inCoref" : false
  }, {
    "id" : "s2-m2",
    "properties" : {
      "SIRE_MENTION_ROLE" : "WarrDeedPageNum",
      "SIRE_ENTITY_SUBTYPE" : "NONE",
      "SIRE_MENTION_TYPE" : "NONE",
      "SIRE_MENTION_CLASS" : "SPC"
    },
    "type" : "WarrDeedPageNum",
    "begin" : 819,
    "end" : 821,
    "inCoref" : false
  } ],
  "relations" : [ ],
  "corefs" : [ ],
  "typeResolved" : true,
  "userResolved" : false
}