{
  "id" : "b0cf1d00-50ef-11e9-864f-311976351dcc-9",
  "name" : "WD189-16.txt",
  "createdDate" : 1553732600528,
  "version" : 3,
  "text" : "TENNESSEE WARRANTY DEED IN CONSIDERATION of the sum of ONE DOLLAR ($1.00), cash in hand paid, and other good and valuable considerations, the receipt of which is hereby acknowledged, ALFRED F. JACKSON, the Grantor, do hereby give, grant, bargain, sell, (my) and convey unto JAMES FRANKLIN JACKSON and CHARLOTTE ANNE JACKSON, 1 RUSJ??? n Grantees, their successors and assigns, the hereinafter described real property: SAID PROPERTY is located in Humphreys County, Tennessee, and is described as follows",
  "docLength" : 0,
  "language" : "EN",
  "status" : "SUBMITTED",
  "modifiedDate" : 1553737750326,
  "documentSet" : [ ],
  "preannotation" : [ ],
  "sentences" : [ {
    "id" : "s0",
    "begin" : 0,
    "end" : 334,
    "text" : "TENNESSEE WARRANTY DEED IN CONSIDERATION of the sum of ONE DOLLAR ($1.00), cash in hand paid, and other good and valuable considerations, the receipt of which is hereby acknowledged, ALFRED F. JACKSON, the Grantor, do hereby give, grant, bargain, sell, (my) and convey unto JAMES FRANKLIN JACKSON and CHARLOTTE ANNE JACKSON, 1 RUSJ???",
    "tokens" : [ {
      "id" : "s0-t0",
      "begin" : 0,
      "end" : 9,
      "text" : "TENNESSEE",
      "whiteSpace" : false
    }, {
      "id" : "s0-t1",
      "begin" : 10,
      "end" : 18,
      "text" : "WARRANTY",
      "whiteSpace" : false
    }, {
      "id" : "s0-t2",
      "begin" : 19,
      "end" : 23,
      "text" : "DEED",
      "whiteSpace" : false
    }, {
      "id" : "s0-t3",
      "begin" : 24,
      "end" : 26,
      "text" : "IN",
      "whiteSpace" : false
    }, {
      "id" : "s0-t4",
      "begin" : 27,
      "end" : 40,
      "text" : "CONSIDERATION",
      "whiteSpace" : false
    }, {
      "id" : "s0-t5",
      "begin" : 41,
      "end" : 43,
      "text" : "of",
      "whiteSpace" : false
    }, {
      "id" : "s0-t6",
      "begin" : 44,
      "end" : 47,
      "text" : "the",
      "whiteSpace" : false
    }, {
      "id" : "s0-t7",
      "begin" : 48,
      "end" : 51,
      "text" : "sum",
      "whiteSpace" : false
    }, {
      "id" : "s0-t8",
      "begin" : 52,
      "end" : 54,
      "text" : "of",
      "whiteSpace" : false
    }, {
      "id" : "s0-t9",
      "begin" : 55,
      "end" : 58,
      "text" : "ONE",
      "whiteSpace" : false
    }, {
      "id" : "s0-t10",
      "begin" : 59,
      "end" : 65,
      "text" : "DOLLAR",
      "whiteSpace" : false
    }, {
      "id" : "s0-t11",
      "begin" : 66,
      "end" : 67,
      "text" : "(",
      "whiteSpace" : false
    }, {
      "id" : "s0-t12",
      "begin" : 67,
      "end" : 68,
      "text" : "$",
      "whiteSpace" : false
    }, {
      "id" : "s0-t13",
      "begin" : 68,
      "end" : 72,
      "text" : "1.00",
      "whiteSpace" : false
    }, {
      "id" : "s0-t14",
      "begin" : 72,
      "end" : 73,
      "text" : ")",
      "whiteSpace" : false
    }, {
      "id" : "s0-t15",
      "begin" : 73,
      "end" : 74,
      "text" : ",",
      "whiteSpace" : false
    }, {
      "id" : "s0-t16",
      "begin" : 75,
      "end" : 79,
      "text" : "cash",
      "whiteSpace" : false
    }, {
      "id" : "s0-t17",
      "begin" : 80,
      "end" : 82,
      "text" : "in",
      "whiteSpace" : false
    }, {
      "id" : "s0-t18",
      "begin" : 83,
      "end" : 87,
      "text" : "hand",
      "whiteSpace" : false
    }, {
      "id" : "s0-t19",
      "begin" : 88,
      "end" : 92,
      "text" : "paid",
      "whiteSpace" : false
    }, {
      "id" : "s0-t20",
      "begin" : 92,
      "end" : 93,
      "text" : ",",
      "whiteSpace" : false
    }, {
      "id" : "s0-t21",
      "begin" : 94,
      "end" : 97,
      "text" : "and",
      "whiteSpace" : false
    }, {
      "id" : "s0-t22",
      "begin" : 98,
      "end" : 103,
      "text" : "other",
      "whiteSpace" : false
    }, {
      "id" : "s0-t23",
      "begin" : 104,
      "end" : 108,
      "text" : "good",
      "whiteSpace" : false
    }, {
      "id" : "s0-t24",
      "begin" : 109,
      "end" : 112,
      "text" : "and",
      "whiteSpace" : false
    }, {
      "id" : "s0-t25",
      "begin" : 113,
      "end" : 121,
      "text" : "valuable",
      "whiteSpace" : false
    }, {
      "id" : "s0-t26",
      "begin" : 122,
      "end" : 136,
      "text" : "considerations",
      "whiteSpace" : false
    }, {
      "id" : "s0-t27",
      "begin" : 136,
      "end" : 137,
      "text" : ",",
      "whiteSpace" : false
    }, {
      "id" : "s0-t28",
      "begin" : 138,
      "end" : 141,
      "text" : "the",
      "whiteSpace" : false
    }, {
      "id" : "s0-t29",
      "begin" : 142,
      "end" : 149,
      "text" : "receipt",
      "whiteSpace" : false
    }, {
      "id" : "s0-t30",
      "begin" : 150,
      "end" : 152,
      "text" : "of",
      "whiteSpace" : false
    }, {
      "id" : "s0-t31",
      "begin" : 153,
      "end" : 158,
      "text" : "which",
      "whiteSpace" : false
    }, {
      "id" : "s0-t32",
      "begin" : 159,
      "end" : 161,
      "text" : "is",
      "whiteSpace" : false
    }, {
      "id" : "s0-t33",
      "begin" : 162,
      "end" : 168,
      "text" : "hereby",
      "whiteSpace" : false
    }, {
      "id" : "s0-t34",
      "begin" : 169,
      "end" : 181,
      "text" : "acknowledged",
      "whiteSpace" : false
    }, {
      "id" : "s0-t35",
      "begin" : 181,
      "end" : 182,
      "text" : ",",
      "whiteSpace" : false
    }, {
      "id" : "s0-t36",
      "begin" : 183,
      "end" : 189,
      "text" : "ALFRED",
      "whiteSpace" : false
    }, {
      "id" : "s0-t37",
      "begin" : 190,
      "end" : 192,
      "text" : "F.",
      "whiteSpace" : false
    }, {
      "id" : "s0-t38",
      "begin" : 193,
      "end" : 200,
      "text" : "JACKSON",
      "whiteSpace" : false
    }, {
      "id" : "s0-t39",
      "begin" : 200,
      "end" : 201,
      "text" : ",",
      "whiteSpace" : false
    }, {
      "id" : "s0-t40",
      "begin" : 202,
      "end" : 205,
      "text" : "the",
      "whiteSpace" : false
    }, {
      "id" : "s0-t41",
      "begin" : 206,
      "end" : 213,
      "text" : "Grantor",
      "whiteSpace" : false
    }, {
      "id" : "s0-t42",
      "begin" : 213,
      "end" : 214,
      "text" : ",",
      "whiteSpace" : false
    }, {
      "id" : "s0-t43",
      "begin" : 215,
      "end" : 217,
      "text" : "do",
      "whiteSpace" : false
    }, {
      "id" : "s0-t44",
      "begin" : 218,
      "end" : 224,
      "text" : "hereby",
      "whiteSpace" : false
    }, {
      "id" : "s0-t45",
      "begin" : 225,
      "end" : 229,
      "text" : "give",
      "whiteSpace" : false
    }, {
      "id" : "s0-t46",
      "begin" : 229,
      "end" : 230,
      "text" : ",",
      "whiteSpace" : false
    }, {
      "id" : "s0-t47",
      "begin" : 231,
      "end" : 236,
      "text" : "grant",
      "whiteSpace" : false
    }, {
      "id" : "s0-t48",
      "begin" : 236,
      "end" : 237,
      "text" : ",",
      "whiteSpace" : false
    }, {
      "id" : "s0-t49",
      "begin" : 238,
      "end" : 245,
      "text" : "bargain",
      "whiteSpace" : false
    }, {
      "id" : "s0-t50",
      "begin" : 245,
      "end" : 246,
      "text" : ",",
      "whiteSpace" : false
    }, {
      "id" : "s0-t51",
      "begin" : 247,
      "end" : 251,
      "text" : "sell",
      "whiteSpace" : false
    }, {
      "id" : "s0-t52",
      "begin" : 251,
      "end" : 252,
      "text" : ",",
      "whiteSpace" : false
    }, {
      "id" : "s0-t53",
      "begin" : 253,
      "end" : 254,
      "text" : "(",
      "whiteSpace" : false
    }, {
      "id" : "s0-t54",
      "begin" : 254,
      "end" : 256,
      "text" : "my",
      "whiteSpace" : false
    }, {
      "id" : "s0-t55",
      "begin" : 256,
      "end" : 257,
      "text" : ")",
      "whiteSpace" : false
    }, {
      "id" : "s0-t56",
      "begin" : 258,
      "end" : 261,
      "text" : "and",
      "whiteSpace" : false
    }, {
      "id" : "s0-t57",
      "begin" : 262,
      "end" : 268,
      "text" : "convey",
      "whiteSpace" : false
    }, {
      "id" : "s0-t58",
      "begin" : 269,
      "end" : 273,
      "text" : "unto",
      "whiteSpace" : false
    }, {
      "id" : "s0-t59",
      "begin" : 274,
      "end" : 279,
      "text" : "JAMES",
      "whiteSpace" : false
    }, {
      "id" : "s0-t60",
      "begin" : 280,
      "end" : 288,
      "text" : "FRANKLIN",
      "whiteSpace" : false
    }, {
      "id" : "s0-t61",
      "begin" : 289,
      "end" : 296,
      "text" : "JACKSON",
      "whiteSpace" : false
    }, {
      "id" : "s0-t62",
      "begin" : 297,
      "end" : 300,
      "text" : "and",
      "whiteSpace" : false
    }, {
      "id" : "s0-t63",
      "begin" : 301,
      "end" : 310,
      "text" : "CHARLOTTE",
      "whiteSpace" : false
    }, {
      "id" : "s0-t64",
      "begin" : 311,
      "end" : 315,
      "text" : "ANNE",
      "whiteSpace" : false
    }, {
      "id" : "s0-t65",
      "begin" : 316,
      "end" : 323,
      "text" : "JACKSON",
      "whiteSpace" : false
    }, {
      "id" : "s0-t66",
      "begin" : 323,
      "end" : 324,
      "text" : ",",
      "whiteSpace" : false
    }, {
      "id" : "s0-t67",
      "begin" : 325,
      "end" : 326,
      "text" : "1",
      "whiteSpace" : false
    }, {
      "id" : "s0-t68",
      "begin" : 327,
      "end" : 333,
      "text" : "RUSJ??",
      "whiteSpace" : false
    }, {
      "id" : "s0-t69",
      "begin" : 333,
      "end" : 334,
      "text" : "?",
      "whiteSpace" : false
    } ]
  }, {
    "id" : "s1",
    "begin" : 335,
    "end" : 502,
    "text" : "n Grantees, their successors and assigns, the hereinafter described real property: SAID PROPERTY is located in Humphreys County, Tennessee, and is described as follows",
    "tokens" : [ {
      "id" : "s1-t0",
      "begin" : 335,
      "end" : 336,
      "text" : "n",
      "whiteSpace" : false
    }, {
      "id" : "s1-t1",
      "begin" : 337,
      "end" : 345,
      "text" : "Grantees",
      "whiteSpace" : false
    }, {
      "id" : "s1-t2",
      "begin" : 345,
      "end" : 346,
      "text" : ",",
      "whiteSpace" : false
    }, {
      "id" : "s1-t3",
      "begin" : 347,
      "end" : 352,
      "text" : "their",
      "whiteSpace" : false
    }, {
      "id" : "s1-t4",
      "begin" : 353,
      "end" : 363,
      "text" : "successors",
      "whiteSpace" : false
    }, {
      "id" : "s1-t5",
      "begin" : 364,
      "end" : 367,
      "text" : "and",
      "whiteSpace" : false
    }, {
      "id" : "s1-t6",
      "begin" : 368,
      "end" : 375,
      "text" : "assigns",
      "whiteSpace" : false
    }, {
      "id" : "s1-t7",
      "begin" : 375,
      "end" : 376,
      "text" : ",",
      "whiteSpace" : false
    }, {
      "id" : "s1-t8",
      "begin" : 377,
      "end" : 380,
      "text" : "the",
      "whiteSpace" : false
    }, {
      "id" : "s1-t9",
      "begin" : 381,
      "end" : 392,
      "text" : "hereinafter",
      "whiteSpace" : false
    }, {
      "id" : "s1-t10",
      "begin" : 393,
      "end" : 402,
      "text" : "described",
      "whiteSpace" : false
    }, {
      "id" : "s1-t11",
      "begin" : 403,
      "end" : 407,
      "text" : "real",
      "whiteSpace" : false
    }, {
      "id" : "s1-t12",
      "begin" : 408,
      "end" : 416,
      "text" : "property",
      "whiteSpace" : false
    }, {
      "id" : "s1-t13",
      "begin" : 416,
      "end" : 417,
      "text" : ":",
      "whiteSpace" : false
    }, {
      "id" : "s1-t14",
      "begin" : 418,
      "end" : 422,
      "text" : "SAID",
      "whiteSpace" : false
    }, {
      "id" : "s1-t15",
      "begin" : 423,
      "end" : 431,
      "text" : "PROPERTY",
      "whiteSpace" : false
    }, {
      "id" : "s1-t16",
      "begin" : 432,
      "end" : 434,
      "text" : "is",
      "whiteSpace" : false
    }, {
      "id" : "s1-t17",
      "begin" : 435,
      "end" : 442,
      "text" : "located",
      "whiteSpace" : false
    }, {
      "id" : "s1-t18",
      "begin" : 443,
      "end" : 445,
      "text" : "in",
      "whiteSpace" : false
    }, {
      "id" : "s1-t19",
      "begin" : 446,
      "end" : 455,
      "text" : "Humphreys",
      "whiteSpace" : false
    }, {
      "id" : "s1-t20",
      "begin" : 456,
      "end" : 462,
      "text" : "County",
      "whiteSpace" : false
    }, {
      "id" : "s1-t21",
      "begin" : 462,
      "end" : 463,
      "text" : ",",
      "whiteSpace" : false
    }, {
      "id" : "s1-t22",
      "begin" : 464,
      "end" : 473,
      "text" : "Tennessee",
      "whiteSpace" : false
    }, {
      "id" : "s1-t23",
      "begin" : 473,
      "end" : 474,
      "text" : ",",
      "whiteSpace" : false
    }, {
      "id" : "s1-t24",
      "begin" : 475,
      "end" : 478,
      "text" : "and",
      "whiteSpace" : false
    }, {
      "id" : "s1-t25",
      "begin" : 479,
      "end" : 481,
      "text" : "is",
      "whiteSpace" : false
    }, {
      "id" : "s1-t26",
      "begin" : 482,
      "end" : 491,
      "text" : "described",
      "whiteSpace" : false
    }, {
      "id" : "s1-t27",
      "begin" : 492,
      "end" : 494,
      "text" : "as",
      "whiteSpace" : false
    }, {
      "id" : "s1-t28",
      "begin" : 495,
      "end" : 502,
      "text" : "follows",
      "whiteSpace" : false
    } ]
  } ],
  "mentions" : [ {
    "id" : "s0-m1",
    "properties" : {
      "SIRE_MENTION_ROLE" : "Grantor",
      "SIRE_ENTITY_SUBTYPE" : "NONE",
      "SIRE_MENTION_TYPE" : "NONE",
      "SIRE_MENTION_CLASS" : "SPC"
    },
    "type" : "Grantor",
    "begin" : 183,
    "end" : 200,
    "inCoref" : false
  }, {
    "id" : "s0-m2",
    "properties" : {
      "SIRE_MENTION_ROLE" : "Grantee",
      "SIRE_ENTITY_SUBTYPE" : "NONE",
      "SIRE_MENTION_TYPE" : "NONE",
      "SIRE_MENTION_CLASS" : "SPC"
    },
    "type" : "Grantee",
    "begin" : 274,
    "end" : 296,
    "inCoref" : false
  } ],
  "relations" : [ ],
  "corefs" : [ ],
  "typeResolved" : true,
  "userResolved" : false
}