{
  "id" : "ba29a320-54dc-11e9-9b8e-4bc9d96d3dde-14",
  "name" : "WD184-3.txt",
  "createdDate" : 1554164260434,
  "version" : 3,
  "text" : "TINNELL, this date have bargained and sold, and by these presents do transfer and convey unto EMMANUEL HOMES, INC., a Tennessee corporation, its successors and assigns, a certain tract or parcel of land in the Second Civil District of Humphreys County, Tennessee, being more particularly described as follows: BEING a certain lot or parcel ofland lying and being situated in the Second Civil District of Humphreys County, Tennessee, located in the City of Waverly, Tennessee, and being Lot No. 35 of the Tinnell Station 245, Register???s Of???ce of Humphreys County, Tennessee, to which reference is hereby made for a more complete description. Being a portion ofthe property conveyed to H. C. Tinncll by deed ofrecord in Deed Book 165, page 38, Register???s Of???ce of Humphreys County, Tennessee. ELIE $315134 PE 3? This conveyance is made subject to the following: 1 . 2. TO HAVE AND TO HOLD the said tract or parcel ofland, with the appurtenances, estate. title. and interest thereto belonging, to the said EMMANUEL HOMES. INC, its successors and assigns. forever. ",
  "docLength" : 0,
  "language" : "EN",
  "status" : "SUBMITTED",
  "modifiedDate" : 1554165894166,
  "documentSet" : [ ],
  "preannotation" : [ ],
  "sentences" : [ {
    "id" : "s0",
    "begin" : 0,
    "end" : 534,
    "text" : "TINNELL, this date have bargained and sold, and by these presents do transfer and convey unto EMMANUEL HOMES, INC., a Tennessee corporation, its successors and assigns, a certain tract or parcel of land in the Second Civil District of Humphreys County, Tennessee, being more particularly described as follows: BEING a certain lot or parcel ofland lying and being situated in the Second Civil District of Humphreys County, Tennessee, located in the City of Waverly, Tennessee, and being Lot No. 35 of the Tinnell Station 245, Register?",
    "tokens" : [ {
      "id" : "s0-t0",
      "begin" : 0,
      "end" : 7,
      "text" : "TINNELL",
      "whiteSpace" : false
    }, {
      "id" : "s0-t1",
      "begin" : 7,
      "end" : 8,
      "text" : ",",
      "whiteSpace" : false
    }, {
      "id" : "s0-t2",
      "begin" : 9,
      "end" : 13,
      "text" : "this",
      "whiteSpace" : false
    }, {
      "id" : "s0-t3",
      "begin" : 14,
      "end" : 18,
      "text" : "date",
      "whiteSpace" : false
    }, {
      "id" : "s0-t4",
      "begin" : 19,
      "end" : 23,
      "text" : "have",
      "whiteSpace" : false
    }, {
      "id" : "s0-t5",
      "begin" : 24,
      "end" : 33,
      "text" : "bargained",
      "whiteSpace" : false
    }, {
      "id" : "s0-t6",
      "begin" : 34,
      "end" : 37,
      "text" : "and",
      "whiteSpace" : false
    }, {
      "id" : "s0-t7",
      "begin" : 38,
      "end" : 42,
      "text" : "sold",
      "whiteSpace" : false
    }, {
      "id" : "s0-t8",
      "begin" : 42,
      "end" : 43,
      "text" : ",",
      "whiteSpace" : false
    }, {
      "id" : "s0-t9",
      "begin" : 44,
      "end" : 47,
      "text" : "and",
      "whiteSpace" : false
    }, {
      "id" : "s0-t10",
      "begin" : 48,
      "end" : 50,
      "text" : "by",
      "whiteSpace" : false
    }, {
      "id" : "s0-t11",
      "begin" : 51,
      "end" : 56,
      "text" : "these",
      "whiteSpace" : false
    }, {
      "id" : "s0-t12",
      "begin" : 57,
      "end" : 65,
      "text" : "presents",
      "whiteSpace" : false
    }, {
      "id" : "s0-t13",
      "begin" : 66,
      "end" : 68,
      "text" : "do",
      "whiteSpace" : false
    }, {
      "id" : "s0-t14",
      "begin" : 69,
      "end" : 77,
      "text" : "transfer",
      "whiteSpace" : false
    }, {
      "id" : "s0-t15",
      "begin" : 78,
      "end" : 81,
      "text" : "and",
      "whiteSpace" : false
    }, {
      "id" : "s0-t16",
      "begin" : 82,
      "end" : 88,
      "text" : "convey",
      "whiteSpace" : false
    }, {
      "id" : "s0-t17",
      "begin" : 89,
      "end" : 93,
      "text" : "unto",
      "whiteSpace" : false
    }, {
      "id" : "s0-t18",
      "begin" : 94,
      "end" : 102,
      "text" : "EMMANUEL",
      "whiteSpace" : false
    }, {
      "id" : "s0-t19",
      "begin" : 103,
      "end" : 108,
      "text" : "HOMES",
      "whiteSpace" : false
    }, {
      "id" : "s0-t20",
      "begin" : 108,
      "end" : 109,
      "text" : ",",
      "whiteSpace" : false
    }, {
      "id" : "s0-t21",
      "begin" : 110,
      "end" : 114,
      "text" : "INC.",
      "whiteSpace" : false
    }, {
      "id" : "s0-t22",
      "begin" : 114,
      "end" : 115,
      "text" : ",",
      "whiteSpace" : false
    }, {
      "id" : "s0-t23",
      "begin" : 116,
      "end" : 117,
      "text" : "a",
      "whiteSpace" : false
    }, {
      "id" : "s0-t24",
      "begin" : 118,
      "end" : 127,
      "text" : "Tennessee",
      "whiteSpace" : false
    }, {
      "id" : "s0-t25",
      "begin" : 128,
      "end" : 139,
      "text" : "corporation",
      "whiteSpace" : false
    }, {
      "id" : "s0-t26",
      "begin" : 139,
      "end" : 140,
      "text" : ",",
      "whiteSpace" : false
    }, {
      "id" : "s0-t27",
      "begin" : 141,
      "end" : 144,
      "text" : "its",
      "whiteSpace" : false
    }, {
      "id" : "s0-t28",
      "begin" : 145,
      "end" : 155,
      "text" : "successors",
      "whiteSpace" : false
    }, {
      "id" : "s0-t29",
      "begin" : 156,
      "end" : 159,
      "text" : "and",
      "whiteSpace" : false
    }, {
      "id" : "s0-t30",
      "begin" : 160,
      "end" : 167,
      "text" : "assigns",
      "whiteSpace" : false
    }, {
      "id" : "s0-t31",
      "begin" : 167,
      "end" : 168,
      "text" : ",",
      "whiteSpace" : false
    }, {
      "id" : "s0-t32",
      "begin" : 169,
      "end" : 170,
      "text" : "a",
      "whiteSpace" : false
    }, {
      "id" : "s0-t33",
      "begin" : 171,
      "end" : 178,
      "text" : "certain",
      "whiteSpace" : false
    }, {
      "id" : "s0-t34",
      "begin" : 179,
      "end" : 184,
      "text" : "tract",
      "whiteSpace" : false
    }, {
      "id" : "s0-t35",
      "begin" : 185,
      "end" : 187,
      "text" : "or",
      "whiteSpace" : false
    }, {
      "id" : "s0-t36",
      "begin" : 188,
      "end" : 194,
      "text" : "parcel",
      "whiteSpace" : false
    }, {
      "id" : "s0-t37",
      "begin" : 195,
      "end" : 197,
      "text" : "of",
      "whiteSpace" : false
    }, {
      "id" : "s0-t38",
      "begin" : 198,
      "end" : 202,
      "text" : "land",
      "whiteSpace" : false
    }, {
      "id" : "s0-t39",
      "begin" : 203,
      "end" : 205,
      "text" : "in",
      "whiteSpace" : false
    }, {
      "id" : "s0-t40",
      "begin" : 206,
      "end" : 209,
      "text" : "the",
      "whiteSpace" : false
    }, {
      "id" : "s0-t41",
      "begin" : 210,
      "end" : 216,
      "text" : "Second",
      "whiteSpace" : false
    }, {
      "id" : "s0-t42",
      "begin" : 217,
      "end" : 222,
      "text" : "Civil",
      "whiteSpace" : false
    }, {
      "id" : "s0-t43",
      "begin" : 223,
      "end" : 231,
      "text" : "District",
      "whiteSpace" : false
    }, {
      "id" : "s0-t44",
      "begin" : 232,
      "end" : 234,
      "text" : "of",
      "whiteSpace" : false
    }, {
      "id" : "s0-t45",
      "begin" : 235,
      "end" : 244,
      "text" : "Humphreys",
      "whiteSpace" : false
    }, {
      "id" : "s0-t46",
      "begin" : 245,
      "end" : 251,
      "text" : "County",
      "whiteSpace" : false
    }, {
      "id" : "s0-t47",
      "begin" : 251,
      "end" : 252,
      "text" : ",",
      "whiteSpace" : false
    }, {
      "id" : "s0-t48",
      "begin" : 253,
      "end" : 262,
      "text" : "Tennessee",
      "whiteSpace" : false
    }, {
      "id" : "s0-t49",
      "begin" : 262,
      "end" : 263,
      "text" : ",",
      "whiteSpace" : false
    }, {
      "id" : "s0-t50",
      "begin" : 264,
      "end" : 269,
      "text" : "being",
      "whiteSpace" : false
    }, {
      "id" : "s0-t51",
      "begin" : 270,
      "end" : 274,
      "text" : "more",
      "whiteSpace" : false
    }, {
      "id" : "s0-t52",
      "begin" : 275,
      "end" : 287,
      "text" : "particularly",
      "whiteSpace" : false
    }, {
      "id" : "s0-t53",
      "begin" : 288,
      "end" : 297,
      "text" : "described",
      "whiteSpace" : false
    }, {
      "id" : "s0-t54",
      "begin" : 298,
      "end" : 300,
      "text" : "as",
      "whiteSpace" : false
    }, {
      "id" : "s0-t55",
      "begin" : 301,
      "end" : 308,
      "text" : "follows",
      "whiteSpace" : false
    }, {
      "id" : "s0-t56",
      "begin" : 308,
      "end" : 309,
      "text" : ":",
      "whiteSpace" : false
    }, {
      "id" : "s0-t57",
      "begin" : 310,
      "end" : 315,
      "text" : "BEING",
      "whiteSpace" : false
    }, {
      "id" : "s0-t58",
      "begin" : 316,
      "end" : 317,
      "text" : "a",
      "whiteSpace" : false
    }, {
      "id" : "s0-t59",
      "begin" : 318,
      "end" : 325,
      "text" : "certain",
      "whiteSpace" : false
    }, {
      "id" : "s0-t60",
      "begin" : 326,
      "end" : 329,
      "text" : "lot",
      "whiteSpace" : false
    }, {
      "id" : "s0-t61",
      "begin" : 330,
      "end" : 332,
      "text" : "or",
      "whiteSpace" : false
    }, {
      "id" : "s0-t62",
      "begin" : 333,
      "end" : 339,
      "text" : "parcel",
      "whiteSpace" : false
    }, {
      "id" : "s0-t63",
      "begin" : 340,
      "end" : 346,
      "text" : "ofland",
      "whiteSpace" : false
    }, {
      "id" : "s0-t64",
      "begin" : 347,
      "end" : 352,
      "text" : "lying",
      "whiteSpace" : false
    }, {
      "id" : "s0-t65",
      "begin" : 353,
      "end" : 356,
      "text" : "and",
      "whiteSpace" : false
    }, {
      "id" : "s0-t66",
      "begin" : 357,
      "end" : 362,
      "text" : "being",
      "whiteSpace" : false
    }, {
      "id" : "s0-t67",
      "begin" : 363,
      "end" : 371,
      "text" : "situated",
      "whiteSpace" : false
    }, {
      "id" : "s0-t68",
      "begin" : 372,
      "end" : 374,
      "text" : "in",
      "whiteSpace" : false
    }, {
      "id" : "s0-t69",
      "begin" : 375,
      "end" : 378,
      "text" : "the",
      "whiteSpace" : false
    }, {
      "id" : "s0-t70",
      "begin" : 379,
      "end" : 385,
      "text" : "Second",
      "whiteSpace" : false
    }, {
      "id" : "s0-t71",
      "begin" : 386,
      "end" : 391,
      "text" : "Civil",
      "whiteSpace" : false
    }, {
      "id" : "s0-t72",
      "begin" : 392,
      "end" : 400,
      "text" : "District",
      "whiteSpace" : false
    }, {
      "id" : "s0-t73",
      "begin" : 401,
      "end" : 403,
      "text" : "of",
      "whiteSpace" : false
    }, {
      "id" : "s0-t74",
      "begin" : 404,
      "end" : 413,
      "text" : "Humphreys",
      "whiteSpace" : false
    }, {
      "id" : "s0-t75",
      "begin" : 414,
      "end" : 420,
      "text" : "County",
      "whiteSpace" : false
    }, {
      "id" : "s0-t76",
      "begin" : 420,
      "end" : 421,
      "text" : ",",
      "whiteSpace" : false
    }, {
      "id" : "s0-t77",
      "begin" : 422,
      "end" : 431,
      "text" : "Tennessee",
      "whiteSpace" : false
    }, {
      "id" : "s0-t78",
      "begin" : 431,
      "end" : 432,
      "text" : ",",
      "whiteSpace" : false
    }, {
      "id" : "s0-t79",
      "begin" : 433,
      "end" : 440,
      "text" : "located",
      "whiteSpace" : false
    }, {
      "id" : "s0-t80",
      "begin" : 441,
      "end" : 443,
      "text" : "in",
      "whiteSpace" : false
    }, {
      "id" : "s0-t81",
      "begin" : 444,
      "end" : 447,
      "text" : "the",
      "whiteSpace" : false
    }, {
      "id" : "s0-t82",
      "begin" : 448,
      "end" : 452,
      "text" : "City",
      "whiteSpace" : false
    }, {
      "id" : "s0-t83",
      "begin" : 453,
      "end" : 455,
      "text" : "of",
      "whiteSpace" : false
    }, {
      "id" : "s0-t84",
      "begin" : 456,
      "end" : 463,
      "text" : "Waverly",
      "whiteSpace" : false
    }, {
      "id" : "s0-t85",
      "begin" : 463,
      "end" : 464,
      "text" : ",",
      "whiteSpace" : false
    }, {
      "id" : "s0-t86",
      "begin" : 465,
      "end" : 474,
      "text" : "Tennessee",
      "whiteSpace" : false
    }, {
      "id" : "s0-t87",
      "begin" : 474,
      "end" : 475,
      "text" : ",",
      "whiteSpace" : false
    }, {
      "id" : "s0-t88",
      "begin" : 476,
      "end" : 479,
      "text" : "and",
      "whiteSpace" : false
    }, {
      "id" : "s0-t89",
      "begin" : 480,
      "end" : 485,
      "text" : "being",
      "whiteSpace" : false
    }, {
      "id" : "s0-t90",
      "begin" : 486,
      "end" : 489,
      "text" : "Lot",
      "whiteSpace" : false
    }, {
      "id" : "s0-t91",
      "begin" : 490,
      "end" : 493,
      "text" : "No.",
      "whiteSpace" : false
    }, {
      "id" : "s0-t92",
      "begin" : 494,
      "end" : 496,
      "text" : "35",
      "whiteSpace" : false
    }, {
      "id" : "s0-t93",
      "begin" : 497,
      "end" : 499,
      "text" : "of",
      "whiteSpace" : false
    }, {
      "id" : "s0-t94",
      "begin" : 500,
      "end" : 503,
      "text" : "the",
      "whiteSpace" : false
    }, {
      "id" : "s0-t95",
      "begin" : 504,
      "end" : 511,
      "text" : "Tinnell",
      "whiteSpace" : false
    }, {
      "id" : "s0-t96",
      "begin" : 512,
      "end" : 519,
      "text" : "Station",
      "whiteSpace" : false
    }, {
      "id" : "s0-t97",
      "begin" : 520,
      "end" : 523,
      "text" : "245",
      "whiteSpace" : false
    }, {
      "id" : "s0-t98",
      "begin" : 523,
      "end" : 524,
      "text" : ",",
      "whiteSpace" : false
    }, {
      "id" : "s0-t99",
      "begin" : 525,
      "end" : 533,
      "text" : "Register",
      "whiteSpace" : false
    }, {
      "id" : "s0-t100",
      "begin" : 533,
      "end" : 534,
      "text" : "?",
      "whiteSpace" : false
    } ]
  }, {
    "id" : "s1",
    "begin" : 534,
    "end" : 541,
    "text" : "??s Of?",
    "tokens" : [ {
      "id" : "s1-t0",
      "begin" : 534,
      "end" : 537,
      "text" : "??s",
      "whiteSpace" : false
    }, {
      "id" : "s1-t1",
      "begin" : 538,
      "end" : 540,
      "text" : "Of",
      "whiteSpace" : false
    }, {
      "id" : "s1-t2",
      "begin" : 540,
      "end" : 541,
      "text" : "?",
      "whiteSpace" : false
    } ]
  }, {
    "id" : "s2",
    "begin" : 541,
    "end" : 644,
    "text" : "??ce of Humphreys County, Tennessee, to which reference is hereby made for a more complete description.",
    "tokens" : [ {
      "id" : "s2-t0",
      "begin" : 541,
      "end" : 545,
      "text" : "??ce",
      "whiteSpace" : false
    }, {
      "id" : "s2-t1",
      "begin" : 546,
      "end" : 548,
      "text" : "of",
      "whiteSpace" : false
    }, {
      "id" : "s2-t2",
      "begin" : 549,
      "end" : 558,
      "text" : "Humphreys",
      "whiteSpace" : false
    }, {
      "id" : "s2-t3",
      "begin" : 559,
      "end" : 565,
      "text" : "County",
      "whiteSpace" : false
    }, {
      "id" : "s2-t4",
      "begin" : 565,
      "end" : 566,
      "text" : ",",
      "whiteSpace" : false
    }, {
      "id" : "s2-t5",
      "begin" : 567,
      "end" : 576,
      "text" : "Tennessee",
      "whiteSpace" : false
    }, {
      "id" : "s2-t6",
      "begin" : 576,
      "end" : 577,
      "text" : ",",
      "whiteSpace" : false
    }, {
      "id" : "s2-t7",
      "begin" : 578,
      "end" : 580,
      "text" : "to",
      "whiteSpace" : false
    }, {
      "id" : "s2-t8",
      "begin" : 581,
      "end" : 586,
      "text" : "which",
      "whiteSpace" : false
    }, {
      "id" : "s2-t9",
      "begin" : 587,
      "end" : 596,
      "text" : "reference",
      "whiteSpace" : false
    }, {
      "id" : "s2-t10",
      "begin" : 597,
      "end" : 599,
      "text" : "is",
      "whiteSpace" : false
    }, {
      "id" : "s2-t11",
      "begin" : 600,
      "end" : 606,
      "text" : "hereby",
      "whiteSpace" : false
    }, {
      "id" : "s2-t12",
      "begin" : 607,
      "end" : 611,
      "text" : "made",
      "whiteSpace" : false
    }, {
      "id" : "s2-t13",
      "begin" : 612,
      "end" : 615,
      "text" : "for",
      "whiteSpace" : false
    }, {
      "id" : "s2-t14",
      "begin" : 616,
      "end" : 617,
      "text" : "a",
      "whiteSpace" : false
    }, {
      "id" : "s2-t15",
      "begin" : 618,
      "end" : 622,
      "text" : "more",
      "whiteSpace" : false
    }, {
      "id" : "s2-t16",
      "begin" : 623,
      "end" : 631,
      "text" : "complete",
      "whiteSpace" : false
    }, {
      "id" : "s2-t17",
      "begin" : 632,
      "end" : 643,
      "text" : "description",
      "whiteSpace" : false
    }, {
      "id" : "s2-t18",
      "begin" : 643,
      "end" : 644,
      "text" : ".",
      "whiteSpace" : false
    } ]
  }, {
    "id" : "s3",
    "begin" : 645,
    "end" : 755,
    "text" : "Being a portion ofthe property conveyed to H. C. Tinncll by deed ofrecord in Deed Book 165, page 38, Register?",
    "tokens" : [ {
      "id" : "s3-t0",
      "begin" : 645,
      "end" : 650,
      "text" : "Being",
      "whiteSpace" : false
    }, {
      "id" : "s3-t1",
      "begin" : 651,
      "end" : 652,
      "text" : "a",
      "whiteSpace" : false
    }, {
      "id" : "s3-t2",
      "begin" : 653,
      "end" : 660,
      "text" : "portion",
      "whiteSpace" : false
    }, {
      "id" : "s3-t3",
      "begin" : 661,
      "end" : 666,
      "text" : "ofthe",
      "whiteSpace" : false
    }, {
      "id" : "s3-t4",
      "begin" : 667,
      "end" : 675,
      "text" : "property",
      "whiteSpace" : false
    }, {
      "id" : "s3-t5",
      "begin" : 676,
      "end" : 684,
      "text" : "conveyed",
      "whiteSpace" : false
    }, {
      "id" : "s3-t6",
      "begin" : 685,
      "end" : 687,
      "text" : "to",
      "whiteSpace" : false
    }, {
      "id" : "s3-t7",
      "begin" : 688,
      "end" : 690,
      "text" : "H.",
      "whiteSpace" : false
    }, {
      "id" : "s3-t8",
      "begin" : 691,
      "end" : 693,
      "text" : "C.",
      "whiteSpace" : false
    }, {
      "id" : "s3-t9",
      "begin" : 694,
      "end" : 701,
      "text" : "Tinncll",
      "whiteSpace" : false
    }, {
      "id" : "s3-t10",
      "begin" : 702,
      "end" : 704,
      "text" : "by",
      "whiteSpace" : false
    }, {
      "id" : "s3-t11",
      "begin" : 705,
      "end" : 709,
      "text" : "deed",
      "whiteSpace" : false
    }, {
      "id" : "s3-t12",
      "begin" : 710,
      "end" : 718,
      "text" : "ofrecord",
      "whiteSpace" : false
    }, {
      "id" : "s3-t13",
      "begin" : 719,
      "end" : 721,
      "text" : "in",
      "whiteSpace" : false
    }, {
      "id" : "s3-t14",
      "begin" : 722,
      "end" : 726,
      "text" : "Deed",
      "whiteSpace" : false
    }, {
      "id" : "s3-t15",
      "begin" : 727,
      "end" : 731,
      "text" : "Book",
      "whiteSpace" : false
    }, {
      "id" : "s3-t16",
      "begin" : 732,
      "end" : 735,
      "text" : "165",
      "whiteSpace" : false
    }, {
      "id" : "s3-t17",
      "begin" : 735,
      "end" : 736,
      "text" : ",",
      "whiteSpace" : false
    }, {
      "id" : "s3-t18",
      "begin" : 737,
      "end" : 741,
      "text" : "page",
      "whiteSpace" : false
    }, {
      "id" : "s3-t19",
      "begin" : 742,
      "end" : 744,
      "text" : "38",
      "whiteSpace" : false
    }, {
      "id" : "s3-t20",
      "begin" : 744,
      "end" : 745,
      "text" : ",",
      "whiteSpace" : false
    }, {
      "id" : "s3-t21",
      "begin" : 746,
      "end" : 754,
      "text" : "Register",
      "whiteSpace" : false
    }, {
      "id" : "s3-t22",
      "begin" : 754,
      "end" : 755,
      "text" : "?",
      "whiteSpace" : false
    } ]
  }, {
    "id" : "s4",
    "begin" : 755,
    "end" : 762,
    "text" : "??s Of?",
    "tokens" : [ {
      "id" : "s4-t0",
      "begin" : 755,
      "end" : 758,
      "text" : "??s",
      "whiteSpace" : false
    }, {
      "id" : "s4-t1",
      "begin" : 759,
      "end" : 761,
      "text" : "Of",
      "whiteSpace" : false
    }, {
      "id" : "s4-t2",
      "begin" : 761,
      "end" : 762,
      "text" : "?",
      "whiteSpace" : false
    } ]
  }, {
    "id" : "s5",
    "begin" : 762,
    "end" : 798,
    "text" : "??ce of Humphreys County, Tennessee.",
    "tokens" : [ {
      "id" : "s5-t0",
      "begin" : 762,
      "end" : 766,
      "text" : "??ce",
      "whiteSpace" : false
    }, {
      "id" : "s5-t1",
      "begin" : 767,
      "end" : 769,
      "text" : "of",
      "whiteSpace" : false
    }, {
      "id" : "s5-t2",
      "begin" : 770,
      "end" : 779,
      "text" : "Humphreys",
      "whiteSpace" : false
    }, {
      "id" : "s5-t3",
      "begin" : 780,
      "end" : 786,
      "text" : "County",
      "whiteSpace" : false
    }, {
      "id" : "s5-t4",
      "begin" : 786,
      "end" : 787,
      "text" : ",",
      "whiteSpace" : false
    }, {
      "id" : "s5-t5",
      "begin" : 788,
      "end" : 797,
      "text" : "Tennessee",
      "whiteSpace" : false
    }, {
      "id" : "s5-t6",
      "begin" : 797,
      "end" : 798,
      "text" : ".",
      "whiteSpace" : false
    } ]
  }, {
    "id" : "s6",
    "begin" : 799,
    "end" : 817,
    "text" : "ELIE $315134 PE 3?",
    "tokens" : [ {
      "id" : "s6-t0",
      "begin" : 799,
      "end" : 803,
      "text" : "ELIE",
      "whiteSpace" : false
    }, {
      "id" : "s6-t1",
      "begin" : 804,
      "end" : 805,
      "text" : "$",
      "whiteSpace" : false
    }, {
      "id" : "s6-t2",
      "begin" : 805,
      "end" : 811,
      "text" : "315134",
      "whiteSpace" : false
    }, {
      "id" : "s6-t3",
      "begin" : 812,
      "end" : 814,
      "text" : "PE",
      "whiteSpace" : false
    }, {
      "id" : "s6-t4",
      "begin" : 815,
      "end" : 816,
      "text" : "3",
      "whiteSpace" : false
    }, {
      "id" : "s6-t5",
      "begin" : 816,
      "end" : 817,
      "text" : "?",
      "whiteSpace" : false
    } ]
  }, {
    "id" : "s7",
    "begin" : 818,
    "end" : 871,
    "text" : "This conveyance is made subject to the following: 1 .",
    "tokens" : [ {
      "id" : "s7-t0",
      "begin" : 818,
      "end" : 822,
      "text" : "This",
      "whiteSpace" : false
    }, {
      "id" : "s7-t1",
      "begin" : 823,
      "end" : 833,
      "text" : "conveyance",
      "whiteSpace" : false
    }, {
      "id" : "s7-t2",
      "begin" : 834,
      "end" : 836,
      "text" : "is",
      "whiteSpace" : false
    }, {
      "id" : "s7-t3",
      "begin" : 837,
      "end" : 841,
      "text" : "made",
      "whiteSpace" : false
    }, {
      "id" : "s7-t4",
      "begin" : 842,
      "end" : 849,
      "text" : "subject",
      "whiteSpace" : false
    }, {
      "id" : "s7-t5",
      "begin" : 850,
      "end" : 852,
      "text" : "to",
      "whiteSpace" : false
    }, {
      "id" : "s7-t6",
      "begin" : 853,
      "end" : 856,
      "text" : "the",
      "whiteSpace" : false
    }, {
      "id" : "s7-t7",
      "begin" : 857,
      "end" : 866,
      "text" : "following",
      "whiteSpace" : false
    }, {
      "id" : "s7-t8",
      "begin" : 866,
      "end" : 867,
      "text" : ":",
      "whiteSpace" : false
    }, {
      "id" : "s7-t9",
      "begin" : 868,
      "end" : 869,
      "text" : "1",
      "whiteSpace" : false
    }, {
      "id" : "s7-t10",
      "begin" : 870,
      "end" : 871,
      "text" : ".",
      "whiteSpace" : false
    } ]
  }, {
    "id" : "s8",
    "begin" : 872,
    "end" : 874,
    "text" : "2.",
    "tokens" : [ {
      "id" : "s8-t0",
      "begin" : 872,
      "end" : 873,
      "text" : "2",
      "whiteSpace" : false
    }, {
      "id" : "s8-t1",
      "begin" : 873,
      "end" : 874,
      "text" : ".",
      "whiteSpace" : false
    } ]
  }, {
    "id" : "s9",
    "begin" : 875,
    "end" : 959,
    "text" : "TO HAVE AND TO HOLD the said tract or parcel ofland, with the appurtenances, estate.",
    "tokens" : [ {
      "id" : "s9-t0",
      "begin" : 875,
      "end" : 877,
      "text" : "TO",
      "whiteSpace" : false
    }, {
      "id" : "s9-t1",
      "begin" : 878,
      "end" : 882,
      "text" : "HAVE",
      "whiteSpace" : false
    }, {
      "id" : "s9-t2",
      "begin" : 883,
      "end" : 886,
      "text" : "AND",
      "whiteSpace" : false
    }, {
      "id" : "s9-t3",
      "begin" : 887,
      "end" : 889,
      "text" : "TO",
      "whiteSpace" : false
    }, {
      "id" : "s9-t4",
      "begin" : 890,
      "end" : 894,
      "text" : "HOLD",
      "whiteSpace" : false
    }, {
      "id" : "s9-t5",
      "begin" : 895,
      "end" : 898,
      "text" : "the",
      "whiteSpace" : false
    }, {
      "id" : "s9-t6",
      "begin" : 899,
      "end" : 903,
      "text" : "said",
      "whiteSpace" : false
    }, {
      "id" : "s9-t7",
      "begin" : 904,
      "end" : 909,
      "text" : "tract",
      "whiteSpace" : false
    }, {
      "id" : "s9-t8",
      "begin" : 910,
      "end" : 912,
      "text" : "or",
      "whiteSpace" : false
    }, {
      "id" : "s9-t9",
      "begin" : 913,
      "end" : 919,
      "text" : "parcel",
      "whiteSpace" : false
    }, {
      "id" : "s9-t10",
      "begin" : 920,
      "end" : 926,
      "text" : "ofland",
      "whiteSpace" : false
    }, {
      "id" : "s9-t11",
      "begin" : 926,
      "end" : 927,
      "text" : ",",
      "whiteSpace" : false
    }, {
      "id" : "s9-t12",
      "begin" : 928,
      "end" : 932,
      "text" : "with",
      "whiteSpace" : false
    }, {
      "id" : "s9-t13",
      "begin" : 933,
      "end" : 936,
      "text" : "the",
      "whiteSpace" : false
    }, {
      "id" : "s9-t14",
      "begin" : 937,
      "end" : 950,
      "text" : "appurtenances",
      "whiteSpace" : false
    }, {
      "id" : "s9-t15",
      "begin" : 950,
      "end" : 951,
      "text" : ",",
      "whiteSpace" : false
    }, {
      "id" : "s9-t16",
      "begin" : 952,
      "end" : 958,
      "text" : "estate",
      "whiteSpace" : false
    }, {
      "id" : "s9-t17",
      "begin" : 958,
      "end" : 959,
      "text" : ".",
      "whiteSpace" : false
    } ]
  }, {
    "id" : "s10",
    "begin" : 960,
    "end" : 966,
    "text" : "title.",
    "tokens" : [ {
      "id" : "s10-t0",
      "begin" : 960,
      "end" : 965,
      "text" : "title",
      "whiteSpace" : false
    }, {
      "id" : "s10-t1",
      "begin" : 965,
      "end" : 966,
      "text" : ".",
      "whiteSpace" : false
    } ]
  }, {
    "id" : "s11",
    "begin" : 967,
    "end" : 1026,
    "text" : "and interest thereto belonging, to the said EMMANUEL HOMES.",
    "tokens" : [ {
      "id" : "s11-t0",
      "begin" : 967,
      "end" : 970,
      "text" : "and",
      "whiteSpace" : false
    }, {
      "id" : "s11-t1",
      "begin" : 971,
      "end" : 979,
      "text" : "interest",
      "whiteSpace" : false
    }, {
      "id" : "s11-t2",
      "begin" : 980,
      "end" : 987,
      "text" : "thereto",
      "whiteSpace" : false
    }, {
      "id" : "s11-t3",
      "begin" : 988,
      "end" : 997,
      "text" : "belonging",
      "whiteSpace" : false
    }, {
      "id" : "s11-t4",
      "begin" : 997,
      "end" : 998,
      "text" : ",",
      "whiteSpace" : false
    }, {
      "id" : "s11-t5",
      "begin" : 999,
      "end" : 1001,
      "text" : "to",
      "whiteSpace" : false
    }, {
      "id" : "s11-t6",
      "begin" : 1002,
      "end" : 1005,
      "text" : "the",
      "whiteSpace" : false
    }, {
      "id" : "s11-t7",
      "begin" : 1006,
      "end" : 1010,
      "text" : "said",
      "whiteSpace" : false
    }, {
      "id" : "s11-t8",
      "begin" : 1011,
      "end" : 1019,
      "text" : "EMMANUEL",
      "whiteSpace" : false
    }, {
      "id" : "s11-t9",
      "begin" : 1020,
      "end" : 1025,
      "text" : "HOMES",
      "whiteSpace" : false
    }, {
      "id" : "s11-t10",
      "begin" : 1025,
      "end" : 1026,
      "text" : ".",
      "whiteSpace" : false
    } ]
  }, {
    "id" : "s12",
    "begin" : 1027,
    "end" : 1059,
    "text" : "INC, its successors and assigns.",
    "tokens" : [ {
      "id" : "s12-t0",
      "begin" : 1027,
      "end" : 1030,
      "text" : "INC",
      "whiteSpace" : false
    }, {
      "id" : "s12-t1",
      "begin" : 1030,
      "end" : 1031,
      "text" : ",",
      "whiteSpace" : false
    }, {
      "id" : "s12-t2",
      "begin" : 1032,
      "end" : 1035,
      "text" : "its",
      "whiteSpace" : false
    }, {
      "id" : "s12-t3",
      "begin" : 1036,
      "end" : 1046,
      "text" : "successors",
      "whiteSpace" : false
    }, {
      "id" : "s12-t4",
      "begin" : 1047,
      "end" : 1050,
      "text" : "and",
      "whiteSpace" : false
    }, {
      "id" : "s12-t5",
      "begin" : 1051,
      "end" : 1058,
      "text" : "assigns",
      "whiteSpace" : false
    }, {
      "id" : "s12-t6",
      "begin" : 1058,
      "end" : 1059,
      "text" : ".",
      "whiteSpace" : false
    } ]
  }, {
    "id" : "s13",
    "begin" : 1060,
    "end" : 1068,
    "text" : "forever.",
    "tokens" : [ {
      "id" : "s13-t0",
      "begin" : 1060,
      "end" : 1067,
      "text" : "forever",
      "whiteSpace" : false
    }, {
      "id" : "s13-t1",
      "begin" : 1067,
      "end" : 1068,
      "text" : ".",
      "whiteSpace" : false
    } ]
  } ],
  "mentions" : [ {
    "id" : "s3-m1",
    "properties" : {
      "SIRE_MENTION_ROLE" : "WarrDeedBookNum",
      "SIRE_ENTITY_SUBTYPE" : "NONE",
      "SIRE_MENTION_TYPE" : "NONE",
      "SIRE_MENTION_CLASS" : "SPC"
    },
    "type" : "WarrDeedBookNum",
    "begin" : 732,
    "end" : 735,
    "inCoref" : false
  }, {
    "id" : "s3-m2",
    "properties" : {
      "SIRE_MENTION_ROLE" : "WarrDeedPageNum",
      "SIRE_ENTITY_SUBTYPE" : "NONE",
      "SIRE_MENTION_TYPE" : "NONE",
      "SIRE_MENTION_CLASS" : "SPC"
    },
    "type" : "WarrDeedPageNum",
    "begin" : 742,
    "end" : 744,
    "inCoref" : false
  } ],
  "relations" : [ ],
  "corefs" : [ ],
  "typeResolved" : true,
  "userResolved" : false
}