{
  "id" : "ba29a320-54dc-11e9-9b8e-4bc9d96d3dde-1",
  "name" : "WD180-16.txt",
  "createdDate" : 1554164260434,
  "version" : 3,
  "text" : " feet to the point of beginning, containing an area of 9.29 acres by calculation. Survey made by McBride Survey Company, Darrel R. McBride, Surveyor, R.L.S. #1463, McEwen, Tennessee, dated April 20, 2000., BEING a portion of the property conveyed to James Wyly Lucas by deed of record in Deed Book 135, page 84, Register???s Of???ce of Humphreys County, Tennessee., This conveyance is made subject to the following to the extent they are applicable to this property:, A right-of???way easement, over a larger tract of which this tract is a part, to Meriwether Lewis Electric Cooperative, dated April 13, 1943 and recorded in Deed Book 64, page 335, ",
  "docLength" : 0,
  "language" : "EN",
  "status" : "SUBMITTED",
  "modifiedDate" : 1554165834731,
  "documentSet" : [ ],
  "preannotation" : [ ],
  "sentences" : [ {
    "id" : "s0",
    "begin" : 1,
    "end" : 81,
    "text" : "feet to the point of beginning, containing an area of 9.29 acres by calculation.",
    "tokens" : [ {
      "id" : "s0-t0",
      "begin" : 1,
      "end" : 5,
      "text" : "feet",
      "whiteSpace" : false
    }, {
      "id" : "s0-t1",
      "begin" : 6,
      "end" : 8,
      "text" : "to",
      "whiteSpace" : false
    }, {
      "id" : "s0-t2",
      "begin" : 9,
      "end" : 12,
      "text" : "the",
      "whiteSpace" : false
    }, {
      "id" : "s0-t3",
      "begin" : 13,
      "end" : 18,
      "text" : "point",
      "whiteSpace" : false
    }, {
      "id" : "s0-t4",
      "begin" : 19,
      "end" : 21,
      "text" : "of",
      "whiteSpace" : false
    }, {
      "id" : "s0-t5",
      "begin" : 22,
      "end" : 31,
      "text" : "beginning",
      "whiteSpace" : false
    }, {
      "id" : "s0-t6",
      "begin" : 31,
      "end" : 32,
      "text" : ",",
      "whiteSpace" : false
    }, {
      "id" : "s0-t7",
      "begin" : 33,
      "end" : 43,
      "text" : "containing",
      "whiteSpace" : false
    }, {
      "id" : "s0-t8",
      "begin" : 44,
      "end" : 46,
      "text" : "an",
      "whiteSpace" : false
    }, {
      "id" : "s0-t9",
      "begin" : 47,
      "end" : 51,
      "text" : "area",
      "whiteSpace" : false
    }, {
      "id" : "s0-t10",
      "begin" : 52,
      "end" : 54,
      "text" : "of",
      "whiteSpace" : false
    }, {
      "id" : "s0-t11",
      "begin" : 55,
      "end" : 59,
      "text" : "9.29",
      "whiteSpace" : false
    }, {
      "id" : "s0-t12",
      "begin" : 60,
      "end" : 65,
      "text" : "acres",
      "whiteSpace" : false
    }, {
      "id" : "s0-t13",
      "begin" : 66,
      "end" : 68,
      "text" : "by",
      "whiteSpace" : false
    }, {
      "id" : "s0-t14",
      "begin" : 69,
      "end" : 80,
      "text" : "calculation",
      "whiteSpace" : false
    }, {
      "id" : "s0-t15",
      "begin" : 80,
      "end" : 81,
      "text" : ".",
      "whiteSpace" : false
    } ]
  }, {
    "id" : "s1",
    "begin" : 82,
    "end" : 321,
    "text" : "Survey made by McBride Survey Company, Darrel R. McBride, Surveyor, R.L.S. #1463, McEwen, Tennessee, dated April 20, 2000., BEING a portion of the property conveyed to James Wyly Lucas by deed of record in Deed Book 135, page 84, Register?",
    "tokens" : [ {
      "id" : "s1-t0",
      "begin" : 82,
      "end" : 88,
      "text" : "Survey",
      "whiteSpace" : false
    }, {
      "id" : "s1-t1",
      "begin" : 89,
      "end" : 93,
      "text" : "made",
      "whiteSpace" : false
    }, {
      "id" : "s1-t2",
      "begin" : 94,
      "end" : 96,
      "text" : "by",
      "whiteSpace" : false
    }, {
      "id" : "s1-t3",
      "begin" : 97,
      "end" : 104,
      "text" : "McBride",
      "whiteSpace" : false
    }, {
      "id" : "s1-t4",
      "begin" : 105,
      "end" : 111,
      "text" : "Survey",
      "whiteSpace" : false
    }, {
      "id" : "s1-t5",
      "begin" : 112,
      "end" : 119,
      "text" : "Company",
      "whiteSpace" : false
    }, {
      "id" : "s1-t6",
      "begin" : 119,
      "end" : 120,
      "text" : ",",
      "whiteSpace" : false
    }, {
      "id" : "s1-t7",
      "begin" : 121,
      "end" : 127,
      "text" : "Darrel",
      "whiteSpace" : false
    }, {
      "id" : "s1-t8",
      "begin" : 128,
      "end" : 130,
      "text" : "R.",
      "whiteSpace" : false
    }, {
      "id" : "s1-t9",
      "begin" : 131,
      "end" : 138,
      "text" : "McBride",
      "whiteSpace" : false
    }, {
      "id" : "s1-t10",
      "begin" : 138,
      "end" : 139,
      "text" : ",",
      "whiteSpace" : false
    }, {
      "id" : "s1-t11",
      "begin" : 140,
      "end" : 148,
      "text" : "Surveyor",
      "whiteSpace" : false
    }, {
      "id" : "s1-t12",
      "begin" : 148,
      "end" : 149,
      "text" : ",",
      "whiteSpace" : false
    }, {
      "id" : "s1-t13",
      "begin" : 150,
      "end" : 156,
      "text" : "R.L.S.",
      "whiteSpace" : false
    }, {
      "id" : "s1-t14",
      "begin" : 157,
      "end" : 162,
      "text" : "#1463",
      "whiteSpace" : false
    }, {
      "id" : "s1-t15",
      "begin" : 162,
      "end" : 163,
      "text" : ",",
      "whiteSpace" : false
    }, {
      "id" : "s1-t16",
      "begin" : 164,
      "end" : 170,
      "text" : "McEwen",
      "whiteSpace" : false
    }, {
      "id" : "s1-t17",
      "begin" : 170,
      "end" : 171,
      "text" : ",",
      "whiteSpace" : false
    }, {
      "id" : "s1-t18",
      "begin" : 172,
      "end" : 181,
      "text" : "Tennessee",
      "whiteSpace" : false
    }, {
      "id" : "s1-t19",
      "begin" : 181,
      "end" : 182,
      "text" : ",",
      "whiteSpace" : false
    }, {
      "id" : "s1-t20",
      "begin" : 183,
      "end" : 188,
      "text" : "dated",
      "whiteSpace" : false
    }, {
      "id" : "s1-t21",
      "begin" : 189,
      "end" : 194,
      "text" : "April",
      "whiteSpace" : false
    }, {
      "id" : "s1-t22",
      "begin" : 195,
      "end" : 197,
      "text" : "20",
      "whiteSpace" : false
    }, {
      "id" : "s1-t23",
      "begin" : 197,
      "end" : 198,
      "text" : ",",
      "whiteSpace" : false
    }, {
      "id" : "s1-t24",
      "begin" : 199,
      "end" : 203,
      "text" : "2000",
      "whiteSpace" : false
    }, {
      "id" : "s1-t25",
      "begin" : 203,
      "end" : 204,
      "text" : ".",
      "whiteSpace" : false
    }, {
      "id" : "s1-t26",
      "begin" : 204,
      "end" : 205,
      "text" : ",",
      "whiteSpace" : false
    }, {
      "id" : "s1-t27",
      "begin" : 206,
      "end" : 211,
      "text" : "BEING",
      "whiteSpace" : false
    }, {
      "id" : "s1-t28",
      "begin" : 212,
      "end" : 213,
      "text" : "a",
      "whiteSpace" : false
    }, {
      "id" : "s1-t29",
      "begin" : 214,
      "end" : 221,
      "text" : "portion",
      "whiteSpace" : false
    }, {
      "id" : "s1-t30",
      "begin" : 222,
      "end" : 224,
      "text" : "of",
      "whiteSpace" : false
    }, {
      "id" : "s1-t31",
      "begin" : 225,
      "end" : 228,
      "text" : "the",
      "whiteSpace" : false
    }, {
      "id" : "s1-t32",
      "begin" : 229,
      "end" : 237,
      "text" : "property",
      "whiteSpace" : false
    }, {
      "id" : "s1-t33",
      "begin" : 238,
      "end" : 246,
      "text" : "conveyed",
      "whiteSpace" : false
    }, {
      "id" : "s1-t34",
      "begin" : 247,
      "end" : 249,
      "text" : "to",
      "whiteSpace" : false
    }, {
      "id" : "s1-t35",
      "begin" : 250,
      "end" : 255,
      "text" : "James",
      "whiteSpace" : false
    }, {
      "id" : "s1-t36",
      "begin" : 256,
      "end" : 260,
      "text" : "Wyly",
      "whiteSpace" : false
    }, {
      "id" : "s1-t37",
      "begin" : 261,
      "end" : 266,
      "text" : "Lucas",
      "whiteSpace" : false
    }, {
      "id" : "s1-t38",
      "begin" : 267,
      "end" : 269,
      "text" : "by",
      "whiteSpace" : false
    }, {
      "id" : "s1-t39",
      "begin" : 270,
      "end" : 274,
      "text" : "deed",
      "whiteSpace" : false
    }, {
      "id" : "s1-t40",
      "begin" : 275,
      "end" : 277,
      "text" : "of",
      "whiteSpace" : false
    }, {
      "id" : "s1-t41",
      "begin" : 278,
      "end" : 284,
      "text" : "record",
      "whiteSpace" : false
    }, {
      "id" : "s1-t42",
      "begin" : 285,
      "end" : 287,
      "text" : "in",
      "whiteSpace" : false
    }, {
      "id" : "s1-t43",
      "begin" : 288,
      "end" : 292,
      "text" : "Deed",
      "whiteSpace" : false
    }, {
      "id" : "s1-t44",
      "begin" : 293,
      "end" : 297,
      "text" : "Book",
      "whiteSpace" : false
    }, {
      "id" : "s1-t45",
      "begin" : 298,
      "end" : 301,
      "text" : "135",
      "whiteSpace" : false
    }, {
      "id" : "s1-t46",
      "begin" : 301,
      "end" : 302,
      "text" : ",",
      "whiteSpace" : false
    }, {
      "id" : "s1-t47",
      "begin" : 303,
      "end" : 307,
      "text" : "page",
      "whiteSpace" : false
    }, {
      "id" : "s1-t48",
      "begin" : 308,
      "end" : 310,
      "text" : "84",
      "whiteSpace" : false
    }, {
      "id" : "s1-t49",
      "begin" : 310,
      "end" : 311,
      "text" : ",",
      "whiteSpace" : false
    }, {
      "id" : "s1-t50",
      "begin" : 312,
      "end" : 320,
      "text" : "Register",
      "whiteSpace" : false
    }, {
      "id" : "s1-t51",
      "begin" : 320,
      "end" : 321,
      "text" : "?",
      "whiteSpace" : false
    } ]
  }, {
    "id" : "s2",
    "begin" : 321,
    "end" : 328,
    "text" : "??s Of?",
    "tokens" : [ {
      "id" : "s2-t0",
      "begin" : 321,
      "end" : 324,
      "text" : "??s",
      "whiteSpace" : false
    }, {
      "id" : "s2-t1",
      "begin" : 325,
      "end" : 327,
      "text" : "Of",
      "whiteSpace" : false
    }, {
      "id" : "s2-t2",
      "begin" : 327,
      "end" : 328,
      "text" : "?",
      "whiteSpace" : false
    } ]
  }, {
    "id" : "s3",
    "begin" : 328,
    "end" : 479,
    "text" : "??ce of Humphreys County, Tennessee., This conveyance is made subject to the following to the extent they are applicable to this property:, A right-of?",
    "tokens" : [ {
      "id" : "s3-t0",
      "begin" : 328,
      "end" : 332,
      "text" : "??ce",
      "whiteSpace" : false
    }, {
      "id" : "s3-t1",
      "begin" : 333,
      "end" : 335,
      "text" : "of",
      "whiteSpace" : false
    }, {
      "id" : "s3-t2",
      "begin" : 336,
      "end" : 345,
      "text" : "Humphreys",
      "whiteSpace" : false
    }, {
      "id" : "s3-t3",
      "begin" : 346,
      "end" : 352,
      "text" : "County",
      "whiteSpace" : false
    }, {
      "id" : "s3-t4",
      "begin" : 352,
      "end" : 353,
      "text" : ",",
      "whiteSpace" : false
    }, {
      "id" : "s3-t5",
      "begin" : 354,
      "end" : 364,
      "text" : "Tennessee.",
      "whiteSpace" : false
    }, {
      "id" : "s3-t6",
      "begin" : 364,
      "end" : 365,
      "text" : ",",
      "whiteSpace" : false
    }, {
      "id" : "s3-t7",
      "begin" : 366,
      "end" : 370,
      "text" : "This",
      "whiteSpace" : false
    }, {
      "id" : "s3-t8",
      "begin" : 371,
      "end" : 381,
      "text" : "conveyance",
      "whiteSpace" : false
    }, {
      "id" : "s3-t9",
      "begin" : 382,
      "end" : 384,
      "text" : "is",
      "whiteSpace" : false
    }, {
      "id" : "s3-t10",
      "begin" : 385,
      "end" : 389,
      "text" : "made",
      "whiteSpace" : false
    }, {
      "id" : "s3-t11",
      "begin" : 390,
      "end" : 397,
      "text" : "subject",
      "whiteSpace" : false
    }, {
      "id" : "s3-t12",
      "begin" : 398,
      "end" : 400,
      "text" : "to",
      "whiteSpace" : false
    }, {
      "id" : "s3-t13",
      "begin" : 401,
      "end" : 404,
      "text" : "the",
      "whiteSpace" : false
    }, {
      "id" : "s3-t14",
      "begin" : 405,
      "end" : 414,
      "text" : "following",
      "whiteSpace" : false
    }, {
      "id" : "s3-t15",
      "begin" : 415,
      "end" : 417,
      "text" : "to",
      "whiteSpace" : false
    }, {
      "id" : "s3-t16",
      "begin" : 418,
      "end" : 421,
      "text" : "the",
      "whiteSpace" : false
    }, {
      "id" : "s3-t17",
      "begin" : 422,
      "end" : 428,
      "text" : "extent",
      "whiteSpace" : false
    }, {
      "id" : "s3-t18",
      "begin" : 429,
      "end" : 433,
      "text" : "they",
      "whiteSpace" : false
    }, {
      "id" : "s3-t19",
      "begin" : 434,
      "end" : 437,
      "text" : "are",
      "whiteSpace" : false
    }, {
      "id" : "s3-t20",
      "begin" : 438,
      "end" : 448,
      "text" : "applicable",
      "whiteSpace" : false
    }, {
      "id" : "s3-t21",
      "begin" : 449,
      "end" : 451,
      "text" : "to",
      "whiteSpace" : false
    }, {
      "id" : "s3-t22",
      "begin" : 452,
      "end" : 456,
      "text" : "this",
      "whiteSpace" : false
    }, {
      "id" : "s3-t23",
      "begin" : 457,
      "end" : 465,
      "text" : "property",
      "whiteSpace" : false
    }, {
      "id" : "s3-t24",
      "begin" : 465,
      "end" : 466,
      "text" : ":",
      "whiteSpace" : false
    }, {
      "id" : "s3-t25",
      "begin" : 466,
      "end" : 467,
      "text" : ",",
      "whiteSpace" : false
    }, {
      "id" : "s3-t26",
      "begin" : 468,
      "end" : 469,
      "text" : "A",
      "whiteSpace" : false
    }, {
      "id" : "s3-t27",
      "begin" : 470,
      "end" : 475,
      "text" : "right",
      "whiteSpace" : false
    }, {
      "id" : "s3-t28",
      "begin" : 475,
      "end" : 476,
      "text" : "-",
      "whiteSpace" : false
    }, {
      "id" : "s3-t29",
      "begin" : 476,
      "end" : 478,
      "text" : "of",
      "whiteSpace" : false
    }, {
      "id" : "s3-t30",
      "begin" : 478,
      "end" : 479,
      "text" : "?",
      "whiteSpace" : false
    } ]
  }, {
    "id" : "s4",
    "begin" : 479,
    "end" : 648,
    "text" : "??way easement, over a larger tract of which this tract is a part, to Meriwether Lewis Electric Cooperative, dated April 13, 1943 and recorded in Deed Book 64, page 335,",
    "tokens" : [ {
      "id" : "s4-t0",
      "begin" : 479,
      "end" : 484,
      "text" : "??way",
      "whiteSpace" : false
    }, {
      "id" : "s4-t1",
      "begin" : 485,
      "end" : 493,
      "text" : "easement",
      "whiteSpace" : false
    }, {
      "id" : "s4-t2",
      "begin" : 493,
      "end" : 494,
      "text" : ",",
      "whiteSpace" : false
    }, {
      "id" : "s4-t3",
      "begin" : 495,
      "end" : 499,
      "text" : "over",
      "whiteSpace" : false
    }, {
      "id" : "s4-t4",
      "begin" : 500,
      "end" : 501,
      "text" : "a",
      "whiteSpace" : false
    }, {
      "id" : "s4-t5",
      "begin" : 502,
      "end" : 508,
      "text" : "larger",
      "whiteSpace" : false
    }, {
      "id" : "s4-t6",
      "begin" : 509,
      "end" : 514,
      "text" : "tract",
      "whiteSpace" : false
    }, {
      "id" : "s4-t7",
      "begin" : 515,
      "end" : 517,
      "text" : "of",
      "whiteSpace" : false
    }, {
      "id" : "s4-t8",
      "begin" : 518,
      "end" : 523,
      "text" : "which",
      "whiteSpace" : false
    }, {
      "id" : "s4-t9",
      "begin" : 524,
      "end" : 528,
      "text" : "this",
      "whiteSpace" : false
    }, {
      "id" : "s4-t10",
      "begin" : 529,
      "end" : 534,
      "text" : "tract",
      "whiteSpace" : false
    }, {
      "id" : "s4-t11",
      "begin" : 535,
      "end" : 537,
      "text" : "is",
      "whiteSpace" : false
    }, {
      "id" : "s4-t12",
      "begin" : 538,
      "end" : 539,
      "text" : "a",
      "whiteSpace" : false
    }, {
      "id" : "s4-t13",
      "begin" : 540,
      "end" : 544,
      "text" : "part",
      "whiteSpace" : false
    }, {
      "id" : "s4-t14",
      "begin" : 544,
      "end" : 545,
      "text" : ",",
      "whiteSpace" : false
    }, {
      "id" : "s4-t15",
      "begin" : 546,
      "end" : 548,
      "text" : "to",
      "whiteSpace" : false
    }, {
      "id" : "s4-t16",
      "begin" : 549,
      "end" : 559,
      "text" : "Meriwether",
      "whiteSpace" : false
    }, {
      "id" : "s4-t17",
      "begin" : 560,
      "end" : 565,
      "text" : "Lewis",
      "whiteSpace" : false
    }, {
      "id" : "s4-t18",
      "begin" : 566,
      "end" : 574,
      "text" : "Electric",
      "whiteSpace" : false
    }, {
      "id" : "s4-t19",
      "begin" : 575,
      "end" : 586,
      "text" : "Cooperative",
      "whiteSpace" : false
    }, {
      "id" : "s4-t20",
      "begin" : 586,
      "end" : 587,
      "text" : ",",
      "whiteSpace" : false
    }, {
      "id" : "s4-t21",
      "begin" : 588,
      "end" : 593,
      "text" : "dated",
      "whiteSpace" : false
    }, {
      "id" : "s4-t22",
      "begin" : 594,
      "end" : 599,
      "text" : "April",
      "whiteSpace" : false
    }, {
      "id" : "s4-t23",
      "begin" : 600,
      "end" : 602,
      "text" : "13",
      "whiteSpace" : false
    }, {
      "id" : "s4-t24",
      "begin" : 602,
      "end" : 603,
      "text" : ",",
      "whiteSpace" : false
    }, {
      "id" : "s4-t25",
      "begin" : 604,
      "end" : 608,
      "text" : "1943",
      "whiteSpace" : false
    }, {
      "id" : "s4-t26",
      "begin" : 609,
      "end" : 612,
      "text" : "and",
      "whiteSpace" : false
    }, {
      "id" : "s4-t27",
      "begin" : 613,
      "end" : 621,
      "text" : "recorded",
      "whiteSpace" : false
    }, {
      "id" : "s4-t28",
      "begin" : 622,
      "end" : 624,
      "text" : "in",
      "whiteSpace" : false
    }, {
      "id" : "s4-t29",
      "begin" : 625,
      "end" : 629,
      "text" : "Deed",
      "whiteSpace" : false
    }, {
      "id" : "s4-t30",
      "begin" : 630,
      "end" : 634,
      "text" : "Book",
      "whiteSpace" : false
    }, {
      "id" : "s4-t31",
      "begin" : 635,
      "end" : 637,
      "text" : "64",
      "whiteSpace" : false
    }, {
      "id" : "s4-t32",
      "begin" : 637,
      "end" : 638,
      "text" : ",",
      "whiteSpace" : false
    }, {
      "id" : "s4-t33",
      "begin" : 639,
      "end" : 643,
      "text" : "page",
      "whiteSpace" : false
    }, {
      "id" : "s4-t34",
      "begin" : 644,
      "end" : 647,
      "text" : "335",
      "whiteSpace" : false
    }, {
      "id" : "s4-t35",
      "begin" : 647,
      "end" : 648,
      "text" : ",",
      "whiteSpace" : false
    } ]
  } ],
  "mentions" : [ {
    "id" : "s1-m1",
    "properties" : {
      "SIRE_MENTION_ROLE" : "WarrDeedBookNum",
      "SIRE_ENTITY_SUBTYPE" : "NONE",
      "SIRE_MENTION_TYPE" : "NONE",
      "SIRE_MENTION_CLASS" : "SPC"
    },
    "type" : "WarrDeedBookNum",
    "begin" : 298,
    "end" : 301,
    "inCoref" : false
  }, {
    "id" : "s1-m2",
    "properties" : {
      "SIRE_MENTION_ROLE" : "WarrDeedPageNum",
      "SIRE_ENTITY_SUBTYPE" : "NONE",
      "SIRE_MENTION_TYPE" : "NONE",
      "SIRE_MENTION_CLASS" : "SPC"
    },
    "type" : "WarrDeedPageNum",
    "begin" : 308,
    "end" : 310,
    "inCoref" : false
  } ],
  "relations" : [ ],
  "corefs" : [ ],
  "typeResolved" : true,
  "userResolved" : false
}