{
  "id" : "ba29a320-54dc-11e9-9b8e-4bc9d96d3dde-9",
  "name" : "WD182-15.txt",
  "createdDate" : 1554164260434,
  "version" : 3,
  "text" : " R., interest located on the said waters of Hemby, whether included with in the perimeters of the, particularly meaning to include all lands encompassed within, identified Assessment Parcel 41 on Map 46 in the office of the Assessor of Property of Humphreys County, Tennessee., BEING property wherein my late husband and I conveyed a one???half undivided interest therein to them the said Mack R. Hemby, Jr. and wife,, Correction recorded in Deed Book 132 at page 1233, Register's Office of Humphreys County, Tennessee., ",
  "docLength" : 0,
  "language" : "EN",
  "status" : "SUBMITTED",
  "modifiedDate" : 1554165987485,
  "documentSet" : [ ],
  "preannotation" : [ ],
  "sentences" : [ {
    "id" : "s0",
    "begin" : 1,
    "end" : 338,
    "text" : "R., interest located on the said waters of Hemby, whether included with in the perimeters of the, particularly meaning to include all lands encompassed within, identified Assessment Parcel 41 on Map 46 in the office of the Assessor of Property of Humphreys County, Tennessee., BEING property wherein my late husband and I conveyed a one?",
    "tokens" : [ {
      "id" : "s0-t0",
      "begin" : 1,
      "end" : 3,
      "text" : "R.",
      "whiteSpace" : false
    }, {
      "id" : "s0-t1",
      "begin" : 3,
      "end" : 4,
      "text" : ",",
      "whiteSpace" : false
    }, {
      "id" : "s0-t2",
      "begin" : 5,
      "end" : 13,
      "text" : "interest",
      "whiteSpace" : false
    }, {
      "id" : "s0-t3",
      "begin" : 14,
      "end" : 21,
      "text" : "located",
      "whiteSpace" : false
    }, {
      "id" : "s0-t4",
      "begin" : 22,
      "end" : 24,
      "text" : "on",
      "whiteSpace" : false
    }, {
      "id" : "s0-t5",
      "begin" : 25,
      "end" : 28,
      "text" : "the",
      "whiteSpace" : false
    }, {
      "id" : "s0-t6",
      "begin" : 29,
      "end" : 33,
      "text" : "said",
      "whiteSpace" : false
    }, {
      "id" : "s0-t7",
      "begin" : 34,
      "end" : 40,
      "text" : "waters",
      "whiteSpace" : false
    }, {
      "id" : "s0-t8",
      "begin" : 41,
      "end" : 43,
      "text" : "of",
      "whiteSpace" : false
    }, {
      "id" : "s0-t9",
      "begin" : 44,
      "end" : 49,
      "text" : "Hemby",
      "whiteSpace" : false
    }, {
      "id" : "s0-t10",
      "begin" : 49,
      "end" : 50,
      "text" : ",",
      "whiteSpace" : false
    }, {
      "id" : "s0-t11",
      "begin" : 51,
      "end" : 58,
      "text" : "whether",
      "whiteSpace" : false
    }, {
      "id" : "s0-t12",
      "begin" : 59,
      "end" : 67,
      "text" : "included",
      "whiteSpace" : false
    }, {
      "id" : "s0-t13",
      "begin" : 68,
      "end" : 72,
      "text" : "with",
      "whiteSpace" : false
    }, {
      "id" : "s0-t14",
      "begin" : 73,
      "end" : 75,
      "text" : "in",
      "whiteSpace" : false
    }, {
      "id" : "s0-t15",
      "begin" : 76,
      "end" : 79,
      "text" : "the",
      "whiteSpace" : false
    }, {
      "id" : "s0-t16",
      "begin" : 80,
      "end" : 90,
      "text" : "perimeters",
      "whiteSpace" : false
    }, {
      "id" : "s0-t17",
      "begin" : 91,
      "end" : 93,
      "text" : "of",
      "whiteSpace" : false
    }, {
      "id" : "s0-t18",
      "begin" : 94,
      "end" : 97,
      "text" : "the",
      "whiteSpace" : false
    }, {
      "id" : "s0-t19",
      "begin" : 97,
      "end" : 98,
      "text" : ",",
      "whiteSpace" : false
    }, {
      "id" : "s0-t20",
      "begin" : 99,
      "end" : 111,
      "text" : "particularly",
      "whiteSpace" : false
    }, {
      "id" : "s0-t21",
      "begin" : 112,
      "end" : 119,
      "text" : "meaning",
      "whiteSpace" : false
    }, {
      "id" : "s0-t22",
      "begin" : 120,
      "end" : 122,
      "text" : "to",
      "whiteSpace" : false
    }, {
      "id" : "s0-t23",
      "begin" : 123,
      "end" : 130,
      "text" : "include",
      "whiteSpace" : false
    }, {
      "id" : "s0-t24",
      "begin" : 131,
      "end" : 134,
      "text" : "all",
      "whiteSpace" : false
    }, {
      "id" : "s0-t25",
      "begin" : 135,
      "end" : 140,
      "text" : "lands",
      "whiteSpace" : false
    }, {
      "id" : "s0-t26",
      "begin" : 141,
      "end" : 152,
      "text" : "encompassed",
      "whiteSpace" : false
    }, {
      "id" : "s0-t27",
      "begin" : 153,
      "end" : 159,
      "text" : "within",
      "whiteSpace" : false
    }, {
      "id" : "s0-t28",
      "begin" : 159,
      "end" : 160,
      "text" : ",",
      "whiteSpace" : false
    }, {
      "id" : "s0-t29",
      "begin" : 161,
      "end" : 171,
      "text" : "identified",
      "whiteSpace" : false
    }, {
      "id" : "s0-t30",
      "begin" : 172,
      "end" : 182,
      "text" : "Assessment",
      "whiteSpace" : false
    }, {
      "id" : "s0-t31",
      "begin" : 183,
      "end" : 189,
      "text" : "Parcel",
      "whiteSpace" : false
    }, {
      "id" : "s0-t32",
      "begin" : 190,
      "end" : 192,
      "text" : "41",
      "whiteSpace" : false
    }, {
      "id" : "s0-t33",
      "begin" : 193,
      "end" : 195,
      "text" : "on",
      "whiteSpace" : false
    }, {
      "id" : "s0-t34",
      "begin" : 196,
      "end" : 199,
      "text" : "Map",
      "whiteSpace" : false
    }, {
      "id" : "s0-t35",
      "begin" : 200,
      "end" : 202,
      "text" : "46",
      "whiteSpace" : false
    }, {
      "id" : "s0-t36",
      "begin" : 203,
      "end" : 205,
      "text" : "in",
      "whiteSpace" : false
    }, {
      "id" : "s0-t37",
      "begin" : 206,
      "end" : 209,
      "text" : "the",
      "whiteSpace" : false
    }, {
      "id" : "s0-t38",
      "begin" : 210,
      "end" : 216,
      "text" : "office",
      "whiteSpace" : false
    }, {
      "id" : "s0-t39",
      "begin" : 217,
      "end" : 219,
      "text" : "of",
      "whiteSpace" : false
    }, {
      "id" : "s0-t40",
      "begin" : 220,
      "end" : 223,
      "text" : "the",
      "whiteSpace" : false
    }, {
      "id" : "s0-t41",
      "begin" : 224,
      "end" : 232,
      "text" : "Assessor",
      "whiteSpace" : false
    }, {
      "id" : "s0-t42",
      "begin" : 233,
      "end" : 235,
      "text" : "of",
      "whiteSpace" : false
    }, {
      "id" : "s0-t43",
      "begin" : 236,
      "end" : 244,
      "text" : "Property",
      "whiteSpace" : false
    }, {
      "id" : "s0-t44",
      "begin" : 245,
      "end" : 247,
      "text" : "of",
      "whiteSpace" : false
    }, {
      "id" : "s0-t45",
      "begin" : 248,
      "end" : 257,
      "text" : "Humphreys",
      "whiteSpace" : false
    }, {
      "id" : "s0-t46",
      "begin" : 258,
      "end" : 264,
      "text" : "County",
      "whiteSpace" : false
    }, {
      "id" : "s0-t47",
      "begin" : 264,
      "end" : 265,
      "text" : ",",
      "whiteSpace" : false
    }, {
      "id" : "s0-t48",
      "begin" : 266,
      "end" : 276,
      "text" : "Tennessee.",
      "whiteSpace" : false
    }, {
      "id" : "s0-t49",
      "begin" : 276,
      "end" : 277,
      "text" : ",",
      "whiteSpace" : false
    }, {
      "id" : "s0-t50",
      "begin" : 278,
      "end" : 283,
      "text" : "BEING",
      "whiteSpace" : false
    }, {
      "id" : "s0-t51",
      "begin" : 284,
      "end" : 292,
      "text" : "property",
      "whiteSpace" : false
    }, {
      "id" : "s0-t52",
      "begin" : 293,
      "end" : 300,
      "text" : "wherein",
      "whiteSpace" : false
    }, {
      "id" : "s0-t53",
      "begin" : 301,
      "end" : 303,
      "text" : "my",
      "whiteSpace" : false
    }, {
      "id" : "s0-t54",
      "begin" : 304,
      "end" : 308,
      "text" : "late",
      "whiteSpace" : false
    }, {
      "id" : "s0-t55",
      "begin" : 309,
      "end" : 316,
      "text" : "husband",
      "whiteSpace" : false
    }, {
      "id" : "s0-t56",
      "begin" : 317,
      "end" : 320,
      "text" : "and",
      "whiteSpace" : false
    }, {
      "id" : "s0-t57",
      "begin" : 321,
      "end" : 322,
      "text" : "I",
      "whiteSpace" : false
    }, {
      "id" : "s0-t58",
      "begin" : 323,
      "end" : 331,
      "text" : "conveyed",
      "whiteSpace" : false
    }, {
      "id" : "s0-t59",
      "begin" : 332,
      "end" : 333,
      "text" : "a",
      "whiteSpace" : false
    }, {
      "id" : "s0-t60",
      "begin" : 334,
      "end" : 337,
      "text" : "one",
      "whiteSpace" : false
    }, {
      "id" : "s0-t61",
      "begin" : 337,
      "end" : 338,
      "text" : "?",
      "whiteSpace" : false
    } ]
  }, {
    "id" : "s1",
    "begin" : 338,
    "end" : 520,
    "text" : "??half undivided interest therein to them the said Mack R. Hemby, Jr. and wife,, Correction recorded in Deed Book 132 at page 1233, Register's Office of Humphreys County, Tennessee.,",
    "tokens" : [ {
      "id" : "s1-t0",
      "begin" : 338,
      "end" : 344,
      "text" : "??half",
      "whiteSpace" : false
    }, {
      "id" : "s1-t1",
      "begin" : 345,
      "end" : 354,
      "text" : "undivided",
      "whiteSpace" : false
    }, {
      "id" : "s1-t2",
      "begin" : 355,
      "end" : 363,
      "text" : "interest",
      "whiteSpace" : false
    }, {
      "id" : "s1-t3",
      "begin" : 364,
      "end" : 371,
      "text" : "therein",
      "whiteSpace" : false
    }, {
      "id" : "s1-t4",
      "begin" : 372,
      "end" : 374,
      "text" : "to",
      "whiteSpace" : false
    }, {
      "id" : "s1-t5",
      "begin" : 375,
      "end" : 379,
      "text" : "them",
      "whiteSpace" : false
    }, {
      "id" : "s1-t6",
      "begin" : 380,
      "end" : 383,
      "text" : "the",
      "whiteSpace" : false
    }, {
      "id" : "s1-t7",
      "begin" : 384,
      "end" : 388,
      "text" : "said",
      "whiteSpace" : false
    }, {
      "id" : "s1-t8",
      "begin" : 389,
      "end" : 393,
      "text" : "Mack",
      "whiteSpace" : false
    }, {
      "id" : "s1-t9",
      "begin" : 394,
      "end" : 396,
      "text" : "R.",
      "whiteSpace" : false
    }, {
      "id" : "s1-t10",
      "begin" : 397,
      "end" : 402,
      "text" : "Hemby",
      "whiteSpace" : false
    }, {
      "id" : "s1-t11",
      "begin" : 402,
      "end" : 403,
      "text" : ",",
      "whiteSpace" : false
    }, {
      "id" : "s1-t12",
      "begin" : 404,
      "end" : 407,
      "text" : "Jr.",
      "whiteSpace" : false
    }, {
      "id" : "s1-t13",
      "begin" : 408,
      "end" : 411,
      "text" : "and",
      "whiteSpace" : false
    }, {
      "id" : "s1-t14",
      "begin" : 412,
      "end" : 416,
      "text" : "wife",
      "whiteSpace" : false
    }, {
      "id" : "s1-t15",
      "begin" : 416,
      "end" : 417,
      "text" : ",",
      "whiteSpace" : false
    }, {
      "id" : "s1-t16",
      "begin" : 417,
      "end" : 418,
      "text" : ",",
      "whiteSpace" : false
    }, {
      "id" : "s1-t17",
      "begin" : 419,
      "end" : 429,
      "text" : "Correction",
      "whiteSpace" : false
    }, {
      "id" : "s1-t18",
      "begin" : 430,
      "end" : 438,
      "text" : "recorded",
      "whiteSpace" : false
    }, {
      "id" : "s1-t19",
      "begin" : 439,
      "end" : 441,
      "text" : "in",
      "whiteSpace" : false
    }, {
      "id" : "s1-t20",
      "begin" : 442,
      "end" : 446,
      "text" : "Deed",
      "whiteSpace" : false
    }, {
      "id" : "s1-t21",
      "begin" : 447,
      "end" : 451,
      "text" : "Book",
      "whiteSpace" : false
    }, {
      "id" : "s1-t22",
      "begin" : 452,
      "end" : 455,
      "text" : "132",
      "whiteSpace" : false
    }, {
      "id" : "s1-t23",
      "begin" : 456,
      "end" : 458,
      "text" : "at",
      "whiteSpace" : false
    }, {
      "id" : "s1-t24",
      "begin" : 459,
      "end" : 463,
      "text" : "page",
      "whiteSpace" : false
    }, {
      "id" : "s1-t25",
      "begin" : 464,
      "end" : 468,
      "text" : "1233",
      "whiteSpace" : false
    }, {
      "id" : "s1-t26",
      "begin" : 468,
      "end" : 469,
      "text" : ",",
      "whiteSpace" : false
    }, {
      "id" : "s1-t27",
      "begin" : 470,
      "end" : 478,
      "text" : "Register",
      "whiteSpace" : false
    }, {
      "id" : "s1-t28",
      "begin" : 478,
      "end" : 480,
      "text" : "'s",
      "whiteSpace" : false
    }, {
      "id" : "s1-t29",
      "begin" : 481,
      "end" : 487,
      "text" : "Office",
      "whiteSpace" : false
    }, {
      "id" : "s1-t30",
      "begin" : 488,
      "end" : 490,
      "text" : "of",
      "whiteSpace" : false
    }, {
      "id" : "s1-t31",
      "begin" : 491,
      "end" : 500,
      "text" : "Humphreys",
      "whiteSpace" : false
    }, {
      "id" : "s1-t32",
      "begin" : 501,
      "end" : 507,
      "text" : "County",
      "whiteSpace" : false
    }, {
      "id" : "s1-t33",
      "begin" : 507,
      "end" : 508,
      "text" : ",",
      "whiteSpace" : false
    }, {
      "id" : "s1-t34",
      "begin" : 509,
      "end" : 519,
      "text" : "Tennessee.",
      "whiteSpace" : false
    }, {
      "id" : "s1-t35",
      "begin" : 519,
      "end" : 520,
      "text" : ",",
      "whiteSpace" : false
    } ]
  } ],
  "mentions" : [ {
    "id" : "s1-m1",
    "properties" : {
      "SIRE_MENTION_ROLE" : "WarrDeedBookNum",
      "SIRE_ENTITY_SUBTYPE" : "NONE",
      "SIRE_MENTION_TYPE" : "NONE",
      "SIRE_MENTION_CLASS" : "SPC"
    },
    "type" : "WarrDeedBookNum",
    "begin" : 452,
    "end" : 455,
    "inCoref" : false
  }, {
    "id" : "s1-m2",
    "properties" : {
      "SIRE_MENTION_ROLE" : "WarrDeedPageNum",
      "SIRE_ENTITY_SUBTYPE" : "NONE",
      "SIRE_MENTION_TYPE" : "NONE",
      "SIRE_MENTION_CLASS" : "SPC"
    },
    "type" : "WarrDeedPageNum",
    "begin" : 464,
    "end" : 468,
    "inCoref" : false
  } ],
  "relations" : [ ],
  "corefs" : [ ],
  "typeResolved" : true,
  "userResolved" : false
}