{
  "id" : "bafd9ea0-50ef-11e9-864f-311976351dcc-13",
  "name" : "WD201-12.txt",
  "createdDate" : 1553732617610,
  "version" : 3,
  "text" : " For and in consideration of the sum of THIRTY THOUSAND ($30,000.00) DOLLARS, cash in hand paid, and other good and valuable considerations, the receipt of which is hereby acknowledged, I, SHERRI MANGRUM, the duly appointed, qualified and acting Executrix of the Estate of John B. Hargrove, this date have bargained and sold, and by these presents do transfer and convey unto RANDELL M. WOODS and wife, TAMMY D. WOODS, their heirs and assigns, a certain tract or parcel of land in the Fifth Civil District of Humphreys County, Tennessee, and being more particularly described as follows",
  "docLength" : 0,
  "language" : "EN",
  "status" : "SUBMITTED",
  "modifiedDate" : 1553737860856,
  "documentSet" : [ ],
  "preannotation" : [ ],
  "sentences" : [ {
    "id" : "s0",
    "begin" : 1,
    "end" : 586,
    "text" : "For and in consideration of the sum of THIRTY THOUSAND ($30,000.00) DOLLARS, cash in hand paid, and other good and valuable considerations, the receipt of which is hereby acknowledged, I, SHERRI MANGRUM, the duly appointed, qualified and acting Executrix of the Estate of John B. Hargrove, this date have bargained and sold, and by these presents do transfer and convey unto RANDELL M. WOODS and wife, TAMMY D. WOODS, their heirs and assigns, a certain tract or parcel of land in the Fifth Civil District of Humphreys County, Tennessee, and being more particularly described as follows",
    "tokens" : [ {
      "id" : "s0-t0",
      "begin" : 1,
      "end" : 4,
      "text" : "For",
      "whiteSpace" : false
    }, {
      "id" : "s0-t1",
      "begin" : 5,
      "end" : 8,
      "text" : "and",
      "whiteSpace" : false
    }, {
      "id" : "s0-t2",
      "begin" : 9,
      "end" : 11,
      "text" : "in",
      "whiteSpace" : false
    }, {
      "id" : "s0-t3",
      "begin" : 12,
      "end" : 25,
      "text" : "consideration",
      "whiteSpace" : false
    }, {
      "id" : "s0-t4",
      "begin" : 26,
      "end" : 28,
      "text" : "of",
      "whiteSpace" : false
    }, {
      "id" : "s0-t5",
      "begin" : 29,
      "end" : 32,
      "text" : "the",
      "whiteSpace" : false
    }, {
      "id" : "s0-t6",
      "begin" : 33,
      "end" : 36,
      "text" : "sum",
      "whiteSpace" : false
    }, {
      "id" : "s0-t7",
      "begin" : 37,
      "end" : 39,
      "text" : "of",
      "whiteSpace" : false
    }, {
      "id" : "s0-t8",
      "begin" : 40,
      "end" : 46,
      "text" : "THIRTY",
      "whiteSpace" : false
    }, {
      "id" : "s0-t9",
      "begin" : 47,
      "end" : 55,
      "text" : "THOUSAND",
      "whiteSpace" : false
    }, {
      "id" : "s0-t10",
      "begin" : 56,
      "end" : 57,
      "text" : "(",
      "whiteSpace" : false
    }, {
      "id" : "s0-t11",
      "begin" : 57,
      "end" : 58,
      "text" : "$",
      "whiteSpace" : false
    }, {
      "id" : "s0-t12",
      "begin" : 58,
      "end" : 67,
      "text" : "30,000.00",
      "whiteSpace" : false
    }, {
      "id" : "s0-t13",
      "begin" : 67,
      "end" : 68,
      "text" : ")",
      "whiteSpace" : false
    }, {
      "id" : "s0-t14",
      "begin" : 69,
      "end" : 76,
      "text" : "DOLLARS",
      "whiteSpace" : false
    }, {
      "id" : "s0-t15",
      "begin" : 76,
      "end" : 77,
      "text" : ",",
      "whiteSpace" : false
    }, {
      "id" : "s0-t16",
      "begin" : 78,
      "end" : 82,
      "text" : "cash",
      "whiteSpace" : false
    }, {
      "id" : "s0-t17",
      "begin" : 83,
      "end" : 85,
      "text" : "in",
      "whiteSpace" : false
    }, {
      "id" : "s0-t18",
      "begin" : 86,
      "end" : 90,
      "text" : "hand",
      "whiteSpace" : false
    }, {
      "id" : "s0-t19",
      "begin" : 91,
      "end" : 95,
      "text" : "paid",
      "whiteSpace" : false
    }, {
      "id" : "s0-t20",
      "begin" : 95,
      "end" : 96,
      "text" : ",",
      "whiteSpace" : false
    }, {
      "id" : "s0-t21",
      "begin" : 97,
      "end" : 100,
      "text" : "and",
      "whiteSpace" : false
    }, {
      "id" : "s0-t22",
      "begin" : 101,
      "end" : 106,
      "text" : "other",
      "whiteSpace" : false
    }, {
      "id" : "s0-t23",
      "begin" : 107,
      "end" : 111,
      "text" : "good",
      "whiteSpace" : false
    }, {
      "id" : "s0-t24",
      "begin" : 112,
      "end" : 115,
      "text" : "and",
      "whiteSpace" : false
    }, {
      "id" : "s0-t25",
      "begin" : 116,
      "end" : 124,
      "text" : "valuable",
      "whiteSpace" : false
    }, {
      "id" : "s0-t26",
      "begin" : 125,
      "end" : 139,
      "text" : "considerations",
      "whiteSpace" : false
    }, {
      "id" : "s0-t27",
      "begin" : 139,
      "end" : 140,
      "text" : ",",
      "whiteSpace" : false
    }, {
      "id" : "s0-t28",
      "begin" : 141,
      "end" : 144,
      "text" : "the",
      "whiteSpace" : false
    }, {
      "id" : "s0-t29",
      "begin" : 145,
      "end" : 152,
      "text" : "receipt",
      "whiteSpace" : false
    }, {
      "id" : "s0-t30",
      "begin" : 153,
      "end" : 155,
      "text" : "of",
      "whiteSpace" : false
    }, {
      "id" : "s0-t31",
      "begin" : 156,
      "end" : 161,
      "text" : "which",
      "whiteSpace" : false
    }, {
      "id" : "s0-t32",
      "begin" : 162,
      "end" : 164,
      "text" : "is",
      "whiteSpace" : false
    }, {
      "id" : "s0-t33",
      "begin" : 165,
      "end" : 171,
      "text" : "hereby",
      "whiteSpace" : false
    }, {
      "id" : "s0-t34",
      "begin" : 172,
      "end" : 184,
      "text" : "acknowledged",
      "whiteSpace" : false
    }, {
      "id" : "s0-t35",
      "begin" : 184,
      "end" : 185,
      "text" : ",",
      "whiteSpace" : false
    }, {
      "id" : "s0-t36",
      "begin" : 186,
      "end" : 187,
      "text" : "I",
      "whiteSpace" : false
    }, {
      "id" : "s0-t37",
      "begin" : 187,
      "end" : 188,
      "text" : ",",
      "whiteSpace" : false
    }, {
      "id" : "s0-t38",
      "begin" : 189,
      "end" : 195,
      "text" : "SHERRI",
      "whiteSpace" : false
    }, {
      "id" : "s0-t39",
      "begin" : 196,
      "end" : 203,
      "text" : "MANGRUM",
      "whiteSpace" : false
    }, {
      "id" : "s0-t40",
      "begin" : 203,
      "end" : 204,
      "text" : ",",
      "whiteSpace" : false
    }, {
      "id" : "s0-t41",
      "begin" : 205,
      "end" : 208,
      "text" : "the",
      "whiteSpace" : false
    }, {
      "id" : "s0-t42",
      "begin" : 209,
      "end" : 213,
      "text" : "duly",
      "whiteSpace" : false
    }, {
      "id" : "s0-t43",
      "begin" : 214,
      "end" : 223,
      "text" : "appointed",
      "whiteSpace" : false
    }, {
      "id" : "s0-t44",
      "begin" : 223,
      "end" : 224,
      "text" : ",",
      "whiteSpace" : false
    }, {
      "id" : "s0-t45",
      "begin" : 225,
      "end" : 234,
      "text" : "qualified",
      "whiteSpace" : false
    }, {
      "id" : "s0-t46",
      "begin" : 235,
      "end" : 238,
      "text" : "and",
      "whiteSpace" : false
    }, {
      "id" : "s0-t47",
      "begin" : 239,
      "end" : 245,
      "text" : "acting",
      "whiteSpace" : false
    }, {
      "id" : "s0-t48",
      "begin" : 246,
      "end" : 255,
      "text" : "Executrix",
      "whiteSpace" : false
    }, {
      "id" : "s0-t49",
      "begin" : 256,
      "end" : 258,
      "text" : "of",
      "whiteSpace" : false
    }, {
      "id" : "s0-t50",
      "begin" : 259,
      "end" : 262,
      "text" : "the",
      "whiteSpace" : false
    }, {
      "id" : "s0-t51",
      "begin" : 263,
      "end" : 269,
      "text" : "Estate",
      "whiteSpace" : false
    }, {
      "id" : "s0-t52",
      "begin" : 270,
      "end" : 272,
      "text" : "of",
      "whiteSpace" : false
    }, {
      "id" : "s0-t53",
      "begin" : 273,
      "end" : 277,
      "text" : "John",
      "whiteSpace" : false
    }, {
      "id" : "s0-t54",
      "begin" : 278,
      "end" : 280,
      "text" : "B.",
      "whiteSpace" : false
    }, {
      "id" : "s0-t55",
      "begin" : 281,
      "end" : 289,
      "text" : "Hargrove",
      "whiteSpace" : false
    }, {
      "id" : "s0-t56",
      "begin" : 289,
      "end" : 290,
      "text" : ",",
      "whiteSpace" : false
    }, {
      "id" : "s0-t57",
      "begin" : 291,
      "end" : 295,
      "text" : "this",
      "whiteSpace" : false
    }, {
      "id" : "s0-t58",
      "begin" : 296,
      "end" : 300,
      "text" : "date",
      "whiteSpace" : false
    }, {
      "id" : "s0-t59",
      "begin" : 301,
      "end" : 305,
      "text" : "have",
      "whiteSpace" : false
    }, {
      "id" : "s0-t60",
      "begin" : 306,
      "end" : 315,
      "text" : "bargained",
      "whiteSpace" : false
    }, {
      "id" : "s0-t61",
      "begin" : 316,
      "end" : 319,
      "text" : "and",
      "whiteSpace" : false
    }, {
      "id" : "s0-t62",
      "begin" : 320,
      "end" : 324,
      "text" : "sold",
      "whiteSpace" : false
    }, {
      "id" : "s0-t63",
      "begin" : 324,
      "end" : 325,
      "text" : ",",
      "whiteSpace" : false
    }, {
      "id" : "s0-t64",
      "begin" : 326,
      "end" : 329,
      "text" : "and",
      "whiteSpace" : false
    }, {
      "id" : "s0-t65",
      "begin" : 330,
      "end" : 332,
      "text" : "by",
      "whiteSpace" : false
    }, {
      "id" : "s0-t66",
      "begin" : 333,
      "end" : 338,
      "text" : "these",
      "whiteSpace" : false
    }, {
      "id" : "s0-t67",
      "begin" : 339,
      "end" : 347,
      "text" : "presents",
      "whiteSpace" : false
    }, {
      "id" : "s0-t68",
      "begin" : 348,
      "end" : 350,
      "text" : "do",
      "whiteSpace" : false
    }, {
      "id" : "s0-t69",
      "begin" : 351,
      "end" : 359,
      "text" : "transfer",
      "whiteSpace" : false
    }, {
      "id" : "s0-t70",
      "begin" : 360,
      "end" : 363,
      "text" : "and",
      "whiteSpace" : false
    }, {
      "id" : "s0-t71",
      "begin" : 364,
      "end" : 370,
      "text" : "convey",
      "whiteSpace" : false
    }, {
      "id" : "s0-t72",
      "begin" : 371,
      "end" : 375,
      "text" : "unto",
      "whiteSpace" : false
    }, {
      "id" : "s0-t73",
      "begin" : 376,
      "end" : 383,
      "text" : "RANDELL",
      "whiteSpace" : false
    }, {
      "id" : "s0-t74",
      "begin" : 384,
      "end" : 386,
      "text" : "M.",
      "whiteSpace" : false
    }, {
      "id" : "s0-t75",
      "begin" : 387,
      "end" : 392,
      "text" : "WOODS",
      "whiteSpace" : false
    }, {
      "id" : "s0-t76",
      "begin" : 393,
      "end" : 396,
      "text" : "and",
      "whiteSpace" : false
    }, {
      "id" : "s0-t77",
      "begin" : 397,
      "end" : 401,
      "text" : "wife",
      "whiteSpace" : false
    }, {
      "id" : "s0-t78",
      "begin" : 401,
      "end" : 402,
      "text" : ",",
      "whiteSpace" : false
    }, {
      "id" : "s0-t79",
      "begin" : 403,
      "end" : 408,
      "text" : "TAMMY",
      "whiteSpace" : false
    }, {
      "id" : "s0-t80",
      "begin" : 409,
      "end" : 411,
      "text" : "D.",
      "whiteSpace" : false
    }, {
      "id" : "s0-t81",
      "begin" : 412,
      "end" : 417,
      "text" : "WOODS",
      "whiteSpace" : false
    }, {
      "id" : "s0-t82",
      "begin" : 417,
      "end" : 418,
      "text" : ",",
      "whiteSpace" : false
    }, {
      "id" : "s0-t83",
      "begin" : 419,
      "end" : 424,
      "text" : "their",
      "whiteSpace" : false
    }, {
      "id" : "s0-t84",
      "begin" : 425,
      "end" : 430,
      "text" : "heirs",
      "whiteSpace" : false
    }, {
      "id" : "s0-t85",
      "begin" : 431,
      "end" : 434,
      "text" : "and",
      "whiteSpace" : false
    }, {
      "id" : "s0-t86",
      "begin" : 435,
      "end" : 442,
      "text" : "assigns",
      "whiteSpace" : false
    }, {
      "id" : "s0-t87",
      "begin" : 442,
      "end" : 443,
      "text" : ",",
      "whiteSpace" : false
    }, {
      "id" : "s0-t88",
      "begin" : 444,
      "end" : 445,
      "text" : "a",
      "whiteSpace" : false
    }, {
      "id" : "s0-t89",
      "begin" : 446,
      "end" : 453,
      "text" : "certain",
      "whiteSpace" : false
    }, {
      "id" : "s0-t90",
      "begin" : 454,
      "end" : 459,
      "text" : "tract",
      "whiteSpace" : false
    }, {
      "id" : "s0-t91",
      "begin" : 460,
      "end" : 462,
      "text" : "or",
      "whiteSpace" : false
    }, {
      "id" : "s0-t92",
      "begin" : 463,
      "end" : 469,
      "text" : "parcel",
      "whiteSpace" : false
    }, {
      "id" : "s0-t93",
      "begin" : 470,
      "end" : 472,
      "text" : "of",
      "whiteSpace" : false
    }, {
      "id" : "s0-t94",
      "begin" : 473,
      "end" : 477,
      "text" : "land",
      "whiteSpace" : false
    }, {
      "id" : "s0-t95",
      "begin" : 478,
      "end" : 480,
      "text" : "in",
      "whiteSpace" : false
    }, {
      "id" : "s0-t96",
      "begin" : 481,
      "end" : 484,
      "text" : "the",
      "whiteSpace" : false
    }, {
      "id" : "s0-t97",
      "begin" : 485,
      "end" : 490,
      "text" : "Fifth",
      "whiteSpace" : false
    }, {
      "id" : "s0-t98",
      "begin" : 491,
      "end" : 496,
      "text" : "Civil",
      "whiteSpace" : false
    }, {
      "id" : "s0-t99",
      "begin" : 497,
      "end" : 505,
      "text" : "District",
      "whiteSpace" : false
    }, {
      "id" : "s0-t100",
      "begin" : 506,
      "end" : 508,
      "text" : "of",
      "whiteSpace" : false
    }, {
      "id" : "s0-t101",
      "begin" : 509,
      "end" : 518,
      "text" : "Humphreys",
      "whiteSpace" : false
    }, {
      "id" : "s0-t102",
      "begin" : 519,
      "end" : 525,
      "text" : "County",
      "whiteSpace" : false
    }, {
      "id" : "s0-t103",
      "begin" : 525,
      "end" : 526,
      "text" : ",",
      "whiteSpace" : false
    }, {
      "id" : "s0-t104",
      "begin" : 527,
      "end" : 536,
      "text" : "Tennessee",
      "whiteSpace" : false
    }, {
      "id" : "s0-t105",
      "begin" : 536,
      "end" : 537,
      "text" : ",",
      "whiteSpace" : false
    }, {
      "id" : "s0-t106",
      "begin" : 538,
      "end" : 541,
      "text" : "and",
      "whiteSpace" : false
    }, {
      "id" : "s0-t107",
      "begin" : 542,
      "end" : 547,
      "text" : "being",
      "whiteSpace" : false
    }, {
      "id" : "s0-t108",
      "begin" : 548,
      "end" : 552,
      "text" : "more",
      "whiteSpace" : false
    }, {
      "id" : "s0-t109",
      "begin" : 553,
      "end" : 565,
      "text" : "particularly",
      "whiteSpace" : false
    }, {
      "id" : "s0-t110",
      "begin" : 566,
      "end" : 575,
      "text" : "described",
      "whiteSpace" : false
    }, {
      "id" : "s0-t111",
      "begin" : 576,
      "end" : 578,
      "text" : "as",
      "whiteSpace" : false
    }, {
      "id" : "s0-t112",
      "begin" : 579,
      "end" : 586,
      "text" : "follows",
      "whiteSpace" : false
    } ]
  } ],
  "mentions" : [ {
    "id" : "s0-m1",
    "properties" : {
      "SIRE_MENTION_ROLE" : "Grantor",
      "SIRE_ENTITY_SUBTYPE" : "NONE",
      "SIRE_MENTION_TYPE" : "NONE",
      "SIRE_MENTION_CLASS" : "SPC"
    },
    "type" : "Grantor",
    "begin" : 189,
    "end" : 203,
    "inCoref" : false
  }, {
    "id" : "s0-m2",
    "properties" : {
      "SIRE_MENTION_ROLE" : "Grantor",
      "SIRE_ENTITY_SUBTYPE" : "NONE",
      "SIRE_MENTION_TYPE" : "NONE",
      "SIRE_MENTION_CLASS" : "SPC"
    },
    "type" : "Grantor",
    "begin" : 273,
    "end" : 289,
    "inCoref" : false
  }, {
    "id" : "s0-m3",
    "properties" : {
      "SIRE_MENTION_ROLE" : "Grantee",
      "SIRE_ENTITY_SUBTYPE" : "NONE",
      "SIRE_MENTION_TYPE" : "NONE",
      "SIRE_MENTION_CLASS" : "SPC"
    },
    "type" : "Grantee",
    "begin" : 376,
    "end" : 392,
    "inCoref" : false
  }, {
    "id" : "s0-m4",
    "properties" : {
      "SIRE_MENTION_ROLE" : "Grantee",
      "SIRE_ENTITY_SUBTYPE" : "NONE",
      "SIRE_MENTION_TYPE" : "NONE",
      "SIRE_MENTION_CLASS" : "SPC"
    },
    "type" : "Grantee",
    "begin" : 403,
    "end" : 417,
    "inCoref" : false
  } ],
  "relations" : [ ],
  "corefs" : [ ],
  "typeResolved" : true,
  "userResolved" : false
}