{
  "id" : "bafd9ea0-50ef-11e9-864f-311976351dcc-15",
  "name" : "WD201-17.txt",
  "createdDate" : 1553732617610,
  "version" : 3,
  "text" : "For and in consideration of the sum of ONE HUNDRED SEVENTY EIGHT THOUSAND THREE HUNDRED THIRTEEN AND 03/100 DOLLARS ($178,313.03), cash in hand paid, and other good and valuable considerations, the receipt of which is hereby acknowledged, 1, JOE SPANN, this date have bargained and sold, and by these presents do transfer and convey unto JAMES R. SPANN, being one and the same person as James Ray Spann, and wife, PEGGY L. SPANN, their heirs and assigns, my one-half undivided interest in and to certain tracts or parcels of land in the Fourth Civil District of Humphreys County, Tennessee, and being more particularly described as follows",
  "docLength" : 0,
  "language" : "EN",
  "status" : "SUBMITTED",
  "modifiedDate" : 1553737882912,
  "documentSet" : [ ],
  "preannotation" : [ ],
  "sentences" : [ {
    "id" : "s0",
    "begin" : 0,
    "end" : 639,
    "text" : "For and in consideration of the sum of ONE HUNDRED SEVENTY EIGHT THOUSAND THREE HUNDRED THIRTEEN AND 03/100 DOLLARS ($178,313.03), cash in hand paid, and other good and valuable considerations, the receipt of which is hereby acknowledged, 1, JOE SPANN, this date have bargained and sold, and by these presents do transfer and convey unto JAMES R. SPANN, being one and the same person as James Ray Spann, and wife, PEGGY L. SPANN, their heirs and assigns, my one-half undivided interest in and to certain tracts or parcels of land in the Fourth Civil District of Humphreys County, Tennessee, and being more particularly described as follows",
    "tokens" : [ {
      "id" : "s0-t0",
      "begin" : 0,
      "end" : 3,
      "text" : "For",
      "whiteSpace" : false
    }, {
      "id" : "s0-t1",
      "begin" : 4,
      "end" : 7,
      "text" : "and",
      "whiteSpace" : false
    }, {
      "id" : "s0-t2",
      "begin" : 8,
      "end" : 10,
      "text" : "in",
      "whiteSpace" : false
    }, {
      "id" : "s0-t3",
      "begin" : 11,
      "end" : 24,
      "text" : "consideration",
      "whiteSpace" : false
    }, {
      "id" : "s0-t4",
      "begin" : 25,
      "end" : 27,
      "text" : "of",
      "whiteSpace" : false
    }, {
      "id" : "s0-t5",
      "begin" : 28,
      "end" : 31,
      "text" : "the",
      "whiteSpace" : false
    }, {
      "id" : "s0-t6",
      "begin" : 32,
      "end" : 35,
      "text" : "sum",
      "whiteSpace" : false
    }, {
      "id" : "s0-t7",
      "begin" : 36,
      "end" : 38,
      "text" : "of",
      "whiteSpace" : false
    }, {
      "id" : "s0-t8",
      "begin" : 39,
      "end" : 42,
      "text" : "ONE",
      "whiteSpace" : false
    }, {
      "id" : "s0-t9",
      "begin" : 43,
      "end" : 50,
      "text" : "HUNDRED",
      "whiteSpace" : false
    }, {
      "id" : "s0-t10",
      "begin" : 51,
      "end" : 58,
      "text" : "SEVENTY",
      "whiteSpace" : false
    }, {
      "id" : "s0-t11",
      "begin" : 59,
      "end" : 64,
      "text" : "EIGHT",
      "whiteSpace" : false
    }, {
      "id" : "s0-t12",
      "begin" : 65,
      "end" : 73,
      "text" : "THOUSAND",
      "whiteSpace" : false
    }, {
      "id" : "s0-t13",
      "begin" : 74,
      "end" : 79,
      "text" : "THREE",
      "whiteSpace" : false
    }, {
      "id" : "s0-t14",
      "begin" : 80,
      "end" : 87,
      "text" : "HUNDRED",
      "whiteSpace" : false
    }, {
      "id" : "s0-t15",
      "begin" : 88,
      "end" : 96,
      "text" : "THIRTEEN",
      "whiteSpace" : false
    }, {
      "id" : "s0-t16",
      "begin" : 97,
      "end" : 100,
      "text" : "AND",
      "whiteSpace" : false
    }, {
      "id" : "s0-t17",
      "begin" : 101,
      "end" : 107,
      "text" : "03/100",
      "whiteSpace" : false
    }, {
      "id" : "s0-t18",
      "begin" : 108,
      "end" : 115,
      "text" : "DOLLARS",
      "whiteSpace" : false
    }, {
      "id" : "s0-t19",
      "begin" : 116,
      "end" : 117,
      "text" : "(",
      "whiteSpace" : false
    }, {
      "id" : "s0-t20",
      "begin" : 117,
      "end" : 118,
      "text" : "$",
      "whiteSpace" : false
    }, {
      "id" : "s0-t21",
      "begin" : 118,
      "end" : 128,
      "text" : "178,313.03",
      "whiteSpace" : false
    }, {
      "id" : "s0-t22",
      "begin" : 128,
      "end" : 129,
      "text" : ")",
      "whiteSpace" : false
    }, {
      "id" : "s0-t23",
      "begin" : 129,
      "end" : 130,
      "text" : ",",
      "whiteSpace" : false
    }, {
      "id" : "s0-t24",
      "begin" : 131,
      "end" : 135,
      "text" : "cash",
      "whiteSpace" : false
    }, {
      "id" : "s0-t25",
      "begin" : 136,
      "end" : 138,
      "text" : "in",
      "whiteSpace" : false
    }, {
      "id" : "s0-t26",
      "begin" : 139,
      "end" : 143,
      "text" : "hand",
      "whiteSpace" : false
    }, {
      "id" : "s0-t27",
      "begin" : 144,
      "end" : 148,
      "text" : "paid",
      "whiteSpace" : false
    }, {
      "id" : "s0-t28",
      "begin" : 148,
      "end" : 149,
      "text" : ",",
      "whiteSpace" : false
    }, {
      "id" : "s0-t29",
      "begin" : 150,
      "end" : 153,
      "text" : "and",
      "whiteSpace" : false
    }, {
      "id" : "s0-t30",
      "begin" : 154,
      "end" : 159,
      "text" : "other",
      "whiteSpace" : false
    }, {
      "id" : "s0-t31",
      "begin" : 160,
      "end" : 164,
      "text" : "good",
      "whiteSpace" : false
    }, {
      "id" : "s0-t32",
      "begin" : 165,
      "end" : 168,
      "text" : "and",
      "whiteSpace" : false
    }, {
      "id" : "s0-t33",
      "begin" : 169,
      "end" : 177,
      "text" : "valuable",
      "whiteSpace" : false
    }, {
      "id" : "s0-t34",
      "begin" : 178,
      "end" : 192,
      "text" : "considerations",
      "whiteSpace" : false
    }, {
      "id" : "s0-t35",
      "begin" : 192,
      "end" : 193,
      "text" : ",",
      "whiteSpace" : false
    }, {
      "id" : "s0-t36",
      "begin" : 194,
      "end" : 197,
      "text" : "the",
      "whiteSpace" : false
    }, {
      "id" : "s0-t37",
      "begin" : 198,
      "end" : 205,
      "text" : "receipt",
      "whiteSpace" : false
    }, {
      "id" : "s0-t38",
      "begin" : 206,
      "end" : 208,
      "text" : "of",
      "whiteSpace" : false
    }, {
      "id" : "s0-t39",
      "begin" : 209,
      "end" : 214,
      "text" : "which",
      "whiteSpace" : false
    }, {
      "id" : "s0-t40",
      "begin" : 215,
      "end" : 217,
      "text" : "is",
      "whiteSpace" : false
    }, {
      "id" : "s0-t41",
      "begin" : 218,
      "end" : 224,
      "text" : "hereby",
      "whiteSpace" : false
    }, {
      "id" : "s0-t42",
      "begin" : 225,
      "end" : 237,
      "text" : "acknowledged",
      "whiteSpace" : false
    }, {
      "id" : "s0-t43",
      "begin" : 237,
      "end" : 238,
      "text" : ",",
      "whiteSpace" : false
    }, {
      "id" : "s0-t44",
      "begin" : 239,
      "end" : 240,
      "text" : "1",
      "whiteSpace" : false
    }, {
      "id" : "s0-t45",
      "begin" : 240,
      "end" : 241,
      "text" : ",",
      "whiteSpace" : false
    }, {
      "id" : "s0-t46",
      "begin" : 242,
      "end" : 245,
      "text" : "JOE",
      "whiteSpace" : false
    }, {
      "id" : "s0-t47",
      "begin" : 246,
      "end" : 251,
      "text" : "SPANN",
      "whiteSpace" : false
    }, {
      "id" : "s0-t48",
      "begin" : 251,
      "end" : 252,
      "text" : ",",
      "whiteSpace" : false
    }, {
      "id" : "s0-t49",
      "begin" : 253,
      "end" : 257,
      "text" : "this",
      "whiteSpace" : false
    }, {
      "id" : "s0-t50",
      "begin" : 258,
      "end" : 262,
      "text" : "date",
      "whiteSpace" : false
    }, {
      "id" : "s0-t51",
      "begin" : 263,
      "end" : 267,
      "text" : "have",
      "whiteSpace" : false
    }, {
      "id" : "s0-t52",
      "begin" : 268,
      "end" : 277,
      "text" : "bargained",
      "whiteSpace" : false
    }, {
      "id" : "s0-t53",
      "begin" : 278,
      "end" : 281,
      "text" : "and",
      "whiteSpace" : false
    }, {
      "id" : "s0-t54",
      "begin" : 282,
      "end" : 286,
      "text" : "sold",
      "whiteSpace" : false
    }, {
      "id" : "s0-t55",
      "begin" : 286,
      "end" : 287,
      "text" : ",",
      "whiteSpace" : false
    }, {
      "id" : "s0-t56",
      "begin" : 288,
      "end" : 291,
      "text" : "and",
      "whiteSpace" : false
    }, {
      "id" : "s0-t57",
      "begin" : 292,
      "end" : 294,
      "text" : "by",
      "whiteSpace" : false
    }, {
      "id" : "s0-t58",
      "begin" : 295,
      "end" : 300,
      "text" : "these",
      "whiteSpace" : false
    }, {
      "id" : "s0-t59",
      "begin" : 301,
      "end" : 309,
      "text" : "presents",
      "whiteSpace" : false
    }, {
      "id" : "s0-t60",
      "begin" : 310,
      "end" : 312,
      "text" : "do",
      "whiteSpace" : false
    }, {
      "id" : "s0-t61",
      "begin" : 313,
      "end" : 321,
      "text" : "transfer",
      "whiteSpace" : false
    }, {
      "id" : "s0-t62",
      "begin" : 322,
      "end" : 325,
      "text" : "and",
      "whiteSpace" : false
    }, {
      "id" : "s0-t63",
      "begin" : 326,
      "end" : 332,
      "text" : "convey",
      "whiteSpace" : false
    }, {
      "id" : "s0-t64",
      "begin" : 333,
      "end" : 337,
      "text" : "unto",
      "whiteSpace" : false
    }, {
      "id" : "s0-t65",
      "begin" : 338,
      "end" : 343,
      "text" : "JAMES",
      "whiteSpace" : false
    }, {
      "id" : "s0-t66",
      "begin" : 344,
      "end" : 346,
      "text" : "R.",
      "whiteSpace" : false
    }, {
      "id" : "s0-t67",
      "begin" : 347,
      "end" : 352,
      "text" : "SPANN",
      "whiteSpace" : false
    }, {
      "id" : "s0-t68",
      "begin" : 352,
      "end" : 353,
      "text" : ",",
      "whiteSpace" : false
    }, {
      "id" : "s0-t69",
      "begin" : 354,
      "end" : 359,
      "text" : "being",
      "whiteSpace" : false
    }, {
      "id" : "s0-t70",
      "begin" : 360,
      "end" : 363,
      "text" : "one",
      "whiteSpace" : false
    }, {
      "id" : "s0-t71",
      "begin" : 364,
      "end" : 367,
      "text" : "and",
      "whiteSpace" : false
    }, {
      "id" : "s0-t72",
      "begin" : 368,
      "end" : 371,
      "text" : "the",
      "whiteSpace" : false
    }, {
      "id" : "s0-t73",
      "begin" : 372,
      "end" : 376,
      "text" : "same",
      "whiteSpace" : false
    }, {
      "id" : "s0-t74",
      "begin" : 377,
      "end" : 383,
      "text" : "person",
      "whiteSpace" : false
    }, {
      "id" : "s0-t75",
      "begin" : 384,
      "end" : 386,
      "text" : "as",
      "whiteSpace" : false
    }, {
      "id" : "s0-t76",
      "begin" : 387,
      "end" : 392,
      "text" : "James",
      "whiteSpace" : false
    }, {
      "id" : "s0-t77",
      "begin" : 393,
      "end" : 396,
      "text" : "Ray",
      "whiteSpace" : false
    }, {
      "id" : "s0-t78",
      "begin" : 397,
      "end" : 402,
      "text" : "Spann",
      "whiteSpace" : false
    }, {
      "id" : "s0-t79",
      "begin" : 402,
      "end" : 403,
      "text" : ",",
      "whiteSpace" : false
    }, {
      "id" : "s0-t80",
      "begin" : 404,
      "end" : 407,
      "text" : "and",
      "whiteSpace" : false
    }, {
      "id" : "s0-t81",
      "begin" : 408,
      "end" : 412,
      "text" : "wife",
      "whiteSpace" : false
    }, {
      "id" : "s0-t82",
      "begin" : 412,
      "end" : 413,
      "text" : ",",
      "whiteSpace" : false
    }, {
      "id" : "s0-t83",
      "begin" : 414,
      "end" : 419,
      "text" : "PEGGY",
      "whiteSpace" : false
    }, {
      "id" : "s0-t84",
      "begin" : 420,
      "end" : 422,
      "text" : "L.",
      "whiteSpace" : false
    }, {
      "id" : "s0-t85",
      "begin" : 423,
      "end" : 428,
      "text" : "SPANN",
      "whiteSpace" : false
    }, {
      "id" : "s0-t86",
      "begin" : 428,
      "end" : 429,
      "text" : ",",
      "whiteSpace" : false
    }, {
      "id" : "s0-t87",
      "begin" : 430,
      "end" : 435,
      "text" : "their",
      "whiteSpace" : false
    }, {
      "id" : "s0-t88",
      "begin" : 436,
      "end" : 441,
      "text" : "heirs",
      "whiteSpace" : false
    }, {
      "id" : "s0-t89",
      "begin" : 442,
      "end" : 445,
      "text" : "and",
      "whiteSpace" : false
    }, {
      "id" : "s0-t90",
      "begin" : 446,
      "end" : 453,
      "text" : "assigns",
      "whiteSpace" : false
    }, {
      "id" : "s0-t91",
      "begin" : 453,
      "end" : 454,
      "text" : ",",
      "whiteSpace" : false
    }, {
      "id" : "s0-t92",
      "begin" : 455,
      "end" : 457,
      "text" : "my",
      "whiteSpace" : false
    }, {
      "id" : "s0-t93",
      "begin" : 458,
      "end" : 466,
      "text" : "one-half",
      "whiteSpace" : false
    }, {
      "id" : "s0-t94",
      "begin" : 467,
      "end" : 476,
      "text" : "undivided",
      "whiteSpace" : false
    }, {
      "id" : "s0-t95",
      "begin" : 477,
      "end" : 485,
      "text" : "interest",
      "whiteSpace" : false
    }, {
      "id" : "s0-t96",
      "begin" : 486,
      "end" : 488,
      "text" : "in",
      "whiteSpace" : false
    }, {
      "id" : "s0-t97",
      "begin" : 489,
      "end" : 492,
      "text" : "and",
      "whiteSpace" : false
    }, {
      "id" : "s0-t98",
      "begin" : 493,
      "end" : 495,
      "text" : "to",
      "whiteSpace" : false
    }, {
      "id" : "s0-t99",
      "begin" : 496,
      "end" : 503,
      "text" : "certain",
      "whiteSpace" : false
    }, {
      "id" : "s0-t100",
      "begin" : 504,
      "end" : 510,
      "text" : "tracts",
      "whiteSpace" : false
    }, {
      "id" : "s0-t101",
      "begin" : 511,
      "end" : 513,
      "text" : "or",
      "whiteSpace" : false
    }, {
      "id" : "s0-t102",
      "begin" : 514,
      "end" : 521,
      "text" : "parcels",
      "whiteSpace" : false
    }, {
      "id" : "s0-t103",
      "begin" : 522,
      "end" : 524,
      "text" : "of",
      "whiteSpace" : false
    }, {
      "id" : "s0-t104",
      "begin" : 525,
      "end" : 529,
      "text" : "land",
      "whiteSpace" : false
    }, {
      "id" : "s0-t105",
      "begin" : 530,
      "end" : 532,
      "text" : "in",
      "whiteSpace" : false
    }, {
      "id" : "s0-t106",
      "begin" : 533,
      "end" : 536,
      "text" : "the",
      "whiteSpace" : false
    }, {
      "id" : "s0-t107",
      "begin" : 537,
      "end" : 543,
      "text" : "Fourth",
      "whiteSpace" : false
    }, {
      "id" : "s0-t108",
      "begin" : 544,
      "end" : 549,
      "text" : "Civil",
      "whiteSpace" : false
    }, {
      "id" : "s0-t109",
      "begin" : 550,
      "end" : 558,
      "text" : "District",
      "whiteSpace" : false
    }, {
      "id" : "s0-t110",
      "begin" : 559,
      "end" : 561,
      "text" : "of",
      "whiteSpace" : false
    }, {
      "id" : "s0-t111",
      "begin" : 562,
      "end" : 571,
      "text" : "Humphreys",
      "whiteSpace" : false
    }, {
      "id" : "s0-t112",
      "begin" : 572,
      "end" : 578,
      "text" : "County",
      "whiteSpace" : false
    }, {
      "id" : "s0-t113",
      "begin" : 578,
      "end" : 579,
      "text" : ",",
      "whiteSpace" : false
    }, {
      "id" : "s0-t114",
      "begin" : 580,
      "end" : 589,
      "text" : "Tennessee",
      "whiteSpace" : false
    }, {
      "id" : "s0-t115",
      "begin" : 589,
      "end" : 590,
      "text" : ",",
      "whiteSpace" : false
    }, {
      "id" : "s0-t116",
      "begin" : 591,
      "end" : 594,
      "text" : "and",
      "whiteSpace" : false
    }, {
      "id" : "s0-t117",
      "begin" : 595,
      "end" : 600,
      "text" : "being",
      "whiteSpace" : false
    }, {
      "id" : "s0-t118",
      "begin" : 601,
      "end" : 605,
      "text" : "more",
      "whiteSpace" : false
    }, {
      "id" : "s0-t119",
      "begin" : 606,
      "end" : 618,
      "text" : "particularly",
      "whiteSpace" : false
    }, {
      "id" : "s0-t120",
      "begin" : 619,
      "end" : 628,
      "text" : "described",
      "whiteSpace" : false
    }, {
      "id" : "s0-t121",
      "begin" : 629,
      "end" : 631,
      "text" : "as",
      "whiteSpace" : false
    }, {
      "id" : "s0-t122",
      "begin" : 632,
      "end" : 639,
      "text" : "follows",
      "whiteSpace" : false
    } ]
  } ],
  "mentions" : [ {
    "id" : "s0-m1",
    "properties" : {
      "SIRE_MENTION_ROLE" : "Grantor",
      "SIRE_ENTITY_SUBTYPE" : "NONE",
      "SIRE_MENTION_TYPE" : "NONE",
      "SIRE_MENTION_CLASS" : "SPC"
    },
    "type" : "Grantor",
    "begin" : 242,
    "end" : 251,
    "inCoref" : false
  }, {
    "id" : "s0-m3",
    "properties" : {
      "SIRE_MENTION_ROLE" : "Grantee",
      "SIRE_ENTITY_SUBTYPE" : "NONE",
      "SIRE_MENTION_TYPE" : "NONE",
      "SIRE_MENTION_CLASS" : "SPC"
    },
    "type" : "Grantee",
    "begin" : 338,
    "end" : 352,
    "inCoref" : false
  }, {
    "id" : "s0-m6",
    "properties" : {
      "SIRE_MENTION_ROLE" : "Grantee",
      "SIRE_ENTITY_SUBTYPE" : "NONE",
      "SIRE_MENTION_TYPE" : "NONE",
      "SIRE_MENTION_CLASS" : "SPC"
    },
    "type" : "Grantee",
    "begin" : 387,
    "end" : 402,
    "inCoref" : false
  }, {
    "id" : "s0-m2",
    "properties" : {
      "SIRE_MENTION_ROLE" : "Grantee",
      "SIRE_ENTITY_SUBTYPE" : "NONE",
      "SIRE_MENTION_TYPE" : "NONE",
      "SIRE_MENTION_CLASS" : "SPC"
    },
    "type" : "Grantee",
    "begin" : 414,
    "end" : 428,
    "inCoref" : false
  } ],
  "relations" : [ ],
  "corefs" : [ ],
  "typeResolved" : true,
  "userResolved" : false
}