{
  "id" : "bafd9ea0-50ef-11e9-864f-311976351dcc-11",
  "name" : "WD201-6.txt",
  "createdDate" : 1553732617610,
  "version" : 3,
  "text" : "THAT for and in consideration of the sum of FORTY THREE THOUSAND FIVE HUNDRED AND NO/ 100 ($43,500.00) DOLLARS, cash in hand paid to the Grantors by the Grantees, the receipt of which is hereby acknowledged, we, I. ROY WYNNE and wife, DONNA K. WYNNE, have bargained and sold and by these presents do hereby transfer and convey unto ROBERT W. OVERTON and wife, MELINDA OVERTON, as Grantees, the following described tract or parcel of land lying and being situate in Benton County, Tennessee, and more particularly described as follows",
  "docLength" : 0,
  "language" : "EN",
  "status" : "SUBMITTED",
  "modifiedDate" : 1553737811461,
  "documentSet" : [ ],
  "preannotation" : [ ],
  "sentences" : [ {
    "id" : "s0",
    "begin" : 0,
    "end" : 533,
    "text" : "THAT for and in consideration of the sum of FORTY THREE THOUSAND FIVE HUNDRED AND NO/ 100 ($43,500.00) DOLLARS, cash in hand paid to the Grantors by the Grantees, the receipt of which is hereby acknowledged, we, I. ROY WYNNE and wife, DONNA K. WYNNE, have bargained and sold and by these presents do hereby transfer and convey unto ROBERT W. OVERTON and wife, MELINDA OVERTON, as Grantees, the following described tract or parcel of land lying and being situate in Benton County, Tennessee, and more particularly described as follows",
    "tokens" : [ {
      "id" : "s0-t0",
      "begin" : 0,
      "end" : 4,
      "text" : "THAT",
      "whiteSpace" : false
    }, {
      "id" : "s0-t1",
      "begin" : 5,
      "end" : 8,
      "text" : "for",
      "whiteSpace" : false
    }, {
      "id" : "s0-t2",
      "begin" : 9,
      "end" : 12,
      "text" : "and",
      "whiteSpace" : false
    }, {
      "id" : "s0-t3",
      "begin" : 13,
      "end" : 15,
      "text" : "in",
      "whiteSpace" : false
    }, {
      "id" : "s0-t4",
      "begin" : 16,
      "end" : 29,
      "text" : "consideration",
      "whiteSpace" : false
    }, {
      "id" : "s0-t5",
      "begin" : 30,
      "end" : 32,
      "text" : "of",
      "whiteSpace" : false
    }, {
      "id" : "s0-t6",
      "begin" : 33,
      "end" : 36,
      "text" : "the",
      "whiteSpace" : false
    }, {
      "id" : "s0-t7",
      "begin" : 37,
      "end" : 40,
      "text" : "sum",
      "whiteSpace" : false
    }, {
      "id" : "s0-t8",
      "begin" : 41,
      "end" : 43,
      "text" : "of",
      "whiteSpace" : false
    }, {
      "id" : "s0-t9",
      "begin" : 44,
      "end" : 49,
      "text" : "FORTY",
      "whiteSpace" : false
    }, {
      "id" : "s0-t10",
      "begin" : 50,
      "end" : 55,
      "text" : "THREE",
      "whiteSpace" : false
    }, {
      "id" : "s0-t11",
      "begin" : 56,
      "end" : 64,
      "text" : "THOUSAND",
      "whiteSpace" : false
    }, {
      "id" : "s0-t12",
      "begin" : 65,
      "end" : 69,
      "text" : "FIVE",
      "whiteSpace" : false
    }, {
      "id" : "s0-t13",
      "begin" : 70,
      "end" : 77,
      "text" : "HUNDRED",
      "whiteSpace" : false
    }, {
      "id" : "s0-t14",
      "begin" : 78,
      "end" : 81,
      "text" : "AND",
      "whiteSpace" : false
    }, {
      "id" : "s0-t15",
      "begin" : 82,
      "end" : 85,
      "text" : "NO/",
      "whiteSpace" : false
    }, {
      "id" : "s0-t16",
      "begin" : 86,
      "end" : 89,
      "text" : "100",
      "whiteSpace" : false
    }, {
      "id" : "s0-t17",
      "begin" : 90,
      "end" : 91,
      "text" : "(",
      "whiteSpace" : false
    }, {
      "id" : "s0-t18",
      "begin" : 91,
      "end" : 92,
      "text" : "$",
      "whiteSpace" : false
    }, {
      "id" : "s0-t19",
      "begin" : 92,
      "end" : 101,
      "text" : "43,500.00",
      "whiteSpace" : false
    }, {
      "id" : "s0-t20",
      "begin" : 101,
      "end" : 102,
      "text" : ")",
      "whiteSpace" : false
    }, {
      "id" : "s0-t21",
      "begin" : 103,
      "end" : 110,
      "text" : "DOLLARS",
      "whiteSpace" : false
    }, {
      "id" : "s0-t22",
      "begin" : 110,
      "end" : 111,
      "text" : ",",
      "whiteSpace" : false
    }, {
      "id" : "s0-t23",
      "begin" : 112,
      "end" : 116,
      "text" : "cash",
      "whiteSpace" : false
    }, {
      "id" : "s0-t24",
      "begin" : 117,
      "end" : 119,
      "text" : "in",
      "whiteSpace" : false
    }, {
      "id" : "s0-t25",
      "begin" : 120,
      "end" : 124,
      "text" : "hand",
      "whiteSpace" : false
    }, {
      "id" : "s0-t26",
      "begin" : 125,
      "end" : 129,
      "text" : "paid",
      "whiteSpace" : false
    }, {
      "id" : "s0-t27",
      "begin" : 130,
      "end" : 132,
      "text" : "to",
      "whiteSpace" : false
    }, {
      "id" : "s0-t28",
      "begin" : 133,
      "end" : 136,
      "text" : "the",
      "whiteSpace" : false
    }, {
      "id" : "s0-t29",
      "begin" : 137,
      "end" : 145,
      "text" : "Grantors",
      "whiteSpace" : false
    }, {
      "id" : "s0-t30",
      "begin" : 146,
      "end" : 148,
      "text" : "by",
      "whiteSpace" : false
    }, {
      "id" : "s0-t31",
      "begin" : 149,
      "end" : 152,
      "text" : "the",
      "whiteSpace" : false
    }, {
      "id" : "s0-t32",
      "begin" : 153,
      "end" : 161,
      "text" : "Grantees",
      "whiteSpace" : false
    }, {
      "id" : "s0-t33",
      "begin" : 161,
      "end" : 162,
      "text" : ",",
      "whiteSpace" : false
    }, {
      "id" : "s0-t34",
      "begin" : 163,
      "end" : 166,
      "text" : "the",
      "whiteSpace" : false
    }, {
      "id" : "s0-t35",
      "begin" : 167,
      "end" : 174,
      "text" : "receipt",
      "whiteSpace" : false
    }, {
      "id" : "s0-t36",
      "begin" : 175,
      "end" : 177,
      "text" : "of",
      "whiteSpace" : false
    }, {
      "id" : "s0-t37",
      "begin" : 178,
      "end" : 183,
      "text" : "which",
      "whiteSpace" : false
    }, {
      "id" : "s0-t38",
      "begin" : 184,
      "end" : 186,
      "text" : "is",
      "whiteSpace" : false
    }, {
      "id" : "s0-t39",
      "begin" : 187,
      "end" : 193,
      "text" : "hereby",
      "whiteSpace" : false
    }, {
      "id" : "s0-t40",
      "begin" : 194,
      "end" : 206,
      "text" : "acknowledged",
      "whiteSpace" : false
    }, {
      "id" : "s0-t41",
      "begin" : 206,
      "end" : 207,
      "text" : ",",
      "whiteSpace" : false
    }, {
      "id" : "s0-t42",
      "begin" : 208,
      "end" : 210,
      "text" : "we",
      "whiteSpace" : false
    }, {
      "id" : "s0-t43",
      "begin" : 210,
      "end" : 211,
      "text" : ",",
      "whiteSpace" : false
    }, {
      "id" : "s0-t44",
      "begin" : 212,
      "end" : 214,
      "text" : "I.",
      "whiteSpace" : false
    }, {
      "id" : "s0-t45",
      "begin" : 215,
      "end" : 218,
      "text" : "ROY",
      "whiteSpace" : false
    }, {
      "id" : "s0-t46",
      "begin" : 219,
      "end" : 224,
      "text" : "WYNNE",
      "whiteSpace" : false
    }, {
      "id" : "s0-t47",
      "begin" : 225,
      "end" : 228,
      "text" : "and",
      "whiteSpace" : false
    }, {
      "id" : "s0-t48",
      "begin" : 229,
      "end" : 233,
      "text" : "wife",
      "whiteSpace" : false
    }, {
      "id" : "s0-t49",
      "begin" : 233,
      "end" : 234,
      "text" : ",",
      "whiteSpace" : false
    }, {
      "id" : "s0-t50",
      "begin" : 235,
      "end" : 240,
      "text" : "DONNA",
      "whiteSpace" : false
    }, {
      "id" : "s0-t51",
      "begin" : 241,
      "end" : 243,
      "text" : "K.",
      "whiteSpace" : false
    }, {
      "id" : "s0-t52",
      "begin" : 244,
      "end" : 249,
      "text" : "WYNNE",
      "whiteSpace" : false
    }, {
      "id" : "s0-t53",
      "begin" : 249,
      "end" : 250,
      "text" : ",",
      "whiteSpace" : false
    }, {
      "id" : "s0-t54",
      "begin" : 251,
      "end" : 255,
      "text" : "have",
      "whiteSpace" : false
    }, {
      "id" : "s0-t55",
      "begin" : 256,
      "end" : 265,
      "text" : "bargained",
      "whiteSpace" : false
    }, {
      "id" : "s0-t56",
      "begin" : 266,
      "end" : 269,
      "text" : "and",
      "whiteSpace" : false
    }, {
      "id" : "s0-t57",
      "begin" : 270,
      "end" : 274,
      "text" : "sold",
      "whiteSpace" : false
    }, {
      "id" : "s0-t58",
      "begin" : 275,
      "end" : 278,
      "text" : "and",
      "whiteSpace" : false
    }, {
      "id" : "s0-t59",
      "begin" : 279,
      "end" : 281,
      "text" : "by",
      "whiteSpace" : false
    }, {
      "id" : "s0-t60",
      "begin" : 282,
      "end" : 287,
      "text" : "these",
      "whiteSpace" : false
    }, {
      "id" : "s0-t61",
      "begin" : 288,
      "end" : 296,
      "text" : "presents",
      "whiteSpace" : false
    }, {
      "id" : "s0-t62",
      "begin" : 297,
      "end" : 299,
      "text" : "do",
      "whiteSpace" : false
    }, {
      "id" : "s0-t63",
      "begin" : 300,
      "end" : 306,
      "text" : "hereby",
      "whiteSpace" : false
    }, {
      "id" : "s0-t64",
      "begin" : 307,
      "end" : 315,
      "text" : "transfer",
      "whiteSpace" : false
    }, {
      "id" : "s0-t65",
      "begin" : 316,
      "end" : 319,
      "text" : "and",
      "whiteSpace" : false
    }, {
      "id" : "s0-t66",
      "begin" : 320,
      "end" : 326,
      "text" : "convey",
      "whiteSpace" : false
    }, {
      "id" : "s0-t67",
      "begin" : 327,
      "end" : 331,
      "text" : "unto",
      "whiteSpace" : false
    }, {
      "id" : "s0-t68",
      "begin" : 332,
      "end" : 338,
      "text" : "ROBERT",
      "whiteSpace" : false
    }, {
      "id" : "s0-t69",
      "begin" : 339,
      "end" : 341,
      "text" : "W.",
      "whiteSpace" : false
    }, {
      "id" : "s0-t70",
      "begin" : 342,
      "end" : 349,
      "text" : "OVERTON",
      "whiteSpace" : false
    }, {
      "id" : "s0-t71",
      "begin" : 350,
      "end" : 353,
      "text" : "and",
      "whiteSpace" : false
    }, {
      "id" : "s0-t72",
      "begin" : 354,
      "end" : 358,
      "text" : "wife",
      "whiteSpace" : false
    }, {
      "id" : "s0-t73",
      "begin" : 358,
      "end" : 359,
      "text" : ",",
      "whiteSpace" : false
    }, {
      "id" : "s0-t74",
      "begin" : 360,
      "end" : 367,
      "text" : "MELINDA",
      "whiteSpace" : false
    }, {
      "id" : "s0-t75",
      "begin" : 368,
      "end" : 375,
      "text" : "OVERTON",
      "whiteSpace" : false
    }, {
      "id" : "s0-t76",
      "begin" : 375,
      "end" : 376,
      "text" : ",",
      "whiteSpace" : false
    }, {
      "id" : "s0-t77",
      "begin" : 377,
      "end" : 379,
      "text" : "as",
      "whiteSpace" : false
    }, {
      "id" : "s0-t78",
      "begin" : 380,
      "end" : 388,
      "text" : "Grantees",
      "whiteSpace" : false
    }, {
      "id" : "s0-t79",
      "begin" : 388,
      "end" : 389,
      "text" : ",",
      "whiteSpace" : false
    }, {
      "id" : "s0-t80",
      "begin" : 390,
      "end" : 393,
      "text" : "the",
      "whiteSpace" : false
    }, {
      "id" : "s0-t81",
      "begin" : 394,
      "end" : 403,
      "text" : "following",
      "whiteSpace" : false
    }, {
      "id" : "s0-t82",
      "begin" : 404,
      "end" : 413,
      "text" : "described",
      "whiteSpace" : false
    }, {
      "id" : "s0-t83",
      "begin" : 414,
      "end" : 419,
      "text" : "tract",
      "whiteSpace" : false
    }, {
      "id" : "s0-t84",
      "begin" : 420,
      "end" : 422,
      "text" : "or",
      "whiteSpace" : false
    }, {
      "id" : "s0-t85",
      "begin" : 423,
      "end" : 429,
      "text" : "parcel",
      "whiteSpace" : false
    }, {
      "id" : "s0-t86",
      "begin" : 430,
      "end" : 432,
      "text" : "of",
      "whiteSpace" : false
    }, {
      "id" : "s0-t87",
      "begin" : 433,
      "end" : 437,
      "text" : "land",
      "whiteSpace" : false
    }, {
      "id" : "s0-t88",
      "begin" : 438,
      "end" : 443,
      "text" : "lying",
      "whiteSpace" : false
    }, {
      "id" : "s0-t89",
      "begin" : 444,
      "end" : 447,
      "text" : "and",
      "whiteSpace" : false
    }, {
      "id" : "s0-t90",
      "begin" : 448,
      "end" : 453,
      "text" : "being",
      "whiteSpace" : false
    }, {
      "id" : "s0-t91",
      "begin" : 454,
      "end" : 461,
      "text" : "situate",
      "whiteSpace" : false
    }, {
      "id" : "s0-t92",
      "begin" : 462,
      "end" : 464,
      "text" : "in",
      "whiteSpace" : false
    }, {
      "id" : "s0-t93",
      "begin" : 465,
      "end" : 471,
      "text" : "Benton",
      "whiteSpace" : false
    }, {
      "id" : "s0-t94",
      "begin" : 472,
      "end" : 478,
      "text" : "County",
      "whiteSpace" : false
    }, {
      "id" : "s0-t95",
      "begin" : 478,
      "end" : 479,
      "text" : ",",
      "whiteSpace" : false
    }, {
      "id" : "s0-t96",
      "begin" : 480,
      "end" : 489,
      "text" : "Tennessee",
      "whiteSpace" : false
    }, {
      "id" : "s0-t97",
      "begin" : 489,
      "end" : 490,
      "text" : ",",
      "whiteSpace" : false
    }, {
      "id" : "s0-t98",
      "begin" : 491,
      "end" : 494,
      "text" : "and",
      "whiteSpace" : false
    }, {
      "id" : "s0-t99",
      "begin" : 495,
      "end" : 499,
      "text" : "more",
      "whiteSpace" : false
    }, {
      "id" : "s0-t100",
      "begin" : 500,
      "end" : 512,
      "text" : "particularly",
      "whiteSpace" : false
    }, {
      "id" : "s0-t101",
      "begin" : 513,
      "end" : 522,
      "text" : "described",
      "whiteSpace" : false
    }, {
      "id" : "s0-t102",
      "begin" : 523,
      "end" : 525,
      "text" : "as",
      "whiteSpace" : false
    }, {
      "id" : "s0-t103",
      "begin" : 526,
      "end" : 533,
      "text" : "follows",
      "whiteSpace" : false
    } ]
  } ],
  "mentions" : [ {
    "id" : "s0-m3",
    "properties" : {
      "SIRE_MENTION_ROLE" : "Grantor",
      "SIRE_ENTITY_SUBTYPE" : "NONE",
      "SIRE_MENTION_TYPE" : "NONE",
      "SIRE_MENTION_CLASS" : "SPC"
    },
    "type" : "Grantor",
    "begin" : 215,
    "end" : 224,
    "inCoref" : false
  }, {
    "id" : "s0-m4",
    "properties" : {
      "SIRE_MENTION_ROLE" : "Grantor",
      "SIRE_ENTITY_SUBTYPE" : "NONE",
      "SIRE_MENTION_TYPE" : "NONE",
      "SIRE_MENTION_CLASS" : "SPC"
    },
    "type" : "Grantor",
    "begin" : 235,
    "end" : 249,
    "inCoref" : false
  }, {
    "id" : "s0-m1",
    "properties" : {
      "SIRE_MENTION_ROLE" : "Grantee",
      "SIRE_ENTITY_SUBTYPE" : "NONE",
      "SIRE_MENTION_TYPE" : "NONE",
      "SIRE_MENTION_CLASS" : "SPC"
    },
    "type" : "Grantee",
    "begin" : 332,
    "end" : 349,
    "inCoref" : false
  }, {
    "id" : "s0-m2",
    "properties" : {
      "SIRE_MENTION_ROLE" : "Grantee",
      "SIRE_ENTITY_SUBTYPE" : "NONE",
      "SIRE_MENTION_TYPE" : "NONE",
      "SIRE_MENTION_CLASS" : "SPC"
    },
    "type" : "Grantee",
    "begin" : 360,
    "end" : 375,
    "inCoref" : false
  } ],
  "relations" : [ ],
  "corefs" : [ ],
  "typeResolved" : true,
  "userResolved" : false
}