{
  "id" : "bafd9ea0-50ef-11e9-864f-311976351dcc-12",
  "name" : "WD201-9.txt",
  "createdDate" : 1553732617610,
  "version" : 3,
  "text" : "For and in consideration of the sum of SEVENTY-NINE THOUSAND ($79,000.00) DOLLARS, cash in hand paid, and other good and valuable considerations, the receipt of which is hereby acknowledged, I, AMANDA HITE, being one and the same person as Amanda Birlem, this date have bargained and sold, and by these presents do transfer and convey unto ROY C. WOLFE and Wife, CAROL L. WOLFE, their heirs and assigns, a certain tract or parcel of land in the Second Civil District of Humphreys County, Tennessee, and being more particularly described as follows",
  "docLength" : 0,
  "language" : "EN",
  "status" : "SUBMITTED",
  "modifiedDate" : 1553737824245,
  "documentSet" : [ ],
  "preannotation" : [ ],
  "sentences" : [ {
    "id" : "s0",
    "begin" : 0,
    "end" : 547,
    "text" : "For and in consideration of the sum of SEVENTY-NINE THOUSAND ($79,000.00) DOLLARS, cash in hand paid, and other good and valuable considerations, the receipt of which is hereby acknowledged, I, AMANDA HITE, being one and the same person as Amanda Birlem, this date have bargained and sold, and by these presents do transfer and convey unto ROY C. WOLFE and Wife, CAROL L. WOLFE, their heirs and assigns, a certain tract or parcel of land in the Second Civil District of Humphreys County, Tennessee, and being more particularly described as follows",
    "tokens" : [ {
      "id" : "s0-t0",
      "begin" : 0,
      "end" : 3,
      "text" : "For",
      "whiteSpace" : false
    }, {
      "id" : "s0-t1",
      "begin" : 4,
      "end" : 7,
      "text" : "and",
      "whiteSpace" : false
    }, {
      "id" : "s0-t2",
      "begin" : 8,
      "end" : 10,
      "text" : "in",
      "whiteSpace" : false
    }, {
      "id" : "s0-t3",
      "begin" : 11,
      "end" : 24,
      "text" : "consideration",
      "whiteSpace" : false
    }, {
      "id" : "s0-t4",
      "begin" : 25,
      "end" : 27,
      "text" : "of",
      "whiteSpace" : false
    }, {
      "id" : "s0-t5",
      "begin" : 28,
      "end" : 31,
      "text" : "the",
      "whiteSpace" : false
    }, {
      "id" : "s0-t6",
      "begin" : 32,
      "end" : 35,
      "text" : "sum",
      "whiteSpace" : false
    }, {
      "id" : "s0-t7",
      "begin" : 36,
      "end" : 38,
      "text" : "of",
      "whiteSpace" : false
    }, {
      "id" : "s0-t8",
      "begin" : 39,
      "end" : 51,
      "text" : "SEVENTY-NINE",
      "whiteSpace" : false
    }, {
      "id" : "s0-t9",
      "begin" : 52,
      "end" : 60,
      "text" : "THOUSAND",
      "whiteSpace" : false
    }, {
      "id" : "s0-t10",
      "begin" : 61,
      "end" : 62,
      "text" : "(",
      "whiteSpace" : false
    }, {
      "id" : "s0-t11",
      "begin" : 62,
      "end" : 63,
      "text" : "$",
      "whiteSpace" : false
    }, {
      "id" : "s0-t12",
      "begin" : 63,
      "end" : 72,
      "text" : "79,000.00",
      "whiteSpace" : false
    }, {
      "id" : "s0-t13",
      "begin" : 72,
      "end" : 73,
      "text" : ")",
      "whiteSpace" : false
    }, {
      "id" : "s0-t14",
      "begin" : 74,
      "end" : 81,
      "text" : "DOLLARS",
      "whiteSpace" : false
    }, {
      "id" : "s0-t15",
      "begin" : 81,
      "end" : 82,
      "text" : ",",
      "whiteSpace" : false
    }, {
      "id" : "s0-t16",
      "begin" : 83,
      "end" : 87,
      "text" : "cash",
      "whiteSpace" : false
    }, {
      "id" : "s0-t17",
      "begin" : 88,
      "end" : 90,
      "text" : "in",
      "whiteSpace" : false
    }, {
      "id" : "s0-t18",
      "begin" : 91,
      "end" : 95,
      "text" : "hand",
      "whiteSpace" : false
    }, {
      "id" : "s0-t19",
      "begin" : 96,
      "end" : 100,
      "text" : "paid",
      "whiteSpace" : false
    }, {
      "id" : "s0-t20",
      "begin" : 100,
      "end" : 101,
      "text" : ",",
      "whiteSpace" : false
    }, {
      "id" : "s0-t21",
      "begin" : 102,
      "end" : 105,
      "text" : "and",
      "whiteSpace" : false
    }, {
      "id" : "s0-t22",
      "begin" : 106,
      "end" : 111,
      "text" : "other",
      "whiteSpace" : false
    }, {
      "id" : "s0-t23",
      "begin" : 112,
      "end" : 116,
      "text" : "good",
      "whiteSpace" : false
    }, {
      "id" : "s0-t24",
      "begin" : 117,
      "end" : 120,
      "text" : "and",
      "whiteSpace" : false
    }, {
      "id" : "s0-t25",
      "begin" : 121,
      "end" : 129,
      "text" : "valuable",
      "whiteSpace" : false
    }, {
      "id" : "s0-t26",
      "begin" : 130,
      "end" : 144,
      "text" : "considerations",
      "whiteSpace" : false
    }, {
      "id" : "s0-t27",
      "begin" : 144,
      "end" : 145,
      "text" : ",",
      "whiteSpace" : false
    }, {
      "id" : "s0-t28",
      "begin" : 146,
      "end" : 149,
      "text" : "the",
      "whiteSpace" : false
    }, {
      "id" : "s0-t29",
      "begin" : 150,
      "end" : 157,
      "text" : "receipt",
      "whiteSpace" : false
    }, {
      "id" : "s0-t30",
      "begin" : 158,
      "end" : 160,
      "text" : "of",
      "whiteSpace" : false
    }, {
      "id" : "s0-t31",
      "begin" : 161,
      "end" : 166,
      "text" : "which",
      "whiteSpace" : false
    }, {
      "id" : "s0-t32",
      "begin" : 167,
      "end" : 169,
      "text" : "is",
      "whiteSpace" : false
    }, {
      "id" : "s0-t33",
      "begin" : 170,
      "end" : 176,
      "text" : "hereby",
      "whiteSpace" : false
    }, {
      "id" : "s0-t34",
      "begin" : 177,
      "end" : 189,
      "text" : "acknowledged",
      "whiteSpace" : false
    }, {
      "id" : "s0-t35",
      "begin" : 189,
      "end" : 190,
      "text" : ",",
      "whiteSpace" : false
    }, {
      "id" : "s0-t36",
      "begin" : 191,
      "end" : 192,
      "text" : "I",
      "whiteSpace" : false
    }, {
      "id" : "s0-t37",
      "begin" : 192,
      "end" : 193,
      "text" : ",",
      "whiteSpace" : false
    }, {
      "id" : "s0-t38",
      "begin" : 194,
      "end" : 200,
      "text" : "AMANDA",
      "whiteSpace" : false
    }, {
      "id" : "s0-t39",
      "begin" : 201,
      "end" : 205,
      "text" : "HITE",
      "whiteSpace" : false
    }, {
      "id" : "s0-t40",
      "begin" : 205,
      "end" : 206,
      "text" : ",",
      "whiteSpace" : false
    }, {
      "id" : "s0-t41",
      "begin" : 207,
      "end" : 212,
      "text" : "being",
      "whiteSpace" : false
    }, {
      "id" : "s0-t42",
      "begin" : 213,
      "end" : 216,
      "text" : "one",
      "whiteSpace" : false
    }, {
      "id" : "s0-t43",
      "begin" : 217,
      "end" : 220,
      "text" : "and",
      "whiteSpace" : false
    }, {
      "id" : "s0-t44",
      "begin" : 221,
      "end" : 224,
      "text" : "the",
      "whiteSpace" : false
    }, {
      "id" : "s0-t45",
      "begin" : 225,
      "end" : 229,
      "text" : "same",
      "whiteSpace" : false
    }, {
      "id" : "s0-t46",
      "begin" : 230,
      "end" : 236,
      "text" : "person",
      "whiteSpace" : false
    }, {
      "id" : "s0-t47",
      "begin" : 237,
      "end" : 239,
      "text" : "as",
      "whiteSpace" : false
    }, {
      "id" : "s0-t48",
      "begin" : 240,
      "end" : 246,
      "text" : "Amanda",
      "whiteSpace" : false
    }, {
      "id" : "s0-t49",
      "begin" : 247,
      "end" : 253,
      "text" : "Birlem",
      "whiteSpace" : false
    }, {
      "id" : "s0-t50",
      "begin" : 253,
      "end" : 254,
      "text" : ",",
      "whiteSpace" : false
    }, {
      "id" : "s0-t51",
      "begin" : 255,
      "end" : 259,
      "text" : "this",
      "whiteSpace" : false
    }, {
      "id" : "s0-t52",
      "begin" : 260,
      "end" : 264,
      "text" : "date",
      "whiteSpace" : false
    }, {
      "id" : "s0-t53",
      "begin" : 265,
      "end" : 269,
      "text" : "have",
      "whiteSpace" : false
    }, {
      "id" : "s0-t54",
      "begin" : 270,
      "end" : 279,
      "text" : "bargained",
      "whiteSpace" : false
    }, {
      "id" : "s0-t55",
      "begin" : 280,
      "end" : 283,
      "text" : "and",
      "whiteSpace" : false
    }, {
      "id" : "s0-t56",
      "begin" : 284,
      "end" : 288,
      "text" : "sold",
      "whiteSpace" : false
    }, {
      "id" : "s0-t57",
      "begin" : 288,
      "end" : 289,
      "text" : ",",
      "whiteSpace" : false
    }, {
      "id" : "s0-t58",
      "begin" : 290,
      "end" : 293,
      "text" : "and",
      "whiteSpace" : false
    }, {
      "id" : "s0-t59",
      "begin" : 294,
      "end" : 296,
      "text" : "by",
      "whiteSpace" : false
    }, {
      "id" : "s0-t60",
      "begin" : 297,
      "end" : 302,
      "text" : "these",
      "whiteSpace" : false
    }, {
      "id" : "s0-t61",
      "begin" : 303,
      "end" : 311,
      "text" : "presents",
      "whiteSpace" : false
    }, {
      "id" : "s0-t62",
      "begin" : 312,
      "end" : 314,
      "text" : "do",
      "whiteSpace" : false
    }, {
      "id" : "s0-t63",
      "begin" : 315,
      "end" : 323,
      "text" : "transfer",
      "whiteSpace" : false
    }, {
      "id" : "s0-t64",
      "begin" : 324,
      "end" : 327,
      "text" : "and",
      "whiteSpace" : false
    }, {
      "id" : "s0-t65",
      "begin" : 328,
      "end" : 334,
      "text" : "convey",
      "whiteSpace" : false
    }, {
      "id" : "s0-t66",
      "begin" : 335,
      "end" : 339,
      "text" : "unto",
      "whiteSpace" : false
    }, {
      "id" : "s0-t67",
      "begin" : 340,
      "end" : 343,
      "text" : "ROY",
      "whiteSpace" : false
    }, {
      "id" : "s0-t68",
      "begin" : 344,
      "end" : 346,
      "text" : "C.",
      "whiteSpace" : false
    }, {
      "id" : "s0-t69",
      "begin" : 347,
      "end" : 352,
      "text" : "WOLFE",
      "whiteSpace" : false
    }, {
      "id" : "s0-t70",
      "begin" : 353,
      "end" : 356,
      "text" : "and",
      "whiteSpace" : false
    }, {
      "id" : "s0-t71",
      "begin" : 357,
      "end" : 361,
      "text" : "Wife",
      "whiteSpace" : false
    }, {
      "id" : "s0-t72",
      "begin" : 361,
      "end" : 362,
      "text" : ",",
      "whiteSpace" : false
    }, {
      "id" : "s0-t73",
      "begin" : 363,
      "end" : 368,
      "text" : "CAROL",
      "whiteSpace" : false
    }, {
      "id" : "s0-t74",
      "begin" : 369,
      "end" : 371,
      "text" : "L.",
      "whiteSpace" : false
    }, {
      "id" : "s0-t75",
      "begin" : 372,
      "end" : 377,
      "text" : "WOLFE",
      "whiteSpace" : false
    }, {
      "id" : "s0-t76",
      "begin" : 377,
      "end" : 378,
      "text" : ",",
      "whiteSpace" : false
    }, {
      "id" : "s0-t77",
      "begin" : 379,
      "end" : 384,
      "text" : "their",
      "whiteSpace" : false
    }, {
      "id" : "s0-t78",
      "begin" : 385,
      "end" : 390,
      "text" : "heirs",
      "whiteSpace" : false
    }, {
      "id" : "s0-t79",
      "begin" : 391,
      "end" : 394,
      "text" : "and",
      "whiteSpace" : false
    }, {
      "id" : "s0-t80",
      "begin" : 395,
      "end" : 402,
      "text" : "assigns",
      "whiteSpace" : false
    }, {
      "id" : "s0-t81",
      "begin" : 402,
      "end" : 403,
      "text" : ",",
      "whiteSpace" : false
    }, {
      "id" : "s0-t82",
      "begin" : 404,
      "end" : 405,
      "text" : "a",
      "whiteSpace" : false
    }, {
      "id" : "s0-t83",
      "begin" : 406,
      "end" : 413,
      "text" : "certain",
      "whiteSpace" : false
    }, {
      "id" : "s0-t84",
      "begin" : 414,
      "end" : 419,
      "text" : "tract",
      "whiteSpace" : false
    }, {
      "id" : "s0-t85",
      "begin" : 420,
      "end" : 422,
      "text" : "or",
      "whiteSpace" : false
    }, {
      "id" : "s0-t86",
      "begin" : 423,
      "end" : 429,
      "text" : "parcel",
      "whiteSpace" : false
    }, {
      "id" : "s0-t87",
      "begin" : 430,
      "end" : 432,
      "text" : "of",
      "whiteSpace" : false
    }, {
      "id" : "s0-t88",
      "begin" : 433,
      "end" : 437,
      "text" : "land",
      "whiteSpace" : false
    }, {
      "id" : "s0-t89",
      "begin" : 438,
      "end" : 440,
      "text" : "in",
      "whiteSpace" : false
    }, {
      "id" : "s0-t90",
      "begin" : 441,
      "end" : 444,
      "text" : "the",
      "whiteSpace" : false
    }, {
      "id" : "s0-t91",
      "begin" : 445,
      "end" : 451,
      "text" : "Second",
      "whiteSpace" : false
    }, {
      "id" : "s0-t92",
      "begin" : 452,
      "end" : 457,
      "text" : "Civil",
      "whiteSpace" : false
    }, {
      "id" : "s0-t93",
      "begin" : 458,
      "end" : 466,
      "text" : "District",
      "whiteSpace" : false
    }, {
      "id" : "s0-t94",
      "begin" : 467,
      "end" : 469,
      "text" : "of",
      "whiteSpace" : false
    }, {
      "id" : "s0-t95",
      "begin" : 470,
      "end" : 479,
      "text" : "Humphreys",
      "whiteSpace" : false
    }, {
      "id" : "s0-t96",
      "begin" : 480,
      "end" : 486,
      "text" : "County",
      "whiteSpace" : false
    }, {
      "id" : "s0-t97",
      "begin" : 486,
      "end" : 487,
      "text" : ",",
      "whiteSpace" : false
    }, {
      "id" : "s0-t98",
      "begin" : 488,
      "end" : 497,
      "text" : "Tennessee",
      "whiteSpace" : false
    }, {
      "id" : "s0-t99",
      "begin" : 497,
      "end" : 498,
      "text" : ",",
      "whiteSpace" : false
    }, {
      "id" : "s0-t100",
      "begin" : 499,
      "end" : 502,
      "text" : "and",
      "whiteSpace" : false
    }, {
      "id" : "s0-t101",
      "begin" : 503,
      "end" : 508,
      "text" : "being",
      "whiteSpace" : false
    }, {
      "id" : "s0-t102",
      "begin" : 509,
      "end" : 513,
      "text" : "more",
      "whiteSpace" : false
    }, {
      "id" : "s0-t103",
      "begin" : 514,
      "end" : 526,
      "text" : "particularly",
      "whiteSpace" : false
    }, {
      "id" : "s0-t104",
      "begin" : 527,
      "end" : 536,
      "text" : "described",
      "whiteSpace" : false
    }, {
      "id" : "s0-t105",
      "begin" : 537,
      "end" : 539,
      "text" : "as",
      "whiteSpace" : false
    }, {
      "id" : "s0-t106",
      "begin" : 540,
      "end" : 547,
      "text" : "follows",
      "whiteSpace" : false
    } ]
  } ],
  "mentions" : [ {
    "id" : "s0-m3",
    "properties" : {
      "SIRE_MENTION_ROLE" : "Grantor",
      "SIRE_ENTITY_SUBTYPE" : "NONE",
      "SIRE_MENTION_TYPE" : "NONE",
      "SIRE_MENTION_CLASS" : "SPC"
    },
    "type" : "Grantor",
    "begin" : 194,
    "end" : 205,
    "inCoref" : false
  }, {
    "id" : "s0-m4",
    "properties" : {
      "SIRE_MENTION_ROLE" : "Grantor",
      "SIRE_ENTITY_SUBTYPE" : "NONE",
      "SIRE_MENTION_TYPE" : "NONE",
      "SIRE_MENTION_CLASS" : "SPC"
    },
    "type" : "Grantor",
    "begin" : 240,
    "end" : 253,
    "inCoref" : false
  }, {
    "id" : "s0-m2",
    "properties" : {
      "SIRE_MENTION_ROLE" : "Grantee",
      "SIRE_ENTITY_SUBTYPE" : "NONE",
      "SIRE_MENTION_TYPE" : "NONE",
      "SIRE_MENTION_CLASS" : "SPC"
    },
    "type" : "Grantee",
    "begin" : 340,
    "end" : 352,
    "inCoref" : false
  }, {
    "id" : "s0-m1",
    "properties" : {
      "SIRE_MENTION_ROLE" : "Grantee",
      "SIRE_ENTITY_SUBTYPE" : "NONE",
      "SIRE_MENTION_TYPE" : "NONE",
      "SIRE_MENTION_CLASS" : "SPC"
    },
    "type" : "Grantee",
    "begin" : 363,
    "end" : 377,
    "inCoref" : false
  } ],
  "relations" : [ ],
  "corefs" : [ ],
  "typeResolved" : true,
  "userResolved" : false
}