{
  "id" : "bafd9ea0-50ef-11e9-864f-311976351dcc-0",
  "name" : "WD195-11.txt",
  "createdDate" : 1553732617610,
  "version" : 3,
  "text" : "FOR AND IN CONSIDERATION of the sum of Ten dollars and no/ 100 ($10.00), cash in hand paid by the Grantee(s) and other good and valuable considerations accepted as cash, the receipt and suf???ciency of which is hereby acknowledged, Luther V. Bennett and Shannon T. Bennett, husband and wife have this day bargained and sold, and do hereby transfer and convey unto the said 53111 Beard and wife 3 Elizabeth Beard the Grantees herein, their (successors), heirs and assigns, certain real estate in Humphreys, Tennessee as follows",
  "docLength" : 0,
  "language" : "EN",
  "status" : "SUBMITTED",
  "modifiedDate" : 1553737791834,
  "documentSet" : [ ],
  "preannotation" : [ ],
  "sentences" : [ {
    "id" : "s0",
    "begin" : 0,
    "end" : 190,
    "text" : "FOR AND IN CONSIDERATION of the sum of Ten dollars and no/ 100 ($10.00), cash in hand paid by the Grantee(s) and other good and valuable considerations accepted as cash, the receipt and suf?",
    "tokens" : [ {
      "id" : "s0-t0",
      "begin" : 0,
      "end" : 3,
      "text" : "FOR",
      "whiteSpace" : false
    }, {
      "id" : "s0-t1",
      "begin" : 4,
      "end" : 7,
      "text" : "AND",
      "whiteSpace" : false
    }, {
      "id" : "s0-t2",
      "begin" : 8,
      "end" : 10,
      "text" : "IN",
      "whiteSpace" : false
    }, {
      "id" : "s0-t3",
      "begin" : 11,
      "end" : 24,
      "text" : "CONSIDERATION",
      "whiteSpace" : false
    }, {
      "id" : "s0-t4",
      "begin" : 25,
      "end" : 27,
      "text" : "of",
      "whiteSpace" : false
    }, {
      "id" : "s0-t5",
      "begin" : 28,
      "end" : 31,
      "text" : "the",
      "whiteSpace" : false
    }, {
      "id" : "s0-t6",
      "begin" : 32,
      "end" : 35,
      "text" : "sum",
      "whiteSpace" : false
    }, {
      "id" : "s0-t7",
      "begin" : 36,
      "end" : 38,
      "text" : "of",
      "whiteSpace" : false
    }, {
      "id" : "s0-t8",
      "begin" : 39,
      "end" : 42,
      "text" : "Ten",
      "whiteSpace" : false
    }, {
      "id" : "s0-t9",
      "begin" : 43,
      "end" : 50,
      "text" : "dollars",
      "whiteSpace" : false
    }, {
      "id" : "s0-t10",
      "begin" : 51,
      "end" : 54,
      "text" : "and",
      "whiteSpace" : false
    }, {
      "id" : "s0-t11",
      "begin" : 55,
      "end" : 57,
      "text" : "no",
      "whiteSpace" : false
    }, {
      "id" : "s0-t12",
      "begin" : 57,
      "end" : 58,
      "text" : "/",
      "whiteSpace" : false
    }, {
      "id" : "s0-t13",
      "begin" : 59,
      "end" : 62,
      "text" : "100",
      "whiteSpace" : false
    }, {
      "id" : "s0-t14",
      "begin" : 63,
      "end" : 64,
      "text" : "(",
      "whiteSpace" : false
    }, {
      "id" : "s0-t15",
      "begin" : 64,
      "end" : 65,
      "text" : "$",
      "whiteSpace" : false
    }, {
      "id" : "s0-t16",
      "begin" : 65,
      "end" : 70,
      "text" : "10.00",
      "whiteSpace" : false
    }, {
      "id" : "s0-t17",
      "begin" : 70,
      "end" : 71,
      "text" : ")",
      "whiteSpace" : false
    }, {
      "id" : "s0-t18",
      "begin" : 71,
      "end" : 72,
      "text" : ",",
      "whiteSpace" : false
    }, {
      "id" : "s0-t19",
      "begin" : 73,
      "end" : 77,
      "text" : "cash",
      "whiteSpace" : false
    }, {
      "id" : "s0-t20",
      "begin" : 78,
      "end" : 80,
      "text" : "in",
      "whiteSpace" : false
    }, {
      "id" : "s0-t21",
      "begin" : 81,
      "end" : 85,
      "text" : "hand",
      "whiteSpace" : false
    }, {
      "id" : "s0-t22",
      "begin" : 86,
      "end" : 90,
      "text" : "paid",
      "whiteSpace" : false
    }, {
      "id" : "s0-t23",
      "begin" : 91,
      "end" : 93,
      "text" : "by",
      "whiteSpace" : false
    }, {
      "id" : "s0-t24",
      "begin" : 94,
      "end" : 97,
      "text" : "the",
      "whiteSpace" : false
    }, {
      "id" : "s0-t25",
      "begin" : 98,
      "end" : 105,
      "text" : "Grantee",
      "whiteSpace" : false
    }, {
      "id" : "s0-t26",
      "begin" : 105,
      "end" : 106,
      "text" : "(",
      "whiteSpace" : false
    }, {
      "id" : "s0-t27",
      "begin" : 106,
      "end" : 107,
      "text" : "s",
      "whiteSpace" : false
    }, {
      "id" : "s0-t28",
      "begin" : 107,
      "end" : 108,
      "text" : ")",
      "whiteSpace" : false
    }, {
      "id" : "s0-t29",
      "begin" : 109,
      "end" : 112,
      "text" : "and",
      "whiteSpace" : false
    }, {
      "id" : "s0-t30",
      "begin" : 113,
      "end" : 118,
      "text" : "other",
      "whiteSpace" : false
    }, {
      "id" : "s0-t31",
      "begin" : 119,
      "end" : 123,
      "text" : "good",
      "whiteSpace" : false
    }, {
      "id" : "s0-t32",
      "begin" : 124,
      "end" : 127,
      "text" : "and",
      "whiteSpace" : false
    }, {
      "id" : "s0-t33",
      "begin" : 128,
      "end" : 136,
      "text" : "valuable",
      "whiteSpace" : false
    }, {
      "id" : "s0-t34",
      "begin" : 137,
      "end" : 151,
      "text" : "considerations",
      "whiteSpace" : false
    }, {
      "id" : "s0-t35",
      "begin" : 152,
      "end" : 160,
      "text" : "accepted",
      "whiteSpace" : false
    }, {
      "id" : "s0-t36",
      "begin" : 161,
      "end" : 163,
      "text" : "as",
      "whiteSpace" : false
    }, {
      "id" : "s0-t37",
      "begin" : 164,
      "end" : 168,
      "text" : "cash",
      "whiteSpace" : false
    }, {
      "id" : "s0-t38",
      "begin" : 168,
      "end" : 169,
      "text" : ",",
      "whiteSpace" : false
    }, {
      "id" : "s0-t39",
      "begin" : 170,
      "end" : 173,
      "text" : "the",
      "whiteSpace" : false
    }, {
      "id" : "s0-t40",
      "begin" : 174,
      "end" : 181,
      "text" : "receipt",
      "whiteSpace" : false
    }, {
      "id" : "s0-t41",
      "begin" : 182,
      "end" : 185,
      "text" : "and",
      "whiteSpace" : false
    }, {
      "id" : "s0-t42",
      "begin" : 186,
      "end" : 189,
      "text" : "suf",
      "whiteSpace" : false
    }, {
      "id" : "s0-t43",
      "begin" : 189,
      "end" : 190,
      "text" : "?",
      "whiteSpace" : false
    } ]
  }, {
    "id" : "s1",
    "begin" : 190,
    "end" : 526,
    "text" : "??ciency of which is hereby acknowledged, Luther V. Bennett and Shannon T. Bennett, husband and wife have this day bargained and sold, and do hereby transfer and convey unto the said 53111 Beard and wife 3 Elizabeth Beard the Grantees herein, their (successors), heirs and assigns, certain real estate in Humphreys, Tennessee as follows",
    "tokens" : [ {
      "id" : "s1-t0",
      "begin" : 190,
      "end" : 198,
      "text" : "??ciency",
      "whiteSpace" : false
    }, {
      "id" : "s1-t1",
      "begin" : 199,
      "end" : 201,
      "text" : "of",
      "whiteSpace" : false
    }, {
      "id" : "s1-t2",
      "begin" : 202,
      "end" : 207,
      "text" : "which",
      "whiteSpace" : false
    }, {
      "id" : "s1-t3",
      "begin" : 208,
      "end" : 210,
      "text" : "is",
      "whiteSpace" : false
    }, {
      "id" : "s1-t4",
      "begin" : 211,
      "end" : 217,
      "text" : "hereby",
      "whiteSpace" : false
    }, {
      "id" : "s1-t5",
      "begin" : 218,
      "end" : 230,
      "text" : "acknowledged",
      "whiteSpace" : false
    }, {
      "id" : "s1-t6",
      "begin" : 230,
      "end" : 231,
      "text" : ",",
      "whiteSpace" : false
    }, {
      "id" : "s1-t7",
      "begin" : 232,
      "end" : 238,
      "text" : "Luther",
      "whiteSpace" : false
    }, {
      "id" : "s1-t8",
      "begin" : 239,
      "end" : 241,
      "text" : "V.",
      "whiteSpace" : false
    }, {
      "id" : "s1-t9",
      "begin" : 242,
      "end" : 249,
      "text" : "Bennett",
      "whiteSpace" : false
    }, {
      "id" : "s1-t10",
      "begin" : 250,
      "end" : 253,
      "text" : "and",
      "whiteSpace" : false
    }, {
      "id" : "s1-t11",
      "begin" : 254,
      "end" : 261,
      "text" : "Shannon",
      "whiteSpace" : false
    }, {
      "id" : "s1-t12",
      "begin" : 262,
      "end" : 264,
      "text" : "T.",
      "whiteSpace" : false
    }, {
      "id" : "s1-t13",
      "begin" : 265,
      "end" : 272,
      "text" : "Bennett",
      "whiteSpace" : false
    }, {
      "id" : "s1-t14",
      "begin" : 272,
      "end" : 273,
      "text" : ",",
      "whiteSpace" : false
    }, {
      "id" : "s1-t15",
      "begin" : 274,
      "end" : 281,
      "text" : "husband",
      "whiteSpace" : false
    }, {
      "id" : "s1-t16",
      "begin" : 282,
      "end" : 285,
      "text" : "and",
      "whiteSpace" : false
    }, {
      "id" : "s1-t17",
      "begin" : 286,
      "end" : 290,
      "text" : "wife",
      "whiteSpace" : false
    }, {
      "id" : "s1-t18",
      "begin" : 291,
      "end" : 295,
      "text" : "have",
      "whiteSpace" : false
    }, {
      "id" : "s1-t19",
      "begin" : 296,
      "end" : 300,
      "text" : "this",
      "whiteSpace" : false
    }, {
      "id" : "s1-t20",
      "begin" : 301,
      "end" : 304,
      "text" : "day",
      "whiteSpace" : false
    }, {
      "id" : "s1-t21",
      "begin" : 305,
      "end" : 314,
      "text" : "bargained",
      "whiteSpace" : false
    }, {
      "id" : "s1-t22",
      "begin" : 315,
      "end" : 318,
      "text" : "and",
      "whiteSpace" : false
    }, {
      "id" : "s1-t23",
      "begin" : 319,
      "end" : 323,
      "text" : "sold",
      "whiteSpace" : false
    }, {
      "id" : "s1-t24",
      "begin" : 323,
      "end" : 324,
      "text" : ",",
      "whiteSpace" : false
    }, {
      "id" : "s1-t25",
      "begin" : 325,
      "end" : 328,
      "text" : "and",
      "whiteSpace" : false
    }, {
      "id" : "s1-t26",
      "begin" : 329,
      "end" : 331,
      "text" : "do",
      "whiteSpace" : false
    }, {
      "id" : "s1-t27",
      "begin" : 332,
      "end" : 338,
      "text" : "hereby",
      "whiteSpace" : false
    }, {
      "id" : "s1-t28",
      "begin" : 339,
      "end" : 347,
      "text" : "transfer",
      "whiteSpace" : false
    }, {
      "id" : "s1-t29",
      "begin" : 348,
      "end" : 351,
      "text" : "and",
      "whiteSpace" : false
    }, {
      "id" : "s1-t30",
      "begin" : 352,
      "end" : 358,
      "text" : "convey",
      "whiteSpace" : false
    }, {
      "id" : "s1-t31",
      "begin" : 359,
      "end" : 363,
      "text" : "unto",
      "whiteSpace" : false
    }, {
      "id" : "s1-t32",
      "begin" : 364,
      "end" : 367,
      "text" : "the",
      "whiteSpace" : false
    }, {
      "id" : "s1-t33",
      "begin" : 368,
      "end" : 372,
      "text" : "said",
      "whiteSpace" : false
    }, {
      "id" : "s1-t34",
      "begin" : 373,
      "end" : 378,
      "text" : "53111",
      "whiteSpace" : false
    }, {
      "id" : "s1-t35",
      "begin" : 379,
      "end" : 384,
      "text" : "Beard",
      "whiteSpace" : false
    }, {
      "id" : "s1-t36",
      "begin" : 385,
      "end" : 388,
      "text" : "and",
      "whiteSpace" : false
    }, {
      "id" : "s1-t37",
      "begin" : 389,
      "end" : 393,
      "text" : "wife",
      "whiteSpace" : false
    }, {
      "id" : "s1-t38",
      "begin" : 394,
      "end" : 395,
      "text" : "3",
      "whiteSpace" : false
    }, {
      "id" : "s1-t39",
      "begin" : 396,
      "end" : 405,
      "text" : "Elizabeth",
      "whiteSpace" : false
    }, {
      "id" : "s1-t40",
      "begin" : 406,
      "end" : 411,
      "text" : "Beard",
      "whiteSpace" : false
    }, {
      "id" : "s1-t41",
      "begin" : 412,
      "end" : 415,
      "text" : "the",
      "whiteSpace" : false
    }, {
      "id" : "s1-t42",
      "begin" : 416,
      "end" : 424,
      "text" : "Grantees",
      "whiteSpace" : false
    }, {
      "id" : "s1-t43",
      "begin" : 425,
      "end" : 431,
      "text" : "herein",
      "whiteSpace" : false
    }, {
      "id" : "s1-t44",
      "begin" : 431,
      "end" : 432,
      "text" : ",",
      "whiteSpace" : false
    }, {
      "id" : "s1-t45",
      "begin" : 433,
      "end" : 438,
      "text" : "their",
      "whiteSpace" : false
    }, {
      "id" : "s1-t46",
      "begin" : 439,
      "end" : 440,
      "text" : "(",
      "whiteSpace" : false
    }, {
      "id" : "s1-t47",
      "begin" : 440,
      "end" : 450,
      "text" : "successors",
      "whiteSpace" : false
    }, {
      "id" : "s1-t48",
      "begin" : 450,
      "end" : 451,
      "text" : ")",
      "whiteSpace" : false
    }, {
      "id" : "s1-t49",
      "begin" : 451,
      "end" : 452,
      "text" : ",",
      "whiteSpace" : false
    }, {
      "id" : "s1-t50",
      "begin" : 453,
      "end" : 458,
      "text" : "heirs",
      "whiteSpace" : false
    }, {
      "id" : "s1-t51",
      "begin" : 459,
      "end" : 462,
      "text" : "and",
      "whiteSpace" : false
    }, {
      "id" : "s1-t52",
      "begin" : 463,
      "end" : 470,
      "text" : "assigns",
      "whiteSpace" : false
    }, {
      "id" : "s1-t53",
      "begin" : 470,
      "end" : 471,
      "text" : ",",
      "whiteSpace" : false
    }, {
      "id" : "s1-t54",
      "begin" : 472,
      "end" : 479,
      "text" : "certain",
      "whiteSpace" : false
    }, {
      "id" : "s1-t55",
      "begin" : 480,
      "end" : 484,
      "text" : "real",
      "whiteSpace" : false
    }, {
      "id" : "s1-t56",
      "begin" : 485,
      "end" : 491,
      "text" : "estate",
      "whiteSpace" : false
    }, {
      "id" : "s1-t57",
      "begin" : 492,
      "end" : 494,
      "text" : "in",
      "whiteSpace" : false
    }, {
      "id" : "s1-t58",
      "begin" : 495,
      "end" : 504,
      "text" : "Humphreys",
      "whiteSpace" : false
    }, {
      "id" : "s1-t59",
      "begin" : 504,
      "end" : 505,
      "text" : ",",
      "whiteSpace" : false
    }, {
      "id" : "s1-t60",
      "begin" : 506,
      "end" : 515,
      "text" : "Tennessee",
      "whiteSpace" : false
    }, {
      "id" : "s1-t61",
      "begin" : 516,
      "end" : 518,
      "text" : "as",
      "whiteSpace" : false
    }, {
      "id" : "s1-t62",
      "begin" : 519,
      "end" : 526,
      "text" : "follows",
      "whiteSpace" : false
    } ]
  } ],
  "mentions" : [ {
    "id" : "s1-m1",
    "properties" : {
      "SIRE_MENTION_ROLE" : "Grantor",
      "SIRE_ENTITY_SUBTYPE" : "NONE",
      "SIRE_MENTION_TYPE" : "NONE",
      "SIRE_MENTION_CLASS" : "SPC"
    },
    "type" : "Grantor",
    "begin" : 232,
    "end" : 249,
    "inCoref" : false
  }, {
    "id" : "s1-m2",
    "properties" : {
      "SIRE_MENTION_ROLE" : "Grantor",
      "SIRE_ENTITY_SUBTYPE" : "NONE",
      "SIRE_MENTION_TYPE" : "NONE",
      "SIRE_MENTION_CLASS" : "SPC"
    },
    "type" : "Grantor",
    "begin" : 254,
    "end" : 272,
    "inCoref" : false
  }, {
    "id" : "s1-m3",
    "properties" : {
      "SIRE_MENTION_ROLE" : "Grantee",
      "SIRE_ENTITY_SUBTYPE" : "NONE",
      "SIRE_MENTION_TYPE" : "NONE",
      "SIRE_MENTION_CLASS" : "SPC"
    },
    "type" : "Grantee",
    "begin" : 373,
    "end" : 384,
    "inCoref" : false
  }, {
    "id" : "s1-m5",
    "properties" : {
      "SIRE_MENTION_ROLE" : "Grantee",
      "SIRE_ENTITY_SUBTYPE" : "NONE",
      "SIRE_MENTION_TYPE" : "NONE",
      "SIRE_MENTION_CLASS" : "SPC"
    },
    "type" : "Grantee",
    "begin" : 394,
    "end" : 411,
    "inCoref" : false
  } ],
  "relations" : [ ],
  "corefs" : [ ],
  "typeResolved" : true,
  "userResolved" : false
}