{
  "id" : "c11a10c0-54dc-11e9-91aa-93fcd1ae955b-5",
  "name" : "WD187-6.txt",
  "createdDate" : 1554164272076,
  "version" : 3,
  "text" : " being more particularly described as follows: BEING a certain lot or parcel of land lying and being situated in the Second Civil District of Humphreys County, Tennessee, and being Lot No. 28, Section C. Hurricane Hills Subdivision, Section I, a plat of which is recorded in Plat Cabinet A, Slide 73, Register???s Of???ce of Humphreys County, Tennessee, to which reference is hereby made for a more complete description. Being a portion of the property conveyed to Justin C. Boyle, Jr. by deed of record in Deed Book 1 80, page 154, Register??? 3 Of???ce of Humphreys County, Tennessee. This conveyance is made subject to the following: 1. Humphreys County, Tennessee. Eh: 3.52:5}??? FE ???55 2. The lien of ad valorem real property taxes assessed and levied on the TO HAVE AND TO HOLD the said tract or parcel of land, with the appurtenances,",
  "docLength" : 0,
  "language" : "EN",
  "status" : "SUBMITTED",
  "modifiedDate" : 1554166695686,
  "documentSet" : [ ],
  "preannotation" : [ ],
  "sentences" : [ {
    "id" : "s0",
    "begin" : 1,
    "end" : 310,
    "text" : "being more particularly described as follows: BEING a certain lot or parcel of land lying and being situated in the Second Civil District of Humphreys County, Tennessee, and being Lot No. 28, Section C. Hurricane Hills Subdivision, Section I, a plat of which is recorded in Plat Cabinet A, Slide 73, Register?",
    "tokens" : [ {
      "id" : "s0-t0",
      "begin" : 1,
      "end" : 6,
      "text" : "being",
      "whiteSpace" : false
    }, {
      "id" : "s0-t1",
      "begin" : 7,
      "end" : 11,
      "text" : "more",
      "whiteSpace" : false
    }, {
      "id" : "s0-t2",
      "begin" : 12,
      "end" : 24,
      "text" : "particularly",
      "whiteSpace" : false
    }, {
      "id" : "s0-t3",
      "begin" : 25,
      "end" : 34,
      "text" : "described",
      "whiteSpace" : false
    }, {
      "id" : "s0-t4",
      "begin" : 35,
      "end" : 37,
      "text" : "as",
      "whiteSpace" : false
    }, {
      "id" : "s0-t5",
      "begin" : 38,
      "end" : 45,
      "text" : "follows",
      "whiteSpace" : false
    }, {
      "id" : "s0-t6",
      "begin" : 45,
      "end" : 46,
      "text" : ":",
      "whiteSpace" : false
    }, {
      "id" : "s0-t7",
      "begin" : 47,
      "end" : 52,
      "text" : "BEING",
      "whiteSpace" : false
    }, {
      "id" : "s0-t8",
      "begin" : 53,
      "end" : 54,
      "text" : "a",
      "whiteSpace" : false
    }, {
      "id" : "s0-t9",
      "begin" : 55,
      "end" : 62,
      "text" : "certain",
      "whiteSpace" : false
    }, {
      "id" : "s0-t10",
      "begin" : 63,
      "end" : 66,
      "text" : "lot",
      "whiteSpace" : false
    }, {
      "id" : "s0-t11",
      "begin" : 67,
      "end" : 69,
      "text" : "or",
      "whiteSpace" : false
    }, {
      "id" : "s0-t12",
      "begin" : 70,
      "end" : 76,
      "text" : "parcel",
      "whiteSpace" : false
    }, {
      "id" : "s0-t13",
      "begin" : 77,
      "end" : 79,
      "text" : "of",
      "whiteSpace" : false
    }, {
      "id" : "s0-t14",
      "begin" : 80,
      "end" : 84,
      "text" : "land",
      "whiteSpace" : false
    }, {
      "id" : "s0-t15",
      "begin" : 85,
      "end" : 90,
      "text" : "lying",
      "whiteSpace" : false
    }, {
      "id" : "s0-t16",
      "begin" : 91,
      "end" : 94,
      "text" : "and",
      "whiteSpace" : false
    }, {
      "id" : "s0-t17",
      "begin" : 95,
      "end" : 100,
      "text" : "being",
      "whiteSpace" : false
    }, {
      "id" : "s0-t18",
      "begin" : 101,
      "end" : 109,
      "text" : "situated",
      "whiteSpace" : false
    }, {
      "id" : "s0-t19",
      "begin" : 110,
      "end" : 112,
      "text" : "in",
      "whiteSpace" : false
    }, {
      "id" : "s0-t20",
      "begin" : 113,
      "end" : 116,
      "text" : "the",
      "whiteSpace" : false
    }, {
      "id" : "s0-t21",
      "begin" : 117,
      "end" : 123,
      "text" : "Second",
      "whiteSpace" : false
    }, {
      "id" : "s0-t22",
      "begin" : 124,
      "end" : 129,
      "text" : "Civil",
      "whiteSpace" : false
    }, {
      "id" : "s0-t23",
      "begin" : 130,
      "end" : 138,
      "text" : "District",
      "whiteSpace" : false
    }, {
      "id" : "s0-t24",
      "begin" : 139,
      "end" : 141,
      "text" : "of",
      "whiteSpace" : false
    }, {
      "id" : "s0-t25",
      "begin" : 142,
      "end" : 151,
      "text" : "Humphreys",
      "whiteSpace" : false
    }, {
      "id" : "s0-t26",
      "begin" : 152,
      "end" : 158,
      "text" : "County",
      "whiteSpace" : false
    }, {
      "id" : "s0-t27",
      "begin" : 158,
      "end" : 159,
      "text" : ",",
      "whiteSpace" : false
    }, {
      "id" : "s0-t28",
      "begin" : 160,
      "end" : 169,
      "text" : "Tennessee",
      "whiteSpace" : false
    }, {
      "id" : "s0-t29",
      "begin" : 169,
      "end" : 170,
      "text" : ",",
      "whiteSpace" : false
    }, {
      "id" : "s0-t30",
      "begin" : 171,
      "end" : 174,
      "text" : "and",
      "whiteSpace" : false
    }, {
      "id" : "s0-t31",
      "begin" : 175,
      "end" : 180,
      "text" : "being",
      "whiteSpace" : false
    }, {
      "id" : "s0-t32",
      "begin" : 181,
      "end" : 184,
      "text" : "Lot",
      "whiteSpace" : false
    }, {
      "id" : "s0-t33",
      "begin" : 185,
      "end" : 188,
      "text" : "No.",
      "whiteSpace" : false
    }, {
      "id" : "s0-t34",
      "begin" : 189,
      "end" : 191,
      "text" : "28",
      "whiteSpace" : false
    }, {
      "id" : "s0-t35",
      "begin" : 191,
      "end" : 192,
      "text" : ",",
      "whiteSpace" : false
    }, {
      "id" : "s0-t36",
      "begin" : 193,
      "end" : 200,
      "text" : "Section",
      "whiteSpace" : false
    }, {
      "id" : "s0-t37",
      "begin" : 201,
      "end" : 203,
      "text" : "C.",
      "whiteSpace" : false
    }, {
      "id" : "s0-t38",
      "begin" : 204,
      "end" : 213,
      "text" : "Hurricane",
      "whiteSpace" : false
    }, {
      "id" : "s0-t39",
      "begin" : 214,
      "end" : 219,
      "text" : "Hills",
      "whiteSpace" : false
    }, {
      "id" : "s0-t40",
      "begin" : 220,
      "end" : 231,
      "text" : "Subdivision",
      "whiteSpace" : false
    }, {
      "id" : "s0-t41",
      "begin" : 231,
      "end" : 232,
      "text" : ",",
      "whiteSpace" : false
    }, {
      "id" : "s0-t42",
      "begin" : 233,
      "end" : 240,
      "text" : "Section",
      "whiteSpace" : false
    }, {
      "id" : "s0-t43",
      "begin" : 241,
      "end" : 242,
      "text" : "I",
      "whiteSpace" : false
    }, {
      "id" : "s0-t44",
      "begin" : 242,
      "end" : 243,
      "text" : ",",
      "whiteSpace" : false
    }, {
      "id" : "s0-t45",
      "begin" : 244,
      "end" : 245,
      "text" : "a",
      "whiteSpace" : false
    }, {
      "id" : "s0-t46",
      "begin" : 246,
      "end" : 250,
      "text" : "plat",
      "whiteSpace" : false
    }, {
      "id" : "s0-t47",
      "begin" : 251,
      "end" : 253,
      "text" : "of",
      "whiteSpace" : false
    }, {
      "id" : "s0-t48",
      "begin" : 254,
      "end" : 259,
      "text" : "which",
      "whiteSpace" : false
    }, {
      "id" : "s0-t49",
      "begin" : 260,
      "end" : 262,
      "text" : "is",
      "whiteSpace" : false
    }, {
      "id" : "s0-t50",
      "begin" : 263,
      "end" : 271,
      "text" : "recorded",
      "whiteSpace" : false
    }, {
      "id" : "s0-t51",
      "begin" : 272,
      "end" : 274,
      "text" : "in",
      "whiteSpace" : false
    }, {
      "id" : "s0-t52",
      "begin" : 275,
      "end" : 279,
      "text" : "Plat",
      "whiteSpace" : false
    }, {
      "id" : "s0-t53",
      "begin" : 280,
      "end" : 287,
      "text" : "Cabinet",
      "whiteSpace" : false
    }, {
      "id" : "s0-t54",
      "begin" : 288,
      "end" : 289,
      "text" : "A",
      "whiteSpace" : false
    }, {
      "id" : "s0-t55",
      "begin" : 289,
      "end" : 290,
      "text" : ",",
      "whiteSpace" : false
    }, {
      "id" : "s0-t56",
      "begin" : 291,
      "end" : 296,
      "text" : "Slide",
      "whiteSpace" : false
    }, {
      "id" : "s0-t57",
      "begin" : 297,
      "end" : 299,
      "text" : "73",
      "whiteSpace" : false
    }, {
      "id" : "s0-t58",
      "begin" : 299,
      "end" : 300,
      "text" : ",",
      "whiteSpace" : false
    }, {
      "id" : "s0-t59",
      "begin" : 301,
      "end" : 309,
      "text" : "Register",
      "whiteSpace" : false
    }, {
      "id" : "s0-t60",
      "begin" : 309,
      "end" : 310,
      "text" : "?",
      "whiteSpace" : false
    } ]
  }, {
    "id" : "s1",
    "begin" : 310,
    "end" : 317,
    "text" : "??s Of?",
    "tokens" : [ {
      "id" : "s1-t0",
      "begin" : 310,
      "end" : 313,
      "text" : "??s",
      "whiteSpace" : false
    }, {
      "id" : "s1-t1",
      "begin" : 314,
      "end" : 316,
      "text" : "Of",
      "whiteSpace" : false
    }, {
      "id" : "s1-t2",
      "begin" : 316,
      "end" : 317,
      "text" : "?",
      "whiteSpace" : false
    } ]
  }, {
    "id" : "s2",
    "begin" : 317,
    "end" : 420,
    "text" : "??ce of Humphreys County, Tennessee, to which reference is hereby made for a more complete description.",
    "tokens" : [ {
      "id" : "s2-t0",
      "begin" : 317,
      "end" : 321,
      "text" : "??ce",
      "whiteSpace" : false
    }, {
      "id" : "s2-t1",
      "begin" : 322,
      "end" : 324,
      "text" : "of",
      "whiteSpace" : false
    }, {
      "id" : "s2-t2",
      "begin" : 325,
      "end" : 334,
      "text" : "Humphreys",
      "whiteSpace" : false
    }, {
      "id" : "s2-t3",
      "begin" : 335,
      "end" : 341,
      "text" : "County",
      "whiteSpace" : false
    }, {
      "id" : "s2-t4",
      "begin" : 341,
      "end" : 342,
      "text" : ",",
      "whiteSpace" : false
    }, {
      "id" : "s2-t5",
      "begin" : 343,
      "end" : 352,
      "text" : "Tennessee",
      "whiteSpace" : false
    }, {
      "id" : "s2-t6",
      "begin" : 352,
      "end" : 353,
      "text" : ",",
      "whiteSpace" : false
    }, {
      "id" : "s2-t7",
      "begin" : 354,
      "end" : 356,
      "text" : "to",
      "whiteSpace" : false
    }, {
      "id" : "s2-t8",
      "begin" : 357,
      "end" : 362,
      "text" : "which",
      "whiteSpace" : false
    }, {
      "id" : "s2-t9",
      "begin" : 363,
      "end" : 372,
      "text" : "reference",
      "whiteSpace" : false
    }, {
      "id" : "s2-t10",
      "begin" : 373,
      "end" : 375,
      "text" : "is",
      "whiteSpace" : false
    }, {
      "id" : "s2-t11",
      "begin" : 376,
      "end" : 382,
      "text" : "hereby",
      "whiteSpace" : false
    }, {
      "id" : "s2-t12",
      "begin" : 383,
      "end" : 387,
      "text" : "made",
      "whiteSpace" : false
    }, {
      "id" : "s2-t13",
      "begin" : 388,
      "end" : 391,
      "text" : "for",
      "whiteSpace" : false
    }, {
      "id" : "s2-t14",
      "begin" : 392,
      "end" : 393,
      "text" : "a",
      "whiteSpace" : false
    }, {
      "id" : "s2-t15",
      "begin" : 394,
      "end" : 398,
      "text" : "more",
      "whiteSpace" : false
    }, {
      "id" : "s2-t16",
      "begin" : 399,
      "end" : 407,
      "text" : "complete",
      "whiteSpace" : false
    }, {
      "id" : "s2-t17",
      "begin" : 408,
      "end" : 419,
      "text" : "description",
      "whiteSpace" : false
    }, {
      "id" : "s2-t18",
      "begin" : 419,
      "end" : 420,
      "text" : ".",
      "whiteSpace" : false
    } ]
  }, {
    "id" : "s3",
    "begin" : 421,
    "end" : 542,
    "text" : "Being a portion of the property conveyed to Justin C. Boyle, Jr. by deed of record in Deed Book 1 80, page 154, Register?",
    "tokens" : [ {
      "id" : "s3-t0",
      "begin" : 421,
      "end" : 426,
      "text" : "Being",
      "whiteSpace" : false
    }, {
      "id" : "s3-t1",
      "begin" : 427,
      "end" : 428,
      "text" : "a",
      "whiteSpace" : false
    }, {
      "id" : "s3-t2",
      "begin" : 429,
      "end" : 436,
      "text" : "portion",
      "whiteSpace" : false
    }, {
      "id" : "s3-t3",
      "begin" : 437,
      "end" : 439,
      "text" : "of",
      "whiteSpace" : false
    }, {
      "id" : "s3-t4",
      "begin" : 440,
      "end" : 443,
      "text" : "the",
      "whiteSpace" : false
    }, {
      "id" : "s3-t5",
      "begin" : 444,
      "end" : 452,
      "text" : "property",
      "whiteSpace" : false
    }, {
      "id" : "s3-t6",
      "begin" : 453,
      "end" : 461,
      "text" : "conveyed",
      "whiteSpace" : false
    }, {
      "id" : "s3-t7",
      "begin" : 462,
      "end" : 464,
      "text" : "to",
      "whiteSpace" : false
    }, {
      "id" : "s3-t8",
      "begin" : 465,
      "end" : 471,
      "text" : "Justin",
      "whiteSpace" : false
    }, {
      "id" : "s3-t9",
      "begin" : 472,
      "end" : 474,
      "text" : "C.",
      "whiteSpace" : false
    }, {
      "id" : "s3-t10",
      "begin" : 475,
      "end" : 480,
      "text" : "Boyle",
      "whiteSpace" : false
    }, {
      "id" : "s3-t11",
      "begin" : 480,
      "end" : 481,
      "text" : ",",
      "whiteSpace" : false
    }, {
      "id" : "s3-t12",
      "begin" : 482,
      "end" : 485,
      "text" : "Jr.",
      "whiteSpace" : false
    }, {
      "id" : "s3-t13",
      "begin" : 486,
      "end" : 488,
      "text" : "by",
      "whiteSpace" : false
    }, {
      "id" : "s3-t14",
      "begin" : 489,
      "end" : 493,
      "text" : "deed",
      "whiteSpace" : false
    }, {
      "id" : "s3-t15",
      "begin" : 494,
      "end" : 496,
      "text" : "of",
      "whiteSpace" : false
    }, {
      "id" : "s3-t16",
      "begin" : 497,
      "end" : 503,
      "text" : "record",
      "whiteSpace" : false
    }, {
      "id" : "s3-t17",
      "begin" : 504,
      "end" : 506,
      "text" : "in",
      "whiteSpace" : false
    }, {
      "id" : "s3-t18",
      "begin" : 507,
      "end" : 511,
      "text" : "Deed",
      "whiteSpace" : false
    }, {
      "id" : "s3-t19",
      "begin" : 512,
      "end" : 516,
      "text" : "Book",
      "whiteSpace" : false
    }, {
      "id" : "s3-t20",
      "begin" : 517,
      "end" : 518,
      "text" : "1",
      "whiteSpace" : false
    }, {
      "id" : "s3-t21",
      "begin" : 519,
      "end" : 521,
      "text" : "80",
      "whiteSpace" : false
    }, {
      "id" : "s3-t22",
      "begin" : 521,
      "end" : 522,
      "text" : ",",
      "whiteSpace" : false
    }, {
      "id" : "s3-t23",
      "begin" : 523,
      "end" : 527,
      "text" : "page",
      "whiteSpace" : false
    }, {
      "id" : "s3-t24",
      "begin" : 528,
      "end" : 531,
      "text" : "154",
      "whiteSpace" : false
    }, {
      "id" : "s3-t25",
      "begin" : 531,
      "end" : 532,
      "text" : ",",
      "whiteSpace" : false
    }, {
      "id" : "s3-t26",
      "begin" : 533,
      "end" : 541,
      "text" : "Register",
      "whiteSpace" : false
    }, {
      "id" : "s3-t27",
      "begin" : 541,
      "end" : 542,
      "text" : "?",
      "whiteSpace" : false
    } ]
  }, {
    "id" : "s4",
    "begin" : 542,
    "end" : 544,
    "text" : "??",
    "tokens" : [ {
      "id" : "s4-t0",
      "begin" : 542,
      "end" : 543,
      "text" : "?",
      "whiteSpace" : false
    }, {
      "id" : "s4-t1",
      "begin" : 543,
      "end" : 544,
      "text" : "?",
      "whiteSpace" : false
    } ]
  }, {
    "id" : "s5",
    "begin" : 545,
    "end" : 550,
    "text" : "3 Of?",
    "tokens" : [ {
      "id" : "s5-t0",
      "begin" : 545,
      "end" : 546,
      "text" : "3",
      "whiteSpace" : false
    }, {
      "id" : "s5-t1",
      "begin" : 547,
      "end" : 549,
      "text" : "Of",
      "whiteSpace" : false
    }, {
      "id" : "s5-t2",
      "begin" : 549,
      "end" : 550,
      "text" : "?",
      "whiteSpace" : false
    } ]
  }, {
    "id" : "s6",
    "begin" : 550,
    "end" : 586,
    "text" : "??ce of Humphreys County, Tennessee.",
    "tokens" : [ {
      "id" : "s6-t0",
      "begin" : 550,
      "end" : 554,
      "text" : "??ce",
      "whiteSpace" : false
    }, {
      "id" : "s6-t1",
      "begin" : 555,
      "end" : 557,
      "text" : "of",
      "whiteSpace" : false
    }, {
      "id" : "s6-t2",
      "begin" : 558,
      "end" : 567,
      "text" : "Humphreys",
      "whiteSpace" : false
    }, {
      "id" : "s6-t3",
      "begin" : 568,
      "end" : 574,
      "text" : "County",
      "whiteSpace" : false
    }, {
      "id" : "s6-t4",
      "begin" : 574,
      "end" : 575,
      "text" : ",",
      "whiteSpace" : false
    }, {
      "id" : "s6-t5",
      "begin" : 576,
      "end" : 585,
      "text" : "Tennessee",
      "whiteSpace" : false
    }, {
      "id" : "s6-t6",
      "begin" : 585,
      "end" : 586,
      "text" : ".",
      "whiteSpace" : false
    } ]
  }, {
    "id" : "s7",
    "begin" : 587,
    "end" : 639,
    "text" : "This conveyance is made subject to the following: 1.",
    "tokens" : [ {
      "id" : "s7-t0",
      "begin" : 587,
      "end" : 591,
      "text" : "This",
      "whiteSpace" : false
    }, {
      "id" : "s7-t1",
      "begin" : 592,
      "end" : 602,
      "text" : "conveyance",
      "whiteSpace" : false
    }, {
      "id" : "s7-t2",
      "begin" : 603,
      "end" : 605,
      "text" : "is",
      "whiteSpace" : false
    }, {
      "id" : "s7-t3",
      "begin" : 606,
      "end" : 610,
      "text" : "made",
      "whiteSpace" : false
    }, {
      "id" : "s7-t4",
      "begin" : 611,
      "end" : 618,
      "text" : "subject",
      "whiteSpace" : false
    }, {
      "id" : "s7-t5",
      "begin" : 619,
      "end" : 621,
      "text" : "to",
      "whiteSpace" : false
    }, {
      "id" : "s7-t6",
      "begin" : 622,
      "end" : 625,
      "text" : "the",
      "whiteSpace" : false
    }, {
      "id" : "s7-t7",
      "begin" : 626,
      "end" : 635,
      "text" : "following",
      "whiteSpace" : false
    }, {
      "id" : "s7-t8",
      "begin" : 635,
      "end" : 636,
      "text" : ":",
      "whiteSpace" : false
    }, {
      "id" : "s7-t9",
      "begin" : 637,
      "end" : 638,
      "text" : "1",
      "whiteSpace" : false
    }, {
      "id" : "s7-t10",
      "begin" : 638,
      "end" : 639,
      "text" : ".",
      "whiteSpace" : false
    } ]
  }, {
    "id" : "s8",
    "begin" : 640,
    "end" : 668,
    "text" : "Humphreys County, Tennessee.",
    "tokens" : [ {
      "id" : "s8-t0",
      "begin" : 640,
      "end" : 649,
      "text" : "Humphreys",
      "whiteSpace" : false
    }, {
      "id" : "s8-t1",
      "begin" : 650,
      "end" : 656,
      "text" : "County",
      "whiteSpace" : false
    }, {
      "id" : "s8-t2",
      "begin" : 656,
      "end" : 657,
      "text" : ",",
      "whiteSpace" : false
    }, {
      "id" : "s8-t3",
      "begin" : 658,
      "end" : 667,
      "text" : "Tennessee",
      "whiteSpace" : false
    }, {
      "id" : "s8-t4",
      "begin" : 667,
      "end" : 668,
      "text" : ".",
      "whiteSpace" : false
    } ]
  }, {
    "id" : "s9",
    "begin" : 669,
    "end" : 683,
    "text" : "Eh: 3.52:5}???",
    "tokens" : [ {
      "id" : "s9-t0",
      "begin" : 669,
      "end" : 671,
      "text" : "Eh",
      "whiteSpace" : false
    }, {
      "id" : "s9-t1",
      "begin" : 671,
      "end" : 672,
      "text" : ":",
      "whiteSpace" : false
    }, {
      "id" : "s9-t2",
      "begin" : 673,
      "end" : 678,
      "text" : "3.52:",
      "whiteSpace" : false
    }, {
      "id" : "s9-t3",
      "begin" : 678,
      "end" : 679,
      "text" : "5",
      "whiteSpace" : false
    }, {
      "id" : "s9-t4",
      "begin" : 679,
      "end" : 680,
      "text" : "}",
      "whiteSpace" : false
    }, {
      "id" : "s9-t5",
      "begin" : 680,
      "end" : 682,
      "text" : "??",
      "whiteSpace" : false
    }, {
      "id" : "s9-t6",
      "begin" : 682,
      "end" : 683,
      "text" : "?",
      "whiteSpace" : false
    } ]
  }, {
    "id" : "s10",
    "begin" : 684,
    "end" : 688,
    "text" : "FE ?",
    "tokens" : [ {
      "id" : "s10-t0",
      "begin" : 684,
      "end" : 686,
      "text" : "FE",
      "whiteSpace" : false
    }, {
      "id" : "s10-t1",
      "begin" : 687,
      "end" : 688,
      "text" : "?",
      "whiteSpace" : false
    } ]
  }, {
    "id" : "s11",
    "begin" : 688,
    "end" : 695,
    "text" : "??55 2.",
    "tokens" : [ {
      "id" : "s11-t0",
      "begin" : 688,
      "end" : 692,
      "text" : "??55",
      "whiteSpace" : false
    }, {
      "id" : "s11-t1",
      "begin" : 693,
      "end" : 694,
      "text" : "2",
      "whiteSpace" : false
    }, {
      "id" : "s11-t2",
      "begin" : 694,
      "end" : 695,
      "text" : ".",
      "whiteSpace" : false
    } ]
  }, {
    "id" : "s12",
    "begin" : 696,
    "end" : 843,
    "text" : "The lien of ad valorem real property taxes assessed and levied on the TO HAVE AND TO HOLD the said tract or parcel of land, with the appurtenances,",
    "tokens" : [ {
      "id" : "s12-t0",
      "begin" : 696,
      "end" : 699,
      "text" : "The",
      "whiteSpace" : false
    }, {
      "id" : "s12-t1",
      "begin" : 700,
      "end" : 704,
      "text" : "lien",
      "whiteSpace" : false
    }, {
      "id" : "s12-t2",
      "begin" : 705,
      "end" : 707,
      "text" : "of",
      "whiteSpace" : false
    }, {
      "id" : "s12-t3",
      "begin" : 708,
      "end" : 710,
      "text" : "ad",
      "whiteSpace" : false
    }, {
      "id" : "s12-t4",
      "begin" : 711,
      "end" : 718,
      "text" : "valorem",
      "whiteSpace" : false
    }, {
      "id" : "s12-t5",
      "begin" : 719,
      "end" : 723,
      "text" : "real",
      "whiteSpace" : false
    }, {
      "id" : "s12-t6",
      "begin" : 724,
      "end" : 732,
      "text" : "property",
      "whiteSpace" : false
    }, {
      "id" : "s12-t7",
      "begin" : 733,
      "end" : 738,
      "text" : "taxes",
      "whiteSpace" : false
    }, {
      "id" : "s12-t8",
      "begin" : 739,
      "end" : 747,
      "text" : "assessed",
      "whiteSpace" : false
    }, {
      "id" : "s12-t9",
      "begin" : 748,
      "end" : 751,
      "text" : "and",
      "whiteSpace" : false
    }, {
      "id" : "s12-t10",
      "begin" : 752,
      "end" : 758,
      "text" : "levied",
      "whiteSpace" : false
    }, {
      "id" : "s12-t11",
      "begin" : 759,
      "end" : 761,
      "text" : "on",
      "whiteSpace" : false
    }, {
      "id" : "s12-t12",
      "begin" : 762,
      "end" : 765,
      "text" : "the",
      "whiteSpace" : false
    }, {
      "id" : "s12-t13",
      "begin" : 766,
      "end" : 768,
      "text" : "TO",
      "whiteSpace" : false
    }, {
      "id" : "s12-t14",
      "begin" : 769,
      "end" : 773,
      "text" : "HAVE",
      "whiteSpace" : false
    }, {
      "id" : "s12-t15",
      "begin" : 774,
      "end" : 777,
      "text" : "AND",
      "whiteSpace" : false
    }, {
      "id" : "s12-t16",
      "begin" : 778,
      "end" : 780,
      "text" : "TO",
      "whiteSpace" : false
    }, {
      "id" : "s12-t17",
      "begin" : 781,
      "end" : 785,
      "text" : "HOLD",
      "whiteSpace" : false
    }, {
      "id" : "s12-t18",
      "begin" : 786,
      "end" : 789,
      "text" : "the",
      "whiteSpace" : false
    }, {
      "id" : "s12-t19",
      "begin" : 790,
      "end" : 794,
      "text" : "said",
      "whiteSpace" : false
    }, {
      "id" : "s12-t20",
      "begin" : 795,
      "end" : 800,
      "text" : "tract",
      "whiteSpace" : false
    }, {
      "id" : "s12-t21",
      "begin" : 801,
      "end" : 803,
      "text" : "or",
      "whiteSpace" : false
    }, {
      "id" : "s12-t22",
      "begin" : 804,
      "end" : 810,
      "text" : "parcel",
      "whiteSpace" : false
    }, {
      "id" : "s12-t23",
      "begin" : 811,
      "end" : 813,
      "text" : "of",
      "whiteSpace" : false
    }, {
      "id" : "s12-t24",
      "begin" : 814,
      "end" : 818,
      "text" : "land",
      "whiteSpace" : false
    }, {
      "id" : "s12-t25",
      "begin" : 818,
      "end" : 819,
      "text" : ",",
      "whiteSpace" : false
    }, {
      "id" : "s12-t26",
      "begin" : 820,
      "end" : 824,
      "text" : "with",
      "whiteSpace" : false
    }, {
      "id" : "s12-t27",
      "begin" : 825,
      "end" : 828,
      "text" : "the",
      "whiteSpace" : false
    }, {
      "id" : "s12-t28",
      "begin" : 829,
      "end" : 842,
      "text" : "appurtenances",
      "whiteSpace" : false
    }, {
      "id" : "s12-t29",
      "begin" : 842,
      "end" : 843,
      "text" : ",",
      "whiteSpace" : false
    } ]
  } ],
  "mentions" : [ {
    "id" : "s3-m1",
    "properties" : {
      "SIRE_MENTION_ROLE" : "WarrDeedBookNum",
      "SIRE_ENTITY_SUBTYPE" : "NONE",
      "SIRE_MENTION_TYPE" : "NONE",
      "SIRE_MENTION_CLASS" : "SPC"
    },
    "type" : "WarrDeedBookNum",
    "begin" : 517,
    "end" : 521,
    "inCoref" : false
  }, {
    "id" : "s3-m2",
    "properties" : {
      "SIRE_MENTION_ROLE" : "WarrDeedPageNum",
      "SIRE_ENTITY_SUBTYPE" : "NONE",
      "SIRE_MENTION_TYPE" : "NONE",
      "SIRE_MENTION_CLASS" : "SPC"
    },
    "type" : "WarrDeedPageNum",
    "begin" : 528,
    "end" : 531,
    "inCoref" : false
  } ],
  "relations" : [ ],
  "corefs" : [ ],
  "typeResolved" : true,
  "userResolved" : false
}