{
  "id" : "c11a10c0-54dc-11e9-91aa-93fcd1ae955b-17",
  "name" : "WD192-17.txt",
  "createdDate" : 1554164272076,
  "version" : 3,
  "text" : "This being a certain lot or parcel of land lying and being situated in the Fifth Civil District of Humphreys County, Tennessee, Tennessee and being Lot 83 of Three Rivers Estates Subdivision, a plat of which is of record in Plat Cabinet B, Slide 373, Register's Of???ce of Humphreys County, Tennessee, to which reference is hereby made for a more complete description., Being a portion of the property conveyed to Skygroup, Inc. by deed of record in Deed Book 190, page 950, Register's Of???ce of Humphreys County, Tennessee., This conveyance is made subject to the following:, Restrictions and Covenants as contained in the deed from lSt, August 7, 2006 and recorded in Deed Book 190, page 950,",
  "docLength" : 0,
  "language" : "EN",
  "status" : "SUBMITTED",
  "modifiedDate" : 1554166647108,
  "documentSet" : [ ],
  "preannotation" : [ ],
  "sentences" : [ {
    "id" : "s0",
    "begin" : 0,
    "end" : 265,
    "text" : "This being a certain lot or parcel of land lying and being situated in the Fifth Civil District of Humphreys County, Tennessee, Tennessee and being Lot 83 of Three Rivers Estates Subdivision, a plat of which is of record in Plat Cabinet B, Slide 373, Register's Of?",
    "tokens" : [ {
      "id" : "s0-t0",
      "begin" : 0,
      "end" : 4,
      "text" : "This",
      "whiteSpace" : false
    }, {
      "id" : "s0-t1",
      "begin" : 5,
      "end" : 10,
      "text" : "being",
      "whiteSpace" : false
    }, {
      "id" : "s0-t2",
      "begin" : 11,
      "end" : 12,
      "text" : "a",
      "whiteSpace" : false
    }, {
      "id" : "s0-t3",
      "begin" : 13,
      "end" : 20,
      "text" : "certain",
      "whiteSpace" : false
    }, {
      "id" : "s0-t4",
      "begin" : 21,
      "end" : 24,
      "text" : "lot",
      "whiteSpace" : false
    }, {
      "id" : "s0-t5",
      "begin" : 25,
      "end" : 27,
      "text" : "or",
      "whiteSpace" : false
    }, {
      "id" : "s0-t6",
      "begin" : 28,
      "end" : 34,
      "text" : "parcel",
      "whiteSpace" : false
    }, {
      "id" : "s0-t7",
      "begin" : 35,
      "end" : 37,
      "text" : "of",
      "whiteSpace" : false
    }, {
      "id" : "s0-t8",
      "begin" : 38,
      "end" : 42,
      "text" : "land",
      "whiteSpace" : false
    }, {
      "id" : "s0-t9",
      "begin" : 43,
      "end" : 48,
      "text" : "lying",
      "whiteSpace" : false
    }, {
      "id" : "s0-t10",
      "begin" : 49,
      "end" : 52,
      "text" : "and",
      "whiteSpace" : false
    }, {
      "id" : "s0-t11",
      "begin" : 53,
      "end" : 58,
      "text" : "being",
      "whiteSpace" : false
    }, {
      "id" : "s0-t12",
      "begin" : 59,
      "end" : 67,
      "text" : "situated",
      "whiteSpace" : false
    }, {
      "id" : "s0-t13",
      "begin" : 68,
      "end" : 70,
      "text" : "in",
      "whiteSpace" : false
    }, {
      "id" : "s0-t14",
      "begin" : 71,
      "end" : 74,
      "text" : "the",
      "whiteSpace" : false
    }, {
      "id" : "s0-t15",
      "begin" : 75,
      "end" : 80,
      "text" : "Fifth",
      "whiteSpace" : false
    }, {
      "id" : "s0-t16",
      "begin" : 81,
      "end" : 86,
      "text" : "Civil",
      "whiteSpace" : false
    }, {
      "id" : "s0-t17",
      "begin" : 87,
      "end" : 95,
      "text" : "District",
      "whiteSpace" : false
    }, {
      "id" : "s0-t18",
      "begin" : 96,
      "end" : 98,
      "text" : "of",
      "whiteSpace" : false
    }, {
      "id" : "s0-t19",
      "begin" : 99,
      "end" : 108,
      "text" : "Humphreys",
      "whiteSpace" : false
    }, {
      "id" : "s0-t20",
      "begin" : 109,
      "end" : 115,
      "text" : "County",
      "whiteSpace" : false
    }, {
      "id" : "s0-t21",
      "begin" : 115,
      "end" : 116,
      "text" : ",",
      "whiteSpace" : false
    }, {
      "id" : "s0-t22",
      "begin" : 117,
      "end" : 126,
      "text" : "Tennessee",
      "whiteSpace" : false
    }, {
      "id" : "s0-t23",
      "begin" : 126,
      "end" : 127,
      "text" : ",",
      "whiteSpace" : false
    }, {
      "id" : "s0-t24",
      "begin" : 128,
      "end" : 137,
      "text" : "Tennessee",
      "whiteSpace" : false
    }, {
      "id" : "s0-t25",
      "begin" : 138,
      "end" : 141,
      "text" : "and",
      "whiteSpace" : false
    }, {
      "id" : "s0-t26",
      "begin" : 142,
      "end" : 147,
      "text" : "being",
      "whiteSpace" : false
    }, {
      "id" : "s0-t27",
      "begin" : 148,
      "end" : 151,
      "text" : "Lot",
      "whiteSpace" : false
    }, {
      "id" : "s0-t28",
      "begin" : 152,
      "end" : 154,
      "text" : "83",
      "whiteSpace" : false
    }, {
      "id" : "s0-t29",
      "begin" : 155,
      "end" : 157,
      "text" : "of",
      "whiteSpace" : false
    }, {
      "id" : "s0-t30",
      "begin" : 158,
      "end" : 163,
      "text" : "Three",
      "whiteSpace" : false
    }, {
      "id" : "s0-t31",
      "begin" : 164,
      "end" : 170,
      "text" : "Rivers",
      "whiteSpace" : false
    }, {
      "id" : "s0-t32",
      "begin" : 171,
      "end" : 178,
      "text" : "Estates",
      "whiteSpace" : false
    }, {
      "id" : "s0-t33",
      "begin" : 179,
      "end" : 190,
      "text" : "Subdivision",
      "whiteSpace" : false
    }, {
      "id" : "s0-t34",
      "begin" : 190,
      "end" : 191,
      "text" : ",",
      "whiteSpace" : false
    }, {
      "id" : "s0-t35",
      "begin" : 192,
      "end" : 193,
      "text" : "a",
      "whiteSpace" : false
    }, {
      "id" : "s0-t36",
      "begin" : 194,
      "end" : 198,
      "text" : "plat",
      "whiteSpace" : false
    }, {
      "id" : "s0-t37",
      "begin" : 199,
      "end" : 201,
      "text" : "of",
      "whiteSpace" : false
    }, {
      "id" : "s0-t38",
      "begin" : 202,
      "end" : 207,
      "text" : "which",
      "whiteSpace" : false
    }, {
      "id" : "s0-t39",
      "begin" : 208,
      "end" : 210,
      "text" : "is",
      "whiteSpace" : false
    }, {
      "id" : "s0-t40",
      "begin" : 211,
      "end" : 213,
      "text" : "of",
      "whiteSpace" : false
    }, {
      "id" : "s0-t41",
      "begin" : 214,
      "end" : 220,
      "text" : "record",
      "whiteSpace" : false
    }, {
      "id" : "s0-t42",
      "begin" : 221,
      "end" : 223,
      "text" : "in",
      "whiteSpace" : false
    }, {
      "id" : "s0-t43",
      "begin" : 224,
      "end" : 228,
      "text" : "Plat",
      "whiteSpace" : false
    }, {
      "id" : "s0-t44",
      "begin" : 229,
      "end" : 236,
      "text" : "Cabinet",
      "whiteSpace" : false
    }, {
      "id" : "s0-t45",
      "begin" : 237,
      "end" : 238,
      "text" : "B",
      "whiteSpace" : false
    }, {
      "id" : "s0-t46",
      "begin" : 238,
      "end" : 239,
      "text" : ",",
      "whiteSpace" : false
    }, {
      "id" : "s0-t47",
      "begin" : 240,
      "end" : 245,
      "text" : "Slide",
      "whiteSpace" : false
    }, {
      "id" : "s0-t48",
      "begin" : 246,
      "end" : 249,
      "text" : "373",
      "whiteSpace" : false
    }, {
      "id" : "s0-t49",
      "begin" : 249,
      "end" : 250,
      "text" : ",",
      "whiteSpace" : false
    }, {
      "id" : "s0-t50",
      "begin" : 251,
      "end" : 259,
      "text" : "Register",
      "whiteSpace" : false
    }, {
      "id" : "s0-t51",
      "begin" : 259,
      "end" : 261,
      "text" : "'s",
      "whiteSpace" : false
    }, {
      "id" : "s0-t52",
      "begin" : 262,
      "end" : 264,
      "text" : "Of",
      "whiteSpace" : false
    }, {
      "id" : "s0-t53",
      "begin" : 264,
      "end" : 265,
      "text" : "?",
      "whiteSpace" : false
    } ]
  }, {
    "id" : "s1",
    "begin" : 265,
    "end" : 489,
    "text" : "??ce of Humphreys County, Tennessee, to which reference is hereby made for a more complete description., Being a portion of the property conveyed to Skygroup, Inc. by deed of record in Deed Book 190, page 950, Register's Of?",
    "tokens" : [ {
      "id" : "s1-t0",
      "begin" : 265,
      "end" : 269,
      "text" : "??ce",
      "whiteSpace" : false
    }, {
      "id" : "s1-t1",
      "begin" : 270,
      "end" : 272,
      "text" : "of",
      "whiteSpace" : false
    }, {
      "id" : "s1-t2",
      "begin" : 273,
      "end" : 282,
      "text" : "Humphreys",
      "whiteSpace" : false
    }, {
      "id" : "s1-t3",
      "begin" : 283,
      "end" : 289,
      "text" : "County",
      "whiteSpace" : false
    }, {
      "id" : "s1-t4",
      "begin" : 289,
      "end" : 290,
      "text" : ",",
      "whiteSpace" : false
    }, {
      "id" : "s1-t5",
      "begin" : 291,
      "end" : 300,
      "text" : "Tennessee",
      "whiteSpace" : false
    }, {
      "id" : "s1-t6",
      "begin" : 300,
      "end" : 301,
      "text" : ",",
      "whiteSpace" : false
    }, {
      "id" : "s1-t7",
      "begin" : 302,
      "end" : 304,
      "text" : "to",
      "whiteSpace" : false
    }, {
      "id" : "s1-t8",
      "begin" : 305,
      "end" : 310,
      "text" : "which",
      "whiteSpace" : false
    }, {
      "id" : "s1-t9",
      "begin" : 311,
      "end" : 320,
      "text" : "reference",
      "whiteSpace" : false
    }, {
      "id" : "s1-t10",
      "begin" : 321,
      "end" : 323,
      "text" : "is",
      "whiteSpace" : false
    }, {
      "id" : "s1-t11",
      "begin" : 324,
      "end" : 330,
      "text" : "hereby",
      "whiteSpace" : false
    }, {
      "id" : "s1-t12",
      "begin" : 331,
      "end" : 335,
      "text" : "made",
      "whiteSpace" : false
    }, {
      "id" : "s1-t13",
      "begin" : 336,
      "end" : 339,
      "text" : "for",
      "whiteSpace" : false
    }, {
      "id" : "s1-t14",
      "begin" : 340,
      "end" : 341,
      "text" : "a",
      "whiteSpace" : false
    }, {
      "id" : "s1-t15",
      "begin" : 342,
      "end" : 346,
      "text" : "more",
      "whiteSpace" : false
    }, {
      "id" : "s1-t16",
      "begin" : 347,
      "end" : 355,
      "text" : "complete",
      "whiteSpace" : false
    }, {
      "id" : "s1-t17",
      "begin" : 356,
      "end" : 368,
      "text" : "description.",
      "whiteSpace" : false
    }, {
      "id" : "s1-t18",
      "begin" : 368,
      "end" : 369,
      "text" : ",",
      "whiteSpace" : false
    }, {
      "id" : "s1-t19",
      "begin" : 370,
      "end" : 375,
      "text" : "Being",
      "whiteSpace" : false
    }, {
      "id" : "s1-t20",
      "begin" : 376,
      "end" : 377,
      "text" : "a",
      "whiteSpace" : false
    }, {
      "id" : "s1-t21",
      "begin" : 378,
      "end" : 385,
      "text" : "portion",
      "whiteSpace" : false
    }, {
      "id" : "s1-t22",
      "begin" : 386,
      "end" : 388,
      "text" : "of",
      "whiteSpace" : false
    }, {
      "id" : "s1-t23",
      "begin" : 389,
      "end" : 392,
      "text" : "the",
      "whiteSpace" : false
    }, {
      "id" : "s1-t24",
      "begin" : 393,
      "end" : 401,
      "text" : "property",
      "whiteSpace" : false
    }, {
      "id" : "s1-t25",
      "begin" : 402,
      "end" : 410,
      "text" : "conveyed",
      "whiteSpace" : false
    }, {
      "id" : "s1-t26",
      "begin" : 411,
      "end" : 413,
      "text" : "to",
      "whiteSpace" : false
    }, {
      "id" : "s1-t27",
      "begin" : 414,
      "end" : 422,
      "text" : "Skygroup",
      "whiteSpace" : false
    }, {
      "id" : "s1-t28",
      "begin" : 422,
      "end" : 423,
      "text" : ",",
      "whiteSpace" : false
    }, {
      "id" : "s1-t29",
      "begin" : 424,
      "end" : 428,
      "text" : "Inc.",
      "whiteSpace" : false
    }, {
      "id" : "s1-t30",
      "begin" : 429,
      "end" : 431,
      "text" : "by",
      "whiteSpace" : false
    }, {
      "id" : "s1-t31",
      "begin" : 432,
      "end" : 436,
      "text" : "deed",
      "whiteSpace" : false
    }, {
      "id" : "s1-t32",
      "begin" : 437,
      "end" : 439,
      "text" : "of",
      "whiteSpace" : false
    }, {
      "id" : "s1-t33",
      "begin" : 440,
      "end" : 446,
      "text" : "record",
      "whiteSpace" : false
    }, {
      "id" : "s1-t34",
      "begin" : 447,
      "end" : 449,
      "text" : "in",
      "whiteSpace" : false
    }, {
      "id" : "s1-t35",
      "begin" : 450,
      "end" : 454,
      "text" : "Deed",
      "whiteSpace" : false
    }, {
      "id" : "s1-t36",
      "begin" : 455,
      "end" : 459,
      "text" : "Book",
      "whiteSpace" : false
    }, {
      "id" : "s1-t37",
      "begin" : 460,
      "end" : 463,
      "text" : "190",
      "whiteSpace" : false
    }, {
      "id" : "s1-t38",
      "begin" : 463,
      "end" : 464,
      "text" : ",",
      "whiteSpace" : false
    }, {
      "id" : "s1-t39",
      "begin" : 465,
      "end" : 469,
      "text" : "page",
      "whiteSpace" : false
    }, {
      "id" : "s1-t40",
      "begin" : 470,
      "end" : 473,
      "text" : "950",
      "whiteSpace" : false
    }, {
      "id" : "s1-t41",
      "begin" : 473,
      "end" : 474,
      "text" : ",",
      "whiteSpace" : false
    }, {
      "id" : "s1-t42",
      "begin" : 475,
      "end" : 483,
      "text" : "Register",
      "whiteSpace" : false
    }, {
      "id" : "s1-t43",
      "begin" : 483,
      "end" : 485,
      "text" : "'s",
      "whiteSpace" : false
    }, {
      "id" : "s1-t44",
      "begin" : 486,
      "end" : 488,
      "text" : "Of",
      "whiteSpace" : false
    }, {
      "id" : "s1-t45",
      "begin" : 488,
      "end" : 489,
      "text" : "?",
      "whiteSpace" : false
    } ]
  }, {
    "id" : "s2",
    "begin" : 489,
    "end" : 695,
    "text" : "??ce of Humphreys County, Tennessee., This conveyance is made subject to the following:, Restrictions and Covenants as contained in the deed from lSt, August 7, 2006 and recorded in Deed Book 190, page 950,",
    "tokens" : [ {
      "id" : "s2-t0",
      "begin" : 489,
      "end" : 493,
      "text" : "??ce",
      "whiteSpace" : false
    }, {
      "id" : "s2-t1",
      "begin" : 494,
      "end" : 496,
      "text" : "of",
      "whiteSpace" : false
    }, {
      "id" : "s2-t2",
      "begin" : 497,
      "end" : 506,
      "text" : "Humphreys",
      "whiteSpace" : false
    }, {
      "id" : "s2-t3",
      "begin" : 507,
      "end" : 513,
      "text" : "County",
      "whiteSpace" : false
    }, {
      "id" : "s2-t4",
      "begin" : 513,
      "end" : 514,
      "text" : ",",
      "whiteSpace" : false
    }, {
      "id" : "s2-t5",
      "begin" : 515,
      "end" : 525,
      "text" : "Tennessee.",
      "whiteSpace" : false
    }, {
      "id" : "s2-t6",
      "begin" : 525,
      "end" : 526,
      "text" : ",",
      "whiteSpace" : false
    }, {
      "id" : "s2-t7",
      "begin" : 527,
      "end" : 531,
      "text" : "This",
      "whiteSpace" : false
    }, {
      "id" : "s2-t8",
      "begin" : 532,
      "end" : 542,
      "text" : "conveyance",
      "whiteSpace" : false
    }, {
      "id" : "s2-t9",
      "begin" : 543,
      "end" : 545,
      "text" : "is",
      "whiteSpace" : false
    }, {
      "id" : "s2-t10",
      "begin" : 546,
      "end" : 550,
      "text" : "made",
      "whiteSpace" : false
    }, {
      "id" : "s2-t11",
      "begin" : 551,
      "end" : 558,
      "text" : "subject",
      "whiteSpace" : false
    }, {
      "id" : "s2-t12",
      "begin" : 559,
      "end" : 561,
      "text" : "to",
      "whiteSpace" : false
    }, {
      "id" : "s2-t13",
      "begin" : 562,
      "end" : 565,
      "text" : "the",
      "whiteSpace" : false
    }, {
      "id" : "s2-t14",
      "begin" : 566,
      "end" : 575,
      "text" : "following",
      "whiteSpace" : false
    }, {
      "id" : "s2-t15",
      "begin" : 575,
      "end" : 576,
      "text" : ":",
      "whiteSpace" : false
    }, {
      "id" : "s2-t16",
      "begin" : 576,
      "end" : 577,
      "text" : ",",
      "whiteSpace" : false
    }, {
      "id" : "s2-t17",
      "begin" : 578,
      "end" : 590,
      "text" : "Restrictions",
      "whiteSpace" : false
    }, {
      "id" : "s2-t18",
      "begin" : 591,
      "end" : 594,
      "text" : "and",
      "whiteSpace" : false
    }, {
      "id" : "s2-t19",
      "begin" : 595,
      "end" : 604,
      "text" : "Covenants",
      "whiteSpace" : false
    }, {
      "id" : "s2-t20",
      "begin" : 605,
      "end" : 607,
      "text" : "as",
      "whiteSpace" : false
    }, {
      "id" : "s2-t21",
      "begin" : 608,
      "end" : 617,
      "text" : "contained",
      "whiteSpace" : false
    }, {
      "id" : "s2-t22",
      "begin" : 618,
      "end" : 620,
      "text" : "in",
      "whiteSpace" : false
    }, {
      "id" : "s2-t23",
      "begin" : 621,
      "end" : 624,
      "text" : "the",
      "whiteSpace" : false
    }, {
      "id" : "s2-t24",
      "begin" : 625,
      "end" : 629,
      "text" : "deed",
      "whiteSpace" : false
    }, {
      "id" : "s2-t25",
      "begin" : 630,
      "end" : 634,
      "text" : "from",
      "whiteSpace" : false
    }, {
      "id" : "s2-t26",
      "begin" : 635,
      "end" : 638,
      "text" : "lSt",
      "whiteSpace" : false
    }, {
      "id" : "s2-t27",
      "begin" : 638,
      "end" : 639,
      "text" : ",",
      "whiteSpace" : false
    }, {
      "id" : "s2-t28",
      "begin" : 640,
      "end" : 646,
      "text" : "August",
      "whiteSpace" : false
    }, {
      "id" : "s2-t29",
      "begin" : 647,
      "end" : 648,
      "text" : "7",
      "whiteSpace" : false
    }, {
      "id" : "s2-t30",
      "begin" : 648,
      "end" : 649,
      "text" : ",",
      "whiteSpace" : false
    }, {
      "id" : "s2-t31",
      "begin" : 650,
      "end" : 654,
      "text" : "2006",
      "whiteSpace" : false
    }, {
      "id" : "s2-t32",
      "begin" : 655,
      "end" : 658,
      "text" : "and",
      "whiteSpace" : false
    }, {
      "id" : "s2-t33",
      "begin" : 659,
      "end" : 667,
      "text" : "recorded",
      "whiteSpace" : false
    }, {
      "id" : "s2-t34",
      "begin" : 668,
      "end" : 670,
      "text" : "in",
      "whiteSpace" : false
    }, {
      "id" : "s2-t35",
      "begin" : 671,
      "end" : 675,
      "text" : "Deed",
      "whiteSpace" : false
    }, {
      "id" : "s2-t36",
      "begin" : 676,
      "end" : 680,
      "text" : "Book",
      "whiteSpace" : false
    }, {
      "id" : "s2-t37",
      "begin" : 681,
      "end" : 684,
      "text" : "190",
      "whiteSpace" : false
    }, {
      "id" : "s2-t38",
      "begin" : 684,
      "end" : 685,
      "text" : ",",
      "whiteSpace" : false
    }, {
      "id" : "s2-t39",
      "begin" : 686,
      "end" : 690,
      "text" : "page",
      "whiteSpace" : false
    }, {
      "id" : "s2-t40",
      "begin" : 691,
      "end" : 694,
      "text" : "950",
      "whiteSpace" : false
    }, {
      "id" : "s2-t41",
      "begin" : 694,
      "end" : 695,
      "text" : ",",
      "whiteSpace" : false
    } ]
  } ],
  "mentions" : [ {
    "id" : "s1-m1",
    "properties" : {
      "SIRE_MENTION_ROLE" : "WarrDeedBookNum",
      "SIRE_ENTITY_SUBTYPE" : "NONE",
      "SIRE_MENTION_TYPE" : "NONE",
      "SIRE_MENTION_CLASS" : "SPC"
    },
    "type" : "WarrDeedBookNum",
    "begin" : 460,
    "end" : 463,
    "inCoref" : false
  }, {
    "id" : "s1-m2",
    "properties" : {
      "SIRE_MENTION_ROLE" : "WarrDeedPageNum",
      "SIRE_ENTITY_SUBTYPE" : "NONE",
      "SIRE_MENTION_TYPE" : "NONE",
      "SIRE_MENTION_CLASS" : "SPC"
    },
    "type" : "WarrDeedPageNum",
    "begin" : 470,
    "end" : 473,
    "inCoref" : false
  } ],
  "relations" : [ ],
  "corefs" : [ ],
  "typeResolved" : true,
  "userResolved" : false
}