{
  "id" : "c11a10c0-54dc-11e9-91aa-93fcd1ae955b-3",
  "name" : "WD186-17.txt",
  "createdDate" : 1554164272076,
  "version" : 3,
  "text" : "being in the Second Civil District of Humphreys County. State of Tennessee, and being Lot 0-40, of Broadway Indian Subdivision, Section 1, a plat of which is of record in Plat Book 1, page 141 , in the Register???s Of???ce of Humphreys County. State of Tennessee, to which reference is hereby made for a more complete description. BEING the same property conveyed to Ralph Holland and wife, Martha Holland by instrument of record at Deed Book 181, page 2008, Register???s Of???ce, Humphreys County, Tennessee. This conveyance is subject to the right of way of Harbor Circle. This conveyance is subject to all matters as shown on plat of record in Plat Book 1, page 141; and to restrictions and reservations of record in Deed Book 67, page 235, in the Register???s Of???ce of Humphreys County, Tennessee. Humphreys County and City of New ",
  "docLength" : 0,
  "language" : "EN",
  "status" : "SUBMITTED",
  "modifiedDate" : 1554166675442,
  "documentSet" : [ ],
  "preannotation" : [ ],
  "sentences" : [ {
    "id" : "s0",
    "begin" : 0,
    "end" : 55,
    "text" : "being in the Second Civil District of Humphreys County.",
    "tokens" : [ {
      "id" : "s0-t0",
      "begin" : 0,
      "end" : 5,
      "text" : "being",
      "whiteSpace" : false
    }, {
      "id" : "s0-t1",
      "begin" : 6,
      "end" : 8,
      "text" : "in",
      "whiteSpace" : false
    }, {
      "id" : "s0-t2",
      "begin" : 9,
      "end" : 12,
      "text" : "the",
      "whiteSpace" : false
    }, {
      "id" : "s0-t3",
      "begin" : 13,
      "end" : 19,
      "text" : "Second",
      "whiteSpace" : false
    }, {
      "id" : "s0-t4",
      "begin" : 20,
      "end" : 25,
      "text" : "Civil",
      "whiteSpace" : false
    }, {
      "id" : "s0-t5",
      "begin" : 26,
      "end" : 34,
      "text" : "District",
      "whiteSpace" : false
    }, {
      "id" : "s0-t6",
      "begin" : 35,
      "end" : 37,
      "text" : "of",
      "whiteSpace" : false
    }, {
      "id" : "s0-t7",
      "begin" : 38,
      "end" : 47,
      "text" : "Humphreys",
      "whiteSpace" : false
    }, {
      "id" : "s0-t8",
      "begin" : 48,
      "end" : 54,
      "text" : "County",
      "whiteSpace" : false
    }, {
      "id" : "s0-t9",
      "begin" : 54,
      "end" : 55,
      "text" : ".",
      "whiteSpace" : false
    } ]
  }, {
    "id" : "s1",
    "begin" : 56,
    "end" : 211,
    "text" : "State of Tennessee, and being Lot 0-40, of Broadway Indian Subdivision, Section 1, a plat of which is of record in Plat Book 1, page 141 , in the Register?",
    "tokens" : [ {
      "id" : "s1-t0",
      "begin" : 56,
      "end" : 61,
      "text" : "State",
      "whiteSpace" : false
    }, {
      "id" : "s1-t1",
      "begin" : 62,
      "end" : 64,
      "text" : "of",
      "whiteSpace" : false
    }, {
      "id" : "s1-t2",
      "begin" : 65,
      "end" : 74,
      "text" : "Tennessee",
      "whiteSpace" : false
    }, {
      "id" : "s1-t3",
      "begin" : 74,
      "end" : 75,
      "text" : ",",
      "whiteSpace" : false
    }, {
      "id" : "s1-t4",
      "begin" : 76,
      "end" : 79,
      "text" : "and",
      "whiteSpace" : false
    }, {
      "id" : "s1-t5",
      "begin" : 80,
      "end" : 85,
      "text" : "being",
      "whiteSpace" : false
    }, {
      "id" : "s1-t6",
      "begin" : 86,
      "end" : 89,
      "text" : "Lot",
      "whiteSpace" : false
    }, {
      "id" : "s1-t7",
      "begin" : 90,
      "end" : 94,
      "text" : "0-40",
      "whiteSpace" : false
    }, {
      "id" : "s1-t8",
      "begin" : 94,
      "end" : 95,
      "text" : ",",
      "whiteSpace" : false
    }, {
      "id" : "s1-t9",
      "begin" : 96,
      "end" : 98,
      "text" : "of",
      "whiteSpace" : false
    }, {
      "id" : "s1-t10",
      "begin" : 99,
      "end" : 107,
      "text" : "Broadway",
      "whiteSpace" : false
    }, {
      "id" : "s1-t11",
      "begin" : 108,
      "end" : 114,
      "text" : "Indian",
      "whiteSpace" : false
    }, {
      "id" : "s1-t12",
      "begin" : 115,
      "end" : 126,
      "text" : "Subdivision",
      "whiteSpace" : false
    }, {
      "id" : "s1-t13",
      "begin" : 126,
      "end" : 127,
      "text" : ",",
      "whiteSpace" : false
    }, {
      "id" : "s1-t14",
      "begin" : 128,
      "end" : 135,
      "text" : "Section",
      "whiteSpace" : false
    }, {
      "id" : "s1-t15",
      "begin" : 136,
      "end" : 137,
      "text" : "1",
      "whiteSpace" : false
    }, {
      "id" : "s1-t16",
      "begin" : 137,
      "end" : 138,
      "text" : ",",
      "whiteSpace" : false
    }, {
      "id" : "s1-t17",
      "begin" : 139,
      "end" : 140,
      "text" : "a",
      "whiteSpace" : false
    }, {
      "id" : "s1-t18",
      "begin" : 141,
      "end" : 145,
      "text" : "plat",
      "whiteSpace" : false
    }, {
      "id" : "s1-t19",
      "begin" : 146,
      "end" : 148,
      "text" : "of",
      "whiteSpace" : false
    }, {
      "id" : "s1-t20",
      "begin" : 149,
      "end" : 154,
      "text" : "which",
      "whiteSpace" : false
    }, {
      "id" : "s1-t21",
      "begin" : 155,
      "end" : 157,
      "text" : "is",
      "whiteSpace" : false
    }, {
      "id" : "s1-t22",
      "begin" : 158,
      "end" : 160,
      "text" : "of",
      "whiteSpace" : false
    }, {
      "id" : "s1-t23",
      "begin" : 161,
      "end" : 167,
      "text" : "record",
      "whiteSpace" : false
    }, {
      "id" : "s1-t24",
      "begin" : 168,
      "end" : 170,
      "text" : "in",
      "whiteSpace" : false
    }, {
      "id" : "s1-t25",
      "begin" : 171,
      "end" : 175,
      "text" : "Plat",
      "whiteSpace" : false
    }, {
      "id" : "s1-t26",
      "begin" : 176,
      "end" : 180,
      "text" : "Book",
      "whiteSpace" : false
    }, {
      "id" : "s1-t27",
      "begin" : 181,
      "end" : 182,
      "text" : "1",
      "whiteSpace" : false
    }, {
      "id" : "s1-t28",
      "begin" : 182,
      "end" : 183,
      "text" : ",",
      "whiteSpace" : false
    }, {
      "id" : "s1-t29",
      "begin" : 184,
      "end" : 188,
      "text" : "page",
      "whiteSpace" : false
    }, {
      "id" : "s1-t30",
      "begin" : 189,
      "end" : 192,
      "text" : "141",
      "whiteSpace" : false
    }, {
      "id" : "s1-t31",
      "begin" : 193,
      "end" : 194,
      "text" : ",",
      "whiteSpace" : false
    }, {
      "id" : "s1-t32",
      "begin" : 195,
      "end" : 197,
      "text" : "in",
      "whiteSpace" : false
    }, {
      "id" : "s1-t33",
      "begin" : 198,
      "end" : 201,
      "text" : "the",
      "whiteSpace" : false
    }, {
      "id" : "s1-t34",
      "begin" : 202,
      "end" : 210,
      "text" : "Register",
      "whiteSpace" : false
    }, {
      "id" : "s1-t35",
      "begin" : 210,
      "end" : 211,
      "text" : "?",
      "whiteSpace" : false
    } ]
  }, {
    "id" : "s2",
    "begin" : 211,
    "end" : 218,
    "text" : "??s Of?",
    "tokens" : [ {
      "id" : "s2-t0",
      "begin" : 211,
      "end" : 214,
      "text" : "??s",
      "whiteSpace" : false
    }, {
      "id" : "s2-t1",
      "begin" : 215,
      "end" : 217,
      "text" : "Of",
      "whiteSpace" : false
    }, {
      "id" : "s2-t2",
      "begin" : 217,
      "end" : 218,
      "text" : "?",
      "whiteSpace" : false
    } ]
  }, {
    "id" : "s3",
    "begin" : 218,
    "end" : 243,
    "text" : "??ce of Humphreys County.",
    "tokens" : [ {
      "id" : "s3-t0",
      "begin" : 218,
      "end" : 222,
      "text" : "??ce",
      "whiteSpace" : false
    }, {
      "id" : "s3-t1",
      "begin" : 223,
      "end" : 225,
      "text" : "of",
      "whiteSpace" : false
    }, {
      "id" : "s3-t2",
      "begin" : 226,
      "end" : 235,
      "text" : "Humphreys",
      "whiteSpace" : false
    }, {
      "id" : "s3-t3",
      "begin" : 236,
      "end" : 242,
      "text" : "County",
      "whiteSpace" : false
    }, {
      "id" : "s3-t4",
      "begin" : 242,
      "end" : 243,
      "text" : ".",
      "whiteSpace" : false
    } ]
  }, {
    "id" : "s4",
    "begin" : 244,
    "end" : 330,
    "text" : "State of Tennessee, to which reference is hereby made for a more complete description.",
    "tokens" : [ {
      "id" : "s4-t0",
      "begin" : 244,
      "end" : 249,
      "text" : "State",
      "whiteSpace" : false
    }, {
      "id" : "s4-t1",
      "begin" : 250,
      "end" : 252,
      "text" : "of",
      "whiteSpace" : false
    }, {
      "id" : "s4-t2",
      "begin" : 253,
      "end" : 262,
      "text" : "Tennessee",
      "whiteSpace" : false
    }, {
      "id" : "s4-t3",
      "begin" : 262,
      "end" : 263,
      "text" : ",",
      "whiteSpace" : false
    }, {
      "id" : "s4-t4",
      "begin" : 264,
      "end" : 266,
      "text" : "to",
      "whiteSpace" : false
    }, {
      "id" : "s4-t5",
      "begin" : 267,
      "end" : 272,
      "text" : "which",
      "whiteSpace" : false
    }, {
      "id" : "s4-t6",
      "begin" : 273,
      "end" : 282,
      "text" : "reference",
      "whiteSpace" : false
    }, {
      "id" : "s4-t7",
      "begin" : 283,
      "end" : 285,
      "text" : "is",
      "whiteSpace" : false
    }, {
      "id" : "s4-t8",
      "begin" : 286,
      "end" : 292,
      "text" : "hereby",
      "whiteSpace" : false
    }, {
      "id" : "s4-t9",
      "begin" : 293,
      "end" : 297,
      "text" : "made",
      "whiteSpace" : false
    }, {
      "id" : "s4-t10",
      "begin" : 298,
      "end" : 301,
      "text" : "for",
      "whiteSpace" : false
    }, {
      "id" : "s4-t11",
      "begin" : 302,
      "end" : 303,
      "text" : "a",
      "whiteSpace" : false
    }, {
      "id" : "s4-t12",
      "begin" : 304,
      "end" : 308,
      "text" : "more",
      "whiteSpace" : false
    }, {
      "id" : "s4-t13",
      "begin" : 309,
      "end" : 317,
      "text" : "complete",
      "whiteSpace" : false
    }, {
      "id" : "s4-t14",
      "begin" : 318,
      "end" : 329,
      "text" : "description",
      "whiteSpace" : false
    }, {
      "id" : "s4-t15",
      "begin" : 329,
      "end" : 330,
      "text" : ".",
      "whiteSpace" : false
    } ]
  }, {
    "id" : "s5",
    "begin" : 331,
    "end" : 468,
    "text" : "BEING the same property conveyed to Ralph Holland and wife, Martha Holland by instrument of record at Deed Book 181, page 2008, Register?",
    "tokens" : [ {
      "id" : "s5-t0",
      "begin" : 331,
      "end" : 336,
      "text" : "BEING",
      "whiteSpace" : false
    }, {
      "id" : "s5-t1",
      "begin" : 337,
      "end" : 340,
      "text" : "the",
      "whiteSpace" : false
    }, {
      "id" : "s5-t2",
      "begin" : 341,
      "end" : 345,
      "text" : "same",
      "whiteSpace" : false
    }, {
      "id" : "s5-t3",
      "begin" : 346,
      "end" : 354,
      "text" : "property",
      "whiteSpace" : false
    }, {
      "id" : "s5-t4",
      "begin" : 355,
      "end" : 363,
      "text" : "conveyed",
      "whiteSpace" : false
    }, {
      "id" : "s5-t5",
      "begin" : 364,
      "end" : 366,
      "text" : "to",
      "whiteSpace" : false
    }, {
      "id" : "s5-t6",
      "begin" : 367,
      "end" : 372,
      "text" : "Ralph",
      "whiteSpace" : false
    }, {
      "id" : "s5-t7",
      "begin" : 373,
      "end" : 380,
      "text" : "Holland",
      "whiteSpace" : false
    }, {
      "id" : "s5-t8",
      "begin" : 381,
      "end" : 384,
      "text" : "and",
      "whiteSpace" : false
    }, {
      "id" : "s5-t9",
      "begin" : 385,
      "end" : 389,
      "text" : "wife",
      "whiteSpace" : false
    }, {
      "id" : "s5-t10",
      "begin" : 389,
      "end" : 390,
      "text" : ",",
      "whiteSpace" : false
    }, {
      "id" : "s5-t11",
      "begin" : 391,
      "end" : 397,
      "text" : "Martha",
      "whiteSpace" : false
    }, {
      "id" : "s5-t12",
      "begin" : 398,
      "end" : 405,
      "text" : "Holland",
      "whiteSpace" : false
    }, {
      "id" : "s5-t13",
      "begin" : 406,
      "end" : 408,
      "text" : "by",
      "whiteSpace" : false
    }, {
      "id" : "s5-t14",
      "begin" : 409,
      "end" : 419,
      "text" : "instrument",
      "whiteSpace" : false
    }, {
      "id" : "s5-t15",
      "begin" : 420,
      "end" : 422,
      "text" : "of",
      "whiteSpace" : false
    }, {
      "id" : "s5-t16",
      "begin" : 423,
      "end" : 429,
      "text" : "record",
      "whiteSpace" : false
    }, {
      "id" : "s5-t17",
      "begin" : 430,
      "end" : 432,
      "text" : "at",
      "whiteSpace" : false
    }, {
      "id" : "s5-t18",
      "begin" : 433,
      "end" : 437,
      "text" : "Deed",
      "whiteSpace" : false
    }, {
      "id" : "s5-t19",
      "begin" : 438,
      "end" : 442,
      "text" : "Book",
      "whiteSpace" : false
    }, {
      "id" : "s5-t20",
      "begin" : 443,
      "end" : 446,
      "text" : "181",
      "whiteSpace" : false
    }, {
      "id" : "s5-t21",
      "begin" : 446,
      "end" : 447,
      "text" : ",",
      "whiteSpace" : false
    }, {
      "id" : "s5-t22",
      "begin" : 448,
      "end" : 452,
      "text" : "page",
      "whiteSpace" : false
    }, {
      "id" : "s5-t23",
      "begin" : 453,
      "end" : 457,
      "text" : "2008",
      "whiteSpace" : false
    }, {
      "id" : "s5-t24",
      "begin" : 457,
      "end" : 458,
      "text" : ",",
      "whiteSpace" : false
    }, {
      "id" : "s5-t25",
      "begin" : 459,
      "end" : 467,
      "text" : "Register",
      "whiteSpace" : false
    }, {
      "id" : "s5-t26",
      "begin" : 467,
      "end" : 468,
      "text" : "?",
      "whiteSpace" : false
    } ]
  }, {
    "id" : "s6",
    "begin" : 468,
    "end" : 475,
    "text" : "??s Of?",
    "tokens" : [ {
      "id" : "s6-t0",
      "begin" : 468,
      "end" : 471,
      "text" : "??s",
      "whiteSpace" : false
    }, {
      "id" : "s6-t1",
      "begin" : 472,
      "end" : 474,
      "text" : "Of",
      "whiteSpace" : false
    }, {
      "id" : "s6-t2",
      "begin" : 474,
      "end" : 475,
      "text" : "?",
      "whiteSpace" : false
    } ]
  }, {
    "id" : "s7",
    "begin" : 475,
    "end" : 509,
    "text" : "??ce, Humphreys County, Tennessee.",
    "tokens" : [ {
      "id" : "s7-t0",
      "begin" : 475,
      "end" : 479,
      "text" : "??ce",
      "whiteSpace" : false
    }, {
      "id" : "s7-t1",
      "begin" : 479,
      "end" : 480,
      "text" : ",",
      "whiteSpace" : false
    }, {
      "id" : "s7-t2",
      "begin" : 481,
      "end" : 490,
      "text" : "Humphreys",
      "whiteSpace" : false
    }, {
      "id" : "s7-t3",
      "begin" : 491,
      "end" : 497,
      "text" : "County",
      "whiteSpace" : false
    }, {
      "id" : "s7-t4",
      "begin" : 497,
      "end" : 498,
      "text" : ",",
      "whiteSpace" : false
    }, {
      "id" : "s7-t5",
      "begin" : 499,
      "end" : 508,
      "text" : "Tennessee",
      "whiteSpace" : false
    }, {
      "id" : "s7-t6",
      "begin" : 508,
      "end" : 509,
      "text" : ".",
      "whiteSpace" : false
    } ]
  }, {
    "id" : "s8",
    "begin" : 510,
    "end" : 574,
    "text" : "This conveyance is subject to the right of way of Harbor Circle.",
    "tokens" : [ {
      "id" : "s8-t0",
      "begin" : 510,
      "end" : 514,
      "text" : "This",
      "whiteSpace" : false
    }, {
      "id" : "s8-t1",
      "begin" : 515,
      "end" : 525,
      "text" : "conveyance",
      "whiteSpace" : false
    }, {
      "id" : "s8-t2",
      "begin" : 526,
      "end" : 528,
      "text" : "is",
      "whiteSpace" : false
    }, {
      "id" : "s8-t3",
      "begin" : 529,
      "end" : 536,
      "text" : "subject",
      "whiteSpace" : false
    }, {
      "id" : "s8-t4",
      "begin" : 537,
      "end" : 539,
      "text" : "to",
      "whiteSpace" : false
    }, {
      "id" : "s8-t5",
      "begin" : 540,
      "end" : 543,
      "text" : "the",
      "whiteSpace" : false
    }, {
      "id" : "s8-t6",
      "begin" : 544,
      "end" : 549,
      "text" : "right",
      "whiteSpace" : false
    }, {
      "id" : "s8-t7",
      "begin" : 550,
      "end" : 552,
      "text" : "of",
      "whiteSpace" : false
    }, {
      "id" : "s8-t8",
      "begin" : 553,
      "end" : 556,
      "text" : "way",
      "whiteSpace" : false
    }, {
      "id" : "s8-t9",
      "begin" : 557,
      "end" : 559,
      "text" : "of",
      "whiteSpace" : false
    }, {
      "id" : "s8-t10",
      "begin" : 560,
      "end" : 566,
      "text" : "Harbor",
      "whiteSpace" : false
    }, {
      "id" : "s8-t11",
      "begin" : 567,
      "end" : 573,
      "text" : "Circle",
      "whiteSpace" : false
    }, {
      "id" : "s8-t12",
      "begin" : 573,
      "end" : 574,
      "text" : ".",
      "whiteSpace" : false
    } ]
  }, {
    "id" : "s9",
    "begin" : 575,
    "end" : 760,
    "text" : "This conveyance is subject to all matters as shown on plat of record in Plat Book 1, page 141; and to restrictions and reservations of record in Deed Book 67, page 235, in the Register?",
    "tokens" : [ {
      "id" : "s9-t0",
      "begin" : 575,
      "end" : 579,
      "text" : "This",
      "whiteSpace" : false
    }, {
      "id" : "s9-t1",
      "begin" : 580,
      "end" : 590,
      "text" : "conveyance",
      "whiteSpace" : false
    }, {
      "id" : "s9-t2",
      "begin" : 591,
      "end" : 593,
      "text" : "is",
      "whiteSpace" : false
    }, {
      "id" : "s9-t3",
      "begin" : 594,
      "end" : 601,
      "text" : "subject",
      "whiteSpace" : false
    }, {
      "id" : "s9-t4",
      "begin" : 602,
      "end" : 604,
      "text" : "to",
      "whiteSpace" : false
    }, {
      "id" : "s9-t5",
      "begin" : 605,
      "end" : 608,
      "text" : "all",
      "whiteSpace" : false
    }, {
      "id" : "s9-t6",
      "begin" : 609,
      "end" : 616,
      "text" : "matters",
      "whiteSpace" : false
    }, {
      "id" : "s9-t7",
      "begin" : 617,
      "end" : 619,
      "text" : "as",
      "whiteSpace" : false
    }, {
      "id" : "s9-t8",
      "begin" : 620,
      "end" : 625,
      "text" : "shown",
      "whiteSpace" : false
    }, {
      "id" : "s9-t9",
      "begin" : 626,
      "end" : 628,
      "text" : "on",
      "whiteSpace" : false
    }, {
      "id" : "s9-t10",
      "begin" : 629,
      "end" : 633,
      "text" : "plat",
      "whiteSpace" : false
    }, {
      "id" : "s9-t11",
      "begin" : 634,
      "end" : 636,
      "text" : "of",
      "whiteSpace" : false
    }, {
      "id" : "s9-t12",
      "begin" : 637,
      "end" : 643,
      "text" : "record",
      "whiteSpace" : false
    }, {
      "id" : "s9-t13",
      "begin" : 644,
      "end" : 646,
      "text" : "in",
      "whiteSpace" : false
    }, {
      "id" : "s9-t14",
      "begin" : 647,
      "end" : 651,
      "text" : "Plat",
      "whiteSpace" : false
    }, {
      "id" : "s9-t15",
      "begin" : 652,
      "end" : 656,
      "text" : "Book",
      "whiteSpace" : false
    }, {
      "id" : "s9-t16",
      "begin" : 657,
      "end" : 658,
      "text" : "1",
      "whiteSpace" : false
    }, {
      "id" : "s9-t17",
      "begin" : 658,
      "end" : 659,
      "text" : ",",
      "whiteSpace" : false
    }, {
      "id" : "s9-t18",
      "begin" : 660,
      "end" : 664,
      "text" : "page",
      "whiteSpace" : false
    }, {
      "id" : "s9-t19",
      "begin" : 665,
      "end" : 668,
      "text" : "141",
      "whiteSpace" : false
    }, {
      "id" : "s9-t20",
      "begin" : 668,
      "end" : 669,
      "text" : ";",
      "whiteSpace" : false
    }, {
      "id" : "s9-t21",
      "begin" : 670,
      "end" : 673,
      "text" : "and",
      "whiteSpace" : false
    }, {
      "id" : "s9-t22",
      "begin" : 674,
      "end" : 676,
      "text" : "to",
      "whiteSpace" : false
    }, {
      "id" : "s9-t23",
      "begin" : 677,
      "end" : 689,
      "text" : "restrictions",
      "whiteSpace" : false
    }, {
      "id" : "s9-t24",
      "begin" : 690,
      "end" : 693,
      "text" : "and",
      "whiteSpace" : false
    }, {
      "id" : "s9-t25",
      "begin" : 694,
      "end" : 706,
      "text" : "reservations",
      "whiteSpace" : false
    }, {
      "id" : "s9-t26",
      "begin" : 707,
      "end" : 709,
      "text" : "of",
      "whiteSpace" : false
    }, {
      "id" : "s9-t27",
      "begin" : 710,
      "end" : 716,
      "text" : "record",
      "whiteSpace" : false
    }, {
      "id" : "s9-t28",
      "begin" : 717,
      "end" : 719,
      "text" : "in",
      "whiteSpace" : false
    }, {
      "id" : "s9-t29",
      "begin" : 720,
      "end" : 724,
      "text" : "Deed",
      "whiteSpace" : false
    }, {
      "id" : "s9-t30",
      "begin" : 725,
      "end" : 729,
      "text" : "Book",
      "whiteSpace" : false
    }, {
      "id" : "s9-t31",
      "begin" : 730,
      "end" : 732,
      "text" : "67",
      "whiteSpace" : false
    }, {
      "id" : "s9-t32",
      "begin" : 732,
      "end" : 733,
      "text" : ",",
      "whiteSpace" : false
    }, {
      "id" : "s9-t33",
      "begin" : 734,
      "end" : 738,
      "text" : "page",
      "whiteSpace" : false
    }, {
      "id" : "s9-t34",
      "begin" : 739,
      "end" : 742,
      "text" : "235",
      "whiteSpace" : false
    }, {
      "id" : "s9-t35",
      "begin" : 742,
      "end" : 743,
      "text" : ",",
      "whiteSpace" : false
    }, {
      "id" : "s9-t36",
      "begin" : 744,
      "end" : 746,
      "text" : "in",
      "whiteSpace" : false
    }, {
      "id" : "s9-t37",
      "begin" : 747,
      "end" : 750,
      "text" : "the",
      "whiteSpace" : false
    }, {
      "id" : "s9-t38",
      "begin" : 751,
      "end" : 759,
      "text" : "Register",
      "whiteSpace" : false
    }, {
      "id" : "s9-t39",
      "begin" : 759,
      "end" : 760,
      "text" : "?",
      "whiteSpace" : false
    } ]
  }, {
    "id" : "s10",
    "begin" : 760,
    "end" : 767,
    "text" : "??s Of?",
    "tokens" : [ {
      "id" : "s10-t0",
      "begin" : 760,
      "end" : 763,
      "text" : "??s",
      "whiteSpace" : false
    }, {
      "id" : "s10-t1",
      "begin" : 764,
      "end" : 766,
      "text" : "Of",
      "whiteSpace" : false
    }, {
      "id" : "s10-t2",
      "begin" : 766,
      "end" : 767,
      "text" : "?",
      "whiteSpace" : false
    } ]
  }, {
    "id" : "s11",
    "begin" : 767,
    "end" : 803,
    "text" : "??ce of Humphreys County, Tennessee.",
    "tokens" : [ {
      "id" : "s11-t0",
      "begin" : 767,
      "end" : 771,
      "text" : "??ce",
      "whiteSpace" : false
    }, {
      "id" : "s11-t1",
      "begin" : 772,
      "end" : 774,
      "text" : "of",
      "whiteSpace" : false
    }, {
      "id" : "s11-t2",
      "begin" : 775,
      "end" : 784,
      "text" : "Humphreys",
      "whiteSpace" : false
    }, {
      "id" : "s11-t3",
      "begin" : 785,
      "end" : 791,
      "text" : "County",
      "whiteSpace" : false
    }, {
      "id" : "s11-t4",
      "begin" : 791,
      "end" : 792,
      "text" : ",",
      "whiteSpace" : false
    }, {
      "id" : "s11-t5",
      "begin" : 793,
      "end" : 802,
      "text" : "Tennessee",
      "whiteSpace" : false
    }, {
      "id" : "s11-t6",
      "begin" : 802,
      "end" : 803,
      "text" : ".",
      "whiteSpace" : false
    } ]
  }, {
    "id" : "s12",
    "begin" : 804,
    "end" : 836,
    "text" : "Humphreys County and City of New",
    "tokens" : [ {
      "id" : "s12-t0",
      "begin" : 804,
      "end" : 813,
      "text" : "Humphreys",
      "whiteSpace" : false
    }, {
      "id" : "s12-t1",
      "begin" : 814,
      "end" : 820,
      "text" : "County",
      "whiteSpace" : false
    }, {
      "id" : "s12-t2",
      "begin" : 821,
      "end" : 824,
      "text" : "and",
      "whiteSpace" : false
    }, {
      "id" : "s12-t3",
      "begin" : 825,
      "end" : 829,
      "text" : "City",
      "whiteSpace" : false
    }, {
      "id" : "s12-t4",
      "begin" : 830,
      "end" : 832,
      "text" : "of",
      "whiteSpace" : false
    }, {
      "id" : "s12-t5",
      "begin" : 833,
      "end" : 836,
      "text" : "New",
      "whiteSpace" : false
    } ]
  } ],
  "mentions" : [ {
    "id" : "s5-m1",
    "properties" : {
      "SIRE_MENTION_ROLE" : "WarrDeedBookNum",
      "SIRE_ENTITY_SUBTYPE" : "NONE",
      "SIRE_MENTION_TYPE" : "NONE",
      "SIRE_MENTION_CLASS" : "SPC"
    },
    "type" : "WarrDeedBookNum",
    "begin" : 443,
    "end" : 446,
    "inCoref" : false
  }, {
    "id" : "s5-m2",
    "properties" : {
      "SIRE_MENTION_ROLE" : "WarrDeedPageNum",
      "SIRE_ENTITY_SUBTYPE" : "NONE",
      "SIRE_MENTION_TYPE" : "NONE",
      "SIRE_MENTION_CLASS" : "SPC"
    },
    "type" : "WarrDeedPageNum",
    "begin" : 453,
    "end" : 457,
    "inCoref" : false
  } ],
  "relations" : [ ],
  "corefs" : [ ],
  "typeResolved" : true,
  "userResolved" : false
}