{
  "id" : "c11a10c0-54dc-11e9-91aa-93fcd1ae955b-9",
  "name" : "WD190-16.txt",
  "createdDate" : 1554164272076,
  "version" : 3,
  "text" : " being a certain lot or parcel of land lying and being situated in the First Civil District of Humphreys County, Tennessee, and being Lot 4 of the Doverdale Subdivision, Section 5, a plat of which is of record in Plat Cabinet B, Slide 269, Register???s Of???ce of Humphreys County, Tennessee, to which reference is hereby made for a more complete description., Being a portion of the property conveyed to Donald E. Wills, Sr. by deed of record in Deed Book 188, page 719, Register???s Of???ce of Humphreys County, Tennessee., All matters pertaining to the property as shown on the plat of the Road Plan for Doverdale Subdivision of record in Plat Cabinet B, Slide 129- 130 and Slide 131-132, Register???s Of???ce of Humphreys County, Tennessee., The rights of owners of lots in Doverdale Subdivision under the Charter of Doverdale Owners Association of record in Deed Book 165, page 808, Register???s Of???ce of Humphreys County, Tennessee., Subdivision of record in ",
  "docLength" : 0,
  "language" : "EN",
  "status" : "SUBMITTED",
  "modifiedDate" : 1554166747581,
  "documentSet" : [ ],
  "preannotation" : [ ],
  "sentences" : [ {
    "id" : "s0",
    "begin" : 1,
    "end" : 249,
    "text" : "being a certain lot or parcel of land lying and being situated in the First Civil District of Humphreys County, Tennessee, and being Lot 4 of the Doverdale Subdivision, Section 5, a plat of which is of record in Plat Cabinet B, Slide 269, Register?",
    "tokens" : [ {
      "id" : "s0-t0",
      "begin" : 1,
      "end" : 6,
      "text" : "being",
      "whiteSpace" : false
    }, {
      "id" : "s0-t1",
      "begin" : 7,
      "end" : 8,
      "text" : "a",
      "whiteSpace" : false
    }, {
      "id" : "s0-t2",
      "begin" : 9,
      "end" : 16,
      "text" : "certain",
      "whiteSpace" : false
    }, {
      "id" : "s0-t3",
      "begin" : 17,
      "end" : 20,
      "text" : "lot",
      "whiteSpace" : false
    }, {
      "id" : "s0-t4",
      "begin" : 21,
      "end" : 23,
      "text" : "or",
      "whiteSpace" : false
    }, {
      "id" : "s0-t5",
      "begin" : 24,
      "end" : 30,
      "text" : "parcel",
      "whiteSpace" : false
    }, {
      "id" : "s0-t6",
      "begin" : 31,
      "end" : 33,
      "text" : "of",
      "whiteSpace" : false
    }, {
      "id" : "s0-t7",
      "begin" : 34,
      "end" : 38,
      "text" : "land",
      "whiteSpace" : false
    }, {
      "id" : "s0-t8",
      "begin" : 39,
      "end" : 44,
      "text" : "lying",
      "whiteSpace" : false
    }, {
      "id" : "s0-t9",
      "begin" : 45,
      "end" : 48,
      "text" : "and",
      "whiteSpace" : false
    }, {
      "id" : "s0-t10",
      "begin" : 49,
      "end" : 54,
      "text" : "being",
      "whiteSpace" : false
    }, {
      "id" : "s0-t11",
      "begin" : 55,
      "end" : 63,
      "text" : "situated",
      "whiteSpace" : false
    }, {
      "id" : "s0-t12",
      "begin" : 64,
      "end" : 66,
      "text" : "in",
      "whiteSpace" : false
    }, {
      "id" : "s0-t13",
      "begin" : 67,
      "end" : 70,
      "text" : "the",
      "whiteSpace" : false
    }, {
      "id" : "s0-t14",
      "begin" : 71,
      "end" : 76,
      "text" : "First",
      "whiteSpace" : false
    }, {
      "id" : "s0-t15",
      "begin" : 77,
      "end" : 82,
      "text" : "Civil",
      "whiteSpace" : false
    }, {
      "id" : "s0-t16",
      "begin" : 83,
      "end" : 91,
      "text" : "District",
      "whiteSpace" : false
    }, {
      "id" : "s0-t17",
      "begin" : 92,
      "end" : 94,
      "text" : "of",
      "whiteSpace" : false
    }, {
      "id" : "s0-t18",
      "begin" : 95,
      "end" : 104,
      "text" : "Humphreys",
      "whiteSpace" : false
    }, {
      "id" : "s0-t19",
      "begin" : 105,
      "end" : 111,
      "text" : "County",
      "whiteSpace" : false
    }, {
      "id" : "s0-t20",
      "begin" : 111,
      "end" : 112,
      "text" : ",",
      "whiteSpace" : false
    }, {
      "id" : "s0-t21",
      "begin" : 113,
      "end" : 122,
      "text" : "Tennessee",
      "whiteSpace" : false
    }, {
      "id" : "s0-t22",
      "begin" : 122,
      "end" : 123,
      "text" : ",",
      "whiteSpace" : false
    }, {
      "id" : "s0-t23",
      "begin" : 124,
      "end" : 127,
      "text" : "and",
      "whiteSpace" : false
    }, {
      "id" : "s0-t24",
      "begin" : 128,
      "end" : 133,
      "text" : "being",
      "whiteSpace" : false
    }, {
      "id" : "s0-t25",
      "begin" : 134,
      "end" : 137,
      "text" : "Lot",
      "whiteSpace" : false
    }, {
      "id" : "s0-t26",
      "begin" : 138,
      "end" : 139,
      "text" : "4",
      "whiteSpace" : false
    }, {
      "id" : "s0-t27",
      "begin" : 140,
      "end" : 142,
      "text" : "of",
      "whiteSpace" : false
    }, {
      "id" : "s0-t28",
      "begin" : 143,
      "end" : 146,
      "text" : "the",
      "whiteSpace" : false
    }, {
      "id" : "s0-t29",
      "begin" : 147,
      "end" : 156,
      "text" : "Doverdale",
      "whiteSpace" : false
    }, {
      "id" : "s0-t30",
      "begin" : 157,
      "end" : 168,
      "text" : "Subdivision",
      "whiteSpace" : false
    }, {
      "id" : "s0-t31",
      "begin" : 168,
      "end" : 169,
      "text" : ",",
      "whiteSpace" : false
    }, {
      "id" : "s0-t32",
      "begin" : 170,
      "end" : 177,
      "text" : "Section",
      "whiteSpace" : false
    }, {
      "id" : "s0-t33",
      "begin" : 178,
      "end" : 179,
      "text" : "5",
      "whiteSpace" : false
    }, {
      "id" : "s0-t34",
      "begin" : 179,
      "end" : 180,
      "text" : ",",
      "whiteSpace" : false
    }, {
      "id" : "s0-t35",
      "begin" : 181,
      "end" : 182,
      "text" : "a",
      "whiteSpace" : false
    }, {
      "id" : "s0-t36",
      "begin" : 183,
      "end" : 187,
      "text" : "plat",
      "whiteSpace" : false
    }, {
      "id" : "s0-t37",
      "begin" : 188,
      "end" : 190,
      "text" : "of",
      "whiteSpace" : false
    }, {
      "id" : "s0-t38",
      "begin" : 191,
      "end" : 196,
      "text" : "which",
      "whiteSpace" : false
    }, {
      "id" : "s0-t39",
      "begin" : 197,
      "end" : 199,
      "text" : "is",
      "whiteSpace" : false
    }, {
      "id" : "s0-t40",
      "begin" : 200,
      "end" : 202,
      "text" : "of",
      "whiteSpace" : false
    }, {
      "id" : "s0-t41",
      "begin" : 203,
      "end" : 209,
      "text" : "record",
      "whiteSpace" : false
    }, {
      "id" : "s0-t42",
      "begin" : 210,
      "end" : 212,
      "text" : "in",
      "whiteSpace" : false
    }, {
      "id" : "s0-t43",
      "begin" : 213,
      "end" : 217,
      "text" : "Plat",
      "whiteSpace" : false
    }, {
      "id" : "s0-t44",
      "begin" : 218,
      "end" : 225,
      "text" : "Cabinet",
      "whiteSpace" : false
    }, {
      "id" : "s0-t45",
      "begin" : 226,
      "end" : 227,
      "text" : "B",
      "whiteSpace" : false
    }, {
      "id" : "s0-t46",
      "begin" : 227,
      "end" : 228,
      "text" : ",",
      "whiteSpace" : false
    }, {
      "id" : "s0-t47",
      "begin" : 229,
      "end" : 234,
      "text" : "Slide",
      "whiteSpace" : false
    }, {
      "id" : "s0-t48",
      "begin" : 235,
      "end" : 238,
      "text" : "269",
      "whiteSpace" : false
    }, {
      "id" : "s0-t49",
      "begin" : 238,
      "end" : 239,
      "text" : ",",
      "whiteSpace" : false
    }, {
      "id" : "s0-t50",
      "begin" : 240,
      "end" : 248,
      "text" : "Register",
      "whiteSpace" : false
    }, {
      "id" : "s0-t51",
      "begin" : 248,
      "end" : 249,
      "text" : "?",
      "whiteSpace" : false
    } ]
  }, {
    "id" : "s1",
    "begin" : 249,
    "end" : 256,
    "text" : "??s Of?",
    "tokens" : [ {
      "id" : "s1-t0",
      "begin" : 249,
      "end" : 252,
      "text" : "??s",
      "whiteSpace" : false
    }, {
      "id" : "s1-t1",
      "begin" : 253,
      "end" : 255,
      "text" : "Of",
      "whiteSpace" : false
    }, {
      "id" : "s1-t2",
      "begin" : 255,
      "end" : 256,
      "text" : "?",
      "whiteSpace" : false
    } ]
  }, {
    "id" : "s2",
    "begin" : 256,
    "end" : 481,
    "text" : "??ce of Humphreys County, Tennessee, to which reference is hereby made for a more complete description., Being a portion of the property conveyed to Donald E. Wills, Sr. by deed of record in Deed Book 188, page 719, Register?",
    "tokens" : [ {
      "id" : "s2-t0",
      "begin" : 256,
      "end" : 260,
      "text" : "??ce",
      "whiteSpace" : false
    }, {
      "id" : "s2-t1",
      "begin" : 261,
      "end" : 263,
      "text" : "of",
      "whiteSpace" : false
    }, {
      "id" : "s2-t2",
      "begin" : 264,
      "end" : 273,
      "text" : "Humphreys",
      "whiteSpace" : false
    }, {
      "id" : "s2-t3",
      "begin" : 274,
      "end" : 280,
      "text" : "County",
      "whiteSpace" : false
    }, {
      "id" : "s2-t4",
      "begin" : 280,
      "end" : 281,
      "text" : ",",
      "whiteSpace" : false
    }, {
      "id" : "s2-t5",
      "begin" : 282,
      "end" : 291,
      "text" : "Tennessee",
      "whiteSpace" : false
    }, {
      "id" : "s2-t6",
      "begin" : 291,
      "end" : 292,
      "text" : ",",
      "whiteSpace" : false
    }, {
      "id" : "s2-t7",
      "begin" : 293,
      "end" : 295,
      "text" : "to",
      "whiteSpace" : false
    }, {
      "id" : "s2-t8",
      "begin" : 296,
      "end" : 301,
      "text" : "which",
      "whiteSpace" : false
    }, {
      "id" : "s2-t9",
      "begin" : 302,
      "end" : 311,
      "text" : "reference",
      "whiteSpace" : false
    }, {
      "id" : "s2-t10",
      "begin" : 312,
      "end" : 314,
      "text" : "is",
      "whiteSpace" : false
    }, {
      "id" : "s2-t11",
      "begin" : 315,
      "end" : 321,
      "text" : "hereby",
      "whiteSpace" : false
    }, {
      "id" : "s2-t12",
      "begin" : 322,
      "end" : 326,
      "text" : "made",
      "whiteSpace" : false
    }, {
      "id" : "s2-t13",
      "begin" : 327,
      "end" : 330,
      "text" : "for",
      "whiteSpace" : false
    }, {
      "id" : "s2-t14",
      "begin" : 331,
      "end" : 332,
      "text" : "a",
      "whiteSpace" : false
    }, {
      "id" : "s2-t15",
      "begin" : 333,
      "end" : 337,
      "text" : "more",
      "whiteSpace" : false
    }, {
      "id" : "s2-t16",
      "begin" : 338,
      "end" : 346,
      "text" : "complete",
      "whiteSpace" : false
    }, {
      "id" : "s2-t17",
      "begin" : 347,
      "end" : 359,
      "text" : "description.",
      "whiteSpace" : false
    }, {
      "id" : "s2-t18",
      "begin" : 359,
      "end" : 360,
      "text" : ",",
      "whiteSpace" : false
    }, {
      "id" : "s2-t19",
      "begin" : 361,
      "end" : 366,
      "text" : "Being",
      "whiteSpace" : false
    }, {
      "id" : "s2-t20",
      "begin" : 367,
      "end" : 368,
      "text" : "a",
      "whiteSpace" : false
    }, {
      "id" : "s2-t21",
      "begin" : 369,
      "end" : 376,
      "text" : "portion",
      "whiteSpace" : false
    }, {
      "id" : "s2-t22",
      "begin" : 377,
      "end" : 379,
      "text" : "of",
      "whiteSpace" : false
    }, {
      "id" : "s2-t23",
      "begin" : 380,
      "end" : 383,
      "text" : "the",
      "whiteSpace" : false
    }, {
      "id" : "s2-t24",
      "begin" : 384,
      "end" : 392,
      "text" : "property",
      "whiteSpace" : false
    }, {
      "id" : "s2-t25",
      "begin" : 393,
      "end" : 401,
      "text" : "conveyed",
      "whiteSpace" : false
    }, {
      "id" : "s2-t26",
      "begin" : 402,
      "end" : 404,
      "text" : "to",
      "whiteSpace" : false
    }, {
      "id" : "s2-t27",
      "begin" : 405,
      "end" : 411,
      "text" : "Donald",
      "whiteSpace" : false
    }, {
      "id" : "s2-t28",
      "begin" : 412,
      "end" : 414,
      "text" : "E.",
      "whiteSpace" : false
    }, {
      "id" : "s2-t29",
      "begin" : 415,
      "end" : 420,
      "text" : "Wills",
      "whiteSpace" : false
    }, {
      "id" : "s2-t30",
      "begin" : 420,
      "end" : 421,
      "text" : ",",
      "whiteSpace" : false
    }, {
      "id" : "s2-t31",
      "begin" : 422,
      "end" : 425,
      "text" : "Sr.",
      "whiteSpace" : false
    }, {
      "id" : "s2-t32",
      "begin" : 426,
      "end" : 428,
      "text" : "by",
      "whiteSpace" : false
    }, {
      "id" : "s2-t33",
      "begin" : 429,
      "end" : 433,
      "text" : "deed",
      "whiteSpace" : false
    }, {
      "id" : "s2-t34",
      "begin" : 434,
      "end" : 436,
      "text" : "of",
      "whiteSpace" : false
    }, {
      "id" : "s2-t35",
      "begin" : 437,
      "end" : 443,
      "text" : "record",
      "whiteSpace" : false
    }, {
      "id" : "s2-t36",
      "begin" : 444,
      "end" : 446,
      "text" : "in",
      "whiteSpace" : false
    }, {
      "id" : "s2-t37",
      "begin" : 447,
      "end" : 451,
      "text" : "Deed",
      "whiteSpace" : false
    }, {
      "id" : "s2-t38",
      "begin" : 452,
      "end" : 456,
      "text" : "Book",
      "whiteSpace" : false
    }, {
      "id" : "s2-t39",
      "begin" : 457,
      "end" : 460,
      "text" : "188",
      "whiteSpace" : false
    }, {
      "id" : "s2-t40",
      "begin" : 460,
      "end" : 461,
      "text" : ",",
      "whiteSpace" : false
    }, {
      "id" : "s2-t41",
      "begin" : 462,
      "end" : 466,
      "text" : "page",
      "whiteSpace" : false
    }, {
      "id" : "s2-t42",
      "begin" : 467,
      "end" : 470,
      "text" : "719",
      "whiteSpace" : false
    }, {
      "id" : "s2-t43",
      "begin" : 470,
      "end" : 471,
      "text" : ",",
      "whiteSpace" : false
    }, {
      "id" : "s2-t44",
      "begin" : 472,
      "end" : 480,
      "text" : "Register",
      "whiteSpace" : false
    }, {
      "id" : "s2-t45",
      "begin" : 480,
      "end" : 481,
      "text" : "?",
      "whiteSpace" : false
    } ]
  }, {
    "id" : "s3",
    "begin" : 481,
    "end" : 488,
    "text" : "??s Of?",
    "tokens" : [ {
      "id" : "s3-t0",
      "begin" : 481,
      "end" : 484,
      "text" : "??s",
      "whiteSpace" : false
    }, {
      "id" : "s3-t1",
      "begin" : 485,
      "end" : 487,
      "text" : "Of",
      "whiteSpace" : false
    }, {
      "id" : "s3-t2",
      "begin" : 487,
      "end" : 488,
      "text" : "?",
      "whiteSpace" : false
    } ]
  }, {
    "id" : "s4",
    "begin" : 488,
    "end" : 701,
    "text" : "??ce of Humphreys County, Tennessee., All matters pertaining to the property as shown on the plat of the Road Plan for Doverdale Subdivision of record in Plat Cabinet B, Slide 129- 130 and Slide 131-132, Register?",
    "tokens" : [ {
      "id" : "s4-t0",
      "begin" : 488,
      "end" : 492,
      "text" : "??ce",
      "whiteSpace" : false
    }, {
      "id" : "s4-t1",
      "begin" : 493,
      "end" : 495,
      "text" : "of",
      "whiteSpace" : false
    }, {
      "id" : "s4-t2",
      "begin" : 496,
      "end" : 505,
      "text" : "Humphreys",
      "whiteSpace" : false
    }, {
      "id" : "s4-t3",
      "begin" : 506,
      "end" : 512,
      "text" : "County",
      "whiteSpace" : false
    }, {
      "id" : "s4-t4",
      "begin" : 512,
      "end" : 513,
      "text" : ",",
      "whiteSpace" : false
    }, {
      "id" : "s4-t5",
      "begin" : 514,
      "end" : 524,
      "text" : "Tennessee.",
      "whiteSpace" : false
    }, {
      "id" : "s4-t6",
      "begin" : 524,
      "end" : 525,
      "text" : ",",
      "whiteSpace" : false
    }, {
      "id" : "s4-t7",
      "begin" : 526,
      "end" : 529,
      "text" : "All",
      "whiteSpace" : false
    }, {
      "id" : "s4-t8",
      "begin" : 530,
      "end" : 537,
      "text" : "matters",
      "whiteSpace" : false
    }, {
      "id" : "s4-t9",
      "begin" : 538,
      "end" : 548,
      "text" : "pertaining",
      "whiteSpace" : false
    }, {
      "id" : "s4-t10",
      "begin" : 549,
      "end" : 551,
      "text" : "to",
      "whiteSpace" : false
    }, {
      "id" : "s4-t11",
      "begin" : 552,
      "end" : 555,
      "text" : "the",
      "whiteSpace" : false
    }, {
      "id" : "s4-t12",
      "begin" : 556,
      "end" : 564,
      "text" : "property",
      "whiteSpace" : false
    }, {
      "id" : "s4-t13",
      "begin" : 565,
      "end" : 567,
      "text" : "as",
      "whiteSpace" : false
    }, {
      "id" : "s4-t14",
      "begin" : 568,
      "end" : 573,
      "text" : "shown",
      "whiteSpace" : false
    }, {
      "id" : "s4-t15",
      "begin" : 574,
      "end" : 576,
      "text" : "on",
      "whiteSpace" : false
    }, {
      "id" : "s4-t16",
      "begin" : 577,
      "end" : 580,
      "text" : "the",
      "whiteSpace" : false
    }, {
      "id" : "s4-t17",
      "begin" : 581,
      "end" : 585,
      "text" : "plat",
      "whiteSpace" : false
    }, {
      "id" : "s4-t18",
      "begin" : 586,
      "end" : 588,
      "text" : "of",
      "whiteSpace" : false
    }, {
      "id" : "s4-t19",
      "begin" : 589,
      "end" : 592,
      "text" : "the",
      "whiteSpace" : false
    }, {
      "id" : "s4-t20",
      "begin" : 593,
      "end" : 597,
      "text" : "Road",
      "whiteSpace" : false
    }, {
      "id" : "s4-t21",
      "begin" : 598,
      "end" : 602,
      "text" : "Plan",
      "whiteSpace" : false
    }, {
      "id" : "s4-t22",
      "begin" : 603,
      "end" : 606,
      "text" : "for",
      "whiteSpace" : false
    }, {
      "id" : "s4-t23",
      "begin" : 607,
      "end" : 616,
      "text" : "Doverdale",
      "whiteSpace" : false
    }, {
      "id" : "s4-t24",
      "begin" : 617,
      "end" : 628,
      "text" : "Subdivision",
      "whiteSpace" : false
    }, {
      "id" : "s4-t25",
      "begin" : 629,
      "end" : 631,
      "text" : "of",
      "whiteSpace" : false
    }, {
      "id" : "s4-t26",
      "begin" : 632,
      "end" : 638,
      "text" : "record",
      "whiteSpace" : false
    }, {
      "id" : "s4-t27",
      "begin" : 639,
      "end" : 641,
      "text" : "in",
      "whiteSpace" : false
    }, {
      "id" : "s4-t28",
      "begin" : 642,
      "end" : 646,
      "text" : "Plat",
      "whiteSpace" : false
    }, {
      "id" : "s4-t29",
      "begin" : 647,
      "end" : 654,
      "text" : "Cabinet",
      "whiteSpace" : false
    }, {
      "id" : "s4-t30",
      "begin" : 655,
      "end" : 656,
      "text" : "B",
      "whiteSpace" : false
    }, {
      "id" : "s4-t31",
      "begin" : 656,
      "end" : 657,
      "text" : ",",
      "whiteSpace" : false
    }, {
      "id" : "s4-t32",
      "begin" : 658,
      "end" : 663,
      "text" : "Slide",
      "whiteSpace" : false
    }, {
      "id" : "s4-t33",
      "begin" : 664,
      "end" : 667,
      "text" : "129",
      "whiteSpace" : false
    }, {
      "id" : "s4-t34",
      "begin" : 667,
      "end" : 668,
      "text" : "-",
      "whiteSpace" : false
    }, {
      "id" : "s4-t35",
      "begin" : 669,
      "end" : 672,
      "text" : "130",
      "whiteSpace" : false
    }, {
      "id" : "s4-t36",
      "begin" : 673,
      "end" : 676,
      "text" : "and",
      "whiteSpace" : false
    }, {
      "id" : "s4-t37",
      "begin" : 677,
      "end" : 682,
      "text" : "Slide",
      "whiteSpace" : false
    }, {
      "id" : "s4-t38",
      "begin" : 683,
      "end" : 690,
      "text" : "131-132",
      "whiteSpace" : false
    }, {
      "id" : "s4-t39",
      "begin" : 690,
      "end" : 691,
      "text" : ",",
      "whiteSpace" : false
    }, {
      "id" : "s4-t40",
      "begin" : 692,
      "end" : 700,
      "text" : "Register",
      "whiteSpace" : false
    }, {
      "id" : "s4-t41",
      "begin" : 700,
      "end" : 701,
      "text" : "?",
      "whiteSpace" : false
    } ]
  }, {
    "id" : "s5",
    "begin" : 701,
    "end" : 708,
    "text" : "??s Of?",
    "tokens" : [ {
      "id" : "s5-t0",
      "begin" : 701,
      "end" : 704,
      "text" : "??s",
      "whiteSpace" : false
    }, {
      "id" : "s5-t1",
      "begin" : 705,
      "end" : 707,
      "text" : "Of",
      "whiteSpace" : false
    }, {
      "id" : "s5-t2",
      "begin" : 707,
      "end" : 708,
      "text" : "?",
      "whiteSpace" : false
    } ]
  }, {
    "id" : "s6",
    "begin" : 708,
    "end" : 897,
    "text" : "??ce of Humphreys County, Tennessee., The rights of owners of lots in Doverdale Subdivision under the Charter of Doverdale Owners Association of record in Deed Book 165, page 808, Register?",
    "tokens" : [ {
      "id" : "s6-t0",
      "begin" : 708,
      "end" : 712,
      "text" : "??ce",
      "whiteSpace" : false
    }, {
      "id" : "s6-t1",
      "begin" : 713,
      "end" : 715,
      "text" : "of",
      "whiteSpace" : false
    }, {
      "id" : "s6-t2",
      "begin" : 716,
      "end" : 725,
      "text" : "Humphreys",
      "whiteSpace" : false
    }, {
      "id" : "s6-t3",
      "begin" : 726,
      "end" : 732,
      "text" : "County",
      "whiteSpace" : false
    }, {
      "id" : "s6-t4",
      "begin" : 732,
      "end" : 733,
      "text" : ",",
      "whiteSpace" : false
    }, {
      "id" : "s6-t5",
      "begin" : 734,
      "end" : 744,
      "text" : "Tennessee.",
      "whiteSpace" : false
    }, {
      "id" : "s6-t6",
      "begin" : 744,
      "end" : 745,
      "text" : ",",
      "whiteSpace" : false
    }, {
      "id" : "s6-t7",
      "begin" : 746,
      "end" : 749,
      "text" : "The",
      "whiteSpace" : false
    }, {
      "id" : "s6-t8",
      "begin" : 750,
      "end" : 756,
      "text" : "rights",
      "whiteSpace" : false
    }, {
      "id" : "s6-t9",
      "begin" : 757,
      "end" : 759,
      "text" : "of",
      "whiteSpace" : false
    }, {
      "id" : "s6-t10",
      "begin" : 760,
      "end" : 766,
      "text" : "owners",
      "whiteSpace" : false
    }, {
      "id" : "s6-t11",
      "begin" : 767,
      "end" : 769,
      "text" : "of",
      "whiteSpace" : false
    }, {
      "id" : "s6-t12",
      "begin" : 770,
      "end" : 774,
      "text" : "lots",
      "whiteSpace" : false
    }, {
      "id" : "s6-t13",
      "begin" : 775,
      "end" : 777,
      "text" : "in",
      "whiteSpace" : false
    }, {
      "id" : "s6-t14",
      "begin" : 778,
      "end" : 787,
      "text" : "Doverdale",
      "whiteSpace" : false
    }, {
      "id" : "s6-t15",
      "begin" : 788,
      "end" : 799,
      "text" : "Subdivision",
      "whiteSpace" : false
    }, {
      "id" : "s6-t16",
      "begin" : 800,
      "end" : 805,
      "text" : "under",
      "whiteSpace" : false
    }, {
      "id" : "s6-t17",
      "begin" : 806,
      "end" : 809,
      "text" : "the",
      "whiteSpace" : false
    }, {
      "id" : "s6-t18",
      "begin" : 810,
      "end" : 817,
      "text" : "Charter",
      "whiteSpace" : false
    }, {
      "id" : "s6-t19",
      "begin" : 818,
      "end" : 820,
      "text" : "of",
      "whiteSpace" : false
    }, {
      "id" : "s6-t20",
      "begin" : 821,
      "end" : 830,
      "text" : "Doverdale",
      "whiteSpace" : false
    }, {
      "id" : "s6-t21",
      "begin" : 831,
      "end" : 837,
      "text" : "Owners",
      "whiteSpace" : false
    }, {
      "id" : "s6-t22",
      "begin" : 838,
      "end" : 849,
      "text" : "Association",
      "whiteSpace" : false
    }, {
      "id" : "s6-t23",
      "begin" : 850,
      "end" : 852,
      "text" : "of",
      "whiteSpace" : false
    }, {
      "id" : "s6-t24",
      "begin" : 853,
      "end" : 859,
      "text" : "record",
      "whiteSpace" : false
    }, {
      "id" : "s6-t25",
      "begin" : 860,
      "end" : 862,
      "text" : "in",
      "whiteSpace" : false
    }, {
      "id" : "s6-t26",
      "begin" : 863,
      "end" : 867,
      "text" : "Deed",
      "whiteSpace" : false
    }, {
      "id" : "s6-t27",
      "begin" : 868,
      "end" : 872,
      "text" : "Book",
      "whiteSpace" : false
    }, {
      "id" : "s6-t28",
      "begin" : 873,
      "end" : 876,
      "text" : "165",
      "whiteSpace" : false
    }, {
      "id" : "s6-t29",
      "begin" : 876,
      "end" : 877,
      "text" : ",",
      "whiteSpace" : false
    }, {
      "id" : "s6-t30",
      "begin" : 878,
      "end" : 882,
      "text" : "page",
      "whiteSpace" : false
    }, {
      "id" : "s6-t31",
      "begin" : 883,
      "end" : 886,
      "text" : "808",
      "whiteSpace" : false
    }, {
      "id" : "s6-t32",
      "begin" : 886,
      "end" : 887,
      "text" : ",",
      "whiteSpace" : false
    }, {
      "id" : "s6-t33",
      "begin" : 888,
      "end" : 896,
      "text" : "Register",
      "whiteSpace" : false
    }, {
      "id" : "s6-t34",
      "begin" : 896,
      "end" : 897,
      "text" : "?",
      "whiteSpace" : false
    } ]
  }, {
    "id" : "s7",
    "begin" : 897,
    "end" : 904,
    "text" : "??s Of?",
    "tokens" : [ {
      "id" : "s7-t0",
      "begin" : 897,
      "end" : 900,
      "text" : "??s",
      "whiteSpace" : false
    }, {
      "id" : "s7-t1",
      "begin" : 901,
      "end" : 903,
      "text" : "Of",
      "whiteSpace" : false
    }, {
      "id" : "s7-t2",
      "begin" : 903,
      "end" : 904,
      "text" : "?",
      "whiteSpace" : false
    } ]
  }, {
    "id" : "s8",
    "begin" : 904,
    "end" : 966,
    "text" : "??ce of Humphreys County, Tennessee., Subdivision of record in",
    "tokens" : [ {
      "id" : "s8-t0",
      "begin" : 904,
      "end" : 908,
      "text" : "??ce",
      "whiteSpace" : false
    }, {
      "id" : "s8-t1",
      "begin" : 909,
      "end" : 911,
      "text" : "of",
      "whiteSpace" : false
    }, {
      "id" : "s8-t2",
      "begin" : 912,
      "end" : 921,
      "text" : "Humphreys",
      "whiteSpace" : false
    }, {
      "id" : "s8-t3",
      "begin" : 922,
      "end" : 928,
      "text" : "County",
      "whiteSpace" : false
    }, {
      "id" : "s8-t4",
      "begin" : 928,
      "end" : 929,
      "text" : ",",
      "whiteSpace" : false
    }, {
      "id" : "s8-t5",
      "begin" : 930,
      "end" : 940,
      "text" : "Tennessee.",
      "whiteSpace" : false
    }, {
      "id" : "s8-t6",
      "begin" : 940,
      "end" : 941,
      "text" : ",",
      "whiteSpace" : false
    }, {
      "id" : "s8-t7",
      "begin" : 942,
      "end" : 953,
      "text" : "Subdivision",
      "whiteSpace" : false
    }, {
      "id" : "s8-t8",
      "begin" : 954,
      "end" : 956,
      "text" : "of",
      "whiteSpace" : false
    }, {
      "id" : "s8-t9",
      "begin" : 957,
      "end" : 963,
      "text" : "record",
      "whiteSpace" : false
    }, {
      "id" : "s8-t10",
      "begin" : 964,
      "end" : 966,
      "text" : "in",
      "whiteSpace" : false
    } ]
  } ],
  "mentions" : [ {
    "id" : "s2-m1",
    "properties" : {
      "SIRE_MENTION_ROLE" : "WarrDeedBookNum",
      "SIRE_ENTITY_SUBTYPE" : "NONE",
      "SIRE_MENTION_TYPE" : "NONE",
      "SIRE_MENTION_CLASS" : "SPC"
    },
    "type" : "WarrDeedBookNum",
    "begin" : 457,
    "end" : 460,
    "inCoref" : false
  }, {
    "id" : "s2-m2",
    "properties" : {
      "SIRE_MENTION_ROLE" : "WarrDeedPageNum",
      "SIRE_ENTITY_SUBTYPE" : "NONE",
      "SIRE_MENTION_TYPE" : "NONE",
      "SIRE_MENTION_CLASS" : "SPC"
    },
    "type" : "WarrDeedPageNum",
    "begin" : 467,
    "end" : 470,
    "inCoref" : false
  } ],
  "relations" : [ ],
  "corefs" : [ ],
  "typeResolved" : true,
  "userResolved" : false
}