{
  "id" : "c11a10c0-54dc-11e9-91aa-93fcd1ae955b-16",
  "name" : "WD192-15.txt",
  "createdDate" : 1554164272076,
  "version" : 3,
  "text" : "Serial No. converted to real property as per appraisal by Charles Brightman, CR-103 5, dated September 26, 2007. 2709008] 1 Book WD192 Page 15 Being the same property conveyed to Tim K. Elrod and wife, Danna M. Elrod by Deed from Richard D. Hill of record in Book WD190, Page 2324, Register???s Of???ce for Humphreys County, Tennessee. This conveyance is subject to all easements, restrictive covenants and conditions, and other matters of record, including all items set out on any applicable plat of record. County and/or City taxes for the year 2008, a lien not yet due and payable. Said taxes have been prorated between the parties as of the date of this instrument, ",
  "docLength" : 0,
  "language" : "EN",
  "status" : "SUBMITTED",
  "modifiedDate" : 1554166638465,
  "documentSet" : [ ],
  "preannotation" : [ ],
  "sentences" : [ {
    "id" : "s0",
    "begin" : 0,
    "end" : 112,
    "text" : "Serial No. converted to real property as per appraisal by Charles Brightman, CR-103 5, dated September 26, 2007.",
    "tokens" : [ {
      "id" : "s0-t0",
      "begin" : 0,
      "end" : 6,
      "text" : "Serial",
      "whiteSpace" : false
    }, {
      "id" : "s0-t1",
      "begin" : 7,
      "end" : 10,
      "text" : "No.",
      "whiteSpace" : false
    }, {
      "id" : "s0-t2",
      "begin" : 11,
      "end" : 20,
      "text" : "converted",
      "whiteSpace" : false
    }, {
      "id" : "s0-t3",
      "begin" : 21,
      "end" : 23,
      "text" : "to",
      "whiteSpace" : false
    }, {
      "id" : "s0-t4",
      "begin" : 24,
      "end" : 28,
      "text" : "real",
      "whiteSpace" : false
    }, {
      "id" : "s0-t5",
      "begin" : 29,
      "end" : 37,
      "text" : "property",
      "whiteSpace" : false
    }, {
      "id" : "s0-t6",
      "begin" : 38,
      "end" : 40,
      "text" : "as",
      "whiteSpace" : false
    }, {
      "id" : "s0-t7",
      "begin" : 41,
      "end" : 44,
      "text" : "per",
      "whiteSpace" : false
    }, {
      "id" : "s0-t8",
      "begin" : 45,
      "end" : 54,
      "text" : "appraisal",
      "whiteSpace" : false
    }, {
      "id" : "s0-t9",
      "begin" : 55,
      "end" : 57,
      "text" : "by",
      "whiteSpace" : false
    }, {
      "id" : "s0-t10",
      "begin" : 58,
      "end" : 65,
      "text" : "Charles",
      "whiteSpace" : false
    }, {
      "id" : "s0-t11",
      "begin" : 66,
      "end" : 75,
      "text" : "Brightman",
      "whiteSpace" : false
    }, {
      "id" : "s0-t12",
      "begin" : 75,
      "end" : 76,
      "text" : ",",
      "whiteSpace" : false
    }, {
      "id" : "s0-t13",
      "begin" : 77,
      "end" : 83,
      "text" : "CR-103",
      "whiteSpace" : false
    }, {
      "id" : "s0-t14",
      "begin" : 84,
      "end" : 85,
      "text" : "5",
      "whiteSpace" : false
    }, {
      "id" : "s0-t15",
      "begin" : 85,
      "end" : 86,
      "text" : ",",
      "whiteSpace" : false
    }, {
      "id" : "s0-t16",
      "begin" : 87,
      "end" : 92,
      "text" : "dated",
      "whiteSpace" : false
    }, {
      "id" : "s0-t17",
      "begin" : 93,
      "end" : 102,
      "text" : "September",
      "whiteSpace" : false
    }, {
      "id" : "s0-t18",
      "begin" : 103,
      "end" : 105,
      "text" : "26",
      "whiteSpace" : false
    }, {
      "id" : "s0-t19",
      "begin" : 105,
      "end" : 106,
      "text" : ",",
      "whiteSpace" : false
    }, {
      "id" : "s0-t20",
      "begin" : 107,
      "end" : 111,
      "text" : "2007",
      "whiteSpace" : false
    }, {
      "id" : "s0-t21",
      "begin" : 111,
      "end" : 112,
      "text" : ".",
      "whiteSpace" : false
    } ]
  }, {
    "id" : "s1",
    "begin" : 113,
    "end" : 291,
    "text" : "2709008] 1 Book WD192 Page 15 Being the same property conveyed to Tim K. Elrod and wife, Danna M. Elrod by Deed from Richard D. Hill of record in Book WD190, Page 2324, Register?",
    "tokens" : [ {
      "id" : "s1-t0",
      "begin" : 113,
      "end" : 120,
      "text" : "2709008",
      "whiteSpace" : false
    }, {
      "id" : "s1-t1",
      "begin" : 120,
      "end" : 121,
      "text" : "]",
      "whiteSpace" : false
    }, {
      "id" : "s1-t2",
      "begin" : 122,
      "end" : 123,
      "text" : "1",
      "whiteSpace" : false
    }, {
      "id" : "s1-t3",
      "begin" : 124,
      "end" : 128,
      "text" : "Book",
      "whiteSpace" : false
    }, {
      "id" : "s1-t4",
      "begin" : 129,
      "end" : 134,
      "text" : "WD192",
      "whiteSpace" : false
    }, {
      "id" : "s1-t5",
      "begin" : 135,
      "end" : 139,
      "text" : "Page",
      "whiteSpace" : false
    }, {
      "id" : "s1-t6",
      "begin" : 140,
      "end" : 142,
      "text" : "15",
      "whiteSpace" : false
    }, {
      "id" : "s1-t7",
      "begin" : 143,
      "end" : 148,
      "text" : "Being",
      "whiteSpace" : false
    }, {
      "id" : "s1-t8",
      "begin" : 149,
      "end" : 152,
      "text" : "the",
      "whiteSpace" : false
    }, {
      "id" : "s1-t9",
      "begin" : 153,
      "end" : 157,
      "text" : "same",
      "whiteSpace" : false
    }, {
      "id" : "s1-t10",
      "begin" : 158,
      "end" : 166,
      "text" : "property",
      "whiteSpace" : false
    }, {
      "id" : "s1-t11",
      "begin" : 167,
      "end" : 175,
      "text" : "conveyed",
      "whiteSpace" : false
    }, {
      "id" : "s1-t12",
      "begin" : 176,
      "end" : 178,
      "text" : "to",
      "whiteSpace" : false
    }, {
      "id" : "s1-t13",
      "begin" : 179,
      "end" : 182,
      "text" : "Tim",
      "whiteSpace" : false
    }, {
      "id" : "s1-t14",
      "begin" : 183,
      "end" : 185,
      "text" : "K.",
      "whiteSpace" : false
    }, {
      "id" : "s1-t15",
      "begin" : 186,
      "end" : 191,
      "text" : "Elrod",
      "whiteSpace" : false
    }, {
      "id" : "s1-t16",
      "begin" : 192,
      "end" : 195,
      "text" : "and",
      "whiteSpace" : false
    }, {
      "id" : "s1-t17",
      "begin" : 196,
      "end" : 200,
      "text" : "wife",
      "whiteSpace" : false
    }, {
      "id" : "s1-t18",
      "begin" : 200,
      "end" : 201,
      "text" : ",",
      "whiteSpace" : false
    }, {
      "id" : "s1-t19",
      "begin" : 202,
      "end" : 207,
      "text" : "Danna",
      "whiteSpace" : false
    }, {
      "id" : "s1-t20",
      "begin" : 208,
      "end" : 210,
      "text" : "M.",
      "whiteSpace" : false
    }, {
      "id" : "s1-t21",
      "begin" : 211,
      "end" : 216,
      "text" : "Elrod",
      "whiteSpace" : false
    }, {
      "id" : "s1-t22",
      "begin" : 217,
      "end" : 219,
      "text" : "by",
      "whiteSpace" : false
    }, {
      "id" : "s1-t23",
      "begin" : 220,
      "end" : 224,
      "text" : "Deed",
      "whiteSpace" : false
    }, {
      "id" : "s1-t24",
      "begin" : 225,
      "end" : 229,
      "text" : "from",
      "whiteSpace" : false
    }, {
      "id" : "s1-t25",
      "begin" : 230,
      "end" : 237,
      "text" : "Richard",
      "whiteSpace" : false
    }, {
      "id" : "s1-t26",
      "begin" : 238,
      "end" : 240,
      "text" : "D.",
      "whiteSpace" : false
    }, {
      "id" : "s1-t27",
      "begin" : 241,
      "end" : 245,
      "text" : "Hill",
      "whiteSpace" : false
    }, {
      "id" : "s1-t28",
      "begin" : 246,
      "end" : 248,
      "text" : "of",
      "whiteSpace" : false
    }, {
      "id" : "s1-t29",
      "begin" : 249,
      "end" : 255,
      "text" : "record",
      "whiteSpace" : false
    }, {
      "id" : "s1-t30",
      "begin" : 256,
      "end" : 258,
      "text" : "in",
      "whiteSpace" : false
    }, {
      "id" : "s1-t31",
      "begin" : 259,
      "end" : 263,
      "text" : "Book",
      "whiteSpace" : false
    }, {
      "id" : "s1-t32",
      "begin" : 264,
      "end" : 269,
      "text" : "WD190",
      "whiteSpace" : false
    }, {
      "id" : "s1-t33",
      "begin" : 269,
      "end" : 270,
      "text" : ",",
      "whiteSpace" : false
    }, {
      "id" : "s1-t34",
      "begin" : 271,
      "end" : 275,
      "text" : "Page",
      "whiteSpace" : false
    }, {
      "id" : "s1-t35",
      "begin" : 276,
      "end" : 280,
      "text" : "2324",
      "whiteSpace" : false
    }, {
      "id" : "s1-t36",
      "begin" : 280,
      "end" : 281,
      "text" : ",",
      "whiteSpace" : false
    }, {
      "id" : "s1-t37",
      "begin" : 282,
      "end" : 290,
      "text" : "Register",
      "whiteSpace" : false
    }, {
      "id" : "s1-t38",
      "begin" : 290,
      "end" : 291,
      "text" : "?",
      "whiteSpace" : false
    } ]
  }, {
    "id" : "s2",
    "begin" : 291,
    "end" : 298,
    "text" : "??s Of?",
    "tokens" : [ {
      "id" : "s2-t0",
      "begin" : 291,
      "end" : 294,
      "text" : "??s",
      "whiteSpace" : false
    }, {
      "id" : "s2-t1",
      "begin" : 295,
      "end" : 297,
      "text" : "Of",
      "whiteSpace" : false
    }, {
      "id" : "s2-t2",
      "begin" : 297,
      "end" : 298,
      "text" : "?",
      "whiteSpace" : false
    } ]
  }, {
    "id" : "s3",
    "begin" : 298,
    "end" : 335,
    "text" : "??ce for Humphreys County, Tennessee.",
    "tokens" : [ {
      "id" : "s3-t0",
      "begin" : 298,
      "end" : 302,
      "text" : "??ce",
      "whiteSpace" : false
    }, {
      "id" : "s3-t1",
      "begin" : 303,
      "end" : 306,
      "text" : "for",
      "whiteSpace" : false
    }, {
      "id" : "s3-t2",
      "begin" : 307,
      "end" : 316,
      "text" : "Humphreys",
      "whiteSpace" : false
    }, {
      "id" : "s3-t3",
      "begin" : 317,
      "end" : 323,
      "text" : "County",
      "whiteSpace" : false
    }, {
      "id" : "s3-t4",
      "begin" : 323,
      "end" : 324,
      "text" : ",",
      "whiteSpace" : false
    }, {
      "id" : "s3-t5",
      "begin" : 325,
      "end" : 334,
      "text" : "Tennessee",
      "whiteSpace" : false
    }, {
      "id" : "s3-t6",
      "begin" : 334,
      "end" : 335,
      "text" : ".",
      "whiteSpace" : false
    } ]
  }, {
    "id" : "s4",
    "begin" : 336,
    "end" : 509,
    "text" : "This conveyance is subject to all easements, restrictive covenants and conditions, and other matters of record, including all items set out on any applicable plat of record.",
    "tokens" : [ {
      "id" : "s4-t0",
      "begin" : 336,
      "end" : 340,
      "text" : "This",
      "whiteSpace" : false
    }, {
      "id" : "s4-t1",
      "begin" : 341,
      "end" : 351,
      "text" : "conveyance",
      "whiteSpace" : false
    }, {
      "id" : "s4-t2",
      "begin" : 352,
      "end" : 354,
      "text" : "is",
      "whiteSpace" : false
    }, {
      "id" : "s4-t3",
      "begin" : 355,
      "end" : 362,
      "text" : "subject",
      "whiteSpace" : false
    }, {
      "id" : "s4-t4",
      "begin" : 363,
      "end" : 365,
      "text" : "to",
      "whiteSpace" : false
    }, {
      "id" : "s4-t5",
      "begin" : 366,
      "end" : 369,
      "text" : "all",
      "whiteSpace" : false
    }, {
      "id" : "s4-t6",
      "begin" : 370,
      "end" : 379,
      "text" : "easements",
      "whiteSpace" : false
    }, {
      "id" : "s4-t7",
      "begin" : 379,
      "end" : 380,
      "text" : ",",
      "whiteSpace" : false
    }, {
      "id" : "s4-t8",
      "begin" : 381,
      "end" : 392,
      "text" : "restrictive",
      "whiteSpace" : false
    }, {
      "id" : "s4-t9",
      "begin" : 393,
      "end" : 402,
      "text" : "covenants",
      "whiteSpace" : false
    }, {
      "id" : "s4-t10",
      "begin" : 403,
      "end" : 406,
      "text" : "and",
      "whiteSpace" : false
    }, {
      "id" : "s4-t11",
      "begin" : 407,
      "end" : 417,
      "text" : "conditions",
      "whiteSpace" : false
    }, {
      "id" : "s4-t12",
      "begin" : 417,
      "end" : 418,
      "text" : ",",
      "whiteSpace" : false
    }, {
      "id" : "s4-t13",
      "begin" : 419,
      "end" : 422,
      "text" : "and",
      "whiteSpace" : false
    }, {
      "id" : "s4-t14",
      "begin" : 423,
      "end" : 428,
      "text" : "other",
      "whiteSpace" : false
    }, {
      "id" : "s4-t15",
      "begin" : 429,
      "end" : 436,
      "text" : "matters",
      "whiteSpace" : false
    }, {
      "id" : "s4-t16",
      "begin" : 437,
      "end" : 439,
      "text" : "of",
      "whiteSpace" : false
    }, {
      "id" : "s4-t17",
      "begin" : 440,
      "end" : 446,
      "text" : "record",
      "whiteSpace" : false
    }, {
      "id" : "s4-t18",
      "begin" : 446,
      "end" : 447,
      "text" : ",",
      "whiteSpace" : false
    }, {
      "id" : "s4-t19",
      "begin" : 448,
      "end" : 457,
      "text" : "including",
      "whiteSpace" : false
    }, {
      "id" : "s4-t20",
      "begin" : 458,
      "end" : 461,
      "text" : "all",
      "whiteSpace" : false
    }, {
      "id" : "s4-t21",
      "begin" : 462,
      "end" : 467,
      "text" : "items",
      "whiteSpace" : false
    }, {
      "id" : "s4-t22",
      "begin" : 468,
      "end" : 471,
      "text" : "set",
      "whiteSpace" : false
    }, {
      "id" : "s4-t23",
      "begin" : 472,
      "end" : 475,
      "text" : "out",
      "whiteSpace" : false
    }, {
      "id" : "s4-t24",
      "begin" : 476,
      "end" : 478,
      "text" : "on",
      "whiteSpace" : false
    }, {
      "id" : "s4-t25",
      "begin" : 479,
      "end" : 482,
      "text" : "any",
      "whiteSpace" : false
    }, {
      "id" : "s4-t26",
      "begin" : 483,
      "end" : 493,
      "text" : "applicable",
      "whiteSpace" : false
    }, {
      "id" : "s4-t27",
      "begin" : 494,
      "end" : 498,
      "text" : "plat",
      "whiteSpace" : false
    }, {
      "id" : "s4-t28",
      "begin" : 499,
      "end" : 501,
      "text" : "of",
      "whiteSpace" : false
    }, {
      "id" : "s4-t29",
      "begin" : 502,
      "end" : 508,
      "text" : "record",
      "whiteSpace" : false
    }, {
      "id" : "s4-t30",
      "begin" : 508,
      "end" : 509,
      "text" : ".",
      "whiteSpace" : false
    } ]
  }, {
    "id" : "s5",
    "begin" : 510,
    "end" : 585,
    "text" : "County and/or City taxes for the year 2008, a lien not yet due and payable.",
    "tokens" : [ {
      "id" : "s5-t0",
      "begin" : 510,
      "end" : 516,
      "text" : "County",
      "whiteSpace" : false
    }, {
      "id" : "s5-t1",
      "begin" : 517,
      "end" : 520,
      "text" : "and",
      "whiteSpace" : false
    }, {
      "id" : "s5-t2",
      "begin" : 520,
      "end" : 521,
      "text" : "/",
      "whiteSpace" : false
    }, {
      "id" : "s5-t3",
      "begin" : 521,
      "end" : 523,
      "text" : "or",
      "whiteSpace" : false
    }, {
      "id" : "s5-t4",
      "begin" : 524,
      "end" : 528,
      "text" : "City",
      "whiteSpace" : false
    }, {
      "id" : "s5-t5",
      "begin" : 529,
      "end" : 534,
      "text" : "taxes",
      "whiteSpace" : false
    }, {
      "id" : "s5-t6",
      "begin" : 535,
      "end" : 538,
      "text" : "for",
      "whiteSpace" : false
    }, {
      "id" : "s5-t7",
      "begin" : 539,
      "end" : 542,
      "text" : "the",
      "whiteSpace" : false
    }, {
      "id" : "s5-t8",
      "begin" : 543,
      "end" : 547,
      "text" : "year",
      "whiteSpace" : false
    }, {
      "id" : "s5-t9",
      "begin" : 548,
      "end" : 552,
      "text" : "2008",
      "whiteSpace" : false
    }, {
      "id" : "s5-t10",
      "begin" : 552,
      "end" : 553,
      "text" : ",",
      "whiteSpace" : false
    }, {
      "id" : "s5-t11",
      "begin" : 554,
      "end" : 555,
      "text" : "a",
      "whiteSpace" : false
    }, {
      "id" : "s5-t12",
      "begin" : 556,
      "end" : 560,
      "text" : "lien",
      "whiteSpace" : false
    }, {
      "id" : "s5-t13",
      "begin" : 561,
      "end" : 564,
      "text" : "not",
      "whiteSpace" : false
    }, {
      "id" : "s5-t14",
      "begin" : 565,
      "end" : 568,
      "text" : "yet",
      "whiteSpace" : false
    }, {
      "id" : "s5-t15",
      "begin" : 569,
      "end" : 572,
      "text" : "due",
      "whiteSpace" : false
    }, {
      "id" : "s5-t16",
      "begin" : 573,
      "end" : 576,
      "text" : "and",
      "whiteSpace" : false
    }, {
      "id" : "s5-t17",
      "begin" : 577,
      "end" : 584,
      "text" : "payable",
      "whiteSpace" : false
    }, {
      "id" : "s5-t18",
      "begin" : 584,
      "end" : 585,
      "text" : ".",
      "whiteSpace" : false
    } ]
  }, {
    "id" : "s6",
    "begin" : 586,
    "end" : 670,
    "text" : "Said taxes have been prorated between the parties as of the date of this instrument,",
    "tokens" : [ {
      "id" : "s6-t0",
      "begin" : 586,
      "end" : 590,
      "text" : "Said",
      "whiteSpace" : false
    }, {
      "id" : "s6-t1",
      "begin" : 591,
      "end" : 596,
      "text" : "taxes",
      "whiteSpace" : false
    }, {
      "id" : "s6-t2",
      "begin" : 597,
      "end" : 601,
      "text" : "have",
      "whiteSpace" : false
    }, {
      "id" : "s6-t3",
      "begin" : 602,
      "end" : 606,
      "text" : "been",
      "whiteSpace" : false
    }, {
      "id" : "s6-t4",
      "begin" : 607,
      "end" : 615,
      "text" : "prorated",
      "whiteSpace" : false
    }, {
      "id" : "s6-t5",
      "begin" : 616,
      "end" : 623,
      "text" : "between",
      "whiteSpace" : false
    }, {
      "id" : "s6-t6",
      "begin" : 624,
      "end" : 627,
      "text" : "the",
      "whiteSpace" : false
    }, {
      "id" : "s6-t7",
      "begin" : 628,
      "end" : 635,
      "text" : "parties",
      "whiteSpace" : false
    }, {
      "id" : "s6-t8",
      "begin" : 636,
      "end" : 638,
      "text" : "as",
      "whiteSpace" : false
    }, {
      "id" : "s6-t9",
      "begin" : 639,
      "end" : 641,
      "text" : "of",
      "whiteSpace" : false
    }, {
      "id" : "s6-t10",
      "begin" : 642,
      "end" : 645,
      "text" : "the",
      "whiteSpace" : false
    }, {
      "id" : "s6-t11",
      "begin" : 646,
      "end" : 650,
      "text" : "date",
      "whiteSpace" : false
    }, {
      "id" : "s6-t12",
      "begin" : 651,
      "end" : 653,
      "text" : "of",
      "whiteSpace" : false
    }, {
      "id" : "s6-t13",
      "begin" : 654,
      "end" : 658,
      "text" : "this",
      "whiteSpace" : false
    }, {
      "id" : "s6-t14",
      "begin" : 659,
      "end" : 669,
      "text" : "instrument",
      "whiteSpace" : false
    }, {
      "id" : "s6-t15",
      "begin" : 669,
      "end" : 670,
      "text" : ",",
      "whiteSpace" : false
    } ]
  } ],
  "mentions" : [ {
    "id" : "s1-m1",
    "properties" : {
      "SIRE_MENTION_ROLE" : "WarrDeedBookNum",
      "SIRE_ENTITY_SUBTYPE" : "NONE",
      "SIRE_MENTION_TYPE" : "NONE",
      "SIRE_MENTION_CLASS" : "SPC"
    },
    "type" : "WarrDeedBookNum",
    "begin" : 264,
    "end" : 269,
    "inCoref" : false
  }, {
    "id" : "s1-m2",
    "properties" : {
      "SIRE_MENTION_ROLE" : "WarrDeedPageNum",
      "SIRE_ENTITY_SUBTYPE" : "NONE",
      "SIRE_MENTION_TYPE" : "NONE",
      "SIRE_MENTION_CLASS" : "SPC"
    },
    "type" : "WarrDeedPageNum",
    "begin" : 276,
    "end" : 280,
    "inCoref" : false
  } ],
  "relations" : [ ],
  "corefs" : [ ],
  "typeResolved" : true,
  "userResolved" : false
}