{
  "id" : "c11a10c0-54dc-11e9-91aa-93fcd1ae955b-13",
  "name" : "WD192-4.txt",
  "createdDate" : 1554164272076,
  "version" : 3,
  "text" : " being in the Second (2) (Old Sixth) Civil District, of said County of Humphreys, Tennessee, about one mile south of the Town of Waverly to Hurricane Mills, and bounded as follows: BEGINNING at a small black oak bush at the southwest corner of a four acre tract belonging to George Wills, that he purchased from his mother, Mrs. George Wills, running thence West ???ve (5) poles to the highway leading from highway, forty-three and one-half poles (43 1/2) to an iron pipe stuck in the ground, thence East 5 poles to a small hickory, thence 25 degrees West forty-three and one-half(43 V2) poles to the beginning. Containing by estimation one acre and fifty-seven (57) square rods., BEING the same property conveyed to Bowman Wright et ux Gladys Wright by deed of record in Warranty Deed Book 120, page 1143,, GRANTOR HEREIN RESERVES A LIFE ESTATE IN AND TO ALL THE ABOVE DESCRIBED PROPERTY., MW MW GLADYSUWRIGHT]",
  "docLength" : 0,
  "language" : "EN",
  "status" : "SUBMITTED",
  "modifiedDate" : 1554166618106,
  "documentSet" : [ ],
  "preannotation" : [ ],
  "sentences" : [ {
    "id" : "s0",
    "begin" : 1,
    "end" : 364,
    "text" : "being in the Second (2) (Old Sixth) Civil District, of said County of Humphreys, Tennessee, about one mile south of the Town of Waverly to Hurricane Mills, and bounded as follows: BEGINNING at a small black oak bush at the southwest corner of a four acre tract belonging to George Wills, that he purchased from his mother, Mrs. George Wills, running thence West ?",
    "tokens" : [ {
      "id" : "s0-t0",
      "begin" : 1,
      "end" : 6,
      "text" : "being",
      "whiteSpace" : false
    }, {
      "id" : "s0-t1",
      "begin" : 7,
      "end" : 9,
      "text" : "in",
      "whiteSpace" : false
    }, {
      "id" : "s0-t2",
      "begin" : 10,
      "end" : 13,
      "text" : "the",
      "whiteSpace" : false
    }, {
      "id" : "s0-t3",
      "begin" : 14,
      "end" : 20,
      "text" : "Second",
      "whiteSpace" : false
    }, {
      "id" : "s0-t4",
      "begin" : 21,
      "end" : 22,
      "text" : "(",
      "whiteSpace" : false
    }, {
      "id" : "s0-t5",
      "begin" : 22,
      "end" : 23,
      "text" : "2",
      "whiteSpace" : false
    }, {
      "id" : "s0-t6",
      "begin" : 23,
      "end" : 24,
      "text" : ")",
      "whiteSpace" : false
    }, {
      "id" : "s0-t7",
      "begin" : 25,
      "end" : 26,
      "text" : "(",
      "whiteSpace" : false
    }, {
      "id" : "s0-t8",
      "begin" : 26,
      "end" : 29,
      "text" : "Old",
      "whiteSpace" : false
    }, {
      "id" : "s0-t9",
      "begin" : 30,
      "end" : 35,
      "text" : "Sixth",
      "whiteSpace" : false
    }, {
      "id" : "s0-t10",
      "begin" : 35,
      "end" : 36,
      "text" : ")",
      "whiteSpace" : false
    }, {
      "id" : "s0-t11",
      "begin" : 37,
      "end" : 42,
      "text" : "Civil",
      "whiteSpace" : false
    }, {
      "id" : "s0-t12",
      "begin" : 43,
      "end" : 51,
      "text" : "District",
      "whiteSpace" : false
    }, {
      "id" : "s0-t13",
      "begin" : 51,
      "end" : 52,
      "text" : ",",
      "whiteSpace" : false
    }, {
      "id" : "s0-t14",
      "begin" : 53,
      "end" : 55,
      "text" : "of",
      "whiteSpace" : false
    }, {
      "id" : "s0-t15",
      "begin" : 56,
      "end" : 60,
      "text" : "said",
      "whiteSpace" : false
    }, {
      "id" : "s0-t16",
      "begin" : 61,
      "end" : 67,
      "text" : "County",
      "whiteSpace" : false
    }, {
      "id" : "s0-t17",
      "begin" : 68,
      "end" : 70,
      "text" : "of",
      "whiteSpace" : false
    }, {
      "id" : "s0-t18",
      "begin" : 71,
      "end" : 80,
      "text" : "Humphreys",
      "whiteSpace" : false
    }, {
      "id" : "s0-t19",
      "begin" : 80,
      "end" : 81,
      "text" : ",",
      "whiteSpace" : false
    }, {
      "id" : "s0-t20",
      "begin" : 82,
      "end" : 91,
      "text" : "Tennessee",
      "whiteSpace" : false
    }, {
      "id" : "s0-t21",
      "begin" : 91,
      "end" : 92,
      "text" : ",",
      "whiteSpace" : false
    }, {
      "id" : "s0-t22",
      "begin" : 93,
      "end" : 98,
      "text" : "about",
      "whiteSpace" : false
    }, {
      "id" : "s0-t23",
      "begin" : 99,
      "end" : 102,
      "text" : "one",
      "whiteSpace" : false
    }, {
      "id" : "s0-t24",
      "begin" : 103,
      "end" : 107,
      "text" : "mile",
      "whiteSpace" : false
    }, {
      "id" : "s0-t25",
      "begin" : 108,
      "end" : 113,
      "text" : "south",
      "whiteSpace" : false
    }, {
      "id" : "s0-t26",
      "begin" : 114,
      "end" : 116,
      "text" : "of",
      "whiteSpace" : false
    }, {
      "id" : "s0-t27",
      "begin" : 117,
      "end" : 120,
      "text" : "the",
      "whiteSpace" : false
    }, {
      "id" : "s0-t28",
      "begin" : 121,
      "end" : 125,
      "text" : "Town",
      "whiteSpace" : false
    }, {
      "id" : "s0-t29",
      "begin" : 126,
      "end" : 128,
      "text" : "of",
      "whiteSpace" : false
    }, {
      "id" : "s0-t30",
      "begin" : 129,
      "end" : 136,
      "text" : "Waverly",
      "whiteSpace" : false
    }, {
      "id" : "s0-t31",
      "begin" : 137,
      "end" : 139,
      "text" : "to",
      "whiteSpace" : false
    }, {
      "id" : "s0-t32",
      "begin" : 140,
      "end" : 149,
      "text" : "Hurricane",
      "whiteSpace" : false
    }, {
      "id" : "s0-t33",
      "begin" : 150,
      "end" : 155,
      "text" : "Mills",
      "whiteSpace" : false
    }, {
      "id" : "s0-t34",
      "begin" : 155,
      "end" : 156,
      "text" : ",",
      "whiteSpace" : false
    }, {
      "id" : "s0-t35",
      "begin" : 157,
      "end" : 160,
      "text" : "and",
      "whiteSpace" : false
    }, {
      "id" : "s0-t36",
      "begin" : 161,
      "end" : 168,
      "text" : "bounded",
      "whiteSpace" : false
    }, {
      "id" : "s0-t37",
      "begin" : 169,
      "end" : 171,
      "text" : "as",
      "whiteSpace" : false
    }, {
      "id" : "s0-t38",
      "begin" : 172,
      "end" : 179,
      "text" : "follows",
      "whiteSpace" : false
    }, {
      "id" : "s0-t39",
      "begin" : 179,
      "end" : 180,
      "text" : ":",
      "whiteSpace" : false
    }, {
      "id" : "s0-t40",
      "begin" : 181,
      "end" : 190,
      "text" : "BEGINNING",
      "whiteSpace" : false
    }, {
      "id" : "s0-t41",
      "begin" : 191,
      "end" : 193,
      "text" : "at",
      "whiteSpace" : false
    }, {
      "id" : "s0-t42",
      "begin" : 194,
      "end" : 195,
      "text" : "a",
      "whiteSpace" : false
    }, {
      "id" : "s0-t43",
      "begin" : 196,
      "end" : 201,
      "text" : "small",
      "whiteSpace" : false
    }, {
      "id" : "s0-t44",
      "begin" : 202,
      "end" : 207,
      "text" : "black",
      "whiteSpace" : false
    }, {
      "id" : "s0-t45",
      "begin" : 208,
      "end" : 211,
      "text" : "oak",
      "whiteSpace" : false
    }, {
      "id" : "s0-t46",
      "begin" : 212,
      "end" : 216,
      "text" : "bush",
      "whiteSpace" : false
    }, {
      "id" : "s0-t47",
      "begin" : 217,
      "end" : 219,
      "text" : "at",
      "whiteSpace" : false
    }, {
      "id" : "s0-t48",
      "begin" : 220,
      "end" : 223,
      "text" : "the",
      "whiteSpace" : false
    }, {
      "id" : "s0-t49",
      "begin" : 224,
      "end" : 233,
      "text" : "southwest",
      "whiteSpace" : false
    }, {
      "id" : "s0-t50",
      "begin" : 234,
      "end" : 240,
      "text" : "corner",
      "whiteSpace" : false
    }, {
      "id" : "s0-t51",
      "begin" : 241,
      "end" : 243,
      "text" : "of",
      "whiteSpace" : false
    }, {
      "id" : "s0-t52",
      "begin" : 244,
      "end" : 245,
      "text" : "a",
      "whiteSpace" : false
    }, {
      "id" : "s0-t53",
      "begin" : 246,
      "end" : 250,
      "text" : "four",
      "whiteSpace" : false
    }, {
      "id" : "s0-t54",
      "begin" : 251,
      "end" : 255,
      "text" : "acre",
      "whiteSpace" : false
    }, {
      "id" : "s0-t55",
      "begin" : 256,
      "end" : 261,
      "text" : "tract",
      "whiteSpace" : false
    }, {
      "id" : "s0-t56",
      "begin" : 262,
      "end" : 271,
      "text" : "belonging",
      "whiteSpace" : false
    }, {
      "id" : "s0-t57",
      "begin" : 272,
      "end" : 274,
      "text" : "to",
      "whiteSpace" : false
    }, {
      "id" : "s0-t58",
      "begin" : 275,
      "end" : 281,
      "text" : "George",
      "whiteSpace" : false
    }, {
      "id" : "s0-t59",
      "begin" : 282,
      "end" : 287,
      "text" : "Wills",
      "whiteSpace" : false
    }, {
      "id" : "s0-t60",
      "begin" : 287,
      "end" : 288,
      "text" : ",",
      "whiteSpace" : false
    }, {
      "id" : "s0-t61",
      "begin" : 289,
      "end" : 293,
      "text" : "that",
      "whiteSpace" : false
    }, {
      "id" : "s0-t62",
      "begin" : 294,
      "end" : 296,
      "text" : "he",
      "whiteSpace" : false
    }, {
      "id" : "s0-t63",
      "begin" : 297,
      "end" : 306,
      "text" : "purchased",
      "whiteSpace" : false
    }, {
      "id" : "s0-t64",
      "begin" : 307,
      "end" : 311,
      "text" : "from",
      "whiteSpace" : false
    }, {
      "id" : "s0-t65",
      "begin" : 312,
      "end" : 315,
      "text" : "his",
      "whiteSpace" : false
    }, {
      "id" : "s0-t66",
      "begin" : 316,
      "end" : 322,
      "text" : "mother",
      "whiteSpace" : false
    }, {
      "id" : "s0-t67",
      "begin" : 322,
      "end" : 323,
      "text" : ",",
      "whiteSpace" : false
    }, {
      "id" : "s0-t68",
      "begin" : 324,
      "end" : 328,
      "text" : "Mrs.",
      "whiteSpace" : false
    }, {
      "id" : "s0-t69",
      "begin" : 329,
      "end" : 335,
      "text" : "George",
      "whiteSpace" : false
    }, {
      "id" : "s0-t70",
      "begin" : 336,
      "end" : 341,
      "text" : "Wills",
      "whiteSpace" : false
    }, {
      "id" : "s0-t71",
      "begin" : 341,
      "end" : 342,
      "text" : ",",
      "whiteSpace" : false
    }, {
      "id" : "s0-t72",
      "begin" : 343,
      "end" : 350,
      "text" : "running",
      "whiteSpace" : false
    }, {
      "id" : "s0-t73",
      "begin" : 351,
      "end" : 357,
      "text" : "thence",
      "whiteSpace" : false
    }, {
      "id" : "s0-t74",
      "begin" : 358,
      "end" : 362,
      "text" : "West",
      "whiteSpace" : false
    }, {
      "id" : "s0-t75",
      "begin" : 363,
      "end" : 364,
      "text" : "?",
      "whiteSpace" : false
    } ]
  }, {
    "id" : "s1",
    "begin" : 364,
    "end" : 611,
    "text" : "??ve (5) poles to the highway leading from highway, forty-three and one-half poles (43 1/2) to an iron pipe stuck in the ground, thence East 5 poles to a small hickory, thence 25 degrees West forty-three and one-half(43 V2) poles to the beginning.",
    "tokens" : [ {
      "id" : "s1-t0",
      "begin" : 364,
      "end" : 368,
      "text" : "??ve",
      "whiteSpace" : false
    }, {
      "id" : "s1-t1",
      "begin" : 369,
      "end" : 370,
      "text" : "(",
      "whiteSpace" : false
    }, {
      "id" : "s1-t2",
      "begin" : 370,
      "end" : 371,
      "text" : "5",
      "whiteSpace" : false
    }, {
      "id" : "s1-t3",
      "begin" : 371,
      "end" : 372,
      "text" : ")",
      "whiteSpace" : false
    }, {
      "id" : "s1-t4",
      "begin" : 373,
      "end" : 378,
      "text" : "poles",
      "whiteSpace" : false
    }, {
      "id" : "s1-t5",
      "begin" : 379,
      "end" : 381,
      "text" : "to",
      "whiteSpace" : false
    }, {
      "id" : "s1-t6",
      "begin" : 382,
      "end" : 385,
      "text" : "the",
      "whiteSpace" : false
    }, {
      "id" : "s1-t7",
      "begin" : 386,
      "end" : 393,
      "text" : "highway",
      "whiteSpace" : false
    }, {
      "id" : "s1-t8",
      "begin" : 394,
      "end" : 401,
      "text" : "leading",
      "whiteSpace" : false
    }, {
      "id" : "s1-t9",
      "begin" : 402,
      "end" : 406,
      "text" : "from",
      "whiteSpace" : false
    }, {
      "id" : "s1-t10",
      "begin" : 407,
      "end" : 414,
      "text" : "highway",
      "whiteSpace" : false
    }, {
      "id" : "s1-t11",
      "begin" : 414,
      "end" : 415,
      "text" : ",",
      "whiteSpace" : false
    }, {
      "id" : "s1-t12",
      "begin" : 416,
      "end" : 427,
      "text" : "forty-three",
      "whiteSpace" : false
    }, {
      "id" : "s1-t13",
      "begin" : 428,
      "end" : 431,
      "text" : "and",
      "whiteSpace" : false
    }, {
      "id" : "s1-t14",
      "begin" : 432,
      "end" : 440,
      "text" : "one-half",
      "whiteSpace" : false
    }, {
      "id" : "s1-t15",
      "begin" : 441,
      "end" : 446,
      "text" : "poles",
      "whiteSpace" : false
    }, {
      "id" : "s1-t16",
      "begin" : 447,
      "end" : 448,
      "text" : "(",
      "whiteSpace" : false
    }, {
      "id" : "s1-t17",
      "begin" : 448,
      "end" : 450,
      "text" : "43",
      "whiteSpace" : false
    }, {
      "id" : "s1-t18",
      "begin" : 451,
      "end" : 453,
      "text" : "1/",
      "whiteSpace" : false
    }, {
      "id" : "s1-t19",
      "begin" : 453,
      "end" : 454,
      "text" : "2",
      "whiteSpace" : false
    }, {
      "id" : "s1-t20",
      "begin" : 454,
      "end" : 455,
      "text" : ")",
      "whiteSpace" : false
    }, {
      "id" : "s1-t21",
      "begin" : 456,
      "end" : 458,
      "text" : "to",
      "whiteSpace" : false
    }, {
      "id" : "s1-t22",
      "begin" : 459,
      "end" : 461,
      "text" : "an",
      "whiteSpace" : false
    }, {
      "id" : "s1-t23",
      "begin" : 462,
      "end" : 466,
      "text" : "iron",
      "whiteSpace" : false
    }, {
      "id" : "s1-t24",
      "begin" : 467,
      "end" : 471,
      "text" : "pipe",
      "whiteSpace" : false
    }, {
      "id" : "s1-t25",
      "begin" : 472,
      "end" : 477,
      "text" : "stuck",
      "whiteSpace" : false
    }, {
      "id" : "s1-t26",
      "begin" : 478,
      "end" : 480,
      "text" : "in",
      "whiteSpace" : false
    }, {
      "id" : "s1-t27",
      "begin" : 481,
      "end" : 484,
      "text" : "the",
      "whiteSpace" : false
    }, {
      "id" : "s1-t28",
      "begin" : 485,
      "end" : 491,
      "text" : "ground",
      "whiteSpace" : false
    }, {
      "id" : "s1-t29",
      "begin" : 491,
      "end" : 492,
      "text" : ",",
      "whiteSpace" : false
    }, {
      "id" : "s1-t30",
      "begin" : 493,
      "end" : 499,
      "text" : "thence",
      "whiteSpace" : false
    }, {
      "id" : "s1-t31",
      "begin" : 500,
      "end" : 504,
      "text" : "East",
      "whiteSpace" : false
    }, {
      "id" : "s1-t32",
      "begin" : 505,
      "end" : 506,
      "text" : "5",
      "whiteSpace" : false
    }, {
      "id" : "s1-t33",
      "begin" : 507,
      "end" : 512,
      "text" : "poles",
      "whiteSpace" : false
    }, {
      "id" : "s1-t34",
      "begin" : 513,
      "end" : 515,
      "text" : "to",
      "whiteSpace" : false
    }, {
      "id" : "s1-t35",
      "begin" : 516,
      "end" : 517,
      "text" : "a",
      "whiteSpace" : false
    }, {
      "id" : "s1-t36",
      "begin" : 518,
      "end" : 523,
      "text" : "small",
      "whiteSpace" : false
    }, {
      "id" : "s1-t37",
      "begin" : 524,
      "end" : 531,
      "text" : "hickory",
      "whiteSpace" : false
    }, {
      "id" : "s1-t38",
      "begin" : 531,
      "end" : 532,
      "text" : ",",
      "whiteSpace" : false
    }, {
      "id" : "s1-t39",
      "begin" : 533,
      "end" : 539,
      "text" : "thence",
      "whiteSpace" : false
    }, {
      "id" : "s1-t40",
      "begin" : 540,
      "end" : 542,
      "text" : "25",
      "whiteSpace" : false
    }, {
      "id" : "s1-t41",
      "begin" : 543,
      "end" : 550,
      "text" : "degrees",
      "whiteSpace" : false
    }, {
      "id" : "s1-t42",
      "begin" : 551,
      "end" : 555,
      "text" : "West",
      "whiteSpace" : false
    }, {
      "id" : "s1-t43",
      "begin" : 556,
      "end" : 567,
      "text" : "forty-three",
      "whiteSpace" : false
    }, {
      "id" : "s1-t44",
      "begin" : 568,
      "end" : 571,
      "text" : "and",
      "whiteSpace" : false
    }, {
      "id" : "s1-t45",
      "begin" : 572,
      "end" : 575,
      "text" : "one",
      "whiteSpace" : false
    }, {
      "id" : "s1-t46",
      "begin" : 575,
      "end" : 576,
      "text" : "-",
      "whiteSpace" : false
    }, {
      "id" : "s1-t47",
      "begin" : 576,
      "end" : 580,
      "text" : "half",
      "whiteSpace" : false
    }, {
      "id" : "s1-t48",
      "begin" : 580,
      "end" : 581,
      "text" : "(",
      "whiteSpace" : false
    }, {
      "id" : "s1-t49",
      "begin" : 581,
      "end" : 583,
      "text" : "43",
      "whiteSpace" : false
    }, {
      "id" : "s1-t50",
      "begin" : 584,
      "end" : 586,
      "text" : "V2",
      "whiteSpace" : false
    }, {
      "id" : "s1-t51",
      "begin" : 586,
      "end" : 587,
      "text" : ")",
      "whiteSpace" : false
    }, {
      "id" : "s1-t52",
      "begin" : 588,
      "end" : 593,
      "text" : "poles",
      "whiteSpace" : false
    }, {
      "id" : "s1-t53",
      "begin" : 594,
      "end" : 596,
      "text" : "to",
      "whiteSpace" : false
    }, {
      "id" : "s1-t54",
      "begin" : 597,
      "end" : 600,
      "text" : "the",
      "whiteSpace" : false
    }, {
      "id" : "s1-t55",
      "begin" : 601,
      "end" : 610,
      "text" : "beginning",
      "whiteSpace" : false
    }, {
      "id" : "s1-t56",
      "begin" : 610,
      "end" : 611,
      "text" : ".",
      "whiteSpace" : false
    } ]
  }, {
    "id" : "s2",
    "begin" : 612,
    "end" : 911,
    "text" : "Containing by estimation one acre and fifty-seven (57) square rods., BEING the same property conveyed to Bowman Wright et ux Gladys Wright by deed of record in Warranty Deed Book 120, page 1143,, GRANTOR HEREIN RESERVES A LIFE ESTATE IN AND TO ALL THE ABOVE DESCRIBED PROPERTY., MW MW GLADYSUWRIGHT]",
    "tokens" : [ {
      "id" : "s2-t0",
      "begin" : 612,
      "end" : 622,
      "text" : "Containing",
      "whiteSpace" : false
    }, {
      "id" : "s2-t1",
      "begin" : 623,
      "end" : 625,
      "text" : "by",
      "whiteSpace" : false
    }, {
      "id" : "s2-t2",
      "begin" : 626,
      "end" : 636,
      "text" : "estimation",
      "whiteSpace" : false
    }, {
      "id" : "s2-t3",
      "begin" : 637,
      "end" : 640,
      "text" : "one",
      "whiteSpace" : false
    }, {
      "id" : "s2-t4",
      "begin" : 641,
      "end" : 645,
      "text" : "acre",
      "whiteSpace" : false
    }, {
      "id" : "s2-t5",
      "begin" : 646,
      "end" : 649,
      "text" : "and",
      "whiteSpace" : false
    }, {
      "id" : "s2-t6",
      "begin" : 650,
      "end" : 661,
      "text" : "fifty-seven",
      "whiteSpace" : false
    }, {
      "id" : "s2-t7",
      "begin" : 662,
      "end" : 663,
      "text" : "(",
      "whiteSpace" : false
    }, {
      "id" : "s2-t8",
      "begin" : 663,
      "end" : 665,
      "text" : "57",
      "whiteSpace" : false
    }, {
      "id" : "s2-t9",
      "begin" : 665,
      "end" : 666,
      "text" : ")",
      "whiteSpace" : false
    }, {
      "id" : "s2-t10",
      "begin" : 667,
      "end" : 673,
      "text" : "square",
      "whiteSpace" : false
    }, {
      "id" : "s2-t11",
      "begin" : 674,
      "end" : 679,
      "text" : "rods.",
      "whiteSpace" : false
    }, {
      "id" : "s2-t12",
      "begin" : 679,
      "end" : 680,
      "text" : ",",
      "whiteSpace" : false
    }, {
      "id" : "s2-t13",
      "begin" : 681,
      "end" : 686,
      "text" : "BEING",
      "whiteSpace" : false
    }, {
      "id" : "s2-t14",
      "begin" : 687,
      "end" : 690,
      "text" : "the",
      "whiteSpace" : false
    }, {
      "id" : "s2-t15",
      "begin" : 691,
      "end" : 695,
      "text" : "same",
      "whiteSpace" : false
    }, {
      "id" : "s2-t16",
      "begin" : 696,
      "end" : 704,
      "text" : "property",
      "whiteSpace" : false
    }, {
      "id" : "s2-t17",
      "begin" : 705,
      "end" : 713,
      "text" : "conveyed",
      "whiteSpace" : false
    }, {
      "id" : "s2-t18",
      "begin" : 714,
      "end" : 716,
      "text" : "to",
      "whiteSpace" : false
    }, {
      "id" : "s2-t19",
      "begin" : 717,
      "end" : 723,
      "text" : "Bowman",
      "whiteSpace" : false
    }, {
      "id" : "s2-t20",
      "begin" : 724,
      "end" : 730,
      "text" : "Wright",
      "whiteSpace" : false
    }, {
      "id" : "s2-t21",
      "begin" : 731,
      "end" : 733,
      "text" : "et",
      "whiteSpace" : false
    }, {
      "id" : "s2-t22",
      "begin" : 734,
      "end" : 736,
      "text" : "ux",
      "whiteSpace" : false
    }, {
      "id" : "s2-t23",
      "begin" : 737,
      "end" : 743,
      "text" : "Gladys",
      "whiteSpace" : false
    }, {
      "id" : "s2-t24",
      "begin" : 744,
      "end" : 750,
      "text" : "Wright",
      "whiteSpace" : false
    }, {
      "id" : "s2-t25",
      "begin" : 751,
      "end" : 753,
      "text" : "by",
      "whiteSpace" : false
    }, {
      "id" : "s2-t26",
      "begin" : 754,
      "end" : 758,
      "text" : "deed",
      "whiteSpace" : false
    }, {
      "id" : "s2-t27",
      "begin" : 759,
      "end" : 761,
      "text" : "of",
      "whiteSpace" : false
    }, {
      "id" : "s2-t28",
      "begin" : 762,
      "end" : 768,
      "text" : "record",
      "whiteSpace" : false
    }, {
      "id" : "s2-t29",
      "begin" : 769,
      "end" : 771,
      "text" : "in",
      "whiteSpace" : false
    }, {
      "id" : "s2-t30",
      "begin" : 772,
      "end" : 780,
      "text" : "Warranty",
      "whiteSpace" : false
    }, {
      "id" : "s2-t31",
      "begin" : 781,
      "end" : 785,
      "text" : "Deed",
      "whiteSpace" : false
    }, {
      "id" : "s2-t32",
      "begin" : 786,
      "end" : 790,
      "text" : "Book",
      "whiteSpace" : false
    }, {
      "id" : "s2-t33",
      "begin" : 791,
      "end" : 794,
      "text" : "120",
      "whiteSpace" : false
    }, {
      "id" : "s2-t34",
      "begin" : 794,
      "end" : 795,
      "text" : ",",
      "whiteSpace" : false
    }, {
      "id" : "s2-t35",
      "begin" : 796,
      "end" : 800,
      "text" : "page",
      "whiteSpace" : false
    }, {
      "id" : "s2-t36",
      "begin" : 801,
      "end" : 805,
      "text" : "1143",
      "whiteSpace" : false
    }, {
      "id" : "s2-t37",
      "begin" : 805,
      "end" : 806,
      "text" : ",",
      "whiteSpace" : false
    }, {
      "id" : "s2-t38",
      "begin" : 806,
      "end" : 807,
      "text" : ",",
      "whiteSpace" : false
    }, {
      "id" : "s2-t39",
      "begin" : 808,
      "end" : 815,
      "text" : "GRANTOR",
      "whiteSpace" : false
    }, {
      "id" : "s2-t40",
      "begin" : 816,
      "end" : 822,
      "text" : "HEREIN",
      "whiteSpace" : false
    }, {
      "id" : "s2-t41",
      "begin" : 823,
      "end" : 831,
      "text" : "RESERVES",
      "whiteSpace" : false
    }, {
      "id" : "s2-t42",
      "begin" : 832,
      "end" : 833,
      "text" : "A",
      "whiteSpace" : false
    }, {
      "id" : "s2-t43",
      "begin" : 834,
      "end" : 838,
      "text" : "LIFE",
      "whiteSpace" : false
    }, {
      "id" : "s2-t44",
      "begin" : 839,
      "end" : 845,
      "text" : "ESTATE",
      "whiteSpace" : false
    }, {
      "id" : "s2-t45",
      "begin" : 846,
      "end" : 848,
      "text" : "IN",
      "whiteSpace" : false
    }, {
      "id" : "s2-t46",
      "begin" : 849,
      "end" : 852,
      "text" : "AND",
      "whiteSpace" : false
    }, {
      "id" : "s2-t47",
      "begin" : 853,
      "end" : 855,
      "text" : "TO",
      "whiteSpace" : false
    }, {
      "id" : "s2-t48",
      "begin" : 856,
      "end" : 859,
      "text" : "ALL",
      "whiteSpace" : false
    }, {
      "id" : "s2-t49",
      "begin" : 860,
      "end" : 863,
      "text" : "THE",
      "whiteSpace" : false
    }, {
      "id" : "s2-t50",
      "begin" : 864,
      "end" : 869,
      "text" : "ABOVE",
      "whiteSpace" : false
    }, {
      "id" : "s2-t51",
      "begin" : 870,
      "end" : 879,
      "text" : "DESCRIBED",
      "whiteSpace" : false
    }, {
      "id" : "s2-t52",
      "begin" : 880,
      "end" : 889,
      "text" : "PROPERTY.",
      "whiteSpace" : false
    }, {
      "id" : "s2-t53",
      "begin" : 889,
      "end" : 890,
      "text" : ",",
      "whiteSpace" : false
    }, {
      "id" : "s2-t54",
      "begin" : 891,
      "end" : 893,
      "text" : "MW",
      "whiteSpace" : false
    }, {
      "id" : "s2-t55",
      "begin" : 894,
      "end" : 896,
      "text" : "MW",
      "whiteSpace" : false
    }, {
      "id" : "s2-t56",
      "begin" : 897,
      "end" : 910,
      "text" : "GLADYSUWRIGHT",
      "whiteSpace" : false
    }, {
      "id" : "s2-t57",
      "begin" : 910,
      "end" : 911,
      "text" : "]",
      "whiteSpace" : false
    } ]
  } ],
  "mentions" : [ {
    "id" : "s2-m1",
    "properties" : {
      "SIRE_MENTION_ROLE" : "WarrDeedBookNum",
      "SIRE_ENTITY_SUBTYPE" : "NONE",
      "SIRE_MENTION_TYPE" : "NONE",
      "SIRE_MENTION_CLASS" : "SPC"
    },
    "type" : "WarrDeedBookNum",
    "begin" : 791,
    "end" : 794,
    "inCoref" : false
  }, {
    "id" : "s2-m2",
    "properties" : {
      "SIRE_MENTION_ROLE" : "WarrDeedPageNum",
      "SIRE_ENTITY_SUBTYPE" : "NONE",
      "SIRE_MENTION_TYPE" : "NONE",
      "SIRE_MENTION_CLASS" : "SPC"
    },
    "type" : "WarrDeedPageNum",
    "begin" : 801,
    "end" : 805,
    "inCoref" : false
  } ],
  "relations" : [ ],
  "corefs" : [ ],
  "typeResolved" : true,
  "userResolved" : false
}