{
  "id" : "c11a10c0-54dc-11e9-91aa-93fcd1ae955b-7",
  "name" : "WD187-17.txt",
  "createdDate" : 1554164272076,
  "version" : 3,
  "text" : "[This being a certain lot or parcel of land lying and being situated in the Third Civil District of Humphreys County, Tennessee, located in the City of McEwen, Tennessee and being Lot SD of the Ridings Subdivision, a plat of which is of record in Plat Cabinet A, Slide, Humphreys County, Tennessee, to which reference is hereby made for a more complete description., Being a portion of the property conveyed to William Mark Proctor by deed of record in Deed Book 1 85, page 155 8, Register???s Of???ce of Humphreys County, Tennessee., This conveyance is made subject to restrictive covenants as contained in the deed of record in Deed Book 115, page 906, Register???s Of???ce of Humphreys County, Tennessee., ) )",
  "docLength" : 0,
  "language" : "EN",
  "status" : "SUBMITTED",
  "modifiedDate" : 1554166721761,
  "documentSet" : [ ],
  "preannotation" : [ ],
  "sentences" : [ {
    "id" : "s0",
    "begin" : 0,
    "end" : 490,
    "text" : "[This being a certain lot or parcel of land lying and being situated in the Third Civil District of Humphreys County, Tennessee, located in the City of McEwen, Tennessee and being Lot SD of the Ridings Subdivision, a plat of which is of record in Plat Cabinet A, Slide, Humphreys County, Tennessee, to which reference is hereby made for a more complete description., Being a portion of the property conveyed to William Mark Proctor by deed of record in Deed Book 1 85, page 155 8, Register?",
    "tokens" : [ {
      "id" : "s0-t0",
      "begin" : 0,
      "end" : 1,
      "text" : "[",
      "whiteSpace" : false
    }, {
      "id" : "s0-t1",
      "begin" : 1,
      "end" : 5,
      "text" : "This",
      "whiteSpace" : false
    }, {
      "id" : "s0-t2",
      "begin" : 6,
      "end" : 11,
      "text" : "being",
      "whiteSpace" : false
    }, {
      "id" : "s0-t3",
      "begin" : 12,
      "end" : 13,
      "text" : "a",
      "whiteSpace" : false
    }, {
      "id" : "s0-t4",
      "begin" : 14,
      "end" : 21,
      "text" : "certain",
      "whiteSpace" : false
    }, {
      "id" : "s0-t5",
      "begin" : 22,
      "end" : 25,
      "text" : "lot",
      "whiteSpace" : false
    }, {
      "id" : "s0-t6",
      "begin" : 26,
      "end" : 28,
      "text" : "or",
      "whiteSpace" : false
    }, {
      "id" : "s0-t7",
      "begin" : 29,
      "end" : 35,
      "text" : "parcel",
      "whiteSpace" : false
    }, {
      "id" : "s0-t8",
      "begin" : 36,
      "end" : 38,
      "text" : "of",
      "whiteSpace" : false
    }, {
      "id" : "s0-t9",
      "begin" : 39,
      "end" : 43,
      "text" : "land",
      "whiteSpace" : false
    }, {
      "id" : "s0-t10",
      "begin" : 44,
      "end" : 49,
      "text" : "lying",
      "whiteSpace" : false
    }, {
      "id" : "s0-t11",
      "begin" : 50,
      "end" : 53,
      "text" : "and",
      "whiteSpace" : false
    }, {
      "id" : "s0-t12",
      "begin" : 54,
      "end" : 59,
      "text" : "being",
      "whiteSpace" : false
    }, {
      "id" : "s0-t13",
      "begin" : 60,
      "end" : 68,
      "text" : "situated",
      "whiteSpace" : false
    }, {
      "id" : "s0-t14",
      "begin" : 69,
      "end" : 71,
      "text" : "in",
      "whiteSpace" : false
    }, {
      "id" : "s0-t15",
      "begin" : 72,
      "end" : 75,
      "text" : "the",
      "whiteSpace" : false
    }, {
      "id" : "s0-t16",
      "begin" : 76,
      "end" : 81,
      "text" : "Third",
      "whiteSpace" : false
    }, {
      "id" : "s0-t17",
      "begin" : 82,
      "end" : 87,
      "text" : "Civil",
      "whiteSpace" : false
    }, {
      "id" : "s0-t18",
      "begin" : 88,
      "end" : 96,
      "text" : "District",
      "whiteSpace" : false
    }, {
      "id" : "s0-t19",
      "begin" : 97,
      "end" : 99,
      "text" : "of",
      "whiteSpace" : false
    }, {
      "id" : "s0-t20",
      "begin" : 100,
      "end" : 109,
      "text" : "Humphreys",
      "whiteSpace" : false
    }, {
      "id" : "s0-t21",
      "begin" : 110,
      "end" : 116,
      "text" : "County",
      "whiteSpace" : false
    }, {
      "id" : "s0-t22",
      "begin" : 116,
      "end" : 117,
      "text" : ",",
      "whiteSpace" : false
    }, {
      "id" : "s0-t23",
      "begin" : 118,
      "end" : 127,
      "text" : "Tennessee",
      "whiteSpace" : false
    }, {
      "id" : "s0-t24",
      "begin" : 127,
      "end" : 128,
      "text" : ",",
      "whiteSpace" : false
    }, {
      "id" : "s0-t25",
      "begin" : 129,
      "end" : 136,
      "text" : "located",
      "whiteSpace" : false
    }, {
      "id" : "s0-t26",
      "begin" : 137,
      "end" : 139,
      "text" : "in",
      "whiteSpace" : false
    }, {
      "id" : "s0-t27",
      "begin" : 140,
      "end" : 143,
      "text" : "the",
      "whiteSpace" : false
    }, {
      "id" : "s0-t28",
      "begin" : 144,
      "end" : 148,
      "text" : "City",
      "whiteSpace" : false
    }, {
      "id" : "s0-t29",
      "begin" : 149,
      "end" : 151,
      "text" : "of",
      "whiteSpace" : false
    }, {
      "id" : "s0-t30",
      "begin" : 152,
      "end" : 158,
      "text" : "McEwen",
      "whiteSpace" : false
    }, {
      "id" : "s0-t31",
      "begin" : 158,
      "end" : 159,
      "text" : ",",
      "whiteSpace" : false
    }, {
      "id" : "s0-t32",
      "begin" : 160,
      "end" : 169,
      "text" : "Tennessee",
      "whiteSpace" : false
    }, {
      "id" : "s0-t33",
      "begin" : 170,
      "end" : 173,
      "text" : "and",
      "whiteSpace" : false
    }, {
      "id" : "s0-t34",
      "begin" : 174,
      "end" : 179,
      "text" : "being",
      "whiteSpace" : false
    }, {
      "id" : "s0-t35",
      "begin" : 180,
      "end" : 183,
      "text" : "Lot",
      "whiteSpace" : false
    }, {
      "id" : "s0-t36",
      "begin" : 184,
      "end" : 186,
      "text" : "SD",
      "whiteSpace" : false
    }, {
      "id" : "s0-t37",
      "begin" : 187,
      "end" : 189,
      "text" : "of",
      "whiteSpace" : false
    }, {
      "id" : "s0-t38",
      "begin" : 190,
      "end" : 193,
      "text" : "the",
      "whiteSpace" : false
    }, {
      "id" : "s0-t39",
      "begin" : 194,
      "end" : 201,
      "text" : "Ridings",
      "whiteSpace" : false
    }, {
      "id" : "s0-t40",
      "begin" : 202,
      "end" : 213,
      "text" : "Subdivision",
      "whiteSpace" : false
    }, {
      "id" : "s0-t41",
      "begin" : 213,
      "end" : 214,
      "text" : ",",
      "whiteSpace" : false
    }, {
      "id" : "s0-t42",
      "begin" : 215,
      "end" : 216,
      "text" : "a",
      "whiteSpace" : false
    }, {
      "id" : "s0-t43",
      "begin" : 217,
      "end" : 221,
      "text" : "plat",
      "whiteSpace" : false
    }, {
      "id" : "s0-t44",
      "begin" : 222,
      "end" : 224,
      "text" : "of",
      "whiteSpace" : false
    }, {
      "id" : "s0-t45",
      "begin" : 225,
      "end" : 230,
      "text" : "which",
      "whiteSpace" : false
    }, {
      "id" : "s0-t46",
      "begin" : 231,
      "end" : 233,
      "text" : "is",
      "whiteSpace" : false
    }, {
      "id" : "s0-t47",
      "begin" : 234,
      "end" : 236,
      "text" : "of",
      "whiteSpace" : false
    }, {
      "id" : "s0-t48",
      "begin" : 237,
      "end" : 243,
      "text" : "record",
      "whiteSpace" : false
    }, {
      "id" : "s0-t49",
      "begin" : 244,
      "end" : 246,
      "text" : "in",
      "whiteSpace" : false
    }, {
      "id" : "s0-t50",
      "begin" : 247,
      "end" : 251,
      "text" : "Plat",
      "whiteSpace" : false
    }, {
      "id" : "s0-t51",
      "begin" : 252,
      "end" : 259,
      "text" : "Cabinet",
      "whiteSpace" : false
    }, {
      "id" : "s0-t52",
      "begin" : 260,
      "end" : 261,
      "text" : "A",
      "whiteSpace" : false
    }, {
      "id" : "s0-t53",
      "begin" : 261,
      "end" : 262,
      "text" : ",",
      "whiteSpace" : false
    }, {
      "id" : "s0-t54",
      "begin" : 263,
      "end" : 268,
      "text" : "Slide",
      "whiteSpace" : false
    }, {
      "id" : "s0-t55",
      "begin" : 268,
      "end" : 269,
      "text" : ",",
      "whiteSpace" : false
    }, {
      "id" : "s0-t56",
      "begin" : 270,
      "end" : 279,
      "text" : "Humphreys",
      "whiteSpace" : false
    }, {
      "id" : "s0-t57",
      "begin" : 280,
      "end" : 286,
      "text" : "County",
      "whiteSpace" : false
    }, {
      "id" : "s0-t58",
      "begin" : 286,
      "end" : 287,
      "text" : ",",
      "whiteSpace" : false
    }, {
      "id" : "s0-t59",
      "begin" : 288,
      "end" : 297,
      "text" : "Tennessee",
      "whiteSpace" : false
    }, {
      "id" : "s0-t60",
      "begin" : 297,
      "end" : 298,
      "text" : ",",
      "whiteSpace" : false
    }, {
      "id" : "s0-t61",
      "begin" : 299,
      "end" : 301,
      "text" : "to",
      "whiteSpace" : false
    }, {
      "id" : "s0-t62",
      "begin" : 302,
      "end" : 307,
      "text" : "which",
      "whiteSpace" : false
    }, {
      "id" : "s0-t63",
      "begin" : 308,
      "end" : 317,
      "text" : "reference",
      "whiteSpace" : false
    }, {
      "id" : "s0-t64",
      "begin" : 318,
      "end" : 320,
      "text" : "is",
      "whiteSpace" : false
    }, {
      "id" : "s0-t65",
      "begin" : 321,
      "end" : 327,
      "text" : "hereby",
      "whiteSpace" : false
    }, {
      "id" : "s0-t66",
      "begin" : 328,
      "end" : 332,
      "text" : "made",
      "whiteSpace" : false
    }, {
      "id" : "s0-t67",
      "begin" : 333,
      "end" : 336,
      "text" : "for",
      "whiteSpace" : false
    }, {
      "id" : "s0-t68",
      "begin" : 337,
      "end" : 338,
      "text" : "a",
      "whiteSpace" : false
    }, {
      "id" : "s0-t69",
      "begin" : 339,
      "end" : 343,
      "text" : "more",
      "whiteSpace" : false
    }, {
      "id" : "s0-t70",
      "begin" : 344,
      "end" : 352,
      "text" : "complete",
      "whiteSpace" : false
    }, {
      "id" : "s0-t71",
      "begin" : 353,
      "end" : 365,
      "text" : "description.",
      "whiteSpace" : false
    }, {
      "id" : "s0-t72",
      "begin" : 365,
      "end" : 366,
      "text" : ",",
      "whiteSpace" : false
    }, {
      "id" : "s0-t73",
      "begin" : 367,
      "end" : 372,
      "text" : "Being",
      "whiteSpace" : false
    }, {
      "id" : "s0-t74",
      "begin" : 373,
      "end" : 374,
      "text" : "a",
      "whiteSpace" : false
    }, {
      "id" : "s0-t75",
      "begin" : 375,
      "end" : 382,
      "text" : "portion",
      "whiteSpace" : false
    }, {
      "id" : "s0-t76",
      "begin" : 383,
      "end" : 385,
      "text" : "of",
      "whiteSpace" : false
    }, {
      "id" : "s0-t77",
      "begin" : 386,
      "end" : 389,
      "text" : "the",
      "whiteSpace" : false
    }, {
      "id" : "s0-t78",
      "begin" : 390,
      "end" : 398,
      "text" : "property",
      "whiteSpace" : false
    }, {
      "id" : "s0-t79",
      "begin" : 399,
      "end" : 407,
      "text" : "conveyed",
      "whiteSpace" : false
    }, {
      "id" : "s0-t80",
      "begin" : 408,
      "end" : 410,
      "text" : "to",
      "whiteSpace" : false
    }, {
      "id" : "s0-t81",
      "begin" : 411,
      "end" : 418,
      "text" : "William",
      "whiteSpace" : false
    }, {
      "id" : "s0-t82",
      "begin" : 419,
      "end" : 423,
      "text" : "Mark",
      "whiteSpace" : false
    }, {
      "id" : "s0-t83",
      "begin" : 424,
      "end" : 431,
      "text" : "Proctor",
      "whiteSpace" : false
    }, {
      "id" : "s0-t84",
      "begin" : 432,
      "end" : 434,
      "text" : "by",
      "whiteSpace" : false
    }, {
      "id" : "s0-t85",
      "begin" : 435,
      "end" : 439,
      "text" : "deed",
      "whiteSpace" : false
    }, {
      "id" : "s0-t86",
      "begin" : 440,
      "end" : 442,
      "text" : "of",
      "whiteSpace" : false
    }, {
      "id" : "s0-t87",
      "begin" : 443,
      "end" : 449,
      "text" : "record",
      "whiteSpace" : false
    }, {
      "id" : "s0-t88",
      "begin" : 450,
      "end" : 452,
      "text" : "in",
      "whiteSpace" : false
    }, {
      "id" : "s0-t89",
      "begin" : 453,
      "end" : 457,
      "text" : "Deed",
      "whiteSpace" : false
    }, {
      "id" : "s0-t90",
      "begin" : 458,
      "end" : 462,
      "text" : "Book",
      "whiteSpace" : false
    }, {
      "id" : "s0-t91",
      "begin" : 463,
      "end" : 464,
      "text" : "1",
      "whiteSpace" : false
    }, {
      "id" : "s0-t92",
      "begin" : 465,
      "end" : 467,
      "text" : "85",
      "whiteSpace" : false
    }, {
      "id" : "s0-t93",
      "begin" : 467,
      "end" : 468,
      "text" : ",",
      "whiteSpace" : false
    }, {
      "id" : "s0-t94",
      "begin" : 469,
      "end" : 473,
      "text" : "page",
      "whiteSpace" : false
    }, {
      "id" : "s0-t95",
      "begin" : 474,
      "end" : 477,
      "text" : "155",
      "whiteSpace" : false
    }, {
      "id" : "s0-t96",
      "begin" : 478,
      "end" : 479,
      "text" : "8",
      "whiteSpace" : false
    }, {
      "id" : "s0-t97",
      "begin" : 479,
      "end" : 480,
      "text" : ",",
      "whiteSpace" : false
    }, {
      "id" : "s0-t98",
      "begin" : 481,
      "end" : 489,
      "text" : "Register",
      "whiteSpace" : false
    }, {
      "id" : "s0-t99",
      "begin" : 489,
      "end" : 490,
      "text" : "?",
      "whiteSpace" : false
    } ]
  }, {
    "id" : "s1",
    "begin" : 490,
    "end" : 497,
    "text" : "??s Of?",
    "tokens" : [ {
      "id" : "s1-t0",
      "begin" : 490,
      "end" : 493,
      "text" : "??s",
      "whiteSpace" : false
    }, {
      "id" : "s1-t1",
      "begin" : 494,
      "end" : 496,
      "text" : "Of",
      "whiteSpace" : false
    }, {
      "id" : "s1-t2",
      "begin" : 496,
      "end" : 497,
      "text" : "?",
      "whiteSpace" : false
    } ]
  }, {
    "id" : "s2",
    "begin" : 497,
    "end" : 664,
    "text" : "??ce of Humphreys County, Tennessee., This conveyance is made subject to restrictive covenants as contained in the deed of record in Deed Book 115, page 906, Register?",
    "tokens" : [ {
      "id" : "s2-t0",
      "begin" : 497,
      "end" : 501,
      "text" : "??ce",
      "whiteSpace" : false
    }, {
      "id" : "s2-t1",
      "begin" : 502,
      "end" : 504,
      "text" : "of",
      "whiteSpace" : false
    }, {
      "id" : "s2-t2",
      "begin" : 505,
      "end" : 514,
      "text" : "Humphreys",
      "whiteSpace" : false
    }, {
      "id" : "s2-t3",
      "begin" : 515,
      "end" : 521,
      "text" : "County",
      "whiteSpace" : false
    }, {
      "id" : "s2-t4",
      "begin" : 521,
      "end" : 522,
      "text" : ",",
      "whiteSpace" : false
    }, {
      "id" : "s2-t5",
      "begin" : 523,
      "end" : 533,
      "text" : "Tennessee.",
      "whiteSpace" : false
    }, {
      "id" : "s2-t6",
      "begin" : 533,
      "end" : 534,
      "text" : ",",
      "whiteSpace" : false
    }, {
      "id" : "s2-t7",
      "begin" : 535,
      "end" : 539,
      "text" : "This",
      "whiteSpace" : false
    }, {
      "id" : "s2-t8",
      "begin" : 540,
      "end" : 550,
      "text" : "conveyance",
      "whiteSpace" : false
    }, {
      "id" : "s2-t9",
      "begin" : 551,
      "end" : 553,
      "text" : "is",
      "whiteSpace" : false
    }, {
      "id" : "s2-t10",
      "begin" : 554,
      "end" : 558,
      "text" : "made",
      "whiteSpace" : false
    }, {
      "id" : "s2-t11",
      "begin" : 559,
      "end" : 566,
      "text" : "subject",
      "whiteSpace" : false
    }, {
      "id" : "s2-t12",
      "begin" : 567,
      "end" : 569,
      "text" : "to",
      "whiteSpace" : false
    }, {
      "id" : "s2-t13",
      "begin" : 570,
      "end" : 581,
      "text" : "restrictive",
      "whiteSpace" : false
    }, {
      "id" : "s2-t14",
      "begin" : 582,
      "end" : 591,
      "text" : "covenants",
      "whiteSpace" : false
    }, {
      "id" : "s2-t15",
      "begin" : 592,
      "end" : 594,
      "text" : "as",
      "whiteSpace" : false
    }, {
      "id" : "s2-t16",
      "begin" : 595,
      "end" : 604,
      "text" : "contained",
      "whiteSpace" : false
    }, {
      "id" : "s2-t17",
      "begin" : 605,
      "end" : 607,
      "text" : "in",
      "whiteSpace" : false
    }, {
      "id" : "s2-t18",
      "begin" : 608,
      "end" : 611,
      "text" : "the",
      "whiteSpace" : false
    }, {
      "id" : "s2-t19",
      "begin" : 612,
      "end" : 616,
      "text" : "deed",
      "whiteSpace" : false
    }, {
      "id" : "s2-t20",
      "begin" : 617,
      "end" : 619,
      "text" : "of",
      "whiteSpace" : false
    }, {
      "id" : "s2-t21",
      "begin" : 620,
      "end" : 626,
      "text" : "record",
      "whiteSpace" : false
    }, {
      "id" : "s2-t22",
      "begin" : 627,
      "end" : 629,
      "text" : "in",
      "whiteSpace" : false
    }, {
      "id" : "s2-t23",
      "begin" : 630,
      "end" : 634,
      "text" : "Deed",
      "whiteSpace" : false
    }, {
      "id" : "s2-t24",
      "begin" : 635,
      "end" : 639,
      "text" : "Book",
      "whiteSpace" : false
    }, {
      "id" : "s2-t25",
      "begin" : 640,
      "end" : 643,
      "text" : "115",
      "whiteSpace" : false
    }, {
      "id" : "s2-t26",
      "begin" : 643,
      "end" : 644,
      "text" : ",",
      "whiteSpace" : false
    }, {
      "id" : "s2-t27",
      "begin" : 645,
      "end" : 649,
      "text" : "page",
      "whiteSpace" : false
    }, {
      "id" : "s2-t28",
      "begin" : 650,
      "end" : 653,
      "text" : "906",
      "whiteSpace" : false
    }, {
      "id" : "s2-t29",
      "begin" : 653,
      "end" : 654,
      "text" : ",",
      "whiteSpace" : false
    }, {
      "id" : "s2-t30",
      "begin" : 655,
      "end" : 663,
      "text" : "Register",
      "whiteSpace" : false
    }, {
      "id" : "s2-t31",
      "begin" : 663,
      "end" : 664,
      "text" : "?",
      "whiteSpace" : false
    } ]
  }, {
    "id" : "s3",
    "begin" : 664,
    "end" : 671,
    "text" : "??s Of?",
    "tokens" : [ {
      "id" : "s3-t0",
      "begin" : 664,
      "end" : 667,
      "text" : "??s",
      "whiteSpace" : false
    }, {
      "id" : "s3-t1",
      "begin" : 668,
      "end" : 670,
      "text" : "Of",
      "whiteSpace" : false
    }, {
      "id" : "s3-t2",
      "begin" : 670,
      "end" : 671,
      "text" : "?",
      "whiteSpace" : false
    } ]
  }, {
    "id" : "s4",
    "begin" : 671,
    "end" : 712,
    "text" : "??ce of Humphreys County, Tennessee., ) )",
    "tokens" : [ {
      "id" : "s4-t0",
      "begin" : 671,
      "end" : 675,
      "text" : "??ce",
      "whiteSpace" : false
    }, {
      "id" : "s4-t1",
      "begin" : 676,
      "end" : 678,
      "text" : "of",
      "whiteSpace" : false
    }, {
      "id" : "s4-t2",
      "begin" : 679,
      "end" : 688,
      "text" : "Humphreys",
      "whiteSpace" : false
    }, {
      "id" : "s4-t3",
      "begin" : 689,
      "end" : 695,
      "text" : "County",
      "whiteSpace" : false
    }, {
      "id" : "s4-t4",
      "begin" : 695,
      "end" : 696,
      "text" : ",",
      "whiteSpace" : false
    }, {
      "id" : "s4-t5",
      "begin" : 697,
      "end" : 707,
      "text" : "Tennessee.",
      "whiteSpace" : false
    }, {
      "id" : "s4-t6",
      "begin" : 707,
      "end" : 708,
      "text" : ",",
      "whiteSpace" : false
    }, {
      "id" : "s4-t7",
      "begin" : 709,
      "end" : 710,
      "text" : ")",
      "whiteSpace" : false
    }, {
      "id" : "s4-t8",
      "begin" : 711,
      "end" : 712,
      "text" : ")",
      "whiteSpace" : false
    } ]
  } ],
  "mentions" : [ {
    "id" : "s0-m1",
    "properties" : {
      "SIRE_MENTION_ROLE" : "WarrDeedBookNum",
      "SIRE_ENTITY_SUBTYPE" : "NONE",
      "SIRE_MENTION_TYPE" : "NONE",
      "SIRE_MENTION_CLASS" : "SPC"
    },
    "type" : "WarrDeedBookNum",
    "begin" : 463,
    "end" : 467,
    "inCoref" : false
  }, {
    "id" : "s0-m2",
    "properties" : {
      "SIRE_MENTION_ROLE" : "WarrDeedPageNum",
      "SIRE_ENTITY_SUBTYPE" : "NONE",
      "SIRE_MENTION_TYPE" : "NONE",
      "SIRE_MENTION_CLASS" : "SPC"
    },
    "type" : "WarrDeedPageNum",
    "begin" : 474,
    "end" : 479,
    "inCoref" : false
  } ],
  "relations" : [ ],
  "corefs" : [ ],
  "typeResolved" : true,
  "userResolved" : false
}