{
  "id" : "c8554300-54dc-11e9-b3f1-919b26b254ae-8",
  "name" : "WD199-6.txt",
  "createdDate" : 1554164284208,
  "version" : 3,
  "text" : "S #1463, dated May 8, 1992. Being the same property conveyed to Carla M. White by deed from Gena Ann Chambers, formerly known as Gena Ann White, dated February 15, 1996 and of record in Warranty Deed Book 180, Page 1202, in the Register???s Of???ce of Humphreys County, Tennessee. INCLUDED in the above described property, BUT EXCLUDED from this conveyance is the following described property: From the Southwest corner of  86.04 feet to a new point on the proposed right-of-way, thence North 71 degrees 19 minutes 10 seconds West 16.86 feet to a point in the existing right of way. Being the same property conveyed to Government of Humphreys County, Tennessee by Agreement for Dedication of Right-of???Way from Carla White, dated April 23, 2009 and of record in Warranty Deed Book 194, Page 128, in the Register's Of???ce of Humphreys County, Tennessee. Book WD199 Page 6 This property is subject to the right-of-way of Capps Road formerly known as White Oak Road. Subject to an Agreement for Dedication of Right-of-Way of record in Warranty Deed Book 194, Page 128, as cerrected by Af???davit in Warranty Deed Book 194, Page 210, in the Register???s Of???ce of Humphreys County, Tennessee. This is (X) Unimproved ( ) Improved property known as 444 Capps Rd &amp; 14.36 acres Capps Rd, McEwen, TN 37101 THIS CONVEYANCE IS SUBJECT T O: 2013 Humphreys County Taxes ",
  "docLength" : 0,
  "language" : "EN",
  "status" : "SUBMITTED",
  "modifiedDate" : 1554165346656,
  "documentSet" : [ ],
  "preannotation" : [ ],
  "sentences" : [ {
    "id" : "s0",
    "begin" : 0,
    "end" : 27,
    "text" : "S #1463, dated May 8, 1992.",
    "tokens" : [ {
      "id" : "s0-t0",
      "begin" : 0,
      "end" : 1,
      "text" : "S",
      "whiteSpace" : false
    }, {
      "id" : "s0-t1",
      "begin" : 2,
      "end" : 7,
      "text" : "#1463",
      "whiteSpace" : false
    }, {
      "id" : "s0-t2",
      "begin" : 7,
      "end" : 8,
      "text" : ",",
      "whiteSpace" : false
    }, {
      "id" : "s0-t3",
      "begin" : 9,
      "end" : 14,
      "text" : "dated",
      "whiteSpace" : false
    }, {
      "id" : "s0-t4",
      "begin" : 15,
      "end" : 18,
      "text" : "May",
      "whiteSpace" : false
    }, {
      "id" : "s0-t5",
      "begin" : 19,
      "end" : 20,
      "text" : "8",
      "whiteSpace" : false
    }, {
      "id" : "s0-t6",
      "begin" : 20,
      "end" : 21,
      "text" : ",",
      "whiteSpace" : false
    }, {
      "id" : "s0-t7",
      "begin" : 22,
      "end" : 26,
      "text" : "1992",
      "whiteSpace" : false
    }, {
      "id" : "s0-t8",
      "begin" : 26,
      "end" : 27,
      "text" : ".",
      "whiteSpace" : false
    } ]
  }, {
    "id" : "s1",
    "begin" : 28,
    "end" : 237,
    "text" : "Being the same property conveyed to Carla M. White by deed from Gena Ann Chambers, formerly known as Gena Ann White, dated February 15, 1996 and of record in Warranty Deed Book 180, Page 1202, in the Register?",
    "tokens" : [ {
      "id" : "s1-t0",
      "begin" : 28,
      "end" : 33,
      "text" : "Being",
      "whiteSpace" : false
    }, {
      "id" : "s1-t1",
      "begin" : 34,
      "end" : 37,
      "text" : "the",
      "whiteSpace" : false
    }, {
      "id" : "s1-t2",
      "begin" : 38,
      "end" : 42,
      "text" : "same",
      "whiteSpace" : false
    }, {
      "id" : "s1-t3",
      "begin" : 43,
      "end" : 51,
      "text" : "property",
      "whiteSpace" : false
    }, {
      "id" : "s1-t4",
      "begin" : 52,
      "end" : 60,
      "text" : "conveyed",
      "whiteSpace" : false
    }, {
      "id" : "s1-t5",
      "begin" : 61,
      "end" : 63,
      "text" : "to",
      "whiteSpace" : false
    }, {
      "id" : "s1-t6",
      "begin" : 64,
      "end" : 69,
      "text" : "Carla",
      "whiteSpace" : false
    }, {
      "id" : "s1-t7",
      "begin" : 70,
      "end" : 72,
      "text" : "M.",
      "whiteSpace" : false
    }, {
      "id" : "s1-t8",
      "begin" : 73,
      "end" : 78,
      "text" : "White",
      "whiteSpace" : false
    }, {
      "id" : "s1-t9",
      "begin" : 79,
      "end" : 81,
      "text" : "by",
      "whiteSpace" : false
    }, {
      "id" : "s1-t10",
      "begin" : 82,
      "end" : 86,
      "text" : "deed",
      "whiteSpace" : false
    }, {
      "id" : "s1-t11",
      "begin" : 87,
      "end" : 91,
      "text" : "from",
      "whiteSpace" : false
    }, {
      "id" : "s1-t12",
      "begin" : 92,
      "end" : 96,
      "text" : "Gena",
      "whiteSpace" : false
    }, {
      "id" : "s1-t13",
      "begin" : 97,
      "end" : 100,
      "text" : "Ann",
      "whiteSpace" : false
    }, {
      "id" : "s1-t14",
      "begin" : 101,
      "end" : 109,
      "text" : "Chambers",
      "whiteSpace" : false
    }, {
      "id" : "s1-t15",
      "begin" : 109,
      "end" : 110,
      "text" : ",",
      "whiteSpace" : false
    }, {
      "id" : "s1-t16",
      "begin" : 111,
      "end" : 119,
      "text" : "formerly",
      "whiteSpace" : false
    }, {
      "id" : "s1-t17",
      "begin" : 120,
      "end" : 125,
      "text" : "known",
      "whiteSpace" : false
    }, {
      "id" : "s1-t18",
      "begin" : 126,
      "end" : 128,
      "text" : "as",
      "whiteSpace" : false
    }, {
      "id" : "s1-t19",
      "begin" : 129,
      "end" : 133,
      "text" : "Gena",
      "whiteSpace" : false
    }, {
      "id" : "s1-t20",
      "begin" : 134,
      "end" : 137,
      "text" : "Ann",
      "whiteSpace" : false
    }, {
      "id" : "s1-t21",
      "begin" : 138,
      "end" : 143,
      "text" : "White",
      "whiteSpace" : false
    }, {
      "id" : "s1-t22",
      "begin" : 143,
      "end" : 144,
      "text" : ",",
      "whiteSpace" : false
    }, {
      "id" : "s1-t23",
      "begin" : 145,
      "end" : 150,
      "text" : "dated",
      "whiteSpace" : false
    }, {
      "id" : "s1-t24",
      "begin" : 151,
      "end" : 159,
      "text" : "February",
      "whiteSpace" : false
    }, {
      "id" : "s1-t25",
      "begin" : 160,
      "end" : 162,
      "text" : "15",
      "whiteSpace" : false
    }, {
      "id" : "s1-t26",
      "begin" : 162,
      "end" : 163,
      "text" : ",",
      "whiteSpace" : false
    }, {
      "id" : "s1-t27",
      "begin" : 164,
      "end" : 168,
      "text" : "1996",
      "whiteSpace" : false
    }, {
      "id" : "s1-t28",
      "begin" : 169,
      "end" : 172,
      "text" : "and",
      "whiteSpace" : false
    }, {
      "id" : "s1-t29",
      "begin" : 173,
      "end" : 175,
      "text" : "of",
      "whiteSpace" : false
    }, {
      "id" : "s1-t30",
      "begin" : 176,
      "end" : 182,
      "text" : "record",
      "whiteSpace" : false
    }, {
      "id" : "s1-t31",
      "begin" : 183,
      "end" : 185,
      "text" : "in",
      "whiteSpace" : false
    }, {
      "id" : "s1-t32",
      "begin" : 186,
      "end" : 194,
      "text" : "Warranty",
      "whiteSpace" : false
    }, {
      "id" : "s1-t33",
      "begin" : 195,
      "end" : 199,
      "text" : "Deed",
      "whiteSpace" : false
    }, {
      "id" : "s1-t34",
      "begin" : 200,
      "end" : 204,
      "text" : "Book",
      "whiteSpace" : false
    }, {
      "id" : "s1-t35",
      "begin" : 205,
      "end" : 208,
      "text" : "180",
      "whiteSpace" : false
    }, {
      "id" : "s1-t36",
      "begin" : 208,
      "end" : 209,
      "text" : ",",
      "whiteSpace" : false
    }, {
      "id" : "s1-t37",
      "begin" : 210,
      "end" : 214,
      "text" : "Page",
      "whiteSpace" : false
    }, {
      "id" : "s1-t38",
      "begin" : 215,
      "end" : 219,
      "text" : "1202",
      "whiteSpace" : false
    }, {
      "id" : "s1-t39",
      "begin" : 219,
      "end" : 220,
      "text" : ",",
      "whiteSpace" : false
    }, {
      "id" : "s1-t40",
      "begin" : 221,
      "end" : 223,
      "text" : "in",
      "whiteSpace" : false
    }, {
      "id" : "s1-t41",
      "begin" : 224,
      "end" : 227,
      "text" : "the",
      "whiteSpace" : false
    }, {
      "id" : "s1-t42",
      "begin" : 228,
      "end" : 236,
      "text" : "Register",
      "whiteSpace" : false
    }, {
      "id" : "s1-t43",
      "begin" : 236,
      "end" : 237,
      "text" : "?",
      "whiteSpace" : false
    } ]
  }, {
    "id" : "s2",
    "begin" : 237,
    "end" : 244,
    "text" : "??s Of?",
    "tokens" : [ {
      "id" : "s2-t0",
      "begin" : 237,
      "end" : 240,
      "text" : "??s",
      "whiteSpace" : false
    }, {
      "id" : "s2-t1",
      "begin" : 241,
      "end" : 243,
      "text" : "Of",
      "whiteSpace" : false
    }, {
      "id" : "s2-t2",
      "begin" : 243,
      "end" : 244,
      "text" : "?",
      "whiteSpace" : false
    } ]
  }, {
    "id" : "s3",
    "begin" : 244,
    "end" : 280,
    "text" : "??ce of Humphreys County, Tennessee.",
    "tokens" : [ {
      "id" : "s3-t0",
      "begin" : 244,
      "end" : 248,
      "text" : "??ce",
      "whiteSpace" : false
    }, {
      "id" : "s3-t1",
      "begin" : 249,
      "end" : 251,
      "text" : "of",
      "whiteSpace" : false
    }, {
      "id" : "s3-t2",
      "begin" : 252,
      "end" : 261,
      "text" : "Humphreys",
      "whiteSpace" : false
    }, {
      "id" : "s3-t3",
      "begin" : 262,
      "end" : 268,
      "text" : "County",
      "whiteSpace" : false
    }, {
      "id" : "s3-t4",
      "begin" : 268,
      "end" : 269,
      "text" : ",",
      "whiteSpace" : false
    }, {
      "id" : "s3-t5",
      "begin" : 270,
      "end" : 279,
      "text" : "Tennessee",
      "whiteSpace" : false
    }, {
      "id" : "s3-t6",
      "begin" : 279,
      "end" : 280,
      "text" : ".",
      "whiteSpace" : false
    } ]
  }, {
    "id" : "s4",
    "begin" : 281,
    "end" : 582,
    "text" : "INCLUDED in the above described property, BUT EXCLUDED from this conveyance is the following described property: From the Southwest corner of  86.04 feet to a new point on the proposed right-of-way, thence North 71 degrees 19 minutes 10 seconds West 16.86 feet to a point in the existing right of way.",
    "tokens" : [ {
      "id" : "s4-t0",
      "begin" : 281,
      "end" : 289,
      "text" : "INCLUDED",
      "whiteSpace" : false
    }, {
      "id" : "s4-t1",
      "begin" : 290,
      "end" : 292,
      "text" : "in",
      "whiteSpace" : false
    }, {
      "id" : "s4-t2",
      "begin" : 293,
      "end" : 296,
      "text" : "the",
      "whiteSpace" : false
    }, {
      "id" : "s4-t3",
      "begin" : 297,
      "end" : 302,
      "text" : "above",
      "whiteSpace" : false
    }, {
      "id" : "s4-t4",
      "begin" : 303,
      "end" : 312,
      "text" : "described",
      "whiteSpace" : false
    }, {
      "id" : "s4-t5",
      "begin" : 313,
      "end" : 321,
      "text" : "property",
      "whiteSpace" : false
    }, {
      "id" : "s4-t6",
      "begin" : 321,
      "end" : 322,
      "text" : ",",
      "whiteSpace" : false
    }, {
      "id" : "s4-t7",
      "begin" : 323,
      "end" : 326,
      "text" : "BUT",
      "whiteSpace" : false
    }, {
      "id" : "s4-t8",
      "begin" : 327,
      "end" : 335,
      "text" : "EXCLUDED",
      "whiteSpace" : false
    }, {
      "id" : "s4-t9",
      "begin" : 336,
      "end" : 340,
      "text" : "from",
      "whiteSpace" : false
    }, {
      "id" : "s4-t10",
      "begin" : 341,
      "end" : 345,
      "text" : "this",
      "whiteSpace" : false
    }, {
      "id" : "s4-t11",
      "begin" : 346,
      "end" : 356,
      "text" : "conveyance",
      "whiteSpace" : false
    }, {
      "id" : "s4-t12",
      "begin" : 357,
      "end" : 359,
      "text" : "is",
      "whiteSpace" : false
    }, {
      "id" : "s4-t13",
      "begin" : 360,
      "end" : 363,
      "text" : "the",
      "whiteSpace" : false
    }, {
      "id" : "s4-t14",
      "begin" : 364,
      "end" : 373,
      "text" : "following",
      "whiteSpace" : false
    }, {
      "id" : "s4-t15",
      "begin" : 374,
      "end" : 383,
      "text" : "described",
      "whiteSpace" : false
    }, {
      "id" : "s4-t16",
      "begin" : 384,
      "end" : 392,
      "text" : "property",
      "whiteSpace" : false
    }, {
      "id" : "s4-t17",
      "begin" : 392,
      "end" : 393,
      "text" : ":",
      "whiteSpace" : false
    }, {
      "id" : "s4-t18",
      "begin" : 394,
      "end" : 398,
      "text" : "From",
      "whiteSpace" : false
    }, {
      "id" : "s4-t19",
      "begin" : 399,
      "end" : 402,
      "text" : "the",
      "whiteSpace" : false
    }, {
      "id" : "s4-t20",
      "begin" : 403,
      "end" : 412,
      "text" : "Southwest",
      "whiteSpace" : false
    }, {
      "id" : "s4-t21",
      "begin" : 413,
      "end" : 419,
      "text" : "corner",
      "whiteSpace" : false
    }, {
      "id" : "s4-t22",
      "begin" : 420,
      "end" : 422,
      "text" : "of",
      "whiteSpace" : false
    }, {
      "id" : "s4-t23",
      "begin" : 424,
      "end" : 429,
      "text" : "86.04",
      "whiteSpace" : false
    }, {
      "id" : "s4-t24",
      "begin" : 430,
      "end" : 434,
      "text" : "feet",
      "whiteSpace" : false
    }, {
      "id" : "s4-t25",
      "begin" : 435,
      "end" : 437,
      "text" : "to",
      "whiteSpace" : false
    }, {
      "id" : "s4-t26",
      "begin" : 438,
      "end" : 439,
      "text" : "a",
      "whiteSpace" : false
    }, {
      "id" : "s4-t27",
      "begin" : 440,
      "end" : 443,
      "text" : "new",
      "whiteSpace" : false
    }, {
      "id" : "s4-t28",
      "begin" : 444,
      "end" : 449,
      "text" : "point",
      "whiteSpace" : false
    }, {
      "id" : "s4-t29",
      "begin" : 450,
      "end" : 452,
      "text" : "on",
      "whiteSpace" : false
    }, {
      "id" : "s4-t30",
      "begin" : 453,
      "end" : 456,
      "text" : "the",
      "whiteSpace" : false
    }, {
      "id" : "s4-t31",
      "begin" : 457,
      "end" : 465,
      "text" : "proposed",
      "whiteSpace" : false
    }, {
      "id" : "s4-t32",
      "begin" : 466,
      "end" : 471,
      "text" : "right",
      "whiteSpace" : false
    }, {
      "id" : "s4-t33",
      "begin" : 471,
      "end" : 472,
      "text" : "-",
      "whiteSpace" : false
    }, {
      "id" : "s4-t34",
      "begin" : 472,
      "end" : 474,
      "text" : "of",
      "whiteSpace" : false
    }, {
      "id" : "s4-t35",
      "begin" : 474,
      "end" : 475,
      "text" : "-",
      "whiteSpace" : false
    }, {
      "id" : "s4-t36",
      "begin" : 475,
      "end" : 478,
      "text" : "way",
      "whiteSpace" : false
    }, {
      "id" : "s4-t37",
      "begin" : 478,
      "end" : 479,
      "text" : ",",
      "whiteSpace" : false
    }, {
      "id" : "s4-t38",
      "begin" : 480,
      "end" : 486,
      "text" : "thence",
      "whiteSpace" : false
    }, {
      "id" : "s4-t39",
      "begin" : 487,
      "end" : 492,
      "text" : "North",
      "whiteSpace" : false
    }, {
      "id" : "s4-t40",
      "begin" : 493,
      "end" : 495,
      "text" : "71",
      "whiteSpace" : false
    }, {
      "id" : "s4-t41",
      "begin" : 496,
      "end" : 503,
      "text" : "degrees",
      "whiteSpace" : false
    }, {
      "id" : "s4-t42",
      "begin" : 504,
      "end" : 506,
      "text" : "19",
      "whiteSpace" : false
    }, {
      "id" : "s4-t43",
      "begin" : 507,
      "end" : 514,
      "text" : "minutes",
      "whiteSpace" : false
    }, {
      "id" : "s4-t44",
      "begin" : 515,
      "end" : 517,
      "text" : "10",
      "whiteSpace" : false
    }, {
      "id" : "s4-t45",
      "begin" : 518,
      "end" : 525,
      "text" : "seconds",
      "whiteSpace" : false
    }, {
      "id" : "s4-t46",
      "begin" : 526,
      "end" : 530,
      "text" : "West",
      "whiteSpace" : false
    }, {
      "id" : "s4-t47",
      "begin" : 531,
      "end" : 536,
      "text" : "16.86",
      "whiteSpace" : false
    }, {
      "id" : "s4-t48",
      "begin" : 537,
      "end" : 541,
      "text" : "feet",
      "whiteSpace" : false
    }, {
      "id" : "s4-t49",
      "begin" : 542,
      "end" : 544,
      "text" : "to",
      "whiteSpace" : false
    }, {
      "id" : "s4-t50",
      "begin" : 545,
      "end" : 546,
      "text" : "a",
      "whiteSpace" : false
    }, {
      "id" : "s4-t51",
      "begin" : 547,
      "end" : 552,
      "text" : "point",
      "whiteSpace" : false
    }, {
      "id" : "s4-t52",
      "begin" : 553,
      "end" : 555,
      "text" : "in",
      "whiteSpace" : false
    }, {
      "id" : "s4-t53",
      "begin" : 556,
      "end" : 559,
      "text" : "the",
      "whiteSpace" : false
    }, {
      "id" : "s4-t54",
      "begin" : 560,
      "end" : 568,
      "text" : "existing",
      "whiteSpace" : false
    }, {
      "id" : "s4-t55",
      "begin" : 569,
      "end" : 574,
      "text" : "right",
      "whiteSpace" : false
    }, {
      "id" : "s4-t56",
      "begin" : 575,
      "end" : 577,
      "text" : "of",
      "whiteSpace" : false
    }, {
      "id" : "s4-t57",
      "begin" : 578,
      "end" : 581,
      "text" : "way",
      "whiteSpace" : false
    }, {
      "id" : "s4-t58",
      "begin" : 581,
      "end" : 582,
      "text" : ".",
      "whiteSpace" : false
    } ]
  }, {
    "id" : "s5",
    "begin" : 583,
    "end" : 701,
    "text" : "Being the same property conveyed to Government of Humphreys County, Tennessee by Agreement for Dedication of Right-of?",
    "tokens" : [ {
      "id" : "s5-t0",
      "begin" : 583,
      "end" : 588,
      "text" : "Being",
      "whiteSpace" : false
    }, {
      "id" : "s5-t1",
      "begin" : 589,
      "end" : 592,
      "text" : "the",
      "whiteSpace" : false
    }, {
      "id" : "s5-t2",
      "begin" : 593,
      "end" : 597,
      "text" : "same",
      "whiteSpace" : false
    }, {
      "id" : "s5-t3",
      "begin" : 598,
      "end" : 606,
      "text" : "property",
      "whiteSpace" : false
    }, {
      "id" : "s5-t4",
      "begin" : 607,
      "end" : 615,
      "text" : "conveyed",
      "whiteSpace" : false
    }, {
      "id" : "s5-t5",
      "begin" : 616,
      "end" : 618,
      "text" : "to",
      "whiteSpace" : false
    }, {
      "id" : "s5-t6",
      "begin" : 619,
      "end" : 629,
      "text" : "Government",
      "whiteSpace" : false
    }, {
      "id" : "s5-t7",
      "begin" : 630,
      "end" : 632,
      "text" : "of",
      "whiteSpace" : false
    }, {
      "id" : "s5-t8",
      "begin" : 633,
      "end" : 642,
      "text" : "Humphreys",
      "whiteSpace" : false
    }, {
      "id" : "s5-t9",
      "begin" : 643,
      "end" : 649,
      "text" : "County",
      "whiteSpace" : false
    }, {
      "id" : "s5-t10",
      "begin" : 649,
      "end" : 650,
      "text" : ",",
      "whiteSpace" : false
    }, {
      "id" : "s5-t11",
      "begin" : 651,
      "end" : 660,
      "text" : "Tennessee",
      "whiteSpace" : false
    }, {
      "id" : "s5-t12",
      "begin" : 661,
      "end" : 663,
      "text" : "by",
      "whiteSpace" : false
    }, {
      "id" : "s5-t13",
      "begin" : 664,
      "end" : 673,
      "text" : "Agreement",
      "whiteSpace" : false
    }, {
      "id" : "s5-t14",
      "begin" : 674,
      "end" : 677,
      "text" : "for",
      "whiteSpace" : false
    }, {
      "id" : "s5-t15",
      "begin" : 678,
      "end" : 688,
      "text" : "Dedication",
      "whiteSpace" : false
    }, {
      "id" : "s5-t16",
      "begin" : 689,
      "end" : 691,
      "text" : "of",
      "whiteSpace" : false
    }, {
      "id" : "s5-t17",
      "begin" : 692,
      "end" : 697,
      "text" : "Right",
      "whiteSpace" : false
    }, {
      "id" : "s5-t18",
      "begin" : 697,
      "end" : 698,
      "text" : "-",
      "whiteSpace" : false
    }, {
      "id" : "s5-t19",
      "begin" : 698,
      "end" : 700,
      "text" : "of",
      "whiteSpace" : false
    }, {
      "id" : "s5-t20",
      "begin" : 700,
      "end" : 701,
      "text" : "?",
      "whiteSpace" : false
    } ]
  }, {
    "id" : "s6",
    "begin" : 701,
    "end" : 818,
    "text" : "??Way from Carla White, dated April 23, 2009 and of record in Warranty Deed Book 194, Page 128, in the Register's Of?",
    "tokens" : [ {
      "id" : "s6-t0",
      "begin" : 701,
      "end" : 706,
      "text" : "??Way",
      "whiteSpace" : false
    }, {
      "id" : "s6-t1",
      "begin" : 707,
      "end" : 711,
      "text" : "from",
      "whiteSpace" : false
    }, {
      "id" : "s6-t2",
      "begin" : 712,
      "end" : 717,
      "text" : "Carla",
      "whiteSpace" : false
    }, {
      "id" : "s6-t3",
      "begin" : 718,
      "end" : 723,
      "text" : "White",
      "whiteSpace" : false
    }, {
      "id" : "s6-t4",
      "begin" : 723,
      "end" : 724,
      "text" : ",",
      "whiteSpace" : false
    }, {
      "id" : "s6-t5",
      "begin" : 725,
      "end" : 730,
      "text" : "dated",
      "whiteSpace" : false
    }, {
      "id" : "s6-t6",
      "begin" : 731,
      "end" : 736,
      "text" : "April",
      "whiteSpace" : false
    }, {
      "id" : "s6-t7",
      "begin" : 737,
      "end" : 739,
      "text" : "23",
      "whiteSpace" : false
    }, {
      "id" : "s6-t8",
      "begin" : 739,
      "end" : 740,
      "text" : ",",
      "whiteSpace" : false
    }, {
      "id" : "s6-t9",
      "begin" : 741,
      "end" : 745,
      "text" : "2009",
      "whiteSpace" : false
    }, {
      "id" : "s6-t10",
      "begin" : 746,
      "end" : 749,
      "text" : "and",
      "whiteSpace" : false
    }, {
      "id" : "s6-t11",
      "begin" : 750,
      "end" : 752,
      "text" : "of",
      "whiteSpace" : false
    }, {
      "id" : "s6-t12",
      "begin" : 753,
      "end" : 759,
      "text" : "record",
      "whiteSpace" : false
    }, {
      "id" : "s6-t13",
      "begin" : 760,
      "end" : 762,
      "text" : "in",
      "whiteSpace" : false
    }, {
      "id" : "s6-t14",
      "begin" : 763,
      "end" : 771,
      "text" : "Warranty",
      "whiteSpace" : false
    }, {
      "id" : "s6-t15",
      "begin" : 772,
      "end" : 776,
      "text" : "Deed",
      "whiteSpace" : false
    }, {
      "id" : "s6-t16",
      "begin" : 777,
      "end" : 781,
      "text" : "Book",
      "whiteSpace" : false
    }, {
      "id" : "s6-t17",
      "begin" : 782,
      "end" : 785,
      "text" : "194",
      "whiteSpace" : false
    }, {
      "id" : "s6-t18",
      "begin" : 785,
      "end" : 786,
      "text" : ",",
      "whiteSpace" : false
    }, {
      "id" : "s6-t19",
      "begin" : 787,
      "end" : 791,
      "text" : "Page",
      "whiteSpace" : false
    }, {
      "id" : "s6-t20",
      "begin" : 792,
      "end" : 795,
      "text" : "128",
      "whiteSpace" : false
    }, {
      "id" : "s6-t21",
      "begin" : 795,
      "end" : 796,
      "text" : ",",
      "whiteSpace" : false
    }, {
      "id" : "s6-t22",
      "begin" : 797,
      "end" : 799,
      "text" : "in",
      "whiteSpace" : false
    }, {
      "id" : "s6-t23",
      "begin" : 800,
      "end" : 803,
      "text" : "the",
      "whiteSpace" : false
    }, {
      "id" : "s6-t24",
      "begin" : 804,
      "end" : 812,
      "text" : "Register",
      "whiteSpace" : false
    }, {
      "id" : "s6-t25",
      "begin" : 812,
      "end" : 814,
      "text" : "'s",
      "whiteSpace" : false
    }, {
      "id" : "s6-t26",
      "begin" : 815,
      "end" : 817,
      "text" : "Of",
      "whiteSpace" : false
    }, {
      "id" : "s6-t27",
      "begin" : 817,
      "end" : 818,
      "text" : "?",
      "whiteSpace" : false
    } ]
  }, {
    "id" : "s7",
    "begin" : 818,
    "end" : 854,
    "text" : "??ce of Humphreys County, Tennessee.",
    "tokens" : [ {
      "id" : "s7-t0",
      "begin" : 818,
      "end" : 822,
      "text" : "??ce",
      "whiteSpace" : false
    }, {
      "id" : "s7-t1",
      "begin" : 823,
      "end" : 825,
      "text" : "of",
      "whiteSpace" : false
    }, {
      "id" : "s7-t2",
      "begin" : 826,
      "end" : 835,
      "text" : "Humphreys",
      "whiteSpace" : false
    }, {
      "id" : "s7-t3",
      "begin" : 836,
      "end" : 842,
      "text" : "County",
      "whiteSpace" : false
    }, {
      "id" : "s7-t4",
      "begin" : 842,
      "end" : 843,
      "text" : ",",
      "whiteSpace" : false
    }, {
      "id" : "s7-t5",
      "begin" : 844,
      "end" : 853,
      "text" : "Tennessee",
      "whiteSpace" : false
    }, {
      "id" : "s7-t6",
      "begin" : 853,
      "end" : 854,
      "text" : ".",
      "whiteSpace" : false
    } ]
  }, {
    "id" : "s8",
    "begin" : 855,
    "end" : 965,
    "text" : "Book WD199 Page 6 This property is subject to the right-of-way of Capps Road formerly known as White Oak Road.",
    "tokens" : [ {
      "id" : "s8-t0",
      "begin" : 855,
      "end" : 859,
      "text" : "Book",
      "whiteSpace" : false
    }, {
      "id" : "s8-t1",
      "begin" : 860,
      "end" : 865,
      "text" : "WD199",
      "whiteSpace" : false
    }, {
      "id" : "s8-t2",
      "begin" : 866,
      "end" : 870,
      "text" : "Page",
      "whiteSpace" : false
    }, {
      "id" : "s8-t3",
      "begin" : 871,
      "end" : 872,
      "text" : "6",
      "whiteSpace" : false
    }, {
      "id" : "s8-t4",
      "begin" : 873,
      "end" : 877,
      "text" : "This",
      "whiteSpace" : false
    }, {
      "id" : "s8-t5",
      "begin" : 878,
      "end" : 886,
      "text" : "property",
      "whiteSpace" : false
    }, {
      "id" : "s8-t6",
      "begin" : 887,
      "end" : 889,
      "text" : "is",
      "whiteSpace" : false
    }, {
      "id" : "s8-t7",
      "begin" : 890,
      "end" : 897,
      "text" : "subject",
      "whiteSpace" : false
    }, {
      "id" : "s8-t8",
      "begin" : 898,
      "end" : 900,
      "text" : "to",
      "whiteSpace" : false
    }, {
      "id" : "s8-t9",
      "begin" : 901,
      "end" : 904,
      "text" : "the",
      "whiteSpace" : false
    }, {
      "id" : "s8-t10",
      "begin" : 905,
      "end" : 917,
      "text" : "right-of-way",
      "whiteSpace" : false
    }, {
      "id" : "s8-t11",
      "begin" : 918,
      "end" : 920,
      "text" : "of",
      "whiteSpace" : false
    }, {
      "id" : "s8-t12",
      "begin" : 921,
      "end" : 926,
      "text" : "Capps",
      "whiteSpace" : false
    }, {
      "id" : "s8-t13",
      "begin" : 927,
      "end" : 931,
      "text" : "Road",
      "whiteSpace" : false
    }, {
      "id" : "s8-t14",
      "begin" : 932,
      "end" : 940,
      "text" : "formerly",
      "whiteSpace" : false
    }, {
      "id" : "s8-t15",
      "begin" : 941,
      "end" : 946,
      "text" : "known",
      "whiteSpace" : false
    }, {
      "id" : "s8-t16",
      "begin" : 947,
      "end" : 949,
      "text" : "as",
      "whiteSpace" : false
    }, {
      "id" : "s8-t17",
      "begin" : 950,
      "end" : 955,
      "text" : "White",
      "whiteSpace" : false
    }, {
      "id" : "s8-t18",
      "begin" : 956,
      "end" : 959,
      "text" : "Oak",
      "whiteSpace" : false
    }, {
      "id" : "s8-t19",
      "begin" : 960,
      "end" : 964,
      "text" : "Road",
      "whiteSpace" : false
    }, {
      "id" : "s8-t20",
      "begin" : 964,
      "end" : 965,
      "text" : ".",
      "whiteSpace" : false
    } ]
  }, {
    "id" : "s9",
    "begin" : 966,
    "end" : 1087,
    "text" : "Subject to an Agreement for Dedication of Right-of-Way of record in Warranty Deed Book 194, Page 128, as cerrected by Af?",
    "tokens" : [ {
      "id" : "s9-t0",
      "begin" : 966,
      "end" : 973,
      "text" : "Subject",
      "whiteSpace" : false
    }, {
      "id" : "s9-t1",
      "begin" : 974,
      "end" : 976,
      "text" : "to",
      "whiteSpace" : false
    }, {
      "id" : "s9-t2",
      "begin" : 977,
      "end" : 979,
      "text" : "an",
      "whiteSpace" : false
    }, {
      "id" : "s9-t3",
      "begin" : 980,
      "end" : 989,
      "text" : "Agreement",
      "whiteSpace" : false
    }, {
      "id" : "s9-t4",
      "begin" : 990,
      "end" : 993,
      "text" : "for",
      "whiteSpace" : false
    }, {
      "id" : "s9-t5",
      "begin" : 994,
      "end" : 1004,
      "text" : "Dedication",
      "whiteSpace" : false
    }, {
      "id" : "s9-t6",
      "begin" : 1005,
      "end" : 1007,
      "text" : "of",
      "whiteSpace" : false
    }, {
      "id" : "s9-t7",
      "begin" : 1008,
      "end" : 1013,
      "text" : "Right",
      "whiteSpace" : false
    }, {
      "id" : "s9-t8",
      "begin" : 1013,
      "end" : 1014,
      "text" : "-",
      "whiteSpace" : false
    }, {
      "id" : "s9-t9",
      "begin" : 1014,
      "end" : 1016,
      "text" : "of",
      "whiteSpace" : false
    }, {
      "id" : "s9-t10",
      "begin" : 1016,
      "end" : 1017,
      "text" : "-",
      "whiteSpace" : false
    }, {
      "id" : "s9-t11",
      "begin" : 1017,
      "end" : 1020,
      "text" : "Way",
      "whiteSpace" : false
    }, {
      "id" : "s9-t12",
      "begin" : 1021,
      "end" : 1023,
      "text" : "of",
      "whiteSpace" : false
    }, {
      "id" : "s9-t13",
      "begin" : 1024,
      "end" : 1030,
      "text" : "record",
      "whiteSpace" : false
    }, {
      "id" : "s9-t14",
      "begin" : 1031,
      "end" : 1033,
      "text" : "in",
      "whiteSpace" : false
    }, {
      "id" : "s9-t15",
      "begin" : 1034,
      "end" : 1042,
      "text" : "Warranty",
      "whiteSpace" : false
    }, {
      "id" : "s9-t16",
      "begin" : 1043,
      "end" : 1047,
      "text" : "Deed",
      "whiteSpace" : false
    }, {
      "id" : "s9-t17",
      "begin" : 1048,
      "end" : 1052,
      "text" : "Book",
      "whiteSpace" : false
    }, {
      "id" : "s9-t18",
      "begin" : 1053,
      "end" : 1056,
      "text" : "194",
      "whiteSpace" : false
    }, {
      "id" : "s9-t19",
      "begin" : 1056,
      "end" : 1057,
      "text" : ",",
      "whiteSpace" : false
    }, {
      "id" : "s9-t20",
      "begin" : 1058,
      "end" : 1062,
      "text" : "Page",
      "whiteSpace" : false
    }, {
      "id" : "s9-t21",
      "begin" : 1063,
      "end" : 1066,
      "text" : "128",
      "whiteSpace" : false
    }, {
      "id" : "s9-t22",
      "begin" : 1066,
      "end" : 1067,
      "text" : ",",
      "whiteSpace" : false
    }, {
      "id" : "s9-t23",
      "begin" : 1068,
      "end" : 1070,
      "text" : "as",
      "whiteSpace" : false
    }, {
      "id" : "s9-t24",
      "begin" : 1071,
      "end" : 1080,
      "text" : "cerrected",
      "whiteSpace" : false
    }, {
      "id" : "s9-t25",
      "begin" : 1081,
      "end" : 1083,
      "text" : "by",
      "whiteSpace" : false
    }, {
      "id" : "s9-t26",
      "begin" : 1084,
      "end" : 1086,
      "text" : "Af",
      "whiteSpace" : false
    }, {
      "id" : "s9-t27",
      "begin" : 1086,
      "end" : 1087,
      "text" : "?",
      "whiteSpace" : false
    } ]
  }, {
    "id" : "s10",
    "begin" : 1087,
    "end" : 1148,
    "text" : "??davit in Warranty Deed Book 194, Page 210, in the Register?",
    "tokens" : [ {
      "id" : "s10-t0",
      "begin" : 1087,
      "end" : 1094,
      "text" : "??davit",
      "whiteSpace" : false
    }, {
      "id" : "s10-t1",
      "begin" : 1095,
      "end" : 1097,
      "text" : "in",
      "whiteSpace" : false
    }, {
      "id" : "s10-t2",
      "begin" : 1098,
      "end" : 1106,
      "text" : "Warranty",
      "whiteSpace" : false
    }, {
      "id" : "s10-t3",
      "begin" : 1107,
      "end" : 1111,
      "text" : "Deed",
      "whiteSpace" : false
    }, {
      "id" : "s10-t4",
      "begin" : 1112,
      "end" : 1116,
      "text" : "Book",
      "whiteSpace" : false
    }, {
      "id" : "s10-t5",
      "begin" : 1117,
      "end" : 1120,
      "text" : "194",
      "whiteSpace" : false
    }, {
      "id" : "s10-t6",
      "begin" : 1120,
      "end" : 1121,
      "text" : ",",
      "whiteSpace" : false
    }, {
      "id" : "s10-t7",
      "begin" : 1122,
      "end" : 1126,
      "text" : "Page",
      "whiteSpace" : false
    }, {
      "id" : "s10-t8",
      "begin" : 1127,
      "end" : 1130,
      "text" : "210",
      "whiteSpace" : false
    }, {
      "id" : "s10-t9",
      "begin" : 1130,
      "end" : 1131,
      "text" : ",",
      "whiteSpace" : false
    }, {
      "id" : "s10-t10",
      "begin" : 1132,
      "end" : 1134,
      "text" : "in",
      "whiteSpace" : false
    }, {
      "id" : "s10-t11",
      "begin" : 1135,
      "end" : 1138,
      "text" : "the",
      "whiteSpace" : false
    }, {
      "id" : "s10-t12",
      "begin" : 1139,
      "end" : 1147,
      "text" : "Register",
      "whiteSpace" : false
    }, {
      "id" : "s10-t13",
      "begin" : 1147,
      "end" : 1148,
      "text" : "?",
      "whiteSpace" : false
    } ]
  }, {
    "id" : "s11",
    "begin" : 1148,
    "end" : 1155,
    "text" : "??s Of?",
    "tokens" : [ {
      "id" : "s11-t0",
      "begin" : 1148,
      "end" : 1151,
      "text" : "??s",
      "whiteSpace" : false
    }, {
      "id" : "s11-t1",
      "begin" : 1152,
      "end" : 1154,
      "text" : "Of",
      "whiteSpace" : false
    }, {
      "id" : "s11-t2",
      "begin" : 1154,
      "end" : 1155,
      "text" : "?",
      "whiteSpace" : false
    } ]
  }, {
    "id" : "s12",
    "begin" : 1155,
    "end" : 1191,
    "text" : "??ce of Humphreys County, Tennessee.",
    "tokens" : [ {
      "id" : "s12-t0",
      "begin" : 1155,
      "end" : 1159,
      "text" : "??ce",
      "whiteSpace" : false
    }, {
      "id" : "s12-t1",
      "begin" : 1160,
      "end" : 1162,
      "text" : "of",
      "whiteSpace" : false
    }, {
      "id" : "s12-t2",
      "begin" : 1163,
      "end" : 1172,
      "text" : "Humphreys",
      "whiteSpace" : false
    }, {
      "id" : "s12-t3",
      "begin" : 1173,
      "end" : 1179,
      "text" : "County",
      "whiteSpace" : false
    }, {
      "id" : "s12-t4",
      "begin" : 1179,
      "end" : 1180,
      "text" : ",",
      "whiteSpace" : false
    }, {
      "id" : "s12-t5",
      "begin" : 1181,
      "end" : 1190,
      "text" : "Tennessee",
      "whiteSpace" : false
    }, {
      "id" : "s12-t6",
      "begin" : 1190,
      "end" : 1191,
      "text" : ".",
      "whiteSpace" : false
    } ]
  }, {
    "id" : "s13",
    "begin" : 1192,
    "end" : 1363,
    "text" : "This is (X) Unimproved ( ) Improved property known as 444 Capps Rd &amp; 14.36 acres Capps Rd, McEwen, TN 37101 THIS CONVEYANCE IS SUBJECT T O: 2013 Humphreys County Taxes",
    "tokens" : [ {
      "id" : "s13-t0",
      "begin" : 1192,
      "end" : 1196,
      "text" : "This",
      "whiteSpace" : false
    }, {
      "id" : "s13-t1",
      "begin" : 1197,
      "end" : 1199,
      "text" : "is",
      "whiteSpace" : false
    }, {
      "id" : "s13-t2",
      "begin" : 1200,
      "end" : 1201,
      "text" : "(",
      "whiteSpace" : false
    }, {
      "id" : "s13-t3",
      "begin" : 1201,
      "end" : 1202,
      "text" : "X",
      "whiteSpace" : false
    }, {
      "id" : "s13-t4",
      "begin" : 1202,
      "end" : 1203,
      "text" : ")",
      "whiteSpace" : false
    }, {
      "id" : "s13-t5",
      "begin" : 1204,
      "end" : 1214,
      "text" : "Unimproved",
      "whiteSpace" : false
    }, {
      "id" : "s13-t6",
      "begin" : 1215,
      "end" : 1216,
      "text" : "(",
      "whiteSpace" : false
    }, {
      "id" : "s13-t7",
      "begin" : 1217,
      "end" : 1218,
      "text" : ")",
      "whiteSpace" : false
    }, {
      "id" : "s13-t8",
      "begin" : 1219,
      "end" : 1227,
      "text" : "Improved",
      "whiteSpace" : false
    }, {
      "id" : "s13-t9",
      "begin" : 1228,
      "end" : 1236,
      "text" : "property",
      "whiteSpace" : false
    }, {
      "id" : "s13-t10",
      "begin" : 1237,
      "end" : 1242,
      "text" : "known",
      "whiteSpace" : false
    }, {
      "id" : "s13-t11",
      "begin" : 1243,
      "end" : 1245,
      "text" : "as",
      "whiteSpace" : false
    }, {
      "id" : "s13-t12",
      "begin" : 1246,
      "end" : 1249,
      "text" : "444",
      "whiteSpace" : false
    }, {
      "id" : "s13-t13",
      "begin" : 1250,
      "end" : 1255,
      "text" : "Capps",
      "whiteSpace" : false
    }, {
      "id" : "s13-t14",
      "begin" : 1256,
      "end" : 1258,
      "text" : "Rd",
      "whiteSpace" : false
    }, {
      "id" : "s13-t15",
      "begin" : 1259,
      "end" : 1264,
      "text" : "&amp;",
      "whiteSpace" : false
    }, {
      "id" : "s13-t16",
      "begin" : 1265,
      "end" : 1270,
      "text" : "14.36",
      "whiteSpace" : false
    }, {
      "id" : "s13-t17",
      "begin" : 1271,
      "end" : 1276,
      "text" : "acres",
      "whiteSpace" : false
    }, {
      "id" : "s13-t18",
      "begin" : 1277,
      "end" : 1282,
      "text" : "Capps",
      "whiteSpace" : false
    }, {
      "id" : "s13-t19",
      "begin" : 1283,
      "end" : 1285,
      "text" : "Rd",
      "whiteSpace" : false
    }, {
      "id" : "s13-t20",
      "begin" : 1285,
      "end" : 1286,
      "text" : ",",
      "whiteSpace" : false
    }, {
      "id" : "s13-t21",
      "begin" : 1287,
      "end" : 1293,
      "text" : "McEwen",
      "whiteSpace" : false
    }, {
      "id" : "s13-t22",
      "begin" : 1293,
      "end" : 1294,
      "text" : ",",
      "whiteSpace" : false
    }, {
      "id" : "s13-t23",
      "begin" : 1295,
      "end" : 1297,
      "text" : "TN",
      "whiteSpace" : false
    }, {
      "id" : "s13-t24",
      "begin" : 1298,
      "end" : 1303,
      "text" : "37101",
      "whiteSpace" : false
    }, {
      "id" : "s13-t25",
      "begin" : 1304,
      "end" : 1308,
      "text" : "THIS",
      "whiteSpace" : false
    }, {
      "id" : "s13-t26",
      "begin" : 1309,
      "end" : 1319,
      "text" : "CONVEYANCE",
      "whiteSpace" : false
    }, {
      "id" : "s13-t27",
      "begin" : 1320,
      "end" : 1322,
      "text" : "IS",
      "whiteSpace" : false
    }, {
      "id" : "s13-t28",
      "begin" : 1323,
      "end" : 1330,
      "text" : "SUBJECT",
      "whiteSpace" : false
    }, {
      "id" : "s13-t29",
      "begin" : 1331,
      "end" : 1332,
      "text" : "T",
      "whiteSpace" : false
    }, {
      "id" : "s13-t30",
      "begin" : 1333,
      "end" : 1334,
      "text" : "O",
      "whiteSpace" : false
    }, {
      "id" : "s13-t31",
      "begin" : 1334,
      "end" : 1335,
      "text" : ":",
      "whiteSpace" : false
    }, {
      "id" : "s13-t32",
      "begin" : 1336,
      "end" : 1340,
      "text" : "2013",
      "whiteSpace" : false
    }, {
      "id" : "s13-t33",
      "begin" : 1341,
      "end" : 1350,
      "text" : "Humphreys",
      "whiteSpace" : false
    }, {
      "id" : "s13-t34",
      "begin" : 1351,
      "end" : 1357,
      "text" : "County",
      "whiteSpace" : false
    }, {
      "id" : "s13-t35",
      "begin" : 1358,
      "end" : 1363,
      "text" : "Taxes",
      "whiteSpace" : false
    } ]
  } ],
  "mentions" : [ {
    "id" : "s1-m1",
    "properties" : {
      "SIRE_MENTION_ROLE" : "WarrDeedBookNum",
      "SIRE_ENTITY_SUBTYPE" : "NONE",
      "SIRE_MENTION_TYPE" : "NONE",
      "SIRE_MENTION_CLASS" : "SPC"
    },
    "type" : "WarrDeedBookNum",
    "begin" : 205,
    "end" : 208,
    "inCoref" : false
  }, {
    "id" : "s1-m2",
    "properties" : {
      "SIRE_MENTION_ROLE" : "WarrDeedPageNum",
      "SIRE_ENTITY_SUBTYPE" : "NONE",
      "SIRE_MENTION_TYPE" : "NONE",
      "SIRE_MENTION_CLASS" : "SPC"
    },
    "type" : "WarrDeedPageNum",
    "begin" : 215,
    "end" : 219,
    "inCoref" : false
  } ],
  "relations" : [ ],
  "corefs" : [ ],
  "typeResolved" : true,
  "userResolved" : false
}