{
  "id" : "fac73870-5685-11e9-8538-e5e57d696462-13",
  "name" : "WD1-20_5.txt",
  "createdDate" : 0,
  "version" : 3,
  "text" : " For and in consideration of the sum of Sixty Thousand Dollars ($60,000.00) cash in hand paid, and other good and valuable considerations, the receipt of which is hereby acknowledged, SKY GROUP, INC., this date has bargained and sold, and by these presents does transfer and convey unto PATRICIA RAHEL and SHAWN J. O'CONNOR, as joint tenants with right of survivorship and not as tenants in common, their heirs and assigns, a certain tract or parcel of land in the Fifth Civil District of Humphreys County, Tennessee, and being more particularly described as follows",
  "docLength" : 0,
  "language" : "EN",
  "status" : "SUBMITTED",
  "modifiedDate" : 1554347864114,
  "documentSet" : [ ],
  "preannotation" : [ ],
  "sentences" : [ {
    "id" : "s0",
    "begin" : 1,
    "end" : 566,
    "text" : "For and in consideration of the sum of Sixty Thousand Dollars ($60,000.00) cash in hand paid, and other good and valuable considerations, the receipt of which is hereby acknowledged, SKY GROUP, INC., this date has bargained and sold, and by these presents does transfer and convey unto PATRICIA RAHEL and SHAWN J. O'CONNOR, as joint tenants with right of survivorship and not as tenants in common, their heirs and assigns, a certain tract or parcel of land in the Fifth Civil District of Humphreys County, Tennessee, and being more particularly described as follows",
    "tokens" : [ {
      "id" : "s0-t0",
      "begin" : 1,
      "end" : 4,
      "text" : "For",
      "whiteSpace" : false
    }, {
      "id" : "s0-t1",
      "begin" : 5,
      "end" : 8,
      "text" : "and",
      "whiteSpace" : false
    }, {
      "id" : "s0-t2",
      "begin" : 9,
      "end" : 11,
      "text" : "in",
      "whiteSpace" : false
    }, {
      "id" : "s0-t3",
      "begin" : 12,
      "end" : 25,
      "text" : "consideration",
      "whiteSpace" : false
    }, {
      "id" : "s0-t4",
      "begin" : 26,
      "end" : 28,
      "text" : "of",
      "whiteSpace" : false
    }, {
      "id" : "s0-t5",
      "begin" : 29,
      "end" : 32,
      "text" : "the",
      "whiteSpace" : false
    }, {
      "id" : "s0-t6",
      "begin" : 33,
      "end" : 36,
      "text" : "sum",
      "whiteSpace" : false
    }, {
      "id" : "s0-t7",
      "begin" : 37,
      "end" : 39,
      "text" : "of",
      "whiteSpace" : false
    }, {
      "id" : "s0-t8",
      "begin" : 40,
      "end" : 45,
      "text" : "Sixty",
      "whiteSpace" : false
    }, {
      "id" : "s0-t9",
      "begin" : 46,
      "end" : 54,
      "text" : "Thousand",
      "whiteSpace" : false
    }, {
      "id" : "s0-t10",
      "begin" : 55,
      "end" : 62,
      "text" : "Dollars",
      "whiteSpace" : false
    }, {
      "id" : "s0-t11",
      "begin" : 63,
      "end" : 64,
      "text" : "(",
      "whiteSpace" : false
    }, {
      "id" : "s0-t12",
      "begin" : 64,
      "end" : 65,
      "text" : "$",
      "whiteSpace" : false
    }, {
      "id" : "s0-t13",
      "begin" : 65,
      "end" : 74,
      "text" : "60,000.00",
      "whiteSpace" : false
    }, {
      "id" : "s0-t14",
      "begin" : 74,
      "end" : 75,
      "text" : ")",
      "whiteSpace" : false
    }, {
      "id" : "s0-t15",
      "begin" : 76,
      "end" : 80,
      "text" : "cash",
      "whiteSpace" : false
    }, {
      "id" : "s0-t16",
      "begin" : 81,
      "end" : 83,
      "text" : "in",
      "whiteSpace" : false
    }, {
      "id" : "s0-t17",
      "begin" : 84,
      "end" : 88,
      "text" : "hand",
      "whiteSpace" : false
    }, {
      "id" : "s0-t18",
      "begin" : 89,
      "end" : 93,
      "text" : "paid",
      "whiteSpace" : false
    }, {
      "id" : "s0-t19",
      "begin" : 93,
      "end" : 94,
      "text" : ",",
      "whiteSpace" : false
    }, {
      "id" : "s0-t20",
      "begin" : 95,
      "end" : 98,
      "text" : "and",
      "whiteSpace" : false
    }, {
      "id" : "s0-t21",
      "begin" : 99,
      "end" : 104,
      "text" : "other",
      "whiteSpace" : false
    }, {
      "id" : "s0-t22",
      "begin" : 105,
      "end" : 109,
      "text" : "good",
      "whiteSpace" : false
    }, {
      "id" : "s0-t23",
      "begin" : 110,
      "end" : 113,
      "text" : "and",
      "whiteSpace" : false
    }, {
      "id" : "s0-t24",
      "begin" : 114,
      "end" : 122,
      "text" : "valuable",
      "whiteSpace" : false
    }, {
      "id" : "s0-t25",
      "begin" : 123,
      "end" : 137,
      "text" : "considerations",
      "whiteSpace" : false
    }, {
      "id" : "s0-t26",
      "begin" : 137,
      "end" : 138,
      "text" : ",",
      "whiteSpace" : false
    }, {
      "id" : "s0-t27",
      "begin" : 139,
      "end" : 142,
      "text" : "the",
      "whiteSpace" : false
    }, {
      "id" : "s0-t28",
      "begin" : 143,
      "end" : 150,
      "text" : "receipt",
      "whiteSpace" : false
    }, {
      "id" : "s0-t29",
      "begin" : 151,
      "end" : 153,
      "text" : "of",
      "whiteSpace" : false
    }, {
      "id" : "s0-t30",
      "begin" : 154,
      "end" : 159,
      "text" : "which",
      "whiteSpace" : false
    }, {
      "id" : "s0-t31",
      "begin" : 160,
      "end" : 162,
      "text" : "is",
      "whiteSpace" : false
    }, {
      "id" : "s0-t32",
      "begin" : 163,
      "end" : 169,
      "text" : "hereby",
      "whiteSpace" : false
    }, {
      "id" : "s0-t33",
      "begin" : 170,
      "end" : 182,
      "text" : "acknowledged",
      "whiteSpace" : false
    }, {
      "id" : "s0-t34",
      "begin" : 182,
      "end" : 183,
      "text" : ",",
      "whiteSpace" : false
    }, {
      "id" : "s0-t35",
      "begin" : 184,
      "end" : 187,
      "text" : "SKY",
      "whiteSpace" : false
    }, {
      "id" : "s0-t36",
      "begin" : 188,
      "end" : 193,
      "text" : "GROUP",
      "whiteSpace" : false
    }, {
      "id" : "s0-t37",
      "begin" : 193,
      "end" : 194,
      "text" : ",",
      "whiteSpace" : false
    }, {
      "id" : "s0-t38",
      "begin" : 195,
      "end" : 199,
      "text" : "INC.",
      "whiteSpace" : false
    }, {
      "id" : "s0-t39",
      "begin" : 199,
      "end" : 200,
      "text" : ",",
      "whiteSpace" : false
    }, {
      "id" : "s0-t40",
      "begin" : 201,
      "end" : 205,
      "text" : "this",
      "whiteSpace" : false
    }, {
      "id" : "s0-t41",
      "begin" : 206,
      "end" : 210,
      "text" : "date",
      "whiteSpace" : false
    }, {
      "id" : "s0-t42",
      "begin" : 211,
      "end" : 214,
      "text" : "has",
      "whiteSpace" : false
    }, {
      "id" : "s0-t43",
      "begin" : 215,
      "end" : 224,
      "text" : "bargained",
      "whiteSpace" : false
    }, {
      "id" : "s0-t44",
      "begin" : 225,
      "end" : 228,
      "text" : "and",
      "whiteSpace" : false
    }, {
      "id" : "s0-t45",
      "begin" : 229,
      "end" : 233,
      "text" : "sold",
      "whiteSpace" : false
    }, {
      "id" : "s0-t46",
      "begin" : 233,
      "end" : 234,
      "text" : ",",
      "whiteSpace" : false
    }, {
      "id" : "s0-t47",
      "begin" : 235,
      "end" : 238,
      "text" : "and",
      "whiteSpace" : false
    }, {
      "id" : "s0-t48",
      "begin" : 239,
      "end" : 241,
      "text" : "by",
      "whiteSpace" : false
    }, {
      "id" : "s0-t49",
      "begin" : 242,
      "end" : 247,
      "text" : "these",
      "whiteSpace" : false
    }, {
      "id" : "s0-t50",
      "begin" : 248,
      "end" : 256,
      "text" : "presents",
      "whiteSpace" : false
    }, {
      "id" : "s0-t51",
      "begin" : 257,
      "end" : 261,
      "text" : "does",
      "whiteSpace" : false
    }, {
      "id" : "s0-t52",
      "begin" : 262,
      "end" : 270,
      "text" : "transfer",
      "whiteSpace" : false
    }, {
      "id" : "s0-t53",
      "begin" : 271,
      "end" : 274,
      "text" : "and",
      "whiteSpace" : false
    }, {
      "id" : "s0-t54",
      "begin" : 275,
      "end" : 281,
      "text" : "convey",
      "whiteSpace" : false
    }, {
      "id" : "s0-t55",
      "begin" : 282,
      "end" : 286,
      "text" : "unto",
      "whiteSpace" : false
    }, {
      "id" : "s0-t56",
      "begin" : 287,
      "end" : 295,
      "text" : "PATRICIA",
      "whiteSpace" : false
    }, {
      "id" : "s0-t57",
      "begin" : 296,
      "end" : 301,
      "text" : "RAHEL",
      "whiteSpace" : false
    }, {
      "id" : "s0-t58",
      "begin" : 302,
      "end" : 305,
      "text" : "and",
      "whiteSpace" : false
    }, {
      "id" : "s0-t59",
      "begin" : 306,
      "end" : 311,
      "text" : "SHAWN",
      "whiteSpace" : false
    }, {
      "id" : "s0-t60",
      "begin" : 312,
      "end" : 314,
      "text" : "J.",
      "whiteSpace" : false
    }, {
      "id" : "s0-t61",
      "begin" : 315,
      "end" : 316,
      "text" : "O",
      "whiteSpace" : false
    }, {
      "id" : "s0-t62",
      "begin" : 316,
      "end" : 317,
      "text" : "'",
      "whiteSpace" : false
    }, {
      "id" : "s0-t63",
      "begin" : 317,
      "end" : 323,
      "text" : "CONNOR",
      "whiteSpace" : false
    }, {
      "id" : "s0-t64",
      "begin" : 323,
      "end" : 324,
      "text" : ",",
      "whiteSpace" : false
    }, {
      "id" : "s0-t65",
      "begin" : 325,
      "end" : 327,
      "text" : "as",
      "whiteSpace" : false
    }, {
      "id" : "s0-t66",
      "begin" : 328,
      "end" : 333,
      "text" : "joint",
      "whiteSpace" : false
    }, {
      "id" : "s0-t67",
      "begin" : 334,
      "end" : 341,
      "text" : "tenants",
      "whiteSpace" : false
    }, {
      "id" : "s0-t68",
      "begin" : 342,
      "end" : 346,
      "text" : "with",
      "whiteSpace" : false
    }, {
      "id" : "s0-t69",
      "begin" : 347,
      "end" : 352,
      "text" : "right",
      "whiteSpace" : false
    }, {
      "id" : "s0-t70",
      "begin" : 353,
      "end" : 355,
      "text" : "of",
      "whiteSpace" : false
    }, {
      "id" : "s0-t71",
      "begin" : 356,
      "end" : 368,
      "text" : "survivorship",
      "whiteSpace" : false
    }, {
      "id" : "s0-t72",
      "begin" : 369,
      "end" : 372,
      "text" : "and",
      "whiteSpace" : false
    }, {
      "id" : "s0-t73",
      "begin" : 373,
      "end" : 376,
      "text" : "not",
      "whiteSpace" : false
    }, {
      "id" : "s0-t74",
      "begin" : 377,
      "end" : 379,
      "text" : "as",
      "whiteSpace" : false
    }, {
      "id" : "s0-t75",
      "begin" : 380,
      "end" : 387,
      "text" : "tenants",
      "whiteSpace" : false
    }, {
      "id" : "s0-t76",
      "begin" : 388,
      "end" : 390,
      "text" : "in",
      "whiteSpace" : false
    }, {
      "id" : "s0-t77",
      "begin" : 391,
      "end" : 397,
      "text" : "common",
      "whiteSpace" : false
    }, {
      "id" : "s0-t78",
      "begin" : 397,
      "end" : 398,
      "text" : ",",
      "whiteSpace" : false
    }, {
      "id" : "s0-t79",
      "begin" : 399,
      "end" : 404,
      "text" : "their",
      "whiteSpace" : false
    }, {
      "id" : "s0-t80",
      "begin" : 405,
      "end" : 410,
      "text" : "heirs",
      "whiteSpace" : false
    }, {
      "id" : "s0-t81",
      "begin" : 411,
      "end" : 414,
      "text" : "and",
      "whiteSpace" : false
    }, {
      "id" : "s0-t82",
      "begin" : 415,
      "end" : 422,
      "text" : "assigns",
      "whiteSpace" : false
    }, {
      "id" : "s0-t83",
      "begin" : 422,
      "end" : 423,
      "text" : ",",
      "whiteSpace" : false
    }, {
      "id" : "s0-t84",
      "begin" : 424,
      "end" : 425,
      "text" : "a",
      "whiteSpace" : false
    }, {
      "id" : "s0-t85",
      "begin" : 426,
      "end" : 433,
      "text" : "certain",
      "whiteSpace" : false
    }, {
      "id" : "s0-t86",
      "begin" : 434,
      "end" : 439,
      "text" : "tract",
      "whiteSpace" : false
    }, {
      "id" : "s0-t87",
      "begin" : 440,
      "end" : 442,
      "text" : "or",
      "whiteSpace" : false
    }, {
      "id" : "s0-t88",
      "begin" : 443,
      "end" : 449,
      "text" : "parcel",
      "whiteSpace" : false
    }, {
      "id" : "s0-t89",
      "begin" : 450,
      "end" : 452,
      "text" : "of",
      "whiteSpace" : false
    }, {
      "id" : "s0-t90",
      "begin" : 453,
      "end" : 457,
      "text" : "land",
      "whiteSpace" : false
    }, {
      "id" : "s0-t91",
      "begin" : 458,
      "end" : 460,
      "text" : "in",
      "whiteSpace" : false
    }, {
      "id" : "s0-t92",
      "begin" : 461,
      "end" : 464,
      "text" : "the",
      "whiteSpace" : false
    }, {
      "id" : "s0-t93",
      "begin" : 465,
      "end" : 470,
      "text" : "Fifth",
      "whiteSpace" : false
    }, {
      "id" : "s0-t94",
      "begin" : 471,
      "end" : 476,
      "text" : "Civil",
      "whiteSpace" : false
    }, {
      "id" : "s0-t95",
      "begin" : 477,
      "end" : 485,
      "text" : "District",
      "whiteSpace" : false
    }, {
      "id" : "s0-t96",
      "begin" : 486,
      "end" : 488,
      "text" : "of",
      "whiteSpace" : false
    }, {
      "id" : "s0-t97",
      "begin" : 489,
      "end" : 498,
      "text" : "Humphreys",
      "whiteSpace" : false
    }, {
      "id" : "s0-t98",
      "begin" : 499,
      "end" : 505,
      "text" : "County",
      "whiteSpace" : false
    }, {
      "id" : "s0-t99",
      "begin" : 505,
      "end" : 506,
      "text" : ",",
      "whiteSpace" : false
    }, {
      "id" : "s0-t100",
      "begin" : 507,
      "end" : 516,
      "text" : "Tennessee",
      "whiteSpace" : false
    }, {
      "id" : "s0-t101",
      "begin" : 516,
      "end" : 517,
      "text" : ",",
      "whiteSpace" : false
    }, {
      "id" : "s0-t102",
      "begin" : 518,
      "end" : 521,
      "text" : "and",
      "whiteSpace" : false
    }, {
      "id" : "s0-t103",
      "begin" : 522,
      "end" : 527,
      "text" : "being",
      "whiteSpace" : false
    }, {
      "id" : "s0-t104",
      "begin" : 528,
      "end" : 532,
      "text" : "more",
      "whiteSpace" : false
    }, {
      "id" : "s0-t105",
      "begin" : 533,
      "end" : 545,
      "text" : "particularly",
      "whiteSpace" : false
    }, {
      "id" : "s0-t106",
      "begin" : 546,
      "end" : 555,
      "text" : "described",
      "whiteSpace" : false
    }, {
      "id" : "s0-t107",
      "begin" : 556,
      "end" : 558,
      "text" : "as",
      "whiteSpace" : false
    }, {
      "id" : "s0-t108",
      "begin" : 559,
      "end" : 566,
      "text" : "follows",
      "whiteSpace" : false
    } ]
  } ],
  "mentions" : [ {
    "id" : "s0-m1",
    "properties" : {
      "SIRE_MENTION_ROLE" : "Grantor",
      "SIRE_ENTITY_SUBTYPE" : "NONE",
      "SIRE_MENTION_TYPE" : "NONE",
      "SIRE_MENTION_CLASS" : "SPC"
    },
    "type" : "Grantor",
    "begin" : 184,
    "end" : 199,
    "inCoref" : false
  }, {
    "id" : "s0-m2",
    "properties" : {
      "SIRE_MENTION_ROLE" : "Grantee",
      "SIRE_ENTITY_SUBTYPE" : "NONE",
      "SIRE_MENTION_TYPE" : "NONE",
      "SIRE_MENTION_CLASS" : "SPC"
    },
    "type" : "Grantee",
    "begin" : 287,
    "end" : 301,
    "inCoref" : false
  }, {
    "id" : "s0-m3",
    "properties" : {
      "SIRE_MENTION_ROLE" : "Grantee",
      "SIRE_ENTITY_SUBTYPE" : "NONE",
      "SIRE_MENTION_TYPE" : "NONE",
      "SIRE_MENTION_CLASS" : "SPC"
    },
    "type" : "Grantee",
    "begin" : 306,
    "end" : 323,
    "inCoref" : false
  } ],
  "relations" : [ ],
  "corefs" : [ ],
  "typeResolved" : true,
  "userResolved" : false
}