{
  "id" : "fac73870-5685-11e9-8538-e5e57d696462-4",
  "name" : "WD1-19_1.txt",
  "createdDate" : 0,
  "version" : 3,
  "text" : "For and in consideration of the sum of TEN AND NO/ 100 ($10.00) DOLLARS, cash in hand paid, and other good and valuable considerations, the receipt of which is hereby acknowledged, we, JOE L. HUGHEY and ANDERSON W. J ARRETT, TRUSTEES for the use and bene???t of SPANN CHURCH OF CHRIST, an unincorporated religious association, this date have bargained and sold, and by these presents do transfer and convey unto JERRY M. SCEALS and wife, CAROL SCEALS, their heirs and assigns, a certain tract or parcel of land in the Second Civil District of Humphreys County, Tennessee, and being more particularly described as follows: Humphreys County, Tennessee; running ",
  "docLength" : 0,
  "language" : "EN",
  "status" : "SUBMITTED",
  "modifiedDate" : 1554347932915,
  "documentSet" : [ ],
  "preannotation" : [ ],
  "sentences" : [ {
    "id" : "s0",
    "begin" : 0,
    "end" : 255,
    "text" : "For and in consideration of the sum of TEN AND NO/ 100 ($10.00) DOLLARS, cash in hand paid, and other good and valuable considerations, the receipt of which is hereby acknowledged, we, JOE L. HUGHEY and ANDERSON W. J ARRETT, TRUSTEES for the use and bene?",
    "tokens" : [ {
      "id" : "s0-t0",
      "begin" : 0,
      "end" : 3,
      "text" : "For",
      "whiteSpace" : false
    }, {
      "id" : "s0-t1",
      "begin" : 4,
      "end" : 7,
      "text" : "and",
      "whiteSpace" : false
    }, {
      "id" : "s0-t2",
      "begin" : 8,
      "end" : 10,
      "text" : "in",
      "whiteSpace" : false
    }, {
      "id" : "s0-t3",
      "begin" : 11,
      "end" : 24,
      "text" : "consideration",
      "whiteSpace" : false
    }, {
      "id" : "s0-t4",
      "begin" : 25,
      "end" : 27,
      "text" : "of",
      "whiteSpace" : false
    }, {
      "id" : "s0-t5",
      "begin" : 28,
      "end" : 31,
      "text" : "the",
      "whiteSpace" : false
    }, {
      "id" : "s0-t6",
      "begin" : 32,
      "end" : 35,
      "text" : "sum",
      "whiteSpace" : false
    }, {
      "id" : "s0-t7",
      "begin" : 36,
      "end" : 38,
      "text" : "of",
      "whiteSpace" : false
    }, {
      "id" : "s0-t8",
      "begin" : 39,
      "end" : 42,
      "text" : "TEN",
      "whiteSpace" : false
    }, {
      "id" : "s0-t9",
      "begin" : 43,
      "end" : 46,
      "text" : "AND",
      "whiteSpace" : false
    }, {
      "id" : "s0-t10",
      "begin" : 47,
      "end" : 50,
      "text" : "NO/",
      "whiteSpace" : false
    }, {
      "id" : "s0-t11",
      "begin" : 51,
      "end" : 54,
      "text" : "100",
      "whiteSpace" : false
    }, {
      "id" : "s0-t12",
      "begin" : 55,
      "end" : 56,
      "text" : "(",
      "whiteSpace" : false
    }, {
      "id" : "s0-t13",
      "begin" : 56,
      "end" : 57,
      "text" : "$",
      "whiteSpace" : false
    }, {
      "id" : "s0-t14",
      "begin" : 57,
      "end" : 62,
      "text" : "10.00",
      "whiteSpace" : false
    }, {
      "id" : "s0-t15",
      "begin" : 62,
      "end" : 63,
      "text" : ")",
      "whiteSpace" : false
    }, {
      "id" : "s0-t16",
      "begin" : 64,
      "end" : 71,
      "text" : "DOLLARS",
      "whiteSpace" : false
    }, {
      "id" : "s0-t17",
      "begin" : 71,
      "end" : 72,
      "text" : ",",
      "whiteSpace" : false
    }, {
      "id" : "s0-t18",
      "begin" : 73,
      "end" : 77,
      "text" : "cash",
      "whiteSpace" : false
    }, {
      "id" : "s0-t19",
      "begin" : 78,
      "end" : 80,
      "text" : "in",
      "whiteSpace" : false
    }, {
      "id" : "s0-t20",
      "begin" : 81,
      "end" : 85,
      "text" : "hand",
      "whiteSpace" : false
    }, {
      "id" : "s0-t21",
      "begin" : 86,
      "end" : 90,
      "text" : "paid",
      "whiteSpace" : false
    }, {
      "id" : "s0-t22",
      "begin" : 90,
      "end" : 91,
      "text" : ",",
      "whiteSpace" : false
    }, {
      "id" : "s0-t23",
      "begin" : 92,
      "end" : 95,
      "text" : "and",
      "whiteSpace" : false
    }, {
      "id" : "s0-t24",
      "begin" : 96,
      "end" : 101,
      "text" : "other",
      "whiteSpace" : false
    }, {
      "id" : "s0-t25",
      "begin" : 102,
      "end" : 106,
      "text" : "good",
      "whiteSpace" : false
    }, {
      "id" : "s0-t26",
      "begin" : 107,
      "end" : 110,
      "text" : "and",
      "whiteSpace" : false
    }, {
      "id" : "s0-t27",
      "begin" : 111,
      "end" : 119,
      "text" : "valuable",
      "whiteSpace" : false
    }, {
      "id" : "s0-t28",
      "begin" : 120,
      "end" : 134,
      "text" : "considerations",
      "whiteSpace" : false
    }, {
      "id" : "s0-t29",
      "begin" : 134,
      "end" : 135,
      "text" : ",",
      "whiteSpace" : false
    }, {
      "id" : "s0-t30",
      "begin" : 136,
      "end" : 139,
      "text" : "the",
      "whiteSpace" : false
    }, {
      "id" : "s0-t31",
      "begin" : 140,
      "end" : 147,
      "text" : "receipt",
      "whiteSpace" : false
    }, {
      "id" : "s0-t32",
      "begin" : 148,
      "end" : 150,
      "text" : "of",
      "whiteSpace" : false
    }, {
      "id" : "s0-t33",
      "begin" : 151,
      "end" : 156,
      "text" : "which",
      "whiteSpace" : false
    }, {
      "id" : "s0-t34",
      "begin" : 157,
      "end" : 159,
      "text" : "is",
      "whiteSpace" : false
    }, {
      "id" : "s0-t35",
      "begin" : 160,
      "end" : 166,
      "text" : "hereby",
      "whiteSpace" : false
    }, {
      "id" : "s0-t36",
      "begin" : 167,
      "end" : 179,
      "text" : "acknowledged",
      "whiteSpace" : false
    }, {
      "id" : "s0-t37",
      "begin" : 179,
      "end" : 180,
      "text" : ",",
      "whiteSpace" : false
    }, {
      "id" : "s0-t38",
      "begin" : 181,
      "end" : 183,
      "text" : "we",
      "whiteSpace" : false
    }, {
      "id" : "s0-t39",
      "begin" : 183,
      "end" : 184,
      "text" : ",",
      "whiteSpace" : false
    }, {
      "id" : "s0-t40",
      "begin" : 185,
      "end" : 188,
      "text" : "JOE",
      "whiteSpace" : false
    }, {
      "id" : "s0-t41",
      "begin" : 189,
      "end" : 191,
      "text" : "L.",
      "whiteSpace" : false
    }, {
      "id" : "s0-t42",
      "begin" : 192,
      "end" : 198,
      "text" : "HUGHEY",
      "whiteSpace" : false
    }, {
      "id" : "s0-t43",
      "begin" : 199,
      "end" : 202,
      "text" : "and",
      "whiteSpace" : false
    }, {
      "id" : "s0-t44",
      "begin" : 203,
      "end" : 211,
      "text" : "ANDERSON",
      "whiteSpace" : false
    }, {
      "id" : "s0-t45",
      "begin" : 212,
      "end" : 214,
      "text" : "W.",
      "whiteSpace" : false
    }, {
      "id" : "s0-t46",
      "begin" : 215,
      "end" : 216,
      "text" : "J",
      "whiteSpace" : false
    }, {
      "id" : "s0-t47",
      "begin" : 217,
      "end" : 223,
      "text" : "ARRETT",
      "whiteSpace" : false
    }, {
      "id" : "s0-t48",
      "begin" : 223,
      "end" : 224,
      "text" : ",",
      "whiteSpace" : false
    }, {
      "id" : "s0-t49",
      "begin" : 225,
      "end" : 233,
      "text" : "TRUSTEES",
      "whiteSpace" : false
    }, {
      "id" : "s0-t50",
      "begin" : 234,
      "end" : 237,
      "text" : "for",
      "whiteSpace" : false
    }, {
      "id" : "s0-t51",
      "begin" : 238,
      "end" : 241,
      "text" : "the",
      "whiteSpace" : false
    }, {
      "id" : "s0-t52",
      "begin" : 242,
      "end" : 245,
      "text" : "use",
      "whiteSpace" : false
    }, {
      "id" : "s0-t53",
      "begin" : 246,
      "end" : 249,
      "text" : "and",
      "whiteSpace" : false
    }, {
      "id" : "s0-t54",
      "begin" : 250,
      "end" : 254,
      "text" : "bene",
      "whiteSpace" : false
    }, {
      "id" : "s0-t55",
      "begin" : 254,
      "end" : 255,
      "text" : "?",
      "whiteSpace" : false
    } ]
  }, {
    "id" : "s1",
    "begin" : 255,
    "end" : 658,
    "text" : "??t of SPANN CHURCH OF CHRIST, an unincorporated religious association, this date have bargained and sold, and by these presents do transfer and convey unto JERRY M. SCEALS and wife, CAROL SCEALS, their heirs and assigns, a certain tract or parcel of land in the Second Civil District of Humphreys County, Tennessee, and being more particularly described as follows: Humphreys County, Tennessee; running",
    "tokens" : [ {
      "id" : "s1-t0",
      "begin" : 255,
      "end" : 258,
      "text" : "??t",
      "whiteSpace" : false
    }, {
      "id" : "s1-t1",
      "begin" : 259,
      "end" : 261,
      "text" : "of",
      "whiteSpace" : false
    }, {
      "id" : "s1-t2",
      "begin" : 262,
      "end" : 267,
      "text" : "SPANN",
      "whiteSpace" : false
    }, {
      "id" : "s1-t3",
      "begin" : 268,
      "end" : 274,
      "text" : "CHURCH",
      "whiteSpace" : false
    }, {
      "id" : "s1-t4",
      "begin" : 275,
      "end" : 277,
      "text" : "OF",
      "whiteSpace" : false
    }, {
      "id" : "s1-t5",
      "begin" : 278,
      "end" : 284,
      "text" : "CHRIST",
      "whiteSpace" : false
    }, {
      "id" : "s1-t6",
      "begin" : 284,
      "end" : 285,
      "text" : ",",
      "whiteSpace" : false
    }, {
      "id" : "s1-t7",
      "begin" : 286,
      "end" : 288,
      "text" : "an",
      "whiteSpace" : false
    }, {
      "id" : "s1-t8",
      "begin" : 289,
      "end" : 303,
      "text" : "unincorporated",
      "whiteSpace" : false
    }, {
      "id" : "s1-t9",
      "begin" : 304,
      "end" : 313,
      "text" : "religious",
      "whiteSpace" : false
    }, {
      "id" : "s1-t10",
      "begin" : 314,
      "end" : 325,
      "text" : "association",
      "whiteSpace" : false
    }, {
      "id" : "s1-t11",
      "begin" : 325,
      "end" : 326,
      "text" : ",",
      "whiteSpace" : false
    }, {
      "id" : "s1-t12",
      "begin" : 327,
      "end" : 331,
      "text" : "this",
      "whiteSpace" : false
    }, {
      "id" : "s1-t13",
      "begin" : 332,
      "end" : 336,
      "text" : "date",
      "whiteSpace" : false
    }, {
      "id" : "s1-t14",
      "begin" : 337,
      "end" : 341,
      "text" : "have",
      "whiteSpace" : false
    }, {
      "id" : "s1-t15",
      "begin" : 342,
      "end" : 351,
      "text" : "bargained",
      "whiteSpace" : false
    }, {
      "id" : "s1-t16",
      "begin" : 352,
      "end" : 355,
      "text" : "and",
      "whiteSpace" : false
    }, {
      "id" : "s1-t17",
      "begin" : 356,
      "end" : 360,
      "text" : "sold",
      "whiteSpace" : false
    }, {
      "id" : "s1-t18",
      "begin" : 360,
      "end" : 361,
      "text" : ",",
      "whiteSpace" : false
    }, {
      "id" : "s1-t19",
      "begin" : 362,
      "end" : 365,
      "text" : "and",
      "whiteSpace" : false
    }, {
      "id" : "s1-t20",
      "begin" : 366,
      "end" : 368,
      "text" : "by",
      "whiteSpace" : false
    }, {
      "id" : "s1-t21",
      "begin" : 369,
      "end" : 374,
      "text" : "these",
      "whiteSpace" : false
    }, {
      "id" : "s1-t22",
      "begin" : 375,
      "end" : 383,
      "text" : "presents",
      "whiteSpace" : false
    }, {
      "id" : "s1-t23",
      "begin" : 384,
      "end" : 386,
      "text" : "do",
      "whiteSpace" : false
    }, {
      "id" : "s1-t24",
      "begin" : 387,
      "end" : 395,
      "text" : "transfer",
      "whiteSpace" : false
    }, {
      "id" : "s1-t25",
      "begin" : 396,
      "end" : 399,
      "text" : "and",
      "whiteSpace" : false
    }, {
      "id" : "s1-t26",
      "begin" : 400,
      "end" : 406,
      "text" : "convey",
      "whiteSpace" : false
    }, {
      "id" : "s1-t27",
      "begin" : 407,
      "end" : 411,
      "text" : "unto",
      "whiteSpace" : false
    }, {
      "id" : "s1-t28",
      "begin" : 412,
      "end" : 417,
      "text" : "JERRY",
      "whiteSpace" : false
    }, {
      "id" : "s1-t29",
      "begin" : 418,
      "end" : 420,
      "text" : "M.",
      "whiteSpace" : false
    }, {
      "id" : "s1-t30",
      "begin" : 421,
      "end" : 427,
      "text" : "SCEALS",
      "whiteSpace" : false
    }, {
      "id" : "s1-t31",
      "begin" : 428,
      "end" : 431,
      "text" : "and",
      "whiteSpace" : false
    }, {
      "id" : "s1-t32",
      "begin" : 432,
      "end" : 436,
      "text" : "wife",
      "whiteSpace" : false
    }, {
      "id" : "s1-t33",
      "begin" : 436,
      "end" : 437,
      "text" : ",",
      "whiteSpace" : false
    }, {
      "id" : "s1-t34",
      "begin" : 438,
      "end" : 443,
      "text" : "CAROL",
      "whiteSpace" : false
    }, {
      "id" : "s1-t35",
      "begin" : 444,
      "end" : 450,
      "text" : "SCEALS",
      "whiteSpace" : false
    }, {
      "id" : "s1-t36",
      "begin" : 450,
      "end" : 451,
      "text" : ",",
      "whiteSpace" : false
    }, {
      "id" : "s1-t37",
      "begin" : 452,
      "end" : 457,
      "text" : "their",
      "whiteSpace" : false
    }, {
      "id" : "s1-t38",
      "begin" : 458,
      "end" : 463,
      "text" : "heirs",
      "whiteSpace" : false
    }, {
      "id" : "s1-t39",
      "begin" : 464,
      "end" : 467,
      "text" : "and",
      "whiteSpace" : false
    }, {
      "id" : "s1-t40",
      "begin" : 468,
      "end" : 475,
      "text" : "assigns",
      "whiteSpace" : false
    }, {
      "id" : "s1-t41",
      "begin" : 475,
      "end" : 476,
      "text" : ",",
      "whiteSpace" : false
    }, {
      "id" : "s1-t42",
      "begin" : 477,
      "end" : 478,
      "text" : "a",
      "whiteSpace" : false
    }, {
      "id" : "s1-t43",
      "begin" : 479,
      "end" : 486,
      "text" : "certain",
      "whiteSpace" : false
    }, {
      "id" : "s1-t44",
      "begin" : 487,
      "end" : 492,
      "text" : "tract",
      "whiteSpace" : false
    }, {
      "id" : "s1-t45",
      "begin" : 493,
      "end" : 495,
      "text" : "or",
      "whiteSpace" : false
    }, {
      "id" : "s1-t46",
      "begin" : 496,
      "end" : 502,
      "text" : "parcel",
      "whiteSpace" : false
    }, {
      "id" : "s1-t47",
      "begin" : 503,
      "end" : 505,
      "text" : "of",
      "whiteSpace" : false
    }, {
      "id" : "s1-t48",
      "begin" : 506,
      "end" : 510,
      "text" : "land",
      "whiteSpace" : false
    }, {
      "id" : "s1-t49",
      "begin" : 511,
      "end" : 513,
      "text" : "in",
      "whiteSpace" : false
    }, {
      "id" : "s1-t50",
      "begin" : 514,
      "end" : 517,
      "text" : "the",
      "whiteSpace" : false
    }, {
      "id" : "s1-t51",
      "begin" : 518,
      "end" : 524,
      "text" : "Second",
      "whiteSpace" : false
    }, {
      "id" : "s1-t52",
      "begin" : 525,
      "end" : 530,
      "text" : "Civil",
      "whiteSpace" : false
    }, {
      "id" : "s1-t53",
      "begin" : 531,
      "end" : 539,
      "text" : "District",
      "whiteSpace" : false
    }, {
      "id" : "s1-t54",
      "begin" : 540,
      "end" : 542,
      "text" : "of",
      "whiteSpace" : false
    }, {
      "id" : "s1-t55",
      "begin" : 543,
      "end" : 552,
      "text" : "Humphreys",
      "whiteSpace" : false
    }, {
      "id" : "s1-t56",
      "begin" : 553,
      "end" : 559,
      "text" : "County",
      "whiteSpace" : false
    }, {
      "id" : "s1-t57",
      "begin" : 559,
      "end" : 560,
      "text" : ",",
      "whiteSpace" : false
    }, {
      "id" : "s1-t58",
      "begin" : 561,
      "end" : 570,
      "text" : "Tennessee",
      "whiteSpace" : false
    }, {
      "id" : "s1-t59",
      "begin" : 570,
      "end" : 571,
      "text" : ",",
      "whiteSpace" : false
    }, {
      "id" : "s1-t60",
      "begin" : 572,
      "end" : 575,
      "text" : "and",
      "whiteSpace" : false
    }, {
      "id" : "s1-t61",
      "begin" : 576,
      "end" : 581,
      "text" : "being",
      "whiteSpace" : false
    }, {
      "id" : "s1-t62",
      "begin" : 582,
      "end" : 586,
      "text" : "more",
      "whiteSpace" : false
    }, {
      "id" : "s1-t63",
      "begin" : 587,
      "end" : 599,
      "text" : "particularly",
      "whiteSpace" : false
    }, {
      "id" : "s1-t64",
      "begin" : 600,
      "end" : 609,
      "text" : "described",
      "whiteSpace" : false
    }, {
      "id" : "s1-t65",
      "begin" : 610,
      "end" : 612,
      "text" : "as",
      "whiteSpace" : false
    }, {
      "id" : "s1-t66",
      "begin" : 613,
      "end" : 620,
      "text" : "follows",
      "whiteSpace" : false
    }, {
      "id" : "s1-t67",
      "begin" : 620,
      "end" : 621,
      "text" : ":",
      "whiteSpace" : false
    }, {
      "id" : "s1-t68",
      "begin" : 622,
      "end" : 631,
      "text" : "Humphreys",
      "whiteSpace" : false
    }, {
      "id" : "s1-t69",
      "begin" : 632,
      "end" : 638,
      "text" : "County",
      "whiteSpace" : false
    }, {
      "id" : "s1-t70",
      "begin" : 638,
      "end" : 639,
      "text" : ",",
      "whiteSpace" : false
    }, {
      "id" : "s1-t71",
      "begin" : 640,
      "end" : 649,
      "text" : "Tennessee",
      "whiteSpace" : false
    }, {
      "id" : "s1-t72",
      "begin" : 649,
      "end" : 650,
      "text" : ";",
      "whiteSpace" : false
    }, {
      "id" : "s1-t73",
      "begin" : 651,
      "end" : 658,
      "text" : "running",
      "whiteSpace" : false
    } ]
  } ],
  "mentions" : [ {
    "id" : "s0-m1",
    "properties" : {
      "SIRE_MENTION_ROLE" : "Grantor",
      "SIRE_ENTITY_SUBTYPE" : "NONE",
      "SIRE_MENTION_TYPE" : "NONE",
      "SIRE_MENTION_CLASS" : "SPC"
    },
    "type" : "Grantor",
    "begin" : 185,
    "end" : 198,
    "inCoref" : false
  }, {
    "id" : "s0-m2",
    "properties" : {
      "SIRE_MENTION_ROLE" : "Grantor",
      "SIRE_ENTITY_SUBTYPE" : "NONE",
      "SIRE_MENTION_TYPE" : "NONE",
      "SIRE_MENTION_CLASS" : "SPC"
    },
    "type" : "Grantor",
    "begin" : 203,
    "end" : 223,
    "inCoref" : false
  }, {
    "id" : "s1-m1",
    "properties" : {
      "SIRE_MENTION_ROLE" : "Grantee",
      "SIRE_ENTITY_SUBTYPE" : "NONE",
      "SIRE_MENTION_TYPE" : "NONE",
      "SIRE_MENTION_CLASS" : "SPC"
    },
    "type" : "Grantee",
    "begin" : 412,
    "end" : 427,
    "inCoref" : false
  }, {
    "id" : "s1-m2",
    "properties" : {
      "SIRE_MENTION_ROLE" : "Grantee",
      "SIRE_ENTITY_SUBTYPE" : "NONE",
      "SIRE_MENTION_TYPE" : "NONE",
      "SIRE_MENTION_CLASS" : "SPC"
    },
    "type" : "Grantee",
    "begin" : 438,
    "end" : 450,
    "inCoref" : false
  } ],
  "relations" : [ ],
  "corefs" : [ ],
  "typeResolved" : true,
  "userResolved" : false
}