{
  "id" : "fac73870-5685-11e9-8538-e5e57d696462-6",
  "name" : "WD1-19_3.txt",
  "createdDate" : 0,
  "version" : 3,
  "text" : "For and in consideration of the sum of TWENTY NINE THOUSAND DOLLARS ($29,000.00), cash in hand paid, and other good and valuable considerations, the receipt of which is hereby acknowledged, I, RICHARD RYE, this date have bargained and sold, and by these presents do transfer and convey unto DONNIE R. DAVIDSON, J R., his heirs and assigns, a certain tract or parcel of land in the Second Civil District of Humphreys County, Tennessee, and being more particularly described as follows: District of Humphreys County, Tennessee, BE: ???[1136 PB 15??? TO HAVE AND TO HOLD",
  "docLength" : 0,
  "language" : "EN",
  "status" : "SUBMITTED",
  "modifiedDate" : 1554347968512,
  "documentSet" : [ ],
  "preannotation" : [ ],
  "sentences" : [ {
    "id" : "s0",
    "begin" : 0,
    "end" : 531,
    "text" : "For and in consideration of the sum of TWENTY NINE THOUSAND DOLLARS ($29,000.00), cash in hand paid, and other good and valuable considerations, the receipt of which is hereby acknowledged, I, RICHARD RYE, this date have bargained and sold, and by these presents do transfer and convey unto DONNIE R. DAVIDSON, J R., his heirs and assigns, a certain tract or parcel of land in the Second Civil District of Humphreys County, Tennessee, and being more particularly described as follows: District of Humphreys County, Tennessee, BE: ?",
    "tokens" : [ {
      "id" : "s0-t0",
      "begin" : 0,
      "end" : 3,
      "text" : "For",
      "whiteSpace" : false
    }, {
      "id" : "s0-t1",
      "begin" : 4,
      "end" : 7,
      "text" : "and",
      "whiteSpace" : false
    }, {
      "id" : "s0-t2",
      "begin" : 8,
      "end" : 10,
      "text" : "in",
      "whiteSpace" : false
    }, {
      "id" : "s0-t3",
      "begin" : 11,
      "end" : 24,
      "text" : "consideration",
      "whiteSpace" : false
    }, {
      "id" : "s0-t4",
      "begin" : 25,
      "end" : 27,
      "text" : "of",
      "whiteSpace" : false
    }, {
      "id" : "s0-t5",
      "begin" : 28,
      "end" : 31,
      "text" : "the",
      "whiteSpace" : false
    }, {
      "id" : "s0-t6",
      "begin" : 32,
      "end" : 35,
      "text" : "sum",
      "whiteSpace" : false
    }, {
      "id" : "s0-t7",
      "begin" : 36,
      "end" : 38,
      "text" : "of",
      "whiteSpace" : false
    }, {
      "id" : "s0-t8",
      "begin" : 39,
      "end" : 45,
      "text" : "TWENTY",
      "whiteSpace" : false
    }, {
      "id" : "s0-t9",
      "begin" : 46,
      "end" : 50,
      "text" : "NINE",
      "whiteSpace" : false
    }, {
      "id" : "s0-t10",
      "begin" : 51,
      "end" : 59,
      "text" : "THOUSAND",
      "whiteSpace" : false
    }, {
      "id" : "s0-t11",
      "begin" : 60,
      "end" : 67,
      "text" : "DOLLARS",
      "whiteSpace" : false
    }, {
      "id" : "s0-t12",
      "begin" : 68,
      "end" : 69,
      "text" : "(",
      "whiteSpace" : false
    }, {
      "id" : "s0-t13",
      "begin" : 69,
      "end" : 70,
      "text" : "$",
      "whiteSpace" : false
    }, {
      "id" : "s0-t14",
      "begin" : 70,
      "end" : 79,
      "text" : "29,000.00",
      "whiteSpace" : false
    }, {
      "id" : "s0-t15",
      "begin" : 79,
      "end" : 80,
      "text" : ")",
      "whiteSpace" : false
    }, {
      "id" : "s0-t16",
      "begin" : 80,
      "end" : 81,
      "text" : ",",
      "whiteSpace" : false
    }, {
      "id" : "s0-t17",
      "begin" : 82,
      "end" : 86,
      "text" : "cash",
      "whiteSpace" : false
    }, {
      "id" : "s0-t18",
      "begin" : 87,
      "end" : 89,
      "text" : "in",
      "whiteSpace" : false
    }, {
      "id" : "s0-t19",
      "begin" : 90,
      "end" : 94,
      "text" : "hand",
      "whiteSpace" : false
    }, {
      "id" : "s0-t20",
      "begin" : 95,
      "end" : 99,
      "text" : "paid",
      "whiteSpace" : false
    }, {
      "id" : "s0-t21",
      "begin" : 99,
      "end" : 100,
      "text" : ",",
      "whiteSpace" : false
    }, {
      "id" : "s0-t22",
      "begin" : 101,
      "end" : 104,
      "text" : "and",
      "whiteSpace" : false
    }, {
      "id" : "s0-t23",
      "begin" : 105,
      "end" : 110,
      "text" : "other",
      "whiteSpace" : false
    }, {
      "id" : "s0-t24",
      "begin" : 111,
      "end" : 115,
      "text" : "good",
      "whiteSpace" : false
    }, {
      "id" : "s0-t25",
      "begin" : 116,
      "end" : 119,
      "text" : "and",
      "whiteSpace" : false
    }, {
      "id" : "s0-t26",
      "begin" : 120,
      "end" : 128,
      "text" : "valuable",
      "whiteSpace" : false
    }, {
      "id" : "s0-t27",
      "begin" : 129,
      "end" : 143,
      "text" : "considerations",
      "whiteSpace" : false
    }, {
      "id" : "s0-t28",
      "begin" : 143,
      "end" : 144,
      "text" : ",",
      "whiteSpace" : false
    }, {
      "id" : "s0-t29",
      "begin" : 145,
      "end" : 148,
      "text" : "the",
      "whiteSpace" : false
    }, {
      "id" : "s0-t30",
      "begin" : 149,
      "end" : 156,
      "text" : "receipt",
      "whiteSpace" : false
    }, {
      "id" : "s0-t31",
      "begin" : 157,
      "end" : 159,
      "text" : "of",
      "whiteSpace" : false
    }, {
      "id" : "s0-t32",
      "begin" : 160,
      "end" : 165,
      "text" : "which",
      "whiteSpace" : false
    }, {
      "id" : "s0-t33",
      "begin" : 166,
      "end" : 168,
      "text" : "is",
      "whiteSpace" : false
    }, {
      "id" : "s0-t34",
      "begin" : 169,
      "end" : 175,
      "text" : "hereby",
      "whiteSpace" : false
    }, {
      "id" : "s0-t35",
      "begin" : 176,
      "end" : 188,
      "text" : "acknowledged",
      "whiteSpace" : false
    }, {
      "id" : "s0-t36",
      "begin" : 188,
      "end" : 189,
      "text" : ",",
      "whiteSpace" : false
    }, {
      "id" : "s0-t37",
      "begin" : 190,
      "end" : 191,
      "text" : "I",
      "whiteSpace" : false
    }, {
      "id" : "s0-t38",
      "begin" : 191,
      "end" : 192,
      "text" : ",",
      "whiteSpace" : false
    }, {
      "id" : "s0-t39",
      "begin" : 193,
      "end" : 200,
      "text" : "RICHARD",
      "whiteSpace" : false
    }, {
      "id" : "s0-t40",
      "begin" : 201,
      "end" : 204,
      "text" : "RYE",
      "whiteSpace" : false
    }, {
      "id" : "s0-t41",
      "begin" : 204,
      "end" : 205,
      "text" : ",",
      "whiteSpace" : false
    }, {
      "id" : "s0-t42",
      "begin" : 206,
      "end" : 210,
      "text" : "this",
      "whiteSpace" : false
    }, {
      "id" : "s0-t43",
      "begin" : 211,
      "end" : 215,
      "text" : "date",
      "whiteSpace" : false
    }, {
      "id" : "s0-t44",
      "begin" : 216,
      "end" : 220,
      "text" : "have",
      "whiteSpace" : false
    }, {
      "id" : "s0-t45",
      "begin" : 221,
      "end" : 230,
      "text" : "bargained",
      "whiteSpace" : false
    }, {
      "id" : "s0-t46",
      "begin" : 231,
      "end" : 234,
      "text" : "and",
      "whiteSpace" : false
    }, {
      "id" : "s0-t47",
      "begin" : 235,
      "end" : 239,
      "text" : "sold",
      "whiteSpace" : false
    }, {
      "id" : "s0-t48",
      "begin" : 239,
      "end" : 240,
      "text" : ",",
      "whiteSpace" : false
    }, {
      "id" : "s0-t49",
      "begin" : 241,
      "end" : 244,
      "text" : "and",
      "whiteSpace" : false
    }, {
      "id" : "s0-t50",
      "begin" : 245,
      "end" : 247,
      "text" : "by",
      "whiteSpace" : false
    }, {
      "id" : "s0-t51",
      "begin" : 248,
      "end" : 253,
      "text" : "these",
      "whiteSpace" : false
    }, {
      "id" : "s0-t52",
      "begin" : 254,
      "end" : 262,
      "text" : "presents",
      "whiteSpace" : false
    }, {
      "id" : "s0-t53",
      "begin" : 263,
      "end" : 265,
      "text" : "do",
      "whiteSpace" : false
    }, {
      "id" : "s0-t54",
      "begin" : 266,
      "end" : 274,
      "text" : "transfer",
      "whiteSpace" : false
    }, {
      "id" : "s0-t55",
      "begin" : 275,
      "end" : 278,
      "text" : "and",
      "whiteSpace" : false
    }, {
      "id" : "s0-t56",
      "begin" : 279,
      "end" : 285,
      "text" : "convey",
      "whiteSpace" : false
    }, {
      "id" : "s0-t57",
      "begin" : 286,
      "end" : 290,
      "text" : "unto",
      "whiteSpace" : false
    }, {
      "id" : "s0-t58",
      "begin" : 291,
      "end" : 297,
      "text" : "DONNIE",
      "whiteSpace" : false
    }, {
      "id" : "s0-t59",
      "begin" : 298,
      "end" : 300,
      "text" : "R.",
      "whiteSpace" : false
    }, {
      "id" : "s0-t60",
      "begin" : 301,
      "end" : 309,
      "text" : "DAVIDSON",
      "whiteSpace" : false
    }, {
      "id" : "s0-t61",
      "begin" : 309,
      "end" : 310,
      "text" : ",",
      "whiteSpace" : false
    }, {
      "id" : "s0-t62",
      "begin" : 311,
      "end" : 312,
      "text" : "J",
      "whiteSpace" : false
    }, {
      "id" : "s0-t63",
      "begin" : 313,
      "end" : 315,
      "text" : "R.",
      "whiteSpace" : false
    }, {
      "id" : "s0-t64",
      "begin" : 315,
      "end" : 316,
      "text" : ",",
      "whiteSpace" : false
    }, {
      "id" : "s0-t65",
      "begin" : 317,
      "end" : 320,
      "text" : "his",
      "whiteSpace" : false
    }, {
      "id" : "s0-t66",
      "begin" : 321,
      "end" : 326,
      "text" : "heirs",
      "whiteSpace" : false
    }, {
      "id" : "s0-t67",
      "begin" : 327,
      "end" : 330,
      "text" : "and",
      "whiteSpace" : false
    }, {
      "id" : "s0-t68",
      "begin" : 331,
      "end" : 338,
      "text" : "assigns",
      "whiteSpace" : false
    }, {
      "id" : "s0-t69",
      "begin" : 338,
      "end" : 339,
      "text" : ",",
      "whiteSpace" : false
    }, {
      "id" : "s0-t70",
      "begin" : 340,
      "end" : 341,
      "text" : "a",
      "whiteSpace" : false
    }, {
      "id" : "s0-t71",
      "begin" : 342,
      "end" : 349,
      "text" : "certain",
      "whiteSpace" : false
    }, {
      "id" : "s0-t72",
      "begin" : 350,
      "end" : 355,
      "text" : "tract",
      "whiteSpace" : false
    }, {
      "id" : "s0-t73",
      "begin" : 356,
      "end" : 358,
      "text" : "or",
      "whiteSpace" : false
    }, {
      "id" : "s0-t74",
      "begin" : 359,
      "end" : 365,
      "text" : "parcel",
      "whiteSpace" : false
    }, {
      "id" : "s0-t75",
      "begin" : 366,
      "end" : 368,
      "text" : "of",
      "whiteSpace" : false
    }, {
      "id" : "s0-t76",
      "begin" : 369,
      "end" : 373,
      "text" : "land",
      "whiteSpace" : false
    }, {
      "id" : "s0-t77",
      "begin" : 374,
      "end" : 376,
      "text" : "in",
      "whiteSpace" : false
    }, {
      "id" : "s0-t78",
      "begin" : 377,
      "end" : 380,
      "text" : "the",
      "whiteSpace" : false
    }, {
      "id" : "s0-t79",
      "begin" : 381,
      "end" : 387,
      "text" : "Second",
      "whiteSpace" : false
    }, {
      "id" : "s0-t80",
      "begin" : 388,
      "end" : 393,
      "text" : "Civil",
      "whiteSpace" : false
    }, {
      "id" : "s0-t81",
      "begin" : 394,
      "end" : 402,
      "text" : "District",
      "whiteSpace" : false
    }, {
      "id" : "s0-t82",
      "begin" : 403,
      "end" : 405,
      "text" : "of",
      "whiteSpace" : false
    }, {
      "id" : "s0-t83",
      "begin" : 406,
      "end" : 415,
      "text" : "Humphreys",
      "whiteSpace" : false
    }, {
      "id" : "s0-t84",
      "begin" : 416,
      "end" : 422,
      "text" : "County",
      "whiteSpace" : false
    }, {
      "id" : "s0-t85",
      "begin" : 422,
      "end" : 423,
      "text" : ",",
      "whiteSpace" : false
    }, {
      "id" : "s0-t86",
      "begin" : 424,
      "end" : 433,
      "text" : "Tennessee",
      "whiteSpace" : false
    }, {
      "id" : "s0-t87",
      "begin" : 433,
      "end" : 434,
      "text" : ",",
      "whiteSpace" : false
    }, {
      "id" : "s0-t88",
      "begin" : 435,
      "end" : 438,
      "text" : "and",
      "whiteSpace" : false
    }, {
      "id" : "s0-t89",
      "begin" : 439,
      "end" : 444,
      "text" : "being",
      "whiteSpace" : false
    }, {
      "id" : "s0-t90",
      "begin" : 445,
      "end" : 449,
      "text" : "more",
      "whiteSpace" : false
    }, {
      "id" : "s0-t91",
      "begin" : 450,
      "end" : 462,
      "text" : "particularly",
      "whiteSpace" : false
    }, {
      "id" : "s0-t92",
      "begin" : 463,
      "end" : 472,
      "text" : "described",
      "whiteSpace" : false
    }, {
      "id" : "s0-t93",
      "begin" : 473,
      "end" : 475,
      "text" : "as",
      "whiteSpace" : false
    }, {
      "id" : "s0-t94",
      "begin" : 476,
      "end" : 483,
      "text" : "follows",
      "whiteSpace" : false
    }, {
      "id" : "s0-t95",
      "begin" : 483,
      "end" : 484,
      "text" : ":",
      "whiteSpace" : false
    }, {
      "id" : "s0-t96",
      "begin" : 485,
      "end" : 493,
      "text" : "District",
      "whiteSpace" : false
    }, {
      "id" : "s0-t97",
      "begin" : 494,
      "end" : 496,
      "text" : "of",
      "whiteSpace" : false
    }, {
      "id" : "s0-t98",
      "begin" : 497,
      "end" : 506,
      "text" : "Humphreys",
      "whiteSpace" : false
    }, {
      "id" : "s0-t99",
      "begin" : 507,
      "end" : 513,
      "text" : "County",
      "whiteSpace" : false
    }, {
      "id" : "s0-t100",
      "begin" : 513,
      "end" : 514,
      "text" : ",",
      "whiteSpace" : false
    }, {
      "id" : "s0-t101",
      "begin" : 515,
      "end" : 524,
      "text" : "Tennessee",
      "whiteSpace" : false
    }, {
      "id" : "s0-t102",
      "begin" : 524,
      "end" : 525,
      "text" : ",",
      "whiteSpace" : false
    }, {
      "id" : "s0-t103",
      "begin" : 526,
      "end" : 528,
      "text" : "BE",
      "whiteSpace" : false
    }, {
      "id" : "s0-t104",
      "begin" : 528,
      "end" : 529,
      "text" : ":",
      "whiteSpace" : false
    }, {
      "id" : "s0-t105",
      "begin" : 530,
      "end" : 531,
      "text" : "?",
      "whiteSpace" : false
    } ]
  }, {
    "id" : "s1",
    "begin" : 531,
    "end" : 547,
    "text" : "??[1136 PB 15???",
    "tokens" : [ {
      "id" : "s1-t0",
      "begin" : 531,
      "end" : 533,
      "text" : "??",
      "whiteSpace" : false
    }, {
      "id" : "s1-t1",
      "begin" : 533,
      "end" : 534,
      "text" : "[",
      "whiteSpace" : false
    }, {
      "id" : "s1-t2",
      "begin" : 534,
      "end" : 538,
      "text" : "1136",
      "whiteSpace" : false
    }, {
      "id" : "s1-t3",
      "begin" : 539,
      "end" : 541,
      "text" : "PB",
      "whiteSpace" : false
    }, {
      "id" : "s1-t4",
      "begin" : 542,
      "end" : 544,
      "text" : "15",
      "whiteSpace" : false
    }, {
      "id" : "s1-t5",
      "begin" : 544,
      "end" : 546,
      "text" : "??",
      "whiteSpace" : false
    }, {
      "id" : "s1-t6",
      "begin" : 546,
      "end" : 547,
      "text" : "?",
      "whiteSpace" : false
    } ]
  }, {
    "id" : "s2",
    "begin" : 548,
    "end" : 567,
    "text" : "TO HAVE AND TO HOLD",
    "tokens" : [ {
      "id" : "s2-t0",
      "begin" : 548,
      "end" : 550,
      "text" : "TO",
      "whiteSpace" : false
    }, {
      "id" : "s2-t1",
      "begin" : 551,
      "end" : 555,
      "text" : "HAVE",
      "whiteSpace" : false
    }, {
      "id" : "s2-t2",
      "begin" : 556,
      "end" : 559,
      "text" : "AND",
      "whiteSpace" : false
    }, {
      "id" : "s2-t3",
      "begin" : 560,
      "end" : 562,
      "text" : "TO",
      "whiteSpace" : false
    }, {
      "id" : "s2-t4",
      "begin" : 563,
      "end" : 567,
      "text" : "HOLD",
      "whiteSpace" : false
    } ]
  } ],
  "mentions" : [ {
    "id" : "s0-m1",
    "properties" : {
      "SIRE_MENTION_ROLE" : "Grantor",
      "SIRE_ENTITY_SUBTYPE" : "NONE",
      "SIRE_MENTION_TYPE" : "NONE",
      "SIRE_MENTION_CLASS" : "SPC"
    },
    "type" : "Grantor",
    "begin" : 193,
    "end" : 204,
    "inCoref" : false
  }, {
    "id" : "s0-m2",
    "properties" : {
      "SIRE_MENTION_ROLE" : "Grantee",
      "SIRE_ENTITY_SUBTYPE" : "NONE",
      "SIRE_MENTION_TYPE" : "NONE",
      "SIRE_MENTION_CLASS" : "SPC"
    },
    "type" : "Grantee",
    "begin" : 291,
    "end" : 315,
    "inCoref" : false
  } ],
  "relations" : [ ],
  "corefs" : [ ],
  "typeResolved" : true,
  "userResolved" : false
}