{
  "id" : "fac73870-5685-11e9-8538-e5e57d696462-2",
  "name" : "WD1-18_3.txt",
  "createdDate" : 0,
  "version" : 3,
  "text" : "For and in consideration of the sum of Eighty Six Thousand Dollars ($86,000.00), cash in hand paid, and other good and valuable considerations, the receipt of which is hereby acknowledged, we, EARLIE W. LONG and CORRINE L. SPANN, this date have bargained and sold, and by these presents do transfer and convey unto JAMES W. HOLLAND and wife, MILDRED C. HOLLAND, their heirs and assigns, a certain tract or parcel of land in the Second Civil District of Humphreys County, Tennessee, and being more particularly described as follows: BK ???3178 PG 18 TO HAVE AND TO HOLD",
  "docLength" : 0,
  "language" : "EN",
  "status" : "SUBMITTED",
  "modifiedDate" : 1554347916627,
  "documentSet" : [ ],
  "preannotation" : [ ],
  "sentences" : [ {
    "id" : "s0",
    "begin" : 0,
    "end" : 536,
    "text" : "For and in consideration of the sum of Eighty Six Thousand Dollars ($86,000.00), cash in hand paid, and other good and valuable considerations, the receipt of which is hereby acknowledged, we, EARLIE W. LONG and CORRINE L. SPANN, this date have bargained and sold, and by these presents do transfer and convey unto JAMES W. HOLLAND and wife, MILDRED C. HOLLAND, their heirs and assigns, a certain tract or parcel of land in the Second Civil District of Humphreys County, Tennessee, and being more particularly described as follows: BK ?",
    "tokens" : [ {
      "id" : "s0-t0",
      "begin" : 0,
      "end" : 3,
      "text" : "For",
      "whiteSpace" : false
    }, {
      "id" : "s0-t1",
      "begin" : 4,
      "end" : 7,
      "text" : "and",
      "whiteSpace" : false
    }, {
      "id" : "s0-t2",
      "begin" : 8,
      "end" : 10,
      "text" : "in",
      "whiteSpace" : false
    }, {
      "id" : "s0-t3",
      "begin" : 11,
      "end" : 24,
      "text" : "consideration",
      "whiteSpace" : false
    }, {
      "id" : "s0-t4",
      "begin" : 25,
      "end" : 27,
      "text" : "of",
      "whiteSpace" : false
    }, {
      "id" : "s0-t5",
      "begin" : 28,
      "end" : 31,
      "text" : "the",
      "whiteSpace" : false
    }, {
      "id" : "s0-t6",
      "begin" : 32,
      "end" : 35,
      "text" : "sum",
      "whiteSpace" : false
    }, {
      "id" : "s0-t7",
      "begin" : 36,
      "end" : 38,
      "text" : "of",
      "whiteSpace" : false
    }, {
      "id" : "s0-t8",
      "begin" : 39,
      "end" : 45,
      "text" : "Eighty",
      "whiteSpace" : false
    }, {
      "id" : "s0-t9",
      "begin" : 46,
      "end" : 49,
      "text" : "Six",
      "whiteSpace" : false
    }, {
      "id" : "s0-t10",
      "begin" : 50,
      "end" : 58,
      "text" : "Thousand",
      "whiteSpace" : false
    }, {
      "id" : "s0-t11",
      "begin" : 59,
      "end" : 66,
      "text" : "Dollars",
      "whiteSpace" : false
    }, {
      "id" : "s0-t12",
      "begin" : 67,
      "end" : 68,
      "text" : "(",
      "whiteSpace" : false
    }, {
      "id" : "s0-t13",
      "begin" : 68,
      "end" : 69,
      "text" : "$",
      "whiteSpace" : false
    }, {
      "id" : "s0-t14",
      "begin" : 69,
      "end" : 78,
      "text" : "86,000.00",
      "whiteSpace" : false
    }, {
      "id" : "s0-t15",
      "begin" : 78,
      "end" : 79,
      "text" : ")",
      "whiteSpace" : false
    }, {
      "id" : "s0-t16",
      "begin" : 79,
      "end" : 80,
      "text" : ",",
      "whiteSpace" : false
    }, {
      "id" : "s0-t17",
      "begin" : 81,
      "end" : 85,
      "text" : "cash",
      "whiteSpace" : false
    }, {
      "id" : "s0-t18",
      "begin" : 86,
      "end" : 88,
      "text" : "in",
      "whiteSpace" : false
    }, {
      "id" : "s0-t19",
      "begin" : 89,
      "end" : 93,
      "text" : "hand",
      "whiteSpace" : false
    }, {
      "id" : "s0-t20",
      "begin" : 94,
      "end" : 98,
      "text" : "paid",
      "whiteSpace" : false
    }, {
      "id" : "s0-t21",
      "begin" : 98,
      "end" : 99,
      "text" : ",",
      "whiteSpace" : false
    }, {
      "id" : "s0-t22",
      "begin" : 100,
      "end" : 103,
      "text" : "and",
      "whiteSpace" : false
    }, {
      "id" : "s0-t23",
      "begin" : 104,
      "end" : 109,
      "text" : "other",
      "whiteSpace" : false
    }, {
      "id" : "s0-t24",
      "begin" : 110,
      "end" : 114,
      "text" : "good",
      "whiteSpace" : false
    }, {
      "id" : "s0-t25",
      "begin" : 115,
      "end" : 118,
      "text" : "and",
      "whiteSpace" : false
    }, {
      "id" : "s0-t26",
      "begin" : 119,
      "end" : 127,
      "text" : "valuable",
      "whiteSpace" : false
    }, {
      "id" : "s0-t27",
      "begin" : 128,
      "end" : 142,
      "text" : "considerations",
      "whiteSpace" : false
    }, {
      "id" : "s0-t28",
      "begin" : 142,
      "end" : 143,
      "text" : ",",
      "whiteSpace" : false
    }, {
      "id" : "s0-t29",
      "begin" : 144,
      "end" : 147,
      "text" : "the",
      "whiteSpace" : false
    }, {
      "id" : "s0-t30",
      "begin" : 148,
      "end" : 155,
      "text" : "receipt",
      "whiteSpace" : false
    }, {
      "id" : "s0-t31",
      "begin" : 156,
      "end" : 158,
      "text" : "of",
      "whiteSpace" : false
    }, {
      "id" : "s0-t32",
      "begin" : 159,
      "end" : 164,
      "text" : "which",
      "whiteSpace" : false
    }, {
      "id" : "s0-t33",
      "begin" : 165,
      "end" : 167,
      "text" : "is",
      "whiteSpace" : false
    }, {
      "id" : "s0-t34",
      "begin" : 168,
      "end" : 174,
      "text" : "hereby",
      "whiteSpace" : false
    }, {
      "id" : "s0-t35",
      "begin" : 175,
      "end" : 187,
      "text" : "acknowledged",
      "whiteSpace" : false
    }, {
      "id" : "s0-t36",
      "begin" : 187,
      "end" : 188,
      "text" : ",",
      "whiteSpace" : false
    }, {
      "id" : "s0-t37",
      "begin" : 189,
      "end" : 191,
      "text" : "we",
      "whiteSpace" : false
    }, {
      "id" : "s0-t38",
      "begin" : 191,
      "end" : 192,
      "text" : ",",
      "whiteSpace" : false
    }, {
      "id" : "s0-t39",
      "begin" : 193,
      "end" : 199,
      "text" : "EARLIE",
      "whiteSpace" : false
    }, {
      "id" : "s0-t40",
      "begin" : 200,
      "end" : 202,
      "text" : "W.",
      "whiteSpace" : false
    }, {
      "id" : "s0-t41",
      "begin" : 203,
      "end" : 207,
      "text" : "LONG",
      "whiteSpace" : false
    }, {
      "id" : "s0-t42",
      "begin" : 208,
      "end" : 211,
      "text" : "and",
      "whiteSpace" : false
    }, {
      "id" : "s0-t43",
      "begin" : 212,
      "end" : 219,
      "text" : "CORRINE",
      "whiteSpace" : false
    }, {
      "id" : "s0-t44",
      "begin" : 220,
      "end" : 222,
      "text" : "L.",
      "whiteSpace" : false
    }, {
      "id" : "s0-t45",
      "begin" : 223,
      "end" : 228,
      "text" : "SPANN",
      "whiteSpace" : false
    }, {
      "id" : "s0-t46",
      "begin" : 228,
      "end" : 229,
      "text" : ",",
      "whiteSpace" : false
    }, {
      "id" : "s0-t47",
      "begin" : 230,
      "end" : 234,
      "text" : "this",
      "whiteSpace" : false
    }, {
      "id" : "s0-t48",
      "begin" : 235,
      "end" : 239,
      "text" : "date",
      "whiteSpace" : false
    }, {
      "id" : "s0-t49",
      "begin" : 240,
      "end" : 244,
      "text" : "have",
      "whiteSpace" : false
    }, {
      "id" : "s0-t50",
      "begin" : 245,
      "end" : 254,
      "text" : "bargained",
      "whiteSpace" : false
    }, {
      "id" : "s0-t51",
      "begin" : 255,
      "end" : 258,
      "text" : "and",
      "whiteSpace" : false
    }, {
      "id" : "s0-t52",
      "begin" : 259,
      "end" : 263,
      "text" : "sold",
      "whiteSpace" : false
    }, {
      "id" : "s0-t53",
      "begin" : 263,
      "end" : 264,
      "text" : ",",
      "whiteSpace" : false
    }, {
      "id" : "s0-t54",
      "begin" : 265,
      "end" : 268,
      "text" : "and",
      "whiteSpace" : false
    }, {
      "id" : "s0-t55",
      "begin" : 269,
      "end" : 271,
      "text" : "by",
      "whiteSpace" : false
    }, {
      "id" : "s0-t56",
      "begin" : 272,
      "end" : 277,
      "text" : "these",
      "whiteSpace" : false
    }, {
      "id" : "s0-t57",
      "begin" : 278,
      "end" : 286,
      "text" : "presents",
      "whiteSpace" : false
    }, {
      "id" : "s0-t58",
      "begin" : 287,
      "end" : 289,
      "text" : "do",
      "whiteSpace" : false
    }, {
      "id" : "s0-t59",
      "begin" : 290,
      "end" : 298,
      "text" : "transfer",
      "whiteSpace" : false
    }, {
      "id" : "s0-t60",
      "begin" : 299,
      "end" : 302,
      "text" : "and",
      "whiteSpace" : false
    }, {
      "id" : "s0-t61",
      "begin" : 303,
      "end" : 309,
      "text" : "convey",
      "whiteSpace" : false
    }, {
      "id" : "s0-t62",
      "begin" : 310,
      "end" : 314,
      "text" : "unto",
      "whiteSpace" : false
    }, {
      "id" : "s0-t63",
      "begin" : 315,
      "end" : 320,
      "text" : "JAMES",
      "whiteSpace" : false
    }, {
      "id" : "s0-t64",
      "begin" : 321,
      "end" : 323,
      "text" : "W.",
      "whiteSpace" : false
    }, {
      "id" : "s0-t65",
      "begin" : 324,
      "end" : 331,
      "text" : "HOLLAND",
      "whiteSpace" : false
    }, {
      "id" : "s0-t66",
      "begin" : 332,
      "end" : 335,
      "text" : "and",
      "whiteSpace" : false
    }, {
      "id" : "s0-t67",
      "begin" : 336,
      "end" : 340,
      "text" : "wife",
      "whiteSpace" : false
    }, {
      "id" : "s0-t68",
      "begin" : 340,
      "end" : 341,
      "text" : ",",
      "whiteSpace" : false
    }, {
      "id" : "s0-t69",
      "begin" : 342,
      "end" : 349,
      "text" : "MILDRED",
      "whiteSpace" : false
    }, {
      "id" : "s0-t70",
      "begin" : 350,
      "end" : 352,
      "text" : "C.",
      "whiteSpace" : false
    }, {
      "id" : "s0-t71",
      "begin" : 353,
      "end" : 360,
      "text" : "HOLLAND",
      "whiteSpace" : false
    }, {
      "id" : "s0-t72",
      "begin" : 360,
      "end" : 361,
      "text" : ",",
      "whiteSpace" : false
    }, {
      "id" : "s0-t73",
      "begin" : 362,
      "end" : 367,
      "text" : "their",
      "whiteSpace" : false
    }, {
      "id" : "s0-t74",
      "begin" : 368,
      "end" : 373,
      "text" : "heirs",
      "whiteSpace" : false
    }, {
      "id" : "s0-t75",
      "begin" : 374,
      "end" : 377,
      "text" : "and",
      "whiteSpace" : false
    }, {
      "id" : "s0-t76",
      "begin" : 378,
      "end" : 385,
      "text" : "assigns",
      "whiteSpace" : false
    }, {
      "id" : "s0-t77",
      "begin" : 385,
      "end" : 386,
      "text" : ",",
      "whiteSpace" : false
    }, {
      "id" : "s0-t78",
      "begin" : 387,
      "end" : 388,
      "text" : "a",
      "whiteSpace" : false
    }, {
      "id" : "s0-t79",
      "begin" : 389,
      "end" : 396,
      "text" : "certain",
      "whiteSpace" : false
    }, {
      "id" : "s0-t80",
      "begin" : 397,
      "end" : 402,
      "text" : "tract",
      "whiteSpace" : false
    }, {
      "id" : "s0-t81",
      "begin" : 403,
      "end" : 405,
      "text" : "or",
      "whiteSpace" : false
    }, {
      "id" : "s0-t82",
      "begin" : 406,
      "end" : 412,
      "text" : "parcel",
      "whiteSpace" : false
    }, {
      "id" : "s0-t83",
      "begin" : 413,
      "end" : 415,
      "text" : "of",
      "whiteSpace" : false
    }, {
      "id" : "s0-t84",
      "begin" : 416,
      "end" : 420,
      "text" : "land",
      "whiteSpace" : false
    }, {
      "id" : "s0-t85",
      "begin" : 421,
      "end" : 423,
      "text" : "in",
      "whiteSpace" : false
    }, {
      "id" : "s0-t86",
      "begin" : 424,
      "end" : 427,
      "text" : "the",
      "whiteSpace" : false
    }, {
      "id" : "s0-t87",
      "begin" : 428,
      "end" : 434,
      "text" : "Second",
      "whiteSpace" : false
    }, {
      "id" : "s0-t88",
      "begin" : 435,
      "end" : 440,
      "text" : "Civil",
      "whiteSpace" : false
    }, {
      "id" : "s0-t89",
      "begin" : 441,
      "end" : 449,
      "text" : "District",
      "whiteSpace" : false
    }, {
      "id" : "s0-t90",
      "begin" : 450,
      "end" : 452,
      "text" : "of",
      "whiteSpace" : false
    }, {
      "id" : "s0-t91",
      "begin" : 453,
      "end" : 462,
      "text" : "Humphreys",
      "whiteSpace" : false
    }, {
      "id" : "s0-t92",
      "begin" : 463,
      "end" : 469,
      "text" : "County",
      "whiteSpace" : false
    }, {
      "id" : "s0-t93",
      "begin" : 469,
      "end" : 470,
      "text" : ",",
      "whiteSpace" : false
    }, {
      "id" : "s0-t94",
      "begin" : 471,
      "end" : 480,
      "text" : "Tennessee",
      "whiteSpace" : false
    }, {
      "id" : "s0-t95",
      "begin" : 480,
      "end" : 481,
      "text" : ",",
      "whiteSpace" : false
    }, {
      "id" : "s0-t96",
      "begin" : 482,
      "end" : 485,
      "text" : "and",
      "whiteSpace" : false
    }, {
      "id" : "s0-t97",
      "begin" : 486,
      "end" : 491,
      "text" : "being",
      "whiteSpace" : false
    }, {
      "id" : "s0-t98",
      "begin" : 492,
      "end" : 496,
      "text" : "more",
      "whiteSpace" : false
    }, {
      "id" : "s0-t99",
      "begin" : 497,
      "end" : 509,
      "text" : "particularly",
      "whiteSpace" : false
    }, {
      "id" : "s0-t100",
      "begin" : 510,
      "end" : 519,
      "text" : "described",
      "whiteSpace" : false
    }, {
      "id" : "s0-t101",
      "begin" : 520,
      "end" : 522,
      "text" : "as",
      "whiteSpace" : false
    }, {
      "id" : "s0-t102",
      "begin" : 523,
      "end" : 530,
      "text" : "follows",
      "whiteSpace" : false
    }, {
      "id" : "s0-t103",
      "begin" : 530,
      "end" : 531,
      "text" : ":",
      "whiteSpace" : false
    }, {
      "id" : "s0-t104",
      "begin" : 532,
      "end" : 534,
      "text" : "BK",
      "whiteSpace" : false
    }, {
      "id" : "s0-t105",
      "begin" : 535,
      "end" : 536,
      "text" : "?",
      "whiteSpace" : false
    } ]
  }, {
    "id" : "s1",
    "begin" : 536,
    "end" : 568,
    "text" : "??3178 PG 18 TO HAVE AND TO HOLD",
    "tokens" : [ {
      "id" : "s1-t0",
      "begin" : 536,
      "end" : 542,
      "text" : "??3178",
      "whiteSpace" : false
    }, {
      "id" : "s1-t1",
      "begin" : 543,
      "end" : 545,
      "text" : "PG",
      "whiteSpace" : false
    }, {
      "id" : "s1-t2",
      "begin" : 546,
      "end" : 548,
      "text" : "18",
      "whiteSpace" : false
    }, {
      "id" : "s1-t3",
      "begin" : 549,
      "end" : 551,
      "text" : "TO",
      "whiteSpace" : false
    }, {
      "id" : "s1-t4",
      "begin" : 552,
      "end" : 556,
      "text" : "HAVE",
      "whiteSpace" : false
    }, {
      "id" : "s1-t5",
      "begin" : 557,
      "end" : 560,
      "text" : "AND",
      "whiteSpace" : false
    }, {
      "id" : "s1-t6",
      "begin" : 561,
      "end" : 563,
      "text" : "TO",
      "whiteSpace" : false
    }, {
      "id" : "s1-t7",
      "begin" : 564,
      "end" : 568,
      "text" : "HOLD",
      "whiteSpace" : false
    } ]
  } ],
  "mentions" : [ {
    "id" : "s0-m1",
    "properties" : {
      "SIRE_MENTION_ROLE" : "Grantor",
      "SIRE_ENTITY_SUBTYPE" : "NONE",
      "SIRE_MENTION_TYPE" : "NONE",
      "SIRE_MENTION_CLASS" : "SPC"
    },
    "type" : "Grantor",
    "begin" : 193,
    "end" : 207,
    "inCoref" : false
  }, {
    "id" : "s0-m2",
    "properties" : {
      "SIRE_MENTION_ROLE" : "Grantor",
      "SIRE_ENTITY_SUBTYPE" : "NONE",
      "SIRE_MENTION_TYPE" : "NONE",
      "SIRE_MENTION_CLASS" : "SPC"
    },
    "type" : "Grantor",
    "begin" : 212,
    "end" : 228,
    "inCoref" : false
  }, {
    "id" : "s0-m4",
    "properties" : {
      "SIRE_MENTION_ROLE" : "Grantee",
      "SIRE_ENTITY_SUBTYPE" : "NONE",
      "SIRE_MENTION_TYPE" : "NONE",
      "SIRE_MENTION_CLASS" : "SPC"
    },
    "type" : "Grantee",
    "begin" : 315,
    "end" : 331,
    "inCoref" : false
  }, {
    "id" : "s0-m3",
    "properties" : {
      "SIRE_MENTION_ROLE" : "Grantee",
      "SIRE_ENTITY_SUBTYPE" : "NONE",
      "SIRE_MENTION_TYPE" : "NONE",
      "SIRE_MENTION_CLASS" : "SPC"
    },
    "type" : "Grantee",
    "begin" : 342,
    "end" : 360,
    "inCoref" : false
  } ],
  "relations" : [ ],
  "corefs" : [ ],
  "typeResolved" : true,
  "userResolved" : false
}