{
  "id" : "fac73870-5685-11e9-8538-e5e57d696462-16",
  "name" : "WD1-20.txt",
  "createdDate" : 0,
  "version" : 3,
  "text" : "For and in consideration of the sum of TEN AND NO/IOO ($10.00) DOLLARS, cash in hand paid, and other good and valuable considerations, the receipt of which is hereby acknowledged, BUFFALO VALLEY RESOURCES, INC., this date has bargained and sold, and by these presents does transfer and convey unto HERBERT DWIGHT AUSTIN, his heirs and assigns, a certain tract or parcel of land in the Fifth Civil District of Humphreys County, Tennessee, and being more particularly described as follows",
  "docLength" : 0,
  "language" : "EN",
  "status" : "SUBMITTED",
  "modifiedDate" : 1554347873192,
  "documentSet" : [ ],
  "preannotation" : [ ],
  "sentences" : [ {
    "id" : "s0",
    "begin" : 0,
    "end" : 486,
    "text" : "For and in consideration of the sum of TEN AND NO/IOO ($10.00) DOLLARS, cash in hand paid, and other good and valuable considerations, the receipt of which is hereby acknowledged, BUFFALO VALLEY RESOURCES, INC., this date has bargained and sold, and by these presents does transfer and convey unto HERBERT DWIGHT AUSTIN, his heirs and assigns, a certain tract or parcel of land in the Fifth Civil District of Humphreys County, Tennessee, and being more particularly described as follows",
    "tokens" : [ {
      "id" : "s0-t0",
      "begin" : 0,
      "end" : 3,
      "text" : "For",
      "whiteSpace" : false
    }, {
      "id" : "s0-t1",
      "begin" : 4,
      "end" : 7,
      "text" : "and",
      "whiteSpace" : false
    }, {
      "id" : "s0-t2",
      "begin" : 8,
      "end" : 10,
      "text" : "in",
      "whiteSpace" : false
    }, {
      "id" : "s0-t3",
      "begin" : 11,
      "end" : 24,
      "text" : "consideration",
      "whiteSpace" : false
    }, {
      "id" : "s0-t4",
      "begin" : 25,
      "end" : 27,
      "text" : "of",
      "whiteSpace" : false
    }, {
      "id" : "s0-t5",
      "begin" : 28,
      "end" : 31,
      "text" : "the",
      "whiteSpace" : false
    }, {
      "id" : "s0-t6",
      "begin" : 32,
      "end" : 35,
      "text" : "sum",
      "whiteSpace" : false
    }, {
      "id" : "s0-t7",
      "begin" : 36,
      "end" : 38,
      "text" : "of",
      "whiteSpace" : false
    }, {
      "id" : "s0-t8",
      "begin" : 39,
      "end" : 42,
      "text" : "TEN",
      "whiteSpace" : false
    }, {
      "id" : "s0-t9",
      "begin" : 43,
      "end" : 46,
      "text" : "AND",
      "whiteSpace" : false
    }, {
      "id" : "s0-t10",
      "begin" : 47,
      "end" : 53,
      "text" : "NO/IOO",
      "whiteSpace" : false
    }, {
      "id" : "s0-t11",
      "begin" : 54,
      "end" : 55,
      "text" : "(",
      "whiteSpace" : false
    }, {
      "id" : "s0-t12",
      "begin" : 55,
      "end" : 56,
      "text" : "$",
      "whiteSpace" : false
    }, {
      "id" : "s0-t13",
      "begin" : 56,
      "end" : 61,
      "text" : "10.00",
      "whiteSpace" : false
    }, {
      "id" : "s0-t14",
      "begin" : 61,
      "end" : 62,
      "text" : ")",
      "whiteSpace" : false
    }, {
      "id" : "s0-t15",
      "begin" : 63,
      "end" : 70,
      "text" : "DOLLARS",
      "whiteSpace" : false
    }, {
      "id" : "s0-t16",
      "begin" : 70,
      "end" : 71,
      "text" : ",",
      "whiteSpace" : false
    }, {
      "id" : "s0-t17",
      "begin" : 72,
      "end" : 76,
      "text" : "cash",
      "whiteSpace" : false
    }, {
      "id" : "s0-t18",
      "begin" : 77,
      "end" : 79,
      "text" : "in",
      "whiteSpace" : false
    }, {
      "id" : "s0-t19",
      "begin" : 80,
      "end" : 84,
      "text" : "hand",
      "whiteSpace" : false
    }, {
      "id" : "s0-t20",
      "begin" : 85,
      "end" : 89,
      "text" : "paid",
      "whiteSpace" : false
    }, {
      "id" : "s0-t21",
      "begin" : 89,
      "end" : 90,
      "text" : ",",
      "whiteSpace" : false
    }, {
      "id" : "s0-t22",
      "begin" : 91,
      "end" : 94,
      "text" : "and",
      "whiteSpace" : false
    }, {
      "id" : "s0-t23",
      "begin" : 95,
      "end" : 100,
      "text" : "other",
      "whiteSpace" : false
    }, {
      "id" : "s0-t24",
      "begin" : 101,
      "end" : 105,
      "text" : "good",
      "whiteSpace" : false
    }, {
      "id" : "s0-t25",
      "begin" : 106,
      "end" : 109,
      "text" : "and",
      "whiteSpace" : false
    }, {
      "id" : "s0-t26",
      "begin" : 110,
      "end" : 118,
      "text" : "valuable",
      "whiteSpace" : false
    }, {
      "id" : "s0-t27",
      "begin" : 119,
      "end" : 133,
      "text" : "considerations",
      "whiteSpace" : false
    }, {
      "id" : "s0-t28",
      "begin" : 133,
      "end" : 134,
      "text" : ",",
      "whiteSpace" : false
    }, {
      "id" : "s0-t29",
      "begin" : 135,
      "end" : 138,
      "text" : "the",
      "whiteSpace" : false
    }, {
      "id" : "s0-t30",
      "begin" : 139,
      "end" : 146,
      "text" : "receipt",
      "whiteSpace" : false
    }, {
      "id" : "s0-t31",
      "begin" : 147,
      "end" : 149,
      "text" : "of",
      "whiteSpace" : false
    }, {
      "id" : "s0-t32",
      "begin" : 150,
      "end" : 155,
      "text" : "which",
      "whiteSpace" : false
    }, {
      "id" : "s0-t33",
      "begin" : 156,
      "end" : 158,
      "text" : "is",
      "whiteSpace" : false
    }, {
      "id" : "s0-t34",
      "begin" : 159,
      "end" : 165,
      "text" : "hereby",
      "whiteSpace" : false
    }, {
      "id" : "s0-t35",
      "begin" : 166,
      "end" : 178,
      "text" : "acknowledged",
      "whiteSpace" : false
    }, {
      "id" : "s0-t36",
      "begin" : 178,
      "end" : 179,
      "text" : ",",
      "whiteSpace" : false
    }, {
      "id" : "s0-t37",
      "begin" : 180,
      "end" : 187,
      "text" : "BUFFALO",
      "whiteSpace" : false
    }, {
      "id" : "s0-t38",
      "begin" : 188,
      "end" : 194,
      "text" : "VALLEY",
      "whiteSpace" : false
    }, {
      "id" : "s0-t39",
      "begin" : 195,
      "end" : 204,
      "text" : "RESOURCES",
      "whiteSpace" : false
    }, {
      "id" : "s0-t40",
      "begin" : 204,
      "end" : 205,
      "text" : ",",
      "whiteSpace" : false
    }, {
      "id" : "s0-t41",
      "begin" : 206,
      "end" : 210,
      "text" : "INC.",
      "whiteSpace" : false
    }, {
      "id" : "s0-t42",
      "begin" : 210,
      "end" : 211,
      "text" : ",",
      "whiteSpace" : false
    }, {
      "id" : "s0-t43",
      "begin" : 212,
      "end" : 216,
      "text" : "this",
      "whiteSpace" : false
    }, {
      "id" : "s0-t44",
      "begin" : 217,
      "end" : 221,
      "text" : "date",
      "whiteSpace" : false
    }, {
      "id" : "s0-t45",
      "begin" : 222,
      "end" : 225,
      "text" : "has",
      "whiteSpace" : false
    }, {
      "id" : "s0-t46",
      "begin" : 226,
      "end" : 235,
      "text" : "bargained",
      "whiteSpace" : false
    }, {
      "id" : "s0-t47",
      "begin" : 236,
      "end" : 239,
      "text" : "and",
      "whiteSpace" : false
    }, {
      "id" : "s0-t48",
      "begin" : 240,
      "end" : 244,
      "text" : "sold",
      "whiteSpace" : false
    }, {
      "id" : "s0-t49",
      "begin" : 244,
      "end" : 245,
      "text" : ",",
      "whiteSpace" : false
    }, {
      "id" : "s0-t50",
      "begin" : 246,
      "end" : 249,
      "text" : "and",
      "whiteSpace" : false
    }, {
      "id" : "s0-t51",
      "begin" : 250,
      "end" : 252,
      "text" : "by",
      "whiteSpace" : false
    }, {
      "id" : "s0-t52",
      "begin" : 253,
      "end" : 258,
      "text" : "these",
      "whiteSpace" : false
    }, {
      "id" : "s0-t53",
      "begin" : 259,
      "end" : 267,
      "text" : "presents",
      "whiteSpace" : false
    }, {
      "id" : "s0-t54",
      "begin" : 268,
      "end" : 272,
      "text" : "does",
      "whiteSpace" : false
    }, {
      "id" : "s0-t55",
      "begin" : 273,
      "end" : 281,
      "text" : "transfer",
      "whiteSpace" : false
    }, {
      "id" : "s0-t56",
      "begin" : 282,
      "end" : 285,
      "text" : "and",
      "whiteSpace" : false
    }, {
      "id" : "s0-t57",
      "begin" : 286,
      "end" : 292,
      "text" : "convey",
      "whiteSpace" : false
    }, {
      "id" : "s0-t58",
      "begin" : 293,
      "end" : 297,
      "text" : "unto",
      "whiteSpace" : false
    }, {
      "id" : "s0-t59",
      "begin" : 298,
      "end" : 305,
      "text" : "HERBERT",
      "whiteSpace" : false
    }, {
      "id" : "s0-t60",
      "begin" : 306,
      "end" : 312,
      "text" : "DWIGHT",
      "whiteSpace" : false
    }, {
      "id" : "s0-t61",
      "begin" : 313,
      "end" : 319,
      "text" : "AUSTIN",
      "whiteSpace" : false
    }, {
      "id" : "s0-t62",
      "begin" : 319,
      "end" : 320,
      "text" : ",",
      "whiteSpace" : false
    }, {
      "id" : "s0-t63",
      "begin" : 321,
      "end" : 324,
      "text" : "his",
      "whiteSpace" : false
    }, {
      "id" : "s0-t64",
      "begin" : 325,
      "end" : 330,
      "text" : "heirs",
      "whiteSpace" : false
    }, {
      "id" : "s0-t65",
      "begin" : 331,
      "end" : 334,
      "text" : "and",
      "whiteSpace" : false
    }, {
      "id" : "s0-t66",
      "begin" : 335,
      "end" : 342,
      "text" : "assigns",
      "whiteSpace" : false
    }, {
      "id" : "s0-t67",
      "begin" : 342,
      "end" : 343,
      "text" : ",",
      "whiteSpace" : false
    }, {
      "id" : "s0-t68",
      "begin" : 344,
      "end" : 345,
      "text" : "a",
      "whiteSpace" : false
    }, {
      "id" : "s0-t69",
      "begin" : 346,
      "end" : 353,
      "text" : "certain",
      "whiteSpace" : false
    }, {
      "id" : "s0-t70",
      "begin" : 354,
      "end" : 359,
      "text" : "tract",
      "whiteSpace" : false
    }, {
      "id" : "s0-t71",
      "begin" : 360,
      "end" : 362,
      "text" : "or",
      "whiteSpace" : false
    }, {
      "id" : "s0-t72",
      "begin" : 363,
      "end" : 369,
      "text" : "parcel",
      "whiteSpace" : false
    }, {
      "id" : "s0-t73",
      "begin" : 370,
      "end" : 372,
      "text" : "of",
      "whiteSpace" : false
    }, {
      "id" : "s0-t74",
      "begin" : 373,
      "end" : 377,
      "text" : "land",
      "whiteSpace" : false
    }, {
      "id" : "s0-t75",
      "begin" : 378,
      "end" : 380,
      "text" : "in",
      "whiteSpace" : false
    }, {
      "id" : "s0-t76",
      "begin" : 381,
      "end" : 384,
      "text" : "the",
      "whiteSpace" : false
    }, {
      "id" : "s0-t77",
      "begin" : 385,
      "end" : 390,
      "text" : "Fifth",
      "whiteSpace" : false
    }, {
      "id" : "s0-t78",
      "begin" : 391,
      "end" : 396,
      "text" : "Civil",
      "whiteSpace" : false
    }, {
      "id" : "s0-t79",
      "begin" : 397,
      "end" : 405,
      "text" : "District",
      "whiteSpace" : false
    }, {
      "id" : "s0-t80",
      "begin" : 406,
      "end" : 408,
      "text" : "of",
      "whiteSpace" : false
    }, {
      "id" : "s0-t81",
      "begin" : 409,
      "end" : 418,
      "text" : "Humphreys",
      "whiteSpace" : false
    }, {
      "id" : "s0-t82",
      "begin" : 419,
      "end" : 425,
      "text" : "County",
      "whiteSpace" : false
    }, {
      "id" : "s0-t83",
      "begin" : 425,
      "end" : 426,
      "text" : ",",
      "whiteSpace" : false
    }, {
      "id" : "s0-t84",
      "begin" : 427,
      "end" : 436,
      "text" : "Tennessee",
      "whiteSpace" : false
    }, {
      "id" : "s0-t85",
      "begin" : 436,
      "end" : 437,
      "text" : ",",
      "whiteSpace" : false
    }, {
      "id" : "s0-t86",
      "begin" : 438,
      "end" : 441,
      "text" : "and",
      "whiteSpace" : false
    }, {
      "id" : "s0-t87",
      "begin" : 442,
      "end" : 447,
      "text" : "being",
      "whiteSpace" : false
    }, {
      "id" : "s0-t88",
      "begin" : 448,
      "end" : 452,
      "text" : "more",
      "whiteSpace" : false
    }, {
      "id" : "s0-t89",
      "begin" : 453,
      "end" : 465,
      "text" : "particularly",
      "whiteSpace" : false
    }, {
      "id" : "s0-t90",
      "begin" : 466,
      "end" : 475,
      "text" : "described",
      "whiteSpace" : false
    }, {
      "id" : "s0-t91",
      "begin" : 476,
      "end" : 478,
      "text" : "as",
      "whiteSpace" : false
    }, {
      "id" : "s0-t92",
      "begin" : 479,
      "end" : 486,
      "text" : "follows",
      "whiteSpace" : false
    } ]
  } ],
  "mentions" : [ {
    "id" : "s0-m2",
    "properties" : {
      "SIRE_MENTION_ROLE" : "Grantor",
      "SIRE_ENTITY_SUBTYPE" : "NONE",
      "SIRE_MENTION_TYPE" : "NONE",
      "SIRE_MENTION_CLASS" : "SPC"
    },
    "type" : "Grantor",
    "begin" : 180,
    "end" : 210,
    "inCoref" : false
  }, {
    "id" : "s0-m1",
    "properties" : {
      "SIRE_MENTION_ROLE" : "Grantee",
      "SIRE_ENTITY_SUBTYPE" : "NONE",
      "SIRE_MENTION_TYPE" : "NONE",
      "SIRE_MENTION_CLASS" : "SPC"
    },
    "type" : "Grantee",
    "begin" : 298,
    "end" : 319,
    "inCoref" : false
  } ],
  "relations" : [ ],
  "corefs" : [ ],
  "typeResolved" : true,
  "userResolved" : false
}