{
  "id" : "fac73870-5685-11e9-8538-e5e57d696462-11",
  "name" : "WD1-20_3.txt",
  "createdDate" : 0,
  "version" : 3,
  "text" : "FOR AND IN CONSIDERATION of the sum of EIGHTY SEVEN THOUSAND NINE HUNDRED AND 00/100 ($87,900.00) DOLLARS, cash in hand paid by LINDA P. PRICE, married, receipt of which is hereby acknowledged, I, BILLY JOE WARREN, married, have bargained and sold, and by these presents do transfer and convey unto the said LINDA P. PRICE, married, her heirs and assigns, a certain tract or parcel of land as follows: Lying and being in the Third Civil District of Humphreys County, Tennessee and adjacent to US. Route No. 70 Highway west of the William Peeler Road and being more particularly described as follows",
  "docLength" : 0,
  "language" : "EN",
  "status" : "SUBMITTED",
  "modifiedDate" : 1554347800209,
  "documentSet" : [ ],
  "preannotation" : [ ],
  "sentences" : [ {
    "id" : "s0",
    "begin" : 0,
    "end" : 496,
    "text" : "FOR AND IN CONSIDERATION of the sum of EIGHTY SEVEN THOUSAND NINE HUNDRED AND 00/100 ($87,900.00) DOLLARS, cash in hand paid by LINDA P. PRICE, married, receipt of which is hereby acknowledged, I, BILLY JOE WARREN, married, have bargained and sold, and by these presents do transfer and convey unto the said LINDA P. PRICE, married, her heirs and assigns, a certain tract or parcel of land as follows: Lying and being in the Third Civil District of Humphreys County, Tennessee and adjacent to US.",
    "tokens" : [ {
      "id" : "s0-t0",
      "begin" : 0,
      "end" : 3,
      "text" : "FOR",
      "whiteSpace" : false
    }, {
      "id" : "s0-t1",
      "begin" : 4,
      "end" : 7,
      "text" : "AND",
      "whiteSpace" : false
    }, {
      "id" : "s0-t2",
      "begin" : 8,
      "end" : 10,
      "text" : "IN",
      "whiteSpace" : false
    }, {
      "id" : "s0-t3",
      "begin" : 11,
      "end" : 24,
      "text" : "CONSIDERATION",
      "whiteSpace" : false
    }, {
      "id" : "s0-t4",
      "begin" : 25,
      "end" : 27,
      "text" : "of",
      "whiteSpace" : false
    }, {
      "id" : "s0-t5",
      "begin" : 28,
      "end" : 31,
      "text" : "the",
      "whiteSpace" : false
    }, {
      "id" : "s0-t6",
      "begin" : 32,
      "end" : 35,
      "text" : "sum",
      "whiteSpace" : false
    }, {
      "id" : "s0-t7",
      "begin" : 36,
      "end" : 38,
      "text" : "of",
      "whiteSpace" : false
    }, {
      "id" : "s0-t8",
      "begin" : 39,
      "end" : 45,
      "text" : "EIGHTY",
      "whiteSpace" : false
    }, {
      "id" : "s0-t9",
      "begin" : 46,
      "end" : 51,
      "text" : "SEVEN",
      "whiteSpace" : false
    }, {
      "id" : "s0-t10",
      "begin" : 52,
      "end" : 60,
      "text" : "THOUSAND",
      "whiteSpace" : false
    }, {
      "id" : "s0-t11",
      "begin" : 61,
      "end" : 65,
      "text" : "NINE",
      "whiteSpace" : false
    }, {
      "id" : "s0-t12",
      "begin" : 66,
      "end" : 73,
      "text" : "HUNDRED",
      "whiteSpace" : false
    }, {
      "id" : "s0-t13",
      "begin" : 74,
      "end" : 77,
      "text" : "AND",
      "whiteSpace" : false
    }, {
      "id" : "s0-t14",
      "begin" : 78,
      "end" : 84,
      "text" : "00/100",
      "whiteSpace" : false
    }, {
      "id" : "s0-t15",
      "begin" : 85,
      "end" : 86,
      "text" : "(",
      "whiteSpace" : false
    }, {
      "id" : "s0-t16",
      "begin" : 86,
      "end" : 87,
      "text" : "$",
      "whiteSpace" : false
    }, {
      "id" : "s0-t17",
      "begin" : 87,
      "end" : 96,
      "text" : "87,900.00",
      "whiteSpace" : false
    }, {
      "id" : "s0-t18",
      "begin" : 96,
      "end" : 97,
      "text" : ")",
      "whiteSpace" : false
    }, {
      "id" : "s0-t19",
      "begin" : 98,
      "end" : 105,
      "text" : "DOLLARS",
      "whiteSpace" : false
    }, {
      "id" : "s0-t20",
      "begin" : 105,
      "end" : 106,
      "text" : ",",
      "whiteSpace" : false
    }, {
      "id" : "s0-t21",
      "begin" : 107,
      "end" : 111,
      "text" : "cash",
      "whiteSpace" : false
    }, {
      "id" : "s0-t22",
      "begin" : 112,
      "end" : 114,
      "text" : "in",
      "whiteSpace" : false
    }, {
      "id" : "s0-t23",
      "begin" : 115,
      "end" : 119,
      "text" : "hand",
      "whiteSpace" : false
    }, {
      "id" : "s0-t24",
      "begin" : 120,
      "end" : 124,
      "text" : "paid",
      "whiteSpace" : false
    }, {
      "id" : "s0-t25",
      "begin" : 125,
      "end" : 127,
      "text" : "by",
      "whiteSpace" : false
    }, {
      "id" : "s0-t26",
      "begin" : 128,
      "end" : 133,
      "text" : "LINDA",
      "whiteSpace" : false
    }, {
      "id" : "s0-t27",
      "begin" : 134,
      "end" : 136,
      "text" : "P.",
      "whiteSpace" : false
    }, {
      "id" : "s0-t28",
      "begin" : 137,
      "end" : 142,
      "text" : "PRICE",
      "whiteSpace" : false
    }, {
      "id" : "s0-t29",
      "begin" : 142,
      "end" : 143,
      "text" : ",",
      "whiteSpace" : false
    }, {
      "id" : "s0-t30",
      "begin" : 144,
      "end" : 151,
      "text" : "married",
      "whiteSpace" : false
    }, {
      "id" : "s0-t31",
      "begin" : 151,
      "end" : 152,
      "text" : ",",
      "whiteSpace" : false
    }, {
      "id" : "s0-t32",
      "begin" : 153,
      "end" : 160,
      "text" : "receipt",
      "whiteSpace" : false
    }, {
      "id" : "s0-t33",
      "begin" : 161,
      "end" : 163,
      "text" : "of",
      "whiteSpace" : false
    }, {
      "id" : "s0-t34",
      "begin" : 164,
      "end" : 169,
      "text" : "which",
      "whiteSpace" : false
    }, {
      "id" : "s0-t35",
      "begin" : 170,
      "end" : 172,
      "text" : "is",
      "whiteSpace" : false
    }, {
      "id" : "s0-t36",
      "begin" : 173,
      "end" : 179,
      "text" : "hereby",
      "whiteSpace" : false
    }, {
      "id" : "s0-t37",
      "begin" : 180,
      "end" : 192,
      "text" : "acknowledged",
      "whiteSpace" : false
    }, {
      "id" : "s0-t38",
      "begin" : 192,
      "end" : 193,
      "text" : ",",
      "whiteSpace" : false
    }, {
      "id" : "s0-t39",
      "begin" : 194,
      "end" : 195,
      "text" : "I",
      "whiteSpace" : false
    }, {
      "id" : "s0-t40",
      "begin" : 195,
      "end" : 196,
      "text" : ",",
      "whiteSpace" : false
    }, {
      "id" : "s0-t41",
      "begin" : 197,
      "end" : 202,
      "text" : "BILLY",
      "whiteSpace" : false
    }, {
      "id" : "s0-t42",
      "begin" : 203,
      "end" : 206,
      "text" : "JOE",
      "whiteSpace" : false
    }, {
      "id" : "s0-t43",
      "begin" : 207,
      "end" : 213,
      "text" : "WARREN",
      "whiteSpace" : false
    }, {
      "id" : "s0-t44",
      "begin" : 213,
      "end" : 214,
      "text" : ",",
      "whiteSpace" : false
    }, {
      "id" : "s0-t45",
      "begin" : 215,
      "end" : 222,
      "text" : "married",
      "whiteSpace" : false
    }, {
      "id" : "s0-t46",
      "begin" : 222,
      "end" : 223,
      "text" : ",",
      "whiteSpace" : false
    }, {
      "id" : "s0-t47",
      "begin" : 224,
      "end" : 228,
      "text" : "have",
      "whiteSpace" : false
    }, {
      "id" : "s0-t48",
      "begin" : 229,
      "end" : 238,
      "text" : "bargained",
      "whiteSpace" : false
    }, {
      "id" : "s0-t49",
      "begin" : 239,
      "end" : 242,
      "text" : "and",
      "whiteSpace" : false
    }, {
      "id" : "s0-t50",
      "begin" : 243,
      "end" : 247,
      "text" : "sold",
      "whiteSpace" : false
    }, {
      "id" : "s0-t51",
      "begin" : 247,
      "end" : 248,
      "text" : ",",
      "whiteSpace" : false
    }, {
      "id" : "s0-t52",
      "begin" : 249,
      "end" : 252,
      "text" : "and",
      "whiteSpace" : false
    }, {
      "id" : "s0-t53",
      "begin" : 253,
      "end" : 255,
      "text" : "by",
      "whiteSpace" : false
    }, {
      "id" : "s0-t54",
      "begin" : 256,
      "end" : 261,
      "text" : "these",
      "whiteSpace" : false
    }, {
      "id" : "s0-t55",
      "begin" : 262,
      "end" : 270,
      "text" : "presents",
      "whiteSpace" : false
    }, {
      "id" : "s0-t56",
      "begin" : 271,
      "end" : 273,
      "text" : "do",
      "whiteSpace" : false
    }, {
      "id" : "s0-t57",
      "begin" : 274,
      "end" : 282,
      "text" : "transfer",
      "whiteSpace" : false
    }, {
      "id" : "s0-t58",
      "begin" : 283,
      "end" : 286,
      "text" : "and",
      "whiteSpace" : false
    }, {
      "id" : "s0-t59",
      "begin" : 287,
      "end" : 293,
      "text" : "convey",
      "whiteSpace" : false
    }, {
      "id" : "s0-t60",
      "begin" : 294,
      "end" : 298,
      "text" : "unto",
      "whiteSpace" : false
    }, {
      "id" : "s0-t61",
      "begin" : 299,
      "end" : 302,
      "text" : "the",
      "whiteSpace" : false
    }, {
      "id" : "s0-t62",
      "begin" : 303,
      "end" : 307,
      "text" : "said",
      "whiteSpace" : false
    }, {
      "id" : "s0-t63",
      "begin" : 308,
      "end" : 313,
      "text" : "LINDA",
      "whiteSpace" : false
    }, {
      "id" : "s0-t64",
      "begin" : 314,
      "end" : 316,
      "text" : "P.",
      "whiteSpace" : false
    }, {
      "id" : "s0-t65",
      "begin" : 317,
      "end" : 322,
      "text" : "PRICE",
      "whiteSpace" : false
    }, {
      "id" : "s0-t66",
      "begin" : 322,
      "end" : 323,
      "text" : ",",
      "whiteSpace" : false
    }, {
      "id" : "s0-t67",
      "begin" : 324,
      "end" : 331,
      "text" : "married",
      "whiteSpace" : false
    }, {
      "id" : "s0-t68",
      "begin" : 331,
      "end" : 332,
      "text" : ",",
      "whiteSpace" : false
    }, {
      "id" : "s0-t69",
      "begin" : 333,
      "end" : 336,
      "text" : "her",
      "whiteSpace" : false
    }, {
      "id" : "s0-t70",
      "begin" : 337,
      "end" : 342,
      "text" : "heirs",
      "whiteSpace" : false
    }, {
      "id" : "s0-t71",
      "begin" : 343,
      "end" : 346,
      "text" : "and",
      "whiteSpace" : false
    }, {
      "id" : "s0-t72",
      "begin" : 347,
      "end" : 354,
      "text" : "assigns",
      "whiteSpace" : false
    }, {
      "id" : "s0-t73",
      "begin" : 354,
      "end" : 355,
      "text" : ",",
      "whiteSpace" : false
    }, {
      "id" : "s0-t74",
      "begin" : 356,
      "end" : 357,
      "text" : "a",
      "whiteSpace" : false
    }, {
      "id" : "s0-t75",
      "begin" : 358,
      "end" : 365,
      "text" : "certain",
      "whiteSpace" : false
    }, {
      "id" : "s0-t76",
      "begin" : 366,
      "end" : 371,
      "text" : "tract",
      "whiteSpace" : false
    }, {
      "id" : "s0-t77",
      "begin" : 372,
      "end" : 374,
      "text" : "or",
      "whiteSpace" : false
    }, {
      "id" : "s0-t78",
      "begin" : 375,
      "end" : 381,
      "text" : "parcel",
      "whiteSpace" : false
    }, {
      "id" : "s0-t79",
      "begin" : 382,
      "end" : 384,
      "text" : "of",
      "whiteSpace" : false
    }, {
      "id" : "s0-t80",
      "begin" : 385,
      "end" : 389,
      "text" : "land",
      "whiteSpace" : false
    }, {
      "id" : "s0-t81",
      "begin" : 390,
      "end" : 392,
      "text" : "as",
      "whiteSpace" : false
    }, {
      "id" : "s0-t82",
      "begin" : 393,
      "end" : 400,
      "text" : "follows",
      "whiteSpace" : false
    }, {
      "id" : "s0-t83",
      "begin" : 400,
      "end" : 401,
      "text" : ":",
      "whiteSpace" : false
    }, {
      "id" : "s0-t84",
      "begin" : 402,
      "end" : 407,
      "text" : "Lying",
      "whiteSpace" : false
    }, {
      "id" : "s0-t85",
      "begin" : 408,
      "end" : 411,
      "text" : "and",
      "whiteSpace" : false
    }, {
      "id" : "s0-t86",
      "begin" : 412,
      "end" : 417,
      "text" : "being",
      "whiteSpace" : false
    }, {
      "id" : "s0-t87",
      "begin" : 418,
      "end" : 420,
      "text" : "in",
      "whiteSpace" : false
    }, {
      "id" : "s0-t88",
      "begin" : 421,
      "end" : 424,
      "text" : "the",
      "whiteSpace" : false
    }, {
      "id" : "s0-t89",
      "begin" : 425,
      "end" : 430,
      "text" : "Third",
      "whiteSpace" : false
    }, {
      "id" : "s0-t90",
      "begin" : 431,
      "end" : 436,
      "text" : "Civil",
      "whiteSpace" : false
    }, {
      "id" : "s0-t91",
      "begin" : 437,
      "end" : 445,
      "text" : "District",
      "whiteSpace" : false
    }, {
      "id" : "s0-t92",
      "begin" : 446,
      "end" : 448,
      "text" : "of",
      "whiteSpace" : false
    }, {
      "id" : "s0-t93",
      "begin" : 449,
      "end" : 458,
      "text" : "Humphreys",
      "whiteSpace" : false
    }, {
      "id" : "s0-t94",
      "begin" : 459,
      "end" : 465,
      "text" : "County",
      "whiteSpace" : false
    }, {
      "id" : "s0-t95",
      "begin" : 465,
      "end" : 466,
      "text" : ",",
      "whiteSpace" : false
    }, {
      "id" : "s0-t96",
      "begin" : 467,
      "end" : 476,
      "text" : "Tennessee",
      "whiteSpace" : false
    }, {
      "id" : "s0-t97",
      "begin" : 477,
      "end" : 480,
      "text" : "and",
      "whiteSpace" : false
    }, {
      "id" : "s0-t98",
      "begin" : 481,
      "end" : 489,
      "text" : "adjacent",
      "whiteSpace" : false
    }, {
      "id" : "s0-t99",
      "begin" : 490,
      "end" : 492,
      "text" : "to",
      "whiteSpace" : false
    }, {
      "id" : "s0-t100",
      "begin" : 493,
      "end" : 495,
      "text" : "US",
      "whiteSpace" : false
    }, {
      "id" : "s0-t101",
      "begin" : 495,
      "end" : 496,
      "text" : ".",
      "whiteSpace" : false
    } ]
  }, {
    "id" : "s1",
    "begin" : 497,
    "end" : 598,
    "text" : "Route No. 70 Highway west of the William Peeler Road and being more particularly described as follows",
    "tokens" : [ {
      "id" : "s1-t0",
      "begin" : 497,
      "end" : 502,
      "text" : "Route",
      "whiteSpace" : false
    }, {
      "id" : "s1-t1",
      "begin" : 503,
      "end" : 506,
      "text" : "No.",
      "whiteSpace" : false
    }, {
      "id" : "s1-t2",
      "begin" : 507,
      "end" : 509,
      "text" : "70",
      "whiteSpace" : false
    }, {
      "id" : "s1-t3",
      "begin" : 510,
      "end" : 517,
      "text" : "Highway",
      "whiteSpace" : false
    }, {
      "id" : "s1-t4",
      "begin" : 518,
      "end" : 522,
      "text" : "west",
      "whiteSpace" : false
    }, {
      "id" : "s1-t5",
      "begin" : 523,
      "end" : 525,
      "text" : "of",
      "whiteSpace" : false
    }, {
      "id" : "s1-t6",
      "begin" : 526,
      "end" : 529,
      "text" : "the",
      "whiteSpace" : false
    }, {
      "id" : "s1-t7",
      "begin" : 530,
      "end" : 537,
      "text" : "William",
      "whiteSpace" : false
    }, {
      "id" : "s1-t8",
      "begin" : 538,
      "end" : 544,
      "text" : "Peeler",
      "whiteSpace" : false
    }, {
      "id" : "s1-t9",
      "begin" : 545,
      "end" : 549,
      "text" : "Road",
      "whiteSpace" : false
    }, {
      "id" : "s1-t10",
      "begin" : 550,
      "end" : 553,
      "text" : "and",
      "whiteSpace" : false
    }, {
      "id" : "s1-t11",
      "begin" : 554,
      "end" : 559,
      "text" : "being",
      "whiteSpace" : false
    }, {
      "id" : "s1-t12",
      "begin" : 560,
      "end" : 564,
      "text" : "more",
      "whiteSpace" : false
    }, {
      "id" : "s1-t13",
      "begin" : 565,
      "end" : 577,
      "text" : "particularly",
      "whiteSpace" : false
    }, {
      "id" : "s1-t14",
      "begin" : 578,
      "end" : 587,
      "text" : "described",
      "whiteSpace" : false
    }, {
      "id" : "s1-t15",
      "begin" : 588,
      "end" : 590,
      "text" : "as",
      "whiteSpace" : false
    }, {
      "id" : "s1-t16",
      "begin" : 591,
      "end" : 598,
      "text" : "follows",
      "whiteSpace" : false
    } ]
  } ],
  "mentions" : [ {
    "id" : "s0-m3",
    "properties" : {
      "SIRE_MENTION_ROLE" : "Grantee",
      "SIRE_ENTITY_SUBTYPE" : "NONE",
      "SIRE_MENTION_TYPE" : "NONE",
      "SIRE_MENTION_CLASS" : "SPC"
    },
    "type" : "Grantee",
    "begin" : 128,
    "end" : 142,
    "inCoref" : false
  }, {
    "id" : "s0-m2",
    "properties" : {
      "SIRE_MENTION_ROLE" : "Grantor",
      "SIRE_ENTITY_SUBTYPE" : "NONE",
      "SIRE_MENTION_TYPE" : "NONE",
      "SIRE_MENTION_CLASS" : "SPC"
    },
    "type" : "Grantor",
    "begin" : 197,
    "end" : 213,
    "inCoref" : false
  }, {
    "id" : "s0-m1",
    "properties" : {
      "SIRE_MENTION_ROLE" : "Grantee",
      "SIRE_ENTITY_SUBTYPE" : "NONE",
      "SIRE_MENTION_TYPE" : "NONE",
      "SIRE_MENTION_CLASS" : "SPC"
    },
    "type" : "Grantee",
    "begin" : 308,
    "end" : 322,
    "inCoref" : false
  } ],
  "relations" : [ ],
  "corefs" : [ ],
  "typeResolved" : true,
  "userResolved" : false
}