{
  "id" : "fac73870-5685-11e9-8538-e5e57d696462-3",
  "name" : "WD1-18_4.txt",
  "createdDate" : 0,
  "version" : 3,
  "text" : "FOR AND IN CONSIDERATION of the sum of ONE HUNDRED FORTY THREE THOUSAND AND 00/100 ($143,000.00) DOLLARS, cash in hand paid by GARRETT S. JENKINS , unmarried and WHITNEY A. PARISH, unmarried, as joint tenants with common law rights of survivorship, receipt of which is hereby acknowledged, we, JOHN W. GUNN and wife, RACHEL J. GUNN, have bargained and sold, and by these presents transfer and convey unto the said GARRETT S. JENKINS , unmarried and WHITNEY A. PARISH, unmarried, asjoint tenants with common law rights of survivorship, their heirs and assigns, a certain tract or parcel of land as follows: This being",
  "docLength" : 0,
  "language" : "EN",
  "status" : "SUBMITTED",
  "modifiedDate" : 1554347946173,
  "documentSet" : [ ],
  "preannotation" : [ ],
  "sentences" : [ {
    "id" : "s0",
    "begin" : 0,
    "end" : 616,
    "text" : "FOR AND IN CONSIDERATION of the sum of ONE HUNDRED FORTY THREE THOUSAND AND 00/100 ($143,000.00) DOLLARS, cash in hand paid by GARRETT S. JENKINS , unmarried and WHITNEY A. PARISH, unmarried, as joint tenants with common law rights of survivorship, receipt of which is hereby acknowledged, we, JOHN W. GUNN and wife, RACHEL J. GUNN, have bargained and sold, and by these presents transfer and convey unto the said GARRETT S. JENKINS , unmarried and WHITNEY A. PARISH, unmarried, asjoint tenants with common law rights of survivorship, their heirs and assigns, a certain tract or parcel of land as follows: This being",
    "tokens" : [ {
      "id" : "s0-t0",
      "begin" : 0,
      "end" : 3,
      "text" : "FOR",
      "whiteSpace" : false
    }, {
      "id" : "s0-t1",
      "begin" : 4,
      "end" : 7,
      "text" : "AND",
      "whiteSpace" : false
    }, {
      "id" : "s0-t2",
      "begin" : 8,
      "end" : 10,
      "text" : "IN",
      "whiteSpace" : false
    }, {
      "id" : "s0-t3",
      "begin" : 11,
      "end" : 24,
      "text" : "CONSIDERATION",
      "whiteSpace" : false
    }, {
      "id" : "s0-t4",
      "begin" : 25,
      "end" : 27,
      "text" : "of",
      "whiteSpace" : false
    }, {
      "id" : "s0-t5",
      "begin" : 28,
      "end" : 31,
      "text" : "the",
      "whiteSpace" : false
    }, {
      "id" : "s0-t6",
      "begin" : 32,
      "end" : 35,
      "text" : "sum",
      "whiteSpace" : false
    }, {
      "id" : "s0-t7",
      "begin" : 36,
      "end" : 38,
      "text" : "of",
      "whiteSpace" : false
    }, {
      "id" : "s0-t8",
      "begin" : 39,
      "end" : 42,
      "text" : "ONE",
      "whiteSpace" : false
    }, {
      "id" : "s0-t9",
      "begin" : 43,
      "end" : 50,
      "text" : "HUNDRED",
      "whiteSpace" : false
    }, {
      "id" : "s0-t10",
      "begin" : 51,
      "end" : 56,
      "text" : "FORTY",
      "whiteSpace" : false
    }, {
      "id" : "s0-t11",
      "begin" : 57,
      "end" : 62,
      "text" : "THREE",
      "whiteSpace" : false
    }, {
      "id" : "s0-t12",
      "begin" : 63,
      "end" : 71,
      "text" : "THOUSAND",
      "whiteSpace" : false
    }, {
      "id" : "s0-t13",
      "begin" : 72,
      "end" : 75,
      "text" : "AND",
      "whiteSpace" : false
    }, {
      "id" : "s0-t14",
      "begin" : 76,
      "end" : 82,
      "text" : "00/100",
      "whiteSpace" : false
    }, {
      "id" : "s0-t15",
      "begin" : 83,
      "end" : 84,
      "text" : "(",
      "whiteSpace" : false
    }, {
      "id" : "s0-t16",
      "begin" : 84,
      "end" : 85,
      "text" : "$",
      "whiteSpace" : false
    }, {
      "id" : "s0-t17",
      "begin" : 85,
      "end" : 95,
      "text" : "143,000.00",
      "whiteSpace" : false
    }, {
      "id" : "s0-t18",
      "begin" : 95,
      "end" : 96,
      "text" : ")",
      "whiteSpace" : false
    }, {
      "id" : "s0-t19",
      "begin" : 97,
      "end" : 104,
      "text" : "DOLLARS",
      "whiteSpace" : false
    }, {
      "id" : "s0-t20",
      "begin" : 104,
      "end" : 105,
      "text" : ",",
      "whiteSpace" : false
    }, {
      "id" : "s0-t21",
      "begin" : 106,
      "end" : 110,
      "text" : "cash",
      "whiteSpace" : false
    }, {
      "id" : "s0-t22",
      "begin" : 111,
      "end" : 113,
      "text" : "in",
      "whiteSpace" : false
    }, {
      "id" : "s0-t23",
      "begin" : 114,
      "end" : 118,
      "text" : "hand",
      "whiteSpace" : false
    }, {
      "id" : "s0-t24",
      "begin" : 119,
      "end" : 123,
      "text" : "paid",
      "whiteSpace" : false
    }, {
      "id" : "s0-t25",
      "begin" : 124,
      "end" : 126,
      "text" : "by",
      "whiteSpace" : false
    }, {
      "id" : "s0-t26",
      "begin" : 127,
      "end" : 134,
      "text" : "GARRETT",
      "whiteSpace" : false
    }, {
      "id" : "s0-t27",
      "begin" : 135,
      "end" : 137,
      "text" : "S.",
      "whiteSpace" : false
    }, {
      "id" : "s0-t28",
      "begin" : 138,
      "end" : 145,
      "text" : "JENKINS",
      "whiteSpace" : false
    }, {
      "id" : "s0-t29",
      "begin" : 146,
      "end" : 147,
      "text" : ",",
      "whiteSpace" : false
    }, {
      "id" : "s0-t30",
      "begin" : 148,
      "end" : 157,
      "text" : "unmarried",
      "whiteSpace" : false
    }, {
      "id" : "s0-t31",
      "begin" : 158,
      "end" : 161,
      "text" : "and",
      "whiteSpace" : false
    }, {
      "id" : "s0-t32",
      "begin" : 162,
      "end" : 169,
      "text" : "WHITNEY",
      "whiteSpace" : false
    }, {
      "id" : "s0-t33",
      "begin" : 170,
      "end" : 172,
      "text" : "A.",
      "whiteSpace" : false
    }, {
      "id" : "s0-t34",
      "begin" : 173,
      "end" : 179,
      "text" : "PARISH",
      "whiteSpace" : false
    }, {
      "id" : "s0-t35",
      "begin" : 179,
      "end" : 180,
      "text" : ",",
      "whiteSpace" : false
    }, {
      "id" : "s0-t36",
      "begin" : 181,
      "end" : 190,
      "text" : "unmarried",
      "whiteSpace" : false
    }, {
      "id" : "s0-t37",
      "begin" : 190,
      "end" : 191,
      "text" : ",",
      "whiteSpace" : false
    }, {
      "id" : "s0-t38",
      "begin" : 192,
      "end" : 194,
      "text" : "as",
      "whiteSpace" : false
    }, {
      "id" : "s0-t39",
      "begin" : 195,
      "end" : 200,
      "text" : "joint",
      "whiteSpace" : false
    }, {
      "id" : "s0-t40",
      "begin" : 201,
      "end" : 208,
      "text" : "tenants",
      "whiteSpace" : false
    }, {
      "id" : "s0-t41",
      "begin" : 209,
      "end" : 213,
      "text" : "with",
      "whiteSpace" : false
    }, {
      "id" : "s0-t42",
      "begin" : 214,
      "end" : 220,
      "text" : "common",
      "whiteSpace" : false
    }, {
      "id" : "s0-t43",
      "begin" : 221,
      "end" : 224,
      "text" : "law",
      "whiteSpace" : false
    }, {
      "id" : "s0-t44",
      "begin" : 225,
      "end" : 231,
      "text" : "rights",
      "whiteSpace" : false
    }, {
      "id" : "s0-t45",
      "begin" : 232,
      "end" : 234,
      "text" : "of",
      "whiteSpace" : false
    }, {
      "id" : "s0-t46",
      "begin" : 235,
      "end" : 247,
      "text" : "survivorship",
      "whiteSpace" : false
    }, {
      "id" : "s0-t47",
      "begin" : 247,
      "end" : 248,
      "text" : ",",
      "whiteSpace" : false
    }, {
      "id" : "s0-t48",
      "begin" : 249,
      "end" : 256,
      "text" : "receipt",
      "whiteSpace" : false
    }, {
      "id" : "s0-t49",
      "begin" : 257,
      "end" : 259,
      "text" : "of",
      "whiteSpace" : false
    }, {
      "id" : "s0-t50",
      "begin" : 260,
      "end" : 265,
      "text" : "which",
      "whiteSpace" : false
    }, {
      "id" : "s0-t51",
      "begin" : 266,
      "end" : 268,
      "text" : "is",
      "whiteSpace" : false
    }, {
      "id" : "s0-t52",
      "begin" : 269,
      "end" : 275,
      "text" : "hereby",
      "whiteSpace" : false
    }, {
      "id" : "s0-t53",
      "begin" : 276,
      "end" : 288,
      "text" : "acknowledged",
      "whiteSpace" : false
    }, {
      "id" : "s0-t54",
      "begin" : 288,
      "end" : 289,
      "text" : ",",
      "whiteSpace" : false
    }, {
      "id" : "s0-t55",
      "begin" : 290,
      "end" : 292,
      "text" : "we",
      "whiteSpace" : false
    }, {
      "id" : "s0-t56",
      "begin" : 292,
      "end" : 293,
      "text" : ",",
      "whiteSpace" : false
    }, {
      "id" : "s0-t57",
      "begin" : 294,
      "end" : 298,
      "text" : "JOHN",
      "whiteSpace" : false
    }, {
      "id" : "s0-t58",
      "begin" : 299,
      "end" : 301,
      "text" : "W.",
      "whiteSpace" : false
    }, {
      "id" : "s0-t59",
      "begin" : 302,
      "end" : 306,
      "text" : "GUNN",
      "whiteSpace" : false
    }, {
      "id" : "s0-t60",
      "begin" : 307,
      "end" : 310,
      "text" : "and",
      "whiteSpace" : false
    }, {
      "id" : "s0-t61",
      "begin" : 311,
      "end" : 315,
      "text" : "wife",
      "whiteSpace" : false
    }, {
      "id" : "s0-t62",
      "begin" : 315,
      "end" : 316,
      "text" : ",",
      "whiteSpace" : false
    }, {
      "id" : "s0-t63",
      "begin" : 317,
      "end" : 323,
      "text" : "RACHEL",
      "whiteSpace" : false
    }, {
      "id" : "s0-t64",
      "begin" : 324,
      "end" : 326,
      "text" : "J.",
      "whiteSpace" : false
    }, {
      "id" : "s0-t65",
      "begin" : 327,
      "end" : 331,
      "text" : "GUNN",
      "whiteSpace" : false
    }, {
      "id" : "s0-t66",
      "begin" : 331,
      "end" : 332,
      "text" : ",",
      "whiteSpace" : false
    }, {
      "id" : "s0-t67",
      "begin" : 333,
      "end" : 337,
      "text" : "have",
      "whiteSpace" : false
    }, {
      "id" : "s0-t68",
      "begin" : 338,
      "end" : 347,
      "text" : "bargained",
      "whiteSpace" : false
    }, {
      "id" : "s0-t69",
      "begin" : 348,
      "end" : 351,
      "text" : "and",
      "whiteSpace" : false
    }, {
      "id" : "s0-t70",
      "begin" : 352,
      "end" : 356,
      "text" : "sold",
      "whiteSpace" : false
    }, {
      "id" : "s0-t71",
      "begin" : 356,
      "end" : 357,
      "text" : ",",
      "whiteSpace" : false
    }, {
      "id" : "s0-t72",
      "begin" : 358,
      "end" : 361,
      "text" : "and",
      "whiteSpace" : false
    }, {
      "id" : "s0-t73",
      "begin" : 362,
      "end" : 364,
      "text" : "by",
      "whiteSpace" : false
    }, {
      "id" : "s0-t74",
      "begin" : 365,
      "end" : 370,
      "text" : "these",
      "whiteSpace" : false
    }, {
      "id" : "s0-t75",
      "begin" : 371,
      "end" : 379,
      "text" : "presents",
      "whiteSpace" : false
    }, {
      "id" : "s0-t76",
      "begin" : 380,
      "end" : 388,
      "text" : "transfer",
      "whiteSpace" : false
    }, {
      "id" : "s0-t77",
      "begin" : 389,
      "end" : 392,
      "text" : "and",
      "whiteSpace" : false
    }, {
      "id" : "s0-t78",
      "begin" : 393,
      "end" : 399,
      "text" : "convey",
      "whiteSpace" : false
    }, {
      "id" : "s0-t79",
      "begin" : 400,
      "end" : 404,
      "text" : "unto",
      "whiteSpace" : false
    }, {
      "id" : "s0-t80",
      "begin" : 405,
      "end" : 408,
      "text" : "the",
      "whiteSpace" : false
    }, {
      "id" : "s0-t81",
      "begin" : 409,
      "end" : 413,
      "text" : "said",
      "whiteSpace" : false
    }, {
      "id" : "s0-t82",
      "begin" : 414,
      "end" : 421,
      "text" : "GARRETT",
      "whiteSpace" : false
    }, {
      "id" : "s0-t83",
      "begin" : 422,
      "end" : 424,
      "text" : "S.",
      "whiteSpace" : false
    }, {
      "id" : "s0-t84",
      "begin" : 425,
      "end" : 432,
      "text" : "JENKINS",
      "whiteSpace" : false
    }, {
      "id" : "s0-t85",
      "begin" : 433,
      "end" : 434,
      "text" : ",",
      "whiteSpace" : false
    }, {
      "id" : "s0-t86",
      "begin" : 435,
      "end" : 444,
      "text" : "unmarried",
      "whiteSpace" : false
    }, {
      "id" : "s0-t87",
      "begin" : 445,
      "end" : 448,
      "text" : "and",
      "whiteSpace" : false
    }, {
      "id" : "s0-t88",
      "begin" : 449,
      "end" : 456,
      "text" : "WHITNEY",
      "whiteSpace" : false
    }, {
      "id" : "s0-t89",
      "begin" : 457,
      "end" : 459,
      "text" : "A.",
      "whiteSpace" : false
    }, {
      "id" : "s0-t90",
      "begin" : 460,
      "end" : 466,
      "text" : "PARISH",
      "whiteSpace" : false
    }, {
      "id" : "s0-t91",
      "begin" : 466,
      "end" : 467,
      "text" : ",",
      "whiteSpace" : false
    }, {
      "id" : "s0-t92",
      "begin" : 468,
      "end" : 477,
      "text" : "unmarried",
      "whiteSpace" : false
    }, {
      "id" : "s0-t93",
      "begin" : 477,
      "end" : 478,
      "text" : ",",
      "whiteSpace" : false
    }, {
      "id" : "s0-t94",
      "begin" : 479,
      "end" : 486,
      "text" : "asjoint",
      "whiteSpace" : false
    }, {
      "id" : "s0-t95",
      "begin" : 487,
      "end" : 494,
      "text" : "tenants",
      "whiteSpace" : false
    }, {
      "id" : "s0-t96",
      "begin" : 495,
      "end" : 499,
      "text" : "with",
      "whiteSpace" : false
    }, {
      "id" : "s0-t97",
      "begin" : 500,
      "end" : 506,
      "text" : "common",
      "whiteSpace" : false
    }, {
      "id" : "s0-t98",
      "begin" : 507,
      "end" : 510,
      "text" : "law",
      "whiteSpace" : false
    }, {
      "id" : "s0-t99",
      "begin" : 511,
      "end" : 517,
      "text" : "rights",
      "whiteSpace" : false
    }, {
      "id" : "s0-t100",
      "begin" : 518,
      "end" : 520,
      "text" : "of",
      "whiteSpace" : false
    }, {
      "id" : "s0-t101",
      "begin" : 521,
      "end" : 533,
      "text" : "survivorship",
      "whiteSpace" : false
    }, {
      "id" : "s0-t102",
      "begin" : 533,
      "end" : 534,
      "text" : ",",
      "whiteSpace" : false
    }, {
      "id" : "s0-t103",
      "begin" : 535,
      "end" : 540,
      "text" : "their",
      "whiteSpace" : false
    }, {
      "id" : "s0-t104",
      "begin" : 541,
      "end" : 546,
      "text" : "heirs",
      "whiteSpace" : false
    }, {
      "id" : "s0-t105",
      "begin" : 547,
      "end" : 550,
      "text" : "and",
      "whiteSpace" : false
    }, {
      "id" : "s0-t106",
      "begin" : 551,
      "end" : 558,
      "text" : "assigns",
      "whiteSpace" : false
    }, {
      "id" : "s0-t107",
      "begin" : 558,
      "end" : 559,
      "text" : ",",
      "whiteSpace" : false
    }, {
      "id" : "s0-t108",
      "begin" : 560,
      "end" : 561,
      "text" : "a",
      "whiteSpace" : false
    }, {
      "id" : "s0-t109",
      "begin" : 562,
      "end" : 569,
      "text" : "certain",
      "whiteSpace" : false
    }, {
      "id" : "s0-t110",
      "begin" : 570,
      "end" : 575,
      "text" : "tract",
      "whiteSpace" : false
    }, {
      "id" : "s0-t111",
      "begin" : 576,
      "end" : 578,
      "text" : "or",
      "whiteSpace" : false
    }, {
      "id" : "s0-t112",
      "begin" : 579,
      "end" : 585,
      "text" : "parcel",
      "whiteSpace" : false
    }, {
      "id" : "s0-t113",
      "begin" : 586,
      "end" : 588,
      "text" : "of",
      "whiteSpace" : false
    }, {
      "id" : "s0-t114",
      "begin" : 589,
      "end" : 593,
      "text" : "land",
      "whiteSpace" : false
    }, {
      "id" : "s0-t115",
      "begin" : 594,
      "end" : 596,
      "text" : "as",
      "whiteSpace" : false
    }, {
      "id" : "s0-t116",
      "begin" : 597,
      "end" : 604,
      "text" : "follows",
      "whiteSpace" : false
    }, {
      "id" : "s0-t117",
      "begin" : 604,
      "end" : 605,
      "text" : ":",
      "whiteSpace" : false
    }, {
      "id" : "s0-t118",
      "begin" : 606,
      "end" : 610,
      "text" : "This",
      "whiteSpace" : false
    }, {
      "id" : "s0-t119",
      "begin" : 611,
      "end" : 616,
      "text" : "being",
      "whiteSpace" : false
    } ]
  } ],
  "mentions" : [ {
    "id" : "s0-m1",
    "properties" : {
      "SIRE_MENTION_ROLE" : "Grantee",
      "SIRE_ENTITY_SUBTYPE" : "NONE",
      "SIRE_MENTION_TYPE" : "NONE",
      "SIRE_MENTION_CLASS" : "SPC"
    },
    "type" : "Grantee",
    "begin" : 127,
    "end" : 145,
    "inCoref" : false
  }, {
    "id" : "s0-m2",
    "properties" : {
      "SIRE_MENTION_ROLE" : "Grantee",
      "SIRE_ENTITY_SUBTYPE" : "NONE",
      "SIRE_MENTION_TYPE" : "NONE",
      "SIRE_MENTION_CLASS" : "SPC"
    },
    "type" : "Grantee",
    "begin" : 162,
    "end" : 179,
    "inCoref" : false
  }, {
    "id" : "s0-m3",
    "properties" : {
      "SIRE_MENTION_ROLE" : "Grantor",
      "SIRE_ENTITY_SUBTYPE" : "NONE",
      "SIRE_MENTION_TYPE" : "NONE",
      "SIRE_MENTION_CLASS" : "SPC"
    },
    "type" : "Grantor",
    "begin" : 294,
    "end" : 306,
    "inCoref" : false
  }, {
    "id" : "s0-m4",
    "properties" : {
      "SIRE_MENTION_ROLE" : "Grantor",
      "SIRE_ENTITY_SUBTYPE" : "NONE",
      "SIRE_MENTION_TYPE" : "NONE",
      "SIRE_MENTION_CLASS" : "SPC"
    },
    "type" : "Grantor",
    "begin" : 317,
    "end" : 331,
    "inCoref" : false
  }, {
    "id" : "s0-m6",
    "properties" : {
      "SIRE_MENTION_ROLE" : "Grantee",
      "SIRE_ENTITY_SUBTYPE" : "NONE",
      "SIRE_MENTION_TYPE" : "NONE",
      "SIRE_MENTION_CLASS" : "SPC"
    },
    "type" : "Grantee",
    "begin" : 414,
    "end" : 432,
    "inCoref" : false
  }, {
    "id" : "s0-m5",
    "properties" : {
      "SIRE_MENTION_ROLE" : "Grantee",
      "SIRE_ENTITY_SUBTYPE" : "NONE",
      "SIRE_MENTION_TYPE" : "NONE",
      "SIRE_MENTION_CLASS" : "SPC"
    },
    "type" : "Grantee",
    "begin" : 449,
    "end" : 466,
    "inCoref" : false
  } ],
  "relations" : [ ],
  "corefs" : [ ],
  "typeResolved" : true,
  "userResolved" : false
}